===== 2026-08-26T05:15:25+00:00 =====
0, 58369 MiB, 143771 MiB, 45 %, 34
1, 22263 MiB, 143771 MiB, 45 %, 36
2, 22263 MiB, 143771 MiB, 45 %, 35
3, 22263 MiB, 143771 MiB, 50 %, 35
4, 1 MiB, 143771 MiB, 0 %, 30
5, 1 MiB, 143771 MiB, 0 %, 31
6, 1 MiB, 143771 MiB, 0 %, 32
our_python_processes=0
timestamp	run	phase	state	rc	detail
2026-08-26T05:15:25+00:00	wave_1	scheduler	started	-	3 configurations
2026-08-26T05:15:25+00:00	04_convnet_sapa_dog_bird_b0_02	scheduler	launched	-	pid=290699 wave=1
2026-08-26T05:15:25+00:00	04_convnet_sapa_dog_bird_b0_02	pipeline	started	-	model=ConvNetBN attack=sapa pair=dog-bird budget=0.02 target=70
2026-08-26T05:15:25+00:00	08_resnet20_sapa_dog_bird_b0_01	scheduler	launched	-	pid=290702 wave=1
2026-08-26T05:15:25+00:00	08_resnet20_sapa_dog_bird_b0_01	pipeline	started	-	model=ResNet20BN attack=sapa pair=dog-bird budget=0.01 target=14
2026-08-26T05:15:25+00:00	11_vgg13_sapa_dog_bird_b0_005	scheduler	launched	-	pid=290706 wave=1
2026-08-26T05:15:25+00:00	11_vgg13_sapa_dog_bird_b0_005	pipeline	started	-	model=VGG13BN attack=sapa pair=dog-bird budget=0.005 target=50
2026-08-26T05:15:25+00:00	04_convnet_sapa_dog_bird_b0_02	attack	running	-	generating alpha=0.25 perturbations
2026-08-26T05:15:25+00:00	08_resnet20_sapa_dog_bird_b0_01	attack	running	-	generating alpha=0.25 perturbations
2026-08-26T05:15:25+00:00	11_vgg13_sapa_dog_bird_b0_005	attack	running	-	generating alpha=0.25 perturbations
delta_files=0
defense_rows=0
===== 2026-08-26T05:15:25+00:00 launcher no longer running =====
===== 2026-08-26T05:16:05+00:00 =====
0, 58369 MiB, 143771 MiB, 46 %, 34
1, 29280 MiB, 143771 MiB, 45 %, 35
2, 25592 MiB, 143771 MiB, 44 %, 35
3, 25594 MiB, 143771 MiB, 50 %, 35
4, 1 MiB, 143771 MiB, 0 %, 30
5, 1 MiB, 143771 MiB, 0 %, 31
6, 1 MiB, 143771 MiB, 0 %, 32
our_python_processes=3
timestamp	run	phase	state	rc	detail
2026-08-26T05:15:25+00:00	wave_1	scheduler	started	-	3 configurations
2026-08-26T05:15:25+00:00	04_convnet_sapa_dog_bird_b0_02	scheduler	launched	-	pid=290699 wave=1
2026-08-26T05:15:25+00:00	04_convnet_sapa_dog_bird_b0_02	pipeline	started	-	model=ConvNetBN attack=sapa pair=dog-bird budget=0.02 target=70
2026-08-26T05:15:25+00:00	08_resnet20_sapa_dog_bird_b0_01	scheduler	launched	-	pid=290702 wave=1
2026-08-26T05:15:25+00:00	08_resnet20_sapa_dog_bird_b0_01	pipeline	started	-	model=ResNet20BN attack=sapa pair=dog-bird budget=0.01 target=14
2026-08-26T05:15:25+00:00	11_vgg13_sapa_dog_bird_b0_005	scheduler	launched	-	pid=290706 wave=1
2026-08-26T05:15:25+00:00	11_vgg13_sapa_dog_bird_b0_005	pipeline	started	-	model=VGG13BN attack=sapa pair=dog-bird budget=0.005 target=50
2026-08-26T05:15:25+00:00	04_convnet_sapa_dog_bird_b0_02	attack	running	-	generating alpha=0.25 perturbations
2026-08-26T05:15:25+00:00	08_resnet20_sapa_dog_bird_b0_01	attack	running	-	generating alpha=0.25 perturbations
2026-08-26T05:15:25+00:00	11_vgg13_sapa_dog_bird_b0_005	attack	running	-	generating alpha=0.25 perturbations
delta_files=0
defense_rows=0
===== 2026-08-26T05:21:05+00:00 =====
0, 58369 MiB, 143771 MiB, 52 %, 35
1, 33020 MiB, 143771 MiB, 98 %, 42
2, 29332 MiB, 143771 MiB, 98 %, 43
3, 29332 MiB, 143771 MiB, 98 %, 42
4, 1 MiB, 143771 MiB, 0 %, 30
5, 1 MiB, 143771 MiB, 0 %, 31
6, 1 MiB, 143771 MiB, 0 %, 32
our_python_processes=3
timestamp	run	phase	state	rc	detail
2026-08-26T05:15:25+00:00	wave_1	scheduler	started	-	3 configurations
2026-08-26T05:15:25+00:00	04_convnet_sapa_dog_bird_b0_02	scheduler	launched	-	pid=290699 wave=1
2026-08-26T05:15:25+00:00	04_convnet_sapa_dog_bird_b0_02	pipeline	started	-	model=ConvNetBN attack=sapa pair=dog-bird budget=0.02 target=70
2026-08-26T05:15:25+00:00	08_resnet20_sapa_dog_bird_b0_01	scheduler	launched	-	pid=290702 wave=1
2026-08-26T05:15:25+00:00	08_resnet20_sapa_dog_bird_b0_01	pipeline	started	-	model=ResNet20BN attack=sapa pair=dog-bird budget=0.01 target=14
2026-08-26T05:15:25+00:00	11_vgg13_sapa_dog_bird_b0_005	scheduler	launched	-	pid=290706 wave=1
2026-08-26T05:15:25+00:00	11_vgg13_sapa_dog_bird_b0_005	pipeline	started	-	model=VGG13BN attack=sapa pair=dog-bird budget=0.005 target=50
2026-08-26T05:15:25+00:00	04_convnet_sapa_dog_bird_b0_02	attack	running	-	generating alpha=0.25 perturbations
2026-08-26T05:15:25+00:00	08_resnet20_sapa_dog_bird_b0_01	attack	running	-	generating alpha=0.25 perturbations
2026-08-26T05:15:25+00:00	11_vgg13_sapa_dog_bird_b0_005	attack	running	-	generating alpha=0.25 perturbations
delta_files=0
defense_rows=0
===== 2026-08-26T05:26:06+00:00 =====
0, 58369 MiB, 143771 MiB, 0 %, 32
1, 34314 MiB, 143771 MiB, 98 %, 41
2, 30626 MiB, 143771 MiB, 98 %, 43
3, 30626 MiB, 143771 MiB, 98 %, 42
4, 1 MiB, 143771 MiB, 0 %, 30
5, 1 MiB, 143771 MiB, 0 %, 31
6, 1 MiB, 143771 MiB, 0 %, 32
our_python_processes=3
timestamp	run	phase	state	rc	detail
2026-08-26T05:15:25+00:00	wave_1	scheduler	started	-	3 configurations
2026-08-26T05:15:25+00:00	04_convnet_sapa_dog_bird_b0_02	scheduler	launched	-	pid=290699 wave=1
2026-08-26T05:15:25+00:00	04_convnet_sapa_dog_bird_b0_02	pipeline	started	-	model=ConvNetBN attack=sapa pair=dog-bird budget=0.02 target=70
2026-08-26T05:15:25+00:00	08_resnet20_sapa_dog_bird_b0_01	scheduler	launched	-	pid=290702 wave=1
2026-08-26T05:15:25+00:00	08_resnet20_sapa_dog_bird_b0_01	pipeline	started	-	model=ResNet20BN attack=sapa pair=dog-bird budget=0.01 target=14
2026-08-26T05:15:25+00:00	11_vgg13_sapa_dog_bird_b0_005	scheduler	launched	-	pid=290706 wave=1
2026-08-26T05:15:25+00:00	11_vgg13_sapa_dog_bird_b0_005	pipeline	started	-	model=VGG13BN attack=sapa pair=dog-bird budget=0.005 target=50
2026-08-26T05:15:25+00:00	04_convnet_sapa_dog_bird_b0_02	attack	running	-	generating alpha=0.25 perturbations
2026-08-26T05:15:25+00:00	08_resnet20_sapa_dog_bird_b0_01	attack	running	-	generating alpha=0.25 perturbations
2026-08-26T05:15:25+00:00	11_vgg13_sapa_dog_bird_b0_005	attack	running	-	generating alpha=0.25 perturbations
delta_files=0
defense_rows=0
===== 2026-08-26T05:31:06+00:00 =====
0, 58369 MiB, 143771 MiB, 0 %, 32
1, 34316 MiB, 143771 MiB, 98 %, 41
2, 30628 MiB, 143771 MiB, 98 %, 43
3, 30630 MiB, 143771 MiB, 98 %, 42
4, 1 MiB, 143771 MiB, 0 %, 30
5, 1 MiB, 143771 MiB, 0 %, 31
6, 1 MiB, 143771 MiB, 0 %, 32
our_python_processes=3
timestamp	run	phase	state	rc	detail
2026-08-26T05:15:25+00:00	wave_1	scheduler	started	-	3 configurations
2026-08-26T05:15:25+00:00	04_convnet_sapa_dog_bird_b0_02	scheduler	launched	-	pid=290699 wave=1
2026-08-26T05:15:25+00:00	04_convnet_sapa_dog_bird_b0_02	pipeline	started	-	model=ConvNetBN attack=sapa pair=dog-bird budget=0.02 target=70
2026-08-26T05:15:25+00:00	08_resnet20_sapa_dog_bird_b0_01	scheduler	launched	-	pid=290702 wave=1
2026-08-26T05:15:25+00:00	08_resnet20_sapa_dog_bird_b0_01	pipeline	started	-	model=ResNet20BN attack=sapa pair=dog-bird budget=0.01 target=14
2026-08-26T05:15:25+00:00	11_vgg13_sapa_dog_bird_b0_005	scheduler	launched	-	pid=290706 wave=1
2026-08-26T05:15:25+00:00	11_vgg13_sapa_dog_bird_b0_005	pipeline	started	-	model=VGG13BN attack=sapa pair=dog-bird budget=0.005 target=50
2026-08-26T05:15:25+00:00	04_convnet_sapa_dog_bird_b0_02	attack	running	-	generating alpha=0.25 perturbations
2026-08-26T05:15:25+00:00	08_resnet20_sapa_dog_bird_b0_01	attack	running	-	generating alpha=0.25 perturbations
2026-08-26T05:15:25+00:00	11_vgg13_sapa_dog_bird_b0_005	attack	running	-	generating alpha=0.25 perturbations
delta_files=0
defense_rows=0
===== 2026-08-26T05:36:07+00:00 =====
0, 58369 MiB, 143771 MiB, 88 %, 41
1, 37488 MiB, 143771 MiB, 99 %, 45
2, 33798 MiB, 143771 MiB, 98 %, 44
3, 33798 MiB, 143771 MiB, 99 %, 42
4, 4554 MiB, 143771 MiB, 0 %, 33
5, 4438 MiB, 143771 MiB, 0 %, 34
6, 1 MiB, 143771 MiB, 0 %, 32
our_python_processes=11
timestamp	run	phase	state	rc	detail
2026-08-26T05:15:25+00:00	wave_1	scheduler	started	-	3 configurations
2026-08-26T05:15:25+00:00	04_convnet_sapa_dog_bird_b0_02	scheduler	launched	-	pid=290699 wave=1
2026-08-26T05:15:25+00:00	04_convnet_sapa_dog_bird_b0_02	pipeline	started	-	model=ConvNetBN attack=sapa pair=dog-bird budget=0.02 target=70
2026-08-26T05:15:25+00:00	08_resnet20_sapa_dog_bird_b0_01	scheduler	launched	-	pid=290702 wave=1
2026-08-26T05:15:25+00:00	08_resnet20_sapa_dog_bird_b0_01	pipeline	started	-	model=ResNet20BN attack=sapa pair=dog-bird budget=0.01 target=14
2026-08-26T05:15:25+00:00	11_vgg13_sapa_dog_bird_b0_005	scheduler	launched	-	pid=290706 wave=1
2026-08-26T05:15:25+00:00	11_vgg13_sapa_dog_bird_b0_005	pipeline	started	-	model=VGG13BN attack=sapa pair=dog-bird budget=0.005 target=50
2026-08-26T05:15:25+00:00	04_convnet_sapa_dog_bird_b0_02	attack	running	-	generating alpha=0.25 perturbations
2026-08-26T05:15:25+00:00	08_resnet20_sapa_dog_bird_b0_01	attack	running	-	generating alpha=0.25 perturbations
2026-08-26T05:15:25+00:00	11_vgg13_sapa_dog_bird_b0_005	attack	running	-	generating alpha=0.25 perturbations
delta_files=0
defense_rows=0
===== 2026-08-26T05:41:07+00:00 =====
0, 58369 MiB, 143771 MiB, 51 %, 35
1, 51112 MiB, 143771 MiB, 98 %, 42
2, 47420 MiB, 143771 MiB, 98 %, 43
3, 47420 MiB, 143771 MiB, 98 %, 42
4, 7834 MiB, 143771 MiB, 96 %, 39
5, 7834 MiB, 143771 MiB, 96 %, 40
6, 1 MiB, 143771 MiB, 0 %, 32
our_python_processes=11
timestamp	run	phase	state	rc	detail
2026-08-26T05:15:25+00:00	wave_1	scheduler	started	-	3 configurations
2026-08-26T05:15:25+00:00	04_convnet_sapa_dog_bird_b0_02	scheduler	launched	-	pid=290699 wave=1
2026-08-26T05:15:25+00:00	04_convnet_sapa_dog_bird_b0_02	pipeline	started	-	model=ConvNetBN attack=sapa pair=dog-bird budget=0.02 target=70
2026-08-26T05:15:25+00:00	08_resnet20_sapa_dog_bird_b0_01	scheduler	launched	-	pid=290702 wave=1
2026-08-26T05:15:25+00:00	08_resnet20_sapa_dog_bird_b0_01	pipeline	started	-	model=ResNet20BN attack=sapa pair=dog-bird budget=0.01 target=14
2026-08-26T05:15:25+00:00	11_vgg13_sapa_dog_bird_b0_005	scheduler	launched	-	pid=290706 wave=1
2026-08-26T05:15:25+00:00	11_vgg13_sapa_dog_bird_b0_005	pipeline	started	-	model=VGG13BN attack=sapa pair=dog-bird budget=0.005 target=50
2026-08-26T05:15:25+00:00	04_convnet_sapa_dog_bird_b0_02	attack	running	-	generating alpha=0.25 perturbations
2026-08-26T05:15:25+00:00	08_resnet20_sapa_dog_bird_b0_01	attack	running	-	generating alpha=0.25 perturbations
2026-08-26T05:15:25+00:00	11_vgg13_sapa_dog_bird_b0_005	attack	running	-	generating alpha=0.25 perturbations
delta_files=0
defense_rows=0
===== 2026-08-26T05:46:08+00:00 =====
0, 58369 MiB, 143771 MiB, 0 %, 32
1, 51112 MiB, 143771 MiB, 98 %, 42
2, 47420 MiB, 143771 MiB, 98 %, 44
3, 47420 MiB, 143771 MiB, 98 %, 43
4, 7834 MiB, 143771 MiB, 96 %, 39
5, 7834 MiB, 143771 MiB, 95 %, 39
6, 1 MiB, 143771 MiB, 0 %, 32
our_python_processes=11
timestamp	run	phase	state	rc	detail
2026-08-26T05:15:25+00:00	wave_1	scheduler	started	-	3 configurations
2026-08-26T05:15:25+00:00	04_convnet_sapa_dog_bird_b0_02	scheduler	launched	-	pid=290699 wave=1
2026-08-26T05:15:25+00:00	04_convnet_sapa_dog_bird_b0_02	pipeline	started	-	model=ConvNetBN attack=sapa pair=dog-bird budget=0.02 target=70
2026-08-26T05:15:25+00:00	08_resnet20_sapa_dog_bird_b0_01	scheduler	launched	-	pid=290702 wave=1
2026-08-26T05:15:25+00:00	08_resnet20_sapa_dog_bird_b0_01	pipeline	started	-	model=ResNet20BN attack=sapa pair=dog-bird budget=0.01 target=14
2026-08-26T05:15:25+00:00	11_vgg13_sapa_dog_bird_b0_005	scheduler	launched	-	pid=290706 wave=1
2026-08-26T05:15:25+00:00	11_vgg13_sapa_dog_bird_b0_005	pipeline	started	-	model=VGG13BN attack=sapa pair=dog-bird budget=0.005 target=50
2026-08-26T05:15:25+00:00	04_convnet_sapa_dog_bird_b0_02	attack	running	-	generating alpha=0.25 perturbations
2026-08-26T05:15:25+00:00	08_resnet20_sapa_dog_bird_b0_01	attack	running	-	generating alpha=0.25 perturbations
2026-08-26T05:15:25+00:00	11_vgg13_sapa_dog_bird_b0_005	attack	running	-	generating alpha=0.25 perturbations
delta_files=0
defense_rows=0
===== 2026-08-26T05:51:08+00:00 =====
0, 58369 MiB, 143771 MiB, 0 %, 32
1, 51112 MiB, 143771 MiB, 98 %, 42
2, 47420 MiB, 143771 MiB, 98 %, 44
3, 47420 MiB, 143771 MiB, 98 %, 43
4, 7834 MiB, 143771 MiB, 96 %, 39
5, 7834 MiB, 143771 MiB, 95 %, 40
6, 1 MiB, 143771 MiB, 0 %, 32
our_python_processes=11
timestamp	run	phase	state	rc	detail
2026-08-26T05:15:25+00:00	wave_1	scheduler	started	-	3 configurations
2026-08-26T05:15:25+00:00	04_convnet_sapa_dog_bird_b0_02	scheduler	launched	-	pid=290699 wave=1
2026-08-26T05:15:25+00:00	04_convnet_sapa_dog_bird_b0_02	pipeline	started	-	model=ConvNetBN attack=sapa pair=dog-bird budget=0.02 target=70
2026-08-26T05:15:25+00:00	08_resnet20_sapa_dog_bird_b0_01	scheduler	launched	-	pid=290702 wave=1
2026-08-26T05:15:25+00:00	08_resnet20_sapa_dog_bird_b0_01	pipeline	started	-	model=ResNet20BN attack=sapa pair=dog-bird budget=0.01 target=14
2026-08-26T05:15:25+00:00	11_vgg13_sapa_dog_bird_b0_005	scheduler	launched	-	pid=290706 wave=1
2026-08-26T05:15:25+00:00	11_vgg13_sapa_dog_bird_b0_005	pipeline	started	-	model=VGG13BN attack=sapa pair=dog-bird budget=0.005 target=50
2026-08-26T05:15:25+00:00	04_convnet_sapa_dog_bird_b0_02	attack	running	-	generating alpha=0.25 perturbations
2026-08-26T05:15:25+00:00	08_resnet20_sapa_dog_bird_b0_01	attack	running	-	generating alpha=0.25 perturbations
2026-08-26T05:15:25+00:00	11_vgg13_sapa_dog_bird_b0_005	attack	running	-	generating alpha=0.25 perturbations
delta_files=0
defense_rows=0
===== 2026-08-26T05:56:09+00:00 =====
0, 58369 MiB, 143771 MiB, 44 %, 35
1, 51112 MiB, 143771 MiB, 98 %, 43
2, 44276 MiB, 143771 MiB, 97 %, 43
3, 47420 MiB, 143771 MiB, 98 %, 42
4, 8158 MiB, 143771 MiB, 97 %, 40
5, 8158 MiB, 143771 MiB, 97 %, 41
6, 1 MiB, 143771 MiB, 0 %, 32
our_python_processes=11
timestamp	run	phase	state	rc	detail
2026-08-26T05:15:25+00:00	wave_1	scheduler	started	-	3 configurations
2026-08-26T05:15:25+00:00	04_convnet_sapa_dog_bird_b0_02	scheduler	launched	-	pid=290699 wave=1
2026-08-26T05:15:25+00:00	04_convnet_sapa_dog_bird_b0_02	pipeline	started	-	model=ConvNetBN attack=sapa pair=dog-bird budget=0.02 target=70
2026-08-26T05:15:25+00:00	08_resnet20_sapa_dog_bird_b0_01	scheduler	launched	-	pid=290702 wave=1
2026-08-26T05:15:25+00:00	08_resnet20_sapa_dog_bird_b0_01	pipeline	started	-	model=ResNet20BN attack=sapa pair=dog-bird budget=0.01 target=14
2026-08-26T05:15:25+00:00	11_vgg13_sapa_dog_bird_b0_005	scheduler	launched	-	pid=290706 wave=1
2026-08-26T05:15:25+00:00	11_vgg13_sapa_dog_bird_b0_005	pipeline	started	-	model=VGG13BN attack=sapa pair=dog-bird budget=0.005 target=50
2026-08-26T05:15:25+00:00	04_convnet_sapa_dog_bird_b0_02	attack	running	-	generating alpha=0.25 perturbations
2026-08-26T05:15:25+00:00	08_resnet20_sapa_dog_bird_b0_01	attack	running	-	generating alpha=0.25 perturbations
2026-08-26T05:15:25+00:00	11_vgg13_sapa_dog_bird_b0_005	attack	running	-	generating alpha=0.25 perturbations
delta_files=0
defense_rows=0
===== 2026-08-26T06:01:09+00:00 =====
0, 58369 MiB, 143771 MiB, 43 %, 34
1, 52702 MiB, 143771 MiB, 98 %, 42
2, 48512 MiB, 143771 MiB, 98 %, 42
3, 35070 MiB, 143771 MiB, 98 %, 40
4, 8158 MiB, 143771 MiB, 97 %, 41
5, 8158 MiB, 143771 MiB, 97 %, 42
6, 1 MiB, 143771 MiB, 0 %, 32
our_python_processes=11
timestamp	run	phase	state	rc	detail
2026-08-26T05:15:25+00:00	wave_1	scheduler	started	-	3 configurations
2026-08-26T05:15:25+00:00	04_convnet_sapa_dog_bird_b0_02	scheduler	launched	-	pid=290699 wave=1
2026-08-26T05:15:25+00:00	04_convnet_sapa_dog_bird_b0_02	pipeline	started	-	model=ConvNetBN attack=sapa pair=dog-bird budget=0.02 target=70
2026-08-26T05:15:25+00:00	08_resnet20_sapa_dog_bird_b0_01	scheduler	launched	-	pid=290702 wave=1
2026-08-26T05:15:25+00:00	08_resnet20_sapa_dog_bird_b0_01	pipeline	started	-	model=ResNet20BN attack=sapa pair=dog-bird budget=0.01 target=14
2026-08-26T05:15:25+00:00	11_vgg13_sapa_dog_bird_b0_005	scheduler	launched	-	pid=290706 wave=1
2026-08-26T05:15:25+00:00	11_vgg13_sapa_dog_bird_b0_005	pipeline	started	-	model=VGG13BN attack=sapa pair=dog-bird budget=0.005 target=50
2026-08-26T05:15:25+00:00	04_convnet_sapa_dog_bird_b0_02	attack	running	-	generating alpha=0.25 perturbations
2026-08-26T05:15:25+00:00	08_resnet20_sapa_dog_bird_b0_01	attack	running	-	generating alpha=0.25 perturbations
2026-08-26T05:15:25+00:00	11_vgg13_sapa_dog_bird_b0_005	attack	running	-	generating alpha=0.25 perturbations
delta_files=2
defense_rows=0
===== 2026-08-26T06:06:09+00:00 =====
0, 58369 MiB, 143771 MiB, 0 %, 32
1, 32911 MiB, 143771 MiB, 98 %, 40
2, 48134 MiB, 143771 MiB, 98 %, 43
3, 48634 MiB, 143771 MiB, 98 %, 42
4, 8458 MiB, 143771 MiB, 100 %, 43
5, 8458 MiB, 143771 MiB, 100 %, 43
6, 1 MiB, 143771 MiB, 0 %, 32
our_python_processes=11
timestamp	run	phase	state	rc	detail
2026-08-26T05:15:25+00:00	wave_1	scheduler	started	-	3 configurations
2026-08-26T05:15:25+00:00	04_convnet_sapa_dog_bird_b0_02	scheduler	launched	-	pid=290699 wave=1
2026-08-26T05:15:25+00:00	04_convnet_sapa_dog_bird_b0_02	pipeline	started	-	model=ConvNetBN attack=sapa pair=dog-bird budget=0.02 target=70
2026-08-26T05:15:25+00:00	08_resnet20_sapa_dog_bird_b0_01	scheduler	launched	-	pid=290702 wave=1
2026-08-26T05:15:25+00:00	08_resnet20_sapa_dog_bird_b0_01	pipeline	started	-	model=ResNet20BN attack=sapa pair=dog-bird budget=0.01 target=14
2026-08-26T05:15:25+00:00	11_vgg13_sapa_dog_bird_b0_005	scheduler	launched	-	pid=290706 wave=1
2026-08-26T05:15:25+00:00	11_vgg13_sapa_dog_bird_b0_005	pipeline	started	-	model=VGG13BN attack=sapa pair=dog-bird budget=0.005 target=50
2026-08-26T05:15:25+00:00	04_convnet_sapa_dog_bird_b0_02	attack	running	-	generating alpha=0.25 perturbations
2026-08-26T05:15:25+00:00	08_resnet20_sapa_dog_bird_b0_01	attack	running	-	generating alpha=0.25 perturbations
2026-08-26T05:15:25+00:00	11_vgg13_sapa_dog_bird_b0_005	attack	running	-	generating alpha=0.25 perturbations
delta_files=3
defense_rows=0
===== 2026-08-26T06:11:10+00:00 =====
0, 58369 MiB, 143771 MiB, 0 %, 32
1, 32911 MiB, 143771 MiB, 90 %, 40
2, 48762 MiB, 143771 MiB, 98 %, 43
3, 46412 MiB, 143771 MiB, 100 %, 43
4, 6317 MiB, 143771 MiB, 100 %, 42
5, 4203 MiB, 143771 MiB, 100 %, 42
6, 1 MiB, 143771 MiB, 0 %, 32
our_python_processes=8
timestamp	run	phase	state	rc	detail
2026-08-26T05:15:25+00:00	wave_1	scheduler	started	-	3 configurations
2026-08-26T05:15:25+00:00	04_convnet_sapa_dog_bird_b0_02	scheduler	launched	-	pid=290699 wave=1
2026-08-26T05:15:25+00:00	04_convnet_sapa_dog_bird_b0_02	pipeline	started	-	model=ConvNetBN attack=sapa pair=dog-bird budget=0.02 target=70
2026-08-26T05:15:25+00:00	08_resnet20_sapa_dog_bird_b0_01	scheduler	launched	-	pid=290702 wave=1
2026-08-26T05:15:25+00:00	08_resnet20_sapa_dog_bird_b0_01	pipeline	started	-	model=ResNet20BN attack=sapa pair=dog-bird budget=0.01 target=14
2026-08-26T05:15:25+00:00	11_vgg13_sapa_dog_bird_b0_005	scheduler	launched	-	pid=290706 wave=1
2026-08-26T05:15:25+00:00	11_vgg13_sapa_dog_bird_b0_005	pipeline	started	-	model=VGG13BN attack=sapa pair=dog-bird budget=0.005 target=50
2026-08-26T05:15:25+00:00	04_convnet_sapa_dog_bird_b0_02	attack	running	-	generating alpha=0.25 perturbations
2026-08-26T05:15:25+00:00	08_resnet20_sapa_dog_bird_b0_01	attack	running	-	generating alpha=0.25 perturbations
2026-08-26T05:15:25+00:00	11_vgg13_sapa_dog_bird_b0_005	attack	running	-	generating alpha=0.25 perturbations
delta_files=3
defense_rows=0
===== 2026-08-26T06:16:10+00:00 =====
0, 58369 MiB, 143771 MiB, 44 %, 34
1, 31469 MiB, 143771 MiB, 100 %, 41
2, 47770 MiB, 143771 MiB, 100 %, 43
3, 47642 MiB, 143771 MiB, 100 %, 42
4, 15955 MiB, 143771 MiB, 98 %, 40
5, 11929 MiB, 143771 MiB, 100 %, 41
6, 1 MiB, 143771 MiB, 0 %, 32
our_python_processes=6
timestamp	run	phase	state	rc	detail
2026-08-26T05:15:25+00:00	wave_1	scheduler	started	-	3 configurations
2026-08-26T05:15:25+00:00	04_convnet_sapa_dog_bird_b0_02	scheduler	launched	-	pid=290699 wave=1
2026-08-26T05:15:25+00:00	04_convnet_sapa_dog_bird_b0_02	pipeline	started	-	model=ConvNetBN attack=sapa pair=dog-bird budget=0.02 target=70
2026-08-26T05:15:25+00:00	08_resnet20_sapa_dog_bird_b0_01	scheduler	launched	-	pid=290702 wave=1
2026-08-26T05:15:25+00:00	08_resnet20_sapa_dog_bird_b0_01	pipeline	started	-	model=ResNet20BN attack=sapa pair=dog-bird budget=0.01 target=14
2026-08-26T05:15:25+00:00	11_vgg13_sapa_dog_bird_b0_005	scheduler	launched	-	pid=290706 wave=1
2026-08-26T05:15:25+00:00	11_vgg13_sapa_dog_bird_b0_005	pipeline	started	-	model=VGG13BN attack=sapa pair=dog-bird budget=0.005 target=50
2026-08-26T05:15:25+00:00	04_convnet_sapa_dog_bird_b0_02	attack	running	-	generating alpha=0.25 perturbations
2026-08-26T05:15:25+00:00	08_resnet20_sapa_dog_bird_b0_01	attack	running	-	generating alpha=0.25 perturbations
2026-08-26T05:15:25+00:00	11_vgg13_sapa_dog_bird_b0_005	attack	running	-	generating alpha=0.25 perturbations
delta_files=5
defense_rows=0
===== 2026-08-26T06:21:11+00:00 =====
0, 58369 MiB, 143771 MiB, 49 %, 35
1, 40425 MiB, 143771 MiB, 100 %, 39
2, 56654 MiB, 143771 MiB, 100 %, 43
3, 36654 MiB, 143771 MiB, 100 %, 39
4, 12357 MiB, 143771 MiB, 98 %, 41
5, 8331 MiB, 143771 MiB, 98 %, 42
6, 1 MiB, 143771 MiB, 0 %, 32
our_python_processes=6
timestamp	run	phase	state	rc	detail
2026-08-26T05:15:25+00:00	wave_1	scheduler	started	-	3 configurations
2026-08-26T05:15:25+00:00	04_convnet_sapa_dog_bird_b0_02	scheduler	launched	-	pid=290699 wave=1
2026-08-26T05:15:25+00:00	04_convnet_sapa_dog_bird_b0_02	pipeline	started	-	model=ConvNetBN attack=sapa pair=dog-bird budget=0.02 target=70
2026-08-26T05:15:25+00:00	08_resnet20_sapa_dog_bird_b0_01	scheduler	launched	-	pid=290702 wave=1
2026-08-26T05:15:25+00:00	08_resnet20_sapa_dog_bird_b0_01	pipeline	started	-	model=ResNet20BN attack=sapa pair=dog-bird budget=0.01 target=14
2026-08-26T05:15:25+00:00	11_vgg13_sapa_dog_bird_b0_005	scheduler	launched	-	pid=290706 wave=1
2026-08-26T05:15:25+00:00	11_vgg13_sapa_dog_bird_b0_005	pipeline	started	-	model=VGG13BN attack=sapa pair=dog-bird budget=0.005 target=50
2026-08-26T05:15:25+00:00	04_convnet_sapa_dog_bird_b0_02	attack	running	-	generating alpha=0.25 perturbations
2026-08-26T05:15:25+00:00	08_resnet20_sapa_dog_bird_b0_01	attack	running	-	generating alpha=0.25 perturbations
2026-08-26T05:15:25+00:00	11_vgg13_sapa_dog_bird_b0_005	attack	running	-	generating alpha=0.25 perturbations
delta_files=7
defense_rows=0
===== 2026-08-26T06:26:11+00:00 =====
0, 58369 MiB, 143771 MiB, 0 %, 32
1, 40425 MiB, 143771 MiB, 100 %, 39
2, 52292 MiB, 143771 MiB, 100 %, 40
3, 36654 MiB, 143771 MiB, 100 %, 38
4, 12747 MiB, 143771 MiB, 98 %, 41
5, 6845 MiB, 143771 MiB, 98 %, 41
6, 1 MiB, 143771 MiB, 0 %, 32
our_python_processes=6
timestamp	run	phase	state	rc	detail
2026-08-26T05:15:25+00:00	wave_1	scheduler	started	-	3 configurations
2026-08-26T05:15:25+00:00	04_convnet_sapa_dog_bird_b0_02	scheduler	launched	-	pid=290699 wave=1
2026-08-26T05:15:25+00:00	04_convnet_sapa_dog_bird_b0_02	pipeline	started	-	model=ConvNetBN attack=sapa pair=dog-bird budget=0.02 target=70
2026-08-26T05:15:25+00:00	08_resnet20_sapa_dog_bird_b0_01	scheduler	launched	-	pid=290702 wave=1
2026-08-26T05:15:25+00:00	08_resnet20_sapa_dog_bird_b0_01	pipeline	started	-	model=ResNet20BN attack=sapa pair=dog-bird budget=0.01 target=14
2026-08-26T05:15:25+00:00	11_vgg13_sapa_dog_bird_b0_005	scheduler	launched	-	pid=290706 wave=1
2026-08-26T05:15:25+00:00	11_vgg13_sapa_dog_bird_b0_005	pipeline	started	-	model=VGG13BN attack=sapa pair=dog-bird budget=0.005 target=50
2026-08-26T05:15:25+00:00	04_convnet_sapa_dog_bird_b0_02	attack	running	-	generating alpha=0.25 perturbations
2026-08-26T05:15:25+00:00	08_resnet20_sapa_dog_bird_b0_01	attack	running	-	generating alpha=0.25 perturbations
2026-08-26T05:15:25+00:00	11_vgg13_sapa_dog_bird_b0_005	attack	running	-	generating alpha=0.25 perturbations
delta_files=8
defense_rows=0
===== 2026-08-26T06:31:11+00:00 =====
0, 58369 MiB, 143771 MiB, 43 %, 34
1, 42183 MiB, 143771 MiB, 100 %, 39
2, 32377 MiB, 143771 MiB, 100 %, 38
3, 36654 MiB, 143771 MiB, 100 %, 39
4, 10873 MiB, 143771 MiB, 98 %, 41
5, 6845 MiB, 143771 MiB, 98 %, 42
6, 1 MiB, 143771 MiB, 0 %, 32
our_python_processes=6
2026-08-26T05:15:25+00:00	wave_1	scheduler	started	-	3 configurations
2026-08-26T05:15:25+00:00	04_convnet_sapa_dog_bird_b0_02	scheduler	launched	-	pid=290699 wave=1
2026-08-26T05:15:25+00:00	04_convnet_sapa_dog_bird_b0_02	pipeline	started	-	model=ConvNetBN attack=sapa pair=dog-bird budget=0.02 target=70
2026-08-26T05:15:25+00:00	08_resnet20_sapa_dog_bird_b0_01	scheduler	launched	-	pid=290702 wave=1
2026-08-26T05:15:25+00:00	08_resnet20_sapa_dog_bird_b0_01	pipeline	started	-	model=ResNet20BN attack=sapa pair=dog-bird budget=0.01 target=14
2026-08-26T05:15:25+00:00	11_vgg13_sapa_dog_bird_b0_005	scheduler	launched	-	pid=290706 wave=1
2026-08-26T05:15:25+00:00	11_vgg13_sapa_dog_bird_b0_005	pipeline	started	-	model=VGG13BN attack=sapa pair=dog-bird budget=0.005 target=50
2026-08-26T05:15:25+00:00	04_convnet_sapa_dog_bird_b0_02	attack	running	-	generating alpha=0.25 perturbations
2026-08-26T05:15:25+00:00	08_resnet20_sapa_dog_bird_b0_01	attack	running	-	generating alpha=0.25 perturbations
2026-08-26T05:15:25+00:00	11_vgg13_sapa_dog_bird_b0_005	attack	running	-	generating alpha=0.25 perturbations
2026-08-26T06:27:45+00:00	04_convnet_sapa_dog_bird_b0_02	attack	complete	0	5 delta files
2026-08-26T06:27:45+00:00	04_convnet_sapa_dog_bird_b0_02	defense	running	-	epic friends
delta_files=10
defense_rows=0
===== 2026-08-26T06:36:12+00:00 =====
0, 58369 MiB, 143771 MiB, 45 %, 34
1, 39259 MiB, 143771 MiB, 99 %, 38
2, 32377 MiB, 143771 MiB, 100 %, 37
3, 32377 MiB, 143771 MiB, 100 %, 36
4, 2825 MiB, 143771 MiB, 35 %, 36
5, 2042 MiB, 143771 MiB, 33 %, 36
6, 1 MiB, 143771 MiB, 0 %, 32
our_python_processes=4
2026-08-26T05:15:25+00:00	04_convnet_sapa_dog_bird_b0_02	pipeline	started	-	model=ConvNetBN attack=sapa pair=dog-bird budget=0.02 target=70
2026-08-26T05:15:25+00:00	08_resnet20_sapa_dog_bird_b0_01	scheduler	launched	-	pid=290702 wave=1
2026-08-26T05:15:25+00:00	08_resnet20_sapa_dog_bird_b0_01	pipeline	started	-	model=ResNet20BN attack=sapa pair=dog-bird budget=0.01 target=14
2026-08-26T05:15:25+00:00	11_vgg13_sapa_dog_bird_b0_005	scheduler	launched	-	pid=290706 wave=1
2026-08-26T05:15:25+00:00	11_vgg13_sapa_dog_bird_b0_005	pipeline	started	-	model=VGG13BN attack=sapa pair=dog-bird budget=0.005 target=50
2026-08-26T05:15:25+00:00	04_convnet_sapa_dog_bird_b0_02	attack	running	-	generating alpha=0.25 perturbations
2026-08-26T05:15:25+00:00	08_resnet20_sapa_dog_bird_b0_01	attack	running	-	generating alpha=0.25 perturbations
2026-08-26T05:15:25+00:00	11_vgg13_sapa_dog_bird_b0_005	attack	running	-	generating alpha=0.25 perturbations
2026-08-26T06:27:45+00:00	04_convnet_sapa_dog_bird_b0_02	attack	complete	0	5 delta files
2026-08-26T06:27:45+00:00	04_convnet_sapa_dog_bird_b0_02	defense	running	-	epic friends
2026-08-26T06:34:04+00:00	11_vgg13_sapa_dog_bird_b0_005	attack	complete	0	5 delta files
2026-08-26T06:34:04+00:00	11_vgg13_sapa_dog_bird_b0_005	defense	running	-	epic friends
delta_files=10
defense_rows=0
===== 2026-08-26T06:41:12+00:00 =====
0, 58369 MiB, 143771 MiB, 0 %, 32
1, 39259 MiB, 143771 MiB, 100 %, 36
2, 32377 MiB, 143771 MiB, 97 %, 38
3, 32377 MiB, 143771 MiB, 100 %, 36
4, 4363 MiB, 143771 MiB, 38 %, 35
5, 3580 MiB, 143771 MiB, 33 %, 35
6, 1 MiB, 143771 MiB, 0 %, 32
our_python_processes=4
2026-08-26T05:15:25+00:00	04_convnet_sapa_dog_bird_b0_02	pipeline	started	-	model=ConvNetBN attack=sapa pair=dog-bird budget=0.02 target=70
2026-08-26T05:15:25+00:00	08_resnet20_sapa_dog_bird_b0_01	scheduler	launched	-	pid=290702 wave=1
2026-08-26T05:15:25+00:00	08_resnet20_sapa_dog_bird_b0_01	pipeline	started	-	model=ResNet20BN attack=sapa pair=dog-bird budget=0.01 target=14
2026-08-26T05:15:25+00:00	11_vgg13_sapa_dog_bird_b0_005	scheduler	launched	-	pid=290706 wave=1
2026-08-26T05:15:25+00:00	11_vgg13_sapa_dog_bird_b0_005	pipeline	started	-	model=VGG13BN attack=sapa pair=dog-bird budget=0.005 target=50
2026-08-26T05:15:25+00:00	04_convnet_sapa_dog_bird_b0_02	attack	running	-	generating alpha=0.25 perturbations
2026-08-26T05:15:25+00:00	08_resnet20_sapa_dog_bird_b0_01	attack	running	-	generating alpha=0.25 perturbations
2026-08-26T05:15:25+00:00	11_vgg13_sapa_dog_bird_b0_005	attack	running	-	generating alpha=0.25 perturbations
2026-08-26T06:27:45+00:00	04_convnet_sapa_dog_bird_b0_02	attack	complete	0	5 delta files
2026-08-26T06:27:45+00:00	04_convnet_sapa_dog_bird_b0_02	defense	running	-	epic friends
2026-08-26T06:34:04+00:00	11_vgg13_sapa_dog_bird_b0_005	attack	complete	0	5 delta files
2026-08-26T06:34:04+00:00	11_vgg13_sapa_dog_bird_b0_005	defense	running	-	epic friends
delta_files=10
defense_rows=0
===== 2026-08-26T06:46:13+00:00 =====
0, 58369 MiB, 143771 MiB, 43 %, 34
1, 39259 MiB, 143771 MiB, 100 %, 37
2, 32377 MiB, 143771 MiB, 100 %, 37
3, 32377 MiB, 143771 MiB, 100 %, 36
4, 21318 MiB, 143771 MiB, 99 %, 41
5, 17050 MiB, 143771 MiB, 97 %, 41
6, 1 MiB, 143771 MiB, 0 %, 32
our_python_processes=7
2026-08-26T05:15:25+00:00	04_convnet_sapa_dog_bird_b0_02	pipeline	started	-	model=ConvNetBN attack=sapa pair=dog-bird budget=0.02 target=70
2026-08-26T05:15:25+00:00	08_resnet20_sapa_dog_bird_b0_01	scheduler	launched	-	pid=290702 wave=1
2026-08-26T05:15:25+00:00	08_resnet20_sapa_dog_bird_b0_01	pipeline	started	-	model=ResNet20BN attack=sapa pair=dog-bird budget=0.01 target=14
2026-08-26T05:15:25+00:00	11_vgg13_sapa_dog_bird_b0_005	scheduler	launched	-	pid=290706 wave=1
2026-08-26T05:15:25+00:00	11_vgg13_sapa_dog_bird_b0_005	pipeline	started	-	model=VGG13BN attack=sapa pair=dog-bird budget=0.005 target=50
2026-08-26T05:15:25+00:00	04_convnet_sapa_dog_bird_b0_02	attack	running	-	generating alpha=0.25 perturbations
2026-08-26T05:15:25+00:00	08_resnet20_sapa_dog_bird_b0_01	attack	running	-	generating alpha=0.25 perturbations
2026-08-26T05:15:25+00:00	11_vgg13_sapa_dog_bird_b0_005	attack	running	-	generating alpha=0.25 perturbations
2026-08-26T06:27:45+00:00	04_convnet_sapa_dog_bird_b0_02	attack	complete	0	5 delta files
2026-08-26T06:27:45+00:00	04_convnet_sapa_dog_bird_b0_02	defense	running	-	epic friends
2026-08-26T06:34:04+00:00	11_vgg13_sapa_dog_bird_b0_005	attack	complete	0	5 delta files
2026-08-26T06:34:04+00:00	11_vgg13_sapa_dog_bird_b0_005	defense	running	-	epic friends
delta_files=10
defense_rows=0
===== 2026-08-26T06:51:13+00:00 =====
0, 58369 MiB, 143771 MiB, 44 %, 34
1, 39259 MiB, 143771 MiB, 100 %, 37
2, 32377 MiB, 143771 MiB, 100 %, 37
3, 32381 MiB, 143771 MiB, 35 %, 35
4, 16398 MiB, 143771 MiB, 98 %, 41
5, 12120 MiB, 143771 MiB, 97 %, 41
6, 1 MiB, 143771 MiB, 0 %, 32
our_python_processes=7
2026-08-26T05:15:25+00:00	04_convnet_sapa_dog_bird_b0_02	pipeline	started	-	model=ConvNetBN attack=sapa pair=dog-bird budget=0.02 target=70
2026-08-26T05:15:25+00:00	08_resnet20_sapa_dog_bird_b0_01	scheduler	launched	-	pid=290702 wave=1
2026-08-26T05:15:25+00:00	08_resnet20_sapa_dog_bird_b0_01	pipeline	started	-	model=ResNet20BN attack=sapa pair=dog-bird budget=0.01 target=14
2026-08-26T05:15:25+00:00	11_vgg13_sapa_dog_bird_b0_005	scheduler	launched	-	pid=290706 wave=1
2026-08-26T05:15:25+00:00	11_vgg13_sapa_dog_bird_b0_005	pipeline	started	-	model=VGG13BN attack=sapa pair=dog-bird budget=0.005 target=50
2026-08-26T05:15:25+00:00	04_convnet_sapa_dog_bird_b0_02	attack	running	-	generating alpha=0.25 perturbations
2026-08-26T05:15:25+00:00	08_resnet20_sapa_dog_bird_b0_01	attack	running	-	generating alpha=0.25 perturbations
2026-08-26T05:15:25+00:00	11_vgg13_sapa_dog_bird_b0_005	attack	running	-	generating alpha=0.25 perturbations
2026-08-26T06:27:45+00:00	04_convnet_sapa_dog_bird_b0_02	attack	complete	0	5 delta files
2026-08-26T06:27:45+00:00	04_convnet_sapa_dog_bird_b0_02	defense	running	-	epic friends
2026-08-26T06:34:04+00:00	11_vgg13_sapa_dog_bird_b0_005	attack	complete	0	5 delta files
2026-08-26T06:34:04+00:00	11_vgg13_sapa_dog_bird_b0_005	defense	running	-	epic friends
delta_files=11
defense_rows=0
===== 2026-08-26T06:56:13+00:00 =====
0, 58369 MiB, 143771 MiB, 43 %, 34
1, 39261 MiB, 143771 MiB, 100 %, 37
2, 32381 MiB, 143771 MiB, 100 %, 39
3, 32389 MiB, 143771 MiB, 100 %, 36
4, 14844 MiB, 143771 MiB, 99 %, 41
5, 10566 MiB, 143771 MiB, 97 %, 41
6, 1 MiB, 143771 MiB, 0 %, 32
our_python_processes=7
2026-08-26T05:15:25+00:00	04_convnet_sapa_dog_bird_b0_02	pipeline	started	-	model=ConvNetBN attack=sapa pair=dog-bird budget=0.02 target=70
2026-08-26T05:15:25+00:00	08_resnet20_sapa_dog_bird_b0_01	scheduler	launched	-	pid=290702 wave=1
2026-08-26T05:15:25+00:00	08_resnet20_sapa_dog_bird_b0_01	pipeline	started	-	model=ResNet20BN attack=sapa pair=dog-bird budget=0.01 target=14
2026-08-26T05:15:25+00:00	11_vgg13_sapa_dog_bird_b0_005	scheduler	launched	-	pid=290706 wave=1
2026-08-26T05:15:25+00:00	11_vgg13_sapa_dog_bird_b0_005	pipeline	started	-	model=VGG13BN attack=sapa pair=dog-bird budget=0.005 target=50
2026-08-26T05:15:25+00:00	04_convnet_sapa_dog_bird_b0_02	attack	running	-	generating alpha=0.25 perturbations
2026-08-26T05:15:25+00:00	08_resnet20_sapa_dog_bird_b0_01	attack	running	-	generating alpha=0.25 perturbations
2026-08-26T05:15:25+00:00	11_vgg13_sapa_dog_bird_b0_005	attack	running	-	generating alpha=0.25 perturbations
2026-08-26T06:27:45+00:00	04_convnet_sapa_dog_bird_b0_02	attack	complete	0	5 delta files
2026-08-26T06:27:45+00:00	04_convnet_sapa_dog_bird_b0_02	defense	running	-	epic friends
2026-08-26T06:34:04+00:00	11_vgg13_sapa_dog_bird_b0_005	attack	complete	0	5 delta files
2026-08-26T06:34:04+00:00	11_vgg13_sapa_dog_bird_b0_005	defense	running	-	epic friends
delta_files=12
defense_rows=0
===== 2026-08-26T07:01:14+00:00 =====
0, 58369 MiB, 143771 MiB, 44 %, 34
1, 39265 MiB, 143771 MiB, 99 %, 39
2, 32389 MiB, 143771 MiB, 100 %, 37
3, 32389 MiB, 143771 MiB, 100 %, 36
4, 14844 MiB, 143771 MiB, 99 %, 41
5, 10566 MiB, 143771 MiB, 97 %, 41
6, 1 MiB, 143771 MiB, 0 %, 32
our_python_processes=7
2026-08-26T05:15:25+00:00	04_convnet_sapa_dog_bird_b0_02	pipeline	started	-	model=ConvNetBN attack=sapa pair=dog-bird budget=0.02 target=70
2026-08-26T05:15:25+00:00	08_resnet20_sapa_dog_bird_b0_01	scheduler	launched	-	pid=290702 wave=1
2026-08-26T05:15:25+00:00	08_resnet20_sapa_dog_bird_b0_01	pipeline	started	-	model=ResNet20BN attack=sapa pair=dog-bird budget=0.01 target=14
2026-08-26T05:15:25+00:00	11_vgg13_sapa_dog_bird_b0_005	scheduler	launched	-	pid=290706 wave=1
2026-08-26T05:15:25+00:00	11_vgg13_sapa_dog_bird_b0_005	pipeline	started	-	model=VGG13BN attack=sapa pair=dog-bird budget=0.005 target=50
2026-08-26T05:15:25+00:00	04_convnet_sapa_dog_bird_b0_02	attack	running	-	generating alpha=0.25 perturbations
2026-08-26T05:15:25+00:00	08_resnet20_sapa_dog_bird_b0_01	attack	running	-	generating alpha=0.25 perturbations
2026-08-26T05:15:25+00:00	11_vgg13_sapa_dog_bird_b0_005	attack	running	-	generating alpha=0.25 perturbations
2026-08-26T06:27:45+00:00	04_convnet_sapa_dog_bird_b0_02	attack	complete	0	5 delta files
2026-08-26T06:27:45+00:00	04_convnet_sapa_dog_bird_b0_02	defense	running	-	epic friends
2026-08-26T06:34:04+00:00	11_vgg13_sapa_dog_bird_b0_005	attack	complete	0	5 delta files
2026-08-26T06:34:04+00:00	11_vgg13_sapa_dog_bird_b0_005	defense	running	-	epic friends
delta_files=13
defense_rows=0
===== 2026-08-26T07:06:14+00:00 =====
0, 58369 MiB, 143771 MiB, 49 %, 35
1, 29166 MiB, 143771 MiB, 99 %, 37
2, 32389 MiB, 143771 MiB, 100 %, 42
3, 32389 MiB, 143771 MiB, 100 %, 37
4, 17440 MiB, 143771 MiB, 99 %, 41
5, 13126 MiB, 143771 MiB, 97 %, 42
6, 1 MiB, 143771 MiB, 0 %, 32
our_python_processes=7
2026-08-26T05:15:25+00:00	04_convnet_sapa_dog_bird_b0_02	pipeline	started	-	model=ConvNetBN attack=sapa pair=dog-bird budget=0.02 target=70
2026-08-26T05:15:25+00:00	08_resnet20_sapa_dog_bird_b0_01	scheduler	launched	-	pid=290702 wave=1
2026-08-26T05:15:25+00:00	08_resnet20_sapa_dog_bird_b0_01	pipeline	started	-	model=ResNet20BN attack=sapa pair=dog-bird budget=0.01 target=14
2026-08-26T05:15:25+00:00	11_vgg13_sapa_dog_bird_b0_005	scheduler	launched	-	pid=290706 wave=1
2026-08-26T05:15:25+00:00	11_vgg13_sapa_dog_bird_b0_005	pipeline	started	-	model=VGG13BN attack=sapa pair=dog-bird budget=0.005 target=50
2026-08-26T05:15:25+00:00	04_convnet_sapa_dog_bird_b0_02	attack	running	-	generating alpha=0.25 perturbations
2026-08-26T05:15:25+00:00	08_resnet20_sapa_dog_bird_b0_01	attack	running	-	generating alpha=0.25 perturbations
2026-08-26T05:15:25+00:00	11_vgg13_sapa_dog_bird_b0_005	attack	running	-	generating alpha=0.25 perturbations
2026-08-26T06:27:45+00:00	04_convnet_sapa_dog_bird_b0_02	attack	complete	0	5 delta files
2026-08-26T06:27:45+00:00	04_convnet_sapa_dog_bird_b0_02	defense	running	-	epic friends
2026-08-26T06:34:04+00:00	11_vgg13_sapa_dog_bird_b0_005	attack	complete	0	5 delta files
2026-08-26T06:34:04+00:00	11_vgg13_sapa_dog_bird_b0_005	defense	running	-	epic friends
delta_files=13
defense_rows=0
===== 2026-08-26T07:11:15+00:00 =====
0, 58369 MiB, 143771 MiB, 44 %, 34
1, 29166 MiB, 143771 MiB, 99 %, 36
2, 32389 MiB, 143771 MiB, 100 %, 37
3, 32389 MiB, 143771 MiB, 100 %, 36
4, 21446 MiB, 143771 MiB, 99 %, 41
5, 15594 MiB, 143771 MiB, 97 %, 41
6, 1 MiB, 143771 MiB, 0 %, 32
our_python_processes=7
2026-08-26T05:15:25+00:00	04_convnet_sapa_dog_bird_b0_02	pipeline	started	-	model=ConvNetBN attack=sapa pair=dog-bird budget=0.02 target=70
2026-08-26T05:15:25+00:00	08_resnet20_sapa_dog_bird_b0_01	scheduler	launched	-	pid=290702 wave=1
2026-08-26T05:15:25+00:00	08_resnet20_sapa_dog_bird_b0_01	pipeline	started	-	model=ResNet20BN attack=sapa pair=dog-bird budget=0.01 target=14
2026-08-26T05:15:25+00:00	11_vgg13_sapa_dog_bird_b0_005	scheduler	launched	-	pid=290706 wave=1
2026-08-26T05:15:25+00:00	11_vgg13_sapa_dog_bird_b0_005	pipeline	started	-	model=VGG13BN attack=sapa pair=dog-bird budget=0.005 target=50
2026-08-26T05:15:25+00:00	04_convnet_sapa_dog_bird_b0_02	attack	running	-	generating alpha=0.25 perturbations
2026-08-26T05:15:25+00:00	08_resnet20_sapa_dog_bird_b0_01	attack	running	-	generating alpha=0.25 perturbations
2026-08-26T05:15:25+00:00	11_vgg13_sapa_dog_bird_b0_005	attack	running	-	generating alpha=0.25 perturbations
2026-08-26T06:27:45+00:00	04_convnet_sapa_dog_bird_b0_02	attack	complete	0	5 delta files
2026-08-26T06:27:45+00:00	04_convnet_sapa_dog_bird_b0_02	defense	running	-	epic friends
2026-08-26T06:34:04+00:00	11_vgg13_sapa_dog_bird_b0_005	attack	complete	0	5 delta files
2026-08-26T06:34:04+00:00	11_vgg13_sapa_dog_bird_b0_005	defense	running	-	epic friends
delta_files=13
defense_rows=0
===== 2026-08-26T07:16:15+00:00 =====
0, 58369 MiB, 143771 MiB, 48 %, 35
1, 29168 MiB, 143771 MiB, 99 %, 37
2, 32389 MiB, 143771 MiB, 100 %, 38
3, 32389 MiB, 143771 MiB, 100 %, 36
4, 17960 MiB, 143771 MiB, 99 %, 41
5, 12180 MiB, 143771 MiB, 98 %, 42
6, 1 MiB, 143771 MiB, 0 %, 32
our_python_processes=7
2026-08-26T05:15:25+00:00	04_convnet_sapa_dog_bird_b0_02	pipeline	started	-	model=ConvNetBN attack=sapa pair=dog-bird budget=0.02 target=70
2026-08-26T05:15:25+00:00	08_resnet20_sapa_dog_bird_b0_01	scheduler	launched	-	pid=290702 wave=1
2026-08-26T05:15:25+00:00	08_resnet20_sapa_dog_bird_b0_01	pipeline	started	-	model=ResNet20BN attack=sapa pair=dog-bird budget=0.01 target=14
2026-08-26T05:15:25+00:00	11_vgg13_sapa_dog_bird_b0_005	scheduler	launched	-	pid=290706 wave=1
2026-08-26T05:15:25+00:00	11_vgg13_sapa_dog_bird_b0_005	pipeline	started	-	model=VGG13BN attack=sapa pair=dog-bird budget=0.005 target=50
2026-08-26T05:15:25+00:00	04_convnet_sapa_dog_bird_b0_02	attack	running	-	generating alpha=0.25 perturbations
2026-08-26T05:15:25+00:00	08_resnet20_sapa_dog_bird_b0_01	attack	running	-	generating alpha=0.25 perturbations
2026-08-26T05:15:25+00:00	11_vgg13_sapa_dog_bird_b0_005	attack	running	-	generating alpha=0.25 perturbations
2026-08-26T06:27:45+00:00	04_convnet_sapa_dog_bird_b0_02	attack	complete	0	5 delta files
2026-08-26T06:27:45+00:00	04_convnet_sapa_dog_bird_b0_02	defense	running	-	epic friends
2026-08-26T06:34:04+00:00	11_vgg13_sapa_dog_bird_b0_005	attack	complete	0	5 delta files
2026-08-26T06:34:04+00:00	11_vgg13_sapa_dog_bird_b0_005	defense	running	-	epic friends
delta_files=13
defense_rows=0
===== 2026-08-26T07:21:15+00:00 =====
0, 58369 MiB, 143771 MiB, 49 %, 35
1, 29168 MiB, 143771 MiB, 99 %, 37
2, 32389 MiB, 143771 MiB, 100 %, 37
3, 32391 MiB, 143771 MiB, 34 %, 35
4, 14830 MiB, 143771 MiB, 99 %, 41
5, 12180 MiB, 143771 MiB, 97 %, 41
6, 1 MiB, 143771 MiB, 0 %, 32
our_python_processes=7
2026-08-26T05:15:25+00:00	04_convnet_sapa_dog_bird_b0_02	pipeline	started	-	model=ConvNetBN attack=sapa pair=dog-bird budget=0.02 target=70
2026-08-26T05:15:25+00:00	08_resnet20_sapa_dog_bird_b0_01	scheduler	launched	-	pid=290702 wave=1
2026-08-26T05:15:25+00:00	08_resnet20_sapa_dog_bird_b0_01	pipeline	started	-	model=ResNet20BN attack=sapa pair=dog-bird budget=0.01 target=14
2026-08-26T05:15:25+00:00	11_vgg13_sapa_dog_bird_b0_005	scheduler	launched	-	pid=290706 wave=1
2026-08-26T05:15:25+00:00	11_vgg13_sapa_dog_bird_b0_005	pipeline	started	-	model=VGG13BN attack=sapa pair=dog-bird budget=0.005 target=50
2026-08-26T05:15:25+00:00	04_convnet_sapa_dog_bird_b0_02	attack	running	-	generating alpha=0.25 perturbations
2026-08-26T05:15:25+00:00	08_resnet20_sapa_dog_bird_b0_01	attack	running	-	generating alpha=0.25 perturbations
2026-08-26T05:15:25+00:00	11_vgg13_sapa_dog_bird_b0_005	attack	running	-	generating alpha=0.25 perturbations
2026-08-26T06:27:45+00:00	04_convnet_sapa_dog_bird_b0_02	attack	complete	0	5 delta files
2026-08-26T06:27:45+00:00	04_convnet_sapa_dog_bird_b0_02	defense	running	-	epic friends
2026-08-26T06:34:04+00:00	11_vgg13_sapa_dog_bird_b0_005	attack	complete	0	5 delta files
2026-08-26T06:34:04+00:00	11_vgg13_sapa_dog_bird_b0_005	defense	running	-	epic friends
delta_files=14
defense_rows=0
===== 2026-08-26T07:26:16+00:00 =====
0, 58369 MiB, 143771 MiB, 48 %, 35
1, 29170 MiB, 143771 MiB, 99 %, 37
2, 32389 MiB, 143771 MiB, 98 %, 38
3, 22263 MiB, 143771 MiB, 50 %, 35
4, 16146 MiB, 143771 MiB, 100 %, 41
5, 8551 MiB, 143771 MiB, 98 %, 42
6, 1 MiB, 143771 MiB, 0 %, 32
our_python_processes=9
2026-08-26T05:15:25+00:00	04_convnet_sapa_dog_bird_b0_02	pipeline	started	-	model=ConvNetBN attack=sapa pair=dog-bird budget=0.02 target=70
2026-08-26T05:15:25+00:00	08_resnet20_sapa_dog_bird_b0_01	scheduler	launched	-	pid=290702 wave=1
2026-08-26T05:15:25+00:00	08_resnet20_sapa_dog_bird_b0_01	pipeline	started	-	model=ResNet20BN attack=sapa pair=dog-bird budget=0.01 target=14
2026-08-26T05:15:25+00:00	11_vgg13_sapa_dog_bird_b0_005	scheduler	launched	-	pid=290706 wave=1
2026-08-26T05:15:25+00:00	11_vgg13_sapa_dog_bird_b0_005	pipeline	started	-	model=VGG13BN attack=sapa pair=dog-bird budget=0.005 target=50
2026-08-26T05:15:25+00:00	04_convnet_sapa_dog_bird_b0_02	attack	running	-	generating alpha=0.25 perturbations
2026-08-26T05:15:25+00:00	08_resnet20_sapa_dog_bird_b0_01	attack	running	-	generating alpha=0.25 perturbations
2026-08-26T05:15:25+00:00	11_vgg13_sapa_dog_bird_b0_005	attack	running	-	generating alpha=0.25 perturbations
2026-08-26T06:27:45+00:00	04_convnet_sapa_dog_bird_b0_02	attack	complete	0	5 delta files
2026-08-26T06:27:45+00:00	04_convnet_sapa_dog_bird_b0_02	defense	running	-	epic friends
2026-08-26T06:34:04+00:00	11_vgg13_sapa_dog_bird_b0_005	attack	complete	0	5 delta files
2026-08-26T06:34:04+00:00	11_vgg13_sapa_dog_bird_b0_005	defense	running	-	epic friends
delta_files=14
defense_rows=0
===== 2026-08-26T07:31:16+00:00 =====
0, 58369 MiB, 143771 MiB, 47 %, 35
1, 29172 MiB, 143771 MiB, 100 %, 39
2, 32389 MiB, 143771 MiB, 100 %, 38
3, 22263 MiB, 143771 MiB, 0 %, 32
4, 22586 MiB, 143771 MiB, 100 %, 41
5, 17014 MiB, 143771 MiB, 98 %, 42
6, 1 MiB, 143771 MiB, 0 %, 32
our_python_processes=7
2026-08-26T05:15:25+00:00	04_convnet_sapa_dog_bird_b0_02	pipeline	started	-	model=ConvNetBN attack=sapa pair=dog-bird budget=0.02 target=70
2026-08-26T05:15:25+00:00	08_resnet20_sapa_dog_bird_b0_01	scheduler	launched	-	pid=290702 wave=1
2026-08-26T05:15:25+00:00	08_resnet20_sapa_dog_bird_b0_01	pipeline	started	-	model=ResNet20BN attack=sapa pair=dog-bird budget=0.01 target=14
2026-08-26T05:15:25+00:00	11_vgg13_sapa_dog_bird_b0_005	scheduler	launched	-	pid=290706 wave=1
2026-08-26T05:15:25+00:00	11_vgg13_sapa_dog_bird_b0_005	pipeline	started	-	model=VGG13BN attack=sapa pair=dog-bird budget=0.005 target=50
2026-08-26T05:15:25+00:00	04_convnet_sapa_dog_bird_b0_02	attack	running	-	generating alpha=0.25 perturbations
2026-08-26T05:15:25+00:00	08_resnet20_sapa_dog_bird_b0_01	attack	running	-	generating alpha=0.25 perturbations
2026-08-26T05:15:25+00:00	11_vgg13_sapa_dog_bird_b0_005	attack	running	-	generating alpha=0.25 perturbations
2026-08-26T06:27:45+00:00	04_convnet_sapa_dog_bird_b0_02	attack	complete	0	5 delta files
2026-08-26T06:27:45+00:00	04_convnet_sapa_dog_bird_b0_02	defense	running	-	epic friends
2026-08-26T06:34:04+00:00	11_vgg13_sapa_dog_bird_b0_005	attack	complete	0	5 delta files
2026-08-26T06:34:04+00:00	11_vgg13_sapa_dog_bird_b0_005	defense	running	-	epic friends
delta_files=14
defense_rows=0
===== 2026-08-26T07:36:17+00:00 =====
0, 58369 MiB, 143771 MiB, 44 %, 34
1, 29174 MiB, 143771 MiB, 99 %, 35
2, 32391 MiB, 143771 MiB, 100 %, 38
3, 22263 MiB, 143771 MiB, 48 %, 34
4, 27150 MiB, 143771 MiB, 100 %, 40
5, 21584 MiB, 143771 MiB, 98 %, 40
6, 1 MiB, 143771 MiB, 0 %, 32
our_python_processes=7
2026-08-26T05:15:25+00:00	04_convnet_sapa_dog_bird_b0_02	pipeline	started	-	model=ConvNetBN attack=sapa pair=dog-bird budget=0.02 target=70
2026-08-26T05:15:25+00:00	08_resnet20_sapa_dog_bird_b0_01	scheduler	launched	-	pid=290702 wave=1
2026-08-26T05:15:25+00:00	08_resnet20_sapa_dog_bird_b0_01	pipeline	started	-	model=ResNet20BN attack=sapa pair=dog-bird budget=0.01 target=14
2026-08-26T05:15:25+00:00	11_vgg13_sapa_dog_bird_b0_005	scheduler	launched	-	pid=290706 wave=1
2026-08-26T05:15:25+00:00	11_vgg13_sapa_dog_bird_b0_005	pipeline	started	-	model=VGG13BN attack=sapa pair=dog-bird budget=0.005 target=50
2026-08-26T05:15:25+00:00	04_convnet_sapa_dog_bird_b0_02	attack	running	-	generating alpha=0.25 perturbations
2026-08-26T05:15:25+00:00	08_resnet20_sapa_dog_bird_b0_01	attack	running	-	generating alpha=0.25 perturbations
2026-08-26T05:15:25+00:00	11_vgg13_sapa_dog_bird_b0_005	attack	running	-	generating alpha=0.25 perturbations
2026-08-26T06:27:45+00:00	04_convnet_sapa_dog_bird_b0_02	attack	complete	0	5 delta files
2026-08-26T06:27:45+00:00	04_convnet_sapa_dog_bird_b0_02	defense	running	-	epic friends
2026-08-26T06:34:04+00:00	11_vgg13_sapa_dog_bird_b0_005	attack	complete	0	5 delta files
2026-08-26T06:34:04+00:00	11_vgg13_sapa_dog_bird_b0_005	defense	running	-	epic friends
delta_files=15
defense_rows=0
===== 2026-08-26T07:41:17+00:00 =====
0, 58369 MiB, 143771 MiB, 44 %, 34
1, 30622 MiB, 143771 MiB, 99 %, 36
2, 22263 MiB, 143771 MiB, 46 %, 35
3, 22263 MiB, 143771 MiB, 0 %, 33
4, 20568 MiB, 143771 MiB, 100 %, 40
5, 13414 MiB, 143771 MiB, 99 %, 40
6, 1 MiB, 143771 MiB, 0 %, 32
our_python_processes=7
2026-08-26T05:15:25+00:00	08_resnet20_sapa_dog_bird_b0_01	pipeline	started	-	model=ResNet20BN attack=sapa pair=dog-bird budget=0.01 target=14
2026-08-26T05:15:25+00:00	11_vgg13_sapa_dog_bird_b0_005	scheduler	launched	-	pid=290706 wave=1
2026-08-26T05:15:25+00:00	11_vgg13_sapa_dog_bird_b0_005	pipeline	started	-	model=VGG13BN attack=sapa pair=dog-bird budget=0.005 target=50
2026-08-26T05:15:25+00:00	04_convnet_sapa_dog_bird_b0_02	attack	running	-	generating alpha=0.25 perturbations
2026-08-26T05:15:25+00:00	08_resnet20_sapa_dog_bird_b0_01	attack	running	-	generating alpha=0.25 perturbations
2026-08-26T05:15:25+00:00	11_vgg13_sapa_dog_bird_b0_005	attack	running	-	generating alpha=0.25 perturbations
2026-08-26T06:27:45+00:00	04_convnet_sapa_dog_bird_b0_02	attack	complete	0	5 delta files
2026-08-26T06:27:45+00:00	04_convnet_sapa_dog_bird_b0_02	defense	running	-	epic friends
2026-08-26T06:34:04+00:00	11_vgg13_sapa_dog_bird_b0_005	attack	complete	0	5 delta files
2026-08-26T06:34:04+00:00	11_vgg13_sapa_dog_bird_b0_005	defense	running	-	epic friends
2026-08-26T07:37:42+00:00	08_resnet20_sapa_dog_bird_b0_01	attack	complete	0	5 delta files
2026-08-26T07:37:42+00:00	08_resnet20_sapa_dog_bird_b0_01	defense	running	-	epic friends
delta_files=15
defense_rows=0
===== 2026-08-26T07:46:17+00:00 =====
0, 58369 MiB, 143771 MiB, 49 %, 35
1, 30622 MiB, 143771 MiB, 99 %, 36
2, 22263 MiB, 143771 MiB, 49 %, 36
3, 22263 MiB, 143771 MiB, 48 %, 35
4, 24650 MiB, 143771 MiB, 100 %, 40
5, 17496 MiB, 143771 MiB, 98 %, 40
6, 1 MiB, 143771 MiB, 0 %, 32
our_python_processes=7
2026-08-26T05:15:25+00:00	08_resnet20_sapa_dog_bird_b0_01	pipeline	started	-	model=ResNet20BN attack=sapa pair=dog-bird budget=0.01 target=14
2026-08-26T05:15:25+00:00	11_vgg13_sapa_dog_bird_b0_005	scheduler	launched	-	pid=290706 wave=1
2026-08-26T05:15:25+00:00	11_vgg13_sapa_dog_bird_b0_005	pipeline	started	-	model=VGG13BN attack=sapa pair=dog-bird budget=0.005 target=50
2026-08-26T05:15:25+00:00	04_convnet_sapa_dog_bird_b0_02	attack	running	-	generating alpha=0.25 perturbations
2026-08-26T05:15:25+00:00	08_resnet20_sapa_dog_bird_b0_01	attack	running	-	generating alpha=0.25 perturbations
2026-08-26T05:15:25+00:00	11_vgg13_sapa_dog_bird_b0_005	attack	running	-	generating alpha=0.25 perturbations
2026-08-26T06:27:45+00:00	04_convnet_sapa_dog_bird_b0_02	attack	complete	0	5 delta files
2026-08-26T06:27:45+00:00	04_convnet_sapa_dog_bird_b0_02	defense	running	-	epic friends
2026-08-26T06:34:04+00:00	11_vgg13_sapa_dog_bird_b0_005	attack	complete	0	5 delta files
2026-08-26T06:34:04+00:00	11_vgg13_sapa_dog_bird_b0_005	defense	running	-	epic friends
2026-08-26T07:37:42+00:00	08_resnet20_sapa_dog_bird_b0_01	attack	complete	0	5 delta files
2026-08-26T07:37:42+00:00	08_resnet20_sapa_dog_bird_b0_01	defense	running	-	epic friends
delta_files=15
defense_rows=0
===== 2026-08-26T07:51:18+00:00 =====
0, 58369 MiB, 143771 MiB, 38 %, 34
1, 30622 MiB, 143771 MiB, 99 %, 36
2, 22263 MiB, 143771 MiB, 46 %, 35
3, 30624 MiB, 143771 MiB, 99 %, 33
4, 27126 MiB, 143771 MiB, 100 %, 40
5, 21562 MiB, 143771 MiB, 99 %, 40
6, 1 MiB, 143771 MiB, 0 %, 32
our_python_processes=7
2026-08-26T05:15:25+00:00	11_vgg13_sapa_dog_bird_b0_005	pipeline	started	-	model=VGG13BN attack=sapa pair=dog-bird budget=0.005 target=50
2026-08-26T05:15:25+00:00	04_convnet_sapa_dog_bird_b0_02	attack	running	-	generating alpha=0.25 perturbations
2026-08-26T05:15:25+00:00	08_resnet20_sapa_dog_bird_b0_01	attack	running	-	generating alpha=0.25 perturbations
2026-08-26T05:15:25+00:00	11_vgg13_sapa_dog_bird_b0_005	attack	running	-	generating alpha=0.25 perturbations
2026-08-26T06:27:45+00:00	04_convnet_sapa_dog_bird_b0_02	attack	complete	0	5 delta files
2026-08-26T06:27:45+00:00	04_convnet_sapa_dog_bird_b0_02	defense	running	-	epic friends
2026-08-26T06:34:04+00:00	11_vgg13_sapa_dog_bird_b0_005	attack	complete	0	5 delta files
2026-08-26T06:34:04+00:00	11_vgg13_sapa_dog_bird_b0_005	defense	running	-	epic friends
2026-08-26T07:37:42+00:00	08_resnet20_sapa_dog_bird_b0_01	attack	complete	0	5 delta files
2026-08-26T07:37:42+00:00	08_resnet20_sapa_dog_bird_b0_01	defense	running	-	epic friends
2026-08-26T07:46:36+00:00	epic_clean_victim3	precompute	running	-	physical_gpu=3 pids=421593,421594,421595 models=ConvNetBN,VGG13BN,ResNet20BN exact shared EPIC cache
2026-08-26T07:48:36+00:00	epic_clean_victim3	precompute	active	-	setsid forked; actual isolated pids/pgids=421597,421598,421599 on physical_gpu=3; three trainings within cap
delta_files=15
defense_rows=0
===== 2026-08-26T07:56:18+00:00 =====
0, 58369 MiB, 143771 MiB, 44 %, 34
1, 30642 MiB, 143771 MiB, 100 %, 40
2, 22263 MiB, 143771 MiB, 44 %, 35
3, 30628 MiB, 143771 MiB, 99 %, 36
4, 20303 MiB, 143771 MiB, 100 %, 39
5, 17480 MiB, 143771 MiB, 99 %, 40
6, 1 MiB, 143771 MiB, 0 %, 32
our_python_processes=7
2026-08-26T05:15:25+00:00	11_vgg13_sapa_dog_bird_b0_005	pipeline	started	-	model=VGG13BN attack=sapa pair=dog-bird budget=0.005 target=50
2026-08-26T05:15:25+00:00	04_convnet_sapa_dog_bird_b0_02	attack	running	-	generating alpha=0.25 perturbations
2026-08-26T05:15:25+00:00	08_resnet20_sapa_dog_bird_b0_01	attack	running	-	generating alpha=0.25 perturbations
2026-08-26T05:15:25+00:00	11_vgg13_sapa_dog_bird_b0_005	attack	running	-	generating alpha=0.25 perturbations
2026-08-26T06:27:45+00:00	04_convnet_sapa_dog_bird_b0_02	attack	complete	0	5 delta files
2026-08-26T06:27:45+00:00	04_convnet_sapa_dog_bird_b0_02	defense	running	-	epic friends
2026-08-26T06:34:04+00:00	11_vgg13_sapa_dog_bird_b0_005	attack	complete	0	5 delta files
2026-08-26T06:34:04+00:00	11_vgg13_sapa_dog_bird_b0_005	defense	running	-	epic friends
2026-08-26T07:37:42+00:00	08_resnet20_sapa_dog_bird_b0_01	attack	complete	0	5 delta files
2026-08-26T07:37:42+00:00	08_resnet20_sapa_dog_bird_b0_01	defense	running	-	epic friends
2026-08-26T07:46:36+00:00	epic_clean_victim3	precompute	running	-	physical_gpu=3 pids=421593,421594,421595 models=ConvNetBN,VGG13BN,ResNet20BN exact shared EPIC cache
2026-08-26T07:48:36+00:00	epic_clean_victim3	precompute	active	-	setsid forked; actual isolated pids/pgids=421597,421598,421599 on physical_gpu=3; three trainings within cap
delta_files=15
defense_rows=0
===== 2026-08-26T08:01:19+00:00 =====
0, 58369 MiB, 143771 MiB, 49 %, 35
1, 30642 MiB, 143771 MiB, 99 %, 37
2, 22263 MiB, 143771 MiB, 43 %, 35
3, 30630 MiB, 143771 MiB, 99 %, 36
4, 20319 MiB, 143771 MiB, 100 %, 40
5, 13394 MiB, 143771 MiB, 98 %, 40
6, 1 MiB, 143771 MiB, 0 %, 32
our_python_processes=7
2026-08-26T05:15:25+00:00	11_vgg13_sapa_dog_bird_b0_005	pipeline	started	-	model=VGG13BN attack=sapa pair=dog-bird budget=0.005 target=50
2026-08-26T05:15:25+00:00	04_convnet_sapa_dog_bird_b0_02	attack	running	-	generating alpha=0.25 perturbations
2026-08-26T05:15:25+00:00	08_resnet20_sapa_dog_bird_b0_01	attack	running	-	generating alpha=0.25 perturbations
2026-08-26T05:15:25+00:00	11_vgg13_sapa_dog_bird_b0_005	attack	running	-	generating alpha=0.25 perturbations
2026-08-26T06:27:45+00:00	04_convnet_sapa_dog_bird_b0_02	attack	complete	0	5 delta files
2026-08-26T06:27:45+00:00	04_convnet_sapa_dog_bird_b0_02	defense	running	-	epic friends
2026-08-26T06:34:04+00:00	11_vgg13_sapa_dog_bird_b0_005	attack	complete	0	5 delta files
2026-08-26T06:34:04+00:00	11_vgg13_sapa_dog_bird_b0_005	defense	running	-	epic friends
2026-08-26T07:37:42+00:00	08_resnet20_sapa_dog_bird_b0_01	attack	complete	0	5 delta files
2026-08-26T07:37:42+00:00	08_resnet20_sapa_dog_bird_b0_01	defense	running	-	epic friends
2026-08-26T07:46:36+00:00	epic_clean_victim3	precompute	running	-	physical_gpu=3 pids=421593,421594,421595 models=ConvNetBN,VGG13BN,ResNet20BN exact shared EPIC cache
2026-08-26T07:48:36+00:00	epic_clean_victim3	precompute	active	-	setsid forked; actual isolated pids/pgids=421597,421598,421599 on physical_gpu=3; three trainings within cap
delta_files=15
defense_rows=0
===== 2026-08-26T08:06:19+00:00 =====
0, 1 MiB, 143771 MiB, 0 %, 30
1, 8385 MiB, 143771 MiB, 99 %, 34
2, 6 MiB, 143771 MiB, 0 %, 32
3, 8373 MiB, 143771 MiB, 99 %, 34
4, 30798 MiB, 143771 MiB, 100 %, 38
5, 16334 MiB, 143771 MiB, 100 %, 36
6, 1 MiB, 143771 MiB, 0 %, 32
our_python_processes=7
2026-08-26T05:15:25+00:00	11_vgg13_sapa_dog_bird_b0_005	pipeline	started	-	model=VGG13BN attack=sapa pair=dog-bird budget=0.005 target=50
2026-08-26T05:15:25+00:00	04_convnet_sapa_dog_bird_b0_02	attack	running	-	generating alpha=0.25 perturbations
2026-08-26T05:15:25+00:00	08_resnet20_sapa_dog_bird_b0_01	attack	running	-	generating alpha=0.25 perturbations
2026-08-26T05:15:25+00:00	11_vgg13_sapa_dog_bird_b0_005	attack	running	-	generating alpha=0.25 perturbations
2026-08-26T06:27:45+00:00	04_convnet_sapa_dog_bird_b0_02	attack	complete	0	5 delta files
2026-08-26T06:27:45+00:00	04_convnet_sapa_dog_bird_b0_02	defense	running	-	epic friends
2026-08-26T06:34:04+00:00	11_vgg13_sapa_dog_bird_b0_005	attack	complete	0	5 delta files
2026-08-26T06:34:04+00:00	11_vgg13_sapa_dog_bird_b0_005	defense	running	-	epic friends
2026-08-26T07:37:42+00:00	08_resnet20_sapa_dog_bird_b0_01	attack	complete	0	5 delta files
2026-08-26T07:37:42+00:00	08_resnet20_sapa_dog_bird_b0_01	defense	running	-	epic friends
2026-08-26T07:46:36+00:00	epic_clean_victim3	precompute	running	-	physical_gpu=3 pids=421593,421594,421595 models=ConvNetBN,VGG13BN,ResNet20BN exact shared EPIC cache
2026-08-26T07:48:36+00:00	epic_clean_victim3	precompute	active	-	setsid forked; actual isolated pids/pgids=421597,421598,421599 on physical_gpu=3; three trainings within cap
delta_files=15
defense_rows=0
===== 2026-08-26T08:11:20+00:00 =====
0, 1 MiB, 143771 MiB, 0 %, 30
1, 8385 MiB, 143771 MiB, 99 %, 33
2, 6 MiB, 143771 MiB, 0 %, 31
3, 6 MiB, 143771 MiB, 0 %, 31
4, 26702 MiB, 143771 MiB, 100 %, 38
5, 15037 MiB, 143771 MiB, 100 %, 40
6, 1 MiB, 143771 MiB, 0 %, 32
our_python_processes=7
2026-08-26T06:27:45+00:00	04_convnet_sapa_dog_bird_b0_02	defense	running	-	epic friends
2026-08-26T06:34:04+00:00	11_vgg13_sapa_dog_bird_b0_005	attack	complete	0	5 delta files
2026-08-26T06:34:04+00:00	11_vgg13_sapa_dog_bird_b0_005	defense	running	-	epic friends
2026-08-26T07:37:42+00:00	08_resnet20_sapa_dog_bird_b0_01	attack	complete	0	5 delta files
2026-08-26T07:37:42+00:00	08_resnet20_sapa_dog_bird_b0_01	defense	running	-	epic friends
2026-08-26T07:46:36+00:00	epic_clean_victim3	precompute	running	-	physical_gpu=3 pids=421593,421594,421595 models=ConvNetBN,VGG13BN,ResNet20BN exact shared EPIC cache
2026-08-26T07:48:36+00:00	epic_clean_victim3	precompute	active	-	setsid forked; actual isolated pids/pgids=421597,421598,421599 on physical_gpu=3; three trainings within cap
2026-08-26T08:06:38+00:00	epic_clean_ResNet20BN_victim2	precompute	active	-	isolated pid/pgid=437245 physical_gpu=2 exact shared EPIC cache
2026-08-26T08:08:58+00:00	epic_clean_ResNet20BN_victim3	precompute	complete	0	checkpoint_bytes=1139631 physical_gpu=3 elapsed=1228s
2026-08-26T08:10:34+00:00	epic_clean_ConvNetBN_victim3	precompute	complete	0	physical_gpu=3 elapsed=1317s checkpoint_bytes=1291462
2026-08-26T08:10:34+00:00	epic_clean_VGG13BN_victim3	precompute	complete	0	physical_gpu=3 elapsed=1356s checkpoint_bytes=37712187
2026-08-26T08:10:34+00:00	epic_clean_victim3	precompute	complete	0	all three model checkpoints atomically cached; main pipelines will skip victim3
delta_files=15
defense_rows=0
===== 2026-08-26T08:16:20+00:00 =====
0, 1 MiB, 143771 MiB, 0 %, 30
1, 8385 MiB, 143771 MiB, 98 %, 35
2, 6 MiB, 143771 MiB, 0 %, 31
3, 6 MiB, 143771 MiB, 0 %, 30
4, 22838 MiB, 143771 MiB, 100 %, 38
5, 14746 MiB, 143771 MiB, 100 %, 39
6, 1 MiB, 143771 MiB, 0 %, 32
our_python_processes=7
2026-08-26T06:34:04+00:00	11_vgg13_sapa_dog_bird_b0_005	attack	complete	0	5 delta files
2026-08-26T06:34:04+00:00	11_vgg13_sapa_dog_bird_b0_005	defense	running	-	epic friends
2026-08-26T07:37:42+00:00	08_resnet20_sapa_dog_bird_b0_01	attack	complete	0	5 delta files
2026-08-26T07:37:42+00:00	08_resnet20_sapa_dog_bird_b0_01	defense	running	-	epic friends
2026-08-26T07:46:36+00:00	epic_clean_victim3	precompute	running	-	physical_gpu=3 pids=421593,421594,421595 models=ConvNetBN,VGG13BN,ResNet20BN exact shared EPIC cache
2026-08-26T07:48:36+00:00	epic_clean_victim3	precompute	active	-	setsid forked; actual isolated pids/pgids=421597,421598,421599 on physical_gpu=3; three trainings within cap
2026-08-26T08:06:38+00:00	epic_clean_ResNet20BN_victim2	precompute	active	-	isolated pid/pgid=437245 physical_gpu=2 exact shared EPIC cache
2026-08-26T08:08:58+00:00	epic_clean_ResNet20BN_victim3	precompute	complete	0	checkpoint_bytes=1139631 physical_gpu=3 elapsed=1228s
2026-08-26T08:10:34+00:00	epic_clean_ConvNetBN_victim3	precompute	complete	0	physical_gpu=3 elapsed=1317s checkpoint_bytes=1291462
2026-08-26T08:10:34+00:00	epic_clean_VGG13BN_victim3	precompute	complete	0	physical_gpu=3 elapsed=1356s checkpoint_bytes=37712187
2026-08-26T08:10:34+00:00	epic_clean_victim3	precompute	complete	0	all three model checkpoints atomically cached; main pipelines will skip victim3
2026-08-26T08:16:19+00:00	epic_clean_ResNet20BN_victim2	precompute	complete	0	physical_gpu=2 elapsed=260s checkpoint_bytes=1139631; main will skip victims2,3 after victim1
delta_files=15
defense_rows=0
===== 2026-08-26T08:21:21+00:00 =====
0, 1 MiB, 143771 MiB, 0 %, 30
1, 17625 MiB, 143771 MiB, 99 %, 38
2, 12497 MiB, 143771 MiB, 99 %, 40
3, 12485 MiB, 143771 MiB, 99 %, 38
4, 21234 MiB, 143771 MiB, 100 %, 38
5, 16986 MiB, 143771 MiB, 100 %, 39
6, 1 MiB, 143771 MiB, 0 %, 32
our_python_processes=8
2026-08-26T07:37:42+00:00	08_resnet20_sapa_dog_bird_b0_01	attack	complete	0	5 delta files
2026-08-26T07:37:42+00:00	08_resnet20_sapa_dog_bird_b0_01	defense	running	-	epic friends
2026-08-26T07:46:36+00:00	epic_clean_victim3	precompute	running	-	physical_gpu=3 pids=421593,421594,421595 models=ConvNetBN,VGG13BN,ResNet20BN exact shared EPIC cache
2026-08-26T07:48:36+00:00	epic_clean_victim3	precompute	active	-	setsid forked; actual isolated pids/pgids=421597,421598,421599 on physical_gpu=3; three trainings within cap
2026-08-26T08:06:38+00:00	epic_clean_ResNet20BN_victim2	precompute	active	-	isolated pid/pgid=437245 physical_gpu=2 exact shared EPIC cache
2026-08-26T08:08:58+00:00	epic_clean_ResNet20BN_victim3	precompute	complete	0	checkpoint_bytes=1139631 physical_gpu=3 elapsed=1228s
2026-08-26T08:10:34+00:00	epic_clean_ConvNetBN_victim3	precompute	complete	0	physical_gpu=3 elapsed=1317s checkpoint_bytes=1291462
2026-08-26T08:10:34+00:00	epic_clean_VGG13BN_victim3	precompute	complete	0	physical_gpu=3 elapsed=1356s checkpoint_bytes=37712187
2026-08-26T08:10:34+00:00	epic_clean_victim3	precompute	complete	0	all three model checkpoints atomically cached; main pipelines will skip victim3
2026-08-26T08:16:19+00:00	epic_clean_ResNet20BN_victim2	precompute	complete	0	physical_gpu=2 elapsed=260s checkpoint_bytes=1139631; main will skip victims2,3 after victim1
2026-08-26T08:19:17+00:00	prefetch_01_convnet_fc_dog_bird_b0_01	attack	running	-	physical_gpus=1,2,3 alpha=0.25 Jacobian-off 5 targets 1 verification victim; normal pipeline will reuse
2026-08-26T08:19:34+00:00	prefetch_01_convnet_fc_dog_bird_b0_01	attack	active	-	actual isolated pgid=445515 physical_gpus=1,2,3 exact run target_file=target_sets/ConvNetBN_fc_dog-bird.json target_label=50
delta_files=18
defense_rows=0
===== 2026-08-26T08:26:21+00:00 =====
0, 1 MiB, 143771 MiB, 0 %, 30
1, 28769 MiB, 143771 MiB, 100 %, 35
2, 24077 MiB, 143771 MiB, 100 %, 36
3, 24065 MiB, 143771 MiB, 100 %, 35
4, 21234 MiB, 143771 MiB, 100 %, 39
5, 16986 MiB, 143771 MiB, 100 %, 40
6, 1 MiB, 143771 MiB, 0 %, 32
our_python_processes=8
2026-08-26T08:06:38+00:00	epic_clean_ResNet20BN_victim2	precompute	active	-	isolated pid/pgid=437245 physical_gpu=2 exact shared EPIC cache
2026-08-26T08:08:58+00:00	epic_clean_ResNet20BN_victim3	precompute	complete	0	checkpoint_bytes=1139631 physical_gpu=3 elapsed=1228s
2026-08-26T08:10:34+00:00	epic_clean_ConvNetBN_victim3	precompute	complete	0	physical_gpu=3 elapsed=1317s checkpoint_bytes=1291462
2026-08-26T08:10:34+00:00	epic_clean_VGG13BN_victim3	precompute	complete	0	physical_gpu=3 elapsed=1356s checkpoint_bytes=37712187
2026-08-26T08:10:34+00:00	epic_clean_victim3	precompute	complete	0	all three model checkpoints atomically cached; main pipelines will skip victim3
2026-08-26T08:16:19+00:00	epic_clean_ResNet20BN_victim2	precompute	complete	0	physical_gpu=2 elapsed=260s checkpoint_bytes=1139631; main will skip victims2,3 after victim1
2026-08-26T08:19:17+00:00	prefetch_01_convnet_fc_dog_bird_b0_01	attack	running	-	physical_gpus=1,2,3 alpha=0.25 Jacobian-off 5 targets 1 verification victim; normal pipeline will reuse
2026-08-26T08:19:34+00:00	prefetch_01_convnet_fc_dog_bird_b0_01	attack	active	-	actual isolated pgid=445515 physical_gpus=1,2,3 exact run target_file=target_sets/ConvNetBN_fc_dog-bird.json target_label=50
2026-08-26T08:22:52+00:00	prefetch_wave2_attacks	scheduler	paused	-	only launcher pid290689 SIGSTOP; active wave1 defense children continue; prevents wave2 lock race while attacks precompute
2026-08-26T08:24:20+00:00	prefetch_01_convnet_fc_dog_bird_b0_01	attack	complete	0	5 finite delta files max_linf=0.031372517 verification_ASR=100.0%
2026-08-26T08:24:20+00:00	prefetch_06_resnet20_gradmatch_dog_bird_b0_02	attack	running	-	physical_gpus=1,2,3 alpha=0.25 Jacobian-off 5 targets 1 verification victim
2026-08-26T08:24:37+00:00	prefetch_06_resnet20_gradmatch_dog_bird_b0_02	attack	active	-	actual isolated pgid=449747 target_file=target_sets/ResNet20BN_gradmatch_dog-bird.json target_label=14
delta_files=20
defense_rows=0
===== 2026-08-26T08:31:21+00:00 =====
0, 1 MiB, 143771 MiB, 0 %, 30
1, 28769 MiB, 143771 MiB, 100 %, 36
2, 24077 MiB, 143771 MiB, 100 %, 36
3, 24065 MiB, 143771 MiB, 100 %, 35
4, 21364 MiB, 143771 MiB, 100 %, 39
5, 16986 MiB, 143771 MiB, 100 %, 39
6, 1 MiB, 143771 MiB, 0 %, 32
our_python_processes=8
2026-08-26T08:06:38+00:00	epic_clean_ResNet20BN_victim2	precompute	active	-	isolated pid/pgid=437245 physical_gpu=2 exact shared EPIC cache
2026-08-26T08:08:58+00:00	epic_clean_ResNet20BN_victim3	precompute	complete	0	checkpoint_bytes=1139631 physical_gpu=3 elapsed=1228s
2026-08-26T08:10:34+00:00	epic_clean_ConvNetBN_victim3	precompute	complete	0	physical_gpu=3 elapsed=1317s checkpoint_bytes=1291462
2026-08-26T08:10:34+00:00	epic_clean_VGG13BN_victim3	precompute	complete	0	physical_gpu=3 elapsed=1356s checkpoint_bytes=37712187
2026-08-26T08:10:34+00:00	epic_clean_victim3	precompute	complete	0	all three model checkpoints atomically cached; main pipelines will skip victim3
2026-08-26T08:16:19+00:00	epic_clean_ResNet20BN_victim2	precompute	complete	0	physical_gpu=2 elapsed=260s checkpoint_bytes=1139631; main will skip victims2,3 after victim1
2026-08-26T08:19:17+00:00	prefetch_01_convnet_fc_dog_bird_b0_01	attack	running	-	physical_gpus=1,2,3 alpha=0.25 Jacobian-off 5 targets 1 verification victim; normal pipeline will reuse
2026-08-26T08:19:34+00:00	prefetch_01_convnet_fc_dog_bird_b0_01	attack	active	-	actual isolated pgid=445515 physical_gpus=1,2,3 exact run target_file=target_sets/ConvNetBN_fc_dog-bird.json target_label=50
2026-08-26T08:22:52+00:00	prefetch_wave2_attacks	scheduler	paused	-	only launcher pid290689 SIGSTOP; active wave1 defense children continue; prevents wave2 lock race while attacks precompute
2026-08-26T08:24:20+00:00	prefetch_01_convnet_fc_dog_bird_b0_01	attack	complete	0	5 finite delta files max_linf=0.031372517 verification_ASR=100.0%
2026-08-26T08:24:20+00:00	prefetch_06_resnet20_gradmatch_dog_bird_b0_02	attack	running	-	physical_gpus=1,2,3 alpha=0.25 Jacobian-off 5 targets 1 verification victim
2026-08-26T08:24:37+00:00	prefetch_06_resnet20_gradmatch_dog_bird_b0_02	attack	active	-	actual isolated pgid=449747 target_file=target_sets/ResNet20BN_gradmatch_dog-bird.json target_label=14
delta_files=20
defense_rows=0
===== 2026-08-26T08:36:22+00:00 =====
0, 1 MiB, 143771 MiB, 0 %, 30
1, 29600 MiB, 143771 MiB, 100 %, 35
2, 26326 MiB, 143771 MiB, 100 %, 36
3, 26312 MiB, 143771 MiB, 99 %, 36
4, 21240 MiB, 143771 MiB, 100 %, 39
5, 20846 MiB, 143771 MiB, 100 %, 39
6, 1 MiB, 143771 MiB, 0 %, 32
our_python_processes=8
2026-08-26T08:06:38+00:00	epic_clean_ResNet20BN_victim2	precompute	active	-	isolated pid/pgid=437245 physical_gpu=2 exact shared EPIC cache
2026-08-26T08:08:58+00:00	epic_clean_ResNet20BN_victim3	precompute	complete	0	checkpoint_bytes=1139631 physical_gpu=3 elapsed=1228s
2026-08-26T08:10:34+00:00	epic_clean_ConvNetBN_victim3	precompute	complete	0	physical_gpu=3 elapsed=1317s checkpoint_bytes=1291462
2026-08-26T08:10:34+00:00	epic_clean_VGG13BN_victim3	precompute	complete	0	physical_gpu=3 elapsed=1356s checkpoint_bytes=37712187
2026-08-26T08:10:34+00:00	epic_clean_victim3	precompute	complete	0	all three model checkpoints atomically cached; main pipelines will skip victim3
2026-08-26T08:16:19+00:00	epic_clean_ResNet20BN_victim2	precompute	complete	0	physical_gpu=2 elapsed=260s checkpoint_bytes=1139631; main will skip victims2,3 after victim1
2026-08-26T08:19:17+00:00	prefetch_01_convnet_fc_dog_bird_b0_01	attack	running	-	physical_gpus=1,2,3 alpha=0.25 Jacobian-off 5 targets 1 verification victim; normal pipeline will reuse
2026-08-26T08:19:34+00:00	prefetch_01_convnet_fc_dog_bird_b0_01	attack	active	-	actual isolated pgid=445515 physical_gpus=1,2,3 exact run target_file=target_sets/ConvNetBN_fc_dog-bird.json target_label=50
2026-08-26T08:22:52+00:00	prefetch_wave2_attacks	scheduler	paused	-	only launcher pid290689 SIGSTOP; active wave1 defense children continue; prevents wave2 lock race while attacks precompute
2026-08-26T08:24:20+00:00	prefetch_01_convnet_fc_dog_bird_b0_01	attack	complete	0	5 finite delta files max_linf=0.031372517 verification_ASR=100.0%
2026-08-26T08:24:20+00:00	prefetch_06_resnet20_gradmatch_dog_bird_b0_02	attack	running	-	physical_gpus=1,2,3 alpha=0.25 Jacobian-off 5 targets 1 verification victim
2026-08-26T08:24:37+00:00	prefetch_06_resnet20_gradmatch_dog_bird_b0_02	attack	active	-	actual isolated pgid=449747 target_file=target_sets/ResNet20BN_gradmatch_dog-bird.json target_label=14
delta_files=20
defense_rows=0
===== 2026-08-26T08:41:22+00:00 =====
0, 1 MiB, 143771 MiB, 0 %, 30
1, 29600 MiB, 143771 MiB, 100 %, 35
2, 26326 MiB, 143771 MiB, 100 %, 37
3, 26312 MiB, 143771 MiB, 100 %, 36
4, 23666 MiB, 143771 MiB, 99 %, 39
5, 19378 MiB, 143771 MiB, 100 %, 40
6, 1 MiB, 143771 MiB, 0 %, 32
our_python_processes=8
2026-08-26T08:06:38+00:00	epic_clean_ResNet20BN_victim2	precompute	active	-	isolated pid/pgid=437245 physical_gpu=2 exact shared EPIC cache
2026-08-26T08:08:58+00:00	epic_clean_ResNet20BN_victim3	precompute	complete	0	checkpoint_bytes=1139631 physical_gpu=3 elapsed=1228s
2026-08-26T08:10:34+00:00	epic_clean_ConvNetBN_victim3	precompute	complete	0	physical_gpu=3 elapsed=1317s checkpoint_bytes=1291462
2026-08-26T08:10:34+00:00	epic_clean_VGG13BN_victim3	precompute	complete	0	physical_gpu=3 elapsed=1356s checkpoint_bytes=37712187
2026-08-26T08:10:34+00:00	epic_clean_victim3	precompute	complete	0	all three model checkpoints atomically cached; main pipelines will skip victim3
2026-08-26T08:16:19+00:00	epic_clean_ResNet20BN_victim2	precompute	complete	0	physical_gpu=2 elapsed=260s checkpoint_bytes=1139631; main will skip victims2,3 after victim1
2026-08-26T08:19:17+00:00	prefetch_01_convnet_fc_dog_bird_b0_01	attack	running	-	physical_gpus=1,2,3 alpha=0.25 Jacobian-off 5 targets 1 verification victim; normal pipeline will reuse
2026-08-26T08:19:34+00:00	prefetch_01_convnet_fc_dog_bird_b0_01	attack	active	-	actual isolated pgid=445515 physical_gpus=1,2,3 exact run target_file=target_sets/ConvNetBN_fc_dog-bird.json target_label=50
2026-08-26T08:22:52+00:00	prefetch_wave2_attacks	scheduler	paused	-	only launcher pid290689 SIGSTOP; active wave1 defense children continue; prevents wave2 lock race while attacks precompute
2026-08-26T08:24:20+00:00	prefetch_01_convnet_fc_dog_bird_b0_01	attack	complete	0	5 finite delta files max_linf=0.031372517 verification_ASR=100.0%
2026-08-26T08:24:20+00:00	prefetch_06_resnet20_gradmatch_dog_bird_b0_02	attack	running	-	physical_gpus=1,2,3 alpha=0.25 Jacobian-off 5 targets 1 verification victim
2026-08-26T08:24:37+00:00	prefetch_06_resnet20_gradmatch_dog_bird_b0_02	attack	active	-	actual isolated pgid=449747 target_file=target_sets/ResNet20BN_gradmatch_dog-bird.json target_label=14
delta_files=20
defense_rows=0
===== 2026-08-26T08:46:22+00:00 =====
0, 1 MiB, 143771 MiB, 0 %, 30
1, 29600 MiB, 143771 MiB, 100 %, 36
2, 26326 MiB, 143771 MiB, 100 %, 36
3, 26312 MiB, 143771 MiB, 100 %, 36
4, 22332 MiB, 143771 MiB, 100 %, 39
5, 18044 MiB, 143771 MiB, 100 %, 40
6, 1 MiB, 143771 MiB, 0 %, 32
our_python_processes=8
2026-08-26T08:06:38+00:00	epic_clean_ResNet20BN_victim2	precompute	active	-	isolated pid/pgid=437245 physical_gpu=2 exact shared EPIC cache
2026-08-26T08:08:58+00:00	epic_clean_ResNet20BN_victim3	precompute	complete	0	checkpoint_bytes=1139631 physical_gpu=3 elapsed=1228s
2026-08-26T08:10:34+00:00	epic_clean_ConvNetBN_victim3	precompute	complete	0	physical_gpu=3 elapsed=1317s checkpoint_bytes=1291462
2026-08-26T08:10:34+00:00	epic_clean_VGG13BN_victim3	precompute	complete	0	physical_gpu=3 elapsed=1356s checkpoint_bytes=37712187
2026-08-26T08:10:34+00:00	epic_clean_victim3	precompute	complete	0	all three model checkpoints atomically cached; main pipelines will skip victim3
2026-08-26T08:16:19+00:00	epic_clean_ResNet20BN_victim2	precompute	complete	0	physical_gpu=2 elapsed=260s checkpoint_bytes=1139631; main will skip victims2,3 after victim1
2026-08-26T08:19:17+00:00	prefetch_01_convnet_fc_dog_bird_b0_01	attack	running	-	physical_gpus=1,2,3 alpha=0.25 Jacobian-off 5 targets 1 verification victim; normal pipeline will reuse
2026-08-26T08:19:34+00:00	prefetch_01_convnet_fc_dog_bird_b0_01	attack	active	-	actual isolated pgid=445515 physical_gpus=1,2,3 exact run target_file=target_sets/ConvNetBN_fc_dog-bird.json target_label=50
2026-08-26T08:22:52+00:00	prefetch_wave2_attacks	scheduler	paused	-	only launcher pid290689 SIGSTOP; active wave1 defense children continue; prevents wave2 lock race while attacks precompute
2026-08-26T08:24:20+00:00	prefetch_01_convnet_fc_dog_bird_b0_01	attack	complete	0	5 finite delta files max_linf=0.031372517 verification_ASR=100.0%
2026-08-26T08:24:20+00:00	prefetch_06_resnet20_gradmatch_dog_bird_b0_02	attack	running	-	physical_gpus=1,2,3 alpha=0.25 Jacobian-off 5 targets 1 verification victim
2026-08-26T08:24:37+00:00	prefetch_06_resnet20_gradmatch_dog_bird_b0_02	attack	active	-	actual isolated pgid=449747 target_file=target_sets/ResNet20BN_gradmatch_dog-bird.json target_label=14
delta_files=20
defense_rows=0
===== 2026-08-26T08:51:23+00:00 =====
0, 1 MiB, 143771 MiB, 0 %, 30
1, 29614 MiB, 143771 MiB, 100 %, 35
2, 26340 MiB, 143771 MiB, 100 %, 36
3, 26330 MiB, 143771 MiB, 99 %, 37
4, 22332 MiB, 143771 MiB, 99 %, 40
5, 14372 MiB, 143771 MiB, 100 %, 41
6, 1 MiB, 143771 MiB, 0 %, 32
our_python_processes=8
2026-08-26T08:06:38+00:00	epic_clean_ResNet20BN_victim2	precompute	active	-	isolated pid/pgid=437245 physical_gpu=2 exact shared EPIC cache
2026-08-26T08:08:58+00:00	epic_clean_ResNet20BN_victim3	precompute	complete	0	checkpoint_bytes=1139631 physical_gpu=3 elapsed=1228s
2026-08-26T08:10:34+00:00	epic_clean_ConvNetBN_victim3	precompute	complete	0	physical_gpu=3 elapsed=1317s checkpoint_bytes=1291462
2026-08-26T08:10:34+00:00	epic_clean_VGG13BN_victim3	precompute	complete	0	physical_gpu=3 elapsed=1356s checkpoint_bytes=37712187
2026-08-26T08:10:34+00:00	epic_clean_victim3	precompute	complete	0	all three model checkpoints atomically cached; main pipelines will skip victim3
2026-08-26T08:16:19+00:00	epic_clean_ResNet20BN_victim2	precompute	complete	0	physical_gpu=2 elapsed=260s checkpoint_bytes=1139631; main will skip victims2,3 after victim1
2026-08-26T08:19:17+00:00	prefetch_01_convnet_fc_dog_bird_b0_01	attack	running	-	physical_gpus=1,2,3 alpha=0.25 Jacobian-off 5 targets 1 verification victim; normal pipeline will reuse
2026-08-26T08:19:34+00:00	prefetch_01_convnet_fc_dog_bird_b0_01	attack	active	-	actual isolated pgid=445515 physical_gpus=1,2,3 exact run target_file=target_sets/ConvNetBN_fc_dog-bird.json target_label=50
2026-08-26T08:22:52+00:00	prefetch_wave2_attacks	scheduler	paused	-	only launcher pid290689 SIGSTOP; active wave1 defense children continue; prevents wave2 lock race while attacks precompute
2026-08-26T08:24:20+00:00	prefetch_01_convnet_fc_dog_bird_b0_01	attack	complete	0	5 finite delta files max_linf=0.031372517 verification_ASR=100.0%
2026-08-26T08:24:20+00:00	prefetch_06_resnet20_gradmatch_dog_bird_b0_02	attack	running	-	physical_gpus=1,2,3 alpha=0.25 Jacobian-off 5 targets 1 verification victim
2026-08-26T08:24:37+00:00	prefetch_06_resnet20_gradmatch_dog_bird_b0_02	attack	active	-	actual isolated pgid=449747 target_file=target_sets/ResNet20BN_gradmatch_dog-bird.json target_label=14
delta_files=20
defense_rows=0
===== 2026-08-26T08:56:23+00:00 =====
0, 1 MiB, 143771 MiB, 0 %, 30
1, 29614 MiB, 143771 MiB, 100 %, 36
2, 26340 MiB, 143771 MiB, 99 %, 38
3, 26332 MiB, 143771 MiB, 100 %, 35
4, 20100 MiB, 143771 MiB, 99 %, 39
5, 15834 MiB, 143771 MiB, 100 %, 40
6, 1 MiB, 143771 MiB, 0 %, 32
our_python_processes=8
2026-08-26T08:06:38+00:00	epic_clean_ResNet20BN_victim2	precompute	active	-	isolated pid/pgid=437245 physical_gpu=2 exact shared EPIC cache
2026-08-26T08:08:58+00:00	epic_clean_ResNet20BN_victim3	precompute	complete	0	checkpoint_bytes=1139631 physical_gpu=3 elapsed=1228s
2026-08-26T08:10:34+00:00	epic_clean_ConvNetBN_victim3	precompute	complete	0	physical_gpu=3 elapsed=1317s checkpoint_bytes=1291462
2026-08-26T08:10:34+00:00	epic_clean_VGG13BN_victim3	precompute	complete	0	physical_gpu=3 elapsed=1356s checkpoint_bytes=37712187
2026-08-26T08:10:34+00:00	epic_clean_victim3	precompute	complete	0	all three model checkpoints atomically cached; main pipelines will skip victim3
2026-08-26T08:16:19+00:00	epic_clean_ResNet20BN_victim2	precompute	complete	0	physical_gpu=2 elapsed=260s checkpoint_bytes=1139631; main will skip victims2,3 after victim1
2026-08-26T08:19:17+00:00	prefetch_01_convnet_fc_dog_bird_b0_01	attack	running	-	physical_gpus=1,2,3 alpha=0.25 Jacobian-off 5 targets 1 verification victim; normal pipeline will reuse
2026-08-26T08:19:34+00:00	prefetch_01_convnet_fc_dog_bird_b0_01	attack	active	-	actual isolated pgid=445515 physical_gpus=1,2,3 exact run target_file=target_sets/ConvNetBN_fc_dog-bird.json target_label=50
2026-08-26T08:22:52+00:00	prefetch_wave2_attacks	scheduler	paused	-	only launcher pid290689 SIGSTOP; active wave1 defense children continue; prevents wave2 lock race while attacks precompute
2026-08-26T08:24:20+00:00	prefetch_01_convnet_fc_dog_bird_b0_01	attack	complete	0	5 finite delta files max_linf=0.031372517 verification_ASR=100.0%
2026-08-26T08:24:20+00:00	prefetch_06_resnet20_gradmatch_dog_bird_b0_02	attack	running	-	physical_gpus=1,2,3 alpha=0.25 Jacobian-off 5 targets 1 verification victim
2026-08-26T08:24:37+00:00	prefetch_06_resnet20_gradmatch_dog_bird_b0_02	attack	active	-	actual isolated pgid=449747 target_file=target_sets/ResNet20BN_gradmatch_dog-bird.json target_label=14
delta_files=20
defense_rows=0
===== 2026-08-26T09:01:23+00:00 =====
0, 1 MiB, 143771 MiB, 0 %, 30
1, 29614 MiB, 143771 MiB, 100 %, 36
2, 26340 MiB, 143771 MiB, 100 %, 36
3, 26332 MiB, 143771 MiB, 100 %, 35
4, 21416 MiB, 143771 MiB, 99 %, 38
5, 17166 MiB, 143771 MiB, 100 %, 39
6, 1 MiB, 143771 MiB, 0 %, 32
our_python_processes=8
2026-08-26T08:06:38+00:00	epic_clean_ResNet20BN_victim2	precompute	active	-	isolated pid/pgid=437245 physical_gpu=2 exact shared EPIC cache
2026-08-26T08:08:58+00:00	epic_clean_ResNet20BN_victim3	precompute	complete	0	checkpoint_bytes=1139631 physical_gpu=3 elapsed=1228s
2026-08-26T08:10:34+00:00	epic_clean_ConvNetBN_victim3	precompute	complete	0	physical_gpu=3 elapsed=1317s checkpoint_bytes=1291462
2026-08-26T08:10:34+00:00	epic_clean_VGG13BN_victim3	precompute	complete	0	physical_gpu=3 elapsed=1356s checkpoint_bytes=37712187
2026-08-26T08:10:34+00:00	epic_clean_victim3	precompute	complete	0	all three model checkpoints atomically cached; main pipelines will skip victim3
2026-08-26T08:16:19+00:00	epic_clean_ResNet20BN_victim2	precompute	complete	0	physical_gpu=2 elapsed=260s checkpoint_bytes=1139631; main will skip victims2,3 after victim1
2026-08-26T08:19:17+00:00	prefetch_01_convnet_fc_dog_bird_b0_01	attack	running	-	physical_gpus=1,2,3 alpha=0.25 Jacobian-off 5 targets 1 verification victim; normal pipeline will reuse
2026-08-26T08:19:34+00:00	prefetch_01_convnet_fc_dog_bird_b0_01	attack	active	-	actual isolated pgid=445515 physical_gpus=1,2,3 exact run target_file=target_sets/ConvNetBN_fc_dog-bird.json target_label=50
2026-08-26T08:22:52+00:00	prefetch_wave2_attacks	scheduler	paused	-	only launcher pid290689 SIGSTOP; active wave1 defense children continue; prevents wave2 lock race while attacks precompute
2026-08-26T08:24:20+00:00	prefetch_01_convnet_fc_dog_bird_b0_01	attack	complete	0	5 finite delta files max_linf=0.031372517 verification_ASR=100.0%
2026-08-26T08:24:20+00:00	prefetch_06_resnet20_gradmatch_dog_bird_b0_02	attack	running	-	physical_gpus=1,2,3 alpha=0.25 Jacobian-off 5 targets 1 verification victim
2026-08-26T08:24:37+00:00	prefetch_06_resnet20_gradmatch_dog_bird_b0_02	attack	active	-	actual isolated pgid=449747 target_file=target_sets/ResNet20BN_gradmatch_dog-bird.json target_label=14
delta_files=20
defense_rows=0
===== 2026-08-26T09:06:24+00:00 =====
0, 1 MiB, 143771 MiB, 0 %, 30
1, 29614 MiB, 143771 MiB, 100 %, 35
2, 26340 MiB, 143771 MiB, 100 %, 36
3, 26332 MiB, 143771 MiB, 100 %, 35
4, 21416 MiB, 143771 MiB, 99 %, 39
5, 17166 MiB, 143771 MiB, 100 %, 40
6, 1 MiB, 143771 MiB, 0 %, 32
our_python_processes=8
2026-08-26T08:06:38+00:00	epic_clean_ResNet20BN_victim2	precompute	active	-	isolated pid/pgid=437245 physical_gpu=2 exact shared EPIC cache
2026-08-26T08:08:58+00:00	epic_clean_ResNet20BN_victim3	precompute	complete	0	checkpoint_bytes=1139631 physical_gpu=3 elapsed=1228s
2026-08-26T08:10:34+00:00	epic_clean_ConvNetBN_victim3	precompute	complete	0	physical_gpu=3 elapsed=1317s checkpoint_bytes=1291462
2026-08-26T08:10:34+00:00	epic_clean_VGG13BN_victim3	precompute	complete	0	physical_gpu=3 elapsed=1356s checkpoint_bytes=37712187
2026-08-26T08:10:34+00:00	epic_clean_victim3	precompute	complete	0	all three model checkpoints atomically cached; main pipelines will skip victim3
2026-08-26T08:16:19+00:00	epic_clean_ResNet20BN_victim2	precompute	complete	0	physical_gpu=2 elapsed=260s checkpoint_bytes=1139631; main will skip victims2,3 after victim1
2026-08-26T08:19:17+00:00	prefetch_01_convnet_fc_dog_bird_b0_01	attack	running	-	physical_gpus=1,2,3 alpha=0.25 Jacobian-off 5 targets 1 verification victim; normal pipeline will reuse
2026-08-26T08:19:34+00:00	prefetch_01_convnet_fc_dog_bird_b0_01	attack	active	-	actual isolated pgid=445515 physical_gpus=1,2,3 exact run target_file=target_sets/ConvNetBN_fc_dog-bird.json target_label=50
2026-08-26T08:22:52+00:00	prefetch_wave2_attacks	scheduler	paused	-	only launcher pid290689 SIGSTOP; active wave1 defense children continue; prevents wave2 lock race while attacks precompute
2026-08-26T08:24:20+00:00	prefetch_01_convnet_fc_dog_bird_b0_01	attack	complete	0	5 finite delta files max_linf=0.031372517 verification_ASR=100.0%
2026-08-26T08:24:20+00:00	prefetch_06_resnet20_gradmatch_dog_bird_b0_02	attack	running	-	physical_gpus=1,2,3 alpha=0.25 Jacobian-off 5 targets 1 verification victim
2026-08-26T08:24:37+00:00	prefetch_06_resnet20_gradmatch_dog_bird_b0_02	attack	active	-	actual isolated pgid=449747 target_file=target_sets/ResNet20BN_gradmatch_dog-bird.json target_label=14
delta_files=20
defense_rows=0
===== 2026-08-26T09:11:24+00:00 =====
0, 1 MiB, 143771 MiB, 0 %, 30
1, 29614 MiB, 143771 MiB, 99 %, 33
2, 26340 MiB, 143771 MiB, 99 %, 34
3, 26334 MiB, 143771 MiB, 99 %, 33
4, 21416 MiB, 143771 MiB, 99 %, 39
5, 17166 MiB, 143771 MiB, 100 %, 40
6, 1 MiB, 143771 MiB, 0 %, 32
our_python_processes=8
2026-08-26T08:08:58+00:00	epic_clean_ResNet20BN_victim3	precompute	complete	0	checkpoint_bytes=1139631 physical_gpu=3 elapsed=1228s
2026-08-26T08:10:34+00:00	epic_clean_ConvNetBN_victim3	precompute	complete	0	physical_gpu=3 elapsed=1317s checkpoint_bytes=1291462
2026-08-26T08:10:34+00:00	epic_clean_VGG13BN_victim3	precompute	complete	0	physical_gpu=3 elapsed=1356s checkpoint_bytes=37712187
2026-08-26T08:10:34+00:00	epic_clean_victim3	precompute	complete	0	all three model checkpoints atomically cached; main pipelines will skip victim3
2026-08-26T08:16:19+00:00	epic_clean_ResNet20BN_victim2	precompute	complete	0	physical_gpu=2 elapsed=260s checkpoint_bytes=1139631; main will skip victims2,3 after victim1
2026-08-26T08:19:17+00:00	prefetch_01_convnet_fc_dog_bird_b0_01	attack	running	-	physical_gpus=1,2,3 alpha=0.25 Jacobian-off 5 targets 1 verification victim; normal pipeline will reuse
2026-08-26T08:19:34+00:00	prefetch_01_convnet_fc_dog_bird_b0_01	attack	active	-	actual isolated pgid=445515 physical_gpus=1,2,3 exact run target_file=target_sets/ConvNetBN_fc_dog-bird.json target_label=50
2026-08-26T08:22:52+00:00	prefetch_wave2_attacks	scheduler	paused	-	only launcher pid290689 SIGSTOP; active wave1 defense children continue; prevents wave2 lock race while attacks precompute
2026-08-26T08:24:20+00:00	prefetch_01_convnet_fc_dog_bird_b0_01	attack	complete	0	5 finite delta files max_linf=0.031372517 verification_ASR=100.0%
2026-08-26T08:24:20+00:00	prefetch_06_resnet20_gradmatch_dog_bird_b0_02	attack	running	-	physical_gpus=1,2,3 alpha=0.25 Jacobian-off 5 targets 1 verification victim
2026-08-26T08:24:37+00:00	prefetch_06_resnet20_gradmatch_dog_bird_b0_02	attack	active	-	actual isolated pgid=449747 target_file=target_sets/ResNet20BN_gradmatch_dog-bird.json target_label=14
2026-08-26T09:07:39+00:00	prefetch_06_resnet20_gradmatch_dog_bird_b0_02	attack	paused	-	SIGSTOP isolated pgid=449747 after pmon showed 84-98% SM monopoly and EPIC starvation; state retained
delta_files=20
defense_rows=0
===== 2026-08-26T09:16:24+00:00 =====
0, 1 MiB, 143771 MiB, 0 %, 30
1, 29626 MiB, 143771 MiB, 99 %, 33
2, 25298 MiB, 143771 MiB, 99 %, 39
3, 26340 MiB, 143771 MiB, 99 %, 35
4, 21422 MiB, 143771 MiB, 99 %, 40
5, 20852 MiB, 143771 MiB, 100 %, 39
6, 1 MiB, 143771 MiB, 0 %, 32
our_python_processes=8
2026-08-26T08:08:58+00:00	epic_clean_ResNet20BN_victim3	precompute	complete	0	checkpoint_bytes=1139631 physical_gpu=3 elapsed=1228s
2026-08-26T08:10:34+00:00	epic_clean_ConvNetBN_victim3	precompute	complete	0	physical_gpu=3 elapsed=1317s checkpoint_bytes=1291462
2026-08-26T08:10:34+00:00	epic_clean_VGG13BN_victim3	precompute	complete	0	physical_gpu=3 elapsed=1356s checkpoint_bytes=37712187
2026-08-26T08:10:34+00:00	epic_clean_victim3	precompute	complete	0	all three model checkpoints atomically cached; main pipelines will skip victim3
2026-08-26T08:16:19+00:00	epic_clean_ResNet20BN_victim2	precompute	complete	0	physical_gpu=2 elapsed=260s checkpoint_bytes=1139631; main will skip victims2,3 after victim1
2026-08-26T08:19:17+00:00	prefetch_01_convnet_fc_dog_bird_b0_01	attack	running	-	physical_gpus=1,2,3 alpha=0.25 Jacobian-off 5 targets 1 verification victim; normal pipeline will reuse
2026-08-26T08:19:34+00:00	prefetch_01_convnet_fc_dog_bird_b0_01	attack	active	-	actual isolated pgid=445515 physical_gpus=1,2,3 exact run target_file=target_sets/ConvNetBN_fc_dog-bird.json target_label=50
2026-08-26T08:22:52+00:00	prefetch_wave2_attacks	scheduler	paused	-	only launcher pid290689 SIGSTOP; active wave1 defense children continue; prevents wave2 lock race while attacks precompute
2026-08-26T08:24:20+00:00	prefetch_01_convnet_fc_dog_bird_b0_01	attack	complete	0	5 finite delta files max_linf=0.031372517 verification_ASR=100.0%
2026-08-26T08:24:20+00:00	prefetch_06_resnet20_gradmatch_dog_bird_b0_02	attack	running	-	physical_gpus=1,2,3 alpha=0.25 Jacobian-off 5 targets 1 verification victim
2026-08-26T08:24:37+00:00	prefetch_06_resnet20_gradmatch_dog_bird_b0_02	attack	active	-	actual isolated pgid=449747 target_file=target_sets/ResNet20BN_gradmatch_dog-bird.json target_label=14
2026-08-26T09:07:39+00:00	prefetch_06_resnet20_gradmatch_dog_bird_b0_02	attack	paused	-	SIGSTOP isolated pgid=449747 after pmon showed 84-98% SM monopoly and EPIC starvation; state retained
delta_files=20
defense_rows=0
===== 2026-08-26T09:21:25+00:00 =====
0, 1 MiB, 143771 MiB, 0 %, 30
1, 29614 MiB, 143771 MiB, 99 %, 34
2, 26310 MiB, 143771 MiB, 99 %, 34
3, 26324 MiB, 143771 MiB, 99 %, 34
4, 25288 MiB, 143771 MiB, 100 %, 39
5, 20860 MiB, 143771 MiB, 100 %, 41
6, 1 MiB, 143771 MiB, 0 %, 32
our_python_processes=8
2026-08-26T08:08:58+00:00	epic_clean_ResNet20BN_victim3	precompute	complete	0	checkpoint_bytes=1139631 physical_gpu=3 elapsed=1228s
2026-08-26T08:10:34+00:00	epic_clean_ConvNetBN_victim3	precompute	complete	0	physical_gpu=3 elapsed=1317s checkpoint_bytes=1291462
2026-08-26T08:10:34+00:00	epic_clean_VGG13BN_victim3	precompute	complete	0	physical_gpu=3 elapsed=1356s checkpoint_bytes=37712187
2026-08-26T08:10:34+00:00	epic_clean_victim3	precompute	complete	0	all three model checkpoints atomically cached; main pipelines will skip victim3
2026-08-26T08:16:19+00:00	epic_clean_ResNet20BN_victim2	precompute	complete	0	physical_gpu=2 elapsed=260s checkpoint_bytes=1139631; main will skip victims2,3 after victim1
2026-08-26T08:19:17+00:00	prefetch_01_convnet_fc_dog_bird_b0_01	attack	running	-	physical_gpus=1,2,3 alpha=0.25 Jacobian-off 5 targets 1 verification victim; normal pipeline will reuse
2026-08-26T08:19:34+00:00	prefetch_01_convnet_fc_dog_bird_b0_01	attack	active	-	actual isolated pgid=445515 physical_gpus=1,2,3 exact run target_file=target_sets/ConvNetBN_fc_dog-bird.json target_label=50
2026-08-26T08:22:52+00:00	prefetch_wave2_attacks	scheduler	paused	-	only launcher pid290689 SIGSTOP; active wave1 defense children continue; prevents wave2 lock race while attacks precompute
2026-08-26T08:24:20+00:00	prefetch_01_convnet_fc_dog_bird_b0_01	attack	complete	0	5 finite delta files max_linf=0.031372517 verification_ASR=100.0%
2026-08-26T08:24:20+00:00	prefetch_06_resnet20_gradmatch_dog_bird_b0_02	attack	running	-	physical_gpus=1,2,3 alpha=0.25 Jacobian-off 5 targets 1 verification victim
2026-08-26T08:24:37+00:00	prefetch_06_resnet20_gradmatch_dog_bird_b0_02	attack	active	-	actual isolated pgid=449747 target_file=target_sets/ResNet20BN_gradmatch_dog-bird.json target_label=14
2026-08-26T09:07:39+00:00	prefetch_06_resnet20_gradmatch_dog_bird_b0_02	attack	paused	-	SIGSTOP isolated pgid=449747 after pmon showed 84-98% SM monopoly and EPIC starvation; state retained
delta_files=20
defense_rows=0
===== 2026-08-26T09:26:25+00:00 =====
0, 1 MiB, 143771 MiB, 0 %, 30
1, 29624 MiB, 143771 MiB, 98 %, 36
2, 26316 MiB, 143771 MiB, 99 %, 34
3, 26338 MiB, 143771 MiB, 99 %, 34
4, 22504 MiB, 143771 MiB, 100 %, 40
5, 14178 MiB, 143771 MiB, 100 %, 41
6, 1 MiB, 143771 MiB, 0 %, 32
our_python_processes=8
2026-08-26T08:08:58+00:00	epic_clean_ResNet20BN_victim3	precompute	complete	0	checkpoint_bytes=1139631 physical_gpu=3 elapsed=1228s
2026-08-26T08:10:34+00:00	epic_clean_ConvNetBN_victim3	precompute	complete	0	physical_gpu=3 elapsed=1317s checkpoint_bytes=1291462
2026-08-26T08:10:34+00:00	epic_clean_VGG13BN_victim3	precompute	complete	0	physical_gpu=3 elapsed=1356s checkpoint_bytes=37712187
2026-08-26T08:10:34+00:00	epic_clean_victim3	precompute	complete	0	all three model checkpoints atomically cached; main pipelines will skip victim3
2026-08-26T08:16:19+00:00	epic_clean_ResNet20BN_victim2	precompute	complete	0	physical_gpu=2 elapsed=260s checkpoint_bytes=1139631; main will skip victims2,3 after victim1
2026-08-26T08:19:17+00:00	prefetch_01_convnet_fc_dog_bird_b0_01	attack	running	-	physical_gpus=1,2,3 alpha=0.25 Jacobian-off 5 targets 1 verification victim; normal pipeline will reuse
2026-08-26T08:19:34+00:00	prefetch_01_convnet_fc_dog_bird_b0_01	attack	active	-	actual isolated pgid=445515 physical_gpus=1,2,3 exact run target_file=target_sets/ConvNetBN_fc_dog-bird.json target_label=50
2026-08-26T08:22:52+00:00	prefetch_wave2_attacks	scheduler	paused	-	only launcher pid290689 SIGSTOP; active wave1 defense children continue; prevents wave2 lock race while attacks precompute
2026-08-26T08:24:20+00:00	prefetch_01_convnet_fc_dog_bird_b0_01	attack	complete	0	5 finite delta files max_linf=0.031372517 verification_ASR=100.0%
2026-08-26T08:24:20+00:00	prefetch_06_resnet20_gradmatch_dog_bird_b0_02	attack	running	-	physical_gpus=1,2,3 alpha=0.25 Jacobian-off 5 targets 1 verification victim
2026-08-26T08:24:37+00:00	prefetch_06_resnet20_gradmatch_dog_bird_b0_02	attack	active	-	actual isolated pgid=449747 target_file=target_sets/ResNet20BN_gradmatch_dog-bird.json target_label=14
2026-08-26T09:07:39+00:00	prefetch_06_resnet20_gradmatch_dog_bird_b0_02	attack	paused	-	SIGSTOP isolated pgid=449747 after pmon showed 84-98% SM monopoly and EPIC starvation; state retained
delta_files=20
defense_rows=0
===== 2026-08-26T09:31:26+00:00 =====
0, 1 MiB, 143771 MiB, 0 %, 30
1, 29624 MiB, 143771 MiB, 99 %, 36
2, 26324 MiB, 143771 MiB, 99 %, 34
3, 26340 MiB, 143771 MiB, 99 %, 34
4, 18648 MiB, 143771 MiB, 99 %, 40
5, 14178 MiB, 143771 MiB, 100 %, 41
6, 1 MiB, 143771 MiB, 0 %, 32
our_python_processes=8
2026-08-26T08:08:58+00:00	epic_clean_ResNet20BN_victim3	precompute	complete	0	checkpoint_bytes=1139631 physical_gpu=3 elapsed=1228s
2026-08-26T08:10:34+00:00	epic_clean_ConvNetBN_victim3	precompute	complete	0	physical_gpu=3 elapsed=1317s checkpoint_bytes=1291462
2026-08-26T08:10:34+00:00	epic_clean_VGG13BN_victim3	precompute	complete	0	physical_gpu=3 elapsed=1356s checkpoint_bytes=37712187
2026-08-26T08:10:34+00:00	epic_clean_victim3	precompute	complete	0	all three model checkpoints atomically cached; main pipelines will skip victim3
2026-08-26T08:16:19+00:00	epic_clean_ResNet20BN_victim2	precompute	complete	0	physical_gpu=2 elapsed=260s checkpoint_bytes=1139631; main will skip victims2,3 after victim1
2026-08-26T08:19:17+00:00	prefetch_01_convnet_fc_dog_bird_b0_01	attack	running	-	physical_gpus=1,2,3 alpha=0.25 Jacobian-off 5 targets 1 verification victim; normal pipeline will reuse
2026-08-26T08:19:34+00:00	prefetch_01_convnet_fc_dog_bird_b0_01	attack	active	-	actual isolated pgid=445515 physical_gpus=1,2,3 exact run target_file=target_sets/ConvNetBN_fc_dog-bird.json target_label=50
2026-08-26T08:22:52+00:00	prefetch_wave2_attacks	scheduler	paused	-	only launcher pid290689 SIGSTOP; active wave1 defense children continue; prevents wave2 lock race while attacks precompute
2026-08-26T08:24:20+00:00	prefetch_01_convnet_fc_dog_bird_b0_01	attack	complete	0	5 finite delta files max_linf=0.031372517 verification_ASR=100.0%
2026-08-26T08:24:20+00:00	prefetch_06_resnet20_gradmatch_dog_bird_b0_02	attack	running	-	physical_gpus=1,2,3 alpha=0.25 Jacobian-off 5 targets 1 verification victim
2026-08-26T08:24:37+00:00	prefetch_06_resnet20_gradmatch_dog_bird_b0_02	attack	active	-	actual isolated pgid=449747 target_file=target_sets/ResNet20BN_gradmatch_dog-bird.json target_label=14
2026-08-26T09:07:39+00:00	prefetch_06_resnet20_gradmatch_dog_bird_b0_02	attack	paused	-	SIGSTOP isolated pgid=449747 after pmon showed 84-98% SM monopoly and EPIC starvation; state retained
delta_files=20
defense_rows=0
===== 2026-08-26T09:36:26+00:00 =====
0, 1 MiB, 143771 MiB, 0 %, 30
1, 29622 MiB, 143771 MiB, 99 %, 34
2, 26332 MiB, 143771 MiB, 99 %, 35
3, 26346 MiB, 143771 MiB, 99 %, 34
4, 18648 MiB, 143771 MiB, 100 %, 40
5, 14178 MiB, 143771 MiB, 100 %, 41
6, 1 MiB, 143771 MiB, 0 %, 32
our_python_processes=8
2026-08-26T08:08:58+00:00	epic_clean_ResNet20BN_victim3	precompute	complete	0	checkpoint_bytes=1139631 physical_gpu=3 elapsed=1228s
2026-08-26T08:10:34+00:00	epic_clean_ConvNetBN_victim3	precompute	complete	0	physical_gpu=3 elapsed=1317s checkpoint_bytes=1291462
2026-08-26T08:10:34+00:00	epic_clean_VGG13BN_victim3	precompute	complete	0	physical_gpu=3 elapsed=1356s checkpoint_bytes=37712187
2026-08-26T08:10:34+00:00	epic_clean_victim3	precompute	complete	0	all three model checkpoints atomically cached; main pipelines will skip victim3
2026-08-26T08:16:19+00:00	epic_clean_ResNet20BN_victim2	precompute	complete	0	physical_gpu=2 elapsed=260s checkpoint_bytes=1139631; main will skip victims2,3 after victim1
2026-08-26T08:19:17+00:00	prefetch_01_convnet_fc_dog_bird_b0_01	attack	running	-	physical_gpus=1,2,3 alpha=0.25 Jacobian-off 5 targets 1 verification victim; normal pipeline will reuse
2026-08-26T08:19:34+00:00	prefetch_01_convnet_fc_dog_bird_b0_01	attack	active	-	actual isolated pgid=445515 physical_gpus=1,2,3 exact run target_file=target_sets/ConvNetBN_fc_dog-bird.json target_label=50
2026-08-26T08:22:52+00:00	prefetch_wave2_attacks	scheduler	paused	-	only launcher pid290689 SIGSTOP; active wave1 defense children continue; prevents wave2 lock race while attacks precompute
2026-08-26T08:24:20+00:00	prefetch_01_convnet_fc_dog_bird_b0_01	attack	complete	0	5 finite delta files max_linf=0.031372517 verification_ASR=100.0%
2026-08-26T08:24:20+00:00	prefetch_06_resnet20_gradmatch_dog_bird_b0_02	attack	running	-	physical_gpus=1,2,3 alpha=0.25 Jacobian-off 5 targets 1 verification victim
2026-08-26T08:24:37+00:00	prefetch_06_resnet20_gradmatch_dog_bird_b0_02	attack	active	-	actual isolated pgid=449747 target_file=target_sets/ResNet20BN_gradmatch_dog-bird.json target_label=14
2026-08-26T09:07:39+00:00	prefetch_06_resnet20_gradmatch_dog_bird_b0_02	attack	paused	-	SIGSTOP isolated pgid=449747 after pmon showed 84-98% SM monopoly and EPIC starvation; state retained
delta_files=20
defense_rows=0
===== 2026-08-26T09:41:26+00:00 =====
0, 1 MiB, 143771 MiB, 0 %, 30
1, 29612 MiB, 143771 MiB, 99 %, 34
2, 26324 MiB, 143771 MiB, 99 %, 34
3, 26324 MiB, 143771 MiB, 99 %, 33
4, 23516 MiB, 143771 MiB, 100 %, 39
5, 15640 MiB, 143771 MiB, 100 %, 40
6, 1 MiB, 143771 MiB, 0 %, 32
our_python_processes=9
2026-08-26T08:08:58+00:00	epic_clean_ResNet20BN_victim3	precompute	complete	0	checkpoint_bytes=1139631 physical_gpu=3 elapsed=1228s
2026-08-26T08:10:34+00:00	epic_clean_ConvNetBN_victim3	precompute	complete	0	physical_gpu=3 elapsed=1317s checkpoint_bytes=1291462
2026-08-26T08:10:34+00:00	epic_clean_VGG13BN_victim3	precompute	complete	0	physical_gpu=3 elapsed=1356s checkpoint_bytes=37712187
2026-08-26T08:10:34+00:00	epic_clean_victim3	precompute	complete	0	all three model checkpoints atomically cached; main pipelines will skip victim3
2026-08-26T08:16:19+00:00	epic_clean_ResNet20BN_victim2	precompute	complete	0	physical_gpu=2 elapsed=260s checkpoint_bytes=1139631; main will skip victims2,3 after victim1
2026-08-26T08:19:17+00:00	prefetch_01_convnet_fc_dog_bird_b0_01	attack	running	-	physical_gpus=1,2,3 alpha=0.25 Jacobian-off 5 targets 1 verification victim; normal pipeline will reuse
2026-08-26T08:19:34+00:00	prefetch_01_convnet_fc_dog_bird_b0_01	attack	active	-	actual isolated pgid=445515 physical_gpus=1,2,3 exact run target_file=target_sets/ConvNetBN_fc_dog-bird.json target_label=50
2026-08-26T08:22:52+00:00	prefetch_wave2_attacks	scheduler	paused	-	only launcher pid290689 SIGSTOP; active wave1 defense children continue; prevents wave2 lock race while attacks precompute
2026-08-26T08:24:20+00:00	prefetch_01_convnet_fc_dog_bird_b0_01	attack	complete	0	5 finite delta files max_linf=0.031372517 verification_ASR=100.0%
2026-08-26T08:24:20+00:00	prefetch_06_resnet20_gradmatch_dog_bird_b0_02	attack	running	-	physical_gpus=1,2,3 alpha=0.25 Jacobian-off 5 targets 1 verification victim
2026-08-26T08:24:37+00:00	prefetch_06_resnet20_gradmatch_dog_bird_b0_02	attack	active	-	actual isolated pgid=449747 target_file=target_sets/ResNet20BN_gradmatch_dog-bird.json target_label=14
2026-08-26T09:07:39+00:00	prefetch_06_resnet20_gradmatch_dog_bird_b0_02	attack	paused	-	SIGSTOP isolated pgid=449747 after pmon showed 84-98% SM monopoly and EPIC starvation; state retained
delta_files=20
defense_rows=0
===== 2026-08-26T09:46:27+00:00 =====
0, 1 MiB, 143771 MiB, 0 %, 30
1, 29626 MiB, 143771 MiB, 98 %, 35
2, 26332 MiB, 143771 MiB, 99 %, 34
3, 26348 MiB, 143771 MiB, 99 %, 33
4, 21852 MiB, 143771 MiB, 100 %, 39
5, 23490 MiB, 143771 MiB, 100 %, 39
6, 1 MiB, 143771 MiB, 0 %, 32
our_python_processes=10
2026-08-26T08:08:58+00:00	epic_clean_ResNet20BN_victim3	precompute	complete	0	checkpoint_bytes=1139631 physical_gpu=3 elapsed=1228s
2026-08-26T08:10:34+00:00	epic_clean_ConvNetBN_victim3	precompute	complete	0	physical_gpu=3 elapsed=1317s checkpoint_bytes=1291462
2026-08-26T08:10:34+00:00	epic_clean_VGG13BN_victim3	precompute	complete	0	physical_gpu=3 elapsed=1356s checkpoint_bytes=37712187
2026-08-26T08:10:34+00:00	epic_clean_victim3	precompute	complete	0	all three model checkpoints atomically cached; main pipelines will skip victim3
2026-08-26T08:16:19+00:00	epic_clean_ResNet20BN_victim2	precompute	complete	0	physical_gpu=2 elapsed=260s checkpoint_bytes=1139631; main will skip victims2,3 after victim1
2026-08-26T08:19:17+00:00	prefetch_01_convnet_fc_dog_bird_b0_01	attack	running	-	physical_gpus=1,2,3 alpha=0.25 Jacobian-off 5 targets 1 verification victim; normal pipeline will reuse
2026-08-26T08:19:34+00:00	prefetch_01_convnet_fc_dog_bird_b0_01	attack	active	-	actual isolated pgid=445515 physical_gpus=1,2,3 exact run target_file=target_sets/ConvNetBN_fc_dog-bird.json target_label=50
2026-08-26T08:22:52+00:00	prefetch_wave2_attacks	scheduler	paused	-	only launcher pid290689 SIGSTOP; active wave1 defense children continue; prevents wave2 lock race while attacks precompute
2026-08-26T08:24:20+00:00	prefetch_01_convnet_fc_dog_bird_b0_01	attack	complete	0	5 finite delta files max_linf=0.031372517 verification_ASR=100.0%
2026-08-26T08:24:20+00:00	prefetch_06_resnet20_gradmatch_dog_bird_b0_02	attack	running	-	physical_gpus=1,2,3 alpha=0.25 Jacobian-off 5 targets 1 verification victim
2026-08-26T08:24:37+00:00	prefetch_06_resnet20_gradmatch_dog_bird_b0_02	attack	active	-	actual isolated pgid=449747 target_file=target_sets/ResNet20BN_gradmatch_dog-bird.json target_label=14
2026-08-26T09:07:39+00:00	prefetch_06_resnet20_gradmatch_dog_bird_b0_02	attack	paused	-	SIGSTOP isolated pgid=449747 after pmon showed 84-98% SM monopoly and EPIC starvation; state retained
delta_files=20
defense_rows=0
===== 2026-08-26T09:51:27+00:00 =====
0, 1 MiB, 143771 MiB, 0 %, 30
1, 29630 MiB, 143771 MiB, 99 %, 34
2, 26338 MiB, 143771 MiB, 99 %, 34
3, 26350 MiB, 143771 MiB, 99 %, 37
4, 21706 MiB, 143771 MiB, 100 %, 38
5, 21764 MiB, 143771 MiB, 100 %, 39
6, 1 MiB, 143771 MiB, 0 %, 32
our_python_processes=10
2026-08-26T08:08:58+00:00	epic_clean_ResNet20BN_victim3	precompute	complete	0	checkpoint_bytes=1139631 physical_gpu=3 elapsed=1228s
2026-08-26T08:10:34+00:00	epic_clean_ConvNetBN_victim3	precompute	complete	0	physical_gpu=3 elapsed=1317s checkpoint_bytes=1291462
2026-08-26T08:10:34+00:00	epic_clean_VGG13BN_victim3	precompute	complete	0	physical_gpu=3 elapsed=1356s checkpoint_bytes=37712187
2026-08-26T08:10:34+00:00	epic_clean_victim3	precompute	complete	0	all three model checkpoints atomically cached; main pipelines will skip victim3
2026-08-26T08:16:19+00:00	epic_clean_ResNet20BN_victim2	precompute	complete	0	physical_gpu=2 elapsed=260s checkpoint_bytes=1139631; main will skip victims2,3 after victim1
2026-08-26T08:19:17+00:00	prefetch_01_convnet_fc_dog_bird_b0_01	attack	running	-	physical_gpus=1,2,3 alpha=0.25 Jacobian-off 5 targets 1 verification victim; normal pipeline will reuse
2026-08-26T08:19:34+00:00	prefetch_01_convnet_fc_dog_bird_b0_01	attack	active	-	actual isolated pgid=445515 physical_gpus=1,2,3 exact run target_file=target_sets/ConvNetBN_fc_dog-bird.json target_label=50
2026-08-26T08:22:52+00:00	prefetch_wave2_attacks	scheduler	paused	-	only launcher pid290689 SIGSTOP; active wave1 defense children continue; prevents wave2 lock race while attacks precompute
2026-08-26T08:24:20+00:00	prefetch_01_convnet_fc_dog_bird_b0_01	attack	complete	0	5 finite delta files max_linf=0.031372517 verification_ASR=100.0%
2026-08-26T08:24:20+00:00	prefetch_06_resnet20_gradmatch_dog_bird_b0_02	attack	running	-	physical_gpus=1,2,3 alpha=0.25 Jacobian-off 5 targets 1 verification victim
2026-08-26T08:24:37+00:00	prefetch_06_resnet20_gradmatch_dog_bird_b0_02	attack	active	-	actual isolated pgid=449747 target_file=target_sets/ResNet20BN_gradmatch_dog-bird.json target_label=14
2026-08-26T09:07:39+00:00	prefetch_06_resnet20_gradmatch_dog_bird_b0_02	attack	paused	-	SIGSTOP isolated pgid=449747 after pmon showed 84-98% SM monopoly and EPIC starvation; state retained
delta_files=20
defense_rows=0
===== 2026-08-26T09:56:27+00:00 =====
0, 1 MiB, 143771 MiB, 0 %, 30
1, 29336 MiB, 143771 MiB, 98 %, 36
2, 26338 MiB, 143771 MiB, 99 %, 34
3, 26344 MiB, 143771 MiB, 99 %, 34
4, 21724 MiB, 143771 MiB, 100 %, 39
5, 22028 MiB, 143771 MiB, 100 %, 39
6, 1 MiB, 143771 MiB, 0 %, 32
our_python_processes=10
2026-08-26T08:08:58+00:00	epic_clean_ResNet20BN_victim3	precompute	complete	0	checkpoint_bytes=1139631 physical_gpu=3 elapsed=1228s
2026-08-26T08:10:34+00:00	epic_clean_ConvNetBN_victim3	precompute	complete	0	physical_gpu=3 elapsed=1317s checkpoint_bytes=1291462
2026-08-26T08:10:34+00:00	epic_clean_VGG13BN_victim3	precompute	complete	0	physical_gpu=3 elapsed=1356s checkpoint_bytes=37712187
2026-08-26T08:10:34+00:00	epic_clean_victim3	precompute	complete	0	all three model checkpoints atomically cached; main pipelines will skip victim3
2026-08-26T08:16:19+00:00	epic_clean_ResNet20BN_victim2	precompute	complete	0	physical_gpu=2 elapsed=260s checkpoint_bytes=1139631; main will skip victims2,3 after victim1
2026-08-26T08:19:17+00:00	prefetch_01_convnet_fc_dog_bird_b0_01	attack	running	-	physical_gpus=1,2,3 alpha=0.25 Jacobian-off 5 targets 1 verification victim; normal pipeline will reuse
2026-08-26T08:19:34+00:00	prefetch_01_convnet_fc_dog_bird_b0_01	attack	active	-	actual isolated pgid=445515 physical_gpus=1,2,3 exact run target_file=target_sets/ConvNetBN_fc_dog-bird.json target_label=50
2026-08-26T08:22:52+00:00	prefetch_wave2_attacks	scheduler	paused	-	only launcher pid290689 SIGSTOP; active wave1 defense children continue; prevents wave2 lock race while attacks precompute
2026-08-26T08:24:20+00:00	prefetch_01_convnet_fc_dog_bird_b0_01	attack	complete	0	5 finite delta files max_linf=0.031372517 verification_ASR=100.0%
2026-08-26T08:24:20+00:00	prefetch_06_resnet20_gradmatch_dog_bird_b0_02	attack	running	-	physical_gpus=1,2,3 alpha=0.25 Jacobian-off 5 targets 1 verification victim
2026-08-26T08:24:37+00:00	prefetch_06_resnet20_gradmatch_dog_bird_b0_02	attack	active	-	actual isolated pgid=449747 target_file=target_sets/ResNet20BN_gradmatch_dog-bird.json target_label=14
2026-08-26T09:07:39+00:00	prefetch_06_resnet20_gradmatch_dog_bird_b0_02	attack	paused	-	SIGSTOP isolated pgid=449747 after pmon showed 84-98% SM monopoly and EPIC starvation; state retained
delta_files=20
defense_rows=0
===== 2026-08-26T10:01:28+00:00 =====
0, 1 MiB, 143771 MiB, 0 %, 30
1, 29606 MiB, 143771 MiB, 99 %, 33
2, 26336 MiB, 143771 MiB, 99 %, 34
3, 26324 MiB, 143771 MiB, 99 %, 33
4, 21964 MiB, 143771 MiB, 99 %, 42
5, 24138 MiB, 143771 MiB, 100 %, 41
6, 1 MiB, 143771 MiB, 0 %, 32
our_python_processes=10
2026-08-26T08:08:58+00:00	epic_clean_ResNet20BN_victim3	precompute	complete	0	checkpoint_bytes=1139631 physical_gpu=3 elapsed=1228s
2026-08-26T08:10:34+00:00	epic_clean_ConvNetBN_victim3	precompute	complete	0	physical_gpu=3 elapsed=1317s checkpoint_bytes=1291462
2026-08-26T08:10:34+00:00	epic_clean_VGG13BN_victim3	precompute	complete	0	physical_gpu=3 elapsed=1356s checkpoint_bytes=37712187
2026-08-26T08:10:34+00:00	epic_clean_victim3	precompute	complete	0	all three model checkpoints atomically cached; main pipelines will skip victim3
2026-08-26T08:16:19+00:00	epic_clean_ResNet20BN_victim2	precompute	complete	0	physical_gpu=2 elapsed=260s checkpoint_bytes=1139631; main will skip victims2,3 after victim1
2026-08-26T08:19:17+00:00	prefetch_01_convnet_fc_dog_bird_b0_01	attack	running	-	physical_gpus=1,2,3 alpha=0.25 Jacobian-off 5 targets 1 verification victim; normal pipeline will reuse
2026-08-26T08:19:34+00:00	prefetch_01_convnet_fc_dog_bird_b0_01	attack	active	-	actual isolated pgid=445515 physical_gpus=1,2,3 exact run target_file=target_sets/ConvNetBN_fc_dog-bird.json target_label=50
2026-08-26T08:22:52+00:00	prefetch_wave2_attacks	scheduler	paused	-	only launcher pid290689 SIGSTOP; active wave1 defense children continue; prevents wave2 lock race while attacks precompute
2026-08-26T08:24:20+00:00	prefetch_01_convnet_fc_dog_bird_b0_01	attack	complete	0	5 finite delta files max_linf=0.031372517 verification_ASR=100.0%
2026-08-26T08:24:20+00:00	prefetch_06_resnet20_gradmatch_dog_bird_b0_02	attack	running	-	physical_gpus=1,2,3 alpha=0.25 Jacobian-off 5 targets 1 verification victim
2026-08-26T08:24:37+00:00	prefetch_06_resnet20_gradmatch_dog_bird_b0_02	attack	active	-	actual isolated pgid=449747 target_file=target_sets/ResNet20BN_gradmatch_dog-bird.json target_label=14
2026-08-26T09:07:39+00:00	prefetch_06_resnet20_gradmatch_dog_bird_b0_02	attack	paused	-	SIGSTOP isolated pgid=449747 after pmon showed 84-98% SM monopoly and EPIC starvation; state retained
delta_files=20
defense_rows=0
===== 2026-08-26T10:06:28+00:00 =====
0, 1 MiB, 143771 MiB, 0 %, 30
1, 29612 MiB, 143771 MiB, 99 %, 33
2, 26346 MiB, 143771 MiB, 99 %, 37
3, 26338 MiB, 143771 MiB, 99 %, 37
4, 16770 MiB, 143771 MiB, 99 %, 42
5, 19028 MiB, 143771 MiB, 100 %, 41
6, 1 MiB, 143771 MiB, 0 %, 32
our_python_processes=10
2026-08-26T08:08:58+00:00	epic_clean_ResNet20BN_victim3	precompute	complete	0	checkpoint_bytes=1139631 physical_gpu=3 elapsed=1228s
2026-08-26T08:10:34+00:00	epic_clean_ConvNetBN_victim3	precompute	complete	0	physical_gpu=3 elapsed=1317s checkpoint_bytes=1291462
2026-08-26T08:10:34+00:00	epic_clean_VGG13BN_victim3	precompute	complete	0	physical_gpu=3 elapsed=1356s checkpoint_bytes=37712187
2026-08-26T08:10:34+00:00	epic_clean_victim3	precompute	complete	0	all three model checkpoints atomically cached; main pipelines will skip victim3
2026-08-26T08:16:19+00:00	epic_clean_ResNet20BN_victim2	precompute	complete	0	physical_gpu=2 elapsed=260s checkpoint_bytes=1139631; main will skip victims2,3 after victim1
2026-08-26T08:19:17+00:00	prefetch_01_convnet_fc_dog_bird_b0_01	attack	running	-	physical_gpus=1,2,3 alpha=0.25 Jacobian-off 5 targets 1 verification victim; normal pipeline will reuse
2026-08-26T08:19:34+00:00	prefetch_01_convnet_fc_dog_bird_b0_01	attack	active	-	actual isolated pgid=445515 physical_gpus=1,2,3 exact run target_file=target_sets/ConvNetBN_fc_dog-bird.json target_label=50
2026-08-26T08:22:52+00:00	prefetch_wave2_attacks	scheduler	paused	-	only launcher pid290689 SIGSTOP; active wave1 defense children continue; prevents wave2 lock race while attacks precompute
2026-08-26T08:24:20+00:00	prefetch_01_convnet_fc_dog_bird_b0_01	attack	complete	0	5 finite delta files max_linf=0.031372517 verification_ASR=100.0%
2026-08-26T08:24:20+00:00	prefetch_06_resnet20_gradmatch_dog_bird_b0_02	attack	running	-	physical_gpus=1,2,3 alpha=0.25 Jacobian-off 5 targets 1 verification victim
2026-08-26T08:24:37+00:00	prefetch_06_resnet20_gradmatch_dog_bird_b0_02	attack	active	-	actual isolated pgid=449747 target_file=target_sets/ResNet20BN_gradmatch_dog-bird.json target_label=14
2026-08-26T09:07:39+00:00	prefetch_06_resnet20_gradmatch_dog_bird_b0_02	attack	paused	-	SIGSTOP isolated pgid=449747 after pmon showed 84-98% SM monopoly and EPIC starvation; state retained
delta_files=20
defense_rows=0
===== 2026-08-26T10:11:28+00:00 =====
0, 1 MiB, 143771 MiB, 0 %, 30
1, 29620 MiB, 143771 MiB, 99 %, 34
2, 26348 MiB, 143771 MiB, 99 %, 34
3, 26344 MiB, 143771 MiB, 99 %, 34
4, 11597 MiB, 143771 MiB, 99 %, 40
5, 11433 MiB, 143771 MiB, 100 %, 40
6, 1 MiB, 143771 MiB, 0 %, 32
our_python_processes=9
2026-08-26T08:08:58+00:00	epic_clean_ResNet20BN_victim3	precompute	complete	0	checkpoint_bytes=1139631 physical_gpu=3 elapsed=1228s
2026-08-26T08:10:34+00:00	epic_clean_ConvNetBN_victim3	precompute	complete	0	physical_gpu=3 elapsed=1317s checkpoint_bytes=1291462
2026-08-26T08:10:34+00:00	epic_clean_VGG13BN_victim3	precompute	complete	0	physical_gpu=3 elapsed=1356s checkpoint_bytes=37712187
2026-08-26T08:10:34+00:00	epic_clean_victim3	precompute	complete	0	all three model checkpoints atomically cached; main pipelines will skip victim3
2026-08-26T08:16:19+00:00	epic_clean_ResNet20BN_victim2	precompute	complete	0	physical_gpu=2 elapsed=260s checkpoint_bytes=1139631; main will skip victims2,3 after victim1
2026-08-26T08:19:17+00:00	prefetch_01_convnet_fc_dog_bird_b0_01	attack	running	-	physical_gpus=1,2,3 alpha=0.25 Jacobian-off 5 targets 1 verification victim; normal pipeline will reuse
2026-08-26T08:19:34+00:00	prefetch_01_convnet_fc_dog_bird_b0_01	attack	active	-	actual isolated pgid=445515 physical_gpus=1,2,3 exact run target_file=target_sets/ConvNetBN_fc_dog-bird.json target_label=50
2026-08-26T08:22:52+00:00	prefetch_wave2_attacks	scheduler	paused	-	only launcher pid290689 SIGSTOP; active wave1 defense children continue; prevents wave2 lock race while attacks precompute
2026-08-26T08:24:20+00:00	prefetch_01_convnet_fc_dog_bird_b0_01	attack	complete	0	5 finite delta files max_linf=0.031372517 verification_ASR=100.0%
2026-08-26T08:24:20+00:00	prefetch_06_resnet20_gradmatch_dog_bird_b0_02	attack	running	-	physical_gpus=1,2,3 alpha=0.25 Jacobian-off 5 targets 1 verification victim
2026-08-26T08:24:37+00:00	prefetch_06_resnet20_gradmatch_dog_bird_b0_02	attack	active	-	actual isolated pgid=449747 target_file=target_sets/ResNet20BN_gradmatch_dog-bird.json target_label=14
2026-08-26T09:07:39+00:00	prefetch_06_resnet20_gradmatch_dog_bird_b0_02	attack	paused	-	SIGSTOP isolated pgid=449747 after pmon showed 84-98% SM monopoly and EPIC starvation; state retained
delta_files=20
defense_rows=0
===== 2026-08-26T10:16:29+00:00 =====
0, 1 MiB, 143771 MiB, 0 %, 30
1, 28584 MiB, 143771 MiB, 99 %, 39
2, 25038 MiB, 143771 MiB, 100 %, 42
3, 26064 MiB, 143771 MiB, 98 %, 36
4, 13437 MiB, 143771 MiB, 98 %, 40
5, 14972 MiB, 143771 MiB, 99 %, 40
6, 1 MiB, 143771 MiB, 0 %, 32
our_python_processes=9
2026-08-26T08:08:58+00:00	epic_clean_ResNet20BN_victim3	precompute	complete	0	checkpoint_bytes=1139631 physical_gpu=3 elapsed=1228s
2026-08-26T08:10:34+00:00	epic_clean_ConvNetBN_victim3	precompute	complete	0	physical_gpu=3 elapsed=1317s checkpoint_bytes=1291462
2026-08-26T08:10:34+00:00	epic_clean_VGG13BN_victim3	precompute	complete	0	physical_gpu=3 elapsed=1356s checkpoint_bytes=37712187
2026-08-26T08:10:34+00:00	epic_clean_victim3	precompute	complete	0	all three model checkpoints atomically cached; main pipelines will skip victim3
2026-08-26T08:16:19+00:00	epic_clean_ResNet20BN_victim2	precompute	complete	0	physical_gpu=2 elapsed=260s checkpoint_bytes=1139631; main will skip victims2,3 after victim1
2026-08-26T08:19:17+00:00	prefetch_01_convnet_fc_dog_bird_b0_01	attack	running	-	physical_gpus=1,2,3 alpha=0.25 Jacobian-off 5 targets 1 verification victim; normal pipeline will reuse
2026-08-26T08:19:34+00:00	prefetch_01_convnet_fc_dog_bird_b0_01	attack	active	-	actual isolated pgid=445515 physical_gpus=1,2,3 exact run target_file=target_sets/ConvNetBN_fc_dog-bird.json target_label=50
2026-08-26T08:22:52+00:00	prefetch_wave2_attacks	scheduler	paused	-	only launcher pid290689 SIGSTOP; active wave1 defense children continue; prevents wave2 lock race while attacks precompute
2026-08-26T08:24:20+00:00	prefetch_01_convnet_fc_dog_bird_b0_01	attack	complete	0	5 finite delta files max_linf=0.031372517 verification_ASR=100.0%
2026-08-26T08:24:20+00:00	prefetch_06_resnet20_gradmatch_dog_bird_b0_02	attack	running	-	physical_gpus=1,2,3 alpha=0.25 Jacobian-off 5 targets 1 verification victim
2026-08-26T08:24:37+00:00	prefetch_06_resnet20_gradmatch_dog_bird_b0_02	attack	active	-	actual isolated pgid=449747 target_file=target_sets/ResNet20BN_gradmatch_dog-bird.json target_label=14
2026-08-26T09:07:39+00:00	prefetch_06_resnet20_gradmatch_dog_bird_b0_02	attack	paused	-	SIGSTOP isolated pgid=449747 after pmon showed 84-98% SM monopoly and EPIC starvation; state retained
delta_files=20
defense_rows=0
===== 2026-08-26T10:21:29+00:00 =====
0, 1 MiB, 143771 MiB, 0 %, 30
1, 29634 MiB, 143771 MiB, 99 %, 34
2, 26332 MiB, 143771 MiB, 99 %, 34
3, 26324 MiB, 143771 MiB, 98 %, 35
4, 11865 MiB, 143771 MiB, 98 %, 40
5, 13490 MiB, 143771 MiB, 99 %, 40
6, 1 MiB, 143771 MiB, 0 %, 32
our_python_processes=9
2026-08-26T08:08:58+00:00	epic_clean_ResNet20BN_victim3	precompute	complete	0	checkpoint_bytes=1139631 physical_gpu=3 elapsed=1228s
2026-08-26T08:10:34+00:00	epic_clean_ConvNetBN_victim3	precompute	complete	0	physical_gpu=3 elapsed=1317s checkpoint_bytes=1291462
2026-08-26T08:10:34+00:00	epic_clean_VGG13BN_victim3	precompute	complete	0	physical_gpu=3 elapsed=1356s checkpoint_bytes=37712187
2026-08-26T08:10:34+00:00	epic_clean_victim3	precompute	complete	0	all three model checkpoints atomically cached; main pipelines will skip victim3
2026-08-26T08:16:19+00:00	epic_clean_ResNet20BN_victim2	precompute	complete	0	physical_gpu=2 elapsed=260s checkpoint_bytes=1139631; main will skip victims2,3 after victim1
2026-08-26T08:19:17+00:00	prefetch_01_convnet_fc_dog_bird_b0_01	attack	running	-	physical_gpus=1,2,3 alpha=0.25 Jacobian-off 5 targets 1 verification victim; normal pipeline will reuse
2026-08-26T08:19:34+00:00	prefetch_01_convnet_fc_dog_bird_b0_01	attack	active	-	actual isolated pgid=445515 physical_gpus=1,2,3 exact run target_file=target_sets/ConvNetBN_fc_dog-bird.json target_label=50
2026-08-26T08:22:52+00:00	prefetch_wave2_attacks	scheduler	paused	-	only launcher pid290689 SIGSTOP; active wave1 defense children continue; prevents wave2 lock race while attacks precompute
2026-08-26T08:24:20+00:00	prefetch_01_convnet_fc_dog_bird_b0_01	attack	complete	0	5 finite delta files max_linf=0.031372517 verification_ASR=100.0%
2026-08-26T08:24:20+00:00	prefetch_06_resnet20_gradmatch_dog_bird_b0_02	attack	running	-	physical_gpus=1,2,3 alpha=0.25 Jacobian-off 5 targets 1 verification victim
2026-08-26T08:24:37+00:00	prefetch_06_resnet20_gradmatch_dog_bird_b0_02	attack	active	-	actual isolated pgid=449747 target_file=target_sets/ResNet20BN_gradmatch_dog-bird.json target_label=14
2026-08-26T09:07:39+00:00	prefetch_06_resnet20_gradmatch_dog_bird_b0_02	attack	paused	-	SIGSTOP isolated pgid=449747 after pmon showed 84-98% SM monopoly and EPIC starvation; state retained
delta_files=20
defense_rows=0
===== 2026-08-26T10:26:29+00:00 =====
0, 1 MiB, 143771 MiB, 0 %, 30
1, 29634 MiB, 143771 MiB, 99 %, 37
2, 26346 MiB, 143771 MiB, 99 %, 34
3, 26332 MiB, 143771 MiB, 99 %, 34
4, 9485 MiB, 143771 MiB, 34 %, 35
5, 17350 MiB, 143771 MiB, 99 %, 39
6, 1 MiB, 143771 MiB, 0 %, 32
our_python_processes=8
2026-08-26T08:08:58+00:00	epic_clean_ResNet20BN_victim3	precompute	complete	0	checkpoint_bytes=1139631 physical_gpu=3 elapsed=1228s
2026-08-26T08:10:34+00:00	epic_clean_ConvNetBN_victim3	precompute	complete	0	physical_gpu=3 elapsed=1317s checkpoint_bytes=1291462
2026-08-26T08:10:34+00:00	epic_clean_VGG13BN_victim3	precompute	complete	0	physical_gpu=3 elapsed=1356s checkpoint_bytes=37712187
2026-08-26T08:10:34+00:00	epic_clean_victim3	precompute	complete	0	all three model checkpoints atomically cached; main pipelines will skip victim3
2026-08-26T08:16:19+00:00	epic_clean_ResNet20BN_victim2	precompute	complete	0	physical_gpu=2 elapsed=260s checkpoint_bytes=1139631; main will skip victims2,3 after victim1
2026-08-26T08:19:17+00:00	prefetch_01_convnet_fc_dog_bird_b0_01	attack	running	-	physical_gpus=1,2,3 alpha=0.25 Jacobian-off 5 targets 1 verification victim; normal pipeline will reuse
2026-08-26T08:19:34+00:00	prefetch_01_convnet_fc_dog_bird_b0_01	attack	active	-	actual isolated pgid=445515 physical_gpus=1,2,3 exact run target_file=target_sets/ConvNetBN_fc_dog-bird.json target_label=50
2026-08-26T08:22:52+00:00	prefetch_wave2_attacks	scheduler	paused	-	only launcher pid290689 SIGSTOP; active wave1 defense children continue; prevents wave2 lock race while attacks precompute
2026-08-26T08:24:20+00:00	prefetch_01_convnet_fc_dog_bird_b0_01	attack	complete	0	5 finite delta files max_linf=0.031372517 verification_ASR=100.0%
2026-08-26T08:24:20+00:00	prefetch_06_resnet20_gradmatch_dog_bird_b0_02	attack	running	-	physical_gpus=1,2,3 alpha=0.25 Jacobian-off 5 targets 1 verification victim
2026-08-26T08:24:37+00:00	prefetch_06_resnet20_gradmatch_dog_bird_b0_02	attack	active	-	actual isolated pgid=449747 target_file=target_sets/ResNet20BN_gradmatch_dog-bird.json target_label=14
2026-08-26T09:07:39+00:00	prefetch_06_resnet20_gradmatch_dog_bird_b0_02	attack	paused	-	SIGSTOP isolated pgid=449747 after pmon showed 84-98% SM monopoly and EPIC starvation; state retained
delta_files=20
defense_rows=0
===== 2026-08-26T10:31:30+00:00 =====
0, 1 MiB, 143771 MiB, 0 %, 30
1, 29636 MiB, 143771 MiB, 99 %, 35
2, 26346 MiB, 143771 MiB, 99 %, 34
3, 26334 MiB, 143771 MiB, 99 %, 33
4, 13933 MiB, 143771 MiB, 98 %, 40
5, 17352 MiB, 143771 MiB, 99 %, 40
6, 1 MiB, 143771 MiB, 0 %, 32
our_python_processes=9
2026-08-26T08:08:58+00:00	epic_clean_ResNet20BN_victim3	precompute	complete	0	checkpoint_bytes=1139631 physical_gpu=3 elapsed=1228s
2026-08-26T08:10:34+00:00	epic_clean_ConvNetBN_victim3	precompute	complete	0	physical_gpu=3 elapsed=1317s checkpoint_bytes=1291462
2026-08-26T08:10:34+00:00	epic_clean_VGG13BN_victim3	precompute	complete	0	physical_gpu=3 elapsed=1356s checkpoint_bytes=37712187
2026-08-26T08:10:34+00:00	epic_clean_victim3	precompute	complete	0	all three model checkpoints atomically cached; main pipelines will skip victim3
2026-08-26T08:16:19+00:00	epic_clean_ResNet20BN_victim2	precompute	complete	0	physical_gpu=2 elapsed=260s checkpoint_bytes=1139631; main will skip victims2,3 after victim1
2026-08-26T08:19:17+00:00	prefetch_01_convnet_fc_dog_bird_b0_01	attack	running	-	physical_gpus=1,2,3 alpha=0.25 Jacobian-off 5 targets 1 verification victim; normal pipeline will reuse
2026-08-26T08:19:34+00:00	prefetch_01_convnet_fc_dog_bird_b0_01	attack	active	-	actual isolated pgid=445515 physical_gpus=1,2,3 exact run target_file=target_sets/ConvNetBN_fc_dog-bird.json target_label=50
2026-08-26T08:22:52+00:00	prefetch_wave2_attacks	scheduler	paused	-	only launcher pid290689 SIGSTOP; active wave1 defense children continue; prevents wave2 lock race while attacks precompute
2026-08-26T08:24:20+00:00	prefetch_01_convnet_fc_dog_bird_b0_01	attack	complete	0	5 finite delta files max_linf=0.031372517 verification_ASR=100.0%
2026-08-26T08:24:20+00:00	prefetch_06_resnet20_gradmatch_dog_bird_b0_02	attack	running	-	physical_gpus=1,2,3 alpha=0.25 Jacobian-off 5 targets 1 verification victim
2026-08-26T08:24:37+00:00	prefetch_06_resnet20_gradmatch_dog_bird_b0_02	attack	active	-	actual isolated pgid=449747 target_file=target_sets/ResNet20BN_gradmatch_dog-bird.json target_label=14
2026-08-26T09:07:39+00:00	prefetch_06_resnet20_gradmatch_dog_bird_b0_02	attack	paused	-	SIGSTOP isolated pgid=449747 after pmon showed 84-98% SM monopoly and EPIC starvation; state retained
delta_files=20
defense_rows=0
===== 2026-08-26T10:36:30+00:00 =====
0, 1 MiB, 143771 MiB, 0 %, 30
1, 29610 MiB, 143771 MiB, 99 %, 33
2, 26328 MiB, 143771 MiB, 99 %, 34
3, 26312 MiB, 143771 MiB, 100 %, 38
4, 1 MiB, 143771 MiB, 0 %, 30
5, 1 MiB, 143771 MiB, 0 %, 31
6, 1 MiB, 143771 MiB, 0 %, 32
our_python_processes=4
2026-08-26T08:08:58+00:00	epic_clean_ResNet20BN_victim3	precompute	complete	0	checkpoint_bytes=1139631 physical_gpu=3 elapsed=1228s
2026-08-26T08:10:34+00:00	epic_clean_ConvNetBN_victim3	precompute	complete	0	physical_gpu=3 elapsed=1317s checkpoint_bytes=1291462
2026-08-26T08:10:34+00:00	epic_clean_VGG13BN_victim3	precompute	complete	0	physical_gpu=3 elapsed=1356s checkpoint_bytes=37712187
2026-08-26T08:10:34+00:00	epic_clean_victim3	precompute	complete	0	all three model checkpoints atomically cached; main pipelines will skip victim3
2026-08-26T08:16:19+00:00	epic_clean_ResNet20BN_victim2	precompute	complete	0	physical_gpu=2 elapsed=260s checkpoint_bytes=1139631; main will skip victims2,3 after victim1
2026-08-26T08:19:17+00:00	prefetch_01_convnet_fc_dog_bird_b0_01	attack	running	-	physical_gpus=1,2,3 alpha=0.25 Jacobian-off 5 targets 1 verification victim; normal pipeline will reuse
2026-08-26T08:19:34+00:00	prefetch_01_convnet_fc_dog_bird_b0_01	attack	active	-	actual isolated pgid=445515 physical_gpus=1,2,3 exact run target_file=target_sets/ConvNetBN_fc_dog-bird.json target_label=50
2026-08-26T08:22:52+00:00	prefetch_wave2_attacks	scheduler	paused	-	only launcher pid290689 SIGSTOP; active wave1 defense children continue; prevents wave2 lock race while attacks precompute
2026-08-26T08:24:20+00:00	prefetch_01_convnet_fc_dog_bird_b0_01	attack	complete	0	5 finite delta files max_linf=0.031372517 verification_ASR=100.0%
2026-08-26T08:24:20+00:00	prefetch_06_resnet20_gradmatch_dog_bird_b0_02	attack	running	-	physical_gpus=1,2,3 alpha=0.25 Jacobian-off 5 targets 1 verification victim
2026-08-26T08:24:37+00:00	prefetch_06_resnet20_gradmatch_dog_bird_b0_02	attack	active	-	actual isolated pgid=449747 target_file=target_sets/ResNet20BN_gradmatch_dog-bird.json target_label=14
2026-08-26T09:07:39+00:00	prefetch_06_resnet20_gradmatch_dog_bird_b0_02	attack	paused	-	SIGSTOP isolated pgid=449747 after pmon showed 84-98% SM monopoly and EPIC starvation; state retained
delta_files=20
defense_rows=0
===== 2026-08-26T10:41:30+00:00 =====
0, 1 MiB, 143771 MiB, 0 %, 30
1, 29614 MiB, 143771 MiB, 99 %, 35
2, 26326 MiB, 143771 MiB, 99 %, 35
3, 26324 MiB, 143771 MiB, 99 %, 33
4, 1 MiB, 143771 MiB, 0 %, 30
5, 1 MiB, 143771 MiB, 0 %, 31
6, 1 MiB, 143771 MiB, 0 %, 32
our_python_processes=4
2026-08-26T08:08:58+00:00	epic_clean_ResNet20BN_victim3	precompute	complete	0	checkpoint_bytes=1139631 physical_gpu=3 elapsed=1228s
2026-08-26T08:10:34+00:00	epic_clean_ConvNetBN_victim3	precompute	complete	0	physical_gpu=3 elapsed=1317s checkpoint_bytes=1291462
2026-08-26T08:10:34+00:00	epic_clean_VGG13BN_victim3	precompute	complete	0	physical_gpu=3 elapsed=1356s checkpoint_bytes=37712187
2026-08-26T08:10:34+00:00	epic_clean_victim3	precompute	complete	0	all three model checkpoints atomically cached; main pipelines will skip victim3
2026-08-26T08:16:19+00:00	epic_clean_ResNet20BN_victim2	precompute	complete	0	physical_gpu=2 elapsed=260s checkpoint_bytes=1139631; main will skip victims2,3 after victim1
2026-08-26T08:19:17+00:00	prefetch_01_convnet_fc_dog_bird_b0_01	attack	running	-	physical_gpus=1,2,3 alpha=0.25 Jacobian-off 5 targets 1 verification victim; normal pipeline will reuse
2026-08-26T08:19:34+00:00	prefetch_01_convnet_fc_dog_bird_b0_01	attack	active	-	actual isolated pgid=445515 physical_gpus=1,2,3 exact run target_file=target_sets/ConvNetBN_fc_dog-bird.json target_label=50
2026-08-26T08:22:52+00:00	prefetch_wave2_attacks	scheduler	paused	-	only launcher pid290689 SIGSTOP; active wave1 defense children continue; prevents wave2 lock race while attacks precompute
2026-08-26T08:24:20+00:00	prefetch_01_convnet_fc_dog_bird_b0_01	attack	complete	0	5 finite delta files max_linf=0.031372517 verification_ASR=100.0%
2026-08-26T08:24:20+00:00	prefetch_06_resnet20_gradmatch_dog_bird_b0_02	attack	running	-	physical_gpus=1,2,3 alpha=0.25 Jacobian-off 5 targets 1 verification victim
2026-08-26T08:24:37+00:00	prefetch_06_resnet20_gradmatch_dog_bird_b0_02	attack	active	-	actual isolated pgid=449747 target_file=target_sets/ResNet20BN_gradmatch_dog-bird.json target_label=14
2026-08-26T09:07:39+00:00	prefetch_06_resnet20_gradmatch_dog_bird_b0_02	attack	paused	-	SIGSTOP isolated pgid=449747 after pmon showed 84-98% SM monopoly and EPIC starvation; state retained
delta_files=20
defense_rows=0
===== 2026-08-26T10:46:31+00:00 =====
0, 1 MiB, 143771 MiB, 0 %, 30
1, 29628 MiB, 143771 MiB, 99 %, 36
2, 26330 MiB, 143771 MiB, 99 %, 34
3, 26336 MiB, 143771 MiB, 99 %, 33
4, 1 MiB, 143771 MiB, 0 %, 30
5, 1 MiB, 143771 MiB, 0 %, 31
6, 1 MiB, 143771 MiB, 0 %, 32
our_python_processes=4
2026-08-26T08:08:58+00:00	epic_clean_ResNet20BN_victim3	precompute	complete	0	checkpoint_bytes=1139631 physical_gpu=3 elapsed=1228s
2026-08-26T08:10:34+00:00	epic_clean_ConvNetBN_victim3	precompute	complete	0	physical_gpu=3 elapsed=1317s checkpoint_bytes=1291462
2026-08-26T08:10:34+00:00	epic_clean_VGG13BN_victim3	precompute	complete	0	physical_gpu=3 elapsed=1356s checkpoint_bytes=37712187
2026-08-26T08:10:34+00:00	epic_clean_victim3	precompute	complete	0	all three model checkpoints atomically cached; main pipelines will skip victim3
2026-08-26T08:16:19+00:00	epic_clean_ResNet20BN_victim2	precompute	complete	0	physical_gpu=2 elapsed=260s checkpoint_bytes=1139631; main will skip victims2,3 after victim1
2026-08-26T08:19:17+00:00	prefetch_01_convnet_fc_dog_bird_b0_01	attack	running	-	physical_gpus=1,2,3 alpha=0.25 Jacobian-off 5 targets 1 verification victim; normal pipeline will reuse
2026-08-26T08:19:34+00:00	prefetch_01_convnet_fc_dog_bird_b0_01	attack	active	-	actual isolated pgid=445515 physical_gpus=1,2,3 exact run target_file=target_sets/ConvNetBN_fc_dog-bird.json target_label=50
2026-08-26T08:22:52+00:00	prefetch_wave2_attacks	scheduler	paused	-	only launcher pid290689 SIGSTOP; active wave1 defense children continue; prevents wave2 lock race while attacks precompute
2026-08-26T08:24:20+00:00	prefetch_01_convnet_fc_dog_bird_b0_01	attack	complete	0	5 finite delta files max_linf=0.031372517 verification_ASR=100.0%
2026-08-26T08:24:20+00:00	prefetch_06_resnet20_gradmatch_dog_bird_b0_02	attack	running	-	physical_gpus=1,2,3 alpha=0.25 Jacobian-off 5 targets 1 verification victim
2026-08-26T08:24:37+00:00	prefetch_06_resnet20_gradmatch_dog_bird_b0_02	attack	active	-	actual isolated pgid=449747 target_file=target_sets/ResNet20BN_gradmatch_dog-bird.json target_label=14
2026-08-26T09:07:39+00:00	prefetch_06_resnet20_gradmatch_dog_bird_b0_02	attack	paused	-	SIGSTOP isolated pgid=449747 after pmon showed 84-98% SM monopoly and EPIC starvation; state retained
delta_files=20
defense_rows=0
===== 2026-08-26T10:51:32+00:00 =====
0, 1 MiB, 143771 MiB, 0 %, 30
1, 28604 MiB, 143771 MiB, 99 %, 38
2, 26330 MiB, 143771 MiB, 99 %, 34
3, 26338 MiB, 143771 MiB, 99 %, 34
4, 1 MiB, 143771 MiB, 0 %, 30
5, 1 MiB, 143771 MiB, 0 %, 31
6, 1 MiB, 143771 MiB, 0 %, 32
our_python_processes=4
2026-08-26T08:08:58+00:00	epic_clean_ResNet20BN_victim3	precompute	complete	0	checkpoint_bytes=1139631 physical_gpu=3 elapsed=1228s
2026-08-26T08:10:34+00:00	epic_clean_ConvNetBN_victim3	precompute	complete	0	physical_gpu=3 elapsed=1317s checkpoint_bytes=1291462
2026-08-26T08:10:34+00:00	epic_clean_VGG13BN_victim3	precompute	complete	0	physical_gpu=3 elapsed=1356s checkpoint_bytes=37712187
2026-08-26T08:10:34+00:00	epic_clean_victim3	precompute	complete	0	all three model checkpoints atomically cached; main pipelines will skip victim3
2026-08-26T08:16:19+00:00	epic_clean_ResNet20BN_victim2	precompute	complete	0	physical_gpu=2 elapsed=260s checkpoint_bytes=1139631; main will skip victims2,3 after victim1
2026-08-26T08:19:17+00:00	prefetch_01_convnet_fc_dog_bird_b0_01	attack	running	-	physical_gpus=1,2,3 alpha=0.25 Jacobian-off 5 targets 1 verification victim; normal pipeline will reuse
2026-08-26T08:19:34+00:00	prefetch_01_convnet_fc_dog_bird_b0_01	attack	active	-	actual isolated pgid=445515 physical_gpus=1,2,3 exact run target_file=target_sets/ConvNetBN_fc_dog-bird.json target_label=50
2026-08-26T08:22:52+00:00	prefetch_wave2_attacks	scheduler	paused	-	only launcher pid290689 SIGSTOP; active wave1 defense children continue; prevents wave2 lock race while attacks precompute
2026-08-26T08:24:20+00:00	prefetch_01_convnet_fc_dog_bird_b0_01	attack	complete	0	5 finite delta files max_linf=0.031372517 verification_ASR=100.0%
2026-08-26T08:24:20+00:00	prefetch_06_resnet20_gradmatch_dog_bird_b0_02	attack	running	-	physical_gpus=1,2,3 alpha=0.25 Jacobian-off 5 targets 1 verification victim
2026-08-26T08:24:37+00:00	prefetch_06_resnet20_gradmatch_dog_bird_b0_02	attack	active	-	actual isolated pgid=449747 target_file=target_sets/ResNet20BN_gradmatch_dog-bird.json target_label=14
2026-08-26T09:07:39+00:00	prefetch_06_resnet20_gradmatch_dog_bird_b0_02	attack	paused	-	SIGSTOP isolated pgid=449747 after pmon showed 84-98% SM monopoly and EPIC starvation; state retained
delta_files=20
defense_rows=0
===== 2026-08-26T10:56:32+00:00 =====
0, 1 MiB, 143771 MiB, 0 %, 28
1, 29626 MiB, 143771 MiB, 99 %, 32
2, 17830 MiB, 143771 MiB, 0 %, 33
3, 26324 MiB, 143771 MiB, 99 %, 32
4, 1 MiB, 143771 MiB, 0 %, 29
5, 1 MiB, 143771 MiB, 0 %, 29
6, 1 MiB, 143771 MiB, 0 %, 31
our_python_processes=4
2026-08-26T08:08:58+00:00	epic_clean_ResNet20BN_victim3	precompute	complete	0	checkpoint_bytes=1139631 physical_gpu=3 elapsed=1228s
2026-08-26T08:10:34+00:00	epic_clean_ConvNetBN_victim3	precompute	complete	0	physical_gpu=3 elapsed=1317s checkpoint_bytes=1291462
2026-08-26T08:10:34+00:00	epic_clean_VGG13BN_victim3	precompute	complete	0	physical_gpu=3 elapsed=1356s checkpoint_bytes=37712187
2026-08-26T08:10:34+00:00	epic_clean_victim3	precompute	complete	0	all three model checkpoints atomically cached; main pipelines will skip victim3
2026-08-26T08:16:19+00:00	epic_clean_ResNet20BN_victim2	precompute	complete	0	physical_gpu=2 elapsed=260s checkpoint_bytes=1139631; main will skip victims2,3 after victim1
2026-08-26T08:19:17+00:00	prefetch_01_convnet_fc_dog_bird_b0_01	attack	running	-	physical_gpus=1,2,3 alpha=0.25 Jacobian-off 5 targets 1 verification victim; normal pipeline will reuse
2026-08-26T08:19:34+00:00	prefetch_01_convnet_fc_dog_bird_b0_01	attack	active	-	actual isolated pgid=445515 physical_gpus=1,2,3 exact run target_file=target_sets/ConvNetBN_fc_dog-bird.json target_label=50
2026-08-26T08:22:52+00:00	prefetch_wave2_attacks	scheduler	paused	-	only launcher pid290689 SIGSTOP; active wave1 defense children continue; prevents wave2 lock race while attacks precompute
2026-08-26T08:24:20+00:00	prefetch_01_convnet_fc_dog_bird_b0_01	attack	complete	0	5 finite delta files max_linf=0.031372517 verification_ASR=100.0%
2026-08-26T08:24:20+00:00	prefetch_06_resnet20_gradmatch_dog_bird_b0_02	attack	running	-	physical_gpus=1,2,3 alpha=0.25 Jacobian-off 5 targets 1 verification victim
2026-08-26T08:24:37+00:00	prefetch_06_resnet20_gradmatch_dog_bird_b0_02	attack	active	-	actual isolated pgid=449747 target_file=target_sets/ResNet20BN_gradmatch_dog-bird.json target_label=14
2026-08-26T09:07:39+00:00	prefetch_06_resnet20_gradmatch_dog_bird_b0_02	attack	paused	-	SIGSTOP isolated pgid=449747 after pmon showed 84-98% SM monopoly and EPIC starvation; state retained
delta_files=20
defense_rows=0
===== 2026-08-26T11:01:33+00:00 =====
0, 1 MiB, 143771 MiB, 0 %, 29
1, 26583 MiB, 143771 MiB, 99 %, 33
2, 17830 MiB, 143771 MiB, 0 %, 33
3, 26330 MiB, 143771 MiB, 98 %, 34
4, 1 MiB, 143771 MiB, 0 %, 30
5, 1 MiB, 143771 MiB, 0 %, 30
6, 1 MiB, 143771 MiB, 0 %, 32
our_python_processes=4
2026-08-26T08:08:58+00:00	epic_clean_ResNet20BN_victim3	precompute	complete	0	checkpoint_bytes=1139631 physical_gpu=3 elapsed=1228s
2026-08-26T08:10:34+00:00	epic_clean_ConvNetBN_victim3	precompute	complete	0	physical_gpu=3 elapsed=1317s checkpoint_bytes=1291462
2026-08-26T08:10:34+00:00	epic_clean_VGG13BN_victim3	precompute	complete	0	physical_gpu=3 elapsed=1356s checkpoint_bytes=37712187
2026-08-26T08:10:34+00:00	epic_clean_victim3	precompute	complete	0	all three model checkpoints atomically cached; main pipelines will skip victim3
2026-08-26T08:16:19+00:00	epic_clean_ResNet20BN_victim2	precompute	complete	0	physical_gpu=2 elapsed=260s checkpoint_bytes=1139631; main will skip victims2,3 after victim1
2026-08-26T08:19:17+00:00	prefetch_01_convnet_fc_dog_bird_b0_01	attack	running	-	physical_gpus=1,2,3 alpha=0.25 Jacobian-off 5 targets 1 verification victim; normal pipeline will reuse
2026-08-26T08:19:34+00:00	prefetch_01_convnet_fc_dog_bird_b0_01	attack	active	-	actual isolated pgid=445515 physical_gpus=1,2,3 exact run target_file=target_sets/ConvNetBN_fc_dog-bird.json target_label=50
2026-08-26T08:22:52+00:00	prefetch_wave2_attacks	scheduler	paused	-	only launcher pid290689 SIGSTOP; active wave1 defense children continue; prevents wave2 lock race while attacks precompute
2026-08-26T08:24:20+00:00	prefetch_01_convnet_fc_dog_bird_b0_01	attack	complete	0	5 finite delta files max_linf=0.031372517 verification_ASR=100.0%
2026-08-26T08:24:20+00:00	prefetch_06_resnet20_gradmatch_dog_bird_b0_02	attack	running	-	physical_gpus=1,2,3 alpha=0.25 Jacobian-off 5 targets 1 verification victim
2026-08-26T08:24:37+00:00	prefetch_06_resnet20_gradmatch_dog_bird_b0_02	attack	active	-	actual isolated pgid=449747 target_file=target_sets/ResNet20BN_gradmatch_dog-bird.json target_label=14
2026-08-26T09:07:39+00:00	prefetch_06_resnet20_gradmatch_dog_bird_b0_02	attack	paused	-	SIGSTOP isolated pgid=449747 after pmon showed 84-98% SM monopoly and EPIC starvation; state retained
delta_files=20
defense_rows=0
===== 2026-08-26T11:06:33+00:00 =====
0, 1 MiB, 143771 MiB, 0 %, 30
1, 30577 MiB, 143771 MiB, 99 %, 38
2, 17830 MiB, 143771 MiB, 0 %, 33
3, 23305 MiB, 143771 MiB, 97 %, 34
4, 1 MiB, 143771 MiB, 0 %, 30
5, 1 MiB, 143771 MiB, 0 %, 31
6, 1 MiB, 143771 MiB, 0 %, 32
our_python_processes=4
2026-08-26T08:08:58+00:00	epic_clean_ResNet20BN_victim3	precompute	complete	0	checkpoint_bytes=1139631 physical_gpu=3 elapsed=1228s
2026-08-26T08:10:34+00:00	epic_clean_ConvNetBN_victim3	precompute	complete	0	physical_gpu=3 elapsed=1317s checkpoint_bytes=1291462
2026-08-26T08:10:34+00:00	epic_clean_VGG13BN_victim3	precompute	complete	0	physical_gpu=3 elapsed=1356s checkpoint_bytes=37712187
2026-08-26T08:10:34+00:00	epic_clean_victim3	precompute	complete	0	all three model checkpoints atomically cached; main pipelines will skip victim3
2026-08-26T08:16:19+00:00	epic_clean_ResNet20BN_victim2	precompute	complete	0	physical_gpu=2 elapsed=260s checkpoint_bytes=1139631; main will skip victims2,3 after victim1
2026-08-26T08:19:17+00:00	prefetch_01_convnet_fc_dog_bird_b0_01	attack	running	-	physical_gpus=1,2,3 alpha=0.25 Jacobian-off 5 targets 1 verification victim; normal pipeline will reuse
2026-08-26T08:19:34+00:00	prefetch_01_convnet_fc_dog_bird_b0_01	attack	active	-	actual isolated pgid=445515 physical_gpus=1,2,3 exact run target_file=target_sets/ConvNetBN_fc_dog-bird.json target_label=50
2026-08-26T08:22:52+00:00	prefetch_wave2_attacks	scheduler	paused	-	only launcher pid290689 SIGSTOP; active wave1 defense children continue; prevents wave2 lock race while attacks precompute
2026-08-26T08:24:20+00:00	prefetch_01_convnet_fc_dog_bird_b0_01	attack	complete	0	5 finite delta files max_linf=0.031372517 verification_ASR=100.0%
2026-08-26T08:24:20+00:00	prefetch_06_resnet20_gradmatch_dog_bird_b0_02	attack	running	-	physical_gpus=1,2,3 alpha=0.25 Jacobian-off 5 targets 1 verification victim
2026-08-26T08:24:37+00:00	prefetch_06_resnet20_gradmatch_dog_bird_b0_02	attack	active	-	actual isolated pgid=449747 target_file=target_sets/ResNet20BN_gradmatch_dog-bird.json target_label=14
2026-08-26T09:07:39+00:00	prefetch_06_resnet20_gradmatch_dog_bird_b0_02	attack	paused	-	SIGSTOP isolated pgid=449747 after pmon showed 84-98% SM monopoly and EPIC starvation; state retained
delta_files=20
defense_rows=20
===== 2026-08-26T11:11:34+00:00 =====
0, 1 MiB, 143771 MiB, 0 %, 30
1, 30928 MiB, 143771 MiB, 99 %, 39
2, 22175 MiB, 143771 MiB, 43 %, 39
3, 22163 MiB, 143771 MiB, 43 %, 37
4, 1 MiB, 143771 MiB, 0 %, 30
5, 1 MiB, 143771 MiB, 0 %, 31
6, 1 MiB, 143771 MiB, 0 %, 32
our_python_processes=4
2026-08-26T08:08:58+00:00	epic_clean_ResNet20BN_victim3	precompute	complete	0	checkpoint_bytes=1139631 physical_gpu=3 elapsed=1228s
2026-08-26T08:10:34+00:00	epic_clean_ConvNetBN_victim3	precompute	complete	0	physical_gpu=3 elapsed=1317s checkpoint_bytes=1291462
2026-08-26T08:10:34+00:00	epic_clean_VGG13BN_victim3	precompute	complete	0	physical_gpu=3 elapsed=1356s checkpoint_bytes=37712187
2026-08-26T08:10:34+00:00	epic_clean_victim3	precompute	complete	0	all three model checkpoints atomically cached; main pipelines will skip victim3
2026-08-26T08:16:19+00:00	epic_clean_ResNet20BN_victim2	precompute	complete	0	physical_gpu=2 elapsed=260s checkpoint_bytes=1139631; main will skip victims2,3 after victim1
2026-08-26T08:19:17+00:00	prefetch_01_convnet_fc_dog_bird_b0_01	attack	running	-	physical_gpus=1,2,3 alpha=0.25 Jacobian-off 5 targets 1 verification victim; normal pipeline will reuse
2026-08-26T08:19:34+00:00	prefetch_01_convnet_fc_dog_bird_b0_01	attack	active	-	actual isolated pgid=445515 physical_gpus=1,2,3 exact run target_file=target_sets/ConvNetBN_fc_dog-bird.json target_label=50
2026-08-26T08:22:52+00:00	prefetch_wave2_attacks	scheduler	paused	-	only launcher pid290689 SIGSTOP; active wave1 defense children continue; prevents wave2 lock race while attacks precompute
2026-08-26T08:24:20+00:00	prefetch_01_convnet_fc_dog_bird_b0_01	attack	complete	0	5 finite delta files max_linf=0.031372517 verification_ASR=100.0%
2026-08-26T08:24:20+00:00	prefetch_06_resnet20_gradmatch_dog_bird_b0_02	attack	running	-	physical_gpus=1,2,3 alpha=0.25 Jacobian-off 5 targets 1 verification victim
2026-08-26T08:24:37+00:00	prefetch_06_resnet20_gradmatch_dog_bird_b0_02	attack	active	-	actual isolated pgid=449747 target_file=target_sets/ResNet20BN_gradmatch_dog-bird.json target_label=14
2026-08-26T09:07:39+00:00	prefetch_06_resnet20_gradmatch_dog_bird_b0_02	attack	paused	-	SIGSTOP isolated pgid=449747 after pmon showed 84-98% SM monopoly and EPIC starvation; state retained
delta_files=20
defense_rows=20
===== 2026-08-26T11:16:35+00:00 =====
0, 1 MiB, 143771 MiB, 0 %, 30
1, 29253 MiB, 143771 MiB, 100 %, 40
2, 22175 MiB, 143771 MiB, 42 %, 39
3, 22175 MiB, 143771 MiB, 43 %, 37
4, 1 MiB, 143771 MiB, 0 %, 30
5, 1 MiB, 143771 MiB, 0 %, 31
6, 1 MiB, 143771 MiB, 0 %, 32
our_python_processes=4
2026-08-26T08:08:58+00:00	epic_clean_ResNet20BN_victim3	precompute	complete	0	checkpoint_bytes=1139631 physical_gpu=3 elapsed=1228s
2026-08-26T08:10:34+00:00	epic_clean_ConvNetBN_victim3	precompute	complete	0	physical_gpu=3 elapsed=1317s checkpoint_bytes=1291462
2026-08-26T08:10:34+00:00	epic_clean_VGG13BN_victim3	precompute	complete	0	physical_gpu=3 elapsed=1356s checkpoint_bytes=37712187
2026-08-26T08:10:34+00:00	epic_clean_victim3	precompute	complete	0	all three model checkpoints atomically cached; main pipelines will skip victim3
2026-08-26T08:16:19+00:00	epic_clean_ResNet20BN_victim2	precompute	complete	0	physical_gpu=2 elapsed=260s checkpoint_bytes=1139631; main will skip victims2,3 after victim1
2026-08-26T08:19:17+00:00	prefetch_01_convnet_fc_dog_bird_b0_01	attack	running	-	physical_gpus=1,2,3 alpha=0.25 Jacobian-off 5 targets 1 verification victim; normal pipeline will reuse
2026-08-26T08:19:34+00:00	prefetch_01_convnet_fc_dog_bird_b0_01	attack	active	-	actual isolated pgid=445515 physical_gpus=1,2,3 exact run target_file=target_sets/ConvNetBN_fc_dog-bird.json target_label=50
2026-08-26T08:22:52+00:00	prefetch_wave2_attacks	scheduler	paused	-	only launcher pid290689 SIGSTOP; active wave1 defense children continue; prevents wave2 lock race while attacks precompute
2026-08-26T08:24:20+00:00	prefetch_01_convnet_fc_dog_bird_b0_01	attack	complete	0	5 finite delta files max_linf=0.031372517 verification_ASR=100.0%
2026-08-26T08:24:20+00:00	prefetch_06_resnet20_gradmatch_dog_bird_b0_02	attack	running	-	physical_gpus=1,2,3 alpha=0.25 Jacobian-off 5 targets 1 verification victim
2026-08-26T08:24:37+00:00	prefetch_06_resnet20_gradmatch_dog_bird_b0_02	attack	active	-	actual isolated pgid=449747 target_file=target_sets/ResNet20BN_gradmatch_dog-bird.json target_label=14
2026-08-26T09:07:39+00:00	prefetch_06_resnet20_gradmatch_dog_bird_b0_02	attack	paused	-	SIGSTOP isolated pgid=449747 after pmon showed 84-98% SM monopoly and EPIC starvation; state retained
delta_files=20
defense_rows=40
===== 2026-08-26T11:21:35+00:00 =====
0, 1 MiB, 143771 MiB, 0 %, 30
1, 26658 MiB, 143771 MiB, 99 %, 41
2, 17830 MiB, 143771 MiB, 0 %, 33
3, 17830 MiB, 143771 MiB, 0 %, 33
4, 1 MiB, 143771 MiB, 0 %, 30
5, 1 MiB, 143771 MiB, 0 %, 31
6, 1 MiB, 143771 MiB, 0 %, 32
our_python_processes=3
2026-08-26T08:10:34+00:00	epic_clean_VGG13BN_victim3	precompute	complete	0	physical_gpu=3 elapsed=1356s checkpoint_bytes=37712187
2026-08-26T08:10:34+00:00	epic_clean_victim3	precompute	complete	0	all three model checkpoints atomically cached; main pipelines will skip victim3
2026-08-26T08:16:19+00:00	epic_clean_ResNet20BN_victim2	precompute	complete	0	physical_gpu=2 elapsed=260s checkpoint_bytes=1139631; main will skip victims2,3 after victim1
2026-08-26T08:19:17+00:00	prefetch_01_convnet_fc_dog_bird_b0_01	attack	running	-	physical_gpus=1,2,3 alpha=0.25 Jacobian-off 5 targets 1 verification victim; normal pipeline will reuse
2026-08-26T08:19:34+00:00	prefetch_01_convnet_fc_dog_bird_b0_01	attack	active	-	actual isolated pgid=445515 physical_gpus=1,2,3 exact run target_file=target_sets/ConvNetBN_fc_dog-bird.json target_label=50
2026-08-26T08:22:52+00:00	prefetch_wave2_attacks	scheduler	paused	-	only launcher pid290689 SIGSTOP; active wave1 defense children continue; prevents wave2 lock race while attacks precompute
2026-08-26T08:24:20+00:00	prefetch_01_convnet_fc_dog_bird_b0_01	attack	complete	0	5 finite delta files max_linf=0.031372517 verification_ASR=100.0%
2026-08-26T08:24:20+00:00	prefetch_06_resnet20_gradmatch_dog_bird_b0_02	attack	running	-	physical_gpus=1,2,3 alpha=0.25 Jacobian-off 5 targets 1 verification victim
2026-08-26T08:24:37+00:00	prefetch_06_resnet20_gradmatch_dog_bird_b0_02	attack	active	-	actual isolated pgid=449747 target_file=target_sets/ResNet20BN_gradmatch_dog-bird.json target_label=14
2026-08-26T09:07:39+00:00	prefetch_06_resnet20_gradmatch_dog_bird_b0_02	attack	paused	-	SIGSTOP isolated pgid=449747 after pmon showed 84-98% SM monopoly and EPIC starvation; state retained
2026-08-26T11:21:03+00:00	04_convnet_sapa_dog_bird_b0_02	defense	complete	0	epic friends
2026-08-26T11:21:03+00:00	04_convnet_sapa_dog_bird_b0_02	pipeline	complete	0	all requested work finished
delta_files=20
defense_rows=80
===== 2026-08-26T11:26:36+00:00 =====
0, 1 MiB, 143771 MiB, 0 %, 30
1, 26662 MiB, 143771 MiB, 100 %, 43
2, 17830 MiB, 143771 MiB, 0 %, 33
3, 17830 MiB, 143771 MiB, 0 %, 32
4, 1 MiB, 143771 MiB, 0 %, 30
5, 1 MiB, 143771 MiB, 0 %, 31
6, 1 MiB, 143771 MiB, 0 %, 32
our_python_processes=3
2026-08-26T08:10:34+00:00	epic_clean_VGG13BN_victim3	precompute	complete	0	physical_gpu=3 elapsed=1356s checkpoint_bytes=37712187
2026-08-26T08:10:34+00:00	epic_clean_victim3	precompute	complete	0	all three model checkpoints atomically cached; main pipelines will skip victim3
2026-08-26T08:16:19+00:00	epic_clean_ResNet20BN_victim2	precompute	complete	0	physical_gpu=2 elapsed=260s checkpoint_bytes=1139631; main will skip victims2,3 after victim1
2026-08-26T08:19:17+00:00	prefetch_01_convnet_fc_dog_bird_b0_01	attack	running	-	physical_gpus=1,2,3 alpha=0.25 Jacobian-off 5 targets 1 verification victim; normal pipeline will reuse
2026-08-26T08:19:34+00:00	prefetch_01_convnet_fc_dog_bird_b0_01	attack	active	-	actual isolated pgid=445515 physical_gpus=1,2,3 exact run target_file=target_sets/ConvNetBN_fc_dog-bird.json target_label=50
2026-08-26T08:22:52+00:00	prefetch_wave2_attacks	scheduler	paused	-	only launcher pid290689 SIGSTOP; active wave1 defense children continue; prevents wave2 lock race while attacks precompute
2026-08-26T08:24:20+00:00	prefetch_01_convnet_fc_dog_bird_b0_01	attack	complete	0	5 finite delta files max_linf=0.031372517 verification_ASR=100.0%
2026-08-26T08:24:20+00:00	prefetch_06_resnet20_gradmatch_dog_bird_b0_02	attack	running	-	physical_gpus=1,2,3 alpha=0.25 Jacobian-off 5 targets 1 verification victim
2026-08-26T08:24:37+00:00	prefetch_06_resnet20_gradmatch_dog_bird_b0_02	attack	active	-	actual isolated pgid=449747 target_file=target_sets/ResNet20BN_gradmatch_dog-bird.json target_label=14
2026-08-26T09:07:39+00:00	prefetch_06_resnet20_gradmatch_dog_bird_b0_02	attack	paused	-	SIGSTOP isolated pgid=449747 after pmon showed 84-98% SM monopoly and EPIC starvation; state retained
2026-08-26T11:21:03+00:00	04_convnet_sapa_dog_bird_b0_02	defense	complete	0	epic friends
2026-08-26T11:21:03+00:00	04_convnet_sapa_dog_bird_b0_02	pipeline	complete	0	all requested work finished
delta_files=20
defense_rows=80
===== 2026-08-26T11:31:36+00:00 =====
0, 1 MiB, 143771 MiB, 0 %, 30
1, 26666 MiB, 143771 MiB, 100 %, 44
2, 17830 MiB, 143771 MiB, 0 %, 33
3, 17830 MiB, 143771 MiB, 0 %, 32
4, 1 MiB, 143771 MiB, 0 %, 30
5, 1 MiB, 143771 MiB, 0 %, 31
6, 1 MiB, 143771 MiB, 0 %, 32
our_python_processes=3
2026-08-26T08:10:34+00:00	epic_clean_VGG13BN_victim3	precompute	complete	0	physical_gpu=3 elapsed=1356s checkpoint_bytes=37712187
2026-08-26T08:10:34+00:00	epic_clean_victim3	precompute	complete	0	all three model checkpoints atomically cached; main pipelines will skip victim3
2026-08-26T08:16:19+00:00	epic_clean_ResNet20BN_victim2	precompute	complete	0	physical_gpu=2 elapsed=260s checkpoint_bytes=1139631; main will skip victims2,3 after victim1
2026-08-26T08:19:17+00:00	prefetch_01_convnet_fc_dog_bird_b0_01	attack	running	-	physical_gpus=1,2,3 alpha=0.25 Jacobian-off 5 targets 1 verification victim; normal pipeline will reuse
2026-08-26T08:19:34+00:00	prefetch_01_convnet_fc_dog_bird_b0_01	attack	active	-	actual isolated pgid=445515 physical_gpus=1,2,3 exact run target_file=target_sets/ConvNetBN_fc_dog-bird.json target_label=50
2026-08-26T08:22:52+00:00	prefetch_wave2_attacks	scheduler	paused	-	only launcher pid290689 SIGSTOP; active wave1 defense children continue; prevents wave2 lock race while attacks precompute
2026-08-26T08:24:20+00:00	prefetch_01_convnet_fc_dog_bird_b0_01	attack	complete	0	5 finite delta files max_linf=0.031372517 verification_ASR=100.0%
2026-08-26T08:24:20+00:00	prefetch_06_resnet20_gradmatch_dog_bird_b0_02	attack	running	-	physical_gpus=1,2,3 alpha=0.25 Jacobian-off 5 targets 1 verification victim
2026-08-26T08:24:37+00:00	prefetch_06_resnet20_gradmatch_dog_bird_b0_02	attack	active	-	actual isolated pgid=449747 target_file=target_sets/ResNet20BN_gradmatch_dog-bird.json target_label=14
2026-08-26T09:07:39+00:00	prefetch_06_resnet20_gradmatch_dog_bird_b0_02	attack	paused	-	SIGSTOP isolated pgid=449747 after pmon showed 84-98% SM monopoly and EPIC starvation; state retained
2026-08-26T11:21:03+00:00	04_convnet_sapa_dog_bird_b0_02	defense	complete	0	epic friends
2026-08-26T11:21:03+00:00	04_convnet_sapa_dog_bird_b0_02	pipeline	complete	0	all requested work finished
delta_files=20
defense_rows=80
===== 2026-08-26T11:36:37+00:00 =====
0, 1 MiB, 143771 MiB, 0 %, 30
1, 27408 MiB, 143771 MiB, 100 %, 41
2, 22029 MiB, 143771 MiB, 100 %, 45
3, 22029 MiB, 143771 MiB, 42 %, 38
4, 1 MiB, 143771 MiB, 0 %, 30
5, 1 MiB, 143771 MiB, 0 %, 31
6, 1 MiB, 143771 MiB, 0 %, 32
our_python_processes=3
2026-08-26T08:10:34+00:00	epic_clean_VGG13BN_victim3	precompute	complete	0	physical_gpu=3 elapsed=1356s checkpoint_bytes=37712187
2026-08-26T08:10:34+00:00	epic_clean_victim3	precompute	complete	0	all three model checkpoints atomically cached; main pipelines will skip victim3
2026-08-26T08:16:19+00:00	epic_clean_ResNet20BN_victim2	precompute	complete	0	physical_gpu=2 elapsed=260s checkpoint_bytes=1139631; main will skip victims2,3 after victim1
2026-08-26T08:19:17+00:00	prefetch_01_convnet_fc_dog_bird_b0_01	attack	running	-	physical_gpus=1,2,3 alpha=0.25 Jacobian-off 5 targets 1 verification victim; normal pipeline will reuse
2026-08-26T08:19:34+00:00	prefetch_01_convnet_fc_dog_bird_b0_01	attack	active	-	actual isolated pgid=445515 physical_gpus=1,2,3 exact run target_file=target_sets/ConvNetBN_fc_dog-bird.json target_label=50
2026-08-26T08:22:52+00:00	prefetch_wave2_attacks	scheduler	paused	-	only launcher pid290689 SIGSTOP; active wave1 defense children continue; prevents wave2 lock race while attacks precompute
2026-08-26T08:24:20+00:00	prefetch_01_convnet_fc_dog_bird_b0_01	attack	complete	0	5 finite delta files max_linf=0.031372517 verification_ASR=100.0%
2026-08-26T08:24:20+00:00	prefetch_06_resnet20_gradmatch_dog_bird_b0_02	attack	running	-	physical_gpus=1,2,3 alpha=0.25 Jacobian-off 5 targets 1 verification victim
2026-08-26T08:24:37+00:00	prefetch_06_resnet20_gradmatch_dog_bird_b0_02	attack	active	-	actual isolated pgid=449747 target_file=target_sets/ResNet20BN_gradmatch_dog-bird.json target_label=14
2026-08-26T09:07:39+00:00	prefetch_06_resnet20_gradmatch_dog_bird_b0_02	attack	paused	-	SIGSTOP isolated pgid=449747 after pmon showed 84-98% SM monopoly and EPIC starvation; state retained
2026-08-26T11:21:03+00:00	04_convnet_sapa_dog_bird_b0_02	defense	complete	0	epic friends
2026-08-26T11:21:03+00:00	04_convnet_sapa_dog_bird_b0_02	pipeline	complete	0	all requested work finished
delta_files=20
defense_rows=80
===== 2026-08-26T11:41:37+00:00 =====
0, 1 MiB, 143771 MiB, 0 %, 30
1, 28207 MiB, 143771 MiB, 99 %, 40
2, 25751 MiB, 143771 MiB, 99 %, 43
3, 25751 MiB, 143771 MiB, 99 %, 41
4, 1 MiB, 143771 MiB, 0 %, 30
5, 1 MiB, 143771 MiB, 0 %, 31
6, 1 MiB, 143771 MiB, 0 %, 32
our_python_processes=3
2026-08-26T08:10:34+00:00	epic_clean_VGG13BN_victim3	precompute	complete	0	physical_gpu=3 elapsed=1356s checkpoint_bytes=37712187
2026-08-26T08:10:34+00:00	epic_clean_victim3	precompute	complete	0	all three model checkpoints atomically cached; main pipelines will skip victim3
2026-08-26T08:16:19+00:00	epic_clean_ResNet20BN_victim2	precompute	complete	0	physical_gpu=2 elapsed=260s checkpoint_bytes=1139631; main will skip victims2,3 after victim1
2026-08-26T08:19:17+00:00	prefetch_01_convnet_fc_dog_bird_b0_01	attack	running	-	physical_gpus=1,2,3 alpha=0.25 Jacobian-off 5 targets 1 verification victim; normal pipeline will reuse
2026-08-26T08:19:34+00:00	prefetch_01_convnet_fc_dog_bird_b0_01	attack	active	-	actual isolated pgid=445515 physical_gpus=1,2,3 exact run target_file=target_sets/ConvNetBN_fc_dog-bird.json target_label=50
2026-08-26T08:22:52+00:00	prefetch_wave2_attacks	scheduler	paused	-	only launcher pid290689 SIGSTOP; active wave1 defense children continue; prevents wave2 lock race while attacks precompute
2026-08-26T08:24:20+00:00	prefetch_01_convnet_fc_dog_bird_b0_01	attack	complete	0	5 finite delta files max_linf=0.031372517 verification_ASR=100.0%
2026-08-26T08:24:20+00:00	prefetch_06_resnet20_gradmatch_dog_bird_b0_02	attack	running	-	physical_gpus=1,2,3 alpha=0.25 Jacobian-off 5 targets 1 verification victim
2026-08-26T08:24:37+00:00	prefetch_06_resnet20_gradmatch_dog_bird_b0_02	attack	active	-	actual isolated pgid=449747 target_file=target_sets/ResNet20BN_gradmatch_dog-bird.json target_label=14
2026-08-26T09:07:39+00:00	prefetch_06_resnet20_gradmatch_dog_bird_b0_02	attack	paused	-	SIGSTOP isolated pgid=449747 after pmon showed 84-98% SM monopoly and EPIC starvation; state retained
2026-08-26T11:21:03+00:00	04_convnet_sapa_dog_bird_b0_02	defense	complete	0	epic friends
2026-08-26T11:21:03+00:00	04_convnet_sapa_dog_bird_b0_02	pipeline	complete	0	all requested work finished
delta_files=20
defense_rows=80
===== 2026-08-26T11:46:38+00:00 =====
0, 1 MiB, 143771 MiB, 0 %, 30
1, 27359 MiB, 143771 MiB, 99 %, 43
2, 25783 MiB, 143771 MiB, 99 %, 43
3, 24903 MiB, 143771 MiB, 99 %, 44
4, 1 MiB, 143771 MiB, 0 %, 30
5, 1 MiB, 143771 MiB, 0 %, 31
6, 1 MiB, 143771 MiB, 0 %, 32
our_python_processes=3
2026-08-26T08:10:34+00:00	epic_clean_VGG13BN_victim3	precompute	complete	0	physical_gpu=3 elapsed=1356s checkpoint_bytes=37712187
2026-08-26T08:10:34+00:00	epic_clean_victim3	precompute	complete	0	all three model checkpoints atomically cached; main pipelines will skip victim3
2026-08-26T08:16:19+00:00	epic_clean_ResNet20BN_victim2	precompute	complete	0	physical_gpu=2 elapsed=260s checkpoint_bytes=1139631; main will skip victims2,3 after victim1
2026-08-26T08:19:17+00:00	prefetch_01_convnet_fc_dog_bird_b0_01	attack	running	-	physical_gpus=1,2,3 alpha=0.25 Jacobian-off 5 targets 1 verification victim; normal pipeline will reuse
2026-08-26T08:19:34+00:00	prefetch_01_convnet_fc_dog_bird_b0_01	attack	active	-	actual isolated pgid=445515 physical_gpus=1,2,3 exact run target_file=target_sets/ConvNetBN_fc_dog-bird.json target_label=50
2026-08-26T08:22:52+00:00	prefetch_wave2_attacks	scheduler	paused	-	only launcher pid290689 SIGSTOP; active wave1 defense children continue; prevents wave2 lock race while attacks precompute
2026-08-26T08:24:20+00:00	prefetch_01_convnet_fc_dog_bird_b0_01	attack	complete	0	5 finite delta files max_linf=0.031372517 verification_ASR=100.0%
2026-08-26T08:24:20+00:00	prefetch_06_resnet20_gradmatch_dog_bird_b0_02	attack	running	-	physical_gpus=1,2,3 alpha=0.25 Jacobian-off 5 targets 1 verification victim
2026-08-26T08:24:37+00:00	prefetch_06_resnet20_gradmatch_dog_bird_b0_02	attack	active	-	actual isolated pgid=449747 target_file=target_sets/ResNet20BN_gradmatch_dog-bird.json target_label=14
2026-08-26T09:07:39+00:00	prefetch_06_resnet20_gradmatch_dog_bird_b0_02	attack	paused	-	SIGSTOP isolated pgid=449747 after pmon showed 84-98% SM monopoly and EPIC starvation; state retained
2026-08-26T11:21:03+00:00	04_convnet_sapa_dog_bird_b0_02	defense	complete	0	epic friends
2026-08-26T11:21:03+00:00	04_convnet_sapa_dog_bird_b0_02	pipeline	complete	0	all requested work finished
delta_files=20
defense_rows=80
===== 2026-08-26T11:51:38+00:00 =====
0, 1 MiB, 143771 MiB, 0 %, 30
1, 28239 MiB, 143771 MiB, 97 %, 41
2, 24903 MiB, 143771 MiB, 99 %, 46
3, 25783 MiB, 143771 MiB, 99 %, 41
4, 1 MiB, 143771 MiB, 0 %, 30
5, 1 MiB, 143771 MiB, 0 %, 31
6, 1 MiB, 143771 MiB, 0 %, 32
our_python_processes=3
2026-08-26T08:10:34+00:00	epic_clean_VGG13BN_victim3	precompute	complete	0	physical_gpu=3 elapsed=1356s checkpoint_bytes=37712187
2026-08-26T08:10:34+00:00	epic_clean_victim3	precompute	complete	0	all three model checkpoints atomically cached; main pipelines will skip victim3
2026-08-26T08:16:19+00:00	epic_clean_ResNet20BN_victim2	precompute	complete	0	physical_gpu=2 elapsed=260s checkpoint_bytes=1139631; main will skip victims2,3 after victim1
2026-08-26T08:19:17+00:00	prefetch_01_convnet_fc_dog_bird_b0_01	attack	running	-	physical_gpus=1,2,3 alpha=0.25 Jacobian-off 5 targets 1 verification victim; normal pipeline will reuse
2026-08-26T08:19:34+00:00	prefetch_01_convnet_fc_dog_bird_b0_01	attack	active	-	actual isolated pgid=445515 physical_gpus=1,2,3 exact run target_file=target_sets/ConvNetBN_fc_dog-bird.json target_label=50
2026-08-26T08:22:52+00:00	prefetch_wave2_attacks	scheduler	paused	-	only launcher pid290689 SIGSTOP; active wave1 defense children continue; prevents wave2 lock race while attacks precompute
2026-08-26T08:24:20+00:00	prefetch_01_convnet_fc_dog_bird_b0_01	attack	complete	0	5 finite delta files max_linf=0.031372517 verification_ASR=100.0%
2026-08-26T08:24:20+00:00	prefetch_06_resnet20_gradmatch_dog_bird_b0_02	attack	running	-	physical_gpus=1,2,3 alpha=0.25 Jacobian-off 5 targets 1 verification victim
2026-08-26T08:24:37+00:00	prefetch_06_resnet20_gradmatch_dog_bird_b0_02	attack	active	-	actual isolated pgid=449747 target_file=target_sets/ResNet20BN_gradmatch_dog-bird.json target_label=14
2026-08-26T09:07:39+00:00	prefetch_06_resnet20_gradmatch_dog_bird_b0_02	attack	paused	-	SIGSTOP isolated pgid=449747 after pmon showed 84-98% SM monopoly and EPIC starvation; state retained
2026-08-26T11:21:03+00:00	04_convnet_sapa_dog_bird_b0_02	defense	complete	0	epic friends
2026-08-26T11:21:03+00:00	04_convnet_sapa_dog_bird_b0_02	pipeline	complete	0	all requested work finished
delta_files=20
defense_rows=80
===== 2026-08-26T11:56:38+00:00 =====
0, 1 MiB, 143771 MiB, 0 %, 30
1, 28239 MiB, 143771 MiB, 98 %, 40
2, 25783 MiB, 143771 MiB, 99 %, 43
3, 25783 MiB, 143771 MiB, 99 %, 41
4, 1 MiB, 143771 MiB, 0 %, 30
5, 1 MiB, 143771 MiB, 0 %, 31
6, 1 MiB, 143771 MiB, 0 %, 32
our_python_processes=3
2026-08-26T08:10:34+00:00	epic_clean_VGG13BN_victim3	precompute	complete	0	physical_gpu=3 elapsed=1356s checkpoint_bytes=37712187
2026-08-26T08:10:34+00:00	epic_clean_victim3	precompute	complete	0	all three model checkpoints atomically cached; main pipelines will skip victim3
2026-08-26T08:16:19+00:00	epic_clean_ResNet20BN_victim2	precompute	complete	0	physical_gpu=2 elapsed=260s checkpoint_bytes=1139631; main will skip victims2,3 after victim1
2026-08-26T08:19:17+00:00	prefetch_01_convnet_fc_dog_bird_b0_01	attack	running	-	physical_gpus=1,2,3 alpha=0.25 Jacobian-off 5 targets 1 verification victim; normal pipeline will reuse
2026-08-26T08:19:34+00:00	prefetch_01_convnet_fc_dog_bird_b0_01	attack	active	-	actual isolated pgid=445515 physical_gpus=1,2,3 exact run target_file=target_sets/ConvNetBN_fc_dog-bird.json target_label=50
2026-08-26T08:22:52+00:00	prefetch_wave2_attacks	scheduler	paused	-	only launcher pid290689 SIGSTOP; active wave1 defense children continue; prevents wave2 lock race while attacks precompute
2026-08-26T08:24:20+00:00	prefetch_01_convnet_fc_dog_bird_b0_01	attack	complete	0	5 finite delta files max_linf=0.031372517 verification_ASR=100.0%
2026-08-26T08:24:20+00:00	prefetch_06_resnet20_gradmatch_dog_bird_b0_02	attack	running	-	physical_gpus=1,2,3 alpha=0.25 Jacobian-off 5 targets 1 verification victim
2026-08-26T08:24:37+00:00	prefetch_06_resnet20_gradmatch_dog_bird_b0_02	attack	active	-	actual isolated pgid=449747 target_file=target_sets/ResNet20BN_gradmatch_dog-bird.json target_label=14
2026-08-26T09:07:39+00:00	prefetch_06_resnet20_gradmatch_dog_bird_b0_02	attack	paused	-	SIGSTOP isolated pgid=449747 after pmon showed 84-98% SM monopoly and EPIC starvation; state retained
2026-08-26T11:21:03+00:00	04_convnet_sapa_dog_bird_b0_02	defense	complete	0	epic friends
2026-08-26T11:21:03+00:00	04_convnet_sapa_dog_bird_b0_02	pipeline	complete	0	all requested work finished
delta_files=20
defense_rows=80
===== 2026-08-26T12:01:39+00:00 =====
0, 1 MiB, 143771 MiB, 0 %, 30
1, 23210 MiB, 143771 MiB, 34 %, 35
2, 21583 MiB, 143771 MiB, 33 %, 37
3, 21583 MiB, 143771 MiB, 35 %, 36
4, 1 MiB, 143771 MiB, 0 %, 30
5, 1 MiB, 143771 MiB, 0 %, 31
6, 1 MiB, 143771 MiB, 0 %, 32
our_python_processes=2
2026-08-26T08:16:19+00:00	epic_clean_ResNet20BN_victim2	precompute	complete	0	physical_gpu=2 elapsed=260s checkpoint_bytes=1139631; main will skip victims2,3 after victim1
2026-08-26T08:19:17+00:00	prefetch_01_convnet_fc_dog_bird_b0_01	attack	running	-	physical_gpus=1,2,3 alpha=0.25 Jacobian-off 5 targets 1 verification victim; normal pipeline will reuse
2026-08-26T08:19:34+00:00	prefetch_01_convnet_fc_dog_bird_b0_01	attack	active	-	actual isolated pgid=445515 physical_gpus=1,2,3 exact run target_file=target_sets/ConvNetBN_fc_dog-bird.json target_label=50
2026-08-26T08:22:52+00:00	prefetch_wave2_attacks	scheduler	paused	-	only launcher pid290689 SIGSTOP; active wave1 defense children continue; prevents wave2 lock race while attacks precompute
2026-08-26T08:24:20+00:00	prefetch_01_convnet_fc_dog_bird_b0_01	attack	complete	0	5 finite delta files max_linf=0.031372517 verification_ASR=100.0%
2026-08-26T08:24:20+00:00	prefetch_06_resnet20_gradmatch_dog_bird_b0_02	attack	running	-	physical_gpus=1,2,3 alpha=0.25 Jacobian-off 5 targets 1 verification victim
2026-08-26T08:24:37+00:00	prefetch_06_resnet20_gradmatch_dog_bird_b0_02	attack	active	-	actual isolated pgid=449747 target_file=target_sets/ResNet20BN_gradmatch_dog-bird.json target_label=14
2026-08-26T09:07:39+00:00	prefetch_06_resnet20_gradmatch_dog_bird_b0_02	attack	paused	-	SIGSTOP isolated pgid=449747 after pmon showed 84-98% SM monopoly and EPIC starvation; state retained
2026-08-26T11:21:03+00:00	04_convnet_sapa_dog_bird_b0_02	defense	complete	0	epic friends
2026-08-26T11:21:03+00:00	04_convnet_sapa_dog_bird_b0_02	pipeline	complete	0	all requested work finished
2026-08-26T12:00:46+00:00	11_vgg13_sapa_dog_bird_b0_005	defense	complete	0	epic friends
2026-08-26T12:00:46+00:00	11_vgg13_sapa_dog_bird_b0_005	pipeline	complete	0	all requested work finished
delta_files=20
defense_rows=100
===== 2026-08-26T12:06:40+00:00 =====
0, 1 MiB, 143771 MiB, 0 %, 30
1, 23210 MiB, 143771 MiB, 35 %, 35
2, 21583 MiB, 143771 MiB, 35 %, 37
3, 20703 MiB, 143771 MiB, 49 %, 38
4, 1 MiB, 143771 MiB, 0 %, 30
5, 1 MiB, 143771 MiB, 0 %, 31
6, 1 MiB, 143771 MiB, 0 %, 32
our_python_processes=2
2026-08-26T08:16:19+00:00	epic_clean_ResNet20BN_victim2	precompute	complete	0	physical_gpu=2 elapsed=260s checkpoint_bytes=1139631; main will skip victims2,3 after victim1
2026-08-26T08:19:17+00:00	prefetch_01_convnet_fc_dog_bird_b0_01	attack	running	-	physical_gpus=1,2,3 alpha=0.25 Jacobian-off 5 targets 1 verification victim; normal pipeline will reuse
2026-08-26T08:19:34+00:00	prefetch_01_convnet_fc_dog_bird_b0_01	attack	active	-	actual isolated pgid=445515 physical_gpus=1,2,3 exact run target_file=target_sets/ConvNetBN_fc_dog-bird.json target_label=50
2026-08-26T08:22:52+00:00	prefetch_wave2_attacks	scheduler	paused	-	only launcher pid290689 SIGSTOP; active wave1 defense children continue; prevents wave2 lock race while attacks precompute
2026-08-26T08:24:20+00:00	prefetch_01_convnet_fc_dog_bird_b0_01	attack	complete	0	5 finite delta files max_linf=0.031372517 verification_ASR=100.0%
2026-08-26T08:24:20+00:00	prefetch_06_resnet20_gradmatch_dog_bird_b0_02	attack	running	-	physical_gpus=1,2,3 alpha=0.25 Jacobian-off 5 targets 1 verification victim
2026-08-26T08:24:37+00:00	prefetch_06_resnet20_gradmatch_dog_bird_b0_02	attack	active	-	actual isolated pgid=449747 target_file=target_sets/ResNet20BN_gradmatch_dog-bird.json target_label=14
2026-08-26T09:07:39+00:00	prefetch_06_resnet20_gradmatch_dog_bird_b0_02	attack	paused	-	SIGSTOP isolated pgid=449747 after pmon showed 84-98% SM monopoly and EPIC starvation; state retained
2026-08-26T11:21:03+00:00	04_convnet_sapa_dog_bird_b0_02	defense	complete	0	epic friends
2026-08-26T11:21:03+00:00	04_convnet_sapa_dog_bird_b0_02	pipeline	complete	0	all requested work finished
2026-08-26T12:00:46+00:00	11_vgg13_sapa_dog_bird_b0_005	defense	complete	0	epic friends
2026-08-26T12:00:46+00:00	11_vgg13_sapa_dog_bird_b0_005	pipeline	complete	0	all requested work finished
delta_files=20
defense_rows=100
===== 2026-08-26T12:11:40+00:00 =====
0, 1 MiB, 143771 MiB, 0 %, 30
1, 23210 MiB, 143771 MiB, 35 %, 36
2, 20703 MiB, 143771 MiB, 49 %, 39
3, 21583 MiB, 143771 MiB, 34 %, 35
4, 1 MiB, 143771 MiB, 0 %, 30
5, 1 MiB, 143771 MiB, 0 %, 31
6, 1 MiB, 143771 MiB, 0 %, 32
our_python_processes=2
2026-08-26T08:16:19+00:00	epic_clean_ResNet20BN_victim2	precompute	complete	0	physical_gpu=2 elapsed=260s checkpoint_bytes=1139631; main will skip victims2,3 after victim1
2026-08-26T08:19:17+00:00	prefetch_01_convnet_fc_dog_bird_b0_01	attack	running	-	physical_gpus=1,2,3 alpha=0.25 Jacobian-off 5 targets 1 verification victim; normal pipeline will reuse
2026-08-26T08:19:34+00:00	prefetch_01_convnet_fc_dog_bird_b0_01	attack	active	-	actual isolated pgid=445515 physical_gpus=1,2,3 exact run target_file=target_sets/ConvNetBN_fc_dog-bird.json target_label=50
2026-08-26T08:22:52+00:00	prefetch_wave2_attacks	scheduler	paused	-	only launcher pid290689 SIGSTOP; active wave1 defense children continue; prevents wave2 lock race while attacks precompute
2026-08-26T08:24:20+00:00	prefetch_01_convnet_fc_dog_bird_b0_01	attack	complete	0	5 finite delta files max_linf=0.031372517 verification_ASR=100.0%
2026-08-26T08:24:20+00:00	prefetch_06_resnet20_gradmatch_dog_bird_b0_02	attack	running	-	physical_gpus=1,2,3 alpha=0.25 Jacobian-off 5 targets 1 verification victim
2026-08-26T08:24:37+00:00	prefetch_06_resnet20_gradmatch_dog_bird_b0_02	attack	active	-	actual isolated pgid=449747 target_file=target_sets/ResNet20BN_gradmatch_dog-bird.json target_label=14
2026-08-26T09:07:39+00:00	prefetch_06_resnet20_gradmatch_dog_bird_b0_02	attack	paused	-	SIGSTOP isolated pgid=449747 after pmon showed 84-98% SM monopoly and EPIC starvation; state retained
2026-08-26T11:21:03+00:00	04_convnet_sapa_dog_bird_b0_02	defense	complete	0	epic friends
2026-08-26T11:21:03+00:00	04_convnet_sapa_dog_bird_b0_02	pipeline	complete	0	all requested work finished
2026-08-26T12:00:46+00:00	11_vgg13_sapa_dog_bird_b0_005	defense	complete	0	epic friends
2026-08-26T12:00:46+00:00	11_vgg13_sapa_dog_bird_b0_005	pipeline	complete	0	all requested work finished
delta_files=20
defense_rows=100
===== 2026-08-26T12:16:40+00:00 =====
0, 1 MiB, 143771 MiB, 0 %, 32
1, 1 MiB, 143771 MiB, 0 %, 33
2, 1 MiB, 143771 MiB, 0 %, 33
3, 1 MiB, 143771 MiB, 0 %, 32
4, 1 MiB, 143771 MiB, 0 %, 32
5, 1 MiB, 143771 MiB, 0 %, 33
6, 1 MiB, 143771 MiB, 0 %, 34
our_python_processes=0
2026-08-26T08:19:17+00:00	prefetch_01_convnet_fc_dog_bird_b0_01	attack	running	-	physical_gpus=1,2,3 alpha=0.25 Jacobian-off 5 targets 1 verification victim; normal pipeline will reuse
2026-08-26T08:19:34+00:00	prefetch_01_convnet_fc_dog_bird_b0_01	attack	active	-	actual isolated pgid=445515 physical_gpus=1,2,3 exact run target_file=target_sets/ConvNetBN_fc_dog-bird.json target_label=50
2026-08-26T08:22:52+00:00	prefetch_wave2_attacks	scheduler	paused	-	only launcher pid290689 SIGSTOP; active wave1 defense children continue; prevents wave2 lock race while attacks precompute
2026-08-26T08:24:20+00:00	prefetch_01_convnet_fc_dog_bird_b0_01	attack	complete	0	5 finite delta files max_linf=0.031372517 verification_ASR=100.0%
2026-08-26T08:24:20+00:00	prefetch_06_resnet20_gradmatch_dog_bird_b0_02	attack	running	-	physical_gpus=1,2,3 alpha=0.25 Jacobian-off 5 targets 1 verification victim
2026-08-26T08:24:37+00:00	prefetch_06_resnet20_gradmatch_dog_bird_b0_02	attack	active	-	actual isolated pgid=449747 target_file=target_sets/ResNet20BN_gradmatch_dog-bird.json target_label=14
2026-08-26T09:07:39+00:00	prefetch_06_resnet20_gradmatch_dog_bird_b0_02	attack	paused	-	SIGSTOP isolated pgid=449747 after pmon showed 84-98% SM monopoly and EPIC starvation; state retained
2026-08-26T11:21:03+00:00	04_convnet_sapa_dog_bird_b0_02	defense	complete	0	epic friends
2026-08-26T11:21:03+00:00	04_convnet_sapa_dog_bird_b0_02	pipeline	complete	0	all requested work finished
2026-08-26T12:00:46+00:00	11_vgg13_sapa_dog_bird_b0_005	defense	complete	0	epic friends
2026-08-26T12:00:46+00:00	11_vgg13_sapa_dog_bird_b0_005	pipeline	complete	0	all requested work finished
2026-08-26T12:15:38+00:00	prefetch_06_resnet20_gradmatch_dog_bird_b0_02	attack	deadline_reached	-	terminating only isolated pgid=449747
delta_files=20
defense_rows=100
===== 2026-08-26T12:16:40+00:00 launcher no longer running =====
