dataset,model,class_pair,target_idx,model_id,margin_group,candidate_count,residual_norm_median,abs_head_interaction_median,abs_backbone_interaction_median
CIFAR10,ConvNetBN,dog-bird,1257,0,1,167,0.009828074835240841,0.6332951784133911,5.587646484375
CIFAR10,ConvNetBN,dog-bird,1257,0,2,167,0.005007910542190075,0.32003462314605713,3.3978271484375
CIFAR10,ConvNetBN,dog-bird,1257,0,3,166,0.003372764214873314,0.21918032318353653,2.2421875
CIFAR10,ConvNetBN,dog-bird,1257,0,4,167,0.002146007725968957,0.1481667459011078,1.376708984375
CIFAR10,ConvNetBN,dog-bird,1257,0,5,167,0.0015442481962963939,0.11465614289045334,1.0057373046875
CIFAR10,ConvNetBN,dog-bird,1257,0,6,166,0.0011760465567931533,0.08443986251950264,0.860595703125
CIFAR10,ConvNetBN,dog-bird,1257,0,7,167,0.0008472350309602916,0.061468735337257385,0.6234130859375
CIFAR10,ConvNetBN,dog-bird,1257,0,8,167,0.0006319092935882509,0.04332974925637245,0.46697998046875
CIFAR10,ConvNetBN,dog-bird,1257,0,9,166,0.0004778139409609139,0.03489617444574833,0.384765625
CIFAR10,ConvNetBN,dog-bird,1257,0,10,167,0.0003638129273895174,0.026532230898737907,0.28363037109375
CIFAR10,ConvNetBN,dog-bird,1257,0,11,167,0.000274810561677441,0.019454950466752052,0.1873779296875
CIFAR10,ConvNetBN,dog-bird,1257,0,12,166,0.00020036721980432048,0.014702628832310438,0.16058349609375
CIFAR10,ConvNetBN,dog-bird,1257,0,13,167,0.00014382871449925005,0.010141625069081783,0.1104736328125
CIFAR10,ConvNetBN,dog-bird,1257,0,14,167,0.00010527676931815222,0.007902267388999462,0.084228515625
CIFAR10,ConvNetBN,dog-bird,1257,0,15,166,7.298225318663754e-05,0.005558811593800783,0.0593414306640625
CIFAR10,ConvNetBN,dog-bird,1257,0,16,167,4.98770568810869e-05,0.0036919498816132545,0.0372314453125
CIFAR10,ConvNetBN,dog-bird,1257,0,17,167,3.220084909116849e-05,0.0023548488970845938,0.0262451171875
CIFAR10,ConvNetBN,dog-bird,1257,0,18,166,2.1766568352177273e-05,0.0016412551049143076,0.01708984375
CIFAR10,ConvNetBN,dog-bird,1257,0,19,167,1.243271617568098e-05,0.000989018240943551,0.0106201171875
CIFAR10,ConvNetBN,dog-bird,1257,0,20,167,7.401125913020223e-06,0.0005696074804291129,0.0059814453125
CIFAR10,ConvNetBN,dog-bird,1257,0,21,166,3.984641807619482e-06,0.00030439354304689914,0.003173828125
CIFAR10,ConvNetBN,dog-bird,1257,0,22,167,1.9661238184198737e-06,0.000158674010890536,0.001708984375
CIFAR10,ConvNetBN,dog-bird,1257,0,23,167,7.545261837549333e-07,6.326858419924974e-05,0.0006103515625
CIFAR10,ConvNetBN,dog-bird,1257,0,24,166,3.084224005078795e-07,2.304112058482133e-05,0.000244140625
CIFAR10,ConvNetBN,dog-bird,1257,0,25,167,1.35530044076404e-07,1.000039901555283e-05,6.103515625e-05
CIFAR10,ConvNetBN,dog-bird,1257,0,26,167,1.7324644829841418e-08,6.319133549759215e-10,0.0
CIFAR10,ConvNetBN,dog-bird,1257,0,27,166,3.2447018405434846e-09,1.3236704787811249e-10,0.0
CIFAR10,ConvNetBN,dog-bird,1257,0,28,167,4.0749942309403764e-10,7.37855887500416e-11,0.0
CIFAR10,ConvNetBN,dog-bird,1257,0,29,167,2.87224011935594e-11,2.480243224342593e-12,0.0
CIFAR10,ConvNetBN,dog-bird,1257,0,30,166,3.55318598437189e-14,2.1791457815333775e-15,0.0
CIFAR10,ConvNetBN,dog-bird,1257,1,1,167,0.0345894992351532,1.3315069675445557,14.2755126953125
CIFAR10,ConvNetBN,dog-bird,1257,1,2,167,0.01699952967464924,0.625899612903595,6.7255706787109375
CIFAR10,ConvNetBN,dog-bird,1257,1,3,166,0.009594802744686604,0.3688962161540985,4.066375732421875
CIFAR10,ConvNetBN,dog-bird,1257,1,4,167,0.0063081830739974976,0.2613328993320465,2.76263427734375
CIFAR10,ConvNetBN,dog-bird,1257,1,5,167,0.004210468381643295,0.16857531666755676,2.1072998046875
CIFAR10,ConvNetBN,dog-bird,1257,1,6,166,0.0029518280643969774,0.11672835424542427,1.2843017578125
CIFAR10,ConvNetBN,dog-bird,1257,1,7,167,0.002105144551023841,0.08513197302818298,0.959197998046875
CIFAR10,ConvNetBN,dog-bird,1257,1,8,167,0.0014512171037495136,0.06121017038822174,0.686279296875
CIFAR10,ConvNetBN,dog-bird,1257,1,9,166,0.001018960087094456,0.04259142838418484,0.5104217529296875
CIFAR10,ConvNetBN,dog-bird,1257,1,10,167,0.0007095997571013868,0.03059225156903267,0.35577392578125
CIFAR10,ConvNetBN,dog-bird,1257,1,11,167,0.000538573251105845,0.021760916337370872,0.2706298828125
CIFAR10,ConvNetBN,dog-bird,1257,1,12,166,0.0003619474737206474,0.01526980847120285,0.1428985595703125
CIFAR10,ConvNetBN,dog-bird,1257,1,13,167,0.00024077326816041023,0.011023416183888912,0.13458251953125
CIFAR10,ConvNetBN,dog-bird,1257,1,14,167,0.00016096372564788908,0.007037651259452105,0.08807373046875
CIFAR10,ConvNetBN,dog-bird,1257,1,15,166,0.00011724547584890388,0.004994220100343227,0.061798095703125
CIFAR10,ConvNetBN,dog-bird,1257,1,16,167,7.606262806802988e-05,0.003293761517852545,0.03302001953125
CIFAR10,ConvNetBN,dog-bird,1257,1,17,167,5.1751176215475425e-05,0.0022722419817000628,0.0230712890625
CIFAR10,ConvNetBN,dog-bird,1257,1,18,166,3.261231722717639e-05,0.0013465284137055278,0.014617919921875
CIFAR10,ConvNetBN,dog-bird,1257,1,19,167,1.9216875443817116e-05,0.0008442786638624966,0.01019287109375
CIFAR10,ConvNetBN,dog-bird,1257,1,20,167,1.0859524991246872e-05,0.00047994230408221483,0.00543212890625
CIFAR10,ConvNetBN,dog-bird,1257,1,21,166,6.3684383349027485e-06,0.00028589162684511393,0.00286865234375
CIFAR10,ConvNetBN,dog-bird,1257,1,22,167,3.365669272170635e-06,0.00015081054880283773,0.001708984375
CIFAR10,ConvNetBN,dog-bird,1257,1,23,167,1.5675109352741856e-06,7.030766573734581e-05,0.00079345703125
CIFAR10,ConvNetBN,dog-bird,1257,1,24,166,7.045354948331806e-07,3.100626963714603e-05,0.00030517578125
CIFAR10,ConvNetBN,dog-bird,1257,1,25,167,2.938789407380682e-07,1.1591549082368147e-05,0.0001220703125
CIFAR10,ConvNetBN,dog-bird,1257,1,26,167,4.522953034324928e-08,3.3064829096929316e-08,0.0
CIFAR10,ConvNetBN,dog-bird,1257,1,27,166,8.951350327635055e-09,9.50267142751926e-10,0.0
CIFAR10,ConvNetBN,dog-bird,1257,1,28,167,9.877081375009311e-10,3.7239940298139373e-11,0.0
CIFAR10,ConvNetBN,dog-bird,1257,1,29,167,4.097795019974981e-11,8.242864398856631e-13,0.0
CIFAR10,ConvNetBN,dog-bird,1257,1,30,166,1.923834897811505e-13,1.842153194072662e-15,0.0
CIFAR10,ConvNetBN,dog-bird,1257,2,1,167,0.0966937467455864,4.6543354988098145,46.21124267578125
CIFAR10,ConvNetBN,dog-bird,1257,2,2,167,0.04677526652812958,2.3030319213867188,23.18292236328125
CIFAR10,ConvNetBN,dog-bird,1257,2,3,166,0.028639492578804493,1.3143056631088257,15.48736572265625
CIFAR10,ConvNetBN,dog-bird,1257,2,4,167,0.018836425617337227,0.9456341862678528,12.2493896484375
CIFAR10,ConvNetBN,dog-bird,1257,2,5,167,0.013129270635545254,0.6812251210212708,8.88507080078125
CIFAR10,ConvNetBN,dog-bird,1257,2,6,166,0.009162434376776218,0.46304337680339813,5.2659149169921875
CIFAR10,ConvNetBN,dog-bird,1257,2,7,167,0.006889537908136845,0.36099573969841003,4.23419189453125
CIFAR10,ConvNetBN,dog-bird,1257,2,8,167,0.005030390806496143,0.25990578532218933,3.0394287109375
CIFAR10,ConvNetBN,dog-bird,1257,2,9,166,0.003618637565523386,0.18222469836473465,2.491790771484375
CIFAR10,ConvNetBN,dog-bird,1257,2,10,167,0.0025818683207035065,0.1347133368253708,1.77362060546875
CIFAR10,ConvNetBN,dog-bird,1257,2,11,167,0.0018394520739093423,0.09477773308753967,1.31689453125
CIFAR10,ConvNetBN,dog-bird,1257,2,12,166,0.0013372914982028306,0.0730944313108921,1.024169921875
CIFAR10,ConvNetBN,dog-bird,1257,2,13,167,0.0009349276660941541,0.0516342930495739,0.70013427734375
CIFAR10,ConvNetBN,dog-bird,1257,2,14,167,0.000690160202793777,0.03747118264436722,0.52734375
CIFAR10,ConvNetBN,dog-bird,1257,2,15,166,0.0004680296406149864,0.026326834224164486,0.328887939453125
CIFAR10,ConvNetBN,dog-bird,1257,2,16,167,0.00032421009382233024,0.017644744366407394,0.24114990234375
CIFAR10,ConvNetBN,dog-bird,1257,2,17,167,0.00021705303515773267,0.012092235498130322,0.1688232421875
CIFAR10,ConvNetBN,dog-bird,1257,2,18,166,0.00013808700896333903,0.007688556797802448,0.12249755859375
CIFAR10,ConvNetBN,dog-bird,1257,2,19,167,8.405000698985532e-05,0.004556190688163042,0.059814453125
CIFAR10,ConvNetBN,dog-bird,1257,2,20,167,5.224471533438191e-05,0.0028999459464102983,0.0394287109375
CIFAR10,ConvNetBN,dog-bird,1257,2,21,166,2.6208170311292633e-05,0.0013789047370664775,0.0225830078125
CIFAR10,ConvNetBN,dog-bird,1257,2,22,167,1.2448889719962608e-05,0.0007195674697868526,0.01019287109375
CIFAR10,ConvNetBN,dog-bird,1257,2,23,167,6.229656719369814e-06,0.0003444271278567612,0.00439453125
CIFAR10,ConvNetBN,dog-bird,1257,2,24,166,2.6613919317242107e-06,0.000160294133820571,0.0020751953125
CIFAR10,ConvNetBN,dog-bird,1257,2,25,167,9.206789286508865e-07,5.590245564235374e-05,0.000732421875
CIFAR10,ConvNetBN,dog-bird,1257,2,26,167,3.0403356277020066e-07,1.5711737432866357e-05,0.000244140625
CIFAR10,ConvNetBN,dog-bird,1257,2,27,166,3.938772863421036e-08,1.138472889294917e-07,0.0
CIFAR10,ConvNetBN,dog-bird,1257,2,28,167,6.346453584882283e-09,1.0955923945843438e-09,0.0
CIFAR10,ConvNetBN,dog-bird,1257,2,29,167,4.1082681700999046e-10,5.043845549557169e-11,0.0
CIFAR10,ConvNetBN,dog-bird,1257,2,30,166,2.8596711587267065e-12,2.4258755099918882e-14,0.0
CIFAR10,ConvNetBN,dog-bird,1257,3,1,167,0.03161977231502533,1.695643663406372,15.420806884765625
CIFAR10,ConvNetBN,dog-bird,1257,3,2,167,0.015652336180210114,0.8447885513305664,8.6722412109375
CIFAR10,ConvNetBN,dog-bird,1257,3,3,166,0.009963707998394966,0.5470010042190552,5.4410400390625
CIFAR10,ConvNetBN,dog-bird,1257,3,4,167,0.006948090624064207,0.3746269643306732,3.6143798828125
CIFAR10,ConvNetBN,dog-bird,1257,3,5,167,0.0048634884878993034,0.2765868008136749,2.59100341796875
CIFAR10,ConvNetBN,dog-bird,1257,3,6,166,0.0035189882619306445,0.19010667502880096,1.667083740234375
CIFAR10,ConvNetBN,dog-bird,1257,3,7,167,0.0024836992379277945,0.14833450317382812,1.3115234375
CIFAR10,ConvNetBN,dog-bird,1257,3,8,167,0.0017857409548014402,0.10154359042644501,1.071807861328125
CIFAR10,ConvNetBN,dog-bird,1257,3,9,166,0.0012290217564441264,0.07215134426951408,0.616363525390625
CIFAR10,ConvNetBN,dog-bird,1257,3,10,167,0.0009231477743014693,0.05712280422449112,0.53485107421875
CIFAR10,ConvNetBN,dog-bird,1257,3,11,167,0.0006536722648888826,0.03876597434282303,0.37941837310791016
CIFAR10,ConvNetBN,dog-bird,1257,3,12,166,0.00046226332779042423,0.029133054427802563,0.2571868896484375
CIFAR10,ConvNetBN,dog-bird,1257,3,13,167,0.0003243151877541095,0.01896950602531433,0.170166015625
CIFAR10,ConvNetBN,dog-bird,1257,3,14,167,0.00024536289856769145,0.014328510500490665,0.133209228515625
CIFAR10,ConvNetBN,dog-bird,1257,3,15,166,0.00017039632803061977,0.010069191921502352,0.09796142578125
CIFAR10,ConvNetBN,dog-bird,1257,3,16,167,0.00011897168587893248,0.007395258639007807,0.0720672607421875
CIFAR10,ConvNetBN,dog-bird,1257,3,17,167,8.070476906141266e-05,0.00469187879934907,0.04388427734375
CIFAR10,ConvNetBN,dog-bird,1257,3,18,166,5.2099050662945956e-05,0.003272507106885314,0.031280517578125
CIFAR10,ConvNetBN,dog-bird,1257,3,19,167,3.52902861777693e-05,0.0023034769110381603,0.020263671875
CIFAR10,ConvNetBN,dog-bird,1257,3,20,167,2.107784712279681e-05,0.0013640918768942356,0.01080322265625
CIFAR10,ConvNetBN,dog-bird,1257,3,21,166,1.256786345038563e-05,0.0007545459957327694,0.0078125
CIFAR10,ConvNetBN,dog-bird,1257,3,22,167,6.519944236060837e-06,0.00040684241685085,0.003662109375
CIFAR10,ConvNetBN,dog-bird,1257,3,23,167,3.024179932253901e-06,0.00018391042249277234,0.0015869140625
CIFAR10,ConvNetBN,dog-bird,1257,3,24,166,1.2876017763119307e-06,8.063418499659747e-05,0.000732421875
CIFAR10,ConvNetBN,dog-bird,1257,3,25,167,4.939109885526705e-07,3.114805804216303e-05,0.000244140625
CIFAR10,ConvNetBN,dog-bird,1257,3,26,167,1.548252726024657e-07,9.844230589806102e-06,6.103515625e-05
CIFAR10,ConvNetBN,dog-bird,1257,3,27,166,1.6373167710526104e-08,1.0703607444817465e-09,0.0
CIFAR10,ConvNetBN,dog-bird,1257,3,28,167,2.759076078717726e-09,2.273733701319003e-10,0.0
CIFAR10,ConvNetBN,dog-bird,1257,3,29,167,1.2277227845469696e-10,5.652815888990137e-12,0.0
CIFAR10,ConvNetBN,dog-bird,1257,3,30,166,3.189159141847933e-13,6.4597728936663856e-15,0.0
CIFAR10,ConvNetBN,dog-bird,1257,4,1,167,0.026761570945382118,1.4272054433822632,9.4329833984375
CIFAR10,ConvNetBN,dog-bird,1257,4,2,167,0.013556786812841892,0.7847487330436707,4.40155029296875
CIFAR10,ConvNetBN,dog-bird,1257,4,3,166,0.008126155007630587,0.4576881229877472,3.2459869384765625
CIFAR10,ConvNetBN,dog-bird,1257,4,4,167,0.005130844656378031,0.2787153422832489,1.8724365234375
CIFAR10,ConvNetBN,dog-bird,1257,4,5,167,0.0032387375831604004,0.18053677678108215,1.344512939453125
CIFAR10,ConvNetBN,dog-bird,1257,4,6,166,0.0021918457932770252,0.13220933079719543,0.9099884033203125
CIFAR10,ConvNetBN,dog-bird,1257,4,7,167,0.001554346177726984,0.090635284781456,0.5916748046875
CIFAR10,ConvNetBN,dog-bird,1257,4,8,167,0.001092579448595643,0.0657687857747078,0.47607421875
CIFAR10,ConvNetBN,dog-bird,1257,4,9,166,0.0007839111203793436,0.045574937015771866,0.3526763916015625
CIFAR10,ConvNetBN,dog-bird,1257,4,10,167,0.0005600417498499155,0.03468881919980049,0.2789306640625
CIFAR10,ConvNetBN,dog-bird,1257,4,11,167,0.00039236852899193764,0.022889673709869385,0.16387939453125
CIFAR10,ConvNetBN,dog-bird,1257,4,12,166,0.0002459662646288052,0.015807898715138435,0.1215362548828125
CIFAR10,ConvNetBN,dog-bird,1257,4,13,167,0.00017530148033984005,0.010409330017864704,0.0633544921875
CIFAR10,ConvNetBN,dog-bird,1257,4,14,167,0.0001104659095290117,0.007170060649514198,0.05718994140625
CIFAR10,ConvNetBN,dog-bird,1257,4,15,166,7.328768333536573e-05,0.0049813545774668455,0.03668212890625
CIFAR10,ConvNetBN,dog-bird,1257,4,16,167,4.828093369724229e-05,0.003069645492359996,0.0224609375
CIFAR10,ConvNetBN,dog-bird,1257,4,17,167,3.2545420253882185e-05,0.002153663197532296,0.0150146484375
CIFAR10,ConvNetBN,dog-bird,1257,4,18,166,1.9669443645398133e-05,0.001214855641592294,0.00762939453125
CIFAR10,ConvNetBN,dog-bird,1257,4,19,167,1.2632970538106747e-05,0.0008110483177006245,0.0059814453125
CIFAR10,ConvNetBN,dog-bird,1257,4,20,167,7.086142431944609e-06,0.00042993691749870777,0.003082275390625
CIFAR10,ConvNetBN,dog-bird,1257,4,21,166,3.87179056815512e-06,0.0002456340298522264,0.001953125
CIFAR10,ConvNetBN,dog-bird,1257,4,22,167,1.9678657281474443e-06,0.00012400667765177786,0.0008544921875
CIFAR10,ConvNetBN,dog-bird,1257,4,23,167,8.52610128276865e-07,5.431757745100185e-05,0.0003662109375
CIFAR10,ConvNetBN,dog-bird,1257,4,24,166,3.158978074679908e-07,2.0338393369456753e-05,0.0001373291015625
CIFAR10,ConvNetBN,dog-bird,1257,4,25,167,1.3903111550916947e-07,8.418983270530589e-06,6.103515625e-05
CIFAR10,ConvNetBN,dog-bird,1257,4,26,167,2.023499057202116e-08,3.139688231623694e-10,0.0
CIFAR10,ConvNetBN,dog-bird,1257,4,27,166,3.505318035834648e-09,3.2599825616763667e-10,0.0
CIFAR10,ConvNetBN,dog-bird,1257,4,28,167,5.164642047361667e-10,3.650078156391956e-11,0.0
CIFAR10,ConvNetBN,dog-bird,1257,4,29,167,2.354386303971001e-11,1.909818223705395e-12,0.0
CIFAR10,ConvNetBN,dog-bird,1257,4,30,166,5.730801135017932e-14,1.7908588904901913e-15,0.0
CIFAR10,ConvNetBN,dog-bird,1547,0,1,167,0.009828074835240841,0.4514603912830353,3.524932861328125
CIFAR10,ConvNetBN,dog-bird,1547,0,2,167,0.005007910542190075,0.20123876631259918,2.11956787109375
CIFAR10,ConvNetBN,dog-bird,1547,0,3,166,0.003372764214873314,0.13634935021400452,1.184722900390625
CIFAR10,ConvNetBN,dog-bird,1547,0,4,167,0.002146007725968957,0.09370527416467667,0.824462890625
CIFAR10,ConvNetBN,dog-bird,1547,0,5,167,0.0015442481962963939,0.0738612711429596,0.657958984375
CIFAR10,ConvNetBN,dog-bird,1547,0,6,166,0.0011760465567931533,0.058890724554657936,0.528045654296875
CIFAR10,ConvNetBN,dog-bird,1547,0,7,167,0.0008472350309602916,0.039159975945949554,0.36004638671875
CIFAR10,ConvNetBN,dog-bird,1547,0,8,167,0.0006319092935882509,0.028618065640330315,0.27435302734375
CIFAR10,ConvNetBN,dog-bird,1547,0,9,166,0.0004778139409609139,0.023857293650507927,0.255950927734375
CIFAR10,ConvNetBN,dog-bird,1547,0,10,167,0.0003638129273895174,0.017407456412911415,0.1766357421875
CIFAR10,ConvNetBN,dog-bird,1547,0,11,167,0.000274810561677441,0.013664476573467255,0.120391845703125
CIFAR10,ConvNetBN,dog-bird,1547,0,12,166,0.00020036721980432048,0.009849116206169128,0.1007080078125
CIFAR10,ConvNetBN,dog-bird,1547,0,13,167,0.00014382871449925005,0.006850439123809338,0.06756591796875
CIFAR10,ConvNetBN,dog-bird,1547,0,14,167,0.00010527676931815222,0.005281764082610607,0.04864501953125
CIFAR10,ConvNetBN,dog-bird,1547,0,15,166,7.298225318663754e-05,0.003786569577641785,0.0365142822265625
CIFAR10,ConvNetBN,dog-bird,1547,0,16,167,4.98770568810869e-05,0.0024502871092408895,0.0220947265625
CIFAR10,ConvNetBN,dog-bird,1547,0,17,167,3.220084909116849e-05,0.0015711302403360605,0.01568603515625
CIFAR10,ConvNetBN,dog-bird,1547,0,18,166,2.1766568352177273e-05,0.001100395864341408,0.01055908203125
CIFAR10,ConvNetBN,dog-bird,1547,0,19,167,1.243271617568098e-05,0.0006369748152792454,0.0059814453125
CIFAR10,ConvNetBN,dog-bird,1547,0,20,167,7.401125913020223e-06,0.0004103825194761157,0.00390625
CIFAR10,ConvNetBN,dog-bird,1547,0,21,166,3.984641807619482e-06,0.00020252631657058373,0.001983642578125
CIFAR10,ConvNetBN,dog-bird,1547,0,22,167,1.9661238184198737e-06,0.00010448564717080444,0.00115966796875
CIFAR10,ConvNetBN,dog-bird,1547,0,23,167,7.545261837549333e-07,3.7605575926136225e-05,0.000396728515625
CIFAR10,ConvNetBN,dog-bird,1547,0,24,166,3.084224005078795e-07,1.4957510757085402e-05,0.0001220703125
CIFAR10,ConvNetBN,dog-bird,1547,0,25,167,1.35530044076404e-07,5.837492608407047e-06,6.103515625e-05
CIFAR10,ConvNetBN,dog-bird,1547,0,26,167,1.7324644829841418e-08,7.045137806471757e-10,0.0
CIFAR10,ConvNetBN,dog-bird,1547,0,27,166,3.2447018405434846e-09,1.1060784232963528e-10,0.0
CIFAR10,ConvNetBN,dog-bird,1547,0,28,167,4.0749942309403764e-10,3.886182348145084e-11,0.0
CIFAR10,ConvNetBN,dog-bird,1547,0,29,167,2.87224011935594e-11,1.98194412270869e-12,0.0
CIFAR10,ConvNetBN,dog-bird,1547,0,30,166,3.55318598437189e-14,2.0069331836865007e-15,0.0
CIFAR10,ConvNetBN,dog-bird,1547,1,1,167,0.0345894992351532,1.121146559715271,11.09698486328125
CIFAR10,ConvNetBN,dog-bird,1547,1,2,167,0.01699952967464924,0.5720418095588684,5.3323974609375
CIFAR10,ConvNetBN,dog-bird,1547,1,3,166,0.009594802744686604,0.3214595317840576,3.2195892333984375
CIFAR10,ConvNetBN,dog-bird,1547,1,4,167,0.0063081830739974976,0.2364605963230133,2.35321044921875
CIFAR10,ConvNetBN,dog-bird,1547,1,5,167,0.004210468381643295,0.15397971868515015,1.66888427734375
CIFAR10,ConvNetBN,dog-bird,1547,1,6,166,0.0029518280643969774,0.10786160081624985,1.06500244140625
CIFAR10,ConvNetBN,dog-bird,1547,1,7,167,0.002105144551023841,0.0795418992638588,0.7806396484375
CIFAR10,ConvNetBN,dog-bird,1547,1,8,167,0.0014512171037495136,0.05708228424191475,0.62017822265625
CIFAR10,ConvNetBN,dog-bird,1547,1,9,166,0.001018960087094456,0.038649266585707664,0.3980712890625
CIFAR10,ConvNetBN,dog-bird,1547,1,10,167,0.0007095997571013868,0.028302688151597977,0.307373046875
CIFAR10,ConvNetBN,dog-bird,1547,1,11,167,0.000538573251105845,0.019745294004678726,0.22283935546875
CIFAR10,ConvNetBN,dog-bird,1547,1,12,166,0.0003619474737206474,0.013988531660288572,0.15887451171875
CIFAR10,ConvNetBN,dog-bird,1547,1,13,167,0.00024077326816041023,0.009438981302082539,0.1082763671875
CIFAR10,ConvNetBN,dog-bird,1547,1,14,167,0.00016096372564788908,0.00621702941134572,0.0667724609375
CIFAR10,ConvNetBN,dog-bird,1547,1,15,166,0.00011724547584890388,0.004549237433820963,0.0472259521484375
CIFAR10,ConvNetBN,dog-bird,1547,1,16,167,7.606262806802988e-05,0.0029560730326920748,0.0323486328125
CIFAR10,ConvNetBN,dog-bird,1547,1,17,167,5.1751176215475425e-05,0.001954051200300455,0.0216064453125
CIFAR10,ConvNetBN,dog-bird,1547,1,18,166,3.261231722717639e-05,0.0013346191844902933,0.014678955078125
CIFAR10,ConvNetBN,dog-bird,1547,1,19,167,1.9216875443817116e-05,0.0007972746971063316,0.00933837890625
CIFAR10,ConvNetBN,dog-bird,1547,1,20,167,1.0859524991246872e-05,0.00042330025462433696,0.0048828125
CIFAR10,ConvNetBN,dog-bird,1547,1,21,166,6.3684383349027485e-06,0.00025130978610832244,0.002685546875
CIFAR10,ConvNetBN,dog-bird,1547,1,22,167,3.365669272170635e-06,0.0001264055899810046,0.00146484375
CIFAR10,ConvNetBN,dog-bird,1547,1,23,167,1.5675109352741856e-06,6.200682400958613e-05,0.000732421875
CIFAR10,ConvNetBN,dog-bird,1547,1,24,166,7.045354948331806e-07,2.6708376026363112e-05,0.00030517578125
CIFAR10,ConvNetBN,dog-bird,1547,1,25,167,2.938789407380682e-07,9.565098480379675e-06,0.0001220703125
CIFAR10,ConvNetBN,dog-bird,1547,1,26,167,4.522953034324928e-08,7.741672858330162e-10,0.0
CIFAR10,ConvNetBN,dog-bird,1547,1,27,166,8.951350327635055e-09,1.0777616212681584e-11,0.0
CIFAR10,ConvNetBN,dog-bird,1547,1,28,167,9.877081375009311e-10,6.723859208128402e-13,0.0
CIFAR10,ConvNetBN,dog-bird,1547,1,29,167,4.097795019974981e-11,5.867063833462499e-14,0.0
CIFAR10,ConvNetBN,dog-bird,1547,1,30,166,1.923834897811505e-13,3.388194158435388e-17,0.0
CIFAR10,ConvNetBN,dog-bird,1547,2,1,167,0.0966937467455864,2.776456832885742,30.472412109375
CIFAR10,ConvNetBN,dog-bird,1547,2,2,167,0.04677526652812958,1.4192280769348145,17.145263671875
CIFAR10,ConvNetBN,dog-bird,1547,2,3,166,0.028639492578804493,0.8425334393978119,11.233245849609375
CIFAR10,ConvNetBN,dog-bird,1547,2,4,167,0.018836425617337227,0.6055088639259338,8.4027099609375
CIFAR10,ConvNetBN,dog-bird,1547,2,5,167,0.013129270635545254,0.437803715467453,5.84429931640625
CIFAR10,ConvNetBN,dog-bird,1547,2,6,166,0.009162434376776218,0.2828061282634735,3.90045166015625
CIFAR10,ConvNetBN,dog-bird,1547,2,7,167,0.006889537908136845,0.22508633136749268,3.2567138671875
CIFAR10,ConvNetBN,dog-bird,1547,2,8,167,0.005030390806496143,0.16199319064617157,2.2803955078125
CIFAR10,ConvNetBN,dog-bird,1547,2,9,166,0.003618637565523386,0.1169852502644062,1.74609375
CIFAR10,ConvNetBN,dog-bird,1547,2,10,167,0.0025818683207035065,0.08414728194475174,1.278564453125
CIFAR10,ConvNetBN,dog-bird,1547,2,11,167,0.0018394520739093423,0.057213351130485535,0.77618408203125
CIFAR10,ConvNetBN,dog-bird,1547,2,12,166,0.0013372914982028306,0.04448752477765083,0.616851806640625
CIFAR10,ConvNetBN,dog-bird,1547,2,13,167,0.0009349276660941541,0.03205404803156853,0.45703125
CIFAR10,ConvNetBN,dog-bird,1547,2,14,167,0.000690160202793777,0.022634541615843773,0.3765869140625
CIFAR10,ConvNetBN,dog-bird,1547,2,15,166,0.0004680296406149864,0.01567814126610756,0.2506256103515625
CIFAR10,ConvNetBN,dog-bird,1547,2,16,167,0.00032421009382233024,0.01036466471850872,0.14837646484375
CIFAR10,ConvNetBN,dog-bird,1547,2,17,167,0.00021705303515773267,0.00720572704449296,0.1131591796875
CIFAR10,ConvNetBN,dog-bird,1547,2,18,166,0.00013808700896333903,0.004743311088532209,0.068359375
CIFAR10,ConvNetBN,dog-bird,1547,2,19,167,8.405000698985532e-05,0.002860040869563818,0.04522705078125
CIFAR10,ConvNetBN,dog-bird,1547,2,20,167,5.224471533438191e-05,0.0016992514720186591,0.028564453125
CIFAR10,ConvNetBN,dog-bird,1547,2,21,166,2.6208170311292633e-05,0.0008748211548663676,0.014556884765625
CIFAR10,ConvNetBN,dog-bird,1547,2,22,167,1.2448889719962608e-05,0.00040501932380720973,0.0068359375
CIFAR10,ConvNetBN,dog-bird,1547,2,23,167,6.229656719369814e-06,0.00020572282664943486,0.003173828125
CIFAR10,ConvNetBN,dog-bird,1547,2,24,166,2.6613919317242107e-06,8.785144746070728e-05,0.0013427734375
CIFAR10,ConvNetBN,dog-bird,1547,2,25,167,9.206789286508865e-07,3.1861316529102623e-05,0.00042724609375
CIFAR10,ConvNetBN,dog-bird,1547,2,26,167,3.0403356277020066e-07,9.561558727000374e-06,0.0001220703125
CIFAR10,ConvNetBN,dog-bird,1547,2,27,166,3.938772863421036e-08,4.1493104507850376e-09,0.0
CIFAR10,ConvNetBN,dog-bird,1547,2,28,167,6.346453584882283e-09,3.837660397798537e-11,0.0
CIFAR10,ConvNetBN,dog-bird,1547,2,29,167,4.1082681700999046e-10,1.9078523483262444e-12,0.0
CIFAR10,ConvNetBN,dog-bird,1547,2,30,166,2.8596711587267065e-12,2.3264742454558174e-15,0.0
CIFAR10,ConvNetBN,dog-bird,1547,3,1,167,0.03161977231502533,1.3450907468795776,11.860107421875
CIFAR10,ConvNetBN,dog-bird,1547,3,2,167,0.015652336180210114,0.6776456832885742,6.30157470703125
CIFAR10,ConvNetBN,dog-bird,1547,3,3,166,0.009963707998394966,0.46728670597076416,5.0635223388671875
CIFAR10,ConvNetBN,dog-bird,1547,3,4,167,0.006948090624064207,0.315360963344574,2.9805908203125
CIFAR10,ConvNetBN,dog-bird,1547,3,5,167,0.0048634884878993034,0.2136400043964386,2.19915771484375
CIFAR10,ConvNetBN,dog-bird,1547,3,6,166,0.0035189882619306445,0.15997878462076187,1.724456787109375
CIFAR10,ConvNetBN,dog-bird,1547,3,7,167,0.0024836992379277945,0.11877298355102539,1.16961669921875
CIFAR10,ConvNetBN,dog-bird,1547,3,8,167,0.0017857409548014402,0.08647742122411728,0.91607666015625
CIFAR10,ConvNetBN,dog-bird,1547,3,9,166,0.0012290217564441264,0.05677567236125469,0.608856201171875
CIFAR10,ConvNetBN,dog-bird,1547,3,10,167,0.0009231477743014693,0.04661256819963455,0.49798583984375
CIFAR10,ConvNetBN,dog-bird,1547,3,11,167,0.0006536722648888826,0.0307978056371212,0.365478515625
CIFAR10,ConvNetBN,dog-bird,1547,3,12,166,0.00046226332779042423,0.023522160947322845,0.248779296875
CIFAR10,ConvNetBN,dog-bird,1547,3,13,167,0.0003243151877541095,0.01624389737844467,0.163818359375
CIFAR10,ConvNetBN,dog-bird,1547,3,14,167,0.00024536289856769145,0.011882868595421314,0.12750244140625
CIFAR10,ConvNetBN,dog-bird,1547,3,15,166,0.00017039632803061977,0.00796016538515687,0.081817626953125
CIFAR10,ConvNetBN,dog-bird,1547,3,16,167,0.00011897168587893248,0.005838679615408182,0.06939697265625
CIFAR10,ConvNetBN,dog-bird,1547,3,17,167,8.070476906141266e-05,0.003958701156079769,0.04327392578125
CIFAR10,ConvNetBN,dog-bird,1547,3,18,166,5.2099050662945956e-05,0.0025275262305513024,0.02899169921875
CIFAR10,ConvNetBN,dog-bird,1547,3,19,167,3.52902861777693e-05,0.001770133269019425,0.0194091796875
CIFAR10,ConvNetBN,dog-bird,1547,3,20,167,2.107784712279681e-05,0.0010343316243961453,0.010986328125
CIFAR10,ConvNetBN,dog-bird,1547,3,21,166,1.256786345038563e-05,0.0006061039748601615,0.00665283203125
CIFAR10,ConvNetBN,dog-bird,1547,3,22,167,6.519944236060837e-06,0.00032243021996691823,0.00372314453125
CIFAR10,ConvNetBN,dog-bird,1547,3,23,167,3.024179932253901e-06,0.00015131499094422907,0.00189208984375
CIFAR10,ConvNetBN,dog-bird,1547,3,24,166,1.2876017763119307e-06,6.619816849706694e-05,0.00079345703125
CIFAR10,ConvNetBN,dog-bird,1547,3,25,167,4.939109885526705e-07,2.4860617486410774e-05,0.000244140625
CIFAR10,ConvNetBN,dog-bird,1547,3,26,167,1.548252726024657e-07,7.77871537138708e-06,0.0001220703125
CIFAR10,ConvNetBN,dog-bird,1547,3,27,166,1.6373167710526104e-08,1.0311531073448066e-09,0.0
CIFAR10,ConvNetBN,dog-bird,1547,3,28,167,2.759076078717726e-09,1.606864918901607e-10,0.0
CIFAR10,ConvNetBN,dog-bird,1547,3,29,167,1.2277227845469696e-10,4.386957810909031e-12,0.0
CIFAR10,ConvNetBN,dog-bird,1547,3,30,166,3.189159141847933e-13,1.9186542240775314e-14,0.0
CIFAR10,ConvNetBN,dog-bird,1547,4,1,167,0.026761570945382118,1.1019442081451416,6.43023681640625
CIFAR10,ConvNetBN,dog-bird,1547,4,2,167,0.013556786812841892,0.5128816962242126,3.5123825073242188
CIFAR10,ConvNetBN,dog-bird,1547,4,3,166,0.008126155007630587,0.3136715888977051,2.201751708984375
CIFAR10,ConvNetBN,dog-bird,1547,4,4,167,0.005130844656378031,0.19368933141231537,1.30889892578125
CIFAR10,ConvNetBN,dog-bird,1547,4,5,167,0.0032387375831604004,0.13020847737789154,0.88665771484375
CIFAR10,ConvNetBN,dog-bird,1547,4,6,166,0.0021918457932770252,0.08664505556225777,0.5698337554931641
CIFAR10,ConvNetBN,dog-bird,1547,4,7,167,0.001554346177726984,0.060840755701065063,0.39727783203125
CIFAR10,ConvNetBN,dog-bird,1547,4,8,167,0.001092579448595643,0.04312814027070999,0.35162353515625
CIFAR10,ConvNetBN,dog-bird,1547,4,9,166,0.0007839111203793436,0.03193030320107937,0.2525653839111328
CIFAR10,ConvNetBN,dog-bird,1547,4,10,167,0.0005600417498499155,0.024238353595137596,0.176055908203125
CIFAR10,ConvNetBN,dog-bird,1547,4,11,167,0.00039236852899193764,0.016583740711212158,0.1280517578125
CIFAR10,ConvNetBN,dog-bird,1547,4,12,166,0.0002459662646288052,0.010481913108378649,0.0825347900390625
CIFAR10,ConvNetBN,dog-bird,1547,4,13,167,0.00017530148033984005,0.0072527360171079636,0.049072265625
CIFAR10,ConvNetBN,dog-bird,1547,4,14,167,0.0001104659095290117,0.004874321632087231,0.033905029296875
CIFAR10,ConvNetBN,dog-bird,1547,4,15,166,7.328768333536573e-05,0.003313453169539571,0.025299072265625
CIFAR10,ConvNetBN,dog-bird,1547,4,16,167,4.828093369724229e-05,0.002146166982129216,0.01611328125
CIFAR10,ConvNetBN,dog-bird,1547,4,17,167,3.2545420253882185e-05,0.0015490128425881267,0.01177978515625
CIFAR10,ConvNetBN,dog-bird,1547,4,18,166,1.9669443645398133e-05,0.0007928740815259516,0.0057830810546875
CIFAR10,ConvNetBN,dog-bird,1547,4,19,167,1.2632970538106747e-05,0.0005551167414523661,0.00433349609375
CIFAR10,ConvNetBN,dog-bird,1547,4,20,167,7.086142431944609e-06,0.0003151883138343692,0.002105712890625
CIFAR10,ConvNetBN,dog-bird,1547,4,21,166,3.87179056815512e-06,0.00017224620387423784,0.001373291015625
CIFAR10,ConvNetBN,dog-bird,1547,4,22,167,1.9678657281474443e-06,8.355721365660429e-05,0.000732421875
CIFAR10,ConvNetBN,dog-bird,1547,4,23,167,8.52610128276865e-07,3.8564579881494865e-05,0.00030517578125
CIFAR10,ConvNetBN,dog-bird,1547,4,24,166,3.158978074679908e-07,1.422270815965021e-05,0.0001220703125
CIFAR10,ConvNetBN,dog-bird,1547,4,25,167,1.3903111550916947e-07,5.6558678807050455e-06,3.0517578125e-05
CIFAR10,ConvNetBN,dog-bird,1547,4,26,167,2.023499057202116e-08,2.604087223634366e-10,0.0
CIFAR10,ConvNetBN,dog-bird,1547,4,27,166,3.505318035834648e-09,1.9844167975513471e-10,0.0
CIFAR10,ConvNetBN,dog-bird,1547,4,28,167,5.164642047361667e-10,2.396509726776408e-11,0.0
CIFAR10,ConvNetBN,dog-bird,1547,4,29,167,2.354386303971001e-11,1.4166717928962291e-12,0.0
CIFAR10,ConvNetBN,dog-bird,1547,4,30,166,5.730801135017932e-14,1.3189705357672754e-15,0.0
CIFAR10,ConvNetBN,dog-bird,4427,0,1,167,0.009828074835240841,0.4416249096393585,1.98333740234375
CIFAR10,ConvNetBN,dog-bird,4427,0,2,167,0.005007910542190075,0.21994243562221527,1.442108154296875
CIFAR10,ConvNetBN,dog-bird,4427,0,3,166,0.003372764214873314,0.14806246012449265,0.818267822265625
CIFAR10,ConvNetBN,dog-bird,4427,0,4,167,0.002146007725968957,0.09892728179693222,0.5479736328125
CIFAR10,ConvNetBN,dog-bird,4427,0,5,167,0.0015442481962963939,0.07035030424594879,0.4290771484375
CIFAR10,ConvNetBN,dog-bird,4427,0,6,166,0.0011760465567931533,0.060235291719436646,0.353912353515625
CIFAR10,ConvNetBN,dog-bird,4427,0,7,167,0.0008472350309602916,0.039859458804130554,0.24127197265625
CIFAR10,ConvNetBN,dog-bird,4427,0,8,167,0.0006319092935882509,0.027915790677070618,0.192718505859375
CIFAR10,ConvNetBN,dog-bird,4427,0,9,166,0.0004778139409609139,0.02297941781580448,0.1612396240234375
CIFAR10,ConvNetBN,dog-bird,4427,0,10,167,0.0003638129273895174,0.01664586365222931,0.10577392578125
CIFAR10,ConvNetBN,dog-bird,4427,0,11,167,0.000274810561677441,0.01384675782173872,0.0908203125
CIFAR10,ConvNetBN,dog-bird,4427,0,12,166,0.00020036721980432048,0.00932228984311223,0.06549072265625
CIFAR10,ConvNetBN,dog-bird,4427,0,13,167,0.00014382871449925005,0.006539388094097376,0.042236328125
CIFAR10,ConvNetBN,dog-bird,4427,0,14,167,0.00010527676931815222,0.005006453488022089,0.031494140625
CIFAR10,ConvNetBN,dog-bird,4427,0,15,166,7.298225318663754e-05,0.0038583348505198956,0.023590087890625
CIFAR10,ConvNetBN,dog-bird,4427,0,16,167,4.98770568810869e-05,0.002307731891050935,0.016021728515625
CIFAR10,ConvNetBN,dog-bird,4427,0,17,167,3.220084909116849e-05,0.0016384850023314357,0.01068115234375
CIFAR10,ConvNetBN,dog-bird,4427,0,18,166,2.1766568352177273e-05,0.0010587344295345247,0.0067596435546875
CIFAR10,ConvNetBN,dog-bird,4427,0,19,167,1.243271617568098e-05,0.0006287426222115755,0.00396728515625
CIFAR10,ConvNetBN,dog-bird,4427,0,20,167,7.401125913020223e-06,0.00035799681791104376,0.00225830078125
CIFAR10,ConvNetBN,dog-bird,4427,0,21,166,3.984641807619482e-06,0.00019426621292950585,0.00128173828125
CIFAR10,ConvNetBN,dog-bird,4427,0,22,167,1.9661238184198737e-06,0.00010271726205246523,0.000640869140625
CIFAR10,ConvNetBN,dog-bird,4427,0,23,167,7.545261837549333e-07,4.2027011659229174e-05,0.000244140625
CIFAR10,ConvNetBN,dog-bird,4427,0,24,166,3.084224005078795e-07,1.4321845355880214e-05,9.918212890625e-05
CIFAR10,ConvNetBN,dog-bird,4427,0,25,167,1.35530044076404e-07,6.141891844890779e-06,3.0517578125e-05
CIFAR10,ConvNetBN,dog-bird,4427,0,26,167,1.7324644829841418e-08,4.5906661805261706e-10,0.0
CIFAR10,ConvNetBN,dog-bird,4427,0,27,166,3.2447018405434846e-09,1.0366263403227549e-10,0.0
CIFAR10,ConvNetBN,dog-bird,4427,0,28,167,4.0749942309403764e-10,4.4099241619521834e-11,0.0
CIFAR10,ConvNetBN,dog-bird,4427,0,29,167,2.87224011935594e-11,1.853623808265037e-12,0.0
CIFAR10,ConvNetBN,dog-bird,4427,0,30,166,3.55318598437189e-14,4.42932776943e-15,0.0
CIFAR10,ConvNetBN,dog-bird,4427,1,1,167,0.0345894992351532,1.2511576414108276,6.374481201171875
CIFAR10,ConvNetBN,dog-bird,4427,1,2,167,0.01699952967464924,0.5805044770240784,3.61962890625
CIFAR10,ConvNetBN,dog-bird,4427,1,3,166,0.009594802744686604,0.34781980514526367,2.3689956665039062
CIFAR10,ConvNetBN,dog-bird,4427,1,4,167,0.0063081830739974976,0.25172966718673706,1.662200927734375
CIFAR10,ConvNetBN,dog-bird,4427,1,5,167,0.004210468381643295,0.15624937415122986,1.05462646484375
CIFAR10,ConvNetBN,dog-bird,4427,1,6,166,0.0029518280643969774,0.1146068200469017,0.6248626708984375
CIFAR10,ConvNetBN,dog-bird,4427,1,7,167,0.002105144551023841,0.07724898308515549,0.514190673828125
CIFAR10,ConvNetBN,dog-bird,4427,1,8,167,0.0014512171037495136,0.05647597089409828,0.38690185546875
CIFAR10,ConvNetBN,dog-bird,4427,1,9,166,0.001018960087094456,0.04011334292590618,0.2597312927246094
CIFAR10,ConvNetBN,dog-bird,4427,1,10,167,0.0007095997571013868,0.02785462886095047,0.16900634765625
CIFAR10,ConvNetBN,dog-bird,4427,1,11,167,0.000538573251105845,0.02058790624141693,0.12286376953125
CIFAR10,ConvNetBN,dog-bird,4427,1,12,166,0.0003619474737206474,0.013719542417675257,0.0830535888671875
CIFAR10,ConvNetBN,dog-bird,4427,1,13,167,0.00024077326816041023,0.01021658256649971,0.07045745849609375
CIFAR10,ConvNetBN,dog-bird,4427,1,14,167,0.00016096372564788908,0.006621106527745724,0.04815673828125
CIFAR10,ConvNetBN,dog-bird,4427,1,15,166,0.00011724547584890388,0.004823524970561266,0.0314483642578125
CIFAR10,ConvNetBN,dog-bird,4427,1,16,167,7.606262806802988e-05,0.003210666123777628,0.019561767578125
CIFAR10,ConvNetBN,dog-bird,4427,1,17,167,5.1751176215475425e-05,0.002158848801627755,0.013275146484375
CIFAR10,ConvNetBN,dog-bird,4427,1,18,166,3.261231722717639e-05,0.0013425173237919807,0.0088653564453125
CIFAR10,ConvNetBN,dog-bird,4427,1,19,167,1.9216875443817116e-05,0.0008558351546525955,0.005340576171875
CIFAR10,ConvNetBN,dog-bird,4427,1,20,167,1.0859524991246872e-05,0.0004736259288620204,0.00323486328125
CIFAR10,ConvNetBN,dog-bird,4427,1,21,166,6.3684383349027485e-06,0.0002723250217968598,0.0017547607421875
CIFAR10,ConvNetBN,dog-bird,4427,1,22,167,3.365669272170635e-06,0.00014438582002185285,0.0010528564453125
CIFAR10,ConvNetBN,dog-bird,4427,1,23,167,1.5675109352741856e-06,6.714629125781357e-05,0.00042724609375
CIFAR10,ConvNetBN,dog-bird,4427,1,24,166,7.045354948331806e-07,2.906409827119205e-05,0.00018310546875
CIFAR10,ConvNetBN,dog-bird,4427,1,25,167,2.938789407380682e-07,1.1564594387891702e-05,6.103515625e-05
CIFAR10,ConvNetBN,dog-bird,4427,1,26,167,4.522953034324928e-08,3.984486340868898e-08,0.0
CIFAR10,ConvNetBN,dog-bird,4427,1,27,166,8.951350327635055e-09,8.614007562801618e-10,0.0
CIFAR10,ConvNetBN,dog-bird,4427,1,28,167,9.877081375009311e-10,3.692225691853679e-11,0.0
CIFAR10,ConvNetBN,dog-bird,4427,1,29,167,4.097795019974981e-11,9.844326959509986e-13,0.0
CIFAR10,ConvNetBN,dog-bird,4427,1,30,166,1.923834897811505e-13,2.049918411693762e-15,0.0
CIFAR10,ConvNetBN,dog-bird,4427,2,1,167,0.0966937467455864,2.9287290573120117,12.593673706054688
CIFAR10,ConvNetBN,dog-bird,4427,2,2,167,0.04677526652812958,1.4242613315582275,5.8996429443359375
CIFAR10,ConvNetBN,dog-bird,4427,2,3,166,0.028639492578804493,0.8213979005813599,3.3105392456054688
CIFAR10,ConvNetBN,dog-bird,4427,2,4,167,0.018836425617337227,0.5956487655639648,2.9529876708984375
CIFAR10,ConvNetBN,dog-bird,4427,2,5,167,0.013129270635545254,0.43620848655700684,1.857147216796875
CIFAR10,ConvNetBN,dog-bird,4427,2,6,166,0.009162434376776218,0.28812457621097565,1.2588376998901367
CIFAR10,ConvNetBN,dog-bird,4427,2,7,167,0.006889537908136845,0.2176632583141327,1.15545654296875
CIFAR10,ConvNetBN,dog-bird,4427,2,8,167,0.005030390806496143,0.16161677241325378,0.64794921875
CIFAR10,ConvNetBN,dog-bird,4427,2,9,166,0.003618637565523386,0.11434940621256828,0.5021476745605469
CIFAR10,ConvNetBN,dog-bird,4427,2,10,167,0.0025818683207035065,0.08411382138729095,0.394500732421875
CIFAR10,ConvNetBN,dog-bird,4427,2,11,167,0.0018394520739093423,0.05957075208425522,0.2572021484375
CIFAR10,ConvNetBN,dog-bird,4427,2,12,166,0.0013372914982028306,0.044123122468590736,0.19995880126953125
CIFAR10,ConvNetBN,dog-bird,4427,2,13,167,0.0009349276660941541,0.03178315982222557,0.132354736328125
CIFAR10,ConvNetBN,dog-bird,4427,2,14,167,0.000690160202793777,0.023620806634426117,0.116485595703125
CIFAR10,ConvNetBN,dog-bird,4427,2,15,166,0.0004680296406149864,0.01595085859298706,0.0629730224609375
CIFAR10,ConvNetBN,dog-bird,4427,2,16,167,0.00032421009382233024,0.010491861030459404,0.0504302978515625
CIFAR10,ConvNetBN,dog-bird,4427,2,17,167,0.00021705303515773267,0.0071401153691112995,0.033050537109375
CIFAR10,ConvNetBN,dog-bird,4427,2,18,166,0.00013808700896333903,0.0048384820111095905,0.021270751953125
CIFAR10,ConvNetBN,dog-bird,4427,2,19,167,8.405000698985532e-05,0.0028438360895961523,0.01397705078125
CIFAR10,ConvNetBN,dog-bird,4427,2,20,167,5.224471533438191e-05,0.0017352922586724162,0.00742340087890625
CIFAR10,ConvNetBN,dog-bird,4427,2,21,166,2.6208170311292633e-05,0.0008428728324361145,0.003604888916015625
CIFAR10,ConvNetBN,dog-bird,4427,2,22,167,1.2448889719962608e-05,0.00044073289609514177,0.001739501953125
CIFAR10,ConvNetBN,dog-bird,4427,2,23,167,6.229656719369814e-06,0.00020587659673765302,0.00070953369140625
CIFAR10,ConvNetBN,dog-bird,4427,2,24,166,2.6613919317242107e-06,8.9896497229347e-05,0.000335693359375
CIFAR10,ConvNetBN,dog-bird,4427,2,25,167,9.206789286508865e-07,3.217122139176354e-05,0.0001068115234375
CIFAR10,ConvNetBN,dog-bird,4427,2,26,167,3.0403356277020066e-07,8.971301213023253e-06,3.0517578125e-05
CIFAR10,ConvNetBN,dog-bird,4427,2,27,166,3.938772863421036e-08,6.519001871652108e-08,1.1920928955078125e-06
CIFAR10,ConvNetBN,dog-bird,4427,2,28,167,6.346453584882283e-09,4.6536988151935077e-10,0.0
CIFAR10,ConvNetBN,dog-bird,4427,2,29,167,4.1082681700999046e-10,2.2475127661736316e-11,0.0
CIFAR10,ConvNetBN,dog-bird,4427,2,30,166,2.8596711587267065e-12,1.1021087878036392e-14,0.0
CIFAR10,ConvNetBN,dog-bird,4427,3,1,167,0.03161977231502533,1.221444010734558,6.0380706787109375
CIFAR10,ConvNetBN,dog-bird,4427,3,2,167,0.015652336180210114,0.6044014692306519,3.301116943359375
CIFAR10,ConvNetBN,dog-bird,4427,3,3,166,0.009963707998394966,0.3758131116628647,2.1951446533203125
CIFAR10,ConvNetBN,dog-bird,4427,3,4,167,0.006948090624064207,0.27083340287208557,1.4859771728515625
CIFAR10,ConvNetBN,dog-bird,4427,3,5,167,0.0048634884878993034,0.19128136336803436,1.09698486328125
CIFAR10,ConvNetBN,dog-bird,4427,3,6,166,0.0035189882619306445,0.13900411874055862,0.9345779418945312
CIFAR10,ConvNetBN,dog-bird,4427,3,7,167,0.0024836992379277945,0.10157445073127747,0.54193115234375
CIFAR10,ConvNetBN,dog-bird,4427,3,8,167,0.0017857409548014402,0.06811276823282242,0.40258026123046875
CIFAR10,ConvNetBN,dog-bird,4427,3,9,166,0.0012290217564441264,0.049028754234313965,0.244293212890625
CIFAR10,ConvNetBN,dog-bird,4427,3,10,167,0.0009231477743014693,0.038724884390830994,0.22247314453125
CIFAR10,ConvNetBN,dog-bird,4427,3,11,167,0.0006536722648888826,0.02616904489696026,0.14862060546875
CIFAR10,ConvNetBN,dog-bird,4427,3,12,166,0.00046226332779042423,0.019304201938211918,0.1272258758544922
CIFAR10,ConvNetBN,dog-bird,4427,3,13,167,0.0003243151877541095,0.013607648201286793,0.077911376953125
CIFAR10,ConvNetBN,dog-bird,4427,3,14,167,0.00024536289856769145,0.009618302807211876,0.055450439453125
CIFAR10,ConvNetBN,dog-bird,4427,3,15,166,0.00017039632803061977,0.0065828426741063595,0.04492950439453125
CIFAR10,ConvNetBN,dog-bird,4427,3,16,167,0.00011897168587893248,0.004910128191113472,0.031005859375
CIFAR10,ConvNetBN,dog-bird,4427,3,17,167,8.070476906141266e-05,0.0032348656095564365,0.01934814453125
CIFAR10,ConvNetBN,dog-bird,4427,3,18,166,5.2099050662945956e-05,0.002096130629070103,0.012939453125
CIFAR10,ConvNetBN,dog-bird,4427,3,19,167,3.52902861777693e-05,0.0014390472788363695,0.010009765625
CIFAR10,ConvNetBN,dog-bird,4427,3,20,167,2.107784712279681e-05,0.0008478102390654385,0.00469970703125
CIFAR10,ConvNetBN,dog-bird,4427,3,21,166,1.256786345038563e-05,0.00049339618999511,0.0030059814453125
CIFAR10,ConvNetBN,dog-bird,4427,3,22,167,6.519944236060837e-06,0.0002750907151494175,0.0017242431640625
CIFAR10,ConvNetBN,dog-bird,4427,3,23,167,3.024179932253901e-06,0.0001168966045952402,0.000732421875
CIFAR10,ConvNetBN,dog-bird,4427,3,24,166,1.2876017763119307e-06,5.293930371408351e-05,0.000335693359375
CIFAR10,ConvNetBN,dog-bird,4427,3,25,167,4.939109885526705e-07,2.0350767954369076e-05,0.0001220703125
CIFAR10,ConvNetBN,dog-bird,4427,3,26,167,1.548252726024657e-07,6.577162821486127e-06,3.0517578125e-05
CIFAR10,ConvNetBN,dog-bird,4427,3,27,166,1.6373167710526104e-08,7.470828677913488e-10,0.0
CIFAR10,ConvNetBN,dog-bird,4427,3,28,167,2.759076078717726e-09,1.782365921521034e-10,0.0
CIFAR10,ConvNetBN,dog-bird,4427,3,29,167,1.2277227845469696e-10,3.2459744527674195e-12,0.0
CIFAR10,ConvNetBN,dog-bird,4427,3,30,166,3.189159141847933e-13,4.422672419805186e-15,0.0
CIFAR10,ConvNetBN,dog-bird,4427,4,1,167,0.026761570945382118,1.080003023147583,8.14971923828125
CIFAR10,ConvNetBN,dog-bird,4427,4,2,167,0.013556786812841892,0.5912792086601257,4.6819915771484375
CIFAR10,ConvNetBN,dog-bird,4427,4,3,166,0.008126155007630587,0.3374588191509247,2.6868896484375
CIFAR10,ConvNetBN,dog-bird,4427,4,4,167,0.005130844656378031,0.20326238870620728,1.545654296875
CIFAR10,ConvNetBN,dog-bird,4427,4,5,167,0.0032387375831604004,0.13323575258255005,1.05279541015625
CIFAR10,ConvNetBN,dog-bird,4427,4,6,166,0.0021918457932770252,0.09870238229632378,0.7966766357421875
CIFAR10,ConvNetBN,dog-bird,4427,4,7,167,0.001554346177726984,0.06466983258724213,0.50433349609375
CIFAR10,ConvNetBN,dog-bird,4427,4,8,167,0.001092579448595643,0.04501373693346977,0.3992919921875
CIFAR10,ConvNetBN,dog-bird,4427,4,9,166,0.0007839111203793436,0.033279409632086754,0.279754638671875
CIFAR10,ConvNetBN,dog-bird,4427,4,10,167,0.0005600417498499155,0.02457323856651783,0.20843505859375
CIFAR10,ConvNetBN,dog-bird,4427,4,11,167,0.00039236852899193764,0.01769678294658661,0.153076171875
CIFAR10,ConvNetBN,dog-bird,4427,4,12,166,0.0002459662646288052,0.010422633495181799,0.09377288818359375
CIFAR10,ConvNetBN,dog-bird,4427,4,13,167,0.00017530148033984005,0.007706179283559322,0.0481719970703125
CIFAR10,ConvNetBN,dog-bird,4427,4,14,167,0.0001104659095290117,0.004985121078789234,0.03863525390625
CIFAR10,ConvNetBN,dog-bird,4427,4,15,166,7.328768333536573e-05,0.003425396978855133,0.024505615234375
CIFAR10,ConvNetBN,dog-bird,4427,4,16,167,4.828093369724229e-05,0.002179856412112713,0.0171661376953125
CIFAR10,ConvNetBN,dog-bird,4427,4,17,167,3.2545420253882185e-05,0.001501315739005804,0.0123291015625
CIFAR10,ConvNetBN,dog-bird,4427,4,18,166,1.9669443645398133e-05,0.0008836323395371437,0.0072174072265625
CIFAR10,ConvNetBN,dog-bird,4427,4,19,167,1.2632970538106747e-05,0.0006038818974047899,0.00408935546875
CIFAR10,ConvNetBN,dog-bird,4427,4,20,167,7.086142431944609e-06,0.00030031747883185744,0.0023193359375
CIFAR10,ConvNetBN,dog-bird,4427,4,21,166,3.87179056815512e-06,0.00017516942898510024,0.0016021728515625
CIFAR10,ConvNetBN,dog-bird,4427,4,22,167,1.9678657281474443e-06,8.262586925411597e-05,0.00067138671875
CIFAR10,ConvNetBN,dog-bird,4427,4,23,167,8.52610128276865e-07,3.947188088204712e-05,0.000274658203125
CIFAR10,ConvNetBN,dog-bird,4427,4,24,166,3.158978074679908e-07,1.4357378859131131e-05,0.0001220703125
CIFAR10,ConvNetBN,dog-bird,4427,4,25,167,1.3903111550916947e-07,5.765690730186179e-06,3.0517578125e-05
CIFAR10,ConvNetBN,dog-bird,4427,4,26,167,2.023499057202116e-08,2.1978782682730014e-10,0.0
CIFAR10,ConvNetBN,dog-bird,4427,4,27,166,3.505318035834648e-09,2.0047528914712842e-10,0.0
CIFAR10,ConvNetBN,dog-bird,4427,4,28,167,5.164642047361667e-10,2.7617274786506663e-11,0.0
CIFAR10,ConvNetBN,dog-bird,4427,4,29,167,2.354386303971001e-11,1.198390453711895e-12,0.0
CIFAR10,ConvNetBN,dog-bird,4427,4,30,166,5.730801135017932e-14,1.0734275957590745e-15,0.0
CIFAR10,ConvNetBN,dog-bird,5859,0,1,167,0.009828074835240841,0.6071594953536987,6.66680908203125
CIFAR10,ConvNetBN,dog-bird,5859,0,2,167,0.005007910542190075,0.32918909192085266,3.6605224609375
CIFAR10,ConvNetBN,dog-bird,5859,0,3,166,0.003372764214873314,0.2224540412425995,2.43389892578125
CIFAR10,ConvNetBN,dog-bird,5859,0,4,167,0.002146007725968957,0.1392422914505005,1.5889892578125
CIFAR10,ConvNetBN,dog-bird,5859,0,5,167,0.0015442481962963939,0.11221717298030853,1.1949462890625
CIFAR10,ConvNetBN,dog-bird,5859,0,6,166,0.0011760465567931533,0.08870254456996918,1.00457763671875
CIFAR10,ConvNetBN,dog-bird,5859,0,7,167,0.0008472350309602916,0.059510450810194016,0.70849609375
CIFAR10,ConvNetBN,dog-bird,5859,0,8,167,0.0006319092935882509,0.04617716744542122,0.52734375
CIFAR10,ConvNetBN,dog-bird,5859,0,9,166,0.0004778139409609139,0.03448965214192867,0.43798828125
CIFAR10,ConvNetBN,dog-bird,5859,0,10,167,0.0003638129273895174,0.026089150458574295,0.29150390625
CIFAR10,ConvNetBN,dog-bird,5859,0,11,167,0.000274810561677441,0.020261740311980247,0.2362060546875
CIFAR10,ConvNetBN,dog-bird,5859,0,12,166,0.00020036721980432048,0.014481296762824059,0.178955078125
CIFAR10,ConvNetBN,dog-bird,5859,0,13,167,0.00014382871449925005,0.010525484569370747,0.11138916015625
CIFAR10,ConvNetBN,dog-bird,5859,0,14,167,0.00010527676931815222,0.007911307737231255,0.091064453125
CIFAR10,ConvNetBN,dog-bird,5859,0,15,166,7.298225318663754e-05,0.005614023655653,0.06463623046875
CIFAR10,ConvNetBN,dog-bird,5859,0,16,167,4.98770568810869e-05,0.0038289851509034634,0.04345703125
CIFAR10,ConvNetBN,dog-bird,5859,0,17,167,3.220084909116849e-05,0.002458535134792328,0.02679443359375
CIFAR10,ConvNetBN,dog-bird,5859,0,18,166,2.1766568352177273e-05,0.0016527026309631765,0.01922607421875
CIFAR10,ConvNetBN,dog-bird,5859,0,19,167,1.243271617568098e-05,0.000976950628682971,0.01171875
CIFAR10,ConvNetBN,dog-bird,5859,0,20,167,7.401125913020223e-06,0.0005753131117671728,0.0067138671875
CIFAR10,ConvNetBN,dog-bird,5859,0,21,166,3.984641807619482e-06,0.0002987827901961282,0.0035400390625
CIFAR10,ConvNetBN,dog-bird,5859,0,22,167,1.9661238184198737e-06,0.00015495529805775732,0.0018310546875
CIFAR10,ConvNetBN,dog-bird,5859,0,23,167,7.545261837549333e-07,6.258775829337537e-05,0.000732421875
CIFAR10,ConvNetBN,dog-bird,5859,0,24,166,3.084224005078795e-07,2.329828839719994e-05,0.000244140625
CIFAR10,ConvNetBN,dog-bird,5859,0,25,167,1.35530044076404e-07,9.742798283696175e-06,0.0001220703125
CIFAR10,ConvNetBN,dog-bird,5859,0,26,167,1.7324644829841418e-08,5.121888468906377e-10,0.0
CIFAR10,ConvNetBN,dog-bird,5859,0,27,166,3.2447018405434846e-09,1.3671744986121226e-10,0.0
CIFAR10,ConvNetBN,dog-bird,5859,0,28,167,4.0749942309403764e-10,7.00831753741582e-11,0.0
CIFAR10,ConvNetBN,dog-bird,5859,0,29,167,2.87224011935594e-11,3.1389639151835347e-12,0.0
CIFAR10,ConvNetBN,dog-bird,5859,0,30,166,3.55318598437189e-14,1.8532943772465755e-15,0.0
CIFAR10,ConvNetBN,dog-bird,5859,1,1,167,0.0345894992351532,1.570013403892517,16.76416015625
CIFAR10,ConvNetBN,dog-bird,5859,1,2,167,0.01699952967464924,0.7510515451431274,7.9349365234375
CIFAR10,ConvNetBN,dog-bird,5859,1,3,166,0.009594802744686604,0.4403517544269562,5.66119384765625
CIFAR10,ConvNetBN,dog-bird,5859,1,4,167,0.0063081830739974976,0.31219735741615295,3.88739013671875
CIFAR10,ConvNetBN,dog-bird,5859,1,5,167,0.004210468381643295,0.20680873095989227,2.522705078125
CIFAR10,ConvNetBN,dog-bird,5859,1,6,166,0.0029518280643969774,0.14347770065069199,1.697601318359375
CIFAR10,ConvNetBN,dog-bird,5859,1,7,167,0.002105144551023841,0.09982022643089294,1.31207275390625
CIFAR10,ConvNetBN,dog-bird,5859,1,8,167,0.0014512171037495136,0.07171668112277985,0.84722900390625
CIFAR10,ConvNetBN,dog-bird,5859,1,9,166,0.001018960087094456,0.054459841921925545,0.6107940673828125
CIFAR10,ConvNetBN,dog-bird,5859,1,10,167,0.0007095997571013868,0.036521460860967636,0.41015625
CIFAR10,ConvNetBN,dog-bird,5859,1,11,167,0.000538573251105845,0.027556419372558594,0.310546875
CIFAR10,ConvNetBN,dog-bird,5859,1,12,166,0.0003619474737206474,0.0183163583278656,0.210357666015625
CIFAR10,ConvNetBN,dog-bird,5859,1,13,167,0.00024077326816041023,0.013456729240715504,0.1544189453125
CIFAR10,ConvNetBN,dog-bird,5859,1,14,167,0.00016096372564788908,0.007905176840722561,0.09832763671875
CIFAR10,ConvNetBN,dog-bird,5859,1,15,166,0.00011724547584890388,0.006145253079012036,0.0789337158203125
CIFAR10,ConvNetBN,dog-bird,5859,1,16,167,7.606262806802988e-05,0.003821180434897542,0.04083251953125
CIFAR10,ConvNetBN,dog-bird,5859,1,17,167,5.1751176215475425e-05,0.002734855515882373,0.03192138671875
CIFAR10,ConvNetBN,dog-bird,5859,1,18,166,3.261231722717639e-05,0.0016768332570791245,0.018646240234375
CIFAR10,ConvNetBN,dog-bird,5859,1,19,167,1.9216875443817116e-05,0.0010575761552900076,0.011962890625
CIFAR10,ConvNetBN,dog-bird,5859,1,20,167,1.0859524991246872e-05,0.0005933585343882442,0.0069580078125
CIFAR10,ConvNetBN,dog-bird,5859,1,21,166,6.3684383349027485e-06,0.00033862798591144383,0.0037841796875
CIFAR10,ConvNetBN,dog-bird,5859,1,22,167,3.365669272170635e-06,0.0001848722604336217,0.002197265625
CIFAR10,ConvNetBN,dog-bird,5859,1,23,167,1.5675109352741856e-06,8.588795753894374e-05,0.0009765625
CIFAR10,ConvNetBN,dog-bird,5859,1,24,166,7.045354948331806e-07,3.668958197522443e-05,0.00042724609375
CIFAR10,ConvNetBN,dog-bird,5859,1,25,167,2.938789407380682e-07,1.5250302567437757e-05,0.00018310546875
CIFAR10,ConvNetBN,dog-bird,5859,1,26,167,4.522953034324928e-08,5.545780012994328e-08,0.0
CIFAR10,ConvNetBN,dog-bird,5859,1,27,166,8.951350327635055e-09,1.829424334243157e-09,0.0
CIFAR10,ConvNetBN,dog-bird,5859,1,28,167,9.877081375009311e-10,7.78105219145786e-11,0.0
CIFAR10,ConvNetBN,dog-bird,5859,1,29,167,4.097795019974981e-11,3.265794319001758e-12,0.0
CIFAR10,ConvNetBN,dog-bird,5859,1,30,166,1.923834897811505e-13,1.7886654139699816e-14,0.0
CIFAR10,ConvNetBN,dog-bird,5859,2,1,167,0.0966937467455864,4.312442779541016,55.6944580078125
CIFAR10,ConvNetBN,dog-bird,5859,2,2,167,0.04677526652812958,2.1032371520996094,28.0889892578125
CIFAR10,ConvNetBN,dog-bird,5859,2,3,166,0.028639492578804493,1.243899405002594,17.609375
CIFAR10,ConvNetBN,dog-bird,5859,2,4,167,0.018836425617337227,0.8871897459030151,12.35577392578125
CIFAR10,ConvNetBN,dog-bird,5859,2,5,167,0.013129270635545254,0.6439000368118286,9.53173828125
CIFAR10,ConvNetBN,dog-bird,5859,2,6,166,0.009162434376776218,0.43534430861473083,6.089019775390625
CIFAR10,ConvNetBN,dog-bird,5859,2,7,167,0.006889537908136845,0.34870004653930664,4.816162109375
CIFAR10,ConvNetBN,dog-bird,5859,2,8,167,0.005030390806496143,0.23675988614559174,3.3897705078125
CIFAR10,ConvNetBN,dog-bird,5859,2,9,166,0.003618637565523386,0.1645222082734108,2.6644287109375
CIFAR10,ConvNetBN,dog-bird,5859,2,10,167,0.0025818683207035065,0.12339825928211212,1.771728515625
CIFAR10,ConvNetBN,dog-bird,5859,2,11,167,0.0018394520739093423,0.08867377042770386,1.2738037109375
CIFAR10,ConvNetBN,dog-bird,5859,2,12,166,0.0013372914982028306,0.06902844458818436,0.9735107421875
CIFAR10,ConvNetBN,dog-bird,5859,2,13,167,0.0009349276660941541,0.04692978039383888,0.691131591796875
CIFAR10,ConvNetBN,dog-bird,5859,2,14,167,0.000690160202793777,0.03528311103582382,0.5625
CIFAR10,ConvNetBN,dog-bird,5859,2,15,166,0.0004680296406149864,0.0238772826269269,0.3427734375
CIFAR10,ConvNetBN,dog-bird,5859,2,16,167,0.00032421009382233024,0.016053946688771248,0.21844482421875
CIFAR10,ConvNetBN,dog-bird,5859,2,17,167,0.00021705303515773267,0.011087574996054173,0.16717529296875
CIFAR10,ConvNetBN,dog-bird,5859,2,18,166,0.00013808700896333903,0.00732232560403645,0.10406494140625
CIFAR10,ConvNetBN,dog-bird,5859,2,19,167,8.405000698985532e-05,0.004551645368337631,0.0601806640625
CIFAR10,ConvNetBN,dog-bird,5859,2,20,167,5.224471533438191e-05,0.002580075990408659,0.037109375
CIFAR10,ConvNetBN,dog-bird,5859,2,21,166,2.6208170311292633e-05,0.0013173409970477223,0.02032470703125
CIFAR10,ConvNetBN,dog-bird,5859,2,22,167,1.2448889719962608e-05,0.0006611132994294167,0.0096435546875
CIFAR10,ConvNetBN,dog-bird,5859,2,23,167,6.229656719369814e-06,0.0003151482960674912,0.0047607421875
CIFAR10,ConvNetBN,dog-bird,5859,2,24,166,2.6613919317242107e-06,0.0001444939844077453,0.001953125
CIFAR10,ConvNetBN,dog-bird,5859,2,25,167,9.206789286508865e-07,5.202145257499069e-05,0.000732421875
CIFAR10,ConvNetBN,dog-bird,5859,2,26,167,3.0403356277020066e-07,1.5107310900930315e-05,0.000244140625
CIFAR10,ConvNetBN,dog-bird,5859,2,27,166,3.938772863421036e-08,1.093229684556718e-07,0.0
CIFAR10,ConvNetBN,dog-bird,5859,2,28,167,6.346453584882283e-09,8.220478742160253e-10,0.0
CIFAR10,ConvNetBN,dog-bird,5859,2,29,167,4.1082681700999046e-10,3.598521480796535e-11,0.0
CIFAR10,ConvNetBN,dog-bird,5859,2,30,166,2.8596711587267065e-12,2.6165779476927317e-14,0.0
CIFAR10,ConvNetBN,dog-bird,5859,3,1,167,0.03161977231502533,1.6666526794433594,19.468475341796875
CIFAR10,ConvNetBN,dog-bird,5859,3,2,167,0.015652336180210114,0.8482772707939148,9.28619384765625
CIFAR10,ConvNetBN,dog-bird,5859,3,3,166,0.009963707998394966,0.5931125581264496,5.85821533203125
CIFAR10,ConvNetBN,dog-bird,5859,3,4,167,0.006948090624064207,0.37439748644828796,3.9234619140625
CIFAR10,ConvNetBN,dog-bird,5859,3,5,167,0.0048634884878993034,0.27931806445121765,2.922119140625
CIFAR10,ConvNetBN,dog-bird,5859,3,6,166,0.0035189882619306445,0.19486834108829498,1.8436279296875
CIFAR10,ConvNetBN,dog-bird,5859,3,7,167,0.0024836992379277945,0.14917558431625366,1.3431396484375
CIFAR10,ConvNetBN,dog-bird,5859,3,8,167,0.0017857409548014402,0.09546947479248047,1.1253662109375
CIFAR10,ConvNetBN,dog-bird,5859,3,9,166,0.0012290217564441264,0.06984259560704231,0.732330322265625
CIFAR10,ConvNetBN,dog-bird,5859,3,10,167,0.0009231477743014693,0.054769519716501236,0.57891845703125
CIFAR10,ConvNetBN,dog-bird,5859,3,11,167,0.0006536722648888826,0.038157276809215546,0.40850830078125
CIFAR10,ConvNetBN,dog-bird,5859,3,12,166,0.00046226332779042423,0.02752126008272171,0.2706298828125
CIFAR10,ConvNetBN,dog-bird,5859,3,13,167,0.0003243151877541095,0.0197416003793478,0.18682861328125
CIFAR10,ConvNetBN,dog-bird,5859,3,14,167,0.00024536289856769145,0.014175635762512684,0.1331787109375
CIFAR10,ConvNetBN,dog-bird,5859,3,15,166,0.00017039632803061977,0.010053770616650581,0.107696533203125
CIFAR10,ConvNetBN,dog-bird,5859,3,16,167,0.00011897168587893248,0.006724630482494831,0.06903076171875
CIFAR10,ConvNetBN,dog-bird,5859,3,17,167,8.070476906141266e-05,0.004560435656458139,0.0452880859375
CIFAR10,ConvNetBN,dog-bird,5859,3,18,166,5.2099050662945956e-05,0.003154848818667233,0.03216552734375
CIFAR10,ConvNetBN,dog-bird,5859,3,19,167,3.52902861777693e-05,0.0021755716297775507,0.0220947265625
CIFAR10,ConvNetBN,dog-bird,5859,3,20,167,2.107784712279681e-05,0.0012152147246524692,0.012115478515625
CIFAR10,ConvNetBN,dog-bird,5859,3,21,166,1.256786345038563e-05,0.0007228238973766565,0.007843017578125
CIFAR10,ConvNetBN,dog-bird,5859,3,22,167,6.519944236060837e-06,0.00038307750946842134,0.0042724609375
CIFAR10,ConvNetBN,dog-bird,5859,3,23,167,3.024179932253901e-06,0.00018031534273177385,0.001953125
CIFAR10,ConvNetBN,dog-bird,5859,3,24,166,1.2876017763119307e-06,7.38445705792401e-05,0.00079345703125
CIFAR10,ConvNetBN,dog-bird,5859,3,25,167,4.939109885526705e-07,2.927267996710725e-05,0.000274658203125
CIFAR10,ConvNetBN,dog-bird,5859,3,26,167,1.548252726024657e-07,9.077518370759208e-06,0.0001220703125
CIFAR10,ConvNetBN,dog-bird,5859,3,27,166,1.6373167710526104e-08,1.5212345827464446e-09,0.0
CIFAR10,ConvNetBN,dog-bird,5859,3,28,167,2.759076078717726e-09,2.6563318211714204e-10,0.0
CIFAR10,ConvNetBN,dog-bird,5859,3,29,167,1.2277227845469696e-10,8.193514443310956e-12,0.0
CIFAR10,ConvNetBN,dog-bird,5859,3,30,166,3.189159141847933e-13,1.7429527398725615e-14,0.0
CIFAR10,ConvNetBN,dog-bird,5859,4,1,167,0.026761570945382118,1.5030491352081299,9.599456787109375
CIFAR10,ConvNetBN,dog-bird,5859,4,2,167,0.013556786812841892,0.764971137046814,5.0142822265625
CIFAR10,ConvNetBN,dog-bird,5859,4,3,166,0.008126155007630587,0.44114765524864197,2.772979736328125
CIFAR10,ConvNetBN,dog-bird,5859,4,4,167,0.005130844656378031,0.29896894097328186,1.9267578125
CIFAR10,ConvNetBN,dog-bird,5859,4,5,167,0.0032387375831604004,0.18023940920829773,1.3153076171875
CIFAR10,ConvNetBN,dog-bird,5859,4,6,166,0.0021918457932770252,0.1336812674999237,0.7337493896484375
CIFAR10,ConvNetBN,dog-bird,5859,4,7,167,0.001554346177726984,0.08645417541265488,0.595947265625
CIFAR10,ConvNetBN,dog-bird,5859,4,8,167,0.001092579448595643,0.06429117918014526,0.46575927734375
CIFAR10,ConvNetBN,dog-bird,5859,4,9,166,0.0007839111203793436,0.04749721847474575,0.34040260314941406
CIFAR10,ConvNetBN,dog-bird,5859,4,10,167,0.0005600417498499155,0.03313128277659416,0.258544921875
CIFAR10,ConvNetBN,dog-bird,5859,4,11,167,0.00039236852899193764,0.02382708340883255,0.1651611328125
CIFAR10,ConvNetBN,dog-bird,5859,4,12,166,0.0002459662646288052,0.015346082858741283,0.11956787109375
CIFAR10,ConvNetBN,dog-bird,5859,4,13,167,0.00017530148033984005,0.010274852626025677,0.07586669921875
CIFAR10,ConvNetBN,dog-bird,5859,4,14,167,0.0001104659095290117,0.006756995804607868,0.047882080078125
CIFAR10,ConvNetBN,dog-bird,5859,4,15,166,7.328768333536573e-05,0.004734899615868926,0.037139892578125
CIFAR10,ConvNetBN,dog-bird,5859,4,16,167,4.828093369724229e-05,0.0028957193717360497,0.02392578125
CIFAR10,ConvNetBN,dog-bird,5859,4,17,167,3.2545420253882185e-05,0.0021036197431385517,0.01556396484375
CIFAR10,ConvNetBN,dog-bird,5859,4,18,166,1.9669443645398133e-05,0.001221781480126083,0.009246826171875
CIFAR10,ConvNetBN,dog-bird,5859,4,19,167,1.2632970538106747e-05,0.0008093648357316852,0.005828857421875
CIFAR10,ConvNetBN,dog-bird,5859,4,20,167,7.086142431944609e-06,0.00042987990309484303,0.00311279296875
CIFAR10,ConvNetBN,dog-bird,5859,4,21,166,3.87179056815512e-06,0.00024009330081753433,0.0019989013671875
CIFAR10,ConvNetBN,dog-bird,5859,4,22,167,1.9678657281474443e-06,0.0001195374206872657,0.00091552734375
CIFAR10,ConvNetBN,dog-bird,5859,4,23,167,8.52610128276865e-07,5.3195268264971673e-05,0.0003662109375
CIFAR10,ConvNetBN,dog-bird,5859,4,24,166,3.158978074679908e-07,2.1593697056232486e-05,0.0001373291015625
CIFAR10,ConvNetBN,dog-bird,5859,4,25,167,1.3903111550916947e-07,8.572264050599188e-06,6.103515625e-05
CIFAR10,ConvNetBN,dog-bird,5859,4,26,167,2.023499057202116e-08,1.0015261953100207e-09,0.0
CIFAR10,ConvNetBN,dog-bird,5859,4,27,166,3.505318035834648e-09,4.380894536026858e-10,0.0
CIFAR10,ConvNetBN,dog-bird,5859,4,28,167,5.164642047361667e-10,1.6672095648484486e-10,0.0
CIFAR10,ConvNetBN,dog-bird,5859,4,29,167,2.354386303971001e-11,3.078772263173657e-12,0.0
CIFAR10,ConvNetBN,dog-bird,5859,4,30,166,5.730801135017932e-14,3.0113886864956705e-15,0.0
CIFAR10,ConvNetBN,dog-bird,8055,0,1,167,0.009828074835240841,0.4646870493888855,2.16986083984375
CIFAR10,ConvNetBN,dog-bird,8055,0,2,167,0.005007910542190075,0.21724741160869598,1.1797637939453125
CIFAR10,ConvNetBN,dog-bird,8055,0,3,166,0.003372764214873314,0.15183504670858383,0.7789306640625
CIFAR10,ConvNetBN,dog-bird,8055,0,4,167,0.002146007725968957,0.09769481420516968,0.57159423828125
CIFAR10,ConvNetBN,dog-bird,8055,0,5,167,0.0015442481962963939,0.07553666085004807,0.43756103515625
CIFAR10,ConvNetBN,dog-bird,8055,0,6,166,0.0011760465567931533,0.05832500569522381,0.29827880859375
CIFAR10,ConvNetBN,dog-bird,8055,0,7,167,0.0008472350309602916,0.04045142978429794,0.25067138671875
CIFAR10,ConvNetBN,dog-bird,8055,0,8,167,0.0006319092935882509,0.029055140912532806,0.142486572265625
CIFAR10,ConvNetBN,dog-bird,8055,0,9,166,0.0004778139409609139,0.024118582718074322,0.1524200439453125
CIFAR10,ConvNetBN,dog-bird,8055,0,10,167,0.0003638129273895174,0.01708970032632351,0.0982666015625
CIFAR10,ConvNetBN,dog-bird,8055,0,11,167,0.000274810561677441,0.013821739703416824,0.07720947265625
CIFAR10,ConvNetBN,dog-bird,8055,0,12,166,0.00020036721980432048,0.009325856808573008,0.0602264404296875
CIFAR10,ConvNetBN,dog-bird,8055,0,13,167,0.00014382871449925005,0.006753875873982906,0.03570556640625
CIFAR10,ConvNetBN,dog-bird,8055,0,14,167,0.00010527676931815222,0.0050605470314621925,0.02978515625
CIFAR10,ConvNetBN,dog-bird,8055,0,15,166,7.298225318663754e-05,0.0036974234972149134,0.02203369140625
CIFAR10,ConvNetBN,dog-bird,8055,0,16,167,4.98770568810869e-05,0.0024342243559658527,0.01422119140625
CIFAR10,ConvNetBN,dog-bird,8055,0,17,167,3.220084909116849e-05,0.0016535938484594226,0.009063720703125
CIFAR10,ConvNetBN,dog-bird,8055,0,18,166,2.1766568352177273e-05,0.0011038687080144882,0.006591796875
CIFAR10,ConvNetBN,dog-bird,8055,0,19,167,1.243271617568098e-05,0.0006284918054006994,0.0037841796875
CIFAR10,ConvNetBN,dog-bird,8055,0,20,167,7.401125913020223e-06,0.000375234754756093,0.002227783203125
CIFAR10,ConvNetBN,dog-bird,8055,0,21,166,3.984641807619482e-06,0.00019634362251963466,0.00115966796875
CIFAR10,ConvNetBN,dog-bird,8055,0,22,167,1.9661238184198737e-06,0.00010229648614767939,0.00067138671875
CIFAR10,ConvNetBN,dog-bird,8055,0,23,167,7.545261837549333e-07,4.0817565604811534e-05,0.000244140625
CIFAR10,ConvNetBN,dog-bird,8055,0,24,166,3.084224005078795e-07,1.562693159939954e-05,6.103515625e-05
CIFAR10,ConvNetBN,dog-bird,8055,0,25,167,1.35530044076404e-07,6.4173527789535e-06,3.0517578125e-05
CIFAR10,ConvNetBN,dog-bird,8055,0,26,167,1.7324644829841418e-08,5.202356878619696e-10,0.0
CIFAR10,ConvNetBN,dog-bird,8055,0,27,166,3.2447018405434846e-09,1.325183712763689e-10,0.0
CIFAR10,ConvNetBN,dog-bird,8055,0,28,167,4.0749942309403764e-10,4.2220667934023126e-11,0.0
CIFAR10,ConvNetBN,dog-bird,8055,0,29,167,2.87224011935594e-11,1.9584256091831342e-12,0.0
CIFAR10,ConvNetBN,dog-bird,8055,0,30,166,3.55318598437189e-14,1.971099031336434e-15,0.0
CIFAR10,ConvNetBN,dog-bird,8055,1,1,167,0.0345894992351532,0.9686810374259949,10.685791015625
CIFAR10,ConvNetBN,dog-bird,8055,1,2,167,0.01699952967464924,0.4682484269142151,4.677978515625
CIFAR10,ConvNetBN,dog-bird,8055,1,3,166,0.009594802744686604,0.27352024614810944,2.9152374267578125
CIFAR10,ConvNetBN,dog-bird,8055,1,4,167,0.0063081830739974976,0.2043168842792511,2.261993408203125
CIFAR10,ConvNetBN,dog-bird,8055,1,5,167,0.004210468381643295,0.12758755683898926,1.3660888671875
CIFAR10,ConvNetBN,dog-bird,8055,1,6,166,0.0029518280643969774,0.08690717816352844,0.9668350219726562
CIFAR10,ConvNetBN,dog-bird,8055,1,7,167,0.002105144551023841,0.061644166707992554,0.701080322265625
CIFAR10,ConvNetBN,dog-bird,8055,1,8,167,0.0014512171037495136,0.04654161259531975,0.474853515625
CIFAR10,ConvNetBN,dog-bird,8055,1,9,166,0.001018960087094456,0.032330479472875595,0.34171295166015625
CIFAR10,ConvNetBN,dog-bird,8055,1,10,167,0.0007095997571013868,0.02237580344080925,0.24078369140625
CIFAR10,ConvNetBN,dog-bird,8055,1,11,167,0.000538573251105845,0.016811976209282875,0.186126708984375
CIFAR10,ConvNetBN,dog-bird,8055,1,12,166,0.0003619474737206474,0.010831252671778202,0.103485107421875
CIFAR10,ConvNetBN,dog-bird,8055,1,13,167,0.00024077326816041023,0.007933134213089943,0.08355712890625
CIFAR10,ConvNetBN,dog-bird,8055,1,14,167,0.00016096372564788908,0.005152490455657244,0.05938720703125
CIFAR10,ConvNetBN,dog-bird,8055,1,15,166,0.00011724547584890388,0.0038236260879784822,0.041473388671875
CIFAR10,ConvNetBN,dog-bird,8055,1,16,167,7.606262806802988e-05,0.0022870241664350033,0.02374267578125
CIFAR10,ConvNetBN,dog-bird,8055,1,17,167,5.1751176215475425e-05,0.0016488261753693223,0.01544189453125
CIFAR10,ConvNetBN,dog-bird,8055,1,18,166,3.261231722717639e-05,0.0010120978113263845,0.0101776123046875
CIFAR10,ConvNetBN,dog-bird,8055,1,19,167,1.9216875443817116e-05,0.0006272947648540139,0.0067138671875
CIFAR10,ConvNetBN,dog-bird,8055,1,20,167,1.0859524991246872e-05,0.0003346648009028286,0.003631591796875
CIFAR10,ConvNetBN,dog-bird,8055,1,21,166,6.3684383349027485e-06,0.0002012956392718479,0.0018157958984375
CIFAR10,ConvNetBN,dog-bird,8055,1,22,167,3.365669272170635e-06,0.00010410184040665627,0.0010986328125
CIFAR10,ConvNetBN,dog-bird,8055,1,23,167,1.5675109352741856e-06,4.962768798577599e-05,0.000518798828125
CIFAR10,ConvNetBN,dog-bird,8055,1,24,166,7.045354948331806e-07,2.2116658328741323e-05,0.0002288818359375
CIFAR10,ConvNetBN,dog-bird,8055,1,25,167,2.938789407380682e-07,9.022138328873552e-06,9.1552734375e-05
CIFAR10,ConvNetBN,dog-bird,8055,1,26,167,4.522953034324928e-08,2.4904510453893636e-08,0.0
CIFAR10,ConvNetBN,dog-bird,8055,1,27,166,8.951350327635055e-09,7.510648492026206e-10,0.0
CIFAR10,ConvNetBN,dog-bird,8055,1,28,167,9.877081375009311e-10,2.5710912565646282e-11,0.0
CIFAR10,ConvNetBN,dog-bird,8055,1,29,167,4.097795019974981e-11,7.233711784952745e-13,0.0
CIFAR10,ConvNetBN,dog-bird,8055,1,30,166,1.923834897811505e-13,1.2354682278819336e-15,0.0
CIFAR10,ConvNetBN,dog-bird,8055,2,1,167,0.0966937467455864,2.942185640335083,20.859085083007812
CIFAR10,ConvNetBN,dog-bird,8055,2,2,167,0.04677526652812958,1.3855303525924683,11.205780029296875
CIFAR10,ConvNetBN,dog-bird,8055,2,3,166,0.028639492578804493,0.7974803149700165,6.631439208984375
CIFAR10,ConvNetBN,dog-bird,8055,2,4,167,0.018836425617337227,0.5498147010803223,4.471954345703125
CIFAR10,ConvNetBN,dog-bird,8055,2,5,167,0.013129270635545254,0.40250271558761597,3.531402587890625
CIFAR10,ConvNetBN,dog-bird,8055,2,6,166,0.009162434376776218,0.27385684847831726,2.2281036376953125
CIFAR10,ConvNetBN,dog-bird,8055,2,7,167,0.006889537908136845,0.22236856818199158,1.7392730712890625
CIFAR10,ConvNetBN,dog-bird,8055,2,8,167,0.005030390806496143,0.1495143175125122,1.2674713134765625
CIFAR10,ConvNetBN,dog-bird,8055,2,9,166,0.003618637565523386,0.11130033433437347,0.903472900390625
CIFAR10,ConvNetBN,dog-bird,8055,2,10,167,0.0025818683207035065,0.08076977729797363,0.677093505859375
CIFAR10,ConvNetBN,dog-bird,8055,2,11,167,0.0018394520739093423,0.05713879317045212,0.4566650390625
CIFAR10,ConvNetBN,dog-bird,8055,2,12,166,0.0013372914982028306,0.042467642575502396,0.317138671875
CIFAR10,ConvNetBN,dog-bird,8055,2,13,167,0.0009349276660941541,0.031459975987672806,0.220855712890625
CIFAR10,ConvNetBN,dog-bird,8055,2,14,167,0.000690160202793777,0.02178562991321087,0.194427490234375
CIFAR10,ConvNetBN,dog-bird,8055,2,15,166,0.0004680296406149864,0.014887226279824972,0.11911964416503906
CIFAR10,ConvNetBN,dog-bird,8055,2,16,167,0.00032421009382233024,0.009853473864495754,0.0771026611328125
CIFAR10,ConvNetBN,dog-bird,8055,2,17,167,0.00021705303515773267,0.00674876943230629,0.058746337890625
CIFAR10,ConvNetBN,dog-bird,8055,2,18,166,0.00013808700896333903,0.004742186516523361,0.03660774230957031
CIFAR10,ConvNetBN,dog-bird,8055,2,19,167,8.405000698985532e-05,0.0027216088492423296,0.02252197265625
CIFAR10,ConvNetBN,dog-bird,8055,2,20,167,5.224471533438191e-05,0.001588928629644215,0.0129241943359375
CIFAR10,ConvNetBN,dog-bird,8055,2,21,166,2.6208170311292633e-05,0.0008165098261088133,0.00728607177734375
CIFAR10,ConvNetBN,dog-bird,8055,2,22,167,1.2448889719962608e-05,0.0003904917975887656,0.003570556640625
CIFAR10,ConvNetBN,dog-bird,8055,2,23,167,6.229656719369814e-06,0.00018754300253931433,0.001556396484375
CIFAR10,ConvNetBN,dog-bird,8055,2,24,166,2.6613919317242107e-06,8.660306775709614e-05,0.000640869140625
CIFAR10,ConvNetBN,dog-bird,8055,2,25,167,9.206789286508865e-07,3.0306016924441792e-05,0.000213623046875
CIFAR10,ConvNetBN,dog-bird,8055,2,26,167,3.0403356277020066e-07,9.269272595702205e-06,7.62939453125e-05
CIFAR10,ConvNetBN,dog-bird,8055,2,27,166,3.938772863421036e-08,6.682133246727062e-08,6.4373016357421875e-06
CIFAR10,ConvNetBN,dog-bird,8055,2,28,167,6.346453584882283e-09,5.132618219327867e-10,0.0
CIFAR10,ConvNetBN,dog-bird,8055,2,29,167,4.1082681700999046e-10,2.3006803059888448e-11,0.0
CIFAR10,ConvNetBN,dog-bird,8055,2,30,166,2.8596711587267065e-12,1.1754490931900055e-14,0.0
CIFAR10,ConvNetBN,dog-bird,8055,3,1,167,0.03161977231502533,1.531863808631897,11.854522705078125
CIFAR10,ConvNetBN,dog-bird,8055,3,2,167,0.015652336180210114,0.7458667159080505,5.4396209716796875
CIFAR10,ConvNetBN,dog-bird,8055,3,3,166,0.009963707998394966,0.4808815270662308,3.5564727783203125
CIFAR10,ConvNetBN,dog-bird,8055,3,4,167,0.006948090624064207,0.3280806541442871,2.28271484375
CIFAR10,ConvNetBN,dog-bird,8055,3,5,167,0.0048634884878993034,0.23185661435127258,1.684112548828125
CIFAR10,ConvNetBN,dog-bird,8055,3,6,166,0.0035189882619306445,0.16858963668346405,0.9725189208984375
CIFAR10,ConvNetBN,dog-bird,8055,3,7,167,0.0024836992379277945,0.12072133272886276,0.80316162109375
CIFAR10,ConvNetBN,dog-bird,8055,3,8,167,0.0017857409548014402,0.08595268428325653,0.627166748046875
CIFAR10,ConvNetBN,dog-bird,8055,3,9,166,0.0012290217564441264,0.05817434750497341,0.4019622802734375
CIFAR10,ConvNetBN,dog-bird,8055,3,10,167,0.0009231477743014693,0.04690277948975563,0.300537109375
CIFAR10,ConvNetBN,dog-bird,8055,3,11,167,0.0006536722648888826,0.03263569995760918,0.227569580078125
CIFAR10,ConvNetBN,dog-bird,8055,3,12,166,0.00046226332779042423,0.022999895736575127,0.16019439697265625
CIFAR10,ConvNetBN,dog-bird,8055,3,13,167,0.0003243151877541095,0.015616246499121189,0.109771728515625
CIFAR10,ConvNetBN,dog-bird,8055,3,14,167,0.00024536289856769145,0.012048106640577316,0.084686279296875
CIFAR10,ConvNetBN,dog-bird,8055,3,15,166,0.00017039632803061977,0.008271203376352787,0.0548858642578125
CIFAR10,ConvNetBN,dog-bird,8055,3,16,167,0.00011897168587893248,0.006040853448212147,0.04254150390625
CIFAR10,ConvNetBN,dog-bird,8055,3,17,167,8.070476906141266e-05,0.003820784855633974,0.028839111328125
CIFAR10,ConvNetBN,dog-bird,8055,3,18,166,5.2099050662945956e-05,0.0026274799602106214,0.017120361328125
CIFAR10,ConvNetBN,dog-bird,8055,3,19,167,3.52902861777693e-05,0.0017762375064194202,0.012176513671875
CIFAR10,ConvNetBN,dog-bird,8055,3,20,167,2.107784712279681e-05,0.0010556342313066125,0.00579833984375
CIFAR10,ConvNetBN,dog-bird,8055,3,21,166,1.256786345038563e-05,0.0006100923928897828,0.004364013671875
CIFAR10,ConvNetBN,dog-bird,8055,3,22,167,6.519944236060837e-06,0.00033252721186727285,0.00213623046875
CIFAR10,ConvNetBN,dog-bird,8055,3,23,167,3.024179932253901e-06,0.00014929189637769014,0.001007080078125
CIFAR10,ConvNetBN,dog-bird,8055,3,24,166,1.2876017763119307e-06,6.357062375172973e-05,0.0003662109375
CIFAR10,ConvNetBN,dog-bird,8055,3,25,167,4.939109885526705e-07,2.423152000119444e-05,0.0001220703125
CIFAR10,ConvNetBN,dog-bird,8055,3,26,167,1.548252726024657e-07,7.934278073662426e-06,6.103515625e-05
CIFAR10,ConvNetBN,dog-bird,8055,3,27,166,1.6373167710526104e-08,8.869435463854103e-10,0.0
CIFAR10,ConvNetBN,dog-bird,8055,3,28,167,2.759076078717726e-09,1.6251747170237252e-10,0.0
CIFAR10,ConvNetBN,dog-bird,8055,3,29,167,1.2277227845469696e-10,3.895823334071347e-12,0.0
CIFAR10,ConvNetBN,dog-bird,8055,3,30,166,3.189159141847933e-13,6.337279012240968e-15,0.0
CIFAR10,ConvNetBN,dog-bird,8055,4,1,167,0.026761570945382118,1.1160258054733276,6.5283050537109375
CIFAR10,ConvNetBN,dog-bird,8055,4,2,167,0.013556786812841892,0.5240010023117065,3.34356689453125
CIFAR10,ConvNetBN,dog-bird,8055,4,3,166,0.008126155007630587,0.3132724314928055,1.799591064453125
CIFAR10,ConvNetBN,dog-bird,8055,4,4,167,0.005130844656378031,0.1930181235074997,1.1607513427734375
CIFAR10,ConvNetBN,dog-bird,8055,4,5,167,0.0032387375831604004,0.13020341098308563,0.7061767578125
CIFAR10,ConvNetBN,dog-bird,8055,4,6,166,0.0021918457932770252,0.08913255855441093,0.5689697265625
CIFAR10,ConvNetBN,dog-bird,8055,4,7,167,0.001554346177726984,0.061465419828891754,0.37890625
CIFAR10,ConvNetBN,dog-bird,8055,4,8,167,0.001092579448595643,0.04253830015659332,0.289215087890625
CIFAR10,ConvNetBN,dog-bird,8055,4,9,166,0.0007839111203793436,0.03037974890321493,0.1810302734375
CIFAR10,ConvNetBN,dog-bird,8055,4,10,167,0.0005600417498499155,0.022820839658379555,0.14874267578125
CIFAR10,ConvNetBN,dog-bird,8055,4,11,167,0.00039236852899193764,0.015300653874874115,0.084991455078125
CIFAR10,ConvNetBN,dog-bird,8055,4,12,166,0.0002459662646288052,0.010646230075508356,0.06443023681640625
CIFAR10,ConvNetBN,dog-bird,8055,4,13,167,0.00017530148033984005,0.007056733593344688,0.042205810546875
CIFAR10,ConvNetBN,dog-bird,8055,4,14,167,0.0001104659095290117,0.004332861863076687,0.0282135009765625
CIFAR10,ConvNetBN,dog-bird,8055,4,15,166,7.328768333536573e-05,0.003285133861936629,0.019120216369628906
CIFAR10,ConvNetBN,dog-bird,8055,4,16,167,4.828093369724229e-05,0.002018669154495001,0.0105438232421875
CIFAR10,ConvNetBN,dog-bird,8055,4,17,167,3.2545420253882185e-05,0.0014806273393332958,0.0073394775390625
CIFAR10,ConvNetBN,dog-bird,8055,4,18,166,1.9669443645398133e-05,0.0008133887313306332,0.00424957275390625
CIFAR10,ConvNetBN,dog-bird,8055,4,19,167,1.2632970538106747e-05,0.0005188315408304334,0.00311279296875
CIFAR10,ConvNetBN,dog-bird,8055,4,20,167,7.086142431944609e-06,0.00028953715809620917,0.001556396484375
CIFAR10,ConvNetBN,dog-bird,8055,4,21,166,3.87179056815512e-06,0.0001566163482493721,0.0009765625
CIFAR10,ConvNetBN,dog-bird,8055,4,22,167,1.9678657281474443e-06,8.219115989049897e-05,0.000396728515625
CIFAR10,ConvNetBN,dog-bird,8055,4,23,167,8.52610128276865e-07,3.678234133985825e-05,0.00018310546875
CIFAR10,ConvNetBN,dog-bird,8055,4,24,166,3.158978074679908e-07,1.372155247736373e-05,7.62939453125e-05
CIFAR10,ConvNetBN,dog-bird,8055,4,25,167,1.3903111550916947e-07,5.538617642741883e-06,1.9073486328125e-05
CIFAR10,ConvNetBN,dog-bird,8055,4,26,167,2.023499057202116e-08,2.264541609786619e-10,0.0
CIFAR10,ConvNetBN,dog-bird,8055,4,27,166,3.505318035834648e-09,2.1143464756789854e-10,0.0
CIFAR10,ConvNetBN,dog-bird,8055,4,28,167,5.164642047361667e-10,2.1535081010104484e-11,0.0
CIFAR10,ConvNetBN,dog-bird,8055,4,29,167,2.354386303971001e-11,1.1054580644973e-12,0.0
CIFAR10,ConvNetBN,dog-bird,8055,4,30,166,5.730801135017932e-14,1.0456993369559946e-15,0.0
CIFAR10,ConvNetBN,dog-bird,821,0,1,167,0.009828074835240841,0.6794489026069641,5.5174560546875
CIFAR10,ConvNetBN,dog-bird,821,0,2,167,0.005007910542190075,0.3238401710987091,3.1754150390625
CIFAR10,ConvNetBN,dog-bird,821,0,3,166,0.003372764214873314,0.22500687837600708,2.207611083984375
CIFAR10,ConvNetBN,dog-bird,821,0,4,167,0.002146007725968957,0.14647598564624786,1.4888916015625
CIFAR10,ConvNetBN,dog-bird,821,0,5,167,0.0015442481962963939,0.1075359359383583,1.0638427734375
CIFAR10,ConvNetBN,dog-bird,821,0,6,166,0.0011760465567931533,0.08798960596323013,0.8499755859375
CIFAR10,ConvNetBN,dog-bird,821,0,7,167,0.0008472350309602916,0.060111016035079956,0.6029052734375
CIFAR10,ConvNetBN,dog-bird,821,0,8,167,0.0006319092935882509,0.0464593768119812,0.4595947265625
CIFAR10,ConvNetBN,dog-bird,821,0,9,166,0.0004778139409609139,0.037585778161883354,0.4022216796875
CIFAR10,ConvNetBN,dog-bird,821,0,10,167,0.0003638129273895174,0.025929303839802742,0.2652587890625
CIFAR10,ConvNetBN,dog-bird,821,0,11,167,0.000274810561677441,0.020581960678100586,0.2109375
CIFAR10,ConvNetBN,dog-bird,821,0,12,166,0.00020036721980432048,0.014997794758528471,0.16204833984375
CIFAR10,ConvNetBN,dog-bird,821,0,13,167,0.00014382871449925005,0.010486895218491554,0.11572265625
CIFAR10,ConvNetBN,dog-bird,821,0,14,167,0.00010527676931815222,0.007977275177836418,0.078369140625
CIFAR10,ConvNetBN,dog-bird,821,0,15,166,7.298225318663754e-05,0.00581820379011333,0.05560302734375
CIFAR10,ConvNetBN,dog-bird,821,0,16,167,4.98770568810869e-05,0.0037835044786334038,0.03857421875
CIFAR10,ConvNetBN,dog-bird,821,0,17,167,3.220084909116849e-05,0.0024963468313217163,0.0257568359375
CIFAR10,ConvNetBN,dog-bird,821,0,18,166,2.1766568352177273e-05,0.001687419367954135,0.016845703125
CIFAR10,ConvNetBN,dog-bird,821,0,19,167,1.243271617568098e-05,0.0009599322802387178,0.0101318359375
CIFAR10,ConvNetBN,dog-bird,821,0,20,167,7.401125913020223e-06,0.0005912135820835829,0.0062255859375
CIFAR10,ConvNetBN,dog-bird,821,0,21,166,3.984641807619482e-06,0.00031181010126601905,0.00311279296875
CIFAR10,ConvNetBN,dog-bird,821,0,22,167,1.9661238184198737e-06,0.00016606981807854027,0.0015869140625
CIFAR10,ConvNetBN,dog-bird,821,0,23,167,7.545261837549333e-07,6.38043275102973e-05,0.00067138671875
CIFAR10,ConvNetBN,dog-bird,821,0,24,166,3.084224005078795e-07,2.4637619389977772e-05,0.000244140625
CIFAR10,ConvNetBN,dog-bird,821,0,25,167,1.35530044076404e-07,1.0496883078303654e-05,0.0001220703125
CIFAR10,ConvNetBN,dog-bird,821,0,26,167,1.7324644829841418e-08,3.754230704089423e-09,0.0
CIFAR10,ConvNetBN,dog-bird,821,0,27,166,3.2447018405434846e-09,5.980014261552924e-10,0.0
CIFAR10,ConvNetBN,dog-bird,821,0,28,167,4.0749942309403764e-10,1.1512152342518789e-10,0.0
CIFAR10,ConvNetBN,dog-bird,821,0,29,167,2.87224011935594e-11,6.2369996320366106e-12,0.0
CIFAR10,ConvNetBN,dog-bird,821,0,30,166,3.55318598437189e-14,7.555784187744273e-15,0.0
CIFAR10,ConvNetBN,dog-bird,821,1,1,167,0.0345894992351532,1.652635097503662,15.4554443359375
CIFAR10,ConvNetBN,dog-bird,821,1,2,167,0.01699952967464924,0.8264880180358887,7.607666015625
CIFAR10,ConvNetBN,dog-bird,821,1,3,166,0.009594802744686604,0.47815434634685516,5.660888671875
CIFAR10,ConvNetBN,dog-bird,821,1,4,167,0.0063081830739974976,0.33372437953948975,4.0369873046875
CIFAR10,ConvNetBN,dog-bird,821,1,5,167,0.004210468381643295,0.22458894550800323,2.4659423828125
CIFAR10,ConvNetBN,dog-bird,821,1,6,166,0.0029518280643969774,0.15092966705560684,1.644287109375
CIFAR10,ConvNetBN,dog-bird,821,1,7,167,0.002105144551023841,0.10852231085300446,1.249755859375
CIFAR10,ConvNetBN,dog-bird,821,1,8,167,0.0014512171037495136,0.08005387336015701,0.8846893310546875
CIFAR10,ConvNetBN,dog-bird,821,1,9,166,0.001018960087094456,0.05619749613106251,0.6423492431640625
CIFAR10,ConvNetBN,dog-bird,821,1,10,167,0.0007095997571013868,0.03854543715715408,0.44293212890625
CIFAR10,ConvNetBN,dog-bird,821,1,11,167,0.000538573251105845,0.02998736873269081,0.307861328125
CIFAR10,ConvNetBN,dog-bird,821,1,12,166,0.0003619474737206474,0.019969770684838295,0.21209716796875
CIFAR10,ConvNetBN,dog-bird,821,1,13,167,0.00024077326816041023,0.014181830920279026,0.1632080078125
CIFAR10,ConvNetBN,dog-bird,821,1,14,167,0.00016096372564788908,0.008828417398035526,0.09161376953125
CIFAR10,ConvNetBN,dog-bird,821,1,15,166,0.00011724547584890388,0.007038169540464878,0.079315185546875
CIFAR10,ConvNetBN,dog-bird,821,1,16,167,7.606262806802988e-05,0.004475889261811972,0.0452880859375
CIFAR10,ConvNetBN,dog-bird,821,1,17,167,5.1751176215475425e-05,0.002940057311207056,0.0311279296875
CIFAR10,ConvNetBN,dog-bird,821,1,18,166,3.261231722717639e-05,0.0018534028204157948,0.01959228515625
CIFAR10,ConvNetBN,dog-bird,821,1,19,167,1.9216875443817116e-05,0.0011651277309283614,0.01129150390625
CIFAR10,ConvNetBN,dog-bird,821,1,20,167,1.0859524991246872e-05,0.0006651251460425556,0.0072021484375
CIFAR10,ConvNetBN,dog-bird,821,1,21,166,6.3684383349027485e-06,0.0003859691496472806,0.004150390625
CIFAR10,ConvNetBN,dog-bird,821,1,22,167,3.365669272170635e-06,0.00019938629702664912,0.002197265625
CIFAR10,ConvNetBN,dog-bird,821,1,23,167,1.5675109352741856e-06,9.444770694244653e-05,0.0009765625
CIFAR10,ConvNetBN,dog-bird,821,1,24,166,7.045354948331806e-07,4.36851114500314e-05,0.0005340576171875
CIFAR10,ConvNetBN,dog-bird,821,1,25,167,2.938789407380682e-07,1.671758946031332e-05,0.0001220703125
CIFAR10,ConvNetBN,dog-bird,821,1,26,167,4.522953034324928e-08,5.4504109670006073e-08,0.0
CIFAR10,ConvNetBN,dog-bird,821,1,27,166,8.951350327635055e-09,1.4879301124537392e-09,0.0
CIFAR10,ConvNetBN,dog-bird,821,1,28,167,9.877081375009311e-10,5.130151164989272e-11,0.0
CIFAR10,ConvNetBN,dog-bird,821,1,29,167,4.097795019974981e-11,1.344024392647969e-12,0.0
CIFAR10,ConvNetBN,dog-bird,821,1,30,166,1.923834897811505e-13,5.3360278350712614e-15,0.0
CIFAR10,ConvNetBN,dog-bird,821,2,1,167,0.0966937467455864,3.8033547401428223,30.25982666015625
CIFAR10,ConvNetBN,dog-bird,821,2,2,167,0.04677526652812958,1.7835923433303833,15.65228271484375
CIFAR10,ConvNetBN,dog-bird,821,2,3,166,0.028639492578804493,1.1278407573699951,9.70758056640625
CIFAR10,ConvNetBN,dog-bird,821,2,4,167,0.018836425617337227,0.7513118386268616,7.619873046875
CIFAR10,ConvNetBN,dog-bird,821,2,5,167,0.013129270635545254,0.5608619451522827,5.514129638671875
CIFAR10,ConvNetBN,dog-bird,821,2,6,166,0.009162434376776218,0.378999799489975,3.5726318359375
CIFAR10,ConvNetBN,dog-bird,821,2,7,167,0.006889537908136845,0.3074151575565338,3.027099609375
CIFAR10,ConvNetBN,dog-bird,821,2,8,167,0.005030390806496143,0.20594437420368195,1.9696044921875
CIFAR10,ConvNetBN,dog-bird,821,2,9,166,0.003618637565523386,0.1518903449177742,1.5756683349609375
CIFAR10,ConvNetBN,dog-bird,821,2,10,167,0.0025818683207035065,0.10851554572582245,1.099639892578125
CIFAR10,ConvNetBN,dog-bird,821,2,11,167,0.0018394520739093423,0.07453339546918869,0.72381591796875
CIFAR10,ConvNetBN,dog-bird,821,2,12,166,0.0013372914982028306,0.05621633678674698,0.57147216796875
CIFAR10,ConvNetBN,dog-bird,821,2,13,167,0.0009349276660941541,0.0418831929564476,0.44091796875
CIFAR10,ConvNetBN,dog-bird,821,2,14,167,0.000690160202793777,0.0307490024715662,0.323883056640625
CIFAR10,ConvNetBN,dog-bird,821,2,15,166,0.0004680296406149864,0.02056854125112295,0.2194671630859375
CIFAR10,ConvNetBN,dog-bird,821,2,16,167,0.00032421009382233024,0.013722827658057213,0.1280517578125
CIFAR10,ConvNetBN,dog-bird,821,2,17,167,0.00021705303515773267,0.010127520188689232,0.09808349609375
CIFAR10,ConvNetBN,dog-bird,821,2,18,166,0.00013808700896333903,0.00619815569370985,0.06304931640625
CIFAR10,ConvNetBN,dog-bird,821,2,19,167,8.405000698985532e-05,0.0037137700710445642,0.03814697265625
CIFAR10,ConvNetBN,dog-bird,821,2,20,167,5.224471533438191e-05,0.0023372620344161987,0.02294921875
CIFAR10,ConvNetBN,dog-bird,821,2,21,166,2.6208170311292633e-05,0.001146625610999763,0.0118255615234375
CIFAR10,ConvNetBN,dog-bird,821,2,22,167,1.2448889719962608e-05,0.0005771623691543937,0.0059814453125
CIFAR10,ConvNetBN,dog-bird,821,2,23,167,6.229656719369814e-06,0.0002789156569633633,0.00274658203125
CIFAR10,ConvNetBN,dog-bird,821,2,24,166,2.6613919317242107e-06,0.00012649430573219433,0.001190185546875
CIFAR10,ConvNetBN,dog-bird,821,2,25,167,9.206789286508865e-07,4.25075413659215e-05,0.00042724609375
CIFAR10,ConvNetBN,dog-bird,821,2,26,167,3.0403356277020066e-07,1.2913682439830154e-05,0.0001220703125
CIFAR10,ConvNetBN,dog-bird,821,2,27,166,3.938772863421036e-08,3.9022765463414544e-07,0.0
CIFAR10,ConvNetBN,dog-bird,821,2,28,167,6.346453584882283e-09,4.211596049685795e-08,0.0
CIFAR10,ConvNetBN,dog-bird,821,2,29,167,4.1082681700999046e-10,2.070838167611555e-09,0.0
CIFAR10,ConvNetBN,dog-bird,821,2,30,166,2.8596711587267065e-12,2.177688259753785e-12,0.0
CIFAR10,ConvNetBN,dog-bird,821,3,1,167,0.03161977231502533,1.865601897239685,15.51470947265625
CIFAR10,ConvNetBN,dog-bird,821,3,2,167,0.015652336180210114,0.9468228816986084,7.65386962890625
CIFAR10,ConvNetBN,dog-bird,821,3,3,166,0.009963707998394966,0.6224344074726105,6.2150421142578125
CIFAR10,ConvNetBN,dog-bird,821,3,4,167,0.006948090624064207,0.41803035140037537,3.80517578125
CIFAR10,ConvNetBN,dog-bird,821,3,5,167,0.0048634884878993034,0.2914833426475525,2.8255615234375
CIFAR10,ConvNetBN,dog-bird,821,3,6,166,0.0035189882619306445,0.23287027329206467,2.1161956787109375
CIFAR10,ConvNetBN,dog-bird,821,3,7,167,0.0024836992379277945,0.1678510457277298,1.62939453125
CIFAR10,ConvNetBN,dog-bird,821,3,8,167,0.0017857409548014402,0.11167924106121063,1.05572509765625
CIFAR10,ConvNetBN,dog-bird,821,3,9,166,0.0012290217564441264,0.07711222395300865,0.728179931640625
CIFAR10,ConvNetBN,dog-bird,821,3,10,167,0.0009231477743014693,0.059504128992557526,0.587646484375
CIFAR10,ConvNetBN,dog-bird,821,3,11,167,0.0006536722648888826,0.041887830942869186,0.4287109375
CIFAR10,ConvNetBN,dog-bird,821,3,12,166,0.00046226332779042423,0.03008852805942297,0.32379150390625
CIFAR10,ConvNetBN,dog-bird,821,3,13,167,0.0003243151877541095,0.023432279005646706,0.219085693359375
CIFAR10,ConvNetBN,dog-bird,821,3,14,167,0.00024536289856769145,0.01673729717731476,0.1751708984375
CIFAR10,ConvNetBN,dog-bird,821,3,15,166,0.00017039632803061977,0.01104265684261918,0.1158294677734375
CIFAR10,ConvNetBN,dog-bird,821,3,16,167,0.00011897168587893248,0.0081207025796175,0.079833984375
CIFAR10,ConvNetBN,dog-bird,821,3,17,167,8.070476906141266e-05,0.005295830778777599,0.05426025390625
CIFAR10,ConvNetBN,dog-bird,821,3,18,166,5.2099050662945956e-05,0.003745477646589279,0.039794921875
CIFAR10,ConvNetBN,dog-bird,821,3,19,167,3.52902861777693e-05,0.0023330170661211014,0.02349853515625
CIFAR10,ConvNetBN,dog-bird,821,3,20,167,2.107784712279681e-05,0.001389060984365642,0.0146484375
CIFAR10,ConvNetBN,dog-bird,821,3,21,166,1.256786345038563e-05,0.0007926717808004469,0.008636474609375
CIFAR10,ConvNetBN,dog-bird,821,3,22,167,6.519944236060837e-06,0.00046255922643467784,0.00482177734375
CIFAR10,ConvNetBN,dog-bird,821,3,23,167,3.024179932253901e-06,0.00020098991808481514,0.002197265625
CIFAR10,ConvNetBN,dog-bird,821,3,24,166,1.2876017763119307e-06,8.808349230093881e-05,0.0009765625
CIFAR10,ConvNetBN,dog-bird,821,3,25,167,4.939109885526705e-07,3.4565924579510465e-05,0.0003662109375
CIFAR10,ConvNetBN,dog-bird,821,3,26,167,1.548252726024657e-07,1.0888430551858619e-05,0.0001220703125
CIFAR10,ConvNetBN,dog-bird,821,3,27,166,1.6373167710526104e-08,5.030021910101823e-08,0.0
CIFAR10,ConvNetBN,dog-bird,821,3,28,167,2.759076078717726e-09,1.1799627941400104e-08,0.0
CIFAR10,ConvNetBN,dog-bird,821,3,29,167,1.2277227845469696e-10,4.0459793848590664e-10,0.0
CIFAR10,ConvNetBN,dog-bird,821,3,30,166,3.189159141847933e-13,4.635392953809478e-13,0.0
CIFAR10,ConvNetBN,dog-bird,821,4,1,167,0.026761570945382118,1.4344334602355957,13.8358154296875
CIFAR10,ConvNetBN,dog-bird,821,4,2,167,0.013556786812841892,0.7047967314720154,7.4537353515625
CIFAR10,ConvNetBN,dog-bird,821,4,3,166,0.008126155007630587,0.4265315383672714,4.6058349609375
CIFAR10,ConvNetBN,dog-bird,821,4,4,167,0.005130844656378031,0.2784982919692993,2.79791259765625
CIFAR10,ConvNetBN,dog-bird,821,4,5,167,0.0032387375831604004,0.17380696535110474,1.81756591796875
CIFAR10,ConvNetBN,dog-bird,821,4,6,166,0.0021918457932770252,0.1209610179066658,1.2037506103515625
CIFAR10,ConvNetBN,dog-bird,821,4,7,167,0.001554346177726984,0.0804220661520958,0.8497314453125
CIFAR10,ConvNetBN,dog-bird,821,4,8,167,0.001092579448595643,0.06209283694624901,0.72509765625
CIFAR10,ConvNetBN,dog-bird,821,4,9,166,0.0007839111203793436,0.04421806521713734,0.5185546875
CIFAR10,ConvNetBN,dog-bird,821,4,10,167,0.0005600417498499155,0.03351128101348877,0.3868408203125
CIFAR10,ConvNetBN,dog-bird,821,4,11,167,0.00039236852899193764,0.022668151184916496,0.2529296875
CIFAR10,ConvNetBN,dog-bird,821,4,12,166,0.0002459662646288052,0.014324494171887636,0.160400390625
CIFAR10,ConvNetBN,dog-bird,821,4,13,167,0.00017530148033984005,0.010029640980064869,0.10577392578125
CIFAR10,ConvNetBN,dog-bird,821,4,14,167,0.0001104659095290117,0.006770262494683266,0.0767822265625
CIFAR10,ConvNetBN,dog-bird,821,4,15,166,7.328768333536573e-05,0.0044739437289536,0.050048828125
CIFAR10,ConvNetBN,dog-bird,821,4,16,167,4.828093369724229e-05,0.0029177614487707615,0.0338134765625
CIFAR10,ConvNetBN,dog-bird,821,4,17,167,3.2545420253882185e-05,0.0020636767148971558,0.0234375
CIFAR10,ConvNetBN,dog-bird,821,4,18,166,1.9669443645398133e-05,0.0011632847599685192,0.01324462890625
CIFAR10,ConvNetBN,dog-bird,821,4,19,167,1.2632970538106747e-05,0.0007773766410537064,0.008209228515625
CIFAR10,ConvNetBN,dog-bird,821,4,20,167,7.086142431944609e-06,0.000412943511037156,0.0047607421875
CIFAR10,ConvNetBN,dog-bird,821,4,21,166,3.87179056815512e-06,0.00023995326046133414,0.0028839111328125
CIFAR10,ConvNetBN,dog-bird,821,4,22,167,1.9678657281474443e-06,0.0001183104031952098,0.00146484375
CIFAR10,ConvNetBN,dog-bird,821,4,23,167,8.52610128276865e-07,5.353949381969869e-05,0.0006103515625
CIFAR10,ConvNetBN,dog-bird,821,4,24,166,3.158978074679908e-07,2.184316599596059e-05,0.000244140625
CIFAR10,ConvNetBN,dog-bird,821,4,25,167,1.3903111550916947e-07,8.828279533190653e-06,0.0001220703125
CIFAR10,ConvNetBN,dog-bird,821,4,26,167,2.023499057202116e-08,7.869742080224285e-10,0.0
CIFAR10,ConvNetBN,dog-bird,821,4,27,166,3.505318035834648e-09,3.2433991603575407e-10,0.0
CIFAR10,ConvNetBN,dog-bird,821,4,28,167,5.164642047361667e-10,4.3344661193600587e-11,0.0
CIFAR10,ConvNetBN,dog-bird,821,4,29,167,2.354386303971001e-11,2.6831544798489038e-12,0.0
CIFAR10,ConvNetBN,dog-bird,821,4,30,166,5.730801135017932e-14,5.653113983601198e-15,0.0
CIFAR10,ConvNetBN,dog-bird,8252,0,1,167,0.009828074835240841,0.6956619620323181,5.465667724609375
CIFAR10,ConvNetBN,dog-bird,8252,0,2,167,0.005007910542190075,0.352716863155365,2.998046875
CIFAR10,ConvNetBN,dog-bird,8252,0,3,166,0.003372764214873314,0.25140537321567535,2.0408172607421875
CIFAR10,ConvNetBN,dog-bird,8252,0,4,167,0.002146007725968957,0.14523953199386597,1.18389892578125
CIFAR10,ConvNetBN,dog-bird,8252,0,5,167,0.0015442481962963939,0.11494747549295425,0.8992919921875
CIFAR10,ConvNetBN,dog-bird,8252,0,6,166,0.0011760465567931533,0.0871811993420124,0.759979248046875
CIFAR10,ConvNetBN,dog-bird,8252,0,7,167,0.0008472350309602916,0.06397181749343872,0.523193359375
CIFAR10,ConvNetBN,dog-bird,8252,0,8,167,0.0006319092935882509,0.04695771634578705,0.37841796875
CIFAR10,ConvNetBN,dog-bird,8252,0,9,166,0.0004778139409609139,0.036186812445521355,0.29351806640625
CIFAR10,ConvNetBN,dog-bird,8252,0,10,167,0.0003638129273895174,0.02852127142250538,0.2349853515625
CIFAR10,ConvNetBN,dog-bird,8252,0,11,167,0.000274810561677441,0.021870076656341553,0.17340087890625
CIFAR10,ConvNetBN,dog-bird,8252,0,12,166,0.00020036721980432048,0.015448832418769598,0.1304931640625
CIFAR10,ConvNetBN,dog-bird,8252,0,13,167,0.00014382871449925005,0.01161184348165989,0.0946044921875
CIFAR10,ConvNetBN,dog-bird,8252,0,14,167,0.00010527676931815222,0.008034149184823036,0.06781005859375
CIFAR10,ConvNetBN,dog-bird,8252,0,15,166,7.298225318663754e-05,0.005524104926735163,0.04864501953125
CIFAR10,ConvNetBN,dog-bird,8252,0,16,167,4.98770568810869e-05,0.0039222645573318005,0.03155517578125
CIFAR10,ConvNetBN,dog-bird,8252,0,17,167,3.220084909116849e-05,0.002512979554012418,0.0213623046875
CIFAR10,ConvNetBN,dog-bird,8252,0,18,166,2.1766568352177273e-05,0.0016967729898169637,0.0128173828125
CIFAR10,ConvNetBN,dog-bird,8252,0,19,167,1.243271617568098e-05,0.0009737037471495569,0.0078125
CIFAR10,ConvNetBN,dog-bird,8252,0,20,167,7.401125913020223e-06,0.0005864271661266685,0.00469970703125
CIFAR10,ConvNetBN,dog-bird,8252,0,21,166,3.984641807619482e-06,0.00030112835520412773,0.0025634765625
CIFAR10,ConvNetBN,dog-bird,8252,0,22,167,1.9661238184198737e-06,0.00015365354192908853,0.001220703125
CIFAR10,ConvNetBN,dog-bird,8252,0,23,167,7.545261837549333e-07,6.0654463595710695e-05,0.00048828125
CIFAR10,ConvNetBN,dog-bird,8252,0,24,166,3.084224005078795e-07,2.2964314666751307e-05,0.00018310546875
CIFAR10,ConvNetBN,dog-bird,8252,0,25,167,1.35530044076404e-07,1.0311397090845276e-05,6.103515625e-05
CIFAR10,ConvNetBN,dog-bird,8252,0,26,167,1.7324644829841418e-08,1.7867069601607e-08,0.0
CIFAR10,ConvNetBN,dog-bird,8252,0,27,166,3.2447018405434846e-09,3.456257946510277e-09,0.0
CIFAR10,ConvNetBN,dog-bird,8252,0,28,167,4.0749942309403764e-10,2.92945889768248e-10,0.0
CIFAR10,ConvNetBN,dog-bird,8252,0,29,167,2.87224011935594e-11,1.4910664716816235e-11,0.0
CIFAR10,ConvNetBN,dog-bird,8252,0,30,166,3.55318598437189e-14,1.9616925610505855e-14,0.0
CIFAR10,ConvNetBN,dog-bird,8252,1,1,167,0.0345894992351532,1.6054166555404663,10.7545166015625
CIFAR10,ConvNetBN,dog-bird,8252,1,2,167,0.01699952967464924,0.7511412501335144,5.029205322265625
CIFAR10,ConvNetBN,dog-bird,8252,1,3,166,0.009594802744686604,0.4376560300588608,3.783782958984375
CIFAR10,ConvNetBN,dog-bird,8252,1,4,167,0.0063081830739974976,0.31831270456314087,2.90185546875
CIFAR10,ConvNetBN,dog-bird,8252,1,5,167,0.004210468381643295,0.213862806558609,1.7261962890625
CIFAR10,ConvNetBN,dog-bird,8252,1,6,166,0.0029518280643969774,0.13445717841386795,1.13897705078125
CIFAR10,ConvNetBN,dog-bird,8252,1,7,167,0.002105144551023841,0.09766519069671631,0.86370849609375
CIFAR10,ConvNetBN,dog-bird,8252,1,8,167,0.0014512171037495136,0.07125717401504517,0.5240478515625
CIFAR10,ConvNetBN,dog-bird,8252,1,9,166,0.001018960087094456,0.05025498941540718,0.4429168701171875
CIFAR10,ConvNetBN,dog-bird,8252,1,10,167,0.0007095997571013868,0.03577547147870064,0.30120849609375
CIFAR10,ConvNetBN,dog-bird,8252,1,11,167,0.000538573251105845,0.027300363406538963,0.21038818359375
CIFAR10,ConvNetBN,dog-bird,8252,1,12,166,0.0003619474737206474,0.017909402027726173,0.126739501953125
CIFAR10,ConvNetBN,dog-bird,8252,1,13,167,0.00024077326816041023,0.013339126482605934,0.10369873046875
CIFAR10,ConvNetBN,dog-bird,8252,1,14,167,0.00016096372564788908,0.008131088688969612,0.0716552734375
CIFAR10,ConvNetBN,dog-bird,8252,1,15,166,0.00011724547584890388,0.00626529473811388,0.05194091796875
CIFAR10,ConvNetBN,dog-bird,8252,1,16,167,7.606262806802988e-05,0.0037433207035064697,0.02691650390625
CIFAR10,ConvNetBN,dog-bird,8252,1,17,167,5.1751176215475425e-05,0.002793806605041027,0.01904296875
CIFAR10,ConvNetBN,dog-bird,8252,1,18,166,3.261231722717639e-05,0.001620032882783562,0.012420654296875
CIFAR10,ConvNetBN,dog-bird,8252,1,19,167,1.9216875443817116e-05,0.0010452758288010955,0.007781982421875
CIFAR10,ConvNetBN,dog-bird,8252,1,20,167,1.0859524991246872e-05,0.0005680955946445465,0.0040283203125
CIFAR10,ConvNetBN,dog-bird,8252,1,21,166,6.3684383349027485e-06,0.0003242648672312498,0.0023040771484375
CIFAR10,ConvNetBN,dog-bird,8252,1,22,167,3.365669272170635e-06,0.00017526709416415542,0.0013427734375
CIFAR10,ConvNetBN,dog-bird,8252,1,23,167,1.5675109352741856e-06,8.241080649895594e-05,0.00067138671875
CIFAR10,ConvNetBN,dog-bird,8252,1,24,166,7.045354948331806e-07,3.531899164954666e-05,0.0002593994140625
CIFAR10,ConvNetBN,dog-bird,8252,1,25,167,2.938789407380682e-07,1.3740059330302756e-05,0.0001220703125
CIFAR10,ConvNetBN,dog-bird,8252,1,26,167,4.522953034324928e-08,1.18682478955634e-07,0.0
CIFAR10,ConvNetBN,dog-bird,8252,1,27,166,8.951350327635055e-09,3.523996983112454e-09,0.0
CIFAR10,ConvNetBN,dog-bird,8252,1,28,167,9.877081375009311e-10,3.812458959639997e-10,0.0
CIFAR10,ConvNetBN,dog-bird,8252,1,29,167,4.097795019974981e-11,2.076028932096463e-11,0.0
CIFAR10,ConvNetBN,dog-bird,8252,1,30,166,1.923834897811505e-13,7.314662452671296e-14,0.0
CIFAR10,ConvNetBN,dog-bird,8252,2,1,167,0.0966937467455864,3.7844724655151367,35.1348876953125
CIFAR10,ConvNetBN,dog-bird,8252,2,2,167,0.04677526652812958,1.846195101737976,16.47576904296875
CIFAR10,ConvNetBN,dog-bird,8252,2,3,166,0.028639492578804493,1.1545490026474,10.6917724609375
CIFAR10,ConvNetBN,dog-bird,8252,2,4,167,0.018836425617337227,0.7761821746826172,8.0374755859375
CIFAR10,ConvNetBN,dog-bird,8252,2,5,167,0.013129270635545254,0.5654653310775757,6.23956298828125
CIFAR10,ConvNetBN,dog-bird,8252,2,6,166,0.009162434376776218,0.38508565723896027,3.74591064453125
CIFAR10,ConvNetBN,dog-bird,8252,2,7,167,0.006889537908136845,0.29678547382354736,3.10736083984375
CIFAR10,ConvNetBN,dog-bird,8252,2,8,167,0.005030390806496143,0.20736807584762573,2.14141845703125
CIFAR10,ConvNetBN,dog-bird,8252,2,9,166,0.003618637565523386,0.15680436044931412,1.708099365234375
CIFAR10,ConvNetBN,dog-bird,8252,2,10,167,0.0025818683207035065,0.10950645804405212,1.2308349609375
CIFAR10,ConvNetBN,dog-bird,8252,2,11,167,0.0018394520739093423,0.07901930809020996,0.8765869140625
CIFAR10,ConvNetBN,dog-bird,8252,2,12,166,0.0013372914982028306,0.06098753213882446,0.66436767578125
CIFAR10,ConvNetBN,dog-bird,8252,2,13,167,0.0009349276660941541,0.04332515597343445,0.4620361328125
CIFAR10,ConvNetBN,dog-bird,8252,2,14,167,0.000690160202793777,0.03226450830698013,0.3604736328125
CIFAR10,ConvNetBN,dog-bird,8252,2,15,166,0.0004680296406149864,0.020752320997416973,0.219268798828125
CIFAR10,ConvNetBN,dog-bird,8252,2,16,167,0.00032421009382233024,0.013793488033115864,0.1488037109375
CIFAR10,ConvNetBN,dog-bird,8252,2,17,167,0.00021705303515773267,0.009895614348351955,0.106201171875
CIFAR10,ConvNetBN,dog-bird,8252,2,18,166,0.00013808700896333903,0.006392218172550201,0.071685791015625
CIFAR10,ConvNetBN,dog-bird,8252,2,19,167,8.405000698985532e-05,0.0036983871832489967,0.03973388671875
CIFAR10,ConvNetBN,dog-bird,8252,2,20,167,5.224471533438191e-05,0.0022982044611126184,0.024932861328125
CIFAR10,ConvNetBN,dog-bird,8252,2,21,166,2.6208170311292633e-05,0.001123993773944676,0.0137939453125
CIFAR10,ConvNetBN,dog-bird,8252,2,22,167,1.2448889719962608e-05,0.0005950902123004198,0.00677490234375
CIFAR10,ConvNetBN,dog-bird,8252,2,23,167,6.229656719369814e-06,0.000258850195677951,0.0028076171875
CIFAR10,ConvNetBN,dog-bird,8252,2,24,166,2.6613919317242107e-06,0.00011431569146225229,0.00115966796875
CIFAR10,ConvNetBN,dog-bird,8252,2,25,167,9.206789286508865e-07,3.988588650827296e-05,0.00042724609375
CIFAR10,ConvNetBN,dog-bird,8252,2,26,167,3.0403356277020066e-07,1.2757129297824576e-05,0.0001220703125
CIFAR10,ConvNetBN,dog-bird,8252,2,27,166,3.938772863421036e-08,3.043020626591897e-07,0.0
CIFAR10,ConvNetBN,dog-bird,8252,2,28,167,6.346453584882283e-09,5.26258823185799e-08,0.0
CIFAR10,ConvNetBN,dog-bird,8252,2,29,167,4.1082681700999046e-10,3.1955029733410356e-09,0.0
CIFAR10,ConvNetBN,dog-bird,8252,2,30,166,2.8596711587267065e-12,2.2070345551128412e-11,0.0
CIFAR10,ConvNetBN,dog-bird,8252,3,1,167,0.03161977231502533,1.8919527530670166,23.921112060546875
CIFAR10,ConvNetBN,dog-bird,8252,3,2,167,0.015652336180210114,1.0228146314620972,11.8199462890625
CIFAR10,ConvNetBN,dog-bird,8252,3,3,166,0.009963707998394966,0.66553995013237,8.10272216796875
CIFAR10,ConvNetBN,dog-bird,8252,3,4,167,0.006948090624064207,0.42213326692581177,5.06524658203125
CIFAR10,ConvNetBN,dog-bird,8252,3,5,167,0.0048634884878993034,0.3157927095890045,3.9444580078125
CIFAR10,ConvNetBN,dog-bird,8252,3,6,166,0.0035189882619306445,0.22166934609413147,2.3656005859375
CIFAR10,ConvNetBN,dog-bird,8252,3,7,167,0.0024836992379277945,0.17633628845214844,1.9393310546875
CIFAR10,ConvNetBN,dog-bird,8252,3,8,167,0.0017857409548014402,0.11890051513910294,1.4578857421875
CIFAR10,ConvNetBN,dog-bird,8252,3,9,166,0.0012290217564441264,0.08153854683041573,0.98980712890625
CIFAR10,ConvNetBN,dog-bird,8252,3,10,167,0.0009231477743014693,0.06179608404636383,0.831787109375
CIFAR10,ConvNetBN,dog-bird,8252,3,11,167,0.0006536722648888826,0.04428672417998314,0.5306396484375
CIFAR10,ConvNetBN,dog-bird,8252,3,12,166,0.00046226332779042423,0.030489235185086727,0.3572998046875
CIFAR10,ConvNetBN,dog-bird,8252,3,13,167,0.0003243151877541095,0.021791396662592888,0.2445068359375
CIFAR10,ConvNetBN,dog-bird,8252,3,14,167,0.00024536289856769145,0.016107002273201942,0.20123291015625
CIFAR10,ConvNetBN,dog-bird,8252,3,15,166,0.00017039632803061977,0.01123941782861948,0.13543701171875
CIFAR10,ConvNetBN,dog-bird,8252,3,16,167,0.00011897168587893248,0.007959741167724133,0.0972900390625
CIFAR10,ConvNetBN,dog-bird,8252,3,17,167,8.070476906141266e-05,0.005324406083673239,0.0596923828125
CIFAR10,ConvNetBN,dog-bird,8252,3,18,166,5.2099050662945956e-05,0.0036509742494672537,0.044281005859375
CIFAR10,ConvNetBN,dog-bird,8252,3,19,167,3.52902861777693e-05,0.0024364355485886335,0.02978515625
CIFAR10,ConvNetBN,dog-bird,8252,3,20,167,2.107784712279681e-05,0.0014271734980866313,0.01617431640625
CIFAR10,ConvNetBN,dog-bird,8252,3,21,166,1.256786345038563e-05,0.000817660940811038,0.010986328125
CIFAR10,ConvNetBN,dog-bird,8252,3,22,167,6.519944236060837e-06,0.0004581821558531374,0.0057373046875
CIFAR10,ConvNetBN,dog-bird,8252,3,23,167,3.024179932253901e-06,0.00019779487047344446,0.0025634765625
CIFAR10,ConvNetBN,dog-bird,8252,3,24,166,1.2876017763119307e-06,9.045652041095309e-05,0.0010986328125
CIFAR10,ConvNetBN,dog-bird,8252,3,25,167,4.939109885526705e-07,3.384054434718564e-05,0.0003662109375
CIFAR10,ConvNetBN,dog-bird,8252,3,26,167,1.548252726024657e-07,1.069368499884149e-05,0.0001220703125
CIFAR10,ConvNetBN,dog-bird,8252,3,27,166,1.6373167710526104e-08,8.449160660006783e-08,0.0
CIFAR10,ConvNetBN,dog-bird,8252,3,28,167,2.759076078717726e-09,1.4424128558232496e-08,0.0
CIFAR10,ConvNetBN,dog-bird,8252,3,29,167,1.2277227845469696e-10,6.428657051138487e-10,0.0
CIFAR10,ConvNetBN,dog-bird,8252,3,30,166,3.189159141847933e-13,1.9807522592604765e-12,0.0
CIFAR10,ConvNetBN,dog-bird,8252,4,1,167,0.026761570945382118,1.575413465499878,12.6739501953125
CIFAR10,ConvNetBN,dog-bird,8252,4,2,167,0.013556786812841892,0.8183797001838684,6.2872314453125
CIFAR10,ConvNetBN,dog-bird,8252,4,3,166,0.008126155007630587,0.4981234222650528,3.99444580078125
CIFAR10,ConvNetBN,dog-bird,8252,4,4,167,0.005130844656378031,0.3185293972492218,2.454132080078125
CIFAR10,ConvNetBN,dog-bird,8252,4,5,167,0.0032387375831604004,0.19207119941711426,1.5826416015625
CIFAR10,ConvNetBN,dog-bird,8252,4,6,166,0.0021918457932770252,0.13871251046657562,1.21484375
CIFAR10,ConvNetBN,dog-bird,8252,4,7,167,0.001554346177726984,0.09494184702634811,0.76025390625
CIFAR10,ConvNetBN,dog-bird,8252,4,8,167,0.001092579448595643,0.06895752251148224,0.5802001953125
CIFAR10,ConvNetBN,dog-bird,8252,4,9,166,0.0007839111203793436,0.05033648572862148,0.45084381103515625
CIFAR10,ConvNetBN,dog-bird,8252,4,10,167,0.0005600417498499155,0.0358501598238945,0.33380126953125
CIFAR10,ConvNetBN,dog-bird,8252,4,11,167,0.00039236852899193764,0.025273436680436134,0.21221923828125
CIFAR10,ConvNetBN,dog-bird,8252,4,12,166,0.0002459662646288052,0.015930776484310627,0.126434326171875
CIFAR10,ConvNetBN,dog-bird,8252,4,13,167,0.00017530148033984005,0.011062380857765675,0.0887451171875
CIFAR10,ConvNetBN,dog-bird,8252,4,14,167,0.0001104659095290117,0.007380229886621237,0.06317138671875
CIFAR10,ConvNetBN,dog-bird,8252,4,15,166,7.328768333536573e-05,0.004980480298399925,0.042205810546875
CIFAR10,ConvNetBN,dog-bird,8252,4,16,167,4.828093369724229e-05,0.003109443001449108,0.02703857421875
CIFAR10,ConvNetBN,dog-bird,8252,4,17,167,3.2545420253882185e-05,0.0023256156127899885,0.0184326171875
CIFAR10,ConvNetBN,dog-bird,8252,4,18,166,1.9669443645398133e-05,0.0012857721303589642,0.010986328125
CIFAR10,ConvNetBN,dog-bird,8252,4,19,167,1.2632970538106747e-05,0.0008395978948101401,0.0068359375
CIFAR10,ConvNetBN,dog-bird,8252,4,20,167,7.086142431944609e-06,0.0004432314308360219,0.003662109375
CIFAR10,ConvNetBN,dog-bird,8252,4,21,166,3.87179056815512e-06,0.000254524580668658,0.00225830078125
CIFAR10,ConvNetBN,dog-bird,8252,4,22,167,1.9678657281474443e-06,0.00012825088924728334,0.0010986328125
CIFAR10,ConvNetBN,dog-bird,8252,4,23,167,8.52610128276865e-07,5.9467194660101086e-05,0.00048828125
CIFAR10,ConvNetBN,dog-bird,8252,4,24,166,3.158978074679908e-07,2.263185342599172e-05,0.00018310546875
CIFAR10,ConvNetBN,dog-bird,8252,4,25,167,1.3903111550916947e-07,8.609366886958014e-06,6.103515625e-05
CIFAR10,ConvNetBN,dog-bird,8252,4,26,167,2.023499057202116e-08,4.729450164830951e-10,0.0
CIFAR10,ConvNetBN,dog-bird,8252,4,27,166,3.505318035834648e-09,3.47794570920712e-10,0.0
CIFAR10,ConvNetBN,dog-bird,8252,4,28,167,5.164642047361667e-10,3.693194014497969e-11,0.0
CIFAR10,ConvNetBN,dog-bird,8252,4,29,167,2.354386303971001e-11,1.980983736424302e-12,0.0
CIFAR10,ConvNetBN,dog-bird,8252,4,30,166,5.730801135017932e-14,6.2312376870247814e-15,0.0
CIFAR10,ConvNetBN,dog-bird,843,0,1,167,0.009828074835240841,0.6866711974143982,4.92449951171875
CIFAR10,ConvNetBN,dog-bird,843,0,2,167,0.005007910542190075,0.3256332278251648,2.63543701171875
CIFAR10,ConvNetBN,dog-bird,843,0,3,166,0.003372764214873314,0.2314838469028473,1.6901397705078125
CIFAR10,ConvNetBN,dog-bird,843,0,4,167,0.002146007725968957,0.1517389416694641,1.03350830078125
CIFAR10,ConvNetBN,dog-bird,843,0,5,167,0.0015442481962963939,0.11500748246908188,0.82086181640625
CIFAR10,ConvNetBN,dog-bird,843,0,6,166,0.0011760465567931533,0.0903841182589531,0.72882080078125
CIFAR10,ConvNetBN,dog-bird,843,0,7,167,0.0008472350309602916,0.06194568797945976,0.4554443359375
CIFAR10,ConvNetBN,dog-bird,843,0,8,167,0.0006319092935882509,0.045891173183918,0.343505859375
CIFAR10,ConvNetBN,dog-bird,843,0,9,166,0.0004778139409609139,0.03646259382367134,0.305511474609375
CIFAR10,ConvNetBN,dog-bird,843,0,10,167,0.0003638129273895174,0.02765415795147419,0.20623779296875
CIFAR10,ConvNetBN,dog-bird,843,0,11,167,0.000274810561677441,0.021557584404945374,0.158447265625
CIFAR10,ConvNetBN,dog-bird,843,0,12,166,0.00020036721980432048,0.014868612866848707,0.127593994140625
CIFAR10,ConvNetBN,dog-bird,843,0,13,167,0.00014382871449925005,0.010503025725483894,0.0787353515625
CIFAR10,ConvNetBN,dog-bird,843,0,14,167,0.00010527676931815222,0.00826454721391201,0.06317138671875
CIFAR10,ConvNetBN,dog-bird,843,0,15,166,7.298225318663754e-05,0.005764440866187215,0.04498291015625
CIFAR10,ConvNetBN,dog-bird,843,0,16,167,4.98770568810869e-05,0.0039043400902301073,0.028350830078125
CIFAR10,ConvNetBN,dog-bird,843,0,17,167,3.220084909116849e-05,0.0025793404784053564,0.01806640625
CIFAR10,ConvNetBN,dog-bird,843,0,18,166,2.1766568352177273e-05,0.0017014237819239497,0.012847900390625
CIFAR10,ConvNetBN,dog-bird,843,0,19,167,1.243271617568098e-05,0.0010135280899703503,0.00750732421875
CIFAR10,ConvNetBN,dog-bird,843,0,20,167,7.401125913020223e-06,0.0005853859474882483,0.004638671875
CIFAR10,ConvNetBN,dog-bird,843,0,21,166,3.984641807619482e-06,0.00031608079734724015,0.002410888671875
CIFAR10,ConvNetBN,dog-bird,843,0,22,167,1.9661238184198737e-06,0.00016343474271707237,0.00115966796875
CIFAR10,ConvNetBN,dog-bird,843,0,23,167,7.545261837549333e-07,6.450730870710686e-05,0.00048828125
CIFAR10,ConvNetBN,dog-bird,843,0,24,166,3.084224005078795e-07,2.465290071995696e-05,0.000152587890625
CIFAR10,ConvNetBN,dog-bird,843,0,25,167,1.35530044076404e-07,9.95424488792196e-06,6.103515625e-05
CIFAR10,ConvNetBN,dog-bird,843,0,26,167,1.7324644829841418e-08,6.662422280534486e-10,0.0
CIFAR10,ConvNetBN,dog-bird,843,0,27,166,3.2447018405434846e-09,1.4714660739878482e-10,0.0
CIFAR10,ConvNetBN,dog-bird,843,0,28,167,4.0749942309403764e-10,7.144155406146879e-11,0.0
CIFAR10,ConvNetBN,dog-bird,843,0,29,167,2.87224011935594e-11,2.9094090418096963e-12,0.0
CIFAR10,ConvNetBN,dog-bird,843,0,30,166,3.55318598437189e-14,2.2745654194701137e-15,0.0
CIFAR10,ConvNetBN,dog-bird,843,1,1,167,0.0345894992351532,1.7333874702453613,10.903701782226562
CIFAR10,ConvNetBN,dog-bird,843,1,2,167,0.01699952967464924,0.8448321223258972,5.16070556640625
CIFAR10,ConvNetBN,dog-bird,843,1,3,166,0.009594802744686604,0.5038845837116241,3.7162628173828125
CIFAR10,ConvNetBN,dog-bird,843,1,4,167,0.0063081830739974976,0.34340378642082214,2.4061279296875
CIFAR10,ConvNetBN,dog-bird,843,1,5,167,0.004210468381643295,0.22286947071552277,1.62225341796875
CIFAR10,ConvNetBN,dog-bird,843,1,6,166,0.0029518280643969774,0.15178053826093674,1.0327911376953125
CIFAR10,ConvNetBN,dog-bird,843,1,7,167,0.002105144551023841,0.10845881700515747,0.73974609375
CIFAR10,ConvNetBN,dog-bird,843,1,8,167,0.0014512171037495136,0.07841290533542633,0.545867919921875
CIFAR10,ConvNetBN,dog-bird,843,1,9,166,0.001018960087094456,0.05730295926332474,0.3889007568359375
CIFAR10,ConvNetBN,dog-bird,843,1,10,167,0.0007095997571013868,0.03995376080274582,0.264862060546875
CIFAR10,ConvNetBN,dog-bird,843,1,11,167,0.000538573251105845,0.030015064403414726,0.20526123046875
CIFAR10,ConvNetBN,dog-bird,843,1,12,166,0.0003619474737206474,0.019577148370444775,0.1215362548828125
CIFAR10,ConvNetBN,dog-bird,843,1,13,167,0.00024077326816041023,0.014922200702130795,0.09844970703125
CIFAR10,ConvNetBN,dog-bird,843,1,14,167,0.00016096372564788908,0.008389865048229694,0.0654296875
CIFAR10,ConvNetBN,dog-bird,843,1,15,166,0.00011724547584890388,0.00690653920173645,0.042572021484375
CIFAR10,ConvNetBN,dog-bird,843,1,16,167,7.606262806802988e-05,0.004306624177843332,0.02679443359375
CIFAR10,ConvNetBN,dog-bird,843,1,17,167,5.1751176215475425e-05,0.0030854151118546724,0.01879119873046875
CIFAR10,ConvNetBN,dog-bird,843,1,18,166,3.261231722717639e-05,0.0018114005797542632,0.01123046875
CIFAR10,ConvNetBN,dog-bird,843,1,19,167,1.9216875443817116e-05,0.001157362014055252,0.007110595703125
CIFAR10,ConvNetBN,dog-bird,843,1,20,167,1.0859524991246872e-05,0.000614574586506933,0.004302978515625
CIFAR10,ConvNetBN,dog-bird,843,1,21,166,6.3684383349027485e-06,0.0003700391825987026,0.0021209716796875
CIFAR10,ConvNetBN,dog-bird,843,1,22,167,3.365669272170635e-06,0.00019121484365314245,0.0013427734375
CIFAR10,ConvNetBN,dog-bird,843,1,23,167,1.5675109352741856e-06,9.613400470698252e-05,0.000579833984375
CIFAR10,ConvNetBN,dog-bird,843,1,24,166,7.045354948331806e-07,3.8383284845622256e-05,0.000244140625
CIFAR10,ConvNetBN,dog-bird,843,1,25,167,2.938789407380682e-07,1.527451786387246e-05,0.0001068115234375
CIFAR10,ConvNetBN,dog-bird,843,1,26,167,4.522953034324928e-08,4.70264716057045e-08,0.0
CIFAR10,ConvNetBN,dog-bird,843,1,27,166,8.951350327635055e-09,1.3057994685539143e-09,0.0
CIFAR10,ConvNetBN,dog-bird,843,1,28,167,9.877081375009311e-10,4.729958785754107e-11,0.0
CIFAR10,ConvNetBN,dog-bird,843,1,29,167,4.097795019974981e-11,9.66378995055639e-13,0.0
CIFAR10,ConvNetBN,dog-bird,843,1,30,166,1.923834897811505e-13,2.1444667703651287e-15,0.0
CIFAR10,ConvNetBN,dog-bird,843,2,1,167,0.0966937467455864,4.779435157775879,47.76708984375
CIFAR10,ConvNetBN,dog-bird,843,2,2,167,0.04677526652812958,2.2516579627990723,24.12994384765625
CIFAR10,ConvNetBN,dog-bird,843,2,3,166,0.028639492578804493,1.3507090210914612,14.7803955078125
CIFAR10,ConvNetBN,dog-bird,843,2,4,167,0.018836425617337227,0.9599210023880005,11.45892333984375
CIFAR10,ConvNetBN,dog-bird,843,2,5,167,0.013129270635545254,0.7382053136825562,8.7711181640625
CIFAR10,ConvNetBN,dog-bird,843,2,6,166,0.009162434376776218,0.4874242693185806,5.48699951171875
CIFAR10,ConvNetBN,dog-bird,843,2,7,167,0.006889537908136845,0.37116995453834534,4.26519775390625
CIFAR10,ConvNetBN,dog-bird,843,2,8,167,0.005030390806496143,0.2588037848472595,3.09356689453125
CIFAR10,ConvNetBN,dog-bird,843,2,9,166,0.003618637565523386,0.1945546716451645,2.479522705078125
CIFAR10,ConvNetBN,dog-bird,843,2,10,167,0.0025818683207035065,0.14114148914813995,1.77386474609375
CIFAR10,ConvNetBN,dog-bird,843,2,11,167,0.0018394520739093423,0.09864194691181183,1.2061767578125
CIFAR10,ConvNetBN,dog-bird,843,2,12,166,0.0013372914982028306,0.07624414935708046,0.98626708984375
CIFAR10,ConvNetBN,dog-bird,843,2,13,167,0.0009349276660941541,0.05265073850750923,0.6551513671875
CIFAR10,ConvNetBN,dog-bird,843,2,14,167,0.000690160202793777,0.0382307805120945,0.5294189453125
CIFAR10,ConvNetBN,dog-bird,843,2,15,166,0.0004680296406149864,0.026536245830357075,0.315185546875
CIFAR10,ConvNetBN,dog-bird,843,2,16,167,0.00032421009382233024,0.018669750541448593,0.214324951171875
CIFAR10,ConvNetBN,dog-bird,843,2,17,167,0.00021705303515773267,0.012275447137653828,0.1610107421875
CIFAR10,ConvNetBN,dog-bird,843,2,18,166,0.00013808700896333903,0.008229376748204231,0.109344482421875
CIFAR10,ConvNetBN,dog-bird,843,2,19,167,8.405000698985532e-05,0.004927963018417358,0.06103515625
CIFAR10,ConvNetBN,dog-bird,843,2,20,167,5.224471533438191e-05,0.002890239469707012,0.0367431640625
CIFAR10,ConvNetBN,dog-bird,843,2,21,166,2.6208170311292633e-05,0.0014244051417335868,0.01959228515625
CIFAR10,ConvNetBN,dog-bird,843,2,22,167,1.2448889719962608e-05,0.0007449655677191913,0.0098876953125
CIFAR10,ConvNetBN,dog-bird,843,2,23,167,6.229656719369814e-06,0.00035274814581498504,0.004150390625
CIFAR10,ConvNetBN,dog-bird,843,2,24,166,2.6613919317242107e-06,0.00015706021076766774,0.001800537109375
CIFAR10,ConvNetBN,dog-bird,843,2,25,167,9.206789286508865e-07,5.9863818023586646e-05,0.000732421875
CIFAR10,ConvNetBN,dog-bird,843,2,26,167,3.0403356277020066e-07,1.6703639630577527e-05,0.00018310546875
CIFAR10,ConvNetBN,dog-bird,843,2,27,166,3.938772863421036e-08,1.2040218777542577e-07,0.0
CIFAR10,ConvNetBN,dog-bird,843,2,28,167,6.346453584882283e-09,8.349970714860433e-10,0.0
CIFAR10,ConvNetBN,dog-bird,843,2,29,167,4.1082681700999046e-10,4.326253591480089e-11,0.0
CIFAR10,ConvNetBN,dog-bird,843,2,30,166,2.8596711587267065e-12,1.9731746855736806e-14,0.0
CIFAR10,ConvNetBN,dog-bird,843,3,1,167,0.03161977231502533,1.6894203424453735,14.287841796875
CIFAR10,ConvNetBN,dog-bird,843,3,2,167,0.015652336180210114,0.8744615316390991,7.0177001953125
CIFAR10,ConvNetBN,dog-bird,843,3,3,166,0.009963707998394966,0.5622380077838898,4.3060302734375
CIFAR10,ConvNetBN,dog-bird,843,3,4,167,0.006948090624064207,0.36261099576950073,2.9237060546875
CIFAR10,ConvNetBN,dog-bird,843,3,5,167,0.0048634884878993034,0.26555493474006653,2.0882720947265625
CIFAR10,ConvNetBN,dog-bird,843,3,6,166,0.0035189882619306445,0.19635164737701416,1.2937431335449219
CIFAR10,ConvNetBN,dog-bird,843,3,7,167,0.0024836992379277945,0.14349541068077087,1.06610107421875
CIFAR10,ConvNetBN,dog-bird,843,3,8,167,0.0017857409548014402,0.09601183235645294,0.8023681640625
CIFAR10,ConvNetBN,dog-bird,843,3,9,166,0.0012290217564441264,0.06666955724358559,0.515167236328125
CIFAR10,ConvNetBN,dog-bird,843,3,10,167,0.0009231477743014693,0.05354319512844086,0.4261627197265625
CIFAR10,ConvNetBN,dog-bird,843,3,11,167,0.0006536722648888826,0.03701778128743172,0.26617431640625
CIFAR10,ConvNetBN,dog-bird,843,3,12,166,0.00046226332779042423,0.027355827391147614,0.20611572265625
CIFAR10,ConvNetBN,dog-bird,843,3,13,167,0.0003243151877541095,0.018842225894331932,0.130126953125
CIFAR10,ConvNetBN,dog-bird,843,3,14,167,0.00024536289856769145,0.01357926707714796,0.10150146484375
CIFAR10,ConvNetBN,dog-bird,843,3,15,166,0.00017039632803061977,0.009569606278091669,0.0693206787109375
CIFAR10,ConvNetBN,dog-bird,843,3,16,167,0.00011897168587893248,0.00679543474689126,0.049591064453125
CIFAR10,ConvNetBN,dog-bird,843,3,17,167,8.070476906141266e-05,0.004566626623272896,0.03045654296875
CIFAR10,ConvNetBN,dog-bird,843,3,18,166,5.2099050662945956e-05,0.002983843209221959,0.022796630859375
CIFAR10,ConvNetBN,dog-bird,843,3,19,167,3.52902861777693e-05,0.0020828312262892723,0.014129638671875
CIFAR10,ConvNetBN,dog-bird,843,3,20,167,2.107784712279681e-05,0.0012445809552446008,0.008026123046875
CIFAR10,ConvNetBN,dog-bird,843,3,21,166,1.256786345038563e-05,0.0006995329167693853,0.005584716796875
CIFAR10,ConvNetBN,dog-bird,843,3,22,167,6.519944236060837e-06,0.0003685080446302891,0.002655029296875
CIFAR10,ConvNetBN,dog-bird,843,3,23,167,3.024179932253901e-06,0.00017602757725398988,0.001220703125
CIFAR10,ConvNetBN,dog-bird,843,3,24,166,1.2876017763119307e-06,7.46365258237347e-05,0.0005340576171875
CIFAR10,ConvNetBN,dog-bird,843,3,25,167,4.939109885526705e-07,2.9396323952823877e-05,0.00018310546875
CIFAR10,ConvNetBN,dog-bird,843,3,26,167,1.548252726024657e-07,9.072591637959704e-06,6.103515625e-05
CIFAR10,ConvNetBN,dog-bird,843,3,27,166,1.6373167710526104e-08,1.5103333028676502e-09,0.0
CIFAR10,ConvNetBN,dog-bird,843,3,28,167,2.759076078717726e-09,2.4723226244027785e-10,0.0
CIFAR10,ConvNetBN,dog-bird,843,3,29,167,1.2277227845469696e-10,5.334323694566878e-12,0.0
CIFAR10,ConvNetBN,dog-bird,843,3,30,166,3.189159141847933e-13,1.1505465786506132e-14,0.0
CIFAR10,ConvNetBN,dog-bird,843,4,1,167,0.026761570945382118,1.5364311933517456,9.4407958984375
CIFAR10,ConvNetBN,dog-bird,843,4,2,167,0.013556786812841892,0.8070594668388367,4.62286376953125
CIFAR10,ConvNetBN,dog-bird,843,4,3,166,0.008126155007630587,0.478029265999794,2.9081268310546875
CIFAR10,ConvNetBN,dog-bird,843,4,4,167,0.005130844656378031,0.3102516829967499,1.80743408203125
CIFAR10,ConvNetBN,dog-bird,843,4,5,167,0.0032387375831604004,0.19583001732826233,1.225341796875
CIFAR10,ConvNetBN,dog-bird,843,4,6,166,0.0021918457932770252,0.14284125715494156,0.7602386474609375
CIFAR10,ConvNetBN,dog-bird,843,4,7,167,0.001554346177726984,0.09317687153816223,0.56329345703125
CIFAR10,ConvNetBN,dog-bird,843,4,8,167,0.001092579448595643,0.06938181817531586,0.453125
CIFAR10,ConvNetBN,dog-bird,843,4,9,166,0.0007839111203793436,0.05194498412311077,0.341339111328125
CIFAR10,ConvNetBN,dog-bird,843,4,10,167,0.0005600417498499155,0.03627023100852966,0.25811767578125
CIFAR10,ConvNetBN,dog-bird,843,4,11,167,0.00039236852899193764,0.025371305644512177,0.1663818359375
CIFAR10,ConvNetBN,dog-bird,843,4,12,166,0.0002459662646288052,0.01696064230054617,0.112335205078125
CIFAR10,ConvNetBN,dog-bird,843,4,13,167,0.00017530148033984005,0.011032460257411003,0.06915283203125
CIFAR10,ConvNetBN,dog-bird,843,4,14,167,0.0001104659095290117,0.007535573560744524,0.04766845703125
CIFAR10,ConvNetBN,dog-bird,843,4,15,166,7.328768333536573e-05,0.005303851328790188,0.034027099609375
CIFAR10,ConvNetBN,dog-bird,843,4,16,167,4.828093369724229e-05,0.0034328321926295757,0.02227783203125
CIFAR10,ConvNetBN,dog-bird,843,4,17,167,3.2545420253882185e-05,0.002353245159611106,0.014404296875
CIFAR10,ConvNetBN,dog-bird,843,4,18,166,1.9669443645398133e-05,0.0013233632780611515,0.008575439453125
CIFAR10,ConvNetBN,dog-bird,843,4,19,167,1.2632970538106747e-05,0.0008927892777137458,0.0059814453125
CIFAR10,ConvNetBN,dog-bird,843,4,20,167,7.086142431944609e-06,0.0004775880661327392,0.00274658203125
CIFAR10,ConvNetBN,dog-bird,843,4,21,166,3.87179056815512e-06,0.0002593124081613496,0.00189208984375
CIFAR10,ConvNetBN,dog-bird,843,4,22,167,1.9678657281474443e-06,0.00013096847396809608,0.0008544921875
CIFAR10,ConvNetBN,dog-bird,843,4,23,167,8.52610128276865e-07,5.998474807711318e-05,0.0003662109375
CIFAR10,ConvNetBN,dog-bird,843,4,24,166,3.158978074679908e-07,2.262781526951585e-05,0.00018310546875
CIFAR10,ConvNetBN,dog-bird,843,4,25,167,1.3903111550916947e-07,9.233640412276145e-06,6.103515625e-05
CIFAR10,ConvNetBN,dog-bird,843,4,26,167,2.023499057202116e-08,3.305240803275211e-10,0.0
CIFAR10,ConvNetBN,dog-bird,843,4,27,166,3.505318035834648e-09,3.7641850747505146e-10,0.0
CIFAR10,ConvNetBN,dog-bird,843,4,28,167,5.164642047361667e-10,3.444017293574575e-11,0.0
CIFAR10,ConvNetBN,dog-bird,843,4,29,167,2.354386303971001e-11,1.7218322037257372e-12,0.0
CIFAR10,ConvNetBN,dog-bird,843,4,30,166,5.730801135017932e-14,1.9506435032975978e-15,0.0
CIFAR10,ConvNetBN,dog-bird,8730,0,1,167,0.009828074835240841,0.5886502861976624,5.749755859375
CIFAR10,ConvNetBN,dog-bird,8730,0,2,167,0.005007910542190075,0.315670371055603,3.44921875
CIFAR10,ConvNetBN,dog-bird,8730,0,3,166,0.003372764214873314,0.21006039530038834,2.25921630859375
CIFAR10,ConvNetBN,dog-bird,8730,0,4,167,0.002146007725968957,0.13176672160625458,1.4107666015625
CIFAR10,ConvNetBN,dog-bird,8730,0,5,167,0.0015442481962963939,0.09988018125295639,1.0633544921875
CIFAR10,ConvNetBN,dog-bird,8730,0,6,166,0.0011760465567931533,0.07805512845516205,0.9552001953125
CIFAR10,ConvNetBN,dog-bird,8730,0,7,167,0.0008472350309602916,0.05778942257165909,0.61376953125
CIFAR10,ConvNetBN,dog-bird,8730,0,8,167,0.0006319092935882509,0.04197479039430618,0.46722412109375
CIFAR10,ConvNetBN,dog-bird,8730,0,9,166,0.0004778139409609139,0.03332756832242012,0.405181884765625
CIFAR10,ConvNetBN,dog-bird,8730,0,10,167,0.0003638129273895174,0.024533964693546295,0.2767333984375
CIFAR10,ConvNetBN,dog-bird,8730,0,11,167,0.000274810561677441,0.019129328429698944,0.20068359375
CIFAR10,ConvNetBN,dog-bird,8730,0,12,166,0.00020036721980432048,0.01371710654348135,0.16473388671875
CIFAR10,ConvNetBN,dog-bird,8730,0,13,167,0.00014382871449925005,0.00955167505890131,0.1092529296875
CIFAR10,ConvNetBN,dog-bird,8730,0,14,167,0.00010527676931815222,0.007465084549039602,0.08251953125
CIFAR10,ConvNetBN,dog-bird,8730,0,15,166,7.298225318663754e-05,0.005419079214334488,0.05865478515625
CIFAR10,ConvNetBN,dog-bird,8730,0,16,167,4.98770568810869e-05,0.0035367528907954693,0.036865234375
CIFAR10,ConvNetBN,dog-bird,8730,0,17,167,3.220084909116849e-05,0.0023064445704221725,0.026123046875
CIFAR10,ConvNetBN,dog-bird,8730,0,18,166,2.1766568352177273e-05,0.0015056615229696035,0.01605224609375
CIFAR10,ConvNetBN,dog-bird,8730,0,19,167,1.243271617568098e-05,0.0009461338631808758,0.01025390625
CIFAR10,ConvNetBN,dog-bird,8730,0,20,167,7.401125913020223e-06,0.0005269595421850681,0.0064697265625
CIFAR10,ConvNetBN,dog-bird,8730,0,21,166,3.984641807619482e-06,0.000270938005996868,0.00323486328125
CIFAR10,ConvNetBN,dog-bird,8730,0,22,167,1.9661238184198737e-06,0.0001403931382810697,0.0015869140625
CIFAR10,ConvNetBN,dog-bird,8730,0,23,167,7.545261837549333e-07,5.6161126849474385e-05,0.0006103515625
CIFAR10,ConvNetBN,dog-bird,8730,0,24,166,3.084224005078795e-07,2.211089577031089e-05,0.000244140625
CIFAR10,ConvNetBN,dog-bird,8730,0,25,167,1.35530044076404e-07,9.486012459092308e-06,0.0001220703125
CIFAR10,ConvNetBN,dog-bird,8730,0,26,167,1.7324644829841418e-08,5.5191899939188716e-09,0.0
CIFAR10,ConvNetBN,dog-bird,8730,0,27,166,3.2447018405434846e-09,7.671382418195094e-10,0.0
CIFAR10,ConvNetBN,dog-bird,8730,0,28,167,4.0749942309403764e-10,1.7414064634735382e-10,0.0
CIFAR10,ConvNetBN,dog-bird,8730,0,29,167,2.87224011935594e-11,4.6997336577980775e-12,0.0
CIFAR10,ConvNetBN,dog-bird,8730,0,30,166,3.55318598437189e-14,7.888681688542369e-15,0.0
CIFAR10,ConvNetBN,dog-bird,8730,1,1,167,0.0345894992351532,1.8117640018463135,11.3824462890625
CIFAR10,ConvNetBN,dog-bird,8730,1,2,167,0.01699952967464924,0.8750888109207153,6.17828369140625
CIFAR10,ConvNetBN,dog-bird,8730,1,3,166,0.009594802744686604,0.49775151908397675,3.703765869140625
CIFAR10,ConvNetBN,dog-bird,8730,1,4,167,0.0063081830739974976,0.3399104177951813,2.77655029296875
CIFAR10,ConvNetBN,dog-bird,8730,1,5,167,0.004210468381643295,0.22769296169281006,1.911895751953125
CIFAR10,ConvNetBN,dog-bird,8730,1,6,166,0.0029518280643969774,0.15633828938007355,1.179962158203125
CIFAR10,ConvNetBN,dog-bird,8730,1,7,167,0.002105144551023841,0.1121596172451973,0.95263671875
CIFAR10,ConvNetBN,dog-bird,8730,1,8,167,0.0014512171037495136,0.07957570999860764,0.632568359375
CIFAR10,ConvNetBN,dog-bird,8730,1,9,166,0.001018960087094456,0.0606412123888731,0.54681396484375
CIFAR10,ConvNetBN,dog-bird,8730,1,10,167,0.0007095997571013868,0.039745911955833435,0.300994873046875
CIFAR10,ConvNetBN,dog-bird,8730,1,11,167,0.000538573251105845,0.03005197085440159,0.23236083984375
CIFAR10,ConvNetBN,dog-bird,8730,1,12,166,0.0003619474737206474,0.019823946058750153,0.143310546875
CIFAR10,ConvNetBN,dog-bird,8730,1,13,167,0.00024077326816041023,0.014168772846460342,0.1199951171875
CIFAR10,ConvNetBN,dog-bird,8730,1,14,167,0.00016096372564788908,0.009262497536838055,0.075775146484375
CIFAR10,ConvNetBN,dog-bird,8730,1,15,166,0.00011724547584890388,0.006881075911223888,0.05996513366699219
CIFAR10,ConvNetBN,dog-bird,8730,1,16,167,7.606262806802988e-05,0.004279498476535082,0.0322113037109375
CIFAR10,ConvNetBN,dog-bird,8730,1,17,167,5.1751176215475425e-05,0.003012254601344466,0.02349853515625
CIFAR10,ConvNetBN,dog-bird,8730,1,18,166,3.261231722717639e-05,0.0019001131295226514,0.014400482177734375
CIFAR10,ConvNetBN,dog-bird,8730,1,19,167,1.9216875443817116e-05,0.001145456568337977,0.0096435546875
CIFAR10,ConvNetBN,dog-bird,8730,1,20,167,1.0859524991246872e-05,0.0006304876296781003,0.00531005859375
CIFAR10,ConvNetBN,dog-bird,8730,1,21,166,6.3684383349027485e-06,0.0003706022253027186,0.0029754638671875
CIFAR10,ConvNetBN,dog-bird,8730,1,22,167,3.365669272170635e-06,0.00019600431551225483,0.001373291015625
CIFAR10,ConvNetBN,dog-bird,8730,1,23,167,1.5675109352741856e-06,9.503946785116568e-05,0.00067138671875
CIFAR10,ConvNetBN,dog-bird,8730,1,24,166,7.045354948331806e-07,4.0256143620354123e-05,0.00030517578125
CIFAR10,ConvNetBN,dog-bird,8730,1,25,167,2.938789407380682e-07,1.4514866961690132e-05,0.0001220703125
CIFAR10,ConvNetBN,dog-bird,8730,1,26,167,4.522953034324928e-08,3.879385701566207e-08,0.0
CIFAR10,ConvNetBN,dog-bird,8730,1,27,166,8.951350327635055e-09,1.4692138061711546e-09,0.0
CIFAR10,ConvNetBN,dog-bird,8730,1,28,167,9.877081375009311e-10,4.996539640367281e-11,0.0
CIFAR10,ConvNetBN,dog-bird,8730,1,29,167,4.097795019974981e-11,2.3896973809500732e-12,0.0
CIFAR10,ConvNetBN,dog-bird,8730,1,30,166,1.923834897811505e-13,2.2861093138708873e-15,0.0
CIFAR10,ConvNetBN,dog-bird,8730,2,1,167,0.0966937467455864,4.195660591125488,51.19268798828125
CIFAR10,ConvNetBN,dog-bird,8730,2,2,167,0.04677526652812958,2.07134747505188,25.707366943359375
CIFAR10,ConvNetBN,dog-bird,8730,2,3,166,0.028639492578804493,1.1890622973442078,16.90185546875
CIFAR10,ConvNetBN,dog-bird,8730,2,4,167,0.018836425617337227,0.9058437347412109,12.72137451171875
CIFAR10,ConvNetBN,dog-bird,8730,2,5,167,0.013129270635545254,0.6530950665473938,9.39276123046875
CIFAR10,ConvNetBN,dog-bird,8730,2,6,166,0.009162434376776218,0.4227359741926193,6.475494384765625
CIFAR10,ConvNetBN,dog-bird,8730,2,7,167,0.006889537908136845,0.33848342299461365,4.9161376953125
CIFAR10,ConvNetBN,dog-bird,8730,2,8,167,0.005030390806496143,0.23962470889091492,3.3616943359375
CIFAR10,ConvNetBN,dog-bird,8730,2,9,166,0.003618637565523386,0.16945266723632812,2.81890869140625
CIFAR10,ConvNetBN,dog-bird,8730,2,10,167,0.0025818683207035065,0.1260124146938324,1.9490966796875
CIFAR10,ConvNetBN,dog-bird,8730,2,11,167,0.0018394520739093423,0.09168364107608795,1.45001220703125
CIFAR10,ConvNetBN,dog-bird,8730,2,12,166,0.0013372914982028306,0.06815367937088013,1.0614013671875
CIFAR10,ConvNetBN,dog-bird,8730,2,13,167,0.0009349276660941541,0.04752166196703911,0.74578857421875
CIFAR10,ConvNetBN,dog-bird,8730,2,14,167,0.000690160202793777,0.03478427976369858,0.57318115234375
CIFAR10,ConvNetBN,dog-bird,8730,2,15,166,0.0004680296406149864,0.02370399609208107,0.36773681640625
CIFAR10,ConvNetBN,dog-bird,8730,2,16,167,0.00032421009382233024,0.01626528799533844,0.2469482421875
CIFAR10,ConvNetBN,dog-bird,8730,2,17,167,0.00021705303515773267,0.011055710725486279,0.1810302734375
CIFAR10,ConvNetBN,dog-bird,8730,2,18,166,0.00013808700896333903,0.007296535186469555,0.11669921875
CIFAR10,ConvNetBN,dog-bird,8730,2,19,167,8.405000698985532e-05,0.004297136794775724,0.0675048828125
CIFAR10,ConvNetBN,dog-bird,8730,2,20,167,5.224471533438191e-05,0.0025748296175152063,0.0394287109375
CIFAR10,ConvNetBN,dog-bird,8730,2,21,166,2.6208170311292633e-05,0.0013213914353400469,0.02313232421875
CIFAR10,ConvNetBN,dog-bird,8730,2,22,167,1.2448889719962608e-05,0.0006413133814930916,0.010986328125
CIFAR10,ConvNetBN,dog-bird,8730,2,23,167,6.229656719369814e-06,0.00031337980180978775,0.0050048828125
CIFAR10,ConvNetBN,dog-bird,8730,2,24,166,2.6613919317242107e-06,0.0001341092720394954,0.002044677734375
CIFAR10,ConvNetBN,dog-bird,8730,2,25,167,9.206789286508865e-07,4.798275767825544e-05,0.000732421875
CIFAR10,ConvNetBN,dog-bird,8730,2,26,167,3.0403356277020066e-07,1.4427145288209431e-05,0.000244140625
CIFAR10,ConvNetBN,dog-bird,8730,2,27,166,3.938772863421036e-08,1.4923320890147806e-07,0.0
CIFAR10,ConvNetBN,dog-bird,8730,2,28,167,6.346453584882283e-09,1.4463357178584602e-09,0.0
CIFAR10,ConvNetBN,dog-bird,8730,2,29,167,4.1082681700999046e-10,4.310492240922059e-11,0.0
CIFAR10,ConvNetBN,dog-bird,8730,2,30,166,2.8596711587267065e-12,1.206544358780398e-13,0.0
CIFAR10,ConvNetBN,dog-bird,8730,3,1,167,0.03161977231502533,2.266731023788452,19.18670654296875
CIFAR10,ConvNetBN,dog-bird,8730,3,2,167,0.015652336180210114,1.254772663116455,10.643585205078125
CIFAR10,ConvNetBN,dog-bird,8730,3,3,166,0.009963707998394966,0.7930787801742554,7.658233642578125
CIFAR10,ConvNetBN,dog-bird,8730,3,4,167,0.006948090624064207,0.547386884689331,4.703857421875
CIFAR10,ConvNetBN,dog-bird,8730,3,5,167,0.0048634884878993034,0.38030657172203064,3.4664306640625
CIFAR10,ConvNetBN,dog-bird,8730,3,6,166,0.0035189882619306445,0.2738659530878067,2.383148193359375
CIFAR10,ConvNetBN,dog-bird,8730,3,7,167,0.0024836992379277945,0.20766636729240417,1.921630859375
CIFAR10,ConvNetBN,dog-bird,8730,3,8,167,0.0017857409548014402,0.1443718820810318,1.45947265625
CIFAR10,ConvNetBN,dog-bird,8730,3,9,166,0.0012290217564441264,0.09808174893260002,0.9130859375
CIFAR10,ConvNetBN,dog-bird,8730,3,10,167,0.0009231477743014693,0.07798846811056137,0.814208984375
CIFAR10,ConvNetBN,dog-bird,8730,3,11,167,0.0006536722648888826,0.053316131234169006,0.522705078125
CIFAR10,ConvNetBN,dog-bird,8730,3,12,166,0.00046226332779042423,0.038121506571769714,0.3463134765625
CIFAR10,ConvNetBN,dog-bird,8730,3,13,167,0.0003243151877541095,0.02630114182829857,0.25
CIFAR10,ConvNetBN,dog-bird,8730,3,14,167,0.00024536289856769145,0.02005097270011902,0.1917724609375
CIFAR10,ConvNetBN,dog-bird,8730,3,15,166,0.00017039632803061977,0.014274750370532274,0.139312744140625
CIFAR10,ConvNetBN,dog-bird,8730,3,16,167,0.00011897168587893248,0.010100429877638817,0.0948486328125
CIFAR10,ConvNetBN,dog-bird,8730,3,17,167,8.070476906141266e-05,0.006850424688309431,0.06512451171875
CIFAR10,ConvNetBN,dog-bird,8730,3,18,166,5.2099050662945956e-05,0.00436444254592061,0.04290771484375
CIFAR10,ConvNetBN,dog-bird,8730,3,19,167,3.52902861777693e-05,0.0027764386031776667,0.02923583984375
CIFAR10,ConvNetBN,dog-bird,8730,3,20,167,2.107784712279681e-05,0.0017315171426162124,0.0164794921875
CIFAR10,ConvNetBN,dog-bird,8730,3,21,166,1.256786345038563e-05,0.001027603808324784,0.010284423828125
CIFAR10,ConvNetBN,dog-bird,8730,3,22,167,6.519944236060837e-06,0.0005693599232472479,0.0059814453125
CIFAR10,ConvNetBN,dog-bird,8730,3,23,167,3.024179932253901e-06,0.00023782721837051213,0.00244140625
CIFAR10,ConvNetBN,dog-bird,8730,3,24,166,1.2876017763119307e-06,0.00010419807586004026,0.0010986328125
CIFAR10,ConvNetBN,dog-bird,8730,3,25,167,4.939109885526705e-07,3.9964452298590913e-05,0.0003662109375
CIFAR10,ConvNetBN,dog-bird,8730,3,26,167,1.548252726024657e-07,1.3245672562334221e-05,0.0001220703125
CIFAR10,ConvNetBN,dog-bird,8730,3,27,166,1.6373167710526104e-08,5.246380965218123e-07,0.0
CIFAR10,ConvNetBN,dog-bird,8730,3,28,167,2.759076078717726e-09,8.69423715244011e-08,0.0
CIFAR10,ConvNetBN,dog-bird,8730,3,29,167,1.2277227845469696e-10,2.7584676765002314e-09,0.0
CIFAR10,ConvNetBN,dog-bird,8730,3,30,166,3.189159141847933e-13,6.484518868046796e-12,0.0
CIFAR10,ConvNetBN,dog-bird,8730,4,1,167,0.026761570945382118,1.457818627357483,16.8922119140625
CIFAR10,ConvNetBN,dog-bird,8730,4,2,167,0.013556786812841892,0.7663891911506653,8.9603271484375
CIFAR10,ConvNetBN,dog-bird,8730,4,3,166,0.008126155007630587,0.4683911204338074,5.698028564453125
CIFAR10,ConvNetBN,dog-bird,8730,4,4,167,0.005130844656378031,0.30691537261009216,3.43133544921875
CIFAR10,ConvNetBN,dog-bird,8730,4,5,167,0.0032387375831604004,0.19115181267261505,2.3592529296875
CIFAR10,ConvNetBN,dog-bird,8730,4,6,166,0.0021918457932770252,0.12998079508543015,1.45599365234375
CIFAR10,ConvNetBN,dog-bird,8730,4,7,167,0.001554346177726984,0.08966875821352005,1.0958251953125
CIFAR10,ConvNetBN,dog-bird,8730,4,8,167,0.001092579448595643,0.06640849262475967,0.7900390625
CIFAR10,ConvNetBN,dog-bird,8730,4,9,166,0.0007839111203793436,0.050677601248025894,0.6453857421875
CIFAR10,ConvNetBN,dog-bird,8730,4,10,167,0.0005600417498499155,0.034293949604034424,0.4886474609375
CIFAR10,ConvNetBN,dog-bird,8730,4,11,167,0.00039236852899193764,0.023384036496281624,0.2950439453125
CIFAR10,ConvNetBN,dog-bird,8730,4,12,166,0.0002459662646288052,0.015189024619758129,0.194671630859375
CIFAR10,ConvNetBN,dog-bird,8730,4,13,167,0.00017530148033984005,0.01014726236462593,0.11962890625
CIFAR10,ConvNetBN,dog-bird,8730,4,14,167,0.0001104659095290117,0.0069972556084394455,0.094482421875
CIFAR10,ConvNetBN,dog-bird,8730,4,15,166,7.328768333536573e-05,0.004812554456293583,0.0574951171875
CIFAR10,ConvNetBN,dog-bird,8730,4,16,167,4.828093369724229e-05,0.0029947177972644567,0.0413818359375
CIFAR10,ConvNetBN,dog-bird,8730,4,17,167,3.2545420253882185e-05,0.0021400637924671173,0.0260009765625
CIFAR10,ConvNetBN,dog-bird,8730,4,18,166,1.9669443645398133e-05,0.0012127525988034904,0.014892578125
CIFAR10,ConvNetBN,dog-bird,8730,4,19,167,1.2632970538106747e-05,0.0008023458649404347,0.0096435546875
CIFAR10,ConvNetBN,dog-bird,8730,4,20,167,7.086142431944609e-06,0.00044802899356000125,0.0052490234375
CIFAR10,ConvNetBN,dog-bird,8730,4,21,166,3.87179056815512e-06,0.00024272028531413525,0.003662109375
CIFAR10,ConvNetBN,dog-bird,8730,4,22,167,1.9678657281474443e-06,0.000120409662486054,0.00146484375
CIFAR10,ConvNetBN,dog-bird,8730,4,23,167,8.52610128276865e-07,5.600053918897174e-05,0.000732421875
CIFAR10,ConvNetBN,dog-bird,8730,4,24,166,3.158978074679908e-07,2.1270374418236315e-05,0.000244140625
CIFAR10,ConvNetBN,dog-bird,8730,4,25,167,1.3903111550916947e-07,8.176607479981612e-06,0.0001220703125
CIFAR10,ConvNetBN,dog-bird,8730,4,26,167,2.023499057202116e-08,2.9963484471373647e-10,0.0
CIFAR10,ConvNetBN,dog-bird,8730,4,27,166,3.505318035834648e-09,2.815990912674593e-10,0.0
CIFAR10,ConvNetBN,dog-bird,8730,4,28,167,5.164642047361667e-10,3.1461323130033136e-11,0.0
CIFAR10,ConvNetBN,dog-bird,8730,4,29,167,2.354386303971001e-11,1.7090056583443647e-12,0.0
CIFAR10,ConvNetBN,dog-bird,8730,4,30,166,5.730801135017932e-14,1.8811485792610003e-15,0.0
CIFAR10,ConvNetBN,dog-bird,8954,0,1,167,0.009828074835240841,0.4619181156158447,1.7875518798828125
CIFAR10,ConvNetBN,dog-bird,8954,0,2,167,0.005007910542190075,0.22202254831790924,1.12921142578125
CIFAR10,ConvNetBN,dog-bird,8954,0,3,166,0.003372764214873314,0.15518435835838318,0.6803817749023438
CIFAR10,ConvNetBN,dog-bird,8954,0,4,167,0.002146007725968957,0.09649619460105896,0.3848419189453125
CIFAR10,ConvNetBN,dog-bird,8954,0,5,167,0.0015442481962963939,0.0706956759095192,0.2811279296875
CIFAR10,ConvNetBN,dog-bird,8954,0,6,166,0.0011760465567931533,0.06107601895928383,0.25786590576171875
CIFAR10,ConvNetBN,dog-bird,8954,0,7,167,0.0008472350309602916,0.03758135437965393,0.16400146484375
CIFAR10,ConvNetBN,dog-bird,8954,0,8,167,0.0006319092935882509,0.028995223343372345,0.1220703125
CIFAR10,ConvNetBN,dog-bird,8954,0,9,166,0.0004778139409609139,0.024672341533005238,0.1113433837890625
CIFAR10,ConvNetBN,dog-bird,8954,0,10,167,0.0003638129273895174,0.017013542354106903,0.0682525634765625
CIFAR10,ConvNetBN,dog-bird,8954,0,11,167,0.000274810561677441,0.01382102444767952,0.0496063232421875
CIFAR10,ConvNetBN,dog-bird,8954,0,12,166,0.00020036721980432048,0.009638593532145023,0.03729248046875
CIFAR10,ConvNetBN,dog-bird,8954,0,13,167,0.00014382871449925005,0.007118371780961752,0.02155303955078125
CIFAR10,ConvNetBN,dog-bird,8954,0,14,167,0.00010527676931815222,0.005113036371767521,0.023956298828125
CIFAR10,ConvNetBN,dog-bird,8954,0,15,166,7.298225318663754e-05,0.0037939591566100717,0.0134735107421875
CIFAR10,ConvNetBN,dog-bird,8954,0,16,167,4.98770568810869e-05,0.0024060707073658705,0.01068115234375
CIFAR10,ConvNetBN,dog-bird,8954,0,17,167,3.220084909116849e-05,0.0015933236572891474,0.00634765625
CIFAR10,ConvNetBN,dog-bird,8954,0,18,166,2.1766568352177273e-05,0.0010286896722391248,0.004561424255371094
CIFAR10,ConvNetBN,dog-bird,8954,0,19,167,1.243271617568098e-05,0.00061762984842062,0.0026092529296875
CIFAR10,ConvNetBN,dog-bird,8954,0,20,167,7.401125913020223e-06,0.0003710036398842931,0.0012969970703125
CIFAR10,ConvNetBN,dog-bird,8954,0,21,166,3.984641807619482e-06,0.0002008839146583341,0.000812530517578125
CIFAR10,ConvNetBN,dog-bird,8954,0,22,167,1.9661238184198737e-06,0.00010479972115717828,0.00042724609375
CIFAR10,ConvNetBN,dog-bird,8954,0,23,167,7.545261837549333e-07,3.945332719013095e-05,0.000152587890625
CIFAR10,ConvNetBN,dog-bird,8954,0,24,166,3.084224005078795e-07,1.5477470697078388e-05,6.103515625e-05
CIFAR10,ConvNetBN,dog-bird,8954,0,25,167,1.35530044076404e-07,5.9328640418243594e-06,1.52587890625e-05
CIFAR10,ConvNetBN,dog-bird,8954,0,26,167,1.7324644829841418e-08,4.901395400658259e-10,0.0
CIFAR10,ConvNetBN,dog-bird,8954,0,27,166,3.2447018405434846e-09,8.524006847587806e-11,0.0
CIFAR10,ConvNetBN,dog-bird,8954,0,28,167,4.0749942309403764e-10,4.1048831000978225e-11,0.0
CIFAR10,ConvNetBN,dog-bird,8954,0,29,167,2.87224011935594e-11,1.4342355428298426e-12,0.0
CIFAR10,ConvNetBN,dog-bird,8954,0,30,166,3.55318598437189e-14,1.4882227534634984e-15,0.0
CIFAR10,ConvNetBN,dog-bird,8954,1,1,167,0.0345894992351532,1.2299995422363281,7.7378339767456055
CIFAR10,ConvNetBN,dog-bird,8954,1,2,167,0.01699952967464924,0.5727532505989075,2.9975051879882812
CIFAR10,ConvNetBN,dog-bird,8954,1,3,166,0.009594802744686604,0.3505532145500183,1.7734317779541016
CIFAR10,ConvNetBN,dog-bird,8954,1,4,167,0.0063081830739974976,0.24275879561901093,1.4140357971191406
CIFAR10,ConvNetBN,dog-bird,8954,1,5,167,0.004210468381643295,0.1605377048254013,0.85137939453125
CIFAR10,ConvNetBN,dog-bird,8954,1,6,166,0.0029518280643969774,0.10527452826499939,0.5488853454589844
CIFAR10,ConvNetBN,dog-bird,8954,1,7,167,0.002105144551023841,0.07608916610479355,0.4787101745605469
CIFAR10,ConvNetBN,dog-bird,8954,1,8,167,0.0014512171037495136,0.05291503667831421,0.2699127197265625
CIFAR10,ConvNetBN,dog-bird,8954,1,9,166,0.001018960087094456,0.04036733880639076,0.2042388916015625
CIFAR10,ConvNetBN,dog-bird,8954,1,10,167,0.0007095997571013868,0.02584237977862358,0.1408843994140625
CIFAR10,ConvNetBN,dog-bird,8954,1,11,167,0.000538573251105845,0.019624317064881325,0.09475231170654297
CIFAR10,ConvNetBN,dog-bird,8954,1,12,166,0.0003619474737206474,0.012890887446701527,0.06227874755859375
CIFAR10,ConvNetBN,dog-bird,8954,1,13,167,0.00024077326816041023,0.009442991577088833,0.045318603515625
CIFAR10,ConvNetBN,dog-bird,8954,1,14,167,0.00016096372564788908,0.005789862480014563,0.03170013427734375
CIFAR10,ConvNetBN,dog-bird,8954,1,15,166,0.00011724547584890388,0.004528439836576581,0.02349090576171875
CIFAR10,ConvNetBN,dog-bird,8954,1,16,167,7.606262806802988e-05,0.0028514366131275892,0.0126495361328125
CIFAR10,ConvNetBN,dog-bird,8954,1,17,167,5.1751176215475425e-05,0.001979389926418662,0.00897216796875
CIFAR10,ConvNetBN,dog-bird,8954,1,18,166,3.261231722717639e-05,0.0011640489101409912,0.00489044189453125
CIFAR10,ConvNetBN,dog-bird,8954,1,19,167,1.9216875443817116e-05,0.0007269205525517464,0.00372314453125
CIFAR10,ConvNetBN,dog-bird,8954,1,20,167,1.0859524991246872e-05,0.00042414088966324925,0.0018310546875
CIFAR10,ConvNetBN,dog-bird,8954,1,21,166,6.3684383349027485e-06,0.00023666136257816106,0.0011138916015625
CIFAR10,ConvNetBN,dog-bird,8954,1,22,167,3.365669272170635e-06,0.00012496985436882824,0.0006256103515625
CIFAR10,ConvNetBN,dog-bird,8954,1,23,167,1.5675109352741856e-06,6.092775583965704e-05,0.0002593994140625
CIFAR10,ConvNetBN,dog-bird,8954,1,24,166,7.045354948331806e-07,2.6886893465416506e-05,0.0001277923583984375
CIFAR10,ConvNetBN,dog-bird,8954,1,25,167,2.938789407380682e-07,9.578825483913533e-06,3.814697265625e-05
CIFAR10,ConvNetBN,dog-bird,8954,1,26,167,4.522953034324928e-08,3.7779262385129186e-08,7.62939453125e-06
CIFAR10,ConvNetBN,dog-bird,8954,1,27,166,8.951350327635055e-09,7.575588212294093e-10,0.0
CIFAR10,ConvNetBN,dog-bird,8954,1,28,167,9.877081375009311e-10,3.293732300790886e-11,0.0
CIFAR10,ConvNetBN,dog-bird,8954,1,29,167,4.097795019974981e-11,6.678011008759421e-13,0.0
CIFAR10,ConvNetBN,dog-bird,8954,1,30,166,1.923834897811505e-13,1.360968335116275e-15,0.0
CIFAR10,ConvNetBN,dog-bird,8954,2,1,167,0.0966937467455864,3.644726514816284,18.397064208984375
CIFAR10,ConvNetBN,dog-bird,8954,2,2,167,0.04677526652812958,1.747694730758667,9.386077880859375
CIFAR10,ConvNetBN,dog-bird,8954,2,3,166,0.028639492578804493,1.016909897327423,5.3651123046875
CIFAR10,ConvNetBN,dog-bird,8954,2,4,167,0.018836425617337227,0.7222214341163635,3.867919921875
CIFAR10,ConvNetBN,dog-bird,8954,2,5,167,0.013129270635545254,0.5275138020515442,2.75372314453125
CIFAR10,ConvNetBN,dog-bird,8954,2,6,166,0.009162434376776218,0.3644813001155853,1.8496246337890625
CIFAR10,ConvNetBN,dog-bird,8954,2,7,167,0.006889537908136845,0.2710795998573303,1.6527099609375
CIFAR10,ConvNetBN,dog-bird,8954,2,8,167,0.005030390806496143,0.19423817098140717,0.99688720703125
CIFAR10,ConvNetBN,dog-bird,8954,2,9,166,0.003618637565523386,0.13763970136642456,0.9375762939453125
CIFAR10,ConvNetBN,dog-bird,8954,2,10,167,0.0025818683207035065,0.09971758723258972,0.61407470703125
CIFAR10,ConvNetBN,dog-bird,8954,2,11,167,0.0018394520739093423,0.07348126173019409,0.411712646484375
CIFAR10,ConvNetBN,dog-bird,8954,2,12,166,0.0013372914982028306,0.05476526543498039,0.342681884765625
CIFAR10,ConvNetBN,dog-bird,8954,2,13,167,0.0009349276660941541,0.04009035602211952,0.2296142578125
CIFAR10,ConvNetBN,dog-bird,8954,2,14,167,0.000690160202793777,0.028856845572590828,0.164031982421875
CIFAR10,ConvNetBN,dog-bird,8954,2,15,166,0.0004680296406149864,0.01837043557316065,0.11582183837890625
CIFAR10,ConvNetBN,dog-bird,8954,2,16,167,0.00032421009382233024,0.012829571962356567,0.0743408203125
CIFAR10,ConvNetBN,dog-bird,8954,2,17,167,0.00021705303515773267,0.00891735777258873,0.051849365234375
CIFAR10,ConvNetBN,dog-bird,8954,2,18,166,0.00013808700896333903,0.005639012670144439,0.03515625
CIFAR10,ConvNetBN,dog-bird,8954,2,19,167,8.405000698985532e-05,0.0033505731262266636,0.01898193359375
CIFAR10,ConvNetBN,dog-bird,8954,2,20,167,5.224471533438191e-05,0.0020853159949183464,0.011688232421875
CIFAR10,ConvNetBN,dog-bird,8954,2,21,166,2.6208170311292633e-05,0.0010004587820731103,0.00640869140625
CIFAR10,ConvNetBN,dog-bird,8954,2,22,167,1.2448889719962608e-05,0.0005166439805179834,0.0028076171875
CIFAR10,ConvNetBN,dog-bird,8954,2,23,167,6.229656719369814e-06,0.00023525361029896885,0.0013580322265625
CIFAR10,ConvNetBN,dog-bird,8954,2,24,166,2.6613919317242107e-06,0.00010990173541358672,0.0006103515625
CIFAR10,ConvNetBN,dog-bird,8954,2,25,167,9.206789286508865e-07,3.768629176192917e-05,0.000213623046875
CIFAR10,ConvNetBN,dog-bird,8954,2,26,167,3.0403356277020066e-07,1.1273325981164817e-05,6.103515625e-05
CIFAR10,ConvNetBN,dog-bird,8954,2,27,166,3.938772863421036e-08,1.1483715667282013e-07,0.0
CIFAR10,ConvNetBN,dog-bird,8954,2,28,167,6.346453584882283e-09,5.052223972512593e-09,0.0
CIFAR10,ConvNetBN,dog-bird,8954,2,29,167,4.1082681700999046e-10,3.5626293581891844e-10,0.0
CIFAR10,ConvNetBN,dog-bird,8954,2,30,166,2.8596711587267065e-12,1.6772848301233045e-12,0.0
CIFAR10,ConvNetBN,dog-bird,8954,3,1,167,0.03161977231502533,1.368565559387207,5.895538330078125
CIFAR10,ConvNetBN,dog-bird,8954,3,2,167,0.015652336180210114,0.6490384340286255,2.918959140777588
CIFAR10,ConvNetBN,dog-bird,8954,3,3,166,0.009963707998394966,0.4222525507211685,1.886967658996582
CIFAR10,ConvNetBN,dog-bird,8954,3,4,167,0.006948090624064207,0.28554466366767883,1.1367683410644531
CIFAR10,ConvNetBN,dog-bird,8954,3,5,167,0.0048634884878993034,0.20013004541397095,0.8701820373535156
CIFAR10,ConvNetBN,dog-bird,8954,3,6,166,0.0035189882619306445,0.15480709820985794,0.5716896057128906
CIFAR10,ConvNetBN,dog-bird,8954,3,7,167,0.0024836992379277945,0.10513622313737869,0.36785125732421875
CIFAR10,ConvNetBN,dog-bird,8954,3,8,167,0.0017857409548014402,0.0722644031047821,0.24411773681640625
CIFAR10,ConvNetBN,dog-bird,8954,3,9,166,0.0012290217564441264,0.051143839955329895,0.20466232299804688
CIFAR10,ConvNetBN,dog-bird,8954,3,10,167,0.0009231477743014693,0.040105897933244705,0.1745147705078125
CIFAR10,ConvNetBN,dog-bird,8954,3,11,167,0.0006536722648888826,0.028739720582962036,0.09372711181640625
CIFAR10,ConvNetBN,dog-bird,8954,3,12,166,0.00046226332779042423,0.01989907491952181,0.08198165893554688
CIFAR10,ConvNetBN,dog-bird,8954,3,13,167,0.0003243151877541095,0.01424788311123848,0.052886962890625
CIFAR10,ConvNetBN,dog-bird,8954,3,14,167,0.00024536289856769145,0.00994960032403469,0.0391387939453125
CIFAR10,ConvNetBN,dog-bird,8954,3,15,166,0.00017039632803061977,0.007105733035132289,0.030059814453125
CIFAR10,ConvNetBN,dog-bird,8954,3,16,167,0.00011897168587893248,0.004838420078158379,0.0181121826171875
CIFAR10,ConvNetBN,dog-bird,8954,3,17,167,8.070476906141266e-05,0.003279568860307336,0.012451171875
CIFAR10,ConvNetBN,dog-bird,8954,3,18,166,5.2099050662945956e-05,0.0022385140182450414,0.008880853652954102
CIFAR10,ConvNetBN,dog-bird,8954,3,19,167,3.52902861777693e-05,0.0015167518286034465,0.005701780319213867
CIFAR10,ConvNetBN,dog-bird,8954,3,20,167,2.107784712279681e-05,0.0009127020020969212,0.00333404541015625
CIFAR10,ConvNetBN,dog-bird,8954,3,21,166,1.256786345038563e-05,0.0004991050809621811,0.0017695426940917969
CIFAR10,ConvNetBN,dog-bird,8954,3,22,167,6.519944236060837e-06,0.0002701148623600602,0.001007080078125
CIFAR10,ConvNetBN,dog-bird,8954,3,23,167,3.024179932253901e-06,0.00012115097342757508,0.0004794597625732422
CIFAR10,ConvNetBN,dog-bird,8954,3,24,166,1.2876017763119307e-06,5.2531870096572675e-05,0.000186920166015625
CIFAR10,ConvNetBN,dog-bird,8954,3,25,167,4.939109885526705e-07,2.046264853561297e-05,6.103515625e-05
CIFAR10,ConvNetBN,dog-bird,8954,3,26,167,1.548252726024657e-07,6.393160674633691e-06,1.621246337890625e-05
CIFAR10,ConvNetBN,dog-bird,8954,3,27,166,1.6373167710526104e-08,7.086657649590933e-10,0.0
CIFAR10,ConvNetBN,dog-bird,8954,3,28,167,2.759076078717726e-09,1.212724087817918e-10,0.0
CIFAR10,ConvNetBN,dog-bird,8954,3,29,167,1.2277227845469696e-10,3.5274790900763353e-12,0.0
CIFAR10,ConvNetBN,dog-bird,8954,3,30,166,3.189159141847933e-13,5.888460605688148e-15,0.0
CIFAR10,ConvNetBN,dog-bird,8954,4,1,167,0.026761570945382118,1.1198068857192993,3.8059539794921875
CIFAR10,ConvNetBN,dog-bird,8954,4,2,167,0.013556786812841892,0.5453411340713501,2.1176300048828125
CIFAR10,ConvNetBN,dog-bird,8954,4,3,166,0.008126155007630587,0.3126935064792633,1.0068140029907227
CIFAR10,ConvNetBN,dog-bird,8954,4,4,167,0.005130844656378031,0.22043156623840332,0.686798095703125
CIFAR10,ConvNetBN,dog-bird,8954,4,5,167,0.0032387375831604004,0.13872253894805908,0.48534393310546875
CIFAR10,ConvNetBN,dog-bird,8954,4,6,166,0.0021918457932770252,0.09427870810031891,0.3005561828613281
CIFAR10,ConvNetBN,dog-bird,8954,4,7,167,0.001554346177726984,0.06228749454021454,0.2219085693359375
CIFAR10,ConvNetBN,dog-bird,8954,4,8,167,0.001092579448595643,0.04341176897287369,0.16144561767578125
CIFAR10,ConvNetBN,dog-bird,8954,4,9,166,0.0007839111203793436,0.03122667968273163,0.10628128051757812
CIFAR10,ConvNetBN,dog-bird,8954,4,10,167,0.0005600417498499155,0.02430551126599312,0.0856781005859375
CIFAR10,ConvNetBN,dog-bird,8954,4,11,167,0.00039236852899193764,0.01626649871468544,0.0567474365234375
CIFAR10,ConvNetBN,dog-bird,8954,4,12,166,0.0002459662646288052,0.010738112963736057,0.03774833679199219
CIFAR10,ConvNetBN,dog-bird,8954,4,13,167,0.00017530148033984005,0.0069233509711921215,0.02484130859375
CIFAR10,ConvNetBN,dog-bird,8954,4,14,167,0.0001104659095290117,0.004698781296610832,0.01495361328125
CIFAR10,ConvNetBN,dog-bird,8954,4,15,166,7.328768333536573e-05,0.0032045943662524223,0.01059722900390625
CIFAR10,ConvNetBN,dog-bird,8954,4,16,167,4.828093369724229e-05,0.0019777698908001184,0.007049560546875
CIFAR10,ConvNetBN,dog-bird,8954,4,17,167,3.2545420253882185e-05,0.00145865383092314,0.0047454833984375
CIFAR10,ConvNetBN,dog-bird,8954,4,18,166,1.9669443645398133e-05,0.0008145740430336446,0.0024662017822265625
CIFAR10,ConvNetBN,dog-bird,8954,4,19,167,1.2632970538106747e-05,0.0005235931603237987,0.0016632080078125
CIFAR10,ConvNetBN,dog-bird,8954,4,20,167,7.086142431944609e-06,0.00028414049302227795,0.00086212158203125
CIFAR10,ConvNetBN,dog-bird,8954,4,21,166,3.87179056815512e-06,0.00016471849085064605,0.0005917549133300781
CIFAR10,ConvNetBN,dog-bird,8954,4,22,167,1.9678657281474443e-06,7.658488175366074e-05,0.000244140625
CIFAR10,ConvNetBN,dog-bird,8954,4,23,167,8.52610128276865e-07,3.42386556440033e-05,9.357929229736328e-05
CIFAR10,ConvNetBN,dog-bird,8954,4,24,166,3.158978074679908e-07,1.361808790534269e-05,4.57763671875e-05
CIFAR10,ConvNetBN,dog-bird,8954,4,25,167,1.3903111550916947e-07,5.099494956084527e-06,7.62939453125e-06
CIFAR10,ConvNetBN,dog-bird,8954,4,26,167,2.023499057202116e-08,1.8110571931018171e-09,0.0
CIFAR10,ConvNetBN,dog-bird,8954,4,27,166,3.505318035834648e-09,6.934702256877756e-10,0.0
CIFAR10,ConvNetBN,dog-bird,8954,4,28,167,5.164642047361667e-10,8.135130069586438e-11,0.0
CIFAR10,ConvNetBN,dog-bird,8954,4,29,167,2.354386303971001e-11,4.548209898980193e-12,0.0
CIFAR10,ConvNetBN,dog-bird,8954,4,30,166,5.730801135017932e-14,1.1642690629675486e-14,0.0
CIFAR100,ResNet18BN,sea-willow_tree,1132,0,1,17,0.0006689064321108162,0.045632898807525635,0.798828125
CIFAR100,ResNet18BN,sea-willow_tree,1132,0,2,17,0.00039525440661236644,0.028778400272130966,0.611083984375
CIFAR100,ResNet18BN,sea-willow_tree,1132,0,3,16,0.00028944454970769584,0.019796457141637802,0.4266357421875
CIFAR100,ResNet18BN,sea-willow_tree,1132,0,4,17,0.00025604289839975536,0.01840071752667427,0.41259765625
CIFAR100,ResNet18BN,sea-willow_tree,1132,0,5,17,0.00020549478358589113,0.014813767746090889,0.236083984375
CIFAR100,ResNet18BN,sea-willow_tree,1132,0,6,16,0.00017942884005606174,0.013892068061977625,0.24169921875
CIFAR100,ResNet18BN,sea-willow_tree,1132,0,7,17,0.00013767961354460567,0.010766878724098206,0.220947265625
CIFAR100,ResNet18BN,sea-willow_tree,1132,0,8,17,0.0001137846484198235,0.008155337534844875,0.1845703125
CIFAR100,ResNet18BN,sea-willow_tree,1132,0,9,16,0.00011879018347826786,0.009803431574255228,0.18255615234375
CIFAR100,ResNet18BN,sea-willow_tree,1132,0,10,17,7.358342554653063e-05,0.005724024027585983,0.089599609375
CIFAR100,ResNet18BN,sea-willow_tree,1132,0,11,17,7.51423358451575e-05,0.005841218400746584,0.103759765625
CIFAR100,ResNet18BN,sea-willow_tree,1132,0,12,16,4.753516805067193e-05,0.0033533923560753465,0.08349609375
CIFAR100,ResNet18BN,sea-willow_tree,1132,0,13,17,4.780042581842281e-05,0.0034011644311249256,0.068359375
CIFAR100,ResNet18BN,sea-willow_tree,1132,0,14,17,3.506779466988519e-05,0.0027195673901587725,0.06201171875
CIFAR100,ResNet18BN,sea-willow_tree,1132,0,15,16,2.7827199119201396e-05,0.0019614450284279883,0.04052734375
CIFAR100,ResNet18BN,sea-willow_tree,1132,0,16,17,1.9890614566975273e-05,0.0012015490792691708,0.027587890625
CIFAR100,ResNet18BN,sea-willow_tree,1132,0,17,17,1.7884338376461528e-05,0.0017438963986933231,0.03369140625
CIFAR100,ResNet18BN,sea-willow_tree,1132,0,18,16,1.3431243132799864e-05,0.0008793336746748537,0.019775390625
CIFAR100,ResNet18BN,sea-willow_tree,1132,0,19,17,9.852040420810226e-06,0.0007627738523297012,0.015625
CIFAR100,ResNet18BN,sea-willow_tree,1132,0,20,17,1.0629406460793689e-05,0.000759615155402571,0.016357421875
CIFAR100,ResNet18BN,sea-willow_tree,1132,0,21,16,6.0597444644372445e-06,0.0004278414126019925,0.0098876953125
CIFAR100,ResNet18BN,sea-willow_tree,1132,0,22,17,4.035414349345956e-06,0.0002808489662129432,0.005615234375
CIFAR100,ResNet18BN,sea-willow_tree,1132,0,23,17,2.4889504857128486e-06,0.0001606146979611367,0.003173828125
CIFAR100,ResNet18BN,sea-willow_tree,1132,0,24,16,1.7503617186775955e-06,0.00011311373236821964,0.0023193359375
CIFAR100,ResNet18BN,sea-willow_tree,1132,0,25,17,8.991045774564554e-07,6.878719432279468e-05,0.00146484375
CIFAR100,ResNet18BN,sea-willow_tree,1132,0,26,17,4.693247319664806e-07,3.336808003950864e-05,0.000732421875
CIFAR100,ResNet18BN,sea-willow_tree,1132,0,27,16,3.0068940759520046e-07,2.301767290191492e-05,0.00042724609375
CIFAR100,ResNet18BN,sea-willow_tree,1132,0,28,17,1.5633980865459307e-07,1.1976892892562319e-05,0.000244140625
CIFAR100,ResNet18BN,sea-willow_tree,1132,0,29,17,3.371689061282268e-08,1.4956292624938492e-15,0.0
CIFAR100,ResNet18BN,sea-willow_tree,1132,0,30,16,1.4492804178978247e-09,2.4622381718581168e-17,0.0
CIFAR100,ResNet18BN,sea-willow_tree,1132,1,1,17,0.0005993047379888594,0.0363142229616642,0.59912109375
CIFAR100,ResNet18BN,sea-willow_tree,1132,1,2,17,0.00039042846765369177,0.027545802295207977,0.3597412109375
CIFAR100,ResNet18BN,sea-willow_tree,1132,1,3,16,0.0003041370800929144,0.021815678104758263,0.4698486328125
CIFAR100,ResNet18BN,sea-willow_tree,1132,1,4,17,0.0002964969608001411,0.021151017397642136,0.2938232421875
CIFAR100,ResNet18BN,sea-willow_tree,1132,1,5,17,0.0002125066821463406,0.017224332317709923,0.2816162109375
CIFAR100,ResNet18BN,sea-willow_tree,1132,1,6,16,0.00016706387395970523,0.012186221312731504,0.20831298828125
CIFAR100,ResNet18BN,sea-willow_tree,1132,1,7,17,0.00017683804617263377,0.012093315832316875,0.2247314453125
CIFAR100,ResNet18BN,sea-willow_tree,1132,1,8,17,0.00013457892055157572,0.010524648241698742,0.188232421875
CIFAR100,ResNet18BN,sea-willow_tree,1132,1,9,16,0.00012781132681993768,0.00818628934212029,0.13067626953125
CIFAR100,ResNet18BN,sea-willow_tree,1132,1,10,17,8.900571992853656e-05,0.005648656748235226,0.0977783203125
CIFAR100,ResNet18BN,sea-willow_tree,1132,1,11,17,7.597853982588276e-05,0.005837465636432171,0.09130859375
CIFAR100,ResNet18BN,sea-willow_tree,1132,1,12,16,6.307803050731309e-05,0.004617457278072834,0.08709716796875
CIFAR100,ResNet18BN,sea-willow_tree,1132,1,13,17,5.05251155118458e-05,0.003728086594492197,0.07568359375
CIFAR100,ResNet18BN,sea-willow_tree,1132,1,14,17,4.309936048230156e-05,0.0031162546947598457,0.057373046875
CIFAR100,ResNet18BN,sea-willow_tree,1132,1,15,16,3.155119520670269e-05,0.002070510294288397,0.038055419921875
CIFAR100,ResNet18BN,sea-willow_tree,1132,1,16,17,2.471895277267322e-05,0.0020355337765067816,0.0235595703125
CIFAR100,ResNet18BN,sea-willow_tree,1132,1,17,17,1.5529336451436393e-05,0.0010498480405658484,0.0172119140625
CIFAR100,ResNet18BN,sea-willow_tree,1132,1,18,16,1.5311654351535253e-05,0.0010525492543820292,0.01910400390625
CIFAR100,ResNet18BN,sea-willow_tree,1132,1,19,17,1.0453917639097199e-05,0.0006978399469517171,0.0115966796875
CIFAR100,ResNet18BN,sea-willow_tree,1132,1,20,17,9.20385355129838e-06,0.0006263321847654879,0.0111083984375
CIFAR100,ResNet18BN,sea-willow_tree,1132,1,21,16,6.4438904701091815e-06,0.0004791265382664278,0.0068359375
CIFAR100,ResNet18BN,sea-willow_tree,1132,1,22,17,4.723643087345408e-06,0.00034329434856772423,0.00567626953125
CIFAR100,ResNet18BN,sea-willow_tree,1132,1,23,17,3.53389418705774e-06,0.00022833302500657737,0.0028076171875
CIFAR100,ResNet18BN,sea-willow_tree,1132,1,24,16,2.3011882603896083e-06,0.00017358641343889758,0.00213623046875
CIFAR100,ResNet18BN,sea-willow_tree,1132,1,25,17,1.5152885453062481e-06,0.00010425124492030591,0.001953125
CIFAR100,ResNet18BN,sea-willow_tree,1132,1,26,17,8.736675454201759e-07,6.112239498179406e-05,0.0009765625
CIFAR100,ResNet18BN,sea-willow_tree,1132,1,27,16,4.531262050022633e-07,2.9561952942458447e-05,0.00048828125
CIFAR100,ResNet18BN,sea-willow_tree,1132,1,28,17,1.8566835535693826e-07,1.3274124285089783e-05,0.000244140625
CIFAR100,ResNet18BN,sea-willow_tree,1132,1,29,17,4.7443514006317855e-08,2.4643339398191383e-14,0.0001220703125
CIFAR100,ResNet18BN,sea-willow_tree,1132,1,30,16,5.2802027195042456e-09,6.372344667479859e-17,0.0
CIFAR100,ResNet18BN,sea-willow_tree,1132,2,1,17,0.0006858668639324605,0.03745245188474655,0.86883544921875
CIFAR100,ResNet18BN,sea-willow_tree,1132,2,2,17,0.0003458283608779311,0.021317284554243088,0.4732666015625
CIFAR100,ResNet18BN,sea-willow_tree,1132,2,3,16,0.0002810228324960917,0.018521037884056568,0.3603515625
CIFAR100,ResNet18BN,sea-willow_tree,1132,2,4,17,0.00021711140288971364,0.013730444945394993,0.28466796875
CIFAR100,ResNet18BN,sea-willow_tree,1132,2,5,17,0.00016612480976618826,0.011911241337656975,0.2821044921875
CIFAR100,ResNet18BN,sea-willow_tree,1132,2,6,16,0.0001535540068289265,0.009536841418594122,0.19110107421875
CIFAR100,ResNet18BN,sea-willow_tree,1132,2,7,17,0.00014051269681658596,0.008749296888709068,0.204833984375
CIFAR100,ResNet18BN,sea-willow_tree,1132,2,8,17,0.0001000237898551859,0.0065569691359996796,0.156494140625
CIFAR100,ResNet18BN,sea-willow_tree,1132,2,9,16,7.757275670883246e-05,0.005369424354285002,0.1204833984375
CIFAR100,ResNet18BN,sea-willow_tree,1132,2,10,17,7.836338772904128e-05,0.00526564521715045,0.13232421875
CIFAR100,ResNet18BN,sea-willow_tree,1132,2,11,17,5.253230483504012e-05,0.0033139060251414776,0.0732421875
CIFAR100,ResNet18BN,sea-willow_tree,1132,2,12,16,5.515083103091456e-05,0.003627777914516628,0.08026123046875
CIFAR100,ResNet18BN,sea-willow_tree,1132,2,13,17,4.2221374314976856e-05,0.0027488551568239927,0.064453125
CIFAR100,ResNet18BN,sea-willow_tree,1132,2,14,17,2.962721737276297e-05,0.0021885200403630733,0.046142578125
CIFAR100,ResNet18BN,sea-willow_tree,1132,2,15,16,2.643904554133769e-05,0.0019034127471968532,0.034912109375
CIFAR100,ResNet18BN,sea-willow_tree,1132,2,16,17,2.1590803953586146e-05,0.0016181626124307513,0.0308837890625
CIFAR100,ResNet18BN,sea-willow_tree,1132,2,17,17,1.4781109712203033e-05,0.000955277937464416,0.01904296875
CIFAR100,ResNet18BN,sea-willow_tree,1132,2,18,16,1.1586265827645548e-05,0.0007599910313729197,0.01873779296875
CIFAR100,ResNet18BN,sea-willow_tree,1132,2,19,17,9.776091246749274e-06,0.0006193596636876464,0.01416015625
CIFAR100,ResNet18BN,sea-willow_tree,1132,2,20,17,6.2264334701467305e-06,0.00042164348997175694,0.009521484375
CIFAR100,ResNet18BN,sea-willow_tree,1132,2,21,16,4.79647565043706e-06,0.00030132781830616295,0.0069580078125
CIFAR100,ResNet18BN,sea-willow_tree,1132,2,22,17,3.315639332868159e-06,0.0001946961274370551,0.004638671875
CIFAR100,ResNet18BN,sea-willow_tree,1132,2,23,17,1.8333702200834523e-06,0.00012792920460924506,0.0029296875
CIFAR100,ResNet18BN,sea-willow_tree,1132,2,24,16,1.181150935281039e-06,6.829040648881346e-05,0.0018310546875
CIFAR100,ResNet18BN,sea-willow_tree,1132,2,25,17,6.776660370633181e-07,4.051649375469424e-05,0.001220703125
CIFAR100,ResNet18BN,sea-willow_tree,1132,2,26,17,3.8189887163753156e-07,2.271277662657667e-05,0.00048828125
CIFAR100,ResNet18BN,sea-willow_tree,1132,2,27,16,1.7004347085958216e-07,1.1504739177325973e-05,0.000244140625
CIFAR100,ResNet18BN,sea-willow_tree,1132,2,28,17,4.9201037910506784e-08,4.447739089329756e-15,0.000244140625
CIFAR100,ResNet18BN,sea-willow_tree,1132,2,29,17,8.54053094911933e-09,3.489818359032876e-16,0.0
CIFAR100,ResNet18BN,sea-willow_tree,1132,2,30,16,9.106186638074831e-10,2.798082868375083e-18,0.0
CIFAR100,ResNet18BN,sea-willow_tree,1132,3,1,17,0.0007421313202939928,0.054578542709350586,1.188232421875
CIFAR100,ResNet18BN,sea-willow_tree,1132,3,2,17,0.0005251040565781295,0.034343887120485306,0.773681640625
CIFAR100,ResNet18BN,sea-willow_tree,1132,3,3,16,0.000384061859222129,0.027681391686201096,0.42193603515625
CIFAR100,ResNet18BN,sea-willow_tree,1132,3,4,17,0.00029547917074523866,0.023061344400048256,0.5660400390625
CIFAR100,ResNet18BN,sea-willow_tree,1132,3,5,17,0.00022059420007281005,0.017139500007033348,0.3818359375
CIFAR100,ResNet18BN,sea-willow_tree,1132,3,6,16,0.00020399107597768307,0.015209388453513384,0.30413818359375
CIFAR100,ResNet18BN,sea-willow_tree,1132,3,7,17,0.0001637791865505278,0.011464094743132591,0.28173828125
CIFAR100,ResNet18BN,sea-willow_tree,1132,3,8,17,0.00016097119078040123,0.011562101542949677,0.2607421875
CIFAR100,ResNet18BN,sea-willow_tree,1132,3,9,16,0.00011392047963454388,0.008017584448680282,0.21881103515625
CIFAR100,ResNet18BN,sea-willow_tree,1132,3,10,17,9.798372047953308e-05,0.007033287547528744,0.130859375
CIFAR100,ResNet18BN,sea-willow_tree,1132,3,11,17,6.742328696418554e-05,0.00550474226474762,0.120849609375
CIFAR100,ResNet18BN,sea-willow_tree,1132,3,12,16,5.553958908421919e-05,0.004002175177447498,0.07525634765625
CIFAR100,ResNet18BN,sea-willow_tree,1132,3,13,17,4.312246892368421e-05,0.00337382429279387,0.05712890625
CIFAR100,ResNet18BN,sea-willow_tree,1132,3,14,17,3.9819682569941506e-05,0.0034730606712400913,0.061767578125
CIFAR100,ResNet18BN,sea-willow_tree,1132,3,15,16,2.6250114387948997e-05,0.0020537005038931966,0.0357666015625
CIFAR100,ResNet18BN,sea-willow_tree,1132,3,16,17,2.1585648937616497e-05,0.001544847502373159,0.0340576171875
CIFAR100,ResNet18BN,sea-willow_tree,1132,3,17,17,1.642664210521616e-05,0.001157440128736198,0.02099609375
CIFAR100,ResNet18BN,sea-willow_tree,1132,3,18,16,1.550872320876806e-05,0.0009544780186843127,0.01702880859375
CIFAR100,ResNet18BN,sea-willow_tree,1132,3,19,17,1.2469869034248404e-05,0.000989457592368126,0.011962890625
CIFAR100,ResNet18BN,sea-willow_tree,1132,3,20,17,7.835840733605437e-06,0.0006328279851004481,0.009521484375
CIFAR100,ResNet18BN,sea-willow_tree,1132,3,21,16,4.967756694895797e-06,0.0004166515136603266,0.0068359375
CIFAR100,ResNet18BN,sea-willow_tree,1132,3,22,17,3.6373608054418582e-06,0.00025737538817338645,0.0059814453125
CIFAR100,ResNet18BN,sea-willow_tree,1132,3,23,17,2.496665047146962e-06,0.0001848293177317828,0.00341796875
CIFAR100,ResNet18BN,sea-willow_tree,1132,3,24,16,1.7199078001794987e-06,0.00013485488307196647,0.00244140625
CIFAR100,ResNet18BN,sea-willow_tree,1132,3,25,17,1.1331899258948397e-06,9.65378203545697e-05,0.001953125
CIFAR100,ResNet18BN,sea-willow_tree,1132,3,26,17,7.098835794749903e-07,5.8594105212250724e-05,0.000732421875
CIFAR100,ResNet18BN,sea-willow_tree,1132,3,27,16,4.71927791068083e-07,3.84874456358375e-05,0.00048828125
CIFAR100,ResNet18BN,sea-willow_tree,1132,3,28,17,1.419356578935549e-07,1.0743154234660324e-05,0.000244140625
CIFAR100,ResNet18BN,sea-willow_tree,1132,3,29,17,1.7952080710870177e-08,6.625829926896095e-19,0.0
CIFAR100,ResNet18BN,sea-willow_tree,1132,3,30,16,3.1841986825043023e-09,1.8537718525727158e-19,0.0
CIFAR100,ResNet18BN,sea-willow_tree,1132,4,1,17,0.0005547389737330377,0.030597560107707977,0.496826171875
CIFAR100,ResNet18BN,sea-willow_tree,1132,4,2,17,0.000405395490815863,0.023663220927119255,0.320556640625
CIFAR100,ResNet18BN,sea-willow_tree,1132,4,3,16,0.00029921317764092237,0.019082950428128242,0.2572021484375
CIFAR100,ResNet18BN,sea-willow_tree,1132,4,4,17,0.00023827982658986002,0.013233523815870285,0.17138671875
CIFAR100,ResNet18BN,sea-willow_tree,1132,4,5,17,0.00021297710190992802,0.013394709676504135,0.19189453125
CIFAR100,ResNet18BN,sea-willow_tree,1132,4,6,16,0.00015363827697001398,0.010958345141261816,0.12811279296875
CIFAR100,ResNet18BN,sea-willow_tree,1132,4,7,17,0.00014779697812628,0.010710693895816803,0.132568359375
CIFAR100,ResNet18BN,sea-willow_tree,1132,4,8,17,0.00013167386350687593,0.008852017112076283,0.1170654296875
CIFAR100,ResNet18BN,sea-willow_tree,1132,4,9,16,0.00012235475514899008,0.008198492228984833,0.110595703125
CIFAR100,ResNet18BN,sea-willow_tree,1132,4,10,17,7.37974769435823e-05,0.004785504657775164,0.06884765625
CIFAR100,ResNet18BN,sea-willow_tree,1132,4,11,17,6.699231016682461e-05,0.004030576907098293,0.048828125
CIFAR100,ResNet18BN,sea-willow_tree,1132,4,12,16,5.903765486436896e-05,0.0041595157235860825,0.060302734375
CIFAR100,ResNet18BN,sea-willow_tree,1132,4,13,17,4.346827699919231e-05,0.0032223365269601345,0.04052734375
CIFAR100,ResNet18BN,sea-willow_tree,1132,4,14,17,3.738845043699257e-05,0.002437941264361143,0.02734375
CIFAR100,ResNet18BN,sea-willow_tree,1132,4,15,16,3.274314076406881e-05,0.0020194631651975214,0.0245361328125
CIFAR100,ResNet18BN,sea-willow_tree,1132,4,16,17,2.0919762391713448e-05,0.0015136292204260826,0.016357421875
CIFAR100,ResNet18BN,sea-willow_tree,1132,4,17,17,2.0166931790299714e-05,0.0012265682453289628,0.0172119140625
CIFAR100,ResNet18BN,sea-willow_tree,1132,4,18,16,1.258338124898728e-05,0.0009505714988335967,0.012451171875
CIFAR100,ResNet18BN,sea-willow_tree,1132,4,19,17,8.377365702472162e-06,0.0005316454917192459,0.00732421875
CIFAR100,ResNet18BN,sea-willow_tree,1132,4,20,17,6.401156042556977e-06,0.0004538233333732933,0.0057373046875
CIFAR100,ResNet18BN,sea-willow_tree,1132,4,21,16,5.105081527290167e-06,0.0003153711440972984,0.0054931640625
CIFAR100,ResNet18BN,sea-willow_tree,1132,4,22,17,3.4113359106413554e-06,0.00023653011885471642,0.0030517578125
CIFAR100,ResNet18BN,sea-willow_tree,1132,4,23,17,2.7204100661037955e-06,0.00021297819330357015,0.002197265625
CIFAR100,ResNet18BN,sea-willow_tree,1132,4,24,16,1.8580350911179266e-06,0.00011299737525405362,0.00146484375
CIFAR100,ResNet18BN,sea-willow_tree,1132,4,25,17,1.0093132232213975e-06,5.589985448750667e-05,0.000732421875
CIFAR100,ResNet18BN,sea-willow_tree,1132,4,26,17,4.946380158799002e-07,2.664566636667587e-05,0.000244140625
CIFAR100,ResNet18BN,sea-willow_tree,1132,4,27,16,1.6191997076475673e-07,1.1041551260859706e-05,0.0001220703125
CIFAR100,ResNet18BN,sea-willow_tree,1132,4,28,17,3.824505867555672e-08,3.1095033503365094e-14,0.0
CIFAR100,ResNet18BN,sea-willow_tree,1132,4,29,17,1.6708364469764092e-08,3.8824622499138844e-14,0.0
CIFAR100,ResNet18BN,sea-willow_tree,1132,4,30,16,3.1330473770907474e-09,1.444437926354029e-15,0.0
CIFAR100,ResNet18BN,sea-willow_tree,2612,0,1,17,0.0006689064321108162,0.031192820519208908,0.8668212890625
CIFAR100,ResNet18BN,sea-willow_tree,2612,0,2,17,0.00039525440661236644,0.018336400389671326,0.63916015625
CIFAR100,ResNet18BN,sea-willow_tree,2612,0,3,16,0.00028944454970769584,0.014815893024206161,0.52197265625
CIFAR100,ResNet18BN,sea-willow_tree,2612,0,4,17,0.00025604289839975536,0.012296670116484165,0.4384765625
CIFAR100,ResNet18BN,sea-willow_tree,2612,0,5,17,0.00020549478358589113,0.01037589181214571,0.2939453125
CIFAR100,ResNet18BN,sea-willow_tree,2612,0,6,16,0.00017942884005606174,0.009681592229753733,0.321533203125
CIFAR100,ResNet18BN,sea-willow_tree,2612,0,7,17,0.00013767961354460567,0.006786764599382877,0.233642578125
CIFAR100,ResNet18BN,sea-willow_tree,2612,0,8,17,0.0001137846484198235,0.005737242754548788,0.173095703125
CIFAR100,ResNet18BN,sea-willow_tree,2612,0,9,16,0.00011879018347826786,0.0066941105760633945,0.168701171875
CIFAR100,ResNet18BN,sea-willow_tree,2612,0,10,17,7.358342554653063e-05,0.0040938518941402435,0.116943359375
CIFAR100,ResNet18BN,sea-willow_tree,2612,0,11,17,7.51423358451575e-05,0.004167789127677679,0.081787109375
CIFAR100,ResNet18BN,sea-willow_tree,2612,0,12,16,4.753516805067193e-05,0.002520676818676293,0.08251953125
CIFAR100,ResNet18BN,sea-willow_tree,2612,0,13,17,4.780042581842281e-05,0.0023932578042149544,0.0771484375
CIFAR100,ResNet18BN,sea-willow_tree,2612,0,14,17,3.506779466988519e-05,0.0018753388430923223,0.06103515625
CIFAR100,ResNet18BN,sea-willow_tree,2612,0,15,16,2.7827199119201396e-05,0.0013976841582916677,0.03662109375
CIFAR100,ResNet18BN,sea-willow_tree,2612,0,16,17,1.9890614566975273e-05,0.0008434343617409468,0.027587890625
CIFAR100,ResNet18BN,sea-willow_tree,2612,0,17,17,1.7884338376461528e-05,0.001152839045971632,0.032470703125
CIFAR100,ResNet18BN,sea-willow_tree,2612,0,18,16,1.3431243132799864e-05,0.0006583168287761509,0.022705078125
CIFAR100,ResNet18BN,sea-willow_tree,2612,0,19,17,9.852040420810226e-06,0.0005397234344854951,0.01953125
CIFAR100,ResNet18BN,sea-willow_tree,2612,0,20,17,1.0629406460793689e-05,0.0005818557110615075,0.016845703125
CIFAR100,ResNet18BN,sea-willow_tree,2612,0,21,16,6.0597444644372445e-06,0.00029645368340425193,0.01025390625
CIFAR100,ResNet18BN,sea-willow_tree,2612,0,22,17,4.035414349345956e-06,0.00018558820011094213,0.00537109375
CIFAR100,ResNet18BN,sea-willow_tree,2612,0,23,17,2.4889504857128486e-06,0.00010753680544439703,0.003662109375
CIFAR100,ResNet18BN,sea-willow_tree,2612,0,24,16,1.7503617186775955e-06,8.042277477215976e-05,0.00225830078125
CIFAR100,ResNet18BN,sea-willow_tree,2612,0,25,17,8.991045774564554e-07,4.4111737224739045e-05,0.00146484375
CIFAR100,ResNet18BN,sea-willow_tree,2612,0,26,17,4.693247319664806e-07,2.0718023733934388e-05,0.000732421875
CIFAR100,ResNet18BN,sea-willow_tree,2612,0,27,16,3.0068940759520046e-07,1.5135255125642288e-05,0.00042724609375
CIFAR100,ResNet18BN,sea-willow_tree,2612,0,28,17,1.5633980865459307e-07,7.60646889830241e-06,0.000244140625
CIFAR100,ResNet18BN,sea-willow_tree,2612,0,29,17,3.371689061282268e-08,5.208570764091407e-15,0.0
CIFAR100,ResNet18BN,sea-willow_tree,2612,0,30,16,1.4492804178978247e-09,1.4112686008673897e-17,0.0
CIFAR100,ResNet18BN,sea-willow_tree,2612,1,1,17,0.0005993047379888594,0.041857268661260605,0.708251953125
CIFAR100,ResNet18BN,sea-willow_tree,2612,1,2,17,0.00039042846765369177,0.03069189004600048,0.65771484375
CIFAR100,ResNet18BN,sea-willow_tree,2612,1,3,16,0.0003041370800929144,0.022732882760465145,0.58984375
CIFAR100,ResNet18BN,sea-willow_tree,2612,1,4,17,0.0002964969608001411,0.022820565849542618,0.505126953125
CIFAR100,ResNet18BN,sea-willow_tree,2612,1,5,17,0.0002125066821463406,0.018670203164219856,0.409423828125
CIFAR100,ResNet18BN,sea-willow_tree,2612,1,6,16,0.00016706387395970523,0.011734858620911837,0.2945556640625
CIFAR100,ResNet18BN,sea-willow_tree,2612,1,7,17,0.00017683804617263377,0.012547476217150688,0.2640380859375
CIFAR100,ResNet18BN,sea-willow_tree,2612,1,8,17,0.00013457892055157572,0.010531590320169926,0.26611328125
CIFAR100,ResNet18BN,sea-willow_tree,2612,1,9,16,0.00012781132681993768,0.008486160077154636,0.17901611328125
CIFAR100,ResNet18BN,sea-willow_tree,2612,1,10,17,8.900571992853656e-05,0.006518751848489046,0.154296875
CIFAR100,ResNet18BN,sea-willow_tree,2612,1,11,17,7.597853982588276e-05,0.005306893028318882,0.17333984375
CIFAR100,ResNet18BN,sea-willow_tree,2612,1,12,16,6.307803050731309e-05,0.004710140638053417,0.11541748046875
CIFAR100,ResNet18BN,sea-willow_tree,2612,1,13,17,5.05251155118458e-05,0.004016445018351078,0.1064453125
CIFAR100,ResNet18BN,sea-willow_tree,2612,1,14,17,4.309936048230156e-05,0.0032400304917246103,0.093017578125
CIFAR100,ResNet18BN,sea-willow_tree,2612,1,15,16,3.155119520670269e-05,0.0022669879253953695,0.0555419921875
CIFAR100,ResNet18BN,sea-willow_tree,2612,1,16,17,2.471895277267322e-05,0.0019291521748527884,0.041259765625
CIFAR100,ResNet18BN,sea-willow_tree,2612,1,17,17,1.5529336451436393e-05,0.001083554234355688,0.0341796875
CIFAR100,ResNet18BN,sea-willow_tree,2612,1,18,16,1.5311654351535253e-05,0.0010381231550127268,0.0238037109375
CIFAR100,ResNet18BN,sea-willow_tree,2612,1,19,17,1.0453917639097199e-05,0.000696006347425282,0.0155029296875
CIFAR100,ResNet18BN,sea-willow_tree,2612,1,20,17,9.20385355129838e-06,0.0007565387641079724,0.017578125
CIFAR100,ResNet18BN,sea-willow_tree,2612,1,21,16,6.4438904701091815e-06,0.0004743652098113671,0.010589599609375
CIFAR100,ResNet18BN,sea-willow_tree,2612,1,22,17,4.723643087345408e-06,0.00035238018608652055,0.008056640625
CIFAR100,ResNet18BN,sea-willow_tree,2612,1,23,17,3.53389418705774e-06,0.00020742110791616142,0.00537109375
CIFAR100,ResNet18BN,sea-willow_tree,2612,1,24,16,2.3011882603896083e-06,0.00017533446953166276,0.0042724609375
CIFAR100,ResNet18BN,sea-willow_tree,2612,1,25,17,1.5152885453062481e-06,0.00010078092600451782,0.0029296875
CIFAR100,ResNet18BN,sea-willow_tree,2612,1,26,17,8.736675454201759e-07,6.084772394387983e-05,0.00146484375
CIFAR100,ResNet18BN,sea-willow_tree,2612,1,27,16,4.531262050022633e-07,3.059891150769545e-05,0.00067138671875
CIFAR100,ResNet18BN,sea-willow_tree,2612,1,28,17,1.8566835535693826e-07,1.3844432032783516e-05,0.000244140625
CIFAR100,ResNet18BN,sea-willow_tree,2612,1,29,17,4.7443514006317855e-08,2.35074885447141e-14,0.000244140625
CIFAR100,ResNet18BN,sea-willow_tree,2612,1,30,16,5.2802027195042456e-09,3.573849056658627e-16,0.0
CIFAR100,ResNet18BN,sea-willow_tree,2612,2,1,17,0.0006858668639324605,0.03451351821422577,0.900634765625
CIFAR100,ResNet18BN,sea-willow_tree,2612,2,2,17,0.0003458283608779311,0.018540462478995323,0.452880859375
CIFAR100,ResNet18BN,sea-willow_tree,2612,2,3,16,0.0002810228324960917,0.014278329443186522,0.40020751953125
CIFAR100,ResNet18BN,sea-willow_tree,2612,2,4,17,0.00021711140288971364,0.010440351441502571,0.2681884765625
CIFAR100,ResNet18BN,sea-willow_tree,2612,2,5,17,0.00016612480976618826,0.008631865493953228,0.2325439453125
CIFAR100,ResNet18BN,sea-willow_tree,2612,2,6,16,0.0001535540068289265,0.008036448154598475,0.19671630859375
CIFAR100,ResNet18BN,sea-willow_tree,2612,2,7,17,0.00014051269681658596,0.007014058995991945,0.16986083984375
CIFAR100,ResNet18BN,sea-willow_tree,2612,2,8,17,0.0001000237898551859,0.0048584770411252975,0.1473388671875
CIFAR100,ResNet18BN,sea-willow_tree,2612,2,9,16,7.757275670883246e-05,0.003763632266782224,0.10980224609375
CIFAR100,ResNet18BN,sea-willow_tree,2612,2,10,17,7.836338772904128e-05,0.004317168612033129,0.1077880859375
CIFAR100,ResNet18BN,sea-willow_tree,2612,2,11,17,5.253230483504012e-05,0.0028166722040623426,0.06591796875
CIFAR100,ResNet18BN,sea-willow_tree,2612,2,12,16,5.515083103091456e-05,0.002732949797064066,0.05535888671875
CIFAR100,ResNet18BN,sea-willow_tree,2612,2,13,17,4.2221374314976856e-05,0.0021123215556144714,0.03826904296875
CIFAR100,ResNet18BN,sea-willow_tree,2612,2,14,17,2.962721737276297e-05,0.001579342526383698,0.044921875
CIFAR100,ResNet18BN,sea-willow_tree,2612,2,15,16,2.643904554133769e-05,0.0013575286138802767,0.03448486328125
CIFAR100,ResNet18BN,sea-willow_tree,2612,2,16,17,2.1590803953586146e-05,0.001150173251517117,0.02587890625
CIFAR100,ResNet18BN,sea-willow_tree,2612,2,17,17,1.4781109712203033e-05,0.0007468907861039042,0.0150146484375
CIFAR100,ResNet18BN,sea-willow_tree,2612,2,18,16,1.1586265827645548e-05,0.0005867999570909888,0.0115966796875
CIFAR100,ResNet18BN,sea-willow_tree,2612,2,19,17,9.776091246749274e-06,0.0005270072724670172,0.010498046875
CIFAR100,ResNet18BN,sea-willow_tree,2612,2,20,17,6.2264334701467305e-06,0.0003338186361361295,0.0079345703125
CIFAR100,ResNet18BN,sea-willow_tree,2612,2,21,16,4.79647565043706e-06,0.00025816373818088323,0.006591796875
CIFAR100,ResNet18BN,sea-willow_tree,2612,2,22,17,3.315639332868159e-06,0.0001425279479008168,0.0037841796875
CIFAR100,ResNet18BN,sea-willow_tree,2612,2,23,17,1.8333702200834523e-06,9.089098602999002e-05,0.002685546875
CIFAR100,ResNet18BN,sea-willow_tree,2612,2,24,16,1.181150935281039e-06,5.302694262354635e-05,0.00152587890625
CIFAR100,ResNet18BN,sea-willow_tree,2612,2,25,17,6.776660370633181e-07,3.395561361685395e-05,0.0009765625
CIFAR100,ResNet18BN,sea-willow_tree,2612,2,26,17,3.8189887163753156e-07,1.7335056327283382e-05,0.00048828125
CIFAR100,ResNet18BN,sea-willow_tree,2612,2,27,16,1.7004347085958216e-07,8.250699465861544e-06,0.000244140625
CIFAR100,ResNet18BN,sea-willow_tree,2612,2,28,17,4.9201037910506784e-08,1.8887240946577344e-13,0.0001220703125
CIFAR100,ResNet18BN,sea-willow_tree,2612,2,29,17,8.54053094911933e-09,1.6171618674032514e-15,0.0
CIFAR100,ResNet18BN,sea-willow_tree,2612,2,30,16,9.106186638074831e-10,1.132871924628573e-16,0.0
CIFAR100,ResNet18BN,sea-willow_tree,2612,3,1,17,0.0007421313202939928,0.04530692100524902,0.88525390625
CIFAR100,ResNet18BN,sea-willow_tree,2612,3,2,17,0.0005251040565781295,0.02737560123205185,0.7183837890625
CIFAR100,ResNet18BN,sea-willow_tree,2612,3,3,16,0.000384061859222129,0.02156773302704096,0.54364013671875
CIFAR100,ResNet18BN,sea-willow_tree,2612,3,4,17,0.00029547917074523866,0.017781654372811317,0.4339599609375
CIFAR100,ResNet18BN,sea-willow_tree,2612,3,5,17,0.00022059420007281005,0.013663326390087605,0.40966796875
CIFAR100,ResNet18BN,sea-willow_tree,2612,3,6,16,0.00020399107597768307,0.011189675889909267,0.359375
CIFAR100,ResNet18BN,sea-willow_tree,2612,3,7,17,0.0001637791865505278,0.010435540229082108,0.239990234375
CIFAR100,ResNet18BN,sea-willow_tree,2612,3,8,17,0.00016097119078040123,0.00973010528832674,0.27197265625
CIFAR100,ResNet18BN,sea-willow_tree,2612,3,9,16,0.00011392047963454388,0.006280680652707815,0.1959228515625
CIFAR100,ResNet18BN,sea-willow_tree,2612,3,10,17,9.798372047953308e-05,0.005629781633615494,0.126708984375
CIFAR100,ResNet18BN,sea-willow_tree,2612,3,11,17,6.742328696418554e-05,0.004468983970582485,0.146484375
CIFAR100,ResNet18BN,sea-willow_tree,2612,3,12,16,5.553958908421919e-05,0.003331812098622322,0.0994873046875
CIFAR100,ResNet18BN,sea-willow_tree,2612,3,13,17,4.312246892368421e-05,0.002780220238491893,0.078125
CIFAR100,ResNet18BN,sea-willow_tree,2612,3,14,17,3.9819682569941506e-05,0.002449355786666274,0.082275390625
CIFAR100,ResNet18BN,sea-willow_tree,2612,3,15,16,2.6250114387948997e-05,0.001568182313349098,0.04736328125
CIFAR100,ResNet18BN,sea-willow_tree,2612,3,16,17,2.1585648937616497e-05,0.0012723321560770273,0.032958984375
CIFAR100,ResNet18BN,sea-willow_tree,2612,3,17,17,1.642664210521616e-05,0.0009327840525656939,0.025634765625
CIFAR100,ResNet18BN,sea-willow_tree,2612,3,18,16,1.550872320876806e-05,0.0008315480372402817,0.02197265625
CIFAR100,ResNet18BN,sea-willow_tree,2612,3,19,17,1.2469869034248404e-05,0.0007307030609808862,0.0177001953125
CIFAR100,ResNet18BN,sea-willow_tree,2612,3,20,17,7.835840733605437e-06,0.0004921549698337913,0.011962890625
CIFAR100,ResNet18BN,sea-willow_tree,2612,3,21,16,4.967756694895797e-06,0.0003119824395980686,0.00921630859375
CIFAR100,ResNet18BN,sea-willow_tree,2612,3,22,17,3.6373608054418582e-06,0.00022608344443142414,0.006103515625
CIFAR100,ResNet18BN,sea-willow_tree,2612,3,23,17,2.496665047146962e-06,0.00015006154717411846,0.0042724609375
CIFAR100,ResNet18BN,sea-willow_tree,2612,3,24,16,1.7199078001794987e-06,0.00010772704263217747,0.00341796875
CIFAR100,ResNet18BN,sea-willow_tree,2612,3,25,17,1.1331899258948397e-06,7.728846685495228e-05,0.002685546875
CIFAR100,ResNet18BN,sea-willow_tree,2612,3,26,17,7.098835794749903e-07,4.358559817774221e-05,0.0009765625
CIFAR100,ResNet18BN,sea-willow_tree,2612,3,27,16,4.71927791068083e-07,3.4973274523508735e-05,0.00048828125
CIFAR100,ResNet18BN,sea-willow_tree,2612,3,28,17,1.419356578935549e-07,8.982632607512642e-06,0.000244140625
CIFAR100,ResNet18BN,sea-willow_tree,2612,3,29,17,1.7952080710870177e-08,3.0345758322619307e-14,0.0
CIFAR100,ResNet18BN,sea-willow_tree,2612,3,30,16,3.1841986825043023e-09,4.478222534552018e-15,0.0
CIFAR100,ResNet18BN,sea-willow_tree,2612,4,1,17,0.0005547389737330377,0.03354202210903168,0.9521484375
CIFAR100,ResNet18BN,sea-willow_tree,2612,4,2,17,0.000405395490815863,0.022326644510030746,0.736083984375
CIFAR100,ResNet18BN,sea-willow_tree,2612,4,3,16,0.00029921317764092237,0.017983256839215755,0.4847412109375
CIFAR100,ResNet18BN,sea-willow_tree,2612,4,4,17,0.00023827982658986002,0.013732695020735264,0.2586669921875
CIFAR100,ResNet18BN,sea-willow_tree,2612,4,5,17,0.00021297710190992802,0.013166227377951145,0.342529296875
CIFAR100,ResNet18BN,sea-willow_tree,2612,4,6,16,0.00015363827697001398,0.010033710394054651,0.2919921875
CIFAR100,ResNet18BN,sea-willow_tree,2612,4,7,17,0.00014779697812628,0.010733908973634243,0.202392578125
CIFAR100,ResNet18BN,sea-willow_tree,2612,4,8,17,0.00013167386350687593,0.008711012080311775,0.2261962890625
CIFAR100,ResNet18BN,sea-willow_tree,2612,4,9,16,0.00012235475514899008,0.007899641525000334,0.20147705078125
CIFAR100,ResNet18BN,sea-willow_tree,2612,4,10,17,7.37974769435823e-05,0.004632425028830767,0.1361083984375
CIFAR100,ResNet18BN,sea-willow_tree,2612,4,11,17,6.699231016682461e-05,0.004210356157273054,0.09619140625
CIFAR100,ResNet18BN,sea-willow_tree,2612,4,12,16,5.903765486436896e-05,0.004305783659219742,0.1014404296875
CIFAR100,ResNet18BN,sea-willow_tree,2612,4,13,17,4.346827699919231e-05,0.003301215125247836,0.073974609375
CIFAR100,ResNet18BN,sea-willow_tree,2612,4,14,17,3.738845043699257e-05,0.002419078489765525,0.056396484375
CIFAR100,ResNet18BN,sea-willow_tree,2612,4,15,16,3.274314076406881e-05,0.0019483703072182834,0.038818359375
CIFAR100,ResNet18BN,sea-willow_tree,2612,4,16,17,2.0919762391713448e-05,0.0014564450830221176,0.03564453125
CIFAR100,ResNet18BN,sea-willow_tree,2612,4,17,17,2.0166931790299714e-05,0.0013020116603001952,0.0361328125
CIFAR100,ResNet18BN,sea-willow_tree,2612,4,18,16,1.258338124898728e-05,0.0009448346099816263,0.024658203125
CIFAR100,ResNet18BN,sea-willow_tree,2612,4,19,17,8.377365702472162e-06,0.0005261563928797841,0.015380859375
CIFAR100,ResNet18BN,sea-willow_tree,2612,4,20,17,6.401156042556977e-06,0.00040460945456288755,0.010986328125
CIFAR100,ResNet18BN,sea-willow_tree,2612,4,21,16,5.105081527290167e-06,0.00032544553687330335,0.00689697265625
CIFAR100,ResNet18BN,sea-willow_tree,2612,4,22,17,3.4113359106413554e-06,0.00021294721227604896,0.0057373046875
CIFAR100,ResNet18BN,sea-willow_tree,2612,4,23,17,2.7204100661037955e-06,0.00019663042621687055,0.00439453125
CIFAR100,ResNet18BN,sea-willow_tree,2612,4,24,16,1.8580350911179266e-06,0.0001260890712728724,0.00311279296875
CIFAR100,ResNet18BN,sea-willow_tree,2612,4,25,17,1.0093132232213975e-06,5.776321631856263e-05,0.00146484375
CIFAR100,ResNet18BN,sea-willow_tree,2612,4,26,17,4.946380158799002e-07,3.2118336093844846e-05,0.0006103515625
CIFAR100,ResNet18BN,sea-willow_tree,2612,4,27,16,1.6191997076475673e-07,1.1556296158232726e-05,0.000244140625
CIFAR100,ResNet18BN,sea-willow_tree,2612,4,28,17,3.824505867555672e-08,1.937035940175781e-14,0.0
CIFAR100,ResNet18BN,sea-willow_tree,2612,4,29,17,1.6708364469764092e-08,8.914367013383283e-15,0.0
CIFAR100,ResNet18BN,sea-willow_tree,2612,4,30,16,3.1330473770907474e-09,4.844438711605072e-16,0.0
CIFAR100,ResNet18BN,sea-willow_tree,411,0,1,17,0.0006689064321108162,0.04093525931239128,0.908935546875
CIFAR100,ResNet18BN,sea-willow_tree,411,0,2,17,0.00039525440661236644,0.02405199408531189,0.70751953125
CIFAR100,ResNet18BN,sea-willow_tree,411,0,3,16,0.00028944454970769584,0.017776393331587315,0.4307861328125
CIFAR100,ResNet18BN,sea-willow_tree,411,0,4,17,0.00025604289839975536,0.016838448122143745,0.4349365234375
CIFAR100,ResNet18BN,sea-willow_tree,411,0,5,17,0.00020549478358589113,0.013791556470096111,0.2998046875
CIFAR100,ResNet18BN,sea-willow_tree,411,0,6,16,0.00017942884005606174,0.011744107119739056,0.2401123046875
CIFAR100,ResNet18BN,sea-willow_tree,411,0,7,17,0.00013767961354460567,0.009403464384377003,0.193359375
CIFAR100,ResNet18BN,sea-willow_tree,411,0,8,17,0.0001137846484198235,0.006981834303587675,0.1767578125
CIFAR100,ResNet18BN,sea-willow_tree,411,0,9,16,0.00011879018347826786,0.008115616161376238,0.1634521484375
CIFAR100,ResNet18BN,sea-willow_tree,411,0,10,17,7.358342554653063e-05,0.004667759407311678,0.09619140625
CIFAR100,ResNet18BN,sea-willow_tree,411,0,11,17,7.51423358451575e-05,0.00519195944070816,0.08203125
CIFAR100,ResNet18BN,sea-willow_tree,411,0,12,16,4.753516805067193e-05,0.002903207903727889,0.0709228515625
CIFAR100,ResNet18BN,sea-willow_tree,411,0,13,17,4.780042581842281e-05,0.0028826540801674128,0.06787109375
CIFAR100,ResNet18BN,sea-willow_tree,411,0,14,17,3.506779466988519e-05,0.002388909226283431,0.064208984375
CIFAR100,ResNet18BN,sea-willow_tree,411,0,15,16,2.7827199119201396e-05,0.0017005711561068892,0.0399169921875
CIFAR100,ResNet18BN,sea-willow_tree,411,0,16,17,1.9890614566975273e-05,0.0011039292439818382,0.02783203125
CIFAR100,ResNet18BN,sea-willow_tree,411,0,17,17,1.7884338376461528e-05,0.001512025366537273,0.03466796875
CIFAR100,ResNet18BN,sea-willow_tree,411,0,18,16,1.3431243132799864e-05,0.0007299414719454944,0.0234375
CIFAR100,ResNet18BN,sea-willow_tree,411,0,19,17,9.852040420810226e-06,0.0007151944446377456,0.017578125
CIFAR100,ResNet18BN,sea-willow_tree,411,0,20,17,1.0629406460793689e-05,0.0006895242258906364,0.0205078125
CIFAR100,ResNet18BN,sea-willow_tree,411,0,21,16,6.0597444644372445e-06,0.00039541575824841857,0.01031494140625
CIFAR100,ResNet18BN,sea-willow_tree,411,0,22,17,4.035414349345956e-06,0.00023437051277142018,0.005615234375
CIFAR100,ResNet18BN,sea-willow_tree,411,0,23,17,2.4889504857128486e-06,0.00014418749196920544,0.00390625
CIFAR100,ResNet18BN,sea-willow_tree,411,0,24,16,1.7503617186775955e-06,0.00010036059757112525,0.0028076171875
CIFAR100,ResNet18BN,sea-willow_tree,411,0,25,17,8.991045774564554e-07,6.027060953783803e-05,0.00146484375
CIFAR100,ResNet18BN,sea-willow_tree,411,0,26,17,4.693247319664806e-07,2.7619535103440285e-05,0.000732421875
CIFAR100,ResNet18BN,sea-willow_tree,411,0,27,16,3.0068940759520046e-07,2.0069632228114642e-05,0.00048828125
CIFAR100,ResNet18BN,sea-willow_tree,411,0,28,17,1.5633980865459307e-07,1.0165941603190731e-05,0.000244140625
CIFAR100,ResNet18BN,sea-willow_tree,411,0,29,17,3.371689061282268e-08,3.260134522775236e-16,0.0
CIFAR100,ResNet18BN,sea-willow_tree,411,0,30,16,1.4492804178978247e-09,2.880755874136396e-19,0.0
CIFAR100,ResNet18BN,sea-willow_tree,411,1,1,17,0.0005993047379888594,0.034234657883644104,0.5008544921875
CIFAR100,ResNet18BN,sea-willow_tree,411,1,2,17,0.00039042846765369177,0.02866484597325325,0.3388671875
CIFAR100,ResNet18BN,sea-willow_tree,411,1,3,16,0.0003041370800929144,0.022641168907284737,0.3656005859375
CIFAR100,ResNet18BN,sea-willow_tree,411,1,4,17,0.0002964969608001411,0.020282844081521034,0.263916015625
CIFAR100,ResNet18BN,sea-willow_tree,411,1,5,17,0.0002125066821463406,0.015441738069057465,0.2646484375
CIFAR100,ResNet18BN,sea-willow_tree,411,1,6,16,0.00016706387395970523,0.012455904390662909,0.1617431640625
CIFAR100,ResNet18BN,sea-willow_tree,411,1,7,17,0.00017683804617263377,0.012335482984781265,0.185546875
CIFAR100,ResNet18BN,sea-willow_tree,411,1,8,17,0.00013457892055157572,0.01029388140887022,0.1553955078125
CIFAR100,ResNet18BN,sea-willow_tree,411,1,9,16,0.00012781132681993768,0.008506742538884282,0.12506103515625
CIFAR100,ResNet18BN,sea-willow_tree,411,1,10,17,8.900571992853656e-05,0.00599323445931077,0.08740234375
CIFAR100,ResNet18BN,sea-willow_tree,411,1,11,17,7.597853982588276e-05,0.005231549497693777,0.0787353515625
CIFAR100,ResNet18BN,sea-willow_tree,411,1,12,16,6.307803050731309e-05,0.004696092568337917,0.07537841796875
CIFAR100,ResNet18BN,sea-willow_tree,411,1,13,17,5.05251155118458e-05,0.004112066701054573,0.07373046875
CIFAR100,ResNet18BN,sea-willow_tree,411,1,14,17,4.309936048230156e-05,0.0030115984845906496,0.0548095703125
CIFAR100,ResNet18BN,sea-willow_tree,411,1,15,16,3.155119520670269e-05,0.0020558012765832245,0.0328369140625
CIFAR100,ResNet18BN,sea-willow_tree,411,1,16,17,2.471895277267322e-05,0.0018529462395235896,0.0238037109375
CIFAR100,ResNet18BN,sea-willow_tree,411,1,17,17,1.5529336451436393e-05,0.0010250455234199762,0.01318359375
CIFAR100,ResNet18BN,sea-willow_tree,411,1,18,16,1.5311654351535253e-05,0.0010344604961574078,0.01654052734375
CIFAR100,ResNet18BN,sea-willow_tree,411,1,19,17,1.0453917639097199e-05,0.0006196117028594017,0.01153564453125
CIFAR100,ResNet18BN,sea-willow_tree,411,1,20,17,9.20385355129838e-06,0.000670241191983223,0.01123046875
CIFAR100,ResNet18BN,sea-willow_tree,411,1,21,16,6.4438904701091815e-06,0.0004269318742444739,0.00616455078125
CIFAR100,ResNet18BN,sea-willow_tree,411,1,22,17,4.723643087345408e-06,0.0003710824530571699,0.005126953125
CIFAR100,ResNet18BN,sea-willow_tree,411,1,23,17,3.53389418705774e-06,0.0002031838521361351,0.002685546875
CIFAR100,ResNet18BN,sea-willow_tree,411,1,24,16,2.3011882603896083e-06,0.00016749376663938165,0.00189208984375
CIFAR100,ResNet18BN,sea-willow_tree,411,1,25,17,1.5152885453062481e-06,9.701652743387967e-05,0.0018310546875
CIFAR100,ResNet18BN,sea-willow_tree,411,1,26,17,8.736675454201759e-07,5.984895324218087e-05,0.0008544921875
CIFAR100,ResNet18BN,sea-willow_tree,411,1,27,16,4.531262050022633e-07,2.8825400477217045e-05,0.00048828125
CIFAR100,ResNet18BN,sea-willow_tree,411,1,28,17,1.8566835535693826e-07,1.3800735359836835e-05,0.000244140625
CIFAR100,ResNet18BN,sea-willow_tree,411,1,29,17,4.7443514006317855e-08,2.7622286511048977e-14,0.0001220703125
CIFAR100,ResNet18BN,sea-willow_tree,411,1,30,16,5.2802027195042456e-09,7.113918704078549e-16,0.0
CIFAR100,ResNet18BN,sea-willow_tree,411,2,1,17,0.0006858668639324605,0.0349605530500412,0.60540771484375
CIFAR100,ResNet18BN,sea-willow_tree,411,2,2,17,0.0003458283608779311,0.021637186408042908,0.354736328125
CIFAR100,ResNet18BN,sea-willow_tree,411,2,3,16,0.0002810228324960917,0.016211839392781258,0.25164794921875
CIFAR100,ResNet18BN,sea-willow_tree,411,2,4,17,0.00021711140288971364,0.014278593473136425,0.20751953125
CIFAR100,ResNet18BN,sea-willow_tree,411,2,5,17,0.00016612480976618826,0.011875172145664692,0.1673583984375
CIFAR100,ResNet18BN,sea-willow_tree,411,2,6,16,0.0001535540068289265,0.009547591675072908,0.1475830078125
CIFAR100,ResNet18BN,sea-willow_tree,411,2,7,17,0.00014051269681658596,0.008822326548397541,0.1365966796875
CIFAR100,ResNet18BN,sea-willow_tree,411,2,8,17,0.0001000237898551859,0.006432107649743557,0.11962890625
CIFAR100,ResNet18BN,sea-willow_tree,411,2,9,16,7.757275670883246e-05,0.005632894113659859,0.0853271484375
CIFAR100,ResNet18BN,sea-willow_tree,411,2,10,17,7.836338772904128e-05,0.004556641913950443,0.0911865234375
CIFAR100,ResNet18BN,sea-willow_tree,411,2,11,17,5.253230483504012e-05,0.002851587487384677,0.052734375
CIFAR100,ResNet18BN,sea-willow_tree,411,2,12,16,5.515083103091456e-05,0.0035918887006118894,0.05487060546875
CIFAR100,ResNet18BN,sea-willow_tree,411,2,13,17,4.2221374314976856e-05,0.002349813235923648,0.036865234375
CIFAR100,ResNet18BN,sea-willow_tree,411,2,14,17,2.962721737276297e-05,0.0017141783609986305,0.0338134765625
CIFAR100,ResNet18BN,sea-willow_tree,411,2,15,16,2.643904554133769e-05,0.0018451815121807158,0.02435302734375
CIFAR100,ResNet18BN,sea-willow_tree,411,2,16,17,2.1590803953586146e-05,0.001537537551485002,0.0230712890625
CIFAR100,ResNet18BN,sea-willow_tree,411,2,17,17,1.4781109712203033e-05,0.0008563373703509569,0.013427734375
CIFAR100,ResNet18BN,sea-willow_tree,411,2,18,16,1.1586265827645548e-05,0.0007595521747134626,0.01043701171875
CIFAR100,ResNet18BN,sea-willow_tree,411,2,19,17,9.776091246749274e-06,0.0006410298519767821,0.0096435546875
CIFAR100,ResNet18BN,sea-willow_tree,411,2,20,17,6.2264334701467305e-06,0.00040219034417532384,0.0059814453125
CIFAR100,ResNet18BN,sea-willow_tree,411,2,21,16,4.79647565043706e-06,0.00032387733517680317,0.0048828125
CIFAR100,ResNet18BN,sea-willow_tree,411,2,22,17,3.315639332868159e-06,0.00019035759032703936,0.00341796875
CIFAR100,ResNet18BN,sea-willow_tree,411,2,23,17,1.8333702200834523e-06,0.00010899083281401545,0.0018310546875
CIFAR100,ResNet18BN,sea-willow_tree,411,2,24,16,1.181150935281039e-06,6.429188943002373e-05,0.0010986328125
CIFAR100,ResNet18BN,sea-willow_tree,411,2,25,17,6.776660370633181e-07,4.072289084433578e-05,0.0008544921875
CIFAR100,ResNet18BN,sea-willow_tree,411,2,26,17,3.8189887163753156e-07,2.137886986020021e-05,0.00048828125
CIFAR100,ResNet18BN,sea-willow_tree,411,2,27,16,1.7004347085958216e-07,1.1284024367341772e-05,0.0001220703125
CIFAR100,ResNet18BN,sea-willow_tree,411,2,28,17,4.9201037910506784e-08,1.57108484208357e-14,0.0001220703125
CIFAR100,ResNet18BN,sea-willow_tree,411,2,29,17,8.54053094911933e-09,2.4677678113873072e-15,0.0
CIFAR100,ResNet18BN,sea-willow_tree,411,2,30,16,9.106186638074831e-10,3.475998015609881e-17,0.0
CIFAR100,ResNet18BN,sea-willow_tree,411,3,1,17,0.0007421313202939928,0.05472476780414581,0.979736328125
CIFAR100,ResNet18BN,sea-willow_tree,411,3,2,17,0.0005251040565781295,0.03882177546620369,0.71337890625
CIFAR100,ResNet18BN,sea-willow_tree,411,3,3,16,0.000384061859222129,0.029048213735222816,0.451171875
CIFAR100,ResNet18BN,sea-willow_tree,411,3,4,17,0.00029547917074523866,0.0225177314132452,0.47021484375
CIFAR100,ResNet18BN,sea-willow_tree,411,3,5,17,0.00022059420007281005,0.01795131526887417,0.340576171875
CIFAR100,ResNet18BN,sea-willow_tree,411,3,6,16,0.00020399107597768307,0.01553821424022317,0.2705078125
CIFAR100,ResNet18BN,sea-willow_tree,411,3,7,17,0.0001637791865505278,0.011806661263108253,0.205078125
CIFAR100,ResNet18BN,sea-willow_tree,411,3,8,17,0.00016097119078040123,0.013394172303378582,0.21484375
CIFAR100,ResNet18BN,sea-willow_tree,411,3,9,16,0.00011392047963454388,0.008600988890975714,0.1759033203125
CIFAR100,ResNet18BN,sea-willow_tree,411,3,10,17,9.798372047953308e-05,0.007442988455295563,0.0987548828125
CIFAR100,ResNet18BN,sea-willow_tree,411,3,11,17,6.742328696418554e-05,0.005452002864331007,0.108154296875
CIFAR100,ResNet18BN,sea-willow_tree,411,3,12,16,5.553958908421919e-05,0.004264717921614647,0.0704345703125
CIFAR100,ResNet18BN,sea-willow_tree,411,3,13,17,4.312246892368421e-05,0.003063423093408346,0.0504150390625
CIFAR100,ResNet18BN,sea-willow_tree,411,3,14,17,3.9819682569941506e-05,0.003431469900533557,0.060546875
CIFAR100,ResNet18BN,sea-willow_tree,411,3,15,16,2.6250114387948997e-05,0.0021303194807842374,0.0350341796875
CIFAR100,ResNet18BN,sea-willow_tree,411,3,16,17,2.1585648937616497e-05,0.00156314333435148,0.0302734375
CIFAR100,ResNet18BN,sea-willow_tree,411,3,17,17,1.642664210521616e-05,0.0013391480315476656,0.02099609375
CIFAR100,ResNet18BN,sea-willow_tree,411,3,18,16,1.550872320876806e-05,0.001089291472453624,0.0164794921875
CIFAR100,ResNet18BN,sea-willow_tree,411,3,19,17,1.2469869034248404e-05,0.0010794311529025435,0.013916015625
CIFAR100,ResNet18BN,sea-willow_tree,411,3,20,17,7.835840733605437e-06,0.0005925378063693643,0.0086669921875
CIFAR100,ResNet18BN,sea-willow_tree,411,3,21,16,4.967756694895797e-06,0.00042387987195979804,0.00732421875
CIFAR100,ResNet18BN,sea-willow_tree,411,3,22,17,3.6373608054418582e-06,0.00025176475173793733,0.005126953125
CIFAR100,ResNet18BN,sea-willow_tree,411,3,23,17,2.496665047146962e-06,0.0002092168142553419,0.00341796875
CIFAR100,ResNet18BN,sea-willow_tree,411,3,24,16,1.7199078001794987e-06,0.00014352409198181704,0.00244140625
CIFAR100,ResNet18BN,sea-willow_tree,411,3,25,17,1.1331899258948397e-06,9.938907896867022e-05,0.001953125
CIFAR100,ResNet18BN,sea-willow_tree,411,3,26,17,7.098835794749903e-07,6.101229155319743e-05,0.000732421875
CIFAR100,ResNet18BN,sea-willow_tree,411,3,27,16,4.71927791068083e-07,3.859434582409449e-05,0.0003662109375
CIFAR100,ResNet18BN,sea-willow_tree,411,3,28,17,1.419356578935549e-07,1.172828342532739e-05,0.000244140625
CIFAR100,ResNet18BN,sea-willow_tree,411,3,29,17,1.7952080710870177e-08,3.763160920369963e-16,0.0
CIFAR100,ResNet18BN,sea-willow_tree,411,3,30,16,3.1841986825043023e-09,8.336522255114588e-18,0.0
CIFAR100,ResNet18BN,sea-willow_tree,411,4,1,17,0.0005547389737330377,0.029905851930379868,0.31121826171875
CIFAR100,ResNet18BN,sea-willow_tree,411,4,2,17,0.000405395490815863,0.02551051788032055,0.29443359375
CIFAR100,ResNet18BN,sea-willow_tree,411,4,3,16,0.00029921317764092237,0.019294177182018757,0.18621826171875
CIFAR100,ResNet18BN,sea-willow_tree,411,4,4,17,0.00023827982658986002,0.013043705374002457,0.13037109375
CIFAR100,ResNet18BN,sea-willow_tree,411,4,5,17,0.00021297710190992802,0.012684358283877373,0.1273193359375
CIFAR100,ResNet18BN,sea-willow_tree,411,4,6,16,0.00015363827697001398,0.009085801430046558,0.1072998046875
CIFAR100,ResNet18BN,sea-willow_tree,411,4,7,17,0.00014779697812628,0.009781861677765846,0.09112548828125
CIFAR100,ResNet18BN,sea-willow_tree,411,4,8,17,0.00013167386350687593,0.008273018524050713,0.0802001953125
CIFAR100,ResNet18BN,sea-willow_tree,411,4,9,16,0.00012235475514899008,0.008435832802206278,0.07122802734375
CIFAR100,ResNet18BN,sea-willow_tree,411,4,10,17,7.37974769435823e-05,0.004802631214261055,0.0384521484375
CIFAR100,ResNet18BN,sea-willow_tree,411,4,11,17,6.699231016682461e-05,0.004108213819563389,0.0357666015625
CIFAR100,ResNet18BN,sea-willow_tree,411,4,12,16,5.903765486436896e-05,0.0040754430228844285,0.03729248046875
CIFAR100,ResNet18BN,sea-willow_tree,411,4,13,17,4.346827699919231e-05,0.0028419967275112867,0.02880859375
CIFAR100,ResNet18BN,sea-willow_tree,411,4,14,17,3.738845043699257e-05,0.0025562411174178123,0.02056884765625
CIFAR100,ResNet18BN,sea-willow_tree,411,4,15,16,3.274314076406881e-05,0.0020632706582546234,0.0147705078125
CIFAR100,ResNet18BN,sea-willow_tree,411,4,16,17,2.0919762391713448e-05,0.0015649612760171294,0.0150146484375
CIFAR100,ResNet18BN,sea-willow_tree,411,4,17,17,2.0166931790299714e-05,0.001250450499355793,0.014404296875
CIFAR100,ResNet18BN,sea-willow_tree,411,4,18,16,1.258338124898728e-05,0.0009329304157290608,0.007781982421875
CIFAR100,ResNet18BN,sea-willow_tree,411,4,19,17,8.377365702472162e-06,0.0005422477843239903,0.0054931640625
CIFAR100,ResNet18BN,sea-willow_tree,411,4,20,17,6.401156042556977e-06,0.0004745117330458015,0.00439453125
CIFAR100,ResNet18BN,sea-willow_tree,411,4,21,16,5.105081527290167e-06,0.00029606254247482866,0.002593994140625
CIFAR100,ResNet18BN,sea-willow_tree,411,4,22,17,3.4113359106413554e-06,0.0002241686888737604,0.00213623046875
CIFAR100,ResNet18BN,sea-willow_tree,411,4,23,17,2.7204100661037955e-06,0.00020549699547700584,0.0013427734375
CIFAR100,ResNet18BN,sea-willow_tree,411,4,24,16,1.8580350911179266e-06,0.00011514659126987681,0.0009765625
CIFAR100,ResNet18BN,sea-willow_tree,411,4,25,17,1.0093132232213975e-06,5.393476385506801e-05,0.00048828125
CIFAR100,ResNet18BN,sea-willow_tree,411,4,26,17,4.946380158799002e-07,2.33572609431576e-05,0.000244140625
CIFAR100,ResNet18BN,sea-willow_tree,411,4,27,16,1.6191997076475673e-07,1.0875694897549693e-05,0.0001220703125
CIFAR100,ResNet18BN,sea-willow_tree,411,4,28,17,3.824505867555672e-08,2.842050706713538e-15,0.0
CIFAR100,ResNet18BN,sea-willow_tree,411,4,29,17,1.6708364469764092e-08,1.4607805270987944e-15,0.0
CIFAR100,ResNet18BN,sea-willow_tree,411,4,30,16,3.1330473770907474e-09,4.314931417101215e-17,0.0
CIFAR100,ResNet18BN,sea-willow_tree,5303,0,1,17,0.0006689064321108162,0.03731178864836693,0.814697265625
CIFAR100,ResNet18BN,sea-willow_tree,5303,0,2,17,0.00039525440661236644,0.022406509146094322,0.723388671875
CIFAR100,ResNet18BN,sea-willow_tree,5303,0,3,16,0.00028944454970769584,0.015211861580610275,0.4183349609375
CIFAR100,ResNet18BN,sea-willow_tree,5303,0,4,17,0.00025604289839975536,0.015001700259745121,0.447998046875
CIFAR100,ResNet18BN,sea-willow_tree,5303,0,5,17,0.00020549478358589113,0.012563002295792103,0.275390625
CIFAR100,ResNet18BN,sea-willow_tree,5303,0,6,16,0.00017942884005606174,0.011294536292552948,0.273193359375
CIFAR100,ResNet18BN,sea-willow_tree,5303,0,7,17,0.00013767961354460567,0.009053738787770271,0.234130859375
CIFAR100,ResNet18BN,sea-willow_tree,5303,0,8,17,0.0001137846484198235,0.006226027384400368,0.1463623046875
CIFAR100,ResNet18BN,sea-willow_tree,5303,0,9,16,0.00011879018347826786,0.007415618747472763,0.164794921875
CIFAR100,ResNet18BN,sea-willow_tree,5303,0,10,17,7.358342554653063e-05,0.0046867565251886845,0.119873046875
CIFAR100,ResNet18BN,sea-willow_tree,5303,0,11,17,7.51423358451575e-05,0.004811842925846577,0.083251953125
CIFAR100,ResNet18BN,sea-willow_tree,5303,0,12,16,4.753516805067193e-05,0.002749238279648125,0.07470703125
CIFAR100,ResNet18BN,sea-willow_tree,5303,0,13,17,4.780042581842281e-05,0.0027178083546459675,0.056396484375
CIFAR100,ResNet18BN,sea-willow_tree,5303,0,14,17,3.506779466988519e-05,0.0021758058574050665,0.05029296875
CIFAR100,ResNet18BN,sea-willow_tree,5303,0,15,16,2.7827199119201396e-05,0.0015994631685316563,0.03643798828125
CIFAR100,ResNet18BN,sea-willow_tree,5303,0,16,17,1.9890614566975273e-05,0.0009810031624510884,0.022705078125
CIFAR100,ResNet18BN,sea-willow_tree,5303,0,17,17,1.7884338376461528e-05,0.0014035056810826063,0.029541015625
CIFAR100,ResNet18BN,sea-willow_tree,5303,0,18,16,1.3431243132799864e-05,0.0007291529327630997,0.019287109375
CIFAR100,ResNet18BN,sea-willow_tree,5303,0,19,17,9.852040420810226e-06,0.000595630262978375,0.01708984375
CIFAR100,ResNet18BN,sea-willow_tree,5303,0,20,17,1.0629406460793689e-05,0.0006178394542075694,0.016357421875
CIFAR100,ResNet18BN,sea-willow_tree,5303,0,21,16,6.0597444644372445e-06,0.00036662747152149677,0.00909423828125
CIFAR100,ResNet18BN,sea-willow_tree,5303,0,22,17,4.035414349345956e-06,0.000241290865233168,0.00537109375
CIFAR100,ResNet18BN,sea-willow_tree,5303,0,23,17,2.4889504857128486e-06,0.00013453481369651854,0.00341796875
CIFAR100,ResNet18BN,sea-willow_tree,5303,0,24,16,1.7503617186775955e-06,9.089870218303986e-05,0.0023193359375
CIFAR100,ResNet18BN,sea-willow_tree,5303,0,25,17,8.991045774564554e-07,5.505453373189084e-05,0.0013427734375
CIFAR100,ResNet18BN,sea-willow_tree,5303,0,26,17,4.693247319664806e-07,2.4724366085138172e-05,0.0006103515625
CIFAR100,ResNet18BN,sea-willow_tree,5303,0,27,16,3.0068940759520046e-07,1.891894862637855e-05,0.00030517578125
CIFAR100,ResNet18BN,sea-willow_tree,5303,0,28,17,1.5633980865459307e-07,9.88175997918006e-06,0.000244140625
CIFAR100,ResNet18BN,sea-willow_tree,5303,0,29,17,3.371689061282268e-08,2.6420124836262944e-14,0.0
CIFAR100,ResNet18BN,sea-willow_tree,5303,0,30,16,1.4492804178978247e-09,4.255684109418737e-17,0.0
CIFAR100,ResNet18BN,sea-willow_tree,5303,1,1,17,0.0005993047379888594,0.03647628054022789,0.76220703125
CIFAR100,ResNet18BN,sea-willow_tree,5303,1,2,17,0.00039042846765369177,0.027651499956846237,0.5107421875
CIFAR100,ResNet18BN,sea-willow_tree,5303,1,3,16,0.0003041370800929144,0.022631879895925522,0.476318359375
CIFAR100,ResNet18BN,sea-willow_tree,5303,1,4,17,0.0002964969608001411,0.021510809659957886,0.4140625
CIFAR100,ResNet18BN,sea-willow_tree,5303,1,5,17,0.0002125066821463406,0.015981685370206833,0.311767578125
CIFAR100,ResNet18BN,sea-willow_tree,5303,1,6,16,0.00016706387395970523,0.011415208224207163,0.24627685546875
CIFAR100,ResNet18BN,sea-willow_tree,5303,1,7,17,0.00017683804617263377,0.01280237641185522,0.249755859375
CIFAR100,ResNet18BN,sea-willow_tree,5303,1,8,17,0.00013457892055157572,0.010023396462202072,0.248046875
CIFAR100,ResNet18BN,sea-willow_tree,5303,1,9,16,0.00012781132681993768,0.008186030201613903,0.17022705078125
CIFAR100,ResNet18BN,sea-willow_tree,5303,1,10,17,8.900571992853656e-05,0.005545706953853369,0.1396484375
CIFAR100,ResNet18BN,sea-willow_tree,5303,1,11,17,7.597853982588276e-05,0.005420092958956957,0.1068115234375
CIFAR100,ResNet18BN,sea-willow_tree,5303,1,12,16,6.307803050731309e-05,0.0041154862847179174,0.0885009765625
CIFAR100,ResNet18BN,sea-willow_tree,5303,1,13,17,5.05251155118458e-05,0.0037143139634281397,0.106689453125
CIFAR100,ResNet18BN,sea-willow_tree,5303,1,14,17,4.309936048230156e-05,0.0028939098119735718,0.072021484375
CIFAR100,ResNet18BN,sea-willow_tree,5303,1,15,16,3.155119520670269e-05,0.0020489402813836932,0.0445556640625
CIFAR100,ResNet18BN,sea-willow_tree,5303,1,16,17,2.471895277267322e-05,0.001914127846248448,0.038330078125
CIFAR100,ResNet18BN,sea-willow_tree,5303,1,17,17,1.5529336451436393e-05,0.0010502856457605958,0.023193359375
CIFAR100,ResNet18BN,sea-willow_tree,5303,1,18,16,1.5311654351535253e-05,0.0010051438584923744,0.0205078125
CIFAR100,ResNet18BN,sea-willow_tree,5303,1,19,17,1.0453917639097199e-05,0.0006390219205059111,0.015380859375
CIFAR100,ResNet18BN,sea-willow_tree,5303,1,20,17,9.20385355129838e-06,0.0005944904405623674,0.0135498046875
CIFAR100,ResNet18BN,sea-willow_tree,5303,1,21,16,6.4438904701091815e-06,0.00041292507376056165,0.0086669921875
CIFAR100,ResNet18BN,sea-willow_tree,5303,1,22,17,4.723643087345408e-06,0.0003645411925390363,0.006103515625
CIFAR100,ResNet18BN,sea-willow_tree,5303,1,23,17,3.53389418705774e-06,0.00023912508913781494,0.005126953125
CIFAR100,ResNet18BN,sea-willow_tree,5303,1,24,16,2.3011882603896083e-06,0.0001627619785722345,0.003662109375
CIFAR100,ResNet18BN,sea-willow_tree,5303,1,25,17,1.5152885453062481e-06,9.462168964091688e-05,0.002685546875
CIFAR100,ResNet18BN,sea-willow_tree,5303,1,26,17,8.736675454201759e-07,6.09986818744801e-05,0.0013427734375
CIFAR100,ResNet18BN,sea-willow_tree,5303,1,27,16,4.531262050022633e-07,2.83594799839193e-05,0.0006103515625
CIFAR100,ResNet18BN,sea-willow_tree,5303,1,28,17,1.8566835535693826e-07,1.4201012163539417e-05,0.0003662109375
CIFAR100,ResNet18BN,sea-willow_tree,5303,1,29,17,4.7443514006317855e-08,2.0683132144510468e-15,0.000244140625
CIFAR100,ResNet18BN,sea-willow_tree,5303,1,30,16,5.2802027195042456e-09,5.233753715357768e-17,0.0
CIFAR100,ResNet18BN,sea-willow_tree,5303,2,1,17,0.0006858668639324605,0.02863750047981739,0.778564453125
CIFAR100,ResNet18BN,sea-willow_tree,5303,2,2,17,0.0003458283608779311,0.01719379425048828,0.469482421875
CIFAR100,ResNet18BN,sea-willow_tree,5303,2,3,16,0.0002810228324960917,0.012545439414680004,0.339111328125
CIFAR100,ResNet18BN,sea-willow_tree,5303,2,4,17,0.00021711140288971364,0.010167701169848442,0.287841796875
CIFAR100,ResNet18BN,sea-willow_tree,5303,2,5,17,0.00016612480976618826,0.008537561632692814,0.248291015625
CIFAR100,ResNet18BN,sea-willow_tree,5303,2,6,16,0.0001535540068289265,0.0070176194421947,0.197021484375
CIFAR100,ResNet18BN,sea-willow_tree,5303,2,7,17,0.00014051269681658596,0.006559531670063734,0.2025146484375
CIFAR100,ResNet18BN,sea-willow_tree,5303,2,8,17,0.0001000237898551859,0.0056142969988286495,0.15673828125
CIFAR100,ResNet18BN,sea-willow_tree,5303,2,9,16,7.757275670883246e-05,0.004050899995490909,0.1075439453125
CIFAR100,ResNet18BN,sea-willow_tree,5303,2,10,17,7.836338772904128e-05,0.0038486674893647432,0.123779296875
CIFAR100,ResNet18BN,sea-willow_tree,5303,2,11,17,5.253230483504012e-05,0.0024027631152421236,0.0718994140625
CIFAR100,ResNet18BN,sea-willow_tree,5303,2,12,16,5.515083103091456e-05,0.002692066365852952,0.07269287109375
CIFAR100,ResNet18BN,sea-willow_tree,5303,2,13,17,4.2221374314976856e-05,0.002139540622010827,0.0540771484375
CIFAR100,ResNet18BN,sea-willow_tree,5303,2,14,17,2.962721737276297e-05,0.0016818263102322817,0.042724609375
CIFAR100,ResNet18BN,sea-willow_tree,5303,2,15,16,2.643904554133769e-05,0.0014276945730671287,0.03387451171875
CIFAR100,ResNet18BN,sea-willow_tree,5303,2,16,17,2.1590803953586146e-05,0.0010683268774300814,0.031494140625
CIFAR100,ResNet18BN,sea-willow_tree,5303,2,17,17,1.4781109712203033e-05,0.000734903325792402,0.019775390625
CIFAR100,ResNet18BN,sea-willow_tree,5303,2,18,16,1.1586265827645548e-05,0.0005726360541302711,0.01470947265625
CIFAR100,ResNet18BN,sea-willow_tree,5303,2,19,17,9.776091246749274e-06,0.0005355788161978126,0.01318359375
CIFAR100,ResNet18BN,sea-willow_tree,5303,2,20,17,6.2264334701467305e-06,0.0003114434948656708,0.0084228515625
CIFAR100,ResNet18BN,sea-willow_tree,5303,2,21,16,4.79647565043706e-06,0.00023898798826849088,0.00628662109375
CIFAR100,ResNet18BN,sea-willow_tree,5303,2,22,17,3.315639332868159e-06,0.0001431550335837528,0.00439453125
CIFAR100,ResNet18BN,sea-willow_tree,5303,2,23,17,1.8333702200834523e-06,8.281727787107229e-05,0.00244140625
CIFAR100,ResNet18BN,sea-willow_tree,5303,2,24,16,1.181150935281039e-06,5.020032585889567e-05,0.00152587890625
CIFAR100,ResNet18BN,sea-willow_tree,5303,2,25,17,6.776660370633181e-07,3.438097337493673e-05,0.0009765625
CIFAR100,ResNet18BN,sea-willow_tree,5303,2,26,17,3.8189887163753156e-07,1.5729958249721676e-05,0.00048828125
CIFAR100,ResNet18BN,sea-willow_tree,5303,2,27,16,1.7004347085958216e-07,8.577139396948041e-06,0.000244140625
CIFAR100,ResNet18BN,sea-willow_tree,5303,2,28,17,4.9201037910506784e-08,5.222514620469108e-15,0.000244140625
CIFAR100,ResNet18BN,sea-willow_tree,5303,2,29,17,8.54053094911933e-09,1.0946780642189088e-15,0.0
CIFAR100,ResNet18BN,sea-willow_tree,5303,2,30,16,9.106186638074831e-10,1.6700368932839763e-16,0.0
CIFAR100,ResNet18BN,sea-willow_tree,5303,3,1,17,0.0007421313202939928,0.05411911383271217,0.984619140625
CIFAR100,ResNet18BN,sea-willow_tree,5303,3,2,17,0.0005251040565781295,0.037789974361658096,0.81494140625
CIFAR100,ResNet18BN,sea-willow_tree,5303,3,3,16,0.000384061859222129,0.028309219516813755,0.558349609375
CIFAR100,ResNet18BN,sea-willow_tree,5303,3,4,17,0.00029547917074523866,0.02172005921602249,0.3699951171875
CIFAR100,ResNet18BN,sea-willow_tree,5303,3,5,17,0.00022059420007281005,0.018533669412136078,0.45654296875
CIFAR100,ResNet18BN,sea-willow_tree,5303,3,6,16,0.00020399107597768307,0.015302115119993687,0.3514404296875
CIFAR100,ResNet18BN,sea-willow_tree,5303,3,7,17,0.0001637791865505278,0.012157799676060677,0.208740234375
CIFAR100,ResNet18BN,sea-willow_tree,5303,3,8,17,0.00016097119078040123,0.011789826676249504,0.268310546875
CIFAR100,ResNet18BN,sea-willow_tree,5303,3,9,16,0.00011392047963454388,0.008698686258867383,0.20751953125
CIFAR100,ResNet18BN,sea-willow_tree,5303,3,10,17,9.798372047953308e-05,0.007558389101177454,0.12939453125
CIFAR100,ResNet18BN,sea-willow_tree,5303,3,11,17,6.742328696418554e-05,0.00588424364104867,0.14599609375
CIFAR100,ResNet18BN,sea-willow_tree,5303,3,12,16,5.553958908421919e-05,0.004308850504457951,0.095703125
CIFAR100,ResNet18BN,sea-willow_tree,5303,3,13,17,4.312246892368421e-05,0.0033680445048958063,0.072509765625
CIFAR100,ResNet18BN,sea-willow_tree,5303,3,14,17,3.9819682569941506e-05,0.003300268901512027,0.0780029296875
CIFAR100,ResNet18BN,sea-willow_tree,5303,3,15,16,2.6250114387948997e-05,0.00205170304980129,0.0400390625
CIFAR100,ResNet18BN,sea-willow_tree,5303,3,16,17,2.1585648937616497e-05,0.0015220645582303405,0.029541015625
CIFAR100,ResNet18BN,sea-willow_tree,5303,3,17,17,1.642664210521616e-05,0.0013694802764803171,0.027587890625
CIFAR100,ResNet18BN,sea-willow_tree,5303,3,18,16,1.550872320876806e-05,0.0010253242799080908,0.0208740234375
CIFAR100,ResNet18BN,sea-willow_tree,5303,3,19,17,1.2469869034248404e-05,0.000950708519667387,0.017333984375
CIFAR100,ResNet18BN,sea-willow_tree,5303,3,20,17,7.835840733605437e-06,0.0006034359685145319,0.010498046875
CIFAR100,ResNet18BN,sea-willow_tree,5303,3,21,16,4.967756694895797e-06,0.00038756002322770655,0.008544921875
CIFAR100,ResNet18BN,sea-willow_tree,5303,3,22,17,3.6373608054418582e-06,0.0002926471352111548,0.00537109375
CIFAR100,ResNet18BN,sea-willow_tree,5303,3,23,17,2.496665047146962e-06,0.00020016914641018957,0.003662109375
CIFAR100,ResNet18BN,sea-willow_tree,5303,3,24,16,1.7199078001794987e-06,0.00013574458716902882,0.0028076171875
CIFAR100,ResNet18BN,sea-willow_tree,5303,3,25,17,1.1331899258948397e-06,9.254999167751521e-05,0.00244140625
CIFAR100,ResNet18BN,sea-willow_tree,5303,3,26,17,7.098835794749903e-07,5.944737131358124e-05,0.0009765625
CIFAR100,ResNet18BN,sea-willow_tree,5303,3,27,16,4.71927791068083e-07,4.269897908670828e-05,0.00048828125
CIFAR100,ResNet18BN,sea-willow_tree,5303,3,28,17,1.419356578935549e-07,1.1746245945687406e-05,0.000244140625
CIFAR100,ResNet18BN,sea-willow_tree,5303,3,29,17,1.7952080710870177e-08,1.7069523096609928e-16,0.0
CIFAR100,ResNet18BN,sea-willow_tree,5303,3,30,16,3.1841986825043023e-09,1.095941188866612e-17,0.0
CIFAR100,ResNet18BN,sea-willow_tree,5303,4,1,17,0.0005547389737330377,0.03377580642700195,0.5792236328125
CIFAR100,ResNet18BN,sea-willow_tree,5303,4,2,17,0.000405395490815863,0.023814890533685684,0.4083251953125
CIFAR100,ResNet18BN,sea-willow_tree,5303,4,3,16,0.00029921317764092237,0.01909945998340845,0.28228759765625
CIFAR100,ResNet18BN,sea-willow_tree,5303,4,4,17,0.00023827982658986002,0.01366104930639267,0.199462890625
CIFAR100,ResNet18BN,sea-willow_tree,5303,4,5,17,0.00021297710190992802,0.01198483631014824,0.19921875
CIFAR100,ResNet18BN,sea-willow_tree,5303,4,6,16,0.00015363827697001398,0.010198074392974377,0.1900634765625
CIFAR100,ResNet18BN,sea-willow_tree,5303,4,7,17,0.00014779697812628,0.00938951876014471,0.146240234375
CIFAR100,ResNet18BN,sea-willow_tree,5303,4,8,17,0.00013167386350687593,0.008842555806040764,0.1361083984375
CIFAR100,ResNet18BN,sea-willow_tree,5303,4,9,16,0.00012235475514899008,0.008422119077295065,0.1278076171875
CIFAR100,ResNet18BN,sea-willow_tree,5303,4,10,17,7.37974769435823e-05,0.004722283221781254,0.0728759765625
CIFAR100,ResNet18BN,sea-willow_tree,5303,4,11,17,6.699231016682461e-05,0.0041596475057303905,0.0655517578125
CIFAR100,ResNet18BN,sea-willow_tree,5303,4,12,16,5.903765486436896e-05,0.003951816004700959,0.06292724609375
CIFAR100,ResNet18BN,sea-willow_tree,5303,4,13,17,4.346827699919231e-05,0.0030856349039822817,0.042724609375
CIFAR100,ResNet18BN,sea-willow_tree,5303,4,14,17,3.738845043699257e-05,0.002647436922416091,0.0350341796875
CIFAR100,ResNet18BN,sea-willow_tree,5303,4,15,16,3.274314076406881e-05,0.0020063373958691955,0.0242919921875
CIFAR100,ResNet18BN,sea-willow_tree,5303,4,16,17,2.0919762391713448e-05,0.0015413975343108177,0.0213623046875
CIFAR100,ResNet18BN,sea-willow_tree,5303,4,17,17,2.0166931790299714e-05,0.0012505573686212301,0.021728515625
CIFAR100,ResNet18BN,sea-willow_tree,5303,4,18,16,1.258338124898728e-05,0.0009338259987998754,0.01312255859375
CIFAR100,ResNet18BN,sea-willow_tree,5303,4,19,17,8.377365702472162e-06,0.0005245839711278677,0.0087890625
CIFAR100,ResNet18BN,sea-willow_tree,5303,4,20,17,6.401156042556977e-06,0.0004176147631369531,0.00732421875
CIFAR100,ResNet18BN,sea-willow_tree,5303,4,21,16,5.105081527290167e-06,0.00029558033565990627,0.0048828125
CIFAR100,ResNet18BN,sea-willow_tree,5303,4,22,17,3.4113359106413554e-06,0.00019144559337291867,0.0035400390625
CIFAR100,ResNet18BN,sea-willow_tree,5303,4,23,17,2.7204100661037955e-06,0.0001937333872774616,0.002685546875
CIFAR100,ResNet18BN,sea-willow_tree,5303,4,24,16,1.8580350911179266e-06,0.00011601940786931664,0.00189208984375
CIFAR100,ResNet18BN,sea-willow_tree,5303,4,25,17,1.0093132232213975e-06,5.521286220755428e-05,0.000732421875
CIFAR100,ResNet18BN,sea-willow_tree,5303,4,26,17,4.946380158799002e-07,2.6619592972565442e-05,0.0003662109375
CIFAR100,ResNet18BN,sea-willow_tree,5303,4,27,16,1.6191997076475673e-07,1.0993897376465611e-05,0.000244140625
CIFAR100,ResNet18BN,sea-willow_tree,5303,4,28,17,3.824505867555672e-08,4.431701791022917e-15,0.0
CIFAR100,ResNet18BN,sea-willow_tree,5303,4,29,17,1.6708364469764092e-08,8.824568709601e-16,0.0
CIFAR100,ResNet18BN,sea-willow_tree,5303,4,30,16,3.1330473770907474e-09,3.949458537929156e-17,0.0
CIFAR100,ResNet18BN,sea-willow_tree,579,0,1,17,0.0006689064321108162,0.03678155690431595,1.0390625
CIFAR100,ResNet18BN,sea-willow_tree,579,0,2,17,0.00039525440661236644,0.019737303256988525,0.939697265625
CIFAR100,ResNet18BN,sea-willow_tree,579,0,3,16,0.00028944454970769584,0.015394632238894701,0.6536865234375
CIFAR100,ResNet18BN,sea-willow_tree,579,0,4,17,0.00025604289839975536,0.013943187892436981,0.51806640625
CIFAR100,ResNet18BN,sea-willow_tree,579,0,5,17,0.00020549478358589113,0.009885959327220917,0.360107421875
CIFAR100,ResNet18BN,sea-willow_tree,579,0,6,16,0.00017942884005606174,0.009617370087653399,0.4051513671875
CIFAR100,ResNet18BN,sea-willow_tree,579,0,7,17,0.00013767961354460567,0.007114791311323643,0.291748046875
CIFAR100,ResNet18BN,sea-willow_tree,579,0,8,17,0.0001137846484198235,0.0064615788869559765,0.26123046875
CIFAR100,ResNet18BN,sea-willow_tree,579,0,9,16,0.00011879018347826786,0.006955150747671723,0.21368408203125
CIFAR100,ResNet18BN,sea-willow_tree,579,0,10,17,7.358342554653063e-05,0.004549991339445114,0.165283203125
CIFAR100,ResNet18BN,sea-willow_tree,579,0,11,17,7.51423358451575e-05,0.004752546548843384,0.1123046875
CIFAR100,ResNet18BN,sea-willow_tree,579,0,12,16,4.753516805067193e-05,0.002481158939190209,0.1097412109375
CIFAR100,ResNet18BN,sea-willow_tree,579,0,13,17,4.780042581842281e-05,0.002503887750208378,0.09765625
CIFAR100,ResNet18BN,sea-willow_tree,579,0,14,17,3.506779466988519e-05,0.0019173675682395697,0.08203125
CIFAR100,ResNet18BN,sea-willow_tree,579,0,15,16,2.7827199119201396e-05,0.0016090667922981083,0.05419921875
CIFAR100,ResNet18BN,sea-willow_tree,579,0,16,17,1.9890614566975273e-05,0.0009643951780162752,0.0269775390625
CIFAR100,ResNet18BN,sea-willow_tree,579,0,17,17,1.7884338376461528e-05,0.00111187354195863,0.03564453125
CIFAR100,ResNet18BN,sea-willow_tree,579,0,18,16,1.3431243132799864e-05,0.0008032822515815496,0.03271484375
CIFAR100,ResNet18BN,sea-willow_tree,579,0,19,17,9.852040420810226e-06,0.0005171751836314797,0.022705078125
CIFAR100,ResNet18BN,sea-willow_tree,579,0,20,17,1.0629406460793689e-05,0.0006383597501553595,0.0198974609375
CIFAR100,ResNet18BN,sea-willow_tree,579,0,21,16,6.0597444644372445e-06,0.0003225197142455727,0.01263427734375
CIFAR100,ResNet18BN,sea-willow_tree,579,0,22,17,4.035414349345956e-06,0.0002580726577434689,0.007568359375
CIFAR100,ResNet18BN,sea-willow_tree,579,0,23,17,2.4889504857128486e-06,0.00012734073970932513,0.005615234375
CIFAR100,ResNet18BN,sea-willow_tree,579,0,24,16,1.7503617186775955e-06,9.122502160607837e-05,0.00341796875
CIFAR100,ResNet18BN,sea-willow_tree,579,0,25,17,8.991045774564554e-07,5.0097009079763666e-05,0.001953125
CIFAR100,ResNet18BN,sea-willow_tree,579,0,26,17,4.693247319664806e-07,2.3235721528180875e-05,0.000732421875
CIFAR100,ResNet18BN,sea-willow_tree,579,0,27,16,3.0068940759520046e-07,1.716252063488355e-05,0.0006103515625
CIFAR100,ResNet18BN,sea-willow_tree,579,0,28,17,1.5633980865459307e-07,8.984752639662474e-06,0.000244140625
CIFAR100,ResNet18BN,sea-willow_tree,579,0,29,17,3.371689061282268e-08,2.0838183643087736e-15,0.0
CIFAR100,ResNet18BN,sea-willow_tree,579,0,30,16,1.4492804178978247e-09,3.1338264834211956e-18,0.0
CIFAR100,ResNet18BN,sea-willow_tree,579,1,1,17,0.0005993047379888594,0.03147148713469505,0.5679931640625
CIFAR100,ResNet18BN,sea-willow_tree,579,1,2,17,0.00039042846765369177,0.02411138080060482,0.5302734375
CIFAR100,ResNet18BN,sea-willow_tree,579,1,3,16,0.0003041370800929144,0.016484098508954048,0.51409912109375
CIFAR100,ResNet18BN,sea-willow_tree,579,1,4,17,0.0002964969608001411,0.016320759430527687,0.448974609375
CIFAR100,ResNet18BN,sea-willow_tree,579,1,5,17,0.0002125066821463406,0.014256217516958714,0.3623046875
CIFAR100,ResNet18BN,sea-willow_tree,579,1,6,16,0.00016706387395970523,0.009759621229022741,0.2320556640625
CIFAR100,ResNet18BN,sea-willow_tree,579,1,7,17,0.00017683804617263377,0.010525859892368317,0.28076171875
CIFAR100,ResNet18BN,sea-willow_tree,579,1,8,17,0.00013457892055157572,0.008765842765569687,0.2237548828125
CIFAR100,ResNet18BN,sea-willow_tree,579,1,9,16,0.00012781132681993768,0.006125347455963492,0.16339111328125
CIFAR100,ResNet18BN,sea-willow_tree,579,1,10,17,8.900571992853656e-05,0.004807526711374521,0.1256103515625
CIFAR100,ResNet18BN,sea-willow_tree,579,1,11,17,7.597853982588276e-05,0.004784049931913614,0.140625
CIFAR100,ResNet18BN,sea-willow_tree,579,1,12,16,6.307803050731309e-05,0.0038493184838443995,0.09100341796875
CIFAR100,ResNet18BN,sea-willow_tree,579,1,13,17,5.05251155118458e-05,0.003357051173225045,0.10498046875
CIFAR100,ResNet18BN,sea-willow_tree,579,1,14,17,4.309936048230156e-05,0.0025933028664439917,0.08154296875
CIFAR100,ResNet18BN,sea-willow_tree,579,1,15,16,3.155119520670269e-05,0.0018503970932215452,0.04669189453125
CIFAR100,ResNet18BN,sea-willow_tree,579,1,16,17,2.471895277267322e-05,0.0014462051913142204,0.0360107421875
CIFAR100,ResNet18BN,sea-willow_tree,579,1,17,17,1.5529336451436393e-05,0.0008149684290401638,0.03271484375
CIFAR100,ResNet18BN,sea-willow_tree,579,1,18,16,1.5311654351535253e-05,0.0009495562117081136,0.02313232421875
CIFAR100,ResNet18BN,sea-willow_tree,579,1,19,17,1.0453917639097199e-05,0.0005780687788501382,0.013916015625
CIFAR100,ResNet18BN,sea-willow_tree,579,1,20,17,9.20385355129838e-06,0.0005512344650924206,0.0159912109375
CIFAR100,ResNet18BN,sea-willow_tree,579,1,21,16,6.4438904701091815e-06,0.0003738780796993524,0.0107421875
CIFAR100,ResNet18BN,sea-willow_tree,579,1,22,17,4.723643087345408e-06,0.0002772706502582878,0.008056640625
CIFAR100,ResNet18BN,sea-willow_tree,579,1,23,17,3.53389418705774e-06,0.00018857100803870708,0.00531005859375
CIFAR100,ResNet18BN,sea-willow_tree,579,1,24,16,2.3011882603896083e-06,0.000140122436278034,0.00360107421875
CIFAR100,ResNet18BN,sea-willow_tree,579,1,25,17,1.5152885453062481e-06,8.376811456400901e-05,0.0028076171875
CIFAR100,ResNet18BN,sea-willow_tree,579,1,26,17,8.736675454201759e-07,4.758164141094312e-05,0.001220703125
CIFAR100,ResNet18BN,sea-willow_tree,579,1,27,16,4.531262050022633e-07,2.399833010713337e-05,0.0006103515625
CIFAR100,ResNet18BN,sea-willow_tree,579,1,28,17,1.8566835535693826e-07,1.2763828635797836e-05,0.00030517578125
CIFAR100,ResNet18BN,sea-willow_tree,579,1,29,17,4.7443514006317855e-08,5.909841623100978e-15,0.0001220703125
CIFAR100,ResNet18BN,sea-willow_tree,579,1,30,16,5.2802027195042456e-09,1.4849096370298724e-16,0.0
CIFAR100,ResNet18BN,sea-willow_tree,579,2,1,17,0.0006858668639324605,0.036709655076265335,1.209228515625
CIFAR100,ResNet18BN,sea-willow_tree,579,2,2,17,0.0003458283608779311,0.01686801202595234,0.67626953125
CIFAR100,ResNet18BN,sea-willow_tree,579,2,3,16,0.0002810228324960917,0.013320133555680513,0.4793701171875
CIFAR100,ResNet18BN,sea-willow_tree,579,2,4,17,0.00021711140288971364,0.009305721148848534,0.4521484375
CIFAR100,ResNet18BN,sea-willow_tree,579,2,5,17,0.00016612480976618826,0.008065750822424889,0.38134765625
CIFAR100,ResNet18BN,sea-willow_tree,579,2,6,16,0.0001535540068289265,0.007025467697530985,0.3175048828125
CIFAR100,ResNet18BN,sea-willow_tree,579,2,7,17,0.00014051269681658596,0.006290661171078682,0.31591796875
CIFAR100,ResNet18BN,sea-willow_tree,579,2,8,17,0.0001000237898551859,0.004997764248400927,0.2724609375
CIFAR100,ResNet18BN,sea-willow_tree,579,2,9,16,7.757275670883246e-05,0.0036024550208821893,0.1854248046875
CIFAR100,ResNet18BN,sea-willow_tree,579,2,10,17,7.836338772904128e-05,0.004438104573637247,0.2099609375
CIFAR100,ResNet18BN,sea-willow_tree,579,2,11,17,5.253230483504012e-05,0.0023018994834274054,0.1201171875
CIFAR100,ResNet18BN,sea-willow_tree,579,2,12,16,5.515083103091456e-05,0.0026673314860090613,0.1158447265625
CIFAR100,ResNet18BN,sea-willow_tree,579,2,13,17,4.2221374314976856e-05,0.0020238631404936314,0.07861328125
CIFAR100,ResNet18BN,sea-willow_tree,579,2,14,17,2.962721737276297e-05,0.0015300997765734792,0.08349609375
CIFAR100,ResNet18BN,sea-willow_tree,579,2,15,16,2.643904554133769e-05,0.0013866352965123951,0.0576171875
CIFAR100,ResNet18BN,sea-willow_tree,579,2,16,17,2.1590803953586146e-05,0.0010849919635802507,0.0546875
CIFAR100,ResNet18BN,sea-willow_tree,579,2,17,17,1.4781109712203033e-05,0.0007000222103670239,0.03125
CIFAR100,ResNet18BN,sea-willow_tree,579,2,18,16,1.1586265827645548e-05,0.0005970961065031588,0.0262451171875
CIFAR100,ResNet18BN,sea-willow_tree,579,2,19,17,9.776091246749274e-06,0.0004459322080947459,0.020263671875
CIFAR100,ResNet18BN,sea-willow_tree,579,2,20,17,6.2264334701467305e-06,0.0002959496050607413,0.013916015625
CIFAR100,ResNet18BN,sea-willow_tree,579,2,21,16,4.79647565043706e-06,0.00025016499421326444,0.01123046875
CIFAR100,ResNet18BN,sea-willow_tree,579,2,22,17,3.315639332868159e-06,0.00016040077025536448,0.0087890625
CIFAR100,ResNet18BN,sea-willow_tree,579,2,23,17,1.8333702200834523e-06,8.543442527297884e-05,0.00439453125
CIFAR100,ResNet18BN,sea-willow_tree,579,2,24,16,1.181150935281039e-06,6.089302041800693e-05,0.003173828125
CIFAR100,ResNet18BN,sea-willow_tree,579,2,25,17,6.776660370633181e-07,3.823447696049698e-05,0.001708984375
CIFAR100,ResNet18BN,sea-willow_tree,579,2,26,17,3.8189887163753156e-07,1.7693575500743464e-05,0.0009765625
CIFAR100,ResNet18BN,sea-willow_tree,579,2,27,16,1.7004347085958216e-07,7.456892490154132e-06,0.00048828125
CIFAR100,ResNet18BN,sea-willow_tree,579,2,28,17,4.9201037910506784e-08,1.0060199064882994e-16,0.00048828125
CIFAR100,ResNet18BN,sea-willow_tree,579,2,29,17,8.54053094911933e-09,1.0284295196841165e-17,0.0
CIFAR100,ResNet18BN,sea-willow_tree,579,2,30,16,9.106186638074831e-10,9.612068777474048e-19,0.0
CIFAR100,ResNet18BN,sea-willow_tree,579,3,1,17,0.0007421313202939928,0.043445784598588943,1.10205078125
CIFAR100,ResNet18BN,sea-willow_tree,579,3,2,17,0.0005251040565781295,0.025770552456378937,0.8486328125
CIFAR100,ResNet18BN,sea-willow_tree,579,3,3,16,0.000384061859222129,0.02056767512112856,0.5234375
CIFAR100,ResNet18BN,sea-willow_tree,579,3,4,17,0.00029547917074523866,0.01820380985736847,0.5595703125
CIFAR100,ResNet18BN,sea-willow_tree,579,3,5,17,0.00022059420007281005,0.013419752940535545,0.48876953125
CIFAR100,ResNet18BN,sea-willow_tree,579,3,6,16,0.00020399107597768307,0.011330999433994293,0.421875
CIFAR100,ResNet18BN,sea-willow_tree,579,3,7,17,0.0001637791865505278,0.009948101826012135,0.31298828125
CIFAR100,ResNet18BN,sea-willow_tree,579,3,8,17,0.00016097119078040123,0.009385533630847931,0.31298828125
CIFAR100,ResNet18BN,sea-willow_tree,579,3,9,16,0.00011392047963454388,0.006223122356459498,0.253173828125
CIFAR100,ResNet18BN,sea-willow_tree,579,3,10,17,9.798372047953308e-05,0.005297445692121983,0.138916015625
CIFAR100,ResNet18BN,sea-willow_tree,579,3,11,17,6.742328696418554e-05,0.0048446739092469215,0.182861328125
CIFAR100,ResNet18BN,sea-willow_tree,579,3,12,16,5.553958908421919e-05,0.0030788345029577613,0.1260986328125
CIFAR100,ResNet18BN,sea-willow_tree,579,3,13,17,4.312246892368421e-05,0.0028155415784567595,0.083740234375
CIFAR100,ResNet18BN,sea-willow_tree,579,3,14,17,3.9819682569941506e-05,0.0026831284631043673,0.105224609375
CIFAR100,ResNet18BN,sea-willow_tree,579,3,15,16,2.6250114387948997e-05,0.001454403332900256,0.0579833984375
CIFAR100,ResNet18BN,sea-willow_tree,579,3,16,17,2.1585648937616497e-05,0.0013720740098506212,0.03564453125
CIFAR100,ResNet18BN,sea-willow_tree,579,3,17,17,1.642664210521616e-05,0.0009978332091122866,0.03515625
CIFAR100,ResNet18BN,sea-willow_tree,579,3,18,16,1.550872320876806e-05,0.0008631874225102365,0.0302734375
CIFAR100,ResNet18BN,sea-willow_tree,579,3,19,17,1.2469869034248404e-05,0.0007310478831641376,0.0234375
CIFAR100,ResNet18BN,sea-willow_tree,579,3,20,17,7.835840733605437e-06,0.00047329842345789075,0.012939453125
CIFAR100,ResNet18BN,sea-willow_tree,579,3,21,16,4.967756694895797e-06,0.0003196370671503246,0.00994873046875
CIFAR100,ResNet18BN,sea-willow_tree,579,3,22,17,3.6373608054418582e-06,0.00019586028065532446,0.0068359375
CIFAR100,ResNet18BN,sea-willow_tree,579,3,23,17,2.496665047146962e-06,0.00013748985657002777,0.00390625
CIFAR100,ResNet18BN,sea-willow_tree,579,3,24,16,1.7199078001794987e-06,0.00011453954357421026,0.0040283203125
CIFAR100,ResNet18BN,sea-willow_tree,579,3,25,17,1.1331899258948397e-06,8.312747377203777e-05,0.00341796875
CIFAR100,ResNet18BN,sea-willow_tree,579,3,26,17,7.098835794749903e-07,4.29280917160213e-05,0.001220703125
CIFAR100,ResNet18BN,sea-willow_tree,579,3,27,16,4.71927791068083e-07,3.0167412660375703e-05,0.000732421875
CIFAR100,ResNet18BN,sea-willow_tree,579,3,28,17,1.419356578935549e-07,8.655289093439933e-06,0.00048828125
CIFAR100,ResNet18BN,sea-willow_tree,579,3,29,17,1.7952080710870177e-08,2.2787476658230055e-14,0.0
CIFAR100,ResNet18BN,sea-willow_tree,579,3,30,16,3.1841986825043023e-09,2.1383131818824446e-15,0.0
CIFAR100,ResNet18BN,sea-willow_tree,579,4,1,17,0.0005547389737330377,0.0346841998398304,1.0830078125
CIFAR100,ResNet18BN,sea-willow_tree,579,4,2,17,0.000405395490815863,0.028188811615109444,0.887939453125
CIFAR100,ResNet18BN,sea-willow_tree,579,4,3,16,0.00029921317764092237,0.01991156581789255,0.593017578125
CIFAR100,ResNet18BN,sea-willow_tree,579,4,4,17,0.00023827982658986002,0.015897635370492935,0.34130859375
CIFAR100,ResNet18BN,sea-willow_tree,579,4,5,17,0.00021297710190992802,0.014643249101936817,0.4287109375
CIFAR100,ResNet18BN,sea-willow_tree,579,4,6,16,0.00015363827697001398,0.010559070855379105,0.37548828125
CIFAR100,ResNet18BN,sea-willow_tree,579,4,7,17,0.00014779697812628,0.009774439036846161,0.23388671875
CIFAR100,ResNet18BN,sea-willow_tree,579,4,8,17,0.00013167386350687593,0.009953679516911507,0.320068359375
CIFAR100,ResNet18BN,sea-willow_tree,579,4,9,16,0.00012235475514899008,0.008512436412274837,0.2425537109375
CIFAR100,ResNet18BN,sea-willow_tree,579,4,10,17,7.37974769435823e-05,0.004685802850872278,0.16064453125
CIFAR100,ResNet18BN,sea-willow_tree,579,4,11,17,6.699231016682461e-05,0.00419596629217267,0.11865234375
CIFAR100,ResNet18BN,sea-willow_tree,579,4,12,16,5.903765486436896e-05,0.004607128910720348,0.1131591796875
CIFAR100,ResNet18BN,sea-willow_tree,579,4,13,17,4.346827699919231e-05,0.0031701393891125917,0.094970703125
CIFAR100,ResNet18BN,sea-willow_tree,579,4,14,17,3.738845043699257e-05,0.002587805036455393,0.069580078125
CIFAR100,ResNet18BN,sea-willow_tree,579,4,15,16,3.274314076406881e-05,0.002239920082502067,0.0445556640625
CIFAR100,ResNet18BN,sea-willow_tree,579,4,16,17,2.0919762391713448e-05,0.001434071222320199,0.049072265625
CIFAR100,ResNet18BN,sea-willow_tree,579,4,17,17,2.0166931790299714e-05,0.0014453388284891844,0.04931640625
CIFAR100,ResNet18BN,sea-willow_tree,579,4,18,16,1.258338124898728e-05,0.0009785278816707432,0.030029296875
CIFAR100,ResNet18BN,sea-willow_tree,579,4,19,17,8.377365702472162e-06,0.0005600449512712657,0.01904296875
CIFAR100,ResNet18BN,sea-willow_tree,579,4,20,17,6.401156042556977e-06,0.0004623055283445865,0.013671875
CIFAR100,ResNet18BN,sea-willow_tree,579,4,21,16,5.105081527290167e-06,0.00030606712971348315,0.009033203125
CIFAR100,ResNet18BN,sea-willow_tree,579,4,22,17,3.4113359106413554e-06,0.00022270655608735979,0.006591796875
CIFAR100,ResNet18BN,sea-willow_tree,579,4,23,17,2.7204100661037955e-06,0.00019176713249180466,0.006103515625
CIFAR100,ResNet18BN,sea-willow_tree,579,4,24,16,1.8580350911179266e-06,0.00013303288869792596,0.0040283203125
CIFAR100,ResNet18BN,sea-willow_tree,579,4,25,17,1.0093132232213975e-06,6.364085857057944e-05,0.001953125
CIFAR100,ResNet18BN,sea-willow_tree,579,4,26,17,4.946380158799002e-07,3.406560790608637e-05,0.0009765625
CIFAR100,ResNet18BN,sea-willow_tree,579,4,27,16,1.6191997076475673e-07,1.2768147371389205e-05,0.00048828125
CIFAR100,ResNet18BN,sea-willow_tree,579,4,28,17,3.824505867555672e-08,9.527404356101505e-16,0.0
CIFAR100,ResNet18BN,sea-willow_tree,579,4,29,17,1.6708364469764092e-08,4.54191348295491e-16,0.0
CIFAR100,ResNet18BN,sea-willow_tree,579,4,30,16,3.1330473770907474e-09,1.442651543794437e-17,0.0
CIFAR100,ResNet18BN,sea-willow_tree,5850,0,1,17,0.0006689064321108162,0.03177698701620102,0.7955322265625
CIFAR100,ResNet18BN,sea-willow_tree,5850,0,2,17,0.00039525440661236644,0.019867535680532455,0.6854248046875
CIFAR100,ResNet18BN,sea-willow_tree,5850,0,3,16,0.00028944454970769584,0.014533557929098606,0.435791015625
CIFAR100,ResNet18BN,sea-willow_tree,5850,0,4,17,0.00025604289839975536,0.013127935118973255,0.3594970703125
CIFAR100,ResNet18BN,sea-willow_tree,5850,0,5,17,0.00020549478358589113,0.010166951455175877,0.219482421875
CIFAR100,ResNet18BN,sea-willow_tree,5850,0,6,16,0.00017942884005606174,0.009479973465204239,0.28057861328125
CIFAR100,ResNet18BN,sea-willow_tree,5850,0,7,17,0.00013767961354460567,0.007132628932595253,0.204345703125
CIFAR100,ResNet18BN,sea-willow_tree,5850,0,8,17,0.0001137846484198235,0.0058592758141458035,0.127197265625
CIFAR100,ResNet18BN,sea-willow_tree,5850,0,9,16,0.00011879018347826786,0.006759369978681207,0.1461181640625
CIFAR100,ResNet18BN,sea-willow_tree,5850,0,10,17,7.358342554653063e-05,0.0041049085557460785,0.099365234375
CIFAR100,ResNet18BN,sea-willow_tree,5850,0,11,17,7.51423358451575e-05,0.004208521917462349,0.0809326171875
CIFAR100,ResNet18BN,sea-willow_tree,5850,0,12,16,4.753516805067193e-05,0.002339992322959006,0.06842041015625
CIFAR100,ResNet18BN,sea-willow_tree,5850,0,13,17,4.780042581842281e-05,0.0025104486849159002,0.0645751953125
CIFAR100,ResNet18BN,sea-willow_tree,5850,0,14,17,3.506779466988519e-05,0.0017699302406981587,0.05029296875
CIFAR100,ResNet18BN,sea-willow_tree,5850,0,15,16,2.7827199119201396e-05,0.0014130412018857896,0.031494140625
CIFAR100,ResNet18BN,sea-willow_tree,5850,0,16,17,1.9890614566975273e-05,0.0009200858767144382,0.025146484375
CIFAR100,ResNet18BN,sea-willow_tree,5850,0,17,17,1.7884338376461528e-05,0.0011024902341887355,0.028076171875
CIFAR100,ResNet18BN,sea-willow_tree,5850,0,18,16,1.3431243132799864e-05,0.0006530509563162923,0.020263671875
CIFAR100,ResNet18BN,sea-willow_tree,5850,0,19,17,9.852040420810226e-06,0.00046411185758188367,0.0147705078125
CIFAR100,ResNet18BN,sea-willow_tree,5850,0,20,17,1.0629406460793689e-05,0.0005969643825665116,0.01513671875
CIFAR100,ResNet18BN,sea-willow_tree,5850,0,21,16,6.0597444644372445e-06,0.00029222531884443015,0.0091552734375
CIFAR100,ResNet18BN,sea-willow_tree,5850,0,22,17,4.035414349345956e-06,0.00023128205793909729,0.00537109375
CIFAR100,ResNet18BN,sea-willow_tree,5850,0,23,17,2.4889504857128486e-06,0.00011576435645110905,0.003173828125
CIFAR100,ResNet18BN,sea-willow_tree,5850,0,24,16,1.7503617186775955e-06,7.51916304579936e-05,0.00201416015625
CIFAR100,ResNet18BN,sea-willow_tree,5850,0,25,17,8.991045774564554e-07,4.67868048872333e-05,0.00146484375
CIFAR100,ResNet18BN,sea-willow_tree,5850,0,26,17,4.693247319664806e-07,2.161440352210775e-05,0.000732421875
CIFAR100,ResNet18BN,sea-willow_tree,5850,0,27,16,3.0068940759520046e-07,1.5953866750351153e-05,0.0003662109375
CIFAR100,ResNet18BN,sea-willow_tree,5850,0,28,17,1.5633980865459307e-07,7.875387382227927e-06,0.000244140625
CIFAR100,ResNet18BN,sea-willow_tree,5850,0,29,17,3.371689061282268e-08,4.3623104802915924e-14,0.0
CIFAR100,ResNet18BN,sea-willow_tree,5850,0,30,16,1.4492804178978247e-09,2.1014492492267534e-15,0.0
CIFAR100,ResNet18BN,sea-willow_tree,5850,1,1,17,0.0005993047379888594,0.03956091031432152,0.8360595703125
CIFAR100,ResNet18BN,sea-willow_tree,5850,1,2,17,0.00039042846765369177,0.027994051575660706,0.67041015625
CIFAR100,ResNet18BN,sea-willow_tree,5850,1,3,16,0.0003041370800929144,0.021542789414525032,0.648193359375
CIFAR100,ResNet18BN,sea-willow_tree,5850,1,4,17,0.0002964969608001411,0.02207978442311287,0.416259765625
CIFAR100,ResNet18BN,sea-willow_tree,5850,1,5,17,0.0002125066821463406,0.016359843313694,0.43994140625
CIFAR100,ResNet18BN,sea-willow_tree,5850,1,6,16,0.00016706387395970523,0.010806277859956026,0.312744140625
CIFAR100,ResNet18BN,sea-willow_tree,5850,1,7,17,0.00017683804617263377,0.012505696155130863,0.31884765625
CIFAR100,ResNet18BN,sea-willow_tree,5850,1,8,17,0.00013457892055157572,0.009066788479685783,0.29541015625
CIFAR100,ResNet18BN,sea-willow_tree,5850,1,9,16,0.00012781132681993768,0.008023429894819856,0.2034912109375
CIFAR100,ResNet18BN,sea-willow_tree,5850,1,10,17,8.900571992853656e-05,0.005940718576312065,0.16552734375
CIFAR100,ResNet18BN,sea-willow_tree,5850,1,11,17,7.597853982588276e-05,0.005782868713140488,0.16552734375
CIFAR100,ResNet18BN,sea-willow_tree,5850,1,12,16,6.307803050731309e-05,0.004417481366544962,0.12860107421875
CIFAR100,ResNet18BN,sea-willow_tree,5850,1,13,17,5.05251155118458e-05,0.003984882961958647,0.122802734375
CIFAR100,ResNet18BN,sea-willow_tree,5850,1,14,17,4.309936048230156e-05,0.0030183896888047457,0.096435546875
CIFAR100,ResNet18BN,sea-willow_tree,5850,1,15,16,3.155119520670269e-05,0.002249171957373619,0.05029296875
CIFAR100,ResNet18BN,sea-willow_tree,5850,1,16,17,2.471895277267322e-05,0.0019449780229479074,0.043212890625
CIFAR100,ResNet18BN,sea-willow_tree,5850,1,17,17,1.5529336451436393e-05,0.0010089577408507466,0.032958984375
CIFAR100,ResNet18BN,sea-willow_tree,5850,1,18,16,1.5311654351535253e-05,0.0010971243027597666,0.0264892578125
CIFAR100,ResNet18BN,sea-willow_tree,5850,1,19,17,1.0453917639097199e-05,0.0006746678263880312,0.0145263671875
CIFAR100,ResNet18BN,sea-willow_tree,5850,1,20,17,9.20385355129838e-06,0.0005775972967967391,0.017333984375
CIFAR100,ResNet18BN,sea-willow_tree,5850,1,21,16,6.4438904701091815e-06,0.00044758530566468835,0.010009765625
CIFAR100,ResNet18BN,sea-willow_tree,5850,1,22,17,4.723643087345408e-06,0.00031156433396972716,0.0087890625
CIFAR100,ResNet18BN,sea-willow_tree,5850,1,23,17,3.53389418705774e-06,0.00023479647643398494,0.00634765625
CIFAR100,ResNet18BN,sea-willow_tree,5850,1,24,16,2.3011882603896083e-06,0.00016740785213187337,0.00439453125
CIFAR100,ResNet18BN,sea-willow_tree,5850,1,25,17,1.5152885453062481e-06,0.00010189024033024907,0.00244140625
CIFAR100,ResNet18BN,sea-willow_tree,5850,1,26,17,8.736675454201759e-07,6.371337076416239e-05,0.00146484375
CIFAR100,ResNet18BN,sea-willow_tree,5850,1,27,16,4.531262050022633e-07,3.1512443456449546e-05,0.000732421875
CIFAR100,ResNet18BN,sea-willow_tree,5850,1,28,17,1.8566835535693826e-07,1.385029736411525e-05,0.00048828125
CIFAR100,ResNet18BN,sea-willow_tree,5850,1,29,17,4.7443514006317855e-08,1.8207646761830842e-12,0.0001220703125
CIFAR100,ResNet18BN,sea-willow_tree,5850,1,30,16,5.2802027195042456e-09,2.35883944213304e-13,0.0
CIFAR100,ResNet18BN,sea-willow_tree,5850,2,1,17,0.0006858668639324605,0.04326936602592468,0.721923828125
CIFAR100,ResNet18BN,sea-willow_tree,5850,2,2,17,0.0003458283608779311,0.02226918376982212,0.4287109375
CIFAR100,ResNet18BN,sea-willow_tree,5850,2,3,16,0.0002810228324960917,0.01746621262282133,0.26715087890625
CIFAR100,ResNet18BN,sea-willow_tree,5850,2,4,17,0.00021711140288971364,0.012626394629478455,0.250244140625
CIFAR100,ResNet18BN,sea-willow_tree,5850,2,5,17,0.00016612480976618826,0.010458091273903847,0.1923828125
CIFAR100,ResNet18BN,sea-willow_tree,5850,2,6,16,0.0001535540068289265,0.01006636256352067,0.174072265625
CIFAR100,ResNet18BN,sea-willow_tree,5850,2,7,17,0.00014051269681658596,0.008699305355548859,0.187255859375
CIFAR100,ResNet18BN,sea-willow_tree,5850,2,8,17,0.0001000237898551859,0.006661998573690653,0.1414794921875
CIFAR100,ResNet18BN,sea-willow_tree,5850,2,9,16,7.757275670883246e-05,0.004703601822257042,0.1026611328125
CIFAR100,ResNet18BN,sea-willow_tree,5850,2,10,17,7.836338772904128e-05,0.005784314125776291,0.132080078125
CIFAR100,ResNet18BN,sea-willow_tree,5850,2,11,17,5.253230483504012e-05,0.0031603018287569284,0.0516357421875
CIFAR100,ResNet18BN,sea-willow_tree,5850,2,12,16,5.515083103091456e-05,0.0035024324897676706,0.06280517578125
CIFAR100,ResNet18BN,sea-willow_tree,5850,2,13,17,4.2221374314976856e-05,0.002778976922854781,0.0399169921875
CIFAR100,ResNet18BN,sea-willow_tree,5850,2,14,17,2.962721737276297e-05,0.0021051440853625536,0.0389404296875
CIFAR100,ResNet18BN,sea-willow_tree,5850,2,15,16,2.643904554133769e-05,0.0017763507785275578,0.02545166015625
CIFAR100,ResNet18BN,sea-willow_tree,5850,2,16,17,2.1590803953586146e-05,0.0014756382443010807,0.0189208984375
CIFAR100,ResNet18BN,sea-willow_tree,5850,2,17,17,1.4781109712203033e-05,0.0009642112418077886,0.014404296875
CIFAR100,ResNet18BN,sea-willow_tree,5850,2,18,16,1.1586265827645548e-05,0.0007851481204852462,0.013671875
CIFAR100,ResNet18BN,sea-willow_tree,5850,2,19,17,9.776091246749274e-06,0.0006309524760581553,0.01220703125
CIFAR100,ResNet18BN,sea-willow_tree,5850,2,20,17,6.2264334701467305e-06,0.0004171351611148566,0.007568359375
CIFAR100,ResNet18BN,sea-willow_tree,5850,2,21,16,4.79647565043706e-06,0.00029302583425305784,0.00592041015625
CIFAR100,ResNet18BN,sea-willow_tree,5850,2,22,17,3.315639332868159e-06,0.00020911305909976363,0.003173828125
CIFAR100,ResNet18BN,sea-willow_tree,5850,2,23,17,1.8333702200834523e-06,0.00012350131873972714,0.0020751953125
CIFAR100,ResNet18BN,sea-willow_tree,5850,2,24,16,1.181150935281039e-06,7.622936391271651e-05,0.00140380859375
CIFAR100,ResNet18BN,sea-willow_tree,5850,2,25,17,6.776660370633181e-07,4.873852230957709e-05,0.0008544921875
CIFAR100,ResNet18BN,sea-willow_tree,5850,2,26,17,3.8189887163753156e-07,1.950746082002297e-05,0.00048828125
CIFAR100,ResNet18BN,sea-willow_tree,5850,2,27,16,1.7004347085958216e-07,1.0412156825623242e-05,0.0001220703125
CIFAR100,ResNet18BN,sea-willow_tree,5850,2,28,17,4.9201037910506784e-08,4.788190006434993e-15,0.0001220703125
CIFAR100,ResNet18BN,sea-willow_tree,5850,2,29,17,8.54053094911933e-09,6.161623119584384e-16,0.0
CIFAR100,ResNet18BN,sea-willow_tree,5850,2,30,16,9.106186638074831e-10,1.3189352515510664e-16,0.0
CIFAR100,ResNet18BN,sea-willow_tree,5850,3,1,17,0.0007421313202939928,0.036320656538009644,0.9013671875
CIFAR100,ResNet18BN,sea-willow_tree,5850,3,2,17,0.0005251040565781295,0.023320715874433517,0.80224609375
CIFAR100,ResNet18BN,sea-willow_tree,5850,3,3,16,0.000384061859222129,0.019473573192954063,0.5177001953125
CIFAR100,ResNet18BN,sea-willow_tree,5850,3,4,17,0.00029547917074523866,0.016331244260072708,0.40673828125
CIFAR100,ResNet18BN,sea-willow_tree,5850,3,5,17,0.00022059420007281005,0.014396853744983673,0.465576171875
CIFAR100,ResNet18BN,sea-willow_tree,5850,3,6,16,0.00020399107597768307,0.009845986496657133,0.4022216796875
CIFAR100,ResNet18BN,sea-willow_tree,5850,3,7,17,0.0001637791865505278,0.008565259166061878,0.23486328125
CIFAR100,ResNet18BN,sea-willow_tree,5850,3,8,17,0.00016097119078040123,0.008212408050894737,0.25048828125
CIFAR100,ResNet18BN,sea-willow_tree,5850,3,9,16,0.00011392047963454388,0.006117402808740735,0.206298828125
CIFAR100,ResNet18BN,sea-willow_tree,5850,3,10,17,9.798372047953308e-05,0.0045129964128136635,0.119873046875
CIFAR100,ResNet18BN,sea-willow_tree,5850,3,11,17,6.742328696418554e-05,0.004296464379876852,0.1279296875
CIFAR100,ResNet18BN,sea-willow_tree,5850,3,12,16,5.553958908421919e-05,0.002904911059886217,0.103271484375
CIFAR100,ResNet18BN,sea-willow_tree,5850,3,13,17,4.312246892368421e-05,0.002300757449120283,0.0869140625
CIFAR100,ResNet18BN,sea-willow_tree,5850,3,14,17,3.9819682569941506e-05,0.0023011364974081516,0.08251953125
CIFAR100,ResNet18BN,sea-willow_tree,5850,3,15,16,2.6250114387948997e-05,0.001360892434604466,0.0472412109375
CIFAR100,ResNet18BN,sea-willow_tree,5850,3,16,17,2.1585648937616497e-05,0.0011776211904361844,0.03173828125
CIFAR100,ResNet18BN,sea-willow_tree,5850,3,17,17,1.642664210521616e-05,0.0009076475980691612,0.028076171875
CIFAR100,ResNet18BN,sea-willow_tree,5850,3,18,16,1.550872320876806e-05,0.0007012870628386736,0.0218505859375
CIFAR100,ResNet18BN,sea-willow_tree,5850,3,19,17,1.2469869034248404e-05,0.0007034448208287358,0.0186767578125
CIFAR100,ResNet18BN,sea-willow_tree,5850,3,20,17,7.835840733605437e-06,0.00041446471004746854,0.011962890625
CIFAR100,ResNet18BN,sea-willow_tree,5850,3,21,16,4.967756694895797e-06,0.0002842485992005095,0.00946044921875
CIFAR100,ResNet18BN,sea-willow_tree,5850,3,22,17,3.6373608054418582e-06,0.00018747797003015876,0.0062255859375
CIFAR100,ResNet18BN,sea-willow_tree,5850,3,23,17,2.496665047146962e-06,0.00013316451804712415,0.004150390625
CIFAR100,ResNet18BN,sea-willow_tree,5850,3,24,16,1.7199078001794987e-06,9.30039350350853e-05,0.00341796875
CIFAR100,ResNet18BN,sea-willow_tree,5850,3,25,17,1.1331899258948397e-06,7.006407395238057e-05,0.0029296875
CIFAR100,ResNet18BN,sea-willow_tree,5850,3,26,17,7.098835794749903e-07,4.166889266343787e-05,0.0009765625
CIFAR100,ResNet18BN,sea-willow_tree,5850,3,27,16,4.71927791068083e-07,2.6575149604468606e-05,0.00042724609375
CIFAR100,ResNet18BN,sea-willow_tree,5850,3,28,17,1.419356578935549e-07,8.09791890787892e-06,0.000244140625
CIFAR100,ResNet18BN,sea-willow_tree,5850,3,29,17,1.7952080710870177e-08,3.3804521648009202e-15,0.0
CIFAR100,ResNet18BN,sea-willow_tree,5850,3,30,16,3.1841986825043023e-09,3.0973494810406383e-16,0.0
CIFAR100,ResNet18BN,sea-willow_tree,5850,4,1,17,0.0005547389737330377,0.028952965512871742,0.8907470703125
CIFAR100,ResNet18BN,sea-willow_tree,5850,4,2,17,0.000405395490815863,0.02361624874174595,0.61669921875
CIFAR100,ResNet18BN,sea-willow_tree,5850,4,3,16,0.00029921317764092237,0.01664961175993085,0.453125
CIFAR100,ResNet18BN,sea-willow_tree,5850,4,4,17,0.00023827982658986002,0.011441929265856743,0.323486328125
CIFAR100,ResNet18BN,sea-willow_tree,5850,4,5,17,0.00021297710190992802,0.01101352833211422,0.33056640625
CIFAR100,ResNet18BN,sea-willow_tree,5850,4,6,16,0.00015363827697001398,0.008964965119957924,0.29913330078125
CIFAR100,ResNet18BN,sea-willow_tree,5850,4,7,17,0.00014779697812628,0.007874286733567715,0.21923828125
CIFAR100,ResNet18BN,sea-willow_tree,5850,4,8,17,0.00013167386350687593,0.008001474663615227,0.18701171875
CIFAR100,ResNet18BN,sea-willow_tree,5850,4,9,16,0.00012235475514899008,0.00677646673284471,0.18701171875
CIFAR100,ResNet18BN,sea-willow_tree,5850,4,10,17,7.37974769435823e-05,0.0037896032445132732,0.126953125
CIFAR100,ResNet18BN,sea-willow_tree,5850,4,11,17,6.699231016682461e-05,0.0035334082785993814,0.08837890625
CIFAR100,ResNet18BN,sea-willow_tree,5850,4,12,16,5.903765486436896e-05,0.0034794106613844633,0.09332275390625
CIFAR100,ResNet18BN,sea-willow_tree,5850,4,13,17,4.346827699919231e-05,0.002470256993547082,0.06640625
CIFAR100,ResNet18BN,sea-willow_tree,5850,4,14,17,3.738845043699257e-05,0.0020337842870503664,0.045654296875
CIFAR100,ResNet18BN,sea-willow_tree,5850,4,15,16,3.274314076406881e-05,0.001803309831302613,0.0386962890625
CIFAR100,ResNet18BN,sea-willow_tree,5850,4,16,17,2.0919762391713448e-05,0.0012264876859262586,0.03564453125
CIFAR100,ResNet18BN,sea-willow_tree,5850,4,17,17,2.0166931790299714e-05,0.001165473135188222,0.033935546875
CIFAR100,ResNet18BN,sea-willow_tree,5850,4,18,16,1.258338124898728e-05,0.0008228464866988361,0.01849365234375
CIFAR100,ResNet18BN,sea-willow_tree,5850,4,19,17,8.377365702472162e-06,0.00044665473978966475,0.013916015625
CIFAR100,ResNet18BN,sea-willow_tree,5850,4,20,17,6.401156042556977e-06,0.00039583584293723106,0.01025390625
CIFAR100,ResNet18BN,sea-willow_tree,5850,4,21,16,5.105081527290167e-06,0.00025900689070113003,0.008056640625
CIFAR100,ResNet18BN,sea-willow_tree,5850,4,22,17,3.4113359106413554e-06,0.0001807761291274801,0.00537109375
CIFAR100,ResNet18BN,sea-willow_tree,5850,4,23,17,2.7204100661037955e-06,0.00016951735597103834,0.004150390625
CIFAR100,ResNet18BN,sea-willow_tree,5850,4,24,16,1.8580350911179266e-06,9.851567301666364e-05,0.0028076171875
CIFAR100,ResNet18BN,sea-willow_tree,5850,4,25,17,1.0093132232213975e-06,4.915767567581497e-05,0.00146484375
CIFAR100,ResNet18BN,sea-willow_tree,5850,4,26,17,4.946380158799002e-07,2.5183468096656725e-05,0.000732421875
CIFAR100,ResNet18BN,sea-willow_tree,5850,4,27,16,1.6191997076475673e-07,8.755088401812827e-06,0.0003662109375
CIFAR100,ResNet18BN,sea-willow_tree,5850,4,28,17,3.824505867555672e-08,1.0419198056416112e-12,0.0
CIFAR100,ResNet18BN,sea-willow_tree,5850,4,29,17,1.6708364469764092e-08,2.0780733633440213e-13,0.0
CIFAR100,ResNet18BN,sea-willow_tree,5850,4,30,16,3.1330473770907474e-09,3.163650778522688e-14,0.0
CIFAR100,ResNet18BN,sea-willow_tree,6836,0,1,17,0.0006689064321108162,0.038932256400585175,1.152587890625
CIFAR100,ResNet18BN,sea-willow_tree,6836,0,2,17,0.00039525440661236644,0.02632189355790615,1.131103515625
CIFAR100,ResNet18BN,sea-willow_tree,6836,0,3,16,0.00028944454970769584,0.018012250773608685,0.753662109375
CIFAR100,ResNet18BN,sea-willow_tree,6836,0,4,17,0.00025604289839975536,0.016599109396338463,0.609619140625
CIFAR100,ResNet18BN,sea-willow_tree,6836,0,5,17,0.00020549478358589113,0.012936427257955074,0.356201171875
CIFAR100,ResNet18BN,sea-willow_tree,6836,0,6,16,0.00017942884005606174,0.012296499218791723,0.4168701171875
CIFAR100,ResNet18BN,sea-willow_tree,6836,0,7,17,0.00013767961354460567,0.009102593176066875,0.34716796875
CIFAR100,ResNet18BN,sea-willow_tree,6836,0,8,17,0.0001137846484198235,0.007106505800038576,0.2421875
CIFAR100,ResNet18BN,sea-willow_tree,6836,0,9,16,0.00011879018347826786,0.0083119529299438,0.2225341796875
CIFAR100,ResNet18BN,sea-willow_tree,6836,0,10,17,7.358342554653063e-05,0.005484005436301231,0.162109375
CIFAR100,ResNet18BN,sea-willow_tree,6836,0,11,17,7.51423358451575e-05,0.005475309211760759,0.144287109375
CIFAR100,ResNet18BN,sea-willow_tree,6836,0,12,16,4.753516805067193e-05,0.002926977234892547,0.1109619140625
CIFAR100,ResNet18BN,sea-willow_tree,6836,0,13,17,4.780042581842281e-05,0.0030324223916977644,0.11767578125
CIFAR100,ResNet18BN,sea-willow_tree,6836,0,14,17,3.506779466988519e-05,0.002156626433134079,0.08544921875
CIFAR100,ResNet18BN,sea-willow_tree,6836,0,15,16,2.7827199119201396e-05,0.0017872010939754546,0.0589599609375
CIFAR100,ResNet18BN,sea-willow_tree,6836,0,16,17,1.9890614566975273e-05,0.0012121973559260368,0.03125
CIFAR100,ResNet18BN,sea-willow_tree,6836,0,17,17,1.7884338376461528e-05,0.0014299663016572595,0.04296875
CIFAR100,ResNet18BN,sea-willow_tree,6836,0,18,16,1.3431243132799864e-05,0.0009243453096132725,0.0357666015625
CIFAR100,ResNet18BN,sea-willow_tree,6836,0,19,17,9.852040420810226e-06,0.0006363469874486327,0.02587890625
CIFAR100,ResNet18BN,sea-willow_tree,6836,0,20,17,1.0629406460793689e-05,0.0007306542247533798,0.021728515625
CIFAR100,ResNet18BN,sea-willow_tree,6836,0,21,16,6.0597444644372445e-06,0.0004062208317918703,0.0137939453125
CIFAR100,ResNet18BN,sea-willow_tree,6836,0,22,17,4.035414349345956e-06,0.0002905622823163867,0.008544921875
CIFAR100,ResNet18BN,sea-willow_tree,6836,0,23,17,2.4889504857128486e-06,0.0001538183423690498,0.00537109375
CIFAR100,ResNet18BN,sea-willow_tree,6836,0,24,16,1.7503617186775955e-06,9.892573143588379e-05,0.0035400390625
CIFAR100,ResNet18BN,sea-willow_tree,6836,0,25,17,8.991045774564554e-07,6.14252348896116e-05,0.002197265625
CIFAR100,ResNet18BN,sea-willow_tree,6836,0,26,17,4.693247319664806e-07,2.8399757866282016e-05,0.0009765625
CIFAR100,ResNet18BN,sea-willow_tree,6836,0,27,16,3.0068940759520046e-07,2.072185179713415e-05,0.0006103515625
CIFAR100,ResNet18BN,sea-willow_tree,6836,0,28,17,1.5633980865459307e-07,1.0673635188140906e-05,0.00048828125
CIFAR100,ResNet18BN,sea-willow_tree,6836,0,29,17,3.371689061282268e-08,3.771066914141398e-15,0.0
CIFAR100,ResNet18BN,sea-willow_tree,6836,0,30,16,1.4492804178978247e-09,8.144223442211323e-17,0.0
CIFAR100,ResNet18BN,sea-willow_tree,6836,1,1,17,0.0005993047379888594,0.0410626083612442,0.965576171875
CIFAR100,ResNet18BN,sea-willow_tree,6836,1,2,17,0.00039042846765369177,0.028294268995523453,0.757080078125
CIFAR100,ResNet18BN,sea-willow_tree,6836,1,3,16,0.0003041370800929144,0.02317326981574297,0.6978759765625
CIFAR100,ResNet18BN,sea-willow_tree,6836,1,4,17,0.0002964969608001411,0.021735673770308495,0.53076171875
CIFAR100,ResNet18BN,sea-willow_tree,6836,1,5,17,0.0002125066821463406,0.015999119728803635,0.478515625
CIFAR100,ResNet18BN,sea-willow_tree,6836,1,6,16,0.00016706387395970523,0.01119724428281188,0.393798828125
CIFAR100,ResNet18BN,sea-willow_tree,6836,1,7,17,0.00017683804617263377,0.013251247815787792,0.3935546875
CIFAR100,ResNet18BN,sea-willow_tree,6836,1,8,17,0.00013457892055157572,0.010533561930060387,0.344482421875
CIFAR100,ResNet18BN,sea-willow_tree,6836,1,9,16,0.00012781132681993768,0.008419179823249578,0.20849609375
CIFAR100,ResNet18BN,sea-willow_tree,6836,1,10,17,8.900571992853656e-05,0.006099916063249111,0.18212890625
CIFAR100,ResNet18BN,sea-willow_tree,6836,1,11,17,7.597853982588276e-05,0.005848912056535482,0.18701171875
CIFAR100,ResNet18BN,sea-willow_tree,6836,1,12,16,6.307803050731309e-05,0.004434367408975959,0.143310546875
CIFAR100,ResNet18BN,sea-willow_tree,6836,1,13,17,5.05251155118458e-05,0.00371317146345973,0.1484375
CIFAR100,ResNet18BN,sea-willow_tree,6836,1,14,17,4.309936048230156e-05,0.003215941833332181,0.10009765625
CIFAR100,ResNet18BN,sea-willow_tree,6836,1,15,16,3.155119520670269e-05,0.0021811892511323094,0.0635986328125
CIFAR100,ResNet18BN,sea-willow_tree,6836,1,16,17,2.471895277267322e-05,0.0020650518126785755,0.0546875
CIFAR100,ResNet18BN,sea-willow_tree,6836,1,17,17,1.5529336451436393e-05,0.0010898885084316134,0.03515625
CIFAR100,ResNet18BN,sea-willow_tree,6836,1,18,16,1.5311654351535253e-05,0.0009806417219806463,0.0311279296875
CIFAR100,ResNet18BN,sea-willow_tree,6836,1,19,17,1.0453917639097199e-05,0.0006718584336340427,0.0224609375
CIFAR100,ResNet18BN,sea-willow_tree,6836,1,20,17,9.20385355129838e-06,0.0006957367877475917,0.0205078125
CIFAR100,ResNet18BN,sea-willow_tree,6836,1,21,16,6.4438904701091815e-06,0.0004747255879919976,0.013671875
CIFAR100,ResNet18BN,sea-willow_tree,6836,1,22,17,4.723643087345408e-06,0.00037981741479597986,0.010009765625
CIFAR100,ResNet18BN,sea-willow_tree,6836,1,23,17,3.53389418705774e-06,0.00022069254191592336,0.0068359375
CIFAR100,ResNet18BN,sea-willow_tree,6836,1,24,16,2.3011882603896083e-06,0.00017524192662676796,0.00537109375
CIFAR100,ResNet18BN,sea-willow_tree,6836,1,25,17,1.5152885453062481e-06,0.0001057010522345081,0.003662109375
CIFAR100,ResNet18BN,sea-willow_tree,6836,1,26,17,8.736675454201759e-07,6.969414971536025e-05,0.001708984375
CIFAR100,ResNet18BN,sea-willow_tree,6836,1,27,16,4.531262050022633e-07,3.208873749827035e-05,0.0008544921875
CIFAR100,ResNet18BN,sea-willow_tree,6836,1,28,17,1.8566835535693826e-07,1.5548388546449132e-05,0.00048828125
CIFAR100,ResNet18BN,sea-willow_tree,6836,1,29,17,4.7443514006317855e-08,2.2500585921368665e-13,0.000244140625
CIFAR100,ResNet18BN,sea-willow_tree,6836,1,30,16,5.2802027195042456e-09,2.1868430663866088e-14,0.0
CIFAR100,ResNet18BN,sea-willow_tree,6836,2,1,17,0.0006858668639324605,0.04320170357823372,1.119384765625
CIFAR100,ResNet18BN,sea-willow_tree,6836,2,2,17,0.0003458283608779311,0.0254378542304039,0.6279296875
CIFAR100,ResNet18BN,sea-willow_tree,6836,2,3,16,0.0002810228324960917,0.018908374942839146,0.4398193359375
CIFAR100,ResNet18BN,sea-willow_tree,6836,2,4,17,0.00021711140288971364,0.016077419742941856,0.350341796875
CIFAR100,ResNet18BN,sea-willow_tree,6836,2,5,17,0.00016612480976618826,0.012207736261188984,0.3193359375
CIFAR100,ResNet18BN,sea-willow_tree,6836,2,6,16,0.0001535540068289265,0.011270326562225819,0.2861328125
CIFAR100,ResNet18BN,sea-willow_tree,6836,2,7,17,0.00014051269681658596,0.009580652229487896,0.284423828125
CIFAR100,ResNet18BN,sea-willow_tree,6836,2,8,17,0.0001000237898551859,0.007270513568073511,0.185302734375
CIFAR100,ResNet18BN,sea-willow_tree,6836,2,9,16,7.757275670883246e-05,0.0052873927634209394,0.162353515625
CIFAR100,ResNet18BN,sea-willow_tree,6836,2,10,17,7.836338772904128e-05,0.0061667743138968945,0.1865234375
CIFAR100,ResNet18BN,sea-willow_tree,6836,2,11,17,5.253230483504012e-05,0.0035110104363411665,0.093505859375
CIFAR100,ResNet18BN,sea-willow_tree,6836,2,12,16,5.515083103091456e-05,0.0037819748977199197,0.09814453125
CIFAR100,ResNet18BN,sea-willow_tree,6836,2,13,17,4.2221374314976856e-05,0.0033927622716873884,0.065673828125
CIFAR100,ResNet18BN,sea-willow_tree,6836,2,14,17,2.962721737276297e-05,0.002170042134821415,0.05615234375
CIFAR100,ResNet18BN,sea-willow_tree,6836,2,15,16,2.643904554133769e-05,0.001953710278030485,0.0472412109375
CIFAR100,ResNet18BN,sea-willow_tree,6836,2,16,17,2.1590803953586146e-05,0.0016619674861431122,0.04296875
CIFAR100,ResNet18BN,sea-willow_tree,6836,2,17,17,1.4781109712203033e-05,0.00105049938429147,0.026123046875
CIFAR100,ResNet18BN,sea-willow_tree,6836,2,18,16,1.1586265827645548e-05,0.0007594831404276192,0.0211181640625
CIFAR100,ResNet18BN,sea-willow_tree,6836,2,19,17,9.776091246749274e-06,0.0007438791799359024,0.019287109375
CIFAR100,ResNet18BN,sea-willow_tree,6836,2,20,17,6.2264334701467305e-06,0.0004346171917859465,0.011962890625
CIFAR100,ResNet18BN,sea-willow_tree,6836,2,21,16,4.79647565043706e-06,0.00033378234365954995,0.0107421875
CIFAR100,ResNet18BN,sea-willow_tree,6836,2,22,17,3.315639332868159e-06,0.00021316990023478866,0.005859375
CIFAR100,ResNet18BN,sea-willow_tree,6836,2,23,17,1.8333702200834523e-06,0.0001293696550419554,0.00341796875
CIFAR100,ResNet18BN,sea-willow_tree,6836,2,24,16,1.181150935281039e-06,7.867456588428468e-05,0.0020751953125
CIFAR100,ResNet18BN,sea-willow_tree,6836,2,25,17,6.776660370633181e-07,4.8877471272135153e-05,0.001708984375
CIFAR100,ResNet18BN,sea-willow_tree,6836,2,26,17,3.8189887163753156e-07,2.566509647294879e-05,0.000732421875
CIFAR100,ResNet18BN,sea-willow_tree,6836,2,27,16,1.7004347085958216e-07,1.1855017874040641e-05,0.000244140625
CIFAR100,ResNet18BN,sea-willow_tree,6836,2,28,17,4.9201037910506784e-08,3.14814146973319e-13,0.000244140625
CIFAR100,ResNet18BN,sea-willow_tree,6836,2,29,17,8.54053094911933e-09,6.419844819324002e-15,0.0
CIFAR100,ResNet18BN,sea-willow_tree,6836,2,30,16,9.106186638074831e-10,2.510256056047657e-16,0.0
CIFAR100,ResNet18BN,sea-willow_tree,6836,3,1,17,0.0007421313202939928,0.048758894205093384,1.457763671875
CIFAR100,ResNet18BN,sea-willow_tree,6836,3,2,17,0.0005251040565781295,0.031002793461084366,0.99658203125
CIFAR100,ResNet18BN,sea-willow_tree,6836,3,3,16,0.000384061859222129,0.023587530478835106,0.7183837890625
CIFAR100,ResNet18BN,sea-willow_tree,6836,3,4,17,0.00029547917074523866,0.018498919904232025,0.6708984375
CIFAR100,ResNet18BN,sea-willow_tree,6836,3,5,17,0.00022059420007281005,0.017406828701496124,0.5546875
CIFAR100,ResNet18BN,sea-willow_tree,6836,3,6,16,0.00020399107597768307,0.014378832187503576,0.5419921875
CIFAR100,ResNet18BN,sea-willow_tree,6836,3,7,17,0.0001637791865505278,0.010946557857096195,0.362060546875
CIFAR100,ResNet18BN,sea-willow_tree,6836,3,8,17,0.00016097119078040123,0.011610793881118298,0.41455078125
CIFAR100,ResNet18BN,sea-willow_tree,6836,3,9,16,0.00011392047963454388,0.007617596536874771,0.333740234375
CIFAR100,ResNet18BN,sea-willow_tree,6836,3,10,17,9.798372047953308e-05,0.005986861418932676,0.205322265625
CIFAR100,ResNet18BN,sea-willow_tree,6836,3,11,17,6.742328696418554e-05,0.005190255586057901,0.1767578125
CIFAR100,ResNet18BN,sea-willow_tree,6836,3,12,16,5.553958908421919e-05,0.0037204987602308393,0.134521484375
CIFAR100,ResNet18BN,sea-willow_tree,6836,3,13,17,4.312246892368421e-05,0.0030115072149783373,0.1044921875
CIFAR100,ResNet18BN,sea-willow_tree,6836,3,14,17,3.9819682569941506e-05,0.003030615160241723,0.102294921875
CIFAR100,ResNet18BN,sea-willow_tree,6836,3,15,16,2.6250114387948997e-05,0.0018268800340592861,0.06103515625
CIFAR100,ResNet18BN,sea-willow_tree,6836,3,16,17,2.1585648937616497e-05,0.0015183199429884553,0.051025390625
CIFAR100,ResNet18BN,sea-willow_tree,6836,3,17,17,1.642664210521616e-05,0.0011866739951074123,0.039794921875
CIFAR100,ResNet18BN,sea-willow_tree,6836,3,18,16,1.550872320876806e-05,0.0008902377740014344,0.031494140625
CIFAR100,ResNet18BN,sea-willow_tree,6836,3,19,17,1.2469869034248404e-05,0.0009419217240065336,0.03125
CIFAR100,ResNet18BN,sea-willow_tree,6836,3,20,17,7.835840733605437e-06,0.0005234978743828833,0.0166015625
CIFAR100,ResNet18BN,sea-willow_tree,6836,3,21,16,4.967756694895797e-06,0.0003634825407061726,0.012939453125
CIFAR100,ResNet18BN,sea-willow_tree,6836,3,22,17,3.6373608054418582e-06,0.00023724758648313582,0.008544921875
CIFAR100,ResNet18BN,sea-willow_tree,6836,3,23,17,2.496665047146962e-06,0.00016291384235955775,0.00634765625
CIFAR100,ResNet18BN,sea-willow_tree,6836,3,24,16,1.7199078001794987e-06,0.00012648884148802608,0.00390625
CIFAR100,ResNet18BN,sea-willow_tree,6836,3,25,17,1.1331899258948397e-06,8.647742652101442e-05,0.00390625
CIFAR100,ResNet18BN,sea-willow_tree,6836,3,26,17,7.098835794749903e-07,5.442253313958645e-05,0.00146484375
CIFAR100,ResNet18BN,sea-willow_tree,6836,3,27,16,4.71927791068083e-07,3.5302331525599584e-05,0.000732421875
CIFAR100,ResNet18BN,sea-willow_tree,6836,3,28,17,1.419356578935549e-07,1.1431048733356874e-05,0.00048828125
CIFAR100,ResNet18BN,sea-willow_tree,6836,3,29,17,1.7952080710870177e-08,1.3268623396192614e-13,0.0
CIFAR100,ResNet18BN,sea-willow_tree,6836,3,30,16,3.1841986825043023e-09,7.643665550087801e-15,0.0
CIFAR100,ResNet18BN,sea-willow_tree,6836,4,1,17,0.0005547389737330377,0.039736371487379074,0.90673828125
CIFAR100,ResNet18BN,sea-willow_tree,6836,4,2,17,0.000405395490815863,0.030198125168681145,0.826416015625
CIFAR100,ResNet18BN,sea-willow_tree,6836,4,3,16,0.00029921317764092237,0.022228136658668518,0.5535888671875
CIFAR100,ResNet18BN,sea-willow_tree,6836,4,4,17,0.00023827982658986002,0.017505571246147156,0.4013671875
CIFAR100,ResNet18BN,sea-willow_tree,6836,4,5,17,0.00021297710190992802,0.017396464943885803,0.4033203125
CIFAR100,ResNet18BN,sea-willow_tree,6836,4,6,16,0.00015363827697001398,0.011588032823055983,0.343017578125
CIFAR100,ResNet18BN,sea-willow_tree,6836,4,7,17,0.00014779697812628,0.011087668128311634,0.229736328125
CIFAR100,ResNet18BN,sea-willow_tree,6836,4,8,17,0.00013167386350687593,0.01138057466596365,0.28173828125
CIFAR100,ResNet18BN,sea-willow_tree,6836,4,9,16,0.00012235475514899008,0.009626961313188076,0.234619140625
CIFAR100,ResNet18BN,sea-willow_tree,6836,4,10,17,7.37974769435823e-05,0.005444787442684174,0.142333984375
CIFAR100,ResNet18BN,sea-willow_tree,6836,4,11,17,6.699231016682461e-05,0.0051105027087032795,0.131591796875
CIFAR100,ResNet18BN,sea-willow_tree,6836,4,12,16,5.903765486436896e-05,0.004976375959813595,0.110595703125
CIFAR100,ResNet18BN,sea-willow_tree,6836,4,13,17,4.346827699919231e-05,0.003753319149836898,0.081298828125
CIFAR100,ResNet18BN,sea-willow_tree,6836,4,14,17,3.738845043699257e-05,0.003156206337735057,0.072021484375
CIFAR100,ResNet18BN,sea-willow_tree,6836,4,15,16,3.274314076406881e-05,0.002652820898219943,0.060791015625
CIFAR100,ResNet18BN,sea-willow_tree,6836,4,16,17,2.0919762391713448e-05,0.001818008255213499,0.050048828125
CIFAR100,ResNet18BN,sea-willow_tree,6836,4,17,17,2.0166931790299714e-05,0.0015450803330168128,0.04296875
CIFAR100,ResNet18BN,sea-willow_tree,6836,4,18,16,1.258338124898728e-05,0.0011100487899966538,0.028076171875
CIFAR100,ResNet18BN,sea-willow_tree,6836,4,19,17,8.377365702472162e-06,0.0006889459327794611,0.01708984375
CIFAR100,ResNet18BN,sea-willow_tree,6836,4,20,17,6.401156042556977e-06,0.0005051051848568022,0.01220703125
CIFAR100,ResNet18BN,sea-willow_tree,6836,4,21,16,5.105081527290167e-06,0.00036109393113292754,0.009521484375
CIFAR100,ResNet18BN,sea-willow_tree,6836,4,22,17,3.4113359106413554e-06,0.0002492319617886096,0.006591796875
CIFAR100,ResNet18BN,sea-willow_tree,6836,4,23,17,2.7204100661037955e-06,0.00024430316989310086,0.005859375
CIFAR100,ResNet18BN,sea-willow_tree,6836,4,24,16,1.8580350911179266e-06,0.00013443856369121931,0.0035400390625
CIFAR100,ResNet18BN,sea-willow_tree,6836,4,25,17,1.0093132232213975e-06,7.069453567964956e-05,0.001708984375
CIFAR100,ResNet18BN,sea-willow_tree,6836,4,26,17,4.946380158799002e-07,3.504164487821981e-05,0.0009765625
CIFAR100,ResNet18BN,sea-willow_tree,6836,4,27,16,1.6191997076475673e-07,1.2659327694564126e-05,0.00048828125
CIFAR100,ResNet18BN,sea-willow_tree,6836,4,28,17,3.824505867555672e-08,3.476442874891794e-12,0.0
CIFAR100,ResNet18BN,sea-willow_tree,6836,4,29,17,1.6708364469764092e-08,1.7695646380502805e-12,0.0
CIFAR100,ResNet18BN,sea-willow_tree,6836,4,30,16,3.1330473770907474e-09,3.403857734953289e-13,0.0
CIFAR100,ResNet18BN,sea-willow_tree,7005,0,1,17,0.0006689064321108162,0.028258439153432846,0.83203125
CIFAR100,ResNet18BN,sea-willow_tree,7005,0,2,17,0.00039525440661236644,0.016175299882888794,0.624267578125
CIFAR100,ResNet18BN,sea-willow_tree,7005,0,3,16,0.00028944454970769584,0.012078430037945509,0.45416259765625
CIFAR100,ResNet18BN,sea-willow_tree,7005,0,4,17,0.00025604289839975536,0.011498894542455673,0.338623046875
CIFAR100,ResNet18BN,sea-willow_tree,7005,0,5,17,0.00020549478358589113,0.009317493066191673,0.2734375
CIFAR100,ResNet18BN,sea-willow_tree,7005,0,6,16,0.00017942884005606174,0.008955064695328474,0.251708984375
CIFAR100,ResNet18BN,sea-willow_tree,7005,0,7,17,0.00013767961354460567,0.006409424357116222,0.1781005859375
CIFAR100,ResNet18BN,sea-willow_tree,7005,0,8,17,0.0001137846484198235,0.0047918749041855335,0.148681640625
CIFAR100,ResNet18BN,sea-willow_tree,7005,0,9,16,0.00011879018347826786,0.005457352148368955,0.15655517578125
CIFAR100,ResNet18BN,sea-willow_tree,7005,0,10,17,7.358342554653063e-05,0.00367747712880373,0.1171875
CIFAR100,ResNet18BN,sea-willow_tree,7005,0,11,17,7.51423358451575e-05,0.003463967703282833,0.094482421875
CIFAR100,ResNet18BN,sea-willow_tree,7005,0,12,16,4.753516805067193e-05,0.002119070035405457,0.073486328125
CIFAR100,ResNet18BN,sea-willow_tree,7005,0,13,17,4.780042581842281e-05,0.002009123098105192,0.060546875
CIFAR100,ResNet18BN,sea-willow_tree,7005,0,14,17,3.506779466988519e-05,0.0015625071246176958,0.0501708984375
CIFAR100,ResNet18BN,sea-willow_tree,7005,0,15,16,2.7827199119201396e-05,0.0011197435087524354,0.0333251953125
CIFAR100,ResNet18BN,sea-willow_tree,7005,0,16,17,1.9890614566975273e-05,0.000707839906681329,0.0234375
CIFAR100,ResNet18BN,sea-willow_tree,7005,0,17,17,1.7884338376461528e-05,0.0010789093794301152,0.029052734375
CIFAR100,ResNet18BN,sea-willow_tree,7005,0,18,16,1.3431243132799864e-05,0.0005606079939752817,0.02099609375
CIFAR100,ResNet18BN,sea-willow_tree,7005,0,19,17,9.852040420810226e-06,0.0004285311442799866,0.0157470703125
CIFAR100,ResNet18BN,sea-willow_tree,7005,0,20,17,1.0629406460793689e-05,0.00047152547631412745,0.01513671875
CIFAR100,ResNet18BN,sea-willow_tree,7005,0,21,16,6.0597444644372445e-06,0.0002622934989631176,0.00823974609375
CIFAR100,ResNet18BN,sea-willow_tree,7005,0,22,17,4.035414349345956e-06,0.000157792994286865,0.004638671875
CIFAR100,ResNet18BN,sea-willow_tree,7005,0,23,17,2.4889504857128486e-06,9.81681005214341e-05,0.003662109375
CIFAR100,ResNet18BN,sea-willow_tree,7005,0,24,16,1.7503617186775955e-06,6.547977318405174e-05,0.00225830078125
CIFAR100,ResNet18BN,sea-willow_tree,7005,0,25,17,8.991045774564554e-07,4.391416587168351e-05,0.001220703125
CIFAR100,ResNet18BN,sea-willow_tree,7005,0,26,17,4.693247319664806e-07,1.8688406271394342e-05,0.0006103515625
CIFAR100,ResNet18BN,sea-willow_tree,7005,0,27,16,3.0068940759520046e-07,1.455977871955838e-05,0.0003662109375
CIFAR100,ResNet18BN,sea-willow_tree,7005,0,28,17,1.5633980865459307e-07,6.853744253021432e-06,0.000244140625
CIFAR100,ResNet18BN,sea-willow_tree,7005,0,29,17,3.371689061282268e-08,3.998703630584202e-14,0.0
CIFAR100,ResNet18BN,sea-willow_tree,7005,0,30,16,1.4492804178978247e-09,1.3253792929253199e-15,0.0
CIFAR100,ResNet18BN,sea-willow_tree,7005,1,1,17,0.0005993047379888594,0.024140169844031334,0.303955078125
CIFAR100,ResNet18BN,sea-willow_tree,7005,1,2,17,0.00039042846765369177,0.018700087442994118,0.29150390625
CIFAR100,ResNet18BN,sea-willow_tree,7005,1,3,16,0.0003041370800929144,0.015612478367984295,0.20147705078125
CIFAR100,ResNet18BN,sea-willow_tree,7005,1,4,17,0.0002964969608001411,0.014669421128928661,0.1781005859375
CIFAR100,ResNet18BN,sea-willow_tree,7005,1,5,17,0.0002125066821463406,0.0107338922098279,0.1395263671875
CIFAR100,ResNet18BN,sea-willow_tree,7005,1,6,16,0.00016706387395970523,0.007539172424003482,0.119140625
CIFAR100,ResNet18BN,sea-willow_tree,7005,1,7,17,0.00017683804617263377,0.008753211237490177,0.1319580078125
CIFAR100,ResNet18BN,sea-willow_tree,7005,1,8,17,0.00013457892055157572,0.006966582499444485,0.0816650390625
CIFAR100,ResNet18BN,sea-willow_tree,7005,1,9,16,0.00012781132681993768,0.005991839338093996,0.070587158203125
CIFAR100,ResNet18BN,sea-willow_tree,7005,1,10,17,8.900571992853656e-05,0.004038514569401741,0.0562744140625
CIFAR100,ResNet18BN,sea-willow_tree,7005,1,11,17,7.597853982588276e-05,0.004158458206802607,0.051513671875
CIFAR100,ResNet18BN,sea-willow_tree,7005,1,12,16,6.307803050731309e-05,0.003220381331630051,0.04302978515625
CIFAR100,ResNet18BN,sea-willow_tree,7005,1,13,17,5.05251155118458e-05,0.0027282838709652424,0.05108642578125
CIFAR100,ResNet18BN,sea-willow_tree,7005,1,14,17,4.309936048230156e-05,0.0021707769483327866,0.0400390625
CIFAR100,ResNet18BN,sea-willow_tree,7005,1,15,16,3.155119520670269e-05,0.0013773809187114239,0.02166748046875
CIFAR100,ResNet18BN,sea-willow_tree,7005,1,16,17,2.471895277267322e-05,0.001291594933718443,0.0172119140625
CIFAR100,ResNet18BN,sea-willow_tree,7005,1,17,17,1.5529336451436393e-05,0.0007417939486913383,0.010986328125
CIFAR100,ResNet18BN,sea-willow_tree,7005,1,18,16,1.5311654351535253e-05,0.0006375662342179567,0.008697509765625
CIFAR100,ResNet18BN,sea-willow_tree,7005,1,19,17,1.0453917639097199e-05,0.00041465548565611243,0.00604248046875
CIFAR100,ResNet18BN,sea-willow_tree,7005,1,20,17,9.20385355129838e-06,0.0005216600256972015,0.00640869140625
CIFAR100,ResNet18BN,sea-willow_tree,7005,1,21,16,6.4438904701091815e-06,0.00032038304198067635,0.004241943359375
CIFAR100,ResNet18BN,sea-willow_tree,7005,1,22,17,4.723643087345408e-06,0.00023456118651665747,0.0032958984375
CIFAR100,ResNet18BN,sea-willow_tree,7005,1,23,17,3.53389418705774e-06,0.00014751135313417763,0.00201416015625
CIFAR100,ResNet18BN,sea-willow_tree,7005,1,24,16,2.3011882603896083e-06,0.0001125277740356978,0.001495361328125
CIFAR100,ResNet18BN,sea-willow_tree,7005,1,25,17,1.5152885453062481e-06,6.436242256313562e-05,0.0009765625
CIFAR100,ResNet18BN,sea-willow_tree,7005,1,26,17,8.736675454201759e-07,4.79987429571338e-05,0.0006103515625
CIFAR100,ResNet18BN,sea-willow_tree,7005,1,27,16,4.531262050022633e-07,2.1184228899073787e-05,0.000274658203125
CIFAR100,ResNet18BN,sea-willow_tree,7005,1,28,17,1.8566835535693826e-07,1.0083495908475015e-05,0.0001220703125
CIFAR100,ResNet18BN,sea-willow_tree,7005,1,29,17,4.7443514006317855e-08,3.2143447517389567e-13,0.0
CIFAR100,ResNet18BN,sea-willow_tree,7005,1,30,16,5.2802027195042456e-09,8.1273736672545e-15,0.0
CIFAR100,ResNet18BN,sea-willow_tree,7005,2,1,17,0.0006858668639324605,0.028554949909448624,0.6693115234375
CIFAR100,ResNet18BN,sea-willow_tree,7005,2,2,17,0.0003458283608779311,0.01625421829521656,0.3232421875
CIFAR100,ResNet18BN,sea-willow_tree,7005,2,3,16,0.0002810228324960917,0.014573939144611359,0.255859375
CIFAR100,ResNet18BN,sea-willow_tree,7005,2,4,17,0.00021711140288971364,0.010894288308918476,0.191650390625
CIFAR100,ResNet18BN,sea-willow_tree,7005,2,5,17,0.00016612480976618826,0.009782200679183006,0.154052734375
CIFAR100,ResNet18BN,sea-willow_tree,7005,2,6,16,0.0001535540068289265,0.006698372075334191,0.1455078125
CIFAR100,ResNet18BN,sea-willow_tree,7005,2,7,17,0.00014051269681658596,0.006705922074615955,0.1500244140625
CIFAR100,ResNet18BN,sea-willow_tree,7005,2,8,17,0.0001000237898551859,0.0049382783472537994,0.097412109375
CIFAR100,ResNet18BN,sea-willow_tree,7005,2,9,16,7.757275670883246e-05,0.0038465176476165652,0.0372314453125
CIFAR100,ResNet18BN,sea-willow_tree,7005,2,10,17,7.836338772904128e-05,0.003848271444439888,0.071533203125
CIFAR100,ResNet18BN,sea-willow_tree,7005,2,11,17,5.253230483504012e-05,0.0023718932643532753,0.0406494140625
CIFAR100,ResNet18BN,sea-willow_tree,7005,2,12,16,5.515083103091456e-05,0.0024500724393874407,0.04559326171875
CIFAR100,ResNet18BN,sea-willow_tree,7005,2,13,17,4.2221374314976856e-05,0.0023292130790650845,0.039306640625
CIFAR100,ResNet18BN,sea-willow_tree,7005,2,14,17,2.962721737276297e-05,0.0016474459553137422,0.03076171875
CIFAR100,ResNet18BN,sea-willow_tree,7005,2,15,16,2.643904554133769e-05,0.0013751705992035568,0.02093505859375
CIFAR100,ResNet18BN,sea-willow_tree,7005,2,16,17,2.1590803953586146e-05,0.0011421688832342625,0.0177001953125
CIFAR100,ResNet18BN,sea-willow_tree,7005,2,17,17,1.4781109712203033e-05,0.0006809665355831385,0.008941650390625
CIFAR100,ResNet18BN,sea-willow_tree,7005,2,18,16,1.1586265827645548e-05,0.0005986691685393453,0.00860595703125
CIFAR100,ResNet18BN,sea-willow_tree,7005,2,19,17,9.776091246749274e-06,0.0005371892475523055,0.00628662109375
CIFAR100,ResNet18BN,sea-willow_tree,7005,2,20,17,6.2264334701467305e-06,0.0003064082411583513,0.00482177734375
CIFAR100,ResNet18BN,sea-willow_tree,7005,2,21,16,4.79647565043706e-06,0.0002478295864420943,0.00433349609375
CIFAR100,ResNet18BN,sea-willow_tree,7005,2,22,17,3.315639332868159e-06,0.0001437734899809584,0.00299072265625
CIFAR100,ResNet18BN,sea-willow_tree,7005,2,23,17,1.8333702200834523e-06,8.597125270171091e-05,0.001708984375
CIFAR100,ResNet18BN,sea-willow_tree,7005,2,24,16,1.181150935281039e-06,4.596860526362434e-05,0.0009765625
CIFAR100,ResNet18BN,sea-willow_tree,7005,2,25,17,6.776660370633181e-07,3.4657401556614786e-05,0.0006103515625
CIFAR100,ResNet18BN,sea-willow_tree,7005,2,26,17,3.8189887163753156e-07,1.803572740755044e-05,0.000244140625
CIFAR100,ResNet18BN,sea-willow_tree,7005,2,27,16,1.7004347085958216e-07,8.523241831426276e-06,0.0001220703125
CIFAR100,ResNet18BN,sea-willow_tree,7005,2,28,17,4.9201037910506784e-08,1.141899942658231e-12,0.0001220703125
CIFAR100,ResNet18BN,sea-willow_tree,7005,2,29,17,8.54053094911933e-09,3.183754936119179e-14,0.0
CIFAR100,ResNet18BN,sea-willow_tree,7005,2,30,16,9.106186638074831e-10,8.267145062040214e-16,0.0
CIFAR100,ResNet18BN,sea-willow_tree,7005,3,1,17,0.0007421313202939928,0.0409776046872139,0.98291015625
CIFAR100,ResNet18BN,sea-willow_tree,7005,3,2,17,0.0005251040565781295,0.02674761414527893,0.608642578125
CIFAR100,ResNet18BN,sea-willow_tree,7005,3,3,16,0.000384061859222129,0.020939613692462444,0.37591552734375
CIFAR100,ResNet18BN,sea-willow_tree,7005,3,4,17,0.00029547917074523866,0.01596790738403797,0.4505615234375
CIFAR100,ResNet18BN,sea-willow_tree,7005,3,5,17,0.00022059420007281005,0.013201766647398472,0.34033203125
CIFAR100,ResNet18BN,sea-willow_tree,7005,3,6,16,0.00020399107597768307,0.011929718777537346,0.29229736328125
CIFAR100,ResNet18BN,sea-willow_tree,7005,3,7,17,0.0001637791865505278,0.008635302074253559,0.223876953125
CIFAR100,ResNet18BN,sea-willow_tree,7005,3,8,17,0.00016097119078040123,0.010499607771635056,0.1981201171875
CIFAR100,ResNet18BN,sea-willow_tree,7005,3,9,16,0.00011392047963454388,0.006506063509732485,0.17181396484375
CIFAR100,ResNet18BN,sea-willow_tree,7005,3,10,17,9.798372047953308e-05,0.0058328257873654366,0.1063232421875
CIFAR100,ResNet18BN,sea-willow_tree,7005,3,11,17,6.742328696418554e-05,0.004127804655581713,0.1123046875
CIFAR100,ResNet18BN,sea-willow_tree,7005,3,12,16,5.553958908421919e-05,0.003055316978134215,0.0604248046875
CIFAR100,ResNet18BN,sea-willow_tree,7005,3,13,17,4.312246892368421e-05,0.0024614594876766205,0.05517578125
CIFAR100,ResNet18BN,sea-willow_tree,7005,3,14,17,3.9819682569941506e-05,0.002669306006282568,0.0517578125
CIFAR100,ResNet18BN,sea-willow_tree,7005,3,15,16,2.6250114387948997e-05,0.0014995017554610968,0.029052734375
CIFAR100,ResNet18BN,sea-willow_tree,7005,3,16,17,2.1585648937616497e-05,0.0011313556460663676,0.031005859375
CIFAR100,ResNet18BN,sea-willow_tree,7005,3,17,17,1.642664210521616e-05,0.0008947241585701704,0.0181884765625
CIFAR100,ResNet18BN,sea-willow_tree,7005,3,18,16,1.550872320876806e-05,0.0007742142479401082,0.01531982421875
CIFAR100,ResNet18BN,sea-willow_tree,7005,3,19,17,1.2469869034248404e-05,0.0007368472870439291,0.0107421875
CIFAR100,ResNet18BN,sea-willow_tree,7005,3,20,17,7.835840733605437e-06,0.00043498878949321806,0.0084228515625
CIFAR100,ResNet18BN,sea-willow_tree,7005,3,21,16,4.967756694895797e-06,0.00029119559621904045,0.00665283203125
CIFAR100,ResNet18BN,sea-willow_tree,7005,3,22,17,3.6373608054418582e-06,0.00018014635134022683,0.0050048828125
CIFAR100,ResNet18BN,sea-willow_tree,7005,3,23,17,2.496665047146962e-06,0.00014878359797876328,0.002685546875
CIFAR100,ResNet18BN,sea-willow_tree,7005,3,24,16,1.7199078001794987e-06,9.995183063438162e-05,0.00201416015625
CIFAR100,ResNet18BN,sea-willow_tree,7005,3,25,17,1.1331899258948397e-06,7.137013744795695e-05,0.0015869140625
CIFAR100,ResNet18BN,sea-willow_tree,7005,3,26,17,7.098835794749903e-07,4.24246936745476e-05,0.00048828125
CIFAR100,ResNet18BN,sea-willow_tree,7005,3,27,16,4.71927791068083e-07,2.8312641006777994e-05,0.0003662109375
CIFAR100,ResNet18BN,sea-willow_tree,7005,3,28,17,1.419356578935549e-07,7.811961950210389e-06,0.000244140625
CIFAR100,ResNet18BN,sea-willow_tree,7005,3,29,17,1.7952080710870177e-08,2.544915360464992e-15,0.0
CIFAR100,ResNet18BN,sea-willow_tree,7005,3,30,16,3.1841986825043023e-09,2.7274218703105115e-16,0.0
CIFAR100,ResNet18BN,sea-willow_tree,7005,4,1,17,0.0005547389737330377,0.027992388233542442,0.2236328125
CIFAR100,ResNet18BN,sea-willow_tree,7005,4,2,17,0.000405395490815863,0.021589193493127823,0.1854248046875
CIFAR100,ResNet18BN,sea-willow_tree,7005,4,3,16,0.00029921317764092237,0.016170953400433064,0.14453125
CIFAR100,ResNet18BN,sea-willow_tree,7005,4,4,17,0.00023827982658986002,0.01094608474522829,0.0946044921875
CIFAR100,ResNet18BN,sea-willow_tree,7005,4,5,17,0.00021297710190992802,0.011877049691975117,0.1348876953125
CIFAR100,ResNet18BN,sea-willow_tree,7005,4,6,16,0.00015363827697001398,0.008679709397256374,0.0982666015625
CIFAR100,ResNet18BN,sea-willow_tree,7005,4,7,17,0.00014779697812628,0.008434534072875977,0.071044921875
CIFAR100,ResNet18BN,sea-willow_tree,7005,4,8,17,0.00013167386350687593,0.006918102037161589,0.0919189453125
CIFAR100,ResNet18BN,sea-willow_tree,7005,4,9,16,0.00012235475514899008,0.007077558431774378,0.08319091796875
CIFAR100,ResNet18BN,sea-willow_tree,7005,4,10,17,7.37974769435823e-05,0.00449376879259944,0.03271484375
CIFAR100,ResNet18BN,sea-willow_tree,7005,4,11,17,6.699231016682461e-05,0.0036186024080961943,0.032470703125
CIFAR100,ResNet18BN,sea-willow_tree,7005,4,12,16,5.903765486436896e-05,0.0033176668221130967,0.02996826171875
CIFAR100,ResNet18BN,sea-willow_tree,7005,4,13,17,4.346827699919231e-05,0.002283384557813406,0.0291748046875
CIFAR100,ResNet18BN,sea-willow_tree,7005,4,14,17,3.738845043699257e-05,0.0023172786459326744,0.026123046875
CIFAR100,ResNet18BN,sea-willow_tree,7005,4,15,16,3.274314076406881e-05,0.0016910181730054319,0.02642822265625
CIFAR100,ResNet18BN,sea-willow_tree,7005,4,16,17,2.0919762391713448e-05,0.0012524889316409826,0.01513671875
CIFAR100,ResNet18BN,sea-willow_tree,7005,4,17,17,2.0166931790299714e-05,0.0009911416564136744,0.016845703125
CIFAR100,ResNet18BN,sea-willow_tree,7005,4,18,16,1.258338124898728e-05,0.0007544860418420285,0.00787353515625
CIFAR100,ResNet18BN,sea-willow_tree,7005,4,19,17,8.377365702472162e-06,0.00044291323865763843,0.0057373046875
CIFAR100,ResNet18BN,sea-willow_tree,7005,4,20,17,6.401156042556977e-06,0.0003923678887076676,0.0042724609375
CIFAR100,ResNet18BN,sea-willow_tree,7005,4,21,16,5.105081527290167e-06,0.00024179109459510073,0.00213623046875
CIFAR100,ResNet18BN,sea-willow_tree,7005,4,22,17,3.4113359106413554e-06,0.00020096453954465687,0.0015869140625
CIFAR100,ResNet18BN,sea-willow_tree,7005,4,23,17,2.7204100661037955e-06,0.00017303538334090263,0.001708984375
CIFAR100,ResNet18BN,sea-willow_tree,7005,4,24,16,1.8580350911179266e-06,8.853406325215474e-05,0.00103759765625
CIFAR100,ResNet18BN,sea-willow_tree,7005,4,25,17,1.0093132232213975e-06,4.8716614401200786e-05,0.0006103515625
CIFAR100,ResNet18BN,sea-willow_tree,7005,4,26,17,4.946380158799002e-07,1.862178396550007e-05,0.000244140625
CIFAR100,ResNet18BN,sea-willow_tree,7005,4,27,16,1.6191997076475673e-07,8.00188672656077e-06,9.1552734375e-05
CIFAR100,ResNet18BN,sea-willow_tree,7005,4,28,17,3.824505867555672e-08,6.60410921370265e-15,0.0
CIFAR100,ResNet18BN,sea-willow_tree,7005,4,29,17,1.6708364469764092e-08,3.3142942329391495e-15,0.0
CIFAR100,ResNet18BN,sea-willow_tree,7005,4,30,16,3.1330473770907474e-09,7.257999802499893e-16,0.0
CIFAR100,ResNet18BN,sea-willow_tree,8030,0,1,17,0.0006689064321108162,0.036453135311603546,0.900146484375
CIFAR100,ResNet18BN,sea-willow_tree,8030,0,2,17,0.00039525440661236644,0.01855909451842308,0.924072265625
CIFAR100,ResNet18BN,sea-willow_tree,8030,0,3,16,0.00028944454970769584,0.014332105871289968,0.5289306640625
CIFAR100,ResNet18BN,sea-willow_tree,8030,0,4,17,0.00025604289839975536,0.013627830892801285,0.461669921875
CIFAR100,ResNet18BN,sea-willow_tree,8030,0,5,17,0.00020549478358589113,0.00984797440469265,0.299560546875
CIFAR100,ResNet18BN,sea-willow_tree,8030,0,6,16,0.00017942884005606174,0.009269549511373043,0.3076171875
CIFAR100,ResNet18BN,sea-willow_tree,8030,0,7,17,0.00013767961354460567,0.007182941306382418,0.2332763671875
CIFAR100,ResNet18BN,sea-willow_tree,8030,0,8,17,0.0001137846484198235,0.005760445725172758,0.190185546875
CIFAR100,ResNet18BN,sea-willow_tree,8030,0,9,16,0.00011879018347826786,0.006533182924613357,0.1837158203125
CIFAR100,ResNet18BN,sea-willow_tree,8030,0,10,17,7.358342554653063e-05,0.00403475109487772,0.14501953125
CIFAR100,ResNet18BN,sea-willow_tree,8030,0,11,17,7.51423358451575e-05,0.004766630474478006,0.1123046875
CIFAR100,ResNet18BN,sea-willow_tree,8030,0,12,16,4.753516805067193e-05,0.0024178277235478163,0.07867431640625
CIFAR100,ResNet18BN,sea-willow_tree,8030,0,13,17,4.780042581842281e-05,0.002396990079432726,0.0684814453125
CIFAR100,ResNet18BN,sea-willow_tree,8030,0,14,17,3.506779466988519e-05,0.0017781938659027219,0.053955078125
CIFAR100,ResNet18BN,sea-willow_tree,8030,0,15,16,2.7827199119201396e-05,0.0014875676133669913,0.0433349609375
CIFAR100,ResNet18BN,sea-willow_tree,8030,0,16,17,1.9890614566975273e-05,0.0008426972781307995,0.0230712890625
CIFAR100,ResNet18BN,sea-willow_tree,8030,0,17,17,1.7884338376461528e-05,0.0010359642328694463,0.02880859375
CIFAR100,ResNet18BN,sea-willow_tree,8030,0,18,16,1.3431243132799864e-05,0.0007730672368779778,0.0267333984375
CIFAR100,ResNet18BN,sea-willow_tree,8030,0,19,17,9.852040420810226e-06,0.000520911009516567,0.020263671875
CIFAR100,ResNet18BN,sea-willow_tree,8030,0,20,17,1.0629406460793689e-05,0.0005776448524557054,0.015380859375
CIFAR100,ResNet18BN,sea-willow_tree,8030,0,21,16,6.0597444644372445e-06,0.0003459889121586457,0.0106201171875
CIFAR100,ResNet18BN,sea-willow_tree,8030,0,22,17,4.035414349345956e-06,0.00023406921536661685,0.006591796875
CIFAR100,ResNet18BN,sea-willow_tree,8030,0,23,17,2.4889504857128486e-06,0.00012748946028295904,0.00439453125
CIFAR100,ResNet18BN,sea-willow_tree,8030,0,24,16,1.7503617186775955e-06,8.669139060657471e-05,0.0025634765625
CIFAR100,ResNet18BN,sea-willow_tree,8030,0,25,17,8.991045774564554e-07,4.9195699830306694e-05,0.001708984375
CIFAR100,ResNet18BN,sea-willow_tree,8030,0,26,17,4.693247319664806e-07,2.1971132809994742e-05,0.000732421875
CIFAR100,ResNet18BN,sea-willow_tree,8030,0,27,16,3.0068940759520046e-07,1.610615163372131e-05,0.00042724609375
CIFAR100,ResNet18BN,sea-willow_tree,8030,0,28,17,1.5633980865459307e-07,8.597091436968185e-06,0.000244140625
CIFAR100,ResNet18BN,sea-willow_tree,8030,0,29,17,3.371689061282268e-08,7.622884867276337e-15,0.0
CIFAR100,ResNet18BN,sea-willow_tree,8030,0,30,16,1.4492804178978247e-09,1.3512606757962506e-16,0.0
CIFAR100,ResNet18BN,sea-willow_tree,8030,1,1,17,0.0005993047379888594,0.02244860678911209,0.346435546875
CIFAR100,ResNet18BN,sea-willow_tree,8030,1,2,17,0.00039042846765369177,0.016866127029061317,0.30023193359375
CIFAR100,ResNet18BN,sea-willow_tree,8030,1,3,16,0.0003041370800929144,0.012775290291756392,0.3167724609375
CIFAR100,ResNet18BN,sea-willow_tree,8030,1,4,17,0.0002964969608001411,0.011543724685907364,0.3001708984375
CIFAR100,ResNet18BN,sea-willow_tree,8030,1,5,17,0.0002125066821463406,0.009736691601574421,0.2393798828125
CIFAR100,ResNet18BN,sea-willow_tree,8030,1,6,16,0.00016706387395970523,0.006741344928741455,0.14898681640625
CIFAR100,ResNet18BN,sea-willow_tree,8030,1,7,17,0.00017683804617263377,0.0074115777388215065,0.1556396484375
CIFAR100,ResNet18BN,sea-willow_tree,8030,1,8,17,0.00013457892055157572,0.00660365354269743,0.13262939453125
CIFAR100,ResNet18BN,sea-willow_tree,8030,1,9,16,0.00012781132681993768,0.0043228683061897755,0.088836669921875
CIFAR100,ResNet18BN,sea-willow_tree,8030,1,10,17,8.900571992853656e-05,0.003148687770590186,0.07867431640625
CIFAR100,ResNet18BN,sea-willow_tree,8030,1,11,17,7.597853982588276e-05,0.003136168234050274,0.0869140625
CIFAR100,ResNet18BN,sea-willow_tree,8030,1,12,16,6.307803050731309e-05,0.0025426497450098395,0.06219482421875
CIFAR100,ResNet18BN,sea-willow_tree,8030,1,13,17,5.05251155118458e-05,0.0023712802212685347,0.0543212890625
CIFAR100,ResNet18BN,sea-willow_tree,8030,1,14,17,4.309936048230156e-05,0.001840242650359869,0.0526123046875
CIFAR100,ResNet18BN,sea-willow_tree,8030,1,15,16,3.155119520670269e-05,0.001107580668758601,0.022369384765625
CIFAR100,ResNet18BN,sea-willow_tree,8030,1,16,17,2.471895277267322e-05,0.001140257460065186,0.021484375
CIFAR100,ResNet18BN,sea-willow_tree,8030,1,17,17,1.5529336451436393e-05,0.000554146186914295,0.01727294921875
CIFAR100,ResNet18BN,sea-willow_tree,8030,1,18,16,1.5311654351535253e-05,0.0005849176086485386,0.01177978515625
CIFAR100,ResNet18BN,sea-willow_tree,8030,1,19,17,1.0453917639097199e-05,0.00035533244954422116,0.0087890625
CIFAR100,ResNet18BN,sea-willow_tree,8030,1,20,17,9.20385355129838e-06,0.0004122263635508716,0.009033203125
CIFAR100,ResNet18BN,sea-willow_tree,8030,1,21,16,6.4438904701091815e-06,0.00024403804854955524,0.00616455078125
CIFAR100,ResNet18BN,sea-willow_tree,8030,1,22,17,4.723643087345408e-06,0.0001988828444154933,0.00457763671875
CIFAR100,ResNet18BN,sea-willow_tree,8030,1,23,17,3.53389418705774e-06,0.00012612613500095904,0.003173828125
CIFAR100,ResNet18BN,sea-willow_tree,8030,1,24,16,2.3011882603896083e-06,9.94500114757102e-05,0.0023193359375
CIFAR100,ResNet18BN,sea-willow_tree,8030,1,25,17,1.5152885453062481e-06,5.1464896387187764e-05,0.00146484375
CIFAR100,ResNet18BN,sea-willow_tree,8030,1,26,17,8.736675454201759e-07,3.260061203036457e-05,0.00079345703125
CIFAR100,ResNet18BN,sea-willow_tree,8030,1,27,16,4.531262050022633e-07,1.5707318652857793e-05,0.0003662109375
CIFAR100,ResNet18BN,sea-willow_tree,8030,1,28,17,1.8566835535693826e-07,7.721377187408507e-06,0.00018310546875
CIFAR100,ResNet18BN,sea-willow_tree,8030,1,29,17,4.7443514006317855e-08,3.1673410046123432e-15,6.103515625e-05
CIFAR100,ResNet18BN,sea-willow_tree,8030,1,30,16,5.2802027195042456e-09,1.7840563291861227e-16,0.0
CIFAR100,ResNet18BN,sea-willow_tree,8030,2,1,17,0.0006858668639324605,0.03568084537982941,0.9205322265625
CIFAR100,ResNet18BN,sea-willow_tree,8030,2,2,17,0.0003458283608779311,0.016743503510951996,0.5350341796875
CIFAR100,ResNet18BN,sea-willow_tree,8030,2,3,16,0.0002810228324960917,0.013243889436125755,0.3585205078125
CIFAR100,ResNet18BN,sea-willow_tree,8030,2,4,17,0.00021711140288971364,0.008620589040219784,0.31787109375
CIFAR100,ResNet18BN,sea-willow_tree,8030,2,5,17,0.00016612480976618826,0.0074662864208221436,0.2615966796875
CIFAR100,ResNet18BN,sea-willow_tree,8030,2,6,16,0.0001535540068289265,0.006792279426008463,0.2255859375
CIFAR100,ResNet18BN,sea-willow_tree,8030,2,7,17,0.00014051269681658596,0.006090180017054081,0.20654296875
CIFAR100,ResNet18BN,sea-willow_tree,8030,2,8,17,0.0001000237898551859,0.005015356931835413,0.185302734375
CIFAR100,ResNet18BN,sea-willow_tree,8030,2,9,16,7.757275670883246e-05,0.0036082437727600336,0.13568115234375
CIFAR100,ResNet18BN,sea-willow_tree,8030,2,10,17,7.836338772904128e-05,0.004291262477636337,0.111572265625
CIFAR100,ResNet18BN,sea-willow_tree,8030,2,11,17,5.253230483504012e-05,0.0022987111005932093,0.0743408203125
CIFAR100,ResNet18BN,sea-willow_tree,8030,2,12,16,5.515083103091456e-05,0.0024771656608209014,0.0723876953125
CIFAR100,ResNet18BN,sea-willow_tree,8030,2,13,17,4.2221374314976856e-05,0.0018511356320232153,0.0557861328125
CIFAR100,ResNet18BN,sea-willow_tree,8030,2,14,17,2.962721737276297e-05,0.0014709205133840442,0.051513671875
CIFAR100,ResNet18BN,sea-willow_tree,8030,2,15,16,2.643904554133769e-05,0.001326147059444338,0.0360107421875
CIFAR100,ResNet18BN,sea-willow_tree,8030,2,16,17,2.1590803953586146e-05,0.0010202593402937055,0.0284423828125
CIFAR100,ResNet18BN,sea-willow_tree,8030,2,17,17,1.4781109712203033e-05,0.0006952972617000341,0.017578125
CIFAR100,ResNet18BN,sea-willow_tree,8030,2,18,16,1.1586265827645548e-05,0.0005529455374926329,0.01513671875
CIFAR100,ResNet18BN,sea-willow_tree,8030,2,19,17,9.776091246749274e-06,0.00044194390648044646,0.012939453125
CIFAR100,ResNet18BN,sea-willow_tree,8030,2,20,17,6.2264334701467305e-06,0.00027345833950676024,0.007568359375
CIFAR100,ResNet18BN,sea-willow_tree,8030,2,21,16,4.79647565043706e-06,0.00020670461526606232,0.006591796875
CIFAR100,ResNet18BN,sea-willow_tree,8030,2,22,17,3.315639332868159e-06,0.00015037873527035117,0.004638671875
CIFAR100,ResNet18BN,sea-willow_tree,8030,2,23,17,1.8333702200834523e-06,7.541749073425308e-05,0.002685546875
CIFAR100,ResNet18BN,sea-willow_tree,8030,2,24,16,1.181150935281039e-06,5.1094482842017896e-05,0.0018310546875
CIFAR100,ResNet18BN,sea-willow_tree,8030,2,25,17,6.776660370633181e-07,3.810204361798242e-05,0.001220703125
CIFAR100,ResNet18BN,sea-willow_tree,8030,2,26,17,3.8189887163753156e-07,1.5780575267854147e-05,0.00048828125
CIFAR100,ResNet18BN,sea-willow_tree,8030,2,27,16,1.7004347085958216e-07,7.132970722523169e-06,0.000244140625
CIFAR100,ResNet18BN,sea-willow_tree,8030,2,28,17,4.9201037910506784e-08,6.788028442155291e-15,0.000244140625
CIFAR100,ResNet18BN,sea-willow_tree,8030,2,29,17,8.54053094911933e-09,6.162901080543554e-16,0.0
CIFAR100,ResNet18BN,sea-willow_tree,8030,2,30,16,9.106186638074831e-10,3.1613183687467936e-17,0.0
CIFAR100,ResNet18BN,sea-willow_tree,8030,3,1,17,0.0007421313202939928,0.03319493308663368,0.8394775390625
CIFAR100,ResNet18BN,sea-willow_tree,8030,3,2,17,0.0005251040565781295,0.01701170951128006,0.7158203125
CIFAR100,ResNet18BN,sea-willow_tree,8030,3,3,16,0.000384061859222129,0.014637395273894072,0.46014404296875
CIFAR100,ResNet18BN,sea-willow_tree,8030,3,4,17,0.00029547917074523866,0.011897333897650242,0.42138671875
CIFAR100,ResNet18BN,sea-willow_tree,8030,3,5,17,0.00022059420007281005,0.008176938630640507,0.3603515625
CIFAR100,ResNet18BN,sea-willow_tree,8030,3,6,16,0.00020399107597768307,0.008086908143013716,0.357421875
CIFAR100,ResNet18BN,sea-willow_tree,8030,3,7,17,0.0001637791865505278,0.005748344585299492,0.225341796875
CIFAR100,ResNet18BN,sea-willow_tree,8030,3,8,17,0.00016097119078040123,0.007760127540677786,0.2296142578125
CIFAR100,ResNet18BN,sea-willow_tree,8030,3,9,16,0.00011392047963454388,0.0038778334856033325,0.165771484375
CIFAR100,ResNet18BN,sea-willow_tree,8030,3,10,17,9.798372047953308e-05,0.003352929139509797,0.1046142578125
CIFAR100,ResNet18BN,sea-willow_tree,8030,3,11,17,6.742328696418554e-05,0.002854649443179369,0.1212158203125
CIFAR100,ResNet18BN,sea-willow_tree,8030,3,12,16,5.553958908421919e-05,0.0019877253798767924,0.08917236328125
CIFAR100,ResNet18BN,sea-willow_tree,8030,3,13,17,4.312246892368421e-05,0.0018432618817314506,0.065185546875
CIFAR100,ResNet18BN,sea-willow_tree,8030,3,14,17,3.9819682569941506e-05,0.0018043398158624768,0.0693359375
CIFAR100,ResNet18BN,sea-willow_tree,8030,3,15,16,2.6250114387948997e-05,0.0009126299701165408,0.0380859375
CIFAR100,ResNet18BN,sea-willow_tree,8030,3,16,17,2.1585648937616497e-05,0.0008419647929258645,0.0235595703125
CIFAR100,ResNet18BN,sea-willow_tree,8030,3,17,17,1.642664210521616e-05,0.000634300522506237,0.0224609375
CIFAR100,ResNet18BN,sea-willow_tree,8030,3,18,16,1.550872320876806e-05,0.0005293854337651283,0.01910400390625
CIFAR100,ResNet18BN,sea-willow_tree,8030,3,19,17,1.2469869034248404e-05,0.0005051255575381219,0.0155029296875
CIFAR100,ResNet18BN,sea-willow_tree,8030,3,20,17,7.835840733605437e-06,0.0003052463289350271,0.0103759765625
CIFAR100,ResNet18BN,sea-willow_tree,8030,3,21,16,4.967756694895797e-06,0.0001905658864416182,0.0074462890625
CIFAR100,ResNet18BN,sea-willow_tree,8030,3,22,17,3.6373608054418582e-06,0.00012063565372955054,0.005126953125
CIFAR100,ResNet18BN,sea-willow_tree,8030,3,23,17,2.496665047146962e-06,9.0934889158234e-05,0.0029296875
CIFAR100,ResNet18BN,sea-willow_tree,8030,3,24,16,1.7199078001794987e-06,7.050106432870962e-05,0.0028076171875
CIFAR100,ResNet18BN,sea-willow_tree,8030,3,25,17,1.1331899258948397e-06,5.1449573220452294e-05,0.002197265625
CIFAR100,ResNet18BN,sea-willow_tree,8030,3,26,17,7.098835794749903e-07,2.612056960060727e-05,0.0008544921875
CIFAR100,ResNet18BN,sea-willow_tree,8030,3,27,16,4.71927791068083e-07,1.8960630768560804e-05,0.00042724609375
CIFAR100,ResNet18BN,sea-willow_tree,8030,3,28,17,1.419356578935549e-07,5.047017111792229e-06,0.000244140625
CIFAR100,ResNet18BN,sea-willow_tree,8030,3,29,17,1.7952080710870177e-08,2.736958880020235e-13,0.0
CIFAR100,ResNet18BN,sea-willow_tree,8030,3,30,16,3.1841986825043023e-09,3.652444354449759e-14,0.0
CIFAR100,ResNet18BN,sea-willow_tree,8030,4,1,17,0.0005547389737330377,0.028543196618556976,0.840087890625
CIFAR100,ResNet18BN,sea-willow_tree,8030,4,2,17,0.000405395490815863,0.020804131403565407,0.647216796875
CIFAR100,ResNet18BN,sea-willow_tree,8030,4,3,16,0.00029921317764092237,0.014865009114146233,0.49365234375
CIFAR100,ResNet18BN,sea-willow_tree,8030,4,4,17,0.00023827982658986002,0.014108274132013321,0.2940673828125
CIFAR100,ResNet18BN,sea-willow_tree,8030,4,5,17,0.00021297710190992802,0.012678788043558598,0.328125
CIFAR100,ResNet18BN,sea-willow_tree,8030,4,6,16,0.00015363827697001398,0.008244103752076626,0.32177734375
CIFAR100,ResNet18BN,sea-willow_tree,8030,4,7,17,0.00014779697812628,0.007641589734703302,0.204833984375
CIFAR100,ResNet18BN,sea-willow_tree,8030,4,8,17,0.00013167386350687593,0.008472692221403122,0.23291015625
CIFAR100,ResNet18BN,sea-willow_tree,8030,4,9,16,0.00012235475514899008,0.007240745704621077,0.21435546875
CIFAR100,ResNet18BN,sea-willow_tree,8030,4,10,17,7.37974769435823e-05,0.0041384887881577015,0.13525390625
CIFAR100,ResNet18BN,sea-willow_tree,8030,4,11,17,6.699231016682461e-05,0.00366637809202075,0.0966796875
CIFAR100,ResNet18BN,sea-willow_tree,8030,4,12,16,5.903765486436896e-05,0.003571881214156747,0.109130859375
CIFAR100,ResNet18BN,sea-willow_tree,8030,4,13,17,4.346827699919231e-05,0.0023100324906408787,0.078857421875
CIFAR100,ResNet18BN,sea-willow_tree,8030,4,14,17,3.738845043699257e-05,0.0021079727448523045,0.05126953125
CIFAR100,ResNet18BN,sea-willow_tree,8030,4,15,16,3.274314076406881e-05,0.0018565438804216683,0.04132080078125
CIFAR100,ResNet18BN,sea-willow_tree,8030,4,16,17,2.0919762391713448e-05,0.0012909654760733247,0.04248046875
CIFAR100,ResNet18BN,sea-willow_tree,8030,4,17,17,2.0166931790299714e-05,0.0010736716212704778,0.0361328125
CIFAR100,ResNet18BN,sea-willow_tree,8030,4,18,16,1.258338124898728e-05,0.000744172401027754,0.0283203125
CIFAR100,ResNet18BN,sea-willow_tree,8030,4,19,17,8.377365702472162e-06,0.00046845583710819483,0.015380859375
CIFAR100,ResNet18BN,sea-willow_tree,8030,4,20,17,6.401156042556977e-06,0.00036857687518931925,0.010498046875
CIFAR100,ResNet18BN,sea-willow_tree,8030,4,21,16,5.105081527290167e-06,0.00026213491219095886,0.0069580078125
CIFAR100,ResNet18BN,sea-willow_tree,8030,4,22,17,3.4113359106413554e-06,0.00017606535402592272,0.005859375
CIFAR100,ResNet18BN,sea-willow_tree,8030,4,23,17,2.7204100661037955e-06,0.00015100036398507655,0.00439453125
CIFAR100,ResNet18BN,sea-willow_tree,8030,4,24,16,1.8580350911179266e-06,0.00010211706103291363,0.00341796875
CIFAR100,ResNet18BN,sea-willow_tree,8030,4,25,17,1.0093132232213975e-06,5.617614078801125e-05,0.00146484375
CIFAR100,ResNet18BN,sea-willow_tree,8030,4,26,17,4.946380158799002e-07,2.7177153242519125e-05,0.000732421875
CIFAR100,ResNet18BN,sea-willow_tree,8030,4,27,16,1.6191997076475673e-07,9.258075806428678e-06,0.0003662109375
CIFAR100,ResNet18BN,sea-willow_tree,8030,4,28,17,3.824505867555672e-08,2.570301827278798e-14,0.0
CIFAR100,ResNet18BN,sea-willow_tree,8030,4,29,17,1.6708364469764092e-08,1.719363549917887e-14,0.0
CIFAR100,ResNet18BN,sea-willow_tree,8030,4,30,16,3.1330473770907474e-09,2.513275821148847e-15,0.0
CIFAR100,ResNet18BN,sea-willow_tree,8354,0,1,17,0.0006689064321108162,0.03209802508354187,0.843505859375
CIFAR100,ResNet18BN,sea-willow_tree,8354,0,2,17,0.00039525440661236644,0.02013084664940834,0.7403564453125
CIFAR100,ResNet18BN,sea-willow_tree,8354,0,3,16,0.00028944454970769584,0.01527676498517394,0.519775390625
CIFAR100,ResNet18BN,sea-willow_tree,8354,0,4,17,0.00025604289839975536,0.013000814244151115,0.400390625
CIFAR100,ResNet18BN,sea-willow_tree,8354,0,5,17,0.00020549478358589113,0.010934817604720592,0.2730712890625
CIFAR100,ResNet18BN,sea-willow_tree,8354,0,6,16,0.00017942884005606174,0.009081487078219652,0.3448486328125
CIFAR100,ResNet18BN,sea-willow_tree,8354,0,7,17,0.00013767961354460567,0.008115187287330627,0.226806640625
CIFAR100,ResNet18BN,sea-willow_tree,8354,0,8,17,0.0001137846484198235,0.006075948942452669,0.194091796875
CIFAR100,ResNet18BN,sea-willow_tree,8354,0,9,16,0.00011879018347826786,0.006817555753514171,0.1533203125
CIFAR100,ResNet18BN,sea-willow_tree,8354,0,10,17,7.358342554653063e-05,0.004180352669209242,0.1339111328125
CIFAR100,ResNet18BN,sea-willow_tree,8354,0,11,17,7.51423358451575e-05,0.004435539245605469,0.0908203125
CIFAR100,ResNet18BN,sea-willow_tree,8354,0,12,16,4.753516805067193e-05,0.002548050950281322,0.08367919921875
CIFAR100,ResNet18BN,sea-willow_tree,8354,0,13,17,4.780042581842281e-05,0.002740254392847419,0.07421875
CIFAR100,ResNet18BN,sea-willow_tree,8354,0,14,17,3.506779466988519e-05,0.0018613866996020079,0.067138671875
CIFAR100,ResNet18BN,sea-willow_tree,8354,0,15,16,2.7827199119201396e-05,0.0014532858622260392,0.0379638671875
CIFAR100,ResNet18BN,sea-willow_tree,8354,0,16,17,1.9890614566975273e-05,0.0009271773742511868,0.022705078125
CIFAR100,ResNet18BN,sea-willow_tree,8354,0,17,17,1.7884338376461528e-05,0.0012232132721692324,0.034912109375
CIFAR100,ResNet18BN,sea-willow_tree,8354,0,18,16,1.3431243132799864e-05,0.000674405979225412,0.02587890625
CIFAR100,ResNet18BN,sea-willow_tree,8354,0,19,17,9.852040420810226e-06,0.0005157670238986611,0.018798828125
CIFAR100,ResNet18BN,sea-willow_tree,8354,0,20,17,1.0629406460793689e-05,0.0006676286575384438,0.016845703125
CIFAR100,ResNet18BN,sea-willow_tree,8354,0,21,16,6.0597444644372445e-06,0.00030849414179101586,0.0113525390625
CIFAR100,ResNet18BN,sea-willow_tree,8354,0,22,17,4.035414349345956e-06,0.00021188393293414265,0.00634765625
CIFAR100,ResNet18BN,sea-willow_tree,8354,0,23,17,2.4889504857128486e-06,0.00012954830890521407,0.00390625
CIFAR100,ResNet18BN,sea-willow_tree,8354,0,24,16,1.7503617186775955e-06,8.214447370846756e-05,0.00238037109375
CIFAR100,ResNet18BN,sea-willow_tree,8354,0,25,17,8.991045774564554e-07,4.743872341350652e-05,0.00146484375
CIFAR100,ResNet18BN,sea-willow_tree,8354,0,26,17,4.693247319664806e-07,2.2008680389262736e-05,0.0006103515625
CIFAR100,ResNet18BN,sea-willow_tree,8354,0,27,16,3.0068940759520046e-07,1.6624308955215383e-05,0.00048828125
CIFAR100,ResNet18BN,sea-willow_tree,8354,0,28,17,1.5633980865459307e-07,8.538006113667507e-06,0.000244140625
CIFAR100,ResNet18BN,sea-willow_tree,8354,0,29,17,3.371689061282268e-08,1.3329402685779979e-11,0.0
CIFAR100,ResNet18BN,sea-willow_tree,8354,0,30,16,1.4492804178978247e-09,4.1783737182569426e-14,0.0
CIFAR100,ResNet18BN,sea-willow_tree,8354,1,1,17,0.0005993047379888594,0.024071650579571724,0.25726318359375
CIFAR100,ResNet18BN,sea-willow_tree,8354,1,2,17,0.00039042846765369177,0.019857166334986687,0.252197265625
CIFAR100,ResNet18BN,sea-willow_tree,8354,1,3,16,0.0003041370800929144,0.01460873382166028,0.2425537109375
CIFAR100,ResNet18BN,sea-willow_tree,8354,1,4,17,0.0002964969608001411,0.013650845736265182,0.3084716796875
CIFAR100,ResNet18BN,sea-willow_tree,8354,1,5,17,0.0002125066821463406,0.010558472014963627,0.2197265625
CIFAR100,ResNet18BN,sea-willow_tree,8354,1,6,16,0.00016706387395970523,0.007798070786520839,0.12713623046875
CIFAR100,ResNet18BN,sea-willow_tree,8354,1,7,17,0.00017683804617263377,0.009308944456279278,0.139404296875
CIFAR100,ResNet18BN,sea-willow_tree,8354,1,8,17,0.00013457892055157572,0.007189302705228329,0.1226806640625
CIFAR100,ResNet18BN,sea-willow_tree,8354,1,9,16,0.00012781132681993768,0.005176267819479108,0.09417724609375
CIFAR100,ResNet18BN,sea-willow_tree,8354,1,10,17,8.900571992853656e-05,0.0037328742910176516,0.04559326171875
CIFAR100,ResNet18BN,sea-willow_tree,8354,1,11,17,7.597853982588276e-05,0.0038018403574824333,0.05859375
CIFAR100,ResNet18BN,sea-willow_tree,8354,1,12,16,6.307803050731309e-05,0.002980813034810126,0.05419921875
CIFAR100,ResNet18BN,sea-willow_tree,8354,1,13,17,5.05251155118458e-05,0.0027526323683559895,0.0523681640625
CIFAR100,ResNet18BN,sea-willow_tree,8354,1,14,17,4.309936048230156e-05,0.0020925418939441442,0.05029296875
CIFAR100,ResNet18BN,sea-willow_tree,8354,1,15,16,3.155119520670269e-05,0.0011989679769612849,0.025634765625
CIFAR100,ResNet18BN,sea-willow_tree,8354,1,16,17,2.471895277267322e-05,0.0012831264175474644,0.01300048828125
CIFAR100,ResNet18BN,sea-willow_tree,8354,1,17,17,1.5529336451436393e-05,0.0006797054084017873,0.0135498046875
CIFAR100,ResNet18BN,sea-willow_tree,8354,1,18,16,1.5311654351535253e-05,0.0006833187071606517,0.009765625
CIFAR100,ResNet18BN,sea-willow_tree,8354,1,19,17,1.0453917639097199e-05,0.00039808504516258836,0.0074462890625
CIFAR100,ResNet18BN,sea-willow_tree,8354,1,20,17,9.20385355129838e-06,0.0003955685824621469,0.0086669921875
CIFAR100,ResNet18BN,sea-willow_tree,8354,1,21,16,6.4438904701091815e-06,0.00029769091634079814,0.00408935546875
CIFAR100,ResNet18BN,sea-willow_tree,8354,1,22,17,4.723643087345408e-06,0.00022220387472771108,0.003662109375
CIFAR100,ResNet18BN,sea-willow_tree,8354,1,23,17,3.53389418705774e-06,0.0001370950776617974,0.0028076171875
CIFAR100,ResNet18BN,sea-willow_tree,8354,1,24,16,2.3011882603896083e-06,0.00010493828085600398,0.00164794921875
CIFAR100,ResNet18BN,sea-willow_tree,8354,1,25,17,1.5152885453062481e-06,7.125028787413612e-05,0.0008544921875
CIFAR100,ResNet18BN,sea-willow_tree,8354,1,26,17,8.736675454201759e-07,4.2600084270816296e-05,0.000732421875
CIFAR100,ResNet18BN,sea-willow_tree,8354,1,27,16,4.531262050022633e-07,1.9417119801801164e-05,0.000244140625
CIFAR100,ResNet18BN,sea-willow_tree,8354,1,28,17,1.8566835535693826e-07,8.7354010247509e-06,0.000244140625
CIFAR100,ResNet18BN,sea-willow_tree,8354,1,29,17,4.7443514006317855e-08,8.198279728699465e-12,0.0001220703125
CIFAR100,ResNet18BN,sea-willow_tree,8354,1,30,16,5.2802027195042456e-09,1.2878378037920434e-13,0.0
CIFAR100,ResNet18BN,sea-willow_tree,8354,2,1,17,0.0006858668639324605,0.03581136837601662,0.472900390625
CIFAR100,ResNet18BN,sea-willow_tree,8354,2,2,17,0.0003458283608779311,0.018045499920845032,0.339111328125
CIFAR100,ResNet18BN,sea-willow_tree,8354,2,3,16,0.0002810228324960917,0.014220700599253178,0.247314453125
CIFAR100,ResNet18BN,sea-willow_tree,8354,2,4,17,0.00021711140288971364,0.011636992916464806,0.230712890625
CIFAR100,ResNet18BN,sea-willow_tree,8354,2,5,17,0.00016612480976618826,0.008753940463066101,0.189697265625
CIFAR100,ResNet18BN,sea-willow_tree,8354,2,6,16,0.0001535540068289265,0.0077433097176253796,0.14459228515625
CIFAR100,ResNet18BN,sea-willow_tree,8354,2,7,17,0.00014051269681658596,0.007950247265398502,0.21728515625
CIFAR100,ResNet18BN,sea-willow_tree,8354,2,8,17,0.0001000237898551859,0.005954699590802193,0.128173828125
CIFAR100,ResNet18BN,sea-willow_tree,8354,2,9,16,7.757275670883246e-05,0.003910672850906849,0.087890625
CIFAR100,ResNet18BN,sea-willow_tree,8354,2,10,17,7.836338772904128e-05,0.004892044235020876,0.107421875
CIFAR100,ResNet18BN,sea-willow_tree,8354,2,11,17,5.253230483504012e-05,0.002576722763478756,0.0401611328125
CIFAR100,ResNet18BN,sea-willow_tree,8354,2,12,16,5.515083103091456e-05,0.0028605080442503095,0.0518798828125
CIFAR100,ResNet18BN,sea-willow_tree,8354,2,13,17,4.2221374314976856e-05,0.0021839223336428404,0.02880859375
CIFAR100,ResNet18BN,sea-willow_tree,8354,2,14,17,2.962721737276297e-05,0.00158696121070534,0.032958984375
CIFAR100,ResNet18BN,sea-willow_tree,8354,2,15,16,2.643904554133769e-05,0.0014975519734434783,0.0291748046875
CIFAR100,ResNet18BN,sea-willow_tree,8354,2,16,17,2.1590803953586146e-05,0.0012045287294313312,0.02392578125
CIFAR100,ResNet18BN,sea-willow_tree,8354,2,17,17,1.4781109712203033e-05,0.0007458527688868344,0.0137939453125
CIFAR100,ResNet18BN,sea-willow_tree,8354,2,18,16,1.1586265827645548e-05,0.0006246533885132521,0.0098876953125
CIFAR100,ResNet18BN,sea-willow_tree,8354,2,19,17,9.776091246749274e-06,0.0005523118888959289,0.00927734375
CIFAR100,ResNet18BN,sea-willow_tree,8354,2,20,17,6.2264334701467305e-06,0.0003503447223920375,0.005615234375
CIFAR100,ResNet18BN,sea-willow_tree,8354,2,21,16,4.79647565043706e-06,0.00022225047723622993,0.0064697265625
CIFAR100,ResNet18BN,sea-willow_tree,8354,2,22,17,3.315639332868159e-06,0.00016146647976711392,0.0029296875
CIFAR100,ResNet18BN,sea-willow_tree,8354,2,23,17,1.8333702200834523e-06,9.193243749905378e-05,0.002197265625
CIFAR100,ResNet18BN,sea-willow_tree,8354,2,24,16,1.181150935281039e-06,5.6978498832904734e-05,0.0015869140625
CIFAR100,ResNet18BN,sea-willow_tree,8354,2,25,17,6.776660370633181e-07,3.684478360810317e-05,0.000732421875
CIFAR100,ResNet18BN,sea-willow_tree,8354,2,26,17,3.8189887163753156e-07,1.7974623915506527e-05,0.00048828125
CIFAR100,ResNet18BN,sea-willow_tree,8354,2,27,16,1.7004347085958216e-07,8.149630502884975e-06,0.00018310546875
CIFAR100,ResNet18BN,sea-willow_tree,8354,2,28,17,4.9201037910506784e-08,1.586428674516492e-14,0.0001220703125
CIFAR100,ResNet18BN,sea-willow_tree,8354,2,29,17,8.54053094911933e-09,5.473058390058339e-16,0.0
CIFAR100,ResNet18BN,sea-willow_tree,8354,2,30,16,9.106186638074831e-10,1.0926082465680643e-16,0.0
CIFAR100,ResNet18BN,sea-willow_tree,8354,3,1,17,0.0007421313202939928,0.04572674632072449,0.56536865234375
CIFAR100,ResNet18BN,sea-willow_tree,8354,3,2,17,0.0005251040565781295,0.030330840498209,0.3935546875
CIFAR100,ResNet18BN,sea-willow_tree,8354,3,3,16,0.000384061859222129,0.021775645203888416,0.2684326171875
CIFAR100,ResNet18BN,sea-willow_tree,8354,3,4,17,0.00029547917074523866,0.01922352984547615,0.199951171875
CIFAR100,ResNet18BN,sea-willow_tree,8354,3,5,17,0.00022059420007281005,0.014907145872712135,0.22802734375
CIFAR100,ResNet18BN,sea-willow_tree,8354,3,6,16,0.00020399107597768307,0.013122310861945152,0.2677001953125
CIFAR100,ResNet18BN,sea-willow_tree,8354,3,7,17,0.0001637791865505278,0.009833864867687225,0.175048828125
CIFAR100,ResNet18BN,sea-willow_tree,8354,3,8,17,0.00016097119078040123,0.01097393874078989,0.270263671875
CIFAR100,ResNet18BN,sea-willow_tree,8354,3,9,16,0.00011392047963454388,0.007032989989966154,0.14111328125
CIFAR100,ResNet18BN,sea-willow_tree,8354,3,10,17,9.798372047953308e-05,0.005743346642702818,0.093017578125
CIFAR100,ResNet18BN,sea-willow_tree,8354,3,11,17,6.742328696418554e-05,0.005360131151974201,0.08642578125
CIFAR100,ResNet18BN,sea-willow_tree,8354,3,12,16,5.553958908421919e-05,0.0032196560641750693,0.066650390625
CIFAR100,ResNet18BN,sea-willow_tree,8354,3,13,17,4.312246892368421e-05,0.0028159436769783497,0.06005859375
CIFAR100,ResNet18BN,sea-willow_tree,8354,3,14,17,3.9819682569941506e-05,0.0027810733299702406,0.052490234375
CIFAR100,ResNet18BN,sea-willow_tree,8354,3,15,16,2.6250114387948997e-05,0.0016405006754212081,0.0401611328125
CIFAR100,ResNet18BN,sea-willow_tree,8354,3,16,17,2.1585648937616497e-05,0.0013974973699077964,0.02099609375
CIFAR100,ResNet18BN,sea-willow_tree,8354,3,17,17,1.642664210521616e-05,0.0009926806669682264,0.01904296875
CIFAR100,ResNet18BN,sea-willow_tree,8354,3,18,16,1.550872320876806e-05,0.0009075503330677748,0.0140380859375
CIFAR100,ResNet18BN,sea-willow_tree,8354,3,19,17,1.2469869034248404e-05,0.0009648406412452459,0.0137939453125
CIFAR100,ResNet18BN,sea-willow_tree,8354,3,20,17,7.835840733605437e-06,0.00045167680946178734,0.0078125
CIFAR100,ResNet18BN,sea-willow_tree,8354,3,21,16,4.967756694895797e-06,0.0003506297216517851,0.00592041015625
CIFAR100,ResNet18BN,sea-willow_tree,8354,3,22,17,3.6373608054418582e-06,0.00022594441543333232,0.0032958984375
CIFAR100,ResNet18BN,sea-willow_tree,8354,3,23,17,2.496665047146962e-06,0.0001555036724312231,0.002197265625
CIFAR100,ResNet18BN,sea-willow_tree,8354,3,24,16,1.7199078001794987e-06,0.00011224778791074641,0.00189208984375
CIFAR100,ResNet18BN,sea-willow_tree,8354,3,25,17,1.1331899258948397e-06,7.77267778175883e-05,0.00146484375
CIFAR100,ResNet18BN,sea-willow_tree,8354,3,26,17,7.098835794749903e-07,5.074538057669997e-05,0.000732421875
CIFAR100,ResNet18BN,sea-willow_tree,8354,3,27,16,4.71927791068083e-07,3.199590355507098e-05,0.0003662109375
CIFAR100,ResNet18BN,sea-willow_tree,8354,3,28,17,1.419356578935549e-07,9.663257515057921e-06,0.000244140625
CIFAR100,ResNet18BN,sea-willow_tree,8354,3,29,17,1.7952080710870177e-08,1.0956197530980188e-14,0.0
CIFAR100,ResNet18BN,sea-willow_tree,8354,3,30,16,3.1841986825043023e-09,1.0520720422742215e-15,0.0
CIFAR100,ResNet18BN,sea-willow_tree,8354,4,1,17,0.0005547389737330377,0.023702124133706093,0.389892578125
CIFAR100,ResNet18BN,sea-willow_tree,8354,4,2,17,0.000405395490815863,0.019295278936624527,0.3626708984375
CIFAR100,ResNet18BN,sea-willow_tree,8354,4,3,16,0.00029921317764092237,0.015259708743542433,0.27947998046875
CIFAR100,ResNet18BN,sea-willow_tree,8354,4,4,17,0.00023827982658986002,0.01057233102619648,0.16217041015625
CIFAR100,ResNet18BN,sea-willow_tree,8354,4,5,17,0.00021297710190992802,0.010871977545320988,0.161865234375
CIFAR100,ResNet18BN,sea-willow_tree,8354,4,6,16,0.00015363827697001398,0.008060455787926912,0.12872314453125
CIFAR100,ResNet18BN,sea-willow_tree,8354,4,7,17,0.00014779697812628,0.005909606348723173,0.1072998046875
CIFAR100,ResNet18BN,sea-willow_tree,8354,4,8,17,0.00013167386350687593,0.006443264428526163,0.0908203125
CIFAR100,ResNet18BN,sea-willow_tree,8354,4,9,16,0.00012235475514899008,0.006204990204423666,0.1025390625
CIFAR100,ResNet18BN,sea-willow_tree,8354,4,10,17,7.37974769435823e-05,0.003603796474635601,0.0594482421875
CIFAR100,ResNet18BN,sea-willow_tree,8354,4,11,17,6.699231016682461e-05,0.0032066241838037968,0.060546875
CIFAR100,ResNet18BN,sea-willow_tree,8354,4,12,16,5.903765486436896e-05,0.0030801453394815326,0.0604248046875
CIFAR100,ResNet18BN,sea-willow_tree,8354,4,13,17,4.346827699919231e-05,0.0024143774062395096,0.0408935546875
CIFAR100,ResNet18BN,sea-willow_tree,8354,4,14,17,3.738845043699257e-05,0.0018072430975735188,0.0299072265625
CIFAR100,ResNet18BN,sea-willow_tree,8354,4,15,16,3.274314076406881e-05,0.001472011092118919,0.03497314453125
CIFAR100,ResNet18BN,sea-willow_tree,8354,4,16,17,2.0919762391713448e-05,0.0010253002401441336,0.0185546875
CIFAR100,ResNet18BN,sea-willow_tree,8354,4,17,17,2.0166931790299714e-05,0.0009599627810530365,0.0194091796875
CIFAR100,ResNet18BN,sea-willow_tree,8354,4,18,16,1.258338124898728e-05,0.0006788858445361257,0.011474609375
CIFAR100,ResNet18BN,sea-willow_tree,8354,4,19,17,8.377365702472162e-06,0.0004095805634278804,0.0068359375
CIFAR100,ResNet18BN,sea-willow_tree,8354,4,20,17,6.401156042556977e-06,0.0002921898849308491,0.005615234375
CIFAR100,ResNet18BN,sea-willow_tree,8354,4,21,16,5.105081527290167e-06,0.00022005304344929755,0.00360107421875
CIFAR100,ResNet18BN,sea-willow_tree,8354,4,22,17,3.4113359106413554e-06,0.0001681581634329632,0.002685546875
CIFAR100,ResNet18BN,sea-willow_tree,8354,4,23,17,2.7204100661037955e-06,0.00016271551430691034,0.002685546875
CIFAR100,ResNet18BN,sea-willow_tree,8354,4,24,16,1.8580350911179266e-06,7.851371628930792e-05,0.001953125
CIFAR100,ResNet18BN,sea-willow_tree,8354,4,25,17,1.0093132232213975e-06,3.896707494277507e-05,0.0006103515625
CIFAR100,ResNet18BN,sea-willow_tree,8354,4,26,17,4.946380158799002e-07,1.7348143956041895e-05,0.0003662109375
CIFAR100,ResNet18BN,sea-willow_tree,8354,4,27,16,1.6191997076475673e-07,7.304984364964184e-06,0.00018310546875
CIFAR100,ResNet18BN,sea-willow_tree,8354,4,28,17,3.824505867555672e-08,1.3089759175665891e-14,0.0
CIFAR100,ResNet18BN,sea-willow_tree,8354,4,29,17,1.6708364469764092e-08,5.536781208075872e-15,0.0
CIFAR100,ResNet18BN,sea-willow_tree,8354,4,30,16,3.1330473770907474e-09,3.8773511525249895e-16,0.0
TinyImageNet,ResNet18BN,n01443537-n01629819,2278,0,1,17,0.0005639555165544152,0.06836064904928207,0.698486328125
TinyImageNet,ResNet18BN,n01443537-n01629819,2278,0,2,17,0.000320279854349792,0.039775121957063675,0.4259033203125
TinyImageNet,ResNet18BN,n01443537-n01629819,2278,0,3,16,0.00023031828459352255,0.028547877445816994,0.46295166015625
TinyImageNet,ResNet18BN,n01443537-n01629819,2278,0,4,17,0.00019215680367778987,0.022971849888563156,0.20458984375
TinyImageNet,ResNet18BN,n01443537-n01629819,2278,0,5,17,0.0001305716868955642,0.01353320199996233,0.1552734375
TinyImageNet,ResNet18BN,n01443537-n01629819,2278,0,6,16,0.00010451237903907895,0.014337779488414526,0.150146484375
TinyImageNet,ResNet18BN,n01443537-n01629819,2278,0,7,17,9.46148720686324e-05,0.013555635698139668,0.143798828125
TinyImageNet,ResNet18BN,n01443537-n01629819,2278,0,8,17,6.975349970161915e-05,0.009338190779089928,0.11767578125
TinyImageNet,ResNet18BN,n01443537-n01629819,2278,0,9,16,6.787474558223039e-05,0.007817559409886599,0.088623046875
TinyImageNet,ResNet18BN,n01443537-n01629819,2278,0,10,17,3.871732405968942e-05,0.004485717974603176,0.05419921875
TinyImageNet,ResNet18BN,n01443537-n01629819,2278,0,11,17,2.9919474400230683e-05,0.0038448874838650227,0.04052734375
TinyImageNet,ResNet18BN,n01443537-n01629819,2278,0,12,16,2.340379433007911e-05,0.0027146333595737815,0.03106689453125
TinyImageNet,ResNet18BN,n01443537-n01629819,2278,0,13,17,1.590103238413576e-05,0.0023211112711578608,0.038818359375
TinyImageNet,ResNet18BN,n01443537-n01629819,2278,0,14,17,9.890118235489354e-06,0.0013119957875460386,0.01806640625
TinyImageNet,ResNet18BN,n01443537-n01629819,2278,0,15,16,8.313546004501404e-06,0.000922480394365266,0.01226806640625
TinyImageNet,ResNet18BN,n01443537-n01629819,2278,0,16,17,5.979951311019249e-06,0.0006516234716400504,0.008056640625
TinyImageNet,ResNet18BN,n01443537-n01629819,2278,0,17,17,4.473811713978648e-06,0.0005864232080057263,0.0078125
TinyImageNet,ResNet18BN,n01443537-n01629819,2278,0,18,16,2.5993630288212444e-06,0.0003318812669022009,0.0040283203125
TinyImageNet,ResNet18BN,n01443537-n01629819,2278,0,19,17,1.851689489740238e-06,0.0002358655328862369,0.0025634765625
TinyImageNet,ResNet18BN,n01443537-n01629819,2278,0,20,17,1.3331698482943466e-06,0.0001891281717689708,0.0020751953125
TinyImageNet,ResNet18BN,n01443537-n01629819,2278,0,21,16,6.521820523630595e-07,7.793652912368998e-05,0.000732421875
TinyImageNet,ResNet18BN,n01443537-n01629819,2278,0,22,17,4.812325187231181e-07,6.964150816202164e-05,0.000732421875
TinyImageNet,ResNet18BN,n01443537-n01629819,2278,0,23,17,2.9499270226551744e-07,3.846355321002193e-05,0.0003662109375
TinyImageNet,ResNet18BN,n01443537-n01629819,2278,0,24,16,1.5017148768947663e-07,1.779432568582706e-05,0.000244140625
TinyImageNet,ResNet18BN,n01443537-n01629819,2278,0,25,17,4.473405468274905e-08,2.165655432762037e-09,0.0
TinyImageNet,ResNet18BN,n01443537-n01629819,2278,0,26,17,1.797967286165658e-08,3.1233143241854444e-12,0.0
TinyImageNet,ResNet18BN,n01443537-n01629819,2278,0,27,16,6.661155405041086e-09,2.2500839733097244e-11,0.0
TinyImageNet,ResNet18BN,n01443537-n01629819,2278,0,28,17,2.213975003328983e-09,1.767097058957834e-11,0.0
TinyImageNet,ResNet18BN,n01443537-n01629819,2278,0,29,17,2.514252694929553e-10,1.9376882910704385e-12,0.0
TinyImageNet,ResNet18BN,n01443537-n01629819,2278,0,30,16,1.6232842327268404e-11,6.888419634096818e-15,0.0
TinyImageNet,ResNet18BN,n01443537-n01629819,2278,1,1,17,0.0007117270724847913,0.07913869619369507,0.5787353515625
TinyImageNet,ResNet18BN,n01443537-n01629819,2278,1,2,17,0.0003544154460541904,0.03677522763609886,0.5601806640625
TinyImageNet,ResNet18BN,n01443537-n01629819,2278,1,3,16,0.00024466534523526207,0.027092833071947098,0.209716796875
TinyImageNet,ResNet18BN,n01443537-n01629819,2278,1,4,17,0.00015667680418118834,0.017551477998495102,0.178955078125
TinyImageNet,ResNet18BN,n01443537-n01629819,2278,1,5,17,0.00013736978871747851,0.01894465833902359,0.306396484375
TinyImageNet,ResNet18BN,n01443537-n01629819,2278,1,6,16,0.00012019761925330386,0.013417047914117575,0.154052734375
TinyImageNet,ResNet18BN,n01443537-n01629819,2278,1,7,17,0.00010154957271879539,0.011495117098093033,0.162353515625
TinyImageNet,ResNet18BN,n01443537-n01629819,2278,1,8,17,7.997417560545728e-05,0.009292246773838997,0.1092529296875
TinyImageNet,ResNet18BN,n01443537-n01629819,2278,1,9,16,6.091836257837713e-05,0.00789731228724122,0.12432861328125
TinyImageNet,ResNet18BN,n01443537-n01629819,2278,1,10,17,4.263461596565321e-05,0.006122761406004429,0.099609375
TinyImageNet,ResNet18BN,n01443537-n01629819,2278,1,11,17,3.271958485129289e-05,0.003761542961001396,0.05206298828125
TinyImageNet,ResNet18BN,n01443537-n01629819,2278,1,12,16,2.960515848826617e-05,0.0041304221376776695,0.0535888671875
TinyImageNet,ResNet18BN,n01443537-n01629819,2278,1,13,17,2.2962554794503376e-05,0.003133030142635107,0.04052734375
TinyImageNet,ResNet18BN,n01443537-n01629819,2278,1,14,17,1.8212876966572367e-05,0.002652523573487997,0.027587890625
TinyImageNet,ResNet18BN,n01443537-n01629819,2278,1,15,16,1.2334112852840917e-05,0.001446507463697344,0.01751708984375
TinyImageNet,ResNet18BN,n01443537-n01629819,2278,1,16,17,1.18001071314211e-05,0.0012696939520537853,0.0136260986328125
TinyImageNet,ResNet18BN,n01443537-n01629819,2278,1,17,17,7.725830982963089e-06,0.0011233234545215964,0.014892578125
TinyImageNet,ResNet18BN,n01443537-n01629819,2278,1,18,16,4.459026285985601e-06,0.0005821548693347722,0.00616455078125
TinyImageNet,ResNet18BN,n01443537-n01629819,2278,1,19,17,3.7622498894052114e-06,0.00042016495717689395,0.005615234375
TinyImageNet,ResNet18BN,n01443537-n01629819,2278,1,20,17,2.860808535842807e-06,0.0003107085358351469,0.00341796875
TinyImageNet,ResNet18BN,n01443537-n01629819,2278,1,21,16,1.5288719055206457e-06,0.00019705303566297516,0.001708984375
TinyImageNet,ResNet18BN,n01443537-n01629819,2278,1,22,17,8.295077691400365e-07,9.329821477876976e-05,0.00079345703125
TinyImageNet,ResNet18BN,n01443537-n01629819,2278,1,23,17,5.77642424559599e-07,7.422938506351784e-05,0.00079345703125
TinyImageNet,ResNet18BN,n01443537-n01629819,2278,1,24,16,2.8120427941757953e-07,3.2682219170965254e-05,0.000244140625
TinyImageNet,ResNet18BN,n01443537-n01629819,2278,1,25,17,1.5789404983479471e-07,2.2900996555108577e-05,0.0001220703125
TinyImageNet,ResNet18BN,n01443537-n01629819,2278,1,26,17,4.2865497817956566e-08,8.555316828237625e-13,0.0
TinyImageNet,ResNet18BN,n01443537-n01629819,2278,1,27,16,9.480638052394852e-09,5.886007386514663e-14,0.0
TinyImageNet,ResNet18BN,n01443537-n01629819,2278,1,28,17,2.2798214427410812e-09,1.1167946450431343e-14,0.0
TinyImageNet,ResNet18BN,n01443537-n01629819,2278,1,29,17,1.9967885678262576e-10,4.461123480445795e-16,0.0
TinyImageNet,ResNet18BN,n01443537-n01629819,2278,1,30,16,7.706664950299369e-12,9.889295774831781e-18,0.0
TinyImageNet,ResNet18BN,n01443537-n01629819,2278,2,1,17,0.0007292706286534667,0.07388443499803543,0.47216796875
TinyImageNet,ResNet18BN,n01443537-n01629819,2278,2,2,17,0.00035371611011214554,0.036977607756853104,0.43463134765625
TinyImageNet,ResNet18BN,n01443537-n01629819,2278,2,3,16,0.00021319773804862052,0.027464634738862514,0.30438232421875
TinyImageNet,ResNet18BN,n01443537-n01629819,2278,2,4,17,0.00016340579895768315,0.018804866820573807,0.17138671875
TinyImageNet,ResNet18BN,n01443537-n01629819,2278,2,5,17,0.0001498438068665564,0.018271954730153084,0.1854248046875
TinyImageNet,ResNet18BN,n01443537-n01629819,2278,2,6,16,9.385345401824452e-05,0.010543400887399912,0.081024169921875
TinyImageNet,ResNet18BN,n01443537-n01629819,2278,2,7,17,6.59149736748077e-05,0.0072585116140544415,0.06005859375
TinyImageNet,ResNet18BN,n01443537-n01629819,2278,2,8,17,5.65237678529229e-05,0.006545429117977619,0.041748046875
TinyImageNet,ResNet18BN,n01443537-n01629819,2278,2,9,16,3.713159094331786e-05,0.004034282406792045,0.030059814453125
TinyImageNet,ResNet18BN,n01443537-n01629819,2278,2,10,17,3.0966846679802984e-05,0.004036467522382736,0.02874755859375
TinyImageNet,ResNet18BN,n01443537-n01629819,2278,2,11,17,3.691208621603437e-05,0.0040003350004553795,0.0469970703125
TinyImageNet,ResNet18BN,n01443537-n01629819,2278,2,12,16,2.1268010641506407e-05,0.0026573921786621213,0.0186767578125
TinyImageNet,ResNet18BN,n01443537-n01629819,2278,2,13,17,1.5881791114225052e-05,0.0017134151421487331,0.0230712890625
TinyImageNet,ResNet18BN,n01443537-n01629819,2278,2,14,17,1.156513735622866e-05,0.001546359620988369,0.0125732421875
TinyImageNet,ResNet18BN,n01443537-n01629819,2278,2,15,16,8.85888857737882e-06,0.0012566147488541901,0.010650634765625
TinyImageNet,ResNet18BN,n01443537-n01629819,2278,2,16,17,6.185393431223929e-06,0.0007582813850603998,0.0081787109375
TinyImageNet,ResNet18BN,n01443537-n01629819,2278,2,17,17,5.323437562765321e-06,0.0006157125462777913,0.003662109375
TinyImageNet,ResNet18BN,n01443537-n01629819,2278,2,18,16,2.9123762033123057e-06,0.0004031349380966276,0.00445556640625
TinyImageNet,ResNet18BN,n01443537-n01629819,2278,2,19,17,1.7217324739249307e-06,0.0002533265214879066,0.00244140625
TinyImageNet,ResNet18BN,n01443537-n01629819,2278,2,20,17,9.10673804810358e-07,0.00010048120020655915,0.0009765625
TinyImageNet,ResNet18BN,n01443537-n01629819,2278,2,21,16,7.10048055907464e-07,9.118704474531114e-05,0.0009613037109375
TinyImageNet,ResNet18BN,n01443537-n01629819,2278,2,22,17,3.0628407898802834e-07,3.3039101253962144e-05,0.000244140625
TinyImageNet,ResNet18BN,n01443537-n01629819,2278,2,23,17,1.4526014524562925e-07,1.8310283849132247e-05,0.0001220703125
TinyImageNet,ResNet18BN,n01443537-n01629819,2278,2,24,16,5.432880811895302e-08,2.9595395687094517e-12,9.1552734375e-05
TinyImageNet,ResNet18BN,n01443537-n01629819,2278,2,25,17,2.3350855471448995e-08,3.348607198819242e-14,0.0
TinyImageNet,ResNet18BN,n01443537-n01629819,2278,2,26,17,6.4776566333080154e-09,7.334850466529565e-15,0.0
TinyImageNet,ResNet18BN,n01443537-n01629819,2278,2,27,16,3.3923845954575427e-09,1.066448446614349e-14,0.0
TinyImageNet,ResNet18BN,n01443537-n01629819,2278,2,28,17,1.1824914381008966e-09,1.4386710613513258e-15,0.0
TinyImageNet,ResNet18BN,n01443537-n01629819,2278,2,29,17,3.070587117903756e-10,7.04046175696139e-17,0.0
TinyImageNet,ResNet18BN,n01443537-n01629819,2278,2,30,16,8.906912533912514e-12,1.3249771814044037e-18,0.0
TinyImageNet,ResNet18BN,n01443537-n01629819,2278,3,1,17,0.00041900482028722763,0.04782882332801819,0.716552734375
TinyImageNet,ResNet18BN,n01443537-n01629819,2278,3,2,17,0.00023593845253344625,0.030167916789650917,0.2628173828125
TinyImageNet,ResNet18BN,n01443537-n01629819,2278,3,3,16,0.0001146372414950747,0.013727129437029362,0.18603515625
TinyImageNet,ResNet18BN,n01443537-n01629819,2278,3,4,17,9.208250412484631e-05,0.012843893840909004,0.141845703125
TinyImageNet,ResNet18BN,n01443537-n01629819,2278,3,5,17,7.296435796888545e-05,0.009536881931126118,0.128662109375
TinyImageNet,ResNet18BN,n01443537-n01629819,2278,3,6,16,5.26781368535012e-05,0.006821853574365377,0.1162109375
TinyImageNet,ResNet18BN,n01443537-n01629819,2278,3,7,17,3.617746551753953e-05,0.005380591843277216,0.092529296875
TinyImageNet,ResNet18BN,n01443537-n01629819,2278,3,8,17,2.909524118877016e-05,0.003807930275797844,0.05615234375
TinyImageNet,ResNet18BN,n01443537-n01629819,2278,3,9,16,3.085431853833143e-05,0.00452391104772687,0.0677490234375
TinyImageNet,ResNet18BN,n01443537-n01629819,2278,3,10,17,1.9508755940478295e-05,0.002529231831431389,0.0357666015625
TinyImageNet,ResNet18BN,n01443537-n01629819,2278,3,11,17,1.4564666344085708e-05,0.001991124590858817,0.01953125
TinyImageNet,ResNet18BN,n01443537-n01629819,2278,3,12,16,1.2925731425639242e-05,0.0016709276242181659,0.02545166015625
TinyImageNet,ResNet18BN,n01443537-n01629819,2278,3,13,17,9.448604942008387e-06,0.0012227013939991593,0.018798828125
TinyImageNet,ResNet18BN,n01443537-n01629819,2278,3,14,17,6.180161108204629e-06,0.0008380052167922258,0.01220703125
TinyImageNet,ResNet18BN,n01443537-n01629819,2278,3,15,16,5.453386393128312e-06,0.000665071012917906,0.0069580078125
TinyImageNet,ResNet18BN,n01443537-n01629819,2278,3,16,17,3.2741588711360237e-06,0.0005136738764122128,0.00732421875
TinyImageNet,ResNet18BN,n01443537-n01629819,2278,3,17,17,2.578859948698664e-06,0.0003223281819373369,0.00537109375
TinyImageNet,ResNet18BN,n01443537-n01629819,2278,3,18,16,1.4173102158565598e-06,0.00017778937763068825,0.0028076171875
TinyImageNet,ResNet18BN,n01443537-n01629819,2278,3,19,17,1.0626952189340955e-06,0.00014221119636204094,0.001953125
TinyImageNet,ResNet18BN,n01443537-n01629819,2278,3,20,17,5.704072236767388e-07,9.057198622031137e-05,0.001220703125
TinyImageNet,ResNet18BN,n01443537-n01629819,2278,3,21,16,3.2694637752683775e-07,4.7798172090551816e-05,0.000732421875
TinyImageNet,ResNet18BN,n01443537-n01629819,2278,3,22,17,1.785161316547601e-07,2.1032903532614e-05,0.000244140625
TinyImageNet,ResNet18BN,n01443537-n01629819,2278,3,23,17,1.4154673522170924e-07,2.131018482032232e-05,0.000244140625
TinyImageNet,ResNet18BN,n01443537-n01629819,2278,3,24,16,4.791241181578698e-08,9.75510064437149e-13,0.0
TinyImageNet,ResNet18BN,n01443537-n01629819,2278,3,25,17,1.9067933010319393e-08,7.500396245925522e-13,0.0
TinyImageNet,ResNet18BN,n01443537-n01629819,2278,3,26,17,5.416040504968578e-09,2.121515040465899e-13,0.0
TinyImageNet,ResNet18BN,n01443537-n01629819,2278,3,27,16,1.4063201714265006e-09,8.236867922280168e-15,0.0
TinyImageNet,ResNet18BN,n01443537-n01629819,2278,3,28,17,2.4556146005494384e-10,9.667292906131737e-16,0.0
TinyImageNet,ResNet18BN,n01443537-n01629819,2278,3,29,17,3.1934475896999714e-11,1.5557590461584683e-16,0.0
TinyImageNet,ResNet18BN,n01443537-n01629819,2278,3,30,16,7.941738629571593e-13,5.95181989933316e-18,0.0
TinyImageNet,ResNet18BN,n01443537-n01629819,2278,4,1,17,0.0003899213916156441,0.04747701436281204,0.674560546875
TinyImageNet,ResNet18BN,n01443537-n01629819,2278,4,2,17,0.00021327933063730597,0.026501290500164032,0.41064453125
TinyImageNet,ResNet18BN,n01443537-n01629819,2278,4,3,16,0.00017850137373898178,0.019871373660862446,0.333984375
TinyImageNet,ResNet18BN,n01443537-n01629819,2278,4,4,17,0.00010222844866802916,0.011997330002486706,0.19091796875
TinyImageNet,ResNet18BN,n01443537-n01629819,2278,4,5,17,8.297472959384322e-05,0.010989176109433174,0.149169921875
TinyImageNet,ResNet18BN,n01443537-n01629819,2278,4,6,16,6.628779374295846e-05,0.008785965852439404,0.1363525390625
TinyImageNet,ResNet18BN,n01443537-n01629819,2278,4,7,17,5.710494224331342e-05,0.007164042443037033,0.1181640625
TinyImageNet,ResNet18BN,n01443537-n01629819,2278,4,8,17,5.75984304305166e-05,0.008043733425438404,0.125732421875
TinyImageNet,ResNet18BN,n01443537-n01629819,2278,4,9,16,3.101076072198339e-05,0.004184395773336291,0.06036376953125
TinyImageNet,ResNet18BN,n01443537-n01629819,2278,4,10,17,2.9035476472927257e-05,0.0033306535333395004,0.064208984375
TinyImageNet,ResNet18BN,n01443537-n01629819,2278,4,11,17,1.953109858732205e-05,0.0027100478764623404,0.050537109375
TinyImageNet,ResNet18BN,n01443537-n01629819,2278,4,12,16,1.1456028005341068e-05,0.0016216221265494823,0.0260009765625
TinyImageNet,ResNet18BN,n01443537-n01629819,2278,4,13,17,1.1010472007910721e-05,0.0017135489033535123,0.02734375
TinyImageNet,ResNet18BN,n01443537-n01629819,2278,4,14,17,8.62188699102262e-06,0.001089939964003861,0.017578125
TinyImageNet,ResNet18BN,n01443537-n01629819,2278,4,15,16,6.851667649243609e-06,0.001032712054438889,0.016845703125
TinyImageNet,ResNet18BN,n01443537-n01629819,2278,4,16,17,4.756769158120733e-06,0.00067646469688043,0.0107421875
TinyImageNet,ResNet18BN,n01443537-n01629819,2278,4,17,17,3.520724249028717e-06,0.0005376916960813105,0.0078125
TinyImageNet,ResNet18BN,n01443537-n01629819,2278,4,18,16,2.4304417820530944e-06,0.000326218840200454,0.005615234375
TinyImageNet,ResNet18BN,n01443537-n01629819,2278,4,19,17,1.7572284605194e-06,0.0002547206822782755,0.004150390625
TinyImageNet,ResNet18BN,n01443537-n01629819,2278,4,20,17,9.857094482867979e-07,0.00013116888294462115,0.002197265625
TinyImageNet,ResNet18BN,n01443537-n01629819,2278,4,21,16,5.765219555087242e-07,8.635515041532926e-05,0.0010986328125
TinyImageNet,ResNet18BN,n01443537-n01629819,2278,4,22,17,2.913124603765027e-07,4.026817623525858e-05,0.000732421875
TinyImageNet,ResNet18BN,n01443537-n01629819,2278,4,23,17,1.4810444781687693e-07,2.189486076531466e-05,0.000244140625
TinyImageNet,ResNet18BN,n01443537-n01629819,2278,4,24,16,4.470054015826008e-08,1.4264428613991464e-11,0.0
TinyImageNet,ResNet18BN,n01443537-n01629819,2278,4,25,17,2.409662869240492e-08,4.472012170297912e-12,0.0
TinyImageNet,ResNet18BN,n01443537-n01629819,2278,4,26,17,9.950496426824884e-09,1.0832305538666098e-11,0.0
TinyImageNet,ResNet18BN,n01443537-n01629819,2278,4,27,16,2.958058242796824e-09,1.6760796309883697e-12,0.0
TinyImageNet,ResNet18BN,n01443537-n01629819,2278,4,28,17,9.40190258980067e-10,8.203440232884898e-14,0.0
TinyImageNet,ResNet18BN,n01443537-n01629819,2278,4,29,17,2.1429004404271979e-10,6.453841757211474e-15,0.0
TinyImageNet,ResNet18BN,n01443537-n01629819,2278,4,30,16,3.269065899057233e-12,3.0076617944673107e-16,0.0
TinyImageNet,ResNet18BN,n01443537-n01629819,2658,0,1,17,0.0005639555165544152,0.05776062235236168,0.54638671875
TinyImageNet,ResNet18BN,n01443537-n01629819,2658,0,2,17,0.000320279854349792,0.032446373254060745,0.2852783203125
TinyImageNet,ResNet18BN,n01443537-n01629819,2658,0,3,16,0.00023031828459352255,0.024504974484443665,0.18963623046875
TinyImageNet,ResNet18BN,n01443537-n01629819,2658,0,4,17,0.00019215680367778987,0.01996617577970028,0.0914306640625
TinyImageNet,ResNet18BN,n01443537-n01629819,2658,0,5,17,0.0001305716868955642,0.011868592351675034,0.095458984375
TinyImageNet,ResNet18BN,n01443537-n01629819,2658,0,6,16,0.00010451237903907895,0.012038460932672024,0.128448486328125
TinyImageNet,ResNet18BN,n01443537-n01629819,2658,0,7,17,9.46148720686324e-05,0.008944840170443058,0.0745849609375
TinyImageNet,ResNet18BN,n01443537-n01629819,2658,0,8,17,6.975349970161915e-05,0.009952433407306671,0.0758056640625
TinyImageNet,ResNet18BN,n01443537-n01629819,2658,0,9,16,6.787474558223039e-05,0.007214562501758337,0.0513916015625
TinyImageNet,ResNet18BN,n01443537-n01629819,2658,0,10,17,3.871732405968942e-05,0.004217779729515314,0.025634765625
TinyImageNet,ResNet18BN,n01443537-n01629819,2658,0,11,17,2.9919474400230683e-05,0.0032891081646084785,0.02325439453125
TinyImageNet,ResNet18BN,n01443537-n01629819,2658,0,12,16,2.340379433007911e-05,0.0023770383559167385,0.01953125
TinyImageNet,ResNet18BN,n01443537-n01629819,2658,0,13,17,1.590103238413576e-05,0.0018737745704129338,0.0181884765625
TinyImageNet,ResNet18BN,n01443537-n01629819,2658,0,14,17,9.890118235489354e-06,0.0011290418915450573,0.010986328125
TinyImageNet,ResNet18BN,n01443537-n01629819,2658,0,15,16,8.313546004501404e-06,0.0008334463345818222,0.007598876953125
TinyImageNet,ResNet18BN,n01443537-n01629819,2658,0,16,17,5.979951311019249e-06,0.0006175207672640681,0.0059814453125
TinyImageNet,ResNet18BN,n01443537-n01629819,2658,0,17,17,4.473811713978648e-06,0.0004994001938030124,0.0042724609375
TinyImageNet,ResNet18BN,n01443537-n01629819,2658,0,18,16,2.5993630288212444e-06,0.00026977564266417176,0.00213623046875
TinyImageNet,ResNet18BN,n01443537-n01629819,2658,0,19,17,1.851689489740238e-06,0.00023365436936728656,0.00128173828125
TinyImageNet,ResNet18BN,n01443537-n01629819,2658,0,20,17,1.3331698482943466e-06,0.0001566632854519412,0.0009765625
TinyImageNet,ResNet18BN,n01443537-n01629819,2658,0,21,16,6.521820523630595e-07,6.237830166355707e-05,0.00042724609375
TinyImageNet,ResNet18BN,n01443537-n01629819,2658,0,22,17,4.812325187231181e-07,6.104576459620148e-05,0.00048828125
TinyImageNet,ResNet18BN,n01443537-n01629819,2658,0,23,17,2.9499270226551744e-07,3.537700467859395e-05,0.000244140625
TinyImageNet,ResNet18BN,n01443537-n01629819,2658,0,24,16,1.5017148768947663e-07,1.6340858564944938e-05,0.0001220703125
TinyImageNet,ResNet18BN,n01443537-n01629819,2658,0,25,17,4.473405468274905e-08,1.53377338607541e-10,1.52587890625e-05
TinyImageNet,ResNet18BN,n01443537-n01629819,2658,0,26,17,1.797967286165658e-08,6.965050281318441e-14,0.0
TinyImageNet,ResNet18BN,n01443537-n01629819,2658,0,27,16,6.661155405041086e-09,2.7650557760322894e-13,0.0
TinyImageNet,ResNet18BN,n01443537-n01629819,2658,0,28,17,2.213975003328983e-09,4.839483306283421e-13,0.0
TinyImageNet,ResNet18BN,n01443537-n01629819,2658,0,29,17,2.514252694929553e-10,1.709675017660603e-14,0.0
TinyImageNet,ResNet18BN,n01443537-n01629819,2658,0,30,16,1.6232842327268404e-11,2.5685994604614064e-15,0.0
TinyImageNet,ResNet18BN,n01443537-n01629819,2658,1,1,17,0.0007117270724847913,0.09341837465763092,1.078643798828125
TinyImageNet,ResNet18BN,n01443537-n01629819,2658,1,2,17,0.0003544154460541904,0.05090153589844704,0.791259765625
TinyImageNet,ResNet18BN,n01443537-n01629819,2658,1,3,16,0.00024466534523526207,0.03446696512401104,0.4183349609375
TinyImageNet,ResNet18BN,n01443537-n01629819,2658,1,4,17,0.00015667680418118834,0.021698525175452232,0.228759765625
TinyImageNet,ResNet18BN,n01443537-n01629819,2658,1,5,17,0.00013736978871747851,0.02130233310163021,0.30908203125
TinyImageNet,ResNet18BN,n01443537-n01629819,2658,1,6,16,0.00012019761925330386,0.01593400165438652,0.28857421875
TinyImageNet,ResNet18BN,n01443537-n01629819,2658,1,7,17,0.00010154957271879539,0.013362961821258068,0.223876953125
TinyImageNet,ResNet18BN,n01443537-n01629819,2658,1,8,17,7.997417560545728e-05,0.011020989157259464,0.162109375
TinyImageNet,ResNet18BN,n01443537-n01629819,2658,1,9,16,6.091836257837713e-05,0.009293187875300646,0.1676025390625
TinyImageNet,ResNet18BN,n01443537-n01629819,2658,1,10,17,4.263461596565321e-05,0.0076326122507452965,0.14501953125
TinyImageNet,ResNet18BN,n01443537-n01629819,2658,1,11,17,3.271958485129289e-05,0.005194784142076969,0.081298828125
TinyImageNet,ResNet18BN,n01443537-n01629819,2658,1,12,16,2.960515848826617e-05,0.004898141138255596,0.0855712890625
TinyImageNet,ResNet18BN,n01443537-n01629819,2658,1,13,17,2.2962554794503376e-05,0.003676873864606023,0.04296875
TinyImageNet,ResNet18BN,n01443537-n01629819,2658,1,14,17,1.8212876966572367e-05,0.002828513504937291,0.060546875
TinyImageNet,ResNet18BN,n01443537-n01629819,2658,1,15,16,1.2334112852840917e-05,0.0017766846576705575,0.0283203125
TinyImageNet,ResNet18BN,n01443537-n01629819,2658,1,16,17,1.18001071314211e-05,0.0015985463978722692,0.021728515625
TinyImageNet,ResNet18BN,n01443537-n01629819,2658,1,17,17,7.725830982963089e-06,0.0014158986741676927,0.022705078125
TinyImageNet,ResNet18BN,n01443537-n01629819,2658,1,18,16,4.459026285985601e-06,0.0006996290758252144,0.00897216796875
TinyImageNet,ResNet18BN,n01443537-n01629819,2658,1,19,17,3.7622498894052114e-06,0.0005093255313113332,0.006591796875
TinyImageNet,ResNet18BN,n01443537-n01629819,2658,1,20,17,2.860808535842807e-06,0.0003712137113325298,0.006103515625
TinyImageNet,ResNet18BN,n01443537-n01629819,2658,1,21,16,1.5288719055206457e-06,0.00025229119637515396,0.003173828125
TinyImageNet,ResNet18BN,n01443537-n01629819,2658,1,22,17,8.295077691400365e-07,0.00012873376545030624,0.00146484375
TinyImageNet,ResNet18BN,n01443537-n01629819,2658,1,23,17,5.77642424559599e-07,9.737281652633101e-05,0.00146484375
TinyImageNet,ResNet18BN,n01443537-n01629819,2658,1,24,16,2.8120427941757953e-07,4.028473631478846e-05,0.00048828125
TinyImageNet,ResNet18BN,n01443537-n01629819,2658,1,25,17,1.5789404983479471e-07,2.6642714146873914e-05,0.00048828125
TinyImageNet,ResNet18BN,n01443537-n01629819,2658,1,26,17,4.2865497817956566e-08,5.37735481143109e-12,0.0
TinyImageNet,ResNet18BN,n01443537-n01629819,2658,1,27,16,9.480638052394852e-09,3.652514082201977e-13,0.0
TinyImageNet,ResNet18BN,n01443537-n01629819,2658,1,28,17,2.2798214427410812e-09,4.107956989439672e-14,0.0
TinyImageNet,ResNet18BN,n01443537-n01629819,2658,1,29,17,1.9967885678262576e-10,2.2049258645577725e-15,0.0
TinyImageNet,ResNet18BN,n01443537-n01629819,2658,1,30,16,7.706664950299369e-12,5.786050497481951e-16,0.0
TinyImageNet,ResNet18BN,n01443537-n01629819,2658,2,1,17,0.0007292706286534667,0.08259592950344086,1.961669921875
TinyImageNet,ResNet18BN,n01443537-n01629819,2658,2,2,17,0.00035371611011214554,0.04109504818916321,0.826171875
TinyImageNet,ResNet18BN,n01443537-n01629819,2658,2,3,16,0.00021319773804862052,0.03169058542698622,0.4149169921875
TinyImageNet,ResNet18BN,n01443537-n01629819,2658,2,4,17,0.00016340579895768315,0.023237701505422592,0.4462890625
TinyImageNet,ResNet18BN,n01443537-n01629819,2658,2,5,17,0.0001498438068665564,0.02122960239648819,0.431884765625
TinyImageNet,ResNet18BN,n01443537-n01629819,2658,2,6,16,9.385345401824452e-05,0.012377015314996243,0.271240234375
TinyImageNet,ResNet18BN,n01443537-n01629819,2658,2,7,17,6.59149736748077e-05,0.008585485629737377,0.17236328125
TinyImageNet,ResNet18BN,n01443537-n01629819,2658,2,8,17,5.65237678529229e-05,0.00741196982562542,0.155517578125
TinyImageNet,ResNet18BN,n01443537-n01629819,2658,2,9,16,3.713159094331786e-05,0.005103186704218388,0.09124755859375
TinyImageNet,ResNet18BN,n01443537-n01629819,2658,2,10,17,3.0966846679802984e-05,0.0047643231227993965,0.078125
TinyImageNet,ResNet18BN,n01443537-n01629819,2658,2,11,17,3.691208621603437e-05,0.005069207400083542,0.066650390625
TinyImageNet,ResNet18BN,n01443537-n01629819,2658,2,12,16,2.1268010641506407e-05,0.00309041456785053,0.0404052734375
TinyImageNet,ResNet18BN,n01443537-n01629819,2658,2,13,17,1.5881791114225052e-05,0.00244318344630301,0.039794921875
TinyImageNet,ResNet18BN,n01443537-n01629819,2658,2,14,17,1.156513735622866e-05,0.0017165964236482978,0.022705078125
TinyImageNet,ResNet18BN,n01443537-n01629819,2658,2,15,16,8.85888857737882e-06,0.0015089905937202275,0.0302734375
TinyImageNet,ResNet18BN,n01443537-n01629819,2658,2,16,17,6.185393431223929e-06,0.0008930168696679175,0.01806640625
TinyImageNet,ResNet18BN,n01443537-n01629819,2658,2,17,17,5.323437562765321e-06,0.0006921272142790258,0.01220703125
TinyImageNet,ResNet18BN,n01443537-n01629819,2658,2,18,16,2.9123762033123057e-06,0.00045413152838591486,0.0078125
TinyImageNet,ResNet18BN,n01443537-n01629819,2658,2,19,17,1.7217324739249307e-06,0.00029307760996744037,0.004150390625
TinyImageNet,ResNet18BN,n01443537-n01629819,2658,2,20,17,9.10673804810358e-07,0.00012257580237928778,0.001953125
TinyImageNet,ResNet18BN,n01443537-n01629819,2658,2,21,16,7.10048055907464e-07,0.00010440753612783737,0.00146484375
TinyImageNet,ResNet18BN,n01443537-n01629819,2658,2,22,17,3.0628407898802834e-07,4.105523112230003e-05,0.00048828125
TinyImageNet,ResNet18BN,n01443537-n01629819,2658,2,23,17,1.4526014524562925e-07,2.2378495486918837e-05,0.00048828125
TinyImageNet,ResNet18BN,n01443537-n01629819,2658,2,24,16,5.432880811895302e-08,1.613033894686455e-14,6.103515625e-05
TinyImageNet,ResNet18BN,n01443537-n01629819,2658,2,25,17,2.3350855471448995e-08,3.8954005087766044e-14,0.0
TinyImageNet,ResNet18BN,n01443537-n01629819,2658,2,26,17,6.4776566333080154e-09,4.743273119791518e-15,0.0
TinyImageNet,ResNet18BN,n01443537-n01629819,2658,2,27,16,3.3923845954575427e-09,5.4855325383934344e-15,0.0
TinyImageNet,ResNet18BN,n01443537-n01629819,2658,2,28,17,1.1824914381008966e-09,2.3008282053953253e-15,0.0
TinyImageNet,ResNet18BN,n01443537-n01629819,2658,2,29,17,3.070587117903756e-10,5.659863036245802e-16,0.0
TinyImageNet,ResNet18BN,n01443537-n01629819,2658,2,30,16,8.906912533912514e-12,3.3622600609983803e-18,0.0
TinyImageNet,ResNet18BN,n01443537-n01629819,2658,3,1,17,0.00041900482028722763,0.05669843405485153,0.840576171875
TinyImageNet,ResNet18BN,n01443537-n01629819,2658,3,2,17,0.00023593845253344625,0.03310517966747284,0.335205078125
TinyImageNet,ResNet18BN,n01443537-n01629819,2658,3,3,16,0.0001146372414950747,0.016235594637691975,0.2392578125
TinyImageNet,ResNet18BN,n01443537-n01629819,2658,3,4,17,9.208250412484631e-05,0.014589500613510609,0.147216796875
TinyImageNet,ResNet18BN,n01443537-n01629819,2658,3,5,17,7.296435796888545e-05,0.011274612508714199,0.146240234375
TinyImageNet,ResNet18BN,n01443537-n01629819,2658,3,6,16,5.26781368535012e-05,0.00793969607912004,0.135498046875
TinyImageNet,ResNet18BN,n01443537-n01629819,2658,3,7,17,3.617746551753953e-05,0.00645339535549283,0.102294921875
TinyImageNet,ResNet18BN,n01443537-n01629819,2658,3,8,17,2.909524118877016e-05,0.004261186346411705,0.055908203125
TinyImageNet,ResNet18BN,n01443537-n01629819,2658,3,9,16,3.085431853833143e-05,0.005036376416683197,0.072265625
TinyImageNet,ResNet18BN,n01443537-n01629819,2658,3,10,17,1.9508755940478295e-05,0.0029995341319590807,0.03857421875
TinyImageNet,ResNet18BN,n01443537-n01629819,2658,3,11,17,1.4564666344085708e-05,0.0023333232384175062,0.02294921875
TinyImageNet,ResNet18BN,n01443537-n01629819,2658,3,12,16,1.2925731425639242e-05,0.0018204891821369529,0.02490234375
TinyImageNet,ResNet18BN,n01443537-n01629819,2658,3,13,17,9.448604942008387e-06,0.0014520776458084583,0.01904296875
TinyImageNet,ResNet18BN,n01443537-n01629819,2658,3,14,17,6.180161108204629e-06,0.0010966751724481583,0.014892578125
TinyImageNet,ResNet18BN,n01443537-n01629819,2658,3,15,16,5.453386393128312e-06,0.0007808665686752647,0.0084228515625
TinyImageNet,ResNet18BN,n01443537-n01629819,2658,3,16,17,3.2741588711360237e-06,0.0006194161833263934,0.008056640625
TinyImageNet,ResNet18BN,n01443537-n01629819,2658,3,17,17,2.578859948698664e-06,0.0003839398850686848,0.006591796875
TinyImageNet,ResNet18BN,n01443537-n01629819,2658,3,18,16,1.4173102158565598e-06,0.00022154342877911404,0.003173828125
TinyImageNet,ResNet18BN,n01443537-n01629819,2658,3,19,17,1.0626952189340955e-06,0.00017825471877586097,0.002197265625
TinyImageNet,ResNet18BN,n01443537-n01629819,2658,3,20,17,5.704072236767388e-07,0.00010436066804686561,0.001220703125
TinyImageNet,ResNet18BN,n01443537-n01629819,2658,3,21,16,3.2694637752683775e-07,5.92075248277979e-05,0.0009765625
TinyImageNet,ResNet18BN,n01443537-n01629819,2658,3,22,17,1.785161316547601e-07,2.6418636480229907e-05,0.00048828125
TinyImageNet,ResNet18BN,n01443537-n01629819,2658,3,23,17,1.4154673522170924e-07,2.5290837584179826e-05,0.00048828125
TinyImageNet,ResNet18BN,n01443537-n01629819,2658,3,24,16,4.791241181578698e-08,5.965720301928049e-14,0.0
TinyImageNet,ResNet18BN,n01443537-n01629819,2658,3,25,17,1.9067933010319393e-08,1.1880278119776044e-13,0.0
TinyImageNet,ResNet18BN,n01443537-n01629819,2658,3,26,17,5.416040504968578e-09,8.416706459395129e-13,0.0
TinyImageNet,ResNet18BN,n01443537-n01629819,2658,3,27,16,1.4063201714265006e-09,1.1669795853394213e-13,0.0
TinyImageNet,ResNet18BN,n01443537-n01629819,2658,3,28,17,2.4556146005494384e-10,5.091734215720701e-16,0.0
TinyImageNet,ResNet18BN,n01443537-n01629819,2658,3,29,17,3.1934475896999714e-11,5.779182052896453e-17,0.0
TinyImageNet,ResNet18BN,n01443537-n01629819,2658,3,30,16,7.941738629571593e-13,1.0380183296937292e-16,0.0
TinyImageNet,ResNet18BN,n01443537-n01629819,2658,4,1,17,0.0003899213916156441,0.047841161489486694,0.849365234375
TinyImageNet,ResNet18BN,n01443537-n01629819,2658,4,2,17,0.00021327933063730597,0.023826975375413895,0.406982421875
TinyImageNet,ResNet18BN,n01443537-n01629819,2658,4,3,16,0.00017850137373898178,0.02406391315162182,0.46044921875
TinyImageNet,ResNet18BN,n01443537-n01629819,2658,4,4,17,0.00010222844866802916,0.012131738476455212,0.32568359375
TinyImageNet,ResNet18BN,n01443537-n01629819,2658,4,5,17,8.297472959384322e-05,0.010231751948595047,0.169921875
TinyImageNet,ResNet18BN,n01443537-n01629819,2658,4,6,16,6.628779374295846e-05,0.008496385999023914,0.1754150390625
TinyImageNet,ResNet18BN,n01443537-n01629819,2658,4,7,17,5.710494224331342e-05,0.006877502426505089,0.141357421875
TinyImageNet,ResNet18BN,n01443537-n01629819,2658,4,8,17,5.75984304305166e-05,0.00824693962931633,0.1484375
TinyImageNet,ResNet18BN,n01443537-n01629819,2658,4,9,16,3.101076072198339e-05,0.004321140702813864,0.062744140625
TinyImageNet,ResNet18BN,n01443537-n01629819,2658,4,10,17,2.9035476472927257e-05,0.0036651117261499166,0.08544921875
TinyImageNet,ResNet18BN,n01443537-n01629819,2658,4,11,17,1.953109858732205e-05,0.0029848720878362656,0.05419921875
TinyImageNet,ResNet18BN,n01443537-n01629819,2658,4,12,16,1.1456028005341068e-05,0.0015786239528097212,0.039794921875
TinyImageNet,ResNet18BN,n01443537-n01629819,2658,4,13,17,1.1010472007910721e-05,0.0015604548389092088,0.03515625
TinyImageNet,ResNet18BN,n01443537-n01629819,2658,4,14,17,8.62188699102262e-06,0.0010768170468509197,0.0224609375
TinyImageNet,ResNet18BN,n01443537-n01629819,2658,4,15,16,6.851667649243609e-06,0.0010068100527860224,0.0174560546875
TinyImageNet,ResNet18BN,n01443537-n01629819,2658,4,16,17,4.756769158120733e-06,0.000638185883872211,0.01123046875
TinyImageNet,ResNet18BN,n01443537-n01629819,2658,4,17,17,3.520724249028717e-06,0.0005487519083544612,0.009521484375
TinyImageNet,ResNet18BN,n01443537-n01629819,2658,4,18,16,2.4304417820530944e-06,0.00032157472742255777,0.0069580078125
TinyImageNet,ResNet18BN,n01443537-n01629819,2658,4,19,17,1.7572284605194e-06,0.00023221559240482748,0.004150390625
TinyImageNet,ResNet18BN,n01443537-n01629819,2658,4,20,17,9.857094482867979e-07,0.00013308937195688486,0.00244140625
TinyImageNet,ResNet18BN,n01443537-n01629819,2658,4,21,16,5.765219555087242e-07,8.409592192037962e-05,0.00146484375
TinyImageNet,ResNet18BN,n01443537-n01629819,2658,4,22,17,2.913124603765027e-07,3.684717739815824e-05,0.000732421875
TinyImageNet,ResNet18BN,n01443537-n01629819,2658,4,23,17,1.4810444781687693e-07,2.1410873159766197e-05,0.00048828125
TinyImageNet,ResNet18BN,n01443537-n01629819,2658,4,24,16,4.470054015826008e-08,2.7543303738036123e-13,0.0
TinyImageNet,ResNet18BN,n01443537-n01629819,2658,4,25,17,2.409662869240492e-08,4.750336408954059e-13,0.0
TinyImageNet,ResNet18BN,n01443537-n01629819,2658,4,26,17,9.950496426824884e-09,4.990533810853015e-14,0.0
TinyImageNet,ResNet18BN,n01443537-n01629819,2658,4,27,16,2.958058242796824e-09,3.5794180018252925e-14,0.0
TinyImageNet,ResNet18BN,n01443537-n01629819,2658,4,28,17,9.40190258980067e-10,1.0217859027891111e-15,0.0
TinyImageNet,ResNet18BN,n01443537-n01629819,2658,4,29,17,2.1429004404271979e-10,5.252189784501452e-16,0.0
TinyImageNet,ResNet18BN,n01443537-n01629819,2658,4,30,16,3.269065899057233e-12,1.0189710402518177e-17,0.0
TinyImageNet,ResNet18BN,n01443537-n01629819,5565,0,1,17,0.0005639555165544152,0.05219084396958351,0.522735595703125
TinyImageNet,ResNet18BN,n01443537-n01629819,5565,0,2,17,0.000320279854349792,0.028785014525055885,0.3798828125
TinyImageNet,ResNet18BN,n01443537-n01629819,5565,0,3,16,0.00023031828459352255,0.020703802816569805,0.277252197265625
TinyImageNet,ResNet18BN,n01443537-n01629819,5565,0,4,17,0.00019215680367778987,0.01749143935739994,0.10418701171875
TinyImageNet,ResNet18BN,n01443537-n01629819,5565,0,5,17,0.0001305716868955642,0.011184240691363811,0.10906982421875
TinyImageNet,ResNet18BN,n01443537-n01629819,5565,0,6,16,0.00010451237903907895,0.010464190505445004,0.114013671875
TinyImageNet,ResNet18BN,n01443537-n01629819,5565,0,7,17,9.46148720686324e-05,0.009075009264051914,0.0872802734375
TinyImageNet,ResNet18BN,n01443537-n01629819,5565,0,8,17,6.975349970161915e-05,0.008813750930130482,0.096923828125
TinyImageNet,ResNet18BN,n01443537-n01629819,5565,0,9,16,6.787474558223039e-05,0.005667525343596935,0.067413330078125
TinyImageNet,ResNet18BN,n01443537-n01629819,5565,0,10,17,3.871732405968942e-05,0.0034907865338027477,0.0439453125
TinyImageNet,ResNet18BN,n01443537-n01629819,5565,0,11,17,2.9919474400230683e-05,0.0027590333484113216,0.03973388671875
TinyImageNet,ResNet18BN,n01443537-n01629819,5565,0,12,16,2.340379433007911e-05,0.002005553338676691,0.0291748046875
TinyImageNet,ResNet18BN,n01443537-n01629819,5565,0,13,17,1.590103238413576e-05,0.0016950194258242846,0.02685546875
TinyImageNet,ResNet18BN,n01443537-n01629819,5565,0,14,17,9.890118235489354e-06,0.0010265581076964736,0.016357421875
TinyImageNet,ResNet18BN,n01443537-n01629819,5565,0,15,16,8.313546004501404e-06,0.000731178792193532,0.00775146484375
TinyImageNet,ResNet18BN,n01443537-n01629819,5565,0,16,17,5.979951311019249e-06,0.0005383075913414359,0.00469970703125
TinyImageNet,ResNet18BN,n01443537-n01629819,5565,0,17,17,4.473811713978648e-06,0.0004658291582018137,0.00439453125
TinyImageNet,ResNet18BN,n01443537-n01629819,5565,0,18,16,2.5993630288212444e-06,0.00024596315779490396,0.00244140625
TinyImageNet,ResNet18BN,n01443537-n01629819,5565,0,19,17,1.851689489740238e-06,0.0001923146628541872,0.0023193359375
TinyImageNet,ResNet18BN,n01443537-n01629819,5565,0,20,17,1.3331698482943466e-06,0.00014599287533201277,0.001800537109375
TinyImageNet,ResNet18BN,n01443537-n01629819,5565,0,21,16,6.521820523630595e-07,5.262302693154197e-05,0.000701904296875
TinyImageNet,ResNet18BN,n01443537-n01629819,5565,0,22,17,4.812325187231181e-07,5.109527410240844e-05,0.0006103515625
TinyImageNet,ResNet18BN,n01443537-n01629819,5565,0,23,17,2.9499270226551744e-07,3.146307426504791e-05,0.00030517578125
TinyImageNet,ResNet18BN,n01443537-n01629819,5565,0,24,16,1.5017148768947663e-07,1.426362905476708e-05,0.000244140625
TinyImageNet,ResNet18BN,n01443537-n01629819,5565,0,25,17,4.473405468274905e-08,6.094268563102204e-14,6.103515625e-05
TinyImageNet,ResNet18BN,n01443537-n01629819,5565,0,26,17,1.797967286165658e-08,3.6819488836948785e-14,0.0
TinyImageNet,ResNet18BN,n01443537-n01629819,5565,0,27,16,6.661155405041086e-09,4.967090818785037e-14,0.0
TinyImageNet,ResNet18BN,n01443537-n01629819,5565,0,28,17,2.213975003328983e-09,1.3659216037973168e-14,0.0
TinyImageNet,ResNet18BN,n01443537-n01629819,5565,0,29,17,2.514252694929553e-10,4.5987862396488794e-15,0.0
TinyImageNet,ResNet18BN,n01443537-n01629819,5565,0,30,16,1.6232842327268404e-11,4.449312408361528e-17,0.0
TinyImageNet,ResNet18BN,n01443537-n01629819,5565,1,1,17,0.0007117270724847913,0.07141062617301941,0.68994140625
TinyImageNet,ResNet18BN,n01443537-n01629819,5565,1,2,17,0.0003544154460541904,0.03597964346408844,0.6248779296875
TinyImageNet,ResNet18BN,n01443537-n01629819,5565,1,3,16,0.00024466534523526207,0.025951672345399857,0.28662109375
TinyImageNet,ResNet18BN,n01443537-n01629819,5565,1,4,17,0.00015667680418118834,0.01663493737578392,0.2259521484375
TinyImageNet,ResNet18BN,n01443537-n01629819,5565,1,5,17,0.00013736978871747851,0.017715387046337128,0.297119140625
TinyImageNet,ResNet18BN,n01443537-n01629819,5565,1,6,16,0.00012019761925330386,0.012590928468853235,0.1771240234375
TinyImageNet,ResNet18BN,n01443537-n01629819,5565,1,7,17,0.00010154957271879539,0.01061764545738697,0.143310546875
TinyImageNet,ResNet18BN,n01443537-n01629819,5565,1,8,17,7.997417560545728e-05,0.009293642826378345,0.114501953125
TinyImageNet,ResNet18BN,n01443537-n01629819,5565,1,9,16,6.091836257837713e-05,0.007778743747621775,0.11376953125
TinyImageNet,ResNet18BN,n01443537-n01629819,5565,1,10,17,4.263461596565321e-05,0.005659195594489574,0.0950927734375
TinyImageNet,ResNet18BN,n01443537-n01629819,5565,1,11,17,3.271958485129289e-05,0.004062160849571228,0.0693359375
TinyImageNet,ResNet18BN,n01443537-n01629819,5565,1,12,16,2.960515848826617e-05,0.0038945600390434265,0.070556640625
TinyImageNet,ResNet18BN,n01443537-n01629819,5565,1,13,17,2.2962554794503376e-05,0.0029633266385644674,0.0390625
TinyImageNet,ResNet18BN,n01443537-n01629819,5565,1,14,17,1.8212876966572367e-05,0.0024896268732845783,0.03515625
TinyImageNet,ResNet18BN,n01443537-n01629819,5565,1,15,16,1.2334112852840917e-05,0.0013275729143060744,0.0194854736328125
TinyImageNet,ResNet18BN,n01443537-n01629819,5565,1,16,17,1.18001071314211e-05,0.001238199882209301,0.01300048828125
TinyImageNet,ResNet18BN,n01443537-n01629819,5565,1,17,17,7.725830982963089e-06,0.0011030262103304267,0.025146484375
TinyImageNet,ResNet18BN,n01443537-n01629819,5565,1,18,16,4.459026285985601e-06,0.0005730130360461771,0.0084228515625
TinyImageNet,ResNet18BN,n01443537-n01629819,5565,1,19,17,3.7622498894052114e-06,0.00041812838753685355,0.00830078125
TinyImageNet,ResNet18BN,n01443537-n01629819,5565,1,20,17,2.860808535842807e-06,0.00030906451866030693,0.004150390625
TinyImageNet,ResNet18BN,n01443537-n01629819,5565,1,21,16,1.5288719055206457e-06,0.00019002972112502903,0.00341796875
TinyImageNet,ResNet18BN,n01443537-n01629819,5565,1,22,17,8.295077691400365e-07,8.983885345514864e-05,0.0009765625
TinyImageNet,ResNet18BN,n01443537-n01629819,5565,1,23,17,5.77642424559599e-07,7.629590982105583e-05,0.000732421875
TinyImageNet,ResNet18BN,n01443537-n01629819,5565,1,24,16,2.8120427941757953e-07,3.159361222060397e-05,0.000244140625
TinyImageNet,ResNet18BN,n01443537-n01629819,5565,1,25,17,1.5789404983479471e-07,2.1192165149841458e-05,0.000244140625
TinyImageNet,ResNet18BN,n01443537-n01629819,5565,1,26,17,4.2865497817956566e-08,2.899579397780927e-17,0.0
TinyImageNet,ResNet18BN,n01443537-n01629819,5565,1,27,16,9.480638052394852e-09,9.04067670875291e-18,0.0
TinyImageNet,ResNet18BN,n01443537-n01629819,5565,1,28,17,2.2798214427410812e-09,4.595288982884732e-18,0.0
TinyImageNet,ResNet18BN,n01443537-n01629819,5565,1,29,17,1.9967885678262576e-10,6.706076010589571e-21,0.0
TinyImageNet,ResNet18BN,n01443537-n01629819,5565,1,30,16,7.706664950299369e-12,2.1741346073624692e-22,0.0
TinyImageNet,ResNet18BN,n01443537-n01629819,5565,2,1,17,0.0007292706286534667,0.0715973898768425,1.246337890625
TinyImageNet,ResNet18BN,n01443537-n01629819,5565,2,2,17,0.00035371611011214554,0.03839437663555145,0.86767578125
TinyImageNet,ResNet18BN,n01443537-n01629819,5565,2,3,16,0.00021319773804862052,0.02791577111929655,0.492431640625
TinyImageNet,ResNet18BN,n01443537-n01629819,5565,2,4,17,0.00016340579895768315,0.019717393442988396,0.3154296875
TinyImageNet,ResNet18BN,n01443537-n01629819,5565,2,5,17,0.0001498438068665564,0.02040213905274868,0.35546875
TinyImageNet,ResNet18BN,n01443537-n01629819,5565,2,6,16,9.385345401824452e-05,0.01135543780401349,0.206787109375
TinyImageNet,ResNet18BN,n01443537-n01629819,5565,2,7,17,6.59149736748077e-05,0.007543525192886591,0.150390625
TinyImageNet,ResNet18BN,n01443537-n01629819,5565,2,8,17,5.65237678529229e-05,0.007154020015150309,0.0899658203125
TinyImageNet,ResNet18BN,n01443537-n01629819,5565,2,9,16,3.713159094331786e-05,0.004343971377238631,0.07745361328125
TinyImageNet,ResNet18BN,n01443537-n01629819,5565,2,10,17,3.0966846679802984e-05,0.00459435535594821,0.0625
TinyImageNet,ResNet18BN,n01443537-n01629819,5565,2,11,17,3.691208621603437e-05,0.004655961878597736,0.06787109375
TinyImageNet,ResNet18BN,n01443537-n01629819,5565,2,12,16,2.1268010641506407e-05,0.0028905316721647978,0.048828125
TinyImageNet,ResNet18BN,n01443537-n01629819,5565,2,13,17,1.5881791114225052e-05,0.0021002741996198893,0.0400390625
TinyImageNet,ResNet18BN,n01443537-n01629819,5565,2,14,17,1.156513735622866e-05,0.0015738853253424168,0.030517578125
TinyImageNet,ResNet18BN,n01443537-n01629819,5565,2,15,16,8.85888857737882e-06,0.0012900993460789323,0.025390625
TinyImageNet,ResNet18BN,n01443537-n01629819,5565,2,16,17,6.185393431223929e-06,0.0008862707763910294,0.018798828125
TinyImageNet,ResNet18BN,n01443537-n01629819,5565,2,17,17,5.323437562765321e-06,0.00062528345733881,0.0107421875
TinyImageNet,ResNet18BN,n01443537-n01629819,5565,2,18,16,2.9123762033123057e-06,0.00038721278542652726,0.0064697265625
TinyImageNet,ResNet18BN,n01443537-n01629819,5565,2,19,17,1.7217324739249307e-06,0.00026219701976515353,0.00390625
TinyImageNet,ResNet18BN,n01443537-n01629819,5565,2,20,17,9.10673804810358e-07,0.0001152559052570723,0.002197265625
TinyImageNet,ResNet18BN,n01443537-n01629819,5565,2,21,16,7.10048055907464e-07,9.893722381093539e-05,0.0015869140625
TinyImageNet,ResNet18BN,n01443537-n01629819,5565,2,22,17,3.0628407898802834e-07,3.603748700697906e-05,0.000732421875
TinyImageNet,ResNet18BN,n01443537-n01629819,5565,2,23,17,1.4526014524562925e-07,1.947687633219175e-05,0.0003662109375
TinyImageNet,ResNet18BN,n01443537-n01629819,5565,2,24,16,5.432880811895302e-08,5.880412416260693e-16,0.0001220703125
TinyImageNet,ResNet18BN,n01443537-n01629819,5565,2,25,17,2.3350855471448995e-08,4.1685839761503734e-17,0.0
TinyImageNet,ResNet18BN,n01443537-n01629819,5565,2,26,17,6.4776566333080154e-09,7.991518456508521e-18,0.0
TinyImageNet,ResNet18BN,n01443537-n01629819,5565,2,27,16,3.3923845954575427e-09,8.74251077156174e-18,0.0
TinyImageNet,ResNet18BN,n01443537-n01629819,5565,2,28,17,1.1824914381008966e-09,1.066756726571608e-18,0.0
TinyImageNet,ResNet18BN,n01443537-n01629819,5565,2,29,17,3.070587117903756e-10,1.6943567518914896e-18,0.0
TinyImageNet,ResNet18BN,n01443537-n01629819,5565,2,30,16,8.906912533912514e-12,1.4560907174797829e-21,0.0
TinyImageNet,ResNet18BN,n01443537-n01629819,5565,3,1,17,0.00041900482028722763,0.03462058678269386,0.199554443359375
TinyImageNet,ResNet18BN,n01443537-n01629819,5565,3,2,17,0.00023593845253344625,0.02227633073925972,0.2640380859375
TinyImageNet,ResNet18BN,n01443537-n01629819,5565,3,3,16,0.0001146372414950747,0.011062107980251312,0.12506103515625
TinyImageNet,ResNet18BN,n01443537-n01629819,5565,3,4,17,9.208250412484631e-05,0.009924661368131638,0.12738037109375
TinyImageNet,ResNet18BN,n01443537-n01629819,5565,3,5,17,7.296435796888545e-05,0.008129804395139217,0.04913330078125
TinyImageNet,ResNet18BN,n01443537-n01629819,5565,3,6,16,5.26781368535012e-05,0.005652159918099642,0.052734375
TinyImageNet,ResNet18BN,n01443537-n01629819,5565,3,7,17,3.617746551753953e-05,0.0043840110301971436,0.0347900390625
TinyImageNet,ResNet18BN,n01443537-n01629819,5565,3,8,17,2.909524118877016e-05,0.002904842607676983,0.03106689453125
TinyImageNet,ResNet18BN,n01443537-n01629819,5565,3,9,16,3.085431853833143e-05,0.0036093660164624453,0.044036865234375
TinyImageNet,ResNet18BN,n01443537-n01629819,5565,3,10,17,1.9508755940478295e-05,0.002087351866066456,0.01104736328125
TinyImageNet,ResNet18BN,n01443537-n01629819,5565,3,11,17,1.4564666344085708e-05,0.0015942842001095414,0.01361083984375
TinyImageNet,ResNet18BN,n01443537-n01629819,5565,3,12,16,1.2925731425639242e-05,0.0012908953940495849,0.007419586181640625
TinyImageNet,ResNet18BN,n01443537-n01629819,5565,3,13,17,9.448604942008387e-06,0.0009054080001078546,0.00921630859375
TinyImageNet,ResNet18BN,n01443537-n01629819,5565,3,14,17,6.180161108204629e-06,0.0006706637213937938,0.00701904296875
TinyImageNet,ResNet18BN,n01443537-n01629819,5565,3,15,16,5.453386393128312e-06,0.0005146163166500628,0.0034942626953125
TinyImageNet,ResNet18BN,n01443537-n01629819,5565,3,16,17,3.2741588711360237e-06,0.0003958953602705151,0.00347900390625
TinyImageNet,ResNet18BN,n01443537-n01629819,5565,3,17,17,2.578859948698664e-06,0.0002777827612590045,0.0045166015625
TinyImageNet,ResNet18BN,n01443537-n01629819,5565,3,18,16,1.4173102158565598e-06,0.00014804743113927543,0.0018310546875
TinyImageNet,ResNet18BN,n01443537-n01629819,5565,3,19,17,1.0626952189340955e-06,0.00011334780720062554,0.000762939453125
TinyImageNet,ResNet18BN,n01443537-n01629819,5565,3,20,17,5.704072236767388e-07,6.55558833386749e-05,0.00054931640625
TinyImageNet,ResNet18BN,n01443537-n01629819,5565,3,21,16,3.2694637752683775e-07,3.772938907786738e-05,0.000274658203125
TinyImageNet,ResNet18BN,n01443537-n01629819,5565,3,22,17,1.785161316547601e-07,1.7745773220667616e-05,0.0001220703125
TinyImageNet,ResNet18BN,n01443537-n01629819,5565,3,23,17,1.4154673522170924e-07,1.6761536244302988e-05,0.0001220703125
TinyImageNet,ResNet18BN,n01443537-n01629819,5565,3,24,16,4.791241181578698e-08,5.949191809215097e-15,2.288818359375e-05
TinyImageNet,ResNet18BN,n01443537-n01629819,5565,3,25,17,1.9067933010319393e-08,1.047131709374471e-16,0.0
TinyImageNet,ResNet18BN,n01443537-n01629819,5565,3,26,17,5.416040504968578e-09,1.595673223866561e-16,0.0
TinyImageNet,ResNet18BN,n01443537-n01629819,5565,3,27,16,1.4063201714265006e-09,4.826914526368667e-17,0.0
TinyImageNet,ResNet18BN,n01443537-n01629819,5565,3,28,17,2.4556146005494384e-10,3.2801100660287483e-18,0.0
TinyImageNet,ResNet18BN,n01443537-n01629819,5565,3,29,17,3.1934475896999714e-11,1.700868291824113e-19,0.0
TinyImageNet,ResNet18BN,n01443537-n01629819,5565,3,30,16,7.941738629571593e-13,1.1850872040998744e-20,0.0
TinyImageNet,ResNet18BN,n01443537-n01629819,5565,4,1,17,0.0003899213916156441,0.0452595017850399,0.333251953125
TinyImageNet,ResNet18BN,n01443537-n01629819,5565,4,2,17,0.00021327933063730597,0.02258024737238884,0.353515625
TinyImageNet,ResNet18BN,n01443537-n01629819,5565,4,3,16,0.00017850137373898178,0.02141095045953989,0.3150634765625
TinyImageNet,ResNet18BN,n01443537-n01629819,5565,4,4,17,0.00010222844866802916,0.01160765253007412,0.30029296875
TinyImageNet,ResNet18BN,n01443537-n01629819,5565,4,5,17,8.297472959384322e-05,0.01000725943595171,0.1259765625
TinyImageNet,ResNet18BN,n01443537-n01629819,5565,4,6,16,6.628779374295846e-05,0.007808723486959934,0.1572265625
TinyImageNet,ResNet18BN,n01443537-n01629819,5565,4,7,17,5.710494224331342e-05,0.006842490751296282,0.1485595703125
TinyImageNet,ResNet18BN,n01443537-n01629819,5565,4,8,17,5.75984304305166e-05,0.008317776955664158,0.14404296875
TinyImageNet,ResNet18BN,n01443537-n01629819,5565,4,9,16,3.101076072198339e-05,0.004084929125383496,0.056396484375
TinyImageNet,ResNet18BN,n01443537-n01629819,5565,4,10,17,2.9035476472927257e-05,0.00358454417437315,0.084716796875
TinyImageNet,ResNet18BN,n01443537-n01629819,5565,4,11,17,1.953109858732205e-05,0.002763829194009304,0.040771484375
TinyImageNet,ResNet18BN,n01443537-n01629819,5565,4,12,16,1.1456028005341068e-05,0.0015002833679318428,0.03753662109375
TinyImageNet,ResNet18BN,n01443537-n01629819,5565,4,13,17,1.1010472007910721e-05,0.0015770008321851492,0.03271484375
TinyImageNet,ResNet18BN,n01443537-n01629819,5565,4,14,17,8.62188699102262e-06,0.001024359604343772,0.01708984375
TinyImageNet,ResNet18BN,n01443537-n01629819,5565,4,15,16,6.851667649243609e-06,0.000986652565188706,0.0150146484375
TinyImageNet,ResNet18BN,n01443537-n01629819,5565,4,16,17,4.756769158120733e-06,0.0006423743907362223,0.010009765625
TinyImageNet,ResNet18BN,n01443537-n01629819,5565,4,17,17,3.520724249028717e-06,0.0005185659974813461,0.0047607421875
TinyImageNet,ResNet18BN,n01443537-n01629819,5565,4,18,16,2.4304417820530944e-06,0.0003218889614799991,0.0059814453125
TinyImageNet,ResNet18BN,n01443537-n01629819,5565,4,19,17,1.7572284605194e-06,0.00022262877610046417,0.0029296875
TinyImageNet,ResNet18BN,n01443537-n01629819,5565,4,20,17,9.857094482867979e-07,0.00013048696564510465,0.002838134765625
TinyImageNet,ResNet18BN,n01443537-n01629819,5565,4,21,16,5.765219555087242e-07,8.051095574046485e-05,0.0009765625
TinyImageNet,ResNet18BN,n01443537-n01629819,5565,4,22,17,2.913124603765027e-07,3.766351437661797e-05,0.00048828125
TinyImageNet,ResNet18BN,n01443537-n01629819,5565,4,23,17,1.4810444781687693e-07,2.1618849132210016e-05,0.0003662109375
TinyImageNet,ResNet18BN,n01443537-n01629819,5565,4,24,16,4.470054015826008e-08,1.039655227481743e-15,0.0
TinyImageNet,ResNet18BN,n01443537-n01629819,5565,4,25,17,2.409662869240492e-08,2.669176799473621e-18,0.0
TinyImageNet,ResNet18BN,n01443537-n01629819,5565,4,26,17,9.950496426824884e-09,4.076861392182941e-18,0.0
TinyImageNet,ResNet18BN,n01443537-n01629819,5565,4,27,16,2.958058242796824e-09,5.146727904267442e-18,0.0
TinyImageNet,ResNet18BN,n01443537-n01629819,5565,4,28,17,9.40190258980067e-10,1.114243304381899e-19,0.0
TinyImageNet,ResNet18BN,n01443537-n01629819,5565,4,29,17,2.1429004404271979e-10,8.916904413538636e-21,0.0
TinyImageNet,ResNet18BN,n01443537-n01629819,5565,4,30,16,3.269065899057233e-12,5.49733877674601e-23,0.0
TinyImageNet,ResNet18BN,n01443537-n01629819,6165,0,1,17,0.0005639555165544152,0.07717184722423553,1.05029296875
TinyImageNet,ResNet18BN,n01443537-n01629819,6165,0,2,17,0.000320279854349792,0.04495127871632576,0.698974609375
TinyImageNet,ResNet18BN,n01443537-n01629819,6165,0,3,16,0.00023031828459352255,0.03348025307059288,0.3988037109375
TinyImageNet,ResNet18BN,n01443537-n01629819,6165,0,4,17,0.00019215680367778987,0.02759990468621254,0.274658203125
TinyImageNet,ResNet18BN,n01443537-n01629819,6165,0,5,17,0.0001305716868955642,0.01785207726061344,0.2330322265625
TinyImageNet,ResNet18BN,n01443537-n01629819,6165,0,6,16,0.00010451237903907895,0.015832554548978806,0.199951171875
TinyImageNet,ResNet18BN,n01443537-n01629819,6165,0,7,17,9.46148720686324e-05,0.013515262864530087,0.153076171875
TinyImageNet,ResNet18BN,n01443537-n01629819,6165,0,8,17,6.975349970161915e-05,0.011861649341881275,0.166015625
TinyImageNet,ResNet18BN,n01443537-n01629819,6165,0,9,16,6.787474558223039e-05,0.009600721299648285,0.0916748046875
TinyImageNet,ResNet18BN,n01443537-n01629819,6165,0,10,17,3.871732405968942e-05,0.005439118016511202,0.06298828125
TinyImageNet,ResNet18BN,n01443537-n01629819,6165,0,11,17,2.9919474400230683e-05,0.0040641105733811855,0.05615234375
TinyImageNet,ResNet18BN,n01443537-n01629819,6165,0,12,16,2.340379433007911e-05,0.003154531237669289,0.03265380859375
TinyImageNet,ResNet18BN,n01443537-n01629819,6165,0,13,17,1.590103238413576e-05,0.0027368715964257717,0.0484619140625
TinyImageNet,ResNet18BN,n01443537-n01629819,6165,0,14,17,9.890118235489354e-06,0.001503242994658649,0.024169921875
TinyImageNet,ResNet18BN,n01443537-n01629819,6165,0,15,16,8.313546004501404e-06,0.001118041982408613,0.0150146484375
TinyImageNet,ResNet18BN,n01443537-n01629819,6165,0,16,17,5.979951311019249e-06,0.0008335492457263172,0.0081787109375
TinyImageNet,ResNet18BN,n01443537-n01629819,6165,0,17,17,4.473811713978648e-06,0.0006902152672410011,0.007080078125
TinyImageNet,ResNet18BN,n01443537-n01629819,6165,0,18,16,2.5993630288212444e-06,0.000376933443476446,0.0057373046875
TinyImageNet,ResNet18BN,n01443537-n01629819,6165,0,19,17,1.851689489740238e-06,0.0002998239651788026,0.0035400390625
TinyImageNet,ResNet18BN,n01443537-n01629819,6165,0,20,17,1.3331698482943466e-06,0.0002209447557106614,0.00250244140625
TinyImageNet,ResNet18BN,n01443537-n01629819,6165,0,21,16,6.521820523630595e-07,8.964529115473852e-05,0.0010986328125
TinyImageNet,ResNet18BN,n01443537-n01629819,6165,0,22,17,4.812325187231181e-07,8.257783338194713e-05,0.0009765625
TinyImageNet,ResNet18BN,n01443537-n01629819,6165,0,23,17,2.9499270226551744e-07,4.4288339267950505e-05,0.000244140625
TinyImageNet,ResNet18BN,n01443537-n01629819,6165,0,24,16,1.5017148768947663e-07,2.271875291626202e-05,0.000244140625
TinyImageNet,ResNet18BN,n01443537-n01629819,6165,0,25,17,4.473405468274905e-08,5.308434898251835e-13,0.0
TinyImageNet,ResNet18BN,n01443537-n01629819,6165,0,26,17,1.797967286165658e-08,1.1381915104424073e-13,0.0
TinyImageNet,ResNet18BN,n01443537-n01629819,6165,0,27,16,6.661155405041086e-09,2.1283653516641823e-14,0.0
TinyImageNet,ResNet18BN,n01443537-n01629819,6165,0,28,17,2.213975003328983e-09,6.356356820015271e-14,0.0
TinyImageNet,ResNet18BN,n01443537-n01629819,6165,0,29,17,2.514252694929553e-10,1.997042803477886e-15,0.0
TinyImageNet,ResNet18BN,n01443537-n01629819,6165,0,30,16,1.6232842327268404e-11,1.7520097640690423e-16,0.0
TinyImageNet,ResNet18BN,n01443537-n01629819,6165,1,1,17,0.0007117270724847913,0.08240325003862381,0.632080078125
TinyImageNet,ResNet18BN,n01443537-n01629819,6165,1,2,17,0.0003544154460541904,0.037622369825839996,0.605224609375
TinyImageNet,ResNet18BN,n01443537-n01629819,6165,1,3,16,0.00024466534523526207,0.027617485262453556,0.3411865234375
TinyImageNet,ResNet18BN,n01443537-n01629819,6165,1,4,17,0.00015667680418118834,0.0180794857442379,0.19775390625
TinyImageNet,ResNet18BN,n01443537-n01629819,6165,1,5,17,0.00013736978871747851,0.01970570720732212,0.36260986328125
TinyImageNet,ResNet18BN,n01443537-n01629819,6165,1,6,16,0.00012019761925330386,0.014335825107991695,0.17108154296875
TinyImageNet,ResNet18BN,n01443537-n01629819,6165,1,7,17,0.00010154957271879539,0.012030773796141148,0.18408203125
TinyImageNet,ResNet18BN,n01443537-n01629819,6165,1,8,17,7.997417560545728e-05,0.011054315604269505,0.131103515625
TinyImageNet,ResNet18BN,n01443537-n01629819,6165,1,9,16,6.091836257837713e-05,0.008544632699340582,0.1175537109375
TinyImageNet,ResNet18BN,n01443537-n01629819,6165,1,10,17,4.263461596565321e-05,0.006604588124901056,0.0780029296875
TinyImageNet,ResNet18BN,n01443537-n01629819,6165,1,11,17,3.271958485129289e-05,0.004039361607283354,0.068115234375
TinyImageNet,ResNet18BN,n01443537-n01629819,6165,1,12,16,2.960515848826617e-05,0.004031670745462179,0.07568359375
TinyImageNet,ResNet18BN,n01443537-n01629819,6165,1,13,17,2.2962554794503376e-05,0.003310886677354574,0.046142578125
TinyImageNet,ResNet18BN,n01443537-n01629819,6165,1,14,17,1.8212876966572367e-05,0.0025248948950320482,0.04345703125
TinyImageNet,ResNet18BN,n01443537-n01629819,6165,1,15,16,1.2334112852840917e-05,0.0014980850974097848,0.018733978271484375
TinyImageNet,ResNet18BN,n01443537-n01629819,6165,1,16,17,1.18001071314211e-05,0.00130070757586509,0.01715087890625
TinyImageNet,ResNet18BN,n01443537-n01629819,6165,1,17,17,7.725830982963089e-06,0.0010711046634241939,0.024658203125
TinyImageNet,ResNet18BN,n01443537-n01629819,6165,1,18,16,4.459026285985601e-06,0.0005822977400384843,0.0091552734375
TinyImageNet,ResNet18BN,n01443537-n01629819,6165,1,19,17,3.7622498894052114e-06,0.0004313350364100188,0.0078125
TinyImageNet,ResNet18BN,n01443537-n01629819,6165,1,20,17,2.860808535842807e-06,0.0003418309788685292,0.004150390625
TinyImageNet,ResNet18BN,n01443537-n01629819,6165,1,21,16,1.5288719055206457e-06,0.00019979522767243907,0.003662109375
TinyImageNet,ResNet18BN,n01443537-n01629819,6165,1,22,17,8.295077691400365e-07,0.00010051985736936331,0.0008544921875
TinyImageNet,ResNet18BN,n01443537-n01629819,6165,1,23,17,5.77642424559599e-07,8.070688636507839e-05,0.0010986328125
TinyImageNet,ResNet18BN,n01443537-n01629819,6165,1,24,16,2.8120427941757953e-07,3.323637065477669e-05,0.000244140625
TinyImageNet,ResNet18BN,n01443537-n01629819,6165,1,25,17,1.5789404983479471e-07,2.2332515072776005e-05,0.0003662109375
TinyImageNet,ResNet18BN,n01443537-n01629819,6165,1,26,17,4.2865497817956566e-08,2.9244831061073793e-15,0.0
TinyImageNet,ResNet18BN,n01443537-n01629819,6165,1,27,16,9.480638052394852e-09,1.572690361271355e-15,0.0
TinyImageNet,ResNet18BN,n01443537-n01629819,6165,1,28,17,2.2798214427410812e-09,2.6355708086503373e-16,0.0
TinyImageNet,ResNet18BN,n01443537-n01629819,6165,1,29,17,1.9967885678262576e-10,2.0490805637600294e-17,0.0
TinyImageNet,ResNet18BN,n01443537-n01629819,6165,1,30,16,7.706664950299369e-12,2.66492248033629e-18,0.0
TinyImageNet,ResNet18BN,n01443537-n01629819,6165,2,1,17,0.0007292706286534667,0.08053673058748245,1.01904296875
TinyImageNet,ResNet18BN,n01443537-n01629819,6165,2,2,17,0.00035371611011214554,0.043150465935468674,0.7109375
TinyImageNet,ResNet18BN,n01443537-n01629819,6165,2,3,16,0.00021319773804862052,0.03089751861989498,0.552734375
TinyImageNet,ResNet18BN,n01443537-n01629819,6165,2,4,17,0.00016340579895768315,0.02094939723610878,0.319580078125
TinyImageNet,ResNet18BN,n01443537-n01629819,6165,2,5,17,0.0001498438068665564,0.02252012863755226,0.34619140625
TinyImageNet,ResNet18BN,n01443537-n01629819,6165,2,6,16,9.385345401824452e-05,0.011294328141957521,0.1099853515625
TinyImageNet,ResNet18BN,n01443537-n01629819,6165,2,7,17,6.59149736748077e-05,0.008532047271728516,0.139892578125
TinyImageNet,ResNet18BN,n01443537-n01629819,6165,2,8,17,5.65237678529229e-05,0.007713738363236189,0.0966796875
TinyImageNet,ResNet18BN,n01443537-n01629819,6165,2,9,16,3.713159094331786e-05,0.004549258621409535,0.0736083984375
TinyImageNet,ResNet18BN,n01443537-n01629819,6165,2,10,17,3.0966846679802984e-05,0.004109553527086973,0.0732421875
TinyImageNet,ResNet18BN,n01443537-n01629819,6165,2,11,17,3.691208621603437e-05,0.0048279534094035625,0.07080078125
TinyImageNet,ResNet18BN,n01443537-n01629819,6165,2,12,16,2.1268010641506407e-05,0.003017859999090433,0.0435791015625
TinyImageNet,ResNet18BN,n01443537-n01629819,6165,2,13,17,1.5881791114225052e-05,0.0019940692000091076,0.045166015625
TinyImageNet,ResNet18BN,n01443537-n01629819,6165,2,14,17,1.156513735622866e-05,0.0015439408598467708,0.025390625
TinyImageNet,ResNet18BN,n01443537-n01629819,6165,2,15,16,8.85888857737882e-06,0.0014260217431001365,0.024169921875
TinyImageNet,ResNet18BN,n01443537-n01629819,6165,2,16,17,6.185393431223929e-06,0.0008682200568728149,0.011962890625
TinyImageNet,ResNet18BN,n01443537-n01629819,6165,2,17,17,5.323437562765321e-06,0.0006863175658509135,0.01220703125
TinyImageNet,ResNet18BN,n01443537-n01629819,6165,2,18,16,2.9123762033123057e-06,0.00047115073539316654,0.0069580078125
TinyImageNet,ResNet18BN,n01443537-n01629819,6165,2,19,17,1.7217324739249307e-06,0.00027128757210448384,0.00390625
TinyImageNet,ResNet18BN,n01443537-n01629819,6165,2,20,17,9.10673804810358e-07,0.0001271652290597558,0.002197265625
TinyImageNet,ResNet18BN,n01443537-n01629819,6165,2,21,16,7.10048055907464e-07,0.00010310222569387406,0.001220703125
TinyImageNet,ResNet18BN,n01443537-n01629819,6165,2,22,17,3.0628407898802834e-07,4.1014944144990295e-05,0.000732421875
TinyImageNet,ResNet18BN,n01443537-n01629819,6165,2,23,17,1.4526014524562925e-07,2.0792580471606925e-05,0.00048828125
TinyImageNet,ResNet18BN,n01443537-n01629819,6165,2,24,16,5.432880811895302e-08,4.853607072459118e-13,0.000244140625
TinyImageNet,ResNet18BN,n01443537-n01629819,6165,2,25,17,2.3350855471448995e-08,2.1843284288541182e-13,0.0
TinyImageNet,ResNet18BN,n01443537-n01629819,6165,2,26,17,6.4776566333080154e-09,5.670433943900065e-14,0.0
TinyImageNet,ResNet18BN,n01443537-n01629819,6165,2,27,16,3.3923845954575427e-09,1.6575431678998872e-14,0.0
TinyImageNet,ResNet18BN,n01443537-n01629819,6165,2,28,17,1.1824914381008966e-09,4.578222079634558e-16,0.0
TinyImageNet,ResNet18BN,n01443537-n01629819,6165,2,29,17,3.070587117903756e-10,5.152301094855883e-15,0.0
TinyImageNet,ResNet18BN,n01443537-n01629819,6165,2,30,16,8.906912533912514e-12,1.0669902396585317e-17,0.0
TinyImageNet,ResNet18BN,n01443537-n01629819,6165,3,1,17,0.00041900482028722763,0.05928615480661392,0.740234375
TinyImageNet,ResNet18BN,n01443537-n01629819,6165,3,2,17,0.00023593845253344625,0.03435066342353821,0.56591796875
TinyImageNet,ResNet18BN,n01443537-n01629819,6165,3,3,16,0.0001146372414950747,0.017441933043301105,0.26422119140625
TinyImageNet,ResNet18BN,n01443537-n01629819,6165,3,4,17,9.208250412484631e-05,0.014815429225564003,0.25927734375
TinyImageNet,ResNet18BN,n01443537-n01629819,6165,3,5,17,7.296435796888545e-05,0.011342574842274189,0.1630859375
TinyImageNet,ResNet18BN,n01443537-n01629819,6165,3,6,16,5.26781368535012e-05,0.008497917093336582,0.145263671875
TinyImageNet,ResNet18BN,n01443537-n01629819,6165,3,7,17,3.617746551753953e-05,0.006564447656273842,0.110595703125
TinyImageNet,ResNet18BN,n01443537-n01629819,6165,3,8,17,2.909524118877016e-05,0.004499582573771477,0.07177734375
TinyImageNet,ResNet18BN,n01443537-n01629819,6165,3,9,16,3.085431853833143e-05,0.005470754113048315,0.0955810546875
TinyImageNet,ResNet18BN,n01443537-n01629819,6165,3,10,17,1.9508755940478295e-05,0.003160857828333974,0.036865234375
TinyImageNet,ResNet18BN,n01443537-n01629819,6165,3,11,17,1.4564666344085708e-05,0.00242766086012125,0.03466796875
TinyImageNet,ResNet18BN,n01443537-n01629819,6165,3,12,16,1.2925731425639242e-05,0.0020718940068036318,0.034423828125
TinyImageNet,ResNet18BN,n01443537-n01629819,6165,3,13,17,9.448604942008387e-06,0.0014742217026650906,0.025146484375
TinyImageNet,ResNet18BN,n01443537-n01629819,6165,3,14,17,6.180161108204629e-06,0.0010944977402687073,0.01806640625
TinyImageNet,ResNet18BN,n01443537-n01629819,6165,3,15,16,5.453386393128312e-06,0.0008711935370229185,0.011962890625
TinyImageNet,ResNet18BN,n01443537-n01629819,6165,3,16,17,3.2741588711360237e-06,0.0006567825912497938,0.008544921875
TinyImageNet,ResNet18BN,n01443537-n01629819,6165,3,17,17,2.578859948698664e-06,0.0004042745567858219,0.0074462890625
TinyImageNet,ResNet18BN,n01443537-n01629819,6165,3,18,16,1.4173102158565598e-06,0.00023234827676787972,0.00421142578125
TinyImageNet,ResNet18BN,n01443537-n01629819,6165,3,19,17,1.0626952189340955e-06,0.0001876893365988508,0.0029296875
TinyImageNet,ResNet18BN,n01443537-n01629819,6165,3,20,17,5.704072236767388e-07,0.00010908384865615517,0.00146484375
TinyImageNet,ResNet18BN,n01443537-n01629819,6165,3,21,16,3.2694637752683775e-07,5.875270289834589e-05,0.0008544921875
TinyImageNet,ResNet18BN,n01443537-n01629819,6165,3,22,17,1.785161316547601e-07,2.652463808772154e-05,0.00048828125
TinyImageNet,ResNet18BN,n01443537-n01629819,6165,3,23,17,1.4154673522170924e-07,2.598408900666982e-05,0.00048828125
TinyImageNet,ResNet18BN,n01443537-n01629819,6165,3,24,16,4.791241181578698e-08,1.5769935748478987e-17,0.0
TinyImageNet,ResNet18BN,n01443537-n01629819,6165,3,25,17,1.9067933010319393e-08,5.428329756487391e-18,0.0
TinyImageNet,ResNet18BN,n01443537-n01629819,6165,3,26,17,5.416040504968578e-09,9.26396294817333e-18,0.0
TinyImageNet,ResNet18BN,n01443537-n01629819,6165,3,27,16,1.4063201714265006e-09,2.4629524720438596e-19,0.0
TinyImageNet,ResNet18BN,n01443537-n01629819,6165,3,28,17,2.4556146005494384e-10,5.944979115667346e-19,0.0
TinyImageNet,ResNet18BN,n01443537-n01629819,6165,3,29,17,3.1934475896999714e-11,7.634761539384372e-21,0.0
TinyImageNet,ResNet18BN,n01443537-n01629819,6165,3,30,16,7.941738629571593e-13,1.479210438319834e-22,0.0
TinyImageNet,ResNet18BN,n01443537-n01629819,6165,4,1,17,0.0003899213916156441,0.052779849618673325,0.880615234375
TinyImageNet,ResNet18BN,n01443537-n01629819,6165,4,2,17,0.00021327933063730597,0.028715016320347786,0.5107421875
TinyImageNet,ResNet18BN,n01443537-n01629819,6165,4,3,16,0.00017850137373898178,0.02377569954842329,0.534423828125
TinyImageNet,ResNet18BN,n01443537-n01629819,6165,4,4,17,0.00010222844866802916,0.012895197607576847,0.34326171875
TinyImageNet,ResNet18BN,n01443537-n01629819,6165,4,5,17,8.297472959384322e-05,0.01145490538328886,0.2373046875
TinyImageNet,ResNet18BN,n01443537-n01629819,6165,4,6,16,6.628779374295846e-05,0.009986196178942919,0.24951171875
TinyImageNet,ResNet18BN,n01443537-n01629819,6165,4,7,17,5.710494224331342e-05,0.008488466031849384,0.174072265625
TinyImageNet,ResNet18BN,n01443537-n01629819,6165,4,8,17,5.75984304305166e-05,0.008276005275547504,0.17919921875
TinyImageNet,ResNet18BN,n01443537-n01629819,6165,4,9,16,3.101076072198339e-05,0.004852283746004105,0.08349609375
TinyImageNet,ResNet18BN,n01443537-n01629819,6165,4,10,17,2.9035476472927257e-05,0.0036684246733784676,0.11279296875
TinyImageNet,ResNet18BN,n01443537-n01629819,6165,4,11,17,1.953109858732205e-05,0.0031455832067877054,0.063232421875
TinyImageNet,ResNet18BN,n01443537-n01629819,6165,4,12,16,1.1456028005341068e-05,0.0018001141143031418,0.0450439453125
TinyImageNet,ResNet18BN,n01443537-n01629819,6165,4,13,17,1.1010472007910721e-05,0.001794692943803966,0.04443359375
TinyImageNet,ResNet18BN,n01443537-n01629819,6165,4,14,17,8.62188699102262e-06,0.0012074732221662998,0.029296875
TinyImageNet,ResNet18BN,n01443537-n01629819,6165,4,15,16,6.851667649243609e-06,0.0011431801249273121,0.020751953125
TinyImageNet,ResNet18BN,n01443537-n01629819,6165,4,16,17,4.756769158120733e-06,0.0007390536484308541,0.01611328125
TinyImageNet,ResNet18BN,n01443537-n01629819,6165,4,17,17,3.520724249028717e-06,0.0006006372277624905,0.01171875
TinyImageNet,ResNet18BN,n01443537-n01629819,6165,4,18,16,2.4304417820530944e-06,0.00036988726060371846,0.007568359375
TinyImageNet,ResNet18BN,n01443537-n01629819,6165,4,19,17,1.7572284605194e-06,0.0002807398559525609,0.0048828125
TinyImageNet,ResNet18BN,n01443537-n01629819,6165,4,20,17,9.857094482867979e-07,0.00015053368406370282,0.0029296875
TinyImageNet,ResNet18BN,n01443537-n01629819,6165,4,21,16,5.765219555087242e-07,9.636247341404669e-05,0.0018310546875
TinyImageNet,ResNet18BN,n01443537-n01629819,6165,4,22,17,2.913124603765027e-07,4.49466060672421e-05,0.0009765625
TinyImageNet,ResNet18BN,n01443537-n01629819,6165,4,23,17,1.4810444781687693e-07,2.378861427132506e-05,0.00048828125
TinyImageNet,ResNet18BN,n01443537-n01629819,6165,4,24,16,4.470054015826008e-08,1.2447747906316534e-15,0.0
TinyImageNet,ResNet18BN,n01443537-n01629819,6165,4,25,17,2.409662869240492e-08,8.027899679645951e-17,0.0
TinyImageNet,ResNet18BN,n01443537-n01629819,6165,4,26,17,9.950496426824884e-09,4.5697324933973547e-17,0.0
TinyImageNet,ResNet18BN,n01443537-n01629819,6165,4,27,16,2.958058242796824e-09,2.8909005360759593e-17,0.0
TinyImageNet,ResNet18BN,n01443537-n01629819,6165,4,28,17,9.40190258980067e-10,2.0921049467751762e-19,0.0
TinyImageNet,ResNet18BN,n01443537-n01629819,6165,4,29,17,2.1429004404271979e-10,4.8040594950245536e-20,0.0
TinyImageNet,ResNet18BN,n01443537-n01629819,6165,4,30,16,3.269065899057233e-12,1.5155897119080746e-21,0.0
TinyImageNet,ResNet18BN,n01443537-n01629819,6228,0,1,17,0.0005639555165544152,0.05449553206562996,0.643798828125
TinyImageNet,ResNet18BN,n01443537-n01629819,6228,0,2,17,0.000320279854349792,0.031327106058597565,0.36767578125
TinyImageNet,ResNet18BN,n01443537-n01629819,6228,0,3,16,0.00023031828459352255,0.022505659610033035,0.2847900390625
TinyImageNet,ResNet18BN,n01443537-n01629819,6228,0,4,17,0.00019215680367778987,0.01787511631846428,0.1561279296875
TinyImageNet,ResNet18BN,n01443537-n01629819,6228,0,5,17,0.0001305716868955642,0.011757847853004932,0.14599609375
TinyImageNet,ResNet18BN,n01443537-n01629819,6228,0,6,16,0.00010451237903907895,0.010855617001652718,0.16033935546875
TinyImageNet,ResNet18BN,n01443537-n01629819,6228,0,7,17,9.46148720686324e-05,0.009051738306879997,0.12451171875
TinyImageNet,ResNet18BN,n01443537-n01629819,6228,0,8,17,6.975349970161915e-05,0.00825494434684515,0.107177734375
TinyImageNet,ResNet18BN,n01443537-n01629819,6228,0,9,16,6.787474558223039e-05,0.0060659958980977535,0.06585693359375
TinyImageNet,ResNet18BN,n01443537-n01629819,6228,0,10,17,3.871732405968942e-05,0.0037847391795367002,0.0487060546875
TinyImageNet,ResNet18BN,n01443537-n01629819,6228,0,11,17,2.9919474400230683e-05,0.0031240032985806465,0.040283203125
TinyImageNet,ResNet18BN,n01443537-n01629819,6228,0,12,16,2.340379433007911e-05,0.0020934436470270157,0.03021240234375
TinyImageNet,ResNet18BN,n01443537-n01629819,6228,0,13,17,1.590103238413576e-05,0.0017536715604364872,0.0322265625
TinyImageNet,ResNet18BN,n01443537-n01629819,6228,0,14,17,9.890118235489354e-06,0.000962985388468951,0.013671875
TinyImageNet,ResNet18BN,n01443537-n01629819,6228,0,15,16,8.313546004501404e-06,0.0007500351639464498,0.012451171875
TinyImageNet,ResNet18BN,n01443537-n01629819,6228,0,16,17,5.979951311019249e-06,0.0005437523359432817,0.00634765625
TinyImageNet,ResNet18BN,n01443537-n01629819,6228,0,17,17,4.473811713978648e-06,0.0004462959768716246,0.005615234375
TinyImageNet,ResNet18BN,n01443537-n01629819,6228,0,18,16,2.5993630288212444e-06,0.0002570915676187724,0.003173828125
TinyImageNet,ResNet18BN,n01443537-n01629819,6228,0,19,17,1.851689489740238e-06,0.00019191543105989695,0.002685546875
TinyImageNet,ResNet18BN,n01443537-n01629819,6228,0,20,17,1.3331698482943466e-06,0.00014483627455774695,0.002197265625
TinyImageNet,ResNet18BN,n01443537-n01629819,6228,0,21,16,6.521820523630595e-07,5.5613601944060065e-05,0.000732421875
TinyImageNet,ResNet18BN,n01443537-n01629819,6228,0,22,17,4.812325187231181e-07,5.467793744173832e-05,0.000732421875
TinyImageNet,ResNet18BN,n01443537-n01629819,6228,0,23,17,2.9499270226551744e-07,3.22085470543243e-05,0.0003662109375
TinyImageNet,ResNet18BN,n01443537-n01629819,6228,0,24,16,1.5017148768947663e-07,1.4197113159752917e-05,0.000244140625
TinyImageNet,ResNet18BN,n01443537-n01629819,6228,0,25,17,4.473405468274905e-08,1.816182702276889e-13,0.0
TinyImageNet,ResNet18BN,n01443537-n01629819,6228,0,26,17,1.797967286165658e-08,3.689207956052848e-14,0.0
TinyImageNet,ResNet18BN,n01443537-n01629819,6228,0,27,16,6.661155405041086e-09,7.068138087350847e-14,0.0
TinyImageNet,ResNet18BN,n01443537-n01629819,6228,0,28,17,2.213975003328983e-09,4.565984041733509e-15,0.0
TinyImageNet,ResNet18BN,n01443537-n01629819,6228,0,29,17,2.514252694929553e-10,3.6610349520129e-16,0.0
TinyImageNet,ResNet18BN,n01443537-n01629819,6228,0,30,16,1.6232842327268404e-11,1.1585209590828825e-17,0.0
TinyImageNet,ResNet18BN,n01443537-n01629819,6228,1,1,17,0.0007117270724847913,0.05706470087170601,0.5609130859375
TinyImageNet,ResNet18BN,n01443537-n01629819,6228,1,2,17,0.0003544154460541904,0.023174509406089783,0.321044921875
TinyImageNet,ResNet18BN,n01443537-n01629819,6228,1,3,16,0.00024466534523526207,0.019612804986536503,0.1898193359375
TinyImageNet,ResNet18BN,n01443537-n01629819,6228,1,4,17,0.00015667680418118834,0.011930414475500584,0.100341796875
TinyImageNet,ResNet18BN,n01443537-n01629819,6228,1,5,17,0.00013736978871747851,0.013060721568763256,0.156005859375
TinyImageNet,ResNet18BN,n01443537-n01629819,6228,1,6,16,0.00012019761925330386,0.008743149228394032,0.1085205078125
TinyImageNet,ResNet18BN,n01443537-n01629819,6228,1,7,17,0.00010154957271879539,0.007632168475538492,0.0709228515625
TinyImageNet,ResNet18BN,n01443537-n01629819,6228,1,8,17,7.997417560545728e-05,0.0065382057800889015,0.07861328125
TinyImageNet,ResNet18BN,n01443537-n01629819,6228,1,9,16,6.091836257837713e-05,0.00517716258764267,0.06317138671875
TinyImageNet,ResNet18BN,n01443537-n01629819,6228,1,10,17,4.263461596565321e-05,0.004067436326295137,0.0576171875
TinyImageNet,ResNet18BN,n01443537-n01629819,6228,1,11,17,3.271958485129289e-05,0.0029319606255739927,0.0345458984375
TinyImageNet,ResNet18BN,n01443537-n01629819,6228,1,12,16,2.960515848826617e-05,0.002583127934485674,0.041015625
TinyImageNet,ResNet18BN,n01443537-n01629819,6228,1,13,17,2.2962554794503376e-05,0.0019739659037441015,0.0184326171875
TinyImageNet,ResNet18BN,n01443537-n01629819,6228,1,14,17,1.8212876966572367e-05,0.0017212607199326158,0.0225830078125
TinyImageNet,ResNet18BN,n01443537-n01629819,6228,1,15,16,1.2334112852840917e-05,0.0008977930701803416,0.01043701171875
TinyImageNet,ResNet18BN,n01443537-n01629819,6228,1,16,17,1.18001071314211e-05,0.0009184661321341991,0.012451171875
TinyImageNet,ResNet18BN,n01443537-n01629819,6228,1,17,17,7.725830982963089e-06,0.0007952812011353672,0.010986328125
TinyImageNet,ResNet18BN,n01443537-n01629819,6228,1,18,16,4.459026285985601e-06,0.0004002768109785393,0.00390625
TinyImageNet,ResNet18BN,n01443537-n01629819,6228,1,19,17,3.7622498894052114e-06,0.0002770628489088267,0.0028076171875
TinyImageNet,ResNet18BN,n01443537-n01629819,6228,1,20,17,2.860808535842807e-06,0.00021541622118093073,0.0035400390625
TinyImageNet,ResNet18BN,n01443537-n01629819,6228,1,21,16,1.5288719055206457e-06,0.0001212180832226295,0.001708984375
TinyImageNet,ResNet18BN,n01443537-n01629819,6228,1,22,17,8.295077691400365e-07,6.522359035443515e-05,0.00048828125
TinyImageNet,ResNet18BN,n01443537-n01629819,6228,1,23,17,5.77642424559599e-07,5.345669706002809e-05,0.000732421875
TinyImageNet,ResNet18BN,n01443537-n01629819,6228,1,24,16,2.8120427941757953e-07,2.3241236704052426e-05,0.000213623046875
TinyImageNet,ResNet18BN,n01443537-n01629819,6228,1,25,17,1.5789404983479471e-07,1.4241280950955115e-05,0.00018310546875
TinyImageNet,ResNet18BN,n01443537-n01629819,6228,1,26,17,4.2865497817956566e-08,1.2386381322200025e-14,0.0
TinyImageNet,ResNet18BN,n01443537-n01629819,6228,1,27,16,9.480638052394852e-09,1.038050904727996e-14,0.0
TinyImageNet,ResNet18BN,n01443537-n01629819,6228,1,28,17,2.2798214427410812e-09,2.6595638109747034e-16,0.0
TinyImageNet,ResNet18BN,n01443537-n01629819,6228,1,29,17,1.9967885678262576e-10,1.3127459718793118e-17,0.0
TinyImageNet,ResNet18BN,n01443537-n01629819,6228,1,30,16,7.706664950299369e-12,2.2300173064873274e-18,0.0
TinyImageNet,ResNet18BN,n01443537-n01629819,6228,2,1,17,0.0007292706286534667,0.057099927216768265,0.8582763671875
TinyImageNet,ResNet18BN,n01443537-n01629819,6228,2,2,17,0.00035371611011214554,0.028484761714935303,0.3653411865234375
TinyImageNet,ResNet18BN,n01443537-n01629819,6228,2,3,16,0.00021319773804862052,0.020765156485140324,0.14501953125
TinyImageNet,ResNet18BN,n01443537-n01629819,6228,2,4,17,0.00016340579895768315,0.0150548554956913,0.219970703125
TinyImageNet,ResNet18BN,n01443537-n01629819,6228,2,5,17,0.0001498438068665564,0.014904881827533245,0.19696044921875
TinyImageNet,ResNet18BN,n01443537-n01629819,6228,2,6,16,9.385345401824452e-05,0.008124047191813588,0.0996551513671875
TinyImageNet,ResNet18BN,n01443537-n01629819,6228,2,7,17,6.59149736748077e-05,0.00559237040579319,0.07415771484375
TinyImageNet,ResNet18BN,n01443537-n01629819,6228,2,8,17,5.65237678529229e-05,0.005288508255034685,0.05999755859375
TinyImageNet,ResNet18BN,n01443537-n01629819,6228,2,9,16,3.713159094331786e-05,0.0034161130897700787,0.03753662109375
TinyImageNet,ResNet18BN,n01443537-n01629819,6228,2,10,17,3.0966846679802984e-05,0.002937847515568137,0.029296875
TinyImageNet,ResNet18BN,n01443537-n01629819,6228,2,11,17,3.691208621603437e-05,0.0034563331864774227,0.02392578125
TinyImageNet,ResNet18BN,n01443537-n01629819,6228,2,12,16,2.1268010641506407e-05,0.002079241327010095,0.02156829833984375
TinyImageNet,ResNet18BN,n01443537-n01629819,6228,2,13,17,1.5881791114225052e-05,0.0013901304919272661,0.014892578125
TinyImageNet,ResNet18BN,n01443537-n01629819,6228,2,14,17,1.156513735622866e-05,0.0010722976876422763,0.0120849609375
TinyImageNet,ResNet18BN,n01443537-n01629819,6228,2,15,16,8.85888857737882e-06,0.0009749872842803597,0.01177978515625
TinyImageNet,ResNet18BN,n01443537-n01629819,6228,2,16,17,6.185393431223929e-06,0.0006072163232602179,0.007781982421875
TinyImageNet,ResNet18BN,n01443537-n01629819,6228,2,17,17,5.323437562765321e-06,0.0004779640003107488,0.00506591796875
TinyImageNet,ResNet18BN,n01443537-n01629819,6228,2,18,16,2.9123762033123057e-06,0.0003168475814163685,0.003875732421875
TinyImageNet,ResNet18BN,n01443537-n01629819,6228,2,19,17,1.7217324739249307e-06,0.00018240034114569426,0.00128173828125
TinyImageNet,ResNet18BN,n01443537-n01629819,6228,2,20,17,9.10673804810358e-07,8.283548231702298e-05,0.000732421875
TinyImageNet,ResNet18BN,n01443537-n01629819,6228,2,21,16,7.10048055907464e-07,6.935593046364374e-05,0.000701904296875
TinyImageNet,ResNet18BN,n01443537-n01629819,6228,2,22,17,3.0628407898802834e-07,2.6746145522338338e-05,0.000213623046875
TinyImageNet,ResNet18BN,n01443537-n01629819,6228,2,23,17,1.4526014524562925e-07,1.4324753465189133e-05,0.0001220703125
TinyImageNet,ResNet18BN,n01443537-n01629819,6228,2,24,16,5.432880811895302e-08,3.028193820169196e-14,2.288818359375e-05
TinyImageNet,ResNet18BN,n01443537-n01629819,6228,2,25,17,2.3350855471448995e-08,9.864583423159514e-17,0.0
TinyImageNet,ResNet18BN,n01443537-n01629819,6228,2,26,17,6.4776566333080154e-09,1.1451471194827374e-16,0.0
TinyImageNet,ResNet18BN,n01443537-n01629819,6228,2,27,16,3.3923845954575427e-09,1.2780549682465423e-17,0.0
TinyImageNet,ResNet18BN,n01443537-n01629819,6228,2,28,17,1.1824914381008966e-09,2.0646047586241796e-18,0.0
TinyImageNet,ResNet18BN,n01443537-n01629819,6228,2,29,17,3.070587117903756e-10,6.6846409174849666e-18,0.0
TinyImageNet,ResNet18BN,n01443537-n01629819,6228,2,30,16,8.906912533912514e-12,1.8431546986049136e-20,0.0
TinyImageNet,ResNet18BN,n01443537-n01629819,6228,3,1,17,0.00041900482028722763,0.03157027065753937,0.3272705078125
TinyImageNet,ResNet18BN,n01443537-n01629819,6228,3,2,17,0.00023593845253344625,0.016970759257674217,0.228759765625
TinyImageNet,ResNet18BN,n01443537-n01629819,6228,3,3,16,0.0001146372414950747,0.008263683877885342,0.12554931640625
TinyImageNet,ResNet18BN,n01443537-n01629819,6228,3,4,17,9.208250412484631e-05,0.00783970020711422,0.1192626953125
TinyImageNet,ResNet18BN,n01443537-n01629819,6228,3,5,17,7.296435796888545e-05,0.00567447766661644,0.0738525390625
TinyImageNet,ResNet18BN,n01443537-n01629819,6228,3,6,16,5.26781368535012e-05,0.0045092240907251835,0.0687255859375
TinyImageNet,ResNet18BN,n01443537-n01629819,6228,3,7,17,3.617746551753953e-05,0.003497761208564043,0.0623779296875
TinyImageNet,ResNet18BN,n01443537-n01629819,6228,3,8,17,2.909524118877016e-05,0.0023606731556355953,0.03125
TinyImageNet,ResNet18BN,n01443537-n01629819,6228,3,9,16,3.085431853833143e-05,0.002823275630362332,0.05352783203125
TinyImageNet,ResNet18BN,n01443537-n01629819,6228,3,10,17,1.9508755940478295e-05,0.0015844657318666577,0.0185546875
TinyImageNet,ResNet18BN,n01443537-n01629819,6228,3,11,17,1.4564666344085708e-05,0.001163062988780439,0.0115966796875
TinyImageNet,ResNet18BN,n01443537-n01629819,6228,3,12,16,1.2925731425639242e-05,0.0010164538398385048,0.01806640625
TinyImageNet,ResNet18BN,n01443537-n01629819,6228,3,13,17,9.448604942008387e-06,0.0008152419468387961,0.0108642578125
TinyImageNet,ResNet18BN,n01443537-n01629819,6228,3,14,17,6.180161108204629e-06,0.0005637723370455205,0.008544921875
TinyImageNet,ResNet18BN,n01443537-n01629819,6228,3,15,16,5.453386393128312e-06,0.00042453830246813595,0.00396728515625
TinyImageNet,ResNet18BN,n01443537-n01629819,6228,3,16,17,3.2741588711360237e-06,0.0003256163909099996,0.004638671875
TinyImageNet,ResNet18BN,n01443537-n01629819,6228,3,17,17,2.578859948698664e-06,0.00021195816225372255,0.004150390625
TinyImageNet,ResNet18BN,n01443537-n01629819,6228,3,18,16,1.4173102158565598e-06,0.00010615245628287084,0.001678466796875
TinyImageNet,ResNet18BN,n01443537-n01629819,6228,3,19,17,1.0626952189340955e-06,8.723195787752047e-05,0.001220703125
TinyImageNet,ResNet18BN,n01443537-n01629819,6228,3,20,17,5.704072236767388e-07,5.6896733440225944e-05,0.000732421875
TinyImageNet,ResNet18BN,n01443537-n01629819,6228,3,21,16,3.2694637752683775e-07,2.7753210815717466e-05,0.00048828125
TinyImageNet,ResNet18BN,n01443537-n01629819,6228,3,22,17,1.785161316547601e-07,1.3831646356265992e-05,0.000244140625
TinyImageNet,ResNet18BN,n01443537-n01629819,6228,3,23,17,1.4154673522170924e-07,1.329484257439617e-05,0.000244140625
TinyImageNet,ResNet18BN,n01443537-n01629819,6228,3,24,16,4.791241181578698e-08,2.8089226975750066e-14,0.0
TinyImageNet,ResNet18BN,n01443537-n01629819,6228,3,25,17,1.9067933010319393e-08,1.8503300901564525e-14,0.0
TinyImageNet,ResNet18BN,n01443537-n01629819,6228,3,26,17,5.416040504968578e-09,6.868659520107678e-16,0.0
TinyImageNet,ResNet18BN,n01443537-n01629819,6228,3,27,16,1.4063201714265006e-09,9.489387929241956e-16,0.0
TinyImageNet,ResNet18BN,n01443537-n01629819,6228,3,28,17,2.4556146005494384e-10,6.198801513221744e-17,0.0
TinyImageNet,ResNet18BN,n01443537-n01629819,6228,3,29,17,3.1934475896999714e-11,3.076135391984144e-18,0.0
TinyImageNet,ResNet18BN,n01443537-n01629819,6228,3,30,16,7.941738629571593e-13,1.399760396311518e-19,0.0
TinyImageNet,ResNet18BN,n01443537-n01629819,6228,4,1,17,0.0003899213916156441,0.038467373698949814,0.29736328125
TinyImageNet,ResNet18BN,n01443537-n01629819,6228,4,2,17,0.00021327933063730597,0.0182476956397295,0.151123046875
TinyImageNet,ResNet18BN,n01443537-n01629819,6228,4,3,16,0.00017850137373898178,0.019340666010975838,0.20806884765625
TinyImageNet,ResNet18BN,n01443537-n01629819,6228,4,4,17,0.00010222844866802916,0.009627053514122963,0.146728515625
TinyImageNet,ResNet18BN,n01443537-n01629819,6228,4,5,17,8.297472959384322e-05,0.008584537543356419,0.0732421875
TinyImageNet,ResNet18BN,n01443537-n01629819,6228,4,6,16,6.628779374295846e-05,0.006881333189085126,0.0791015625
TinyImageNet,ResNet18BN,n01443537-n01629819,6228,4,7,17,5.710494224331342e-05,0.0058872997760772705,0.05908203125
TinyImageNet,ResNet18BN,n01443537-n01629819,6228,4,8,17,5.75984304305166e-05,0.006759887095540762,0.08544921875
TinyImageNet,ResNet18BN,n01443537-n01629819,6228,4,9,16,3.101076072198339e-05,0.003389670862816274,0.0406494140625
TinyImageNet,ResNet18BN,n01443537-n01629819,6228,4,10,17,2.9035476472927257e-05,0.0025190317537635565,0.0294189453125
TinyImageNet,ResNet18BN,n01443537-n01629819,6228,4,11,17,1.953109858732205e-05,0.002246889751404524,0.033447265625
TinyImageNet,ResNet18BN,n01443537-n01629819,6228,4,12,16,1.1456028005341068e-05,0.0012545222416520119,0.0172119140625
TinyImageNet,ResNet18BN,n01443537-n01629819,6228,4,13,17,1.1010472007910721e-05,0.001284500234760344,0.0162353515625
TinyImageNet,ResNet18BN,n01443537-n01629819,6228,4,14,17,8.62188699102262e-06,0.0008710807887837291,0.0087890625
TinyImageNet,ResNet18BN,n01443537-n01629819,6228,4,15,16,6.851667649243609e-06,0.0007640273543074727,0.007568359375
TinyImageNet,ResNet18BN,n01443537-n01629819,6228,4,16,17,4.756769158120733e-06,0.0005189847433939576,0.0054931640625
TinyImageNet,ResNet18BN,n01443537-n01629819,6228,4,17,17,3.520724249028717e-06,0.00038478447822853923,0.005126953125
TinyImageNet,ResNet18BN,n01443537-n01629819,6228,4,18,16,2.4304417820530944e-06,0.00025057027232833207,0.00341796875
TinyImageNet,ResNet18BN,n01443537-n01629819,6228,4,19,17,1.7572284605194e-06,0.00019405326747801155,0.0018310546875
TinyImageNet,ResNet18BN,n01443537-n01629819,6228,4,20,17,9.857094482867979e-07,0.00010145196574740112,0.0008544921875
TinyImageNet,ResNet18BN,n01443537-n01629819,6228,4,21,16,5.765219555087242e-07,6.120569923950825e-05,0.00067138671875
TinyImageNet,ResNet18BN,n01443537-n01629819,6228,4,22,17,2.913124603765027e-07,2.9049017030047253e-05,0.0003662109375
TinyImageNet,ResNet18BN,n01443537-n01629819,6228,4,23,17,1.4810444781687693e-07,1.6791298548923805e-05,0.0001220703125
TinyImageNet,ResNet18BN,n01443537-n01629819,6228,4,24,16,4.470054015826008e-08,1.7528787796261547e-10,0.0
TinyImageNet,ResNet18BN,n01443537-n01629819,6228,4,25,17,2.409662869240492e-08,1.0282737389431112e-13,0.0
TinyImageNet,ResNet18BN,n01443537-n01629819,6228,4,26,17,9.950496426824884e-09,8.74778426237198e-14,0.0
TinyImageNet,ResNet18BN,n01443537-n01629819,6228,4,27,16,2.958058242796824e-09,5.984863246535996e-14,0.0
TinyImageNet,ResNet18BN,n01443537-n01629819,6228,4,28,17,9.40190258980067e-10,3.1738597701744123e-15,0.0
TinyImageNet,ResNet18BN,n01443537-n01629819,6228,4,29,17,2.1429004404271979e-10,4.77367810858704e-16,0.0
TinyImageNet,ResNet18BN,n01443537-n01629819,6228,4,30,16,3.269065899057233e-12,1.8332510266895296e-18,0.0
TinyImageNet,ResNet18BN,n01443537-n01629819,6443,0,1,17,0.0005639555165544152,0.05339202657341957,0.537353515625
TinyImageNet,ResNet18BN,n01443537-n01629819,6443,0,2,17,0.000320279854349792,0.03337506204843521,0.35693359375
TinyImageNet,ResNet18BN,n01443537-n01629819,6443,0,3,16,0.00023031828459352255,0.02278623078018427,0.2698974609375
TinyImageNet,ResNet18BN,n01443537-n01629819,6443,0,4,17,0.00019215680367778987,0.01886770687997341,0.194091796875
TinyImageNet,ResNet18BN,n01443537-n01629819,6443,0,5,17,0.0001305716868955642,0.012097167782485485,0.09930419921875
TinyImageNet,ResNet18BN,n01443537-n01629819,6443,0,6,16,0.00010451237903907895,0.010737727861851454,0.0982666015625
TinyImageNet,ResNet18BN,n01443537-n01629819,6443,0,7,17,9.46148720686324e-05,0.00984375923871994,0.105712890625
TinyImageNet,ResNet18BN,n01443537-n01629819,6443,0,8,17,6.975349970161915e-05,0.008194651454687119,0.10357666015625
TinyImageNet,ResNet18BN,n01443537-n01629819,6443,0,9,16,6.787474558223039e-05,0.0067600589245557785,0.06365966796875
TinyImageNet,ResNet18BN,n01443537-n01629819,6443,0,10,17,3.871732405968942e-05,0.003770919516682625,0.041259765625
TinyImageNet,ResNet18BN,n01443537-n01629819,6443,0,11,17,2.9919474400230683e-05,0.002768328646197915,0.04638671875
TinyImageNet,ResNet18BN,n01443537-n01629819,6443,0,12,16,2.340379433007911e-05,0.002246921882033348,0.02728271484375
TinyImageNet,ResNet18BN,n01443537-n01629819,6443,0,13,17,1.590103238413576e-05,0.001750365481711924,0.0263671875
TinyImageNet,ResNet18BN,n01443537-n01629819,6443,0,14,17,9.890118235489354e-06,0.001096908817999065,0.0126953125
TinyImageNet,ResNet18BN,n01443537-n01629819,6443,0,15,16,8.313546004501404e-06,0.0007918557093944401,0.00841522216796875
TinyImageNet,ResNet18BN,n01443537-n01629819,6443,0,16,17,5.979951311019249e-06,0.0005933981738053262,0.0048828125
TinyImageNet,ResNet18BN,n01443537-n01629819,6443,0,17,17,4.473811713978648e-06,0.00047377627925015986,0.004425048828125
TinyImageNet,ResNet18BN,n01443537-n01629819,6443,0,18,16,2.5993630288212444e-06,0.00028084668156225234,0.00244140625
TinyImageNet,ResNet18BN,n01443537-n01629819,6443,0,19,17,1.851689489740238e-06,0.00021251455473247916,0.0020751953125
TinyImageNet,ResNet18BN,n01443537-n01629819,6443,0,20,17,1.3331698482943466e-06,0.00014962971908971667,0.001708984375
TinyImageNet,ResNet18BN,n01443537-n01629819,6443,0,21,16,6.521820523630595e-07,6.151509296614677e-05,0.000579833984375
TinyImageNet,ResNet18BN,n01443537-n01629819,6443,0,22,17,4.812325187231181e-07,5.5957367294467986e-05,0.000732421875
TinyImageNet,ResNet18BN,n01443537-n01629819,6443,0,23,17,2.9499270226551744e-07,3.21944389725104e-05,0.000244140625
TinyImageNet,ResNet18BN,n01443537-n01629819,6443,0,24,16,1.5017148768947663e-07,1.549679109302815e-05,0.000244140625
TinyImageNet,ResNet18BN,n01443537-n01629819,6443,0,25,17,4.473405468274905e-08,4.5835178778515576e-14,0.0
TinyImageNet,ResNet18BN,n01443537-n01629819,6443,0,26,17,1.797967286165658e-08,5.433271664339028e-16,0.0
TinyImageNet,ResNet18BN,n01443537-n01629819,6443,0,27,16,6.661155405041086e-09,3.661667976792075e-16,0.0
TinyImageNet,ResNet18BN,n01443537-n01629819,6443,0,28,17,2.213975003328983e-09,2.863745602772885e-16,0.0
TinyImageNet,ResNet18BN,n01443537-n01629819,6443,0,29,17,2.514252694929553e-10,4.454770270120245e-17,0.0
TinyImageNet,ResNet18BN,n01443537-n01629819,6443,0,30,16,1.6232842327268404e-11,2.365981604158128e-18,0.0
TinyImageNet,ResNet18BN,n01443537-n01629819,6443,1,1,17,0.0007117270724847913,0.06857645511627197,0.422607421875
TinyImageNet,ResNet18BN,n01443537-n01629819,6443,1,2,17,0.0003544154460541904,0.03344987332820892,0.4560546875
TinyImageNet,ResNet18BN,n01443537-n01629819,6443,1,3,16,0.00024466534523526207,0.023889810778200626,0.278564453125
TinyImageNet,ResNet18BN,n01443537-n01629819,6443,1,4,17,0.00015667680418118834,0.01594916358590126,0.13671875
TinyImageNet,ResNet18BN,n01443537-n01629819,6443,1,5,17,0.00013736978871747851,0.017080718651413918,0.26318359375
TinyImageNet,ResNet18BN,n01443537-n01629819,6443,1,6,16,0.00012019761925330386,0.01146718068048358,0.200927734375
TinyImageNet,ResNet18BN,n01443537-n01629819,6443,1,7,17,0.00010154957271879539,0.010825682431459427,0.1334228515625
TinyImageNet,ResNet18BN,n01443537-n01629819,6443,1,8,17,7.997417560545728e-05,0.008329387754201889,0.1162109375
TinyImageNet,ResNet18BN,n01443537-n01629819,6443,1,9,16,6.091836257837713e-05,0.007056558039039373,0.1107177734375
TinyImageNet,ResNet18BN,n01443537-n01629819,6443,1,10,17,4.263461596565321e-05,0.005342726595699787,0.093017578125
TinyImageNet,ResNet18BN,n01443537-n01629819,6443,1,11,17,3.271958485129289e-05,0.003612831700593233,0.059326171875
TinyImageNet,ResNet18BN,n01443537-n01629819,6443,1,12,16,2.960515848826617e-05,0.0034642635146155953,0.0638427734375
TinyImageNet,ResNet18BN,n01443537-n01629819,6443,1,13,17,2.2962554794503376e-05,0.002721626777201891,0.0323486328125
TinyImageNet,ResNet18BN,n01443537-n01629819,6443,1,14,17,1.8212876966572367e-05,0.0022200089879333973,0.038330078125
TinyImageNet,ResNet18BN,n01443537-n01629819,6443,1,15,16,1.2334112852840917e-05,0.0011853125761263072,0.02099609375
TinyImageNet,ResNet18BN,n01443537-n01629819,6443,1,16,17,1.18001071314211e-05,0.001140065141953528,0.013916015625
TinyImageNet,ResNet18BN,n01443537-n01629819,6443,1,17,17,7.725830982963089e-06,0.0009522874024696648,0.01953125
TinyImageNet,ResNet18BN,n01443537-n01629819,6443,1,18,16,4.459026285985601e-06,0.0004955381155014038,0.00640869140625
TinyImageNet,ResNet18BN,n01443537-n01629819,6443,1,19,17,3.7622498894052114e-06,0.000362649851012975,0.006591796875
TinyImageNet,ResNet18BN,n01443537-n01629819,6443,1,20,17,2.860808535842807e-06,0.00027550585218705237,0.00439453125
TinyImageNet,ResNet18BN,n01443537-n01629819,6443,1,21,16,1.5288719055206457e-06,0.0001761461899150163,0.0029296875
TinyImageNet,ResNet18BN,n01443537-n01629819,6443,1,22,17,8.295077691400365e-07,8.37692859931849e-05,0.00067138671875
TinyImageNet,ResNet18BN,n01443537-n01629819,6443,1,23,17,5.77642424559599e-07,6.885554466862231e-05,0.0009765625
TinyImageNet,ResNet18BN,n01443537-n01629819,6443,1,24,16,2.8120427941757953e-07,2.7588454031501897e-05,0.000244140625
TinyImageNet,ResNet18BN,n01443537-n01629819,6443,1,25,17,1.5789404983479471e-07,1.8360289686825126e-05,0.000244140625
TinyImageNet,ResNet18BN,n01443537-n01629819,6443,1,26,17,4.2865497817956566e-08,8.294923772243215e-16,0.0
TinyImageNet,ResNet18BN,n01443537-n01629819,6443,1,27,16,9.480638052394852e-09,6.036266478555484e-17,0.0
TinyImageNet,ResNet18BN,n01443537-n01629819,6443,1,28,17,2.2798214427410812e-09,1.1457064424693335e-17,0.0
TinyImageNet,ResNet18BN,n01443537-n01629819,6443,1,29,17,1.9967885678262576e-10,2.775007165923056e-19,0.0
TinyImageNet,ResNet18BN,n01443537-n01629819,6443,1,30,16,7.706664950299369e-12,1.8894512462414893e-20,0.0
TinyImageNet,ResNet18BN,n01443537-n01629819,6443,2,1,17,0.0007292706286534667,0.05886346846818924,0.4066162109375
TinyImageNet,ResNet18BN,n01443537-n01629819,6443,2,2,17,0.00035371611011214554,0.03171757981181145,0.531005859375
TinyImageNet,ResNet18BN,n01443537-n01629819,6443,2,3,16,0.00021319773804862052,0.023274890147149563,0.207305908203125
TinyImageNet,ResNet18BN,n01443537-n01629819,6443,2,4,17,0.00016340579895768315,0.016537800431251526,0.2008056640625
TinyImageNet,ResNet18BN,n01443537-n01629819,6443,2,5,17,0.0001498438068665564,0.016298852860927582,0.24822998046875
TinyImageNet,ResNet18BN,n01443537-n01629819,6443,2,6,16,9.385345401824452e-05,0.008206062018871307,0.092529296875
TinyImageNet,ResNet18BN,n01443537-n01629819,6443,2,7,17,6.59149736748077e-05,0.006353280507028103,0.055419921875
TinyImageNet,ResNet18BN,n01443537-n01629819,6443,2,8,17,5.65237678529229e-05,0.00588154187425971,0.07177734375
TinyImageNet,ResNet18BN,n01443537-n01629819,6443,2,9,16,3.713159094331786e-05,0.003394839004613459,0.03961944580078125
TinyImageNet,ResNet18BN,n01443537-n01629819,6443,2,10,17,3.0966846679802984e-05,0.0034763445146381855,0.032958984375
TinyImageNet,ResNet18BN,n01443537-n01629819,6443,2,11,17,3.691208621603437e-05,0.0037158324848860502,0.03851318359375
TinyImageNet,ResNet18BN,n01443537-n01629819,6443,2,12,16,2.1268010641506407e-05,0.002314580953679979,0.0159912109375
TinyImageNet,ResNet18BN,n01443537-n01629819,6443,2,13,17,1.5881791114225052e-05,0.0015318949008360505,0.021240234375
TinyImageNet,ResNet18BN,n01443537-n01629819,6443,2,14,17,1.156513735622866e-05,0.0011963959550485015,0.0118408203125
TinyImageNet,ResNet18BN,n01443537-n01629819,6443,2,15,16,8.85888857737882e-06,0.0010607863659970462,0.015869140625
TinyImageNet,ResNet18BN,n01443537-n01629819,6443,2,16,17,6.185393431223929e-06,0.0006308998563326895,0.0087890625
TinyImageNet,ResNet18BN,n01443537-n01629819,6443,2,17,17,5.323437562765321e-06,0.0005013057962059975,0.005615234375
TinyImageNet,ResNet18BN,n01443537-n01629819,6443,2,18,16,2.9123762033123057e-06,0.0003344917931826785,0.00408935546875
TinyImageNet,ResNet18BN,n01443537-n01629819,6443,2,19,17,1.7217324739249307e-06,0.00019968251581303775,0.0013427734375
TinyImageNet,ResNet18BN,n01443537-n01629819,6443,2,20,17,9.10673804810358e-07,8.799036731943488e-05,0.00091552734375
TinyImageNet,ResNet18BN,n01443537-n01629819,6443,2,21,16,7.10048055907464e-07,7.84840522101149e-05,0.00091552734375
TinyImageNet,ResNet18BN,n01443537-n01629819,6443,2,22,17,3.0628407898802834e-07,2.7539288566913456e-05,0.0003662109375
TinyImageNet,ResNet18BN,n01443537-n01629819,6443,2,23,17,1.4526014524562925e-07,1.5030107533675618e-05,0.000244140625
TinyImageNet,ResNet18BN,n01443537-n01629819,6443,2,24,16,5.432880811895302e-08,1.930342135255162e-15,6.103515625e-05
TinyImageNet,ResNet18BN,n01443537-n01629819,6443,2,25,17,2.3350855471448995e-08,1.5873974472740905e-16,0.0
TinyImageNet,ResNet18BN,n01443537-n01629819,6443,2,26,17,6.4776566333080154e-09,2.4312391978996103e-16,0.0
TinyImageNet,ResNet18BN,n01443537-n01629819,6443,2,27,16,3.3923845954575427e-09,2.4678568788869445e-17,0.0
TinyImageNet,ResNet18BN,n01443537-n01629819,6443,2,28,17,1.1824914381008966e-09,4.852955743695e-18,0.0
TinyImageNet,ResNet18BN,n01443537-n01629819,6443,2,29,17,3.070587117903756e-10,2.5884139863912405e-18,0.0
TinyImageNet,ResNet18BN,n01443537-n01629819,6443,2,30,16,8.906912533912514e-12,9.126032312939521e-20,0.0
TinyImageNet,ResNet18BN,n01443537-n01629819,6443,3,1,17,0.00041900482028722763,0.04263096675276756,0.355224609375
TinyImageNet,ResNet18BN,n01443537-n01629819,6443,3,2,17,0.00023593845253344625,0.02427493780851364,0.245849609375
TinyImageNet,ResNet18BN,n01443537-n01629819,6443,3,3,16,0.0001146372414950747,0.01173735922202468,0.16375732421875
TinyImageNet,ResNet18BN,n01443537-n01629819,6443,3,4,17,9.208250412484631e-05,0.010159270837903023,0.134765625
TinyImageNet,ResNet18BN,n01443537-n01629819,6443,3,5,17,7.296435796888545e-05,0.007418042980134487,0.1103515625
TinyImageNet,ResNet18BN,n01443537-n01629819,6443,3,6,16,5.26781368535012e-05,0.005666279466822743,0.0777587890625
TinyImageNet,ResNet18BN,n01443537-n01629819,6443,3,7,17,3.617746551753953e-05,0.004278527572751045,0.0712890625
TinyImageNet,ResNet18BN,n01443537-n01629819,6443,3,8,17,2.909524118877016e-05,0.0030372673645615578,0.041015625
TinyImageNet,ResNet18BN,n01443537-n01629819,6443,3,9,16,3.085431853833143e-05,0.0037287314189597964,0.0657958984375
TinyImageNet,ResNet18BN,n01443537-n01629819,6443,3,10,17,1.9508755940478295e-05,0.0021033070515841246,0.018798828125
TinyImageNet,ResNet18BN,n01443537-n01629819,6443,3,11,17,1.4564666344085708e-05,0.001738898572511971,0.018310546875
TinyImageNet,ResNet18BN,n01443537-n01629819,6443,3,12,16,1.2925731425639242e-05,0.0014778460026718676,0.0260009765625
TinyImageNet,ResNet18BN,n01443537-n01629819,6443,3,13,17,9.448604942008387e-06,0.0010329503566026688,0.013427734375
TinyImageNet,ResNet18BN,n01443537-n01629819,6443,3,14,17,6.180161108204629e-06,0.0007979539223015308,0.010009765625
TinyImageNet,ResNet18BN,n01443537-n01629819,6443,3,15,16,5.453386393128312e-06,0.0005816176562802866,0.0057373046875
TinyImageNet,ResNet18BN,n01443537-n01629819,6443,3,16,17,3.2741588711360237e-06,0.0004132197645958513,0.005615234375
TinyImageNet,ResNet18BN,n01443537-n01629819,6443,3,17,17,2.578859948698664e-06,0.00026790128322318196,0.005126953125
TinyImageNet,ResNet18BN,n01443537-n01629819,6443,3,18,16,1.4173102158565598e-06,0.00016084835806395859,0.0028076171875
TinyImageNet,ResNet18BN,n01443537-n01629819,6443,3,19,17,1.0626952189340955e-06,0.00013123615644872189,0.001953125
TinyImageNet,ResNet18BN,n01443537-n01629819,6443,3,20,17,5.704072236767388e-07,7.342506432905793e-05,0.0009765625
TinyImageNet,ResNet18BN,n01443537-n01629819,6443,3,21,16,3.2694637752683775e-07,3.890941297868267e-05,0.00054931640625
TinyImageNet,ResNet18BN,n01443537-n01629819,6443,3,22,17,1.785161316547601e-07,1.797435834305361e-05,0.000244140625
TinyImageNet,ResNet18BN,n01443537-n01629819,6443,3,23,17,1.4154673522170924e-07,1.805526699172333e-05,0.000244140625
TinyImageNet,ResNet18BN,n01443537-n01629819,6443,3,24,16,4.791241181578698e-08,2.7353865158195878e-14,0.0
TinyImageNet,ResNet18BN,n01443537-n01629819,6443,3,25,17,1.9067933010319393e-08,1.8078291955884312e-14,0.0
TinyImageNet,ResNet18BN,n01443537-n01629819,6443,3,26,17,5.416040504968578e-09,1.455629846801483e-14,0.0
TinyImageNet,ResNet18BN,n01443537-n01629819,6443,3,27,16,1.4063201714265006e-09,3.873316496369201e-15,0.0
TinyImageNet,ResNet18BN,n01443537-n01629819,6443,3,28,17,2.4556146005494384e-10,3.96011789170498e-15,0.0
TinyImageNet,ResNet18BN,n01443537-n01629819,6443,3,29,17,3.1934475896999714e-11,1.9653680659723154e-17,0.0
TinyImageNet,ResNet18BN,n01443537-n01629819,6443,3,30,16,7.941738629571593e-13,2.6943198847703594e-18,0.0
TinyImageNet,ResNet18BN,n01443537-n01629819,6443,4,1,17,0.0003899213916156441,0.044765688478946686,0.6910400390625
TinyImageNet,ResNet18BN,n01443537-n01629819,6443,4,2,17,0.00021327933063730597,0.02361411415040493,0.31494140625
TinyImageNet,ResNet18BN,n01443537-n01629819,6443,4,3,16,0.00017850137373898178,0.02235110756009817,0.42236328125
TinyImageNet,ResNet18BN,n01443537-n01629819,6443,4,4,17,0.00010222844866802916,0.011187911964952946,0.1898193359375
TinyImageNet,ResNet18BN,n01443537-n01629819,6443,4,5,17,8.297472959384322e-05,0.009882844053208828,0.141845703125
TinyImageNet,ResNet18BN,n01443537-n01629819,6443,4,6,16,6.628779374295846e-05,0.008175222668796778,0.16876220703125
TinyImageNet,ResNet18BN,n01443537-n01629819,6443,4,7,17,5.710494224331342e-05,0.006894945632666349,0.1220703125
TinyImageNet,ResNet18BN,n01443537-n01629819,6443,4,8,17,5.75984304305166e-05,0.007978733628988266,0.13037109375
TinyImageNet,ResNet18BN,n01443537-n01629819,6443,4,9,16,3.101076072198339e-05,0.004166783997789025,0.0594482421875
TinyImageNet,ResNet18BN,n01443537-n01629819,6443,4,10,17,2.9035476472927257e-05,0.0031530337873846292,0.067626953125
TinyImageNet,ResNet18BN,n01443537-n01629819,6443,4,11,17,1.953109858732205e-05,0.0027436651289463043,0.04833984375
TinyImageNet,ResNet18BN,n01443537-n01629819,6443,4,12,16,1.1456028005341068e-05,0.0015130678075365722,0.02825927734375
TinyImageNet,ResNet18BN,n01443537-n01629819,6443,4,13,17,1.1010472007910721e-05,0.0015616342425346375,0.026611328125
TinyImageNet,ResNet18BN,n01443537-n01629819,6443,4,14,17,8.62188699102262e-06,0.0010332753881812096,0.0166015625
TinyImageNet,ResNet18BN,n01443537-n01629819,6443,4,15,16,6.851667649243609e-06,0.0009566576045472175,0.0142822265625
TinyImageNet,ResNet18BN,n01443537-n01629819,6443,4,16,17,4.756769158120733e-06,0.0006407307810150087,0.009765625
TinyImageNet,ResNet18BN,n01443537-n01629819,6443,4,17,17,3.520724249028717e-06,0.0005558219272643328,0.008056640625
TinyImageNet,ResNet18BN,n01443537-n01629819,6443,4,18,16,2.4304417820530944e-06,0.0003001986042363569,0.00579833984375
TinyImageNet,ResNet18BN,n01443537-n01629819,6443,4,19,17,1.7572284605194e-06,0.00024020596174523234,0.00341796875
TinyImageNet,ResNet18BN,n01443537-n01629819,6443,4,20,17,9.857094482867979e-07,0.00013272518117446452,0.002197265625
TinyImageNet,ResNet18BN,n01443537-n01629819,6443,4,21,16,5.765219555087242e-07,8.186898776330054e-05,0.0009765625
TinyImageNet,ResNet18BN,n01443537-n01629819,6443,4,22,17,2.913124603765027e-07,3.6881003325106576e-05,0.00048828125
TinyImageNet,ResNet18BN,n01443537-n01629819,6443,4,23,17,1.4810444781687693e-07,2.0490731913014315e-05,0.000244140625
TinyImageNet,ResNet18BN,n01443537-n01629819,6443,4,24,16,4.470054015826008e-08,1.1204771377219813e-12,0.0
TinyImageNet,ResNet18BN,n01443537-n01629819,6443,4,25,17,2.409662869240492e-08,7.902165521326415e-14,0.0
TinyImageNet,ResNet18BN,n01443537-n01629819,6443,4,26,17,9.950496426824884e-09,9.288153335644186e-14,0.0
TinyImageNet,ResNet18BN,n01443537-n01629819,6443,4,27,16,2.958058242796824e-09,1.0886556599639307e-14,0.0
TinyImageNet,ResNet18BN,n01443537-n01629819,6443,4,28,17,9.40190258980067e-10,2.2148101037775198e-15,0.0
TinyImageNet,ResNet18BN,n01443537-n01629819,6443,4,29,17,2.1429004404271979e-10,7.862139699381918e-16,0.0
TinyImageNet,ResNet18BN,n01443537-n01629819,6443,4,30,16,3.269065899057233e-12,3.4618832641312176e-18,0.0
TinyImageNet,ResNet18BN,n01443537-n01629819,7236,0,1,17,0.0005639555165544152,0.07106845080852509,0.857666015625
TinyImageNet,ResNet18BN,n01443537-n01629819,7236,0,2,17,0.000320279854349792,0.042814046144485474,0.544677734375
TinyImageNet,ResNet18BN,n01443537-n01629819,7236,0,3,16,0.00023031828459352255,0.030102024786174297,0.389404296875
TinyImageNet,ResNet18BN,n01443537-n01629819,7236,0,4,17,0.00019215680367778987,0.024215728044509888,0.2333984375
TinyImageNet,ResNet18BN,n01443537-n01629819,7236,0,5,17,0.0001305716868955642,0.015714097768068314,0.1915283203125
TinyImageNet,ResNet18BN,n01443537-n01629819,7236,0,6,16,0.00010451237903907895,0.015899181831628084,0.1373291015625
TinyImageNet,ResNet18BN,n01443537-n01629819,7236,0,7,17,9.46148720686324e-05,0.013619142584502697,0.1239013671875
TinyImageNet,ResNet18BN,n01443537-n01629819,7236,0,8,17,6.975349970161915e-05,0.011812413111329079,0.172119140625
TinyImageNet,ResNet18BN,n01443537-n01629819,7236,0,9,16,6.787474558223039e-05,0.008377555292099714,0.095977783203125
TinyImageNet,ResNet18BN,n01443537-n01629819,7236,0,10,17,3.871732405968942e-05,0.005122806876897812,0.050537109375
TinyImageNet,ResNet18BN,n01443537-n01629819,7236,0,11,17,2.9919474400230683e-05,0.0041982256807386875,0.04827880859375
TinyImageNet,ResNet18BN,n01443537-n01629819,7236,0,12,16,2.340379433007911e-05,0.003022660152055323,0.03369140625
TinyImageNet,ResNet18BN,n01443537-n01629819,7236,0,13,17,1.590103238413576e-05,0.0026143821887671947,0.04345703125
TinyImageNet,ResNet18BN,n01443537-n01629819,7236,0,14,17,9.890118235489354e-06,0.0014802158111706376,0.022216796875
TinyImageNet,ResNet18BN,n01443537-n01629819,7236,0,15,16,8.313546004501404e-06,0.001031684165354818,0.011688232421875
TinyImageNet,ResNet18BN,n01443537-n01629819,7236,0,16,17,5.979951311019249e-06,0.0007687215693295002,0.0079345703125
TinyImageNet,ResNet18BN,n01443537-n01629819,7236,0,17,17,4.473811713978648e-06,0.0006606694078072906,0.00830078125
TinyImageNet,ResNet18BN,n01443537-n01629819,7236,0,18,16,2.5993630288212444e-06,0.00036172219552099705,0.0059814453125
TinyImageNet,ResNet18BN,n01443537-n01629819,7236,0,19,17,1.851689489740238e-06,0.000279298605164513,0.003662109375
TinyImageNet,ResNet18BN,n01443537-n01629819,7236,0,20,17,1.3331698482943466e-06,0.00020215657423250377,0.00201416015625
TinyImageNet,ResNet18BN,n01443537-n01629819,7236,0,21,16,6.521820523630595e-07,7.852055205148645e-05,0.0008392333984375
TinyImageNet,ResNet18BN,n01443537-n01629819,7236,0,22,17,4.812325187231181e-07,7.924871169961989e-05,0.0009765625
TinyImageNet,ResNet18BN,n01443537-n01629819,7236,0,23,17,2.9499270226551744e-07,4.2177554860245436e-05,0.000244140625
TinyImageNet,ResNet18BN,n01443537-n01629819,7236,0,24,16,1.5017148768947663e-07,2.136482908099424e-05,0.0001678466796875
TinyImageNet,ResNet18BN,n01443537-n01629819,7236,0,25,17,4.473405468274905e-08,2.8712926133933614e-15,6.103515625e-05
TinyImageNet,ResNet18BN,n01443537-n01629819,7236,0,26,17,1.797967286165658e-08,2.0289600901913916e-16,0.0
TinyImageNet,ResNet18BN,n01443537-n01629819,7236,0,27,16,6.661155405041086e-09,5.0506168541808135e-16,0.0
TinyImageNet,ResNet18BN,n01443537-n01629819,7236,0,28,17,2.213975003328983e-09,1.2228214965838348e-16,0.0
TinyImageNet,ResNet18BN,n01443537-n01629819,7236,0,29,17,2.514252694929553e-10,2.7717450861196344e-17,0.0
TinyImageNet,ResNet18BN,n01443537-n01629819,7236,0,30,16,1.6232842327268404e-11,4.998851013472573e-19,0.0
TinyImageNet,ResNet18BN,n01443537-n01629819,7236,1,1,17,0.0007117270724847913,0.07765259593725204,0.78955078125
TinyImageNet,ResNet18BN,n01443537-n01629819,7236,1,2,17,0.0003544154460541904,0.03949941694736481,0.6373291015625
TinyImageNet,ResNet18BN,n01443537-n01629819,7236,1,3,16,0.00024466534523526207,0.027249245904386044,0.28558349609375
TinyImageNet,ResNet18BN,n01443537-n01629819,7236,1,4,17,0.00015667680418118834,0.017823848873376846,0.163330078125
TinyImageNet,ResNet18BN,n01443537-n01629819,7236,1,5,17,0.00013736978871747851,0.017489328980445862,0.299072265625
TinyImageNet,ResNet18BN,n01443537-n01629819,7236,1,6,16,0.00012019761925330386,0.012410520575940609,0.15985107421875
TinyImageNet,ResNet18BN,n01443537-n01629819,7236,1,7,17,0.00010154957271879539,0.011166376061737537,0.149658203125
TinyImageNet,ResNet18BN,n01443537-n01629819,7236,1,8,17,7.997417560545728e-05,0.009347495622932911,0.1181640625
TinyImageNet,ResNet18BN,n01443537-n01629819,7236,1,9,16,6.091836257837713e-05,0.007722526090219617,0.114013671875
TinyImageNet,ResNet18BN,n01443537-n01629819,7236,1,10,17,4.263461596565321e-05,0.005980692338198423,0.08447265625
TinyImageNet,ResNet18BN,n01443537-n01629819,7236,1,11,17,3.271958485129289e-05,0.004009576048702002,0.06640625
TinyImageNet,ResNet18BN,n01443537-n01629819,7236,1,12,16,2.960515848826617e-05,0.0038970428286120296,0.0853271484375
TinyImageNet,ResNet18BN,n01443537-n01629819,7236,1,13,17,2.2962554794503376e-05,0.0031531667336821556,0.037841796875
TinyImageNet,ResNet18BN,n01443537-n01629819,7236,1,14,17,1.8212876966572367e-05,0.002414763905107975,0.049560546875
TinyImageNet,ResNet18BN,n01443537-n01629819,7236,1,15,16,1.2334112852840917e-05,0.0014381203800439835,0.02203369140625
TinyImageNet,ResNet18BN,n01443537-n01629819,7236,1,16,17,1.18001071314211e-05,0.0012739954981952906,0.0224609375
TinyImageNet,ResNet18BN,n01443537-n01629819,7236,1,17,17,7.725830982963089e-06,0.0011928546009585261,0.02734375
TinyImageNet,ResNet18BN,n01443537-n01629819,7236,1,18,16,4.459026285985601e-06,0.0005798778147436678,0.0076904296875
TinyImageNet,ResNet18BN,n01443537-n01629819,7236,1,19,17,3.7622498894052114e-06,0.00041251227958127856,0.00732421875
TinyImageNet,ResNet18BN,n01443537-n01629819,7236,1,20,17,2.860808535842807e-06,0.00031441854662261903,0.0045166015625
TinyImageNet,ResNet18BN,n01443537-n01629819,7236,1,21,16,1.5288719055206457e-06,0.00019056718156207353,0.0030517578125
TinyImageNet,ResNet18BN,n01443537-n01629819,7236,1,22,17,8.295077691400365e-07,9.25292624742724e-05,0.000732421875
TinyImageNet,ResNet18BN,n01443537-n01629819,7236,1,23,17,5.77642424559599e-07,7.626748265465721e-05,0.0009765625
TinyImageNet,ResNet18BN,n01443537-n01629819,7236,1,24,16,2.8120427941757953e-07,3.226576609449694e-05,0.000244140625
TinyImageNet,ResNet18BN,n01443537-n01629819,7236,1,25,17,1.5789404983479471e-07,2.274022153869737e-05,0.000244140625
TinyImageNet,ResNet18BN,n01443537-n01629819,7236,1,26,17,4.2865497817956566e-08,7.55278475937475e-14,0.0
TinyImageNet,ResNet18BN,n01443537-n01629819,7236,1,27,16,9.480638052394852e-09,1.3065481517331688e-14,0.0
TinyImageNet,ResNet18BN,n01443537-n01629819,7236,1,28,17,2.2798214427410812e-09,1.0440999905208127e-14,0.0
TinyImageNet,ResNet18BN,n01443537-n01629819,7236,1,29,17,1.9967885678262576e-10,1.6238704212850647e-16,0.0
TinyImageNet,ResNet18BN,n01443537-n01629819,7236,1,30,16,7.706664950299369e-12,2.5527436257286265e-16,0.0
TinyImageNet,ResNet18BN,n01443537-n01629819,7236,2,1,17,0.0007292706286534667,0.08467832207679749,1.2109375
TinyImageNet,ResNet18BN,n01443537-n01629819,7236,2,2,17,0.00035371611011214554,0.04323745518922806,0.650390625
TinyImageNet,ResNet18BN,n01443537-n01629819,7236,2,3,16,0.00021319773804862052,0.03196362778544426,0.34228515625
TinyImageNet,ResNet18BN,n01443537-n01629819,7236,2,4,17,0.00016340579895768315,0.022720318287611008,0.41748046875
TinyImageNet,ResNet18BN,n01443537-n01629819,7236,2,5,17,0.0001498438068665564,0.02255490981042385,0.302734375
TinyImageNet,ResNet18BN,n01443537-n01629819,7236,2,6,16,9.385345401824452e-05,0.012497805058956146,0.175384521484375
TinyImageNet,ResNet18BN,n01443537-n01629819,7236,2,7,17,6.59149736748077e-05,0.008829038590192795,0.122802734375
TinyImageNet,ResNet18BN,n01443537-n01629819,7236,2,8,17,5.65237678529229e-05,0.007436074316501617,0.122314453125
TinyImageNet,ResNet18BN,n01443537-n01629819,7236,2,9,16,3.713159094331786e-05,0.004586747847497463,0.0513916015625
TinyImageNet,ResNet18BN,n01443537-n01629819,7236,2,10,17,3.0966846679802984e-05,0.004948252346366644,0.0596923828125
TinyImageNet,ResNet18BN,n01443537-n01629819,7236,2,11,17,3.691208621603437e-05,0.005247959401458502,0.060302734375
TinyImageNet,ResNet18BN,n01443537-n01629819,7236,2,12,16,2.1268010641506407e-05,0.0031680685933679342,0.032470703125
TinyImageNet,ResNet18BN,n01443537-n01629819,7236,2,13,17,1.5881791114225052e-05,0.0022150096483528614,0.03466796875
TinyImageNet,ResNet18BN,n01443537-n01629819,7236,2,14,17,1.156513735622866e-05,0.0017802396323531866,0.01708984375
TinyImageNet,ResNet18BN,n01443537-n01629819,7236,2,15,16,8.85888857737882e-06,0.0014969734475016594,0.021240234375
TinyImageNet,ResNet18BN,n01443537-n01629819,7236,2,16,17,6.185393431223929e-06,0.000930262089241296,0.01611328125
TinyImageNet,ResNet18BN,n01443537-n01629819,7236,2,17,17,5.323437562765321e-06,0.000745315570384264,0.006103515625
TinyImageNet,ResNet18BN,n01443537-n01629819,7236,2,18,16,2.9123762033123057e-06,0.0004838505992665887,0.0057373046875
TinyImageNet,ResNet18BN,n01443537-n01629819,7236,2,19,17,1.7217324739249307e-06,0.00028804404428228736,0.0029296875
TinyImageNet,ResNet18BN,n01443537-n01629819,7236,2,20,17,9.10673804810358e-07,0.00012685022375080734,0.0013427734375
TinyImageNet,ResNet18BN,n01443537-n01629819,7236,2,21,16,7.10048055907464e-07,0.00010985576591338031,0.001220703125
TinyImageNet,ResNet18BN,n01443537-n01629819,7236,2,22,17,3.0628407898802834e-07,3.9304035453824326e-05,0.00048828125
TinyImageNet,ResNet18BN,n01443537-n01629819,7236,2,23,17,1.4526014524562925e-07,2.2210489987628534e-05,0.00048828125
TinyImageNet,ResNet18BN,n01443537-n01629819,7236,2,24,16,5.432880811895302e-08,3.800450444730002e-14,0.0001220703125
TinyImageNet,ResNet18BN,n01443537-n01629819,7236,2,25,17,2.3350855471448995e-08,1.3106872682271776e-16,0.0
TinyImageNet,ResNet18BN,n01443537-n01629819,7236,2,26,17,6.4776566333080154e-09,4.209461587661519e-17,0.0
TinyImageNet,ResNet18BN,n01443537-n01629819,7236,2,27,16,3.3923845954575427e-09,3.7449632777660416e-17,0.0
TinyImageNet,ResNet18BN,n01443537-n01629819,7236,2,28,17,1.1824914381008966e-09,2.1568660026065067e-18,0.0
TinyImageNet,ResNet18BN,n01443537-n01629819,7236,2,29,17,3.070587117903756e-10,1.730199521809178e-18,0.0
TinyImageNet,ResNet18BN,n01443537-n01629819,7236,2,30,16,8.906912533912514e-12,1.2242456636872898e-20,0.0
TinyImageNet,ResNet18BN,n01443537-n01629819,7236,3,1,17,0.00041900482028722763,0.052202172577381134,0.532958984375
TinyImageNet,ResNet18BN,n01443537-n01629819,7236,3,2,17,0.00023593845253344625,0.03291294723749161,0.203857421875
TinyImageNet,ResNet18BN,n01443537-n01629819,7236,3,3,16,0.0001146372414950747,0.01613629888743162,0.1763916015625
TinyImageNet,ResNet18BN,n01443537-n01629819,7236,3,4,17,9.208250412484631e-05,0.014213696122169495,0.1357421875
TinyImageNet,ResNet18BN,n01443537-n01629819,7236,3,5,17,7.296435796888545e-05,0.00994136929512024,0.106201171875
TinyImageNet,ResNet18BN,n01443537-n01629819,7236,3,6,16,5.26781368535012e-05,0.007734325947239995,0.0938720703125
TinyImageNet,ResNet18BN,n01443537-n01629819,7236,3,7,17,3.617746551753953e-05,0.006071771029382944,0.088134765625
TinyImageNet,ResNet18BN,n01443537-n01629819,7236,3,8,17,2.909524118877016e-05,0.003941181115806103,0.041748046875
TinyImageNet,ResNet18BN,n01443537-n01629819,7236,3,9,16,3.085431853833143e-05,0.004961201921105385,0.072265625
TinyImageNet,ResNet18BN,n01443537-n01629819,7236,3,10,17,1.9508755940478295e-05,0.0027132886461913586,0.029296875
TinyImageNet,ResNet18BN,n01443537-n01629819,7236,3,11,17,1.4564666344085708e-05,0.0020866738632321358,0.02734375
TinyImageNet,ResNet18BN,n01443537-n01629819,7236,3,12,16,1.2925731425639242e-05,0.0018773096380755305,0.0194091796875
TinyImageNet,ResNet18BN,n01443537-n01629819,7236,3,13,17,9.448604942008387e-06,0.0013509681448340416,0.015625
TinyImageNet,ResNet18BN,n01443537-n01629819,7236,3,14,17,6.180161108204629e-06,0.0010524975368753076,0.011962890625
TinyImageNet,ResNet18BN,n01443537-n01629819,7236,3,15,16,5.453386393128312e-06,0.0007713270315434784,0.0054931640625
TinyImageNet,ResNet18BN,n01443537-n01629819,7236,3,16,17,3.2741588711360237e-06,0.0005786792025901377,0.0057373046875
TinyImageNet,ResNet18BN,n01443537-n01629819,7236,3,17,17,2.578859948698664e-06,0.0003806643362622708,0.00341796875
TinyImageNet,ResNet18BN,n01443537-n01629819,7236,3,18,16,1.4173102158565598e-06,0.00021266074327286333,0.00262451171875
TinyImageNet,ResNet18BN,n01443537-n01629819,7236,3,19,17,1.0626952189340955e-06,0.0001623446005396545,0.0015869140625
TinyImageNet,ResNet18BN,n01443537-n01629819,7236,3,20,17,5.704072236767388e-07,9.940974996425211e-05,0.000732421875
TinyImageNet,ResNet18BN,n01443537-n01629819,7236,3,21,16,3.2694637752683775e-07,5.3934647439746186e-05,0.000732421875
TinyImageNet,ResNet18BN,n01443537-n01629819,7236,3,22,17,1.785161316547601e-07,2.57232240983285e-05,0.000244140625
TinyImageNet,ResNet18BN,n01443537-n01629819,7236,3,23,17,1.4154673522170924e-07,2.324972956557758e-05,0.000244140625
TinyImageNet,ResNet18BN,n01443537-n01629819,7236,3,24,16,4.791241181578698e-08,1.150855099979175e-16,0.0
TinyImageNet,ResNet18BN,n01443537-n01629819,7236,3,25,17,1.9067933010319393e-08,2.4010444850332442e-15,0.0
TinyImageNet,ResNet18BN,n01443537-n01629819,7236,3,26,17,5.416040504968578e-09,6.490166553396238e-16,0.0
TinyImageNet,ResNet18BN,n01443537-n01629819,7236,3,27,16,1.4063201714265006e-09,4.717750012004941e-17,0.0
TinyImageNet,ResNet18BN,n01443537-n01629819,7236,3,28,17,2.4556146005494384e-10,1.437107200302678e-18,0.0
TinyImageNet,ResNet18BN,n01443537-n01629819,7236,3,29,17,3.1934475896999714e-11,7.981923911035336e-20,0.0
TinyImageNet,ResNet18BN,n01443537-n01629819,7236,3,30,16,7.941738629571593e-13,3.3771060530632377e-20,0.0
TinyImageNet,ResNet18BN,n01443537-n01629819,7236,4,1,17,0.0003899213916156441,0.056988298892974854,0.52740478515625
TinyImageNet,ResNet18BN,n01443537-n01629819,7236,4,2,17,0.00021327933063730597,0.02760270982980728,0.263671875
TinyImageNet,ResNet18BN,n01443537-n01629819,7236,4,3,16,0.00017850137373898178,0.025944452732801437,0.3560791015625
TinyImageNet,ResNet18BN,n01443537-n01629819,7236,4,4,17,0.00010222844866802916,0.014088096097111702,0.21240234375
TinyImageNet,ResNet18BN,n01443537-n01629819,7236,4,5,17,8.297472959384322e-05,0.01261076983064413,0.175537109375
TinyImageNet,ResNet18BN,n01443537-n01629819,7236,4,6,16,6.628779374295846e-05,0.009690179023891687,0.16119384765625
TinyImageNet,ResNet18BN,n01443537-n01629819,7236,4,7,17,5.710494224331342e-05,0.00856742262840271,0.158203125
TinyImageNet,ResNet18BN,n01443537-n01629819,7236,4,8,17,5.75984304305166e-05,0.009039039723575115,0.111328125
TinyImageNet,ResNet18BN,n01443537-n01629819,7236,4,9,16,3.101076072198339e-05,0.00472688116133213,0.0440673828125
TinyImageNet,ResNet18BN,n01443537-n01629819,7236,4,10,17,2.9035476472927257e-05,0.004002275876700878,0.072265625
TinyImageNet,ResNet18BN,n01443537-n01629819,7236,4,11,17,1.953109858732205e-05,0.003239445388317108,0.04541015625
TinyImageNet,ResNet18BN,n01443537-n01629819,7236,4,12,16,1.1456028005341068e-05,0.0018273939494974911,0.0357666015625
TinyImageNet,ResNet18BN,n01443537-n01629819,7236,4,13,17,1.1010472007910721e-05,0.0019449196988716722,0.032470703125
TinyImageNet,ResNet18BN,n01443537-n01629819,7236,4,14,17,8.62188699102262e-06,0.0011935331858694553,0.014892578125
TinyImageNet,ResNet18BN,n01443537-n01629819,7236,4,15,16,6.851667649243609e-06,0.0011845543631352484,0.01708984375
TinyImageNet,ResNet18BN,n01443537-n01629819,7236,4,16,17,4.756769158120733e-06,0.0006854881648905575,0.00927734375
TinyImageNet,ResNet18BN,n01443537-n01629819,7236,4,17,17,3.520724249028717e-06,0.0006595049635507166,0.009765625
TinyImageNet,ResNet18BN,n01443537-n01629819,7236,4,18,16,2.4304417820530944e-06,0.00041580351535230875,0.00628662109375
TinyImageNet,ResNet18BN,n01443537-n01629819,7236,4,19,17,1.7572284605194e-06,0.00028439410380087793,0.00341796875
TinyImageNet,ResNet18BN,n01443537-n01629819,7236,4,20,17,9.857094482867979e-07,0.00016148798749782145,0.002197265625
TinyImageNet,ResNet18BN,n01443537-n01629819,7236,4,21,16,5.765219555087242e-07,9.648762716096826e-05,0.001220703125
TinyImageNet,ResNet18BN,n01443537-n01629819,7236,4,22,17,2.913124603765027e-07,4.510444341576658e-05,0.00048828125
TinyImageNet,ResNet18BN,n01443537-n01629819,7236,4,23,17,1.4810444781687693e-07,2.405612394795753e-05,0.000244140625
TinyImageNet,ResNet18BN,n01443537-n01629819,7236,4,24,16,4.470054015826008e-08,1.3757787061990164e-15,0.0
TinyImageNet,ResNet18BN,n01443537-n01629819,7236,4,25,17,2.409662869240492e-08,2.3077886456998283e-16,0.0
TinyImageNet,ResNet18BN,n01443537-n01629819,7236,4,26,17,9.950496426824884e-09,1.3777199998350048e-16,0.0
TinyImageNet,ResNet18BN,n01443537-n01629819,7236,4,27,16,2.958058242796824e-09,7.260795375185302e-18,0.0
TinyImageNet,ResNet18BN,n01443537-n01629819,7236,4,28,17,9.40190258980067e-10,1.919876895953686e-18,0.0
TinyImageNet,ResNet18BN,n01443537-n01629819,7236,4,29,17,2.1429004404271979e-10,2.725402954045841e-19,0.0
TinyImageNet,ResNet18BN,n01443537-n01629819,7236,4,30,16,3.269065899057233e-12,5.967533172498821e-21,0.0
TinyImageNet,ResNet18BN,n01443537-n01629819,7977,0,1,17,0.0005639555165544152,0.05404610559344292,0.8486328125
TinyImageNet,ResNet18BN,n01443537-n01629819,7977,0,2,17,0.000320279854349792,0.029424011707305908,0.464599609375
TinyImageNet,ResNet18BN,n01443537-n01629819,7977,0,3,16,0.00023031828459352255,0.023275893181562424,0.3985595703125
TinyImageNet,ResNet18BN,n01443537-n01629819,7977,0,4,17,0.00019215680367778987,0.019655631855130196,0.159423828125
TinyImageNet,ResNet18BN,n01443537-n01629819,7977,0,5,17,0.0001305716868955642,0.01271105743944645,0.1651611328125
TinyImageNet,ResNet18BN,n01443537-n01629819,7977,0,6,16,0.00010451237903907895,0.011145041789859533,0.174285888671875
TinyImageNet,ResNet18BN,n01443537-n01629819,7977,0,7,17,9.46148720686324e-05,0.009375383146107197,0.15185546875
TinyImageNet,ResNet18BN,n01443537-n01629819,7977,0,8,17,6.975349970161915e-05,0.008756551891565323,0.15283203125
TinyImageNet,ResNet18BN,n01443537-n01629819,7977,0,9,16,6.787474558223039e-05,0.006044305162504315,0.078369140625
TinyImageNet,ResNet18BN,n01443537-n01629819,7977,0,10,17,3.871732405968942e-05,0.0038797189481556416,0.05419921875
TinyImageNet,ResNet18BN,n01443537-n01629819,7977,0,11,17,2.9919474400230683e-05,0.0030247687827795744,0.0499267578125
TinyImageNet,ResNet18BN,n01443537-n01629819,7977,0,12,16,2.340379433007911e-05,0.0021443048026412725,0.041015625
TinyImageNet,ResNet18BN,n01443537-n01629819,7977,0,13,17,1.590103238413576e-05,0.0018417637329548597,0.0355224609375
TinyImageNet,ResNet18BN,n01443537-n01629819,7977,0,14,17,9.890118235489354e-06,0.0010395747376605868,0.01806640625
TinyImageNet,ResNet18BN,n01443537-n01629819,7977,0,15,16,8.313546004501404e-06,0.0008167254272848368,0.01214599609375
TinyImageNet,ResNet18BN,n01443537-n01629819,7977,0,16,17,5.979951311019249e-06,0.0005412385798990726,0.0076904296875
TinyImageNet,ResNet18BN,n01443537-n01629819,7977,0,17,17,4.473811713978648e-06,0.000464429467683658,0.005859375
TinyImageNet,ResNet18BN,n01443537-n01629819,7977,0,18,16,2.5993630288212444e-06,0.00028042578196618706,0.00433349609375
TinyImageNet,ResNet18BN,n01443537-n01629819,7977,0,19,17,1.851689489740238e-06,0.00019192488980479538,0.0030517578125
TinyImageNet,ResNet18BN,n01443537-n01629819,7977,0,20,17,1.3331698482943466e-06,0.00016576748748775572,0.002197265625
TinyImageNet,ResNet18BN,n01443537-n01629819,7977,0,21,16,6.521820523630595e-07,5.901615622860845e-05,0.000732421875
TinyImageNet,ResNet18BN,n01443537-n01629819,7977,0,22,17,4.812325187231181e-07,5.87512731726747e-05,0.0009765625
TinyImageNet,ResNet18BN,n01443537-n01629819,7977,0,23,17,2.9499270226551744e-07,3.2558429666096345e-05,0.000244140625
TinyImageNet,ResNet18BN,n01443537-n01629819,7977,0,24,16,1.5017148768947663e-07,1.5519184671575204e-05,0.000244140625
TinyImageNet,ResNet18BN,n01443537-n01629819,7977,0,25,17,4.473405468274905e-08,9.934148095065362e-15,0.0
TinyImageNet,ResNet18BN,n01443537-n01629819,7977,0,26,17,1.797967286165658e-08,4.3721752801052e-15,0.0
TinyImageNet,ResNet18BN,n01443537-n01629819,7977,0,27,16,6.661155405041086e-09,1.8074141494442766e-15,0.0
TinyImageNet,ResNet18BN,n01443537-n01629819,7977,0,28,17,2.213975003328983e-09,1.1929619440667854e-15,0.0
TinyImageNet,ResNet18BN,n01443537-n01629819,7977,0,29,17,2.514252694929553e-10,1.554653701249526e-17,0.0
TinyImageNet,ResNet18BN,n01443537-n01629819,7977,0,30,16,1.6232842327268404e-11,6.086335390161074e-18,0.0
TinyImageNet,ResNet18BN,n01443537-n01629819,7977,1,1,17,0.0007117270724847913,0.06915321946144104,0.655517578125
TinyImageNet,ResNet18BN,n01443537-n01629819,7977,1,2,17,0.0003544154460541904,0.0359862856566906,0.70654296875
TinyImageNet,ResNet18BN,n01443537-n01629819,7977,1,3,16,0.00024466534523526207,0.023981189355254173,0.4149169921875
TinyImageNet,ResNet18BN,n01443537-n01629819,7977,1,4,17,0.00015667680418118834,0.015389149077236652,0.2086181640625
TinyImageNet,ResNet18BN,n01443537-n01629819,7977,1,5,17,0.00013736978871747851,0.015119172632694244,0.33544921875
TinyImageNet,ResNet18BN,n01443537-n01629819,7977,1,6,16,0.00012019761925330386,0.011412859428673983,0.20849609375
TinyImageNet,ResNet18BN,n01443537-n01629819,7977,1,7,17,0.00010154957271879539,0.010516023263335228,0.165283203125
TinyImageNet,ResNet18BN,n01443537-n01629819,7977,1,8,17,7.997417560545728e-05,0.007882785052061081,0.13037109375
TinyImageNet,ResNet18BN,n01443537-n01629819,7977,1,9,16,6.091836257837713e-05,0.007164363749325275,0.1431884765625
TinyImageNet,ResNet18BN,n01443537-n01629819,7977,1,10,17,4.263461596565321e-05,0.005118571221828461,0.08154296875
TinyImageNet,ResNet18BN,n01443537-n01629819,7977,1,11,17,3.271958485129289e-05,0.003600530559197068,0.067626953125
TinyImageNet,ResNet18BN,n01443537-n01629819,7977,1,12,16,2.960515848826617e-05,0.003491198644042015,0.0850830078125
TinyImageNet,ResNet18BN,n01443537-n01629819,7977,1,13,17,2.2962554794503376e-05,0.0025976861361414194,0.04833984375
TinyImageNet,ResNet18BN,n01443537-n01629819,7977,1,14,17,1.8212876966572367e-05,0.0024247285909950733,0.044677734375
TinyImageNet,ResNet18BN,n01443537-n01629819,7977,1,15,16,1.2334112852840917e-05,0.0012863648007623851,0.02191162109375
TinyImageNet,ResNet18BN,n01443537-n01629819,7977,1,16,17,1.18001071314211e-05,0.001231854665093124,0.0167236328125
TinyImageNet,ResNet18BN,n01443537-n01629819,7977,1,17,17,7.725830982963089e-06,0.0010848559904843569,0.02685546875
TinyImageNet,ResNet18BN,n01443537-n01629819,7977,1,18,16,4.459026285985601e-06,0.0005257754528429359,0.007568359375
TinyImageNet,ResNet18BN,n01443537-n01629819,7977,1,19,17,3.7622498894052114e-06,0.0003709167067427188,0.0078125
TinyImageNet,ResNet18BN,n01443537-n01629819,7977,1,20,17,2.860808535842807e-06,0.0003096568107139319,0.004638671875
TinyImageNet,ResNet18BN,n01443537-n01629819,7977,1,21,16,1.5288719055206457e-06,0.00016756629338487983,0.00390625
TinyImageNet,ResNet18BN,n01443537-n01629819,7977,1,22,17,8.295077691400365e-07,8.170237560989335e-05,0.001220703125
TinyImageNet,ResNet18BN,n01443537-n01629819,7977,1,23,17,5.77642424559599e-07,7.27422084310092e-05,0.001220703125
TinyImageNet,ResNet18BN,n01443537-n01629819,7977,1,24,16,2.8120427941757953e-07,2.9946651920909062e-05,0.000244140625
TinyImageNet,ResNet18BN,n01443537-n01629819,7977,1,25,17,1.5789404983479471e-07,2.019629937421996e-05,0.000244140625
TinyImageNet,ResNet18BN,n01443537-n01629819,7977,1,26,17,4.2865497817956566e-08,1.0570565036052905e-17,0.0
TinyImageNet,ResNet18BN,n01443537-n01629819,7977,1,27,16,9.480638052394852e-09,1.036862253797819e-17,0.0
TinyImageNet,ResNet18BN,n01443537-n01629819,7977,1,28,17,2.2798214427410812e-09,4.970134149269262e-18,0.0
TinyImageNet,ResNet18BN,n01443537-n01629819,7977,1,29,17,1.9967885678262576e-10,1.4719509686849496e-19,0.0
TinyImageNet,ResNet18BN,n01443537-n01629819,7977,1,30,16,7.706664950299369e-12,4.088756797075492e-21,0.0
TinyImageNet,ResNet18BN,n01443537-n01629819,7977,2,1,17,0.0007292706286534667,0.05570567026734352,0.89794921875
TinyImageNet,ResNet18BN,n01443537-n01629819,7977,2,2,17,0.00035371611011214554,0.03211105242371559,0.685546875
TinyImageNet,ResNet18BN,n01443537-n01629819,7977,2,3,16,0.00021319773804862052,0.02138142753392458,0.4713134765625
TinyImageNet,ResNet18BN,n01443537-n01629819,7977,2,4,17,0.00016340579895768315,0.015250658616423607,0.3623046875
TinyImageNet,ResNet18BN,n01443537-n01629819,7977,2,5,17,0.0001498438068665564,0.0158246997743845,0.36328125
TinyImageNet,ResNet18BN,n01443537-n01629819,7977,2,6,16,9.385345401824452e-05,0.008863834198564291,0.1639404296875
TinyImageNet,ResNet18BN,n01443537-n01629819,7977,2,7,17,6.59149736748077e-05,0.00650707958266139,0.098388671875
TinyImageNet,ResNet18BN,n01443537-n01629819,7977,2,8,17,5.65237678529229e-05,0.005956499837338924,0.1083984375
TinyImageNet,ResNet18BN,n01443537-n01629819,7977,2,9,16,3.713159094331786e-05,0.003775007789954543,0.05889892578125
TinyImageNet,ResNet18BN,n01443537-n01629819,7977,2,10,17,3.0966846679802984e-05,0.003598996205255389,0.0546875
TinyImageNet,ResNet18BN,n01443537-n01629819,7977,2,11,17,3.691208621603437e-05,0.0034321388229727745,0.06298828125
TinyImageNet,ResNet18BN,n01443537-n01629819,7977,2,12,16,2.1268010641506407e-05,0.0024059362476691604,0.040283203125
TinyImageNet,ResNet18BN,n01443537-n01629819,7977,2,13,17,1.5881791114225052e-05,0.0015378640964627266,0.041259765625
TinyImageNet,ResNet18BN,n01443537-n01629819,7977,2,14,17,1.156513735622866e-05,0.0012930555967614055,0.025146484375
TinyImageNet,ResNet18BN,n01443537-n01629819,7977,2,15,16,8.85888857737882e-06,0.0010638159001246095,0.0238037109375
TinyImageNet,ResNet18BN,n01443537-n01629819,7977,2,16,17,6.185393431223929e-06,0.0007339487201534212,0.01611328125
TinyImageNet,ResNet18BN,n01443537-n01629819,7977,2,17,17,5.323437562765321e-06,0.0005269863759167492,0.010009765625
TinyImageNet,ResNet18BN,n01443537-n01629819,7977,2,18,16,2.9123762033123057e-06,0.00031824946927372366,0.0068359375
TinyImageNet,ResNet18BN,n01443537-n01629819,7977,2,19,17,1.7217324739249307e-06,0.00021787550940643996,0.00341796875
TinyImageNet,ResNet18BN,n01443537-n01629819,7977,2,20,17,9.10673804810358e-07,9.950309322448447e-05,0.0018310546875
TinyImageNet,ResNet18BN,n01443537-n01629819,7977,2,21,16,7.10048055907464e-07,7.503478991566226e-05,0.00146484375
TinyImageNet,ResNet18BN,n01443537-n01629819,7977,2,22,17,3.0628407898802834e-07,3.110503894276917e-05,0.00048828125
TinyImageNet,ResNet18BN,n01443537-n01629819,7977,2,23,17,1.4526014524562925e-07,1.6344740288332105e-05,0.00048828125
TinyImageNet,ResNet18BN,n01443537-n01629819,7977,2,24,16,5.432880811895302e-08,4.747882673090476e-15,0.0001220703125
TinyImageNet,ResNet18BN,n01443537-n01629819,7977,2,25,17,2.3350855471448995e-08,2.8867198362199408e-15,0.0
TinyImageNet,ResNet18BN,n01443537-n01629819,7977,2,26,17,6.4776566333080154e-09,7.741355712779211e-17,0.0
TinyImageNet,ResNet18BN,n01443537-n01629819,7977,2,27,16,3.3923845954575427e-09,5.4292626507822287e-17,0.0
TinyImageNet,ResNet18BN,n01443537-n01629819,7977,2,28,17,1.1824914381008966e-09,4.3481142636821475e-17,0.0
TinyImageNet,ResNet18BN,n01443537-n01629819,7977,2,29,17,3.070587117903756e-10,9.376463647383605e-18,0.0
TinyImageNet,ResNet18BN,n01443537-n01629819,7977,2,30,16,8.906912533912514e-12,1.9882275408272816e-19,0.0
TinyImageNet,ResNet18BN,n01443537-n01629819,7977,3,1,17,0.00041900482028722763,0.03765666112303734,0.5809326171875
TinyImageNet,ResNet18BN,n01443537-n01629819,7977,3,2,17,0.00023593845253344625,0.025663092732429504,0.37744140625
TinyImageNet,ResNet18BN,n01443537-n01629819,7977,3,3,16,0.0001146372414950747,0.013032542075961828,0.2183837890625
TinyImageNet,ResNet18BN,n01443537-n01629819,7977,3,4,17,9.208250412484631e-05,0.011048507876694202,0.216064453125
TinyImageNet,ResNet18BN,n01443537-n01629819,7977,3,5,17,7.296435796888545e-05,0.0086075309664011,0.152099609375
TinyImageNet,ResNet18BN,n01443537-n01629819,7977,3,6,16,5.26781368535012e-05,0.0059048691764473915,0.1229248046875
TinyImageNet,ResNet18BN,n01443537-n01629819,7977,3,7,17,3.617746551753953e-05,0.004718502052128315,0.093994140625
TinyImageNet,ResNet18BN,n01443537-n01629819,7977,3,8,17,2.909524118877016e-05,0.0030596365686506033,0.053955078125
TinyImageNet,ResNet18BN,n01443537-n01629819,7977,3,9,16,3.085431853833143e-05,0.0038692785892635584,0.085205078125
TinyImageNet,ResNet18BN,n01443537-n01629819,7977,3,10,17,1.9508755940478295e-05,0.002304336056113243,0.04052734375
TinyImageNet,ResNet18BN,n01443537-n01629819,7977,3,11,17,1.4564666344085708e-05,0.0017356189200654626,0.028564453125
TinyImageNet,ResNet18BN,n01443537-n01629819,7977,3,12,16,1.2925731425639242e-05,0.0014671811950393021,0.0284423828125
TinyImageNet,ResNet18BN,n01443537-n01629819,7977,3,13,17,9.448604942008387e-06,0.001038630143739283,0.0205078125
TinyImageNet,ResNet18BN,n01443537-n01629819,7977,3,14,17,6.180161108204629e-06,0.0007963951211422682,0.01513671875
TinyImageNet,ResNet18BN,n01443537-n01629819,7977,3,15,16,5.453386393128312e-06,0.0005749008560087532,0.009521484375
TinyImageNet,ResNet18BN,n01443537-n01629819,7977,3,16,17,3.2741588711360237e-06,0.000435934605775401,0.00830078125
TinyImageNet,ResNet18BN,n01443537-n01629819,7977,3,17,17,2.578859948698664e-06,0.00029552739579230547,0.006103515625
TinyImageNet,ResNet18BN,n01443537-n01629819,7977,3,18,16,1.4173102158565598e-06,0.00016306783072650433,0.003662109375
TinyImageNet,ResNet18BN,n01443537-n01629819,7977,3,19,17,1.0626952189340955e-06,0.00013205560389906168,0.00244140625
TinyImageNet,ResNet18BN,n01443537-n01629819,7977,3,20,17,5.704072236767388e-07,7.001971243880689e-05,0.00146484375
TinyImageNet,ResNet18BN,n01443537-n01629819,7977,3,21,16,3.2694637752683775e-07,4.284802525944542e-05,0.000732421875
TinyImageNet,ResNet18BN,n01443537-n01629819,7977,3,22,17,1.785161316547601e-07,1.9459761460893787e-05,0.00048828125
TinyImageNet,ResNet18BN,n01443537-n01629819,7977,3,23,17,1.4154673522170924e-07,1.857335155364126e-05,0.00048828125
TinyImageNet,ResNet18BN,n01443537-n01629819,7977,3,24,16,4.791241181578698e-08,2.879209827042625e-17,0.0
TinyImageNet,ResNet18BN,n01443537-n01629819,7977,3,25,17,1.9067933010319393e-08,8.172441881627957e-18,0.0
TinyImageNet,ResNet18BN,n01443537-n01629819,7977,3,26,17,5.416040504968578e-09,2.5075283369878958e-18,0.0
TinyImageNet,ResNet18BN,n01443537-n01629819,7977,3,27,16,1.4063201714265006e-09,1.467695977463371e-18,0.0
TinyImageNet,ResNet18BN,n01443537-n01629819,7977,3,28,17,2.4556146005494384e-10,3.737461470808282e-20,0.0
TinyImageNet,ResNet18BN,n01443537-n01629819,7977,3,29,17,3.1934475896999714e-11,1.8073520760275025e-21,0.0
TinyImageNet,ResNet18BN,n01443537-n01629819,7977,3,30,16,7.941738629571593e-13,6.560639026639256e-23,0.0
TinyImageNet,ResNet18BN,n01443537-n01629819,7977,4,1,17,0.0003899213916156441,0.037150438874959946,0.584228515625
TinyImageNet,ResNet18BN,n01443537-n01629819,7977,4,2,17,0.00021327933063730597,0.017831968143582344,0.447509765625
TinyImageNet,ResNet18BN,n01443537-n01629819,7977,4,3,16,0.00017850137373898178,0.019056390039622784,0.43310546875
TinyImageNet,ResNet18BN,n01443537-n01629819,7977,4,4,17,0.00010222844866802916,0.009316143579781055,0.243408203125
TinyImageNet,ResNet18BN,n01443537-n01629819,7977,4,5,17,8.297472959384322e-05,0.007743278052657843,0.17919921875
TinyImageNet,ResNet18BN,n01443537-n01629819,7977,4,6,16,6.628779374295846e-05,0.00668793567456305,0.166748046875
TinyImageNet,ResNet18BN,n01443537-n01629819,7977,4,7,17,5.710494224331342e-05,0.005372524261474609,0.129150390625
TinyImageNet,ResNet18BN,n01443537-n01629819,7977,4,8,17,5.75984304305166e-05,0.0068007041700184345,0.15673828125
TinyImageNet,ResNet18BN,n01443537-n01629819,7977,4,9,16,3.101076072198339e-05,0.0032488879514858127,0.0679931640625
TinyImageNet,ResNet18BN,n01443537-n01629819,7977,4,10,17,2.9035476472927257e-05,0.0027859078254550695,0.06884765625
TinyImageNet,ResNet18BN,n01443537-n01629819,7977,4,11,17,1.953109858732205e-05,0.002162538468837738,0.044677734375
TinyImageNet,ResNet18BN,n01443537-n01629819,7977,4,12,16,1.1456028005341068e-05,0.0012518497533164918,0.0316162109375
TinyImageNet,ResNet18BN,n01443537-n01629819,7977,4,13,17,1.1010472007910721e-05,0.001246561878360808,0.028076171875
TinyImageNet,ResNet18BN,n01443537-n01629819,7977,4,14,17,8.62188699102262e-06,0.0008658567094244063,0.01953125
TinyImageNet,ResNet18BN,n01443537-n01629819,7977,4,15,16,6.851667649243609e-06,0.0007689604826737195,0.017333984375
TinyImageNet,ResNet18BN,n01443537-n01629819,7977,4,16,17,4.756769158120733e-06,0.0005457409424707294,0.012939453125
TinyImageNet,ResNet18BN,n01443537-n01629819,7977,4,17,17,3.520724249028717e-06,0.0004153143963776529,0.0078125
TinyImageNet,ResNet18BN,n01443537-n01629819,7977,4,18,16,2.4304417820530944e-06,0.0002636538411024958,0.0057373046875
TinyImageNet,ResNet18BN,n01443537-n01629819,7977,4,19,17,1.7572284605194e-06,0.0001808926899684593,0.00390625
TinyImageNet,ResNet18BN,n01443537-n01629819,7977,4,20,17,9.857094482867979e-07,0.00010622176341712475,0.00244140625
TinyImageNet,ResNet18BN,n01443537-n01629819,7977,4,21,16,5.765219555087242e-07,6.375801604008302e-05,0.0010986328125
TinyImageNet,ResNet18BN,n01443537-n01629819,7977,4,22,17,2.913124603765027e-07,3.120443579973653e-05,0.00048828125
TinyImageNet,ResNet18BN,n01443537-n01629819,7977,4,23,17,1.4810444781687693e-07,1.7169712009490468e-05,0.000244140625
TinyImageNet,ResNet18BN,n01443537-n01629819,7977,4,24,16,4.470054015826008e-08,1.0419372665905442e-15,0.0
TinyImageNet,ResNet18BN,n01443537-n01629819,7977,4,25,17,2.409662869240492e-08,8.147903072448204e-17,0.0
TinyImageNet,ResNet18BN,n01443537-n01629819,7977,4,26,17,9.950496426824884e-09,6.758418314371429e-17,0.0
TinyImageNet,ResNet18BN,n01443537-n01629819,7977,4,27,16,2.958058242796824e-09,2.2906908389819695e-17,0.0
TinyImageNet,ResNet18BN,n01443537-n01629819,7977,4,28,17,9.40190258980067e-10,5.685275422598666e-19,0.0
TinyImageNet,ResNet18BN,n01443537-n01629819,7977,4,29,17,2.1429004404271979e-10,1.2905969185084974e-19,0.0
TinyImageNet,ResNet18BN,n01443537-n01629819,7977,4,30,16,3.269065899057233e-12,4.750367849718074e-21,0.0
TinyImageNet,ResNet18BN,n01443537-n01629819,8091,0,1,17,0.0005639555165544152,0.05641669034957886,0.5712890625
TinyImageNet,ResNet18BN,n01443537-n01629819,8091,0,2,17,0.000320279854349792,0.03538096696138382,0.50537109375
TinyImageNet,ResNet18BN,n01443537-n01629819,8091,0,3,16,0.00023031828459352255,0.02580479346215725,0.29840087890625
TinyImageNet,ResNet18BN,n01443537-n01629819,8091,0,4,17,0.00019215680367778987,0.020952725782990456,0.205810546875
TinyImageNet,ResNet18BN,n01443537-n01629819,8091,0,5,17,0.0001305716868955642,0.013151987455785275,0.13330078125
TinyImageNet,ResNet18BN,n01443537-n01629819,8091,0,6,16,0.00010451237903907895,0.013258290011435747,0.1629638671875
TinyImageNet,ResNet18BN,n01443537-n01629819,8091,0,7,17,9.46148720686324e-05,0.01150487456470728,0.1395263671875
TinyImageNet,ResNet18BN,n01443537-n01629819,8091,0,8,17,6.975349970161915e-05,0.01078785490244627,0.1192626953125
TinyImageNet,ResNet18BN,n01443537-n01629819,8091,0,9,16,6.787474558223039e-05,0.007456657476723194,0.0889892578125
TinyImageNet,ResNet18BN,n01443537-n01629819,8091,0,10,17,3.871732405968942e-05,0.004243889823555946,0.052001953125
TinyImageNet,ResNet18BN,n01443537-n01629819,8091,0,11,17,2.9919474400230683e-05,0.0030418247915804386,0.04833984375
TinyImageNet,ResNet18BN,n01443537-n01629819,8091,0,12,16,2.340379433007911e-05,0.002247800468467176,0.0303955078125
TinyImageNet,ResNet18BN,n01443537-n01629819,8091,0,13,17,1.590103238413576e-05,0.0018746823770925403,0.02783203125
TinyImageNet,ResNet18BN,n01443537-n01629819,8091,0,14,17,9.890118235489354e-06,0.001174160628579557,0.016357421875
TinyImageNet,ResNet18BN,n01443537-n01629819,8091,0,15,16,8.313546004501404e-06,0.0008957219833973795,0.010498046875
TinyImageNet,ResNet18BN,n01443537-n01629819,8091,0,16,17,5.979951311019249e-06,0.0006404372397810221,0.00634765625
TinyImageNet,ResNet18BN,n01443537-n01629819,8091,0,17,17,4.473811713978648e-06,0.000510531070176512,0.00634765625
TinyImageNet,ResNet18BN,n01443537-n01629819,8091,0,18,16,2.5993630288212444e-06,0.00031848580692894757,0.004669189453125
TinyImageNet,ResNet18BN,n01443537-n01629819,8091,0,19,17,1.851689489740238e-06,0.00023256559506990016,0.00341796875
TinyImageNet,ResNet18BN,n01443537-n01629819,8091,0,20,17,1.3331698482943466e-06,0.000159258910571225,0.002197265625
TinyImageNet,ResNet18BN,n01443537-n01629819,8091,0,21,16,6.521820523630595e-07,6.715546987834387e-05,0.000732421875
TinyImageNet,ResNet18BN,n01443537-n01629819,8091,0,22,17,4.812325187231181e-07,6.222829688340425e-05,0.0008544921875
TinyImageNet,ResNet18BN,n01443537-n01629819,8091,0,23,17,2.9499270226551744e-07,3.499117519822903e-05,0.000244140625
TinyImageNet,ResNet18BN,n01443537-n01629819,8091,0,24,16,1.5017148768947663e-07,1.8374431419942994e-05,0.000152587890625
TinyImageNet,ResNet18BN,n01443537-n01629819,8091,0,25,17,4.473405468274905e-08,3.841207679624453e-13,0.0
TinyImageNet,ResNet18BN,n01443537-n01629819,8091,0,26,17,1.797967286165658e-08,3.6986655871287105e-14,0.0
TinyImageNet,ResNet18BN,n01443537-n01629819,8091,0,27,16,6.661155405041086e-09,9.016528927701046e-15,0.0
TinyImageNet,ResNet18BN,n01443537-n01629819,8091,0,28,17,2.213975003328983e-09,3.8944444626890385e-15,0.0
TinyImageNet,ResNet18BN,n01443537-n01629819,8091,0,29,17,2.514252694929553e-10,3.1200665076393046e-16,0.0
TinyImageNet,ResNet18BN,n01443537-n01629819,8091,0,30,16,1.6232842327268404e-11,2.678126438752108e-17,0.0
TinyImageNet,ResNet18BN,n01443537-n01629819,8091,1,1,17,0.0007117270724847913,0.08395140618085861,0.91845703125
TinyImageNet,ResNet18BN,n01443537-n01629819,8091,1,2,17,0.0003544154460541904,0.05126897618174553,0.872314453125
TinyImageNet,ResNet18BN,n01443537-n01629819,8091,1,3,16,0.00024466534523526207,0.03217147756367922,0.4451904296875
TinyImageNet,ResNet18BN,n01443537-n01629819,8091,1,4,17,0.00015667680418118834,0.022853532806038857,0.36962890625
TinyImageNet,ResNet18BN,n01443537-n01629819,8091,1,5,17,0.00013736978871747851,0.019254060462117195,0.46728515625
TinyImageNet,ResNet18BN,n01443537-n01629819,8091,1,6,16,0.00012019761925330386,0.01543842302635312,0.22021484375
TinyImageNet,ResNet18BN,n01443537-n01629819,8091,1,7,17,0.00010154957271879539,0.015259389765560627,0.204345703125
TinyImageNet,ResNet18BN,n01443537-n01629819,8091,1,8,17,7.997417560545728e-05,0.011093639768660069,0.171630859375
TinyImageNet,ResNet18BN,n01443537-n01629819,8091,1,9,16,6.091836257837713e-05,0.008955303113907576,0.1800537109375
TinyImageNet,ResNet18BN,n01443537-n01629819,8091,1,10,17,4.263461596565321e-05,0.0071797543205320835,0.0999755859375
TinyImageNet,ResNet18BN,n01443537-n01629819,8091,1,11,17,3.271958485129289e-05,0.00448567932471633,0.076171875
TinyImageNet,ResNet18BN,n01443537-n01629819,8091,1,12,16,2.960515848826617e-05,0.004807532532140613,0.1009521484375
TinyImageNet,ResNet18BN,n01443537-n01629819,8091,1,13,17,2.2962554794503376e-05,0.0032703543547540903,0.055908203125
TinyImageNet,ResNet18BN,n01443537-n01629819,8091,1,14,17,1.8212876966572367e-05,0.002855702070519328,0.0537109375
TinyImageNet,ResNet18BN,n01443537-n01629819,8091,1,15,16,1.2334112852840917e-05,0.001922275172546506,0.027099609375
TinyImageNet,ResNet18BN,n01443537-n01629819,8091,1,16,17,1.18001071314211e-05,0.00148122594691813,0.015869140625
TinyImageNet,ResNet18BN,n01443537-n01629819,8091,1,17,17,7.725830982963089e-06,0.0013107097474858165,0.02734375
TinyImageNet,ResNet18BN,n01443537-n01629819,8091,1,18,16,4.459026285985601e-06,0.0006928112416062504,0.01202392578125
TinyImageNet,ResNet18BN,n01443537-n01629819,8091,1,19,17,3.7622498894052114e-06,0.0004995782510377467,0.013671875
TinyImageNet,ResNet18BN,n01443537-n01629819,8091,1,20,17,2.860808535842807e-06,0.00039805652340874076,0.00634765625
TinyImageNet,ResNet18BN,n01443537-n01629819,8091,1,21,16,1.5288719055206457e-06,0.00022013056877767667,0.0040283203125
TinyImageNet,ResNet18BN,n01443537-n01629819,8091,1,22,17,8.295077691400365e-07,0.00010573252802714705,0.00146484375
TinyImageNet,ResNet18BN,n01443537-n01629819,8091,1,23,17,5.77642424559599e-07,8.745169179746881e-05,0.0009765625
TinyImageNet,ResNet18BN,n01443537-n01629819,8091,1,24,16,2.8120427941757953e-07,3.645395554485731e-05,0.0003662109375
TinyImageNet,ResNet18BN,n01443537-n01629819,8091,1,25,17,1.5789404983479471e-07,2.407628926448524e-05,0.000244140625
TinyImageNet,ResNet18BN,n01443537-n01629819,8091,1,26,17,4.2865497817956566e-08,1.5510370968813657e-14,0.0
TinyImageNet,ResNet18BN,n01443537-n01629819,8091,1,27,16,9.480638052394852e-09,1.4388843548353563e-15,0.0
TinyImageNet,ResNet18BN,n01443537-n01629819,8091,1,28,17,2.2798214427410812e-09,1.699499346167441e-16,0.0
TinyImageNet,ResNet18BN,n01443537-n01629819,8091,1,29,17,1.9967885678262576e-10,5.5190346601472e-18,0.0
TinyImageNet,ResNet18BN,n01443537-n01629819,8091,1,30,16,7.706664950299369e-12,4.98972261335513e-18,0.0
TinyImageNet,ResNet18BN,n01443537-n01629819,8091,2,1,17,0.0007292706286534667,0.07495801150798798,0.857421875
TinyImageNet,ResNet18BN,n01443537-n01629819,8091,2,2,17,0.00035371611011214554,0.04057345166802406,0.597412109375
TinyImageNet,ResNet18BN,n01443537-n01629819,8091,2,3,16,0.00021319773804862052,0.02569336537271738,0.45458984375
TinyImageNet,ResNet18BN,n01443537-n01629819,8091,2,4,17,0.00016340579895768315,0.019610963761806488,0.275634765625
TinyImageNet,ResNet18BN,n01443537-n01629819,8091,2,5,17,0.0001498438068665564,0.020550435408949852,0.309814453125
TinyImageNet,ResNet18BN,n01443537-n01629819,8091,2,6,16,9.385345401824452e-05,0.009531946387141943,0.117919921875
TinyImageNet,ResNet18BN,n01443537-n01629819,8091,2,7,17,6.59149736748077e-05,0.007539690006524324,0.1015625
TinyImageNet,ResNet18BN,n01443537-n01629819,8091,2,8,17,5.65237678529229e-05,0.006724280770868063,0.08349609375
TinyImageNet,ResNet18BN,n01443537-n01629819,8091,2,9,16,3.713159094331786e-05,0.0042125864420086145,0.054443359375
TinyImageNet,ResNet18BN,n01443537-n01629819,8091,2,10,17,3.0966846679802984e-05,0.004151214379817247,0.0482177734375
TinyImageNet,ResNet18BN,n01443537-n01629819,8091,2,11,17,3.691208621603437e-05,0.004214848857372999,0.05908203125
TinyImageNet,ResNet18BN,n01443537-n01629819,8091,2,12,16,2.1268010641506407e-05,0.0028094922890886664,0.03662109375
TinyImageNet,ResNet18BN,n01443537-n01629819,8091,2,13,17,1.5881791114225052e-05,0.0017451542662456632,0.031982421875
TinyImageNet,ResNet18BN,n01443537-n01629819,8091,2,14,17,1.156513735622866e-05,0.0014102780260145664,0.02001953125
TinyImageNet,ResNet18BN,n01443537-n01629819,8091,2,15,16,8.85888857737882e-06,0.0012384766596369445,0.021240234375
TinyImageNet,ResNet18BN,n01443537-n01629819,8091,2,16,17,6.185393431223929e-06,0.0008144411840476096,0.01171875
TinyImageNet,ResNet18BN,n01443537-n01629819,8091,2,17,17,5.323437562765321e-06,0.0006145699881017208,0.009033203125
TinyImageNet,ResNet18BN,n01443537-n01629819,8091,2,18,16,2.9123762033123057e-06,0.0004227715835440904,0.00537109375
TinyImageNet,ResNet18BN,n01443537-n01629819,8091,2,19,17,1.7217324739249307e-06,0.00025656347861513495,0.0029296875
TinyImageNet,ResNet18BN,n01443537-n01629819,8091,2,20,17,9.10673804810358e-07,0.00011882088438142091,0.001953125
TinyImageNet,ResNet18BN,n01443537-n01629819,8091,2,21,16,7.10048055907464e-07,9.236776168108918e-05,0.001220703125
TinyImageNet,ResNet18BN,n01443537-n01629819,8091,2,22,17,3.0628407898802834e-07,3.6753826861968264e-05,0.00048828125
TinyImageNet,ResNet18BN,n01443537-n01629819,8091,2,23,17,1.4526014524562925e-07,1.9147550119669177e-05,0.000244140625
TinyImageNet,ResNet18BN,n01443537-n01629819,8091,2,24,16,5.432880811895302e-08,1.100686382315974e-10,0.00018310546875
TinyImageNet,ResNet18BN,n01443537-n01629819,8091,2,25,17,2.3350855471448995e-08,9.33900445041283e-14,0.0
TinyImageNet,ResNet18BN,n01443537-n01629819,8091,2,26,17,6.4776566333080154e-09,3.7677489166804135e-14,0.0
TinyImageNet,ResNet18BN,n01443537-n01629819,8091,2,27,16,3.3923845954575427e-09,3.601429635267353e-14,0.0
TinyImageNet,ResNet18BN,n01443537-n01629819,8091,2,28,17,1.1824914381008966e-09,9.355744870769185e-15,0.0
TinyImageNet,ResNet18BN,n01443537-n01629819,8091,2,29,17,3.070587117903756e-10,4.4572029884494286e-15,0.0
TinyImageNet,ResNet18BN,n01443537-n01629819,8091,2,30,16,8.906912533912514e-12,4.826318129147016e-17,0.0
TinyImageNet,ResNet18BN,n01443537-n01629819,8091,3,1,17,0.00041900482028722763,0.04277829825878143,0.4501953125
TinyImageNet,ResNet18BN,n01443537-n01629819,8091,3,2,17,0.00023593845253344625,0.02826446108520031,0.531494140625
TinyImageNet,ResNet18BN,n01443537-n01629819,8091,3,3,16,0.0001146372414950747,0.013102561235427856,0.2418212890625
TinyImageNet,ResNet18BN,n01443537-n01629819,8091,3,4,17,9.208250412484631e-05,0.010699239559471607,0.183837890625
TinyImageNet,ResNet18BN,n01443537-n01629819,8091,3,5,17,7.296435796888545e-05,0.008160118944942951,0.12353515625
TinyImageNet,ResNet18BN,n01443537-n01629819,8091,3,6,16,5.26781368535012e-05,0.006102593615651131,0.1258544921875
TinyImageNet,ResNet18BN,n01443537-n01629819,8091,3,7,17,3.617746551753953e-05,0.004819984082132578,0.0897216796875
TinyImageNet,ResNet18BN,n01443537-n01629819,8091,3,8,17,2.909524118877016e-05,0.0031058858148753643,0.0552978515625
TinyImageNet,ResNet18BN,n01443537-n01629819,8091,3,9,16,3.085431853833143e-05,0.004115925403311849,0.0865478515625
TinyImageNet,ResNet18BN,n01443537-n01629819,8091,3,10,17,1.9508755940478295e-05,0.0022876167204231024,0.0361328125
TinyImageNet,ResNet18BN,n01443537-n01629819,8091,3,11,17,1.4564666344085708e-05,0.001875461544841528,0.02392578125
TinyImageNet,ResNet18BN,n01443537-n01629819,8091,3,12,16,1.2925731425639242e-05,0.0016453209682367742,0.027587890625
TinyImageNet,ResNet18BN,n01443537-n01629819,8091,3,13,17,9.448604942008387e-06,0.0011976825771853328,0.0166015625
TinyImageNet,ResNet18BN,n01443537-n01629819,8091,3,14,17,6.180161108204629e-06,0.0008527179597876966,0.015625
TinyImageNet,ResNet18BN,n01443537-n01629819,8091,3,15,16,5.453386393128312e-06,0.0006680239748675376,0.01025390625
TinyImageNet,ResNet18BN,n01443537-n01629819,8091,3,16,17,3.2741588711360237e-06,0.00044809028622694314,0.0087890625
TinyImageNet,ResNet18BN,n01443537-n01629819,8091,3,17,17,2.578859948698664e-06,0.00029526499565690756,0.0068359375
TinyImageNet,ResNet18BN,n01443537-n01629819,8091,3,18,16,1.4173102158565598e-06,0.00016422713815700263,0.003662109375
TinyImageNet,ResNet18BN,n01443537-n01629819,8091,3,19,17,1.0626952189340955e-06,0.0001392645644955337,0.00244140625
TinyImageNet,ResNet18BN,n01443537-n01629819,8091,3,20,17,5.704072236767388e-07,7.368528167717159e-05,0.001220703125
TinyImageNet,ResNet18BN,n01443537-n01629819,8091,3,21,16,3.2694637752683775e-07,4.22317079937784e-05,0.000732421875
TinyImageNet,ResNet18BN,n01443537-n01629819,8091,3,22,17,1.785161316547601e-07,2.0054001652169973e-05,0.00048828125
TinyImageNet,ResNet18BN,n01443537-n01629819,8091,3,23,17,1.4154673522170924e-07,1.9298415281809866e-05,0.000244140625
TinyImageNet,ResNet18BN,n01443537-n01629819,8091,3,24,16,4.791241181578698e-08,6.870452053582305e-16,0.0
TinyImageNet,ResNet18BN,n01443537-n01629819,8091,3,25,17,1.9067933010319393e-08,3.715925598670735e-17,0.0
TinyImageNet,ResNet18BN,n01443537-n01629819,8091,3,26,17,5.416040504968578e-09,1.9482228948925818e-16,0.0
TinyImageNet,ResNet18BN,n01443537-n01629819,8091,3,27,16,1.4063201714265006e-09,5.025268839023218e-18,0.0
TinyImageNet,ResNet18BN,n01443537-n01629819,8091,3,28,17,2.4556146005494384e-10,1.6859765644261996e-17,0.0
TinyImageNet,ResNet18BN,n01443537-n01629819,8091,3,29,17,3.1934475896999714e-11,7.115823804426835e-20,0.0
TinyImageNet,ResNet18BN,n01443537-n01629819,8091,3,30,16,7.941738629571593e-13,2.845003201474197e-21,0.0
TinyImageNet,ResNet18BN,n01443537-n01629819,8091,4,1,17,0.0003899213916156441,0.048135820776224136,0.396484375
TinyImageNet,ResNet18BN,n01443537-n01629819,8091,4,2,17,0.00021327933063730597,0.024173447862267494,0.23876953125
TinyImageNet,ResNet18BN,n01443537-n01629819,8091,4,3,16,0.00017850137373898178,0.020026765763759613,0.33184814453125
TinyImageNet,ResNet18BN,n01443537-n01629819,8091,4,4,17,0.00010222844866802916,0.011518056504428387,0.2109375
TinyImageNet,ResNet18BN,n01443537-n01629819,8091,4,5,17,8.297472959384322e-05,0.010201962664723396,0.11962890625
TinyImageNet,ResNet18BN,n01443537-n01629819,8091,4,6,16,6.628779374295846e-05,0.00840258365496993,0.1632080078125
TinyImageNet,ResNet18BN,n01443537-n01629819,8091,4,7,17,5.710494224331342e-05,0.007056675385683775,0.107421875
TinyImageNet,ResNet18BN,n01443537-n01629819,8091,4,8,17,5.75984304305166e-05,0.007636134047061205,0.143310546875
TinyImageNet,ResNet18BN,n01443537-n01629819,8091,4,9,16,3.101076072198339e-05,0.0040161150973290205,0.050506591796875
TinyImageNet,ResNet18BN,n01443537-n01629819,8091,4,10,17,2.9035476472927257e-05,0.0034608677960932255,0.06884765625
TinyImageNet,ResNet18BN,n01443537-n01629819,8091,4,11,17,1.953109858732205e-05,0.002514618681743741,0.029296875
TinyImageNet,ResNet18BN,n01443537-n01629819,8091,4,12,16,1.1456028005341068e-05,0.0016067949472926557,0.0369873046875
TinyImageNet,ResNet18BN,n01443537-n01629819,8091,4,13,17,1.1010472007910721e-05,0.0017489553429186344,0.02734375
TinyImageNet,ResNet18BN,n01443537-n01629819,8091,4,14,17,8.62188699102262e-06,0.0010943821398541331,0.01885986328125
TinyImageNet,ResNet18BN,n01443537-n01629819,8091,4,15,16,6.851667649243609e-06,0.0009558318124618381,0.01287841796875
TinyImageNet,ResNet18BN,n01443537-n01629819,8091,4,16,17,4.756769158120733e-06,0.0006710044108331203,0.00927734375
TinyImageNet,ResNet18BN,n01443537-n01629819,8091,4,17,17,3.520724249028717e-06,0.0005125698517076671,0.00537109375
TinyImageNet,ResNet18BN,n01443537-n01629819,8091,4,18,16,2.4304417820530944e-06,0.0003032750391867012,0.00537109375
TinyImageNet,ResNet18BN,n01443537-n01629819,8091,4,19,17,1.7572284605194e-06,0.00023644111934117973,0.003173828125
TinyImageNet,ResNet18BN,n01443537-n01629819,8091,4,20,17,9.857094482867979e-07,0.00012266766862012446,0.002197265625
TinyImageNet,ResNet18BN,n01443537-n01629819,8091,4,21,16,5.765219555087242e-07,7.850692418287508e-05,0.0009765625
TinyImageNet,ResNet18BN,n01443537-n01629819,8091,4,22,17,2.913124603765027e-07,3.992394340457395e-05,0.00048828125
TinyImageNet,ResNet18BN,n01443537-n01629819,8091,4,23,17,1.4810444781687693e-07,2.342624793527648e-05,0.00030517578125
TinyImageNet,ResNet18BN,n01443537-n01629819,8091,4,24,16,4.470054015826008e-08,1.1768874821893854e-14,0.0
TinyImageNet,ResNet18BN,n01443537-n01629819,8091,4,25,17,2.409662869240492e-08,2.2157546778626063e-16,0.0
TinyImageNet,ResNet18BN,n01443537-n01629819,8091,4,26,17,9.950496426824884e-09,6.061667937852456e-16,0.0
TinyImageNet,ResNet18BN,n01443537-n01629819,8091,4,27,16,2.958058242796824e-09,1.190672104644808e-16,0.0
TinyImageNet,ResNet18BN,n01443537-n01629819,8091,4,28,17,9.40190258980067e-10,7.216552172556831e-19,0.0
TinyImageNet,ResNet18BN,n01443537-n01629819,8091,4,29,17,2.1429004404271979e-10,8.499169124599665e-19,0.0
TinyImageNet,ResNet18BN,n01443537-n01629819,8091,4,30,16,3.269065899057233e-12,2.1049589376754024e-20,0.0
TinyImageNet,ResNet18BN,n01443537-n01629819,8433,0,1,17,0.0005639555165544152,0.05199132859706879,0.7568206787109375
TinyImageNet,ResNet18BN,n01443537-n01629819,8433,0,2,17,0.000320279854349792,0.02974351868033409,0.69384765625
TinyImageNet,ResNet18BN,n01443537-n01629819,8433,0,3,16,0.00023031828459352255,0.02242945972830057,0.4674072265625
TinyImageNet,ResNet18BN,n01443537-n01629819,8433,0,4,17,0.00019215680367778987,0.018437247723340988,0.216796875
TinyImageNet,ResNet18BN,n01443537-n01629819,8433,0,5,17,0.0001305716868955642,0.013202720321714878,0.18505859375
TinyImageNet,ResNet18BN,n01443537-n01629819,8433,0,6,16,0.00010451237903907895,0.011369043495506048,0.201904296875
TinyImageNet,ResNet18BN,n01443537-n01629819,8433,0,7,17,9.46148720686324e-05,0.009820523671805859,0.14453125
TinyImageNet,ResNet18BN,n01443537-n01629819,8433,0,8,17,6.975349970161915e-05,0.00908450037240982,0.16162109375
TinyImageNet,ResNet18BN,n01443537-n01629819,8433,0,9,16,6.787474558223039e-05,0.006554261781275272,0.0965576171875
TinyImageNet,ResNet18BN,n01443537-n01629819,8433,0,10,17,3.871732405968942e-05,0.003991587087512016,0.062255859375
TinyImageNet,ResNet18BN,n01443537-n01629819,8433,0,11,17,2.9919474400230683e-05,0.002928841393440962,0.069091796875
TinyImageNet,ResNet18BN,n01443537-n01629819,8433,0,12,16,2.340379433007911e-05,0.0021365355933085084,0.0528564453125
TinyImageNet,ResNet18BN,n01443537-n01629819,8433,0,13,17,1.590103238413576e-05,0.0018647833494469523,0.042236328125
TinyImageNet,ResNet18BN,n01443537-n01629819,8433,0,14,17,9.890118235489354e-06,0.0010954823810607195,0.020751953125
TinyImageNet,ResNet18BN,n01443537-n01629819,8433,0,15,16,8.313546004501404e-06,0.0007938097114674747,0.015869140625
TinyImageNet,ResNet18BN,n01443537-n01629819,8433,0,16,17,5.979951311019249e-06,0.0005576750263571739,0.01171875
TinyImageNet,ResNet18BN,n01443537-n01629819,8433,0,17,17,4.473811713978648e-06,0.0004650957998819649,0.007568359375
TinyImageNet,ResNet18BN,n01443537-n01629819,8433,0,18,16,2.5993630288212444e-06,0.00027687233523465693,0.0057373046875
TinyImageNet,ResNet18BN,n01443537-n01629819,8433,0,19,17,1.851689489740238e-06,0.00020127344760112464,0.00341796875
TinyImageNet,ResNet18BN,n01443537-n01629819,8433,0,20,17,1.3331698482943466e-06,0.0001605860161362216,0.002685546875
TinyImageNet,ResNet18BN,n01443537-n01629819,8433,0,21,16,6.521820523630595e-07,6.029826727171894e-05,0.0008544921875
TinyImageNet,ResNet18BN,n01443537-n01629819,8433,0,22,17,4.812325187231181e-07,5.925613368162885e-05,0.001220703125
TinyImageNet,ResNet18BN,n01443537-n01629819,8433,0,23,17,2.9499270226551744e-07,3.233059760532342e-05,0.00048828125
TinyImageNet,ResNet18BN,n01443537-n01629819,8433,0,24,16,1.5017148768947663e-07,1.541611345601268e-05,0.000244140625
TinyImageNet,ResNet18BN,n01443537-n01629819,8433,0,25,17,4.473405468274905e-08,2.758893374171789e-13,0.0
TinyImageNet,ResNet18BN,n01443537-n01629819,8433,0,26,17,1.797967286165658e-08,7.942186811644644e-14,0.0
TinyImageNet,ResNet18BN,n01443537-n01629819,8433,0,27,16,6.661155405041086e-09,1.7058300810031315e-14,0.0
TinyImageNet,ResNet18BN,n01443537-n01629819,8433,0,28,17,2.213975003328983e-09,1.8025128779982844e-14,0.0
TinyImageNet,ResNet18BN,n01443537-n01629819,8433,0,29,17,2.514252694929553e-10,4.2672638439010915e-16,0.0
TinyImageNet,ResNet18BN,n01443537-n01629819,8433,0,30,16,1.6232842327268404e-11,6.58637401138326e-17,0.0
TinyImageNet,ResNet18BN,n01443537-n01629819,8433,1,1,17,0.0007117270724847913,0.07264482229948044,1.048583984375
TinyImageNet,ResNet18BN,n01443537-n01629819,8433,1,2,17,0.0003544154460541904,0.032930124551057816,0.89404296875
TinyImageNet,ResNet18BN,n01443537-n01629819,8433,1,3,16,0.00024466534523526207,0.02552216686308384,0.502197265625
TinyImageNet,ResNet18BN,n01443537-n01629819,8433,1,4,17,0.00015667680418118834,0.01581401564180851,0.293212890625
TinyImageNet,ResNet18BN,n01443537-n01629819,8433,1,5,17,0.00013736978871747851,0.015714379027485847,0.4091796875
TinyImageNet,ResNet18BN,n01443537-n01629819,8433,1,6,16,0.00012019761925330386,0.011409274768084288,0.2603759765625
TinyImageNet,ResNet18BN,n01443537-n01629819,8433,1,7,17,0.00010154957271879539,0.009328780695796013,0.166748046875
TinyImageNet,ResNet18BN,n01443537-n01629819,8433,1,8,17,7.997417560545728e-05,0.008693782612681389,0.146728515625
TinyImageNet,ResNet18BN,n01443537-n01629819,8433,1,9,16,6.091836257837713e-05,0.0070714084431529045,0.155517578125
TinyImageNet,ResNet18BN,n01443537-n01629819,8433,1,10,17,4.263461596565321e-05,0.005409182049334049,0.108642578125
TinyImageNet,ResNet18BN,n01443537-n01629819,8433,1,11,17,3.271958485129289e-05,0.003975218161940575,0.0908203125
TinyImageNet,ResNet18BN,n01443537-n01629819,8433,1,12,16,2.960515848826617e-05,0.003583663608878851,0.0963134765625
TinyImageNet,ResNet18BN,n01443537-n01629819,8433,1,13,17,2.2962554794503376e-05,0.002687256783246994,0.063720703125
TinyImageNet,ResNet18BN,n01443537-n01629819,8433,1,14,17,1.8212876966572367e-05,0.0024019465781748295,0.051513671875
TinyImageNet,ResNet18BN,n01443537-n01629819,8433,1,15,16,1.2334112852840917e-05,0.0012646561954170465,0.0330810546875
TinyImageNet,ResNet18BN,n01443537-n01629819,8433,1,16,17,1.18001071314211e-05,0.001204410451464355,0.0234375
TinyImageNet,ResNet18BN,n01443537-n01629819,8433,1,17,17,7.725830982963089e-06,0.0009825300658121705,0.02490234375
TinyImageNet,ResNet18BN,n01443537-n01629819,8433,1,18,16,4.459026285985601e-06,0.0005439815577119589,0.009765625
TinyImageNet,ResNet18BN,n01443537-n01629819,8433,1,19,17,3.7622498894052114e-06,0.00039462363929487765,0.00927734375
TinyImageNet,ResNet18BN,n01443537-n01629819,8433,1,20,17,2.860808535842807e-06,0.00032019231002777815,0.006591796875
TinyImageNet,ResNet18BN,n01443537-n01629819,8433,1,21,16,1.5288719055206457e-06,0.00017287806258536875,0.0042724609375
TinyImageNet,ResNet18BN,n01443537-n01629819,8433,1,22,17,8.295077691400365e-07,8.605940092820674e-05,0.001708984375
TinyImageNet,ResNet18BN,n01443537-n01629819,8433,1,23,17,5.77642424559599e-07,7.260397251229733e-05,0.001220703125
TinyImageNet,ResNet18BN,n01443537-n01629819,8433,1,24,16,2.8120427941757953e-07,3.0112605600152165e-05,0.000244140625
TinyImageNet,ResNet18BN,n01443537-n01629819,8433,1,25,17,1.5789404983479471e-07,1.996822902583517e-05,0.00048828125
TinyImageNet,ResNet18BN,n01443537-n01629819,8433,1,26,17,4.2865497817956566e-08,1.6775697497806163e-10,0.0
TinyImageNet,ResNet18BN,n01443537-n01629819,8433,1,27,16,9.480638052394852e-09,3.373699025222346e-13,0.0
TinyImageNet,ResNet18BN,n01443537-n01629819,8433,1,28,17,2.2798214427410812e-09,7.488805989176381e-14,0.0
TinyImageNet,ResNet18BN,n01443537-n01629819,8433,1,29,17,1.9967885678262576e-10,1.1709385580425816e-15,0.0
TinyImageNet,ResNet18BN,n01443537-n01629819,8433,1,30,16,7.706664950299369e-12,1.2878902036324407e-16,0.0
TinyImageNet,ResNet18BN,n01443537-n01629819,8433,2,1,17,0.0007292706286534667,0.06462635844945908,1.11669921875
TinyImageNet,ResNet18BN,n01443537-n01629819,8433,2,2,17,0.00035371611011214554,0.03443586081266403,0.698486328125
TinyImageNet,ResNet18BN,n01443537-n01629819,8433,2,3,16,0.00021319773804862052,0.022828037850558758,0.4735107421875
TinyImageNet,ResNet18BN,n01443537-n01629819,8433,2,4,17,0.00016340579895768315,0.01722099259495735,0.408447265625
TinyImageNet,ResNet18BN,n01443537-n01629819,8433,2,5,17,0.0001498438068665564,0.01646493189036846,0.314453125
TinyImageNet,ResNet18BN,n01443537-n01629819,8433,2,6,16,9.385345401824452e-05,0.009407540783286095,0.1893310546875
TinyImageNet,ResNet18BN,n01443537-n01629819,8433,2,7,17,6.59149736748077e-05,0.006842109374701977,0.11669921875
TinyImageNet,ResNet18BN,n01443537-n01629819,8433,2,8,17,5.65237678529229e-05,0.0059744915924966335,0.095703125
TinyImageNet,ResNet18BN,n01443537-n01629819,8433,2,9,16,3.713159094331786e-05,0.003939129412174225,0.061279296875
TinyImageNet,ResNet18BN,n01443537-n01629819,8433,2,10,17,3.0966846679802984e-05,0.003766292007640004,0.05810546875
TinyImageNet,ResNet18BN,n01443537-n01629819,8433,2,11,17,3.691208621603437e-05,0.0037205081898719072,0.054931640625
TinyImageNet,ResNet18BN,n01443537-n01629819,8433,2,12,16,2.1268010641506407e-05,0.0024264996172860265,0.0347900390625
TinyImageNet,ResNet18BN,n01443537-n01629819,8433,2,13,17,1.5881791114225052e-05,0.0016231880290433764,0.036376953125
TinyImageNet,ResNet18BN,n01443537-n01629819,8433,2,14,17,1.156513735622866e-05,0.0012900467263534665,0.0250244140625
TinyImageNet,ResNet18BN,n01443537-n01629819,8433,2,15,16,8.85888857737882e-06,0.001104999682866037,0.0245361328125
TinyImageNet,ResNet18BN,n01443537-n01629819,8433,2,16,17,6.185393431223929e-06,0.0007578889490105212,0.017333984375
TinyImageNet,ResNet18BN,n01443537-n01629819,8433,2,17,17,5.323437562765321e-06,0.000544396520126611,0.01025390625
TinyImageNet,ResNet18BN,n01443537-n01629819,8433,2,18,16,2.9123762033123057e-06,0.00033782125683501363,0.007568359375
TinyImageNet,ResNet18BN,n01443537-n01629819,8433,2,19,17,1.7217324739249307e-06,0.0002235544379800558,0.003662109375
TinyImageNet,ResNet18BN,n01443537-n01629819,8433,2,20,17,9.10673804810358e-07,0.00010147325519938022,0.001953125
TinyImageNet,ResNet18BN,n01443537-n01629819,8433,2,21,16,7.10048055907464e-07,8.100655395537615e-05,0.0013427734375
TinyImageNet,ResNet18BN,n01443537-n01629819,8433,2,22,17,3.0628407898802834e-07,3.273348556831479e-05,0.0006103515625
TinyImageNet,ResNet18BN,n01443537-n01629819,8433,2,23,17,1.4526014524562925e-07,1.688975316938013e-05,0.000244140625
TinyImageNet,ResNet18BN,n01443537-n01629819,8433,2,24,16,5.432880811895302e-08,2.2491634138368903e-13,0.0001220703125
TinyImageNet,ResNet18BN,n01443537-n01629819,8433,2,25,17,2.3350855471448995e-08,8.09162578521011e-14,0.0
TinyImageNet,ResNet18BN,n01443537-n01629819,8433,2,26,17,6.4776566333080154e-09,2.414547037245425e-15,0.0
TinyImageNet,ResNet18BN,n01443537-n01629819,8433,2,27,16,3.3923845954575427e-09,2.4487707682045246e-15,0.0
TinyImageNet,ResNet18BN,n01443537-n01629819,8433,2,28,17,1.1824914381008966e-09,3.4488121705673154e-15,0.0
TinyImageNet,ResNet18BN,n01443537-n01629819,8433,2,29,17,3.070587117903756e-10,4.123512294235788e-16,0.0
TinyImageNet,ResNet18BN,n01443537-n01629819,8433,2,30,16,8.906912533912514e-12,9.066858319308709e-18,0.0
TinyImageNet,ResNet18BN,n01443537-n01629819,8433,3,1,17,0.00041900482028722763,0.03690920025110245,0.5159912109375
TinyImageNet,ResNet18BN,n01443537-n01629819,8433,3,2,17,0.00023593845253344625,0.026579564437270164,0.46337890625
TinyImageNet,ResNet18BN,n01443537-n01629819,8433,3,3,16,0.0001146372414950747,0.01226430432870984,0.18359375
TinyImageNet,ResNet18BN,n01443537-n01629819,8433,3,4,17,9.208250412484631e-05,0.010962985455989838,0.1962890625
TinyImageNet,ResNet18BN,n01443537-n01629819,8433,3,5,17,7.296435796888545e-05,0.00934900064021349,0.110107421875
TinyImageNet,ResNet18BN,n01443537-n01629819,8433,3,6,16,5.26781368535012e-05,0.006021534325554967,0.1092529296875
TinyImageNet,ResNet18BN,n01443537-n01629819,8433,3,7,17,3.617746551753953e-05,0.004731183871626854,0.08935546875
TinyImageNet,ResNet18BN,n01443537-n01629819,8433,3,8,17,2.909524118877016e-05,0.0032609777990728617,0.04541015625
TinyImageNet,ResNet18BN,n01443537-n01629819,8433,3,9,16,3.085431853833143e-05,0.0039280615746974945,0.082763671875
TinyImageNet,ResNet18BN,n01443537-n01629819,8433,3,10,17,1.9508755940478295e-05,0.0022457444574683905,0.031982421875
TinyImageNet,ResNet18BN,n01443537-n01629819,8433,3,11,17,1.4564666344085708e-05,0.0017363629303872585,0.022216796875
TinyImageNet,ResNet18BN,n01443537-n01629819,8433,3,12,16,1.2925731425639242e-05,0.0014652745448984206,0.02081298828125
TinyImageNet,ResNet18BN,n01443537-n01629819,8433,3,13,17,9.448604942008387e-06,0.00106067955493927,0.019287109375
TinyImageNet,ResNet18BN,n01443537-n01629819,8433,3,14,17,6.180161108204629e-06,0.0007612099871039391,0.01123046875
TinyImageNet,ResNet18BN,n01443537-n01629819,8433,3,15,16,5.453386393128312e-06,0.0005478897364810109,0.007568359375
TinyImageNet,ResNet18BN,n01443537-n01629819,8433,3,16,17,3.2741588711360237e-06,0.0004458846233319491,0.00732421875
TinyImageNet,ResNet18BN,n01443537-n01629819,8433,3,17,17,2.578859948698664e-06,0.0002970749919768423,0.005126953125
TinyImageNet,ResNet18BN,n01443537-n01629819,8433,3,18,16,1.4173102158565598e-06,0.0001591460095369257,0.00299072265625
TinyImageNet,ResNet18BN,n01443537-n01629819,8433,3,19,17,1.0626952189340955e-06,0.00012809217150788754,0.001953125
TinyImageNet,ResNet18BN,n01443537-n01629819,8433,3,20,17,5.704072236767388e-07,6.97437790222466e-05,0.001220703125
TinyImageNet,ResNet18BN,n01443537-n01629819,8433,3,21,16,3.2694637752683775e-07,4.286743205739185e-05,0.000732421875
TinyImageNet,ResNet18BN,n01443537-n01629819,8433,3,22,17,1.785161316547601e-07,2.0382933143991977e-05,0.000244140625
TinyImageNet,ResNet18BN,n01443537-n01629819,8433,3,23,17,1.4154673522170924e-07,1.801524376787711e-05,0.000244140625
TinyImageNet,ResNet18BN,n01443537-n01629819,8433,3,24,16,4.791241181578698e-08,9.919989304077296e-16,0.0
TinyImageNet,ResNet18BN,n01443537-n01629819,8433,3,25,17,1.9067933010319393e-08,5.507436810409431e-16,0.0
TinyImageNet,ResNet18BN,n01443537-n01629819,8433,3,26,17,5.416040504968578e-09,1.134127088490061e-16,0.0
TinyImageNet,ResNet18BN,n01443537-n01629819,8433,3,27,16,1.4063201714265006e-09,1.210241502217557e-16,0.0
TinyImageNet,ResNet18BN,n01443537-n01629819,8433,3,28,17,2.4556146005494384e-10,3.696202965889511e-17,0.0
TinyImageNet,ResNet18BN,n01443537-n01629819,8433,3,29,17,3.1934475896999714e-11,9.714867940568783e-20,0.0
TinyImageNet,ResNet18BN,n01443537-n01629819,8433,3,30,16,7.941738629571593e-13,2.1368367538439307e-20,0.0
TinyImageNet,ResNet18BN,n01443537-n01629819,8433,4,1,17,0.0003899213916156441,0.0408908911049366,0.596923828125
TinyImageNet,ResNet18BN,n01443537-n01629819,8433,4,2,17,0.00021327933063730597,0.020526638254523277,0.546630859375
TinyImageNet,ResNet18BN,n01443537-n01629819,8433,4,3,16,0.00017850137373898178,0.02020284254103899,0.4136962890625
TinyImageNet,ResNet18BN,n01443537-n01629819,8433,4,4,17,0.00010222844866802916,0.010821934789419174,0.27001953125
TinyImageNet,ResNet18BN,n01443537-n01629819,8433,4,5,17,8.297472959384322e-05,0.009202362038195133,0.197998046875
TinyImageNet,ResNet18BN,n01443537-n01629819,8433,4,6,16,6.628779374295846e-05,0.007399001391604543,0.1861572265625
TinyImageNet,ResNet18BN,n01443537-n01629819,8433,4,7,17,5.710494224331342e-05,0.006046035327017307,0.1474609375
TinyImageNet,ResNet18BN,n01443537-n01629819,8433,4,8,17,5.75984304305166e-05,0.007017145864665508,0.186767578125
TinyImageNet,ResNet18BN,n01443537-n01629819,8433,4,9,16,3.101076072198339e-05,0.003645429853349924,0.082275390625
TinyImageNet,ResNet18BN,n01443537-n01629819,8433,4,10,17,2.9035476472927257e-05,0.003229323076084256,0.09033203125
TinyImageNet,ResNet18BN,n01443537-n01629819,8433,4,11,17,1.953109858732205e-05,0.002328773494809866,0.064697265625
TinyImageNet,ResNet18BN,n01443537-n01629819,8433,4,12,16,1.1456028005341068e-05,0.0013003795174881816,0.04248046875
TinyImageNet,ResNet18BN,n01443537-n01629819,8433,4,13,17,1.1010472007910721e-05,0.0014225374907255173,0.037109375
TinyImageNet,ResNet18BN,n01443537-n01629819,8433,4,14,17,8.62188699102262e-06,0.0009803490247577429,0.022216796875
TinyImageNet,ResNet18BN,n01443537-n01629819,8433,4,15,16,6.851667649243609e-06,0.0008823449607007205,0.01708984375
TinyImageNet,ResNet18BN,n01443537-n01629819,8433,4,16,17,4.756769158120733e-06,0.0005649661761708558,0.015625
TinyImageNet,ResNet18BN,n01443537-n01629819,8433,4,17,17,3.520724249028717e-06,0.00043816084507852793,0.008056640625
TinyImageNet,ResNet18BN,n01443537-n01629819,8433,4,18,16,2.4304417820530944e-06,0.0002987969055538997,0.0067138671875
TinyImageNet,ResNet18BN,n01443537-n01629819,8433,4,19,17,1.7572284605194e-06,0.00020252000831533223,0.00439453125
TinyImageNet,ResNet18BN,n01443537-n01629819,8433,4,20,17,9.857094482867979e-07,0.00012081756722182035,0.0029296875
TinyImageNet,ResNet18BN,n01443537-n01629819,8433,4,21,16,5.765219555087242e-07,7.163283953559585e-05,0.0013427734375
TinyImageNet,ResNet18BN,n01443537-n01629819,8433,4,22,17,2.913124603765027e-07,3.423558155191131e-05,0.00048828125
TinyImageNet,ResNet18BN,n01443537-n01629819,8433,4,23,17,1.4810444781687693e-07,1.9025719666387886e-05,0.000244140625
TinyImageNet,ResNet18BN,n01443537-n01629819,8433,4,24,16,4.470054015826008e-08,7.8844304301801e-15,0.0
TinyImageNet,ResNet18BN,n01443537-n01629819,8433,4,25,17,2.409662869240492e-08,1.0325304098459135e-15,0.0
TinyImageNet,ResNet18BN,n01443537-n01629819,8433,4,26,17,9.950496426824884e-09,1.557703251470213e-16,0.0
TinyImageNet,ResNet18BN,n01443537-n01629819,8433,4,27,16,2.958058242796824e-09,8.96830384800295e-16,0.0
TinyImageNet,ResNet18BN,n01443537-n01629819,8433,4,28,17,9.40190258980067e-10,5.284848000050678e-17,0.0
TinyImageNet,ResNet18BN,n01443537-n01629819,8433,4,29,17,2.1429004404271979e-10,2.309529629278681e-18,0.0
TinyImageNet,ResNet18BN,n01443537-n01629819,8433,4,30,16,3.269065899057233e-12,1.9889444091503324e-19,0.0
SVHN,ConvNetBN,9-2,11954,0,1,156,0.08079607412219048,6.408443927764893,23.011642456054688
SVHN,ConvNetBN,9-2,11954,0,2,155,0.031154971569776535,2.4467761516571045,8.10980224609375
SVHN,ConvNetBN,9-2,11954,0,3,155,0.015188348479568958,1.233051061630249,3.97552490234375
SVHN,ConvNetBN,9-2,11954,0,4,156,0.0077346935868263245,0.5930747985839844,2.12335205078125
SVHN,ConvNetBN,9-2,11954,0,5,155,0.0038739528972655535,0.3208214342594147,1.1523666381835938
SVHN,ConvNetBN,9-2,11954,0,6,155,0.0021094500552862883,0.1743500977754593,0.468048095703125
SVHN,ConvNetBN,9-2,11954,0,7,156,0.0010318065760657191,0.08891713619232178,0.2358245849609375
SVHN,ConvNetBN,9-2,11954,0,8,155,0.00043803322478197515,0.03749487176537514,0.090240478515625
SVHN,ConvNetBN,9-2,11954,0,9,155,0.0002149526699213311,0.017722278833389282,0.0445556640625
SVHN,ConvNetBN,9-2,11954,0,10,155,0.0001027104226523079,0.009226036258041859,0.02215576171875
SVHN,ConvNetBN,9-2,11954,0,11,156,5.4815445764688775e-05,0.004791876766830683,0.01226043701171875
SVHN,ConvNetBN,9-2,11954,0,12,155,2.358741403440945e-05,0.002196859335526824,0.005828857421875
SVHN,ConvNetBN,9-2,11954,0,13,155,1.110345601773588e-05,0.0009859999408945441,0.002521514892578125
SVHN,ConvNetBN,9-2,11954,0,14,156,4.67365066469938e-06,0.000430945074185729,0.0008697509765625
SVHN,ConvNetBN,9-2,11954,0,15,155,2.0823954400839284e-06,0.00019959449127782136,0.00045013427734375
SVHN,ConvNetBN,9-2,11954,0,16,155,8.475973913846246e-07,7.670427294215187e-05,0.00018310546875
SVHN,ConvNetBN,9-2,11954,0,17,156,3.4131593906749913e-07,3.251386442570947e-05,6.103515625e-05
SVHN,ConvNetBN,9-2,11954,0,18,155,1.5653600371479115e-07,1.5418989278259687e-05,3.0517578125e-05
SVHN,ConvNetBN,9-2,11954,0,19,155,4.066757242071617e-08,3.878802701251516e-08,3.814697265625e-06
SVHN,ConvNetBN,9-2,11954,0,20,155,1.7333709578792877e-08,3.1647033882364894e-09,0.0
SVHN,ConvNetBN,9-2,11954,0,21,156,7.041117466854985e-09,2.35951347349328e-09,0.0
SVHN,ConvNetBN,9-2,11954,0,22,155,2.518530717310341e-09,5.071004727241757e-10,0.0
SVHN,ConvNetBN,9-2,11954,0,23,155,9.661889066592266e-10,1.695608792262604e-10,0.0
SVHN,ConvNetBN,9-2,11954,0,24,156,3.0639282777578103e-10,6.798802146268379e-11,0.0
SVHN,ConvNetBN,9-2,11954,0,25,155,1.0175765785547242e-10,5.3157266782788426e-11,0.0
SVHN,ConvNetBN,9-2,11954,0,26,155,2.941073426465657e-11,2.979266486291543e-11,0.0
SVHN,ConvNetBN,9-2,11954,0,27,156,6.742602136344811e-12,3.0778753027163597e-12,0.0
SVHN,ConvNetBN,9-2,11954,0,28,155,1.3171702227185444e-12,1.1445028952339342e-12,0.0
SVHN,ConvNetBN,9-2,11954,0,29,155,9.548460112862589e-14,1.7455787114156393e-14,0.0
SVHN,ConvNetBN,9-2,11954,0,30,155,6.413891236495988e-16,1.7737306666868477e-16,0.0
SVHN,ConvNetBN,9-2,11954,1,1,156,1.0977012515068054,33.59402656555176,146.3714828491211
SVHN,ConvNetBN,9-2,11954,1,2,155,0.6349021196365356,20.094045639038086,65.88670349121094
SVHN,ConvNetBN,9-2,11954,1,3,155,0.3762548565864563,12.022905349731445,28.2257080078125
SVHN,ConvNetBN,9-2,11954,1,4,156,0.20628441125154495,6.615586757659912,19.266254425048828
SVHN,ConvNetBN,9-2,11954,1,5,155,0.1259191781282425,4.160317420959473,10.82687759399414
SVHN,ConvNetBN,9-2,11954,1,6,155,0.08050840348005295,2.6544761657714844,6.522441864013672
SVHN,ConvNetBN,9-2,11954,1,7,156,0.050278954207897186,1.844188928604126,4.889326095581055
SVHN,ConvNetBN,9-2,11954,1,8,155,0.031140556558966637,1.0913187265396118,2.51556396484375
SVHN,ConvNetBN,9-2,11954,1,9,155,0.018529700115323067,0.6457349061965942,1.55596923828125
SVHN,ConvNetBN,9-2,11954,1,10,155,0.011911527253687382,0.4273383915424347,0.9505462646484375
SVHN,ConvNetBN,9-2,11954,1,11,156,0.006709567969664931,0.2419165074825287,0.4560508728027344
SVHN,ConvNetBN,9-2,11954,1,12,155,0.004411214031279087,0.15806514024734497,0.3278827667236328
SVHN,ConvNetBN,9-2,11954,1,13,155,0.00276758661493659,0.0939309298992157,0.214447021484375
SVHN,ConvNetBN,9-2,11954,1,14,156,0.0016830377862788737,0.06016487814486027,0.1361408233642578
SVHN,ConvNetBN,9-2,11954,1,15,155,0.0009611257119104266,0.03381475806236267,0.07628250122070312
SVHN,ConvNetBN,9-2,11954,1,16,155,0.0006031927186995745,0.023656440898776054,0.04497718811035156
SVHN,ConvNetBN,9-2,11954,1,17,156,0.000368013177649118,0.013833846431225538,0.029362201690673828
SVHN,ConvNetBN,9-2,11954,1,18,155,0.00023784649965818971,0.00894272793084383,0.01776123046875
SVHN,ConvNetBN,9-2,11954,1,19,155,0.00013838664744980633,0.005402936600148678,0.010467529296875
SVHN,ConvNetBN,9-2,11954,1,20,155,8.022202382562682e-05,0.0029366265516728163,0.0062255859375
SVHN,ConvNetBN,9-2,11954,1,21,156,4.926176734443288e-05,0.0021018917905166745,0.00437164306640625
SVHN,ConvNetBN,9-2,11954,1,22,155,2.7632666387944482e-05,0.0011638007126748562,0.002593994140625
SVHN,ConvNetBN,9-2,11954,1,23,155,1.7252281395485625e-05,0.000661199155729264,0.0013427734375
SVHN,ConvNetBN,9-2,11954,1,24,156,9.087715170608135e-06,0.0003725419082911685,0.0008871555328369141
SVHN,ConvNetBN,9-2,11954,1,25,155,4.891780918114819e-06,0.00019878489547409117,0.000457763671875
SVHN,ConvNetBN,9-2,11954,1,26,155,2.541483354434604e-06,0.00010667729657143354,0.000213623046875
SVHN,ConvNetBN,9-2,11954,1,27,156,1.1121737202302029e-06,4.661047023546416e-05,0.00011444091796875
SVHN,ConvNetBN,9-2,11954,1,28,155,4.1301709075014514e-07,1.803572740755044e-05,3.814697265625e-05
SVHN,ConvNetBN,9-2,11954,1,29,155,1.4182042207266932e-07,5.837057869939599e-06,1.52587890625e-05
SVHN,ConvNetBN,9-2,11954,1,30,155,5.829900118214937e-09,1.3315138325253884e-08,0.0
SVHN,ConvNetBN,9-2,11954,2,1,156,0.052028922364115715,4.03970742225647,20.307357788085938
SVHN,ConvNetBN,9-2,11954,2,2,155,0.01998249627649784,1.6422748565673828,7.83367919921875
SVHN,ConvNetBN,9-2,11954,2,3,155,0.010850237682461739,0.9051957130432129,3.9151611328125
SVHN,ConvNetBN,9-2,11954,2,4,156,0.005697222892194986,0.4958145320415497,2.076080322265625
SVHN,ConvNetBN,9-2,11954,2,5,155,0.0030478087719529867,0.26441001892089844,1.05517578125
SVHN,ConvNetBN,9-2,11954,2,6,155,0.0014913539635017514,0.13739891350269318,0.55499267578125
SVHN,ConvNetBN,9-2,11954,2,7,156,0.0008178419375326484,0.07572109997272491,0.285003662109375
SVHN,ConvNetBN,9-2,11954,2,8,155,0.0003658784262370318,0.0337836891412735,0.129302978515625
SVHN,ConvNetBN,9-2,11954,2,9,155,0.00018283622921444476,0.017354028299450874,0.06939697265625
SVHN,ConvNetBN,9-2,11954,2,10,155,7.651459600310773e-05,0.007558858022093773,0.025146484375
SVHN,ConvNetBN,9-2,11954,2,11,156,3.6444740544538945e-05,0.0033971769735217094,0.0121917724609375
SVHN,ConvNetBN,9-2,11954,2,12,155,1.651033562666271e-05,0.0015919614816084504,0.005645751953125
SVHN,ConvNetBN,9-2,11954,2,13,155,7.028700110822683e-06,0.0007195935468189418,0.0020751953125
SVHN,ConvNetBN,9-2,11954,2,14,156,3.0513632509610034e-06,0.0002943150029750541,0.0009918212890625
SVHN,ConvNetBN,9-2,11954,2,15,155,1.3602166291093454e-06,0.0001348229852737859,0.000457763671875
SVHN,ConvNetBN,9-2,11954,2,16,155,6.190632575453492e-07,5.992181831970811e-05,0.00018310546875
SVHN,ConvNetBN,9-2,11954,2,17,156,2.9961064740291476e-07,2.7090853109257296e-05,6.103515625e-05
SVHN,ConvNetBN,9-2,11954,2,18,155,1.3950983657196048e-07,1.439000425307313e-05,3.0517578125e-05
SVHN,ConvNetBN,9-2,11954,2,19,155,2.915214558640855e-08,1.2676053540161547e-09,0.0
SVHN,ConvNetBN,9-2,11954,2,20,155,1.2338299271164033e-08,5.179713880032466e-10,0.0
SVHN,ConvNetBN,9-2,11954,2,21,156,5.276449499547198e-09,3.2235439317851444e-10,0.0
SVHN,ConvNetBN,9-2,11954,2,22,155,1.9176633614392813e-09,5.1912689424948866e-11,0.0
SVHN,ConvNetBN,9-2,11954,2,23,155,7.549459946076809e-10,7.015123204556772e-11,0.0
SVHN,ConvNetBN,9-2,11954,2,24,156,3.199298326261868e-10,1.6193177874990194e-11,0.0
SVHN,ConvNetBN,9-2,11954,2,25,155,9.632249164948092e-11,7.877919670773448e-12,0.0
SVHN,ConvNetBN,9-2,11954,2,26,155,3.09395842279514e-11,2.730716694432367e-12,0.0
SVHN,ConvNetBN,9-2,11954,2,27,156,8.115785387480257e-12,1.254183660138325e-12,0.0
SVHN,ConvNetBN,9-2,11954,2,28,155,1.8763157260542895e-12,2.2260703480200816e-13,0.0
SVHN,ConvNetBN,9-2,11954,2,29,155,2.12253893389254e-13,6.415145649939225e-14,0.0
SVHN,ConvNetBN,9-2,11954,2,30,155,3.646351477053569e-15,2.4113360412215024e-16,0.0
SVHN,ConvNetBN,9-2,11954,3,1,156,0.06470318511128426,5.75161600112915,13.210235595703125
SVHN,ConvNetBN,9-2,11954,3,2,155,0.02485504187643528,2.293855667114258,4.6020965576171875
SVHN,ConvNetBN,9-2,11954,3,3,155,0.013283362612128258,1.498369574546814,2.621112823486328
SVHN,ConvNetBN,9-2,11954,3,4,156,0.006797445239499211,0.6824922263622284,1.321136474609375
SVHN,ConvNetBN,9-2,11954,3,5,155,0.0035976918879896402,0.3533252775669098,0.661102294921875
SVHN,ConvNetBN,9-2,11954,3,6,155,0.0018835883820429444,0.19615456461906433,0.322967529296875
SVHN,ConvNetBN,9-2,11954,3,7,156,0.0009580859623383731,0.09849654883146286,0.1645660400390625
SVHN,ConvNetBN,9-2,11954,3,8,155,0.00047214614460244775,0.04981706663966179,0.07952880859375
SVHN,ConvNetBN,9-2,11954,3,9,155,0.00021132825349923223,0.020777510479092598,0.031238555908203125
SVHN,ConvNetBN,9-2,11954,3,10,155,0.00010293230297975242,0.01149758044630289,0.014548778533935547
SVHN,ConvNetBN,9-2,11954,3,11,156,5.156671250006184e-05,0.005844161845743656,0.01038360595703125
SVHN,ConvNetBN,9-2,11954,3,12,155,2.2097303371992894e-05,0.002678654156625271,0.0042724609375
SVHN,ConvNetBN,9-2,11954,3,13,155,8.927437193051446e-06,0.0009856960969045758,0.0018310546875
SVHN,ConvNetBN,9-2,11954,3,14,156,4.010524207842536e-06,0.00048774672904983163,0.000701904296875
SVHN,ConvNetBN,9-2,11954,3,15,155,1.9775952750933357e-06,0.00023289250384550542,0.0003204345703125
SVHN,ConvNetBN,9-2,11954,3,16,155,8.81039170508302e-07,0.00010592905164230615,0.000152587890625
SVHN,ConvNetBN,9-2,11954,3,17,156,3.362952014640541e-07,4.4346892536850646e-05,6.103515625e-05
SVHN,ConvNetBN,9-2,11954,3,18,155,1.589715878935749e-07,1.9536657418939285e-05,3.0517578125e-05
SVHN,ConvNetBN,9-2,11954,3,19,155,3.9958230502179504e-08,7.59878382439183e-09,3.814697265625e-06
SVHN,ConvNetBN,9-2,11954,3,20,155,1.6250492507197123e-08,1.4912182599857715e-09,0.0
SVHN,ConvNetBN,9-2,11954,3,21,156,5.828620031067544e-09,2.91245783046179e-09,0.0
SVHN,ConvNetBN,9-2,11954,3,22,155,2.0485286800209224e-09,7.857773320907313e-10,0.0
SVHN,ConvNetBN,9-2,11954,3,23,155,6.687858600251673e-10,2.7002292068978306e-10,0.0
SVHN,ConvNetBN,9-2,11954,3,24,156,2.1268652811157196e-10,5.924515045219181e-11,0.0
SVHN,ConvNetBN,9-2,11954,3,25,155,6.915476524760322e-11,2.856926674399407e-11,0.0
SVHN,ConvNetBN,9-2,11954,3,26,155,2.0153028551517238e-11,8.037198510890686e-12,0.0
SVHN,ConvNetBN,9-2,11954,3,27,156,4.832560133311015e-12,3.3892581666541965e-12,0.0
SVHN,ConvNetBN,9-2,11954,3,28,155,7.828605927580334e-13,1.8232032637094386e-12,0.0
SVHN,ConvNetBN,9-2,11954,3,29,155,7.7843005479028e-14,4.7728100903985174e-14,0.0
SVHN,ConvNetBN,9-2,11954,3,30,155,2.536000232816022e-16,1.4059942243121494e-16,0.0
SVHN,ConvNetBN,9-2,11954,4,1,156,0.9581566154956818,35.37161445617676,236.7846221923828
SVHN,ConvNetBN,9-2,11954,4,2,155,0.4974266588687897,19.927907943725586,96.78040313720703
SVHN,ConvNetBN,9-2,11954,4,3,155,0.2865963876247406,11.94320011138916,47.93694305419922
SVHN,ConvNetBN,9-2,11954,4,4,156,0.16975567489862442,7.378852128982544,31.032936096191406
SVHN,ConvNetBN,9-2,11954,4,5,155,0.1099960133433342,5.315986156463623,23.05998992919922
SVHN,ConvNetBN,9-2,11954,4,6,155,0.06838582456111908,3.260859966278076,14.025588989257812
SVHN,ConvNetBN,9-2,11954,4,7,156,0.0400095209479332,1.8669800758361816,7.532590866088867
SVHN,ConvNetBN,9-2,11954,4,8,155,0.024611711502075195,1.2271045446395874,4.70166015625
SVHN,ConvNetBN,9-2,11954,4,9,155,0.013839669525623322,0.6303557753562927,2.8552284240722656
SVHN,ConvNetBN,9-2,11954,4,10,155,0.008475864306092262,0.3903100788593292,1.1920166015625
SVHN,ConvNetBN,9-2,11954,4,11,156,0.004974039504304528,0.24749048799276352,0.8946266174316406
SVHN,ConvNetBN,9-2,11954,4,12,155,0.00302479462698102,0.1510978490114212,0.61529541015625
SVHN,ConvNetBN,9-2,11954,4,13,155,0.0016907777171581984,0.0831751823425293,0.26883697509765625
SVHN,ConvNetBN,9-2,11954,4,14,156,0.001028882572427392,0.0528238620609045,0.1615142822265625
SVHN,ConvNetBN,9-2,11954,4,15,155,0.0005993100348860025,0.03027503751218319,0.09135055541992188
SVHN,ConvNetBN,9-2,11954,4,16,155,0.0003470421943347901,0.018375596031546593,0.05242919921875
SVHN,ConvNetBN,9-2,11954,4,17,156,0.00019413088011788204,0.010888129007071257,0.038661956787109375
SVHN,ConvNetBN,9-2,11954,4,18,155,0.00011116993118776008,0.005571385845541954,0.0175628662109375
SVHN,ConvNetBN,9-2,11954,4,19,155,6.860076973680407e-05,0.003919053357094526,0.011241912841796875
SVHN,ConvNetBN,9-2,11954,4,20,155,3.8507612771354616e-05,0.002228525234386325,0.006103515625
SVHN,ConvNetBN,9-2,11954,4,21,156,2.3485426027036738e-05,0.0013173004845157266,0.00344085693359375
SVHN,ConvNetBN,9-2,11954,4,22,155,1.2631338904611766e-05,0.0007695864187553525,0.0017852783203125
SVHN,ConvNetBN,9-2,11954,4,23,155,6.698459856124828e-06,0.000392797781387344,0.00084686279296875
SVHN,ConvNetBN,9-2,11954,4,24,156,3.2411359143225127e-06,0.00020794370357180014,0.000553131103515625
SVHN,ConvNetBN,9-2,11954,4,25,155,1.6170603203136125e-06,0.00010330587247153744,0.000244140625
SVHN,ConvNetBN,9-2,11954,4,26,155,6.906312250976043e-07,4.413947317516431e-05,0.0001068115234375
SVHN,ConvNetBN,9-2,11954,4,27,156,2.891968904350506e-07,1.7148703591374215e-05,4.57763671875e-05
SVHN,ConvNetBN,9-2,11954,4,28,155,5.0585665434255134e-08,1.6908610405153013e-06,1.52587890625e-05
SVHN,ConvNetBN,9-2,11954,4,29,155,1.133768279260039e-08,1.4139048154504508e-08,0.0
SVHN,ConvNetBN,9-2,11954,4,30,155,5.173829698001953e-10,3.9041020416519245e-10,0.0
SVHN,ConvNetBN,9-2,14692,0,1,156,0.08079607412219048,6.101792097091675,23.987152099609375
SVHN,ConvNetBN,9-2,14692,0,2,155,0.031154971569776535,2.459125280380249,8.306289672851562
SVHN,ConvNetBN,9-2,14692,0,3,155,0.015188348479568958,1.212701678276062,3.5435409545898438
SVHN,ConvNetBN,9-2,14692,0,4,156,0.0077346935868263245,0.605164110660553,2.1645584106445312
SVHN,ConvNetBN,9-2,14692,0,5,155,0.0038739528972655535,0.30922526121139526,1.1173248291015625
SVHN,ConvNetBN,9-2,14692,0,6,155,0.0021094500552862883,0.17800232768058777,0.503021240234375
SVHN,ConvNetBN,9-2,14692,0,7,156,0.0010318065760657191,0.08712605759501457,0.2498149871826172
SVHN,ConvNetBN,9-2,14692,0,8,155,0.00043803322478197515,0.035458698868751526,0.08514404296875
SVHN,ConvNetBN,9-2,14692,0,9,155,0.0002149526699213311,0.017288023605942726,0.03842926025390625
SVHN,ConvNetBN,9-2,14692,0,10,155,0.0001027104226523079,0.00878371112048626,0.019866943359375
SVHN,ConvNetBN,9-2,14692,0,11,156,5.4815445764688775e-05,0.004511531908065081,0.011138916015625
SVHN,ConvNetBN,9-2,14692,0,12,155,2.358741403440945e-05,0.002135710557922721,0.004547119140625
SVHN,ConvNetBN,9-2,14692,0,13,155,1.110345601773588e-05,0.000915663898922503,0.0018310546875
SVHN,ConvNetBN,9-2,14692,0,14,156,4.67365066469938e-06,0.0004153878544457257,0.00067901611328125
SVHN,ConvNetBN,9-2,14692,0,15,155,2.0823954400839284e-06,0.0001897352485684678,0.0003662109375
SVHN,ConvNetBN,9-2,14692,0,16,155,8.475973913846246e-07,7.003347127465531e-05,0.0001220703125
SVHN,ConvNetBN,9-2,14692,0,17,156,3.4131593906749913e-07,3.115399886155501e-05,5.245208740234375e-05
SVHN,ConvNetBN,9-2,14692,0,18,155,1.5653600371479115e-07,1.4495908544631675e-05,3.0517578125e-05
SVHN,ConvNetBN,9-2,14692,0,19,155,4.066757242071617e-08,2.679171906549982e-08,7.62939453125e-06
SVHN,ConvNetBN,9-2,14692,0,20,155,1.7333709578792877e-08,3.2419946727202387e-09,0.0
SVHN,ConvNetBN,9-2,14692,0,21,156,7.041117466854985e-09,2.4044622959351614e-09,0.0
SVHN,ConvNetBN,9-2,14692,0,22,155,2.518530717310341e-09,5.041445594322624e-10,0.0
SVHN,ConvNetBN,9-2,14692,0,23,155,9.661889066592266e-10,1.3828771461277256e-10,0.0
SVHN,ConvNetBN,9-2,14692,0,24,156,3.0639282777578103e-10,7.314184327644746e-11,0.0
SVHN,ConvNetBN,9-2,14692,0,25,155,1.0175765785547242e-10,5.214019493937627e-11,0.0
SVHN,ConvNetBN,9-2,14692,0,26,155,2.941073426465657e-11,2.5426792615856897e-11,0.0
SVHN,ConvNetBN,9-2,14692,0,27,156,6.742602136344811e-12,2.680313111215471e-12,0.0
SVHN,ConvNetBN,9-2,14692,0,28,155,1.3171702227185444e-12,9.785477549789645e-13,0.0
SVHN,ConvNetBN,9-2,14692,0,29,155,9.548460112862589e-14,1.5895511767732504e-14,0.0
SVHN,ConvNetBN,9-2,14692,0,30,155,6.413891236495988e-16,1.870776157896059e-16,0.0
SVHN,ConvNetBN,9-2,14692,1,1,156,1.0977012515068054,26.242414474487305,143.71508026123047
SVHN,ConvNetBN,9-2,14692,1,2,155,0.6349021196365356,16.493059158325195,69.81248474121094
SVHN,ConvNetBN,9-2,14692,1,3,155,0.3762548565864563,10.000144958496094,41.398223876953125
SVHN,ConvNetBN,9-2,14692,1,4,156,0.20628441125154495,5.221333265304565,25.220030784606934
SVHN,ConvNetBN,9-2,14692,1,5,155,0.1259191781282425,3.3240833282470703,14.377448081970215
SVHN,ConvNetBN,9-2,14692,1,6,155,0.08050840348005295,2.076716899871826,8.920562744140625
SVHN,ConvNetBN,9-2,14692,1,7,156,0.050278954207897186,1.460412859916687,5.3961639404296875
SVHN,ConvNetBN,9-2,14692,1,8,155,0.031140556558966637,0.8926320672035217,3.777557373046875
SVHN,ConvNetBN,9-2,14692,1,9,155,0.018529700115323067,0.5366884469985962,1.7221832275390625
SVHN,ConvNetBN,9-2,14692,1,10,155,0.011911527253687382,0.33668360114097595,1.2498092651367188
SVHN,ConvNetBN,9-2,14692,1,11,156,0.006709567969664931,0.20313430577516556,0.7568340301513672
SVHN,ConvNetBN,9-2,14692,1,12,155,0.004411214031279087,0.12385901063680649,0.42830467224121094
SVHN,ConvNetBN,9-2,14692,1,13,155,0.00276758661493659,0.07750991731882095,0.230682373046875
SVHN,ConvNetBN,9-2,14692,1,14,156,0.0016830377862788737,0.04926568269729614,0.16876983642578125
SVHN,ConvNetBN,9-2,14692,1,15,155,0.0009611257119104266,0.028573518618941307,0.08162689208984375
SVHN,ConvNetBN,9-2,14692,1,16,155,0.0006031927186995745,0.01900271140038967,0.06856918334960938
SVHN,ConvNetBN,9-2,14692,1,17,156,0.000368013177649118,0.011386456433683634,0.04314279556274414
SVHN,ConvNetBN,9-2,14692,1,18,155,0.00023784649965818971,0.0071457973681390285,0.02259063720703125
SVHN,ConvNetBN,9-2,14692,1,19,155,0.00013838664744980633,0.004299137741327286,0.0145111083984375
SVHN,ConvNetBN,9-2,14692,1,20,155,8.022202382562682e-05,0.0023539047688245773,0.0075836181640625
SVHN,ConvNetBN,9-2,14692,1,21,156,4.926176734443288e-05,0.0016513814916834235,0.005227088928222656
SVHN,ConvNetBN,9-2,14692,1,22,155,2.7632666387944482e-05,0.0009755547507666051,0.002838134765625
SVHN,ConvNetBN,9-2,14692,1,23,155,1.7252281395485625e-05,0.0005323538207449019,0.0015850067138671875
SVHN,ConvNetBN,9-2,14692,1,24,156,9.087715170608135e-06,0.0003120901819784194,0.0009565353393554688
SVHN,ConvNetBN,9-2,14692,1,25,155,4.891780918114819e-06,0.0001518507779110223,0.000335693359375
SVHN,ConvNetBN,9-2,14692,1,26,155,2.541483354434604e-06,8.392885501962155e-05,0.00023651123046875
SVHN,ConvNetBN,9-2,14692,1,27,156,1.1121737202302029e-06,3.5939394365414046e-05,9.918212890625e-05
SVHN,ConvNetBN,9-2,14692,1,28,155,4.1301709075014514e-07,1.412699930369854e-05,4.57763671875e-05
SVHN,ConvNetBN,9-2,14692,1,29,155,1.4182042207266932e-07,4.825842552236281e-06,1.52587890625e-05
SVHN,ConvNetBN,9-2,14692,1,30,155,5.829900118214937e-09,1.0042523257425273e-08,0.0
SVHN,ConvNetBN,9-2,14692,2,1,156,0.052028922364115715,4.417088031768799,18.063804626464844
SVHN,ConvNetBN,9-2,14692,2,2,155,0.01998249627649784,1.6570078134536743,7.03466796875
SVHN,ConvNetBN,9-2,14692,2,3,155,0.010850237682461739,0.9424741864204407,3.434967041015625
SVHN,ConvNetBN,9-2,14692,2,4,156,0.005697222892194986,0.5008338838815689,2.075897216796875
SVHN,ConvNetBN,9-2,14692,2,5,155,0.0030478087719529867,0.2717674970626831,1.014617919921875
SVHN,ConvNetBN,9-2,14692,2,6,155,0.0014913539635017514,0.13040778040885925,0.452850341796875
SVHN,ConvNetBN,9-2,14692,2,7,156,0.0008178419375326484,0.0707944892346859,0.243682861328125
SVHN,ConvNetBN,9-2,14692,2,8,155,0.0003658784262370318,0.03200224041938782,0.126434326171875
SVHN,ConvNetBN,9-2,14692,2,9,155,0.00018283622921444476,0.016841739416122437,0.05755615234375
SVHN,ConvNetBN,9-2,14692,2,10,155,7.651459600310773e-05,0.007236367091536522,0.024139404296875
SVHN,ConvNetBN,9-2,14692,2,11,156,3.6444740544538945e-05,0.0032963777193799615,0.01140594482421875
SVHN,ConvNetBN,9-2,14692,2,12,155,1.651033562666271e-05,0.001555661321617663,0.0052490234375
SVHN,ConvNetBN,9-2,14692,2,13,155,7.028700110822683e-06,0.0006730175809934735,0.00189208984375
SVHN,ConvNetBN,9-2,14692,2,14,156,3.0513632509610034e-06,0.00028272473718971014,0.000873565673828125
SVHN,ConvNetBN,9-2,14692,2,15,155,1.3602166291093454e-06,0.0001276000839425251,0.00042724609375
SVHN,ConvNetBN,9-2,14692,2,16,155,6.190632575453492e-07,5.579720891546458e-05,0.00018310546875
SVHN,ConvNetBN,9-2,14692,2,17,156,2.9961064740291476e-07,2.5412693503312767e-05,6.103515625e-05
SVHN,ConvNetBN,9-2,14692,2,18,155,1.3950983657196048e-07,1.3597924407804385e-05,3.0517578125e-05
SVHN,ConvNetBN,9-2,14692,2,19,155,2.915214558640855e-08,9.958857072334126e-10,0.0
SVHN,ConvNetBN,9-2,14692,2,20,155,1.2338299271164033e-08,4.304585576875297e-10,0.0
SVHN,ConvNetBN,9-2,14692,2,21,156,5.276449499547198e-09,2.858823733298266e-10,0.0
SVHN,ConvNetBN,9-2,14692,2,22,155,1.9176633614392813e-09,4.990129837123547e-11,0.0
SVHN,ConvNetBN,9-2,14692,2,23,155,7.549459946076809e-10,6.212301506547391e-11,0.0
SVHN,ConvNetBN,9-2,14692,2,24,156,3.199298326261868e-10,1.3260754907346017e-11,0.0
SVHN,ConvNetBN,9-2,14692,2,25,155,9.632249164948092e-11,7.455345368834188e-12,0.0
SVHN,ConvNetBN,9-2,14692,2,26,155,3.09395842279514e-11,3.0684883887271974e-12,0.0
SVHN,ConvNetBN,9-2,14692,2,27,156,8.115785387480257e-12,1.3144357564193188e-12,0.0
SVHN,ConvNetBN,9-2,14692,2,28,155,1.8763157260542895e-12,2.0235229507628572e-13,0.0
SVHN,ConvNetBN,9-2,14692,2,29,155,2.12253893389254e-13,5.5311315830209803e-14,0.0
SVHN,ConvNetBN,9-2,14692,2,30,155,3.646351477053569e-15,2.4862764871364385e-16,0.0
SVHN,ConvNetBN,9-2,14692,3,1,156,0.06470318511128426,5.402992248535156,17.916122436523438
SVHN,ConvNetBN,9-2,14692,3,2,155,0.02485504187643528,2.321570634841919,7.906890869140625
SVHN,ConvNetBN,9-2,14692,3,3,155,0.013283362612128258,1.3993160724639893,4.23480224609375
SVHN,ConvNetBN,9-2,14692,3,4,156,0.006797445239499211,0.6746105551719666,1.9690055847167969
SVHN,ConvNetBN,9-2,14692,3,5,155,0.0035976918879896402,0.33073753118515015,1.0248565673828125
SVHN,ConvNetBN,9-2,14692,3,6,155,0.0018835883820429444,0.18140605092048645,0.4993743896484375
SVHN,ConvNetBN,9-2,14692,3,7,156,0.0009580859623383731,0.09261467680335045,0.26080322265625
SVHN,ConvNetBN,9-2,14692,3,8,155,0.00047214614460244775,0.04937869310379028,0.128082275390625
SVHN,ConvNetBN,9-2,14692,3,9,155,0.00021132825349923223,0.019945485517382622,0.054443359375
SVHN,ConvNetBN,9-2,14692,3,10,155,0.00010293230297975242,0.010522570461034775,0.025238037109375
SVHN,ConvNetBN,9-2,14692,3,11,156,5.156671250006184e-05,0.005540176527574658,0.0126800537109375
SVHN,ConvNetBN,9-2,14692,3,12,155,2.2097303371992894e-05,0.0024655815213918686,0.005645751953125
SVHN,ConvNetBN,9-2,14692,3,13,155,8.927437193051446e-06,0.0009456908446736634,0.0023193359375
SVHN,ConvNetBN,9-2,14692,3,14,156,4.010524207842536e-06,0.0004346640344010666,0.001068115234375
SVHN,ConvNetBN,9-2,14692,3,15,155,1.9775952750933357e-06,0.00020871643209829926,0.0004119873046875
SVHN,ConvNetBN,9-2,14692,3,16,155,8.81039170508302e-07,9.729400335345417e-05,0.0002288818359375
SVHN,ConvNetBN,9-2,14692,3,17,156,3.362952014640541e-07,4.030977470392827e-05,7.82012939453125e-05
SVHN,ConvNetBN,9-2,14692,3,18,155,1.589715878935749e-07,1.8119593732990324e-05,3.0517578125e-05
SVHN,ConvNetBN,9-2,14692,3,19,155,3.9958230502179504e-08,9.361643016347898e-09,0.0
SVHN,ConvNetBN,9-2,14692,3,20,155,1.6250492507197123e-08,1.21498744398707e-09,0.0
SVHN,ConvNetBN,9-2,14692,3,21,156,5.828620031067544e-09,2.617506655866464e-09,0.0
SVHN,ConvNetBN,9-2,14692,3,22,155,2.0485286800209224e-09,7.638559784695076e-10,0.0
SVHN,ConvNetBN,9-2,14692,3,23,155,6.687858600251673e-10,2.2452599501843196e-10,0.0
SVHN,ConvNetBN,9-2,14692,3,24,156,2.1268652811157196e-10,4.830029258495738e-11,0.0
SVHN,ConvNetBN,9-2,14692,3,25,155,6.915476524760322e-11,2.4055852795856758e-11,0.0
SVHN,ConvNetBN,9-2,14692,3,26,155,2.0153028551517238e-11,8.201466415724834e-12,0.0
SVHN,ConvNetBN,9-2,14692,3,27,156,4.832560133311015e-12,3.343161034466413e-12,0.0
SVHN,ConvNetBN,9-2,14692,3,28,155,7.828605927580334e-13,1.7672188582298909e-12,0.0
SVHN,ConvNetBN,9-2,14692,3,29,155,7.7843005479028e-14,3.8387309552866816e-14,0.0
SVHN,ConvNetBN,9-2,14692,3,30,155,2.536000232816022e-16,1.3387985712108737e-16,0.0
SVHN,ConvNetBN,9-2,14692,4,1,156,0.9581566154956818,33.251155853271484,192.26206970214844
SVHN,ConvNetBN,9-2,14692,4,2,155,0.4974266588687897,18.085742950439453,103.90274810791016
SVHN,ConvNetBN,9-2,14692,4,3,155,0.2865963876247406,10.976109504699707,49.86475372314453
SVHN,ConvNetBN,9-2,14692,4,4,156,0.16975567489862442,6.793166160583496,36.4836483001709
SVHN,ConvNetBN,9-2,14692,4,5,155,0.1099960133433342,4.517690181732178,23.924285888671875
SVHN,ConvNetBN,9-2,14692,4,6,155,0.06838582456111908,2.795616865158081,15.5068359375
SVHN,ConvNetBN,9-2,14692,4,7,156,0.0400095209479332,1.6788573861122131,9.128036499023438
SVHN,ConvNetBN,9-2,14692,4,8,155,0.024611711502075195,1.090393304824829,5.112274169921875
SVHN,ConvNetBN,9-2,14692,4,9,155,0.013839669525623322,0.5701059699058533,2.7247467041015625
SVHN,ConvNetBN,9-2,14692,4,10,155,0.008475864306092262,0.3470952808856964,1.2190093994140625
SVHN,ConvNetBN,9-2,14692,4,11,156,0.004974039504304528,0.21858321130275726,1.0901947021484375
SVHN,ConvNetBN,9-2,14692,4,12,155,0.00302479462698102,0.129852294921875,0.6337890625
SVHN,ConvNetBN,9-2,14692,4,13,155,0.0016907777171581984,0.07218468934297562,0.2868194580078125
SVHN,ConvNetBN,9-2,14692,4,14,156,0.001028882572427392,0.04454451985657215,0.20101356506347656
SVHN,ConvNetBN,9-2,14692,4,15,155,0.0005993100348860025,0.02597900666296482,0.105010986328125
SVHN,ConvNetBN,9-2,14692,4,16,155,0.0003470421943347901,0.014695347286760807,0.0533447265625
SVHN,ConvNetBN,9-2,14692,4,17,156,0.00019413088011788204,0.009148374199867249,0.03643798828125
SVHN,ConvNetBN,9-2,14692,4,18,155,0.00011116993118776008,0.004719479940831661,0.01738739013671875
SVHN,ConvNetBN,9-2,14692,4,19,155,6.860076973680407e-05,0.0032860557548701763,0.01128387451171875
SVHN,ConvNetBN,9-2,14692,4,20,155,3.8507612771354616e-05,0.001814675168134272,0.0062103271484375
SVHN,ConvNetBN,9-2,14692,4,21,156,2.3485426027036738e-05,0.0011460289824754,0.00400543212890625
SVHN,ConvNetBN,9-2,14692,4,22,155,1.2631338904611766e-05,0.0006515603745356202,0.002166748046875
SVHN,ConvNetBN,9-2,14692,4,23,155,6.698459856124828e-06,0.0003232138406019658,0.0012359619140625
SVHN,ConvNetBN,9-2,14692,4,24,156,3.2411359143225127e-06,0.00016985622642096132,0.00049591064453125
SVHN,ConvNetBN,9-2,14692,4,25,155,1.6170603203136125e-06,8.116787648759782e-05,0.000244140625
SVHN,ConvNetBN,9-2,14692,4,26,155,6.906312250976043e-07,3.7237998185446486e-05,0.0001220703125
SVHN,ConvNetBN,9-2,14692,4,27,156,2.891968904350506e-07,1.3969383871881291e-05,3.916025161743164e-05
SVHN,ConvNetBN,9-2,14692,4,28,155,5.0585665434255134e-08,1.2788983667633147e-06,1.52587890625e-05
SVHN,ConvNetBN,9-2,14692,4,29,155,1.133768279260039e-08,1.1149026590828726e-08,0.0
SVHN,ConvNetBN,9-2,14692,4,30,155,5.173829698001953e-10,3.238815882156132e-10,0.0
SVHN,ConvNetBN,9-2,21188,0,1,156,0.08079607412219048,5.067819118499756,24.840837478637695
SVHN,ConvNetBN,9-2,21188,0,2,155,0.031154971569776535,2.022702217102051,7.562225341796875
SVHN,ConvNetBN,9-2,21188,0,3,155,0.015188348479568958,0.9540088772773743,3.2845916748046875
SVHN,ConvNetBN,9-2,21188,0,4,156,0.0077346935868263245,0.482713907957077,2.15570068359375
SVHN,ConvNetBN,9-2,21188,0,5,155,0.0038739528972655535,0.23381482064723969,0.7916107177734375
SVHN,ConvNetBN,9-2,21188,0,6,155,0.0021094500552862883,0.13970695436000824,0.495819091796875
SVHN,ConvNetBN,9-2,21188,0,7,156,0.0010318065760657191,0.06630856171250343,0.2473297119140625
SVHN,ConvNetBN,9-2,21188,0,8,155,0.00043803322478197515,0.029483206570148468,0.08339691162109375
SVHN,ConvNetBN,9-2,21188,0,9,155,0.0002149526699213311,0.013878445141017437,0.0558929443359375
SVHN,ConvNetBN,9-2,21188,0,10,155,0.0001027104226523079,0.007245649117976427,0.0236968994140625
SVHN,ConvNetBN,9-2,21188,0,11,156,5.4815445764688775e-05,0.003552184090949595,0.012376785278320312
SVHN,ConvNetBN,9-2,21188,0,12,155,2.358741403440945e-05,0.001707926974631846,0.005176544189453125
SVHN,ConvNetBN,9-2,21188,0,13,155,1.110345601773588e-05,0.0007423856295645237,0.002197265625
SVHN,ConvNetBN,9-2,21188,0,14,156,4.67365066469938e-06,0.0003143227513646707,0.0007572174072265625
SVHN,ConvNetBN,9-2,21188,0,15,155,2.0823954400839284e-06,0.00014833768364042044,0.0003662109375
SVHN,ConvNetBN,9-2,21188,0,16,155,8.475973913846246e-07,5.867528307135217e-05,0.0001691579818725586
SVHN,ConvNetBN,9-2,21188,0,17,156,3.4131593906749913e-07,2.529791345295962e-05,6.103515625e-05
SVHN,ConvNetBN,9-2,21188,0,18,155,1.5653600371479115e-07,1.204892214445863e-05,3.0517578125e-05
SVHN,ConvNetBN,9-2,21188,0,19,155,4.066757242071617e-08,2.5634896871906676e-08,7.62939453125e-06
SVHN,ConvNetBN,9-2,21188,0,20,155,1.7333709578792877e-08,2.6122599638966904e-09,0.0
SVHN,ConvNetBN,9-2,21188,0,21,156,7.041117466854985e-09,1.730014353995557e-09,0.0
SVHN,ConvNetBN,9-2,21188,0,22,155,2.518530717310341e-09,3.8188710527187197e-10,0.0
SVHN,ConvNetBN,9-2,21188,0,23,155,9.661889066592266e-10,1.3784352825840784e-10,0.0
SVHN,ConvNetBN,9-2,21188,0,24,156,3.0639282777578103e-10,5.4236918775596443e-11,0.0
SVHN,ConvNetBN,9-2,21188,0,25,155,1.0175765785547242e-10,3.943471590939218e-11,0.0
SVHN,ConvNetBN,9-2,21188,0,26,155,2.941073426465657e-11,2.3720383296454983e-11,0.0
SVHN,ConvNetBN,9-2,21188,0,27,156,6.742602136344811e-12,2.0344200499580745e-12,0.0
SVHN,ConvNetBN,9-2,21188,0,28,155,1.3171702227185444e-12,7.772836194130939e-13,0.0
SVHN,ConvNetBN,9-2,21188,0,29,155,9.548460112862589e-14,1.306946341921673e-14,0.0
SVHN,ConvNetBN,9-2,21188,0,30,155,6.413891236495988e-16,1.5850368723292112e-16,0.0
SVHN,ConvNetBN,9-2,21188,1,1,156,1.0977012515068054,29.308218002319336,142.22212982177734
SVHN,ConvNetBN,9-2,21188,1,2,155,0.6349021196365356,16.86623764038086,72.76758575439453
SVHN,ConvNetBN,9-2,21188,1,3,155,0.3762548565864563,10.299995422363281,34.64237976074219
SVHN,ConvNetBN,9-2,21188,1,4,156,0.20628441125154495,5.483955144882202,20.403725624084473
SVHN,ConvNetBN,9-2,21188,1,5,155,0.1259191781282425,3.4786078929901123,14.62744140625
SVHN,ConvNetBN,9-2,21188,1,6,155,0.08050840348005295,2.219417095184326,8.891548156738281
SVHN,ConvNetBN,9-2,21188,1,7,156,0.050278954207897186,1.4457273483276367,5.819945573806763
SVHN,ConvNetBN,9-2,21188,1,8,155,0.031140556558966637,0.8899381160736084,2.998210906982422
SVHN,ConvNetBN,9-2,21188,1,9,155,0.018529700115323067,0.5314866900444031,1.8946113586425781
SVHN,ConvNetBN,9-2,21188,1,10,155,0.011911527253687382,0.33406126499176025,1.2813644409179688
SVHN,ConvNetBN,9-2,21188,1,11,156,0.006709567969664931,0.20206067711114883,0.7588157653808594
SVHN,ConvNetBN,9-2,21188,1,12,155,0.004411214031279087,0.13293470442295074,0.47686767578125
SVHN,ConvNetBN,9-2,21188,1,13,155,0.00276758661493659,0.07690145820379257,0.33544921875
SVHN,ConvNetBN,9-2,21188,1,14,156,0.0016830377862788737,0.04652727395296097,0.1662883758544922
SVHN,ConvNetBN,9-2,21188,1,15,155,0.0009611257119104266,0.027981042861938477,0.09909164905548096
SVHN,ConvNetBN,9-2,21188,1,16,155,0.0006031927186995745,0.018087316304445267,0.059051513671875
SVHN,ConvNetBN,9-2,21188,1,17,156,0.000368013177649118,0.011234073899686337,0.037829041481018066
SVHN,ConvNetBN,9-2,21188,1,18,155,0.00023784649965818971,0.0065305414609611034,0.026363372802734375
SVHN,ConvNetBN,9-2,21188,1,19,155,0.00013838664744980633,0.004216490779072046,0.0159454345703125
SVHN,ConvNetBN,9-2,21188,1,20,155,8.022202382562682e-05,0.002364569576457143,0.0087890625
SVHN,ConvNetBN,9-2,21188,1,21,156,4.926176734443288e-05,0.0015393603243865073,0.005581855773925781
SVHN,ConvNetBN,9-2,21188,1,22,155,2.7632666387944482e-05,0.0008670933893881738,0.00302886962890625
SVHN,ConvNetBN,9-2,21188,1,23,155,1.7252281395485625e-05,0.0005252090049907565,0.0018444061279296875
SVHN,ConvNetBN,9-2,21188,1,24,156,9.087715170608135e-06,0.0002879534295061603,0.0010738372802734375
SVHN,ConvNetBN,9-2,21188,1,25,155,4.891780918114819e-06,0.0001524117251392454,0.0005950927734375
SVHN,ConvNetBN,9-2,21188,1,26,155,2.541483354434604e-06,7.843747880542651e-05,0.0002899169921875
SVHN,ConvNetBN,9-2,21188,1,27,156,1.1121737202302029e-06,3.482940883259289e-05,0.0001277923583984375
SVHN,ConvNetBN,9-2,21188,1,28,155,4.1301709075014514e-07,1.277491173823364e-05,6.103515625e-05
SVHN,ConvNetBN,9-2,21188,1,29,155,1.4182042207266932e-07,4.713848284154665e-06,1.52587890625e-05
SVHN,ConvNetBN,9-2,21188,1,30,155,5.829900118214937e-09,5.452941653771859e-09,0.0
SVHN,ConvNetBN,9-2,21188,2,1,156,0.052028922364115715,3.921594023704529,16.51993179321289
SVHN,ConvNetBN,9-2,21188,2,2,155,0.01998249627649784,1.5197193622589111,5.324462890625
SVHN,ConvNetBN,9-2,21188,2,3,155,0.010850237682461739,0.8752314448356628,2.7127685546875
SVHN,ConvNetBN,9-2,21188,2,4,156,0.005697222892194986,0.4613173305988312,1.5936355590820312
SVHN,ConvNetBN,9-2,21188,2,5,155,0.0030478087719529867,0.25122469663619995,0.8619003295898438
SVHN,ConvNetBN,9-2,21188,2,6,155,0.0014913539635017514,0.11822135746479034,0.42061614990234375
SVHN,ConvNetBN,9-2,21188,2,7,156,0.0008178419375326484,0.06614312529563904,0.2390003204345703
SVHN,ConvNetBN,9-2,21188,2,8,155,0.0003658784262370318,0.030946820974349976,0.101959228515625
SVHN,ConvNetBN,9-2,21188,2,9,155,0.00018283622921444476,0.016154630109667778,0.05078125
SVHN,ConvNetBN,9-2,21188,2,10,155,7.651459600310773e-05,0.006824024021625519,0.019866943359375
SVHN,ConvNetBN,9-2,21188,2,11,156,3.6444740544538945e-05,0.0031088856048882008,0.00923144817352295
SVHN,ConvNetBN,9-2,21188,2,12,155,1.651033562666271e-05,0.0014142377767711878,0.003627777099609375
SVHN,ConvNetBN,9-2,21188,2,13,155,7.028700110822683e-06,0.0005884105339646339,0.001796722412109375
SVHN,ConvNetBN,9-2,21188,2,14,156,3.0513632509610034e-06,0.00027643849898595363,0.00079345703125
SVHN,ConvNetBN,9-2,21188,2,15,155,1.3602166291093454e-06,0.00011748143151635304,0.000335693359375
SVHN,ConvNetBN,9-2,21188,2,16,155,6.190632575453492e-07,5.443688860395923e-05,0.00012969970703125
SVHN,ConvNetBN,9-2,21188,2,17,156,2.9961064740291476e-07,2.4203892280638684e-05,6.103515625e-05
SVHN,ConvNetBN,9-2,21188,2,18,155,1.3950983657196048e-07,1.2317553228058387e-05,2.288818359375e-05
SVHN,ConvNetBN,9-2,21188,2,19,155,2.915214558640855e-08,1.1263173727016351e-09,0.0
SVHN,ConvNetBN,9-2,21188,2,20,155,1.2338299271164033e-08,3.931593661743449e-10,0.0
SVHN,ConvNetBN,9-2,21188,2,21,156,5.276449499547198e-09,3.006560694851501e-10,0.0
SVHN,ConvNetBN,9-2,21188,2,22,155,1.9176633614392813e-09,4.6546502763256115e-11,0.0
SVHN,ConvNetBN,9-2,21188,2,23,155,7.549459946076809e-10,5.7486442689436146e-11,0.0
SVHN,ConvNetBN,9-2,21188,2,24,156,3.199298326261868e-10,1.3200804165058866e-11,0.0
SVHN,ConvNetBN,9-2,21188,2,25,155,9.632249164948092e-11,5.794120391811042e-12,0.0
SVHN,ConvNetBN,9-2,21188,2,26,155,3.09395842279514e-11,3.0986782150604908e-12,0.0
SVHN,ConvNetBN,9-2,21188,2,27,156,8.115785387480257e-12,1.0209039017806953e-12,0.0
SVHN,ConvNetBN,9-2,21188,2,28,155,1.8763157260542895e-12,1.7536667918597454e-13,0.0
SVHN,ConvNetBN,9-2,21188,2,29,155,2.12253893389254e-13,5.001242001372204e-14,0.0
SVHN,ConvNetBN,9-2,21188,2,30,155,3.646351477053569e-15,2.415761258975314e-16,0.0
SVHN,ConvNetBN,9-2,21188,3,1,156,0.06470318511128426,4.4711949825286865,11.380851745605469
SVHN,ConvNetBN,9-2,21188,3,2,155,0.02485504187643528,1.776643991470337,4.5877685546875
SVHN,ConvNetBN,9-2,21188,3,3,155,0.013283362612128258,1.0692861080169678,2.1481781005859375
SVHN,ConvNetBN,9-2,21188,3,4,156,0.006797445239499211,0.487409383058548,1.0535736083984375
SVHN,ConvNetBN,9-2,21188,3,5,155,0.0035976918879896402,0.2581979036331177,0.609283447265625
SVHN,ConvNetBN,9-2,21188,3,6,155,0.0018835883820429444,0.13987404108047485,0.30896759033203125
SVHN,ConvNetBN,9-2,21188,3,7,156,0.0009580859623383731,0.07374092936515808,0.14233636856079102
SVHN,ConvNetBN,9-2,21188,3,8,155,0.00047214614460244775,0.03815300017595291,0.06157684326171875
SVHN,ConvNetBN,9-2,21188,3,9,155,0.00021132825349923223,0.0148393539711833,0.0310211181640625
SVHN,ConvNetBN,9-2,21188,3,10,155,0.00010293230297975242,0.007920392788946629,0.01397705078125
SVHN,ConvNetBN,9-2,21188,3,11,156,5.156671250006184e-05,0.004319924861192703,0.00803375244140625
SVHN,ConvNetBN,9-2,21188,3,12,155,2.2097303371992894e-05,0.001965841045603156,0.002994537353515625
SVHN,ConvNetBN,9-2,21188,3,13,155,8.927437193051446e-06,0.000704520323779434,0.001007080078125
SVHN,ConvNetBN,9-2,21188,3,14,156,4.010524207842536e-06,0.00033389797317795455,0.000579833984375
SVHN,ConvNetBN,9-2,21188,3,15,155,1.9775952750933357e-06,0.00015805766452103853,0.00028228759765625
SVHN,ConvNetBN,9-2,21188,3,16,155,8.81039170508302e-07,6.984954961808398e-05,0.0001220703125
SVHN,ConvNetBN,9-2,21188,3,17,156,3.362952014640541e-07,2.9266837373143062e-05,4.57763671875e-05
SVHN,ConvNetBN,9-2,21188,3,18,155,1.589715878935749e-07,1.3389696505328175e-05,3.0517578125e-05
SVHN,ConvNetBN,9-2,21188,3,19,155,3.9958230502179504e-08,5.0671644657995785e-09,3.814697265625e-06
SVHN,ConvNetBN,9-2,21188,3,20,155,1.6250492507197123e-08,8.87751094857947e-10,0.0
SVHN,ConvNetBN,9-2,21188,3,21,156,5.828620031067544e-09,2.0462620486938476e-09,0.0
SVHN,ConvNetBN,9-2,21188,3,22,155,2.0485286800209224e-09,5.458420382353779e-10,0.0
SVHN,ConvNetBN,9-2,21188,3,23,155,6.687858600251673e-10,1.8338126850370173e-10,0.0
SVHN,ConvNetBN,9-2,21188,3,24,156,2.1268652811157196e-10,3.966705436342366e-11,0.0
SVHN,ConvNetBN,9-2,21188,3,25,155,6.915476524760322e-11,1.9134166473477876e-11,0.0
SVHN,ConvNetBN,9-2,21188,3,26,155,2.0153028551517238e-11,5.343850362216074e-12,0.0
SVHN,ConvNetBN,9-2,21188,3,27,156,4.832560133311015e-12,2.241233565923595e-12,0.0
SVHN,ConvNetBN,9-2,21188,3,28,155,7.828605927580334e-13,1.3471876609064126e-12,0.0
SVHN,ConvNetBN,9-2,21188,3,29,155,7.7843005479028e-14,3.06764975834678e-14,0.0
SVHN,ConvNetBN,9-2,21188,3,30,155,2.536000232816022e-16,7.624597514956126e-17,0.0
SVHN,ConvNetBN,9-2,21188,4,1,156,0.9581566154956818,27.122323989868164,232.3903350830078
SVHN,ConvNetBN,9-2,21188,4,2,155,0.4974266588687897,14.591413497924805,92.7878189086914
SVHN,ConvNetBN,9-2,21188,4,3,155,0.2865963876247406,8.188448905944824,47.19244384765625
SVHN,ConvNetBN,9-2,21188,4,4,156,0.16975567489862442,5.209435939788818,31.83483123779297
SVHN,ConvNetBN,9-2,21188,4,5,155,0.1099960133433342,3.6895716190338135,18.991403579711914
SVHN,ConvNetBN,9-2,21188,4,6,155,0.06838582456111908,2.228116273880005,12.38372802734375
SVHN,ConvNetBN,9-2,21188,4,7,156,0.0400095209479332,1.2985860705375671,6.569091796875
SVHN,ConvNetBN,9-2,21188,4,8,155,0.024611711502075195,0.8329036831855774,3.8087615966796875
SVHN,ConvNetBN,9-2,21188,4,9,155,0.013839669525623322,0.4288918972015381,1.6662750244140625
SVHN,ConvNetBN,9-2,21188,4,10,155,0.008475864306092262,0.2752755284309387,1.18768310546875
SVHN,ConvNetBN,9-2,21188,4,11,156,0.004974039504304528,0.17223276942968369,0.8248291015625
SVHN,ConvNetBN,9-2,21188,4,12,155,0.00302479462698102,0.10179165005683899,0.4205780029296875
SVHN,ConvNetBN,9-2,21188,4,13,155,0.0016907777171581984,0.05656620115041733,0.215576171875
SVHN,ConvNetBN,9-2,21188,4,14,156,0.001028882572427392,0.035795366391539574,0.13651275634765625
SVHN,ConvNetBN,9-2,21188,4,15,155,0.0005993100348860025,0.020518291741609573,0.08142852783203125
SVHN,ConvNetBN,9-2,21188,4,16,155,0.0003470421943347901,0.01226501353085041,0.039112091064453125
SVHN,ConvNetBN,9-2,21188,4,17,156,0.00019413088011788204,0.007193071534857154,0.027744293212890625
SVHN,ConvNetBN,9-2,21188,4,18,155,0.00011116993118776008,0.003851552726700902,0.01409912109375
SVHN,ConvNetBN,9-2,21188,4,19,155,6.860076973680407e-05,0.0024727722629904747,0.00949859619140625
SVHN,ConvNetBN,9-2,21188,4,20,155,3.8507612771354616e-05,0.0014441658277064562,0.0047149658203125
SVHN,ConvNetBN,9-2,21188,4,21,156,2.3485426027036738e-05,0.0009114585991483182,0.00299072265625
SVHN,ConvNetBN,9-2,21188,4,22,155,1.2631338904611766e-05,0.0004894363810308278,0.00154876708984375
SVHN,ConvNetBN,9-2,21188,4,23,155,6.698459856124828e-06,0.0002595279074739665,0.0008544921875
SVHN,ConvNetBN,9-2,21188,4,24,156,3.2411359143225127e-06,0.00013073105219518766,0.000396728515625
SVHN,ConvNetBN,9-2,21188,4,25,155,1.6170603203136125e-06,6.783659773645923e-05,0.0001983642578125
SVHN,ConvNetBN,9-2,21188,4,26,155,6.906312250976043e-07,2.7082773158326745e-05,9.1552734375e-05
SVHN,ConvNetBN,9-2,21188,4,27,156,2.891968904350506e-07,1.0992419902322581e-05,3.0517578125e-05
SVHN,ConvNetBN,9-2,21188,4,28,155,5.0585665434255134e-08,1.0247051704936894e-06,8.106231689453125e-06
SVHN,ConvNetBN,9-2,21188,4,29,155,1.133768279260039e-08,8.88007090082965e-09,0.0
SVHN,ConvNetBN,9-2,21188,4,30,155,5.173829698001953e-10,2.149954658747788e-10,0.0
SVHN,ConvNetBN,9-2,23519,0,1,156,0.08079607412219048,6.556769609451294,20.60761260986328
SVHN,ConvNetBN,9-2,23519,0,2,155,0.031154971569776535,2.3264505863189697,7.271186828613281
SVHN,ConvNetBN,9-2,23519,0,3,155,0.015188348479568958,1.1853387355804443,3.020111083984375
SVHN,ConvNetBN,9-2,23519,0,4,156,0.0077346935868263245,0.597771167755127,1.7211151123046875
SVHN,ConvNetBN,9-2,23519,0,5,155,0.0038739528972655535,0.3017159104347229,0.681488037109375
SVHN,ConvNetBN,9-2,23519,0,6,155,0.0021094500552862883,0.16819871962070465,0.3419189453125
SVHN,ConvNetBN,9-2,23519,0,7,156,0.0010318065760657191,0.08913690224289894,0.17949295043945312
SVHN,ConvNetBN,9-2,23519,0,8,155,0.00043803322478197515,0.0363522432744503,0.0811614990234375
SVHN,ConvNetBN,9-2,23519,0,9,155,0.0002149526699213311,0.016855109483003616,0.040069580078125
SVHN,ConvNetBN,9-2,23519,0,10,155,0.0001027104226523079,0.008556091226637363,0.0188751220703125
SVHN,ConvNetBN,9-2,23519,0,11,156,5.4815445764688775e-05,0.004277281695976853,0.01068878173828125
SVHN,ConvNetBN,9-2,23519,0,12,155,2.358741403440945e-05,0.0020262065809220076,0.0046405792236328125
SVHN,ConvNetBN,9-2,23519,0,13,155,1.110345601773588e-05,0.0009166446980088949,0.00152587890625
SVHN,ConvNetBN,9-2,23519,0,14,156,4.67365066469938e-06,0.0004102972598047927,0.000606536865234375
SVHN,ConvNetBN,9-2,23519,0,15,155,2.0823954400839284e-06,0.00018384169379714876,0.000335693359375
SVHN,ConvNetBN,9-2,23519,0,16,155,8.475973913846246e-07,6.79292788845487e-05,0.0001373291015625
SVHN,ConvNetBN,9-2,23519,0,17,156,3.4131593906749913e-07,2.8995476895943284e-05,6.008148193359375e-05
SVHN,ConvNetBN,9-2,23519,0,18,155,1.5653600371479115e-07,1.3962125194666442e-05,2.288818359375e-05
SVHN,ConvNetBN,9-2,23519,0,19,155,4.066757242071617e-08,2.898865680833751e-08,7.62939453125e-06
SVHN,ConvNetBN,9-2,23519,0,20,155,1.7333709578792877e-08,3.007884163963581e-09,0.0
SVHN,ConvNetBN,9-2,23519,0,21,156,7.041117466854985e-09,2.2081999562217902e-09,0.0
SVHN,ConvNetBN,9-2,23519,0,22,155,2.518530717310341e-09,4.2789291554434783e-10,0.0
SVHN,ConvNetBN,9-2,23519,0,23,155,9.661889066592266e-10,1.394313137170755e-10,0.0
SVHN,ConvNetBN,9-2,23519,0,24,156,3.0639282777578103e-10,6.29002232244158e-11,0.0
SVHN,ConvNetBN,9-2,23519,0,25,155,1.0175765785547242e-10,4.68429704747475e-11,0.0
SVHN,ConvNetBN,9-2,23519,0,26,155,2.941073426465657e-11,2.5275654833012418e-11,0.0
SVHN,ConvNetBN,9-2,23519,0,27,156,6.742602136344811e-12,2.7434398069264843e-12,0.0
SVHN,ConvNetBN,9-2,23519,0,28,155,1.3171702227185444e-12,1.0229422560750767e-12,0.0
SVHN,ConvNetBN,9-2,23519,0,29,155,9.548460112862589e-14,1.537870139122887e-14,0.0
SVHN,ConvNetBN,9-2,23519,0,30,155,6.413891236495988e-16,1.5135053369802796e-16,0.0
SVHN,ConvNetBN,9-2,23519,1,1,156,1.0977012515068054,28.965492248535156,134.6064682006836
SVHN,ConvNetBN,9-2,23519,1,2,155,0.6349021196365356,17.737028121948242,66.62037658691406
SVHN,ConvNetBN,9-2,23519,1,3,155,0.3762548565864563,11.077404022216797,36.54143524169922
SVHN,ConvNetBN,9-2,23519,1,4,156,0.20628441125154495,5.8586931228637695,23.150102615356445
SVHN,ConvNetBN,9-2,23519,1,5,155,0.1259191781282425,3.9562933444976807,16.293289184570312
SVHN,ConvNetBN,9-2,23519,1,6,155,0.08050840348005295,2.382300615310669,8.876693725585938
SVHN,ConvNetBN,9-2,23519,1,7,156,0.050278954207897186,1.6100401282310486,5.926495552062988
SVHN,ConvNetBN,9-2,23519,1,8,155,0.031140556558966637,0.9515306353569031,3.22216796875
SVHN,ConvNetBN,9-2,23519,1,9,155,0.018529700115323067,0.5806867480278015,2.1077728271484375
SVHN,ConvNetBN,9-2,23519,1,10,155,0.011911527253687382,0.3867188096046448,1.080841064453125
SVHN,ConvNetBN,9-2,23519,1,11,156,0.006709567969664931,0.22787026315927505,0.8568305969238281
SVHN,ConvNetBN,9-2,23519,1,12,155,0.004411214031279087,0.14859089255332947,0.5203933715820312
SVHN,ConvNetBN,9-2,23519,1,13,155,0.00276758661493659,0.09006774425506592,0.2567462921142578
SVHN,ConvNetBN,9-2,23519,1,14,156,0.0016830377862788737,0.05233161523938179,0.20458269119262695
SVHN,ConvNetBN,9-2,23519,1,15,155,0.0009611257119104266,0.03168921172618866,0.10433006286621094
SVHN,ConvNetBN,9-2,23519,1,16,155,0.0006031927186995745,0.02099400758743286,0.0677337646484375
SVHN,ConvNetBN,9-2,23519,1,17,156,0.000368013177649118,0.012271267361938953,0.04741954803466797
SVHN,ConvNetBN,9-2,23519,1,18,155,0.00023784649965818971,0.00796289648860693,0.029022216796875
SVHN,ConvNetBN,9-2,23519,1,19,155,0.00013838664744980633,0.0048652347177267075,0.016311287879943848
SVHN,ConvNetBN,9-2,23519,1,20,155,8.022202382562682e-05,0.0026502262335270643,0.0096282958984375
SVHN,ConvNetBN,9-2,23519,1,21,156,4.926176734443288e-05,0.0018658590852282941,0.006806850433349609
SVHN,ConvNetBN,9-2,23519,1,22,155,2.7632666387944482e-05,0.0010158838704228401,0.00372314453125
SVHN,ConvNetBN,9-2,23519,1,23,155,1.7252281395485625e-05,0.0005884318961761892,0.0020294189453125
SVHN,ConvNetBN,9-2,23519,1,24,156,9.087715170608135e-06,0.000337348974426277,0.00136566162109375
SVHN,ConvNetBN,9-2,23519,1,25,155,4.891780918114819e-06,0.00017233946709893644,0.0006866455078125
SVHN,ConvNetBN,9-2,23519,1,26,155,2.541483354434604e-06,9.259505895897746e-05,0.0003509521484375
SVHN,ConvNetBN,9-2,23519,1,27,156,1.1121737202302029e-06,4.036108293803409e-05,0.000164031982421875
SVHN,ConvNetBN,9-2,23519,1,28,155,4.1301709075014514e-07,1.6259937183349393e-05,6.866455078125e-05
SVHN,ConvNetBN,9-2,23519,1,29,155,1.4182042207266932e-07,5.2297741603979375e-06,1.52587890625e-05
SVHN,ConvNetBN,9-2,23519,1,30,155,5.829900118214937e-09,1.126233328818671e-08,0.0
SVHN,ConvNetBN,9-2,23519,2,1,156,0.052028922364115715,3.762951135635376,19.272216796875
SVHN,ConvNetBN,9-2,23519,2,2,155,0.01998249627649784,1.538723349571228,7.373931884765625
SVHN,ConvNetBN,9-2,23519,2,3,155,0.010850237682461739,0.8716397285461426,3.2436981201171875
SVHN,ConvNetBN,9-2,23519,2,4,156,0.005697222892194986,0.4648880362510681,2.1929550170898438
SVHN,ConvNetBN,9-2,23519,2,5,155,0.0030478087719529867,0.25085964798927307,1.01397705078125
SVHN,ConvNetBN,9-2,23519,2,6,155,0.0014913539635017514,0.12203403562307358,0.521728515625
SVHN,ConvNetBN,9-2,23519,2,7,156,0.0008178419375326484,0.0718541145324707,0.26099395751953125
SVHN,ConvNetBN,9-2,23519,2,8,155,0.0003658784262370318,0.03102615661919117,0.12371826171875
SVHN,ConvNetBN,9-2,23519,2,9,155,0.00018283622921444476,0.016532661393284798,0.05633544921875
SVHN,ConvNetBN,9-2,23519,2,10,155,7.651459600310773e-05,0.00679717818275094,0.02398681640625
SVHN,ConvNetBN,9-2,23519,2,11,156,3.6444740544538945e-05,0.00315317464992404,0.0123443603515625
SVHN,ConvNetBN,9-2,23519,2,12,155,1.651033562666271e-05,0.001503318315371871,0.00537109375
SVHN,ConvNetBN,9-2,23519,2,13,155,7.028700110822683e-06,0.0006482816534116864,0.00202178955078125
SVHN,ConvNetBN,9-2,23519,2,14,156,3.0513632509610034e-06,0.00026873302704188973,0.00079345703125
SVHN,ConvNetBN,9-2,23519,2,15,155,1.3602166291093454e-06,0.00012172207061666995,0.000339508056640625
SVHN,ConvNetBN,9-2,23519,2,16,155,6.190632575453492e-07,5.378882269724272e-05,0.00016021728515625
SVHN,ConvNetBN,9-2,23519,2,17,156,2.9961064740291476e-07,2.4319316253240686e-05,6.103515625e-05
SVHN,ConvNetBN,9-2,23519,2,18,155,1.3950983657196048e-07,1.3404883247858379e-05,3.0517578125e-05
SVHN,ConvNetBN,9-2,23519,2,19,155,2.915214558640855e-08,1.0514280557316624e-09,0.0
SVHN,ConvNetBN,9-2,23519,2,20,155,1.2338299271164033e-08,4.815647325351335e-10,0.0
SVHN,ConvNetBN,9-2,23519,2,21,156,5.276449499547198e-09,2.7134787472515853e-10,0.0
SVHN,ConvNetBN,9-2,23519,2,22,155,1.9176633614392813e-09,4.8284928139130656e-11,0.0
SVHN,ConvNetBN,9-2,23519,2,23,155,7.549459946076809e-10,5.948787296095048e-11,0.0
SVHN,ConvNetBN,9-2,23519,2,24,156,3.199298326261868e-10,1.5697615950160948e-11,0.0
SVHN,ConvNetBN,9-2,23519,2,25,155,9.632249164948092e-11,7.42713616302959e-12,0.0
SVHN,ConvNetBN,9-2,23519,2,26,155,3.09395842279514e-11,2.4723558703781956e-12,0.0
SVHN,ConvNetBN,9-2,23519,2,27,156,8.115785387480257e-12,1.1791493345972293e-12,0.0
SVHN,ConvNetBN,9-2,23519,2,28,155,1.8763157260542895e-12,1.979051959203476e-13,0.0
SVHN,ConvNetBN,9-2,23519,2,29,155,2.12253893389254e-13,5.3747825146718137e-14,0.0
SVHN,ConvNetBN,9-2,23519,2,30,155,3.646351477053569e-15,2.167160000631933e-16,0.0
SVHN,ConvNetBN,9-2,23519,3,1,156,0.06470318511128426,5.50544285774231,7.686912536621094
SVHN,ConvNetBN,9-2,23519,3,2,155,0.02485504187643528,2.1224441528320312,3.366943359375
SVHN,ConvNetBN,9-2,23519,3,3,155,0.013283362612128258,1.2690293788909912,1.4831695556640625
SVHN,ConvNetBN,9-2,23519,3,4,156,0.006797445239499211,0.6599301099777222,0.9560356140136719
SVHN,ConvNetBN,9-2,23519,3,5,155,0.0035976918879896402,0.31613689661026,0.4211578369140625
SVHN,ConvNetBN,9-2,23519,3,6,155,0.0018835883820429444,0.1754533052444458,0.226776123046875
SVHN,ConvNetBN,9-2,23519,3,7,156,0.0009580859623383731,0.09249440208077431,0.12111282348632812
SVHN,ConvNetBN,9-2,23519,3,8,155,0.00047214614460244775,0.04736056178808212,0.0518646240234375
SVHN,ConvNetBN,9-2,23519,3,9,155,0.00021132825349923223,0.019381433725357056,0.024446487426757812
SVHN,ConvNetBN,9-2,23519,3,10,155,0.00010293230297975242,0.010457769967615604,0.013072967529296875
SVHN,ConvNetBN,9-2,23519,3,11,156,5.156671250006184e-05,0.005341073265299201,0.007183074951171875
SVHN,ConvNetBN,9-2,23519,3,12,155,2.2097303371992894e-05,0.002516341395676136,0.0024862289428710938
SVHN,ConvNetBN,9-2,23519,3,13,155,8.927437193051446e-06,0.0009341824916191399,0.0012664794921875
SVHN,ConvNetBN,9-2,23519,3,14,156,4.010524207842536e-06,0.0004318201681599021,0.0005903244018554688
SVHN,ConvNetBN,9-2,23519,3,15,155,1.9775952750933357e-06,0.0002030238538281992,0.000244140625
SVHN,ConvNetBN,9-2,23519,3,16,155,8.81039170508302e-07,9.336995572084561e-05,0.0001220703125
SVHN,ConvNetBN,9-2,23519,3,17,156,3.362952014640541e-07,3.9409771488863043e-05,5.340576171875e-05
SVHN,ConvNetBN,9-2,23519,3,18,155,1.589715878935749e-07,1.7922779079526663e-05,3.0517578125e-05
SVHN,ConvNetBN,9-2,23519,3,19,155,3.9958230502179504e-08,6.680344721843312e-09,1.9073486328125e-06
SVHN,ConvNetBN,9-2,23519,3,20,155,1.6250492507197123e-08,1.1113898690240376e-09,0.0
SVHN,ConvNetBN,9-2,23519,3,21,156,5.828620031067544e-09,2.5084139210207468e-09,0.0
SVHN,ConvNetBN,9-2,23519,3,22,155,2.0485286800209224e-09,7.081906727712806e-10,0.0
SVHN,ConvNetBN,9-2,23519,3,23,155,6.687858600251673e-10,2.384406838640274e-10,0.0
SVHN,ConvNetBN,9-2,23519,3,24,156,2.1268652811157196e-10,4.716455004327713e-11,0.0
SVHN,ConvNetBN,9-2,23519,3,25,155,6.915476524760322e-11,2.7052785359082954e-11,0.0
SVHN,ConvNetBN,9-2,23519,3,26,155,2.0153028551517238e-11,7.242291835685144e-12,0.0
SVHN,ConvNetBN,9-2,23519,3,27,156,4.832560133311015e-12,2.9320004540575595e-12,0.0
SVHN,ConvNetBN,9-2,23519,3,28,155,7.828605927580334e-13,1.4132183921364283e-12,0.0
SVHN,ConvNetBN,9-2,23519,3,29,155,7.7843005479028e-14,4.101930180613368e-14,0.0
SVHN,ConvNetBN,9-2,23519,3,30,155,2.536000232816022e-16,1.1659272199590495e-16,0.0
SVHN,ConvNetBN,9-2,23519,4,1,156,0.9581566154956818,29.440266609191895,252.51456451416016
SVHN,ConvNetBN,9-2,23519,4,2,155,0.4974266588687897,17.921112060546875,89.18086242675781
SVHN,ConvNetBN,9-2,23519,4,3,155,0.2865963876247406,10.324239730834961,48.385833740234375
SVHN,ConvNetBN,9-2,23519,4,4,156,0.16975567489862442,6.519545555114746,31.078155517578125
SVHN,ConvNetBN,9-2,23519,4,5,155,0.1099960133433342,4.517170429229736,25.537109375
SVHN,ConvNetBN,9-2,23519,4,6,155,0.06838582456111908,2.8012146949768066,12.537979125976562
SVHN,ConvNetBN,9-2,23519,4,7,156,0.0400095209479332,1.6243181228637695,6.822770595550537
SVHN,ConvNetBN,9-2,23519,4,8,155,0.024611711502075195,1.068764090538025,4.17193603515625
SVHN,ConvNetBN,9-2,23519,4,9,155,0.013839669525623322,0.5647608637809753,2.432048797607422
SVHN,ConvNetBN,9-2,23519,4,10,155,0.008475864306092262,0.33806028962135315,1.467498779296875
SVHN,ConvNetBN,9-2,23519,4,11,156,0.004974039504304528,0.21759094297885895,0.7959632873535156
SVHN,ConvNetBN,9-2,23519,4,12,155,0.00302479462698102,0.12804622948169708,0.5225410461425781
SVHN,ConvNetBN,9-2,23519,4,13,155,0.0016907777171581984,0.07080662250518799,0.252349853515625
SVHN,ConvNetBN,9-2,23519,4,14,156,0.001028882572427392,0.046165015548467636,0.16425704956054688
SVHN,ConvNetBN,9-2,23519,4,15,155,0.0005993100348860025,0.026403021067380905,0.09686279296875
SVHN,ConvNetBN,9-2,23519,4,16,155,0.0003470421943347901,0.015611743554472923,0.0496826171875
SVHN,ConvNetBN,9-2,23519,4,17,156,0.00019413088011788204,0.00925771240144968,0.03653430938720703
SVHN,ConvNetBN,9-2,23519,4,18,155,0.00011116993118776008,0.004867527633905411,0.0181427001953125
SVHN,ConvNetBN,9-2,23519,4,19,155,6.860076973680407e-05,0.0034145736135542393,0.01019287109375
SVHN,ConvNetBN,9-2,23519,4,20,155,3.8507612771354616e-05,0.0018749769078567624,0.005859375
SVHN,ConvNetBN,9-2,23519,4,21,156,2.3485426027036738e-05,0.0011345147504471242,0.00360107421875
SVHN,ConvNetBN,9-2,23519,4,22,155,1.2631338904611766e-05,0.0006605111411772668,0.00189971923828125
SVHN,ConvNetBN,9-2,23519,4,23,155,6.698459856124828e-06,0.00034078204771503806,0.00104522705078125
SVHN,ConvNetBN,9-2,23519,4,24,156,3.2411359143225127e-06,0.0001788606750778854,0.000514984130859375
SVHN,ConvNetBN,9-2,23519,4,25,155,1.6170603203136125e-06,8.509728650096804e-05,0.000274658203125
SVHN,ConvNetBN,9-2,23519,4,26,155,6.906312250976043e-07,3.76881544070784e-05,0.0001220703125
SVHN,ConvNetBN,9-2,23519,4,27,156,2.891968904350506e-07,1.4913545328454347e-05,6.103515625e-05
SVHN,ConvNetBN,9-2,23519,4,28,155,5.0585665434255134e-08,1.3514659258362371e-06,1.52587890625e-05
SVHN,ConvNetBN,9-2,23519,4,29,155,1.133768279260039e-08,1.2245071623340209e-08,0.0
SVHN,ConvNetBN,9-2,23519,4,30,155,5.173829698001953e-10,3.3901514928658116e-10,0.0
SVHN,ConvNetBN,9-2,24675,0,1,156,0.08079607412219048,5.237122058868408,16.61770248413086
SVHN,ConvNetBN,9-2,24675,0,2,155,0.031154971569776535,2.0115556716918945,6.657218933105469
SVHN,ConvNetBN,9-2,24675,0,3,155,0.015188348479568958,0.9713563323020935,3.1987380981445312
SVHN,ConvNetBN,9-2,24675,0,4,156,0.0077346935868263245,0.46633194386959076,1.7877426147460938
SVHN,ConvNetBN,9-2,24675,0,5,155,0.0038739528972655535,0.2411963790655136,0.858154296875
SVHN,ConvNetBN,9-2,24675,0,6,155,0.0021094500552862883,0.13697108626365662,0.41180419921875
SVHN,ConvNetBN,9-2,24675,0,7,156,0.0010318065760657191,0.06642274931073189,0.22311019897460938
SVHN,ConvNetBN,9-2,24675,0,8,155,0.00043803322478197515,0.028093615546822548,0.083648681640625
SVHN,ConvNetBN,9-2,24675,0,9,155,0.0002149526699213311,0.013214999809861183,0.04158782958984375
SVHN,ConvNetBN,9-2,24675,0,10,155,0.0001027104226523079,0.006732110865414143,0.02093505859375
SVHN,ConvNetBN,9-2,24675,0,11,156,5.4815445764688775e-05,0.0035703806206583977,0.011249542236328125
SVHN,ConvNetBN,9-2,24675,0,12,155,2.358741403440945e-05,0.0015496223932132125,0.00495147705078125
SVHN,ConvNetBN,9-2,24675,0,13,155,1.110345601773588e-05,0.0007027847459539771,0.0019989013671875
SVHN,ConvNetBN,9-2,24675,0,14,156,4.67365066469938e-06,0.00030584332125727087,0.0008544921875
SVHN,ConvNetBN,9-2,24675,0,15,155,2.0823954400839284e-06,0.00013849981769453734,0.00042724609375
SVHN,ConvNetBN,9-2,24675,0,16,155,8.475973913846246e-07,5.3367566579254344e-05,0.00018310546875
SVHN,ConvNetBN,9-2,24675,0,17,156,3.4131593906749913e-07,2.3896632228570525e-05,6.103515625e-05
SVHN,ConvNetBN,9-2,24675,0,18,155,1.5653600371479115e-07,1.0991676390403882e-05,3.0517578125e-05
SVHN,ConvNetBN,9-2,24675,0,19,155,4.066757242071617e-08,2.583306546455333e-08,3.814697265625e-06
SVHN,ConvNetBN,9-2,24675,0,20,155,1.7333709578792877e-08,2.0745123396892495e-09,0.0
SVHN,ConvNetBN,9-2,24675,0,21,156,7.041117466854985e-09,1.5127977759377131e-09,0.0
SVHN,ConvNetBN,9-2,24675,0,22,155,2.518530717310341e-09,3.8643249711256544e-10,0.0
SVHN,ConvNetBN,9-2,24675,0,23,155,9.661889066592266e-10,1.2485165679088084e-10,0.0
SVHN,ConvNetBN,9-2,24675,0,24,156,3.0639282777578103e-10,4.831105654412582e-11,0.0
SVHN,ConvNetBN,9-2,24675,0,25,155,1.0175765785547242e-10,4.032893463623566e-11,0.0
SVHN,ConvNetBN,9-2,24675,0,26,155,2.941073426465657e-11,1.922972718559901e-11,0.0
SVHN,ConvNetBN,9-2,24675,0,27,156,6.742602136344811e-12,1.901513235064156e-12,0.0
SVHN,ConvNetBN,9-2,24675,0,28,155,1.3171702227185444e-12,7.414174526057526e-13,0.0
SVHN,ConvNetBN,9-2,24675,0,29,155,9.548460112862589e-14,1.1316952251347583e-14,0.0
SVHN,ConvNetBN,9-2,24675,0,30,155,6.413891236495988e-16,1.2119420201208434e-16,0.0
SVHN,ConvNetBN,9-2,24675,1,1,156,1.0977012515068054,28.598793983459473,125.83161926269531
SVHN,ConvNetBN,9-2,24675,1,2,155,0.6349021196365356,16.16588020324707,59.46831512451172
SVHN,ConvNetBN,9-2,24675,1,3,155,0.3762548565864563,10.508771896362305,37.54247283935547
SVHN,ConvNetBN,9-2,24675,1,4,156,0.20628441125154495,5.545283794403076,19.63732147216797
SVHN,ConvNetBN,9-2,24675,1,5,155,0.1259191781282425,3.571082353591919,13.51800537109375
SVHN,ConvNetBN,9-2,24675,1,6,155,0.08050840348005295,2.268782615661621,9.006061553955078
SVHN,ConvNetBN,9-2,24675,1,7,156,0.050278954207897186,1.4638155102729797,5.1079065799713135
SVHN,ConvNetBN,9-2,24675,1,8,155,0.031140556558966637,0.8957257866859436,2.754908800125122
SVHN,ConvNetBN,9-2,24675,1,9,155,0.018529700115323067,0.5234135985374451,2.009471893310547
SVHN,ConvNetBN,9-2,24675,1,10,155,0.011911527253687382,0.3265399634838104,1.0198688507080078
SVHN,ConvNetBN,9-2,24675,1,11,156,0.006709567969664931,0.20319581031799316,0.6360855102539062
SVHN,ConvNetBN,9-2,24675,1,12,155,0.004411214031279087,0.1343620866537094,0.416748046875
SVHN,ConvNetBN,9-2,24675,1,13,155,0.00276758661493659,0.07451099157333374,0.22159576416015625
SVHN,ConvNetBN,9-2,24675,1,14,156,0.0016830377862788737,0.04790365323424339,0.1565093994140625
SVHN,ConvNetBN,9-2,24675,1,15,155,0.0009611257119104266,0.027290470898151398,0.08770751953125
SVHN,ConvNetBN,9-2,24675,1,16,155,0.0006031927186995745,0.01888209953904152,0.060272216796875
SVHN,ConvNetBN,9-2,24675,1,17,156,0.000368013177649118,0.011162942741066217,0.04170799255371094
SVHN,ConvNetBN,9-2,24675,1,18,155,0.00023784649965818971,0.006929204799234867,0.018707275390625
SVHN,ConvNetBN,9-2,24675,1,19,155,0.00013838664744980633,0.004143009893596172,0.011043548583984375
SVHN,ConvNetBN,9-2,24675,1,20,155,8.022202382562682e-05,0.0022629762534052134,0.0058994293212890625
SVHN,ConvNetBN,9-2,24675,1,21,156,4.926176734443288e-05,0.0015560654574073851,0.0041961669921875
SVHN,ConvNetBN,9-2,24675,1,22,155,2.7632666387944482e-05,0.0008870584424585104,0.002468109130859375
SVHN,ConvNetBN,9-2,24675,1,23,155,1.7252281395485625e-05,0.0005313971778377891,0.00115966796875
SVHN,ConvNetBN,9-2,24675,1,24,156,9.087715170608135e-06,0.0002893790660891682,0.00075531005859375
SVHN,ConvNetBN,9-2,24675,1,25,155,4.891780918114819e-06,0.00014807646221015602,0.0003814697265625
SVHN,ConvNetBN,9-2,24675,1,26,155,2.541483354434604e-06,7.997961802175269e-05,0.0001983642578125
SVHN,ConvNetBN,9-2,24675,1,27,156,1.1121737202302029e-06,3.5821078199660406e-05,7.724761962890625e-05
SVHN,ConvNetBN,9-2,24675,1,28,155,4.1301709075014514e-07,1.3212429621489719e-05,3.0517578125e-05
SVHN,ConvNetBN,9-2,24675,1,29,155,1.4182042207266932e-07,4.560961770039285e-06,7.62939453125e-06
SVHN,ConvNetBN,9-2,24675,1,30,155,5.829900118214937e-09,8.67751381861126e-09,0.0
SVHN,ConvNetBN,9-2,24675,2,1,156,0.052028922364115715,3.737321138381958,13.078765869140625
SVHN,ConvNetBN,9-2,24675,2,2,155,0.01998249627649784,1.3694173097610474,4.6813507080078125
SVHN,ConvNetBN,9-2,24675,2,3,155,0.010850237682461739,0.8012086153030396,2.3084564208984375
SVHN,ConvNetBN,9-2,24675,2,4,156,0.005697222892194986,0.4467367082834244,1.196044921875
SVHN,ConvNetBN,9-2,24675,2,5,155,0.0030478087719529867,0.236336350440979,0.71722412109375
SVHN,ConvNetBN,9-2,24675,2,6,155,0.0014913539635017514,0.11455629020929337,0.32781982421875
SVHN,ConvNetBN,9-2,24675,2,7,156,0.0008178419375326484,0.06194205954670906,0.1649017333984375
SVHN,ConvNetBN,9-2,24675,2,8,155,0.0003658784262370318,0.029256576672196388,0.081634521484375
SVHN,ConvNetBN,9-2,24675,2,9,155,0.00018283622921444476,0.015075470320880413,0.04705238342285156
SVHN,ConvNetBN,9-2,24675,2,10,155,7.651459600310773e-05,0.00605997908860445,0.01811981201171875
SVHN,ConvNetBN,9-2,24675,2,11,156,3.6444740544538945e-05,0.002897786907851696,0.0084075927734375
SVHN,ConvNetBN,9-2,24675,2,12,155,1.651033562666271e-05,0.0013204128481447697,0.0038909912109375
SVHN,ConvNetBN,9-2,24675,2,13,155,7.028700110822683e-06,0.0005674700951203704,0.001617431640625
SVHN,ConvNetBN,9-2,24675,2,14,156,3.0513632509610034e-06,0.0002492432977305725,0.000629425048828125
SVHN,ConvNetBN,9-2,24675,2,15,155,1.3602166291093454e-06,0.00011094746150774881,0.0002899169921875
SVHN,ConvNetBN,9-2,24675,2,16,155,6.190632575453492e-07,4.767736027133651e-05,0.000152587890625
SVHN,ConvNetBN,9-2,24675,2,17,156,2.9961064740291476e-07,2.1232952349237166e-05,5.340576171875e-05
SVHN,ConvNetBN,9-2,24675,2,18,155,1.3950983657196048e-07,1.0949093848466873e-05,1.9073486328125e-05
SVHN,ConvNetBN,9-2,24675,2,19,155,2.915214558640855e-08,7.790440514909847e-10,0.0
SVHN,ConvNetBN,9-2,24675,2,20,155,1.2338299271164033e-08,3.93777621621183e-10,0.0
SVHN,ConvNetBN,9-2,24675,2,21,156,5.276449499547198e-09,2.2626728268804186e-10,0.0
SVHN,ConvNetBN,9-2,24675,2,22,155,1.9176633614392813e-09,3.949844964989957e-11,0.0
SVHN,ConvNetBN,9-2,24675,2,23,155,7.549459946076809e-10,6.323690876497423e-11,0.0
SVHN,ConvNetBN,9-2,24675,2,24,156,3.199298326261868e-10,1.1877274337657173e-11,0.0
SVHN,ConvNetBN,9-2,24675,2,25,155,9.632249164948092e-11,5.89674663264983e-12,0.0
SVHN,ConvNetBN,9-2,24675,2,26,155,3.09395842279514e-11,2.386732738529629e-12,0.0
SVHN,ConvNetBN,9-2,24675,2,27,156,8.115785387480257e-12,1.0108574133999015e-12,0.0
SVHN,ConvNetBN,9-2,24675,2,28,155,1.8763157260542895e-12,1.5877215178445453e-13,0.0
SVHN,ConvNetBN,9-2,24675,2,29,155,2.12253893389254e-13,4.348329693277392e-14,0.0
SVHN,ConvNetBN,9-2,24675,2,30,155,3.646351477053569e-15,2.1470104103057334e-16,0.0
SVHN,ConvNetBN,9-2,24675,3,1,156,0.06470318511128426,4.34578800201416,11.736305236816406
SVHN,ConvNetBN,9-2,24675,3,2,155,0.02485504187643528,1.7378426790237427,4.1242218017578125
SVHN,ConvNetBN,9-2,24675,3,3,155,0.013283362612128258,0.9895767569541931,2.282073974609375
SVHN,ConvNetBN,9-2,24675,3,4,156,0.006797445239499211,0.4761989116668701,1.1110754013061523
SVHN,ConvNetBN,9-2,24675,3,5,155,0.0035976918879896402,0.2550995945930481,0.6267662048339844
SVHN,ConvNetBN,9-2,24675,3,6,155,0.0018835883820429444,0.1375485062599182,0.2858123779296875
SVHN,ConvNetBN,9-2,24675,3,7,156,0.0009580859623383731,0.06831927224993706,0.16329193115234375
SVHN,ConvNetBN,9-2,24675,3,8,155,0.00047214614460244775,0.03554726764559746,0.08861064910888672
SVHN,ConvNetBN,9-2,24675,3,9,155,0.00021132825349923223,0.014289436861872673,0.033966064453125
SVHN,ConvNetBN,9-2,24675,3,10,155,0.00010293230297975242,0.007567107677459717,0.016357421875
SVHN,ConvNetBN,9-2,24675,3,11,156,5.156671250006184e-05,0.003908991813659668,0.009135246276855469
SVHN,ConvNetBN,9-2,24675,3,12,155,2.2097303371992894e-05,0.0018339609960094094,0.00388336181640625
SVHN,ConvNetBN,9-2,24675,3,13,155,8.927437193051446e-06,0.0006771908956579864,0.001617431640625
SVHN,ConvNetBN,9-2,24675,3,14,156,4.010524207842536e-06,0.0003128190874122083,0.000823974609375
SVHN,ConvNetBN,9-2,24675,3,15,155,1.9775952750933357e-06,0.0001479625643696636,0.000335693359375
SVHN,ConvNetBN,9-2,24675,3,16,155,8.81039170508302e-07,6.702019163640216e-05,0.0001621246337890625
SVHN,ConvNetBN,9-2,24675,3,17,156,3.362952014640541e-07,2.7776084607467055e-05,6.103515625e-05
SVHN,ConvNetBN,9-2,24675,3,18,155,1.589715878935749e-07,1.2316532775002997e-05,3.0517578125e-05
SVHN,ConvNetBN,9-2,24675,3,19,155,3.9958230502179504e-08,4.6347579107930414e-09,0.0
SVHN,ConvNetBN,9-2,24675,3,20,155,1.6250492507197123e-08,7.82549913758146e-10,0.0
SVHN,ConvNetBN,9-2,24675,3,21,156,5.828620031067544e-09,2.0381071275110685e-09,0.0
SVHN,ConvNetBN,9-2,24675,3,22,155,2.0485286800209224e-09,5.499487532034664e-10,0.0
SVHN,ConvNetBN,9-2,24675,3,23,155,6.687858600251673e-10,1.673131078128165e-10,0.0
SVHN,ConvNetBN,9-2,24675,3,24,156,2.1268652811157196e-10,3.41262851311086e-11,0.0
SVHN,ConvNetBN,9-2,24675,3,25,155,6.915476524760322e-11,1.4515152101102213e-11,0.0
SVHN,ConvNetBN,9-2,24675,3,26,155,2.0153028551517238e-11,4.4704873483625285e-12,0.0
SVHN,ConvNetBN,9-2,24675,3,27,156,4.832560133311015e-12,2.0619799270815697e-12,0.0
SVHN,ConvNetBN,9-2,24675,3,28,155,7.828605927580334e-13,1.0667260260874278e-12,0.0
SVHN,ConvNetBN,9-2,24675,3,29,155,7.7843005479028e-14,2.852540320380688e-14,0.0
SVHN,ConvNetBN,9-2,24675,3,30,155,2.536000232816022e-16,7.562787932608204e-17,0.0
SVHN,ConvNetBN,9-2,24675,4,1,156,0.9581566154956818,25.276013374328613,222.9588623046875
SVHN,ConvNetBN,9-2,24675,4,2,155,0.4974266588687897,14.372817039489746,95.1149673461914
SVHN,ConvNetBN,9-2,24675,4,3,155,0.2865963876247406,8.070969581604004,55.59070587158203
SVHN,ConvNetBN,9-2,24675,4,4,156,0.16975567489862442,5.075798034667969,33.511138916015625
SVHN,ConvNetBN,9-2,24675,4,5,155,0.1099960133433342,3.494044542312622,22.844772338867188
SVHN,ConvNetBN,9-2,24675,4,6,155,0.06838582456111908,2.2177178859710693,14.050384521484375
SVHN,ConvNetBN,9-2,24675,4,7,156,0.0400095209479332,1.2788004279136658,9.201461791992188
SVHN,ConvNetBN,9-2,24675,4,8,155,0.024611711502075195,0.7939881086349487,5.052173614501953
SVHN,ConvNetBN,9-2,24675,4,9,155,0.013839669525623322,0.4018842577934265,2.6250839233398438
SVHN,ConvNetBN,9-2,24675,4,10,155,0.008475864306092262,0.2701975107192993,1.317901611328125
SVHN,ConvNetBN,9-2,24675,4,11,156,0.004974039504304528,0.1661103442311287,1.0936279296875
SVHN,ConvNetBN,9-2,24675,4,12,155,0.00302479462698102,0.10055526345968246,0.617218017578125
SVHN,ConvNetBN,9-2,24675,4,13,155,0.0016907777171581984,0.05631775036454201,0.31903076171875
SVHN,ConvNetBN,9-2,24675,4,14,156,0.001028882572427392,0.03552439250051975,0.2093486785888672
SVHN,ConvNetBN,9-2,24675,4,15,155,0.0005993100348860025,0.02034527249634266,0.12841796875
SVHN,ConvNetBN,9-2,24675,4,16,155,0.0003470421943347901,0.0118357939645648,0.05727195739746094
SVHN,ConvNetBN,9-2,24675,4,17,156,0.00019413088011788204,0.007016086485236883,0.042236328125
SVHN,ConvNetBN,9-2,24675,4,18,155,0.00011116993118776008,0.003554671537131071,0.0190582275390625
SVHN,ConvNetBN,9-2,24675,4,19,155,6.860076973680407e-05,0.002518248511478305,0.014495849609375
SVHN,ConvNetBN,9-2,24675,4,20,155,3.8507612771354616e-05,0.0014139693230390549,0.0068359375
SVHN,ConvNetBN,9-2,24675,4,21,156,2.3485426027036738e-05,0.0008874275954440236,0.005062103271484375
SVHN,ConvNetBN,9-2,24675,4,22,155,1.2631338904611766e-05,0.0004902359796687961,0.0027923583984375
SVHN,ConvNetBN,9-2,24675,4,23,155,6.698459856124828e-06,0.00025898776948451996,0.001220703125
SVHN,ConvNetBN,9-2,24675,4,24,156,3.2411359143225127e-06,0.00013075429160380736,0.000591278076171875
SVHN,ConvNetBN,9-2,24675,4,25,155,1.6170603203136125e-06,6.432869122363627e-05,0.000274658203125
SVHN,ConvNetBN,9-2,24675,4,26,155,6.906312250976043e-07,2.852299621736165e-05,0.0001373291015625
SVHN,ConvNetBN,9-2,24675,4,27,156,2.891968904350506e-07,1.0844435564649757e-05,4.57763671875e-05
SVHN,ConvNetBN,9-2,24675,4,28,155,5.0585665434255134e-08,1.097778635994473e-06,1.52587890625e-05
SVHN,ConvNetBN,9-2,24675,4,29,155,1.133768279260039e-08,9.461460059867477e-09,0.0
SVHN,ConvNetBN,9-2,24675,4,30,155,5.173829698001953e-10,2.5195479036455026e-10,0.0
SVHN,ConvNetBN,9-2,24921,0,1,156,0.08079607412219048,7.376800060272217,23.901458740234375
SVHN,ConvNetBN,9-2,24921,0,2,155,0.031154971569776535,2.921552896499634,9.208459854125977
SVHN,ConvNetBN,9-2,24921,0,3,155,0.015188348479568958,1.48330819606781,4.314178466796875
SVHN,ConvNetBN,9-2,24921,0,4,156,0.0077346935868263245,0.7274429500102997,2.363452911376953
SVHN,ConvNetBN,9-2,24921,0,5,155,0.0038739528972655535,0.3883976638317108,1.1712799072265625
SVHN,ConvNetBN,9-2,24921,0,6,155,0.0021094500552862883,0.20489363372325897,0.506805419921875
SVHN,ConvNetBN,9-2,24921,0,7,156,0.0010318065760657191,0.10105527192354202,0.284454345703125
SVHN,ConvNetBN,9-2,24921,0,8,155,0.00043803322478197515,0.04429866001009941,0.0994415283203125
SVHN,ConvNetBN,9-2,24921,0,9,155,0.0002149526699213311,0.02181178145110607,0.0477294921875
SVHN,ConvNetBN,9-2,24921,0,10,155,0.0001027104226523079,0.010855281725525856,0.020263671875
SVHN,ConvNetBN,9-2,24921,0,11,156,5.4815445764688775e-05,0.005584065802395344,0.0121002197265625
SVHN,ConvNetBN,9-2,24921,0,12,155,2.358741403440945e-05,0.0026843270752578974,0.005340576171875
SVHN,ConvNetBN,9-2,24921,0,13,155,1.110345601773588e-05,0.001180992810986936,0.0021390914916992188
SVHN,ConvNetBN,9-2,24921,0,14,156,4.67365066469938e-06,0.0005123536102473736,0.00098419189453125
SVHN,ConvNetBN,9-2,24921,0,15,155,2.0823954400839284e-06,0.0002363468665862456,0.00042724609375
SVHN,ConvNetBN,9-2,24921,0,16,155,8.475973913846246e-07,9.017298725666478e-05,0.000152587890625
SVHN,ConvNetBN,9-2,24921,0,17,156,3.4131593906749913e-07,4.065557186549995e-05,6.103515625e-05
SVHN,ConvNetBN,9-2,24921,0,18,155,1.5653600371479115e-07,1.8354368876316585e-05,3.0517578125e-05
SVHN,ConvNetBN,9-2,24921,0,19,155,4.066757242071617e-08,4.8683666875604104e-08,7.62939453125e-06
SVHN,ConvNetBN,9-2,24921,0,20,155,1.7333709578792877e-08,4.0683194590940275e-09,0.0
SVHN,ConvNetBN,9-2,24921,0,21,156,7.041117466854985e-09,2.8190840772879255e-09,0.0
SVHN,ConvNetBN,9-2,24921,0,22,155,2.518530717310341e-09,6.475636693537012e-10,0.0
SVHN,ConvNetBN,9-2,24921,0,23,155,9.661889066592266e-10,1.876059307903688e-10,0.0
SVHN,ConvNetBN,9-2,24921,0,24,156,3.0639282777578103e-10,8.621323099866629e-11,0.0
SVHN,ConvNetBN,9-2,24921,0,25,155,1.0175765785547242e-10,6.684449521676683e-11,0.0
SVHN,ConvNetBN,9-2,24921,0,26,155,2.941073426465657e-11,3.4904565349158645e-11,0.0
SVHN,ConvNetBN,9-2,24921,0,27,156,6.742602136344811e-12,3.691845115207093e-12,0.0
SVHN,ConvNetBN,9-2,24921,0,28,155,1.3171702227185444e-12,1.5080892264152101e-12,0.0
SVHN,ConvNetBN,9-2,24921,0,29,155,9.548460112862589e-14,1.9598495867639495e-14,0.0
SVHN,ConvNetBN,9-2,24921,0,30,155,6.413891236495988e-16,2.470556349728787e-16,0.0
SVHN,ConvNetBN,9-2,24921,1,1,156,1.0977012515068054,26.222946166992188,160.16952514648438
SVHN,ConvNetBN,9-2,24921,1,2,155,0.6349021196365356,16.89385986328125,78.45558166503906
SVHN,ConvNetBN,9-2,24921,1,3,155,0.3762548565864563,10.078603744506836,36.15625
SVHN,ConvNetBN,9-2,24921,1,4,156,0.20628441125154495,5.627372980117798,21.327024459838867
SVHN,ConvNetBN,9-2,24921,1,5,155,0.1259191781282425,3.744579553604126,16.766700744628906
SVHN,ConvNetBN,9-2,24921,1,6,155,0.08050840348005295,2.4080097675323486,8.844528198242188
SVHN,ConvNetBN,9-2,24921,1,7,156,0.050278954207897186,1.5744949579238892,6.029287815093994
SVHN,ConvNetBN,9-2,24921,1,8,155,0.031140556558966637,0.9712067246437073,3.587390899658203
SVHN,ConvNetBN,9-2,24921,1,9,155,0.018529700115323067,0.5570493936538696,1.995697021484375
SVHN,ConvNetBN,9-2,24921,1,10,155,0.011911527253687382,0.37212663888931274,1.3029098510742188
SVHN,ConvNetBN,9-2,24921,1,11,156,0.006709567969664931,0.21630580723285675,0.8512697219848633
SVHN,ConvNetBN,9-2,24921,1,12,155,0.004411214031279087,0.14175371825695038,0.4680938720703125
SVHN,ConvNetBN,9-2,24921,1,13,155,0.00276758661493659,0.08703041076660156,0.2889404296875
SVHN,ConvNetBN,9-2,24921,1,14,156,0.0016830377862788737,0.054038671776652336,0.19243431091308594
SVHN,ConvNetBN,9-2,24921,1,15,155,0.0009611257119104266,0.03183557465672493,0.11888885498046875
SVHN,ConvNetBN,9-2,24921,1,16,155,0.0006031927186995745,0.021241409704089165,0.05665326118469238
SVHN,ConvNetBN,9-2,24921,1,17,156,0.000368013177649118,0.01259954646229744,0.042964935302734375
SVHN,ConvNetBN,9-2,24921,1,18,155,0.00023784649965818971,0.008505451492965221,0.029205322265625
SVHN,ConvNetBN,9-2,24921,1,19,155,0.00013838664744980633,0.004879942629486322,0.017017364501953125
SVHN,ConvNetBN,9-2,24921,1,20,155,8.022202382562682e-05,0.0027549490332603455,0.00946044921875
SVHN,ConvNetBN,9-2,24921,1,21,156,4.926176734443288e-05,0.0019242936396040022,0.005901336669921875
SVHN,ConvNetBN,9-2,24921,1,22,155,2.7632666387944482e-05,0.0010589307639747858,0.00290679931640625
SVHN,ConvNetBN,9-2,24921,1,23,155,1.7252281395485625e-05,0.0005964846350252628,0.001800537109375
SVHN,ConvNetBN,9-2,24921,1,24,156,9.087715170608135e-06,0.00035286399361211807,0.000988006591796875
SVHN,ConvNetBN,9-2,24921,1,25,155,4.891780918114819e-06,0.00018472738156560808,0.000469207763671875
SVHN,ConvNetBN,9-2,24921,1,26,155,2.541483354434604e-06,9.377795504406095e-05,0.0002651214599609375
SVHN,ConvNetBN,9-2,24921,1,27,156,1.1121737202302029e-06,4.432816058397293e-05,0.00011444091796875
SVHN,ConvNetBN,9-2,24921,1,28,155,4.1301709075014514e-07,1.7262049368582666e-05,4.9591064453125e-05
SVHN,ConvNetBN,9-2,24921,1,29,155,1.4182042207266932e-07,5.477199920278508e-06,1.52587890625e-05
SVHN,ConvNetBN,9-2,24921,1,30,155,5.829900118214937e-09,1.1590430837316035e-08,0.0
SVHN,ConvNetBN,9-2,24921,2,1,156,0.052028922364115715,3.988471031188965,24.573745727539062
SVHN,ConvNetBN,9-2,24921,2,2,155,0.01998249627649784,1.6904683113098145,9.0633544921875
SVHN,ConvNetBN,9-2,24921,2,3,155,0.010850237682461739,0.943035900592804,4.50970458984375
SVHN,ConvNetBN,9-2,24921,2,4,156,0.005697222892194986,0.5209174156188965,2.523651123046875
SVHN,ConvNetBN,9-2,24921,2,5,155,0.0030478087719529867,0.28098782896995544,1.2431640625
SVHN,ConvNetBN,9-2,24921,2,6,155,0.0014913539635017514,0.13270358741283417,0.590728759765625
SVHN,ConvNetBN,9-2,24921,2,7,156,0.0008178419375326484,0.0774301066994667,0.354766845703125
SVHN,ConvNetBN,9-2,24921,2,8,155,0.0003658784262370318,0.03523510694503784,0.1434326171875
SVHN,ConvNetBN,9-2,24921,2,9,155,0.00018283622921444476,0.017845548689365387,0.0888671875
SVHN,ConvNetBN,9-2,24921,2,10,155,7.651459600310773e-05,0.008253423497080803,0.029388427734375
SVHN,ConvNetBN,9-2,24921,2,11,156,3.6444740544538945e-05,0.0036988643696531653,0.0168609619140625
SVHN,ConvNetBN,9-2,24921,2,12,155,1.651033562666271e-05,0.0016039967304095626,0.0064697265625
SVHN,ConvNetBN,9-2,24921,2,13,155,7.028700110822683e-06,0.000758382782805711,0.00250244140625
SVHN,ConvNetBN,9-2,24921,2,14,156,3.0513632509610034e-06,0.0003217941557522863,0.00125885009765625
SVHN,ConvNetBN,9-2,24921,2,15,155,1.3602166291093454e-06,0.00014205418119672686,0.00054931640625
SVHN,ConvNetBN,9-2,24921,2,16,155,6.190632575453492e-07,6.717439100611955e-05,0.000244140625
SVHN,ConvNetBN,9-2,24921,2,17,156,2.9961064740291476e-07,2.7832733394461684e-05,6.103515625e-05
SVHN,ConvNetBN,9-2,24921,2,18,155,1.3950983657196048e-07,1.5105902093637269e-05,4.57763671875e-05
SVHN,ConvNetBN,9-2,24921,2,19,155,2.915214558640855e-08,1.327236431869494e-09,0.0
SVHN,ConvNetBN,9-2,24921,2,20,155,1.2338299271164033e-08,5.752790466218016e-10,0.0
SVHN,ConvNetBN,9-2,24921,2,21,156,5.276449499547198e-09,3.1833785607560117e-10,0.0
SVHN,ConvNetBN,9-2,24921,2,22,155,1.9176633614392813e-09,5.83747564175674e-11,0.0
SVHN,ConvNetBN,9-2,24921,2,23,155,7.549459946076809e-10,8.234952997288048e-11,0.0
SVHN,ConvNetBN,9-2,24921,2,24,156,3.199298326261868e-10,1.8874026473658656e-11,0.0
SVHN,ConvNetBN,9-2,24921,2,25,155,9.632249164948092e-11,9.695666144948767e-12,0.0
SVHN,ConvNetBN,9-2,24921,2,26,155,3.09395842279514e-11,2.8905137831880534e-12,0.0
SVHN,ConvNetBN,9-2,24921,2,27,156,8.115785387480257e-12,1.5175719838764201e-12,0.0
SVHN,ConvNetBN,9-2,24921,2,28,155,1.8763157260542895e-12,2.398847179924113e-13,0.0
SVHN,ConvNetBN,9-2,24921,2,29,155,2.12253893389254e-13,7.748307068655355e-14,0.0
SVHN,ConvNetBN,9-2,24921,2,30,155,3.646351477053569e-15,3.021342964752244e-16,0.0
SVHN,ConvNetBN,9-2,24921,3,1,156,0.06470318511128426,5.955584287643433,22.084284782409668
SVHN,ConvNetBN,9-2,24921,3,2,155,0.02485504187643528,2.1419520378112793,6.7445526123046875
SVHN,ConvNetBN,9-2,24921,3,3,155,0.013283362612128258,1.3617899417877197,3.6444778442382812
SVHN,ConvNetBN,9-2,24921,3,4,156,0.006797445239499211,0.7124669551849365,1.7589054107666016
SVHN,ConvNetBN,9-2,24921,3,5,155,0.0035976918879896402,0.36213815212249756,0.881103515625
SVHN,ConvNetBN,9-2,24921,3,6,155,0.0018835883820429444,0.1899314820766449,0.5594482421875
SVHN,ConvNetBN,9-2,24921,3,7,156,0.0009580859623383731,0.0973890870809555,0.22816085815429688
SVHN,ConvNetBN,9-2,24921,3,8,155,0.00047214614460244775,0.052735406905412674,0.1053466796875
SVHN,ConvNetBN,9-2,24921,3,9,155,0.00021132825349923223,0.021233132109045982,0.04300498962402344
SVHN,ConvNetBN,9-2,24921,3,10,155,0.00010293230297975242,0.01129353977739811,0.02197265625
SVHN,ConvNetBN,9-2,24921,3,11,156,5.156671250006184e-05,0.005949527258053422,0.009511947631835938
SVHN,ConvNetBN,9-2,24921,3,12,155,2.2097303371992894e-05,0.00267513538710773,0.0046234130859375
SVHN,ConvNetBN,9-2,24921,3,13,155,8.927437193051446e-06,0.0009942875476554036,0.0017118453979492188
SVHN,ConvNetBN,9-2,24921,3,14,156,4.010524207842536e-06,0.00046974750875961035,0.0008792877197265625
SVHN,ConvNetBN,9-2,24921,3,15,155,1.9775952750933357e-06,0.00023586519819218665,0.000335693359375
SVHN,ConvNetBN,9-2,24921,3,16,155,8.81039170508302e-07,0.00010747913620434701,0.00017547607421875
SVHN,ConvNetBN,9-2,24921,3,17,156,3.362952014640541e-07,4.5527051042881794e-05,6.151199340820312e-05
SVHN,ConvNetBN,9-2,24921,3,18,155,1.589715878935749e-07,1.990062628465239e-05,3.0517578125e-05
SVHN,ConvNetBN,9-2,24921,3,19,155,3.9958230502179504e-08,7.204797203286262e-09,7.62939453125e-06
SVHN,ConvNetBN,9-2,24921,3,20,155,1.6250492507197123e-08,1.286788231524838e-09,0.0
SVHN,ConvNetBN,9-2,24921,3,21,156,5.828620031067544e-09,3.051593311376166e-09,0.0
SVHN,ConvNetBN,9-2,24921,3,22,155,2.0485286800209224e-09,8.451908617423953e-10,0.0
SVHN,ConvNetBN,9-2,24921,3,23,155,6.687858600251673e-10,2.5931376490540003e-10,0.0
SVHN,ConvNetBN,9-2,24921,3,24,156,2.1268652811157196e-10,6.100786542617698e-11,0.0
SVHN,ConvNetBN,9-2,24921,3,25,155,6.915476524760322e-11,2.89401731745631e-11,0.0
SVHN,ConvNetBN,9-2,24921,3,26,155,2.0153028551517238e-11,7.775222306272145e-12,0.0
SVHN,ConvNetBN,9-2,24921,3,27,156,4.832560133311015e-12,3.8605696330712425e-12,0.0
SVHN,ConvNetBN,9-2,24921,3,28,155,7.828605927580334e-13,1.8286153841140518e-12,0.0
SVHN,ConvNetBN,9-2,24921,3,29,155,7.7843005479028e-14,5.0331290648913604e-14,0.0
SVHN,ConvNetBN,9-2,24921,3,30,155,2.536000232816022e-16,1.3340580983820058e-16,0.0
SVHN,ConvNetBN,9-2,24921,4,1,156,0.9581566154956818,28.52022361755371,171.27879333496094
SVHN,ConvNetBN,9-2,24921,4,2,155,0.4974266588687897,16.31300163269043,64.488525390625
SVHN,ConvNetBN,9-2,24921,4,3,155,0.2865963876247406,9.453644752502441,34.419166564941406
SVHN,ConvNetBN,9-2,24921,4,4,156,0.16975567489862442,5.5320703983306885,23.739904403686523
SVHN,ConvNetBN,9-2,24921,4,5,155,0.1099960133433342,4.151367664337158,16.55508804321289
SVHN,ConvNetBN,9-2,24921,4,6,155,0.06838582456111908,2.464221477508545,10.202926635742188
SVHN,ConvNetBN,9-2,24921,4,7,156,0.0400095209479332,1.4997260570526123,4.426555633544922
SVHN,ConvNetBN,9-2,24921,4,8,155,0.024611711502075195,0.9894217252731323,2.7673797607421875
SVHN,ConvNetBN,9-2,24921,4,9,155,0.013839669525623322,0.512611448764801,1.4037094116210938
SVHN,ConvNetBN,9-2,24921,4,10,155,0.008475864306092262,0.321968138217926,0.8973541259765625
SVHN,ConvNetBN,9-2,24921,4,11,156,0.004974039504304528,0.2038544863462448,0.6097431182861328
SVHN,ConvNetBN,9-2,24921,4,12,155,0.00302479462698102,0.1225961297750473,0.32189178466796875
SVHN,ConvNetBN,9-2,24921,4,13,155,0.0016907777171581984,0.06747589260339737,0.1998138427734375
SVHN,ConvNetBN,9-2,24921,4,14,156,0.001028882572427392,0.04212035611271858,0.10322952270507812
SVHN,ConvNetBN,9-2,24921,4,15,155,0.0005993100348860025,0.0258804801851511,0.066314697265625
SVHN,ConvNetBN,9-2,24921,4,16,155,0.0003470421943347901,0.015511116944253445,0.032684326171875
SVHN,ConvNetBN,9-2,24921,4,17,156,0.00019413088011788204,0.00884414417669177,0.025428056716918945
SVHN,ConvNetBN,9-2,24921,4,18,155,0.00011116993118776008,0.004505586810410023,0.010504007339477539
SVHN,ConvNetBN,9-2,24921,4,19,155,6.860076973680407e-05,0.0031937826424837112,0.006855010986328125
SVHN,ConvNetBN,9-2,24921,4,20,155,3.8507612771354616e-05,0.0017869361909106374,0.004162788391113281
SVHN,ConvNetBN,9-2,24921,4,21,156,2.3485426027036738e-05,0.0010915282182395458,0.0024051666259765625
SVHN,ConvNetBN,9-2,24921,4,22,155,1.2631338904611766e-05,0.0005937027744948864,0.001461029052734375
SVHN,ConvNetBN,9-2,24921,4,23,155,6.698459856124828e-06,0.00032362606725655496,0.000728607177734375
SVHN,ConvNetBN,9-2,24921,4,24,156,3.2411359143225127e-06,0.00016576017515035346,0.00031280517578125
SVHN,ConvNetBN,9-2,24921,4,25,155,1.6170603203136125e-06,7.931502477731556e-05,0.00016021728515625
SVHN,ConvNetBN,9-2,24921,4,26,155,6.906312250976043e-07,3.5820903576677665e-05,7.62939453125e-05
SVHN,ConvNetBN,9-2,24921,4,27,156,2.891968904350506e-07,1.3683549241250148e-05,3.0517578125e-05
SVHN,ConvNetBN,9-2,24921,4,28,155,5.0585665434255134e-08,1.4042359453014797e-06,7.62939453125e-06
SVHN,ConvNetBN,9-2,24921,4,29,155,1.133768279260039e-08,1.2162773899149215e-08,0.0
SVHN,ConvNetBN,9-2,24921,4,30,155,5.173829698001953e-10,3.087355648911938e-10,0.0
SVHN,ConvNetBN,9-2,25983,0,1,156,0.08079607412219048,5.490615367889404,17.963747024536133
SVHN,ConvNetBN,9-2,25983,0,2,155,0.031154971569776535,2.0380971431732178,7.475681304931641
SVHN,ConvNetBN,9-2,25983,0,3,155,0.015188348479568958,1.0190503597259521,3.752471923828125
SVHN,ConvNetBN,9-2,25983,0,4,156,0.0077346935868263245,0.521891176700592,1.623046875
SVHN,ConvNetBN,9-2,25983,0,5,155,0.0038739528972655535,0.2700824737548828,0.67437744140625
SVHN,ConvNetBN,9-2,25983,0,6,155,0.0021094500552862883,0.1525159478187561,0.429229736328125
SVHN,ConvNetBN,9-2,25983,0,7,156,0.0010318065760657191,0.0753302089869976,0.2051544189453125
SVHN,ConvNetBN,9-2,25983,0,8,155,0.00043803322478197515,0.02906802110373974,0.084320068359375
SVHN,ConvNetBN,9-2,25983,0,9,155,0.0002149526699213311,0.014771278947591782,0.043731689453125
SVHN,ConvNetBN,9-2,25983,0,10,155,0.0001027104226523079,0.007308898493647575,0.016937255859375
SVHN,ConvNetBN,9-2,25983,0,11,156,5.4815445764688775e-05,0.003947946708649397,0.008945286273956299
SVHN,ConvNetBN,9-2,25983,0,12,155,2.358741403440945e-05,0.001728629576973617,0.0048370361328125
SVHN,ConvNetBN,9-2,25983,0,13,155,1.110345601773588e-05,0.0007611581240780652,0.0019378662109375
SVHN,ConvNetBN,9-2,25983,0,14,156,4.67365066469938e-06,0.0003306012222310528,0.0007648468017578125
SVHN,ConvNetBN,9-2,25983,0,15,155,2.0823954400839284e-06,0.0001548138534417376,0.0003662109375
SVHN,ConvNetBN,9-2,25983,0,16,155,8.475973913846246e-07,5.873367263120599e-05,0.00012969970703125
SVHN,ConvNetBN,9-2,25983,0,17,156,3.4131593906749913e-07,2.5746756364242174e-05,6.103515625e-05
SVHN,ConvNetBN,9-2,25983,0,18,155,1.5653600371479115e-07,1.164463537861593e-05,3.0517578125e-05
SVHN,ConvNetBN,9-2,25983,0,19,155,4.066757242071617e-08,3.146638505313604e-08,9.5367431640625e-06
SVHN,ConvNetBN,9-2,25983,0,20,155,1.7333709578792877e-08,2.4396060727127633e-09,0.0
SVHN,ConvNetBN,9-2,25983,0,21,156,7.041117466854985e-09,1.924619630333524e-09,0.0
SVHN,ConvNetBN,9-2,25983,0,22,155,2.518530717310341e-09,4.114585894221534e-10,0.0
SVHN,ConvNetBN,9-2,25983,0,23,155,9.661889066592266e-10,1.263083665437037e-10,0.0
SVHN,ConvNetBN,9-2,25983,0,24,156,3.0639282777578103e-10,5.658560078836139e-11,0.0
SVHN,ConvNetBN,9-2,25983,0,25,155,1.0175765785547242e-10,4.4774069868358524e-11,0.0
SVHN,ConvNetBN,9-2,25983,0,26,155,2.941073426465657e-11,1.8899258893978477e-11,0.0
SVHN,ConvNetBN,9-2,25983,0,27,156,6.742602136344811e-12,2.510907497546566e-12,0.0
SVHN,ConvNetBN,9-2,25983,0,28,155,1.3171702227185444e-12,7.746593080545927e-13,0.0
SVHN,ConvNetBN,9-2,25983,0,29,155,9.548460112862589e-14,1.3586943798781642e-14,0.0
SVHN,ConvNetBN,9-2,25983,0,30,155,6.413891236495988e-16,1.580524701349408e-16,0.0
SVHN,ConvNetBN,9-2,25983,1,1,156,1.0977012515068054,27.417068481445312,174.43706512451172
SVHN,ConvNetBN,9-2,25983,1,2,155,0.6349021196365356,16.036401748657227,77.32048034667969
SVHN,ConvNetBN,9-2,25983,1,3,155,0.3762548565864563,10.242175102233887,38.07051086425781
SVHN,ConvNetBN,9-2,25983,1,4,156,0.20628441125154495,5.394930601119995,23.802796363830566
SVHN,ConvNetBN,9-2,25983,1,5,155,0.1259191781282425,3.527275562286377,12.770095825195312
SVHN,ConvNetBN,9-2,25983,1,6,155,0.08050840348005295,2.199005365371704,9.259943008422852
SVHN,ConvNetBN,9-2,25983,1,7,156,0.050278954207897186,1.4852494597434998,5.75087833404541
SVHN,ConvNetBN,9-2,25983,1,8,155,0.031140556558966637,0.9032891392707825,3.226959228515625
SVHN,ConvNetBN,9-2,25983,1,9,155,0.018529700115323067,0.5169995427131653,1.8714942932128906
SVHN,ConvNetBN,9-2,25983,1,10,155,0.011911527253687382,0.3429105281829834,1.1930389404296875
SVHN,ConvNetBN,9-2,25983,1,11,156,0.006709567969664931,0.20290610939264297,0.7092685699462891
SVHN,ConvNetBN,9-2,25983,1,12,155,0.004411214031279087,0.1256595402956009,0.44437408447265625
SVHN,ConvNetBN,9-2,25983,1,13,155,0.00276758661493659,0.07419723272323608,0.2907295227050781
SVHN,ConvNetBN,9-2,25983,1,14,156,0.0016830377862788737,0.048894209787249565,0.18120193481445312
SVHN,ConvNetBN,9-2,25983,1,15,155,0.0009611257119104266,0.02768683061003685,0.09349822998046875
SVHN,ConvNetBN,9-2,25983,1,16,155,0.0006031927186995745,0.020076118409633636,0.0615234375
SVHN,ConvNetBN,9-2,25983,1,17,156,0.000368013177649118,0.011442003306001425,0.040958404541015625
SVHN,ConvNetBN,9-2,25983,1,18,155,0.00023784649965818971,0.006937897298485041,0.027599334716796875
SVHN,ConvNetBN,9-2,25983,1,19,155,0.00013838664744980633,0.004215211141854525,0.0146942138671875
SVHN,ConvNetBN,9-2,25983,1,20,155,8.022202382562682e-05,0.002351538510993123,0.00843048095703125
SVHN,ConvNetBN,9-2,25983,1,21,156,4.926176734443288e-05,0.0016007549711503088,0.00478363037109375
SVHN,ConvNetBN,9-2,25983,1,22,155,2.7632666387944482e-05,0.0009127451339736581,0.003021240234375
SVHN,ConvNetBN,9-2,25983,1,23,155,1.7252281395485625e-05,0.0005343730445019901,0.00171661376953125
SVHN,ConvNetBN,9-2,25983,1,24,156,9.087715170608135e-06,0.0003022195596713573,0.000965118408203125
SVHN,ConvNetBN,9-2,25983,1,25,155,4.891780918114819e-06,0.00015294634795282036,0.00054931640625
SVHN,ConvNetBN,9-2,25983,1,26,155,2.541483354434604e-06,8.445076673524454e-05,0.000244140625
SVHN,ConvNetBN,9-2,25983,1,27,156,1.1121737202302029e-06,3.7087620512465946e-05,0.0001220703125
SVHN,ConvNetBN,9-2,25983,1,28,155,4.1301709075014514e-07,1.4832809938525315e-05,4.57763671875e-05
SVHN,ConvNetBN,9-2,25983,1,29,155,1.4182042207266932e-07,4.584906946547562e-06,1.52587890625e-05
SVHN,ConvNetBN,9-2,25983,1,30,155,5.829900118214937e-09,9.374383935778496e-09,0.0
SVHN,ConvNetBN,9-2,25983,2,1,156,0.052028922364115715,3.6414434909820557,14.879219055175781
SVHN,ConvNetBN,9-2,25983,2,2,155,0.01998249627649784,1.3887474536895752,5.36553955078125
SVHN,ConvNetBN,9-2,25983,2,3,155,0.010850237682461739,0.7728471159934998,2.3976593017578125
SVHN,ConvNetBN,9-2,25983,2,4,156,0.005697222892194986,0.42172953486442566,1.3807471990585327
SVHN,ConvNetBN,9-2,25983,2,5,155,0.0030478087719529867,0.22150900959968567,0.7664947509765625
SVHN,ConvNetBN,9-2,25983,2,6,155,0.0014913539635017514,0.10732106119394302,0.32564544677734375
SVHN,ConvNetBN,9-2,25983,2,7,156,0.0008178419375326484,0.05979157239198685,0.19254302978515625
SVHN,ConvNetBN,9-2,25983,2,8,155,0.0003658784262370318,0.02764018066227436,0.06662750244140625
SVHN,ConvNetBN,9-2,25983,2,9,155,0.00018283622921444476,0.014118566177785397,0.0510101318359375
SVHN,ConvNetBN,9-2,25983,2,10,155,7.651459600310773e-05,0.006095546763390303,0.013275146484375
SVHN,ConvNetBN,9-2,25983,2,11,156,3.6444740544538945e-05,0.002855481463484466,0.00746917724609375
SVHN,ConvNetBN,9-2,25983,2,12,155,1.651033562666271e-05,0.001267866464331746,0.00396728515625
SVHN,ConvNetBN,9-2,25983,2,13,155,7.028700110822683e-06,0.000556692888494581,0.0012054443359375
SVHN,ConvNetBN,9-2,25983,2,14,156,3.0513632509610034e-06,0.00023257060820469633,0.0006504058837890625
SVHN,ConvNetBN,9-2,25983,2,15,155,1.3602166291093454e-06,0.00010685883898986503,0.000244140625
SVHN,ConvNetBN,9-2,25983,2,16,155,6.190632575453492e-07,4.620282561518252e-05,0.00011444091796875
SVHN,ConvNetBN,9-2,25983,2,17,156,2.9961064740291476e-07,2.115282495651627e-05,4.5299530029296875e-05
SVHN,ConvNetBN,9-2,25983,2,18,155,1.3950983657196048e-07,1.079712365026353e-05,3.0517578125e-05
SVHN,ConvNetBN,9-2,25983,2,19,155,2.915214558640855e-08,8.584478128348394e-10,0.0
SVHN,ConvNetBN,9-2,25983,2,20,155,1.2338299271164033e-08,3.621366817530003e-10,0.0
SVHN,ConvNetBN,9-2,25983,2,21,156,5.276449499547198e-09,2.2705325813943134e-10,0.0
SVHN,ConvNetBN,9-2,25983,2,22,155,1.9176633614392813e-09,3.922881117168764e-11,0.0
SVHN,ConvNetBN,9-2,25983,2,23,155,7.549459946076809e-10,6.014539560839083e-11,0.0
SVHN,ConvNetBN,9-2,25983,2,24,156,3.199298326261868e-10,1.3239172778900521e-11,0.0
SVHN,ConvNetBN,9-2,25983,2,25,155,9.632249164948092e-11,6.508334236127178e-12,0.0
SVHN,ConvNetBN,9-2,25983,2,26,155,3.09395842279514e-11,2.2616921356577446e-12,0.0
SVHN,ConvNetBN,9-2,25983,2,27,156,8.115785387480257e-12,9.983099416577268e-13,0.0
SVHN,ConvNetBN,9-2,25983,2,28,155,1.8763157260542895e-12,1.7060491745452683e-13,0.0
SVHN,ConvNetBN,9-2,25983,2,29,155,2.12253893389254e-13,4.60737913478889e-14,0.0
SVHN,ConvNetBN,9-2,25983,2,30,155,3.646351477053569e-15,2.0405685443846138e-16,0.0
SVHN,ConvNetBN,9-2,25983,3,1,156,0.06470318511128426,5.025666236877441,11.705761909484863
SVHN,ConvNetBN,9-2,25983,3,2,155,0.02485504187643528,2.003502130508423,4.3526716232299805
SVHN,ConvNetBN,9-2,25983,3,3,155,0.013283362612128258,1.1777622699737549,2.4196815490722656
SVHN,ConvNetBN,9-2,25983,3,4,156,0.006797445239499211,0.5693434774875641,1.1954669952392578
SVHN,ConvNetBN,9-2,25983,3,5,155,0.0035976918879896402,0.3067692816257477,0.632293701171875
SVHN,ConvNetBN,9-2,25983,3,6,155,0.0018835883820429444,0.16458000242710114,0.27858734130859375
SVHN,ConvNetBN,9-2,25983,3,7,156,0.0009580859623383731,0.08111489936709404,0.16840553283691406
SVHN,ConvNetBN,9-2,25983,3,8,155,0.00047214614460244775,0.044586874544620514,0.0845947265625
SVHN,ConvNetBN,9-2,25983,3,9,155,0.00021132825349923223,0.016540244221687317,0.033050537109375
SVHN,ConvNetBN,9-2,25983,3,10,155,0.00010293230297975242,0.009067711420357227,0.016448974609375
SVHN,ConvNetBN,9-2,25983,3,11,156,5.156671250006184e-05,0.0047550261951982975,0.008544921875
SVHN,ConvNetBN,9-2,25983,3,12,155,2.2097303371992894e-05,0.0022322030272334814,0.003997802734375
SVHN,ConvNetBN,9-2,25983,3,13,155,8.927437193051446e-06,0.0007982752285897732,0.001556396484375
SVHN,ConvNetBN,9-2,25983,3,14,156,4.010524207842536e-06,0.00038307787326630205,0.000732421875
SVHN,ConvNetBN,9-2,25983,3,15,155,1.9775952750933357e-06,0.00018424642621539533,0.0003662109375
SVHN,ConvNetBN,9-2,25983,3,16,155,8.81039170508302e-07,8.21905632619746e-05,0.000152587890625
SVHN,ConvNetBN,9-2,25983,3,17,156,3.362952014640541e-07,3.36216289724689e-05,6.103515625e-05
SVHN,ConvNetBN,9-2,25983,3,18,155,1.589715878935749e-07,1.5186185009952169e-05,3.0517578125e-05
SVHN,ConvNetBN,9-2,25983,3,19,155,3.9958230502179504e-08,5.650672374457599e-09,3.814697265625e-06
SVHN,ConvNetBN,9-2,25983,3,20,155,1.6250492507197123e-08,8.756205760462876e-10,0.0
SVHN,ConvNetBN,9-2,25983,3,21,156,5.828620031067544e-09,2.145494670813264e-09,0.0
SVHN,ConvNetBN,9-2,25983,3,22,155,2.0485286800209224e-09,7.146050418072036e-10,0.0
SVHN,ConvNetBN,9-2,25983,3,23,155,6.687858600251673e-10,1.9360073266749822e-10,0.0
SVHN,ConvNetBN,9-2,25983,3,24,156,2.1268652811157196e-10,4.590420404904094e-11,0.0
SVHN,ConvNetBN,9-2,25983,3,25,155,6.915476524760322e-11,2.040871811825884e-11,0.0
SVHN,ConvNetBN,9-2,25983,3,26,155,2.0153028551517238e-11,6.080273437514272e-12,0.0
SVHN,ConvNetBN,9-2,25983,3,27,156,4.832560133311015e-12,2.7106744583324516e-12,0.0
SVHN,ConvNetBN,9-2,25983,3,28,155,7.828605927580334e-13,1.2601863996763996e-12,0.0
SVHN,ConvNetBN,9-2,25983,3,29,155,7.7843005479028e-14,3.318622571299619e-14,0.0
SVHN,ConvNetBN,9-2,25983,3,30,155,2.536000232816022e-16,9.277767599980105e-17,0.0
SVHN,ConvNetBN,9-2,25983,4,1,156,0.9581566154956818,26.17429542541504,274.6498107910156
SVHN,ConvNetBN,9-2,25983,4,2,155,0.4974266588687897,14.276670455932617,105.26888275146484
SVHN,ConvNetBN,9-2,25983,4,3,155,0.2865963876247406,8.338486671447754,52.45460510253906
SVHN,ConvNetBN,9-2,25983,4,4,156,0.16975567489862442,5.047008752822876,32.03578567504883
SVHN,ConvNetBN,9-2,25983,4,5,155,0.1099960133433342,3.7944986820220947,25.004981994628906
SVHN,ConvNetBN,9-2,25983,4,6,155,0.06838582456111908,2.239337682723999,11.959972381591797
SVHN,ConvNetBN,9-2,25983,4,7,156,0.0400095209479332,1.2915628552436829,8.3187255859375
SVHN,ConvNetBN,9-2,25983,4,8,155,0.024611711502075195,0.8354514837265015,4.881492614746094
SVHN,ConvNetBN,9-2,25983,4,9,155,0.013839669525623322,0.418575644493103,2.509765625
SVHN,ConvNetBN,9-2,25983,4,10,155,0.008475864306092262,0.2782942056655884,1.2975921630859375
SVHN,ConvNetBN,9-2,25983,4,11,156,0.004974039504304528,0.1775301769375801,0.8203086853027344
SVHN,ConvNetBN,9-2,25983,4,12,155,0.00302479462698102,0.10745866596698761,0.432403564453125
SVHN,ConvNetBN,9-2,25983,4,13,155,0.0016907777171581984,0.05639800801873207,0.23614501953125
SVHN,ConvNetBN,9-2,25983,4,14,156,0.001028882572427392,0.036474766209721565,0.162384033203125
SVHN,ConvNetBN,9-2,25983,4,15,155,0.0005993100348860025,0.021004680544137955,0.0838775634765625
SVHN,ConvNetBN,9-2,25983,4,16,155,0.0003470421943347901,0.012087740004062653,0.041767239570617676
SVHN,ConvNetBN,9-2,25983,4,17,156,0.00019413088011788204,0.007276956690475345,0.030035018920898438
SVHN,ConvNetBN,9-2,25983,4,18,155,0.00011116993118776008,0.003646880155429244,0.013299942016601562
SVHN,ConvNetBN,9-2,25983,4,19,155,6.860076973680407e-05,0.0026322095654904842,0.009120941162109375
SVHN,ConvNetBN,9-2,25983,4,20,155,3.8507612771354616e-05,0.0014616227708756924,0.0052490234375
SVHN,ConvNetBN,9-2,25983,4,21,156,2.3485426027036738e-05,0.0008676362049300224,0.0029125213623046875
SVHN,ConvNetBN,9-2,25983,4,22,155,1.2631338904611766e-05,0.0004921247600577772,0.0015869140625
SVHN,ConvNetBN,9-2,25983,4,23,155,6.698459856124828e-06,0.0002570954675320536,0.0009212493896484375
SVHN,ConvNetBN,9-2,25983,4,24,156,3.2411359143225127e-06,0.00013297405530465767,0.00038909912109375
SVHN,ConvNetBN,9-2,25983,4,25,155,1.6170603203136125e-06,6.123485218267888e-05,0.00018310546875
SVHN,ConvNetBN,9-2,25983,4,26,155,6.906312250976043e-07,2.897834565374069e-05,8.392333984375e-05
SVHN,ConvNetBN,9-2,25983,4,27,156,2.891968904350506e-07,1.1115595498267794e-05,3.147125244140625e-05
SVHN,ConvNetBN,9-2,25983,4,28,155,5.0585665434255134e-08,1.0100748113472946e-06,7.62939453125e-06
SVHN,ConvNetBN,9-2,25983,4,29,155,1.133768279260039e-08,1.0231369529378753e-08,0.0
SVHN,ConvNetBN,9-2,25983,4,30,155,5.173829698001953e-10,2.5518653856693163e-10,0.0
SVHN,ConvNetBN,9-2,3478,0,1,156,0.08079607412219048,5.937764644622803,30.02925395965576
SVHN,ConvNetBN,9-2,3478,0,2,155,0.031154971569776535,2.1829490661621094,10.329452514648438
SVHN,ConvNetBN,9-2,3478,0,3,155,0.015188348479568958,1.1410341262817383,5.1864013671875
SVHN,ConvNetBN,9-2,3478,0,4,156,0.0077346935868263245,0.5357843339443207,2.66680908203125
SVHN,ConvNetBN,9-2,3478,0,5,155,0.0038739528972655535,0.2821732759475708,1.292633056640625
SVHN,ConvNetBN,9-2,3478,0,6,155,0.0021094500552862883,0.16276103258132935,0.6572265625
SVHN,ConvNetBN,9-2,3478,0,7,156,0.0010318065760657191,0.07849180325865746,0.37425994873046875
SVHN,ConvNetBN,9-2,3478,0,8,155,0.00043803322478197515,0.03255534917116165,0.1256103515625
SVHN,ConvNetBN,9-2,3478,0,9,155,0.0002149526699213311,0.016459671780467033,0.061981201171875
SVHN,ConvNetBN,9-2,3478,0,10,155,0.0001027104226523079,0.007547808811068535,0.028293609619140625
SVHN,ConvNetBN,9-2,3478,0,11,156,5.4815445764688775e-05,0.004142806865274906,0.016017913818359375
SVHN,ConvNetBN,9-2,3478,0,12,155,2.358741403440945e-05,0.0019064240623265505,0.006866455078125
SVHN,ConvNetBN,9-2,3478,0,13,155,1.110345601773588e-05,0.0008747403626330197,0.003204345703125
SVHN,ConvNetBN,9-2,3478,0,14,156,4.67365066469938e-06,0.0003758881357498467,0.001251220703125
SVHN,ConvNetBN,9-2,3478,0,15,155,2.0823954400839284e-06,0.0001697334082564339,0.000457763671875
SVHN,ConvNetBN,9-2,3478,0,16,155,8.475973913846246e-07,6.389305053744465e-05,0.00018310546875
SVHN,ConvNetBN,9-2,3478,0,17,156,3.4131593906749913e-07,2.9730134883720893e-05,8.0108642578125e-05
SVHN,ConvNetBN,9-2,3478,0,18,155,1.5653600371479115e-07,1.3136858797224704e-05,3.0517578125e-05
SVHN,ConvNetBN,9-2,3478,0,19,155,4.066757242071617e-08,3.097977696597809e-08,7.62939453125e-06
SVHN,ConvNetBN,9-2,3478,0,20,155,1.7333709578792877e-08,2.687894129493884e-09,0.0
SVHN,ConvNetBN,9-2,3478,0,21,156,7.041117466854985e-09,1.9446102506037732e-09,0.0
SVHN,ConvNetBN,9-2,3478,0,22,155,2.518530717310341e-09,4.404812070646358e-10,0.0
SVHN,ConvNetBN,9-2,3478,0,23,155,9.661889066592266e-10,1.3641478224801773e-10,0.0
SVHN,ConvNetBN,9-2,3478,0,24,156,3.0639282777578103e-10,6.301747318415707e-11,0.0
SVHN,ConvNetBN,9-2,3478,0,25,155,1.0175765785547242e-10,5.1313071847136627e-11,0.0
SVHN,ConvNetBN,9-2,3478,0,26,155,2.941073426465657e-11,2.5110859572241573e-11,0.0
SVHN,ConvNetBN,9-2,3478,0,27,156,6.742602136344811e-12,2.497836356155081e-12,0.0
SVHN,ConvNetBN,9-2,3478,0,28,155,1.3171702227185444e-12,8.632713142421589e-13,0.0
SVHN,ConvNetBN,9-2,3478,0,29,155,9.548460112862589e-14,1.2075416045505185e-14,0.0
SVHN,ConvNetBN,9-2,3478,0,30,155,6.413891236495988e-16,1.5396344505185026e-16,0.0
SVHN,ConvNetBN,9-2,3478,1,1,156,1.0977012515068054,29.933177947998047,175.15770721435547
SVHN,ConvNetBN,9-2,3478,1,2,155,0.6349021196365356,18.271181106567383,88.13618469238281
SVHN,ConvNetBN,9-2,3478,1,3,155,0.3762548565864563,11.569740295410156,51.81806945800781
SVHN,ConvNetBN,9-2,3478,1,4,156,0.20628441125154495,6.068684816360474,27.464306831359863
SVHN,ConvNetBN,9-2,3478,1,5,155,0.1259191781282425,3.8914973735809326,18.037460327148438
SVHN,ConvNetBN,9-2,3478,1,6,155,0.08050840348005295,2.487846851348877,11.780267715454102
SVHN,ConvNetBN,9-2,3478,1,7,156,0.050278954207897186,1.7148441076278687,8.748892307281494
SVHN,ConvNetBN,9-2,3478,1,8,155,0.031140556558966637,1.0421111583709717,4.391357421875
SVHN,ConvNetBN,9-2,3478,1,9,155,0.018529700115323067,0.6145395636558533,2.336639404296875
SVHN,ConvNetBN,9-2,3478,1,10,155,0.011911527253687382,0.39766058325767517,1.493560791015625
SVHN,ConvNetBN,9-2,3478,1,11,156,0.006709567969664931,0.2410210371017456,0.9899349212646484
SVHN,ConvNetBN,9-2,3478,1,12,155,0.004411214031279087,0.15694431960582733,0.6424789428710938
SVHN,ConvNetBN,9-2,3478,1,13,155,0.00276758661493659,0.09173547476530075,0.3745594024658203
SVHN,ConvNetBN,9-2,3478,1,14,156,0.0016830377862788737,0.05842740461230278,0.2211313247680664
SVHN,ConvNetBN,9-2,3478,1,15,155,0.0009611257119104266,0.035148363560438156,0.11948776245117188
SVHN,ConvNetBN,9-2,3478,1,16,155,0.0006031927186995745,0.022593960165977478,0.0838775634765625
SVHN,ConvNetBN,9-2,3478,1,17,156,0.000368013177649118,0.013706294819712639,0.05763053894042969
SVHN,ConvNetBN,9-2,3478,1,18,155,0.00023784649965818971,0.008413365110754967,0.03583526611328125
SVHN,ConvNetBN,9-2,3478,1,19,155,0.00013838664744980633,0.00527521688491106,0.017978668212890625
SVHN,ConvNetBN,9-2,3478,1,20,155,8.022202382562682e-05,0.0028841274324804544,0.01013946533203125
SVHN,ConvNetBN,9-2,3478,1,21,156,4.926176734443288e-05,0.002077225362882018,0.0085296630859375
SVHN,ConvNetBN,9-2,3478,1,22,155,2.7632666387944482e-05,0.001158405328169465,0.003753662109375
SVHN,ConvNetBN,9-2,3478,1,23,155,1.7252281395485625e-05,0.0006315686041489244,0.00223541259765625
SVHN,ConvNetBN,9-2,3478,1,24,156,9.087715170608135e-06,0.00037690209865104407,0.0013580322265625
SVHN,ConvNetBN,9-2,3478,1,25,155,4.891780918114819e-06,0.0001968435535673052,0.0006084442138671875
SVHN,ConvNetBN,9-2,3478,1,26,155,2.541483354434604e-06,0.00010248633043374866,0.0003204345703125
SVHN,ConvNetBN,9-2,3478,1,27,156,1.1121737202302029e-06,4.4065905967727304e-05,0.00014495849609375
SVHN,ConvNetBN,9-2,3478,1,28,155,4.1301709075014514e-07,1.6787826098152436e-05,6.103515625e-05
SVHN,ConvNetBN,9-2,3478,1,29,155,1.4182042207266932e-07,6.069972187106032e-06,1.52587890625e-05
SVHN,ConvNetBN,9-2,3478,1,30,155,5.829900118214937e-09,1.1514093678499648e-08,0.0
SVHN,ConvNetBN,9-2,3478,2,1,156,0.052028922364115715,3.616124987602234,12.737197875976562
SVHN,ConvNetBN,9-2,3478,2,2,155,0.01998249627649784,1.5730935335159302,4.679878234863281
SVHN,ConvNetBN,9-2,3478,2,3,155,0.010850237682461739,0.852889358997345,2.1265106201171875
SVHN,ConvNetBN,9-2,3478,2,4,156,0.005697222892194986,0.4521002471446991,1.1865959167480469
SVHN,ConvNetBN,9-2,3478,2,5,155,0.0030478087719529867,0.24596013128757477,0.5829925537109375
SVHN,ConvNetBN,9-2,3478,2,6,155,0.0014913539635017514,0.11626823991537094,0.299041748046875
SVHN,ConvNetBN,9-2,3478,2,7,156,0.0008178419375326484,0.06481027603149414,0.16434478759765625
SVHN,ConvNetBN,9-2,3478,2,8,155,0.0003658784262370318,0.030014585703611374,0.0731201171875
SVHN,ConvNetBN,9-2,3478,2,9,155,0.00018283622921444476,0.014944770373404026,0.0412445068359375
SVHN,ConvNetBN,9-2,3478,2,10,155,7.651459600310773e-05,0.006776071153581142,0.0134429931640625
SVHN,ConvNetBN,9-2,3478,2,11,156,3.6444740544538945e-05,0.0030766164418309927,0.00678253173828125
SVHN,ConvNetBN,9-2,3478,2,12,155,1.651033562666271e-05,0.0013663689605891705,0.0031585693359375
SVHN,ConvNetBN,9-2,3478,2,13,155,7.028700110822683e-06,0.0006178022595122457,0.001129150390625
SVHN,ConvNetBN,9-2,3478,2,14,156,3.0513632509610034e-06,0.0002692922280402854,0.0005326271057128906
SVHN,ConvNetBN,9-2,3478,2,15,155,1.3602166291093454e-06,0.00012253991735633463,0.000209808349609375
SVHN,ConvNetBN,9-2,3478,2,16,155,6.190632575453492e-07,5.165014590602368e-05,0.000118255615234375
SVHN,ConvNetBN,9-2,3478,2,17,156,2.9961064740291476e-07,2.3469789084629156e-05,4.38690185546875e-05
SVHN,ConvNetBN,9-2,3478,2,18,155,1.3950983657196048e-07,1.1854931472043972e-05,1.52587890625e-05
SVHN,ConvNetBN,9-2,3478,2,19,155,2.915214558640855e-08,9.86097425936805e-10,0.0
SVHN,ConvNetBN,9-2,3478,2,20,155,1.2338299271164033e-08,3.7287320453494033e-10,0.0
SVHN,ConvNetBN,9-2,3478,2,21,156,5.276449499547198e-09,2.4443197466084143e-10,0.0
SVHN,ConvNetBN,9-2,3478,2,22,155,1.9176633614392813e-09,4.462135175242743e-11,0.0
SVHN,ConvNetBN,9-2,3478,2,23,155,7.549459946076809e-10,6.222486415019546e-11,0.0
SVHN,ConvNetBN,9-2,3478,2,24,156,3.199298326261868e-10,1.3696359150994208e-11,0.0
SVHN,ConvNetBN,9-2,3478,2,25,155,9.632249164948092e-11,6.672419994996348e-12,0.0
SVHN,ConvNetBN,9-2,3478,2,26,155,3.09395842279514e-11,2.54098933734348e-12,0.0
SVHN,ConvNetBN,9-2,3478,2,27,156,8.115785387480257e-12,1.0305956934207605e-12,0.0
SVHN,ConvNetBN,9-2,3478,2,28,155,1.8763157260542895e-12,2.0135781063357339e-13,0.0
SVHN,ConvNetBN,9-2,3478,2,29,155,2.12253893389254e-13,6.006171715576894e-14,0.0
SVHN,ConvNetBN,9-2,3478,2,30,155,3.646351477053569e-15,2.2952951744256234e-16,0.0
SVHN,ConvNetBN,9-2,3478,3,1,156,0.06470318511128426,5.1913743019104,18.885658264160156
SVHN,ConvNetBN,9-2,3478,3,2,155,0.02485504187643528,2.0338685512542725,6.780567169189453
SVHN,ConvNetBN,9-2,3478,3,3,155,0.013283362612128258,1.2006409168243408,3.10150146484375
SVHN,ConvNetBN,9-2,3478,3,4,156,0.006797445239499211,0.6272883415222168,1.4833259582519531
SVHN,ConvNetBN,9-2,3478,3,5,155,0.0035976918879896402,0.3136768937110901,0.726654052734375
SVHN,ConvNetBN,9-2,3478,3,6,155,0.0018835883820429444,0.1710369884967804,0.4686279296875
SVHN,ConvNetBN,9-2,3478,3,7,156,0.0009580859623383731,0.08700032532215118,0.19437789916992188
SVHN,ConvNetBN,9-2,3478,3,8,155,0.00047214614460244775,0.0470377616584301,0.093719482421875
SVHN,ConvNetBN,9-2,3478,3,9,155,0.00021132825349923223,0.018849875777959824,0.042510986328125
SVHN,ConvNetBN,9-2,3478,3,10,155,0.00010293230297975242,0.00991799309849739,0.02011871337890625
SVHN,ConvNetBN,9-2,3478,3,11,156,5.156671250006184e-05,0.005168101517483592,0.0092010498046875
SVHN,ConvNetBN,9-2,3478,3,12,155,2.2097303371992894e-05,0.0022973802406340837,0.00457763671875
SVHN,ConvNetBN,9-2,3478,3,13,155,8.927437193051446e-06,0.0008914055651985109,0.00157928466796875
SVHN,ConvNetBN,9-2,3478,3,14,156,4.010524207842536e-06,0.000422860641265288,0.000850677490234375
SVHN,ConvNetBN,9-2,3478,3,15,155,1.9775952750933357e-06,0.000200607770239003,0.00045013427734375
SVHN,ConvNetBN,9-2,3478,3,16,155,8.81039170508302e-07,9.254699398297817e-05,0.000164031982421875
SVHN,ConvNetBN,9-2,3478,3,17,156,3.362952014640541e-07,3.700617344293278e-05,6.67572021484375e-05
SVHN,ConvNetBN,9-2,3478,3,18,155,1.589715878935749e-07,1.6860321920830756e-05,3.0517578125e-05
SVHN,ConvNetBN,9-2,3478,3,19,155,3.9958230502179504e-08,6.496928772747879e-09,7.62939453125e-06
SVHN,ConvNetBN,9-2,3478,3,20,155,1.6250492507197123e-08,1.0271680173090658e-09,0.0
SVHN,ConvNetBN,9-2,3478,3,21,156,5.828620031067544e-09,3.078017840607572e-09,0.0
SVHN,ConvNetBN,9-2,3478,3,22,155,2.0485286800209224e-09,7.790256217887759e-10,0.0
SVHN,ConvNetBN,9-2,3478,3,23,155,6.687858600251673e-10,2.334587245744757e-10,0.0
SVHN,ConvNetBN,9-2,3478,3,24,156,2.1268652811157196e-10,4.9567898396940535e-11,0.0
SVHN,ConvNetBN,9-2,3478,3,25,155,6.915476524760322e-11,2.6567206767857954e-11,0.0
SVHN,ConvNetBN,9-2,3478,3,26,155,2.0153028551517238e-11,6.1346127830375075e-12,0.0
SVHN,ConvNetBN,9-2,3478,3,27,156,4.832560133311015e-12,3.2024580470108033e-12,0.0
SVHN,ConvNetBN,9-2,3478,3,28,155,7.828605927580334e-13,1.5814901471733478e-12,0.0
SVHN,ConvNetBN,9-2,3478,3,29,155,7.7843005479028e-14,4.334907948008379e-14,0.0
SVHN,ConvNetBN,9-2,3478,3,30,155,2.536000232816022e-16,1.063916924538846e-16,0.0
SVHN,ConvNetBN,9-2,3478,4,1,156,0.9581566154956818,26.29181957244873,211.16024780273438
SVHN,ConvNetBN,9-2,3478,4,2,155,0.4974266588687897,15.43441104888916,91.0625
SVHN,ConvNetBN,9-2,3478,4,3,155,0.2865963876247406,8.754839897155762,49.85194396972656
SVHN,ConvNetBN,9-2,3478,4,4,156,0.16975567489862442,5.280567646026611,29.356327056884766
SVHN,ConvNetBN,9-2,3478,4,5,155,0.1099960133433342,3.713348627090454,19.313018798828125
SVHN,ConvNetBN,9-2,3478,4,6,155,0.06838582456111908,2.189739942550659,10.567901611328125
SVHN,ConvNetBN,9-2,3478,4,7,156,0.0400095209479332,1.3151429295539856,7.31754207611084
SVHN,ConvNetBN,9-2,3478,4,8,155,0.024611711502075195,0.8789643049240112,4.3828582763671875
SVHN,ConvNetBN,9-2,3478,4,9,155,0.013839669525623322,0.441356897354126,2.10498046875
SVHN,ConvNetBN,9-2,3478,4,10,155,0.008475864306092262,0.2820667326450348,1.3693161010742188
SVHN,ConvNetBN,9-2,3478,4,11,156,0.004974039504304528,0.1797468289732933,0.8049507141113281
SVHN,ConvNetBN,9-2,3478,4,12,155,0.00302479462698102,0.10722558200359344,0.4454193115234375
SVHN,ConvNetBN,9-2,3478,4,13,155,0.0016907777171581984,0.05925919860601425,0.2580108642578125
SVHN,ConvNetBN,9-2,3478,4,14,156,0.001028882572427392,0.03543369844555855,0.15723419189453125
SVHN,ConvNetBN,9-2,3478,4,15,155,0.0005993100348860025,0.02260170876979828,0.08636474609375
SVHN,ConvNetBN,9-2,3478,4,16,155,0.0003470421943347901,0.012633044272661209,0.04309844970703125
SVHN,ConvNetBN,9-2,3478,4,17,156,0.00019413088011788204,0.007714926963672042,0.035755157470703125
SVHN,ConvNetBN,9-2,3478,4,18,155,0.00011116993118776008,0.003846892388537526,0.01556396484375
SVHN,ConvNetBN,9-2,3478,4,19,155,6.860076973680407e-05,0.0026479833759367466,0.0114898681640625
SVHN,ConvNetBN,9-2,3478,4,20,155,3.8507612771354616e-05,0.0015040208818390965,0.00659942626953125
SVHN,ConvNetBN,9-2,3478,4,21,156,2.3485426027036738e-05,0.0009163541544694453,0.003719329833984375
SVHN,ConvNetBN,9-2,3478,4,22,155,1.2631338904611766e-05,0.0004947750130668283,0.002086162567138672
SVHN,ConvNetBN,9-2,3478,4,23,155,6.698459856124828e-06,0.00025943797663785517,0.0010833740234375
SVHN,ConvNetBN,9-2,3478,4,24,156,3.2411359143225127e-06,0.00014107612514635548,0.00047779083251953125
SVHN,ConvNetBN,9-2,3478,4,25,155,1.6170603203136125e-06,6.829501216998324e-05,0.000244140625
SVHN,ConvNetBN,9-2,3478,4,26,155,6.906312250976043e-07,3.018476490979083e-05,8.392333984375e-05
SVHN,ConvNetBN,9-2,3478,4,27,156,2.891968904350506e-07,1.1646218354144366e-05,4.38690185546875e-05
SVHN,ConvNetBN,9-2,3478,4,28,155,5.0585665434255134e-08,1.0948674571409356e-06,1.52587890625e-05
SVHN,ConvNetBN,9-2,3478,4,29,155,1.133768279260039e-08,1.0273698336504822e-08,0.0
SVHN,ConvNetBN,9-2,3478,4,30,155,5.173829698001953e-10,2.595582360154225e-10,0.0
SVHN,ConvNetBN,9-2,445,0,1,156,0.08079607412219048,6.184132814407349,19.966670989990234
SVHN,ConvNetBN,9-2,445,0,2,155,0.031154971569776535,2.32832407951355,7.571022033691406
SVHN,ConvNetBN,9-2,445,0,3,155,0.015188348479568958,1.1809636354446411,3.311279296875
SVHN,ConvNetBN,9-2,445,0,4,156,0.0077346935868263245,0.5908259153366089,1.5650997161865234
SVHN,ConvNetBN,9-2,445,0,5,155,0.0038739528972655535,0.3051462471485138,0.8089447021484375
SVHN,ConvNetBN,9-2,445,0,6,155,0.0021094500552862883,0.16653181612491608,0.36441802978515625
SVHN,ConvNetBN,9-2,445,0,7,156,0.0010318065760657191,0.08215988427400589,0.18165874481201172
SVHN,ConvNetBN,9-2,445,0,8,155,0.00043803322478197515,0.0340820774435997,0.07842636108398438
SVHN,ConvNetBN,9-2,445,0,9,155,0.0002149526699213311,0.016867749392986298,0.0369873046875
SVHN,ConvNetBN,9-2,445,0,10,155,0.0001027104226523079,0.008715013973414898,0.0164031982421875
SVHN,ConvNetBN,9-2,445,0,11,156,5.4815445764688775e-05,0.004486646270379424,0.011020660400390625
SVHN,ConvNetBN,9-2,445,0,12,155,2.358741403440945e-05,0.0019731540232896805,0.0043487548828125
SVHN,ConvNetBN,9-2,445,0,13,155,1.110345601773588e-05,0.000899534032214433,0.001861572265625
SVHN,ConvNetBN,9-2,445,0,14,156,4.67365066469938e-06,0.0003904530603904277,0.00079345703125
SVHN,ConvNetBN,9-2,445,0,15,155,2.0823954400839284e-06,0.00018273017485626042,0.00037384033203125
SVHN,ConvNetBN,9-2,445,0,16,155,8.475973913846246e-07,6.962572660995647e-05,0.0001373291015625
SVHN,ConvNetBN,9-2,445,0,17,156,3.4131593906749913e-07,3.081014801864512e-05,4.57763671875e-05
SVHN,ConvNetBN,9-2,445,0,18,155,1.5653600371479115e-07,1.4075847502681427e-05,3.0517578125e-05
SVHN,ConvNetBN,9-2,445,0,19,155,4.066757242071617e-08,3.881860877186227e-08,7.62939453125e-06
SVHN,ConvNetBN,9-2,445,0,20,155,1.7333709578792877e-08,2.949249733319448e-09,0.0
SVHN,ConvNetBN,9-2,445,0,21,156,7.041117466854985e-09,2.0924066368444016e-09,0.0
SVHN,ConvNetBN,9-2,445,0,22,155,2.518530717310341e-09,4.733511360655029e-10,0.0
SVHN,ConvNetBN,9-2,445,0,23,155,9.661889066592266e-10,1.5389761687245596e-10,0.0
SVHN,ConvNetBN,9-2,445,0,24,156,3.0639282777578103e-10,6.66707522523069e-11,0.0
SVHN,ConvNetBN,9-2,445,0,25,155,1.0175765785547242e-10,4.889709470656811e-11,0.0
SVHN,ConvNetBN,9-2,445,0,26,155,2.941073426465657e-11,2.371709946491496e-11,0.0
SVHN,ConvNetBN,9-2,445,0,27,156,6.742602136344811e-12,2.7406183876130252e-12,0.0
SVHN,ConvNetBN,9-2,445,0,28,155,1.3171702227185444e-12,1.1791276505537795e-12,0.0
SVHN,ConvNetBN,9-2,445,0,29,155,9.548460112862589e-14,1.380163192255977e-14,0.0
SVHN,ConvNetBN,9-2,445,0,30,155,6.413891236495988e-16,1.6727968972030452e-16,0.0
SVHN,ConvNetBN,9-2,445,1,1,156,1.0977012515068054,28.631028175354004,181.69709014892578
SVHN,ConvNetBN,9-2,445,1,2,155,0.6349021196365356,17.574417114257812,90.51216125488281
SVHN,ConvNetBN,9-2,445,1,3,155,0.3762548565864563,10.540963172912598,49.176841735839844
SVHN,ConvNetBN,9-2,445,1,4,156,0.20628441125154495,5.665586233139038,30.924026489257812
SVHN,ConvNetBN,9-2,445,1,5,155,0.1259191781282425,3.7766952514648438,17.249923706054688
SVHN,ConvNetBN,9-2,445,1,6,155,0.08050840348005295,2.324791669845581,11.238750457763672
SVHN,ConvNetBN,9-2,445,1,7,156,0.050278954207897186,1.584995448589325,8.000785827636719
SVHN,ConvNetBN,9-2,445,1,8,155,0.031140556558966637,0.961618959903717,4.3746185302734375
SVHN,ConvNetBN,9-2,445,1,9,155,0.018529700115323067,0.5537247657775879,2.6280517578125
SVHN,ConvNetBN,9-2,445,1,10,155,0.011911527253687382,0.3683767020702362,1.5809707641601562
SVHN,ConvNetBN,9-2,445,1,11,156,0.006709567969664931,0.20627853274345398,0.8959007263183594
SVHN,ConvNetBN,9-2,445,1,12,155,0.004411214031279087,0.140852153301239,0.6605682373046875
SVHN,ConvNetBN,9-2,445,1,13,155,0.00276758661493659,0.08079115301370621,0.325531005859375
SVHN,ConvNetBN,9-2,445,1,14,156,0.0016830377862788737,0.0531664602458477,0.254974365234375
SVHN,ConvNetBN,9-2,445,1,15,155,0.0009611257119104266,0.029359245672822,0.11312103271484375
SVHN,ConvNetBN,9-2,445,1,16,155,0.0006031927186995745,0.021364061161875725,0.096405029296875
SVHN,ConvNetBN,9-2,445,1,17,156,0.000368013177649118,0.012272680178284645,0.057079315185546875
SVHN,ConvNetBN,9-2,445,1,18,155,0.00023784649965818971,0.007554017007350922,0.04036712646484375
SVHN,ConvNetBN,9-2,445,1,19,155,0.00013838664744980633,0.0045380606316030025,0.01804971694946289
SVHN,ConvNetBN,9-2,445,1,20,155,8.022202382562682e-05,0.002564386697486043,0.011989593505859375
SVHN,ConvNetBN,9-2,445,1,21,156,4.926176734443288e-05,0.001738574414048344,0.0074253082275390625
SVHN,ConvNetBN,9-2,445,1,22,155,2.7632666387944482e-05,0.0010051920544356108,0.00396728515625
SVHN,ConvNetBN,9-2,445,1,23,155,1.7252281395485625e-05,0.0005627624341286719,0.0025177001953125
SVHN,ConvNetBN,9-2,445,1,24,156,9.087715170608135e-06,0.0003187341208104044,0.0014801025390625
SVHN,ConvNetBN,9-2,445,1,25,155,4.891780918114819e-06,0.0001670995552558452,0.00079345703125
SVHN,ConvNetBN,9-2,445,1,26,155,2.541483354434604e-06,9.018175478558987e-05,0.0003376007080078125
SVHN,ConvNetBN,9-2,445,1,27,156,1.1121737202302029e-06,3.9812895920476876e-05,0.00018310546875
SVHN,ConvNetBN,9-2,445,1,28,155,4.1301709075014514e-07,1.5607121895300224e-05,7.62939453125e-05
SVHN,ConvNetBN,9-2,445,1,29,155,1.4182042207266932e-07,4.926224391965661e-06,2.288818359375e-05
SVHN,ConvNetBN,9-2,445,1,30,155,5.829900118214937e-09,1.110787284375192e-08,0.0
SVHN,ConvNetBN,9-2,445,2,1,156,0.052028922364115715,3.5217431783676147,15.318901062011719
SVHN,ConvNetBN,9-2,445,2,2,155,0.01998249627649784,1.4350340366363525,5.455352783203125
SVHN,ConvNetBN,9-2,445,2,3,155,0.010850237682461739,0.8105071187019348,2.395965576171875
SVHN,ConvNetBN,9-2,445,2,4,156,0.005697222892194986,0.458437517285347,1.4634389877319336
SVHN,ConvNetBN,9-2,445,2,5,155,0.0030478087719529867,0.23759889602661133,0.732025146484375
SVHN,ConvNetBN,9-2,445,2,6,155,0.0014913539635017514,0.11082727462053299,0.3302459716796875
SVHN,ConvNetBN,9-2,445,2,7,156,0.0008178419375326484,0.06336642056703568,0.175506591796875
SVHN,ConvNetBN,9-2,445,2,8,155,0.0003658784262370318,0.02917236089706421,0.081085205078125
SVHN,ConvNetBN,9-2,445,2,9,155,0.00018283622921444476,0.014773622155189514,0.04775238037109375
SVHN,ConvNetBN,9-2,445,2,10,155,7.651459600310773e-05,0.00654427008703351,0.0156707763671875
SVHN,ConvNetBN,9-2,445,2,11,156,3.6444740544538945e-05,0.0030368712032213807,0.008663177490234375
SVHN,ConvNetBN,9-2,445,2,12,155,1.651033562666271e-05,0.001310903811827302,0.0034885406494140625
SVHN,ConvNetBN,9-2,445,2,13,155,7.028700110822683e-06,0.0005988723714835942,0.001434326171875
SVHN,ConvNetBN,9-2,445,2,14,156,3.0513632509610034e-06,0.00025424019258935004,0.000644683837890625
SVHN,ConvNetBN,9-2,445,2,15,155,1.3602166291093454e-06,0.00011795574391726404,0.000274658203125
SVHN,ConvNetBN,9-2,445,2,16,155,6.190632575453492e-07,5.17118169227615e-05,0.0001220703125
SVHN,ConvNetBN,9-2,445,2,17,156,2.9961064740291476e-07,2.2597448150918353e-05,3.814697265625e-05
SVHN,ConvNetBN,9-2,445,2,18,155,1.3950983657196048e-07,1.1973806067544501e-05,1.811981201171875e-05
SVHN,ConvNetBN,9-2,445,2,19,155,2.915214558640855e-08,1.0998367772074857e-09,3.814697265625e-06
SVHN,ConvNetBN,9-2,445,2,20,155,1.2338299271164033e-08,4.81081396941363e-10,0.0
SVHN,ConvNetBN,9-2,445,2,21,156,5.276449499547198e-09,2.575569341134454e-10,0.0
SVHN,ConvNetBN,9-2,445,2,22,155,1.9176633614392813e-09,4.9598939538819664e-11,0.0
SVHN,ConvNetBN,9-2,445,2,23,155,7.549459946076809e-10,6.969399363176976e-11,0.0
SVHN,ConvNetBN,9-2,445,2,24,156,3.199298326261868e-10,1.5813035776635065e-11,0.0
SVHN,ConvNetBN,9-2,445,2,25,155,9.632249164948092e-11,7.535957101401092e-12,0.0
SVHN,ConvNetBN,9-2,445,2,26,155,3.09395842279514e-11,2.1898505144640756e-12,0.0
SVHN,ConvNetBN,9-2,445,2,27,156,8.115785387480257e-12,1.1195176187993316e-12,0.0
SVHN,ConvNetBN,9-2,445,2,28,155,1.8763157260542895e-12,1.9687437715232986e-13,0.0
SVHN,ConvNetBN,9-2,445,2,29,155,2.12253893389254e-13,6.256433359667218e-14,0.0
SVHN,ConvNetBN,9-2,445,2,30,155,3.646351477053569e-15,2.3231416472644045e-16,0.0
SVHN,ConvNetBN,9-2,445,3,1,156,0.06470318511128426,5.083045244216919,14.217353820800781
SVHN,ConvNetBN,9-2,445,3,2,155,0.02485504187643528,1.8658212423324585,4.647552490234375
SVHN,ConvNetBN,9-2,445,3,3,155,0.013283362612128258,1.175477385520935,2.3078784942626953
SVHN,ConvNetBN,9-2,445,3,4,156,0.006797445239499211,0.5765399038791656,1.4658966064453125
SVHN,ConvNetBN,9-2,445,3,5,155,0.0035976918879896402,0.28882071375846863,0.598876953125
SVHN,ConvNetBN,9-2,445,3,6,155,0.0018835883820429444,0.16069842875003815,0.3361663818359375
SVHN,ConvNetBN,9-2,445,3,7,156,0.0009580859623383731,0.08101539686322212,0.1808605194091797
SVHN,ConvNetBN,9-2,445,3,8,155,0.00047214614460244775,0.04363537207245827,0.08533859252929688
SVHN,ConvNetBN,9-2,445,3,9,155,0.00021132825349923223,0.016710538417100906,0.0328369140625
SVHN,ConvNetBN,9-2,445,3,10,155,0.00010293230297975242,0.00889562163501978,0.015956878662109375
SVHN,ConvNetBN,9-2,445,3,11,156,5.156671250006184e-05,0.004758962895721197,0.00852203369140625
SVHN,ConvNetBN,9-2,445,3,12,155,2.2097303371992894e-05,0.002186071826145053,0.003692626953125
SVHN,ConvNetBN,9-2,445,3,13,155,8.927437193051446e-06,0.0007971120649017394,0.0013275146484375
SVHN,ConvNetBN,9-2,445,3,14,156,4.010524207842536e-06,0.0003921845927834511,0.000682830810546875
SVHN,ConvNetBN,9-2,445,3,15,155,1.9775952750933357e-06,0.00018787768203765154,0.00030517578125
SVHN,ConvNetBN,9-2,445,3,16,155,8.81039170508302e-07,8.48822746775113e-05,0.000125885009765625
SVHN,ConvNetBN,9-2,445,3,17,156,3.362952014640541e-07,3.588634717743844e-05,6.103515625e-05
SVHN,ConvNetBN,9-2,445,3,18,155,1.589715878935749e-07,1.5799734683241695e-05,3.0517578125e-05
SVHN,ConvNetBN,9-2,445,3,19,155,3.9958230502179504e-08,5.36251398841614e-09,7.62939453125e-06
SVHN,ConvNetBN,9-2,445,3,20,155,1.6250492507197123e-08,9.585195970274185e-10,0.0
SVHN,ConvNetBN,9-2,445,3,21,156,5.828620031067544e-09,2.53966603303013e-09,0.0
SVHN,ConvNetBN,9-2,445,3,22,155,2.0485286800209224e-09,6.896613835571941e-10,0.0
SVHN,ConvNetBN,9-2,445,3,23,155,6.687858600251673e-10,2.1948944051164432e-10,0.0
SVHN,ConvNetBN,9-2,445,3,24,156,2.1268652811157196e-10,4.829806866946118e-11,0.0
SVHN,ConvNetBN,9-2,445,3,25,155,6.915476524760322e-11,2.263665470347842e-11,0.0
SVHN,ConvNetBN,9-2,445,3,26,155,2.0153028551517238e-11,7.123384347662576e-12,0.0
SVHN,ConvNetBN,9-2,445,3,27,156,4.832560133311015e-12,2.902200073144623e-12,0.0
SVHN,ConvNetBN,9-2,445,3,28,155,7.828605927580334e-13,1.3968887895357551e-12,0.0
SVHN,ConvNetBN,9-2,445,3,29,155,7.7843005479028e-14,3.814938816237845e-14,0.0
SVHN,ConvNetBN,9-2,445,3,30,155,2.536000232816022e-16,1.0807806887741891e-16,0.0
SVHN,ConvNetBN,9-2,445,4,1,156,0.9581566154956818,26.391575813293457,219.8995590209961
SVHN,ConvNetBN,9-2,445,4,2,155,0.4974266588687897,14.811762809753418,79.93960571289062
SVHN,ConvNetBN,9-2,445,4,3,155,0.2865963876247406,8.775465965270996,45.608028411865234
SVHN,ConvNetBN,9-2,445,4,4,156,0.16975567489862442,5.084004878997803,24.980911254882812
SVHN,ConvNetBN,9-2,445,4,5,155,0.1099960133433342,3.8027656078338623,18.086700439453125
SVHN,ConvNetBN,9-2,445,4,6,155,0.06838582456111908,2.185789108276367,12.671974182128906
SVHN,ConvNetBN,9-2,445,4,7,156,0.0400095209479332,1.2957021594047546,5.3621826171875
SVHN,ConvNetBN,9-2,445,4,8,155,0.024611711502075195,0.8565779328346252,3.4261322021484375
SVHN,ConvNetBN,9-2,445,4,9,155,0.013839669525623322,0.44407159090042114,2.0888290405273438
SVHN,ConvNetBN,9-2,445,4,10,155,0.008475864306092262,0.27914339303970337,1.1802978515625
SVHN,ConvNetBN,9-2,445,4,11,156,0.004974039504304528,0.17461524158716202,0.7116203308105469
SVHN,ConvNetBN,9-2,445,4,12,155,0.00302479462698102,0.10603827238082886,0.46643829345703125
SVHN,ConvNetBN,9-2,445,4,13,155,0.0016907777171581984,0.058657657355070114,0.21942138671875
SVHN,ConvNetBN,9-2,445,4,14,156,0.001028882572427392,0.037673646584153175,0.11600494384765625
SVHN,ConvNetBN,9-2,445,4,15,155,0.0005993100348860025,0.021893249824643135,0.0792999267578125
SVHN,ConvNetBN,9-2,445,4,16,155,0.0003470421943347901,0.012902802787721157,0.03952789306640625
SVHN,ConvNetBN,9-2,445,4,17,156,0.00019413088011788204,0.00770125025883317,0.03146934509277344
SVHN,ConvNetBN,9-2,445,4,18,155,0.00011116993118776008,0.003833276918157935,0.0137939453125
SVHN,ConvNetBN,9-2,445,4,19,155,6.860076973680407e-05,0.002732928842306137,0.0084075927734375
SVHN,ConvNetBN,9-2,445,4,20,155,3.8507612771354616e-05,0.001565671293064952,0.00624847412109375
SVHN,ConvNetBN,9-2,445,4,21,156,2.3485426027036738e-05,0.0009205248788930476,0.0033416748046875
SVHN,ConvNetBN,9-2,445,4,22,155,1.2631338904611766e-05,0.0005160276195965707,0.0016632080078125
SVHN,ConvNetBN,9-2,445,4,23,155,6.698459856124828e-06,0.00026674981927499175,0.000823974609375
SVHN,ConvNetBN,9-2,445,4,24,156,3.2411359143225127e-06,0.0001420790867996402,0.00048828125
SVHN,ConvNetBN,9-2,445,4,25,155,1.6170603203136125e-06,6.933940312592313e-05,0.000244140625
SVHN,ConvNetBN,9-2,445,4,26,155,6.906312250976043e-07,2.9521559554268606e-05,0.00011444091796875
SVHN,ConvNetBN,9-2,445,4,27,156,2.891968904350506e-07,1.1594789157243213e-05,4.57763671875e-05
SVHN,ConvNetBN,9-2,445,4,28,155,5.0585665434255134e-08,1.1592478585953359e-06,8.58306884765625e-06
SVHN,ConvNetBN,9-2,445,4,29,155,1.133768279260039e-08,9.956901081409342e-09,0.0
SVHN,ConvNetBN,9-2,445,4,30,155,5.173829698001953e-10,2.5669716352538785e-10,0.0
SVHN,ConvNetBN,9-2,606,0,1,156,0.08079607412219048,6.111788511276245,26.063262939453125
SVHN,ConvNetBN,9-2,606,0,2,155,0.031154971569776535,2.2301676273345947,8.8125
SVHN,ConvNetBN,9-2,606,0,3,155,0.015188348479568958,1.1543859243392944,4.552734375
SVHN,ConvNetBN,9-2,606,0,4,156,0.0077346935868263245,0.5409139096736908,2.2476425170898438
SVHN,ConvNetBN,9-2,606,0,5,155,0.0038739528972655535,0.2854550778865814,1.0327911376953125
SVHN,ConvNetBN,9-2,606,0,6,155,0.0021094500552862883,0.15887925028800964,0.5305404663085938
SVHN,ConvNetBN,9-2,606,0,7,156,0.0010318065760657191,0.07767598703503609,0.27423095703125
SVHN,ConvNetBN,9-2,606,0,8,155,0.00043803322478197515,0.032387975603342056,0.1015625
SVHN,ConvNetBN,9-2,606,0,9,155,0.0002149526699213311,0.01616274006664753,0.0533905029296875
SVHN,ConvNetBN,9-2,606,0,10,155,0.0001027104226523079,0.007696043234318495,0.0207977294921875
SVHN,ConvNetBN,9-2,606,0,11,156,5.4815445764688775e-05,0.004044223111122847,0.012763023376464844
SVHN,ConvNetBN,9-2,606,0,12,155,2.358741403440945e-05,0.0018667507683858275,0.00592041015625
SVHN,ConvNetBN,9-2,606,0,13,155,1.110345601773588e-05,0.000845105096232146,0.00244903564453125
SVHN,ConvNetBN,9-2,606,0,14,156,4.67365066469938e-06,0.0003587196406442672,0.00086212158203125
SVHN,ConvNetBN,9-2,606,0,15,155,2.0823954400839284e-06,0.00015889824135228992,0.0004730224609375
SVHN,ConvNetBN,9-2,606,0,16,155,8.475973913846246e-07,6.1001650465186685e-05,0.0001678466796875
SVHN,ConvNetBN,9-2,606,0,17,156,3.4131593906749913e-07,2.7816066904051695e-05,6.4849853515625e-05
SVHN,ConvNetBN,9-2,606,0,18,155,1.5653600371479115e-07,1.2582463568833191e-05,3.0517578125e-05
SVHN,ConvNetBN,9-2,606,0,19,155,4.066757242071617e-08,2.747838934169522e-08,7.62939453125e-06
SVHN,ConvNetBN,9-2,606,0,20,155,1.7333709578792877e-08,3.0934741435117985e-09,0.0
SVHN,ConvNetBN,9-2,606,0,21,156,7.041117466854985e-09,2.043518021466184e-09,0.0
SVHN,ConvNetBN,9-2,606,0,22,155,2.518530717310341e-09,4.3436049201872606e-10,0.0
SVHN,ConvNetBN,9-2,606,0,23,155,9.661889066592266e-10,1.198600108054393e-10,0.0
SVHN,ConvNetBN,9-2,606,0,24,156,3.0639282777578103e-10,6.008689726333394e-11,0.0
SVHN,ConvNetBN,9-2,606,0,25,155,1.0175765785547242e-10,5.3006366657060155e-11,0.0
SVHN,ConvNetBN,9-2,606,0,26,155,2.941073426465657e-11,2.1811859610143536e-11,0.0
SVHN,ConvNetBN,9-2,606,0,27,156,6.742602136344811e-12,2.616057652622683e-12,0.0
SVHN,ConvNetBN,9-2,606,0,28,155,1.3171702227185444e-12,8.719957264938238e-13,0.0
SVHN,ConvNetBN,9-2,606,0,29,155,9.548460112862589e-14,1.3308297911222237e-14,0.0
SVHN,ConvNetBN,9-2,606,0,30,155,6.413891236495988e-16,1.434534205376495e-16,0.0
SVHN,ConvNetBN,9-2,606,1,1,156,1.0977012515068054,28.2617244720459,189.99956512451172
SVHN,ConvNetBN,9-2,606,1,2,155,0.6349021196365356,17.128721237182617,88.79750061035156
SVHN,ConvNetBN,9-2,606,1,3,155,0.3762548565864563,10.94559097290039,50.50413513183594
SVHN,ConvNetBN,9-2,606,1,4,156,0.20628441125154495,5.568322658538818,23.31939697265625
SVHN,ConvNetBN,9-2,606,1,5,155,0.1259191781282425,3.656832695007324,15.436004638671875
SVHN,ConvNetBN,9-2,606,1,6,155,0.08050840348005295,2.2978038787841797,10.474472045898438
SVHN,ConvNetBN,9-2,606,1,7,156,0.050278954207897186,1.5293700695037842,5.920963287353516
SVHN,ConvNetBN,9-2,606,1,8,155,0.031140556558966637,0.9509604573249817,3.8276634216308594
SVHN,ConvNetBN,9-2,606,1,9,155,0.018529700115323067,0.5640233159065247,2.1404647827148438
SVHN,ConvNetBN,9-2,606,1,10,155,0.011911527253687382,0.3524817228317261,1.3115310668945312
SVHN,ConvNetBN,9-2,606,1,11,156,0.006709567969664931,0.20149385929107666,0.778778076171875
SVHN,ConvNetBN,9-2,606,1,12,155,0.004411214031279087,0.13297174870967865,0.5161380767822266
SVHN,ConvNetBN,9-2,606,1,13,155,0.00276758661493659,0.0821738988161087,0.323577880859375
SVHN,ConvNetBN,9-2,606,1,14,156,0.0016830377862788737,0.05172121152281761,0.19756126403808594
SVHN,ConvNetBN,9-2,606,1,15,155,0.0009611257119104266,0.028745325282216072,0.1059112548828125
SVHN,ConvNetBN,9-2,606,1,16,155,0.0006031927186995745,0.020501047372817993,0.061385154724121094
SVHN,ConvNetBN,9-2,606,1,17,156,0.000368013177649118,0.011698426678776741,0.04262399673461914
SVHN,ConvNetBN,9-2,606,1,18,155,0.00023784649965818971,0.007090516854077578,0.0265655517578125
SVHN,ConvNetBN,9-2,606,1,19,155,0.00013838664744980633,0.00437560398131609,0.01573944091796875
SVHN,ConvNetBN,9-2,606,1,20,155,8.022202382562682e-05,0.0023874258622527122,0.00818634033203125
SVHN,ConvNetBN,9-2,606,1,21,156,4.926176734443288e-05,0.0016671661869622767,0.005312919616699219
SVHN,ConvNetBN,9-2,606,1,22,155,2.7632666387944482e-05,0.000958128715865314,0.0032243728637695312
SVHN,ConvNetBN,9-2,606,1,23,155,1.7252281395485625e-05,0.0005662241601385176,0.00168609619140625
SVHN,ConvNetBN,9-2,606,1,24,156,9.087715170608135e-06,0.0003053961700061336,0.0009925365447998047
SVHN,ConvNetBN,9-2,606,1,25,155,4.891780918114819e-06,0.00016345951007679105,0.00043487548828125
SVHN,ConvNetBN,9-2,606,1,26,155,2.541483354434604e-06,8.61605440150015e-05,0.00021648406982421875
SVHN,ConvNetBN,9-2,606,1,27,156,1.1121737202302029e-06,3.7281524782883935e-05,0.000102996826171875
SVHN,ConvNetBN,9-2,606,1,28,155,4.1301709075014514e-07,1.5040972357382998e-05,4.57763671875e-05
SVHN,ConvNetBN,9-2,606,1,29,155,1.4182042207266932e-07,4.796239863935625e-06,1.52587890625e-05
SVHN,ConvNetBN,9-2,606,1,30,155,5.829900118214937e-09,9.033196413099631e-09,0.0
SVHN,ConvNetBN,9-2,606,2,1,156,0.052028922364115715,3.6660226583480835,12.30328369140625
SVHN,ConvNetBN,9-2,606,2,2,155,0.01998249627649784,1.4574387073516846,4.507484436035156
SVHN,ConvNetBN,9-2,606,2,3,155,0.010850237682461739,0.811707079410553,2.3536529541015625
SVHN,ConvNetBN,9-2,606,2,4,156,0.005697222892194986,0.45049506425857544,1.3276729583740234
SVHN,ConvNetBN,9-2,606,2,5,155,0.0030478087719529867,0.24533286690711975,0.640625
SVHN,ConvNetBN,9-2,606,2,6,155,0.0014913539635017514,0.1122666671872139,0.2768707275390625
SVHN,ConvNetBN,9-2,606,2,7,156,0.0008178419375326484,0.0630694106221199,0.15555953979492188
SVHN,ConvNetBN,9-2,606,2,8,155,0.0003658784262370318,0.02934352681040764,0.06535530090332031
SVHN,ConvNetBN,9-2,606,2,9,155,0.00018283622921444476,0.014699049293994904,0.033477783203125
SVHN,ConvNetBN,9-2,606,2,10,155,7.651459600310773e-05,0.006443952675908804,0.01251220703125
SVHN,ConvNetBN,9-2,606,2,11,156,3.6444740544538945e-05,0.0029834904707968235,0.0058727264404296875
SVHN,ConvNetBN,9-2,606,2,12,155,1.651033562666271e-05,0.0013715856475755572,0.003265380859375
SVHN,ConvNetBN,9-2,606,2,13,155,7.028700110822683e-06,0.0005888284649699926,0.00115966796875
SVHN,ConvNetBN,9-2,606,2,14,156,3.0513632509610034e-06,0.00025498757895547897,0.00054168701171875
SVHN,ConvNetBN,9-2,606,2,15,155,1.3602166291093454e-06,0.00011208293290110305,0.00017547607421875
SVHN,ConvNetBN,9-2,606,2,16,155,6.190632575453492e-07,4.872251156484708e-05,7.62939453125e-05
SVHN,ConvNetBN,9-2,606,2,17,156,2.9961064740291476e-07,2.2818464458396193e-05,3.0517578125e-05
SVHN,ConvNetBN,9-2,606,2,18,155,1.3950983657196048e-07,1.1485640243336093e-05,1.52587890625e-05
SVHN,ConvNetBN,9-2,606,2,19,155,2.915214558640855e-08,1.0160291497030016e-09,0.0
SVHN,ConvNetBN,9-2,606,2,20,155,1.2338299271164033e-08,4.060349834134058e-10,0.0
SVHN,ConvNetBN,9-2,606,2,21,156,5.276449499547198e-09,2.3569660806410653e-10,0.0
SVHN,ConvNetBN,9-2,606,2,22,155,1.9176633614392813e-09,4.3698489271548624e-11,0.0
SVHN,ConvNetBN,9-2,606,2,23,155,7.549459946076809e-10,5.552138956921304e-11,0.0
SVHN,ConvNetBN,9-2,606,2,24,156,3.199298326261868e-10,1.500451802735614e-11,0.0
SVHN,ConvNetBN,9-2,606,2,25,155,9.632249164948092e-11,6.5791920522695335e-12,0.0
SVHN,ConvNetBN,9-2,606,2,26,155,3.09395842279514e-11,2.1004120751705324e-12,0.0
SVHN,ConvNetBN,9-2,606,2,27,156,8.115785387480257e-12,1.0554314041656687e-12,0.0
SVHN,ConvNetBN,9-2,606,2,28,155,1.8763157260542895e-12,1.6530006530235397e-13,0.0
SVHN,ConvNetBN,9-2,606,2,29,155,2.12253893389254e-13,5.2523127313337456e-14,0.0
SVHN,ConvNetBN,9-2,606,2,30,155,3.646351477053569e-15,1.9412950918263277e-16,0.0
SVHN,ConvNetBN,9-2,606,3,1,156,0.06470318511128426,5.7421042919158936,18.56897735595703
SVHN,ConvNetBN,9-2,606,3,2,155,0.02485504187643528,2.1870548725128174,5.647979736328125
SVHN,ConvNetBN,9-2,606,3,3,155,0.013283362612128258,1.2309101819992065,3.5530853271484375
SVHN,ConvNetBN,9-2,606,3,4,156,0.006797445239499211,0.6187936961650848,1.4500694274902344
SVHN,ConvNetBN,9-2,606,3,5,155,0.0035976918879896402,0.3354967534542084,0.7914047241210938
SVHN,ConvNetBN,9-2,606,3,6,155,0.0018835883820429444,0.18143537640571594,0.34649658203125
SVHN,ConvNetBN,9-2,606,3,7,156,0.0009580859623383731,0.08836129307746887,0.15893173217773438
SVHN,ConvNetBN,9-2,606,3,8,155,0.00047214614460244775,0.047570452094078064,0.0912933349609375
SVHN,ConvNetBN,9-2,606,3,9,155,0.00021132825349923223,0.018441541120409966,0.0363922119140625
SVHN,ConvNetBN,9-2,606,3,10,155,0.00010293230297975242,0.009626859799027443,0.0173492431640625
SVHN,ConvNetBN,9-2,606,3,11,156,5.156671250006184e-05,0.005183409666642547,0.009717941284179688
SVHN,ConvNetBN,9-2,606,3,12,155,2.2097303371992894e-05,0.0023457161150872707,0.0041961669921875
SVHN,ConvNetBN,9-2,606,3,13,155,8.927437193051446e-06,0.0008692583069205284,0.001312255859375
SVHN,ConvNetBN,9-2,606,3,14,156,4.010524207842536e-06,0.0004137975338380784,0.0007123947143554688
SVHN,ConvNetBN,9-2,606,3,15,155,1.9775952750933357e-06,0.0002015447389567271,0.00031280517578125
SVHN,ConvNetBN,9-2,606,3,16,155,8.81039170508302e-07,8.846477430779487e-05,0.000152587890625
SVHN,ConvNetBN,9-2,606,3,17,156,3.362952014640541e-07,3.81054705940187e-05,6.103515625e-05
SVHN,ConvNetBN,9-2,606,3,18,155,1.589715878935749e-07,1.6433368728030473e-05,3.0517578125e-05
SVHN,ConvNetBN,9-2,606,3,19,155,3.9958230502179504e-08,6.186354095660818e-09,7.62939453125e-06
SVHN,ConvNetBN,9-2,606,3,20,155,1.6250492507197123e-08,9.235560094467132e-10,0.0
SVHN,ConvNetBN,9-2,606,3,21,156,5.828620031067544e-09,2.1421224793982674e-09,0.0
SVHN,ConvNetBN,9-2,606,3,22,155,2.0485286800209224e-09,7.253408984553289e-10,0.0
SVHN,ConvNetBN,9-2,606,3,23,155,6.687858600251673e-10,2.0286892998822026e-10,0.0
SVHN,ConvNetBN,9-2,606,3,24,156,2.1268652811157196e-10,4.3878584793377584e-11,0.0
SVHN,ConvNetBN,9-2,606,3,25,155,6.915476524760322e-11,2.1791658755265786e-11,0.0
SVHN,ConvNetBN,9-2,606,3,26,155,2.0153028551517238e-11,7.58543141493595e-12,0.0
SVHN,ConvNetBN,9-2,606,3,27,156,4.832560133311015e-12,3.0917803039987035e-12,0.0
SVHN,ConvNetBN,9-2,606,3,28,155,7.828605927580334e-13,1.4202395769852272e-12,0.0
SVHN,ConvNetBN,9-2,606,3,29,155,7.7843005479028e-14,3.670428557985862e-14,0.0
SVHN,ConvNetBN,9-2,606,3,30,155,2.536000232816022e-16,1.0972816185056419e-16,0.0
SVHN,ConvNetBN,9-2,606,4,1,156,0.9581566154956818,22.337416648864746,219.06807708740234
SVHN,ConvNetBN,9-2,606,4,2,155,0.4974266588687897,12.150514602661133,79.4202880859375
SVHN,ConvNetBN,9-2,606,4,3,155,0.2865963876247406,7.332417964935303,44.17477798461914
SVHN,ConvNetBN,9-2,606,4,4,156,0.16975567489862442,4.2141828536987305,24.565380096435547
SVHN,ConvNetBN,9-2,606,4,5,155,0.1099960133433342,3.114006280899048,19.704559326171875
SVHN,ConvNetBN,9-2,606,4,6,155,0.06838582456111908,1.848206877708435,10.520668029785156
SVHN,ConvNetBN,9-2,606,4,7,156,0.0400095209479332,1.0746785998344421,5.9064788818359375
SVHN,ConvNetBN,9-2,606,4,8,155,0.024611711502075195,0.7173570394515991,3.6652679443359375
SVHN,ConvNetBN,9-2,606,4,9,155,0.013839669525623322,0.3683375120162964,1.7849273681640625
SVHN,ConvNetBN,9-2,606,4,10,155,0.008475864306092262,0.23297040164470673,1.2002334594726562
SVHN,ConvNetBN,9-2,606,4,11,156,0.004974039504304528,0.14769629389047623,0.623779296875
SVHN,ConvNetBN,9-2,606,4,12,155,0.00302479462698102,0.09099552780389786,0.416046142578125
SVHN,ConvNetBN,9-2,606,4,13,155,0.0016907777171581984,0.0484396331012249,0.20767974853515625
SVHN,ConvNetBN,9-2,606,4,14,156,0.001028882572427392,0.03072226047515869,0.12754464149475098
SVHN,ConvNetBN,9-2,606,4,15,155,0.0005993100348860025,0.018775969743728638,0.068695068359375
SVHN,ConvNetBN,9-2,606,4,16,155,0.0003470421943347901,0.011008433997631073,0.03360748291015625
SVHN,ConvNetBN,9-2,606,4,17,156,0.00019413088011788204,0.006400007288902998,0.0283203125
SVHN,ConvNetBN,9-2,606,4,18,155,0.00011116993118776008,0.003216525074094534,0.0133209228515625
SVHN,ConvNetBN,9-2,606,4,19,155,6.860076973680407e-05,0.0022062042262405157,0.009105682373046875
SVHN,ConvNetBN,9-2,606,4,20,155,3.8507612771354616e-05,0.0012449849164113402,0.0053253173828125
SVHN,ConvNetBN,9-2,606,4,21,156,2.3485426027036738e-05,0.0007490728457923979,0.0031414031982421875
SVHN,ConvNetBN,9-2,606,4,22,155,1.2631338904611766e-05,0.00042086077155545354,0.001495361328125
SVHN,ConvNetBN,9-2,606,4,23,155,6.698459856124828e-06,0.00021573055710177869,0.0009002685546875
SVHN,ConvNetBN,9-2,606,4,24,156,3.2411359143225127e-06,0.00011101226118626073,0.00036978721618652344
SVHN,ConvNetBN,9-2,606,4,25,155,1.6170603203136125e-06,5.513485302799381e-05,0.000186920166015625
SVHN,ConvNetBN,9-2,606,4,26,155,6.906312250976043e-07,2.5280172849306837e-05,9.1552734375e-05
SVHN,ConvNetBN,9-2,606,4,27,156,2.891968904350506e-07,9.637449693400413e-06,3.4332275390625e-05
SVHN,ConvNetBN,9-2,606,4,28,155,5.0585665434255134e-08,9.304292234446621e-07,7.62939453125e-06
SVHN,ConvNetBN,9-2,606,4,29,155,1.133768279260039e-08,7.662650070017207e-09,0.0
SVHN,ConvNetBN,9-2,606,4,30,155,5.173829698001953e-10,2.2853567649416817e-10,0.0
