train_idx,x_rm,y_a,d_raw,m_raw,a_raw
19,0.5923832654953003,-0.013177949003875256,0.838343620300293,9.591227531433105,1.035300850868225
22,-0.6038506031036377,-0.16767719388008118,0.8797690272331238,18.686342239379883,0.12211151421070099
25,0.7303261160850525,-0.026161422953009605,0.8251342177391052,8.622379302978516,-0.0076904296875
103,-0.503922700881958,-0.1697290986776352,0.8977543115615845,17.675344467163086,0.0012928008800372481
104,-1.1021534204483032,-0.17023777961730957,0.8603691458702087,22.265748977661133,0.0003036498965229839
143,-0.48903822898864746,-0.17007434368133545,0.9132935404777527,17.67852210998535,0.000598907470703125
187,0.9731652140617371,0.05517161637544632,0.8166567087173462,6.734190464019775,2.550266981124878
209,-0.19770686328411102,-0.16645371913909912,0.8752678036689758,15.55768871307373,0.009200477972626686
210,-1.0889757871627808,-0.17029054462909698,0.8220616579055786,22.31195640563965,0.0005172729725018144
224,0.5360116958618164,-0.1495354026556015,0.8948978781700134,9.882259368896484,0.09801178425550461
228,-1.1205652952194214,-0.17020530998706818,0.9200146794319153,22.47916603088379,0.0005275726434774697
231,-0.8917074203491211,-0.1703004390001297,0.8034911155700684,20.62787628173828,0.00010833740088855848
232,0.8664886355400085,-0.05806519463658333,0.8447800874710083,7.50231409072876,0.34183865785598755
234,-0.31766191124916077,-0.1670343428850174,0.8412885069847107,16.386505126953125,0.009527206420898438
235,0.698927104473114,-0.05847274139523506,0.847281277179718,8.768214225769043,0.40861740708351135
243,0.21655431389808655,-0.1657877415418625,0.8465449213981628,12.377821922302246,0.02068786695599556
326,-0.49082818627357483,-0.16836757957935333,0.8910797238349915,17.655059814453125,0.004177093505859375
347,0.45219627022743225,-0.07158353179693222,0.7534215450286865,10.526366233825684,0.0984039306640625
351,-0.3374757468700409,-0.16996540129184723,0.9033794403076172,16.53716278076172,0.0015773773193359375
368,0.45730695128440857,-0.14005354046821594,0.9080159068107605,10.585994720458984,0.0950407013297081
409,0.7414135336875916,-0.05786587670445442,0.8783931732177734,8.408870697021484,0.3608841001987457
437,0.5206751227378845,-0.12070579826831818,0.9049795269966125,10.173534393310547,0.4408953785896301
451,0.9100603461265564,0.05935830622911453,0.8593530654907227,7.276394844055176,5.819706916809082
464,-1.1986668109893799,-0.1701609194278717,0.9244847297668457,23.08698844909668,0.0008246779325418174
532,-0.11882665008306503,-0.15719281136989594,0.9066417813301086,14.946032524108887,0.02614440955221653
556,-0.18701331317424774,-0.13496677577495575,0.8655107617378235,15.39275074005127,0.049628257751464844
571,0.007532465737313032,-0.16819405555725098,0.7986436486244202,14.005480766296387,0.01425018347799778
587,-1.1496905088424683,-0.17035141587257385,0.9059277772903442,22.691471099853516,2.6702880859375e-05
591,0.9898087382316589,0.8932437300682068,0.7640564441680908,6.657138347625732,21.070281982421875
619,-2.621706247329712,-0.17035457491874695,0.9198376536369324,33.83018493652344,4.57763690064894e-06
633,1.0191415548324585,0.6763322353363037,0.7947434186935425,6.383504390716553,6.188150882720947
640,1.141782522201538,0.9262464642524719,0.9002823829650879,5.5203118324279785,11.01643180847168
655,-2.3430027961730957,-0.1703546643257141,0.8481075167655945,31.681482315063477,0.0
680,0.030214060097932816,-0.14671927690505981,0.9126755595207214,13.815292358398438,0.06168098375201225
692,0.13791035115718842,-0.15027311444282532,0.8045093417167664,13.050505638122559,0.07824554294347763
710,1.2730692625045776,4.478023052215576,0.6977445483207703,4.495708465576172,21.398900985717773
745,0.9477155804634094,0.13493119180202484,0.8516337275505066,6.844169616699219,1.0033388137817383
770,0.701208770275116,-0.01286457758396864,0.863935649394989,8.72566032409668,0.47290879487991333
807,-0.8507073521614075,-0.1703571081161499,0.8986881375312805,20.294347763061523,1.5258789289873675e-06
818,-0.13755197823047638,-0.16494762897491455,0.8797605633735657,15.037127494812012,0.009815978817641735
854,0.6486353874206543,-0.15163831412792206,0.8600967526435852,9.256158828735352,1.3413383960723877
862,0.9488174319267273,0.7461040616035461,0.7451318502426147,6.911078929901123,4.144375801086426
863,0.9474732279777527,0.15208783745765686,0.8812124133110046,6.840783596038818,0.737945556640625
896,0.7470706105232239,-0.11844008415937424,0.8803197741508484,8.366930961608887,0.2026054412126541
899,-0.789248526096344,-0.1703234761953354,0.8906856775283813,19.916015625,5.4931642807787284e-05
903,-0.2326480597257614,-0.16938577592372894,0.9104348421096802,15.757654190063477,0.005028915591537952
929,-0.0961855798959732,-0.16744297742843628,0.8804163336753845,14.861106872558594,0.02271728590130806
935,-0.8557375073432922,-0.17031578719615936,0.9017251133918762,20.509307861328125,0.00164794921875
937,0.3408607840538025,-0.16525547206401825,0.8890805244445801,11.45720386505127,0.02376384846866131
960,0.6598377227783203,-0.18422119319438934,0.9041248559951782,9.077213287353516,0.06202474981546402
1013,0.7594632506370544,0.028860976919531822,0.9062928557395935,8.378220558166504,2.2920002937316895
1017,-0.1583818644285202,-0.13151849806308746,0.8438388109207153,15.271780967712402,0.0971752181649208
1023,-0.6708123087882996,-0.15875422954559326,0.8639690279960632,18.99030113220215,0.03086385689675808
1027,0.6095126271247864,0.0005919970571994781,0.5886567234992981,9.47655963897705,1.1032050848007202
1047,0.45028629899024963,-0.057952046394348145,0.9147178530693054,10.638638496398926,0.20717239379882812
1051,-1.034058690071106,-0.16997353732585907,0.9142367243766785,21.741994857788086,0.00024108887009788305
1101,0.7076867818832397,-0.04644773527979851,0.7983322739601135,8.727294921875,1.5487804412841797
1132,-0.28331083059310913,-0.16949091851711273,0.8835756182670593,16.075265884399414,0.0020477294456213713
1159,-0.2763662338256836,-0.16074055433273315,0.8858599066734314,16.202964782714844,0.06600799411535263
1161,0.5037105083465576,0.14811943471431732,0.8447766304016113,10.261348724365234,0.8297626376152039
1176,0.657599687576294,-0.05249340087175369,0.8671373724937439,9.092643737792969,0.4696734845638275
1191,0.6196861863136292,-0.12165584415197372,0.8916260600090027,9.416349411010742,0.5734170079231262
1192,0.2779005467891693,0.055938780307769775,0.9065614938735962,11.881621360778809,0.4916023313999176
1194,0.26367509365081787,-0.14433015882968903,0.8703079223632812,11.990204811096191,0.05639190599322319
1237,0.14306911826133728,-0.162263423204422,0.897232174873352,12.916935920715332,0.027329063042998314
1246,-1.8706015348434448,-0.1703546643257141,0.9219957590103149,28.177579879760742,0.0
1248,-1.5316532850265503,-0.1703542321920395,0.8925935626029968,25.496841430664062,4.57763690064894e-06
1259,-0.5210384130477905,-0.1646549254655838,0.8800742030143738,18.13522720336914,0.2599037289619446
1342,0.6485967636108398,-0.05010851100087166,0.8159272074699402,9.219483375549316,1.0483897924423218
1367,0.09989780932664871,-0.1688668578863144,0.8982154726982117,13.278828620910645,0.02308502234518528
1374,0.8246078491210938,0.02385016158223152,0.9063081741333008,7.852377414703369,0.027275657281279564
1393,0.2443235218524933,-0.12716715037822723,0.8977596163749695,12.276671409606934,0.955432116985321
1403,-0.18919140100479126,-0.1702035367488861,0.8866686224937439,15.442789077758789,0.0020381927024573088
1447,-1.713303804397583,-0.1703546643257141,0.8556547164916992,26.895156860351562,0.0
1485,-2.5513851642608643,-0.1703546643257141,0.9074823260307312,33.21320724487305,0.0
1531,0.3632271885871887,-0.14576014876365662,0.8483217358589172,11.181256294250488,0.028882408514618874
1537,0.865197479724884,-0.015281463041901588,0.8477202653884888,7.538552761077881,0.6359617114067078
1550,-0.10974682867527008,-0.16674672067165375,0.8968033790588379,14.839041709899902,0.015520477667450905
1552,-0.2458662986755371,-0.1679125726222992,0.8647544980049133,16.005931854248047,0.01899566687643528
1579,0.28271952271461487,-0.14171867072582245,0.8889438509941101,11.930289268493652,0.08795166015625
1584,-1.5394645929336548,-0.17035312950611115,0.8845686912536621,25.486459732055664,9.5367431640625e-07
1635,0.9539265632629395,0.1710493564605713,0.8849701881408691,6.9044413566589355,1.6429119110107422
1637,-1.4570231437683105,-0.1703905314207077,0.8553749918937683,24.864723205566406,-3.814697265625e-05
1642,0.2978378236293793,-0.1424252986907959,0.8830050826072693,11.789087295532227,0.21867366135120392
1646,-1.9014643430709839,-0.1703546643257141,0.8779589533805847,28.30048942565918,0.0
1687,-0.16121649742126465,-0.16902275383472443,0.8803316950798035,15.07682991027832,0.002530336380004883
1690,0.9536451697349548,0.45478978753089905,0.8269654512405396,6.8341217041015625,1.8080695867538452
1722,1.2358150482177734,1.6236155033111572,0.8037498593330383,4.951623916625977,29.6154727935791
1730,0.8246221542358398,-0.05642150714993477,0.8676267862319946,7.864449977874756,1.547707438468933
1733,0.06460677087306976,-0.14910632371902466,0.8773273825645447,13.605911254882812,0.1790107786655426
1766,-1.8086681365966797,-0.1703546643257141,0.8738669753074646,27.487157821655273,0.0
1802,-1.2445757389068604,-0.17034637928009033,0.8717899322509766,23.423826217651367,0.00012893676466774195
1809,-0.518743634223938,-0.17017798125743866,0.8964247703552246,17.929800033569336,0.0004554748593363911
1819,0.39376169443130493,-0.15807762742042542,0.8395699858665466,11.10201358795166,0.27239227294921875
1836,0.6927536725997925,-0.08198786526918411,0.8826707005500793,8.933371543884277,2.032917022705078
1837,0.08277323096990585,-0.16675575077533722,0.8995429873466492,13.464983940124512,0.01853027381002903
1876,0.4574246108531952,-0.0626581534743309,0.9208338856697083,10.39525318145752,0.17416420578956604
1933,1.0447195768356323,1.7179819345474243,0.8022382855415344,6.235415935516357,10.25471019744873
1944,-0.8431827425956726,-0.16900809109210968,0.8783656358718872,20.423582077026367,0.009449767880141735
1955,-0.8359100222587585,-0.1701829433441162,0.9271368980407715,20.235830307006836,0.00014495849609375
1956,-2.400414228439331,-0.1703546643257141,0.9018705487251282,32.19937515258789,0.0
1959,-1.0598303079605103,-0.17035619914531708,0.8663161396980286,21.88368034362793,3.051757857974735e-06
1989,-1.208223581314087,-0.170339435338974,0.859857976436615,23.131118774414062,9.460449655307457e-05
2043,-1.7779695987701416,-0.17035336792469025,0.9101375937461853,27.440338134765625,1.449584942747606e-05
2050,0.5226211547851562,-0.06046300008893013,0.9212563633918762,10.199339866638184,2.2103145122528076
2099,-0.03722206503152847,-0.16800479590892792,0.8857232928276062,14.170611381530762,0.005639934446662664
2111,-0.6005980372428894,-0.16695547103881836,0.8723689913749695,18.531644821166992,0.0067993164993822575
2112,0.04051018878817558,-0.10638268291950226,0.833990752696991,13.833589553833008,0.47349482774734497
2124,-0.1790800243616104,-0.1698535680770874,0.8731805682182312,15.339612007141113,0.0027284622192382812
2146,0.7481391429901123,0.030065814033150673,0.901094913482666,8.458833694458008,5.700473785400391
2150,0.4312500059604645,-0.11552532762289047,0.8109976053237915,10.782027244567871,0.21185636520385742
2152,0.7705156207084656,-0.000977946794591844,0.9211568236351013,8.264006614685059,0.6446560025215149
2179,-1.018082857131958,-0.1703304499387741,0.9112524390220642,21.755390167236328,0.0010780334705486894
2203,0.8258668780326843,0.014455986209213734,0.8688617944717407,7.7928786277771,0.7795635461807251
2222,0.7286893725395203,-0.06568201631307602,0.8830181956291199,8.67444896697998,2.804689884185791
2226,-0.3069213330745697,-0.16896621882915497,0.8718504309654236,16.2912540435791,0.0018085479969158769
2239,0.5534138083457947,-0.133487269282341,0.8514494299888611,9.903899192810059,0.3061441481113434
2241,-1.2636991739273071,-0.17027373611927032,0.8341147303581238,23.497724533081055,0.00017013550677802414
2267,-1.2184176445007324,-0.1702304631471634,0.8885154724121094,23.146472930908203,0.0008789062849245965
2296,-0.9209068417549133,-0.17035259306430817,0.8028860092163086,20.973731994628906,2.86102294921875e-05
2299,0.0383768267929554,-0.17003905773162842,0.8964511156082153,13.751635551452637,0.0027452469803392887
2310,1.0776538848876953,2.734123468399048,0.8414101004600525,5.890317440032959,4.743256568908691
2336,0.9715535044670105,0.7990671992301941,0.8484272360801697,6.763680934906006,4.636756420135498
2356,-1.1629832983016968,-0.17032110691070557,0.8884214758872986,22.798364639282227,0.00013189316086936742
2364,-0.24660983681678772,-0.17007724940776825,0.8791694045066833,15.765166282653809,0.0009170532575808465
2400,-0.6107069849967957,-0.1703500598669052,0.9009407162666321,18.61458396911621,0.00017242431931663305
2411,-1.1404837369918823,-0.170192688703537,0.8955623507499695,22.341625213623047,0.0003532409609761089
2439,-0.4653802812099457,-0.1676153987646103,0.8901650309562683,17.564010620117188,0.010179138742387295
2479,-0.03363011032342911,-0.1452914923429489,0.8850632905960083,14.257197380065918,0.07698841392993927
2494,-1.181807518005371,-0.17033717036247253,0.8701819777488708,22.81853675842285,9.1552734375e-05
2503,0.03424740582704544,-0.15785811841487885,0.857094943523407,13.8191499710083,0.04960289224982262
2517,-0.14399874210357666,-0.162270650267601,0.9145089387893677,15.09721565246582,0.018093014135956764
2596,-0.04301111027598381,-0.11066021770238876,0.7956359386444092,14.504936218261719,1.5039474964141846
2602,-0.6173393130302429,-0.17040899395942688,0.9235329031944275,18.605985641479492,-4.57763671875e-05
2607,0.3240361511707306,-0.14751800894737244,0.8388636708259583,11.590620994567871,0.07101123780012131
2625,0.8945471048355103,0.1837928742170334,0.8560258746147156,7.264475345611572,0.5283779501914978
2638,0.33257797360420227,-0.1618293821811676,0.889185905456543,11.499144554138184,0.027931977063417435
2653,0.8726772665977478,0.036169182509183884,0.8359139561653137,7.505326747894287,1.098639726638794
2681,0.7281225323677063,0.08091241121292114,0.8352370262145996,8.54836654663086,0.7924583554267883
2684,-2.1587588787078857,-0.1703546643257141,0.8723993301391602,30.381071090698242,0.0
2694,0.3535831868648529,-0.154100701212883,0.9070062637329102,11.475319862365723,-0.005903434939682484
2713,-0.5264908671379089,-0.16779258847236633,0.8785730600357056,18.13783836364746,0.11647949367761612
2774,0.23882143199443817,-0.15682293474674225,0.911590576171875,12.112264633178711,0.017715072259306908
2831,0.15720371901988983,-0.1537763923406601,0.7897917628288269,12.736953735351562,0.08654022216796875
2872,-0.26813092827796936,-0.16303130984306335,0.8471207022666931,15.947585105895996,0.010075378231704235
2909,-1.831860899925232,-0.1703546643257141,0.8982168436050415,27.769277572631836,0.0
2915,0.466337114572525,-0.10746023803949356,0.8705706000328064,10.638638496398926,1.4967666864395142
2924,-0.46320706605911255,-0.16997313499450684,0.8731662631034851,17.61884880065918,0.0031087875831872225
2925,0.6295573711395264,-0.07359343022108078,0.9040199518203735,9.218122482299805,0.24193726480007172
2937,-0.9794751405715942,-0.17035523056983948,0.9141659736633301,21.244604110717773,-2.28881845032447e-06
2955,0.3415203094482422,-0.15226854383945465,0.9028917551040649,11.416754722595215,0.07017288357019424
2965,0.42998695373535156,-0.14443455636501312,0.8844406008720398,10.815566062927246,0.13338394463062286
2968,-0.16913805902004242,-0.16957220435142517,0.8914470076560974,15.173428535461426,0.0010962247615680099
2978,-0.6927196979522705,-0.17023880779743195,0.8979076743125916,19.1380672454834,0.00043010711669921875
3018,0.9115310907363892,0.25086501240730286,0.8548018336296082,7.246453285217285,9.506199836730957
3033,0.35089948773384094,-0.15892532467842102,0.8861021995544434,11.355379104614258,0.07192859798669815
3070,1.0950897932052612,1.049060344696045,0.6403228640556335,5.733461380004883,2.481548309326172
3091,-0.13185159862041473,-0.1692640483379364,0.8850187659263611,14.826776504516602,0.004676628392189741
3095,0.531493604183197,0.082082100212574,0.8904154896736145,9.822406768798828,0.6242470145225525
3096,-1.8655680418014526,-0.17035458981990814,0.9013397097587585,28.049840927124023,3.051757857974735e-06
3098,0.27948707342147827,-0.13311827182769775,0.8879371881484985,11.900533676147461,0.18443584442138672
3106,0.3410388231277466,-0.13961286842823029,0.8935118913650513,11.59305477142334,1.1954277753829956
3111,0.5580711960792542,0.07155480235815048,0.8692141771316528,9.885401725769043,2.7600791454315186
3122,-3.2815258502960205,-0.1703546643257141,0.9131617546081543,38.664608001708984,0.0
3139,0.5256571769714355,-0.10564308613538742,0.8070961833000183,9.979676246643066,0.1471199095249176
3192,1.2500295639038086,1.0542885065078735,0.8425731062889099,4.839695930480957,17.87172508239746
3203,0.10089045763015747,-0.14213885366916656,0.8736370205879211,13.428996086120605,1.119729995727539
3207,0.11039891093969345,-0.16235563158988953,0.8627070784568787,13.157881736755371,0.05335693433880806
3223,0.7009943127632141,-0.057050157338380814,0.8409398198127747,8.761700630187988,0.5611221194267273
3241,-0.9463421702384949,-0.170345738530159,0.902204692363739,21.020307540893555,7.62939453125e-06
3243,0.7248990535736084,0.09040502458810806,0.8976604342460632,8.494284629821777,0.5924829840660095
3262,0.2654074430465698,-0.14874325692653656,0.884139358997345,12.003011703491211,0.042505647987127304
3290,0.4376696050167084,-0.10398907959461212,0.8963934779167175,10.746180534362793,0.13105010986328125
3323,-0.9141924977302551,-0.17004157602787018,0.9311147928237915,20.957128524780273,0.0022476196754723787
3341,-0.25084197521209717,-0.1680120974779129,0.9009795188903809,15.77734088897705,0.007077312562614679
3369,0.7426084876060486,-0.026836156845092773,0.9016589522361755,8.433354377746582,0.44425851106643677
3403,0.6310641765594482,-0.03693358972668648,0.7278662919998169,9.286162376403809,0.6048248410224915
3412,-1.1399654150009155,-0.1703542321920395,0.9092036485671997,22.559438705444336,4.57763690064894e-06
3435,-1.4828864336013794,-0.17035481333732605,0.917084813117981,25.084552764892578,-7.629394644936838e-07
3437,-0.33377358317375183,-0.17051449418067932,0.8655131459236145,16.671974182128906,-0.0030277252662926912
3458,1.3110020160675049,2.4429731369018555,0.7327713370323181,4.224393367767334,14.710600852966309
3470,-0.36337709426879883,-0.17024382948875427,0.879061222076416,16.740814208984375,0.000987243722192943
3500,-0.305341511964798,-0.1593332588672638,0.8981928825378418,16.207857131958008,0.024097109213471413
3504,0.14799432456493378,-0.16603051126003265,0.930557370185852,12.799488067626953,0.018352223560214043
3521,0.6599583029747009,-0.09499760717153549,0.9170790910720825,9.05509090423584,0.22252808511257172
3528,-0.16483242809772491,-0.16907534003257751,0.8349534869194031,15.292932510375977,0.00741164106875658
3563,-0.13208328187465668,-0.1342252939939499,0.8689505457878113,15.040698051452637,0.028669357299804688
3567,0.7504701614379883,0.07054764032363892,0.9191069006919861,8.358138084411621,0.5549076199531555
3588,0.597794234752655,-0.09357241541147232,0.889748752117157,9.602011680603027,2.7749013900756836
3593,-0.41169413924217224,-0.15506015717983246,0.8846578598022461,17.315031051635742,0.2694084346294403
3603,-0.30943724513053894,-0.16609488427639008,0.915168285369873,16.379587173461914,0.042633820325136185
3621,-1.7535828351974487,-0.17035409808158875,0.9106211066246033,27.206146240234375,1.5258789289873675e-06
3636,0.45288631319999695,-0.03620920702815056,0.8269785046577454,10.730294227600098,0.6310575604438782
3656,-0.2029636949300766,-0.16747459769248962,0.8405519723892212,15.522047996520996,0.0063423155806958675
3676,0.7159045338630676,0.014997676014900208,0.8802661895751953,8.751474380493164,1.4470248222351074
3682,0.002222590846940875,-0.13673251867294312,0.8715430498123169,14.03801155090332,0.1461208313703537
3698,0.29645606875419617,-0.147786483168602,0.901459813117981,11.822901725769043,0.13276825845241547
3707,-1.0401352643966675,-0.1703539788722992,0.9132109880447388,21.73107147216797,7.62939453125e-06
3710,-0.19924373924732208,-0.16893790662288666,0.9024209380149841,15.495811462402344,0.007010698318481445
3712,0.408753365278244,-0.13631634414196014,0.8875414729118347,10.94343376159668,0.199000746011734
3729,0.8006200194358826,-0.01475412119179964,0.8844701647758484,8.027528762817383,0.8607574701309204
3742,0.9362496733665466,0.1376766413450241,0.9006198048591614,6.92782735824585,1.1974540948867798
3775,-0.10225023329257965,-0.16513891518115997,0.9303420186042786,14.678047180175781,0.010210419073700905
3780,0.3446525037288666,-0.09315516799688339,0.8936304450035095,11.528178215026855,0.9179093241691589
3783,-2.165044069290161,-0.17035441100597382,0.903344452381134,30.43914794921875,1.220703143189894e-05
3804,0.29640841484069824,-0.16286061704158783,0.8728336691856384,11.766058921813965,0.015345001593232155
3826,0.9806756973266602,0.5358769297599792,0.6888078451156616,6.665537357330322,3.7246806621551514
3833,-0.5339378118515015,-0.16856388747692108,0.8521195650100708,17.855737686157227,0.001968431519344449
3841,1.0536597967147827,2.3989083766937256,0.7125101685523987,6.04525089263916,11.080351829528809
3849,0.6010806560516357,-0.10199695825576782,0.8834555745124817,9.469045639038086,0.19309769570827484
3861,-1.5386055707931519,-0.1703544706106186,0.8978180289268494,25.634878158569336,9.15527380129788e-06
3865,0.2926553785800934,-0.14425580203533173,0.8918039202690125,11.792301177978516,0.041187286376953125
3912,-2.383887529373169,-0.1703546643257141,0.9229923486709595,31.96876335144043,0.0
3926,0.39106324315071106,-0.12723784148693085,0.8764550089836121,11.084964752197266,0.03674926981329918
3942,-2.187244415283203,-0.17035451531410217,0.8590154051780701,30.493398666381836,3.814697322468419e-07
3986,0.17839647829532623,-0.13170741498470306,0.8747191429138184,12.571146965026855,0.05222931131720543
3991,0.9374876022338867,0.12612585723400116,0.8991673588752747,7.036336421966553,2.4767231941223145
3994,0.2759762406349182,-0.15432952344417572,0.8060388565063477,11.93134880065918,0.052849579602479935
4015,1.0318182706832886,0.8066480755805969,0.7489423155784607,6.214934825897217,2.244682550430298
4022,-0.7011381983757019,-0.12761692702770233,0.933086097240448,19.3000431060791,0.04795990139245987
4026,0.6378501057624817,-0.0326559878885746,0.8544754385948181,9.184649467468262,0.3008503019809723
4064,-0.056413259357213974,-0.13670013844966888,0.9095017313957214,14.435591697692871,0.05140180513262749
4086,-1.454698920249939,-0.17032454907894135,0.877833366394043,25.12529754638672,0.0012603759532794356
4095,-0.8295341730117798,-0.16965676844120026,0.9073438048362732,20.309764862060547,0.004631423857063055
4126,0.5661284923553467,-0.08185537904500961,0.8944920897483826,9.78226375579834,0.2466476410627365
4130,-0.7481451630592346,-0.1703423708677292,0.9278030395507812,19.666576385498047,0.00015945434279274195
4143,0.9158799052238464,0.27079474925994873,0.9076589941978455,7.109882354736328,0.9716705679893494
4147,0.14821724593639374,-0.16796429455280304,0.8728699088096619,13.011056900024414,0.06246795877814293
4152,-0.6332038640975952,-0.17006243765354156,0.8917592167854309,18.833219528198242,0.0019989013671875
4167,0.3368627429008484,-0.12182992696762085,0.9160980582237244,11.495722770690918,0.2883361876010895
4181,0.9294756054878235,0.5023521780967712,0.8784448504447937,7.092785835266113,1.7425262928009033
4217,0.9470362663269043,0.49120980501174927,0.8709217309951782,6.949167728424072,2.0315208435058594
4278,0.29371240735054016,-0.1438748836517334,0.8653615117073059,11.785451889038086,0.08439445495605469
4279,-1.576083779335022,-0.17035029828548431,0.8859851956367493,25.898244857788086,1.220703143189894e-05
4309,-0.0769159123301506,-0.16825483739376068,0.8975811004638672,14.6921968460083,0.020343780517578125
4324,-1.436722755432129,-0.17035441100597382,0.9056914448738098,24.855010986328125,7.629394644936838e-07
4377,-0.5464931726455688,-0.16876360774040222,0.9319512248039246,17.952592849731445,0.0008869171142578125
4391,0.08370303362607956,-0.16496030986309052,0.8106751441955566,13.475438117980957,0.10050659626722336
4409,-0.3134196698665619,-0.1601635068655014,0.8785030245780945,16.380842208862305,0.0703125
4415,-1.542298674583435,-0.1703546643257141,0.9062761664390564,25.581439971923828,0.0
4417,-1.3516606092453003,-0.17035160958766937,0.8841107487678528,24.190290451049805,2.136230432370212e-05
4488,0.4864896833896637,-0.04943649098277092,0.8568266034126282,10.400423049926758,0.7232780456542969
4590,1.123085618019104,1.4136204719543457,0.7733247876167297,5.574392318725586,5.750636577606201
4596,0.9972171783447266,0.1631958782672882,0.9114190936088562,6.548255443572998,0.5571789145469666
4606,-0.8570871353149414,-0.1703101247549057,0.9152265787124634,20.457366943359375,0.00011329651169944555
4663,0.45563140511512756,-0.12914763391017914,0.8626825213432312,10.6572265625,0.2509208619594574
4668,0.30532029271125793,-0.14395403861999512,0.7982496619224548,11.729365348815918,0.06453752517700195
4678,-1.4860092401504517,-0.17035377025604248,0.893385112285614,25.293251037597656,4.119873119634576e-05
4682,-0.8711844682693481,-0.1675087958574295,0.8586518168449402,20.556106567382812,0.003424072405323386
4693,0.019969940185546875,-0.15286411345005035,0.838002622127533,13.8524169921875,0.030358124524354935
4752,0.9076539278030396,0.1766183227300644,0.8773555755615234,7.220155239105225,0.7372034192085266
4767,-0.33099567890167236,-0.16735607385635376,0.8539931178092957,16.36041259765625,0.007986045442521572
4789,0.9301813244819641,0.2398974746465683,0.8805403113365173,7.018477916717529,0.9682598114013672
4805,-2.179074287414551,-0.17035457491874695,0.9209548234939575,30.553937911987305,4.57763690064894e-06
4810,0.7717015147209167,-0.00027078166021965444,0.8764638900756836,8.137982368469238,0.41252365708351135
4843,0.406358927488327,-0.13307885825634003,0.8009927868843079,10.974950790405273,0.2608436644077301
4875,-0.6030527949333191,-0.16874103248119354,0.8975802659988403,18.483694076538086,0.005591726396232843
4877,-0.6116651892662048,-0.17012538015842438,0.9002273678779602,18.494184494018555,0.0003276825009379536
4881,0.6016976833343506,-0.0950726717710495,0.8991551399230957,9.415865898132324,0.16985951364040375
4904,0.11712201684713364,-0.1631224900484085,0.8945103883743286,13.139357566833496,0.04148292541503906
4907,1.0967494249343872,0.4028482437133789,0.8200580477714539,5.792452812194824,2.645458221435547
4911,0.9534891247749329,0.3902759253978729,0.8576946258544922,6.877610683441162,1.8219680786132812
4948,0.5680009722709656,-0.13896632194519043,0.8621746897697449,9.738252639770508,0.09971856325864792
4959,1.1649922132492065,1.3602583408355713,0.8699552416801453,5.289365291595459,5.798766613006592
4980,-0.14756083488464355,-0.1585315465927124,0.8347175717353821,15.071680068969727,0.034816741943359375
5019,-1.2520151138305664,-0.17034021019935608,0.8633633852005005,23.570463180541992,0.0006668090936727822
5020,0.7498116493225098,0.06022781878709793,0.8454576730728149,8.461750984191895,3.880786180496216
5022,0.7915729284286499,0.052609533071517944,0.9013329744338989,8.169770240783691,2.350609540939331
5032,0.7225728631019592,0.048153650015592575,0.8939818739891052,8.505195617675781,0.32048413157463074
5041,0.18606042861938477,-0.14076654613018036,0.8439103960990906,12.678101539611816,0.17727814614772797
5059,0.7481058239936829,0.10016085207462311,0.8846045732498169,8.372328758239746,0.7117599844932556
5066,0.08518264442682266,-0.11157875508069992,0.9002407193183899,13.521571159362793,1.5407112836837769
5081,0.9530848860740662,0.10671647638082504,0.8880252242088318,6.8948235511779785,1.5177990198135376
5085,-0.6474727988243103,-0.1693742275238037,0.7997369170188904,18.986106872558594,0.0020228386856615543
5095,0.5108808279037476,0.026242105290293694,0.7926863431930542,10.278729438781738,2.5599257946014404
5109,1.0126241445541382,0.7500187754631042,0.8773285150527954,6.471558570861816,3.3804123401641846
5122,-1.9011335372924805,-0.17035450041294098,0.8510530591011047,28.327733993530273,7.62939453125e-06
5124,0.5131420493125916,-0.12118089199066162,0.890781044960022,10.091540336608887,0.09204864501953125
5134,0.8045024871826172,0.4727693200111389,0.8417028784751892,8.088295936584473,7.834072113037109
5148,0.09735323488712311,-0.17156057059764862,0.8892019391059875,13.382914543151855,0.055690765380859375
5159,-1.0307713747024536,-0.1703617423772812,0.8979668617248535,21.670560836791992,-2.136230432370212e-05
5176,0.4527008533477783,-0.05183664709329605,0.8029496073722839,10.69686222076416,0.6206892132759094
5177,1.247717261314392,2.2226922512054443,0.6766601800918579,4.700690746307373,14.191131591796875
5182,0.23856976628303528,-0.1651100069284439,0.9333054423332214,12.404047012329102,0.07031936943531036
5223,1.2450443506240845,1.195609450340271,0.7863744497299194,4.721970081329346,14.489669799804688
5230,0.3397631347179413,-0.14099471271038055,0.9198013544082642,11.513145446777344,0.20389404892921448
5263,-0.2697870135307312,-0.17009535431861877,0.920300304889679,16.013587951660156,0.0017150879139080644
5291,-1.6055759191513062,-0.17028935253620148,0.9066530466079712,26.244657516479492,0.003012085100635886
5292,-2.122755289077759,-0.1703544706106186,0.8999247550964355,30.13336181640625,7.724762326688506e-06
5308,0.5348725318908691,-0.13392482697963715,0.8954605460166931,9.96374797821045,0.10201606899499893
5338,0.6870021224021912,-0.07313331216573715,0.8864775896072388,8.795425415039062,0.5093002319335938
5361,-0.3808531165122986,-0.16948311030864716,0.8331555724143982,16.923229217529297,0.020140839740633965
5374,-0.9322800636291504,-0.17034441232681274,0.8962453007698059,20.950666427612305,1.52587890625e-05
5376,0.9120063781738281,0.02906974032521248,0.8267513513565063,7.251948833465576,3.9631764888763428
5380,-0.5636112689971924,-0.1703440248966217,0.8948238492012024,18.204328536987305,2.7465821403893642e-05
5381,-0.7147206664085388,-0.16624678671360016,0.8536036610603333,19.32372283935547,0.00608482351526618
5398,0.1495433896780014,-0.16704367101192474,0.8631839752197266,12.894423484802246,0.008725166320800781
5402,-0.5914353728294373,-0.1703971028327942,0.9095928072929382,18.3665714263916,-0.0001105308547266759
5419,0.3122876286506653,-0.15032929182052612,0.89580899477005,11.737486839294434,0.08451157063245773
5429,0.5874950289726257,-0.10649644583463669,0.788896381855011,9.614044189453125,0.31498613953590393
5456,0.5626124739646912,-0.05169396474957466,0.8447847366333008,9.704131126403809,0.21889038383960724
5474,0.7739673852920532,-0.07900533825159073,0.8805241584777832,8.242934226989746,1.134952187538147
5513,-0.9137091040611267,-0.17033682763576508,0.8872413039207458,20.987966537475586,0.0002700805780477822
5522,0.07378192245960236,-0.16209180653095245,0.8625708818435669,13.308938980102539,0.010341644287109375
5526,-1.4443299770355225,-0.17029736936092377,0.8850103616714478,24.845951080322266,0.0005897522205486894
5558,-0.8494219183921814,-0.17000339925289154,0.9256767630577087,20.48618507385254,0.0007812500116415322
5583,0.6376391649246216,-0.01698262244462967,0.7689652442932129,9.199633598327637,0.39010515809059143
5596,-1.3824394941329956,-0.1703544408082962,0.8944341540336609,24.545530319213867,1.068115216185106e-05
5599,0.6992951035499573,-0.1278235912322998,0.8971949815750122,8.812512397766113,0.9331815838813782
5661,-1.240012764930725,-0.17032907903194427,0.8644394278526306,23.4141788482666,0.0002593994140625
5679,0.47065386176109314,-0.1394101232290268,0.8849915862083435,10.524408340454102,0.16734905540943146
5682,0.8004363179206848,0.49332061409950256,0.76461261510849,8.060799598693848,8.79015827178955
5689,0.03984325751662254,-0.1349203884601593,0.8866363763809204,13.741098403930664,0.06399154663085938
5708,-0.6361796855926514,-0.17032170295715332,0.8744329810142517,18.83001136779785,0.000110626220703125
5711,0.26333674788475037,-0.16337406635284424,0.8452682495117188,12.001561164855957,0.02912445180118084
5718,-2.1867642402648926,-0.17035463452339172,0.9014522433280945,30.597265243530273,1.5258789289873675e-06
5728,0.6796744465827942,0.13369901478290558,0.7365903258323669,8.865285873413086,1.086694359779358
5745,0.1864764392375946,-0.05846206098794937,0.8713688850402832,12.619811058044434,0.6580139398574829
5763,0.2794698178768158,-0.14898477494716644,0.8777022361755371,11.972552299499512,0.06284027546644211
5785,0.6456259489059448,-0.009305610321462154,0.8768994212150574,9.153706550598145,0.4635475277900696
5833,0.8090195059776306,0.06485302001237869,0.9068480730056763,7.903543949127197,0.6373762488365173
5845,0.4534669518470764,-0.12385430186986923,0.8701499104499817,10.729032516479492,1.6759033203125
5900,-0.7380465865135193,-0.17029888927936554,0.9118527770042419,19.63043212890625,0.0019702911376953125
5907,0.16499845683574677,-0.1609531193971634,0.8844119310379028,12.774535179138184,0.01432113628834486
5921,0.8738424181938171,0.2301487773656845,0.8712339401245117,7.499101161956787,3.6969497203826904
6003,0.9303359985351562,0.28679731488227844,0.8646063208580017,7.051644802093506,1.4954246282577515
6005,0.9780068397521973,0.24101582169532776,0.8557588458061218,6.730082988739014,2.5910251140594482
6025,0.37990936636924744,-0.11779643595218658,0.8812654614448547,11.177240371704102,0.41219329833984375
6046,-1.1570204496383667,-0.16932590305805206,0.898347795009613,22.7893123626709,0.004062652587890625
6093,0.7231724858283997,-0.059820640832185745,0.8744449615478516,8.603903770446777,0.320726603269577
6095,0.8928385972976685,0.04152954742312431,0.9052234888076782,7.329766273498535,0.9871158599853516
6096,0.15357591211795807,-0.17387890815734863,0.8997483253479004,12.9991455078125,0.21888427436351776
6101,0.3399411141872406,-0.1082620620727539,0.8869528770446777,11.37854290008545,0.119420625269413
6107,-0.4577065408229828,-0.16989417374134064,0.9196551442146301,17.453163146972656,0.0019828795921057463
6125,-1.285994052886963,-0.17032985389232635,0.8846430778503418,23.74114990234375,4.7302248276537284e-05
6193,-1.8529843091964722,-0.1703546643257141,0.8855254054069519,28.00617790222168,0.0
6213,0.8311278223991394,-0.09910314530134201,0.8890394568443298,7.798079013824463,1.1041910648345947
6224,0.5310410857200623,-0.026401981711387634,0.7847149968147278,9.938873291015625,0.16670647263526917
6246,-0.1587684154510498,-0.16574625670909882,0.908073902130127,15.204950332641602,0.01428298931568861
6252,-0.28653886914253235,-0.16722311079502106,0.8892084360122681,16.113208770751953,0.009394073858857155
6267,0.8665630221366882,0.2013014405965805,0.8642652630805969,7.427107334136963,0.5936711430549622
6277,0.41753822565078735,-0.04693862423300743,0.8831101655960083,10.843317031860352,0.21080055832862854
6294,0.6135467886924744,-0.03947526216506958,0.7070359587669373,9.377368927001953,0.31132736802101135
6367,-0.20093636214733124,-0.16963696479797363,0.8739892244338989,15.616538047790527,0.018511200323700905
6391,-0.19788353145122528,-0.16757017374038696,0.8074995875358582,15.524760246276855,0.02227642573416233
6395,0.8612723350524902,0.20899084210395813,0.853517472743988,7.533533573150635,0.9013221859931946
6447,0.6022351384162903,-0.07469893991947174,0.8563830256462097,9.426675796508789,0.20081892609596252
6451,1.0899823904037476,0.46061450242996216,0.921848475933075,5.883962154388428,8.396204948425293
6454,0.6901075839996338,-0.08079490810632706,0.8713893294334412,8.889866828918457,1.156166911125183
6463,-1.1475588083267212,-0.17017985880374908,0.9152904748916626,22.887744903564453,0.008061218075454235
6471,0.47112447023391724,-0.11588270962238312,0.8195738792419434,10.480470657348633,0.19433288276195526
6486,-0.4537763297557831,-0.16982679069042206,0.845087468624115,17.329526901245117,0.0012365340953692794
6500,-0.7944580912590027,-0.17031458020210266,0.8959339261054993,20.10317611694336,0.0007339477888308465
6517,-3.0962772369384766,-0.1703546643257141,0.8971682786941528,37.33796310424805,0.0
6521,-1.2496145963668823,-0.17035453021526337,0.8743583559989929,23.305686950683594,1.5258789289873675e-06
6526,-0.18398134410381317,-0.17112015187740326,0.8725599646568298,15.379107475280762,0.000484466552734375
6536,-1.9117811918258667,-0.17035406827926636,0.9045478701591492,28.28093910217285,1.5258789289873675e-06
6548,1.1327613592147827,1.4430670738220215,0.7650176882743835,5.511104106903076,6.0063347816467285
6551,0.40875744819641113,-0.14599274098873138,0.850368320941925,11.008173942565918,0.21121959388256073
6554,0.6656966209411621,-0.06941011548042297,0.9009289741516113,9.118634223937988,2.54895281791687
6566,-0.15434475243091583,-0.16838717460632324,0.8965428471565247,15.081854820251465,0.002207183977589011
6578,0.2593342959880829,-0.15630102157592773,0.879520058631897,12.068448066711426,0.06097717210650444
6582,-1.7772026062011719,-0.17033837735652924,0.9072021842002869,27.286762237548828,4.367828296381049e-05
6592,-0.5686702132225037,-0.1703244298696518,0.8671035766601562,18.282201766967773,0.00024147033400367945
6599,0.6472982168197632,0.14919380843639374,0.848518967628479,9.20093822479248,2.9918549060821533
6645,-0.051596350967884064,-0.15712817013263702,0.8646392226219177,14.343040466308594,0.023351669311523438
6712,-0.4872402250766754,-0.1694665551185608,0.8898698091506958,17.77767562866211,0.035764314234256744
6745,0.429103821516037,-0.1427019089460373,0.8841482400894165,10.736311912536621,0.07593832165002823
6750,-0.06103312969207764,-0.1694854497909546,0.8122647404670715,14.402865409851074,0.0014537811512127519
6777,-0.446453332901001,-0.1703266203403473,0.8874487280845642,17.412811279296875,0.0003410339413676411
6804,-1.373930811882019,-0.17035453021526337,0.894988477230072,24.324094772338867,3.814697322468419e-07
6824,-0.5806659460067749,-0.164948508143425,0.9112052917480469,18.543697357177734,0.17694397270679474
6826,1.4126452207565308,7.028146266937256,0.46659985184669495,3.5099270343780518,46.2673454284668
6859,0.4569924771785736,-0.11419470608234406,0.815152645111084,10.645720481872559,0.22474823892116547
6888,0.6950615644454956,0.049827899783849716,0.8611326217651367,8.784939765930176,0.9387920498847961
6918,-2.4492056369781494,-0.1703546643257141,0.866771399974823,32.3453483581543,0.0
6925,-1.6611852645874023,-0.1703546643257141,0.9220771193504333,26.5256404876709,0.0
6932,1.1158181428909302,0.5848191976547241,0.86152184009552,5.679330348968506,5.294539928436279
6935,-0.8928918242454529,-0.16988533735275269,0.8659924864768982,20.72357749938965,0.0003379821719136089
6938,-0.8859712481498718,-0.16801953315734863,0.8849024176597595,20.72463035583496,0.009906006045639515
6941,0.1718001812696457,-0.13142937421798706,0.8639537692070007,12.828112602233887,0.40518417954444885
6949,0.6597118377685547,-0.13206471502780914,0.7921767234802246,9.061959266662598,0.17007103562355042
6960,-0.011531340889632702,-0.14059382677078247,0.8558961153030396,14.156025886535645,0.08785095065832138
7001,0.7092267870903015,0.005435049533843994,0.8038455247879028,8.766898155212402,3.2657623291015625
7036,-0.1499878466129303,-0.16746699810028076,0.8492546081542969,15.147799491882324,0.00891189556568861
7041,-0.42822501063346863,-0.17026734352111816,0.9133883714675903,17.241687774658203,0.000285911577520892
7044,0.14033924043178558,-0.06238919496536255,0.7699919939041138,12.97612190246582,0.43200379610061646
7070,0.613021969795227,-0.06753053516149521,0.8908981680870056,9.469564437866211,0.6813687682151794
7073,0.08253847807645798,-0.1587301790714264,0.8678361773490906,13.445233345031738,0.0725223571062088
7084,0.41677412390708923,-0.11993030458688736,0.8567675948143005,10.954651832580566,0.7479202151298523
7137,-0.04459346458315849,-0.15598522126674652,0.8814687728881836,14.206267356872559,0.024962736293673515
7143,0.6769952774047852,-0.008192009292542934,0.7042070627212524,8.860075950622559,0.23611144721508026
7159,0.4433174729347229,-0.15788911283016205,0.8610495924949646,10.642843246459961,0.04103584215044975
7215,0.15213817358016968,-0.16900961101055145,0.8384806513786316,12.89008617401123,0.007022094912827015
7226,0.9967389106750488,0.1120094582438469,0.8950769305229187,6.539952278137207,0.7518749237060547
7254,0.15853352844715118,-0.16701051592826843,0.9230046272277832,12.763972282409668,0.01654653623700142
7264,0.8981859087944031,0.0656309574842453,0.9170752763748169,7.294579982757568,0.4286704957485199
7267,0.21283383667469025,-0.07927905768156052,0.8325916528701782,12.519411087036133,0.5653266906738281
7272,0.2718517780303955,-0.1698901355266571,0.851870059967041,11.94351863861084,0.003997802734375
7277,0.8048257231712341,0.16523638367652893,0.8502882122993469,8.056535720825195,0.8861488699913025
7316,0.6270874738693237,-0.02138303779065609,0.8995057344436646,9.296025276184082,0.21772269904613495
7335,-0.878298282623291,-0.1701570749282837,0.8804039359092712,20.64667510986328,0.0008293152204714715
7341,-2.2273752689361572,-0.17035441100597382,0.9038018584251404,30.977201461791992,1.220703143189894e-05
7392,0.6750725507736206,-0.015438846312463284,0.8627924919128418,8.972355842590332,0.8278476595878601
7393,-0.2652021050453186,-0.16693370044231415,0.8497384190559387,15.981947898864746,0.004885864444077015
7403,0.4676271378993988,-0.09530086815357208,0.883817195892334,10.52271842956543,0.30202409625053406
7422,0.47637495398521423,-0.09330927580595016,0.7583338618278503,10.470196723937988,0.20597076416015625
7458,0.09544847905635834,-0.16713136434555054,0.7534302473068237,13.288840293884277,0.031035615131258965
7473,-0.5390328168869019,-0.16935257613658905,0.8791041374206543,17.94011688232422,0.002608871553093195
7524,0.45218974351882935,-0.12731069326400757,0.8769011497497559,10.600172996520996,0.25244271755218506
7541,-0.48343339562416077,-0.1702752560377121,0.8450105786323547,17.588592529296875,0.0001848220854299143
7553,1.0896025896072388,0.03806045651435852,0.7352890968322754,5.852493762969971,1.4075202941894531
7575,0.05323873832821846,-0.10296930372714996,0.9109064340591431,13.688170433044434,0.3154216706752777
7591,-1.300750732421875,-0.17035400867462158,0.9052085876464844,23.89512062072754,7.62939453125e-06
7701,0.5437473654747009,-0.1351267397403717,0.8895188570022583,9.856250762939453,0.06827354431152344
7715,-0.3178374767303467,-0.16872882843017578,0.9016966223716736,16.377416610717773,0.0025230408646166325
7720,-0.14279736578464508,-0.16484133899211884,0.8596407771110535,15.085107803344727,0.023938847705721855
7754,0.11631842702627182,-0.1635758876800537,0.8530771136283875,13.162249565124512,0.017855072394013405
7762,0.919127881526947,0.24141596257686615,0.870074450969696,7.189527988433838,3.966391086578369
7795,0.19783303141593933,-0.1376572698354721,0.9086146354675293,12.635714530944824,1.3985737562179565
7799,-2.361692428588867,-0.1703546643257141,0.8975901007652283,31.664417266845703,0.0
7806,-0.018890010192990303,-0.15755465626716614,0.8420624136924744,14.103105545043945,0.02724170684814453
7823,0.7939371466636658,0.031079629436135292,0.8251001238822937,8.117040634155273,2.887859344482422
7824,0.2558761537075043,-0.14549796283245087,0.8960922360420227,12.17928409576416,0.3879249691963196
7825,-2.664496660232544,-0.1703546643257141,0.8968309760093689,34.01961898803711,0.0
7843,-0.412814199924469,-0.16913101077079773,0.9279195666313171,17.342363357543945,0.05063629150390625
7848,0.06945843249559402,-0.16297829151153564,0.8797990679740906,13.56889533996582,0.04225311428308487
7860,-1.4123605489730835,-0.17035414278507233,0.8824888467788696,24.762617111206055,9.15527380129788e-06
7899,-0.625045895576477,-0.16841383278369904,0.8892539143562317,18.55800437927246,0.0037322998978197575
7916,0.7598523497581482,0.0024720311630517244,0.9063215255737305,8.278275489807129,0.5334930419921875
7918,0.8263387680053711,-0.011594570241868496,0.8773552179336548,7.801729679107666,0.5814571380615234
7959,0.2606612741947174,-0.16163434088230133,0.8877114653587341,12.094263076782227,0.08930034935474396
8008,-2.087498426437378,-0.1703546643257141,0.8675903677940369,29.63506507873535,0.0
8009,-0.4282693564891815,-0.17009325325489044,0.8933143019676208,17.16750144958496,0.0005630493396893144
8015,-1.266298770904541,-0.17015103995800018,0.8911111950874329,23.73419189453125,0.009368896484375
8033,0.37236708402633667,-0.07012101262807846,0.8858086466789246,11.336252212524414,1.1221965551376343
8053,-2.452453851699829,-0.1703546643257141,0.8680034875869751,32.585201263427734,0.0
8063,1.0906853675842285,0.49746131896972656,0.8184555172920227,5.787893772125244,0.9423534274101257
8071,-0.6669067144393921,-0.17037995159626007,0.8831470608711243,18.93170738220215,0.0001255035458598286
8108,0.45750051736831665,-0.06679805368185043,0.8944042325019836,10.653566360473633,0.9831901788711548
8170,0.3642445504665375,-0.03673776984214783,0.7957327961921692,11.40313720703125,0.8763778805732727
8171,-0.49647974967956543,-0.16891564428806305,0.8881663680076599,17.830718994140625,0.00509986886754632
8194,0.3124876320362091,-0.12266883999109268,0.8736042976379395,11.73123836517334,0.4424552917480469
8215,0.3185241222381592,-0.13033349812030792,0.9106836318969727,11.726730346679688,0.31544381380081177
8220,0.8799884915351868,-0.01801353693008423,0.8221864700317383,7.4544196128845215,1.9128841161727905
8256,1.3486546277999878,3.2975220680236816,0.6818705797195435,3.98050856590271,20.416961669921875
8335,0.5895872116088867,-0.0745685026049614,0.784984290599823,9.457941055297852,0.11122436821460724
8433,-0.5893978476524353,-0.16990311443805695,0.8327103853225708,18.326557159423828,0.0008537292596884072
8442,-1.3483331203460693,-0.17034320533275604,0.8810755610466003,24.021682739257812,2.288818359375e-05
8460,-0.8295468688011169,-0.1694728583097458,0.9183318018913269,20.449735641479492,0.004138946533203125
8466,1.1220676898956299,1.2814176082611084,0.7688174843788147,5.696996212005615,13.389166831970215
8474,1.4909839630126953,20.130796432495117,0.47020038962364197,2.9179627895355225,81.4504165649414
8509,0.37197718024253845,-0.12309432029724121,0.8765301704406738,11.337130546569824,1.2822185754776
8513,0.3033154308795929,-0.16106559336185455,0.9062110185623169,11.775819778442383,0.09502869099378586
8527,0.7096394896507263,0.07485716789960861,0.8824374079704285,8.705340385437012,0.8259136080741882
8557,-0.8125466704368591,-0.1701097935438156,0.9179723858833313,20.095853805541992,0.000339508056640625
8564,1.034509539604187,0.7380220293998718,0.7890297770500183,6.209989070892334,3.0629220008850098
8589,1.000144362449646,0.6836327910423279,0.7303889393806458,6.431929111480713,2.180373430252075
8597,-0.1274707317352295,-0.10947763174772263,0.9023704528808594,15.012672424316406,0.139068603515625
8612,0.6600323915481567,0.15740346908569336,0.8819484710693359,9.152392387390137,3.191450595855713
8617,0.8180700540542603,-0.021954942494630814,0.9273536801338196,7.955519199371338,2.4567863941192627
8697,-0.2585788667201996,-0.168008491396904,0.8167404532432556,15.887763977050781,0.002856874605640769
8703,-0.6769580841064453,-0.1700238287448883,0.8677467703819275,19.164379119873047,0.0034400939475744963
8734,1.0942330360412598,0.5482253432273865,0.7325742244720459,5.797473907470703,2.155172109603882
8803,1.100525140762329,0.7031769156455994,0.5772528648376465,5.781408786773682,6.772647380828857
8815,0.6350497603416443,-0.065833181142807,0.7249724268913269,9.160861015319824,0.23081283271312714
8816,-0.43548351526260376,-0.17028920352458954,0.9035823941230774,17.248779296875,0.00015230178541969508
8820,1.1206727027893066,1.6057748794555664,0.5522653460502625,5.630636692047119,9.941962242126465
8828,-0.8347783088684082,-0.16969317197799683,0.9105372428894043,20.408369064331055,0.029705047607421875
8867,-0.39257869124412537,-0.17022119462490082,0.8592117428779602,16.92681121826172,0.0002735138114076108
8872,1.1692618131637573,1.2153394222259521,0.6600292325019836,5.292994022369385,14.502577781677246
8873,0.6292845010757446,-0.15098242461681366,0.9092904925346375,9.319506645202637,0.05882778391242027
8891,-1.1698728799819946,-0.17029647529125214,0.9157299995422363,22.827489852905273,0.0004646301385946572
8942,-0.6959888339042664,-0.17030692100524902,0.8462538123130798,19.32683563232422,0.001562786172144115
8949,-3.0537588596343994,-0.1703546643257141,0.8381178975105286,36.98887252807617,0.0
8950,0.6097758412361145,-0.08019281923770905,0.9151119589805603,9.565594673156738,2.4505460262298584
8956,0.6374747157096863,-0.07936523109674454,0.8109844326972961,9.268508911132812,0.8745102286338806
8958,1.2663244009017944,1.1183024644851685,0.7171500325202942,4.598958969116211,15.454141616821289
8991,0.05909328535199165,-0.16758330166339874,0.8755545616149902,13.630487442016602,0.0269775390625
9029,-1.660195231437683,-0.1703493297100067,0.8970730900764465,26.57503318786621,1.3732910701946821e-05
9045,0.3973350524902344,-0.156982883810997,0.7944048643112183,11.011649131774902,0.04187774658203125
9084,-0.5099097490310669,-0.17020247876644135,0.8918183445930481,17.9249210357666,0.0024515152908861637
9087,-0.8123716711997986,-0.1703340858221054,0.918694019317627,20.09517478942871,7.925033423816785e-05
9142,0.4926295280456543,-0.14590580761432648,0.9115161895751953,10.323637962341309,0.10227280110120773
9170,-0.44728460907936096,-0.17027343809604645,0.8757917284965515,17.414371490478516,0.0016185761196538806
9180,0.15819771587848663,-0.16659434139728546,0.9057597517967224,12.83630657196045,0.0010478973854333162
9219,0.7449794411659241,-0.09052957594394684,0.867337167263031,8.385032653808594,0.23003578186035156
9237,0.3590758144855499,-0.15318644046783447,0.8297572135925293,11.344572067260742,0.06954574584960938
9256,0.9762105345726013,0.17826862633228302,0.8809565901756287,6.702743053436279,1.6610301733016968
9275,-0.7868552207946777,-0.1690884828567505,0.8979303240776062,19.857173919677734,0.0025970935821533203
9320,0.9684168100357056,0.10325002670288086,0.8236733675003052,6.805108547210693,1.9025814533233643
9321,1.070901870727539,1.0515649318695068,0.8748919367790222,6.053552627563477,10.165225982666016
9323,-0.10504528135061264,-0.16849417984485626,0.7041486501693726,14.72319507598877,0.007622528355568647
9339,-0.034313179552555084,-0.16239826381206512,0.8850114941596985,14.149310111999512,0.01775979995727539
9360,0.3168708384037018,-0.10583791881799698,0.8626769185066223,11.680224418640137,0.16951675713062286
9414,0.632246732711792,-0.1169026717543602,0.8954043388366699,9.3706693649292,1.6399986743927002
9431,0.1660098284482956,-0.12470419704914093,0.8109027743339539,12.679315567016602,0.07374925911426544
9457,0.9239832758903503,0.5232513546943665,0.8659182786941528,7.0624260902404785,2.254573106765747
9482,-1.1490412950515747,-0.16236822307109833,0.8623043298721313,22.720199584960938,0.0054183960892260075
9521,-0.3319530785083771,-0.16792020201683044,0.8959952592849731,16.429401397705078,0.004416179843246937
9551,0.34394142031669617,-0.14534997940063477,0.8715435862541199,11.548526763916016,0.35496100783348083
9554,0.8594894409179688,0.014727681875228882,0.7987345457077026,7.479010105133057,0.6114456057548523
9575,-0.23189829289913177,-0.16410225629806519,0.8607589602470398,15.751616477966309,0.021235276013612747
9662,-0.5254814624786377,-0.1699250191450119,0.9105638861656189,18.034730911254883,0.015703964978456497
9706,0.28244051337242126,-0.09916666895151138,0.9046235084533691,11.933493614196777,0.16159649193286896
9709,0.4134833812713623,-0.014190799556672573,0.8721033930778503,10.900951385498047,0.23267002403736115
9727,0.5696722269058228,-0.08670657873153687,0.8862249255180359,9.84383773803711,0.30305367708206177
9736,0.9525149464607239,0.1708838939666748,0.7816242575645447,6.900212287902832,1.8651374578475952
9762,-0.6355869770050049,-0.16840696334838867,0.816788375377655,18.975238800048828,0.08794784545898438
9764,0.3188040256500244,-0.1596432775259018,0.873640239238739,11.580442428588867,0.03023824654519558
9785,1.3283677101135254,0.6974837183952332,0.7460426688194275,4.102824687957764,6.799535274505615
9808,-0.0987163856625557,-0.157418891787529,0.8880581855773926,14.857904434204102,0.37568017840385437
9833,0.9601297378540039,0.10391813516616821,0.8587544560432434,6.775310516357422,1.009805679321289
9838,0.7527129054069519,-0.0345255546271801,0.9069924354553223,8.352853775024414,0.9043181538581848
9839,0.05958203226327896,-0.1676730215549469,0.8762604594230652,13.636982917785645,0.021443558856844902
9847,0.7265409827232361,-0.01779664307832718,0.810263454914093,8.578755378723145,0.7395000457763672
9855,-0.19595088064670563,-0.16931559145450592,0.8350377082824707,15.554542541503906,0.0029617310501635075
9864,1.0230191946029663,0.4200892448425293,0.8555182814598083,6.365138530731201,3.392061233520508
9901,-0.45301905274391174,-0.17027759552001953,0.909602165222168,17.436513900756836,0.0002574920654296875
9923,0.04222988337278366,-0.13393037021160126,0.8928411602973938,13.6837158203125,0.17682266235351562
9924,0.4403546452522278,-0.12537528574466705,0.8888638615608215,10.787772178649902,0.3876609802246094
9969,0.3666780889034271,-0.19860903918743134,0.9327731132507324,11.1029634475708,-0.00766754150390625
9974,0.13562586903572083,-0.1781367063522339,0.893661618232727,13.036273002624512,0.08070602267980576
9978,0.6138179302215576,-0.09088530391454697,0.8792468309402466,9.444973945617676,0.24938011169433594
9980,0.07798781245946884,-0.1628589630126953,0.8531357645988464,13.398149490356445,0.03741931915283203
9994,0.8139423727989197,0.04677751660346985,0.8680934309959412,8.024370193481445,7.035771369934082
10001,-0.04906146600842476,-0.09536074846982956,0.8911859393119812,14.409039497375488,0.23414993286132812
10007,0.10823657363653183,-0.15050002932548523,0.871136486530304,13.22459602355957,0.08127212524414062
10009,0.9701310992240906,0.407280832529068,0.7982531785964966,6.783151149749756,2.9677488803863525
10025,1.1399661302566528,0.5609792470932007,0.864905059337616,5.628904819488525,9.961581230163574
10026,0.7743721604347229,0.07140293717384338,0.8896250128746033,8.20765209197998,0.88189697265625
10029,0.7479109168052673,0.022186094895005226,0.8601701855659485,8.448675155639648,0.7568748593330383
10052,-0.4145432412624359,-0.1683705896139145,0.8447057008743286,17.2388973236084,0.025516128167510033
10053,-0.7316157817840576,-0.17035208642482758,0.747884213924408,19.53231430053711,2.1648407710017636e-05
10063,-0.6649496555328369,-0.1675603687763214,0.8809952735900879,19.239011764526367,0.1154884323477745
10111,0.9188677668571472,0.501930832862854,0.7313222289085388,7.166275978088379,9.633950233459473
10165,0.9541653990745544,0.5487385988235474,0.8552865982055664,6.8419647216796875,2.780524492263794
10176,-1.1676758527755737,-0.1703546643257141,0.923252522945404,22.72102928161621,0.0
10195,0.6406422853469849,-0.08091813325881958,0.8879295587539673,9.287878036499023,0.4868839383125305
10199,-0.5865020155906677,-0.13999195396900177,0.8693837523460388,18.418785095214844,0.25165635347366333
10203,1.1471302509307861,0.9244834780693054,0.8356199264526367,5.463164806365967,5.4509382247924805
10211,0.80621337890625,0.0021139089949429035,0.818034291267395,8.0141019821167,1.4501259326934814
10213,1.064793586730957,0.6758371591567993,0.88374263048172,6.059344291687012,4.842828750610352
10227,0.18470270931720734,-0.1535775512456894,0.8090111017227173,12.666788101196289,0.05770168453454971
10238,-0.4218536913394928,-0.17028743028640747,0.8171495795249939,17.083454132080078,0.0003982544003520161
10253,1.054862380027771,0.9258022308349609,0.8099284172058105,6.154134273529053,9.891776084899902
10256,0.1955738216638565,-0.16531352698802948,0.8269479870796204,12.618837356567383,0.054369356483221054
10273,-1.1133794784545898,-0.17022398114204407,0.9029925465583801,22.523862838745117,0.0008079528925009072
10327,-3.4981038570404053,-0.17035458981990814,0.9171282052993774,40.59354782104492,3.051757857974735e-06
10349,0.3736368715763092,0.18355070054531097,0.9088897109031677,11.223146438598633,0.3307479918003082
10444,0.8141478896141052,-0.04658916965126991,0.7752978205680847,7.816201686859131,0.5495433807373047
10510,0.027055276557803154,-0.16645298898220062,0.8955144882202148,13.79309368133545,0.014114761725068092
10579,-1.0842955112457275,-0.17033033072948456,0.8777115941047668,22.266035079956055,7.209777686512098e-05
10596,0.3266790807247162,-0.13229432702064514,0.8609016537666321,11.516459465026855,0.1899513304233551
10649,-0.6017600893974304,-0.17033086717128754,0.8714914321899414,18.566146850585938,0.0003517151053529233
10676,-0.12571440637111664,-0.16977107524871826,0.9127426147460938,15.021890640258789,0.0030261992942541838
10718,-0.21527552604675293,-0.17440752685070038,0.8968448638916016,15.649261474609375,-0.016353989019989967
10733,0.45364782214164734,-0.16718576848506927,0.8947803378105164,10.70529842376709,0.1208508238196373
10738,-0.31963634490966797,-0.16683141887187958,0.8277401328086853,16.33268928527832,0.003982180263847113
10757,-1.1250768899917603,-0.17028911411762238,0.8794879913330078,22.412818908691406,6.561279587913305e-05
10786,-0.05423634871840477,-0.16161899268627167,0.9134801030158997,14.456744194030762,0.3171863555908203
10792,0.4269242286682129,-0.1471131443977356,0.8820314407348633,10.782854080200195,0.0540924072265625
10794,-0.02910890243947506,-0.16410760581493378,0.8769624829292297,14.260647773742676,0.07329177856445312
10821,-1.3169199228286743,-0.1703536957502365,0.9044412970542908,23.964088439941406,6.8664553509734105e-06
10828,0.8602163195610046,0.006904623005539179,0.9224019050598145,7.566493511199951,0.9668437838554382
10837,0.772429883480072,0.02791023813188076,0.8671317100524902,8.25061321258545,0.6782291531562805
10889,-0.8282225728034973,-0.17035433650016785,0.9085198640823364,20.26801300048828,3.662109520519152e-05
10908,0.7160773277282715,0.12183322012424469,0.9062830209732056,8.523497581481934,0.3903152644634247
10909,0.14700019359588623,-0.15484610199928284,0.8541918992996216,12.955594062805176,0.02540130726993084
10920,-0.125724658370018,-0.17585007846355438,0.8597373962402344,15.023497581481934,-0.00012435913959052414
10961,0.6945939064025879,-0.07652143388986588,0.8384773135185242,8.881990432739258,0.32147476077079773
11041,0.4312998354434967,-0.158526211977005,0.8818621635437012,10.742362976074219,0.042499542236328125
11044,-0.20154987275600433,-0.1675134152173996,0.8922064900398254,15.601000785827637,0.009164238348603249
11048,0.7984862923622131,-0.04472855478525162,0.8655167818069458,8.052668571472168,0.2384490966796875
11066,-1.3785107135772705,-0.17035262286663055,0.8610130548477173,24.24339485168457,1.220703143189894e-05
11070,-0.7076318860054016,-0.16846798360347748,0.9024218916893005,19.37214469909668,0.001548004220239818
11090,-0.07871140539646149,-0.16247467696666718,0.8573705554008484,14.672438621520996,0.07278022915124893
11098,1.026727557182312,1.2739083766937256,0.8109506964683533,6.360510349273682,10.751009941101074
11110,-0.3798089027404785,-0.17021742463111877,0.9053930640220642,16.816137313842773,0.0005523681757040322
11135,0.5944394469261169,-0.10922123491764069,0.812290370464325,9.638304710388184,1.2245044708251953
11181,-0.733555793762207,-0.1703430861234665,0.9133378863334656,19.602855682373047,-3.471374657237902e-05
11191,0.7954068779945374,0.2584249973297119,0.880802571773529,8.09721565246582,3.91833233833313
11204,0.5805923938751221,-0.10987590998411179,0.8448908925056458,9.666422843933105,0.3297111690044403
11212,-2.3674752712249756,-0.1703546643257141,0.8860575556755066,31.73927879333496,0.0
11246,0.24801555275917053,-0.10685171186923981,0.8890755772590637,12.167076110839844,0.1547529250383377
11287,-1.7346324920654297,-0.17035242915153503,0.8195891380310059,27.039453506469727,1.220703143189894e-05
11303,1.066445231437683,0.7389905452728271,0.7542982697486877,6.020998954772949,7.096317291259766
11318,-0.05526716262102127,-0.16510525345802307,0.8737322092056274,14.154662132263184,0.009121703915297985
11331,0.16564293205738068,-0.15910781919956207,0.8807830810546875,12.697226524353027,0.015903091058135033
11346,-2.252645492553711,-0.1703546643257141,0.9006499648094177,31.00724220275879,0.0
11358,-0.6088433265686035,-0.1350402683019638,0.9244333505630493,18.563077926635742,0.06770896911621094
11363,-0.029216978698968887,-0.14234884083271027,0.7068904042243958,14.264327049255371,0.06985931843519211
11381,0.4113868772983551,-0.12670603394508362,0.9067301154136658,10.950042724609375,0.1917976438999176
11394,0.13007600605487823,-0.1680927276611328,0.8930215835571289,13.00407600402832,0.007880783639848232
11412,-2.1120102405548096,-0.17035292088985443,0.908409595489502,30.162405014038086,8.087158494163305e-05
11429,-0.3019217848777771,-0.1697523146867752,0.9117839932441711,16.39507484436035,0.017732620239257812
11432,0.5079723000526428,-0.10355372726917267,0.7551950216293335,10.198433876037598,0.2786216735839844
11438,-2.2293238639831543,-0.1703546643257141,0.880943238735199,30.839187622070312,0.0
11439,-1.0040056705474854,-0.170328289270401,0.8053773045539856,21.447729110717773,2.288818359375e-05
11445,0.03369499370455742,-0.16988614201545715,0.8430981636047363,13.790742874145508,0.0017020226223394275
11459,-1.1007126569747925,-0.17035308480262756,0.8961681723594666,22.34864044189453,7.324219041038305e-05
11466,-0.35389119386672974,-0.13085775077342987,0.879747211933136,16.522397994995117,0.028073502704501152
11539,0.8816933035850525,0.0044077797792851925,0.7564598917961121,7.3098297119140625,0.4385017454624176
11588,0.36935481429100037,-0.12647347152233124,0.9132157564163208,11.327296257019043,0.389657586812973
11602,0.25726792216300964,-0.05453863367438316,0.8211111426353455,11.951911926269531,0.2755008637905121
11609,-0.11604335159063339,-0.16734133660793304,0.8677036166191101,14.86644458770752,0.0057830810546875
11634,-3.959402084350586,-0.1703546643257141,0.9101452827453613,43.93516159057617,0.0
11644,-0.40393391251564026,-0.17000515758991241,0.8910591006278992,16.967931747436523,0.000415802001953125
11647,0.9938551783561707,0.8014072775840759,0.8498836755752563,6.554239749908447,2.4972174167633057
11654,-2.015655994415283,-0.1703546643257141,0.8376976251602173,29.141233444213867,0.0
11699,0.3869147300720215,-0.13923759758472443,0.9134061932563782,11.227764129638672,0.666159451007843
11711,0.3976234793663025,-0.11328965425491333,0.7243555784225464,10.96334457397461,0.09787483513355255
11719,-2.090644121170044,-0.1703546643257141,0.9121007919311523,29.401813507080078,0.0
11728,0.8642719388008118,0.13999775052070618,0.7836205363273621,7.59029483795166,1.6963942050933838
11729,0.49843406677246094,-0.13070471584796906,0.8712846636772156,10.384730339050293,0.13626404106616974
11733,-1.2804912328720093,-0.17033623158931732,0.881523609161377,23.75480079650879,0.0009323120466433465
11748,-1.5381919145584106,-0.17035351693630219,0.9164678454399109,25.61541748046875,5.340576171875e-05
11751,-0.8094374537467957,-0.17028498649597168,0.8969079852104187,20.167543411254883,0.0005241394392214715
11754,-0.6644924879074097,-0.16832895576953888,0.9067050814628601,18.76509666442871,0.003875732421875
11784,0.8929039239883423,0.2771763503551483,0.8616703152656555,7.360159397125244,3.026308059692383
11792,-0.18743257224559784,-0.16402077674865723,0.8285369873046875,15.33189868927002,0.028830338269472122
11800,0.4951426088809967,-0.09712066501379013,0.8808464407920837,10.279044151306152,0.12099724262952805
11821,0.7275018692016602,0.2009352743625641,0.8324634432792664,8.610159873962402,2.14377760887146
11823,0.4159059226512909,-0.08578689396381378,0.7445787787437439,10.911524772644043,0.127349853515625
11851,-0.3170475661754608,-0.16975657641887665,0.8129875063896179,16.438119888305664,0.00290679931640625
11903,0.5109716057777405,-0.12459959089756012,0.8685256838798523,10.1893892288208,0.15040722489356995
11911,-0.686204731464386,-0.16722427308559418,0.9200426340103149,19.228073120117188,0.004073715303093195
11917,-0.3502046465873718,-0.16924776136875153,0.9068069458007812,16.750059127807617,0.011623906902968884
11932,-1.8431901931762695,-0.17035453021526337,0.9061992764472961,27.902280807495117,3.814697322468419e-07
11964,-0.37295159697532654,-0.16994528472423553,0.8979682326316833,16.901500701904297,0.0039535523392260075
11987,-0.7129508852958679,-0.17034678161144257,0.9197794795036316,19.352291107177734,6.027221752447076e-05
12000,-0.45123815536499023,-0.159102663397789,0.8754105567932129,17.283430099487305,0.009692764841020107
12003,0.3574495017528534,0.088351309299469,0.8242940902709961,11.366212844848633,0.5857629776000977
12014,0.6182935833930969,-0.043264858424663544,0.8079606294631958,9.400114059448242,0.4023231565952301
12017,-1.3942316770553589,-0.17046509683132172,0.9089043736457825,24.4022216796875,-8.163452002918348e-05
12019,0.8629733324050903,0.20703597366809845,0.8444123268127441,7.608041286468506,1.5934699773788452
12034,0.7513964176177979,-0.08800552040338516,0.9078226089477539,8.408675193786621,0.2580852508544922
12048,-0.8526668548583984,-0.17022885382175446,0.8912754058837891,20.57840919494629,0.004795837681740522
12057,-1.9469836950302124,-0.17035463452339172,0.8842229247093201,28.67205238342285,1.5258789289873675e-06
12066,-1.7639026641845703,-0.1703546643257141,0.8716446757316589,27.14034080505371,0.0
12146,-0.07277937233448029,-0.16515915095806122,0.7932857275009155,14.637664794921875,0.09595413506031036
12193,0.8396968841552734,0.008686492219567299,0.9002313017845154,7.778787136077881,2.798473358154297
12199,0.8412449955940247,0.45800086855888367,0.775119423866272,7.7643890380859375,3.4433839321136475
12214,-2.591282367706299,-0.1703546643257141,0.9199108481407166,33.61175537109375,0.0
12221,0.3023350238800049,-0.13665616512298584,0.8716611862182617,11.649168968200684,0.04288139566779137
12238,0.5366726517677307,-0.13639262318611145,0.9006282687187195,10.029687881469727,0.6292282342910767
12240,0.9373408555984497,0.34373462200164795,0.8039944767951965,7.031170845031738,1.5820655822753906
12254,0.34239986538887024,-0.14793896675109863,0.8929359316825867,11.426797866821289,0.06552919000387192
12273,0.7366836667060852,-0.03565762937068939,0.8534297943115234,8.516722679138184,0.7159256339073181
12305,0.9761684536933899,0.03867599740624428,0.85760098695755,6.697854518890381,1.2665166854858398
12321,0.1934768706560135,-0.13449440896511078,0.8963609933853149,12.689577102661133,1.0037155151367188
12356,-0.10762295871973038,-0.17016376554965973,0.9153205752372742,14.875277519226074,0.0017627716297283769
12359,1.103159785270691,0.7583686709403992,0.8330384492874146,5.719203472137451,3.2757441997528076
12367,0.3715651333332062,-0.10686372965574265,0.8653847575187683,11.184956550598145,0.35700568556785583
12369,-1.5900254249572754,-0.17035368084907532,0.872140109539032,26.099287033081055,4.57763671875e-05
12379,0.12604860961437225,-0.15357743203639984,0.9081488847732544,13.200697898864746,0.2321804016828537
12441,-1.1788551807403564,-0.17032915353775024,0.8971328139305115,22.858539581298828,1.296997106692288e-05
12445,0.34702590107917786,-0.14803694188594818,0.8779057860374451,11.258196830749512,0.06050414964556694
12459,0.634743332862854,0.03620031476020813,0.9023877382278442,9.270903587341309,1.0071395635604858
12491,0.5534670948982239,-0.12465446442365646,0.8518436551094055,9.909380912780762,0.2978347837924957
12526,0.5039397478103638,-0.04435863718390465,0.8381960988044739,10.28974437713623,0.8101173639297485
12550,0.9072365760803223,0.4884418547153473,0.8370622992515564,7.168313503265381,1.7881691455841064
12587,0.5987916588783264,-0.0019152917666360736,0.8358340263366699,9.445068359375,0.2396976500749588
12596,0.9774145483970642,0.5210506319999695,0.7119023203849792,6.743624210357666,10.202150344848633
12597,-1.2040859460830688,-0.17031490802764893,0.8708050847053528,23.18671417236328,0.001368713448755443
12604,0.14389261603355408,-0.11819858849048615,0.9233051538467407,12.753707885742188,0.15938644111156464
12657,0.8114533424377441,0.07864473015069962,0.8660250902175903,7.899056911468506,0.6317698359489441
12689,0.5803062319755554,0.11064531654119492,0.8718560338020325,9.637273788452148,0.7570743560791016
12692,-0.09643339365720749,-0.15641096234321594,0.9139958620071411,14.76872444152832,0.04572868347167969
12739,-0.20324759185314178,-0.15262608230113983,0.8944321870803833,15.768501281738281,0.350994735956192
12779,-1.191646695137024,-0.17035049200057983,0.9242567420005798,22.980443954467773,2.441406286379788e-05
12799,0.05760722979903221,-0.1645776331424713,0.9008806347846985,13.70995807647705,0.0307172778993845
12831,0.6640124917030334,0.5138580799102783,0.7792772650718689,9.054083824157715,4.288575649261475
12850,0.5810903906822205,-0.10587916523218155,0.9188758134841919,9.688959121704102,0.31437453627586365
12852,0.9757110476493835,0.040109578520059586,0.8423020243644714,6.735352993011475,1.6578911542892456
12874,0.9353652000427246,0.16336552798748016,0.843747079372406,7.0524492263793945,1.4181127548217773
12879,0.968627393245697,0.4000723958015442,0.8800188899040222,6.766066074371338,1.5961002111434937
12887,-0.5177360773086548,-0.17032365500926971,0.8990699052810669,17.804698944091797,0.00010085105895996094
12897,-0.17100074887275696,-0.1676979511976242,0.9014158248901367,15.294079780578613,0.008179378695786
12928,0.9497174620628357,0.7519821524620056,0.8534450531005859,6.965159893035889,10.636534690856934
12934,1.0853216648101807,0.35155779123306274,0.8735601305961609,5.908293724060059,3.038240909576416
12996,0.4176112711429596,-0.11753115803003311,0.8679906725883484,10.935184478759766,0.6834827661514282
13018,-1.4661047458648682,-0.1703542321920395,0.7521449327468872,25.067893981933594,1.9836426872643642e-05
13029,0.30675947666168213,-0.14424912631511688,0.8816438913345337,11.770893096923828,0.6710233688354492
13049,0.27806562185287476,-0.15527530014514923,0.8307937979698181,11.863757133483887,0.020412445068359375
13066,-1.5136035680770874,-0.1703539937734604,0.8818947076797485,25.488615036010742,1.754760705807712e-05
13117,-0.2710598409175873,-0.16802245378494263,0.8853767514228821,15.99671459197998,0.00750312814489007
13120,0.4166784882545471,-0.17580808699131012,0.8472429513931274,10.795434951782227,-0.002854681108146906
13127,0.3953563868999481,-0.14708171784877777,0.9225834012031555,11.037589073181152,0.39165860414505005
13140,0.10296087712049484,-0.12951843440532684,0.9202211499214172,13.406356811523438,0.5545250177383423
13143,-1.3846625089645386,-0.17035412788391113,0.9264097213745117,24.275726318359375,3.814697322468419e-07
13153,0.5430622100830078,-0.06391557306051254,0.7902809381484985,10.058231353759766,1.244502067565918
13162,-0.312306672334671,-0.16987693309783936,0.9239451289176941,16.370637893676758,0.0025169372092932463
13168,-0.5045156478881836,-0.16992466151714325,0.8464787602424622,17.86224365234375,0.01497650146484375
13176,0.8016735911369324,-0.02112806774675846,0.8858095407485962,7.9834136962890625,0.691419243812561
13213,0.6097538471221924,-0.13051770627498627,0.9132508635520935,9.508787155151367,0.9219635128974915
13216,0.9016004800796509,0.029183154925704002,0.8271341323852539,7.2349114418029785,1.2741081714630127
13344,-0.3101406991481781,-0.16864363849163055,0.8871893286705017,16.302976608276367,0.00494308490306139
13389,0.8322481513023376,0.04738481342792511,0.8103514909744263,7.773958683013916,0.8451806902885437
13390,0.4924876391887665,-0.13814689218997955,0.8510227203369141,10.322596549987793,0.10423164814710617
13403,0.416285902261734,-0.16977421939373016,0.7687197923660278,10.8086519241333,0.028544997796416283
13410,-1.590573787689209,-0.1703549176454544,0.8998200297355652,26.00995445251465,-7.629394644936838e-07
13432,-0.3571875989437103,-0.17010359466075897,0.6054638028144836,16.749996185302734,0.010028076358139515
13440,-0.42698541283607483,-0.16912314295768738,0.9146841168403625,17.29273796081543,0.00620193500071764
13455,-1.5033891201019287,-0.17035166919231415,0.8778833746910095,25.28365135192871,6.10351571594947e-06
13479,0.9294221997261047,-0.06752549856901169,0.823630154132843,7.004537105560303,0.333217591047287
13495,-0.09546323120594025,-0.14410945773124695,0.843533992767334,14.64928913116455,0.07836418598890305
13537,-0.3973284959793091,-0.1697232872247696,0.917740523815155,16.94794273376465,0.0012871026992797852
13550,-0.19479785859584808,-0.16978739202022552,0.8791610598564148,15.479405403137207,0.0026311874389648438
13554,0.855660080909729,0.0019643388222903013,0.7724474668502808,7.665231227874756,2.8632524013519287
13573,0.21739299595355988,-0.16195544600486755,0.9010117650032043,12.462421417236328,0.2907852232456207
13589,0.8382968902587891,0.1874847710132599,0.8943362236022949,7.67604398727417,1.1530838012695312
13600,0.478181928396225,-0.061712753027677536,0.8901107907295227,10.551745414733887,1.7519387006759644
13603,0.23569555580615997,-0.12129461020231247,0.851759135723114,12.262297630310059,0.13694648444652557
13611,0.8252274394035339,0.07727161794900894,0.8408733606338501,7.711695194244385,0.6016616225242615
13617,0.11376569420099258,-0.16496150195598602,0.8714844584465027,13.165301322937012,0.03032226674258709
13619,0.2219659388065338,-0.1556827276945114,0.9082772135734558,12.447983741760254,0.0754314437508583
13635,-0.975437343120575,-0.17031428217887878,0.9084831476211548,21.339750289916992,0.00014495849609375
13687,1.0755683183670044,0.484689325094223,0.8793662190437317,6.0009541511535645,7.766690254211426
13719,0.5780777931213379,-0.12595199048519135,0.8879142999649048,9.78862190246582,0.8756654858589172
13723,0.11648787558078766,-0.16524438560009003,0.8861856460571289,13.140303611755371,0.019152451306581497
13734,-1.2312545776367188,-0.1703508496284485,0.907600998878479,23.295595169067383,0.00014038085646461695
13736,-1.5512126684188843,-0.170353963971138,0.9212652444839478,25.67646598815918,1.5258789289873675e-06
13753,0.1920561045408249,-0.131295844912529,0.8421757817268372,12.696118354797363,1.619778037071228
13776,0.51213139295578,0.19020585715770721,0.6397442817687988,10.042945861816406,0.4325370788574219
13783,0.38534703850746155,-0.12304352968931198,0.8357810378074646,10.986361503601074,0.12243375927209854
13796,0.35555335879325867,-0.005589594133198261,0.8433699607849121,11.439420700073242,2.5150139331817627
13797,0.8388020396232605,0.07963530719280243,0.8490366339683533,7.739377498626709,1.387492060661316
13804,0.5303061604499817,-0.07478440552949905,0.9338573813438416,9.99614429473877,0.34879302978515625
13838,0.4625391662120819,-0.15110661089420319,0.8498666882514954,10.497838020324707,0.06686487048864365
13878,0.5372128486633301,-0.05888564512133598,0.8771204948425293,10.05588150024414,2.2400519847869873
13916,0.32740527391433716,-0.16469570994377136,0.9006440043449402,11.630874633789062,0.03333320841193199
13921,0.3597879111766815,-0.17705219984054565,0.8927251696586609,11.255171775817871,0.08301734924316406
13949,-0.996435284614563,-0.1697201281785965,0.9218104481697083,21.756153106689453,0.020194245502352715
13988,0.4150010049343109,0.18698517978191376,0.895455002784729,10.979214668273926,2.505629062652588
14009,-0.5098424553871155,-0.17007924616336823,0.9173137545585632,17.824094772338867,0.0008911133045330644
14024,0.735015332698822,0.11357196420431137,0.8840934634208679,8.515921592712402,1.322550654411316
14084,-0.17390303313732147,-0.16314749419689178,0.7940968871116638,15.27708911895752,0.007431793492287397
14133,0.38536521792411804,-0.13717105984687805,0.8849303126335144,11.206019401550293,0.19079171121120453
14162,0.2314002960920334,-0.16281987726688385,0.9102838635444641,12.28172492980957,0.03419799730181694
14188,-0.7021986842155457,-0.1668911725282669,0.9078269004821777,19.352970123291016,0.01435928326100111
14231,-0.348701149225235,-0.16311785578727722,0.8716806769371033,16.688539505004883,0.031287383288145065
14267,-1.5727113485336304,-0.17035463452339172,0.9199402928352356,25.89633560180664,1.5258789289873675e-06
14291,0.776115894317627,0.07532346248626709,0.9044063687324524,8.204257011413574,0.8051910400390625
14293,-2.091613531112671,-0.1703544706106186,0.8885905146598816,29.90976333618164,9.15527380129788e-06
14352,0.19863109290599823,-0.10741577297449112,0.9008369445800781,12.388651847839355,0.06182422861456871
14395,0.19045701622962952,-0.16448047757148743,0.8560807108879089,12.718767166137695,0.21962547302246094
14411,0.6315428614616394,-0.004415620118379593,0.8760698437690735,9.396716117858887,2.7814700603485107
14414,0.994985044002533,0.20465326309204102,0.8320938944816589,6.5720953941345215,4.139811038970947
14428,0.19671779870986938,-0.16119380295276642,0.8474804759025574,12.555646896362305,0.051735688000917435
14444,0.45729851722717285,-0.09604877978563309,0.8457795977592468,10.653849601745605,0.14590664207935333
14476,0.3901926577091217,-0.15346001088619232,0.8998057246208191,11.131632804870605,0.09337196499109268
14508,-0.5411442518234253,-0.16903305053710938,0.8340224623680115,18.160795211791992,0.01604004018008709
14514,0.1417158544063568,-0.15456758439540863,0.9066686630249023,12.958076477050781,0.07477188110351562
14544,0.11168589442968369,-0.13255567848682404,0.9175207018852234,13.324289321899414,0.7857921719551086
14547,-0.6113243699073792,-0.1697959452867508,0.9076720476150513,18.725339889526367,0.025519562885165215
14553,-0.7632864713668823,-0.1703537255525589,0.8328347206115723,19.69710922241211,1.9073486328125e-06
14608,0.8058823943138123,0.03352741524577141,0.845910370349884,7.926338195800781,0.3601171672344208
14628,0.5532295107841492,-0.06352414190769196,0.9164355397224426,9.787457466125488,0.312582403421402
14629,0.3828541934490204,-0.15950827300548553,0.8905444145202637,11.163193702697754,0.09679985046386719
14639,0.23846283555030823,-0.07395739108324051,0.8221659064292908,12.216362953186035,0.22966356575489044
14701,0.48886415362358093,0.04499031975865364,0.7786593437194824,10.345375061035156,0.4749961793422699
14746,-0.09706028550863266,-0.16924704611301422,0.8927324414253235,14.731698989868164,0.002235031221061945
14772,-0.05989225581288338,-0.16895267367362976,0.7810537219047546,14.402052879333496,0.009687423706054688
14828,-0.02183910645544529,-0.156874418258667,0.9194464087486267,14.171093940734863,0.0071100713685154915
14830,0.047413911670446396,-0.1586778610944748,0.8911887407302856,13.741600036621094,0.03282814100384712
14833,-0.8231348991394043,-0.16884596645832062,0.8917185068130493,20.21038246154785,0.0017246246570721269
14838,1.1004170179367065,0.5589339137077332,0.8568605780601501,5.777821063995361,3.9709370136260986
14845,0.5070065855979919,0.011350682005286217,0.8504924774169922,10.235486030578613,0.4596628248691559
14864,0.24715185165405273,-0.16628357768058777,0.8998848795890808,12.255681037902832,0.04740944132208824
14873,0.6612368226051331,-0.08154131472110748,0.8644402623176575,9.007791519165039,0.1591484099626541
14894,0.9061204195022583,0.22853708267211914,0.8356512188911438,7.187534332275391,0.9056663513183594
14906,-0.851552426815033,-0.1694679856300354,0.8961066603660583,20.43552589416504,0.0007581710815429688
14940,-1.669565200805664,-0.17034974694252014,0.9167920351028442,26.558523178100586,6.10351571594947e-06
14981,-0.11419790238142014,-0.07695944607257843,0.8794011473655701,15.006781578063965,0.1521202176809311
14984,-1.7374582290649414,-0.1703544408082962,0.8502106666564941,27.152313232421875,1.068115216185106e-05
14994,-2.3405027389526367,-0.1703546643257141,0.8643955588340759,31.489917755126953,0.0
14999,0.6864715814590454,-0.04289279505610466,0.9141175150871277,8.98243236541748,4.410514831542969
15028,-0.8533379435539246,-0.17016668617725372,0.9035264253616333,20.498640060424805,0.0003036498965229839
15038,0.6998448371887207,0.12620872259140015,0.8021584749221802,8.876861572265625,7.658827304840088
15039,0.9423443675041199,0.052468813955783844,0.8119224905967712,6.957622051239014,0.9101676940917969
15040,0.6179613471031189,-0.1022401824593544,0.8289241790771484,9.3888521194458,0.30431175231933594
15050,1.0157723426818848,1.08687162399292,0.6908589601516724,6.400213718414307,4.205101013183594
15063,-0.3068489134311676,-0.16962957382202148,0.9075430035591125,16.227359771728516,0.000850677490234375
15076,-1.4586905241012573,-0.17035458981990814,0.8699901700019836,25.06174087524414,7.629394644936838e-07
15078,0.21769452095031738,-0.1633746176958084,0.8989553451538086,12.442438125610352,0.04706993326544762
15093,-0.6534693837165833,-0.17018860578536987,0.8958013653755188,19.07135772705078,0.00783615093678236
15110,0.5181342363357544,-0.12926916778087616,0.9051024317741394,10.249778747558594,0.6614177823066711
15116,0.3117717206478119,-0.15064865350723267,0.8510211110115051,11.658935546875,0.0629119873046875
15163,-0.21104708313941956,-0.16933487355709076,0.8682116866111755,15.5616455078125,0.003553772112354636
15165,0.8713035583496094,0.08234324306249619,0.8523168563842773,7.564076900482178,1.9257309436798096
15192,0.22439780831336975,-0.1678091138601303,0.8968963623046875,12.295243263244629,0.015880966559052467
15211,0.43570849299430847,-0.105856753885746,0.8777579665184021,10.752779960632324,0.4919065535068512
15220,-0.6637648940086365,-0.17034101486206055,0.9075514674186707,18.976512908935547,6.790161569369957e-05
15231,0.03701966628432274,-0.1681189388036728,0.8474235534667969,13.792184829711914,0.026594161987304688
15272,-1.0557951927185059,-0.1703381985425949,0.8778320550918579,21.93109703063965,0.0001710891810944304
15291,0.05787336826324463,-0.12182971090078354,0.8360992670059204,13.637292861938477,0.1475364714860916
15316,0.7904152274131775,0.19966541230678558,0.8322755694389343,8.135382652282715,1.4025665521621704
15338,0.5822287201881409,-0.018566492944955826,0.889401376247406,9.571331977844238,0.27778834104537964
15343,0.3278980255126953,-0.16429020464420319,0.8470231294631958,11.640949249267578,0.08367919921875
15385,-0.8418017625808716,-0.17030860483646393,0.9154667258262634,20.40506362915039,0.0003005981561727822
15387,0.8867473602294922,-0.006360581610351801,0.8295108079910278,7.310559272766113,0.39871102571487427
15390,0.10495748370885849,-0.15813879668712616,0.7357491850852966,13.179165840148926,0.026583099737763405
15402,0.4221448600292206,0.052630241960287094,0.8678950667381287,10.942488670349121,3.312574863433838
15410,0.1802428960800171,-0.16844581067562103,0.9254340529441833,12.660582542419434,0.01548094768077135
15424,0.22134263813495636,-0.15057596564292908,0.8843299746513367,12.212495803833008,0.07109393924474716
15440,0.03989652916789055,-0.15737329423427582,0.8788569569587708,13.610633850097656,0.012011528015136719
15442,0.4699781537055969,-0.14691482484340668,0.9229198694229126,10.514368057250977,0.08076705783605576
15458,-0.8364424109458923,-0.17016814649105072,0.8908985257148743,20.103931427001953,0.0004745483456645161
15474,-1.2440645694732666,-0.17035403847694397,0.8855798840522766,23.388792037963867,2.899169885495212e-05
15492,0.831540048122406,-0.025806332007050514,0.9118680953979492,7.838130950927734,2.649066686630249
15497,0.4957420527935028,-0.007284863386303186,0.8070358633995056,10.265982627868652,0.5912948846817017
15498,0.8674799203872681,-0.017390478402376175,0.8471595644950867,7.4967570304870605,0.4703682065010071
15517,0.6419299244880676,-0.05011509731411934,0.8670997619628906,9.282732963562012,2.0026795864105225
15531,0.7745470404624939,0.10079163312911987,0.7121525406837463,8.291460037231445,4.469457149505615
15534,-0.5620346069335938,-0.16903042793273926,0.886236310005188,18.237245559692383,0.01258087158203125
15536,0.6257197260856628,-0.11410006135702133,0.8735100030899048,9.204834938049316,0.10762710869312286
15569,0.8819047212600708,0.18657967448234558,0.819909393787384,7.428077697753906,2.225917100906372
15608,0.4650100767612457,-0.1505110114812851,0.869720458984375,10.499923706054688,0.0974830612540245
15631,0.5448418855667114,-0.07227529585361481,0.8888429999351501,10.01381778717041,0.6629284024238586
15634,0.7461628317832947,0.004631623160094023,0.7985581755638123,8.457488059997559,3.6044464111328125
15651,-0.07703407853841782,-0.1684735268354416,0.8628617525100708,14.518401145935059,0.004294776823371649
15657,-0.7577537894248962,-0.17017214000225067,0.924376904964447,19.84541130065918,0.005462646484375
15664,-0.055378008633852005,-0.16954542696475983,0.8835110664367676,14.514488220214844,0.017675304785370827
15719,0.2759052515029907,-0.16037549078464508,0.8987753987312317,11.948409080505371,0.17686767876148224
15722,-0.5135568380355835,-0.16891615092754364,0.8583933115005493,17.9085636138916,0.004570484161376953
15762,0.7388119101524353,-0.010831266641616821,0.8440425992012024,8.407622337341309,0.3014976680278778
15771,0.001974703511223197,-0.15509596467018127,0.9218730926513672,14.026265144348145,0.03339843824505806
15787,0.20840154588222504,-0.15553517639636993,0.844673752784729,12.423036575317383,0.06128501892089844
15804,0.5837945342063904,-0.14495037496089935,0.8775483965873718,9.540140151977539,0.08339214324951172
15810,-1.211912989616394,-0.16821998357772827,0.917892575263977,23.09419822692871,0.01701660268008709
15823,-1.179911494255066,-0.17032597959041595,0.882042407989502,22.731081008911133,4.272460864740424e-05
15879,0.24837541580200195,-0.15760934352874756,0.8948618173599243,12.076930046081543,0.08179645985364914
15902,0.9016454815864563,1.1438827514648438,0.8151751756668091,7.2797112464904785,4.159085273742676
15971,0.2913619577884674,-0.1285426914691925,0.8622809648513794,11.822731018066406,0.26346588134765625
15983,0.640343189239502,0.13649605214595795,0.7220792770385742,9.28353500366211,2.705937147140503
15991,-0.720913290977478,-0.17031289637088776,0.9242874979972839,19.437047958374023,0.00011215209815418348
15994,-0.9012754559516907,-0.17030493915081024,0.8795385360717773,20.918638229370117,0.0019889832474291325
16003,0.06251891702413559,0.02312774397432804,0.8953377604484558,13.493521690368652,0.1448875516653061
16008,0.23007188737392426,-0.13953794538974762,0.8207688331604004,12.28936767578125,0.10581286996603012
16069,0.3144575357437134,-0.16562937200069427,0.8597456216812134,11.544350624084473,0.016037845984101295
16097,0.7329307198524475,0.2262798398733139,0.7472339868545532,8.598430633544922,3.8906819820404053
16124,-0.7921425700187683,-0.1703519970178604,0.9004614949226379,19.849660873413086,-3.051757857974735e-06
16129,0.93427574634552,0.5747240781784058,0.8586791157722473,6.989205360412598,1.9938163757324219
16153,0.1229405552148819,-0.163846954703331,0.8968879580497742,13.099493980407715,0.03666992112994194
16177,0.9587375521659851,0.5363642573356628,0.7384195327758789,6.795156002044678,2.145061731338501
16218,0.8206768035888672,0.06569265574216843,0.8487030863761902,7.936870098114014,2.6319615840911865
16242,-2.4244439601898193,-0.1703546643257141,0.8824688196182251,32.2006721496582,0.0
16283,0.4666256010532379,-0.14150455594062805,0.8828883171081543,10.562904357910156,0.32829418778419495
16287,0.7572788596153259,0.9635761380195618,0.841508686542511,8.354484558105469,1.44617760181427
16333,-0.9794187545776367,-0.17024537920951843,0.8782241940498352,21.42887306213379,0.0003417968691792339
16387,-2.0324323177337646,-0.1703546643257141,0.9124698638916016,29.305017471313477,0.0
16390,-0.07200060039758682,-0.16731582581996918,0.8514617085456848,14.45073127746582,0.0031311034690588713
16424,0.7833763360977173,0.058754660189151764,0.7809119820594788,8.195225715637207,2.1449403762817383
16455,0.4012318253517151,-0.16054396331310272,0.8871141672134399,10.844813346862793,0.013723373413085938
16475,1.0426199436187744,0.8351101279258728,0.7915734052658081,6.278403282165527,12.081778526306152
16507,0.4609476625919342,-0.11930613964796066,0.9147397875785828,10.579826354980469,1.1821244955062866
16508,1.0100386142730713,1.4124751091003418,0.7417594194412231,6.489513397216797,15.46854305267334
16539,-0.26274430751800537,-0.1563767045736313,0.9106294512748718,16.207185745239258,0.6315328478813171
16546,0.3749709725379944,-0.16070206463336945,0.9093429446220398,11.156420707702637,0.022586440667510033
16584,0.18987107276916504,-0.15884500741958618,0.865443229675293,12.389761924743652,0.03905334696173668
16603,1.0053081512451172,0.6024012565612793,0.6801245212554932,6.414710521697998,3.7261955738067627
16611,-0.17008911073207855,-0.16406606137752533,0.8430919647216797,15.28050708770752,0.02625427208840847
16668,-0.7136334776878357,-0.1703101247549057,0.87932950258255,19.433517456054688,0.00030517578125
16675,1.0156725645065308,0.4141286313533783,0.8199967741966248,6.355470657348633,1.5027366876602173
16685,0.5222422480583191,-0.06587009876966476,0.9128799438476562,10.18741512298584,1.8967033624649048
16687,0.28376808762550354,-0.11519519239664078,0.921782910823822,11.677769660949707,0.09331393241882324
16713,-0.33918094635009766,-0.17023822665214539,0.8859469294548035,16.476821899414062,0.0004940032958984375
16756,0.17092253267765045,-0.14262518286705017,0.8849931955337524,12.78571605682373,0.1264270842075348
16782,-1.1846470832824707,-0.17030292749404907,0.8684321641921997,22.992307662963867,0.0003402710135560483
16784,1.0574086904525757,1.1597900390625,0.7531062960624695,6.15969705581665,7.096714973449707
16789,0.7635524272918701,-0.067682646214962,0.7814041972160339,8.335182189941406,0.22758904099464417
16822,-0.1794617921113968,-0.17022497951984406,0.9006773829460144,15.357176780700684,0.0003204345703125
16841,0.10957156866788864,-0.021101785823702812,0.8451359868049622,13.206332206726074,0.34324875473976135
16844,-1.7029714584350586,-0.17035457491874695,0.8963883519172668,26.865955352783203,4.57763690064894e-06
16863,0.476081520318985,-0.0215716864913702,0.8399648666381836,10.524920463562012,1.4291404485702515
16883,0.49760350584983826,0.006056691985577345,0.878450870513916,10.313450813293457,1.674088716506958
16915,1.0176054239273071,1.0520695447921753,0.6939713954925537,6.417916297912598,10.369705200195312
16927,-0.593842089176178,-0.16983895003795624,0.7842075228691101,18.680164337158203,0.01981048658490181
16940,0.4695470333099365,-0.06897991895675659,0.8305296301841736,10.487225532531738,0.2784299850463867
16998,-1.5485035181045532,-0.1703534573316574,0.8986801505088806,25.80039405822754,1.564025842526462e-05
17000,-0.4279418885707855,-0.16849978268146515,0.9031265377998352,17.303129196166992,0.0041522979736328125
17029,-0.026282114908099174,-0.15759359300136566,0.7040846943855286,14.169038772583008,0.022081756964325905
17060,-0.26554927229881287,-0.1685926765203476,0.9112340211868286,16.062406539916992,0.009796142578125
17118,-1.4992027282714844,-0.17034463584423065,0.9020726084709167,25.366477966308594,9.918212890625e-05
17132,-1.6725744009017944,-0.1703546643257141,0.911516010761261,26.586261749267578,0.0
17151,0.5254735350608826,-0.14505799114704132,0.8834983706474304,10.141138076782227,-0.018820954486727715
17172,0.37942883372306824,-0.04847158491611481,0.8315557837486267,11.117037773132324,0.9712440371513367
17204,-0.6195462346076965,-0.1645786017179489,0.9077730178833008,18.614425659179688,0.015239715576171875
17235,-0.36206385493278503,-0.15665693581104279,0.8730811476707458,16.78434181213379,0.0684894546866417
17238,-0.10689955949783325,-0.14641928672790527,0.8811220526695251,14.970686912536621,1.081472635269165
17248,-0.41475316882133484,-0.16913853585720062,0.915600597858429,16.973011016845703,0.004016018006950617
17282,0.20386941730976105,-0.14262501895427704,0.9046171307563782,12.494131088256836,0.08916168659925461
17285,-0.11338412761688232,-0.15624411404132843,0.8639131784439087,14.786738395690918,0.027114106342196465
17287,-0.272284597158432,-0.16748881340026855,0.8607206344604492,16.09121322631836,0.00540924072265625
17295,0.8160261511802673,0.06854378432035446,0.8329924941062927,7.938671112060547,1.4232324361801147
17317,0.9505195021629333,0.7963871359825134,0.8784347772598267,6.941226482391357,3.048909902572632
17326,0.770237147808075,-0.08745717257261276,0.9089832305908203,8.288710594177246,1.6040853261947632
17351,0.7314538359642029,-0.03566383942961693,0.7869588136672974,8.346003532409668,0.413613885641098
17372,-0.7513238191604614,-0.17025959491729736,0.7803835868835449,19.618263244628906,0.0004356384451966733
17389,-0.11234573274850845,-0.16712698340415955,0.9201738238334656,14.912701606750488,0.021283721551299095
17424,-0.5166124701499939,-0.15983158349990845,0.9071076512336731,17.824827194213867,0.03148641809821129
17426,-1.7160860300064087,-0.17035463452339172,0.8875380754470825,26.972070693969727,1.5258789289873675e-06
17427,0.8042294383049011,0.17518965899944305,0.8784141540527344,8.047362327575684,9.351103782653809
17448,-1.4252279996871948,-0.17035417258739471,0.8982120752334595,24.794536590576172,2.288818359375e-05
17476,0.3299716114997864,-0.15311627089977264,0.872703492641449,11.571121215820312,0.09038352966308594
17480,-1.3450077772140503,-0.17030447721481323,0.8830552101135254,24.215864181518555,0.000408172607421875
17484,0.9338442087173462,0.059512801468372345,0.9155774116516113,7.091899394989014,3.2062556743621826
17523,-0.7919394373893738,-0.17035137116909027,0.8472013473510742,19.94161033630371,4.596710277837701e-05
17562,-1.9710514545440674,-0.17035463452339172,0.8968968391418457,28.856107711791992,1.5258789289873675e-06
17566,-0.3946119546890259,-0.16102151572704315,0.8452280163764954,17.145469665527344,0.4235282838344574
17574,-0.19988977909088135,-0.16967520117759705,0.8683571219444275,15.504034996032715,0.0040718079544603825
17597,-0.8751757740974426,-0.1703382134437561,0.9179036021232605,20.6420955657959,0.0003753662167582661
17602,-1.2129734754562378,-0.16984926164150238,0.8538146018981934,23.307193756103516,0.02277679555118084
17603,-0.42017364501953125,-0.16811299324035645,0.910317063331604,17.293041229248047,0.0467529296875
17663,0.5465753078460693,-0.13967196643352509,0.7461415529251099,9.780293464660645,0.05213050916790962
17675,0.5056390166282654,-0.15600423514842987,0.8935915231704712,10.238134384155273,0.22464600205421448
17676,-0.7517903447151184,-0.1703217476606369,0.9273457527160645,19.502363204956055,2.6690961021813564e-05
17680,0.6916486024856567,0.03602423891425133,0.8737980723381042,8.831931114196777,0.4864421784877777
17715,0.24260388314723969,-0.13686758279800415,0.83441561460495,12.119128227233887,0.03794250637292862
17723,-0.5719889998435974,-0.17038202285766602,0.8957630395889282,18.32782745361328,0.0011089325416833162
17744,-0.043396927416324615,-0.16941481828689575,0.9135228991508484,14.325457572937012,0.003755951067432761
17748,0.408337265253067,-0.09365992248058319,0.8962578177452087,10.9866361618042,0.40731048583984375
17751,0.7050442695617676,-0.1096741333603859,0.7566004991531372,8.73957347869873,0.413369745016098
17759,-0.08033212274312973,-0.13525955379009247,0.9251064658164978,14.6380615234375,0.104772187769413
17766,1.0227372646331787,0.9340912103652954,0.7475866675376892,6.357802867889404,6.919773101806641
17776,1.1565488576889038,1.9549286365509033,0.7781047821044922,5.426156520843506,21.44593048095703
17873,0.23051011562347412,0.01419443916529417,0.8912083506584167,12.406886100769043,1.4513317346572876
17957,-2.6270699501037598,-0.17035464942455292,0.9026322364807129,33.96577835083008,7.629394644936838e-07
17966,0.19352243840694427,-0.08295923471450806,0.8544784784317017,12.582780838012695,0.2850486934185028
17988,0.7179880738258362,-0.00846927147358656,0.8142059445381165,8.646478652954102,0.7038330435752869
17996,-0.17268887162208557,-0.1699383556842804,0.792543351650238,15.4102201461792,0.009822845458984375
18005,-0.1804051399230957,-0.14561529457569122,0.8999651074409485,15.369966506958008,0.015194701962172985
18021,-1.4922879934310913,-0.17021742463111877,0.8918710947036743,25.211074829101562,0.0010742187732830644
18029,0.41078710556030273,-0.16393496096134186,0.9030641913414001,10.969528198242188,0.038790512830019
18033,-0.2922581136226654,-0.16998283565044403,0.913728654384613,16.097684860229492,0.000675201416015625
18050,-1.9688414335250854,-0.17034929990768433,0.8589740991592407,28.986377716064453,0.0002471923944540322
18070,0.7774431109428406,0.1402668058872223,0.7507524490356445,8.227717399597168,4.215917587280273
18085,0.15150649845600128,-0.166664719581604,0.880466639995575,12.741660118103027,0.012675858102738857
18103,0.651970624923706,-0.1498114913702011,0.922796905040741,9.134869575500488,0.06409015506505966
18126,0.0602683424949646,-0.16747058928012848,0.8681994676589966,13.53488826751709,0.006974029820412397
18158,-1.059843897819519,-0.17041616141796112,0.8095466494560242,22.04494285583496,-6.942749314475805e-05
18172,0.45992395281791687,-0.08805011957883835,0.8951493501663208,10.56482982635498,0.39263078570365906
18173,0.5384592413902283,-0.15283355116844177,0.9282869696617126,10.034930229187012,0.1613282412290573
18179,0.7438877820968628,-0.13034792244434357,0.8899731040000916,8.481797218322754,2.6071908473968506
18217,0.3554893434047699,-0.156140998005867,0.9014911651611328,11.374282836914062,0.10736083984375
18250,0.2904447019100189,-0.12738382816314697,0.828543484210968,11.932608604431152,1.5431022644042969
18256,0.8656288385391235,0.057042062282562256,0.8652158975601196,7.564239025115967,1.1400988101959229
18257,0.4931219220161438,-0.1311301589012146,0.9185134172439575,10.29394245147705,0.22643117606639862
18265,0.33485379815101624,-0.1480201631784439,0.8745121955871582,11.546546936035156,0.48220309615135193
18270,-1.0469905138015747,-0.1704353243112564,0.8439344763755798,21.96039581298828,-4.00543212890625e-05
18282,0.044704318046569824,-0.16231206059455872,0.8754419684410095,13.709820747375488,0.06356125324964523
18308,-1.3596924543380737,-0.17035093903541565,0.814335286617279,24.144025802612305,4.57763690064894e-06
18330,0.7256714701652527,0.0984116792678833,0.8743058443069458,8.642796516418457,4.403609752655029
18334,1.0320799350738525,0.8821622729301453,0.895344078540802,6.33169412612915,4.134856700897217
18338,0.7836089134216309,0.2803383469581604,0.8050515055656433,8.221019744873047,8.690872192382812
18342,-0.06800465285778046,-0.16400998830795288,0.9202370643615723,14.57550048828125,0.05786743387579918
18351,-0.44892650842666626,-0.16970954835414886,0.8417169451713562,17.353490829467773,0.0015769958263263106
18380,0.12374013662338257,-0.14013968408107758,0.8890148997306824,12.965034484863281,0.047556307166814804
18396,0.2803419530391693,-0.16342759132385254,0.8509173393249512,11.86405086517334,0.009751987643539906
18407,0.3878400921821594,-0.11171205341815948,0.9009692072868347,11.060171127319336,0.0844600722193718
18426,-1.350730061531067,-0.17035450041294098,0.9161038398742676,24.239383697509766,7.62939453125e-06
18433,0.02253969945013523,-0.1695692390203476,0.857607364654541,13.915971755981445,0.006909179966896772
18532,-0.37974900007247925,-0.1698971390724182,0.8833799362182617,16.888525009155273,0.005841350648552179
18533,0.39521756768226624,-0.12174340337514877,0.8780339360237122,10.9566011428833,0.08471908420324326
18540,0.17234651744365692,-0.11097604036331177,0.873975932598114,12.748103141784668,0.46393585205078125
18571,0.23570691049098969,-0.12246125191450119,0.8987970352172852,12.20713996887207,0.24985352158546448
18585,-1.3353582620620728,-0.17035095393657684,0.8896903395652771,24.047683715820312,2.7465821403893642e-05
18604,0.5847578644752502,0.020572563633322716,0.8760105967521667,9.694716453552246,1.2818424701690674
18610,-0.9159759879112244,-0.16948924958705902,0.927155613899231,20.897167205810547,0.005458069033920765
18621,-0.639258086681366,-0.17028102278709412,0.8755053877830505,18.867448806762695,0.0007072449079714715
18653,0.3729419410228729,-0.15786536037921906,0.8066158294677734,11.175966262817383,0.026832962408661842
18655,0.7234477400779724,0.05787690356373787,0.7290058732032776,8.61058235168457,2.1029114723205566
18656,-0.5706901550292969,-0.16529527306556702,0.9168726801872253,18.478469848632812,0.02006225660443306
18676,0.6739218235015869,-0.0010609455639496446,0.7679089903831482,8.954482078552246,1.275935411453247
18682,0.21899263560771942,-0.1561136543750763,0.8950163722038269,12.330528259277344,0.026097489520907402
18722,0.38573262095451355,-0.14346230030059814,0.8143613934516907,11.209083557128906,0.4188161790370941
18724,0.6475096344947815,0.08601212501525879,0.8031615614891052,9.169524192810059,2.5868031978607178
18742,-0.04562682285904884,-0.13058000802993774,0.8654788136482239,14.3781156539917,0.0712541863322258
18801,-1.1263481378555298,-0.1703542172908783,0.8491005301475525,22.25972557067871,1.9073486328125e-06
18816,-1.8065118789672852,-0.1703546643257141,0.8617253303527832,27.404321670532227,0.0
18868,-1.1066166162490845,-0.1703404039144516,0.8583772778511047,22.364280700683594,0.00013198853412177414
18871,0.07385014742612839,-0.16348150372505188,0.8976845145225525,13.4830322265625,0.06847476959228516
18884,0.588969886302948,0.0768357366323471,0.8084508180618286,9.63217544555664,1.6445118188858032
18895,-0.19750504195690155,-0.15877734124660492,0.8716397285461426,15.532876968383789,0.024736786261200905
18903,0.810082733631134,0.854062557220459,0.6337440609931946,7.928274631500244,3.436208486557007
18904,0.9768583178520203,0.2111567258834839,0.8940609097480774,6.6953935623168945,1.0970906019210815
18924,0.3313119411468506,-0.14192146062850952,0.8036758303642273,11.540279388427734,0.12685470283031464
18944,0.4539479911327362,-0.09826286882162094,0.8071922659873962,10.666171073913574,0.7353702783584595
18965,0.06828274577856064,-0.16413547098636627,0.8097390532493591,13.50743579864502,0.028194045647978783
18976,-0.019791970029473305,-0.13798026740550995,0.8455812335014343,14.08624267578125,0.14547042548656464
18978,-1.752091407775879,-0.17035464942455292,0.9224666953086853,27.220685958862305,7.629394644936838e-07
18988,0.740959644317627,-0.09491563588380814,0.8861026167869568,8.37158489227295,0.15614815056324005
19013,0.16494105756282806,-0.16340850293636322,0.8731877207756042,12.860960960388184,0.07127457112073898
19019,1.036630630493164,1.4810035228729248,0.8202418684959412,6.302160263061523,9.659667015075684
19038,-0.8563045859336853,-0.17034831643104553,0.8902732133865356,20.459524154663086,4.272460864740424e-05
19040,-1.8011356592178345,-0.17035409808158875,0.8911663889884949,27.617822647094727,4.57763690064894e-06
19087,-1.1048517227172852,-0.17035147547721863,0.9237347841262817,22.290082931518555,6.055831818230217e-06
19107,-0.2911563217639923,-0.1694236695766449,0.8866991400718689,15.976119041442871,0.000884199165739119
19109,-1.4554661512374878,-0.17035292088985443,0.8815746307373047,25.07100486755371,8.087158494163305e-05
19138,-0.029070807620882988,-0.16841654479503632,0.8783895373344421,14.192474365234375,0.0023819447960704565
19148,-0.06035343557596207,-0.16370293498039246,0.8422407507896423,14.527999877929688,0.2018730193376541
19239,-0.8052240610122681,-0.17034558951854706,0.8912301063537598,20.162107467651367,0.00015335083298850805
19268,0.40920954942703247,-0.12871955335140228,0.9126873016357422,11.071707725524902,1.580945611000061
19275,0.5619109869003296,-0.09406446665525436,0.8648108839988708,9.89008617401123,0.6219384074211121
19403,-0.4995732307434082,-0.16425810754299164,0.8988246321678162,17.713623046875,0.0034259797539561987
19456,-0.5443599820137024,-0.16907759010791779,0.921373188495636,18.19952964782715,0.01402816828340292
19477,0.4044423997402191,-0.11823604255914688,0.8739447593688965,11.096156120300293,0.5589115023612976
19482,0.7265576720237732,-0.0521097294986248,0.8587972521781921,8.508700370788574,0.2876090705394745
19501,0.462359756231308,-0.11562705039978027,0.8159918189048767,10.53378963470459,0.20004157721996307
19511,-3.1351921558380127,-0.1703546643257141,0.9290022253990173,37.72934341430664,0.0
19545,0.5976666808128357,0.06584444642066956,0.9176489114761353,9.528664588928223,0.5285517573356628
19552,-0.6009960174560547,-0.16861605644226074,0.8626789450645447,18.59831428527832,0.014324950985610485
19586,0.8671998977661133,0.3013574779033661,0.6904918551445007,7.493235111236572,1.7497352361679077
19588,-0.07597566395998001,-0.14726729691028595,0.8127835392951965,14.631240844726562,0.02820606343448162
19604,0.6477631330490112,-0.012807846069335938,0.923429012298584,9.097826957702637,0.2635940611362457
19608,-1.212303638458252,-0.17034943401813507,0.9100208282470703,23.110830307006836,6.10351571594947e-06
19645,0.3184986412525177,-0.14880579710006714,0.894306480884552,11.652653694152832,0.12181015312671661
19646,0.7010874152183533,-0.09832923859357834,0.8861527442932129,8.776153564453125,0.2868015468120575
19675,0.34568068385124207,-0.1650996059179306,0.8452678918838501,11.389466285705566,0.012444877997040749
19685,0.39320772886276245,-0.13170583546161652,0.8435254096984863,11.171416282653809,1.0096298456192017
19692,-1.5763297080993652,-0.17015507817268372,0.8870477676391602,26.039621353149414,0.00911560095846653
19701,-0.09126599878072739,-0.16578589379787445,0.8680607080459595,14.772496223449707,0.03626861795783043
19707,-2.4858291149139404,-0.1703546643257141,0.885542094707489,32.73897171020508,0.0
19715,0.541085422039032,-0.12260794639587402,0.8479506373405457,9.97506046295166,0.30568552017211914
19731,0.7510468363761902,-0.03859056159853935,0.8162164092063904,8.3425931930542,0.14872589707374573
19732,-0.04740456864237785,-0.16924132406711578,0.9009370803833008,14.150459289550781,0.006272506900131702
19762,-0.14896951615810394,-0.16930463910102844,0.8198037147521973,15.132522583007812,0.0040187835693359375
19767,0.9073131680488586,0.16065315902233124,0.8049589991569519,7.1629838943481445,0.8706680536270142
19798,0.6289083361625671,-0.06711878627538681,0.8705105185508728,9.309354782104492,0.37134242057800293
19870,-0.2161925584077835,-0.16854214668273926,0.9112665057182312,15.712259292602539,0.017896270379424095
19877,-1.1115025281906128,-0.16986286640167236,0.875941276550293,22.561655044555664,0.022661209106445312
19907,0.7027409672737122,-0.04265541955828667,0.8237964510917664,8.726248741149902,0.49676990509033203
19926,0.3815186321735382,-0.140903502702713,0.888953685760498,11.218526840209961,0.3015640377998352
19941,0.3197953402996063,-0.15309152007102966,0.894993007183075,11.623016357421875,0.15525436401367188
19955,0.7529554963111877,-0.0263923741877079,0.864644467830658,8.391290664672852,0.818634033203125
19970,-0.18230751156806946,-0.15530799329280853,0.9009037017822266,15.371177673339844,0.11941681057214737
20003,-0.26236724853515625,-0.16780589520931244,0.8417542576789856,16.01333236694336,0.00840530451387167
20012,0.23157969117164612,-0.15195991098880768,0.8754770159721375,12.336974143981934,0.7449795007705688
20021,0.7403674125671387,-0.04506182298064232,0.9059364199638367,8.514208793640137,0.8664548993110657
20022,-0.12077534198760986,-0.16117112338542938,0.7532272338867188,14.881181716918945,0.021450042724609375
20025,0.8759651184082031,0.2044844627380371,0.8804759383201599,7.4619293212890625,2.6590447425842285
20027,-0.08576444536447525,-0.16879604756832123,0.8652538657188416,14.55259895324707,0.004898643586784601
20071,0.8800436854362488,0.16435082256793976,0.8415476083755493,7.4943718910217285,6.934487819671631
20093,0.1558827906847,-0.13514040410518646,0.8353449106216431,12.854498863220215,0.10853052139282227
20104,0.18142548203468323,-0.16170239448547363,0.8638993501663208,12.621240615844727,0.021761322394013405
20115,0.7847511768341064,0.42432841658592224,0.811375617980957,8.063542366027832,0.6439525485038757
20135,0.3747575879096985,-0.014915043488144875,0.8889877200126648,11.270503044128418,2.378103256225586
20141,-0.526307225227356,-0.14716170728206635,0.9025006294250488,17.960590362548828,0.025982284918427467
20148,1.0083768367767334,0.454852432012558,0.835828423500061,6.505396366119385,8.427724838256836
20240,-0.9957062005996704,-0.17031601071357727,0.8883879780769348,21.590803146362305,0.001049041748046875
20258,0.5490313172340393,-0.08869123458862305,0.8721464276313782,9.977359771728516,1.2673126459121704
20297,0.8890500068664551,0.19345282018184662,0.893589198589325,7.495475769042969,10.745598793029785
20316,1.2316912412643433,1.1883330345153809,0.8251659274101257,4.829205513000488,9.87597370147705
20332,0.2035304605960846,-0.16484574973583221,0.8578876852989197,12.510522842407227,0.032363127917051315
20362,0.6537358164787292,-0.059924252331256866,0.8927668929100037,9.021600723266602,0.4245613217353821
20384,-0.6689049005508423,-0.17020629346370697,0.8904374241828918,18.954673767089844,0.0003856658877339214
20386,0.26489493250846863,-0.16405516862869263,0.8440958857536316,11.984713554382324,0.016597557812929153
20501,0.1297401338815689,-0.14633290469646454,0.7873377799987793,13.002777099609375,0.03925590589642525
20503,-0.23542051017284393,-0.16498960554599762,0.884857177734375,15.866090774536133,0.04858093336224556
20535,0.7506146430969238,-0.02994430623948574,0.8342825174331665,8.425317764282227,0.4833725094795227
20548,-0.12538284063339233,-0.05745334550738335,0.9001550078392029,14.960023880004883,0.4757997691631317
20561,0.3966568112373352,-0.14717911183834076,0.9044475555419922,11.063486099243164,0.22040091454982758
20582,-0.24970082938671112,-0.16537541151046753,0.882656991481781,15.93408489227295,0.017371702939271927
20641,0.8468376994132996,0.5558987259864807,0.8060229420661926,7.634525299072266,1.3823570013046265
20687,0.573707640171051,-0.11534961313009262,0.7970342040061951,9.819744110107422,1.667174220085144
20689,0.6727895140647888,-0.09541510790586472,0.8674269914627075,9.00650691986084,0.9139900207519531
20706,0.21115227043628693,-0.15442608296871185,0.9036608934402466,12.564998626708984,0.10561847686767578
20766,-0.5571407675743103,-0.1648785024881363,0.9012131094932556,18.23052406311035,0.00845260638743639
20767,0.24556107819080353,-0.15998338162899017,0.8955408930778503,12.184422492980957,0.2378818541765213
20788,0.13002122938632965,-0.16097508370876312,0.8974230885505676,13.175432205200195,0.21488571166992188
20789,-0.27870556712150574,-0.16613717377185822,0.8892955183982849,16.086584091186523,0.008649158291518688
20800,-0.41845080256462097,-0.17031271755695343,0.9014561772346497,17.176816940307617,0.00041103363037109375
20802,-0.6693441271781921,-0.17006389796733856,0.9032699465751648,19.108598709106445,0.000942230224609375
20803,0.17271561920642853,-0.14946821331977844,0.878282368183136,12.773611068725586,0.030295943841338158
20821,0.6151053309440613,-0.14814461767673492,0.9168193936347961,9.32139778137207,0.041654396802186966
20847,1.0518262386322021,1.1430591344833374,0.8109523057937622,6.179533958435059,14.497528076171875
20853,0.48754701018333435,-0.21050958335399628,0.8167216181755066,10.34716796875,0.09947166591882706
20887,0.8705248832702637,0.1962113231420517,0.883415699005127,7.457192420959473,0.6146194338798523
20919,-0.11779699474573135,-0.16831909120082855,0.8813802003860474,15.018203735351562,0.0662052184343338
20926,-0.6071494221687317,-0.16749116778373718,0.9254211783409119,18.605810165405273,0.005348396487534046
20934,-1.1220567226409912,-0.17023330926895142,0.9282741546630859,22.62334442138672,0.005572509951889515
20945,0.5924825072288513,-0.08481169492006302,0.8845236897468567,9.535212516784668,0.13787151873111725
20972,-1.9156553745269775,-0.17035458981990814,0.9113959670066833,28.49427604675293,3.051757857974735e-06
20977,0.5115671753883362,-0.05703679844737053,0.7607924342155457,10.260509490966797,0.8490543365478516
20981,0.8274043202400208,0.20465512573719025,0.839411735534668,7.803653240203857,0.8814026117324829
20986,0.4684940278530121,-0.09518489241600037,0.8318300247192383,10.615660667419434,1.1769003868103027
21004,-0.27378150820732117,-0.16753710806369781,0.8960685133934021,16.13990592956543,0.011128234677016735
21019,0.7533993124961853,-0.0917305052280426,0.8486053347587585,8.280144691467285,0.17429618537425995
21024,-0.2656899094581604,-0.16627667844295502,0.9052675366401672,16.129806518554688,0.10597515106201172
21030,-0.19054226577281952,-0.16786673665046692,0.8780826926231384,15.412500381469727,0.0021911622025072575
21032,-1.2839840650558472,-0.17035433650016785,0.8138024210929871,23.681499481201172,1.52587890625e-05
21047,-0.04855003580451012,-0.16043195128440857,0.775525689125061,14.341586112976074,0.08954276889562607
21079,0.7770575881004333,-0.06406473368406296,0.888015866279602,8.207906723022461,0.6216578483581543
21084,0.7707778811454773,-0.22945570945739746,0.8507067561149597,8.270304679870605,-0.15364189445972443
21125,0.19512051343917847,-0.1271231472492218,0.8781735301017761,12.616774559020996,0.17380371689796448
21132,-0.4416874349117279,-0.168125718832016,0.8984572291374207,17.494672775268555,0.018011856824159622
21146,0.21917591989040375,-0.13686628639698029,0.8425995707511902,12.387805938720703,0.04645400121808052
21177,-0.32141128182411194,-0.16983459889888763,0.74791020154953,16.45039176940918,0.004630661103874445
21183,0.2303309291601181,-0.046216730028390884,0.8301801085472107,12.382620811462402,1.0544410943984985
21192,0.17634619772434235,-0.14521309733390808,0.9006975293159485,12.787314414978027,0.1283729523420334
21216,0.19253325462341309,-0.16115665435791016,0.842892587184906,12.545783996582031,0.029014969244599342
21311,-1.3002259731292725,-0.17034082114696503,0.9034862518310547,23.916854858398438,0.00017089843458961695
21424,0.9019865393638611,-0.017349479719996452,0.8965066075325012,7.265885829925537,0.6260601282119751
21463,0.6807898879051208,0.261101633310318,0.8598200082778931,8.913934707641602,1.7732101678848267
21475,0.7233155965805054,-0.005910382606089115,0.8784744143486023,8.654036521911621,2.411540985107422
21497,0.8105056881904602,0.07252265512943268,0.8775860071182251,7.963235378265381,1.378369927406311
21509,0.3914303779602051,-0.05103141814470291,0.8793016672134399,11.019444465637207,1.1189934015274048
21514,0.6776154637336731,-0.11019953340291977,0.889074981212616,8.861312866210938,0.16919861733913422
21612,0.3287670910358429,-0.14460189640522003,0.8799415826797485,11.558585166931152,0.1081329807639122
21636,-0.1750735193490982,-0.16489477455615997,0.8634581565856934,15.256593704223633,0.0032978057861328125
21644,0.5294933319091797,-0.11665494740009308,0.8544403910636902,10.158270835876465,0.6228439211845398
21673,-0.2511357367038727,-0.16898170113563538,0.9062513709068298,15.900839805603027,0.0029457092750817537
21698,-0.7256933450698853,-0.17034325003623962,0.9240010380744934,19.436384201049805,5.416870044427924e-05
21719,0.021086139604449272,-0.16499537229537964,0.8948354125022888,13.881622314453125,0.04320831224322319
21730,0.7319599986076355,0.12147902697324753,0.8860310912132263,8.60409164428711,11.15571403503418
21791,0.9305033683776855,-0.09581515938043594,0.8380128145217896,7.073440074920654,-2.46557879447937
21806,0.4601358473300934,-0.06802362203598022,0.9241777658462524,10.594097137451172,0.2698255479335785
21811,-0.4253714680671692,-0.16965627670288086,0.8899766802787781,17.226579666137695,0.0017185211181640625
21846,-1.0467694997787476,-0.17033249139785767,0.9283196330070496,21.867816925048828,1.5163422176556196e-05
21934,1.1374253034591675,0.6749907732009888,0.7286486029624939,5.50386905670166,5.106950283050537
21935,-0.3901703953742981,-0.13481508195400238,0.8080205917358398,17.08943748474121,0.3976873457431793
21937,-1.0432178974151611,-0.17030775547027588,0.8419896364212036,21.665809631347656,5.416870044427924e-05
21956,-0.15789954364299774,-0.1693200320005417,0.8661724328994751,15.25556468963623,0.009693145751953125
21958,0.5315335392951965,-0.06344915181398392,0.8913537263870239,10.106842994689941,1.0238703489303589
21970,0.8834885954856873,0.35521960258483887,0.8813719153404236,7.445969581604004,2.429110288619995
22039,-0.12886135280132294,-0.15155206620693207,0.8542597889900208,14.905672073364258,0.04049835354089737
22044,-0.12545688450336456,-0.167623832821846,0.8249926567077637,14.974064826965332,0.0070861815474927425
22065,-1.419586181640625,-0.17030487954616547,0.8727714419364929,24.669357299804688,0.0001697540283203125
22081,0.6269376873970032,-0.10410847514867783,0.8651784062385559,9.244784355163574,0.22026176750659943
22085,0.2738344073295593,-0.1556524783372879,0.8664501309394836,12.036569595336914,0.11616726219654083
22191,-1.0656232833862305,-0.170338973402977,0.8960143327713013,22.023399353027344,0.00010528564598644152
22237,0.4021613299846649,-0.13681453466415405,0.8529825210571289,11.005589485168457,0.34604722261428833
22242,0.5430460572242737,-0.13236650824546814,0.88197261095047,9.971806526184082,0.30747339129447937
22256,0.5171410441398621,-0.12001160532236099,0.8826286196708679,10.147196769714355,0.5833598971366882
22260,-1.0531959533691406,-0.17033258080482483,0.8899597525596619,21.85988998413086,1.831054760259576e-05
22290,-0.1873382180929184,-0.1650799810886383,0.8734928965568542,15.370648384094238,0.00810165423899889
22295,-1.221075415611267,-0.17036032676696777,0.9002587199211121,23.184654235839844,-7.629394644936838e-07
22339,-0.4955819547176361,-0.1682952493429184,0.8764181137084961,17.813522338867188,0.0060325623489916325
22351,0.8341557383537292,0.008074021898210049,0.8150877952575684,7.856258392333984,5.290086269378662
22353,-0.6613156199455261,-0.17019332945346832,0.8467466235160828,18.972204208374023,0.0013509750133380294
22354,-2.5501105785369873,-0.1703546643257141,0.9076210260391235,33.184017181396484,0.0
22362,-0.728699266910553,-0.1696116179227829,0.8725395202636719,19.55592155456543,0.0015914917457848787
22384,0.8606840968132019,0.08327696472406387,0.8581005930900574,7.573328495025635,1.3787071704864502
22393,0.1483210325241089,-0.1690528839826584,0.7966355681419373,12.898337364196777,0.0024059296119958162
22439,-1.1876047849655151,-0.1703178733587265,0.8701101541519165,22.957189559936523,5.0258637202205136e-05
22488,0.3859665095806122,-0.1623603254556656,0.8674980998039246,11.118301391601562,0.05829963833093643
22525,0.501173198223114,-0.09234674274921417,0.8139683604240417,10.373984336853027,0.4314979612827301
22530,0.38311266899108887,-0.1033703088760376,0.7944298982620239,11.237634658813477,1.0881317853927612
22550,0.7068277597427368,0.08250322192907333,0.8543484807014465,8.81175708770752,5.771759033203125
22559,0.24695180356502533,-0.09148958325386047,0.9114919900894165,12.116419792175293,0.20608864724636078
22572,-1.5706430673599243,-0.1703546643257141,0.856738269329071,25.731847763061523,0.0
22610,0.792705237865448,-0.021324196830391884,0.8748236894607544,8.046796798706055,0.3293173909187317
22670,1.1062891483306885,0.6190482974052429,0.8707500696182251,5.757394313812256,4.933705806732178
22686,0.2534452974796295,-0.11514746397733688,0.8819079399108887,11.93695068359375,0.2286457121372223
22709,-2.063506841659546,-0.1703546643257141,0.8524590730667114,29.553512573242188,0.0
22735,0.6601163744926453,0.025646859779953957,0.8596267104148865,9.178145408630371,8.680863380432129
22752,0.8555169105529785,-0.00044240133138373494,0.6973338723182678,7.6815948486328125,1.8282127380371094
22764,0.8223654627799988,0.1339152753353119,0.7784440517425537,7.854979038238525,0.5991471409797668
22785,0.7156455516815186,0.0924772173166275,0.8450527191162109,8.67584228515625,1.5955787897109985
22786,-0.32815447449684143,-0.17035263776779175,0.8879507184028625,16.46519660949707,0.0002673626004252583
22787,0.10450945049524307,-0.14309392869472504,0.8642002940177917,13.227701187133789,0.05355987697839737
22804,-1.388037085533142,-0.17035457491874695,0.8830652236938477,24.49622917175293,4.57763690064894e-06
22828,-0.6826816201210022,-0.17007426917552948,0.6773622035980225,19.25069236755371,0.011565590277314186
22836,-1.0986924171447754,-0.16964416205883026,0.9193429946899414,22.461233139038086,0.03276519849896431
22839,0.7883633971214294,0.03987058624625206,0.8866205215454102,8.072436332702637,0.7436928153038025
22860,0.756161630153656,-0.025974130257964134,0.9097539186477661,8.300566673278809,0.32302626967430115
22863,0.5138376951217651,-0.15574955940246582,0.8842196464538574,10.146075248718262,0.07237549126148224
22872,0.8828151822090149,0.04005514457821846,0.8739506602287292,7.395545959472656,1.1580305099487305
22878,-0.2092127799987793,-0.168299600481987,0.8459233641624451,15.5908784866333,0.0045837401412427425
22885,-0.9560722708702087,-0.1717487871646881,0.8192314505577087,21.29925537109375,-0.0005699158064089715
22889,0.3000679910182953,-0.14868126809597015,0.8717126250267029,11.770757675170898,0.1274479478597641
22909,0.3257908225059509,-0.14439325034618378,0.7869283556938171,11.649813652038574,0.10278015583753586
22910,0.11590079218149185,-0.06687425822019577,0.8552630543708801,13.077814102172852,0.2955360412597656
22926,0.7162198424339294,0.024062680080533028,0.8859443664550781,8.718295097351074,3.9834954738616943
22947,-1.060854434967041,-0.17012125253677368,0.8588592410087585,22.00800895690918,0.0007068514823913574
22968,-0.6373537182807922,-0.16954226791858673,0.9201183319091797,18.985937118530273,0.03343658521771431
23008,0.864412248134613,-0.1496300846338272,0.8430206179618835,7.499795436859131,0.2834790349006653
23030,0.8781479001045227,-0.05070231482386589,0.8562704920768738,7.433354377746582,0.659323513507843
23036,-0.8464937210083008,-0.17029480636119843,0.8870375752449036,20.329992294311523,0.00015182494826149195
23040,-0.010122609324753284,-0.1666431725025177,0.9116000533103943,14.204658508300781,0.015021133236587048
23054,-1.700505256652832,-0.17035429179668427,0.9264675378799438,26.902454376220703,2.28881845032447e-06
23066,-0.19215825200080872,-0.16944828629493713,0.9203194975852966,15.482210159301758,0.008249091915786266
23082,0.3463880717754364,-0.15479232370853424,0.8698739409446716,11.431723594665527,0.05158824846148491
23086,0.9309976696968079,0.5670071244239807,0.7852636575698853,7.130901336669922,4.411338806152344
23087,0.6320458054542542,-0.048265837132930756,0.8657919764518738,9.286958694458008,0.5151138305664062
23097,0.14158065617084503,-0.15072281658649445,0.86857670545578,12.901690483093262,0.031758882105350494
23101,0.265144407749176,-0.132827490568161,0.858506977558136,12.052351951599121,0.1398540586233139
23105,-2.609636068344116,-0.17035464942455292,0.907021164894104,33.75581741333008,7.629394644936838e-07
23108,-0.36163684725761414,-0.12104713916778564,0.8533998727798462,16.558801651000977,0.09377975761890411
23143,-2.1166703701019287,-0.1703544408082962,0.9260448813438416,30.063100814819336,1.068115216185106e-05
23144,0.9873919486999512,0.263714462518692,0.8361520767211914,6.54448938369751,1.1111748218536377
23154,0.08934064954519272,-0.16631564497947693,0.8893973231315613,13.450302124023438,0.1371227353811264
23180,-0.007188357412815094,-0.16913627088069916,0.8840810656547546,13.995737075805664,0.008351421914994717
23193,0.5432149767875671,-0.07142642140388489,0.8692649006843567,9.922259330749512,0.2831585109233856
23216,0.3401878774166107,0.07003731280565262,0.8435596823692322,11.4253511428833,0.6216384768486023
23230,0.6995262503623962,0.09587877988815308,0.8813928961753845,8.817801475524902,1.4012573957443237
23244,-1.4088724851608276,-0.17022617161273956,0.8825820088386536,24.59701156616211,0.00014801025099586695
23257,0.4921834468841553,-0.040695156902074814,0.9146715998649597,10.158595085144043,0.22068901360034943
23269,-1.3454210758209229,-0.17035476863384247,0.9102650880813599,24.24654197692871,-4.57763690064894e-06
23323,-2.0657541751861572,-0.17035429179668427,0.8600566983222961,29.42349624633789,3.814697265625e-06
23324,0.35868534445762634,-0.14236420392990112,0.8752493858337402,11.38074779510498,0.13872070610523224
23328,-0.6138255000114441,-0.16980980336666107,0.8827406764030457,18.553274154663086,0.0009170532575808465
23339,0.8667595982551575,0.2127014845609665,0.8726173639297485,7.528843879699707,2.969043016433716
23366,-0.5505275726318359,-0.1679583191871643,0.8590945601463318,18.15679168701172,0.010396599769592285
23370,0.3629828095436096,-0.1228073388338089,0.8953390121459961,11.282567024230957,0.13766685128211975
23387,1.0265668630599976,0.6418008208274841,0.8913265466690063,6.335515022277832,2.7536263465881348
23390,1.048531413078308,0.4022406041622162,0.8151111602783203,6.145952224731445,3.340574026107788
23413,1.2523579597473145,1.4063055515289307,0.8042646646499634,4.614706516265869,4.963119029998779
23451,0.3137272298336029,-0.15526989102363586,0.8813530802726746,11.714658737182617,0.0627288818359375
23458,0.8115723729133606,-0.022830193862318993,0.8157712817192078,7.965404033660889,0.8928999304771423
23469,-0.3697241544723511,-0.1703237146139145,0.8370823264122009,16.719728469848633,0.00011119842383777723
23517,-0.5531609058380127,-0.16861695051193237,0.9202917218208313,18.236141204833984,0.016236115247011185
23521,-0.7910162210464478,-0.16978119313716888,0.8995673060417175,19.916542053222656,0.001097869942896068
23542,-1.3106367588043213,-0.17035184800624847,0.8816947937011719,24.035364151000977,8.239746239269152e-05
23582,-1.0074604749679565,-0.17034105956554413,0.8877399563789368,21.546493530273438,9.15527380129788e-06
23593,0.7595380544662476,-0.06699173152446747,0.8889994025230408,8.24988842010498,0.22524070739746094
23596,-0.03582160919904709,-0.16590237617492676,0.8892380595207214,14.183074951171875,0.004283905029296875
23606,0.4170262813568115,-0.11569533497095108,0.898228108882904,10.739736557006836,0.18873901665210724
23628,0.9595467448234558,0.7801326513290405,0.7976650595664978,6.899959087371826,8.713178634643555
23630,0.22767114639282227,-0.031762298196554184,0.8863882422447205,12.250544548034668,0.17060624063014984
23678,-1.676452875137329,-0.17035463452339172,0.912060558795929,26.625131607055664,1.5258789289873675e-06
23683,0.7065411806106567,0.04570212587714195,0.9047626852989197,8.795832633972168,3.6234817504882812
23686,-0.011165386997163296,-0.16700060665607452,0.9066027998924255,14.1091890335083,0.007393646519631147
23708,0.39538946747779846,-0.11830444633960724,0.8685254454612732,11.05556583404541,0.12639617919921875
23745,-1.0002855062484741,-0.1702207773923874,0.9082993865013123,21.562917709350586,0.00021781922259833664
23747,-1.776818871498108,-0.17035450041294098,0.8641034364700317,27.417173385620117,7.62939453125e-06
23760,0.0726039931178093,-0.16291852295398712,0.8787698745727539,13.531450271606445,0.068842314183712
23764,-2.160123825073242,-0.17035463452339172,0.8891021609306335,30.388111114501953,1.5258789289873675e-06
23771,0.7904592156410217,0.2034272402524948,0.8596283197402954,8.104616165161133,1.2641807794570923
23787,0.19578807055950165,-0.11518026888370514,0.7160124778747559,12.601663589477539,0.15554963052272797
23821,0.17669349908828735,0.05492861196398735,0.8693769574165344,12.48108959197998,0.1428089141845703
23888,-1.5253363847732544,-0.17033259570598602,0.8974211812019348,25.292268753051758,0.0001541137753520161
23896,-0.5782164931297302,-0.16999246180057526,0.907331645488739,18.354415893554688,0.0022407532669603825
23955,-0.029809121042490005,-0.15962693095207214,0.8853442072868347,14.376788139343262,0.4350261688232422
23956,-0.7571985125541687,-0.17032620310783386,0.9185237884521484,19.67915153503418,2.5796891350182705e-05
23987,0.8316056132316589,-0.09299813210964203,0.9025924801826477,7.731311798095703,0.1107572540640831
24000,-1.0949467420578003,-0.17034418880939484,0.8499076962471008,22.02256202697754,1.1444091796875e-05
24143,0.2844730615615845,-0.07667440921068192,0.8459340333938599,12.003453254699707,2.645855665206909
24145,0.7283855080604553,-0.13207288086414337,0.8758155107498169,8.592341423034668,1.2129676342010498
24176,-0.1897101104259491,-0.16836033761501312,0.8425993919372559,15.532805442810059,0.046206284314394
24180,-0.2930271029472351,-0.16863584518432617,0.8740520477294922,16.18379020690918,0.0030200958717614412
24184,-0.8713148236274719,-0.1703118532896042,0.9069574475288391,20.520109176635742,3.356933666509576e-05
24187,-0.31072860956192017,-0.16933836042881012,0.9003654718399048,16.427724838256836,0.02248840406537056
24198,0.3808360993862152,-0.09788807481527328,0.8726605772972107,11.118595123291016,0.1600879728794098
24204,-0.8004370927810669,-0.1701097935438156,0.8937651515007019,20.07974624633789,0.0005844116094522178
24215,1.1603484153747559,1.5447052717208862,0.8384248614311218,5.374094486236572,14.68231201171875
24225,0.04975325986742973,-0.16300585865974426,0.8695379495620728,13.530450820922852,0.006707382388412952
24231,-0.4631595313549042,-0.16982363164424896,0.9104592204093933,17.61237907409668,0.00838240422308445
24232,-0.7741800546646118,-0.1701240986585617,0.9087473750114441,19.917945861816406,0.0015914917457848787
24261,0.14438723027706146,-0.1661393940448761,0.8535289168357849,12.76497745513916,0.006232643034309149
24275,1.0523803234100342,0.2182040959596634,0.8146233558654785,6.116006851196289,0.804965615272522
24282,0.8168038725852966,0.1252104938030243,0.8489202857017517,7.902232646942139,1.8839199542999268
24312,0.31276270747184753,-0.1395736187696457,0.9119389653205872,11.664311408996582,0.05493488535284996
24359,0.48460981249809265,-0.11858662217855453,0.8659226298332214,10.37876033782959,0.1281922310590744
24382,0.3479272723197937,-0.06819694489240646,0.8841104507446289,11.426870346069336,0.3505977690219879
24418,0.8053622245788574,0.03581036254763603,0.8538013696670532,8.080954551696777,4.399753570556641
24423,1.063742995262146,2.4217867851257324,0.702500581741333,6.014857769012451,7.3878607749938965
24475,0.5647435188293457,-0.06754282861948013,0.7928253412246704,9.777067184448242,0.29648342728614807
24478,0.3364948332309723,-0.13075828552246094,0.8113218545913696,11.622233390808105,1.4152339696884155
24510,0.7191516757011414,0.16122238337993622,0.8680269122123718,8.756070137023926,7.88888692855835
24519,-0.08082433044910431,-0.15551070868968964,0.8831462264060974,14.549478530883789,0.03002624586224556
24556,0.6394921541213989,-0.07263877242803574,0.8831130266189575,9.231066703796387,0.36714649200439453
24626,0.9874550700187683,0.012881437316536903,0.7444438934326172,6.646264553070068,1.3886181116104126
24649,-2.7098641395568848,-0.1703546643257141,0.9311365485191345,34.36371612548828,0.0
24660,0.8633998036384583,0.015404750593006611,0.8435540199279785,7.585605144500732,0.7608601450920105
24671,0.8668347597122192,0.3888421654701233,0.8236150145530701,7.56781530380249,3.4267220497131348
24672,-0.07778996229171753,-0.148126482963562,0.8800129890441895,14.557275772094727,0.08656730502843857
24717,-1.1053801774978638,-0.17035114765167236,0.8670328259468079,22.299734115600586,1.831054760259576e-05
24722,0.865240216255188,0.5441864132881165,0.7286567091941833,7.555217742919922,6.76936674118042
24724,0.8022107481956482,-0.0034002535976469517,0.8348273634910583,8.010595321655273,0.7440376281738281
24743,0.6155949234962463,-0.12834687530994415,0.8930067420005798,9.391704559326172,0.1260223388671875
24800,-1.0042213201522827,-0.16411368548870087,0.889896810054779,21.7409610748291,0.2870643734931946
24843,0.2632477283477783,-0.1521158516407013,0.9093728065490723,12.126161575317383,0.3616630733013153
24852,0.8829712271690369,0.6399089694023132,0.7621825933456421,7.326600074768066,1.2574199438095093
24854,0.6173991560935974,0.01618625409901142,0.8589354753494263,9.321852684020996,0.7503021359443665
24864,0.06835921853780746,-0.14910267293453217,0.9153928756713867,13.333416938781738,0.034029196947813034
24870,-0.4526534676551819,-0.16990602016448975,0.7869223952293396,17.35669708251953,0.0021821975242346525
24872,-0.6005560159683228,-0.1705864816904068,0.8802109956741333,18.49677276611328,-0.00021858215040992945
24895,0.47133952379226685,-0.1418837308883667,0.8384273648262024,10.521913528442383,0.7321090698242188
24921,0.10013695806264877,-0.16327890753746033,0.9044669270515442,13.187080383300781,0.014400482177734375
24946,-0.18005184829235077,-0.04917650297284126,0.9075211882591248,15.5385160446167,0.16459503769874573
24950,-0.5707828402519226,-0.17040589451789856,0.9084184765815735,18.345922470092773,0.0003410339413676411
24956,-0.06827671080827713,-0.1666586697101593,0.820918083190918,14.556395530700684,0.010739135555922985
24972,0.19205030798912048,-0.16193486750125885,0.8951285481452942,12.675626754760742,0.17875824868679047
24973,-0.23774968087673187,-0.16999024152755737,0.8247544169425964,15.729756355285645,0.00037212372990325093
24992,-0.09825976938009262,-0.17001841962337494,0.905002236366272,14.658304214477539,0.0008399009821005166
25000,1.0308958292007446,0.48702165484428406,0.8133069276809692,6.274014472961426,2.233921766281128
25025,0.349201500415802,-0.10933899134397507,0.8372954726219177,11.373498916625977,0.09103355556726456
25035,0.187477707862854,-0.1457824856042862,0.7828717827796936,12.65602970123291,0.08777084201574326
25039,-0.8175157904624939,-0.17002595961093903,0.9222416877746582,20.324575424194336,0.009870529174804688
25059,-0.43407389521598816,-0.16885533928871155,0.8711528182029724,17.248493194580078,0.0040298462845385075
25067,0.16455981135368347,-0.15431348979473114,0.8810983896255493,12.829602241516113,0.061923980712890625
25076,0.013777732849121094,-0.167373925447464,0.8957566618919373,13.826364517211914,0.006478762719780207
25134,-0.4805072247982025,-0.16884712874889374,0.9042531251907349,17.524763107299805,0.0017507553566247225
25139,0.6290493607521057,-0.04601854830980301,0.8778975605964661,9.294720649719238,0.26231080293655396
25146,0.05340768024325371,-0.16980032622814178,0.8981248140335083,13.597125053405762,0.0016588211292400956
25168,-0.5936779379844666,-0.17033535242080688,0.9001296162605286,18.472036361694336,6.256103370105848e-05
25223,0.4223659634590149,-0.0650918260216713,0.9044628143310547,10.85465145111084,0.3690658509731293
25234,0.2195044308900833,-0.15351548790931702,0.8647317886352539,12.396368980407715,0.07256679981946945
25293,-0.2900281846523285,-0.15818654000759125,0.909324586391449,16.351299285888672,0.1140010878443718
25294,-0.6400501728057861,-0.16911134123802185,0.9042806625366211,18.935914993286133,0.01923980750143528
25357,0.29433733224868774,-0.13715897500514984,0.9128250479698181,11.81202220916748,0.20388641953468323
25373,-1.3302363157272339,-0.1703474372625351,0.866777241230011,24.01678466796875,1.678466833254788e-05
25382,-1.4599567651748657,-0.17035235464572906,0.8825835585594177,24.982280731201172,9.918213436321821e-06
25416,0.5216860175132751,-0.09619533270597458,0.8696479797363281,10.149892807006836,0.3305099606513977
25417,0.20923562347888947,0.09276305884122849,0.7777607440948486,12.418757438659668,0.3335060179233551
25475,-2.146336317062378,-0.17035458981990814,0.9126424193382263,30.150808334350586,3.051757857974735e-06
25493,0.7680560350418091,0.11626408249139786,0.7874631285667419,8.328537940979004,5.441016674041748
25511,1.1841702461242676,0.2843627631664276,0.8598700761795044,5.145883083343506,6.1326470375061035
25519,0.760184109210968,-0.07226908206939697,0.8642029762268066,8.182906150817871,0.18734589219093323
25565,-0.891424298286438,-0.17014358937740326,0.8791758418083191,20.84981346130371,0.008632279001176357
25569,1.1897691488265991,0.6602408289909363,0.8950854539871216,5.16061544418335,4.007631778717041
25595,-2.5433878898620605,-0.1703546643257141,0.8351344466209412,33.23482894897461,0.0
25612,-2.137230396270752,-0.1703547090291977,0.905486524105072,30.296533584594727,-1.5258789289873675e-06
25638,0.22730329632759094,-0.1362340897321701,0.87136310338974,12.249446868896484,0.026656722649931908
25641,0.13800838589668274,-0.15283577144145966,0.8634648323059082,12.9249849319458,0.010985231958329678
25645,0.719828188419342,-0.11698129028081894,0.9034700393676758,8.586020469665527,0.1902153044939041
25704,0.448507159948349,0.013866414315998554,0.781906008720398,10.530619621276855,0.43250352144241333
25709,-0.42578840255737305,-0.17064324021339417,0.9020377397537231,17.356666564941406,-0.023632431402802467
25729,-0.29882580041885376,-0.164591446518898,0.922691822052002,16.33473014831543,0.031426239758729935
25747,-1.1555167436599731,-0.1703530102968216,0.921466052532196,22.683759689331055,5.34057608092553e-06
25761,-1.166705846786499,-0.17033283412456512,0.804998517036438,22.89703941345215,0.0009826660389080644
25795,0.43405890464782715,-0.13528698682785034,0.8723523020744324,10.802003860473633,0.5272037386894226
25819,0.7628936171531677,-0.04106740280985832,0.8793565630912781,8.386163711547852,4.483839988708496
25828,-0.3305189609527588,-0.16928087174892426,0.9091559648513794,16.594343185424805,0.009023666381835938
25835,0.7087470293045044,-0.07519160211086273,0.8958717584609985,8.723031044006348,0.6190345883369446
25851,0.6040939688682556,-0.06631637364625931,0.790030300617218,9.509692192077637,2.112415313720703
25866,0.07384258508682251,-0.12050759792327881,0.8581258654594421,13.460005760192871,0.439291387796402
25877,-1.0103322267532349,-0.170349583029747,0.9133719801902771,21.657651901245117,8.0108642578125e-05
25878,-1.8967636823654175,-0.1703546643257141,0.8926904797554016,28.30311393737793,0.0
25892,-0.1904778927564621,-0.14319397509098053,0.8798180818557739,15.574983596801758,0.3577827513217926
25940,0.8861501812934875,0.030273962765932083,0.853413999080658,7.436910152435303,3.760024309158325
25964,0.42145153880119324,-0.19324010610580444,0.8570200800895691,10.895774841308594,-0.005949783604592085
25966,0.4375460147857666,-0.11411123722791672,0.8622412085533142,10.700334548950195,0.16735000908374786
25967,0.5223469138145447,-0.1338878720998764,0.8465268015861511,10.055281639099121,0.087041474878788
25972,-0.09479225426912308,-0.16900186240673065,0.8925146460533142,14.720855712890625,0.01535873394459486
25985,-1.3768813610076904,-0.1703546643257141,0.8559460043907166,24.34596824645996,0.0
26020,0.5889284014701843,-0.006104661617428064,0.891964852809906,9.60705852508545,0.4009598195552826
26042,-0.6718777418136597,-0.17033658921718597,0.9184324145317078,19.185951232910156,0.0003807067987509072
26084,0.2241760492324829,-0.14910396933555603,0.8218340277671814,12.339487075805664,0.26308345794677734
26085,0.014900174923241138,-0.06976275891065598,0.8733119368553162,13.917032241821289,0.30973702669143677
26089,-0.0677826851606369,-0.16663816571235657,0.9230451583862305,14.563507080078125,0.06748886406421661
26091,0.6820987462997437,-0.08057917654514313,0.7955158352851868,8.877229690551758,0.3517772853374481
26103,-0.39273136854171753,-0.16856776177883148,0.8606566786766052,17.05805015563965,0.06877746433019638
26120,-0.41222986578941345,-0.1691025197505951,0.868626058101654,17.09139633178711,0.00746574392542243
26135,1.3362793922424316,2.6043081283569336,0.8580145239830017,4.149943828582764,13.555191040039062
26151,-0.26972728967666626,-0.16985347867012024,0.8043646812438965,15.932771682739258,0.0012672424782067537
26157,0.7362385392189026,0.1663282960653305,0.8245482444763184,8.525354385375977,0.5398773550987244
26205,0.5152451992034912,-0.14784422516822815,0.8121142387390137,10.168047904968262,0.11712493747472763
26228,0.6883112788200378,0.2815514802932739,0.8203207850456238,8.758856773376465,1.161947250366211
26231,-1.4034212827682495,-0.16994278132915497,0.8867296576499939,24.539688110351562,0.0003417968691792339
26245,-0.15182051062583923,-0.16690050065517426,0.9012811779975891,15.191238403320312,0.013202286325395107
26268,0.9648418426513672,0.2046314924955368,0.7801836133003235,6.730870246887207,0.5960304141044617
26275,-0.575599730014801,-0.16994822025299072,0.8131594061851501,18.273019790649414,0.0006950378301553428
26309,-0.5459255576133728,-0.17024420201778412,0.8777644038200378,18.146465301513672,0.0005577087285928428
26319,-0.9490571022033691,-0.17034412920475006,0.9254269003868103,21.203012466430664,4.191398693365045e-05
26335,0.7548928260803223,-0.10592436790466309,0.8564058542251587,8.35495376586914,0.24535341560840607
26339,-0.49151983857154846,-0.16991035640239716,0.8932065963745117,17.776710510253906,0.0009902954334393144
26340,0.7668936848640442,0.05244731903076172,0.8823308348655701,8.26267147064209,0.6392280459403992
26355,-2.081026554107666,-0.17035458981990814,0.9241805076599121,29.86566734313965,3.051757857974735e-06
26379,1.1157516241073608,1.100339651107788,0.8835345506668091,5.7639946937561035,19.431730270385742
26383,-0.26839321851730347,-0.16953450441360474,0.8690299987792969,15.940924644470215,0.0016372681129723787
26395,0.25176581740379333,-0.14714601635932922,0.838495671749115,12.090237617492676,0.05794982984662056
26403,-0.8207706809043884,-0.16907437145709991,0.9238556027412415,20.099302291870117,0.0009244919056072831
26413,-0.9178940653800964,-0.17014597356319427,0.8938083052635193,21.05438804626465,0.009521484375
26415,0.9799742102622986,0.4813455045223236,0.7168909311294556,6.740254878997803,9.522021293640137
26428,-0.6170982718467712,-0.16996535658836365,0.9061582684516907,18.61528205871582,0.003240966936573386
26431,0.5419273972511292,-0.12074258178472519,0.8724479079246521,9.92781925201416,0.1501636505126953
26448,0.6504520773887634,-0.14403878152370453,0.9009300470352173,9.197434425354004,0.43741437792778015
26461,-0.8447560667991638,-0.17027367651462555,0.8930180668830872,20.443052291870117,0.00021820068650413305
26476,0.21273012459278107,-0.14190106093883514,0.881537914276123,12.37210464477539,0.081029511988163
26478,-0.09422244876623154,-0.16064991056919098,0.9209722876548767,14.787787437438965,0.40832868218421936
26492,-0.780775249004364,-0.16849486529827118,0.8823594450950623,19.672353744506836,0.0021408081520348787
26502,0.5943505167961121,-0.11405682563781738,0.9003908038139343,9.468657493591309,0.15023136138916016
26513,-0.2689574062824249,-0.16939634084701538,0.8938074111938477,16.117582321166992,0.01485977228730917
26516,-1.3285998106002808,-0.17034578323364258,0.9090048670768738,24.243621826171875,0.0004085540713276714
26517,-2.0723273754119873,-0.1703546643257141,0.8911029696464539,29.541996002197266,0.0
26537,-0.6658821105957031,-0.16748733818531036,0.8560501933097839,19.188657760620117,0.07837677001953125
26542,0.3207559287548065,-0.10370414704084396,0.8844351172447205,11.649798393249512,0.2717750668525696
26569,-1.629092812538147,-0.1703546643257141,0.9134222269058228,26.223892211914062,0.0
26595,-0.9754997491836548,-0.17031869292259216,0.9193102121353149,21.2141170501709,0.000263214111328125
26634,-0.35171806812286377,-0.16727948188781738,0.8394044041633606,16.742698669433594,0.10525131225585938
26701,0.8229662775993347,0.01517336256802082,0.8702478408813477,7.804057598114014,0.887959897518158
26725,-1.9243576526641846,-0.1703546643257141,0.9163462519645691,28.496191024780273,0.0
26727,-0.9683780074119568,-0.1702403575181961,0.8756767511367798,21.3528995513916,0.0031000138260424137
26748,1.086542010307312,0.43058353662490845,0.784258246421814,5.938222885131836,9.176835060119629
26793,-0.3806988596916199,-0.17000262439250946,0.8506332635879517,16.89252281188965,0.001651001046411693
26800,0.549328625202179,-0.16634340584278107,0.8302205204963684,9.81751537322998,0.013690185733139515
26834,-0.45540714263916016,-0.15516822040081024,0.9145126342773438,17.65681266784668,0.18047486245632172
26841,0.5308557748794556,-0.1460130363702774,0.9229159355163574,9.903637886047363,0.09716033935546875
26872,0.4828985631465912,-0.13561436533927917,0.9068439602851868,10.335185050964355,0.09373054653406143
26885,0.414924293756485,-0.14336250722408295,0.9006946682929993,10.885676383972168,0.054633330553770065
26940,-0.17422173917293549,-0.16981391608715057,0.9188766479492188,15.166417121887207,0.0017661572201177478
27008,-0.4918140470981598,-0.16770951449871063,0.8650275468826294,17.545745849609375,0.003485107561573386
27082,-0.35109463334083557,-0.16779029369354248,0.9044263958930969,16.61875343322754,0.008388901129364967
27095,-1.072731375694275,-0.17015117406845093,0.8367494940757751,22.240928649902344,0.0056518553756177425
27102,0.8494707942008972,-0.01469278521835804,0.9011144042015076,7.624687194824219,0.7719839215278625
27126,0.452709436416626,-0.11494743078947067,0.8670011758804321,10.686566352844238,0.23969154059886932
27134,0.02559703029692173,-0.13086172938346863,0.8908073306083679,13.8073091506958,0.06103019788861275
27164,0.35208866000175476,-0.1170864850282669,0.8740567564964294,11.310164451599121,0.06100161001086235
27177,-0.9253445863723755,-0.17034868896007538,0.9052985310554504,21.068401336669922,0.00016632080951239914
27183,-0.3413921594619751,-0.16846172511577606,0.9247191548347473,16.54002571105957,0.0024478912819176912
27218,-1.1593507528305054,-0.1698361039161682,0.8912114500999451,22.77324676513672,0.0040145874954760075
27229,0.41501593589782715,-0.10473193228244781,0.8867862820625305,10.934679985046387,0.1159435287117958
27240,0.6085224747657776,-0.03837176784873009,0.8556877970695496,9.441402435302734,0.4809581935405731
27357,0.681743323802948,-0.12767404317855835,0.8773435950279236,8.889498710632324,0.2917678654193878
27362,-0.7859848737716675,-0.17020781338214874,0.907815158367157,19.954050064086914,0.0005599975702352822
27367,-0.4823579788208008,-0.17001888155937195,0.8827269673347473,17.59318733215332,0.0006095886346884072
27376,-0.4446886479854584,-0.1700984686613083,0.9166080355644226,17.4979305267334,0.005248832982033491
27379,0.719498336315155,-0.07561707496643066,0.8987711071968079,8.542770385742188,0.24357643723487854
27385,-0.6618567109107971,-0.16622374951839447,0.9009958505630493,18.888086318969727,0.0028141022194176912
27389,-0.895192563533783,-0.17027048766613007,0.8843708038330078,20.863357543945312,0.0011497497325763106
27403,1.0692939758300781,0.4331608712673187,0.8920326232910156,6.074936389923096,12.60694408416748
27464,-0.841303288936615,-0.1695120483636856,0.9053983092308044,20.494733810424805,0.03738708421587944
27473,0.4683034420013428,0.06021776795387268,0.8514553308486938,10.532054901123047,0.4194413125514984
27474,1.0804073810577393,0.7528724670410156,0.8524689078330994,5.895226955413818,2.312920331954956
27478,0.6980135440826416,-0.0367378368973732,0.7935014963150024,8.760165214538574,0.4298721253871918
27504,0.18308842182159424,-0.13330839574337006,0.8438627123832703,12.592647552490234,0.14353732764720917
27563,0.27424657344818115,-0.13015054166316986,0.8826117515563965,11.942137718200684,0.25454387068748474
27567,0.6439076662063599,-0.055768776684999466,0.9161259531974792,9.168546676635742,0.25289401412010193
27577,0.03573663532733917,-0.16325992345809937,0.9033713340759277,13.690665245056152,0.007538605015724897
27595,-1.5793341398239136,-0.1703546643257141,0.9085536003112793,25.791589736938477,0.0
27606,0.9044691920280457,0.005279699806123972,0.8935842514038086,7.241386413574219,0.542624294757843
27610,-0.2792796194553375,-0.16916576027870178,0.8884544372558594,16.173189163208008,0.008462143130600452
27648,-0.0780472382903099,-0.16732218861579895,0.9029110074043274,14.612784385681152,0.00720603484660387
27660,0.35727638006210327,-0.13691096007823944,0.7545853853225708,11.365307807922363,0.29553452134132385
27739,0.38319969177246094,-0.07890041172504425,0.8456465005874634,11.213224411010742,0.44359588623046875
27765,-0.9861661791801453,-0.17035557329654694,0.8480828404426575,21.341184616088867,-1.144409225162235e-06
27830,0.2861466407775879,-0.11206479370594025,0.9061199426651001,11.887868881225586,0.40120774507522583
27856,0.3857389986515045,-0.15192435681819916,0.893373966217041,11.112570762634277,0.057123567909002304
27872,-0.806499183177948,-0.16965515911579132,0.8860883116722107,20.255712509155273,0.032221224159002304
27881,0.4287396967411041,-0.13868533074855804,0.8656522631645203,10.84529972076416,0.1939525604248047
27926,-1.037432312965393,-0.17033256590366364,0.9228789210319519,21.815570831298828,0.0001941680966410786
27928,0.6758593916893005,-0.08919542282819748,0.8525404334068298,8.932525634765625,0.21767883002758026
27937,-0.45145708322525024,-0.16991788148880005,0.8874689936637878,17.406232833862305,0.0029964447021484375
27992,-0.015670377761125565,-0.15809237957000732,0.8882904052734375,14.018884658813477,0.07561912387609482
28032,0.19940774142742157,-0.16307170689105988,0.9113442301750183,12.457232475280762,0.01392364501953125
28060,0.16569660604000092,-0.14948979020118713,0.8829652667045593,12.876192092895508,0.13145294785499573
28061,0.839116096496582,-0.07557137310504913,0.89630526304245,7.757821559906006,0.7855411767959595
28088,-0.6315106153488159,-0.16998158395290375,0.8496261835098267,18.822919845581055,0.006908416748046875
28106,0.8503544926643372,0.30090123414993286,0.8526864051818848,7.731633186340332,10.019576072692871
28136,0.397164911031723,-0.0862509086728096,0.8119038939476013,10.982927322387695,0.13763217628002167
28143,0.04711027815937996,-0.15534719824790955,0.842592179775238,13.6163911819458,0.017768098041415215
28171,0.9224141240119934,0.37243908643722534,0.9024796485900879,7.136785984039307,8.374350547790527
28177,0.5676048994064331,0.11057490110397339,0.8460090756416321,9.745965957641602,0.8213676810264587
28188,-0.7709421515464783,-0.1703336089849472,0.8243798613548279,19.853052139282227,0.0006237030029296875
28194,-1.5693315267562866,-0.17035381495952606,0.8881282806396484,25.910242080688477,1.296997106692288e-05
28236,-1.01491379737854,-0.17042945325374603,0.8739644885063171,21.497970581054688,-0.00019340515427757055
28275,-0.010381204076111317,-0.16904643177986145,0.842474639415741,14.01891040802002,0.0031854629050940275
28303,-1.5827795267105103,-0.17035330832004547,0.8961459994316101,25.93483543395996,4.170537067693658e-05
28322,0.9003302454948425,-0.028123585507273674,0.9065017104148865,7.281701564788818,1.0576828718185425
28325,-0.025290504097938538,-0.16089016199111938,0.9101196527481079,14.230682373046875,0.020083237439393997
28355,0.7165080904960632,0.021434813737869263,0.762382447719574,8.624734878540039,0.4075424373149872
28374,-1.3749799728393555,-0.17035196721553802,0.9053700566291809,24.445199966430664,9.307861182605848e-05
28382,0.17521564662456512,-0.16402964293956757,0.8861051797866821,12.646997451782227,0.00503807095810771
28413,-2.3200390338897705,-0.17035403847694397,0.904965877532959,31.66743278503418,2.899169885495212e-05
28416,0.5047710537910461,-0.02461088076233864,0.8785182237625122,10.296452522277832,4.078248023986816
28421,-0.32252123951911926,-0.16862569749355316,0.8523446917533875,16.48708724975586,0.022258425131440163
28432,0.3879353702068329,-0.1319185197353363,0.9208755493164062,11.127717971801758,0.21697787940502167
28445,-0.09496162086725235,-0.15541502833366394,0.8985947966575623,14.728533744812012,0.051676180213689804
28466,0.5783649682998657,-0.07463093101978302,0.855533242225647,9.747503280639648,0.1403278410434723
28490,0.4391360282897949,-0.07232417166233063,0.878866970539093,10.707021713256836,0.2597976624965668
28492,-0.21158087253570557,-0.1618720442056656,0.9066720008850098,15.440085411071777,0.035379793494939804
28501,0.2111274003982544,-0.16073712706565857,0.8400274515151978,12.451661109924316,0.03673210367560387
28542,0.8049325346946716,0.40922418236732483,0.7720196843147278,8.010760307312012,5.746135234832764
28565,-0.19784623384475708,-0.1274511218070984,0.9032381176948547,15.52081298828125,0.31367969512939453
28588,-0.008161857724189758,0.13988067209720612,0.8777562379837036,14.10075855255127,0.4077713191509247
28607,0.6770893335342407,-0.1245371624827385,0.8553858995437622,9.055514335632324,0.45885592699050903
28610,0.011918926611542702,-0.1567155420780182,0.90181964635849,13.943717002868652,0.04250374063849449
28621,-1.025201678276062,-0.17031340301036835,0.8732712864875793,21.885730743408203,0.000514984130859375
28630,-0.26455751061439514,-0.1664768010377884,0.9147731065750122,16.104753494262695,0.016188813373446465
28678,-2.43603253364563,-0.17035463452339172,0.8814449310302734,32.500762939453125,1.5258789289873675e-06
28722,-0.3609103858470917,-0.1692046821117401,0.9019784927368164,16.5408992767334,0.0013641357654705644
28737,0.4450870156288147,-0.16127538681030273,0.8854624629020691,10.640281677246094,0.04756317287683487
28749,1.0282707214355469,0.526377260684967,0.8030845522880554,6.379488468170166,5.808633327484131
28760,-0.33774447441101074,-0.1691131740808487,0.8557416796684265,16.51992416381836,0.006458282470703125
28816,0.4152069091796875,-0.17216478288173676,0.8139213919639587,10.85449504852295,0.0166460033506155
28820,-0.4653540551662445,-0.17023982107639313,0.9010340571403503,17.5778865814209,0.0020626068580895662
28925,0.7920514941215515,0.1513018161058426,0.8282610177993774,8.136004447937012,4.866849422454834
28943,0.6628045439720154,0.041473742574453354,0.8854500651359558,8.867300987243652,0.2846176326274872
28956,0.1532217264175415,-0.14117130637168884,0.8536266684532166,12.743083000183105,0.02858082763850689
28986,0.7385952472686768,0.15736010670661926,0.7427837252616882,8.43677043914795,0.32686349749565125
28990,0.0674106627702713,-0.15185557305812836,0.838716447353363,13.641634941101074,0.29391929507255554
28993,0.9707084894180298,0.019062431529164314,0.878516674041748,6.755225658416748,0.7832004427909851
29080,-1.263968586921692,-0.17035168409347534,0.7629865407943726,23.49274444580078,3.814697265625e-06
29093,-0.3821438252925873,-0.16899679601192474,0.9022727012634277,16.96599006652832,0.010417175479233265
29095,0.6261986494064331,-0.1419232338666916,0.8969747424125671,9.312786102294922,0.0926092192530632
29097,0.20336313545703888,-0.1597539782524109,0.7712783217430115,12.547797203063965,0.11168747395277023
29103,-2.3762662410736084,-0.1703546643257141,0.8974288105964661,31.79676628112793,0.0
29106,-0.8335545659065247,-0.1702416092157364,0.9172729849815369,20.249347686767578,0.0002639770682435483
29107,0.3589397966861725,-0.13305620849132538,0.8243922591209412,11.395284652709961,0.49887314438819885
29123,0.9071571230888367,0.2779906988143921,0.7976779937744141,7.232066631317139,1.5050979852676392
29136,0.9685117602348328,0.44558319449424744,0.8224695324897766,6.806448459625244,2.844172716140747
29141,-1.4556149244308472,-0.1703408807516098,0.9254905581474304,24.974454879760742,0.0003807067987509072
29214,-0.18122415244579315,-0.1266397088766098,0.9072256088256836,15.322494506835938,0.4403122067451477
29217,0.28916409611701965,-0.12017542123794556,0.8707277178764343,11.701149940490723,0.051438141614198685
29233,0.4412004053592682,-0.12276200205087662,0.8362855911254883,10.83425235748291,1.7250179052352905
29241,-0.49404677748680115,-0.16721998155117035,0.9029833674430847,17.69417381286621,0.00852050818502903
29259,-3.095830202102661,-0.1703546643257141,0.8806204199790955,37.41082763671875,0.0
29279,-0.20865173637866974,-0.15537101030349731,0.8266887664794922,15.457135200500488,0.01714630238711834
29282,0.6273404955863953,-0.04709143564105034,0.7636076211929321,9.30842399597168,0.4190860688686371
29310,0.2895345389842987,-0.15783795714378357,0.8617718815803528,11.797347068786621,0.028096770867705345
29327,0.6779866218566895,-0.09039678424596786,0.8126781582832336,8.952401161193848,0.3494918942451477
29332,0.28906041383743286,-0.15621107816696167,0.9043890237808228,11.83109188079834,0.030501175671815872
29360,-0.45401477813720703,-0.14583538472652435,0.8312181830406189,17.617576599121094,1.118822455406189
29381,0.2512173354625702,-0.11489714682102203,0.8829612135887146,12.255454063415527,2.4999752044677734
29385,0.5894057154655457,-0.0802312046289444,0.8287034034729004,9.651301383972168,0.7208465933799744
29426,-0.7360220551490784,-0.17022207379341125,0.9252646565437317,19.69318962097168,0.001983261201530695
29434,0.38165101408958435,0.19602592289447784,0.8818812370300293,11.079110145568848,0.4597160518169403
29436,0.7841341495513916,0.014242309145629406,0.858309268951416,8.156988143920898,1.489081621170044
29465,-0.28509947657585144,-0.1700652837753296,0.8904654383659363,16.159740447998047,0.0009510040399618447
29538,0.46387067437171936,-0.1074262410402298,0.8347890973091125,10.580533027648926,0.23381347954273224
29560,0.5063216686248779,-0.07457772642374039,0.9032495617866516,10.126871109008789,0.09445877373218536
29572,-0.6357593536376953,-0.15213190019130707,0.7733588218688965,18.97211265563965,0.7869682312011719
29680,0.09066601097583771,-0.1594928503036499,0.9089421629905701,13.310948371887207,0.0749691054224968
29687,0.9430627226829529,0.2799520194530487,0.87163907289505,7.014577388763428,7.304683208465576
29749,-0.8000699281692505,-0.1699853390455246,0.881207287311554,20.230947494506836,0.010723876766860485
29751,-0.7790293097496033,-0.1704019010066986,0.9235148429870605,19.886865615844727,-4.9591064453125e-05
29790,-0.2653854787349701,-0.17006689310073853,0.8665534257888794,16.00929832458496,0.002048492431640625
29797,-0.283022403717041,-0.16984950006008148,0.9099738001823425,16.206056594848633,0.0040260315872728825
29815,0.6082269549369812,-0.11098369210958481,0.896140992641449,9.33889102935791,0.16610145568847656
29833,0.9303817749023438,0.34614694118499756,0.8125748634338379,7.029265880584717,2.6361305713653564
29838,-0.1993623524904251,-0.16716738045215607,0.9062343835830688,15.476933479309082,0.016580963507294655
29847,-0.10698167234659195,-0.16839377582073212,0.9056800007820129,14.819514274597168,0.010803699493408203
29878,1.0567313432693481,1.8384360074996948,0.6002869009971619,6.141656398773193,12.274198532104492
29889,-1.831093668937683,-0.17035368084907532,0.9219638705253601,27.91543960571289,4.57763671875e-05
29898,-1.7171028852462769,-0.1703546643257141,0.8724207282066345,26.92287254333496,0.0
29913,0.5669832825660706,-0.11338957399129868,0.9015127420425415,9.656993865966797,0.3297800123691559
29965,0.7509349584579468,0.13468512892723083,0.8300527930259705,8.392853736877441,1.8714507818222046
30001,0.8483939170837402,0.2779630422592163,0.8840404748916626,7.695252895355225,1.4227920770645142
30011,-1.9057493209838867,-0.1703546643257141,0.9043673872947693,28.37353515625,0.0
30033,-0.8906821608543396,-0.17035320401191711,0.9214954376220703,20.763967514038086,3.280639793956652e-05
30057,0.4094710946083069,-0.0875403881072998,0.8906490206718445,11.030165672302246,2.506636142730713
30074,-0.50989830493927,-0.1703057885169983,0.8828223347663879,17.692829132080078,0.0001502990780863911
30128,0.9155832529067993,0.03807798773050308,0.8357107043266296,7.157785892486572,1.831263780593872
30130,1.0434720516204834,0.5064901113510132,0.7983911037445068,6.100147247314453,1.9514187574386597
30146,0.9942178726196289,0.48870110511779785,0.7542566657066345,6.4429521560668945,2.112363576889038
30176,0.6479697227478027,-0.12492065876722336,0.8950272798538208,9.195029258728027,0.503060519695282
30193,0.22291135787963867,-0.1623067706823349,0.8901800513267517,12.391097068786621,0.16012611985206604
30202,-0.11462292820215225,-0.16621600091457367,0.8599595427513123,14.782198905944824,0.014551162719726562
30259,-2.0584521293640137,-0.1703510731458664,0.9033374190330505,29.780866622924805,0.00014953613572288305
30292,0.6815243363380432,-0.07152310758829117,0.900029182434082,8.927376747131348,0.4694715440273285
30302,0.09667287021875381,-0.16708241403102875,0.9196837544441223,13.290608406066895,0.02036724053323269
30323,0.7985134124755859,-0.08820046484470367,0.8175923228263855,8.049722671508789,0.3466476500034332
30367,-0.7262738347053528,-0.17034076154232025,0.8969513773918152,19.495227813720703,4.9304962885798886e-05
30390,-0.9055251479148865,-0.17017970979213715,0.9111620187759399,20.979549407958984,0.00673675537109375
30394,-1.3401767015457153,-0.17021536827087402,0.8289628028869629,24.097309112548828,0.0001068115234375
30481,-0.02786964178085327,-0.15750567615032196,0.8528940081596375,14.276695251464844,0.015883637592196465
30485,-1.2371901273727417,-0.1703467071056366,0.8798030018806458,23.274015426635742,2.288818359375e-05
30496,-0.7048301100730896,-0.16674408316612244,0.8968529105186462,19.518774032592773,0.10374412685632706
30536,-0.16101251542568207,-0.16552048921585083,0.8869913220405579,15.152870178222656,0.007397461216896772
30569,0.05687987431883812,-0.1689826101064682,0.9124776721000671,13.530768394470215,0.00223541259765625
30583,-0.3945583701133728,-0.16897594928741455,0.8997268676757812,16.632783889770508,0.0016044616932049394
30588,0.276457816362381,-0.08572277426719666,0.888504683971405,11.9717435836792,0.21528148651123047
30594,0.4764886796474457,-0.031254880130290985,0.8590248227119446,10.49813461303711,1.4432247877120972
30603,-2.3714780807495117,-0.1703546643257141,0.8338435292243958,31.948562622070312,0.0
30608,-0.48734360933303833,-0.16490045189857483,0.8185030817985535,17.75684356689453,0.09096222370862961
30682,0.3071346580982208,-0.11806681007146835,0.7979363203048706,11.648137092590332,0.07323608547449112
30724,0.4378180503845215,-0.13979779183864594,0.8947672843933105,10.825007438659668,0.7145786285400391
30727,-0.5894978046417236,-0.16967830061912537,0.9059571623802185,18.582815170288086,0.028058623895049095
30741,0.9506391882896423,0.43271929025650024,0.802548348903656,6.95501708984375,2.867577075958252
30748,0.7391294836997986,0.18506573140621185,0.8498551249504089,8.365846633911133,1.263726830482483
30798,-1.6485422849655151,-0.1703546643257141,0.871440052986145,26.21659278869629,0.0
30812,0.9082038998603821,0.08344420045614243,0.8489144444465637,7.214623928070068,1.1605720520019531
30813,-0.18598482012748718,-0.16164067387580872,0.9040340781211853,15.43350887298584,0.010823058895766735
30864,0.78168785572052,-0.11054029315710068,0.78102046251297,8.1394681930542,0.28802967071533203
30910,0.0657954141497612,-0.16315492987632751,0.9115493893623352,13.481450080871582,0.02554473839700222
30922,0.26554158329963684,-0.15253257751464844,0.8815199732780457,12.036792755126953,0.1398693174123764
30938,-0.9162184000015259,-0.17026814818382263,0.8451395034790039,20.97762680053711,0.0035388946998864412
30944,-0.9903075098991394,-0.17023150622844696,0.9063912630081177,21.431467056274414,9.918212890625e-05
30976,1.5377881526947021,14.378348350524902,0.6135971546173096,2.5357329845428467,52.19581985473633
31025,0.14658215641975403,-0.1454521268606186,0.8553091883659363,12.824724197387695,0.06139106675982475
31042,0.2624219059944153,-0.15790925920009613,0.9031375050544739,12.08801555633545,0.059644367545843124
31071,-0.6988431811332703,-0.1599854677915573,0.8495519757270813,19.30146598815918,0.02742156945168972
31099,0.5385693311691284,-0.1404886245727539,0.7983068823814392,9.902121543884277,0.07003326714038849
31139,0.8187500238418579,0.08329527825117111,0.8526752591133118,7.892423152923584,1.0790725946426392
31142,0.39279982447624207,-0.06776841729879379,0.9004945755004883,11.042566299438477,0.2780922055244446
31159,0.449144184589386,-0.12486501783132553,0.8622841238975525,10.71239948272705,1.064707636833191
31232,0.5162152051925659,-0.08851122856140137,0.8417119979858398,10.101974487304688,0.210734561085701
31235,-2.0997731685638428,-0.1703546643257141,0.8971234560012817,29.721891403198242,0.0
31257,0.9751335978507996,0.1254504919052124,0.8945505023002625,6.603277683258057,0.7587535977363586
31270,0.9165297746658325,0.1859394609928131,0.8089877367019653,7.204681396484375,1.7660964727401733
31279,-0.04883497580885887,-0.16557998955249786,0.8927127718925476,14.355560302734375,0.017438506707549095
31299,-0.3684087097644806,-0.16235268115997314,0.9000803828239441,16.85405158996582,0.053582001477479935
31312,0.4512958228588104,-0.12985913455486298,0.9030604362487793,10.683676719665527,0.42586442828178406
31315,0.47440677881240845,-0.11448460072278976,0.8131909370422363,10.408873558044434,0.2416408509016037
31325,0.6369118094444275,-0.07554934918880463,0.8282299041748047,9.262626647949219,0.46728020906448364
31373,0.22766749560832977,-0.1376848667860031,0.8812376856803894,12.259469985961914,0.08145656436681747
31413,-0.06733715534210205,-0.14684979617595673,0.9207082986831665,14.601492881774902,0.48040276765823364
31416,-2.793586492538452,-0.1703546643257141,0.8538758158683777,35.02430725097656,0.0
31430,-2.015383720397949,-0.1703130453824997,0.9024561047554016,29.360904693603516,0.0019195557106286287
31447,0.6871250867843628,-0.07527901977300644,0.9072660803794861,8.904391288757324,0.43894845247268677
31457,-0.2645718455314636,-0.16035115718841553,0.863606870174408,15.901674270629883,0.01081619318574667
31465,0.47991877794265747,-0.008676732890307903,0.7349837422370911,10.426493644714355,0.3355666697025299
31487,-0.2898804843425751,-0.1685011237859726,0.9268555045127869,16.147485733032227,0.00386810302734375
31500,-0.23577557504177094,-0.16987524926662445,0.8671726584434509,15.806944847106934,0.007721900939941406
31558,-0.8948144912719727,-0.17026954889297485,0.8551816940307617,20.858781814575195,0.0006958961603231728
31564,-1.0892795324325562,-0.17035476863384247,0.9095237851142883,22.183528900146484,-2.8610230629055877e-07
31570,0.6827324628829956,-0.11732412874698639,0.855134129524231,8.878737449645996,0.12832032144069672
31575,0.8473119735717773,0.08288109302520752,0.8330613970756531,7.575693607330322,0.5068715214729309
31577,-1.0570930242538452,-0.17006345093250275,0.8243325352668762,22.094266891479492,0.0014358520274981856
31580,0.6997054815292358,0.1286436766386032,0.8771958351135254,8.66549015045166,0.3878646790981293
31598,-0.36470553278923035,-0.17021076381206512,0.914583146572113,16.800870895385742,0.0028511048294603825
31616,0.9070920944213867,0.2577328383922577,0.8272876739501953,7.2608866691589355,3.835225820541382
31651,1.0230058431625366,0.9548646211624146,0.7636146545410156,6.3265061378479,3.161583662033081
31656,-0.6688503623008728,-0.1694938689470291,0.9288405776023865,19.065082550048828,0.0022155761253088713
31660,0.8517190217971802,-0.08189072459936142,0.9052969813346863,7.6865739822387695,0.6457481384277344
31734,0.8387970328330994,0.20288820564746857,0.8826492428779602,7.665473937988281,0.5859649777412415
31752,0.6340556144714355,-0.10183937847614288,0.8827058672904968,9.211283683776855,0.1379636824131012
31780,-1.1449496746063232,-0.17034456133842468,0.8950003981590271,22.656522750854492,7.62939453125e-05
31792,-1.7435604333877563,-0.17035403847694397,0.8618825078010559,27.319406509399414,2.899169885495212e-05
31812,-0.36827540397644043,-0.16518571972846985,0.7879486083984375,16.86673927307129,0.01380691584199667
31826,0.9318678975105286,0.055908072739839554,0.8273822665214539,7.014888286590576,0.9647483825683594
31835,0.974587082862854,0.2480134814977646,0.7960769534111023,6.7097625732421875,3.5564236640930176
31842,0.016143275424838066,-0.16641049087047577,0.8606964945793152,13.793375968933105,0.004330444615334272
31852,0.9338720440864563,0.21838298439979553,0.7971727252006531,7.006450653076172,1.337365746498108
31858,-1.5507019758224487,-0.17035436630249023,0.9020665287971497,25.668039321899414,1.3732910701946821e-05
31889,0.45059284567832947,-0.12857995927333832,0.9020462036132812,10.653937339782715,0.17727720737457275
31891,-0.3907771110534668,-0.1648125946521759,0.9059724807739258,17.14478874206543,0.23329392075538635
31894,-0.15881280601024628,-0.16613028943538666,0.8498714566230774,15.2166166305542,0.03148536756634712
31895,-0.5703381896018982,-0.16935688257217407,0.9060019850730896,18.390792846679688,0.00238800048828125
31931,0.6592257618904114,-0.08998031169176102,0.8541221618652344,9.061823844909668,0.28924331068992615
31933,-0.42114874720573425,-0.17007900774478912,0.87494957447052,17.21787452697754,0.005302047822624445
31964,0.3925553262233734,-0.15615203976631165,0.8664868474006653,10.992325782775879,0.040851593017578125
31972,0.8845205307006836,0.365424245595932,0.8603640794754028,7.425564765930176,2.340222120285034
32035,0.29655417799949646,-0.16593091189861298,0.8635697364807129,11.689257621765137,0.005386447999626398
32060,0.879891037940979,0.49165159463882446,0.6748940348625183,7.419204235076904,2.026064395904541
32063,0.8638117909431458,-0.09467161446809769,0.8084058165550232,7.467057228088379,0.23135948181152344
32080,-1.0869731903076172,-0.1703348010778427,0.885229766368866,22.218338012695312,0.00013046264939475805
32126,0.5515904426574707,0.12774062156677246,0.896529495716095,9.99318790435791,2.7394464015960693
32170,-0.8106836676597595,-0.17034420371055603,0.934102475643158,20.086027145385742,0.00015869141498114914
32174,0.7570940852165222,-0.06582465022802353,0.8668820261955261,8.277640342712402,0.5784645080566406
32191,0.8798257112503052,0.1430276483297348,0.8899033665657043,7.499894142150879,3.46282696723938
32193,-0.7758148312568665,-0.17033956944942474,0.9038830995559692,19.898500442504883,0.00010986328561557457
32197,-0.08932241052389145,-0.16529971361160278,0.6415050029754639,14.562603950500488,0.0069732666015625
32198,0.7047961950302124,-0.0012544036144390702,0.8761327862739563,8.683622360229492,0.46080324053764343
32228,0.0215402040630579,-0.16810359060764313,0.8807684183120728,13.823549270629883,0.0064411163330078125
32240,1.0541952848434448,0.4354252517223358,0.6321695446968079,6.152168273925781,7.082649230957031
32338,0.15097841620445251,-0.1667674332857132,0.9072678685188293,12.9500093460083,0.0457916259765625
32345,0.2673506438732147,-0.14426963031291962,0.9000506401062012,12.088519096374512,0.5774734616279602
32362,-0.5869049429893494,-0.16846993565559387,0.9092888832092285,18.517271041870117,0.017900466918945312
32390,-0.011881071142852306,-0.1596577912569046,0.890538215637207,14.176895141601562,0.05320434644818306
32396,0.1388797014951706,-0.15970063209533691,0.8816794753074646,13.028456687927246,0.4392250180244446
32412,0.5421227812767029,-0.08422616869211197,0.8504582643508911,9.887234687805176,0.424503892660141
32434,0.4807845652103424,-0.06648730486631393,0.8611070513725281,10.403410911560059,0.42412111163139343
32435,-1.443441390991211,-0.17035306990146637,0.8869233131408691,24.830318450927734,3.051757857974735e-06
32454,-0.5249337553977966,-0.16706286370754242,0.8773307800292969,18.159257888793945,0.1404983550310135
32493,-0.5398231744766235,-0.17026935517787933,0.8988634943962097,17.98636817932129,0.00013771058002021164
32500,0.5273577570915222,-0.13603901863098145,0.7484853863716125,10.068923950195312,0.09971103817224503
32616,0.07842618227005005,-0.14872238039970398,0.9031681418418884,13.306441307067871,0.027767181396484375
32674,-0.07670941948890686,-0.1671718806028366,0.9091599583625793,14.624272346496582,0.011285686865448952
32675,-1.2364839315414429,-0.17036250233650208,0.8934831619262695,23.461013793945312,0.00024337768263649195
32689,-0.3832019865512848,-0.1701093167066574,0.8795433044433594,16.744970321655273,0.0012006402248516679
32709,-0.31782543659210205,-0.15925189852714539,0.8484369516372681,16.60538673400879,0.5061306357383728
32710,0.5754605531692505,0.3217023015022278,0.8162498474121094,9.786494255065918,11.414692878723145
32752,0.772199809551239,-0.024111101403832436,0.8346593976020813,8.210424423217773,0.43527528643608093
32759,0.9098799824714661,0.02094472385942936,0.894482433795929,7.223838806152344,1.4409805536270142
32762,-0.030618850141763687,-0.15856397151947021,0.8829323649406433,14.30907154083252,0.2849434018135071
32772,0.3333580195903778,-0.16285113990306854,0.8672029376029968,11.545598030090332,0.09114332497119904
32781,0.9080635905265808,0.3821859359741211,0.7442476749420166,7.188340187072754,1.6908286809921265
32812,0.9531659483909607,0.7009644508361816,0.6878134608268738,6.899766445159912,3.5111420154571533
32828,0.039880748838186264,-0.1652316302061081,0.8266078233718872,13.799751281738281,0.04667968675494194
32853,0.14358410239219666,-0.16222421824932098,0.8763870596885681,12.893783569335938,0.015514755621552467
32855,-1.3470196723937988,-0.1703542023897171,0.8985739946365356,24.165205001831055,1.8978118532686494e-05
32856,0.5745530128479004,-0.07334761321544647,0.8627342581748962,9.701306343078613,0.3731275498867035
32868,0.659207820892334,-0.11041217297315598,0.9089213609695435,9.154459953308105,1.3746498823165894
32871,0.726037859916687,-0.10135799646377563,0.8022034764289856,8.585941314697266,0.3654766082763672
32894,0.7606533765792847,0.0693892240524292,0.9021337628364563,8.258770942687988,0.4348352551460266
32904,0.23899781703948975,-0.16515326499938965,0.898664653301239,12.088112831115723,0.039925385266542435
32918,-2.0268170833587646,-0.1703546643257141,0.9193558692932129,29.24408531188965,0.0
32953,0.89311283826828,0.5824342966079712,0.7884207367897034,7.4333977699279785,14.453740119934082
32975,-0.013174536637961864,-0.15813548862934113,0.8371769785881042,14.092015266418457,0.01925506629049778
32985,0.364664226770401,-0.13223886489868164,0.8558914065361023,11.307635307312012,0.16159974038600922
33012,0.3134227395057678,-0.12930868566036224,0.9048200845718384,11.707114219665527,0.2630973756313324
33018,-1.1494122743606567,-0.1703619509935379,0.8596019744873047,22.487348556518555,-5.53131121705519e-06
33060,0.12623420357704163,-0.15873445570468903,0.8531737327575684,13.09586238861084,0.02629241906106472
33065,-0.043047208338975906,-0.16770663857460022,0.9144358038902283,14.436912536621094,0.08500175923109055
33069,-0.7444779872894287,-0.16965632140636444,0.8311895728111267,19.781423568725586,0.018080903217196465
33091,-1.7828634977340698,-0.1703546643257141,0.8705108761787415,27.423480987548828,0.0
33123,0.3838084638118744,-0.1393815279006958,0.8396143913269043,11.082901954650879,0.0771278366446495
33141,0.5369974970817566,-0.09614279121160507,0.9090228080749512,9.979846000671387,0.21830902993679047
33178,0.9368459582328796,1.3242182731628418,0.8502605557441711,7.061398506164551,12.655386924743652
33201,0.5442357659339905,-0.14028647541999817,0.8762391209602356,9.931177139282227,0.242686465382576
33216,0.015538751147687435,-0.1717311292886734,0.8555787205696106,13.934100151062012,0.012422514148056507
33256,1.0313489437103271,0.7453214526176453,0.8655533790588379,6.273348331451416,2.3804337978363037
33274,0.4747147560119629,0.011877383105456829,0.8468513488769531,10.43225383758545,0.6485077142715454
33278,0.26175883412361145,-0.12013345211744308,0.8327458500862122,11.915563583374023,0.2287391722202301
33298,0.27526888251304626,-0.13574402034282684,0.8882638216018677,11.9321928024292,0.33126184344291687
33309,1.1632919311523438,0.3407896161079407,0.7669321894645691,5.298920154571533,3.3582980632781982
33364,-0.2738470733165741,-0.17001381516456604,0.8903650641441345,16.086021423339844,0.00504570035263896
33366,-0.9757496118545532,-0.17034797370433807,0.9181380271911621,21.207712173461914,3.9672853745287284e-05
33367,0.19892556965351105,-0.15448102355003357,0.8948386311531067,12.601812362670898,0.2109231948852539
33381,0.5995654463768005,-0.08092313259840012,0.8565872311592102,9.427360534667969,0.22827453911304474
33411,1.0119364261627197,0.3646094799041748,0.876922607421875,6.524730205535889,7.021773815155029
33420,1.0904028415679932,1.1026493310928345,0.777033805847168,5.856565475463867,4.406642913818359
33492,-1.368340253829956,-0.17035247385501862,0.9178277254104614,24.248126983642578,4.57763690064894e-06
33506,-0.7175643444061279,-0.17031410336494446,0.897850513458252,19.43764305114746,0.00017623901658225805
33528,0.710580050945282,-0.08495164662599564,0.8957363963127136,8.658905029296875,0.24046173691749573
33536,0.6490636467933655,-0.09963078051805496,0.9043368697166443,9.239367485046387,1.7536007165908813
33551,-1.113564372062683,-0.17031711339950562,0.8378815054893494,22.515029907226562,0.001723480294458568
33557,0.8810677528381348,0.0764865130186081,0.8566188812255859,7.495392799377441,4.964296817779541
33565,0.7684540152549744,0.07787356525659561,0.8787623643875122,8.348362922668457,3.512377977371216
33594,0.36010149121284485,-0.14203526079654694,0.9039285778999329,11.32791805267334,0.0829404816031456
33595,0.29354366660118103,-0.06127746030688286,0.8601034283638,11.80075454711914,0.4383121430873871
33604,0.65803462266922,-0.0933413878083229,0.8326668739318848,8.99042797088623,0.16129933297634125
33608,0.6620060801506042,0.015843141824007034,0.8998290300369263,9.002909660339355,0.5793594717979431
33619,0.548031210899353,-0.07392185926437378,0.8324556350708008,9.978565216064453,2.656853437423706
33623,0.07259374111890793,-0.1622314453125,0.8692903518676758,13.608532905578613,0.3034050166606903
33690,1.0099431276321411,-0.06043478474020958,0.8680912852287292,6.479493618011475,1.6637085676193237
33696,-1.0763970613479614,-0.17033222317695618,0.8770721554756165,22.140119552612305,0.0010116577614098787
33715,0.5035369992256165,-0.1464134156703949,0.8829705119132996,10.271737098693848,0.6467350125312805
33731,0.5940834879875183,-0.11859406530857086,0.8694599270820618,9.548495292663574,0.17607441544532776
33733,-0.13084231317043304,-0.1670805662870407,0.8948785066604614,15.011075019836426,0.012971497140824795
33738,0.08421168476343155,-0.16214115917682648,0.8471508026123047,13.381980895996094,0.017699051648378372
33769,0.3065093159675598,-0.16065137088298798,0.8384019732475281,11.691593170166016,0.0428956039249897
33785,0.5225852727890015,0.10915262997150421,0.9013973474502563,10.179156303405762,2.43351674079895
33787,-0.35409221053123474,-0.1699904054403305,0.9086261987686157,16.7573299407959,0.0005218505975790322
33812,1.062124252319336,0.8639152646064758,0.9095200896263123,6.127387523651123,15.006695747375488
33824,-0.3812099099159241,-0.17014341056346893,0.869936466217041,16.852758407592773,0.0008300781482830644
33848,0.9393793940544128,0.33280235528945923,0.8413380980491638,7.023663520812988,1.7601066827774048
33885,-0.09904999285936356,-0.17064732313156128,0.9234659075737,14.8674898147583,0.020012283697724342
33938,-0.39285022020339966,-0.16827428340911865,0.8378408551216125,16.95282745361328,0.008806610479950905
33948,-0.021051859483122826,-0.15925738215446472,0.8680782318115234,14.340388298034668,0.28448620438575745
34039,-0.3264528512954712,-0.17016665637493134,0.8101855516433716,16.430461883544922,0.0007164001581259072
34056,0.12411414831876755,-0.14638429880142212,0.8751820921897888,13.215034484863281,0.8656778335571289
34075,0.5969873070716858,0.002489729318767786,0.8566598892211914,9.610682487487793,1.8257122039794922
34139,0.5314039587974548,0.0016200535465031862,0.8974943161010742,10.012188911437988,0.22124634683132172
34142,-0.6539610624313354,-0.17034944891929626,0.8548151850700378,18.991182327270508,0.000385284423828125
34143,0.3100641965866089,-0.154017373919487,0.938275158405304,11.768388748168945,0.16809330880641937
34148,-0.5139228701591492,-0.17010809481143951,0.8280566334724426,17.927122116088867,0.0061584473587572575
34156,-1.4607739448547363,-0.17034082114696503,0.8814603090286255,25.130517959594727,0.0004241943533997983
34209,-1.4548231363296509,-0.1703370064496994,0.8829379081726074,25.12189292907715,0.000782012939453125
34211,0.5688287615776062,-0.14973604679107666,0.9241948127746582,9.728034019470215,0.046726059168577194
34242,0.5259383916854858,-0.14424514770507812,0.8707111477851868,10.068160057067871,0.25089776515960693
34264,-0.29073771834373474,-0.166876882314682,0.8899940848350525,16.14621353149414,0.0027469636406749487
34286,-0.498262494802475,-0.1696016937494278,0.8799230456352234,17.63068199157715,0.0007118225330486894
34322,1.1615194082260132,1.4208720922470093,0.7707210183143616,5.279489517211914,6.096129894256592
34324,0.7170514464378357,-0.0814305916428566,0.875847339630127,8.668939590454102,0.6579994559288025
34326,-0.8983924984931946,-0.17034362256526947,0.9036920666694641,20.69554328918457,5.760193016612902e-05
34338,-0.31268367171287537,-0.16999292373657227,0.9044548869132996,16.419052124023438,0.002579307649284601
34362,0.37280458211898804,-0.15609370172023773,0.9111966490745544,11.223435401916504,0.06944198906421661
34368,0.8387118577957153,0.0716937705874443,0.8658131957054138,7.753792762756348,1.684844970703125
34394,-0.25082752108573914,-0.16443197429180145,0.8723077178001404,15.92530345916748,0.01867961883544922
34430,0.6803913116455078,-0.06202654168009758,0.8969656825065613,8.954405784606934,0.20093460381031036
34447,0.8504787683486938,0.01192273199558258,0.8457481265068054,7.659119606018066,1.1911499500274658
34505,-1.6631872653961182,-0.17031972110271454,0.897485077381134,26.498992919921875,0.00018920899310614914
34542,-0.25672486424446106,-0.16874945163726807,0.9159228205680847,16.027692794799805,0.0717369094491005
34543,0.16961728036403656,-0.14618425071239471,0.8524007797241211,12.671908378601074,0.09981689602136612
34552,-0.08860890567302704,-0.1560157984495163,0.8822724223136902,14.76981258392334,0.5461006164550781
34563,-1.302046537399292,-0.17031361162662506,0.8997098803520203,23.87876319885254,9.765625145519152e-05
34564,0.32679590582847595,-0.13255427777767181,0.887158989906311,11.523305892944336,0.10457038879394531
34594,0.59171062707901,-0.0644543394446373,0.8967545628547668,9.699801445007324,1.3141945600509644
34602,0.8722003102302551,0.681671679019928,0.7856308221817017,7.496734619140625,7.133769512176514
34621,0.31206968426704407,-0.14236114919185638,0.779121994972229,11.70666217803955,0.17202606797218323
34679,-2.322284460067749,-0.17035441100597382,0.9236151576042175,31.76708984375,1.220703143189894e-05
34694,-1.6073421239852905,-0.17035436630249023,0.8907650113105774,26.09779930114746,1.3732910701946821e-05
34706,0.7968160510063171,-0.013301560655236244,0.8617772459983826,8.065387725830078,1.4233044385910034
34725,0.6792824268341064,0.02242172323167324,0.8673934936523438,8.921768188476562,0.831485390663147
34740,0.3704933226108551,-0.18659773468971252,0.9245501756668091,11.237404823303223,-0.050354767590761185
34775,0.45137014985084534,-0.10790536552667618,0.8784599304199219,10.716795921325684,0.8354946374893188
34798,0.43542057275772095,-0.11308421939611435,0.9085924029350281,10.6150541305542,0.2481762021780014
34804,0.3566891849040985,-0.16119343042373657,0.8723602294921875,11.166674613952637,0.015068150125443935
34817,0.25631818175315857,-0.1609727144241333,0.7935024499893188,12.122023582458496,0.047553252428770065
34820,-0.5371801257133484,-0.17007099092006683,0.8649976849555969,18.08140754699707,0.0029918670188635588
34823,0.03406078368425369,-0.14560551941394806,0.9225859642028809,13.957193374633789,0.6629409790039062
34857,-2.160494565963745,-0.17035456001758575,0.9265193939208984,30.391340255737305,2.28881845032447e-06
34898,0.9259275794029236,0.3710997402667999,0.7799496054649353,7.011983394622803,1.3478344678878784
34921,-0.10349657386541367,-0.12818601727485657,0.8749194145202637,14.818526268005371,0.3672592341899872
34922,-0.9473952651023865,-0.17033080756664276,0.910468578338623,21.162723541259766,0.00017662048048805445
34942,0.603427529335022,-0.04616726189851761,0.7901905179023743,9.50322437286377,0.6974708437919617
34951,-0.6645049452781677,-0.170217826962471,0.8506367802619934,19.13362693786621,0.0045875548385083675
34961,0.3065173625946045,-0.10344582796096802,0.8060680627822876,11.686392784118652,0.3139282166957855
34992,0.7908307909965515,0.04373480752110481,0.8993908166885376,8.085095405578613,1.2223557233810425
35060,-0.6621751189231873,-0.17010284960269928,0.8687638640403748,19.09199333190918,0.0032924653496593237
35087,1.2453489303588867,1.0582488775253296,0.8013110160827637,4.7631659507751465,12.741576194763184
35090,-1.6605268716812134,-0.1703493446111679,0.9028246998786926,26.583311080932617,0.00020275116548873484
35103,1.0409047603607178,0.3262704908847809,0.8904733657836914,6.409022808074951,14.231058120727539
35119,0.057345133274793625,-0.1501007229089737,0.8784338235855103,13.661009788513184,0.09009170532226562
35123,0.9807373285293579,1.3305821418762207,0.86677485704422,6.625247478485107,2.711291551589966
35131,-0.5616985559463501,-0.16894523799419403,0.8726603388786316,18.339799880981445,0.005008507054299116
35219,-1.9685856103897095,-0.1703546643257141,0.9181751608848572,28.75522232055664,0.0
35221,-1.3046504259109497,-0.17035147547721863,0.9333792924880981,23.78238296508789,2.708435022213962e-05
35240,0.035549622029066086,-0.15902827680110931,0.9065685272216797,13.717416763305664,0.012994766235351562
35270,-0.20106160640716553,-0.16942767798900604,0.8879444003105164,15.504467964172363,0.0014154911041259766
35303,0.3968139588832855,-0.11352182924747467,0.9090613722801208,11.158586502075195,1.7354614734649658
35342,-1.2013943195343018,-0.17034822702407837,0.904965341091156,23.06105613708496,6.790161569369957e-05
35349,0.2629098892211914,-0.07302743196487427,0.8412470817565918,12.067530632019043,0.9220314025878906
35351,-0.12383117526769638,-0.164693221449852,0.9020461440086365,14.912155151367188,0.011441230773925781
35370,-0.775325357913971,-0.170335054397583,0.8755626678466797,19.791961669921875,6.828307959949598e-05
35439,0.2882520854473114,-0.09647604823112488,0.9150024652481079,12.01858139038086,2.345470905303955
35499,0.8254257440567017,0.09511258453130722,0.8435345888137817,7.832866191864014,1.3088287115097046
35535,0.33023497462272644,-0.14307540655136108,0.8877516984939575,11.585297584533691,0.34584885835647583
35559,-0.5687454342842102,-0.1702338457107544,0.8544250726699829,18.37413787841797,0.0014083862770348787
35565,-0.03649401292204857,-0.16602638363838196,0.9389808773994446,14.228758811950684,0.008273697458207607
35571,0.488687664270401,-0.12225977331399918,0.9023155570030212,10.396218299865723,0.32946547865867615
35577,0.5222267508506775,-0.14400167763233185,0.9207801222801208,10.076048851013184,0.05128755792975426
35585,0.996399998664856,0.04936859384179115,0.8784658312797546,6.58575963973999,2.6573503017425537
35591,0.824557900428772,-0.15159039199352264,0.7733961939811707,7.853255748748779,0.3240789473056793
35614,-0.4205699861049652,-0.16936728358268738,0.9244220852851868,17.217527389526367,0.0019546509720385075
35620,-0.4168984591960907,-0.169961616396904,0.7863868474960327,17.065664291381836,0.00031681061955168843
35703,-1.7984554767608643,-0.17035363614559174,0.9013925790786743,27.69675636291504,4.7302248276537284e-05
35745,0.8257487416267395,0.012405979447066784,0.807471752166748,7.766400337219238,0.3381599485874176
35747,0.3661799132823944,-0.09059783071279526,0.7809063196182251,11.238383293151855,0.09478797763586044
35817,-0.14994648098945618,-0.1621253341436386,0.8571306467056274,15.142074584960938,0.020211029797792435
35830,0.3875305652618408,-0.1445450335741043,0.8637450337409973,11.166932106018066,0.13030396401882172
35848,-1.5252915620803833,-0.17035363614559174,0.9263359904289246,25.501365661621094,1.5258789289873675e-06
35891,-2.4645144939422607,-0.1703546643257141,0.9053861498832703,32.681243896484375,0.0
35903,1.165114402770996,1.7346267700195312,0.6916588544845581,5.304870128631592,8.461792945861816
35920,-1.9315967559814453,-0.1703546643257141,0.9182313084602356,28.471059799194336,0.0
35977,0.591275691986084,-0.10063403844833374,0.8374710083007812,9.496312141418457,0.2569292187690735
35983,-0.48714613914489746,-0.17011015117168427,0.8796244859695435,17.733266830444336,0.0006908416980877519
36044,-1.7826842069625854,-0.1703546643257141,0.883716881275177,27.379507064819336,0.0
36061,0.23371493816375732,-0.14330874383449554,0.7772242426872253,12.306703567504883,0.11150512844324112
36069,0.8850674033164978,0.4879685044288635,0.7920235395431519,7.267690181732178,1.1381813287734985
36147,-0.7172014713287354,-0.15833382308483124,0.9102040529251099,19.644622802734375,0.12493210285902023
36164,-1.2265911102294922,-0.170353963971138,0.9143867492675781,23.157955169677734,2.28881845032447e-06
36176,-1.8161579370498657,-0.17035436630249023,0.8748871088027954,27.80657386779785,1.3732910701946821e-05
36188,0.7494596838951111,0.04754827171564102,0.9067943692207336,8.48973274230957,0.09079094231128693
36192,0.8857502937316895,0.06227643042802811,0.8455901145935059,7.347486972808838,0.9887441992759705
36232,0.27283480763435364,-0.11601412296295166,0.8827056884765625,11.9976224899292,0.20072594285011292
36241,-1.539204478263855,-0.1703321784734726,0.9126718640327454,25.752212524414062,0.00103759765625
36257,-0.007247066590934992,-0.16491925716400146,0.8860887885093689,13.996835708618164,0.013490295968949795
36263,-0.5712236166000366,-0.1690969169139862,0.8506019711494446,18.3018798828125,0.001767921494320035
36274,0.7528607249259949,0.1158587858080864,0.8682314157485962,8.378722190856934,1.8067268133163452
36285,0.5769444704055786,-0.13505689799785614,0.9103342294692993,9.59546947479248,0.13823699951171875
36310,0.8656838536262512,-0.10503087192773819,0.9028825163841248,7.543817043304443,0.3121475279331207
36318,-1.3741883039474487,-0.17035333812236786,0.8942270278930664,24.41359519958496,6.103515625e-05
36360,-2.0293986797332764,-0.1701469123363495,0.9045245051383972,29.11505699157715,0.0006271362653933465
36365,1.0162690877914429,0.3245720863342285,0.7065326571464539,6.433935642242432,2.7776296138763428
36373,0.02864529751241207,-0.1655821055173874,0.8738741278648376,13.73862361907959,0.0070625306107103825
36380,-0.7347738742828369,-0.16997478902339935,0.9036680459976196,19.637676239013672,0.003893280168995261
36396,-0.2611232101917267,-0.15404053032398224,0.7545411586761475,16.161222457885742,0.5865001678466797
36460,-0.6954641938209534,-0.17034368216991425,0.8825241923332214,19.143720626831055,3.280639793956652e-05
36463,1.0490182638168335,0.7217482328414917,0.8251091241836548,6.201699733734131,2.0368669033050537
36472,0.12795118987560272,-0.15603695809841156,0.9079474806785583,12.971257209777832,0.01285552978515625
36478,-0.4399232566356659,-0.1694357842206955,0.9261559844017029,17.4731388092041,0.011964417062699795
36486,0.8991957902908325,0.20753030478954315,0.838796079158783,7.270230293273926,0.6818864941596985
36493,-1.190082311630249,-0.17035138607025146,0.8839168548583984,23.01961326599121,1.449584942747606e-05
36515,-0.8547044992446899,-0.1702936887741089,0.8926264047622681,20.5253963470459,0.0009452819940634072
36522,0.8843971490859985,0.620600700378418,0.8757199645042419,7.327569007873535,1.0973354578018188
36525,0.374023973941803,-0.09157054871320724,0.7721520066261292,11.350020408630371,1.5049729347229004
36563,0.4842758774757385,-0.10554996877908707,0.8496660590171814,10.362391471862793,0.12660741806030273
36564,0.6760658025741577,0.045549191534519196,0.8704971671104431,8.901256561279297,0.42027854919433594
36582,0.6448702812194824,0.030056780204176903,0.8894472122192383,9.185393333435059,0.8939430117607117
36596,0.09793374687433243,-0.16143380105495453,0.8128759264945984,13.398574829101562,0.32811394333839417
36602,0.595278799533844,0.04335687309503555,0.8565859794616699,9.473957061767578,0.38373300433158875
36613,0.18184223771095276,-0.059915125370025635,0.6932862401008606,12.634242057800293,0.22256775200366974
36620,0.5571498870849609,-0.1102675348520279,0.8547446131706238,9.843315124511719,0.13380470871925354
36638,-0.32424402236938477,-0.16341984272003174,0.8887779116630554,16.453441619873047,0.008532715030014515
36656,-1.1681833267211914,-0.17006513476371765,0.9113808870315552,22.669706344604492,0.0003349304315634072
36661,1.198104739189148,2.7507526874542236,0.7329973578453064,5.086644649505615,22.78812599182129
36666,-0.07554661482572556,-0.16333797574043274,0.8936451077461243,14.371808052062988,0.01150436419993639
36704,0.553135871887207,-0.07124559581279755,0.8964072465896606,9.840543746948242,0.6738784909248352
36716,-0.5718554258346558,-0.16818393766880035,0.9332334399223328,18.52036476135254,0.028105735778808594
36724,0.8710963129997253,-0.0005053528002463281,0.8426485061645508,7.458423137664795,0.4666118621826172
36768,-2.0885467529296875,-0.1703546643257141,0.899370014667511,29.752227783203125,0.0
36826,0.09888412058353424,-0.15344397723674774,0.8954370617866516,13.331374168395996,0.06282806396484375
36841,-0.03308722376823425,-0.1693224459886551,0.8258110284805298,14.248412132263184,0.013762093149125576
36847,-0.13823042809963226,-0.16306927800178528,0.9128963351249695,15.145892143249512,0.04424743726849556
36880,0.9648394584655762,0.8409064412117004,0.6779423356056213,6.836190700531006,6.6724748611450195
36903,0.5808948278427124,-0.12841318547725677,0.8662768602371216,9.72128963470459,0.2593368589878082
36922,1.011256456375122,0.8629185557365417,0.821942150592804,6.415639400482178,3.833214521408081
36947,-1.62804114818573,-0.17034663259983063,0.8803972601890564,26.01749038696289,9.15527380129788e-06
36984,-1.9735764265060425,-0.17033271491527557,0.8958406448364258,29.012781143188477,0.00014801025099586695
37013,-0.7170407772064209,-0.15715281665325165,0.9137880206108093,19.511619567871094,0.017303466796875
37021,1.1198676824569702,0.784061849117279,0.8593717813491821,5.611881256103516,3.5799672603607178
37048,-0.6252046823501587,-0.16432975232601166,0.8998608589172363,18.960491180419922,0.07894058525562286
37084,-1.2178659439086914,-0.1703536957502365,0.8859338760375977,23.076847076416016,9.15527380129788e-06
37149,0.6976994276046753,0.14167968928813934,0.8707651495933533,8.916511535644531,5.220991611480713
37188,0.3956523537635803,-0.12855394184589386,0.8586148619651794,11.107298851013184,0.1968669891357422
37227,0.1327071636915207,-0.12270960956811905,0.8796427845954895,13.119032859802246,0.3660926818847656
37238,0.09065097570419312,-0.12420716136693954,0.8803905844688416,13.325479507446289,0.054271697998046875
37270,-1.3855531215667725,-0.1703546643257141,0.9266752600669861,24.391820907592773,0.0
37275,-0.25059714913368225,-0.16688334941864014,0.8899529576301575,16.005531311035156,0.11438941955566406
37284,-1.6476976871490479,-0.1703546643257141,0.909302830696106,26.27864646911621,0.0
37287,0.9574330449104309,0.24915114045143127,0.7944325804710388,6.815695285797119,1.3062858581542969
37289,-0.6520751118659973,-0.1702277511358261,0.8862091302871704,18.991220474243164,0.0005508423200808465
37344,-1.8153330087661743,-0.1703546643257141,0.8679291605949402,27.71331787109375,0.0
37372,-0.06542155891656876,-0.16419333219528198,0.8701480031013489,14.524528503417969,0.008328437805175781
37378,0.7095138430595398,-0.01213090494275093,0.8557896614074707,8.678218841552734,0.5310665369033813
37380,1.0359355211257935,0.8075742721557617,0.820181667804718,6.2400689125061035,3.0783793926239014
37426,0.4452316462993622,-0.11567424982786179,0.8444764018058777,10.618457794189453,0.1589984893798828
37457,0.2510087490081787,-0.16087034344673157,0.9103440642356873,12.234965324401855,0.1278965026140213
37473,-0.6270586848258972,-0.17033027112483978,0.9022347331047058,18.74801254272461,0.00014495849609375
37481,0.6716628074645996,0.14871303737163544,0.8740952610969543,8.939911842346191,1.103279948234558
37542,0.3810523748397827,-0.13316258788108826,0.8794485330581665,11.126413345336914,0.14756622910499573
37564,-0.427802175283432,-0.17012187838554382,0.8897204399108887,17.14688491821289,0.0003028869687113911
37593,-0.40778228640556335,-0.16907966136932373,0.848840057849884,17.120084762573242,0.01021189708262682
37609,-0.7088323831558228,-0.16990509629249573,0.8546229600906372,19.457027435302734,0.0059753418900072575
37638,-2.380794048309326,-0.1703546643257141,0.9111523628234863,32.04273223876953,0.0
37654,-0.32154688239097595,-0.16787374019622803,0.8881813287734985,16.39832878112793,0.012918472290039062
37694,1.033312439918518,0.3391279876232147,0.8084867596626282,6.290323257446289,2.0038230419158936
37699,0.7274178862571716,-0.03312207758426666,0.8525716066360474,8.56772518157959,0.6386650204658508
37701,-1.2715884447097778,-0.1703467071056366,0.9024098515510559,23.719575881958008,0.00028228759765625
37705,-0.911521852016449,-0.1703423112630844,0.8885001540184021,20.95882797241211,-8.39233416627394e-06
37714,1.0886181592941284,0.9400167465209961,0.7326464653015137,5.843056678771973,3.3995583057403564
37717,-0.16973085701465607,-0.16687601804733276,0.8888871073722839,15.359758377075195,0.01642150990664959
37725,0.4335618019104004,-0.06026094779372215,0.8398414850234985,10.84197998046875,0.6490112543106079
37734,1.1397795677185059,0.2896663546562195,0.8811805844306946,5.600926876068115,6.7644267082214355
37748,0.7550325393676758,0.0915633961558342,0.8517459034919739,8.357856750488281,1.2064006328582764
37796,-0.9437858462333679,-0.17011962831020355,0.9009382128715515,21.2116756439209,0.0008407593122683465
37851,-0.24422962963581085,-0.13023458421230316,0.8991938829421997,15.739953994750977,0.047631073743104935
37865,-0.9403796195983887,-0.17033304274082184,0.9081975221633911,21.071502685546875,3.0517578125e-05
37887,1.0459766387939453,0.5503090023994446,0.8088828325271606,6.266604423522949,10.421008110046387
37917,0.5003469586372375,-0.12086065858602524,0.9180240035057068,10.32829761505127,0.3373123109340668
37918,-0.9612299799919128,-0.17034532129764557,0.9018630385398865,21.307035446166992,5.569458153331652e-05
37922,-0.13162988424301147,-0.1662532240152359,0.9006123542785645,15.083905220031738,0.042800139635801315
37926,-2.6862881183624268,-0.1703546643257141,0.892768383026123,34.13841247558594,0.0
37933,0.0455176942050457,-0.14548729360103607,0.8896881937980652,13.615498542785645,0.04314231872558594
37970,0.7755007147789001,0.08883535116910934,0.9001981019973755,8.115221977233887,0.5742843747138977
37992,0.26242733001708984,-0.13072125613689423,0.7462400197982788,11.873767852783203,0.06718597561120987
38026,-0.7356757521629333,-0.17000848054885864,0.8738490343093872,19.653165817260742,0.00115203857421875
38061,-0.42503854632377625,-0.16405096650123596,0.9149659276008606,17.272747039794922,0.03639831766486168
38069,-1.3877273797988892,-0.16939644515514374,0.9210285544395447,24.76780128479004,0.04411621019244194
38088,0.6370952725410461,-0.012438061647117138,0.7487412095069885,9.203948020935059,0.2929615080356598
38122,0.4710851311683655,-0.06232300028204918,0.8812261819839478,10.635890007019043,2.054456949234009
38125,0.9222182631492615,0.056691259145736694,0.8381696939468384,7.140113830566406,1.7619438171386719
38137,-0.4304583668708801,-0.16068153083324432,0.8568369150161743,17.179855346679688,0.013423919677734375
38141,-0.5915550589561462,-0.1687343567609787,0.876504123210907,18.510700225830078,0.0027778625953942537
38148,1.0009233951568604,0.24026040732860565,0.8872160911560059,6.5551347732543945,4.73185920715332
38156,-0.9033005833625793,-0.17018228769302368,0.7186861634254456,20.919706344604492,0.0003295898495707661
38166,-1.1661523580551147,-0.1703546643257141,0.8503808975219727,22.542030334472656,0.0
38169,-0.4044671952724457,-0.16991060972213745,0.9264298677444458,16.858531951904297,0.0008518219110555947
38189,-1.5036630630493164,-0.1703544706106186,0.8907605409622192,25.331754684448242,9.15527380129788e-06
38197,0.6554743647575378,-0.04570100083947182,0.836587131023407,9.133504867553711,0.4130287170410156
38297,0.4872611165046692,-0.14137087762355804,0.8888925909996033,10.34083080291748,0.1442100554704666
38298,-0.6319732069969177,-0.16190789639949799,0.9162694811820984,18.7922420501709,0.035889532417058945
38310,-0.6994053721427917,-0.16594050824642181,0.9132890105247498,19.170055389404297,0.005059051793068647
38318,1.0177668333053589,0.44276079535484314,0.8404826521873474,6.428142547607422,8.22829532623291
38337,-0.5216166377067566,-0.16961239278316498,0.8660182952880859,17.836721420288086,0.000808334385510534
38355,-0.47935056686401367,-0.16579636931419373,0.8471372723579407,17.783876419067383,0.2068302184343338
38391,0.572679877281189,-0.057638298720121384,0.8428034782409668,9.685563087463379,0.21759796142578125
38409,-0.288346529006958,-0.1703120917081833,0.8468828201293945,16.251256942749023,0.0025154114700853825
38428,0.46769776940345764,-0.050241924822330475,0.8712925910949707,10.631047248840332,3.6486663818359375
38438,0.24267327785491943,-0.15990830957889557,0.8945261240005493,12.300914764404297,0.05585021898150444
38450,-1.1763427257537842,-0.17031651735305786,0.9295290112495422,23.05816078186035,0.0011352539295330644
38470,-0.48502492904663086,-0.16933153569698334,0.8014294505119324,17.42630958557129,0.0018402099376544356
38534,0.8297669291496277,0.05558931827545166,0.8934950232505798,7.841878414154053,1.585614800453186
38548,0.46490761637687683,-0.033535365015268326,0.9353246688842773,10.565764427185059,0.4169807434082031
38568,-1.3030731678009033,-0.1703503578901291,0.9010030031204224,23.676538467407227,4.57763690064894e-06
38588,0.21452286839485168,-0.11127009242773056,0.9104987978935242,12.481852531433105,0.45079880952835083
38641,0.8345727324485779,0.3464145362377167,0.8193302154541016,7.766763210296631,1.9777435064315796
38674,-1.4130436182022095,-0.17035381495952606,0.8853836059570312,24.714879989624023,3.9672853745287284e-05
38677,-0.042001497000455856,-0.10938090085983276,0.8261416554450989,14.322367668151855,0.18249359726905823
38707,-0.32244059443473816,-0.1694783866405487,0.8609969019889832,16.588048934936523,0.03561210632324219
38736,-1.174381971359253,-0.17035481333732605,0.8555470705032349,22.77853775024414,-5.722046125811175e-07
38751,0.5322914719581604,-0.15047480165958405,0.8480774164199829,9.91301155090332,0.043155767023563385
38763,-1.7157028913497925,-0.17035287618637085,0.8863191604614258,27.133193969726562,8.236170106101781e-05
38773,0.831893265247345,0.33662116527557373,0.8130316138267517,7.664729595184326,3.067511796951294
38786,0.3486654758453369,-0.16070112586021423,0.898364245891571,11.467317581176758,0.07368755340576172
38834,0.2807137966156006,-0.13898253440856934,0.8217349052429199,11.940489768981934,0.32822951674461365
38845,-0.8592785000801086,-0.17033211886882782,0.8132753372192383,20.296907424926758,3.356933666509576e-05
38853,-0.6197900176048279,-0.16948559880256653,0.8653296828269958,18.7614688873291,0.01267318706959486
38864,0.6357380747795105,0.04242249205708504,0.776042640209198,9.200530052185059,0.5234550833702087
38865,0.6629652380943298,0.026092613115906715,0.8671028017997742,9.094447135925293,1.6495059728622437
38959,0.7174593806266785,-0.06480654329061508,0.8367786407470703,8.578206062316895,0.20596352219581604
38973,0.09891974180936813,-0.10558523237705231,0.8202043771743774,13.134421348571777,0.06658019870519638
38993,0.18869583308696747,-0.1304798424243927,0.8174543380737305,12.700379371643066,1.5240039825439453
39007,0.8332651257514954,0.15862016379833221,0.8778373599052429,7.7330827713012695,0.9408039450645447
39020,0.8473221063613892,-0.13880275189876556,0.8935616612434387,7.666770935058594,0.6685604453086853
39028,-1.1501634120941162,-0.1703231781721115,0.9140881896018982,22.528303146362305,0.00022125244140625
39054,1.1040672063827515,0.7028416991233826,0.8811032176017761,5.73690938949585,2.8948822021484375
39057,1.0507158041000366,0.3414285182952881,0.777362048625946,6.171437740325928,1.671151041984558
39086,0.616041362285614,0.07585395872592926,0.8420369029045105,9.38914680480957,0.2923862636089325
39091,-0.5286766886711121,-0.17023701965808868,0.8802964091300964,18.006559371948242,0.0004684448358602822
39133,-0.9661824107170105,-0.1689119189977646,0.9160469174385071,21.26205825805664,0.011468506418168545
39148,3.1015279091661796e-05,-0.1688554584980011,0.9163342714309692,13.97623348236084,0.013003922067582607
39159,0.43745484948158264,-0.1449696123600006,0.839724063873291,10.787275314331055,0.05822234973311424
39161,0.44447061419487,-0.14656835794448853,0.8255085349082947,10.741828918457031,0.6217262148857117
39188,0.925648033618927,0.21141444146633148,0.775736927986145,7.107412815093994,2.8393447399139404
39197,0.06481873244047165,-0.16035374999046326,0.872570812702179,13.519062995910645,0.02292327955365181
39200,0.6786251664161682,0.0032597295939922333,0.8885357975959778,8.90945053100586,1.1069458723068237
39206,0.016917163506150246,-0.16661234200000763,0.9018707275390625,13.869227409362793,0.008016586303710938
39224,-0.12611980736255646,-0.16775082051753998,0.8345527052879333,14.947707176208496,0.005332064814865589
39227,0.8135499358177185,0.2269650548696518,0.7931395173072815,7.924082279205322,1.672797441482544
39315,0.9394232034683228,0.29876968264579773,0.8646804690361023,7.059152126312256,4.661853313446045
39326,0.3618151843547821,-0.14073283970355988,0.8377108573913574,11.185271263122559,0.10793838649988174
39370,0.37635865807533264,-0.1565019190311432,0.9128561019897461,11.254935264587402,0.2173469513654709
39401,1.1000536680221558,1.1950368881225586,0.7366158962249756,5.8008317947387695,9.834627151489258
39417,0.9031111001968384,0.051782138645648956,0.8374432921409607,7.2400383949279785,0.5375442504882812
39457,-0.30923551321029663,-0.16704349219799042,0.9169713258743286,16.56982421875,0.11106796562671661
39469,-1.28647780418396,-0.1703517585992813,0.8936519622802734,23.7279052734375,9.918212890625e-05
39483,-0.7113767862319946,-0.17024877667427063,0.8218920826911926,19.42102813720703,0.000812530517578125
39511,0.22831766307353973,-0.16145244240760803,0.9042866826057434,12.268661499023438,0.022431183606386185
39512,0.7230640649795532,0.26955103874206543,0.8840590715408325,8.52665901184082,0.6794666051864624
39537,0.9535239338874817,0.47567233443260193,0.8365668654441833,6.958284854888916,11.829503059387207
39544,1.0935115814208984,0.5672199130058289,0.8952588438987732,5.990467071533203,17.0360107421875
39559,0.7535685896873474,0.2184399664402008,0.8452922701835632,8.214974403381348,0.44057580828666687
39562,0.22270511090755463,-0.1606724113225937,0.8829068541526794,12.282061576843262,0.05460662767291069
39568,-0.04178578779101372,-0.16121165454387665,0.9005190134048462,14.45982551574707,0.1965305358171463
39639,-0.7101604342460632,-0.17000441253185272,0.8177042007446289,19.29692268371582,0.0009510040399618447
39643,-1.0886614322662354,-0.1702905148267746,0.9246921539306641,22.16440773010254,0.000194549560546875
39657,-0.7607964873313904,-0.17011062800884247,0.8656832575798035,19.55537223815918,0.0010848998790606856
39678,0.6471232771873474,-0.10692333430051804,0.8224462866783142,9.2012357711792,1.086099624633789
39697,-0.39554041624069214,-0.1693471223115921,0.8780235648155212,17.01990509033203,0.0017487526638433337
39759,0.4666835367679596,-0.12553010880947113,0.8948613405227661,10.568472862243652,0.613834023475647
39791,-0.3970625400543213,-0.16884754598140717,0.8954267501831055,16.87586212158203,0.0021080970764160156
39823,0.5901685953140259,-0.01942901685833931,0.8817194104194641,9.566935539245605,0.3784637451171875
39889,-0.1451491266489029,-0.15346522629261017,0.9060733914375305,15.042449951171875,0.01679535023868084
39900,1.0943169593811035,1.0520167350769043,0.8375264406204224,5.8681254386901855,5.685786247253418
39909,-2.8432412147521973,-0.1703546643257141,0.9235426783561707,35.562129974365234,0.0
39913,0.7354963421821594,-0.03176012635231018,0.7959185838699341,8.489119529724121,0.3484077453613281
39954,1.02956223487854,0.10095947980880737,0.7965360879898071,6.331664562225342,3.036128282546997
39963,1.023905873298645,0.7302621006965637,0.7965028882026672,6.337421894073486,3.8667500019073486
39969,-0.328143447637558,-0.1702774614095688,0.8693340420722961,16.441068649291992,0.0003383636649232358
39978,0.2116931974887848,-0.1312151551246643,0.8824833035469055,12.454838752746582,0.08846741169691086
39982,0.8169566988945007,-0.013820001855492592,0.8018972277641296,7.9059014320373535,0.9129542708396912
39997,-0.6036071181297302,-0.17011646926403046,0.9138692021369934,18.611173629760742,0.001959228655323386
40016,-1.7713173627853394,-0.17030933499336243,0.8836395144462585,27.350528717041016,0.00017471313185524195
40031,-0.504257082939148,-0.170225128531456,0.8413864970207214,17.78156089782715,0.0003402710135560483
40094,-0.23379507660865784,-0.1690060943365097,0.8638997077941895,15.814140319824219,0.006611633580178022
40128,1.0004706382751465,-0.02087349444627762,0.8600701689720154,6.5411200523376465,3.034327268600464
40164,1.0338149070739746,0.3209042549133301,0.8781938552856445,6.287140369415283,4.413255214691162
40170,0.5649833083152771,-0.13232319056987762,0.8895339369773865,9.740649223327637,0.16495037078857422
40274,0.6799022555351257,-0.03923465311527252,0.7532783150672913,8.89452075958252,0.2596141993999481
40278,-0.8102361559867859,-0.1671440750360489,0.9192216992378235,20.267032623291016,0.010355377569794655
40298,0.006752610206604004,-0.16940414905548096,0.8702796101570129,14.066454887390137,0.026882363483309746
40302,-0.019706515595316887,-0.16310010850429535,0.9022303819656372,14.321807861328125,0.3011317849159241
40316,0.7316954731941223,0.0838174894452095,0.8868579268455505,8.604464530944824,3.5450215339660645
40337,0.9351931810379028,0.09391143172979355,0.800275981426239,7.073657989501953,4.266326904296875
40357,-1.877238154411316,-0.17035427689552307,0.9063173532485962,28.288488388061523,1.831054760259576e-05
40396,-0.5886260271072388,-0.1702766865491867,0.8158197402954102,18.394914627075195,0.00017547607421875
40425,0.6968362331390381,-0.043232567608356476,0.8661915063858032,8.704874038696289,0.21786880493164062
40436,0.9566082954406738,0.24579234421253204,0.8396730422973633,6.865948677062988,3.4344375133514404
40462,0.6311103105545044,-0.09637890011072159,0.9072604179382324,9.255767822265625,0.21150055527687073
40466,0.12386329472064972,-0.131897434592247,0.9090608954429626,13.250639915466309,0.21642246842384338
40468,1.4645613431930542,3.0418038368225098,0.8049938082695007,3.128647565841675,22.1281681060791
40498,0.2979830205440521,-0.12457640469074249,0.8631376624107361,11.854857444763184,0.4963197708129883
40501,-0.5480257868766785,-0.17028217017650604,0.9086746573448181,18.230968475341797,0.0015312194591388106
40519,0.7301155924797058,0.18283593654632568,0.8219181299209595,8.586783409118652,1.5446456670761108
40521,-0.7074256539344788,-0.17018190026283264,0.8691026568412781,19.163583755493164,0.0003273010370321572
40549,0.0813424214720726,-0.12392615526914597,0.8981351256370544,13.486950874328613,0.3418617248535156
40557,-1.4501452445983887,-0.17035266757011414,0.9109592437744141,24.927698135375977,7.62939453125e-06
40617,0.4775126576423645,-0.12226685136556625,0.9130164980888367,10.482383728027344,1.2178093194961548
40627,0.22956900298595428,-0.15290287137031555,0.908318817615509,12.3316068649292,-0.24843712151050568
40628,1.0253169536590576,0.7487562298774719,0.8625789880752563,6.345128536224365,6.715213298797607
40640,-1.5589765310287476,-0.17032121121883392,0.8978991508483887,25.938993453979492,0.0015739441150799394
40675,-0.566053569316864,-0.16993680596351624,0.9083148241043091,18.218162536621094,0.002573394915089011
40755,-0.3887781798839569,-0.17022980749607086,0.8349882960319519,16.96586799621582,0.0006591796991415322
40797,0.13222239911556244,-0.15942800045013428,0.8657732009887695,13.024024963378906,0.03552360460162163
40811,0.5542299151420593,-0.12533345818519592,0.8795930743217468,9.928290367126465,1.2618499994277954
40824,-0.8034409880638123,-0.1699054092168808,0.9032252430915833,20.137372970581055,0.01655273512005806
40836,0.7840690016746521,0.1021001860499382,0.8536686301231384,8.12452220916748,0.5842117667198181
40882,-0.1358363777399063,-0.16827382147312164,0.8721795082092285,15.194157600402832,0.1522723287343979
40884,0.06917020678520203,-0.16610686480998993,0.8944522142410278,13.560861587524414,0.05526299402117729
40894,-0.4645901322364807,-0.1700800657272339,0.8316898345947266,17.568084716796875,0.009038448333740234
40909,-0.04305434972047806,-0.16542623937129974,0.8743740320205688,14.108451843261719,0.004188251681625843
40920,-1.1647661924362183,-0.17009113729000092,0.8631606101989746,22.84587287902832,0.0009399414411745965
40946,-0.8776947855949402,-0.17007233202457428,0.8912593722343445,20.72652816772461,0.01181106548756361
40952,0.7514848709106445,0.120465949177742,0.840329647064209,8.361590385437012,1.0399898290634155
40991,-0.2890456020832062,-0.1690627485513687,0.909634530544281,16.140108108520508,0.0028200149536132812
41009,-0.0015105411875993013,-0.16114437580108643,0.864556610584259,13.97740650177002,0.02341613732278347
41029,0.9151601791381836,0.12746718525886536,0.8778316378593445,7.22072172164917,5.363430023193359
41045,0.9633383750915527,-0.016782505437731743,0.8264971971511841,6.814115047454834,0.9010761380195618
41064,-0.2211904078722,-0.15483590960502625,0.8759521842002869,15.705609321594238,0.03139305114746094
41088,-0.90651935338974,-0.17034001648426056,0.909099280834198,20.795455932617188,5.340576171875e-05
41106,0.39348018169403076,-0.15907566249370575,0.871819794178009,10.996825218200684,0.04445621371269226
41142,-0.6541799306869507,-0.17033758759498596,0.8741917610168457,18.947607040405273,0.0005172729725018144
41160,-1.1121104955673218,-0.16773715615272522,0.9008961915969849,22.519561767578125,0.007998657412827015
41177,0.46887436509132385,-0.12982177734375,0.8953596353530884,10.371352195739746,0.07721538841724396
41188,0.440009742975235,-0.029251158237457275,0.8756260871887207,10.573081016540527,0.1449136734008789
41203,0.10463681071996689,-0.15734924376010895,0.8912312388420105,13.30168628692627,0.2563594877719879
41293,1.0834741592407227,1.2983101606369019,0.8953325152397156,5.913500785827637,9.193191528320312
41297,-0.4631281793117523,-0.16777954995632172,0.8446530699729919,17.636962890625,0.026478959247469902
41309,0.6857463717460632,0.004855715669691563,0.8520894050598145,8.877039909362793,1.4878818988800049
41327,-1.512131929397583,-0.17035061120986938,0.8429298400878906,25.460248947143555,1.449584942747606e-05
41328,-0.2473444938659668,-0.13302814960479736,0.8722082376480103,16.14423942565918,1.6642788648605347
41331,0.4706314504146576,-0.054125841706991196,0.8596500754356384,10.431352615356445,0.18940429389476776
41341,0.28946852684020996,-0.16672931611537933,0.9128902554512024,11.875140190124512,0.05380697175860405
41379,0.5833296179771423,-0.0897919312119484,0.8212913870811462,9.60821533203125,0.1157505065202713
41387,-0.6890081167221069,-0.1703239381313324,0.8331842422485352,19.1298885345459,6.4849853515625e-05
41431,0.40056371688842773,-0.14740051329135895,0.8375981450080872,11.061910629272461,0.33971866965293884
41443,1.1389877796173096,0.8184280395507812,0.8662552237510681,5.582886219024658,10.77250862121582
41448,0.191242054104805,-0.14690017700195312,0.9126041531562805,12.72506046295166,0.5792865753173828
41464,-0.8715971112251282,-0.16875623166561127,0.8749383091926575,20.724872589111328,0.009577179327607155
41466,0.20125213265419006,0.027626892551779747,0.8497349619865417,12.36484432220459,0.3365035951137543
41487,0.6711126565933228,0.015489642508327961,0.882735550403595,8.922758102416992,0.3001823425292969
41516,0.4850502610206604,-0.11158221960067749,0.8320286870002747,10.463459968566895,0.8346393704414368
41528,0.9060409665107727,-0.16095492243766785,0.8870571255683899,7.269027233123779,1.2643158435821533
41537,0.7314441204071045,-0.03284207731485367,0.8919605612754822,8.56306266784668,1.2584480047225952
41552,0.18683093786239624,-0.16505107283592224,0.9145106673240662,12.618305206298828,0.026268769055604935
41558,0.8023365139961243,-0.10027071088552475,0.8797362446784973,8.000333786010742,0.34173470735549927
41561,-0.32112622261047363,-0.16839349269866943,0.8451283574104309,16.2988338470459,0.0027748108841478825
41593,0.5890698432922363,-0.11771601438522339,0.9155547022819519,9.537337303161621,0.1335628479719162
41603,0.7233547568321228,-0.04808361828327179,0.8339226841926575,8.646145820617676,1.0877453088760376
41621,0.6367045640945435,-0.03210972249507904,0.8639918565750122,9.342082977294922,0.9866607785224915
41668,-0.6055983304977417,-0.1695428490638733,0.8410801291465759,18.708942413330078,0.01108551025390625
41671,-0.3161402940750122,-0.16340643167495728,0.8287343978881836,16.214754104614258,0.01541213970631361
41672,0.8833638429641724,0.24947333335876465,0.8750297427177429,7.448233127593994,3.066614866256714
41684,-1.5458215475082397,-0.17035339772701263,0.8761023879051208,25.781599044799805,5.569458153331652e-05
41707,0.5512186884880066,-0.06492915004491806,0.8988623023033142,9.938355445861816,1.2059853076934814
41709,-0.39078444242477417,-0.16945034265518188,0.9223076105117798,17.095035552978516,0.037825968116521835
41778,-1.2471168041229248,-0.17035384476184845,0.9050268530845642,23.42763328552246,7.62939453125e-06
41785,-0.35808515548706055,-0.16511830687522888,0.9026649594306946,16.82023811340332,0.10299773514270782
41796,0.6638652682304382,-0.10364639759063721,0.8811103105545044,9.103193283081055,0.39426347613334656
41801,0.12909473478794098,-0.16127431392669678,0.8291007280349731,13.098776817321777,0.04503440856933594
41809,-0.7161402106285095,-0.17034094035625458,0.8944452404975891,19.292739868164062,4.136413554078899e-05
41830,0.8189296126365662,0.2523648738861084,0.8131093978881836,7.9659929275512695,3.821232557296753
41870,0.992702305316925,0.20030803978443146,0.7806290984153748,6.636167049407959,5.74335241317749
41873,-1.4612220525741577,-0.17035406827926636,0.8875978589057922,24.89154624938965,1.5258789289873675e-06
41909,0.496643602848053,-0.015126985497772694,0.8563885688781738,10.376036643981934,0.6767547726631165
41924,1.088892936706543,0.4861426055431366,0.7537091374397278,5.843907356262207,2.6313934326171875
41936,-0.45703125,-0.16854654252529144,0.8445773124694824,17.598508834838867,0.08203506469726562
41965,0.5177720785140991,-0.055872708559036255,0.787571907043457,10.156928062438965,0.4005264341831207
41981,0.30483993887901306,-0.15434953570365906,0.8918458223342896,11.704835891723633,0.036680031567811966
42013,0.221225306391716,-0.14942343533039093,0.9066066145896912,12.2200927734375,0.05448494106531143
42027,-1.5889918804168701,-0.17035415768623352,0.9114591479301453,25.907033920288086,5.34057608092553e-06
42049,-1.7280046939849854,-0.17034682631492615,0.8692952394485474,27.00025749206543,1.220703143189894e-05
42077,0.09963669627904892,-0.1469014286994934,0.8829683661460876,13.214278221130371,0.02822418324649334
42099,0.6131110191345215,-0.12473100423812866,0.89046710729599,9.342649459838867,0.08736228942871094
42108,-2.3194057941436768,-0.1703546643257141,0.9146192669868469,31.340042114257812,0.0
42156,0.914589524269104,-0.04018417000770569,0.8097754716873169,7.235897064208984,1.2242933511734009
42169,1.03623366355896,1.3297791481018066,0.6444306969642639,6.240073204040527,3.730266571044922
42186,0.9740285277366638,0.20704200863838196,0.8824407458305359,6.740825653076172,2.8922340869903564
42196,-0.3375789225101471,-0.16658250987529755,0.8095359206199646,16.624881744384766,0.013262367807328701
42261,-1.4893940687179565,-0.17035458981990814,0.8603262901306152,25.160619735717773,3.051757857974735e-06
42291,0.9414768218994141,0.3022136390209198,0.8531206250190735,6.980035305023193,3.840007781982422
42308,0.4124317169189453,-0.1335037797689438,0.9045501947402954,10.895922660827637,0.13692322373390198
42327,-0.28191637992858887,-0.1642335206270218,0.8286835551261902,16.222766876220703,0.026709748432040215
42340,0.5816631317138672,-0.0605381615459919,0.900709331035614,9.613957405090332,0.8485409021377563
42358,-0.4510668218135834,-0.16978247463703156,0.8745257258415222,17.384061813354492,0.0012523651821538806
42415,0.7059752941131592,0.09447402507066727,0.8686618804931641,8.766246795654297,2.6033096313476562
42416,0.8743306994438171,0.14761494100093842,0.8756248354911804,7.524977207183838,2.4924352169036865
42484,0.11692674458026886,-0.16696181893348694,0.846926212310791,13.167346000671387,0.018662644550204277
42509,0.3970454931259155,-0.08526112139225006,0.8890666961669922,11.110026359558105,0.8805168271064758
42510,0.7011328935623169,-0.12827420234680176,0.8574288487434387,8.629462242126465,0.08681412041187286
42525,-0.43644747138023376,-0.16388170421123505,0.8936576843261719,17.420133590698242,0.02251281775534153
42529,-0.786268949508667,-0.16999264061450958,0.9055652618408203,20.084030151367188,0.00684356689453125
42540,0.33697497844696045,-0.06579045206308365,0.8735612034797668,11.641242027282715,2.250128984451294
42562,0.9214205145835876,0.058711618185043335,0.8820380568504333,7.190948486328125,4.599451065063477
42565,0.03625602647662163,-0.1672808676958084,0.8458948135375977,13.625475883483887,0.009700394235551357
42567,0.913810670375824,0.21702826023101807,0.7872757315635681,7.1360015869140625,1.2145662307739258
42616,0.879176139831543,0.3707326650619507,0.8451523780822754,7.3584885597229,1.1776100397109985
42619,0.5270865559577942,-0.11715048551559448,0.8236293792724609,10.157429695129395,1.0675506591796875
42641,0.3115982711315155,-0.14967723190784454,0.8692945837974548,11.592192649841309,0.04419059678912163
42671,0.9387968182563782,0.6989310383796692,0.8453900218009949,6.999126434326172,2.1459548473358154
42679,0.5844389200210571,-0.08207046240568161,0.8804501891136169,9.550795555114746,0.1374979019165039
42712,-0.19852958619594574,-0.1701071858406067,0.883327305316925,15.51123332977295,0.0018383025890216231
42723,0.8185617327690125,-0.034161314368247986,0.8602852821350098,7.829325199127197,0.4256401062011719
42724,0.42982253432273865,-0.11782616376876831,0.8692353367805481,10.807964324951172,0.41461142897605896
42742,-1.0436140298843384,-0.1700514554977417,0.8947592973709106,21.982730865478516,0.01286926306784153
42756,-1.2448474168777466,-0.17033901810646057,0.9137400984764099,23.478538513183594,0.0006088257068768144
42777,-0.3781742751598358,-0.17008215188980103,0.9049359560012817,16.810523986816406,0.0003818511904682964
42778,-0.2071489542722702,-0.16962303221225739,0.8863043189048767,15.638163566589355,0.0052963257767260075
42780,-1.1046669483184814,-0.1703542321920395,0.9090345501899719,22.39125633239746,9.15527380129788e-06
42790,-0.9575585722923279,-0.170343279838562,0.9118160605430603,21.333463668823242,0.0003028869687113911
42850,0.41472434997558594,-0.06810949742794037,0.8873887062072754,10.93641185760498,0.4283439815044403
42858,0.4377771019935608,0.009297139011323452,0.8650792241096497,10.866670608520508,2.4017868041992188
42873,-0.4762161672115326,-0.1699877828359604,0.9133413434028625,17.572309494018555,0.0007398128509521484
42876,-0.7384853959083557,-0.16964703798294067,0.8829094171524048,19.612546920776367,0.0008148193592205644
42881,1.3187224864959717,6.073276519775391,0.6105737090110779,4.2154316902160645,42.73813247680664
42888,0.7804926633834839,0.16375607252120972,0.8667144775390625,8.225719451904297,1.2474136352539062
42893,0.3484615385532379,-0.13809111714363098,0.870247483253479,11.299477577209473,0.04517669603228569
42906,0.541308581829071,-0.11682950705289841,0.8419302105903625,9.961935043334961,0.11095695942640305
42923,-0.8277046084403992,-0.17032653093338013,0.8790460824966431,20.39266014099121,0.0012481689918786287
43021,-0.44967469573020935,-0.17013764381408691,0.9172273874282837,17.35948944091797,0.000411796587286517
43022,-0.05755821615457535,-0.15105699002742767,0.8946124315261841,14.622225761413574,0.22721748054027557
43026,-0.39996224641799927,-0.17028860747814178,0.8406347632408142,17.043073654174805,0.0012039184803143144
43027,-0.6819981932640076,-0.1698574721813202,0.9015622138977051,19.119632720947266,0.0004760742303915322
43069,-2.8750216960906982,-0.1703546643257141,0.869877815246582,35.52479553222656,0.0
43070,-1.1805588006973267,-0.17018833756446838,0.8434181213378906,22.895343780517578,0.00016479492478538305
43074,0.6007499694824219,-0.06813737004995346,0.8362213373184204,9.505711555480957,0.33887824416160583
43111,0.3312102258205414,-0.15488217771053314,0.8937051892280579,11.440465927124023,0.031104279682040215
43114,-0.9658240675926208,-0.17034831643104553,0.8905076384544373,21.328426361083984,0.00011444091796875
43117,-1.359379529953003,-0.17035463452339172,0.8988879323005676,24.1765193939209,1.5258789289873675e-06
43143,-0.22787201404571533,-0.16940928995609283,0.8920546770095825,15.741131782531738,0.0022369385696947575
43155,0.5439545512199402,-0.09370944648981094,0.8723313212394714,9.95346736907959,0.34542909264564514
43174,0.04970933124423027,-0.1633811742067337,0.8558318018913269,13.643322944641113,0.010136413387954235
43182,0.6445278525352478,0.06227777153253555,0.8890328407287598,9.057085990905762,1.8475639820098877
43210,0.045052919536828995,-0.16480830311775208,0.8072778582572937,13.737861633300781,0.03547210618853569
43250,0.8486427664756775,0.04672432690858841,0.893822968006134,7.696846008300781,1.5557377338409424
43258,0.9258925318717957,0.14768841862678528,0.8325330018997192,7.087925910949707,2.0228078365325928
43268,1.0085911750793457,0.862148106098175,0.8772252202033997,6.5293803215026855,13.972183227539062
43298,1.0159144401550293,0.31168827414512634,0.8537460565567017,6.409091949462891,1.9147099256515503
43302,-1.9826358556747437,-0.1703394055366516,0.9120222330093384,28.87239646911621,4.1961669921875e-05
43380,0.8312455415725708,-0.020040033385157585,0.9021817445755005,7.825099468231201,1.451951265335083
43390,-0.32156434655189514,-0.1678619086742401,0.8980790972709656,16.250333786010742,0.005657291505485773
43392,0.6377517580986023,0.19321398437023163,0.8223797082901001,9.342798233032227,8.205734252929688
43407,-0.2984773814678192,-0.16467712819576263,0.8222588896751404,16.098329544067383,0.009246826171875
43414,-0.5439448952674866,-0.16871151328086853,0.8850321769714355,18.254947662353516,0.01717700995504856
43426,0.6645780801773071,-0.0167470034211874,0.8639499545097351,9.132901191711426,3.1650733947753906
43431,0.258687824010849,-0.12084545195102692,0.8504596948623657,12.026449203491211,0.07233963161706924
43452,0.28064143657684326,-0.16223999857902527,0.8870471119880676,11.835371971130371,0.02804717980325222
43477,0.2662544548511505,-0.1418946385383606,0.8790976405143738,11.89399242401123,0.0942607894539833
43488,0.4345892071723938,-0.1216348335146904,0.8161649703979492,10.729340553283691,0.1360527127981186
43501,0.8791159987449646,0.25762730836868286,0.8522432446479797,7.314527988433838,1.054216742515564
43538,-0.9767469763755798,-0.16844813525676727,0.8997063040733337,21.407882690429688,0.001651001046411693
43561,-1.9946054220199585,-0.1703546643257141,0.9053373336791992,28.978515625,0.0
43581,1.010076880455017,0.4305284023284912,0.783167839050293,6.498786926269531,9.691512107849121
43588,-1.6947344541549683,-0.17035458981990814,0.8618883490562439,26.83546257019043,3.051757857974735e-06
43594,-0.4148108661174774,-0.16971254348754883,0.7808303236961365,17.076841354370117,0.0018440246349200606
43601,0.34912657737731934,-0.16808128356933594,0.868002712726593,11.393450736999512,0.01956787146627903
43611,1.0968010425567627,0.21278886497020721,0.8745827674865723,5.8269572257995605,3.166412353515625
43624,0.33965110778808594,-0.14531268179416656,0.8733661770820618,11.31241512298584,0.028998566791415215
43663,1.1627693176269531,2.129086494445801,0.6604424715042114,5.246530055999756,5.388017654418945
43666,-1.4303241968154907,-0.16933417320251465,0.8905110359191895,25.005863189697266,0.04705352708697319
43676,1.2299764156341553,2.1810319423675537,0.6756496429443359,4.821649074554443,6.160319805145264
43697,-0.8478195071220398,-0.17000189423561096,0.8936232924461365,20.506399154663086,0.007950401864945889
43734,0.8224167227745056,-0.055647075176239014,0.8829140663146973,7.886668682098389,0.654850423336029
43736,1.1199523210525513,1.2931987047195435,0.8049187660217285,5.585226058959961,3.447741746902466
43769,0.4780580699443817,-0.10712508112192154,0.88655024766922,10.482129096984863,0.36986419558525085
43820,-0.14982973039150238,-0.1697879433631897,0.8564982414245605,15.119264602661133,0.000518798828125
43862,0.22960297763347626,-0.1792081892490387,0.8831526041030884,12.35029125213623,0.11921081691980362
43864,0.2880210280418396,-0.13977865874767303,0.9067398905754089,11.911639213562012,0.06233501434326172
43888,-1.5472255945205688,-0.17035360634326935,0.882174015045166,25.717008590698242,4.882812572759576e-05
43905,0.8374778628349304,0.18991249799728394,0.8856716156005859,7.802110195159912,2.3185927867889404
43917,0.8732849359512329,0.3023746907711029,0.8590195775032043,7.503209590911865,3.554185628890991
43937,-2.388016700744629,-0.1703546643257141,0.9274011850357056,32.007877349853516,0.0
43958,-0.8217602968215942,-0.17041043937206268,0.8975502848625183,20.06977653503418,-0.00018134117999579757
43977,0.2853626310825348,-0.16450892388820648,0.9040443301200867,11.964568138122559,0.18426132202148438
43995,-0.15714381635189056,-0.16966703534126282,0.8571263551712036,15.155954360961914,0.001830291817896068
44011,0.23014536499977112,-0.05822562053799629,0.9075468182563782,12.261960983276367,0.3028724789619446
44014,0.09279239922761917,-0.14276842772960663,0.819765567779541,13.318739891052246,0.21247997879981995
44028,0.7299461960792542,-0.010613072663545609,0.8116912245750427,8.5426664352417,0.6479261517524719
44068,0.10862264782190323,-0.17742614448070526,0.9244247674942017,13.230949401855469,-0.008908462710678577
44099,0.5870398283004761,-0.08108311891555786,0.9062706232070923,9.568544387817383,0.10273923724889755
44163,-0.3809296786785126,-0.16985562443733215,0.857984721660614,16.84493064880371,0.00330352783203125
44194,1.067670226097107,0.5547871589660645,0.8491692543029785,6.000468730926514,3.557448148727417
44209,-1.0476346015930176,-0.1703868955373764,0.917592465877533,21.814321517944336,-4.19616708313697e-06
44224,0.28650805354118347,-0.15332002937793732,0.8276779055595398,11.97561264038086,0.29770660400390625
44239,-0.06698357313871384,-0.15160992741584778,0.8825356364250183,14.381784439086914,0.012378692626953125
44250,0.8239585161209106,-0.09518847614526749,0.8808008432388306,7.810779571533203,0.422526091337204
44251,-1.4366061687469482,-0.1703466773033142,0.9162858128547668,24.990177154541016,0.0003234863397665322
44255,0.4564732015132904,-0.08754022419452667,0.8310474753379822,10.59854507446289,0.4052698314189911
44258,-1.4930212497711182,-0.17023085057735443,0.9153060913085938,25.292089462280273,0.001273346017114818
44259,0.44271713495254517,-0.06567248702049255,0.8284878730773926,10.715117454528809,0.22509537637233734
44274,0.4876041114330292,-0.06344389170408249,0.9002107977867126,10.392618179321289,0.5025747418403625
44314,0.7000458836555481,-0.15607887506484985,0.8714761137962341,8.693100929260254,0.10598297417163849
44329,-1.2487393617630005,-0.16998784244060516,0.8999132513999939,23.459667205810547,0.005028534214943647
44365,0.08958583325147629,-0.15970571339130402,0.8918504118919373,13.157851219177246,0.001013898872770369
44387,0.8067640662193298,-0.02418607473373413,0.8663207292556763,7.931934356689453,0.576813817024231
44393,-0.12729154527187347,-0.16816985607147217,0.9089606404304504,15.013487815856934,0.01012420654296875
44405,0.2623039186000824,-0.13051871955394745,0.9046869277954102,12.189823150634766,1.481526494026184
44431,0.731942892074585,0.12470117956399918,0.8672108054161072,8.422416687011719,0.5745664834976196
44486,0.7853383421897888,-0.13391344249248505,0.9133380055427551,8.089716911315918,0.2992401123046875
44590,1.1502294540405273,0.12337923049926758,0.8436010479927063,5.406694412231445,3.1854703426361084
44597,1.1157783269882202,0.9851757287979126,0.7995980978012085,5.832339763641357,20.69977378845215
44600,-0.4506615102291107,-0.16923601925373077,0.8575628399848938,17.58491325378418,0.040668487548828125
44602,1.034408688545227,1.2721360921859741,0.7406805157661438,6.29052209854126,7.006556034088135
44611,0.6610271334648132,0.09984641522169113,0.8465151786804199,9.086714744567871,0.7030944228172302
44626,0.03837055340409279,-0.08175152540206909,0.9125540852546692,13.632743835449219,0.258148193359375
44654,0.14616595208644867,-0.1658848375082016,0.8593630194664001,12.92755126953125,0.024388505145907402
44695,0.6533348560333252,0.4311429560184479,0.58065265417099,9.085810661315918,1.5020866394042969
44733,0.7489337921142578,0.10556472837924957,0.9130240678787231,8.508767127990723,2.9996323585510254
44772,0.4146517217159271,-0.11047237366437912,0.8637863397598267,10.956812858581543,1.0572556257247925
44779,0.9201920628547668,0.1278706043958664,0.8720756769180298,7.205209255218506,8.267088890075684
44795,0.33355897665023804,-0.15061359107494354,0.8589810729026794,11.519845008850098,0.036943625658750534
44985,0.27192220091819763,-0.1249147281050682,0.8839799761772156,11.900260925292969,0.22468414902687073
44989,0.5513913631439209,0.023997146636247635,0.8571587800979614,9.785901069641113,0.2978347837924957
44999,0.11314566433429718,-0.16737225651741028,0.8226343393325806,13.20622730255127,0.020385360345244408
45072,0.681625485420227,-0.12408335506916046,0.8646823167800903,8.826056480407715,0.14745120704174042
45149,-0.12312191724777222,-0.16772852838039398,0.8718419075012207,14.877054214477539,0.00482177734375
45169,-1.272737741470337,-0.17035268247127533,0.9050244688987732,23.536054611206055,4.425048973644152e-05
45180,0.5317142605781555,-0.143374964594841,0.8437127470970154,10.037474632263184,0.11581306904554367
45227,-0.5910404324531555,-0.17031602561473846,0.905430257320404,18.55522918701172,0.001728057861328125
45247,0.24358351528644562,-0.15889789164066315,0.8834835290908813,12.220968246459961,0.13854371011257172
45266,-1.0203841924667358,-0.17035333812236786,0.9060788154602051,21.52861785888672,1.5258789289873675e-06
45305,0.8992745280265808,0.05017523095011711,0.8877869844436646,7.181286811828613,0.30631256103515625
45355,0.4840376377105713,-0.1204749122262001,0.8892402052879333,10.48404312133789,0.5648402571678162
45385,1.1219552755355835,0.6998986005783081,0.7295807003974915,5.612095355987549,3.485114336013794
45392,0.7914274334907532,-0.08752068877220154,0.9156277775764465,8.135562896728516,0.4983009397983551
45429,-0.27717408537864685,-0.165623277425766,0.8836652040481567,16.187543869018555,0.011757278814911842
45443,0.0646229013800621,-0.14399924874305725,0.8803917765617371,13.469159126281738,0.032975006848573685
45453,0.3510763645172119,-0.12346627563238144,0.861549973487854,11.391284942626953,0.9907814264297485
45524,0.558417022228241,-0.10569296032190323,0.9017203450202942,9.866047859191895,0.41168004274368286
45526,0.4136861264705658,-0.10260403156280518,0.8585329055786133,10.921542167663574,0.17456971108913422
45543,-1.0728693008422852,-0.17035362124443054,0.9108920097351074,21.96906089782715,3.051757857974735e-06
45575,0.5889955163002014,-0.05129662901163101,0.9077610373497009,9.56765079498291,0.4007011353969574
45592,-0.426588773727417,-0.17038725316524506,0.8886508345603943,17.238750457763672,0.0016955853207036853
45622,0.7355087399482727,-0.028364231809973717,0.8961436152458191,8.526445388793945,0.4333450496196747
45637,0.34197601675987244,-0.13531622290611267,0.9003151059150696,11.358457565307617,0.09196605533361435
45638,0.6606624722480774,-0.02124812640249729,0.8947383165359497,9.150253295898438,2.4169259071350098
45676,0.8730303049087524,-0.02179277502000332,0.83883136510849,7.480749607086182,0.7470272183418274
45693,0.09030548483133316,-0.16552390158176422,0.8553131222724915,13.304145812988281,0.029788970947265625
45719,0.912236213684082,0.39779698848724365,0.7765898108482361,7.147351264953613,2.6662521362304688
45741,0.6278104186058044,-0.09864044189453125,0.914428174495697,9.363664627075195,-0.45952606201171875
45751,0.38834089040756226,-0.08861728012561798,0.7032671570777893,11.043829917907715,0.08161087334156036
45753,-0.41909995675086975,-0.16418276727199554,0.9041119813919067,17.212390899658203,0.12071647495031357
45765,0.9089046716690063,0.08955661207437515,0.8552467226982117,7.25220251083374,5.58245849609375
45796,-2.067631721496582,-0.1703546643257141,0.9108363389968872,29.646453857421875,0.0
45799,0.034243229776620865,-0.168580561876297,0.8459082841873169,13.825640678405762,0.030479812994599342
45826,0.4050854742527008,-0.15957044064998627,0.9141780138015747,10.988978385925293,0.0460752509534359
45835,0.6988540887832642,0.04371384158730507,0.8087373971939087,8.844304084777832,5.379554748535156
45862,-1.7229257822036743,-0.1703546643257141,0.9027617573738098,26.930662155151367,0.0
45878,-1.815900206565857,-0.1703546643257141,0.753689706325531,27.66326332092285,0.0
45925,0.5463119745254517,-0.08787177503108978,0.9004195332527161,9.98397159576416,0.33013030886650085
45958,-2.1044199466705322,-0.1703546643257141,0.9059109687805176,29.85227394104004,0.0
45964,-0.5722053050994873,-0.16811291873455048,0.8936778903007507,18.231494903564453,0.002509689424186945
45970,0.9135387539863586,0.008873911574482918,0.8876087069511414,7.152173042297363,0.9378452301025391
45976,0.5230576395988464,-0.06177052855491638,0.8653610348701477,10.182052612304688,0.7928657531738281
45978,0.8427735567092896,0.43639811873435974,0.8602490425109863,7.785760402679443,10.955916404724121
46009,-2.234043836593628,-0.1703546643257141,0.9022321701049805,30.901626586914062,0.0
46042,0.90434330701828,0.6204947829246521,0.816214382648468,7.283769130706787,6.098885536193848
46043,0.36386433243751526,-0.11445321887731552,0.8444321751594543,11.334939002990723,0.1748705357313156
46050,-0.020740976557135582,-0.15350374579429626,0.8695188760757446,14.239108085632324,0.6474040150642395
46052,-0.7223658561706543,-0.17033188045024872,0.8721397519111633,19.403621673583984,0.0001162529006251134
46066,0.4385105073451996,-0.09330999851226807,0.8720548748970032,10.855862617492676,2.4686787128448486
46073,0.9037052392959595,0.22796045243740082,0.80018550157547,7.2551445960998535,0.5778908133506775
46092,-1.7287324666976929,-0.170354962348938,0.8678537607192993,26.937137603759766,-7.629394644936838e-07
46105,-0.2520328760147095,-0.14031051099300385,0.8823875784873962,15.91989803314209,0.06958770751953125
46144,-0.5491227507591248,-0.16992029547691345,0.9140579104423523,18.31287956237793,0.010875701904296875
46156,0.3915213644504547,0.15838532149791718,0.8717336654663086,11.00157642364502,0.7887588739395142
46170,0.41305771470069885,-0.16008584201335907,0.9251304864883423,10.870841979980469,0.05670204386115074
46180,-0.04633145406842232,-0.16006512939929962,0.8926853537559509,14.242512702941895,0.012646675109863281
46188,0.6596999168395996,0.006797743029892445,0.9094843864440918,9.122801780700684,2.3872878551483154
46252,-0.14528465270996094,-0.16895239055156708,0.8616564869880676,15.051567077636719,0.003661680268123746
46263,0.12963572144508362,-0.15583470463752747,0.8889434933662415,12.979616165161133,0.08007221668958664
46273,0.2897145748138428,-0.1528445929288864,0.9118496775627136,11.835944175720215,0.031626131385564804
46312,-0.44442692399024963,-0.16948162019252777,0.8825397491455078,17.347028732299805,0.0027172088157385588
46334,1.082005500793457,0.4101198613643646,0.7923410534858704,5.948282718658447,4.456223964691162
46340,-0.11716894060373306,-0.1693243384361267,0.8851229548454285,14.870694160461426,0.008067560382187366
46377,0.6675800085067749,-0.10339732468128204,0.9091376662254333,8.974574089050293,0.18196792900562286
46379,-1.3155573606491089,-0.17035406827926636,0.8807878494262695,23.95851707458496,2.7465821403893642e-05
46385,0.7440778613090515,0.08030688017606735,0.8547443747520447,8.425951957702637,0.7401708960533142
46407,0.4764918386936188,-0.05267650634050369,0.8847830891609192,10.548086166381836,1.5765571594238281
46418,-0.8815920948982239,-0.1705447882413864,0.8965797424316406,20.575790405273438,-0.00048542022705078125
46469,-0.8499343991279602,-0.1703443080186844,0.9353296160697937,20.4621639251709,0.000354766845703125
46473,0.17219533026218414,-0.16881023347377777,0.8175497055053711,12.742334365844727,0.016390515491366386
46492,-0.8083054423332214,-0.16938361525535583,0.8166396021842957,20.265453338623047,0.04409179836511612
46495,-0.9987516403198242,-0.1703537404537201,0.8698351979255676,21.510299682617188,4.272460864740424e-05
46535,0.6756442785263062,0.028978077694773674,0.6675192713737488,8.996695518493652,1.0046989917755127
46545,-0.05259793996810913,-0.16890883445739746,0.8776518106460571,14.2953462600708,0.004735183902084827
46550,0.24825258553028107,-0.1578502655029297,0.8674130439758301,12.038885116577148,0.08693256229162216
46558,0.5816035270690918,-0.07073821127414703,0.8449413180351257,9.70750904083252,1.0466135740280151
46577,0.47188591957092285,-0.1570461541414261,0.8675479292869568,10.52976131439209,0.00388336181640625
46600,0.8671916127204895,0.0018063074676319957,0.8816760182380676,7.472753047943115,0.6692013144493103
46602,-0.5666888952255249,-0.16977380216121674,0.8843109011650085,18.250173568725586,0.0003387451288290322
46612,-0.9354548454284668,-0.17034955322742462,0.8271719217300415,21.10508918762207,0.00012092590623069555
46622,-0.41674691438674927,-0.15708079934120178,0.8862910270690918,17.089847564697266,0.02301483228802681
46677,0.5068443417549133,-0.013963373377919197,0.8278965950012207,10.31283187866211,2.486304521560669
46743,0.3325066566467285,-0.12895607948303223,0.8367597460746765,11.613009452819824,1.1076780557632446
46791,0.02769719995558262,-0.16900914907455444,0.8751207590103149,13.765420913696289,0.00452842703089118
46804,-0.5026370286941528,-0.1698063462972641,0.8735325932502747,17.930082321166992,0.005577850621193647
46835,0.2873362600803375,-0.11703387647867203,0.8752462267875671,11.767878532409668,0.11042404174804688
46846,-0.18122242391109467,-0.16982480883598328,0.8179235458374023,15.383737564086914,0.00360450753942132
46868,0.200932577252388,-0.1461028754711151,0.8661815524101257,12.48606014251709,0.04549598693847656
46905,-1.5226916074752808,-0.17024356126785278,0.87750643491745,25.6557674407959,0.0030506134498864412
46912,0.9444330334663391,0.06659351289272308,0.8313104510307312,6.917964935302734,0.9032031893730164
46913,-0.777766227722168,-0.1700245589017868,0.903266429901123,19.949270248413086,0.01200028695166111
46921,-1.6183007955551147,-0.17006520926952362,0.9143062829971313,26.429044723510742,0.013348388485610485
46960,1.0414029359817505,0.08857216686010361,0.7915562987327576,6.160031318664551,1.1734352111816406
46970,0.10532120615243912,-0.1679331511259079,0.8555194735527039,13.259979248046875,0.030931854620575905
46971,0.7807146310806274,0.36587589979171753,0.8272672891616821,8.138045310974121,1.6702908277511597
46991,-0.04057391360402107,-0.1670123040676117,0.8998427391052246,14.29666805267334,0.0034038543235510588
47071,1.0973786115646362,0.5030986666679382,0.8364725112915039,5.8302130699157715,5.1843719482421875
47135,-1.2585281133651733,-0.17035384476184845,0.8746275305747986,23.49744415283203,3.814697265625e-05
47145,0.49047213792800903,-0.09027885645627975,0.9152749180793762,10.283321380615234,0.2864849269390106
47165,-0.6921045780181885,-0.17021630704402924,0.9186126589775085,19.130802154541016,0.0005846023559570312
47222,-0.03362278267741203,-0.16193261742591858,0.8557205200195312,14.38874340057373,0.09945183247327805
47302,-0.14440511167049408,-0.16746124625205994,0.9175521731376648,15.130925178527832,0.007103729527443647
47347,0.28673240542411804,-0.1594393104314804,0.8658270835876465,11.797416687011719,0.014794922433793545
47354,0.6754147410392761,0.32567980885505676,0.8193313479423523,8.902920722961426,0.6946666836738586
47369,0.39101433753967285,-0.14013934135437012,0.8849301338195801,11.101005554199219,0.12721538543701172
47396,-0.9144623875617981,-0.17036311328411102,0.9061024785041809,20.97707176208496,8.153915405273438e-05
47443,-1.9749943017959595,-0.1703546643257141,0.8918815851211548,28.868051528930664,0.0
47454,0.8692030906677246,0.21261203289031982,0.8324388861656189,7.463955879211426,1.2672470808029175
47464,0.34322476387023926,-0.1653929054737091,0.9213275909423828,11.421785354614258,0.006182861514389515
47472,1.1385059356689453,0.7732563614845276,0.8282954096794128,5.555591583251953,7.1726555824279785
47474,1.0516551733016968,1.2082347869873047,0.7925840020179749,6.09793758392334,4.790168762207031
47479,-0.09370289742946625,-0.1685536503791809,0.8923014998435974,14.691131591796875,0.0030635835137218237
47484,0.11240720003843307,-0.15227070450782776,0.8747894167900085,13.175834655761719,0.05835075303912163
47497,0.9489462971687317,0.19977234303951263,0.7180757522583008,6.841834545135498,0.7240329384803772
47499,-0.6316980719566345,-0.16984422504901886,0.7804443836212158,18.938268661499023,0.01092376746237278
47513,0.5965436100959778,-0.09948565810918808,0.9125123023986816,9.486371040344238,0.2038414031267166
47536,-0.23120927810668945,-0.16933029890060425,0.8822796940803528,15.590936660766602,0.0020034790504723787
47546,-1.9717508554458618,-0.1703546643257141,0.917103111743927,28.86713218688965,0.0
47552,0.919180691242218,0.3658023476600647,0.8311108946800232,7.090676307678223,3.241218328475952
47567,-0.6305750608444214,-0.169979527592659,0.9176721572875977,18.88819694519043,0.005803728010505438
47600,0.09035130590200424,-0.1581280529499054,0.8810311555862427,13.338175773620605,0.02743988111615181
47624,1.061583399772644,0.9293343424797058,0.7587491869926453,6.0296149253845215,4.3151350021362305
47640,-0.24530823528766632,-0.16901889443397522,0.8900272250175476,15.836989402770996,0.0032778263557702303
47649,0.0726344883441925,-0.15930593013763428,0.8864364624023438,13.552156448364258,0.36065369844436646
47653,-1.6229937076568604,-0.1703508496284485,0.8935312628746033,26.307096481323242,4.043579247081652e-05
47707,0.8364558219909668,0.01620197854936123,0.8320204019546509,7.777236461639404,0.8978478312492371
47756,1.289546012878418,2.9481661319732666,0.6818987727165222,4.346847057342529,12.787627220153809
47760,0.8058967590332031,-0.01235157623887062,0.7531841993331909,8.050468444824219,1.4531768560409546
47790,-0.12130991369485855,-0.16492252051830292,0.9094030261039734,15.052705764770508,0.05781860277056694
47792,1.1383832693099976,1.7937530279159546,0.5122248530387878,5.483510971069336,8.609735488891602
47811,0.8268133401870728,0.32108089327812195,0.782400906085968,7.845103740692139,3.6001853942871094
47833,1.1559456586837769,0.9903742671012878,0.7017993330955505,5.348647594451904,6.067872524261475
47873,0.4636523723602295,-0.14638619124889374,0.9146587252616882,10.488493919372559,0.07746201008558273
47874,0.9485622644424438,0.5756693482398987,0.8062077760696411,6.9185357093811035,2.0174973011016846
47888,0.8645238280296326,0.11203395575284958,0.8339409232139587,7.538745403289795,1.3684723377227783
47937,0.6967051029205322,-0.0532049722969532,0.8842161297798157,8.748867988586426,0.620975136756897
47965,-0.2974034547805786,-0.16690096259117126,0.8422891497612,16.317840576171875,0.011491775512695312
47976,-0.6805235743522644,-0.16995596885681152,0.8814363479614258,19.14375114440918,0.0016006469959393144
48022,0.7085863947868347,-0.0018720291554927826,0.8620876669883728,8.685218811035156,0.366738885641098
48027,1.1202807426452637,1.0604990720748901,0.8220909237861633,5.69906759262085,8.823081970214844
48043,0.7359322905540466,-0.12163074314594269,0.8953524827957153,8.540156364440918,0.6817446947097778
48047,0.9871116876602173,0.34193697571754456,0.8468068242073059,6.670426845550537,3.9500749111175537
48057,0.5273841619491577,-0.14647498726844788,0.8910261392593384,10.055403709411621,0.14813461899757385
48065,-0.4659070670604706,-0.16978499293327332,0.9155184626579285,17.618907928466797,0.0050643919967114925
48067,0.15600575506687164,-0.13488911092281342,0.8965105414390564,13.029184341430664,0.7591854333877563
48072,0.6568709015846252,-0.0601322166621685,0.8561188578605652,9.054231643676758,0.25696679949760437
48142,0.23357510566711426,-0.11923632770776749,0.8955568671226501,12.2401762008667,0.2997364103794098
48167,-2.3572003841400146,-0.17035450041294098,0.8919846415519714,31.843521118164062,7.62939453125e-06
48188,0.8952720761299133,0.20656542479991913,0.859448254108429,7.400269985198975,2.6843698024749756
48203,-0.1547078639268875,-0.16297028958797455,0.8715438842773438,15.332037925720215,0.34053221344947815
48206,0.12501667439937592,-0.16831083595752716,0.9047717452049255,13.047823905944824,0.0026556493248790503
48218,0.8087234497070312,0.0795806348323822,0.9119950532913208,7.972496032714844,0.6238689422607422
48230,0.4300636947154999,-0.11081133037805557,0.8628097772598267,10.870243072509766,0.49162158370018005
48267,0.7490421533584595,-0.01618817262351513,0.8040297627449036,8.350951194763184,0.3257916569709778
48337,-1.2970521450042725,-0.17006956040859222,0.907426655292511,23.952787399291992,0.0021301270462572575
48352,-0.0031027698423713446,-0.15278063714504242,0.8743080496788025,13.9913969039917,0.023476028814911842
48369,0.832563042640686,0.012274395674467087,0.8915848731994629,7.8027825355529785,2.0362548828125
48400,0.7682632803916931,0.23148536682128906,0.8725019693374634,8.159331321716309,0.9581274390220642
48406,0.9328137636184692,0.10985435545444489,0.9050104022026062,7.04058837890625,0.9887005090713501
48446,-0.2612672746181488,-0.1701466292142868,0.809382438659668,15.857553482055664,0.0004241943533997983
48448,-0.29933398962020874,-0.14559994637966156,0.8685579299926758,16.21625518798828,0.06305847316980362
48463,0.014224312268197536,-0.1657930612564087,0.6126210689544678,13.900242805480957,0.011494445614516735
48473,-0.07754931598901749,-0.1673695296049118,0.9161713719367981,14.583197593688965,0.006975793745368719
48483,0.17663882672786713,-0.11332813650369644,0.7831570506095886,12.684935569763184,0.06768798828125
48511,0.18277491629123688,-0.1628538817167282,0.903512179851532,12.679737091064453,0.12200774997472763
48532,0.7171601057052612,-0.06666361540555954,0.9263200759887695,8.662898063659668,0.8129951357841492
48542,0.883600652217865,0.8244242072105408,0.8019092679023743,7.345088481903076,1.5573029518127441
48565,0.27902427315711975,-0.16075323522090912,0.8803899884223938,11.921605110168457,0.031583022326231
48582,0.06063349172472954,-0.1587158441543579,0.868782639503479,13.58659553527832,0.014537811279296875
48593,-1.2637172937393188,-0.17033107578754425,0.8865357637405396,23.44077491760254,5.187988426769152e-05
48607,-1.232743501663208,-0.1702706217765808,0.894608199596405,23.352811813354492,0.0003036498965229839
48619,0.6437650322914124,-0.09403986483812332,0.8769368529319763,9.252069473266602,2.402470111846924
48627,0.5354689955711365,-0.1635572612285614,0.8054381608963013,9.991015434265137,0.02126617543399334
48650,0.5349431037902832,-0.1511390656232834,0.8553673028945923,10.008188247680664,0.09171600639820099
48658,-1.075179100036621,-0.1703394055366516,0.9024834632873535,22.119922637939453,0.00011215209815418348
48664,0.9049507975578308,0.3454311192035675,0.8084205985069275,7.3207902908325195,6.6885666847229
48723,0.35908418893814087,0.00722764665260911,0.8528127074241638,11.285957336425781,0.7215477228164673
48747,-0.7938259840011597,-0.1703229397535324,0.8664187788963318,20.002765655517578,8.068084571277723e-05
48753,-0.42478156089782715,-0.15773004293441772,0.9103875160217285,17.255504608154297,0.037477876991033554
48789,-0.5536884665489197,-0.1703614443540573,0.9175035357475281,18.111534118652344,-0.00012130737741244957
48795,0.39709827303886414,-0.13260650634765625,0.8642569780349731,11.113924026489258,0.5538291931152344
48804,-1.0274335145950317,-0.17035281658172607,0.9053134322166443,21.782331466674805,8.544921729480848e-05
48841,0.9287363290786743,0.5724983811378479,0.8012921214103699,6.987187385559082,1.7744629383087158
48854,-1.061659574508667,-0.17033682763576508,0.899405300617218,21.88382911682129,9.918212890625e-05
48895,0.32707884907722473,-0.11937083303928375,0.8663169145584106,11.551651954650879,0.085088349878788
48913,-0.4402427673339844,-0.17018191516399384,0.902589738368988,17.282163619995117,0.0004089355643372983
48925,0.0016243190038949251,-0.1582764983177185,0.9246106147766113,13.959513664245605,0.031804561614990234
48940,0.03436446189880371,-0.11221282929182053,0.9069616198539734,13.765695571899414,0.09570031613111496
48941,-0.946556031703949,-0.1702905148267746,0.8948301672935486,21.06980323791504,0.0001941680966410786
48974,0.7870354056358337,-0.09367240965366364,0.8288871049880981,8.085904121398926,0.21546602249145508
48977,-0.9033641815185547,-0.17033751308918,0.8510268330574036,20.745464324951172,4.1961669921875e-05
48983,-0.27494117617607117,-0.16999489068984985,0.823032796382904,16.14877700805664,0.002502060029655695
49028,0.9914766550064087,0.6021297574043274,0.8004968762397766,6.582839488983154,2.1378495693206787
49039,0.8359274864196777,-0.11061077564954758,0.9073993563652039,7.812242031097412,3.8667187690734863
49046,-0.5109102129936218,-0.17014047503471375,0.8005571365356445,17.838191986083984,0.0006202697986736894
49061,-0.7517610192298889,-0.17034806311130524,0.9018991589546204,19.66075897216797,5.8746340073412284e-05
49076,-0.08507508039474487,-0.16721709072589874,0.8645225763320923,14.649121284484863,0.011652374640107155
49082,0.9920763373374939,0.8531416058540344,0.8445591926574707,6.609175205230713,3.4040215015411377
49094,-0.141967311501503,-0.16424493491649628,0.8903396725654602,15.212577819824219,0.09362316131591797
49095,-1.8033764362335205,-0.1703546643257141,0.888807475566864,27.54638671875,0.0
49110,-0.2470112144947052,-0.16329768300056458,0.8948958516120911,15.783279418945312,0.00959091167896986
49119,-0.781794011592865,-0.16511742770671844,0.8997527360916138,19.975637435913086,0.012126159854233265
49135,1.039794921875,0.512526273727417,0.6332904696464539,6.222560405731201,3.3400864601135254
49145,-0.553167462348938,-0.16837532818317413,0.9312565922737122,18.195310592651367,0.008115005679428577
49171,0.3970644176006317,-0.1264023631811142,0.8896607756614685,11.05225658416748,0.15878906846046448
49192,0.25717952847480774,-0.15991301834583282,0.8647152185440063,11.915362358093262,0.018829345703125
49200,-0.3114777207374573,-0.16765742003917694,0.8909305930137634,16.44821548461914,0.014184951782226562
49212,0.7448366284370422,0.3565651476383209,0.8303293585777283,8.462946891784668,2.036383867263794
49214,0.0752430334687233,-0.11702560633420944,0.8766965866088867,13.460182189941406,0.1160898208618164
49261,0.8285166621208191,0.08960313349962234,0.7715668082237244,7.888343334197998,2.8298134803771973
49265,0.5329608917236328,0.04129438102245331,0.7984862327575684,9.919912338256836,0.23552799224853516
49279,0.6803519129753113,-0.09326855093240738,0.8545618057250977,8.88829231262207,0.2747291624546051
49285,-0.2363394945859909,-0.1525057554244995,0.8627327084541321,15.730798721313477,0.04078827053308487
49289,-0.01682935655117035,-0.15113116800785065,0.9185943007469177,14.386691093444824,0.30477142333984375
49305,-0.2738477289676666,-0.16395479440689087,0.911243736743927,16.275270462036133,0.28395214676856995
49312,0.5157795548439026,-0.088920459151268,0.90509432554245,10.186178207397461,0.6390838623046875
49351,0.6458196043968201,-0.04314664751291275,0.9106540083885193,9.271323204040527,1.8640724420547485
49353,-0.3565080165863037,-0.1700567752122879,0.8619428873062134,16.721105575561523,0.0025054931174963713
49361,0.5178611874580383,-0.13227896392345428,0.8373619318008423,10.101311683654785,0.12168579548597336
49364,0.6233198046684265,0.0368080735206604,0.7507761716842651,9.283465385437012,0.3611335754394531
49394,0.5813977122306824,-0.023393748328089714,0.881314754486084,9.7542142868042,4.806621074676514
49404,1.1629130840301514,1.012190818786621,0.8555677533149719,5.329854488372803,7.354629039764404
49406,0.7251848578453064,-0.01888957805931568,0.8888427019119263,8.647331237792969,1.6198112964630127
49464,0.024599019438028336,-0.1577395498752594,0.8973858952522278,14.000090599060059,0.1318798065185547
49516,-0.2271815836429596,-0.1662134826183319,0.9229500889778137,15.708475112915039,0.018983840942382812
49537,0.1285642832517624,-0.14706581830978394,0.8934144973754883,13.120429992675781,0.2200649231672287
49581,0.6520761847496033,-0.0076878308318555355,0.891823410987854,9.205574035644531,3.1947591304779053
49584,0.07407989352941513,-0.1429397463798523,0.8776167035102844,13.483977317810059,0.07133102416992188
49607,-0.5708557963371277,-0.16956795752048492,0.888714611530304,18.37580108642578,0.03338165208697319
49621,0.5083959698677063,-0.14883939921855927,0.9042603373527527,10.127171516418457,0.03371582180261612
49624,-0.7185239195823669,-0.16960279643535614,0.8959266543388367,19.368654251098633,0.00397491455078125
49639,-3.3653175830841064,-0.1703243851661682,0.9190191626548767,39.7142333984375,0.00139617919921875
49667,0.25201451778411865,-0.09732398390769958,0.8686885833740234,12.167062759399414,2.4881436824798584
49698,-0.2155563086271286,-0.16985006630420685,0.8682485818862915,15.565828323364258,0.0029964447021484375
49704,0.39889785647392273,-0.19076131284236908,0.8352136611938477,11.008947372436523,-0.010534095577895641
49747,0.7825796604156494,0.2861587703227997,0.8946440815925598,8.17831802368164,2.5482819080352783
49754,-0.5110902190208435,-0.1701778620481491,0.8654295802116394,17.92622947692871,0.001452636788599193
49776,0.6544846296310425,-0.10103299468755722,0.8649751543998718,9.148795127868652,0.3729337751865387
49798,0.8038045167922974,0.23477326333522797,0.8565340042114258,8.084031105041504,8.453337669372559
49804,0.6673551797866821,-0.046933043748140335,0.8482052087783813,8.998702049255371,0.5714594721794128
49808,0.7717859745025635,0.10825907438993454,0.8764743804931641,8.309147834777832,4.985978603363037
49813,-1.0086933374404907,-0.17033538222312927,0.8577084541320801,21.65853500366211,0.00011444091796875
49829,0.6938511729240417,0.000661507248878479,0.8845667243003845,8.839755058288574,1.2016655206680298
49853,0.3985617160797119,-0.14525483548641205,0.7942309975624084,11.086915016174316,0.18081513047218323
49862,-0.3659417927265167,-0.16778694093227386,0.7321123480796814,16.862356185913086,0.09130726009607315
49923,-1.1285136938095093,-0.17034940421581268,0.8701848983764648,22.54174041748047,0.00013465881056617945
49929,-0.12102784216403961,-0.16824255883693695,0.8176324963569641,15.002534866333008,0.02201688289642334
49949,-0.1197812557220459,-0.16438178718090057,0.8775432705879211,14.910819053649902,0.018068313598632812
49962,-0.8711317181587219,-0.17034943401813507,0.8956106305122375,20.530996322631836,5.569458153331652e-05
49966,-0.05092247948050499,-0.06846009939908981,0.8874923586845398,14.609435081481934,4.2411274909973145
49996,0.6803538203239441,-0.13284491002559662,0.7459908127784729,8.950211524963379,0.30900880694389343
