===== 2026-08-26T05:32:37+00:00 =====
1, 34316 MiB, 143771 MiB, 98 %, 41
2, 30628 MiB, 143771 MiB, 98 %, 43
3, 30630 MiB, 143771 MiB, 98 %, 42
4, 1 MiB, 143771 MiB, 0 %, 30
5, 1 MiB, 143771 MiB, 0 %, 31
cache_nets=27
completed_experiments=0
timestamp	item	phase	state	rc	detail
2026-08-26T05:32:37+00:00	cache	precompute	started	-	separate non-racing cache; max four trainings per GPU 4/5
2026-08-26T05:32:37+00:00	cache	precompute	inventory	-	missing=45 seeded=27
2026-08-26T05:32:37+00:00	precompute_batch_1	scheduler	started	-	up to 8 jobs; four per physical GPU
2026-08-26T05:32:37+00:00	pre_ConvNetBN_surrogate_16	precompute	running	-	physical_gpu=4
2026-08-26T05:32:37+00:00	pre_ConvNetBN_surrogate_18	precompute	running	-	physical_gpu=4
2026-08-26T05:32:37+00:00	pre_ConvNetBN_surrogate_17	precompute	running	-	physical_gpu=5
2026-08-26T05:32:37+00:00	pre_ConvNetBN_surrogate_19	precompute	running	-	physical_gpu=5
2026-08-26T05:32:37+00:00	pre_ConvNetBN_victim_2	precompute	running	-	physical_gpu=4
2026-08-26T05:32:37+00:00	pre_ConvNetBN_victim_0	precompute	running	-	physical_gpu=4
2026-08-26T05:32:37+00:00	pre_ConvNetBN_victim_1	precompute	running	-	physical_gpu=5
2026-08-26T05:32:37+00:00	pre_ConvNetBN_victim_3	precompute	running	-	physical_gpu=5
===== 2026-08-26T05:37:37+00:00 =====
1, 51112 MiB, 143771 MiB, 98 %, 43
2, 47420 MiB, 143771 MiB, 98 %, 44
3, 47420 MiB, 143771 MiB, 98 %, 42
4, 7834 MiB, 143771 MiB, 96 %, 39
5, 7834 MiB, 143771 MiB, 96 %, 40
cache_nets=35
completed_experiments=0
2026-08-26T05:35:46+00:00	pre_ConvNetBN_surrogate_16	precompute	complete	0	physical_gpu=4
2026-08-26T05:35:48+00:00	pre_ConvNetBN_surrogate_18	precompute	complete	0	physical_gpu=4
2026-08-26T05:35:48+00:00	pre_ConvNetBN_surrogate_19	precompute	complete	0	physical_gpu=5
2026-08-26T05:35:48+00:00	pre_ConvNetBN_surrogate_17	precompute	complete	0	physical_gpu=5
2026-08-26T05:35:48+00:00	precompute_batch_1	scheduler	complete	0	children=8
2026-08-26T05:35:48+00:00	precompute_batch_2	scheduler	started	-	up to 8 jobs; four per physical GPU
2026-08-26T05:35:48+00:00	pre_ResNet20BN_surrogate_4	precompute	running	-	physical_gpu=4
2026-08-26T05:35:48+00:00	pre_ResNet20BN_surrogate_5	precompute	running	-	physical_gpu=5
2026-08-26T05:35:48+00:00	pre_ResNet20BN_surrogate_6	precompute	running	-	physical_gpu=4
2026-08-26T05:35:48+00:00	pre_ResNet20BN_surrogate_7	precompute	running	-	physical_gpu=5
2026-08-26T05:35:48+00:00	pre_ResNet20BN_surrogate_8	precompute	running	-	physical_gpu=4
2026-08-26T05:35:48+00:00	pre_ResNet20BN_surrogate_9	precompute	running	-	physical_gpu=5
2026-08-26T05:35:48+00:00	pre_ResNet20BN_surrogate_10	precompute	running	-	physical_gpu=4
2026-08-26T05:35:48+00:00	pre_ResNet20BN_surrogate_11	precompute	running	-	physical_gpu=5
===== 2026-08-26T05:42:38+00:00 =====
1, 51112 MiB, 143771 MiB, 98 %, 42
2, 47420 MiB, 143771 MiB, 98 %, 44
3, 47420 MiB, 143771 MiB, 98 %, 42
4, 7834 MiB, 143771 MiB, 96 %, 39
5, 7834 MiB, 143771 MiB, 96 %, 40
cache_nets=35
completed_experiments=0
2026-08-26T05:35:46+00:00	pre_ConvNetBN_surrogate_16	precompute	complete	0	physical_gpu=4
2026-08-26T05:35:48+00:00	pre_ConvNetBN_surrogate_18	precompute	complete	0	physical_gpu=4
2026-08-26T05:35:48+00:00	pre_ConvNetBN_surrogate_19	precompute	complete	0	physical_gpu=5
2026-08-26T05:35:48+00:00	pre_ConvNetBN_surrogate_17	precompute	complete	0	physical_gpu=5
2026-08-26T05:35:48+00:00	precompute_batch_1	scheduler	complete	0	children=8
2026-08-26T05:35:48+00:00	precompute_batch_2	scheduler	started	-	up to 8 jobs; four per physical GPU
2026-08-26T05:35:48+00:00	pre_ResNet20BN_surrogate_4	precompute	running	-	physical_gpu=4
2026-08-26T05:35:48+00:00	pre_ResNet20BN_surrogate_5	precompute	running	-	physical_gpu=5
2026-08-26T05:35:48+00:00	pre_ResNet20BN_surrogate_6	precompute	running	-	physical_gpu=4
2026-08-26T05:35:48+00:00	pre_ResNet20BN_surrogate_7	precompute	running	-	physical_gpu=5
2026-08-26T05:35:48+00:00	pre_ResNet20BN_surrogate_8	precompute	running	-	physical_gpu=4
2026-08-26T05:35:48+00:00	pre_ResNet20BN_surrogate_9	precompute	running	-	physical_gpu=5
2026-08-26T05:35:48+00:00	pre_ResNet20BN_surrogate_10	precompute	running	-	physical_gpu=4
2026-08-26T05:35:48+00:00	pre_ResNet20BN_surrogate_11	precompute	running	-	physical_gpu=5
===== 2026-08-26T05:47:38+00:00 =====
1, 51112 MiB, 143771 MiB, 98 %, 42
2, 47420 MiB, 143771 MiB, 98 %, 44
3, 47420 MiB, 143771 MiB, 98 %, 43
4, 7834 MiB, 143771 MiB, 96 %, 39
5, 7834 MiB, 143771 MiB, 95 %, 40
cache_nets=43
completed_experiments=0
2026-08-26T05:45:21+00:00	pre_ResNet20BN_surrogate_7	precompute	complete	0	physical_gpu=5
2026-08-26T05:45:22+00:00	pre_ResNet20BN_surrogate_11	precompute	complete	0	physical_gpu=5
2026-08-26T05:45:23+00:00	pre_ResNet20BN_surrogate_5	precompute	complete	0	physical_gpu=5
2026-08-26T05:45:23+00:00	pre_ResNet20BN_surrogate_4	precompute	complete	0	physical_gpu=4
2026-08-26T05:45:23+00:00	precompute_batch_2	scheduler	complete	0	children=8
2026-08-26T05:45:23+00:00	precompute_batch_3	scheduler	started	-	up to 8 jobs; four per physical GPU
2026-08-26T05:45:23+00:00	pre_ResNet20BN_surrogate_12	precompute	running	-	physical_gpu=4
2026-08-26T05:45:23+00:00	pre_ResNet20BN_surrogate_13	precompute	running	-	physical_gpu=5
2026-08-26T05:45:23+00:00	pre_ResNet20BN_surrogate_14	precompute	running	-	physical_gpu=4
2026-08-26T05:45:23+00:00	pre_ResNet20BN_surrogate_15	precompute	running	-	physical_gpu=5
2026-08-26T05:45:23+00:00	pre_ResNet20BN_surrogate_16	precompute	running	-	physical_gpu=4
2026-08-26T05:45:23+00:00	pre_ResNet20BN_surrogate_17	precompute	running	-	physical_gpu=5
2026-08-26T05:45:23+00:00	pre_ResNet20BN_surrogate_18	precompute	running	-	physical_gpu=4
2026-08-26T05:45:23+00:00	pre_ResNet20BN_surrogate_19	precompute	running	-	physical_gpu=5
===== 2026-08-26T05:52:38+00:00 =====
1, 51112 MiB, 143771 MiB, 98 %, 42
2, 47420 MiB, 143771 MiB, 98 %, 44
3, 47420 MiB, 143771 MiB, 98 %, 43
4, 7834 MiB, 143771 MiB, 96 %, 39
5, 7834 MiB, 143771 MiB, 95 %, 40
cache_nets=43
completed_experiments=0
2026-08-26T05:45:21+00:00	pre_ResNet20BN_surrogate_7	precompute	complete	0	physical_gpu=5
2026-08-26T05:45:22+00:00	pre_ResNet20BN_surrogate_11	precompute	complete	0	physical_gpu=5
2026-08-26T05:45:23+00:00	pre_ResNet20BN_surrogate_5	precompute	complete	0	physical_gpu=5
2026-08-26T05:45:23+00:00	pre_ResNet20BN_surrogate_4	precompute	complete	0	physical_gpu=4
2026-08-26T05:45:23+00:00	precompute_batch_2	scheduler	complete	0	children=8
2026-08-26T05:45:23+00:00	precompute_batch_3	scheduler	started	-	up to 8 jobs; four per physical GPU
2026-08-26T05:45:23+00:00	pre_ResNet20BN_surrogate_12	precompute	running	-	physical_gpu=4
2026-08-26T05:45:23+00:00	pre_ResNet20BN_surrogate_13	precompute	running	-	physical_gpu=5
2026-08-26T05:45:23+00:00	pre_ResNet20BN_surrogate_14	precompute	running	-	physical_gpu=4
2026-08-26T05:45:23+00:00	pre_ResNet20BN_surrogate_15	precompute	running	-	physical_gpu=5
2026-08-26T05:45:23+00:00	pre_ResNet20BN_surrogate_16	precompute	running	-	physical_gpu=4
2026-08-26T05:45:23+00:00	pre_ResNet20BN_surrogate_17	precompute	running	-	physical_gpu=5
2026-08-26T05:45:23+00:00	pre_ResNet20BN_surrogate_18	precompute	running	-	physical_gpu=4
2026-08-26T05:45:23+00:00	pre_ResNet20BN_surrogate_19	precompute	running	-	physical_gpu=5
===== 2026-08-26T05:57:39+00:00 =====
1, 51112 MiB, 143771 MiB, 98 %, 43
2, 44276 MiB, 143771 MiB, 98 %, 43
3, 47420 MiB, 143771 MiB, 98 %, 41
4, 8158 MiB, 143771 MiB, 97 %, 41
5, 8158 MiB, 143771 MiB, 97 %, 41
cache_nets=51
completed_experiments=0
2026-08-26T05:55:04+00:00	pre_ResNet20BN_surrogate_17	precompute	complete	0	physical_gpu=5
2026-08-26T05:55:05+00:00	pre_ResNet20BN_surrogate_19	precompute	complete	0	physical_gpu=5
2026-08-26T05:55:11+00:00	pre_ResNet20BN_surrogate_13	precompute	complete	0	physical_gpu=5
2026-08-26T05:55:14+00:00	pre_ResNet20BN_surrogate_15	precompute	complete	0	physical_gpu=5
2026-08-26T05:55:14+00:00	precompute_batch_3	scheduler	complete	0	children=8
2026-08-26T05:55:14+00:00	precompute_batch_4	scheduler	started	-	up to 8 jobs; four per physical GPU
2026-08-26T05:55:14+00:00	pre_ResNet20BN_victim_0	precompute	running	-	physical_gpu=4
2026-08-26T05:55:14+00:00	pre_ResNet20BN_victim_1	precompute	running	-	physical_gpu=5
2026-08-26T05:55:14+00:00	pre_ResNet20BN_victim_2	precompute	running	-	physical_gpu=4
2026-08-26T05:55:14+00:00	pre_ResNet20BN_victim_3	precompute	running	-	physical_gpu=5
2026-08-26T05:55:14+00:00	pre_VGG13BN_surrogate_7	precompute	running	-	physical_gpu=4
2026-08-26T05:55:14+00:00	pre_VGG13BN_surrogate_8	precompute	running	-	physical_gpu=5
2026-08-26T05:55:14+00:00	pre_VGG13BN_surrogate_9	precompute	running	-	physical_gpu=4
2026-08-26T05:55:14+00:00	pre_VGG13BN_surrogate_10	precompute	running	-	physical_gpu=5
===== 2026-08-26T06:02:39+00:00 =====
1, 52704 MiB, 143771 MiB, 98 %, 41
2, 48134 MiB, 143771 MiB, 98 %, 43
3, 48634 MiB, 143771 MiB, 98 %, 42
4, 3931 MiB, 143771 MiB, 98 %, 38
5, 3931 MiB, 143771 MiB, 96 %, 39
cache_nets=55
completed_experiments=0
2026-08-26T05:55:14+00:00	precompute_batch_3	scheduler	complete	0	children=8
2026-08-26T05:55:14+00:00	precompute_batch_4	scheduler	started	-	up to 8 jobs; four per physical GPU
2026-08-26T05:55:14+00:00	pre_ResNet20BN_victim_0	precompute	running	-	physical_gpu=4
2026-08-26T05:55:14+00:00	pre_ResNet20BN_victim_1	precompute	running	-	physical_gpu=5
2026-08-26T05:55:14+00:00	pre_ResNet20BN_victim_2	precompute	running	-	physical_gpu=4
2026-08-26T05:55:14+00:00	pre_ResNet20BN_victim_3	precompute	running	-	physical_gpu=5
2026-08-26T05:55:14+00:00	pre_VGG13BN_surrogate_7	precompute	running	-	physical_gpu=4
2026-08-26T05:55:14+00:00	pre_VGG13BN_surrogate_8	precompute	running	-	physical_gpu=5
2026-08-26T05:55:14+00:00	pre_VGG13BN_surrogate_9	precompute	running	-	physical_gpu=4
2026-08-26T05:55:14+00:00	pre_VGG13BN_surrogate_10	precompute	running	-	physical_gpu=5
2026-08-26T06:02:06+00:00	pre_VGG13BN_surrogate_8	precompute	complete	0	physical_gpu=5
2026-08-26T06:02:07+00:00	pre_VGG13BN_surrogate_10	precompute	complete	0	physical_gpu=5
2026-08-26T06:02:09+00:00	pre_VGG13BN_surrogate_7	precompute	complete	0	physical_gpu=4
2026-08-26T06:02:09+00:00	pre_VGG13BN_surrogate_9	precompute	complete	0	physical_gpu=4
===== 2026-08-26T06:07:39+00:00 =====
1, 32911 MiB, 143771 MiB, 98 %, 40
2, 48134 MiB, 143771 MiB, 98 %, 43
3, 48634 MiB, 143771 MiB, 98 %, 42
4, 8458 MiB, 143771 MiB, 100 %, 43
5, 8458 MiB, 143771 MiB, 100 %, 43
cache_nets=59
completed_experiments=0
2026-08-26T06:02:58+00:00	pre_ResNet20BN_victim_2	precompute	complete	0	physical_gpu=4
2026-08-26T06:02:58+00:00	pre_ResNet20BN_victim_1	precompute	complete	0	physical_gpu=5
2026-08-26T06:03:01+00:00	pre_ResNet20BN_victim_3	precompute	complete	0	physical_gpu=5
2026-08-26T06:03:02+00:00	pre_ResNet20BN_victim_0	precompute	complete	0	physical_gpu=4
2026-08-26T06:03:02+00:00	precompute_batch_4	scheduler	complete	0	children=8
2026-08-26T06:03:02+00:00	precompute_batch_5	scheduler	started	-	up to 8 jobs; four per physical GPU
2026-08-26T06:03:02+00:00	pre_VGG13BN_surrogate_11	precompute	running	-	physical_gpu=4
2026-08-26T06:03:02+00:00	pre_VGG13BN_surrogate_12	precompute	running	-	physical_gpu=5
2026-08-26T06:03:02+00:00	pre_VGG13BN_surrogate_13	precompute	running	-	physical_gpu=4
2026-08-26T06:03:02+00:00	pre_VGG13BN_surrogate_14	precompute	running	-	physical_gpu=5
2026-08-26T06:03:02+00:00	pre_VGG13BN_surrogate_16	precompute	running	-	physical_gpu=5
2026-08-26T06:03:02+00:00	pre_VGG13BN_surrogate_15	precompute	running	-	physical_gpu=4
2026-08-26T06:03:02+00:00	pre_VGG13BN_surrogate_17	precompute	running	-	physical_gpu=4
2026-08-26T06:03:02+00:00	pre_VGG13BN_surrogate_18	precompute	running	-	physical_gpu=5
===== 2026-08-26T06:12:40+00:00 =====
1, 32911 MiB, 143771 MiB, 98 %, 41
2, 48762 MiB, 143771 MiB, 98 %, 44
3, 46412 MiB, 143771 MiB, 100 %, 44
4, 6317 MiB, 143771 MiB, 100 %, 43
5, 4203 MiB, 143771 MiB, 100 %, 42
cache_nets=67
completed_experiments=0
2026-08-26T06:09:56+00:00	pre_VGG13BN_surrogate_13	precompute	complete	0	physical_gpu=4
2026-08-26T06:09:56+00:00	pre_VGG13BN_surrogate_15	precompute	complete	0	physical_gpu=4
2026-08-26T06:09:57+00:00	pre_VGG13BN_surrogate_12	precompute	complete	0	physical_gpu=5
2026-08-26T06:09:58+00:00	pre_VGG13BN_surrogate_17	precompute	complete	0	physical_gpu=4
2026-08-26T06:09:58+00:00	pre_VGG13BN_surrogate_11	precompute	complete	0	physical_gpu=4
2026-08-26T06:09:59+00:00	pre_VGG13BN_surrogate_16	precompute	complete	0	physical_gpu=5
2026-08-26T06:09:59+00:00	pre_VGG13BN_surrogate_18	precompute	complete	0	physical_gpu=5
2026-08-26T06:09:59+00:00	precompute_batch_5	scheduler	complete	0	children=8
2026-08-26T06:09:59+00:00	precompute_batch_6	scheduler	started	-	up to 8 jobs; four per physical GPU
2026-08-26T06:09:59+00:00	pre_VGG13BN_surrogate_19	precompute	running	-	physical_gpu=4
2026-08-26T06:09:59+00:00	pre_VGG13BN_victim_0	precompute	running	-	physical_gpu=5
2026-08-26T06:09:59+00:00	pre_VGG13BN_victim_1	precompute	running	-	physical_gpu=4
2026-08-26T06:09:59+00:00	pre_VGG13BN_victim_2	precompute	running	-	physical_gpu=5
2026-08-26T06:09:59+00:00	pre_VGG13BN_victim_3	precompute	running	-	physical_gpu=4
===== 2026-08-26T06:17:40+00:00 =====
1, 40425 MiB, 143771 MiB, 100 %, 40
2, 56654 MiB, 143771 MiB, 100 %, 42
3, 56570 MiB, 143771 MiB, 100 %, 40
4, 16023 MiB, 143771 MiB, 98 %, 41
5, 11997 MiB, 143771 MiB, 98 %, 42
cache_nets=72
completed_experiments=0
2026-08-26T06:09:59+00:00	pre_VGG13BN_victim_1	precompute	running	-	physical_gpu=4
2026-08-26T06:09:59+00:00	pre_VGG13BN_victim_2	precompute	running	-	physical_gpu=5
2026-08-26T06:09:59+00:00	pre_VGG13BN_victim_3	precompute	running	-	physical_gpu=4
2026-08-26T06:13:24+00:00	pre_VGG13BN_victim_0	precompute	complete	0	physical_gpu=5
2026-08-26T06:13:25+00:00	pre_VGG13BN_victim_2	precompute	complete	0	physical_gpu=5
2026-08-26T06:14:35+00:00	pre_VGG13BN_victim_3	precompute	complete	0	physical_gpu=4
2026-08-26T06:14:36+00:00	pre_VGG13BN_victim_1	precompute	complete	0	physical_gpu=4
2026-08-26T06:15:03+00:00	pre_VGG13BN_surrogate_19	precompute	complete	0	physical_gpu=4
2026-08-26T06:15:03+00:00	precompute_batch_6	scheduler	complete	0	children=5
2026-08-26T06:15:03+00:00	cache	precompute	complete	0	networks=72
2026-08-26T06:15:03+00:00	experiment_wave_1	scheduler	started	-	physical_gpus=4,5; configurations<=3
2026-08-26T06:15:03+00:00	x01_K1_fc_AConvNetBN_SResNet20BN	experiment	running	-	physical_gpus=4,5
2026-08-26T06:15:03+00:00	x02_K1_fc_AConvNetBN_SVGG13BN	experiment	running	-	physical_gpus=4,5
2026-08-26T06:15:03+00:00	x03_K1_fc_AResNet20BN_SConvNetBN	experiment	running	-	physical_gpus=4,5
===== 2026-08-26T06:22:40+00:00 =====
1, 40425 MiB, 143771 MiB, 100 %, 39
2, 56654 MiB, 143771 MiB, 100 %, 42
3, 36654 MiB, 143771 MiB, 100 %, 39
4, 10855 MiB, 143771 MiB, 98 %, 41
5, 6829 MiB, 143771 MiB, 98 %, 42
cache_nets=72
completed_experiments=0
2026-08-26T06:09:59+00:00	pre_VGG13BN_victim_1	precompute	running	-	physical_gpu=4
2026-08-26T06:09:59+00:00	pre_VGG13BN_victim_2	precompute	running	-	physical_gpu=5
2026-08-26T06:09:59+00:00	pre_VGG13BN_victim_3	precompute	running	-	physical_gpu=4
2026-08-26T06:13:24+00:00	pre_VGG13BN_victim_0	precompute	complete	0	physical_gpu=5
2026-08-26T06:13:25+00:00	pre_VGG13BN_victim_2	precompute	complete	0	physical_gpu=5
2026-08-26T06:14:35+00:00	pre_VGG13BN_victim_3	precompute	complete	0	physical_gpu=4
2026-08-26T06:14:36+00:00	pre_VGG13BN_victim_1	precompute	complete	0	physical_gpu=4
2026-08-26T06:15:03+00:00	pre_VGG13BN_surrogate_19	precompute	complete	0	physical_gpu=4
2026-08-26T06:15:03+00:00	precompute_batch_6	scheduler	complete	0	children=5
2026-08-26T06:15:03+00:00	cache	precompute	complete	0	networks=72
2026-08-26T06:15:03+00:00	experiment_wave_1	scheduler	started	-	physical_gpus=4,5; configurations<=3
2026-08-26T06:15:03+00:00	x01_K1_fc_AConvNetBN_SResNet20BN	experiment	running	-	physical_gpus=4,5
2026-08-26T06:15:03+00:00	x02_K1_fc_AConvNetBN_SVGG13BN	experiment	running	-	physical_gpus=4,5
2026-08-26T06:15:03+00:00	x03_K1_fc_AResNet20BN_SConvNetBN	experiment	running	-	physical_gpus=4,5
===== 2026-08-26T06:27:40+00:00 =====
1, 40425 MiB, 143771 MiB, 100 %, 40
2, 52292 MiB, 143771 MiB, 100 %, 40
3, 36654 MiB, 143771 MiB, 100 %, 38
4, 10873 MiB, 143771 MiB, 98 %, 41
5, 6845 MiB, 143771 MiB, 98 %, 42
cache_nets=72
completed_experiments=0
2026-08-26T06:09:59+00:00	pre_VGG13BN_victim_1	precompute	running	-	physical_gpu=4
2026-08-26T06:09:59+00:00	pre_VGG13BN_victim_2	precompute	running	-	physical_gpu=5
2026-08-26T06:09:59+00:00	pre_VGG13BN_victim_3	precompute	running	-	physical_gpu=4
2026-08-26T06:13:24+00:00	pre_VGG13BN_victim_0	precompute	complete	0	physical_gpu=5
2026-08-26T06:13:25+00:00	pre_VGG13BN_victim_2	precompute	complete	0	physical_gpu=5
2026-08-26T06:14:35+00:00	pre_VGG13BN_victim_3	precompute	complete	0	physical_gpu=4
2026-08-26T06:14:36+00:00	pre_VGG13BN_victim_1	precompute	complete	0	physical_gpu=4
2026-08-26T06:15:03+00:00	pre_VGG13BN_surrogate_19	precompute	complete	0	physical_gpu=4
2026-08-26T06:15:03+00:00	precompute_batch_6	scheduler	complete	0	children=5
2026-08-26T06:15:03+00:00	cache	precompute	complete	0	networks=72
2026-08-26T06:15:03+00:00	experiment_wave_1	scheduler	started	-	physical_gpus=4,5; configurations<=3
2026-08-26T06:15:03+00:00	x01_K1_fc_AConvNetBN_SResNet20BN	experiment	running	-	physical_gpus=4,5
2026-08-26T06:15:03+00:00	x02_K1_fc_AConvNetBN_SVGG13BN	experiment	running	-	physical_gpus=4,5
2026-08-26T06:15:03+00:00	x03_K1_fc_AResNet20BN_SConvNetBN	experiment	running	-	physical_gpus=4,5
===== 2026-08-26T06:32:41+00:00 =====
1, 42183 MiB, 143771 MiB, 100 %, 40
2, 32377 MiB, 143771 MiB, 100 %, 38
3, 36654 MiB, 143771 MiB, 100 %, 39
4, 12719 MiB, 143771 MiB, 98 %, 41
5, 8723 MiB, 143771 MiB, 98 %, 42
cache_nets=72
completed_experiments=0
2026-08-26T06:09:59+00:00	pre_VGG13BN_victim_1	precompute	running	-	physical_gpu=4
2026-08-26T06:09:59+00:00	pre_VGG13BN_victim_2	precompute	running	-	physical_gpu=5
2026-08-26T06:09:59+00:00	pre_VGG13BN_victim_3	precompute	running	-	physical_gpu=4
2026-08-26T06:13:24+00:00	pre_VGG13BN_victim_0	precompute	complete	0	physical_gpu=5
2026-08-26T06:13:25+00:00	pre_VGG13BN_victim_2	precompute	complete	0	physical_gpu=5
2026-08-26T06:14:35+00:00	pre_VGG13BN_victim_3	precompute	complete	0	physical_gpu=4
2026-08-26T06:14:36+00:00	pre_VGG13BN_victim_1	precompute	complete	0	physical_gpu=4
2026-08-26T06:15:03+00:00	pre_VGG13BN_surrogate_19	precompute	complete	0	physical_gpu=4
2026-08-26T06:15:03+00:00	precompute_batch_6	scheduler	complete	0	children=5
2026-08-26T06:15:03+00:00	cache	precompute	complete	0	networks=72
2026-08-26T06:15:03+00:00	experiment_wave_1	scheduler	started	-	physical_gpus=4,5; configurations<=3
2026-08-26T06:15:03+00:00	x01_K1_fc_AConvNetBN_SResNet20BN	experiment	running	-	physical_gpus=4,5
2026-08-26T06:15:03+00:00	x02_K1_fc_AConvNetBN_SVGG13BN	experiment	running	-	physical_gpus=4,5
2026-08-26T06:15:03+00:00	x03_K1_fc_AResNet20BN_SConvNetBN	experiment	running	-	physical_gpus=4,5
===== 2026-08-26T06:37:41+00:00 =====
1, 39259 MiB, 143771 MiB, 100 %, 37
2, 32377 MiB, 143771 MiB, 100 %, 37
3, 32377 MiB, 143771 MiB, 99 %, 36
4, 2825 MiB, 143771 MiB, 35 %, 35
5, 2042 MiB, 143771 MiB, 35 %, 35
cache_nets=72
completed_experiments=2
2026-08-26T06:09:59+00:00	pre_VGG13BN_victim_3	precompute	running	-	physical_gpu=4
2026-08-26T06:13:24+00:00	pre_VGG13BN_victim_0	precompute	complete	0	physical_gpu=5
2026-08-26T06:13:25+00:00	pre_VGG13BN_victim_2	precompute	complete	0	physical_gpu=5
2026-08-26T06:14:35+00:00	pre_VGG13BN_victim_3	precompute	complete	0	physical_gpu=4
2026-08-26T06:14:36+00:00	pre_VGG13BN_victim_1	precompute	complete	0	physical_gpu=4
2026-08-26T06:15:03+00:00	pre_VGG13BN_surrogate_19	precompute	complete	0	physical_gpu=4
2026-08-26T06:15:03+00:00	precompute_batch_6	scheduler	complete	0	children=5
2026-08-26T06:15:03+00:00	cache	precompute	complete	0	networks=72
2026-08-26T06:15:03+00:00	experiment_wave_1	scheduler	started	-	physical_gpus=4,5; configurations<=3
2026-08-26T06:15:03+00:00	x01_K1_fc_AConvNetBN_SResNet20BN	experiment	running	-	physical_gpus=4,5
2026-08-26T06:15:03+00:00	x02_K1_fc_AConvNetBN_SVGG13BN	experiment	running	-	physical_gpus=4,5
2026-08-26T06:15:03+00:00	x03_K1_fc_AResNet20BN_SConvNetBN	experiment	running	-	physical_gpus=4,5
2026-08-26T06:35:57+00:00	x01_K1_fc_AConvNetBN_SResNet20BN	experiment	complete	0	physical_gpus=4,5
2026-08-26T06:36:00+00:00	x02_K1_fc_AConvNetBN_SVGG13BN	experiment	complete	0	physical_gpus=4,5
===== 2026-08-26T06:42:42+00:00 =====
1, 39259 MiB, 143771 MiB, 100 %, 38
2, 32377 MiB, 143771 MiB, 100 %, 37
3, 32377 MiB, 143771 MiB, 100 %, 36
4, 5928 MiB, 143771 MiB, 35 %, 36
5, 3580 MiB, 143771 MiB, 33 %, 36
cache_nets=72
completed_experiments=2
2026-08-26T06:14:36+00:00	pre_VGG13BN_victim_1	precompute	complete	0	physical_gpu=4
2026-08-26T06:15:03+00:00	pre_VGG13BN_surrogate_19	precompute	complete	0	physical_gpu=4
2026-08-26T06:15:03+00:00	precompute_batch_6	scheduler	complete	0	children=5
2026-08-26T06:15:03+00:00	cache	precompute	complete	0	networks=72
2026-08-26T06:15:03+00:00	experiment_wave_1	scheduler	started	-	physical_gpus=4,5; configurations<=3
2026-08-26T06:15:03+00:00	x01_K1_fc_AConvNetBN_SResNet20BN	experiment	running	-	physical_gpus=4,5
2026-08-26T06:15:03+00:00	x02_K1_fc_AConvNetBN_SVGG13BN	experiment	running	-	physical_gpus=4,5
2026-08-26T06:15:03+00:00	x03_K1_fc_AResNet20BN_SConvNetBN	experiment	running	-	physical_gpus=4,5
2026-08-26T06:35:57+00:00	x01_K1_fc_AConvNetBN_SResNet20BN	experiment	complete	0	physical_gpus=4,5
2026-08-26T06:36:00+00:00	x02_K1_fc_AConvNetBN_SVGG13BN	experiment	complete	0	physical_gpus=4,5
2026-08-26T06:42:29+00:00	prefetch_wave_2	scheduler	started	-	x04-x06; combined with active x03 gives four trainings per physical GPU 4/5
2026-08-26T06:42:29+00:00	prefetch_x04_K1_fc_AResNet20BN_SVGG13BN	prefetch	running	-	physical_gpus=4,5; protected by normal run lock
2026-08-26T06:42:29+00:00	prefetch_x05_K1_fc_AVGG13BN_SConvNetBN	prefetch	running	-	physical_gpus=4,5; protected by normal run lock
2026-08-26T06:42:29+00:00	prefetch_x06_K1_fc_AVGG13BN_SResNet20BN	prefetch	running	-	physical_gpus=4,5; protected by normal run lock
===== 2026-08-26T06:47:42+00:00 =====
1, 39259 MiB, 143771 MiB, 100 %, 37
2, 32377 MiB, 143771 MiB, 100 %, 37
3, 32377 MiB, 143771 MiB, 100 %, 36
4, 21318 MiB, 143771 MiB, 99 %, 41
5, 17050 MiB, 143771 MiB, 97 %, 41
cache_nets=72
completed_experiments=2
2026-08-26T06:15:03+00:00	pre_VGG13BN_surrogate_19	precompute	complete	0	physical_gpu=4
2026-08-26T06:15:03+00:00	precompute_batch_6	scheduler	complete	0	children=5
2026-08-26T06:15:03+00:00	cache	precompute	complete	0	networks=72
2026-08-26T06:15:03+00:00	experiment_wave_1	scheduler	started	-	physical_gpus=4,5; configurations<=3
2026-08-26T06:15:03+00:00	x01_K1_fc_AConvNetBN_SResNet20BN	experiment	running	-	physical_gpus=4,5
2026-08-26T06:15:03+00:00	x02_K1_fc_AConvNetBN_SVGG13BN	experiment	running	-	physical_gpus=4,5
2026-08-26T06:15:03+00:00	x03_K1_fc_AResNet20BN_SConvNetBN	experiment	running	-	physical_gpus=4,5
2026-08-26T06:35:57+00:00	x01_K1_fc_AConvNetBN_SResNet20BN	experiment	complete	0	physical_gpus=4,5
2026-08-26T06:36:00+00:00	x02_K1_fc_AConvNetBN_SVGG13BN	experiment	complete	0	physical_gpus=4,5
2026-08-26T06:42:29+00:00	prefetch_wave_2	scheduler	started	-	x04-x06; combined with active x03 gives four trainings per physical GPU 4/5
2026-08-26T06:42:29+00:00	prefetch_x04_K1_fc_AResNet20BN_SVGG13BN	prefetch	running	-	physical_gpus=4,5; protected by normal run lock
2026-08-26T06:42:29+00:00	prefetch_x05_K1_fc_AVGG13BN_SConvNetBN	prefetch	running	-	physical_gpus=4,5; protected by normal run lock
2026-08-26T06:42:29+00:00	prefetch_x06_K1_fc_AVGG13BN_SResNet20BN	prefetch	running	-	physical_gpus=4,5; protected by normal run lock
2026-08-26T06:45:48+00:00	cross_VGG13BN_fc	protocol	verified	-	pinned=5; target 2171 free-win dropped; effective=4x4, matching existing table
===== 2026-08-26T06:52:42+00:00 =====
1, 39259 MiB, 143771 MiB, 100 %, 36
2, 32377 MiB, 143771 MiB, 93 %, 37
3, 32381 MiB, 143771 MiB, 35 %, 35
4, 14844 MiB, 143771 MiB, 99 %, 41
5, 10566 MiB, 143771 MiB, 97 %, 41
cache_nets=72
completed_experiments=2
2026-08-26T06:15:03+00:00	precompute_batch_6	scheduler	complete	0	children=5
2026-08-26T06:15:03+00:00	cache	precompute	complete	0	networks=72
2026-08-26T06:15:03+00:00	experiment_wave_1	scheduler	started	-	physical_gpus=4,5; configurations<=3
2026-08-26T06:15:03+00:00	x01_K1_fc_AConvNetBN_SResNet20BN	experiment	running	-	physical_gpus=4,5
2026-08-26T06:15:03+00:00	x02_K1_fc_AConvNetBN_SVGG13BN	experiment	running	-	physical_gpus=4,5
2026-08-26T06:15:03+00:00	x03_K1_fc_AResNet20BN_SConvNetBN	experiment	running	-	physical_gpus=4,5
2026-08-26T06:35:57+00:00	x01_K1_fc_AConvNetBN_SResNet20BN	experiment	complete	0	physical_gpus=4,5
2026-08-26T06:36:00+00:00	x02_K1_fc_AConvNetBN_SVGG13BN	experiment	complete	0	physical_gpus=4,5
2026-08-26T06:42:29+00:00	prefetch_wave_2	scheduler	started	-	x04-x06; combined with active x03 gives four trainings per physical GPU 4/5
2026-08-26T06:42:29+00:00	prefetch_x04_K1_fc_AResNet20BN_SVGG13BN	prefetch	running	-	physical_gpus=4,5; protected by normal run lock
2026-08-26T06:42:29+00:00	prefetch_x05_K1_fc_AVGG13BN_SConvNetBN	prefetch	running	-	physical_gpus=4,5; protected by normal run lock
2026-08-26T06:42:29+00:00	prefetch_x06_K1_fc_AVGG13BN_SResNet20BN	prefetch	running	-	physical_gpus=4,5; protected by normal run lock
2026-08-26T06:45:48+00:00	cross_VGG13BN_fc	protocol	verified	-	pinned=5; target 2171 free-win dropped; effective=4x4, matching existing table
2026-08-26T06:48:22+00:00	cross_VGG13BN_fc	protocol	clarified	-	historical ./cache absent; live cache drops target2171 free-win; effective=4x4 and disclosed
===== 2026-08-26T06:57:42+00:00 =====
1, 39261 MiB, 143771 MiB, 100 %, 38
2, 32381 MiB, 143771 MiB, 100 %, 39
3, 32389 MiB, 143771 MiB, 99 %, 36
4, 14844 MiB, 143771 MiB, 99 %, 41
5, 10566 MiB, 143771 MiB, 97 %, 41
cache_nets=72
completed_experiments=2
2026-08-26T06:15:03+00:00	precompute_batch_6	scheduler	complete	0	children=5
2026-08-26T06:15:03+00:00	cache	precompute	complete	0	networks=72
2026-08-26T06:15:03+00:00	experiment_wave_1	scheduler	started	-	physical_gpus=4,5; configurations<=3
2026-08-26T06:15:03+00:00	x01_K1_fc_AConvNetBN_SResNet20BN	experiment	running	-	physical_gpus=4,5
2026-08-26T06:15:03+00:00	x02_K1_fc_AConvNetBN_SVGG13BN	experiment	running	-	physical_gpus=4,5
2026-08-26T06:15:03+00:00	x03_K1_fc_AResNet20BN_SConvNetBN	experiment	running	-	physical_gpus=4,5
2026-08-26T06:35:57+00:00	x01_K1_fc_AConvNetBN_SResNet20BN	experiment	complete	0	physical_gpus=4,5
2026-08-26T06:36:00+00:00	x02_K1_fc_AConvNetBN_SVGG13BN	experiment	complete	0	physical_gpus=4,5
2026-08-26T06:42:29+00:00	prefetch_wave_2	scheduler	started	-	x04-x06; combined with active x03 gives four trainings per physical GPU 4/5
2026-08-26T06:42:29+00:00	prefetch_x04_K1_fc_AResNet20BN_SVGG13BN	prefetch	running	-	physical_gpus=4,5; protected by normal run lock
2026-08-26T06:42:29+00:00	prefetch_x05_K1_fc_AVGG13BN_SConvNetBN	prefetch	running	-	physical_gpus=4,5; protected by normal run lock
2026-08-26T06:42:29+00:00	prefetch_x06_K1_fc_AVGG13BN_SResNet20BN	prefetch	running	-	physical_gpus=4,5; protected by normal run lock
2026-08-26T06:45:48+00:00	cross_VGG13BN_fc	protocol	verified	-	pinned=5; target 2171 free-win dropped; effective=4x4, matching existing table
2026-08-26T06:48:22+00:00	cross_VGG13BN_fc	protocol	clarified	-	historical ./cache absent; live cache drops target2171 free-win; effective=4x4 and disclosed
===== 2026-08-26T07:02:43+00:00 =====
1, 39265 MiB, 143771 MiB, 99 %, 38
2, 32389 MiB, 143771 MiB, 100 %, 37
3, 32389 MiB, 143771 MiB, 100 %, 36
4, 14844 MiB, 143771 MiB, 99 %, 41
5, 10566 MiB, 143771 MiB, 97 %, 41
cache_nets=72
completed_experiments=2
2026-08-26T06:15:03+00:00	precompute_batch_6	scheduler	complete	0	children=5
2026-08-26T06:15:03+00:00	cache	precompute	complete	0	networks=72
2026-08-26T06:15:03+00:00	experiment_wave_1	scheduler	started	-	physical_gpus=4,5; configurations<=3
2026-08-26T06:15:03+00:00	x01_K1_fc_AConvNetBN_SResNet20BN	experiment	running	-	physical_gpus=4,5
2026-08-26T06:15:03+00:00	x02_K1_fc_AConvNetBN_SVGG13BN	experiment	running	-	physical_gpus=4,5
2026-08-26T06:15:03+00:00	x03_K1_fc_AResNet20BN_SConvNetBN	experiment	running	-	physical_gpus=4,5
2026-08-26T06:35:57+00:00	x01_K1_fc_AConvNetBN_SResNet20BN	experiment	complete	0	physical_gpus=4,5
2026-08-26T06:36:00+00:00	x02_K1_fc_AConvNetBN_SVGG13BN	experiment	complete	0	physical_gpus=4,5
2026-08-26T06:42:29+00:00	prefetch_wave_2	scheduler	started	-	x04-x06; combined with active x03 gives four trainings per physical GPU 4/5
2026-08-26T06:42:29+00:00	prefetch_x04_K1_fc_AResNet20BN_SVGG13BN	prefetch	running	-	physical_gpus=4,5; protected by normal run lock
2026-08-26T06:42:29+00:00	prefetch_x05_K1_fc_AVGG13BN_SConvNetBN	prefetch	running	-	physical_gpus=4,5; protected by normal run lock
2026-08-26T06:42:29+00:00	prefetch_x06_K1_fc_AVGG13BN_SResNet20BN	prefetch	running	-	physical_gpus=4,5; protected by normal run lock
2026-08-26T06:45:48+00:00	cross_VGG13BN_fc	protocol	verified	-	pinned=5; target 2171 free-win dropped; effective=4x4, matching existing table
2026-08-26T06:48:22+00:00	cross_VGG13BN_fc	protocol	clarified	-	historical ./cache absent; live cache drops target2171 free-win; effective=4x4 and disclosed
===== 2026-08-26T07:07:43+00:00 =====
1, 29166 MiB, 143771 MiB, 99 %, 37
2, 32389 MiB, 143771 MiB, 100 %, 39
3, 32389 MiB, 143771 MiB, 93 %, 37
4, 19908 MiB, 143771 MiB, 99 %, 41
5, 15594 MiB, 143771 MiB, 97 %, 42
cache_nets=72
completed_experiments=2
2026-08-26T06:15:03+00:00	precompute_batch_6	scheduler	complete	0	children=5
2026-08-26T06:15:03+00:00	cache	precompute	complete	0	networks=72
2026-08-26T06:15:03+00:00	experiment_wave_1	scheduler	started	-	physical_gpus=4,5; configurations<=3
2026-08-26T06:15:03+00:00	x01_K1_fc_AConvNetBN_SResNet20BN	experiment	running	-	physical_gpus=4,5
2026-08-26T06:15:03+00:00	x02_K1_fc_AConvNetBN_SVGG13BN	experiment	running	-	physical_gpus=4,5
2026-08-26T06:15:03+00:00	x03_K1_fc_AResNet20BN_SConvNetBN	experiment	running	-	physical_gpus=4,5
2026-08-26T06:35:57+00:00	x01_K1_fc_AConvNetBN_SResNet20BN	experiment	complete	0	physical_gpus=4,5
2026-08-26T06:36:00+00:00	x02_K1_fc_AConvNetBN_SVGG13BN	experiment	complete	0	physical_gpus=4,5
2026-08-26T06:42:29+00:00	prefetch_wave_2	scheduler	started	-	x04-x06; combined with active x03 gives four trainings per physical GPU 4/5
2026-08-26T06:42:29+00:00	prefetch_x04_K1_fc_AResNet20BN_SVGG13BN	prefetch	running	-	physical_gpus=4,5; protected by normal run lock
2026-08-26T06:42:29+00:00	prefetch_x05_K1_fc_AVGG13BN_SConvNetBN	prefetch	running	-	physical_gpus=4,5; protected by normal run lock
2026-08-26T06:42:29+00:00	prefetch_x06_K1_fc_AVGG13BN_SResNet20BN	prefetch	running	-	physical_gpus=4,5; protected by normal run lock
2026-08-26T06:45:48+00:00	cross_VGG13BN_fc	protocol	verified	-	pinned=5; target 2171 free-win dropped; effective=4x4, matching existing table
2026-08-26T06:48:22+00:00	cross_VGG13BN_fc	protocol	clarified	-	historical ./cache absent; live cache drops target2171 free-win; effective=4x4 and disclosed
===== 2026-08-26T07:12:43+00:00 =====
1, 29166 MiB, 143771 MiB, 99 %, 36
2, 32389 MiB, 143771 MiB, 100 %, 37
3, 32389 MiB, 143771 MiB, 99 %, 36
4, 18814 MiB, 143771 MiB, 99 %, 41
5, 13034 MiB, 143771 MiB, 97 %, 41
cache_nets=72
completed_experiments=2
2026-08-26T06:15:03+00:00	precompute_batch_6	scheduler	complete	0	children=5
2026-08-26T06:15:03+00:00	cache	precompute	complete	0	networks=72
2026-08-26T06:15:03+00:00	experiment_wave_1	scheduler	started	-	physical_gpus=4,5; configurations<=3
2026-08-26T06:15:03+00:00	x01_K1_fc_AConvNetBN_SResNet20BN	experiment	running	-	physical_gpus=4,5
2026-08-26T06:15:03+00:00	x02_K1_fc_AConvNetBN_SVGG13BN	experiment	running	-	physical_gpus=4,5
2026-08-26T06:15:03+00:00	x03_K1_fc_AResNet20BN_SConvNetBN	experiment	running	-	physical_gpus=4,5
2026-08-26T06:35:57+00:00	x01_K1_fc_AConvNetBN_SResNet20BN	experiment	complete	0	physical_gpus=4,5
2026-08-26T06:36:00+00:00	x02_K1_fc_AConvNetBN_SVGG13BN	experiment	complete	0	physical_gpus=4,5
2026-08-26T06:42:29+00:00	prefetch_wave_2	scheduler	started	-	x04-x06; combined with active x03 gives four trainings per physical GPU 4/5
2026-08-26T06:42:29+00:00	prefetch_x04_K1_fc_AResNet20BN_SVGG13BN	prefetch	running	-	physical_gpus=4,5; protected by normal run lock
2026-08-26T06:42:29+00:00	prefetch_x05_K1_fc_AVGG13BN_SConvNetBN	prefetch	running	-	physical_gpus=4,5; protected by normal run lock
2026-08-26T06:42:29+00:00	prefetch_x06_K1_fc_AVGG13BN_SResNet20BN	prefetch	running	-	physical_gpus=4,5; protected by normal run lock
2026-08-26T06:45:48+00:00	cross_VGG13BN_fc	protocol	verified	-	pinned=5; target 2171 free-win dropped; effective=4x4, matching existing table
2026-08-26T06:48:22+00:00	cross_VGG13BN_fc	protocol	clarified	-	historical ./cache absent; live cache drops target2171 free-win; effective=4x4 and disclosed
===== 2026-08-26T07:17:44+00:00 =====
1, 29168 MiB, 143771 MiB, 100 %, 39
2, 32389 MiB, 143771 MiB, 100 %, 39
3, 32389 MiB, 143771 MiB, 99 %, 38
4, 16422 MiB, 143771 MiB, 99 %, 41
5, 12180 MiB, 143771 MiB, 97 %, 41
cache_nets=72
completed_experiments=2
2026-08-26T06:15:03+00:00	precompute_batch_6	scheduler	complete	0	children=5
2026-08-26T06:15:03+00:00	cache	precompute	complete	0	networks=72
2026-08-26T06:15:03+00:00	experiment_wave_1	scheduler	started	-	physical_gpus=4,5; configurations<=3
2026-08-26T06:15:03+00:00	x01_K1_fc_AConvNetBN_SResNet20BN	experiment	running	-	physical_gpus=4,5
2026-08-26T06:15:03+00:00	x02_K1_fc_AConvNetBN_SVGG13BN	experiment	running	-	physical_gpus=4,5
2026-08-26T06:15:03+00:00	x03_K1_fc_AResNet20BN_SConvNetBN	experiment	running	-	physical_gpus=4,5
2026-08-26T06:35:57+00:00	x01_K1_fc_AConvNetBN_SResNet20BN	experiment	complete	0	physical_gpus=4,5
2026-08-26T06:36:00+00:00	x02_K1_fc_AConvNetBN_SVGG13BN	experiment	complete	0	physical_gpus=4,5
2026-08-26T06:42:29+00:00	prefetch_wave_2	scheduler	started	-	x04-x06; combined with active x03 gives four trainings per physical GPU 4/5
2026-08-26T06:42:29+00:00	prefetch_x04_K1_fc_AResNet20BN_SVGG13BN	prefetch	running	-	physical_gpus=4,5; protected by normal run lock
2026-08-26T06:42:29+00:00	prefetch_x05_K1_fc_AVGG13BN_SConvNetBN	prefetch	running	-	physical_gpus=4,5; protected by normal run lock
2026-08-26T06:42:29+00:00	prefetch_x06_K1_fc_AVGG13BN_SResNet20BN	prefetch	running	-	physical_gpus=4,5; protected by normal run lock
2026-08-26T06:45:48+00:00	cross_VGG13BN_fc	protocol	verified	-	pinned=5; target 2171 free-win dropped; effective=4x4, matching existing table
2026-08-26T06:48:22+00:00	cross_VGG13BN_fc	protocol	clarified	-	historical ./cache absent; live cache drops target2171 free-win; effective=4x4 and disclosed
===== 2026-08-26T07:22:44+00:00 =====
1, 29168 MiB, 143771 MiB, 99 %, 36
2, 32389 MiB, 143771 MiB, 100 %, 40
3, 32391 MiB, 143771 MiB, 32 %, 35
4, 14830 MiB, 143771 MiB, 99 %, 41
5, 12180 MiB, 143771 MiB, 97 %, 41
cache_nets=72
completed_experiments=2
2026-08-26T06:15:03+00:00	precompute_batch_6	scheduler	complete	0	children=5
2026-08-26T06:15:03+00:00	cache	precompute	complete	0	networks=72
2026-08-26T06:15:03+00:00	experiment_wave_1	scheduler	started	-	physical_gpus=4,5; configurations<=3
2026-08-26T06:15:03+00:00	x01_K1_fc_AConvNetBN_SResNet20BN	experiment	running	-	physical_gpus=4,5
2026-08-26T06:15:03+00:00	x02_K1_fc_AConvNetBN_SVGG13BN	experiment	running	-	physical_gpus=4,5
2026-08-26T06:15:03+00:00	x03_K1_fc_AResNet20BN_SConvNetBN	experiment	running	-	physical_gpus=4,5
2026-08-26T06:35:57+00:00	x01_K1_fc_AConvNetBN_SResNet20BN	experiment	complete	0	physical_gpus=4,5
2026-08-26T06:36:00+00:00	x02_K1_fc_AConvNetBN_SVGG13BN	experiment	complete	0	physical_gpus=4,5
2026-08-26T06:42:29+00:00	prefetch_wave_2	scheduler	started	-	x04-x06; combined with active x03 gives four trainings per physical GPU 4/5
2026-08-26T06:42:29+00:00	prefetch_x04_K1_fc_AResNet20BN_SVGG13BN	prefetch	running	-	physical_gpus=4,5; protected by normal run lock
2026-08-26T06:42:29+00:00	prefetch_x05_K1_fc_AVGG13BN_SConvNetBN	prefetch	running	-	physical_gpus=4,5; protected by normal run lock
2026-08-26T06:42:29+00:00	prefetch_x06_K1_fc_AVGG13BN_SResNet20BN	prefetch	running	-	physical_gpus=4,5; protected by normal run lock
2026-08-26T06:45:48+00:00	cross_VGG13BN_fc	protocol	verified	-	pinned=5; target 2171 free-win dropped; effective=4x4, matching existing table
2026-08-26T06:48:22+00:00	cross_VGG13BN_fc	protocol	clarified	-	historical ./cache absent; live cache drops target2171 free-win; effective=4x4 and disclosed
===== 2026-08-26T07:27:44+00:00 =====
1, 29170 MiB, 143771 MiB, 99 %, 36
2, 32389 MiB, 143771 MiB, 100 %, 37
3, 22263 MiB, 143771 MiB, 50 %, 35
4, 14950 MiB, 143771 MiB, 100 %, 40
5, 9808 MiB, 143771 MiB, 98 %, 42
cache_nets=72
completed_experiments=6
2026-08-26T07:25:18+00:00	experiment_wave_2	scheduler	started	-	physical_gpus=4,5; configurations<=3
2026-08-26T07:25:18+00:00	x04_K1_fc_AResNet20BN_SVGG13BN	experiment	running	-	physical_gpus=4,5
2026-08-26T07:25:18+00:00	x05_K1_fc_AVGG13BN_SConvNetBN	experiment	running	-	physical_gpus=4,5
2026-08-26T07:25:18+00:00	x06_K1_fc_AVGG13BN_SResNet20BN	experiment	running	-	physical_gpus=4,5
2026-08-26T07:25:39+00:00	x04_K1_fc_AResNet20BN_SVGG13BN	experiment	complete	0	physical_gpus=4,5
2026-08-26T07:25:39+00:00	x06_K1_fc_AVGG13BN_SResNet20BN	experiment	complete	0	physical_gpus=4,5
2026-08-26T07:25:40+00:00	x05_K1_fc_AVGG13BN_SConvNetBN	experiment	complete	0	physical_gpus=4,5
2026-08-26T07:25:40+00:00	experiment_wave_2	scheduler	complete	0	physical_gpus=4,5 children=3
2026-08-26T07:25:40+00:00	experiment_wave_3	scheduler	started	-	physical_gpus=4,5; configurations<=3
2026-08-26T07:25:40+00:00	x07_K1_gradmatch_AConvNetBN_SResNet20BN	experiment	running	-	physical_gpus=4,5
2026-08-26T07:25:40+00:00	x08_K1_gradmatch_AConvNetBN_SVGG13BN	experiment	running	-	physical_gpus=4,5
2026-08-26T07:25:40+00:00	x09_K1_gradmatch_AResNet20BN_SConvNetBN	experiment	running	-	physical_gpus=4,5
2026-08-26T07:26:33+00:00	concurrency_guard	scheduler	paused	-	SIGSTOP original PGID 304029; prefetch x04-x06 still draining; enforces <=4 trainings per physical GPU 4/5
2026-08-26T07:27:02+00:00	concurrency_guard	scheduler	selective_resume	-	x07 lineage resumed beside three prefetch cells; x08/x09 and scheduler remain SIGSTOP; exactly four configurations on GPUs4/5
===== 2026-08-26T07:32:44+00:00 =====
1, 29172 MiB, 143771 MiB, 99 %, 36
2, 32389 MiB, 143771 MiB, 100 %, 37
3, 22263 MiB, 143771 MiB, 0 %, 32
4, 27150 MiB, 143771 MiB, 100 %, 40
5, 21584 MiB, 143771 MiB, 99 %, 41
cache_nets=72
completed_experiments=6
2026-08-26T07:25:18+00:00	x06_K1_fc_AVGG13BN_SResNet20BN	experiment	running	-	physical_gpus=4,5
2026-08-26T07:25:39+00:00	x04_K1_fc_AResNet20BN_SVGG13BN	experiment	complete	0	physical_gpus=4,5
2026-08-26T07:25:39+00:00	x06_K1_fc_AVGG13BN_SResNet20BN	experiment	complete	0	physical_gpus=4,5
2026-08-26T07:25:40+00:00	x05_K1_fc_AVGG13BN_SConvNetBN	experiment	complete	0	physical_gpus=4,5
2026-08-26T07:25:40+00:00	experiment_wave_2	scheduler	complete	0	physical_gpus=4,5 children=3
2026-08-26T07:25:40+00:00	experiment_wave_3	scheduler	started	-	physical_gpus=4,5; configurations<=3
2026-08-26T07:25:40+00:00	x07_K1_gradmatch_AConvNetBN_SResNet20BN	experiment	running	-	physical_gpus=4,5
2026-08-26T07:25:40+00:00	x08_K1_gradmatch_AConvNetBN_SVGG13BN	experiment	running	-	physical_gpus=4,5
2026-08-26T07:25:40+00:00	x09_K1_gradmatch_AResNet20BN_SConvNetBN	experiment	running	-	physical_gpus=4,5
2026-08-26T07:26:33+00:00	concurrency_guard	scheduler	paused	-	SIGSTOP original PGID 304029; prefetch x04-x06 still draining; enforces <=4 trainings per physical GPU 4/5
2026-08-26T07:27:02+00:00	concurrency_guard	scheduler	selective_resume	-	x07 lineage resumed beside three prefetch cells; x08/x09 and scheduler remain SIGSTOP; exactly four configurations on GPUs4/5
2026-08-26T07:28:44+00:00	concurrency_guard	scheduler	selective_resume	-	prefetch x05 completed; x08 lineage resumed; x09 and scheduler remain paused; four configurations max on GPUs4/5
2026-08-26T07:30:04+00:00	concurrency_guard	scheduler	selective_resume	-	prefetch x06 completed; x09 lineage resumed; only scheduler remains paused; x04+x07+x08+x09 = four configurations on GPUs4/5
2026-08-26T07:30:55+00:00	concurrency_guard	scheduler	resumed	-	launcher resumed; it is blocked waiting for x07-x09; x04 prefetch plus wave3 equals four configurations max on GPUs4/5
===== 2026-08-26T07:37:45+00:00 =====
1, 28394 MiB, 143771 MiB, 100 %, 39
2, 22263 MiB, 143771 MiB, 50 %, 37
3, 22263 MiB, 143771 MiB, 49 %, 35
4, 23056 MiB, 143771 MiB, 100 %, 40
5, 17490 MiB, 143771 MiB, 98 %, 40
cache_nets=72
completed_experiments=6
2026-08-26T07:25:18+00:00	x06_K1_fc_AVGG13BN_SResNet20BN	experiment	running	-	physical_gpus=4,5
2026-08-26T07:25:39+00:00	x04_K1_fc_AResNet20BN_SVGG13BN	experiment	complete	0	physical_gpus=4,5
2026-08-26T07:25:39+00:00	x06_K1_fc_AVGG13BN_SResNet20BN	experiment	complete	0	physical_gpus=4,5
2026-08-26T07:25:40+00:00	x05_K1_fc_AVGG13BN_SConvNetBN	experiment	complete	0	physical_gpus=4,5
2026-08-26T07:25:40+00:00	experiment_wave_2	scheduler	complete	0	physical_gpus=4,5 children=3
2026-08-26T07:25:40+00:00	experiment_wave_3	scheduler	started	-	physical_gpus=4,5; configurations<=3
2026-08-26T07:25:40+00:00	x07_K1_gradmatch_AConvNetBN_SResNet20BN	experiment	running	-	physical_gpus=4,5
2026-08-26T07:25:40+00:00	x08_K1_gradmatch_AConvNetBN_SVGG13BN	experiment	running	-	physical_gpus=4,5
2026-08-26T07:25:40+00:00	x09_K1_gradmatch_AResNet20BN_SConvNetBN	experiment	running	-	physical_gpus=4,5
2026-08-26T07:26:33+00:00	concurrency_guard	scheduler	paused	-	SIGSTOP original PGID 304029; prefetch x04-x06 still draining; enforces <=4 trainings per physical GPU 4/5
2026-08-26T07:27:02+00:00	concurrency_guard	scheduler	selective_resume	-	x07 lineage resumed beside three prefetch cells; x08/x09 and scheduler remain SIGSTOP; exactly four configurations on GPUs4/5
2026-08-26T07:28:44+00:00	concurrency_guard	scheduler	selective_resume	-	prefetch x05 completed; x08 lineage resumed; x09 and scheduler remain paused; four configurations max on GPUs4/5
2026-08-26T07:30:04+00:00	concurrency_guard	scheduler	selective_resume	-	prefetch x06 completed; x09 lineage resumed; only scheduler remains paused; x04+x07+x08+x09 = four configurations on GPUs4/5
2026-08-26T07:30:55+00:00	concurrency_guard	scheduler	resumed	-	launcher resumed; it is blocked waiting for x07-x09; x04 prefetch plus wave3 equals four configurations max on GPUs4/5
===== 2026-08-26T07:42:45+00:00 =====
1, 30622 MiB, 143771 MiB, 99 %, 36
2, 22263 MiB, 143771 MiB, 49 %, 35
3, 22263 MiB, 143771 MiB, 0 %, 33
4, 20568 MiB, 143771 MiB, 100 %, 40
5, 13414 MiB, 143771 MiB, 99 %, 40
cache_nets=72
completed_experiments=6
2026-08-26T07:25:18+00:00	x06_K1_fc_AVGG13BN_SResNet20BN	experiment	running	-	physical_gpus=4,5
2026-08-26T07:25:39+00:00	x04_K1_fc_AResNet20BN_SVGG13BN	experiment	complete	0	physical_gpus=4,5
2026-08-26T07:25:39+00:00	x06_K1_fc_AVGG13BN_SResNet20BN	experiment	complete	0	physical_gpus=4,5
2026-08-26T07:25:40+00:00	x05_K1_fc_AVGG13BN_SConvNetBN	experiment	complete	0	physical_gpus=4,5
2026-08-26T07:25:40+00:00	experiment_wave_2	scheduler	complete	0	physical_gpus=4,5 children=3
2026-08-26T07:25:40+00:00	experiment_wave_3	scheduler	started	-	physical_gpus=4,5; configurations<=3
2026-08-26T07:25:40+00:00	x07_K1_gradmatch_AConvNetBN_SResNet20BN	experiment	running	-	physical_gpus=4,5
2026-08-26T07:25:40+00:00	x08_K1_gradmatch_AConvNetBN_SVGG13BN	experiment	running	-	physical_gpus=4,5
2026-08-26T07:25:40+00:00	x09_K1_gradmatch_AResNet20BN_SConvNetBN	experiment	running	-	physical_gpus=4,5
2026-08-26T07:26:33+00:00	concurrency_guard	scheduler	paused	-	SIGSTOP original PGID 304029; prefetch x04-x06 still draining; enforces <=4 trainings per physical GPU 4/5
2026-08-26T07:27:02+00:00	concurrency_guard	scheduler	selective_resume	-	x07 lineage resumed beside three prefetch cells; x08/x09 and scheduler remain SIGSTOP; exactly four configurations on GPUs4/5
2026-08-26T07:28:44+00:00	concurrency_guard	scheduler	selective_resume	-	prefetch x05 completed; x08 lineage resumed; x09 and scheduler remain paused; four configurations max on GPUs4/5
2026-08-26T07:30:04+00:00	concurrency_guard	scheduler	selective_resume	-	prefetch x06 completed; x09 lineage resumed; only scheduler remains paused; x04+x07+x08+x09 = four configurations on GPUs4/5
2026-08-26T07:30:55+00:00	concurrency_guard	scheduler	resumed	-	launcher resumed; it is blocked waiting for x07-x09; x04 prefetch plus wave3 equals four configurations max on GPUs4/5
===== 2026-08-26T07:47:46+00:00 =====
1, 30622 MiB, 143771 MiB, 99 %, 36
2, 22263 MiB, 143771 MiB, 50 %, 37
3, 29312 MiB, 143771 MiB, 98 %, 40
4, 28734 MiB, 143771 MiB, 100 %, 40
5, 21562 MiB, 143771 MiB, 98 %, 40
cache_nets=72
completed_experiments=6
2026-08-26T07:25:18+00:00	x06_K1_fc_AVGG13BN_SResNet20BN	experiment	running	-	physical_gpus=4,5
2026-08-26T07:25:39+00:00	x04_K1_fc_AResNet20BN_SVGG13BN	experiment	complete	0	physical_gpus=4,5
2026-08-26T07:25:39+00:00	x06_K1_fc_AVGG13BN_SResNet20BN	experiment	complete	0	physical_gpus=4,5
2026-08-26T07:25:40+00:00	x05_K1_fc_AVGG13BN_SConvNetBN	experiment	complete	0	physical_gpus=4,5
2026-08-26T07:25:40+00:00	experiment_wave_2	scheduler	complete	0	physical_gpus=4,5 children=3
2026-08-26T07:25:40+00:00	experiment_wave_3	scheduler	started	-	physical_gpus=4,5; configurations<=3
2026-08-26T07:25:40+00:00	x07_K1_gradmatch_AConvNetBN_SResNet20BN	experiment	running	-	physical_gpus=4,5
2026-08-26T07:25:40+00:00	x08_K1_gradmatch_AConvNetBN_SVGG13BN	experiment	running	-	physical_gpus=4,5
2026-08-26T07:25:40+00:00	x09_K1_gradmatch_AResNet20BN_SConvNetBN	experiment	running	-	physical_gpus=4,5
2026-08-26T07:26:33+00:00	concurrency_guard	scheduler	paused	-	SIGSTOP original PGID 304029; prefetch x04-x06 still draining; enforces <=4 trainings per physical GPU 4/5
2026-08-26T07:27:02+00:00	concurrency_guard	scheduler	selective_resume	-	x07 lineage resumed beside three prefetch cells; x08/x09 and scheduler remain SIGSTOP; exactly four configurations on GPUs4/5
2026-08-26T07:28:44+00:00	concurrency_guard	scheduler	selective_resume	-	prefetch x05 completed; x08 lineage resumed; x09 and scheduler remain paused; four configurations max on GPUs4/5
2026-08-26T07:30:04+00:00	concurrency_guard	scheduler	selective_resume	-	prefetch x06 completed; x09 lineage resumed; only scheduler remains paused; x04+x07+x08+x09 = four configurations on GPUs4/5
2026-08-26T07:30:55+00:00	concurrency_guard	scheduler	resumed	-	launcher resumed; it is blocked waiting for x07-x09; x04 prefetch plus wave3 equals four configurations max on GPUs4/5
===== 2026-08-26T07:52:46+00:00 =====
1, 30622 MiB, 143771 MiB, 100 %, 40
2, 22263 MiB, 143771 MiB, 0 %, 34
3, 30624 MiB, 143771 MiB, 99 %, 33
4, 27126 MiB, 143771 MiB, 100 %, 40
5, 21562 MiB, 143771 MiB, 99 %, 40
cache_nets=72
completed_experiments=6
2026-08-26T07:25:18+00:00	x06_K1_fc_AVGG13BN_SResNet20BN	experiment	running	-	physical_gpus=4,5
2026-08-26T07:25:39+00:00	x04_K1_fc_AResNet20BN_SVGG13BN	experiment	complete	0	physical_gpus=4,5
2026-08-26T07:25:39+00:00	x06_K1_fc_AVGG13BN_SResNet20BN	experiment	complete	0	physical_gpus=4,5
2026-08-26T07:25:40+00:00	x05_K1_fc_AVGG13BN_SConvNetBN	experiment	complete	0	physical_gpus=4,5
2026-08-26T07:25:40+00:00	experiment_wave_2	scheduler	complete	0	physical_gpus=4,5 children=3
2026-08-26T07:25:40+00:00	experiment_wave_3	scheduler	started	-	physical_gpus=4,5; configurations<=3
2026-08-26T07:25:40+00:00	x07_K1_gradmatch_AConvNetBN_SResNet20BN	experiment	running	-	physical_gpus=4,5
2026-08-26T07:25:40+00:00	x08_K1_gradmatch_AConvNetBN_SVGG13BN	experiment	running	-	physical_gpus=4,5
2026-08-26T07:25:40+00:00	x09_K1_gradmatch_AResNet20BN_SConvNetBN	experiment	running	-	physical_gpus=4,5
2026-08-26T07:26:33+00:00	concurrency_guard	scheduler	paused	-	SIGSTOP original PGID 304029; prefetch x04-x06 still draining; enforces <=4 trainings per physical GPU 4/5
2026-08-26T07:27:02+00:00	concurrency_guard	scheduler	selective_resume	-	x07 lineage resumed beside three prefetch cells; x08/x09 and scheduler remain SIGSTOP; exactly four configurations on GPUs4/5
2026-08-26T07:28:44+00:00	concurrency_guard	scheduler	selective_resume	-	prefetch x05 completed; x08 lineage resumed; x09 and scheduler remain paused; four configurations max on GPUs4/5
2026-08-26T07:30:04+00:00	concurrency_guard	scheduler	selective_resume	-	prefetch x06 completed; x09 lineage resumed; only scheduler remains paused; x04+x07+x08+x09 = four configurations on GPUs4/5
2026-08-26T07:30:55+00:00	concurrency_guard	scheduler	resumed	-	launcher resumed; it is blocked waiting for x07-x09; x04 prefetch plus wave3 equals four configurations max on GPUs4/5
===== 2026-08-26T07:57:46+00:00 =====
1, 30642 MiB, 143771 MiB, 99 %, 36
2, 22263 MiB, 143771 MiB, 44 %, 35
3, 30628 MiB, 143771 MiB, 99 %, 34
4, 16237 MiB, 143771 MiB, 100 %, 40
5, 13394 MiB, 143771 MiB, 99 %, 41
cache_nets=72
completed_experiments=6
2026-08-26T07:25:18+00:00	x06_K1_fc_AVGG13BN_SResNet20BN	experiment	running	-	physical_gpus=4,5
2026-08-26T07:25:39+00:00	x04_K1_fc_AResNet20BN_SVGG13BN	experiment	complete	0	physical_gpus=4,5
2026-08-26T07:25:39+00:00	x06_K1_fc_AVGG13BN_SResNet20BN	experiment	complete	0	physical_gpus=4,5
2026-08-26T07:25:40+00:00	x05_K1_fc_AVGG13BN_SConvNetBN	experiment	complete	0	physical_gpus=4,5
2026-08-26T07:25:40+00:00	experiment_wave_2	scheduler	complete	0	physical_gpus=4,5 children=3
2026-08-26T07:25:40+00:00	experiment_wave_3	scheduler	started	-	physical_gpus=4,5; configurations<=3
2026-08-26T07:25:40+00:00	x07_K1_gradmatch_AConvNetBN_SResNet20BN	experiment	running	-	physical_gpus=4,5
2026-08-26T07:25:40+00:00	x08_K1_gradmatch_AConvNetBN_SVGG13BN	experiment	running	-	physical_gpus=4,5
2026-08-26T07:25:40+00:00	x09_K1_gradmatch_AResNet20BN_SConvNetBN	experiment	running	-	physical_gpus=4,5
2026-08-26T07:26:33+00:00	concurrency_guard	scheduler	paused	-	SIGSTOP original PGID 304029; prefetch x04-x06 still draining; enforces <=4 trainings per physical GPU 4/5
2026-08-26T07:27:02+00:00	concurrency_guard	scheduler	selective_resume	-	x07 lineage resumed beside three prefetch cells; x08/x09 and scheduler remain SIGSTOP; exactly four configurations on GPUs4/5
2026-08-26T07:28:44+00:00	concurrency_guard	scheduler	selective_resume	-	prefetch x05 completed; x08 lineage resumed; x09 and scheduler remain paused; four configurations max on GPUs4/5
2026-08-26T07:30:04+00:00	concurrency_guard	scheduler	selective_resume	-	prefetch x06 completed; x09 lineage resumed; only scheduler remains paused; x04+x07+x08+x09 = four configurations on GPUs4/5
2026-08-26T07:30:55+00:00	concurrency_guard	scheduler	resumed	-	launcher resumed; it is blocked waiting for x07-x09; x04 prefetch plus wave3 equals four configurations max on GPUs4/5
===== 2026-08-26T08:02:46+00:00 =====
1, 30642 MiB, 143771 MiB, 99 %, 34
2, 22263 MiB, 143771 MiB, 0 %, 34
3, 30630 MiB, 143771 MiB, 99 %, 33
4, 22847 MiB, 143771 MiB, 100 %, 40
5, 10231 MiB, 143771 MiB, 100 %, 39
cache_nets=72
completed_experiments=6
2026-08-26T07:25:39+00:00	x04_K1_fc_AResNet20BN_SVGG13BN	experiment	complete	0	physical_gpus=4,5
2026-08-26T07:25:39+00:00	x06_K1_fc_AVGG13BN_SResNet20BN	experiment	complete	0	physical_gpus=4,5
2026-08-26T07:25:40+00:00	x05_K1_fc_AVGG13BN_SConvNetBN	experiment	complete	0	physical_gpus=4,5
2026-08-26T07:25:40+00:00	experiment_wave_2	scheduler	complete	0	physical_gpus=4,5 children=3
2026-08-26T07:25:40+00:00	experiment_wave_3	scheduler	started	-	physical_gpus=4,5; configurations<=3
2026-08-26T07:25:40+00:00	x07_K1_gradmatch_AConvNetBN_SResNet20BN	experiment	running	-	physical_gpus=4,5
2026-08-26T07:25:40+00:00	x08_K1_gradmatch_AConvNetBN_SVGG13BN	experiment	running	-	physical_gpus=4,5
2026-08-26T07:25:40+00:00	x09_K1_gradmatch_AResNet20BN_SConvNetBN	experiment	running	-	physical_gpus=4,5
2026-08-26T07:26:33+00:00	concurrency_guard	scheduler	paused	-	SIGSTOP original PGID 304029; prefetch x04-x06 still draining; enforces <=4 trainings per physical GPU 4/5
2026-08-26T07:27:02+00:00	concurrency_guard	scheduler	selective_resume	-	x07 lineage resumed beside three prefetch cells; x08/x09 and scheduler remain SIGSTOP; exactly four configurations on GPUs4/5
2026-08-26T07:28:44+00:00	concurrency_guard	scheduler	selective_resume	-	prefetch x05 completed; x08 lineage resumed; x09 and scheduler remain paused; four configurations max on GPUs4/5
2026-08-26T07:30:04+00:00	concurrency_guard	scheduler	selective_resume	-	prefetch x06 completed; x09 lineage resumed; only scheduler remains paused; x04+x07+x08+x09 = four configurations on GPUs4/5
2026-08-26T07:30:55+00:00	concurrency_guard	scheduler	resumed	-	launcher resumed; it is blocked waiting for x07-x09; x04 prefetch plus wave3 equals four configurations max on GPUs4/5
2026-08-26T08:02:07+00:00	prefetch_wave_2	scheduler	complete	0	three prefetched configurations exited
===== 2026-08-26T08:07:47+00:00 =====
1, 8385 MiB, 143771 MiB, 98 %, 36
2, 2232 MiB, 143771 MiB, 38 %, 35
3, 6127 MiB, 143771 MiB, 99 %, 34
4, 30798 MiB, 143771 MiB, 100 %, 38
5, 16742 MiB, 143771 MiB, 100 %, 38
cache_nets=72
completed_experiments=6
2026-08-26T07:25:40+00:00	x05_K1_fc_AVGG13BN_SConvNetBN	experiment	complete	0	physical_gpus=4,5
2026-08-26T07:25:40+00:00	experiment_wave_2	scheduler	complete	0	physical_gpus=4,5 children=3
2026-08-26T07:25:40+00:00	experiment_wave_3	scheduler	started	-	physical_gpus=4,5; configurations<=3
2026-08-26T07:25:40+00:00	x07_K1_gradmatch_AConvNetBN_SResNet20BN	experiment	running	-	physical_gpus=4,5
2026-08-26T07:25:40+00:00	x08_K1_gradmatch_AConvNetBN_SVGG13BN	experiment	running	-	physical_gpus=4,5
2026-08-26T07:25:40+00:00	x09_K1_gradmatch_AResNet20BN_SConvNetBN	experiment	running	-	physical_gpus=4,5
2026-08-26T07:26:33+00:00	concurrency_guard	scheduler	paused	-	SIGSTOP original PGID 304029; prefetch x04-x06 still draining; enforces <=4 trainings per physical GPU 4/5
2026-08-26T07:27:02+00:00	concurrency_guard	scheduler	selective_resume	-	x07 lineage resumed beside three prefetch cells; x08/x09 and scheduler remain SIGSTOP; exactly four configurations on GPUs4/5
2026-08-26T07:28:44+00:00	concurrency_guard	scheduler	selective_resume	-	prefetch x05 completed; x08 lineage resumed; x09 and scheduler remain paused; four configurations max on GPUs4/5
2026-08-26T07:30:04+00:00	concurrency_guard	scheduler	selective_resume	-	prefetch x06 completed; x09 lineage resumed; only scheduler remains paused; x04+x07+x08+x09 = four configurations on GPUs4/5
2026-08-26T07:30:55+00:00	concurrency_guard	scheduler	resumed	-	launcher resumed; it is blocked waiting for x07-x09; x04 prefetch plus wave3 equals four configurations max on GPUs4/5
2026-08-26T08:02:07+00:00	prefetch_wave_2	scheduler	complete	0	three prefetched configurations exited
2026-08-26T08:03:02+00:00	prefetch_x10_K1_gradmatch_AResNet20BN_SVGG13BN	prefetch	running	-	physical_gpus=4,5; one extra config beside wave3; normal x10 lock will skip safely
2026-08-26T08:03:25+00:00	prefetch_x10_K1_gradmatch_AResNet20BN_SVGG13BN	prefetch	active	-	actual isolated pgid=434719 physical_gpus=4,5 exact K1 alpha2 Jacobian-off 5x4
===== 2026-08-26T08:12:47+00:00 =====
1, 8385 MiB, 143771 MiB, 98 %, 36
2, 6 MiB, 143771 MiB, 0 %, 31
3, 6 MiB, 143771 MiB, 0 %, 30
4, 20469 MiB, 143771 MiB, 100 %, 39
5, 15037 MiB, 143771 MiB, 100 %, 40
cache_nets=72
completed_experiments=7
2026-08-26T07:25:40+00:00	x08_K1_gradmatch_AConvNetBN_SVGG13BN	experiment	running	-	physical_gpus=4,5
2026-08-26T07:25:40+00:00	x09_K1_gradmatch_AResNet20BN_SConvNetBN	experiment	running	-	physical_gpus=4,5
2026-08-26T07:26:33+00:00	concurrency_guard	scheduler	paused	-	SIGSTOP original PGID 304029; prefetch x04-x06 still draining; enforces <=4 trainings per physical GPU 4/5
2026-08-26T07:27:02+00:00	concurrency_guard	scheduler	selective_resume	-	x07 lineage resumed beside three prefetch cells; x08/x09 and scheduler remain SIGSTOP; exactly four configurations on GPUs4/5
2026-08-26T07:28:44+00:00	concurrency_guard	scheduler	selective_resume	-	prefetch x05 completed; x08 lineage resumed; x09 and scheduler remain paused; four configurations max on GPUs4/5
2026-08-26T07:30:04+00:00	concurrency_guard	scheduler	selective_resume	-	prefetch x06 completed; x09 lineage resumed; only scheduler remains paused; x04+x07+x08+x09 = four configurations on GPUs4/5
2026-08-26T07:30:55+00:00	concurrency_guard	scheduler	resumed	-	launcher resumed; it is blocked waiting for x07-x09; x04 prefetch plus wave3 equals four configurations max on GPUs4/5
2026-08-26T08:02:07+00:00	prefetch_wave_2	scheduler	complete	0	three prefetched configurations exited
2026-08-26T08:03:02+00:00	prefetch_x10_K1_gradmatch_AResNet20BN_SVGG13BN	prefetch	running	-	physical_gpus=4,5; one extra config beside wave3; normal x10 lock will skip safely
2026-08-26T08:03:25+00:00	prefetch_x10_K1_gradmatch_AResNet20BN_SVGG13BN	prefetch	active	-	actual isolated pgid=434719 physical_gpus=4,5 exact K1 alpha2 Jacobian-off 5x4
2026-08-26T08:11:35+00:00	x07_K1_gradmatch_AConvNetBN_SResNet20BN	experiment	complete	0	physical_gpus=4,5
2026-08-26T08:12:30+00:00	prefetch_k1_tail	scheduler	paused	-	only launcher pid304029 SIGSTOP; active x08/x09 continue; prevents wave4 until x10-x12 prefetch drains
2026-08-26T08:12:30+00:00	prefetch_x11_K1_gradmatch_AVGG13BN_SConvNetBN	prefetch	running	-	physical_gpus=4,5; fourth active config; exact K1 alpha2 Jacobian-off 5x4
2026-08-26T08:12:47+00:00	prefetch_x11_K1_gradmatch_AVGG13BN_SConvNetBN	prefetch	active	-	actual isolated pgid=440094 physical_gpus=4,5
===== 2026-08-26T08:17:48+00:00 =====
1, 9252 MiB, 143771 MiB, 99 %, 35
2, 3038 MiB, 143771 MiB, 24 %, 34
3, 3038 MiB, 143771 MiB, 34 %, 33
4, 21234 MiB, 143771 MiB, 100 %, 39
5, 16986 MiB, 143771 MiB, 100 %, 40
cache_nets=72
completed_experiments=8
2026-08-26T07:27:02+00:00	concurrency_guard	scheduler	selective_resume	-	x07 lineage resumed beside three prefetch cells; x08/x09 and scheduler remain SIGSTOP; exactly four configurations on GPUs4/5
2026-08-26T07:28:44+00:00	concurrency_guard	scheduler	selective_resume	-	prefetch x05 completed; x08 lineage resumed; x09 and scheduler remain paused; four configurations max on GPUs4/5
2026-08-26T07:30:04+00:00	concurrency_guard	scheduler	selective_resume	-	prefetch x06 completed; x09 lineage resumed; only scheduler remains paused; x04+x07+x08+x09 = four configurations on GPUs4/5
2026-08-26T07:30:55+00:00	concurrency_guard	scheduler	resumed	-	launcher resumed; it is blocked waiting for x07-x09; x04 prefetch plus wave3 equals four configurations max on GPUs4/5
2026-08-26T08:02:07+00:00	prefetch_wave_2	scheduler	complete	0	three prefetched configurations exited
2026-08-26T08:03:02+00:00	prefetch_x10_K1_gradmatch_AResNet20BN_SVGG13BN	prefetch	running	-	physical_gpus=4,5; one extra config beside wave3; normal x10 lock will skip safely
2026-08-26T08:03:25+00:00	prefetch_x10_K1_gradmatch_AResNet20BN_SVGG13BN	prefetch	active	-	actual isolated pgid=434719 physical_gpus=4,5 exact K1 alpha2 Jacobian-off 5x4
2026-08-26T08:11:35+00:00	x07_K1_gradmatch_AConvNetBN_SResNet20BN	experiment	complete	0	physical_gpus=4,5
2026-08-26T08:12:30+00:00	prefetch_k1_tail	scheduler	paused	-	only launcher pid304029 SIGSTOP; active x08/x09 continue; prevents wave4 until x10-x12 prefetch drains
2026-08-26T08:12:30+00:00	prefetch_x11_K1_gradmatch_AVGG13BN_SConvNetBN	prefetch	running	-	physical_gpus=4,5; fourth active config; exact K1 alpha2 Jacobian-off 5x4
2026-08-26T08:12:47+00:00	prefetch_x11_K1_gradmatch_AVGG13BN_SConvNetBN	prefetch	active	-	actual isolated pgid=440094 physical_gpus=4,5
2026-08-26T08:13:29+00:00	x08_K1_gradmatch_AConvNetBN_SVGG13BN	experiment	complete	0	physical_gpus=4,5
2026-08-26T08:14:18+00:00	prefetch_x12_K1_gradmatch_AVGG13BN_SResNet20BN	prefetch	running	-	physical_gpus=4,5; fourth active config; exact K1 alpha2 Jacobian-off 5x4
2026-08-26T08:14:35+00:00	prefetch_x12_K1_gradmatch_AVGG13BN_SResNet20BN	prefetch	active	-	actual isolated pgid=441696 physical_gpus=4,5
===== 2026-08-26T08:22:48+00:00 =====
1, 11379 MiB, 143771 MiB, 99 %, 34
2, 6249 MiB, 143771 MiB, 99 %, 37
3, 12487 MiB, 143771 MiB, 99 %, 40
4, 21234 MiB, 143771 MiB, 100 %, 39
5, 16986 MiB, 143771 MiB, 100 %, 39
cache_nets=72
completed_experiments=8
2026-08-26T07:27:02+00:00	concurrency_guard	scheduler	selective_resume	-	x07 lineage resumed beside three prefetch cells; x08/x09 and scheduler remain SIGSTOP; exactly four configurations on GPUs4/5
2026-08-26T07:28:44+00:00	concurrency_guard	scheduler	selective_resume	-	prefetch x05 completed; x08 lineage resumed; x09 and scheduler remain paused; four configurations max on GPUs4/5
2026-08-26T07:30:04+00:00	concurrency_guard	scheduler	selective_resume	-	prefetch x06 completed; x09 lineage resumed; only scheduler remains paused; x04+x07+x08+x09 = four configurations on GPUs4/5
2026-08-26T07:30:55+00:00	concurrency_guard	scheduler	resumed	-	launcher resumed; it is blocked waiting for x07-x09; x04 prefetch plus wave3 equals four configurations max on GPUs4/5
2026-08-26T08:02:07+00:00	prefetch_wave_2	scheduler	complete	0	three prefetched configurations exited
2026-08-26T08:03:02+00:00	prefetch_x10_K1_gradmatch_AResNet20BN_SVGG13BN	prefetch	running	-	physical_gpus=4,5; one extra config beside wave3; normal x10 lock will skip safely
2026-08-26T08:03:25+00:00	prefetch_x10_K1_gradmatch_AResNet20BN_SVGG13BN	prefetch	active	-	actual isolated pgid=434719 physical_gpus=4,5 exact K1 alpha2 Jacobian-off 5x4
2026-08-26T08:11:35+00:00	x07_K1_gradmatch_AConvNetBN_SResNet20BN	experiment	complete	0	physical_gpus=4,5
2026-08-26T08:12:30+00:00	prefetch_k1_tail	scheduler	paused	-	only launcher pid304029 SIGSTOP; active x08/x09 continue; prevents wave4 until x10-x12 prefetch drains
2026-08-26T08:12:30+00:00	prefetch_x11_K1_gradmatch_AVGG13BN_SConvNetBN	prefetch	running	-	physical_gpus=4,5; fourth active config; exact K1 alpha2 Jacobian-off 5x4
2026-08-26T08:12:47+00:00	prefetch_x11_K1_gradmatch_AVGG13BN_SConvNetBN	prefetch	active	-	actual isolated pgid=440094 physical_gpus=4,5
2026-08-26T08:13:29+00:00	x08_K1_gradmatch_AConvNetBN_SVGG13BN	experiment	complete	0	physical_gpus=4,5
2026-08-26T08:14:18+00:00	prefetch_x12_K1_gradmatch_AVGG13BN_SResNet20BN	prefetch	running	-	physical_gpus=4,5; fourth active config; exact K1 alpha2 Jacobian-off 5x4
2026-08-26T08:14:35+00:00	prefetch_x12_K1_gradmatch_AVGG13BN_SResNet20BN	prefetch	active	-	actual isolated pgid=441696 physical_gpus=4,5
===== 2026-08-26T08:27:49+00:00 =====
1, 28769 MiB, 143771 MiB, 100 %, 36
2, 24077 MiB, 143771 MiB, 100 %, 38
3, 24065 MiB, 143771 MiB, 100 %, 36
4, 21234 MiB, 143771 MiB, 100 %, 38
5, 16986 MiB, 143771 MiB, 100 %, 39
cache_nets=72
completed_experiments=8
2026-08-26T07:27:02+00:00	concurrency_guard	scheduler	selective_resume	-	x07 lineage resumed beside three prefetch cells; x08/x09 and scheduler remain SIGSTOP; exactly four configurations on GPUs4/5
2026-08-26T07:28:44+00:00	concurrency_guard	scheduler	selective_resume	-	prefetch x05 completed; x08 lineage resumed; x09 and scheduler remain paused; four configurations max on GPUs4/5
2026-08-26T07:30:04+00:00	concurrency_guard	scheduler	selective_resume	-	prefetch x06 completed; x09 lineage resumed; only scheduler remains paused; x04+x07+x08+x09 = four configurations on GPUs4/5
2026-08-26T07:30:55+00:00	concurrency_guard	scheduler	resumed	-	launcher resumed; it is blocked waiting for x07-x09; x04 prefetch plus wave3 equals four configurations max on GPUs4/5
2026-08-26T08:02:07+00:00	prefetch_wave_2	scheduler	complete	0	three prefetched configurations exited
2026-08-26T08:03:02+00:00	prefetch_x10_K1_gradmatch_AResNet20BN_SVGG13BN	prefetch	running	-	physical_gpus=4,5; one extra config beside wave3; normal x10 lock will skip safely
2026-08-26T08:03:25+00:00	prefetch_x10_K1_gradmatch_AResNet20BN_SVGG13BN	prefetch	active	-	actual isolated pgid=434719 physical_gpus=4,5 exact K1 alpha2 Jacobian-off 5x4
2026-08-26T08:11:35+00:00	x07_K1_gradmatch_AConvNetBN_SResNet20BN	experiment	complete	0	physical_gpus=4,5
2026-08-26T08:12:30+00:00	prefetch_k1_tail	scheduler	paused	-	only launcher pid304029 SIGSTOP; active x08/x09 continue; prevents wave4 until x10-x12 prefetch drains
2026-08-26T08:12:30+00:00	prefetch_x11_K1_gradmatch_AVGG13BN_SConvNetBN	prefetch	running	-	physical_gpus=4,5; fourth active config; exact K1 alpha2 Jacobian-off 5x4
2026-08-26T08:12:47+00:00	prefetch_x11_K1_gradmatch_AVGG13BN_SConvNetBN	prefetch	active	-	actual isolated pgid=440094 physical_gpus=4,5
2026-08-26T08:13:29+00:00	x08_K1_gradmatch_AConvNetBN_SVGG13BN	experiment	complete	0	physical_gpus=4,5
2026-08-26T08:14:18+00:00	prefetch_x12_K1_gradmatch_AVGG13BN_SResNet20BN	prefetch	running	-	physical_gpus=4,5; fourth active config; exact K1 alpha2 Jacobian-off 5x4
2026-08-26T08:14:35+00:00	prefetch_x12_K1_gradmatch_AVGG13BN_SResNet20BN	prefetch	active	-	actual isolated pgid=441696 physical_gpus=4,5
===== 2026-08-26T08:32:49+00:00 =====
1, 28769 MiB, 143771 MiB, 99 %, 36
2, 24079 MiB, 143771 MiB, 99 %, 39
3, 24065 MiB, 143771 MiB, 99 %, 36
4, 21234 MiB, 143771 MiB, 100 %, 38
5, 16986 MiB, 143771 MiB, 100 %, 39
cache_nets=72
completed_experiments=8
2026-08-26T07:27:02+00:00	concurrency_guard	scheduler	selective_resume	-	x07 lineage resumed beside three prefetch cells; x08/x09 and scheduler remain SIGSTOP; exactly four configurations on GPUs4/5
2026-08-26T07:28:44+00:00	concurrency_guard	scheduler	selective_resume	-	prefetch x05 completed; x08 lineage resumed; x09 and scheduler remain paused; four configurations max on GPUs4/5
2026-08-26T07:30:04+00:00	concurrency_guard	scheduler	selective_resume	-	prefetch x06 completed; x09 lineage resumed; only scheduler remains paused; x04+x07+x08+x09 = four configurations on GPUs4/5
2026-08-26T07:30:55+00:00	concurrency_guard	scheduler	resumed	-	launcher resumed; it is blocked waiting for x07-x09; x04 prefetch plus wave3 equals four configurations max on GPUs4/5
2026-08-26T08:02:07+00:00	prefetch_wave_2	scheduler	complete	0	three prefetched configurations exited
2026-08-26T08:03:02+00:00	prefetch_x10_K1_gradmatch_AResNet20BN_SVGG13BN	prefetch	running	-	physical_gpus=4,5; one extra config beside wave3; normal x10 lock will skip safely
2026-08-26T08:03:25+00:00	prefetch_x10_K1_gradmatch_AResNet20BN_SVGG13BN	prefetch	active	-	actual isolated pgid=434719 physical_gpus=4,5 exact K1 alpha2 Jacobian-off 5x4
2026-08-26T08:11:35+00:00	x07_K1_gradmatch_AConvNetBN_SResNet20BN	experiment	complete	0	physical_gpus=4,5
2026-08-26T08:12:30+00:00	prefetch_k1_tail	scheduler	paused	-	only launcher pid304029 SIGSTOP; active x08/x09 continue; prevents wave4 until x10-x12 prefetch drains
2026-08-26T08:12:30+00:00	prefetch_x11_K1_gradmatch_AVGG13BN_SConvNetBN	prefetch	running	-	physical_gpus=4,5; fourth active config; exact K1 alpha2 Jacobian-off 5x4
2026-08-26T08:12:47+00:00	prefetch_x11_K1_gradmatch_AVGG13BN_SConvNetBN	prefetch	active	-	actual isolated pgid=440094 physical_gpus=4,5
2026-08-26T08:13:29+00:00	x08_K1_gradmatch_AConvNetBN_SVGG13BN	experiment	complete	0	physical_gpus=4,5
2026-08-26T08:14:18+00:00	prefetch_x12_K1_gradmatch_AVGG13BN_SResNet20BN	prefetch	running	-	physical_gpus=4,5; fourth active config; exact K1 alpha2 Jacobian-off 5x4
2026-08-26T08:14:35+00:00	prefetch_x12_K1_gradmatch_AVGG13BN_SResNet20BN	prefetch	active	-	actual isolated pgid=441696 physical_gpus=4,5
===== 2026-08-26T08:37:49+00:00 =====
1, 29600 MiB, 143771 MiB, 100 %, 35
2, 26326 MiB, 143771 MiB, 100 %, 37
3, 26312 MiB, 143771 MiB, 100 %, 36
4, 21246 MiB, 143771 MiB, 100 %, 40
5, 20852 MiB, 143771 MiB, 100 %, 39
cache_nets=72
completed_experiments=8
2026-08-26T07:27:02+00:00	concurrency_guard	scheduler	selective_resume	-	x07 lineage resumed beside three prefetch cells; x08/x09 and scheduler remain SIGSTOP; exactly four configurations on GPUs4/5
2026-08-26T07:28:44+00:00	concurrency_guard	scheduler	selective_resume	-	prefetch x05 completed; x08 lineage resumed; x09 and scheduler remain paused; four configurations max on GPUs4/5
2026-08-26T07:30:04+00:00	concurrency_guard	scheduler	selective_resume	-	prefetch x06 completed; x09 lineage resumed; only scheduler remains paused; x04+x07+x08+x09 = four configurations on GPUs4/5
2026-08-26T07:30:55+00:00	concurrency_guard	scheduler	resumed	-	launcher resumed; it is blocked waiting for x07-x09; x04 prefetch plus wave3 equals four configurations max on GPUs4/5
2026-08-26T08:02:07+00:00	prefetch_wave_2	scheduler	complete	0	three prefetched configurations exited
2026-08-26T08:03:02+00:00	prefetch_x10_K1_gradmatch_AResNet20BN_SVGG13BN	prefetch	running	-	physical_gpus=4,5; one extra config beside wave3; normal x10 lock will skip safely
2026-08-26T08:03:25+00:00	prefetch_x10_K1_gradmatch_AResNet20BN_SVGG13BN	prefetch	active	-	actual isolated pgid=434719 physical_gpus=4,5 exact K1 alpha2 Jacobian-off 5x4
2026-08-26T08:11:35+00:00	x07_K1_gradmatch_AConvNetBN_SResNet20BN	experiment	complete	0	physical_gpus=4,5
2026-08-26T08:12:30+00:00	prefetch_k1_tail	scheduler	paused	-	only launcher pid304029 SIGSTOP; active x08/x09 continue; prevents wave4 until x10-x12 prefetch drains
2026-08-26T08:12:30+00:00	prefetch_x11_K1_gradmatch_AVGG13BN_SConvNetBN	prefetch	running	-	physical_gpus=4,5; fourth active config; exact K1 alpha2 Jacobian-off 5x4
2026-08-26T08:12:47+00:00	prefetch_x11_K1_gradmatch_AVGG13BN_SConvNetBN	prefetch	active	-	actual isolated pgid=440094 physical_gpus=4,5
2026-08-26T08:13:29+00:00	x08_K1_gradmatch_AConvNetBN_SVGG13BN	experiment	complete	0	physical_gpus=4,5
2026-08-26T08:14:18+00:00	prefetch_x12_K1_gradmatch_AVGG13BN_SResNet20BN	prefetch	running	-	physical_gpus=4,5; fourth active config; exact K1 alpha2 Jacobian-off 5x4
2026-08-26T08:14:35+00:00	prefetch_x12_K1_gradmatch_AVGG13BN_SResNet20BN	prefetch	active	-	actual isolated pgid=441696 physical_gpus=4,5
===== 2026-08-26T08:42:49+00:00 =====
1, 29600 MiB, 143771 MiB, 99 %, 37
2, 26326 MiB, 143771 MiB, 100 %, 36
3, 26312 MiB, 143771 MiB, 100 %, 35
4, 22332 MiB, 143771 MiB, 100 %, 38
5, 18044 MiB, 143771 MiB, 100 %, 39
cache_nets=72
completed_experiments=8
2026-08-26T07:27:02+00:00	concurrency_guard	scheduler	selective_resume	-	x07 lineage resumed beside three prefetch cells; x08/x09 and scheduler remain SIGSTOP; exactly four configurations on GPUs4/5
2026-08-26T07:28:44+00:00	concurrency_guard	scheduler	selective_resume	-	prefetch x05 completed; x08 lineage resumed; x09 and scheduler remain paused; four configurations max on GPUs4/5
2026-08-26T07:30:04+00:00	concurrency_guard	scheduler	selective_resume	-	prefetch x06 completed; x09 lineage resumed; only scheduler remains paused; x04+x07+x08+x09 = four configurations on GPUs4/5
2026-08-26T07:30:55+00:00	concurrency_guard	scheduler	resumed	-	launcher resumed; it is blocked waiting for x07-x09; x04 prefetch plus wave3 equals four configurations max on GPUs4/5
2026-08-26T08:02:07+00:00	prefetch_wave_2	scheduler	complete	0	three prefetched configurations exited
2026-08-26T08:03:02+00:00	prefetch_x10_K1_gradmatch_AResNet20BN_SVGG13BN	prefetch	running	-	physical_gpus=4,5; one extra config beside wave3; normal x10 lock will skip safely
2026-08-26T08:03:25+00:00	prefetch_x10_K1_gradmatch_AResNet20BN_SVGG13BN	prefetch	active	-	actual isolated pgid=434719 physical_gpus=4,5 exact K1 alpha2 Jacobian-off 5x4
2026-08-26T08:11:35+00:00	x07_K1_gradmatch_AConvNetBN_SResNet20BN	experiment	complete	0	physical_gpus=4,5
2026-08-26T08:12:30+00:00	prefetch_k1_tail	scheduler	paused	-	only launcher pid304029 SIGSTOP; active x08/x09 continue; prevents wave4 until x10-x12 prefetch drains
2026-08-26T08:12:30+00:00	prefetch_x11_K1_gradmatch_AVGG13BN_SConvNetBN	prefetch	running	-	physical_gpus=4,5; fourth active config; exact K1 alpha2 Jacobian-off 5x4
2026-08-26T08:12:47+00:00	prefetch_x11_K1_gradmatch_AVGG13BN_SConvNetBN	prefetch	active	-	actual isolated pgid=440094 physical_gpus=4,5
2026-08-26T08:13:29+00:00	x08_K1_gradmatch_AConvNetBN_SVGG13BN	experiment	complete	0	physical_gpus=4,5
2026-08-26T08:14:18+00:00	prefetch_x12_K1_gradmatch_AVGG13BN_SResNet20BN	prefetch	running	-	physical_gpus=4,5; fourth active config; exact K1 alpha2 Jacobian-off 5x4
2026-08-26T08:14:35+00:00	prefetch_x12_K1_gradmatch_AVGG13BN_SResNet20BN	prefetch	active	-	actual isolated pgid=441696 physical_gpus=4,5
===== 2026-08-26T08:47:50+00:00 =====
1, 29614 MiB, 143771 MiB, 100 %, 36
2, 26340 MiB, 143771 MiB, 100 %, 36
3, 26330 MiB, 143771 MiB, 100 %, 35
4, 22332 MiB, 143771 MiB, 99 %, 39
5, 18044 MiB, 143771 MiB, 100 %, 41
cache_nets=72
completed_experiments=8
2026-08-26T07:27:02+00:00	concurrency_guard	scheduler	selective_resume	-	x07 lineage resumed beside three prefetch cells; x08/x09 and scheduler remain SIGSTOP; exactly four configurations on GPUs4/5
2026-08-26T07:28:44+00:00	concurrency_guard	scheduler	selective_resume	-	prefetch x05 completed; x08 lineage resumed; x09 and scheduler remain paused; four configurations max on GPUs4/5
2026-08-26T07:30:04+00:00	concurrency_guard	scheduler	selective_resume	-	prefetch x06 completed; x09 lineage resumed; only scheduler remains paused; x04+x07+x08+x09 = four configurations on GPUs4/5
2026-08-26T07:30:55+00:00	concurrency_guard	scheduler	resumed	-	launcher resumed; it is blocked waiting for x07-x09; x04 prefetch plus wave3 equals four configurations max on GPUs4/5
2026-08-26T08:02:07+00:00	prefetch_wave_2	scheduler	complete	0	three prefetched configurations exited
2026-08-26T08:03:02+00:00	prefetch_x10_K1_gradmatch_AResNet20BN_SVGG13BN	prefetch	running	-	physical_gpus=4,5; one extra config beside wave3; normal x10 lock will skip safely
2026-08-26T08:03:25+00:00	prefetch_x10_K1_gradmatch_AResNet20BN_SVGG13BN	prefetch	active	-	actual isolated pgid=434719 physical_gpus=4,5 exact K1 alpha2 Jacobian-off 5x4
2026-08-26T08:11:35+00:00	x07_K1_gradmatch_AConvNetBN_SResNet20BN	experiment	complete	0	physical_gpus=4,5
2026-08-26T08:12:30+00:00	prefetch_k1_tail	scheduler	paused	-	only launcher pid304029 SIGSTOP; active x08/x09 continue; prevents wave4 until x10-x12 prefetch drains
2026-08-26T08:12:30+00:00	prefetch_x11_K1_gradmatch_AVGG13BN_SConvNetBN	prefetch	running	-	physical_gpus=4,5; fourth active config; exact K1 alpha2 Jacobian-off 5x4
2026-08-26T08:12:47+00:00	prefetch_x11_K1_gradmatch_AVGG13BN_SConvNetBN	prefetch	active	-	actual isolated pgid=440094 physical_gpus=4,5
2026-08-26T08:13:29+00:00	x08_K1_gradmatch_AConvNetBN_SVGG13BN	experiment	complete	0	physical_gpus=4,5
2026-08-26T08:14:18+00:00	prefetch_x12_K1_gradmatch_AVGG13BN_SResNet20BN	prefetch	running	-	physical_gpus=4,5; fourth active config; exact K1 alpha2 Jacobian-off 5x4
2026-08-26T08:14:35+00:00	prefetch_x12_K1_gradmatch_AVGG13BN_SResNet20BN	prefetch	active	-	actual isolated pgid=441696 physical_gpus=4,5
===== 2026-08-26T08:52:50+00:00 =====
1, 29614 MiB, 143771 MiB, 100 %, 35
2, 26340 MiB, 143771 MiB, 100 %, 36
3, 26330 MiB, 143771 MiB, 99 %, 38
4, 22332 MiB, 143771 MiB, 99 %, 40
5, 14372 MiB, 143771 MiB, 100 %, 41
cache_nets=72
completed_experiments=8
2026-08-26T07:27:02+00:00	concurrency_guard	scheduler	selective_resume	-	x07 lineage resumed beside three prefetch cells; x08/x09 and scheduler remain SIGSTOP; exactly four configurations on GPUs4/5
2026-08-26T07:28:44+00:00	concurrency_guard	scheduler	selective_resume	-	prefetch x05 completed; x08 lineage resumed; x09 and scheduler remain paused; four configurations max on GPUs4/5
2026-08-26T07:30:04+00:00	concurrency_guard	scheduler	selective_resume	-	prefetch x06 completed; x09 lineage resumed; only scheduler remains paused; x04+x07+x08+x09 = four configurations on GPUs4/5
2026-08-26T07:30:55+00:00	concurrency_guard	scheduler	resumed	-	launcher resumed; it is blocked waiting for x07-x09; x04 prefetch plus wave3 equals four configurations max on GPUs4/5
2026-08-26T08:02:07+00:00	prefetch_wave_2	scheduler	complete	0	three prefetched configurations exited
2026-08-26T08:03:02+00:00	prefetch_x10_K1_gradmatch_AResNet20BN_SVGG13BN	prefetch	running	-	physical_gpus=4,5; one extra config beside wave3; normal x10 lock will skip safely
2026-08-26T08:03:25+00:00	prefetch_x10_K1_gradmatch_AResNet20BN_SVGG13BN	prefetch	active	-	actual isolated pgid=434719 physical_gpus=4,5 exact K1 alpha2 Jacobian-off 5x4
2026-08-26T08:11:35+00:00	x07_K1_gradmatch_AConvNetBN_SResNet20BN	experiment	complete	0	physical_gpus=4,5
2026-08-26T08:12:30+00:00	prefetch_k1_tail	scheduler	paused	-	only launcher pid304029 SIGSTOP; active x08/x09 continue; prevents wave4 until x10-x12 prefetch drains
2026-08-26T08:12:30+00:00	prefetch_x11_K1_gradmatch_AVGG13BN_SConvNetBN	prefetch	running	-	physical_gpus=4,5; fourth active config; exact K1 alpha2 Jacobian-off 5x4
2026-08-26T08:12:47+00:00	prefetch_x11_K1_gradmatch_AVGG13BN_SConvNetBN	prefetch	active	-	actual isolated pgid=440094 physical_gpus=4,5
2026-08-26T08:13:29+00:00	x08_K1_gradmatch_AConvNetBN_SVGG13BN	experiment	complete	0	physical_gpus=4,5
2026-08-26T08:14:18+00:00	prefetch_x12_K1_gradmatch_AVGG13BN_SResNet20BN	prefetch	running	-	physical_gpus=4,5; fourth active config; exact K1 alpha2 Jacobian-off 5x4
2026-08-26T08:14:35+00:00	prefetch_x12_K1_gradmatch_AVGG13BN_SResNet20BN	prefetch	active	-	actual isolated pgid=441696 physical_gpus=4,5
===== 2026-08-26T08:57:50+00:00 =====
1, 29614 MiB, 143771 MiB, 100 %, 36
2, 26340 MiB, 143771 MiB, 100 %, 37
3, 26332 MiB, 143771 MiB, 100 %, 35
4, 20100 MiB, 143771 MiB, 99 %, 39
5, 15834 MiB, 143771 MiB, 100 %, 40
cache_nets=72
completed_experiments=8
2026-08-26T07:27:02+00:00	concurrency_guard	scheduler	selective_resume	-	x07 lineage resumed beside three prefetch cells; x08/x09 and scheduler remain SIGSTOP; exactly four configurations on GPUs4/5
2026-08-26T07:28:44+00:00	concurrency_guard	scheduler	selective_resume	-	prefetch x05 completed; x08 lineage resumed; x09 and scheduler remain paused; four configurations max on GPUs4/5
2026-08-26T07:30:04+00:00	concurrency_guard	scheduler	selective_resume	-	prefetch x06 completed; x09 lineage resumed; only scheduler remains paused; x04+x07+x08+x09 = four configurations on GPUs4/5
2026-08-26T07:30:55+00:00	concurrency_guard	scheduler	resumed	-	launcher resumed; it is blocked waiting for x07-x09; x04 prefetch plus wave3 equals four configurations max on GPUs4/5
2026-08-26T08:02:07+00:00	prefetch_wave_2	scheduler	complete	0	three prefetched configurations exited
2026-08-26T08:03:02+00:00	prefetch_x10_K1_gradmatch_AResNet20BN_SVGG13BN	prefetch	running	-	physical_gpus=4,5; one extra config beside wave3; normal x10 lock will skip safely
2026-08-26T08:03:25+00:00	prefetch_x10_K1_gradmatch_AResNet20BN_SVGG13BN	prefetch	active	-	actual isolated pgid=434719 physical_gpus=4,5 exact K1 alpha2 Jacobian-off 5x4
2026-08-26T08:11:35+00:00	x07_K1_gradmatch_AConvNetBN_SResNet20BN	experiment	complete	0	physical_gpus=4,5
2026-08-26T08:12:30+00:00	prefetch_k1_tail	scheduler	paused	-	only launcher pid304029 SIGSTOP; active x08/x09 continue; prevents wave4 until x10-x12 prefetch drains
2026-08-26T08:12:30+00:00	prefetch_x11_K1_gradmatch_AVGG13BN_SConvNetBN	prefetch	running	-	physical_gpus=4,5; fourth active config; exact K1 alpha2 Jacobian-off 5x4
2026-08-26T08:12:47+00:00	prefetch_x11_K1_gradmatch_AVGG13BN_SConvNetBN	prefetch	active	-	actual isolated pgid=440094 physical_gpus=4,5
2026-08-26T08:13:29+00:00	x08_K1_gradmatch_AConvNetBN_SVGG13BN	experiment	complete	0	physical_gpus=4,5
2026-08-26T08:14:18+00:00	prefetch_x12_K1_gradmatch_AVGG13BN_SResNet20BN	prefetch	running	-	physical_gpus=4,5; fourth active config; exact K1 alpha2 Jacobian-off 5x4
2026-08-26T08:14:35+00:00	prefetch_x12_K1_gradmatch_AVGG13BN_SResNet20BN	prefetch	active	-	actual isolated pgid=441696 physical_gpus=4,5
===== 2026-08-26T09:02:50+00:00 =====
1, 29614 MiB, 143771 MiB, 99 %, 38
2, 26340 MiB, 143771 MiB, 100 %, 36
3, 26332 MiB, 143771 MiB, 99 %, 38
4, 21416 MiB, 143771 MiB, 99 %, 38
5, 17166 MiB, 143771 MiB, 100 %, 39
cache_nets=72
completed_experiments=8
2026-08-26T07:27:02+00:00	concurrency_guard	scheduler	selective_resume	-	x07 lineage resumed beside three prefetch cells; x08/x09 and scheduler remain SIGSTOP; exactly four configurations on GPUs4/5
2026-08-26T07:28:44+00:00	concurrency_guard	scheduler	selective_resume	-	prefetch x05 completed; x08 lineage resumed; x09 and scheduler remain paused; four configurations max on GPUs4/5
2026-08-26T07:30:04+00:00	concurrency_guard	scheduler	selective_resume	-	prefetch x06 completed; x09 lineage resumed; only scheduler remains paused; x04+x07+x08+x09 = four configurations on GPUs4/5
2026-08-26T07:30:55+00:00	concurrency_guard	scheduler	resumed	-	launcher resumed; it is blocked waiting for x07-x09; x04 prefetch plus wave3 equals four configurations max on GPUs4/5
2026-08-26T08:02:07+00:00	prefetch_wave_2	scheduler	complete	0	three prefetched configurations exited
2026-08-26T08:03:02+00:00	prefetch_x10_K1_gradmatch_AResNet20BN_SVGG13BN	prefetch	running	-	physical_gpus=4,5; one extra config beside wave3; normal x10 lock will skip safely
2026-08-26T08:03:25+00:00	prefetch_x10_K1_gradmatch_AResNet20BN_SVGG13BN	prefetch	active	-	actual isolated pgid=434719 physical_gpus=4,5 exact K1 alpha2 Jacobian-off 5x4
2026-08-26T08:11:35+00:00	x07_K1_gradmatch_AConvNetBN_SResNet20BN	experiment	complete	0	physical_gpus=4,5
2026-08-26T08:12:30+00:00	prefetch_k1_tail	scheduler	paused	-	only launcher pid304029 SIGSTOP; active x08/x09 continue; prevents wave4 until x10-x12 prefetch drains
2026-08-26T08:12:30+00:00	prefetch_x11_K1_gradmatch_AVGG13BN_SConvNetBN	prefetch	running	-	physical_gpus=4,5; fourth active config; exact K1 alpha2 Jacobian-off 5x4
2026-08-26T08:12:47+00:00	prefetch_x11_K1_gradmatch_AVGG13BN_SConvNetBN	prefetch	active	-	actual isolated pgid=440094 physical_gpus=4,5
2026-08-26T08:13:29+00:00	x08_K1_gradmatch_AConvNetBN_SVGG13BN	experiment	complete	0	physical_gpus=4,5
2026-08-26T08:14:18+00:00	prefetch_x12_K1_gradmatch_AVGG13BN_SResNet20BN	prefetch	running	-	physical_gpus=4,5; fourth active config; exact K1 alpha2 Jacobian-off 5x4
2026-08-26T08:14:35+00:00	prefetch_x12_K1_gradmatch_AVGG13BN_SResNet20BN	prefetch	active	-	actual isolated pgid=441696 physical_gpus=4,5
===== 2026-08-26T09:07:51+00:00 =====
1, 29614 MiB, 143771 MiB, 99 %, 34
2, 26340 MiB, 143771 MiB, 99 %, 36
3, 26334 MiB, 143771 MiB, 99 %, 36
4, 21416 MiB, 143771 MiB, 99 %, 38
5, 17166 MiB, 143771 MiB, 100 %, 39
cache_nets=72
completed_experiments=8
2026-08-26T07:27:02+00:00	concurrency_guard	scheduler	selective_resume	-	x07 lineage resumed beside three prefetch cells; x08/x09 and scheduler remain SIGSTOP; exactly four configurations on GPUs4/5
2026-08-26T07:28:44+00:00	concurrency_guard	scheduler	selective_resume	-	prefetch x05 completed; x08 lineage resumed; x09 and scheduler remain paused; four configurations max on GPUs4/5
2026-08-26T07:30:04+00:00	concurrency_guard	scheduler	selective_resume	-	prefetch x06 completed; x09 lineage resumed; only scheduler remains paused; x04+x07+x08+x09 = four configurations on GPUs4/5
2026-08-26T07:30:55+00:00	concurrency_guard	scheduler	resumed	-	launcher resumed; it is blocked waiting for x07-x09; x04 prefetch plus wave3 equals four configurations max on GPUs4/5
2026-08-26T08:02:07+00:00	prefetch_wave_2	scheduler	complete	0	three prefetched configurations exited
2026-08-26T08:03:02+00:00	prefetch_x10_K1_gradmatch_AResNet20BN_SVGG13BN	prefetch	running	-	physical_gpus=4,5; one extra config beside wave3; normal x10 lock will skip safely
2026-08-26T08:03:25+00:00	prefetch_x10_K1_gradmatch_AResNet20BN_SVGG13BN	prefetch	active	-	actual isolated pgid=434719 physical_gpus=4,5 exact K1 alpha2 Jacobian-off 5x4
2026-08-26T08:11:35+00:00	x07_K1_gradmatch_AConvNetBN_SResNet20BN	experiment	complete	0	physical_gpus=4,5
2026-08-26T08:12:30+00:00	prefetch_k1_tail	scheduler	paused	-	only launcher pid304029 SIGSTOP; active x08/x09 continue; prevents wave4 until x10-x12 prefetch drains
2026-08-26T08:12:30+00:00	prefetch_x11_K1_gradmatch_AVGG13BN_SConvNetBN	prefetch	running	-	physical_gpus=4,5; fourth active config; exact K1 alpha2 Jacobian-off 5x4
2026-08-26T08:12:47+00:00	prefetch_x11_K1_gradmatch_AVGG13BN_SConvNetBN	prefetch	active	-	actual isolated pgid=440094 physical_gpus=4,5
2026-08-26T08:13:29+00:00	x08_K1_gradmatch_AConvNetBN_SVGG13BN	experiment	complete	0	physical_gpus=4,5
2026-08-26T08:14:18+00:00	prefetch_x12_K1_gradmatch_AVGG13BN_SResNet20BN	prefetch	running	-	physical_gpus=4,5; fourth active config; exact K1 alpha2 Jacobian-off 5x4
2026-08-26T08:14:35+00:00	prefetch_x12_K1_gradmatch_AVGG13BN_SResNet20BN	prefetch	active	-	actual isolated pgid=441696 physical_gpus=4,5
===== 2026-08-26T09:12:51+00:00 =====
1, 29626 MiB, 143771 MiB, 99 %, 34
2, 26340 MiB, 143771 MiB, 99 %, 34
3, 26334 MiB, 143771 MiB, 99 %, 33
4, 21416 MiB, 143771 MiB, 99 %, 38
5, 20846 MiB, 143771 MiB, 100 %, 39
cache_nets=72
completed_experiments=8
2026-08-26T07:27:02+00:00	concurrency_guard	scheduler	selective_resume	-	x07 lineage resumed beside three prefetch cells; x08/x09 and scheduler remain SIGSTOP; exactly four configurations on GPUs4/5
2026-08-26T07:28:44+00:00	concurrency_guard	scheduler	selective_resume	-	prefetch x05 completed; x08 lineage resumed; x09 and scheduler remain paused; four configurations max on GPUs4/5
2026-08-26T07:30:04+00:00	concurrency_guard	scheduler	selective_resume	-	prefetch x06 completed; x09 lineage resumed; only scheduler remains paused; x04+x07+x08+x09 = four configurations on GPUs4/5
2026-08-26T07:30:55+00:00	concurrency_guard	scheduler	resumed	-	launcher resumed; it is blocked waiting for x07-x09; x04 prefetch plus wave3 equals four configurations max on GPUs4/5
2026-08-26T08:02:07+00:00	prefetch_wave_2	scheduler	complete	0	three prefetched configurations exited
2026-08-26T08:03:02+00:00	prefetch_x10_K1_gradmatch_AResNet20BN_SVGG13BN	prefetch	running	-	physical_gpus=4,5; one extra config beside wave3; normal x10 lock will skip safely
2026-08-26T08:03:25+00:00	prefetch_x10_K1_gradmatch_AResNet20BN_SVGG13BN	prefetch	active	-	actual isolated pgid=434719 physical_gpus=4,5 exact K1 alpha2 Jacobian-off 5x4
2026-08-26T08:11:35+00:00	x07_K1_gradmatch_AConvNetBN_SResNet20BN	experiment	complete	0	physical_gpus=4,5
2026-08-26T08:12:30+00:00	prefetch_k1_tail	scheduler	paused	-	only launcher pid304029 SIGSTOP; active x08/x09 continue; prevents wave4 until x10-x12 prefetch drains
2026-08-26T08:12:30+00:00	prefetch_x11_K1_gradmatch_AVGG13BN_SConvNetBN	prefetch	running	-	physical_gpus=4,5; fourth active config; exact K1 alpha2 Jacobian-off 5x4
2026-08-26T08:12:47+00:00	prefetch_x11_K1_gradmatch_AVGG13BN_SConvNetBN	prefetch	active	-	actual isolated pgid=440094 physical_gpus=4,5
2026-08-26T08:13:29+00:00	x08_K1_gradmatch_AConvNetBN_SVGG13BN	experiment	complete	0	physical_gpus=4,5
2026-08-26T08:14:18+00:00	prefetch_x12_K1_gradmatch_AVGG13BN_SResNet20BN	prefetch	running	-	physical_gpus=4,5; fourth active config; exact K1 alpha2 Jacobian-off 5x4
2026-08-26T08:14:35+00:00	prefetch_x12_K1_gradmatch_AVGG13BN_SResNet20BN	prefetch	active	-	actual isolated pgid=441696 physical_gpus=4,5
===== 2026-08-26T09:17:51+00:00 =====
1, 29628 MiB, 143771 MiB, 99 %, 34
2, 26328 MiB, 143771 MiB, 99 %, 34
3, 26340 MiB, 143771 MiB, 99 %, 33
4, 21674 MiB, 143771 MiB, 100 %, 39
5, 20852 MiB, 143771 MiB, 100 %, 39
cache_nets=72
completed_experiments=8
2026-08-26T07:27:02+00:00	concurrency_guard	scheduler	selective_resume	-	x07 lineage resumed beside three prefetch cells; x08/x09 and scheduler remain SIGSTOP; exactly four configurations on GPUs4/5
2026-08-26T07:28:44+00:00	concurrency_guard	scheduler	selective_resume	-	prefetch x05 completed; x08 lineage resumed; x09 and scheduler remain paused; four configurations max on GPUs4/5
2026-08-26T07:30:04+00:00	concurrency_guard	scheduler	selective_resume	-	prefetch x06 completed; x09 lineage resumed; only scheduler remains paused; x04+x07+x08+x09 = four configurations on GPUs4/5
2026-08-26T07:30:55+00:00	concurrency_guard	scheduler	resumed	-	launcher resumed; it is blocked waiting for x07-x09; x04 prefetch plus wave3 equals four configurations max on GPUs4/5
2026-08-26T08:02:07+00:00	prefetch_wave_2	scheduler	complete	0	three prefetched configurations exited
2026-08-26T08:03:02+00:00	prefetch_x10_K1_gradmatch_AResNet20BN_SVGG13BN	prefetch	running	-	physical_gpus=4,5; one extra config beside wave3; normal x10 lock will skip safely
2026-08-26T08:03:25+00:00	prefetch_x10_K1_gradmatch_AResNet20BN_SVGG13BN	prefetch	active	-	actual isolated pgid=434719 physical_gpus=4,5 exact K1 alpha2 Jacobian-off 5x4
2026-08-26T08:11:35+00:00	x07_K1_gradmatch_AConvNetBN_SResNet20BN	experiment	complete	0	physical_gpus=4,5
2026-08-26T08:12:30+00:00	prefetch_k1_tail	scheduler	paused	-	only launcher pid304029 SIGSTOP; active x08/x09 continue; prevents wave4 until x10-x12 prefetch drains
2026-08-26T08:12:30+00:00	prefetch_x11_K1_gradmatch_AVGG13BN_SConvNetBN	prefetch	running	-	physical_gpus=4,5; fourth active config; exact K1 alpha2 Jacobian-off 5x4
2026-08-26T08:12:47+00:00	prefetch_x11_K1_gradmatch_AVGG13BN_SConvNetBN	prefetch	active	-	actual isolated pgid=440094 physical_gpus=4,5
2026-08-26T08:13:29+00:00	x08_K1_gradmatch_AConvNetBN_SVGG13BN	experiment	complete	0	physical_gpus=4,5
2026-08-26T08:14:18+00:00	prefetch_x12_K1_gradmatch_AVGG13BN_SResNet20BN	prefetch	running	-	physical_gpus=4,5; fourth active config; exact K1 alpha2 Jacobian-off 5x4
2026-08-26T08:14:35+00:00	prefetch_x12_K1_gradmatch_AVGG13BN_SResNet20BN	prefetch	active	-	actual isolated pgid=441696 physical_gpus=4,5
===== 2026-08-26T09:22:51+00:00 =====
1, 29614 MiB, 143771 MiB, 99 %, 34
2, 26310 MiB, 143771 MiB, 99 %, 35
3, 26338 MiB, 143771 MiB, 99 %, 34
4, 23842 MiB, 143771 MiB, 99 %, 40
5, 19392 MiB, 143771 MiB, 100 %, 41
cache_nets=72
completed_experiments=8
2026-08-26T07:27:02+00:00	concurrency_guard	scheduler	selective_resume	-	x07 lineage resumed beside three prefetch cells; x08/x09 and scheduler remain SIGSTOP; exactly four configurations on GPUs4/5
2026-08-26T07:28:44+00:00	concurrency_guard	scheduler	selective_resume	-	prefetch x05 completed; x08 lineage resumed; x09 and scheduler remain paused; four configurations max on GPUs4/5
2026-08-26T07:30:04+00:00	concurrency_guard	scheduler	selective_resume	-	prefetch x06 completed; x09 lineage resumed; only scheduler remains paused; x04+x07+x08+x09 = four configurations on GPUs4/5
2026-08-26T07:30:55+00:00	concurrency_guard	scheduler	resumed	-	launcher resumed; it is blocked waiting for x07-x09; x04 prefetch plus wave3 equals four configurations max on GPUs4/5
2026-08-26T08:02:07+00:00	prefetch_wave_2	scheduler	complete	0	three prefetched configurations exited
2026-08-26T08:03:02+00:00	prefetch_x10_K1_gradmatch_AResNet20BN_SVGG13BN	prefetch	running	-	physical_gpus=4,5; one extra config beside wave3; normal x10 lock will skip safely
2026-08-26T08:03:25+00:00	prefetch_x10_K1_gradmatch_AResNet20BN_SVGG13BN	prefetch	active	-	actual isolated pgid=434719 physical_gpus=4,5 exact K1 alpha2 Jacobian-off 5x4
2026-08-26T08:11:35+00:00	x07_K1_gradmatch_AConvNetBN_SResNet20BN	experiment	complete	0	physical_gpus=4,5
2026-08-26T08:12:30+00:00	prefetch_k1_tail	scheduler	paused	-	only launcher pid304029 SIGSTOP; active x08/x09 continue; prevents wave4 until x10-x12 prefetch drains
2026-08-26T08:12:30+00:00	prefetch_x11_K1_gradmatch_AVGG13BN_SConvNetBN	prefetch	running	-	physical_gpus=4,5; fourth active config; exact K1 alpha2 Jacobian-off 5x4
2026-08-26T08:12:47+00:00	prefetch_x11_K1_gradmatch_AVGG13BN_SConvNetBN	prefetch	active	-	actual isolated pgid=440094 physical_gpus=4,5
2026-08-26T08:13:29+00:00	x08_K1_gradmatch_AConvNetBN_SVGG13BN	experiment	complete	0	physical_gpus=4,5
2026-08-26T08:14:18+00:00	prefetch_x12_K1_gradmatch_AVGG13BN_SResNet20BN	prefetch	running	-	physical_gpus=4,5; fourth active config; exact K1 alpha2 Jacobian-off 5x4
2026-08-26T08:14:35+00:00	prefetch_x12_K1_gradmatch_AVGG13BN_SResNet20BN	prefetch	active	-	actual isolated pgid=441696 physical_gpus=4,5
===== 2026-08-26T09:27:52+00:00 =====
1, 29624 MiB, 143771 MiB, 99 %, 34
2, 26324 MiB, 143771 MiB, 99 %, 34
3, 26338 MiB, 143771 MiB, 99 %, 33
4, 22504 MiB, 143771 MiB, 100 %, 40
5, 14178 MiB, 143771 MiB, 100 %, 41
cache_nets=72
completed_experiments=8
2026-08-26T07:27:02+00:00	concurrency_guard	scheduler	selective_resume	-	x07 lineage resumed beside three prefetch cells; x08/x09 and scheduler remain SIGSTOP; exactly four configurations on GPUs4/5
2026-08-26T07:28:44+00:00	concurrency_guard	scheduler	selective_resume	-	prefetch x05 completed; x08 lineage resumed; x09 and scheduler remain paused; four configurations max on GPUs4/5
2026-08-26T07:30:04+00:00	concurrency_guard	scheduler	selective_resume	-	prefetch x06 completed; x09 lineage resumed; only scheduler remains paused; x04+x07+x08+x09 = four configurations on GPUs4/5
2026-08-26T07:30:55+00:00	concurrency_guard	scheduler	resumed	-	launcher resumed; it is blocked waiting for x07-x09; x04 prefetch plus wave3 equals four configurations max on GPUs4/5
2026-08-26T08:02:07+00:00	prefetch_wave_2	scheduler	complete	0	three prefetched configurations exited
2026-08-26T08:03:02+00:00	prefetch_x10_K1_gradmatch_AResNet20BN_SVGG13BN	prefetch	running	-	physical_gpus=4,5; one extra config beside wave3; normal x10 lock will skip safely
2026-08-26T08:03:25+00:00	prefetch_x10_K1_gradmatch_AResNet20BN_SVGG13BN	prefetch	active	-	actual isolated pgid=434719 physical_gpus=4,5 exact K1 alpha2 Jacobian-off 5x4
2026-08-26T08:11:35+00:00	x07_K1_gradmatch_AConvNetBN_SResNet20BN	experiment	complete	0	physical_gpus=4,5
2026-08-26T08:12:30+00:00	prefetch_k1_tail	scheduler	paused	-	only launcher pid304029 SIGSTOP; active x08/x09 continue; prevents wave4 until x10-x12 prefetch drains
2026-08-26T08:12:30+00:00	prefetch_x11_K1_gradmatch_AVGG13BN_SConvNetBN	prefetch	running	-	physical_gpus=4,5; fourth active config; exact K1 alpha2 Jacobian-off 5x4
2026-08-26T08:12:47+00:00	prefetch_x11_K1_gradmatch_AVGG13BN_SConvNetBN	prefetch	active	-	actual isolated pgid=440094 physical_gpus=4,5
2026-08-26T08:13:29+00:00	x08_K1_gradmatch_AConvNetBN_SVGG13BN	experiment	complete	0	physical_gpus=4,5
2026-08-26T08:14:18+00:00	prefetch_x12_K1_gradmatch_AVGG13BN_SResNet20BN	prefetch	running	-	physical_gpus=4,5; fourth active config; exact K1 alpha2 Jacobian-off 5x4
2026-08-26T08:14:35+00:00	prefetch_x12_K1_gradmatch_AVGG13BN_SResNet20BN	prefetch	active	-	actual isolated pgid=441696 physical_gpus=4,5
===== 2026-08-26T09:32:52+00:00 =====
1, 29624 MiB, 143771 MiB, 99 %, 37
2, 26324 MiB, 143771 MiB, 99 %, 34
3, 26348 MiB, 143771 MiB, 99 %, 36
4, 18648 MiB, 143771 MiB, 100 %, 40
5, 14178 MiB, 143771 MiB, 100 %, 41
cache_nets=72
completed_experiments=8
2026-08-26T07:27:02+00:00	concurrency_guard	scheduler	selective_resume	-	x07 lineage resumed beside three prefetch cells; x08/x09 and scheduler remain SIGSTOP; exactly four configurations on GPUs4/5
2026-08-26T07:28:44+00:00	concurrency_guard	scheduler	selective_resume	-	prefetch x05 completed; x08 lineage resumed; x09 and scheduler remain paused; four configurations max on GPUs4/5
2026-08-26T07:30:04+00:00	concurrency_guard	scheduler	selective_resume	-	prefetch x06 completed; x09 lineage resumed; only scheduler remains paused; x04+x07+x08+x09 = four configurations on GPUs4/5
2026-08-26T07:30:55+00:00	concurrency_guard	scheduler	resumed	-	launcher resumed; it is blocked waiting for x07-x09; x04 prefetch plus wave3 equals four configurations max on GPUs4/5
2026-08-26T08:02:07+00:00	prefetch_wave_2	scheduler	complete	0	three prefetched configurations exited
2026-08-26T08:03:02+00:00	prefetch_x10_K1_gradmatch_AResNet20BN_SVGG13BN	prefetch	running	-	physical_gpus=4,5; one extra config beside wave3; normal x10 lock will skip safely
2026-08-26T08:03:25+00:00	prefetch_x10_K1_gradmatch_AResNet20BN_SVGG13BN	prefetch	active	-	actual isolated pgid=434719 physical_gpus=4,5 exact K1 alpha2 Jacobian-off 5x4
2026-08-26T08:11:35+00:00	x07_K1_gradmatch_AConvNetBN_SResNet20BN	experiment	complete	0	physical_gpus=4,5
2026-08-26T08:12:30+00:00	prefetch_k1_tail	scheduler	paused	-	only launcher pid304029 SIGSTOP; active x08/x09 continue; prevents wave4 until x10-x12 prefetch drains
2026-08-26T08:12:30+00:00	prefetch_x11_K1_gradmatch_AVGG13BN_SConvNetBN	prefetch	running	-	physical_gpus=4,5; fourth active config; exact K1 alpha2 Jacobian-off 5x4
2026-08-26T08:12:47+00:00	prefetch_x11_K1_gradmatch_AVGG13BN_SConvNetBN	prefetch	active	-	actual isolated pgid=440094 physical_gpus=4,5
2026-08-26T08:13:29+00:00	x08_K1_gradmatch_AConvNetBN_SVGG13BN	experiment	complete	0	physical_gpus=4,5
2026-08-26T08:14:18+00:00	prefetch_x12_K1_gradmatch_AVGG13BN_SResNet20BN	prefetch	running	-	physical_gpus=4,5; fourth active config; exact K1 alpha2 Jacobian-off 5x4
2026-08-26T08:14:35+00:00	prefetch_x12_K1_gradmatch_AVGG13BN_SResNet20BN	prefetch	active	-	actual isolated pgid=441696 physical_gpus=4,5
===== 2026-08-26T09:37:52+00:00 =====
1, 29622 MiB, 143771 MiB, 99 %, 33
2, 26342 MiB, 143771 MiB, 99 %, 34
3, 26346 MiB, 143771 MiB, 99 %, 34
4, 18648 MiB, 143771 MiB, 100 %, 40
5, 14178 MiB, 143771 MiB, 100 %, 41
cache_nets=72
completed_experiments=8
2026-08-26T07:27:02+00:00	concurrency_guard	scheduler	selective_resume	-	x07 lineage resumed beside three prefetch cells; x08/x09 and scheduler remain SIGSTOP; exactly four configurations on GPUs4/5
2026-08-26T07:28:44+00:00	concurrency_guard	scheduler	selective_resume	-	prefetch x05 completed; x08 lineage resumed; x09 and scheduler remain paused; four configurations max on GPUs4/5
2026-08-26T07:30:04+00:00	concurrency_guard	scheduler	selective_resume	-	prefetch x06 completed; x09 lineage resumed; only scheduler remains paused; x04+x07+x08+x09 = four configurations on GPUs4/5
2026-08-26T07:30:55+00:00	concurrency_guard	scheduler	resumed	-	launcher resumed; it is blocked waiting for x07-x09; x04 prefetch plus wave3 equals four configurations max on GPUs4/5
2026-08-26T08:02:07+00:00	prefetch_wave_2	scheduler	complete	0	three prefetched configurations exited
2026-08-26T08:03:02+00:00	prefetch_x10_K1_gradmatch_AResNet20BN_SVGG13BN	prefetch	running	-	physical_gpus=4,5; one extra config beside wave3; normal x10 lock will skip safely
2026-08-26T08:03:25+00:00	prefetch_x10_K1_gradmatch_AResNet20BN_SVGG13BN	prefetch	active	-	actual isolated pgid=434719 physical_gpus=4,5 exact K1 alpha2 Jacobian-off 5x4
2026-08-26T08:11:35+00:00	x07_K1_gradmatch_AConvNetBN_SResNet20BN	experiment	complete	0	physical_gpus=4,5
2026-08-26T08:12:30+00:00	prefetch_k1_tail	scheduler	paused	-	only launcher pid304029 SIGSTOP; active x08/x09 continue; prevents wave4 until x10-x12 prefetch drains
2026-08-26T08:12:30+00:00	prefetch_x11_K1_gradmatch_AVGG13BN_SConvNetBN	prefetch	running	-	physical_gpus=4,5; fourth active config; exact K1 alpha2 Jacobian-off 5x4
2026-08-26T08:12:47+00:00	prefetch_x11_K1_gradmatch_AVGG13BN_SConvNetBN	prefetch	active	-	actual isolated pgid=440094 physical_gpus=4,5
2026-08-26T08:13:29+00:00	x08_K1_gradmatch_AConvNetBN_SVGG13BN	experiment	complete	0	physical_gpus=4,5
2026-08-26T08:14:18+00:00	prefetch_x12_K1_gradmatch_AVGG13BN_SResNet20BN	prefetch	running	-	physical_gpus=4,5; fourth active config; exact K1 alpha2 Jacobian-off 5x4
2026-08-26T08:14:35+00:00	prefetch_x12_K1_gradmatch_AVGG13BN_SResNet20BN	prefetch	active	-	actual isolated pgid=441696 physical_gpus=4,5
===== 2026-08-26T09:42:52+00:00 =====
1, 29612 MiB, 143771 MiB, 99 %, 34
2, 26332 MiB, 143771 MiB, 99 %, 34
3, 26328 MiB, 143771 MiB, 99 %, 40
4, 23584 MiB, 143771 MiB, 100 %, 39
5, 15054 MiB, 143771 MiB, 100 %, 40
cache_nets=72
completed_experiments=8
2026-08-26T07:30:04+00:00	concurrency_guard	scheduler	selective_resume	-	prefetch x06 completed; x09 lineage resumed; only scheduler remains paused; x04+x07+x08+x09 = four configurations on GPUs4/5
2026-08-26T07:30:55+00:00	concurrency_guard	scheduler	resumed	-	launcher resumed; it is blocked waiting for x07-x09; x04 prefetch plus wave3 equals four configurations max on GPUs4/5
2026-08-26T08:02:07+00:00	prefetch_wave_2	scheduler	complete	0	three prefetched configurations exited
2026-08-26T08:03:02+00:00	prefetch_x10_K1_gradmatch_AResNet20BN_SVGG13BN	prefetch	running	-	physical_gpus=4,5; one extra config beside wave3; normal x10 lock will skip safely
2026-08-26T08:03:25+00:00	prefetch_x10_K1_gradmatch_AResNet20BN_SVGG13BN	prefetch	active	-	actual isolated pgid=434719 physical_gpus=4,5 exact K1 alpha2 Jacobian-off 5x4
2026-08-26T08:11:35+00:00	x07_K1_gradmatch_AConvNetBN_SResNet20BN	experiment	complete	0	physical_gpus=4,5
2026-08-26T08:12:30+00:00	prefetch_k1_tail	scheduler	paused	-	only launcher pid304029 SIGSTOP; active x08/x09 continue; prevents wave4 until x10-x12 prefetch drains
2026-08-26T08:12:30+00:00	prefetch_x11_K1_gradmatch_AVGG13BN_SConvNetBN	prefetch	running	-	physical_gpus=4,5; fourth active config; exact K1 alpha2 Jacobian-off 5x4
2026-08-26T08:12:47+00:00	prefetch_x11_K1_gradmatch_AVGG13BN_SConvNetBN	prefetch	active	-	actual isolated pgid=440094 physical_gpus=4,5
2026-08-26T08:13:29+00:00	x08_K1_gradmatch_AConvNetBN_SVGG13BN	experiment	complete	0	physical_gpus=4,5
2026-08-26T08:14:18+00:00	prefetch_x12_K1_gradmatch_AVGG13BN_SResNet20BN	prefetch	running	-	physical_gpus=4,5; fourth active config; exact K1 alpha2 Jacobian-off 5x4
2026-08-26T08:14:35+00:00	prefetch_x12_K1_gradmatch_AVGG13BN_SResNet20BN	prefetch	active	-	actual isolated pgid=441696 physical_gpus=4,5
2026-08-26T09:40:19+00:00	prefetch_x13_K3_fc_AConvNetBN_SResNet20BN	prefetch	running	-	physical_gpu=4; fills one genuinely idle training slot; exact K3 alpha2 Jacobian-off 5x4
2026-08-26T09:40:57+00:00	prefetch_x13_K3_fc_AConvNetBN_SResNet20BN	prefetch	active	-	actual isolated pgid=507543 physical_gpu=4; deadline guard re-armed after setsid fork
===== 2026-08-26T09:47:53+00:00 =====
1, 29626 MiB, 143771 MiB, 98 %, 35
2, 26332 MiB, 143771 MiB, 99 %, 35
3, 26350 MiB, 143771 MiB, 99 %, 35
4, 21852 MiB, 143771 MiB, 100 %, 39
5, 23490 MiB, 143771 MiB, 100 %, 39
cache_nets=72
completed_experiments=8
2026-08-26T08:02:07+00:00	prefetch_wave_2	scheduler	complete	0	three prefetched configurations exited
2026-08-26T08:03:02+00:00	prefetch_x10_K1_gradmatch_AResNet20BN_SVGG13BN	prefetch	running	-	physical_gpus=4,5; one extra config beside wave3; normal x10 lock will skip safely
2026-08-26T08:03:25+00:00	prefetch_x10_K1_gradmatch_AResNet20BN_SVGG13BN	prefetch	active	-	actual isolated pgid=434719 physical_gpus=4,5 exact K1 alpha2 Jacobian-off 5x4
2026-08-26T08:11:35+00:00	x07_K1_gradmatch_AConvNetBN_SResNet20BN	experiment	complete	0	physical_gpus=4,5
2026-08-26T08:12:30+00:00	prefetch_k1_tail	scheduler	paused	-	only launcher pid304029 SIGSTOP; active x08/x09 continue; prevents wave4 until x10-x12 prefetch drains
2026-08-26T08:12:30+00:00	prefetch_x11_K1_gradmatch_AVGG13BN_SConvNetBN	prefetch	running	-	physical_gpus=4,5; fourth active config; exact K1 alpha2 Jacobian-off 5x4
2026-08-26T08:12:47+00:00	prefetch_x11_K1_gradmatch_AVGG13BN_SConvNetBN	prefetch	active	-	actual isolated pgid=440094 physical_gpus=4,5
2026-08-26T08:13:29+00:00	x08_K1_gradmatch_AConvNetBN_SVGG13BN	experiment	complete	0	physical_gpus=4,5
2026-08-26T08:14:18+00:00	prefetch_x12_K1_gradmatch_AVGG13BN_SResNet20BN	prefetch	running	-	physical_gpus=4,5; fourth active config; exact K1 alpha2 Jacobian-off 5x4
2026-08-26T08:14:35+00:00	prefetch_x12_K1_gradmatch_AVGG13BN_SResNet20BN	prefetch	active	-	actual isolated pgid=441696 physical_gpus=4,5
2026-08-26T09:40:19+00:00	prefetch_x13_K3_fc_AConvNetBN_SResNet20BN	prefetch	running	-	physical_gpu=4; fills one genuinely idle training slot; exact K3 alpha2 Jacobian-off 5x4
2026-08-26T09:40:57+00:00	prefetch_x13_K3_fc_AConvNetBN_SResNet20BN	prefetch	active	-	actual isolated pgid=507543 physical_gpu=4; deadline guard re-armed after setsid fork
2026-08-26T09:45:11+00:00	prefetch_x14_K3_fc_AConvNetBN_SVGG13BN	prefetch	running	-	physical_gpu=5; fills one genuinely idle training slot; exact K3 alpha2 Jacobian-off 5x4
2026-08-26T09:45:16+00:00	prefetch_x14_K3_fc_AConvNetBN_SVGG13BN	prefetch	active	-	actual isolated pgid=511325 physical_gpu=5
===== 2026-08-26T09:52:53+00:00 =====
1, 29630 MiB, 143771 MiB, 98 %, 35
2, 26338 MiB, 143771 MiB, 99 %, 35
3, 26346 MiB, 143771 MiB, 99 %, 36
4, 23480 MiB, 143771 MiB, 100 %, 39
5, 21764 MiB, 143771 MiB, 100 %, 39
cache_nets=72
completed_experiments=8
2026-08-26T08:02:07+00:00	prefetch_wave_2	scheduler	complete	0	three prefetched configurations exited
2026-08-26T08:03:02+00:00	prefetch_x10_K1_gradmatch_AResNet20BN_SVGG13BN	prefetch	running	-	physical_gpus=4,5; one extra config beside wave3; normal x10 lock will skip safely
2026-08-26T08:03:25+00:00	prefetch_x10_K1_gradmatch_AResNet20BN_SVGG13BN	prefetch	active	-	actual isolated pgid=434719 physical_gpus=4,5 exact K1 alpha2 Jacobian-off 5x4
2026-08-26T08:11:35+00:00	x07_K1_gradmatch_AConvNetBN_SResNet20BN	experiment	complete	0	physical_gpus=4,5
2026-08-26T08:12:30+00:00	prefetch_k1_tail	scheduler	paused	-	only launcher pid304029 SIGSTOP; active x08/x09 continue; prevents wave4 until x10-x12 prefetch drains
2026-08-26T08:12:30+00:00	prefetch_x11_K1_gradmatch_AVGG13BN_SConvNetBN	prefetch	running	-	physical_gpus=4,5; fourth active config; exact K1 alpha2 Jacobian-off 5x4
2026-08-26T08:12:47+00:00	prefetch_x11_K1_gradmatch_AVGG13BN_SConvNetBN	prefetch	active	-	actual isolated pgid=440094 physical_gpus=4,5
2026-08-26T08:13:29+00:00	x08_K1_gradmatch_AConvNetBN_SVGG13BN	experiment	complete	0	physical_gpus=4,5
2026-08-26T08:14:18+00:00	prefetch_x12_K1_gradmatch_AVGG13BN_SResNet20BN	prefetch	running	-	physical_gpus=4,5; fourth active config; exact K1 alpha2 Jacobian-off 5x4
2026-08-26T08:14:35+00:00	prefetch_x12_K1_gradmatch_AVGG13BN_SResNet20BN	prefetch	active	-	actual isolated pgid=441696 physical_gpus=4,5
2026-08-26T09:40:19+00:00	prefetch_x13_K3_fc_AConvNetBN_SResNet20BN	prefetch	running	-	physical_gpu=4; fills one genuinely idle training slot; exact K3 alpha2 Jacobian-off 5x4
2026-08-26T09:40:57+00:00	prefetch_x13_K3_fc_AConvNetBN_SResNet20BN	prefetch	active	-	actual isolated pgid=507543 physical_gpu=4; deadline guard re-armed after setsid fork
2026-08-26T09:45:11+00:00	prefetch_x14_K3_fc_AConvNetBN_SVGG13BN	prefetch	running	-	physical_gpu=5; fills one genuinely idle training slot; exact K3 alpha2 Jacobian-off 5x4
2026-08-26T09:45:16+00:00	prefetch_x14_K3_fc_AConvNetBN_SVGG13BN	prefetch	active	-	actual isolated pgid=511325 physical_gpu=5
===== 2026-08-26T09:57:53+00:00 =====
1, 29598 MiB, 143771 MiB, 99 %, 34
2, 25038 MiB, 143771 MiB, 100 %, 41
3, 26064 MiB, 143771 MiB, 98 %, 36
4, 21958 MiB, 143771 MiB, 100 %, 39
5, 23552 MiB, 143771 MiB, 100 %, 41
cache_nets=72
completed_experiments=8
2026-08-26T08:03:02+00:00	prefetch_x10_K1_gradmatch_AResNet20BN_SVGG13BN	prefetch	running	-	physical_gpus=4,5; one extra config beside wave3; normal x10 lock will skip safely
2026-08-26T08:03:25+00:00	prefetch_x10_K1_gradmatch_AResNet20BN_SVGG13BN	prefetch	active	-	actual isolated pgid=434719 physical_gpus=4,5 exact K1 alpha2 Jacobian-off 5x4
2026-08-26T08:11:35+00:00	x07_K1_gradmatch_AConvNetBN_SResNet20BN	experiment	complete	0	physical_gpus=4,5
2026-08-26T08:12:30+00:00	prefetch_k1_tail	scheduler	paused	-	only launcher pid304029 SIGSTOP; active x08/x09 continue; prevents wave4 until x10-x12 prefetch drains
2026-08-26T08:12:30+00:00	prefetch_x11_K1_gradmatch_AVGG13BN_SConvNetBN	prefetch	running	-	physical_gpus=4,5; fourth active config; exact K1 alpha2 Jacobian-off 5x4
2026-08-26T08:12:47+00:00	prefetch_x11_K1_gradmatch_AVGG13BN_SConvNetBN	prefetch	active	-	actual isolated pgid=440094 physical_gpus=4,5
2026-08-26T08:13:29+00:00	x08_K1_gradmatch_AConvNetBN_SVGG13BN	experiment	complete	0	physical_gpus=4,5
2026-08-26T08:14:18+00:00	prefetch_x12_K1_gradmatch_AVGG13BN_SResNet20BN	prefetch	running	-	physical_gpus=4,5; fourth active config; exact K1 alpha2 Jacobian-off 5x4
2026-08-26T08:14:35+00:00	prefetch_x12_K1_gradmatch_AVGG13BN_SResNet20BN	prefetch	active	-	actual isolated pgid=441696 physical_gpus=4,5
2026-08-26T09:40:19+00:00	prefetch_x13_K3_fc_AConvNetBN_SResNet20BN	prefetch	running	-	physical_gpu=4; fills one genuinely idle training slot; exact K3 alpha2 Jacobian-off 5x4
2026-08-26T09:40:57+00:00	prefetch_x13_K3_fc_AConvNetBN_SResNet20BN	prefetch	active	-	actual isolated pgid=507543 physical_gpu=4; deadline guard re-armed after setsid fork
2026-08-26T09:45:11+00:00	prefetch_x14_K3_fc_AConvNetBN_SVGG13BN	prefetch	running	-	physical_gpu=5; fills one genuinely idle training slot; exact K3 alpha2 Jacobian-off 5x4
2026-08-26T09:45:16+00:00	prefetch_x14_K3_fc_AConvNetBN_SVGG13BN	prefetch	active	-	actual isolated pgid=511325 physical_gpu=5
2026-08-26T09:57:41+00:00	prefetch_x13_K3_fc_AConvNetBN_SResNet20BN	concurrency	paused	-	SIGSTOP pgid=507543; x11 GPU4 helper resumed for target5 victims; maintains <=4 trainings
===== 2026-08-26T10:02:53+00:00 =====
1, 29606 MiB, 143771 MiB, 99 %, 33
2, 26336 MiB, 143771 MiB, 99 %, 35
3, 26328 MiB, 143771 MiB, 99 %, 34
4, 23696 MiB, 143771 MiB, 99 %, 42
5, 20458 MiB, 143771 MiB, 100 %, 41
cache_nets=72
completed_experiments=8
2026-08-26T08:11:35+00:00	x07_K1_gradmatch_AConvNetBN_SResNet20BN	experiment	complete	0	physical_gpus=4,5
2026-08-26T08:12:30+00:00	prefetch_k1_tail	scheduler	paused	-	only launcher pid304029 SIGSTOP; active x08/x09 continue; prevents wave4 until x10-x12 prefetch drains
2026-08-26T08:12:30+00:00	prefetch_x11_K1_gradmatch_AVGG13BN_SConvNetBN	prefetch	running	-	physical_gpus=4,5; fourth active config; exact K1 alpha2 Jacobian-off 5x4
2026-08-26T08:12:47+00:00	prefetch_x11_K1_gradmatch_AVGG13BN_SConvNetBN	prefetch	active	-	actual isolated pgid=440094 physical_gpus=4,5
2026-08-26T08:13:29+00:00	x08_K1_gradmatch_AConvNetBN_SVGG13BN	experiment	complete	0	physical_gpus=4,5
2026-08-26T08:14:18+00:00	prefetch_x12_K1_gradmatch_AVGG13BN_SResNet20BN	prefetch	running	-	physical_gpus=4,5; fourth active config; exact K1 alpha2 Jacobian-off 5x4
2026-08-26T08:14:35+00:00	prefetch_x12_K1_gradmatch_AVGG13BN_SResNet20BN	prefetch	active	-	actual isolated pgid=441696 physical_gpus=4,5
2026-08-26T09:40:19+00:00	prefetch_x13_K3_fc_AConvNetBN_SResNet20BN	prefetch	running	-	physical_gpu=4; fills one genuinely idle training slot; exact K3 alpha2 Jacobian-off 5x4
2026-08-26T09:40:57+00:00	prefetch_x13_K3_fc_AConvNetBN_SResNet20BN	prefetch	active	-	actual isolated pgid=507543 physical_gpu=4; deadline guard re-armed after setsid fork
2026-08-26T09:45:11+00:00	prefetch_x14_K3_fc_AConvNetBN_SVGG13BN	prefetch	running	-	physical_gpu=5; fills one genuinely idle training slot; exact K3 alpha2 Jacobian-off 5x4
2026-08-26T09:45:16+00:00	prefetch_x14_K3_fc_AConvNetBN_SVGG13BN	prefetch	active	-	actual isolated pgid=511325 physical_gpu=5
2026-08-26T09:57:41+00:00	prefetch_x13_K3_fc_AConvNetBN_SResNet20BN	concurrency	paused	-	SIGSTOP pgid=507543; x11 GPU4 helper resumed for target5 victims; maintains <=4 trainings
2026-08-26T09:58:43+00:00	prefetch_x14_K3_fc_AConvNetBN_SVGG13BN	concurrency	paused	-	SIGSTOP pgid=511325; x12 GPU5 helper resumed for target5 victims; maintains <=4 trainings
2026-08-26T09:59:58+00:00	prefetch_x13_K3_fc_AConvNetBN_SResNet20BN	concurrency	resumed	-	SIGCONT pgid=507543; x09 GPU4 worker idle during target5 craft; actual GPU4 trainings remains 4
===== 2026-08-26T10:07:54+00:00 =====
1, 29616 MiB, 143771 MiB, 99 %, 38
2, 26346 MiB, 143771 MiB, 99 %, 34
3, 26344 MiB, 143771 MiB, 99 %, 34
4, 16770 MiB, 143771 MiB, 99 %, 42
5, 19028 MiB, 143771 MiB, 100 %, 41
cache_nets=72
completed_experiments=8
2026-08-26T08:11:35+00:00	x07_K1_gradmatch_AConvNetBN_SResNet20BN	experiment	complete	0	physical_gpus=4,5
2026-08-26T08:12:30+00:00	prefetch_k1_tail	scheduler	paused	-	only launcher pid304029 SIGSTOP; active x08/x09 continue; prevents wave4 until x10-x12 prefetch drains
2026-08-26T08:12:30+00:00	prefetch_x11_K1_gradmatch_AVGG13BN_SConvNetBN	prefetch	running	-	physical_gpus=4,5; fourth active config; exact K1 alpha2 Jacobian-off 5x4
2026-08-26T08:12:47+00:00	prefetch_x11_K1_gradmatch_AVGG13BN_SConvNetBN	prefetch	active	-	actual isolated pgid=440094 physical_gpus=4,5
2026-08-26T08:13:29+00:00	x08_K1_gradmatch_AConvNetBN_SVGG13BN	experiment	complete	0	physical_gpus=4,5
2026-08-26T08:14:18+00:00	prefetch_x12_K1_gradmatch_AVGG13BN_SResNet20BN	prefetch	running	-	physical_gpus=4,5; fourth active config; exact K1 alpha2 Jacobian-off 5x4
2026-08-26T08:14:35+00:00	prefetch_x12_K1_gradmatch_AVGG13BN_SResNet20BN	prefetch	active	-	actual isolated pgid=441696 physical_gpus=4,5
2026-08-26T09:40:19+00:00	prefetch_x13_K3_fc_AConvNetBN_SResNet20BN	prefetch	running	-	physical_gpu=4; fills one genuinely idle training slot; exact K3 alpha2 Jacobian-off 5x4
2026-08-26T09:40:57+00:00	prefetch_x13_K3_fc_AConvNetBN_SResNet20BN	prefetch	active	-	actual isolated pgid=507543 physical_gpu=4; deadline guard re-armed after setsid fork
2026-08-26T09:45:11+00:00	prefetch_x14_K3_fc_AConvNetBN_SVGG13BN	prefetch	running	-	physical_gpu=5; fills one genuinely idle training slot; exact K3 alpha2 Jacobian-off 5x4
2026-08-26T09:45:16+00:00	prefetch_x14_K3_fc_AConvNetBN_SVGG13BN	prefetch	active	-	actual isolated pgid=511325 physical_gpu=5
2026-08-26T09:57:41+00:00	prefetch_x13_K3_fc_AConvNetBN_SResNet20BN	concurrency	paused	-	SIGSTOP pgid=507543; x11 GPU4 helper resumed for target5 victims; maintains <=4 trainings
2026-08-26T09:58:43+00:00	prefetch_x14_K3_fc_AConvNetBN_SVGG13BN	concurrency	paused	-	SIGSTOP pgid=511325; x12 GPU5 helper resumed for target5 victims; maintains <=4 trainings
2026-08-26T09:59:58+00:00	prefetch_x13_K3_fc_AConvNetBN_SResNet20BN	concurrency	resumed	-	SIGCONT pgid=507543; x09 GPU4 worker idle during target5 craft; actual GPU4 trainings remains 4
===== 2026-08-26T10:12:54+00:00 =====
1, 29620 MiB, 143771 MiB, 99 %, 33
2, 26348 MiB, 143771 MiB, 99 %, 35
3, 26344 MiB, 143771 MiB, 99 %, 35
4, 13437 MiB, 143771 MiB, 98 %, 40
5, 14970 MiB, 143771 MiB, 99 %, 40
cache_nets=72
completed_experiments=8
2026-08-26T08:13:29+00:00	x08_K1_gradmatch_AConvNetBN_SVGG13BN	experiment	complete	0	physical_gpus=4,5
2026-08-26T08:14:18+00:00	prefetch_x12_K1_gradmatch_AVGG13BN_SResNet20BN	prefetch	running	-	physical_gpus=4,5; fourth active config; exact K1 alpha2 Jacobian-off 5x4
2026-08-26T08:14:35+00:00	prefetch_x12_K1_gradmatch_AVGG13BN_SResNet20BN	prefetch	active	-	actual isolated pgid=441696 physical_gpus=4,5
2026-08-26T09:40:19+00:00	prefetch_x13_K3_fc_AConvNetBN_SResNet20BN	prefetch	running	-	physical_gpu=4; fills one genuinely idle training slot; exact K3 alpha2 Jacobian-off 5x4
2026-08-26T09:40:57+00:00	prefetch_x13_K3_fc_AConvNetBN_SResNet20BN	prefetch	active	-	actual isolated pgid=507543 physical_gpu=4; deadline guard re-armed after setsid fork
2026-08-26T09:45:11+00:00	prefetch_x14_K3_fc_AConvNetBN_SVGG13BN	prefetch	running	-	physical_gpu=5; fills one genuinely idle training slot; exact K3 alpha2 Jacobian-off 5x4
2026-08-26T09:45:16+00:00	prefetch_x14_K3_fc_AConvNetBN_SVGG13BN	prefetch	active	-	actual isolated pgid=511325 physical_gpu=5
2026-08-26T09:57:41+00:00	prefetch_x13_K3_fc_AConvNetBN_SResNet20BN	concurrency	paused	-	SIGSTOP pgid=507543; x11 GPU4 helper resumed for target5 victims; maintains <=4 trainings
2026-08-26T09:58:43+00:00	prefetch_x14_K3_fc_AConvNetBN_SVGG13BN	concurrency	paused	-	SIGSTOP pgid=511325; x12 GPU5 helper resumed for target5 victims; maintains <=4 trainings
2026-08-26T09:59:58+00:00	prefetch_x13_K3_fc_AConvNetBN_SResNet20BN	concurrency	resumed	-	SIGCONT pgid=507543; x09 GPU4 worker idle during target5 craft; actual GPU4 trainings remains 4
2026-08-26T10:09:01+00:00	prefetch_x13_K3_fc_AConvNetBN_SResNet20BN	concurrency	resumed	-	SIGCONT pgid=507543 after x11 exit; free GPU4 training slot
2026-08-26T10:09:57+00:00	prefetch_x14_K3_fc_AConvNetBN_SVGG13BN	concurrency	resumed	-	SIGCONT pgid=511325 after x12 exit; free GPU5 training slot
2026-08-26T10:10:50+00:00	prefetch_x15_K3_fc_AResNet20BN_SConvNetBN	prefetch	running	-	physical_gpus=4,5; exact K3 alpha2 Jacobian-off 5x4; fills fourth active training per GPU
2026-08-26T10:10:55+00:00	prefetch_x15_K3_fc_AResNet20BN_SConvNetBN	prefetch	active	-	actual isolated pgid=532848 physical_gpus=4,5
===== 2026-08-26T10:17:54+00:00 =====
1, 29610 MiB, 143771 MiB, 99 %, 33
2, 26322 MiB, 143771 MiB, 99 %, 35
3, 26310 MiB, 143771 MiB, 99 %, 34
4, 11933 MiB, 143771 MiB, 98 %, 40
5, 16774 MiB, 143771 MiB, 99 %, 40
cache_nets=72
completed_experiments=8
2026-08-26T08:13:29+00:00	x08_K1_gradmatch_AConvNetBN_SVGG13BN	experiment	complete	0	physical_gpus=4,5
2026-08-26T08:14:18+00:00	prefetch_x12_K1_gradmatch_AVGG13BN_SResNet20BN	prefetch	running	-	physical_gpus=4,5; fourth active config; exact K1 alpha2 Jacobian-off 5x4
2026-08-26T08:14:35+00:00	prefetch_x12_K1_gradmatch_AVGG13BN_SResNet20BN	prefetch	active	-	actual isolated pgid=441696 physical_gpus=4,5
2026-08-26T09:40:19+00:00	prefetch_x13_K3_fc_AConvNetBN_SResNet20BN	prefetch	running	-	physical_gpu=4; fills one genuinely idle training slot; exact K3 alpha2 Jacobian-off 5x4
2026-08-26T09:40:57+00:00	prefetch_x13_K3_fc_AConvNetBN_SResNet20BN	prefetch	active	-	actual isolated pgid=507543 physical_gpu=4; deadline guard re-armed after setsid fork
2026-08-26T09:45:11+00:00	prefetch_x14_K3_fc_AConvNetBN_SVGG13BN	prefetch	running	-	physical_gpu=5; fills one genuinely idle training slot; exact K3 alpha2 Jacobian-off 5x4
2026-08-26T09:45:16+00:00	prefetch_x14_K3_fc_AConvNetBN_SVGG13BN	prefetch	active	-	actual isolated pgid=511325 physical_gpu=5
2026-08-26T09:57:41+00:00	prefetch_x13_K3_fc_AConvNetBN_SResNet20BN	concurrency	paused	-	SIGSTOP pgid=507543; x11 GPU4 helper resumed for target5 victims; maintains <=4 trainings
2026-08-26T09:58:43+00:00	prefetch_x14_K3_fc_AConvNetBN_SVGG13BN	concurrency	paused	-	SIGSTOP pgid=511325; x12 GPU5 helper resumed for target5 victims; maintains <=4 trainings
2026-08-26T09:59:58+00:00	prefetch_x13_K3_fc_AConvNetBN_SResNet20BN	concurrency	resumed	-	SIGCONT pgid=507543; x09 GPU4 worker idle during target5 craft; actual GPU4 trainings remains 4
2026-08-26T10:09:01+00:00	prefetch_x13_K3_fc_AConvNetBN_SResNet20BN	concurrency	resumed	-	SIGCONT pgid=507543 after x11 exit; free GPU4 training slot
2026-08-26T10:09:57+00:00	prefetch_x14_K3_fc_AConvNetBN_SVGG13BN	concurrency	resumed	-	SIGCONT pgid=511325 after x12 exit; free GPU5 training slot
2026-08-26T10:10:50+00:00	prefetch_x15_K3_fc_AResNet20BN_SConvNetBN	prefetch	running	-	physical_gpus=4,5; exact K3 alpha2 Jacobian-off 5x4; fills fourth active training per GPU
2026-08-26T10:10:55+00:00	prefetch_x15_K3_fc_AResNet20BN_SConvNetBN	prefetch	active	-	actual isolated pgid=532848 physical_gpus=4,5
===== 2026-08-26T10:22:54+00:00 =====
1, 29634 MiB, 143771 MiB, 99 %, 34
2, 26338 MiB, 143771 MiB, 99 %, 34
3, 26324 MiB, 143771 MiB, 99 %, 33
4, 11865 MiB, 143771 MiB, 98 %, 40
5, 17350 MiB, 143771 MiB, 99 %, 39
cache_nets=72
completed_experiments=8
2026-08-26T08:13:29+00:00	x08_K1_gradmatch_AConvNetBN_SVGG13BN	experiment	complete	0	physical_gpus=4,5
2026-08-26T08:14:18+00:00	prefetch_x12_K1_gradmatch_AVGG13BN_SResNet20BN	prefetch	running	-	physical_gpus=4,5; fourth active config; exact K1 alpha2 Jacobian-off 5x4
2026-08-26T08:14:35+00:00	prefetch_x12_K1_gradmatch_AVGG13BN_SResNet20BN	prefetch	active	-	actual isolated pgid=441696 physical_gpus=4,5
2026-08-26T09:40:19+00:00	prefetch_x13_K3_fc_AConvNetBN_SResNet20BN	prefetch	running	-	physical_gpu=4; fills one genuinely idle training slot; exact K3 alpha2 Jacobian-off 5x4
2026-08-26T09:40:57+00:00	prefetch_x13_K3_fc_AConvNetBN_SResNet20BN	prefetch	active	-	actual isolated pgid=507543 physical_gpu=4; deadline guard re-armed after setsid fork
2026-08-26T09:45:11+00:00	prefetch_x14_K3_fc_AConvNetBN_SVGG13BN	prefetch	running	-	physical_gpu=5; fills one genuinely idle training slot; exact K3 alpha2 Jacobian-off 5x4
2026-08-26T09:45:16+00:00	prefetch_x14_K3_fc_AConvNetBN_SVGG13BN	prefetch	active	-	actual isolated pgid=511325 physical_gpu=5
2026-08-26T09:57:41+00:00	prefetch_x13_K3_fc_AConvNetBN_SResNet20BN	concurrency	paused	-	SIGSTOP pgid=507543; x11 GPU4 helper resumed for target5 victims; maintains <=4 trainings
2026-08-26T09:58:43+00:00	prefetch_x14_K3_fc_AConvNetBN_SVGG13BN	concurrency	paused	-	SIGSTOP pgid=511325; x12 GPU5 helper resumed for target5 victims; maintains <=4 trainings
2026-08-26T09:59:58+00:00	prefetch_x13_K3_fc_AConvNetBN_SResNet20BN	concurrency	resumed	-	SIGCONT pgid=507543; x09 GPU4 worker idle during target5 craft; actual GPU4 trainings remains 4
2026-08-26T10:09:01+00:00	prefetch_x13_K3_fc_AConvNetBN_SResNet20BN	concurrency	resumed	-	SIGCONT pgid=507543 after x11 exit; free GPU4 training slot
2026-08-26T10:09:57+00:00	prefetch_x14_K3_fc_AConvNetBN_SVGG13BN	concurrency	resumed	-	SIGCONT pgid=511325 after x12 exit; free GPU5 training slot
2026-08-26T10:10:50+00:00	prefetch_x15_K3_fc_AResNet20BN_SConvNetBN	prefetch	running	-	physical_gpus=4,5; exact K3 alpha2 Jacobian-off 5x4; fills fourth active training per GPU
2026-08-26T10:10:55+00:00	prefetch_x15_K3_fc_AResNet20BN_SConvNetBN	prefetch	active	-	actual isolated pgid=532848 physical_gpus=4,5
===== 2026-08-26T10:27:55+00:00 =====
1, 29634 MiB, 143771 MiB, 99 %, 33
2, 26346 MiB, 143771 MiB, 99 %, 36
3, 26334 MiB, 143771 MiB, 99 %, 33
4, 13791 MiB, 143771 MiB, 98 %, 38
5, 17350 MiB, 143771 MiB, 99 %, 39
cache_nets=72
completed_experiments=8
2026-08-26T09:40:19+00:00	prefetch_x13_K3_fc_AConvNetBN_SResNet20BN	prefetch	running	-	physical_gpu=4; fills one genuinely idle training slot; exact K3 alpha2 Jacobian-off 5x4
2026-08-26T09:40:57+00:00	prefetch_x13_K3_fc_AConvNetBN_SResNet20BN	prefetch	active	-	actual isolated pgid=507543 physical_gpu=4; deadline guard re-armed after setsid fork
2026-08-26T09:45:11+00:00	prefetch_x14_K3_fc_AConvNetBN_SVGG13BN	prefetch	running	-	physical_gpu=5; fills one genuinely idle training slot; exact K3 alpha2 Jacobian-off 5x4
2026-08-26T09:45:16+00:00	prefetch_x14_K3_fc_AConvNetBN_SVGG13BN	prefetch	active	-	actual isolated pgid=511325 physical_gpu=5
2026-08-26T09:57:41+00:00	prefetch_x13_K3_fc_AConvNetBN_SResNet20BN	concurrency	paused	-	SIGSTOP pgid=507543; x11 GPU4 helper resumed for target5 victims; maintains <=4 trainings
2026-08-26T09:58:43+00:00	prefetch_x14_K3_fc_AConvNetBN_SVGG13BN	concurrency	paused	-	SIGSTOP pgid=511325; x12 GPU5 helper resumed for target5 victims; maintains <=4 trainings
2026-08-26T09:59:58+00:00	prefetch_x13_K3_fc_AConvNetBN_SResNet20BN	concurrency	resumed	-	SIGCONT pgid=507543; x09 GPU4 worker idle during target5 craft; actual GPU4 trainings remains 4
2026-08-26T10:09:01+00:00	prefetch_x13_K3_fc_AConvNetBN_SResNet20BN	concurrency	resumed	-	SIGCONT pgid=507543 after x11 exit; free GPU4 training slot
2026-08-26T10:09:57+00:00	prefetch_x14_K3_fc_AConvNetBN_SVGG13BN	concurrency	resumed	-	SIGCONT pgid=511325 after x12 exit; free GPU5 training slot
2026-08-26T10:10:50+00:00	prefetch_x15_K3_fc_AResNet20BN_SConvNetBN	prefetch	running	-	physical_gpus=4,5; exact K3 alpha2 Jacobian-off 5x4; fills fourth active training per GPU
2026-08-26T10:10:55+00:00	prefetch_x15_K3_fc_AResNet20BN_SConvNetBN	prefetch	active	-	actual isolated pgid=532848 physical_gpus=4,5
2026-08-26T10:25:08+00:00	prefetch_x13_K3_fc_AConvNetBN_SResNet20BN	prefetch	complete	0	physical_gpu=4
2026-08-26T10:26:34+00:00	prefetch_x16_K3_fc_AResNet20BN_SVGG13BN	prefetch	running	-	physical_gpu=4; exact K3 alpha2 Jacobian-off 5x4; safe freed slot after x13 completion
2026-08-26T10:26:39+00:00	prefetch_x16_K3_fc_AResNet20BN_SVGG13BN	prefetch	active	-	actual isolated pgid=546059 physical_gpu=4
===== 2026-08-26T10:32:55+00:00 =====
1, 29632 MiB, 143771 MiB, 99 %, 34
2, 26346 MiB, 143771 MiB, 99 %, 35
3, 26334 MiB, 143771 MiB, 99 %, 33
4, 2787 MiB, 143771 MiB, 35 %, 35
5, 5862 MiB, 143771 MiB, 34 %, 36
cache_nets=72
completed_experiments=8
2026-08-26T09:40:57+00:00	prefetch_x13_K3_fc_AConvNetBN_SResNet20BN	prefetch	active	-	actual isolated pgid=507543 physical_gpu=4; deadline guard re-armed after setsid fork
2026-08-26T09:45:11+00:00	prefetch_x14_K3_fc_AConvNetBN_SVGG13BN	prefetch	running	-	physical_gpu=5; fills one genuinely idle training slot; exact K3 alpha2 Jacobian-off 5x4
2026-08-26T09:45:16+00:00	prefetch_x14_K3_fc_AConvNetBN_SVGG13BN	prefetch	active	-	actual isolated pgid=511325 physical_gpu=5
2026-08-26T09:57:41+00:00	prefetch_x13_K3_fc_AConvNetBN_SResNet20BN	concurrency	paused	-	SIGSTOP pgid=507543; x11 GPU4 helper resumed for target5 victims; maintains <=4 trainings
2026-08-26T09:58:43+00:00	prefetch_x14_K3_fc_AConvNetBN_SVGG13BN	concurrency	paused	-	SIGSTOP pgid=511325; x12 GPU5 helper resumed for target5 victims; maintains <=4 trainings
2026-08-26T09:59:58+00:00	prefetch_x13_K3_fc_AConvNetBN_SResNet20BN	concurrency	resumed	-	SIGCONT pgid=507543; x09 GPU4 worker idle during target5 craft; actual GPU4 trainings remains 4
2026-08-26T10:09:01+00:00	prefetch_x13_K3_fc_AConvNetBN_SResNet20BN	concurrency	resumed	-	SIGCONT pgid=507543 after x11 exit; free GPU4 training slot
2026-08-26T10:09:57+00:00	prefetch_x14_K3_fc_AConvNetBN_SVGG13BN	concurrency	resumed	-	SIGCONT pgid=511325 after x12 exit; free GPU5 training slot
2026-08-26T10:10:50+00:00	prefetch_x15_K3_fc_AResNet20BN_SConvNetBN	prefetch	running	-	physical_gpus=4,5; exact K3 alpha2 Jacobian-off 5x4; fills fourth active training per GPU
2026-08-26T10:10:55+00:00	prefetch_x15_K3_fc_AResNet20BN_SConvNetBN	prefetch	active	-	actual isolated pgid=532848 physical_gpus=4,5
2026-08-26T10:25:08+00:00	prefetch_x13_K3_fc_AConvNetBN_SResNet20BN	prefetch	complete	0	physical_gpu=4
2026-08-26T10:26:34+00:00	prefetch_x16_K3_fc_AResNet20BN_SVGG13BN	prefetch	running	-	physical_gpu=4; exact K3 alpha2 Jacobian-off 5x4; safe freed slot after x13 completion
2026-08-26T10:26:39+00:00	prefetch_x16_K3_fc_AResNet20BN_SVGG13BN	prefetch	active	-	actual isolated pgid=546059 physical_gpu=4
2026-08-26T10:32:41+00:00	prefetch_x10_K1_gradmatch_AResNet20BN_SVGG13BN	prefetch	deadline_reached	-	terminating only isolated pgid=434719
===== 2026-08-26T10:37:55+00:00 =====
1, 29612 MiB, 143771 MiB, 99 %, 34
2, 26314 MiB, 143771 MiB, 99 %, 37
3, 26312 MiB, 143771 MiB, 99 %, 34
4, 1 MiB, 143771 MiB, 0 %, 30
5, 1 MiB, 143771 MiB, 0 %, 31
cache_nets=72
completed_experiments=8
2026-08-26T09:45:11+00:00	prefetch_x14_K3_fc_AConvNetBN_SVGG13BN	prefetch	running	-	physical_gpu=5; fills one genuinely idle training slot; exact K3 alpha2 Jacobian-off 5x4
2026-08-26T09:45:16+00:00	prefetch_x14_K3_fc_AConvNetBN_SVGG13BN	prefetch	active	-	actual isolated pgid=511325 physical_gpu=5
2026-08-26T09:57:41+00:00	prefetch_x13_K3_fc_AConvNetBN_SResNet20BN	concurrency	paused	-	SIGSTOP pgid=507543; x11 GPU4 helper resumed for target5 victims; maintains <=4 trainings
2026-08-26T09:58:43+00:00	prefetch_x14_K3_fc_AConvNetBN_SVGG13BN	concurrency	paused	-	SIGSTOP pgid=511325; x12 GPU5 helper resumed for target5 victims; maintains <=4 trainings
2026-08-26T09:59:58+00:00	prefetch_x13_K3_fc_AConvNetBN_SResNet20BN	concurrency	resumed	-	SIGCONT pgid=507543; x09 GPU4 worker idle during target5 craft; actual GPU4 trainings remains 4
2026-08-26T10:09:01+00:00	prefetch_x13_K3_fc_AConvNetBN_SResNet20BN	concurrency	resumed	-	SIGCONT pgid=507543 after x11 exit; free GPU4 training slot
2026-08-26T10:09:57+00:00	prefetch_x14_K3_fc_AConvNetBN_SVGG13BN	concurrency	resumed	-	SIGCONT pgid=511325 after x12 exit; free GPU5 training slot
2026-08-26T10:10:50+00:00	prefetch_x15_K3_fc_AResNet20BN_SConvNetBN	prefetch	running	-	physical_gpus=4,5; exact K3 alpha2 Jacobian-off 5x4; fills fourth active training per GPU
2026-08-26T10:10:55+00:00	prefetch_x15_K3_fc_AResNet20BN_SConvNetBN	prefetch	active	-	actual isolated pgid=532848 physical_gpus=4,5
2026-08-26T10:25:08+00:00	prefetch_x13_K3_fc_AConvNetBN_SResNet20BN	prefetch	complete	0	physical_gpu=4
2026-08-26T10:26:34+00:00	prefetch_x16_K3_fc_AResNet20BN_SVGG13BN	prefetch	running	-	physical_gpu=4; exact K3 alpha2 Jacobian-off 5x4; safe freed slot after x13 completion
2026-08-26T10:26:39+00:00	prefetch_x16_K3_fc_AResNet20BN_SVGG13BN	prefetch	active	-	actual isolated pgid=546059 physical_gpu=4
2026-08-26T10:32:41+00:00	prefetch_x10_K1_gradmatch_AResNet20BN_SVGG13BN	prefetch	deadline_reached	-	terminating only isolated pgid=434719
2026-08-26T10:33:19+00:00	cross_k13_queue	scheduler	deadline_reached	-	authorized window ended at 2026-08-26T10:32:36+00:00; terminating only pgid=304029
===== 2026-08-26T10:37:55+00:00 launcher no longer running =====
