train_idx,x_rm,y_a,d_raw,m_raw,a_raw
40,1.0222867727279663,-0.034082379192113876,0.038732971996068954,11.584986686706543,0.6538071036338806
51,0.3723561763763428,0.49747323989868164,0.0283490102738142,9.948219299316406,2.5432679653167725
70,0.7258870601654053,-0.20143771171569824,0.03988506272435188,14.265512466430664,0.20322266221046448
107,0.703384280204773,-0.200728178024292,0.037176404148340225,13.40997314453125,0.2947448790073395
128,0.19043219089508057,0.13974249362945557,0.025653928518295288,9.831733703613281,1.6652497053146362
173,0.9670423865318298,0.05471908673644066,0.038313210010528564,11.122481346130371,2.210458517074585
195,0.24058878421783447,-0.18792927265167236,0.03387017175555229,15.070887565612793,0.25068360567092896
217,-1.6078197956085205,-0.24976162612438202,0.020864693447947502,20.02813148498535,0.0042358399368822575
239,-1.2942720651626587,-0.24778778851032257,0.024748090654611588,20.445676803588867,0.01609497144818306
260,1.249057650566101,0.48608914017677307,0.03869126737117767,10.3988037109375,3.148646593093872
277,0.5147700905799866,-0.09259877353906631,0.034291014075279236,12.549927711486816,0.7145935297012329
285,0.25875887274742126,-0.09363189339637756,0.028946036472916603,10.785758018493652,0.726470947265625
297,-1.3904082775115967,-0.24670098721981049,0.02235201746225357,19.541122436523438,0.01453247107565403
305,0.45249396562576294,-0.06930834800004959,0.028919631615281105,10.372537612915039,0.8157501220703125
324,-0.10624245554208755,-0.24757640063762665,0.034389983862638474,17.36927604675293,0.012841797433793545
339,0.38090837001800537,-0.2087075561285019,0.03275848552584648,13.14489459991455,0.16764222085475922
462,-0.8498672842979431,-0.23925526440143585,0.021103398874402046,14.822479248046875,0.04623107984662056
491,-0.08887096494436264,-0.13254772126674652,0.025801274925470352,12.196084976196289,0.38971254229545593
515,0.04122249409556389,-0.21642620861530304,0.03407366946339607,15.486441612243652,0.117919921875
542,0.22056715190410614,-0.22644367814064026,0.03537222743034363,15.571144104003906,0.09619750827550888
573,1.2252463102340698,0.31218481063842773,0.03836837038397789,10.855814933776855,1.4761383533477783
607,-0.4847117066383362,-0.12591350078582764,0.030176540836691856,17.67112922668457,0.803479015827179
624,-0.3852630853652954,-0.09341048449277878,0.02792305126786232,16.103614807128906,1.1968917846679688
670,1.1585878133773804,-0.013684267178177834,0.0384245403110981,10.361498832702637,1.029632568359375
726,-0.8033302426338196,-0.186472088098526,0.024475136771798134,15.644899368286133,0.20348815619945526
732,1.2824673652648926,0.6583995819091797,0.036377985030412674,8.519817352294922,3.9554595947265625
734,-0.09056930989027023,0.31079766154289246,0.021936846897006035,9.484224319458008,2.397512912750244
750,1.8045809268951416,0.9102171063423157,0.04483647644519806,9.478741645812988,4.790274143218994
762,1.7336238622665405,0.37210607528686523,0.04122366011142731,8.040806770324707,3.01877760887146
767,1.039415955543518,-0.09048392623662949,0.03952576965093613,12.044713020324707,0.6205047965049744
814,0.00482705095782876,-0.07976807653903961,0.0286004226654768,12.976958274841309,0.4351257383823395
817,-0.7085157632827759,-0.2397889941930771,0.02703399397432804,16.594478607177734,0.05304565653204918
852,-0.9039503335952759,-0.22439603507518768,0.02046683244407177,14.184344291687012,0.10893554985523224
875,-1.3340600728988647,-0.18852093815803528,0.022580461576581,19.171911239624023,0.12976685166358948
908,-0.14422152936458588,-0.2219960242509842,0.03408658504486084,17.64507293701172,0.16736450791358948
918,0.4195854365825653,0.17373861372470856,0.040107931941747665,15.917780876159668,1.1247466802597046
984,0.0641242265701294,0.1660740226507187,0.02550816535949707,10.997537612915039,1.326391577720642
993,-0.09682716429233551,0.0578446201980114,0.025768032297492027,12.29322624206543,2.4462342262268066
999,0.6347537040710449,0.28531140089035034,0.036600369960069656,12.90473461151123,1.668731689453125
1015,-1.7670458555221558,-0.25018689036369324,0.02310468629002571,21.88543701171875,0.001953125
1081,-0.8936731219291687,-0.2394322156906128,0.024829698726534843,17.243854522705078,0.05281677469611168
1088,0.27107685804367065,-0.14865386486053467,0.03183874115347862,12.495757102966309,0.4121765196323395
1091,-1.6658222675323486,-0.24465374648571014,0.02076208032667637,19.875642776489258,0.01602325402200222
1093,-0.11206173896789551,-0.1519245207309723,0.031236955896019936,15.131692886352539,0.2582359313964844
1096,-2.809262275695801,-0.250418096780777,0.020416921004652977,27.78067398071289,0.0003784179862122983
1111,-2.108246326446533,-0.2316247671842575,0.0161157064139843,20.886985778808594,0.07880248874425888
1156,-2.540712356567383,-0.25036102533340454,0.015329087153077126,23.170597076416016,0.0004394531424622983
1172,-3.962221622467041,-0.2504661977291107,0.013060164637863636,31.99210548400879,0.0
1193,0.9595903754234314,-0.1470324844121933,0.037472110241651535,11.315831184387207,0.5333618521690369
1198,2.013338804244995,0.354647159576416,0.046923957765102386,8.302412033081055,2.7827727794647217
1206,0.6170567274093628,-0.23530033230781555,0.03575234115123749,13.567919731140137,0.11049804836511612
1244,0.07287134230136871,-0.056567128747701645,0.025207940489053726,10.552545547485352,0.884429931640625
1272,1.423285961151123,0.16578397154808044,0.040438462048769,10.108798027038574,1.908422827720642
1274,-2.8402833938598633,-0.2504661977291107,0.016321010887622833,26.111364364624023,0.0
1331,1.2732185125350952,0.1576703041791916,0.03734536096453667,9.581320762634277,1.7417083978652954
1344,-0.9225022196769714,-0.2491939812898636,0.024881962686777115,17.249387741088867,0.0034729004837572575
1411,0.6111077070236206,0.304339736700058,0.033260755240917206,11.418992042541504,1.5965408086776733
1423,-0.8477373123168945,-0.24525673687458038,0.02415902353823185,16.579166412353516,0.012170410715043545
1482,0.022129911929368973,-0.23143509030342102,0.03440290689468384,15.92716121673584,0.0953369140625
1486,0.18023903667926788,0.14519362151622772,0.026701930910348892,10.431168556213379,2.119659423828125
1513,1.094036340713501,0.10698988288640976,0.04143799841403961,12.75421142578125,1.959936499595642
1517,-1.1276015043258667,-0.25026553869247437,0.024926740676164627,18.684648513793945,0.0005920410039834678
1519,-1.0094945430755615,-0.186466246843338,0.021333497017621994,16.12886619567871,0.2577758729457855
1521,0.8329982757568359,-0.1593308001756668,0.03906819969415665,12.7194242477417,0.645721435546875
1580,1.6459234952926636,0.9104968905448914,0.03938079997897148,7.445467472076416,3.8192780017852783
1588,-3.162165880203247,-0.2504206597805023,0.018594298511743546,29.665332794189453,0.00018310546875
1591,-0.055874861776828766,0.008060540072619915,0.026393845677375793,12.100336074829102,1.031195044517517
1600,-0.8809189200401306,-0.24934883415699005,0.029416901990771294,19.347261428833008,0.0034423829056322575
1647,0.34124109148979187,0.10034698247909546,0.03018324449658394,11.701342582702637,1.624603271484375
1661,-3.067166328430176,-0.2504384219646454,0.01779721863567829,28.71002769470215,0.00010986328561557457
1691,-3.3287110328674316,-0.2504328489303589,0.015554840676486492,28.634958267211914,0.0001464843808207661
1713,-0.22909550368785858,0.07885650545358658,0.02085215598344803,10.092829704284668,1.1436004638671875
1719,-0.6294152140617371,-0.21268224716186523,0.029978567734360695,18.320714950561523,0.15445557236671448
1754,0.25804996490478516,0.06346584856510162,0.029230305925011635,10.726576805114746,1.8582763671875
1786,-2.9075767993927,-0.25046032667160034,0.016081398352980614,26.42683982849121,1.220703143189894e-05
1805,-1.7267347574234009,-0.2504081130027771,0.02116400934755802,20.6335506439209,0.00018920899310614914
1847,-2.25396990776062,-0.24995851516723633,0.023911060765385628,25.538423538208008,0.00146484375
1848,-1.7344473600387573,-0.2501453757286072,0.019930051639676094,20.404470443725586,0.0015808105235919356
1849,-1.4405345916748047,-0.2494315654039383,0.025553837418556213,20.679868698120117,0.006335449405014515
1865,0.9548613429069519,1.2684990167617798,0.03039330057799816,7.640251159667969,5.174124240875244
1873,0.9703966379165649,-0.05269243195652962,0.0355493538081646,10.128532409667969,0.8008056879043579
1942,0.35901936888694763,-0.16054604947566986,0.02988988161087036,11.350823402404785,0.3577819764614105
1943,1.1418538093566895,0.04908452183008194,0.038929324597120285,9.518329620361328,1.3667755126953125
1949,1.690865159034729,0.1283692717552185,0.042911771684885025,9.908759117126465,1.8424896001815796
1976,0.5300543308258057,0.10003911703824997,0.03233496472239494,11.956149101257324,1.245672583580017
1983,1.1447968482971191,0.1845267117023468,0.03679294511675835,9.596570014953613,1.8211945295333862
1986,-0.014053038321435452,-0.23328907787799835,0.03440750762820244,16.227643966674805,0.07271728664636612
1991,0.9677602052688599,-0.0009729497251100838,0.036682307720184326,11.025951385498047,1.064849853515625
1993,0.6906659603118896,0.20645542442798615,0.030700204893946648,9.402081489562988,2.2934844493865967
1998,1.4687769412994385,-0.16098573803901672,0.04389108344912529,11.632834434509277,0.37689208984375
2028,0.2462567836046219,-0.05826450139284134,0.030410215258598328,12.601618766784668,0.838275134563446
2054,0.30490827560424805,-0.03733229637145996,0.03398539870977402,14.063570976257324,1.3566559553146362
2064,-0.35754626989364624,0.26091209053993225,0.02294636331498623,12.105079650878906,2.3532044887542725
2071,-0.7410758137702942,-0.2485155165195465,0.028245482593774796,18.205707550048828,0.0067199706099927425
2073,2.035160779953003,0.6819326281547546,0.04593139886856079,9.139444351196289,4.93287992477417
2081,-3.3496243953704834,-0.2504661977291107,0.017008641734719276,29.96079444885254,0.0
2104,-0.9367774128913879,-0.24500854313373566,0.026446184143424034,18.25933074951172,0.02023010328412056
2117,2.1875855922698975,-0.021091526374220848,0.049277689307928085,10.637568473815918,0.781481921672821
2120,-0.8971242904663086,-0.22597026824951172,0.020342690870165825,14.281607627868652,0.10099487751722336
2147,1.4408447742462158,0.02994629740715027,0.039300356060266495,9.895280838012695,1.529534935951233
2148,1.7276716232299805,0.09631522744894028,0.04588622972369194,11.028365135192871,1.6059845685958862
2167,-0.6855090260505676,-0.20703934133052826,0.02533768117427826,16.368825912475586,0.2704711854457855
2188,0.2667580246925354,0.07751943916082382,0.028797341510653496,11.73403549194336,1.3267120122909546
2236,-0.09908732026815414,0.11213314533233643,0.03135110065340996,15.849547386169434,1.812170386314392
2240,-0.5143178701400757,-0.24341510236263275,0.03196236491203308,18.58814811706543,0.022979736328125
2242,1.1469486951828003,0.1366128772497177,0.0399589017033577,11.96354866027832,1.053106665611267
2260,2.2741427421569824,0.888155460357666,0.04724987968802452,8.323881149291992,5.27676248550415
2261,-0.4936770498752594,-0.24202124774456024,0.0269395112991333,15.259515762329102,0.04017944261431694
2271,0.1044214591383934,0.10138880461454391,0.03131923824548721,13.931532859802246,1.4697906970977783
2294,-1.661189079284668,-0.2500394880771637,0.0212713535875082,20.615549087524414,0.0031311034690588713
2305,-1.451338529586792,-0.2491205483675003,0.021467892453074455,19.170934677124023,0.0057159424759447575
2314,0.4402852952480316,-0.22516317665576935,0.03931925818324089,14.844497680664062,0.11095275729894638
2334,1.0293771028518677,0.042603690177202225,0.03565484657883644,9.978350639343262,1.2647370100021362
2335,-0.10157555341720581,0.009667016565799713,0.02250659093260765,10.26888370513916,1.2033843994140625
2361,-0.07961737364530563,-0.201879620552063,0.027330083772540092,12.284899711608887,0.165730282664299
2367,-1.5315754413604736,-0.2345653623342514,0.01731516793370247,17.256986618041992,0.05639953538775444
2371,1.183849573135376,0.283989280462265,0.03696317598223686,9.83137035369873,2.4140899181365967
2373,-2.007047653198242,-0.24781079590320587,0.018645979464054108,21.508045196533203,0.01577148400247097
2384,0.06411140412092209,0.1558728665113449,0.024682512506842613,10.32664680480957,1.5225830078125
2457,-0.25154730677604675,-0.058242250233888626,0.027460122480988503,14.141644477844238,0.9580932855606079
2482,-1.0599453449249268,-0.2450522929430008,0.02253173105418682,16.687742233276367,0.02389221265912056
2500,0.9798194766044617,-0.0608258955180645,0.03871143236756325,12.157693862915039,0.7594055533409119
2509,-2.2420637607574463,-0.2504661977291107,0.023285092785954475,25.510122299194336,0.0
2516,-1.4538086652755737,-0.2498188316822052,0.020278368145227432,18.671846389770508,0.0036468505859375
2522,0.854101300239563,0.06332825869321823,0.03513648360967636,10.949061393737793,1.8501312732696533
2549,0.20576591789722443,-0.23143713176250458,0.035957951098680496,15.730875968933105,0.12225647270679474
2604,-0.4124574363231659,-0.23710067570209503,0.026730233803391457,14.348875999450684,0.04192810133099556
2634,1.4648488759994507,-0.22654302418231964,0.046983752399683,12.511810302734375,0.06333007663488388
2685,-0.17249023914337158,-0.1949639618396759,0.028037751093506813,14.149798393249512,0.15653382241725922
2686,-1.3966758251190186,-0.24541299045085907,0.029463915154337883,22.623600006103516,0.01096191443502903
2688,0.45135146379470825,-0.2027929127216339,0.03350761532783508,12.232341766357422,0.18260498344898224
2711,0.3615942895412445,-0.18845848739147186,0.038963790982961655,15.46805477142334,0.4710937440395355
2747,-1.861659288406372,-0.2172301560640335,0.01586066372692585,18.746749877929688,0.13052979111671448
2748,-0.02518005110323429,-0.2172764390707016,0.033813927322626114,15.813727378845215,0.1441497802734375
2763,-0.5924018621444702,-0.24929046630859375,0.030666017904877663,18.425540924072266,0.005340576171875
2806,-0.2747417390346527,-0.03496565297245979,0.021838879212737083,11.188233375549316,0.49003908038139343
2850,2.1517748832702637,0.6268752813339233,0.047371190041303635,8.745203971862793,2.8671510219573975
2877,0.7611345052719116,-0.2332606315612793,0.04079129919409752,14.228301048278809,0.07449646294116974
2901,1.151605248451233,0.07354332506656647,0.03970285877585411,10.689414024353027,1.5191634893417358
2906,-0.23764920234680176,0.1707850992679596,0.030191093683242798,16.185237884521484,1.3780090808868408
2940,0.6182864904403687,0.013850626535713673,0.029877934604883194,9.533812522888184,1.0302215814590454
2963,0.4027194678783417,-0.20707832276821136,0.03614213690161705,13.912576675415039,0.1739959716796875
3005,0.9396961331367493,0.018274571746587753,0.037169020622968674,11.707488059997559,1.3354095220565796
3028,-1.0683225393295288,-0.169655904173851,0.021039694547653198,16.401512145996094,0.23973999917507172
3055,0.5926274061203003,-0.032454293221235275,0.03229932487010956,10.854000091552734,0.6168487668037415
3107,-2.997795343399048,-0.2504661977291107,0.016430435702204704,27.137731552124023,0.0
3124,1.2846680879592896,0.18181858956813812,0.03941184654831886,10.06428050994873,1.2200714349746704
3132,0.8811393976211548,0.1257101595401764,0.03355484455823898,10.01666259765625,1.1547669172286987
3148,0.024564210325479507,-0.06971078366041183,0.02655562199652195,11.69992446899414,0.9194915890693665
3152,-0.5038999319076538,0.0013682425487786531,0.029768899083137512,16.995573043823242,1.106134057044983
3158,-0.7686255574226379,-0.22177056968212128,0.022236907854676247,15.080927848815918,0.14398804306983948
3162,0.2740068733692169,0.14793072640895844,0.03624409809708595,15.415953636169434,2.2093536853790283
3163,-2.5746116638183594,-0.2504661977291107,0.017871219664812088,24.83088493347168,0.0
3173,-2.0550923347473145,-0.2483266144990921,0.020544210448861122,22.954620361328125,0.0118560791015625
3229,0.9569206237792969,-0.12822464108467102,0.03927207738161087,12.517558097839355,0.6408355832099915
3249,0.5899245142936707,-0.13128133118152618,0.03747355565428734,13.936103820800781,0.29490357637405396
3270,-0.20757070183753967,-0.23893027007579803,0.02763482928276062,13.682482719421387,0.04838867112994194
3271,1.1680349111557007,0.16691850125789642,0.04254889115691185,12.125905990600586,2.0259063243865967
3278,-1.4135111570358276,-0.24870477616786957,0.023869028314948082,20.742429733276367,0.012988281436264515
3280,-0.01285607274621725,0.18768341839313507,0.024687498807907104,10.739217758178711,1.8433563709259033
3282,1.2690696716308594,-0.12208434194326401,0.041855670511722565,11.420022010803223,0.69580078125
3293,1.5324487686157227,0.13225676119327545,0.03955794498324394,8.85996150970459,1.3562729358673096
3356,0.7823174595832825,0.6313599944114685,0.03537844121456146,11.720786094665527,2.9758803844451904
3367,-0.7136891484260559,-0.2469322234392166,0.029304146766662598,18.43905258178711,0.01003952044993639
3370,-1.9322117567062378,-0.22260263562202454,0.02277986891567707,22.88743019104004,0.04318390041589737
3396,2.6523995399475098,1.0395232439041138,0.04927138611674309,6.3807525634765625,4.624222278594971
3420,-0.04369388148188591,-0.1723092645406723,0.030287116765975952,14.626558303833008,0.26123353838920593
3421,-1.2930337190628052,-0.24667727947235107,0.024883417412638664,20.305965423583984,0.02216796949505806
3426,-1.9238399267196655,-0.2502092719078064,0.023673685267567635,24.17258071899414,0.0010803223121911287
3448,1.5652655363082886,0.06766464561223984,0.04196911305189133,9.769186973571777,1.0982040166854858
3451,2.0559165477752686,0.060046639293432236,0.0509665310382843,11.248649597167969,1.434167504310608
3453,-0.04132528975605965,-0.06678256392478943,0.025357935577630997,11.712637901306152,1.1230347156524658
3459,0.9264333844184875,-0.05854780226945877,0.03702828288078308,11.521967887878418,1.1940186023712158
3492,-0.8039782643318176,-0.23987317085266113,0.02800772152841091,17.91617774963379,0.03278808668255806
3495,0.7706236839294434,-0.15809659659862518,0.03765609487891197,12.818499565124512,0.4203857481479645
3496,0.22048699855804443,-0.15741722285747528,0.033084504306316376,13.846182823181152,0.38336488604545593
3499,0.03603386506438255,0.13426584005355835,0.027240267023444176,11.783472061157227,1.689422607421875
3547,0.4110621511936188,-0.13193394243717194,0.029298070818185806,10.215746879577637,0.3375991880893707
3557,-0.27452826499938965,-0.24036405980587006,0.029777681455016136,15.666956901550293,0.03790893778204918
3562,1.3364226818084717,0.4184633791446686,0.04179955646395683,10.901333808898926,1.8255432844161987
3576,0.13100731372833252,0.02000942826271057,0.03167228028178215,13.775382995605469,0.7381271719932556
3580,-3.374222993850708,-0.2504661977291107,0.01692209206521511,29.61372947692871,0.0
3595,-2.8197286128997803,-0.2504661977291107,0.02181771956384182,29.15932273864746,0.0
3604,1.8450157642364502,0.9869866371154785,0.04365195706486702,8.114419937133789,4.26559591293335
3616,0.04184279963374138,-0.2398993968963623,0.03387843817472458,15.871139526367188,0.0345611572265625
3632,0.0009509146329946816,-0.07717415690422058,0.02657104842364788,12.1244535446167,0.8424041867256165
3667,-0.4284147322177887,-0.21411238610744476,0.02680792286992073,15.669936180114746,0.192230224609375
3714,0.08114888519048691,-0.2270510196685791,0.03151651471853256,14.388945579528809,0.0916595458984375
3746,-0.17659467458724976,-0.003717658808454871,0.023079348728060722,11.100354194641113,1.0219634771347046
3751,1.5672976970672607,0.03570687398314476,0.04163390398025513,9.957099914550781,1.2713806629180908
3752,0.3144577145576477,-0.08918292075395584,0.03422398120164871,14.309747695922852,0.803466796875
3767,-1.813815712928772,-0.13972122967243195,0.02727860026061535,24.201356887817383,0.5568603873252869
3790,1.3695662021636963,0.7071307897567749,0.036536913365125656,8.440178871154785,4.977063179016113
3799,-0.02703036367893219,0.0005673058331012726,0.021766524761915207,9.003273963928223,0.9323272705078125
3803,1.8462978601455688,0.8804790377616882,0.0427788570523262,8.694293975830078,4.180218696594238
3810,0.8301995396614075,-0.12565648555755615,0.03661584481596947,11.81385326385498,0.4619995057582855
3853,-0.7466827034950256,-0.2441892921924591,0.029686404392123222,19.200410842895508,0.04151001200079918
3867,-0.8563171625137329,-0.24309280514717102,0.02334868721663952,16.058109283447266,0.04247131571173668
3894,1.34215247631073,1.0278712511062622,0.03752943500876427,8.582307815551758,6.052249431610107
3896,0.3752541244029999,0.9965212941169739,0.02511562965810299,8.428491592407227,3.616107225418091
3917,-2.40474009513855,-0.25038382411003113,0.018501779064536095,24.061063766479492,0.000152587890625
3960,-4.891261100769043,-0.2504661977291107,0.011401035822927952,37.741851806640625,0.0
3966,-3.1448259353637695,-0.2504661977291107,0.019895989447832108,30.23377799987793,0.0
3968,0.7811113595962524,-0.2161581963300705,0.0386897437274456,12.98546028137207,0.1476593017578125
3993,-2.394859790802002,-0.25045403838157654,0.02135515585541725,25.78330421447754,4.882812572759576e-05
3995,-0.2440851777791977,-0.21991334855556488,0.02936050295829773,15.175917625427246,0.08055724948644638
4019,0.9981929063796997,-0.12537851929664612,0.03722600266337395,11.050335884094238,0.5467285513877869
4042,-0.3479483127593994,-0.19703811407089233,0.023810477927327156,12.670661926269531,0.296722412109375
4044,-0.8042856454849243,-0.24073782563209534,0.025728708133101463,16.945877075195312,0.05832519754767418
4067,1.651171326637268,0.05927058681845665,0.040849488228559494,9.523178100585938,1.1839081048965454
4074,0.7655701041221619,-0.029404863715171814,0.03340372070670128,9.966569900512695,0.9136566519737244
4120,0.4705919325351715,-0.1473390758037567,0.03608383238315582,13.142768859863281,0.4557556211948395
4135,1.2029001712799072,0.4188920557498932,0.0356762632727623,8.879399299621582,2.591146945953369
4153,-1.3386300802230835,-0.2503499984741211,0.028397241607308388,21.97193717956543,0.0006164551014080644
4160,1.3734371662139893,0.4812808930873871,0.03689105808734894,8.512934684753418,3.438192844390869
4255,-2.341423749923706,-0.25017818808555603,0.01433467585593462,21.326688766479492,0.0009521484607830644
4259,1.8653078079223633,0.6298888921737671,0.04193148389458656,7.813415050506592,3.439836263656616
4260,1.3124803304672241,0.21715588867664337,0.038053929805755615,9.365179061889648,1.6251739263534546
4275,0.7202108502388,-0.21017447113990784,0.04019232466816902,12.998771667480469,0.13019715249538422
4312,1.5052846670150757,0.17170076072216034,0.03992864862084389,9.772503852844238,2.5899932384490967
4316,-1.7949819564819336,-0.2504468858242035,0.0237905140966177,23.589128494262695,3.662109520519152e-05
4355,-1.4380273818969727,-0.2384575456380844,0.01704646460711956,16.46035385131836,0.06764526665210724
4406,0.4808749258518219,-0.2283848077058792,0.04120891913771629,15.803946495056152,0.12131652981042862
4424,-0.3689095377922058,-0.21000809967517853,0.028066260740160942,15.461282730102539,0.137664794921875
4463,-2.816472053527832,-0.2504661977291107,0.018993591889739037,27.7482852935791,0.0
4467,0.9410809874534607,0.10862815380096436,0.03552791848778725,10.515077590942383,0.990582287311554
4479,-0.1225021630525589,0.002004489302635193,0.021787958219647408,9.9024658203125,0.956036388874054
4487,1.5527925491333008,-0.0784732773900032,0.04300813004374504,10.997457504272461,0.7757568359375
4495,0.5145344138145447,-0.1137862429022789,0.03473886474967003,12.904983520507812,0.6824554800987244
4512,-1.6446589231491089,-0.25045308470726013,0.023368019610643387,21.412294387817383,7.324219041038305e-05
4529,-1.3988860845565796,-0.2504311203956604,0.02404596470296383,20.441930770874023,0.00015869141498114914
4548,0.23783878982067108,-0.19707626104354858,0.03369668126106262,14.678349494934082,0.12282409518957138
4626,-1.3079833984375,-0.2498500794172287,0.02253217063844204,18.80642318725586,0.003875732421875
4627,0.272295206785202,-0.023038839921355247,0.027471451088786125,10.35132884979248,0.7994751334190369
4635,1.5350403785705566,0.14639082551002502,0.04340095818042755,10.69897747039795,2.665722608566284
4639,2.0135998725891113,1.0320310592651367,0.04520827904343605,8.285176277160645,6.425605773925781
4641,0.3564777076244354,-0.11476784944534302,0.03642561659216881,15.506370544433594,0.7119202017784119
4692,0.5637074112892151,0.09348354488611221,0.028114093467593193,8.742644309997559,1.9739288091659546
4699,0.09914548695087433,-0.23426111042499542,0.032985083758831024,13.880830764770508,0.09025269001722336
4702,-0.674088716506958,-0.2466856688261032,0.02838834561407566,17.674345016479492,0.01650238037109375
4716,0.8883061408996582,-0.018962321802973747,0.03471748158335686,10.728278160095215,1.2592896223068237
4814,-1.1101982593536377,-0.24951878190040588,0.028198247775435448,20.71628189086914,0.003584289690479636
4849,0.47346851229667664,0.33423736691474915,0.026348112151026726,9.002951622009277,1.7956513166427612
4850,-1.7978168725967407,-0.2499845325946808,0.02304641157388687,22.723087310791016,0.0030029297340661287
4874,-2.499980926513672,-0.2504661977291107,0.020430803298950195,25.843769073486328,0.0
4890,0.9162527918815613,-0.09325829893350601,0.03274634853005409,9.911081314086914,0.5880676507949829
4893,-0.49537283182144165,-0.23920026421546936,0.025118157267570496,15.013876914978027,0.03444519266486168
4920,0.3185780346393585,-0.08496629446744919,0.030421022325754166,12.29821491241455,0.6832367181777954
4922,-0.35452112555503845,-0.08469358831644058,0.026100382208824158,13.914324760437012,0.6917694211006165
4960,2.211517333984375,2.947930097579956,0.04209234192967415,5.497341156005859,12.44469165802002
4997,1.8793848752975464,0.3935808539390564,0.044954974204301834,9.227174758911133,3.1095521450042725
5036,-1.0988119840621948,-0.2234521359205246,0.019566811621189117,15.890545845031738,0.05792846903204918
5057,2.655203104019165,0.585502564907074,0.05255478620529175,7.866751194000244,3.3280885219573975
5090,0.3855506181716919,-0.10572846978902817,0.03666621074080467,14.616690635681152,0.48457643389701843
5098,1.0704072713851929,0.038250911980867386,0.03842821344733238,11.467839241027832,0.7052642703056335
5136,2.7078816890716553,0.47399574518203735,0.05492502078413963,8.025065422058105,3.303271532058716
5156,-0.4573076367378235,-0.22352130711078644,0.03073376975953579,17.138076782226562,0.127685546875
5175,2.134007215499878,0.2881735861301422,0.046720992773771286,8.765883445739746,2.660491943359375
5201,0.7519385814666748,-0.24266104400157928,0.040861569344997406,15.174359321594238,0.027488326653838158
5208,0.7602960467338562,0.622904360294342,0.030835678800940514,8.752161979675293,3.938913106918335
5233,0.9194774627685547,1.4275224208831787,0.028730768710374832,6.782617092132568,7.0948333740234375
5265,0.7100111842155457,-0.14382658898830414,0.03476041555404663,11.306912422180176,0.43249818682670593
5305,0.6381242871284485,-0.2372221052646637,0.04119332879781723,14.949767112731934,0.05157928541302681
5367,-1.5449984073638916,-0.2503451704978943,0.02058340609073639,19.27399253845215,0.0003082275507040322
5372,2.616905927658081,2.1639304161071777,0.053335268050432205,8.345191955566406,5.930511474609375
5399,-0.04877747222781181,-0.19553117454051971,0.031259458512067795,15.308924674987793,0.3456054627895355
5411,-0.06748886406421661,-0.017996927723288536,0.02618768811225891,12.169805526733398,0.9813385009765625
5413,-1.987890601158142,-0.24957583844661713,0.021436451002955437,22.7708797454834,0.0057128905318677425
5431,1.4606003761291504,0.04501929134130478,0.04347476735711098,11.747538566589355,1.467132568359375
5439,-1.4479879140853882,-0.2504560649394989,0.026238948106765747,21.835859298706055,6.103515625e-05
5458,-1.0017040967941284,-0.24830344319343567,0.026700619608163834,18.844532012939453,0.0063415528275072575
5467,-0.9198353886604309,-0.2350100576877594,0.02547028660774231,17.2387752532959,0.10096130520105362
5500,-0.1917193979024887,-0.16490577161312103,0.024630172178149223,11.817034721374512,0.5189148187637329
5503,0.13746435940265656,-0.20763862133026123,0.03194524720311165,14.144757270812988,0.18409423530101776
5504,0.7395358085632324,-0.07210009545087814,0.03712446615099907,12.724092483520508,1.0200042724609375
5505,-0.8498786091804504,-0.14515452086925507,0.02475244179368019,17.043277740478516,0.5505951046943665
5509,-0.09904941916465759,-0.24234957993030548,0.03180418163537979,15.068719863891602,0.03183899074792862
5510,1.9235190153121948,0.11989451944828033,0.0472681038081646,10.31551742553711,1.277978539466858
5517,-1.1049085855484009,-0.25000131130218506,0.0262791458517313,19.591426849365234,0.0025573731400072575
5547,0.8783113360404968,-0.01537094172090292,0.041575439274311066,12.284056663513184,0.6778564453125
5555,0.9250659346580505,0.08528518676757812,0.03434156998991966,9.990683555603027,1.705786108970642
5593,-2.5181448459625244,-0.24981100857257843,0.020750654861330986,26.15378761291504,0.0036499022971838713
5606,-1.104430079460144,-0.19758740067481995,0.01612824760377407,13.59204387664795,0.3569397032260895
5613,-2.0836265087127686,-0.226210355758667,0.022139891982078552,23.815412521362305,0.1566162109375
5645,2.5626189708709717,0.9858635067939758,0.05257419869303703,9.5112943649292,5.295642375946045
5646,-0.8374566435813904,-0.2482277899980545,0.032668787986040115,20.24190330505371,0.01370849646627903
5651,-2.230149507522583,-0.25045832991600037,0.022281482815742493,25.254199981689453,2.441406286379788e-05
5670,-0.9715976715087891,-0.24989517033100128,0.028981119394302368,20.012998580932617,0.0020263672340661287
5681,0.5895405411720276,-0.1542535275220871,0.03163900226354599,10.971449851989746,0.3454437255859375
5695,1.3693821430206299,0.018350526690483093,0.04063837602734566,10.319239616394043,0.9848877191543579
5700,1.5455600023269653,-0.07200783491134644,0.04245476797223091,10.78954792022705,0.605822741985321
5749,1.450728416442871,0.6947320103645325,0.039705947041511536,8.988646507263184,3.306997776031494
5751,0.6529691815376282,0.08980416506528854,0.03127110004425049,10.10059642791748,1.547753930091858
5760,-0.040473081171512604,-0.04138268157839775,0.029661694541573524,14.037294387817383,0.7618743777275085
5780,-3.3834969997406006,-0.2504400908946991,0.017161302268505096,30.58554458618164,0.00010986328561557457
5808,-0.8124227523803711,-0.1525808423757553,0.018437420949339867,12.980074882507324,0.42650148272514343
5830,-4.454891681671143,-0.2504661977291107,0.014400272630155087,36.14487838745117,0.0
5832,0.13814233243465424,-0.24714215099811554,0.03618985787034035,16.847501754760742,0.012646484188735485
5840,-2.2664294242858887,-0.2503831684589386,0.024789055809378624,25.564294815063477,0.0003234863397665322
5850,-0.5822808742523193,-0.18700221180915833,0.030362233519554138,18.669933319091797,0.20219726860523224
5886,-2.5394082069396973,-0.2504661977291107,0.021773720160126686,26.727569580078125,0.0
5899,0.7301409244537354,-0.10754679888486862,0.03744591772556305,12.320100784301758,0.9259704947471619
5961,-0.1740020364522934,-0.21292541921138763,0.026503875851631165,12.864447593688965,0.1901702880859375
5962,0.569392204284668,-0.19767792522907257,0.03657637909054756,14.076683044433594,0.16162720322608948
5965,0.40050172805786133,-0.13788239657878876,0.03105238452553749,11.918288230895996,0.394866943359375
5970,-2.982757329940796,-0.2504661977291107,0.021164320409297943,29.560352325439453,0.0
5993,2.5947840213775635,0.7895243763923645,0.050582289695739746,7.51064395904541,3.9753053188323975
6017,-0.08982672542333603,-0.06528639048337936,0.03464430943131447,16.64845085144043,0.400033563375473
6024,0.5264591574668884,0.06499531120061874,0.02899741940200329,10.048506736755371,1.462738037109375
6033,0.01061145681887865,-0.24098539352416992,0.033121440559625626,15.692359924316406,0.02226562611758709
6037,-0.18101118505001068,-0.2391669750213623,0.030910005792975426,15.457371711730957,0.0478363037109375
6047,-0.3486066460609436,-0.2308090478181839,0.02702990174293518,14.373675346374512,0.09979858249425888
6048,1.7013765573501587,0.006300893612205982,0.045249443501234055,9.658795356750488,0.9574012756347656
6058,0.7248072624206543,-0.1856215000152588,0.03484707698225975,11.415820121765137,0.3689590394496918
6065,0.45201489329338074,0.20501036942005157,0.03193096071481705,12.069255828857422,1.3292328119277954
6082,1.6748781204223633,0.6611704230308533,0.0401151143014431,7.895313262939453,3.45212721824646
6091,1.5145902633666992,0.4259015619754791,0.04115875065326691,8.996830940246582,2.7585952281951904
6094,0.699451744556427,0.086459219455719,0.03293607756495476,11.518126487731934,1.1107635498046875
6100,-0.11913571506738663,-0.07630576193332672,0.02718394808471203,12.537076950073242,0.8248321413993835
6102,-0.2363271713256836,-0.216126948595047,0.03023439086973667,16.558443069458008,0.14632569253444672
6131,0.7737394571304321,0.2881021499633789,0.03108241967856884,8.638606071472168,1.872094750404358
6140,-1.780596137046814,-0.25034821033477783,0.023340368643403053,22.43488121032715,0.0005554199451580644
6220,-0.684221625328064,-0.24850046634674072,0.028918355703353882,17.83654022216797,0.0077758789993822575
6222,0.018572518602013588,0.19330500066280365,0.023983808234333992,10.35510540008545,2.1704437732696533
6248,-2.046058177947998,-0.25044766068458557,0.022496422752738,23.87567710876465,7.324219041038305e-05
6279,-0.5980138182640076,-0.031990405172109604,0.02973352186381817,17.57396697998047,0.6845459342002869
6333,0.49546822905540466,-0.07423534244298935,0.02981693111360073,10.01920223236084,0.90234375
6338,-0.8716058135032654,-0.24643097817897797,0.02278597094118595,15.577278137207031,0.012652588076889515
6345,-0.291547566652298,-0.2472633570432663,0.031061379238963127,16.633438110351562,0.010339356027543545
6352,0.12057129293680191,-0.21198029816150665,0.03125736117362976,13.792586326599121,0.13781128823757172
6355,0.9869334101676941,-0.10806944221258163,0.03602728992700577,10.03422737121582,0.6805648803710938
6358,0.0794796273112297,-0.20848388969898224,0.030786344781517982,13.924590110778809,0.24072265625
6377,0.8852723240852356,-0.16426242887973785,0.03541717305779457,10.64132022857666,0.4226226806640625
6419,0.8278070688247681,-0.23440037667751312,0.040401868522167206,14.05967903137207,0.05939636379480362
6436,0.7925333976745605,-0.2099386751651764,0.03825104609131813,12.661958694458008,0.15051575005054474
6519,-0.6680316925048828,-0.25006094574928284,0.02994557097554207,19.522445678710938,0.001452636788599193
6530,1.8049328327178955,0.22688201069831848,0.04237758740782738,9.23344612121582,1.8662201166152954
6533,-2.355243444442749,-0.2503108084201813,0.02102499268949032,25.788339614868164,0.0004638671816792339
6561,-0.784214437007904,-0.20224709808826447,0.019884543493390083,13.511896133422852,0.19429932534694672
6575,1.6877473592758179,0.23999670147895813,0.042549725621938705,9.668940544128418,1.9981735944747925
6604,-0.025423450395464897,0.18026159703731537,0.024736206978559494,11.112186431884766,1.4727509021759033
6622,1.5865899324417114,0.568388044834137,0.03946656733751297,8.443147659301758,3.474905490875244
6675,-1.0546497106552124,-0.2500353157520294,0.027409283444285393,20.059452056884766,0.0018676758045330644
6707,-1.1785014867782593,-0.244165301322937,0.02226223051548004,17.111793518066406,0.03675537183880806
6723,1.1406750679016113,-0.10063967853784561,0.04205024242401123,12.752695083618164,0.4082473814487457
6730,-0.1897502988576889,-0.24350550770759583,0.03433478996157646,17.726146697998047,0.02976074256002903
6794,0.07375916838645935,-0.0866074189543724,0.030889490619301796,13.72559642791748,0.796435534954071
6797,0.3125205338001251,0.607106626033783,0.02777816727757454,10.030976295471191,3.2126312255859375
6807,1.9259675741195679,0.33547312021255493,0.043998491019010544,8.357014656066895,1.6697235107421875
6815,-3.649045705795288,-0.2504606246948242,0.014981040731072426,31.10776710510254,2.441406286379788e-05
6853,2.0280821323394775,1.7674388885498047,0.045247845351696014,7.575933933258057,9.55875301361084
6873,0.7941221594810486,0.2531942129135132,0.03309909626841545,10.200186729431152,2.2335572242736816
6874,-3.9256503582000732,-0.2504661977291107,0.014053589664399624,32.51619338989258,0.0
6958,-0.26618900895118713,-0.08232347667217255,0.027156487107276917,13.7424898147583,0.7681488394737244
6965,1.6735824346542358,0.558804988861084,0.046290360391139984,11.42462158203125,2.293804883956909
6982,-0.4503369927406311,-0.24842038750648499,0.03162606060504913,18.239896774291992,0.01622314564883709
7000,-2.310194730758667,-0.25044703483581543,0.020686162635684013,24.71360206604004,6.103515625e-05
7031,1.4535220861434937,0.42049509286880493,0.0412307009100914,10.462654113769531,2.647387742996216
7032,2.6700661182403564,1.7078298330307007,0.052741456776857376,8.456548690795898,12.173590660095215
7057,1.1449729204177856,-0.20090924203395844,0.04961930960416794,15.085336685180664,0.22356262803077698
7072,-0.1424940526485443,-0.1705331802368164,0.029307831078767776,14.119407653808594,0.34181520342826843
7090,0.6215135455131531,-0.12356110662221909,0.03726097196340561,13.789862632751465,0.5117248892784119
7103,1.288830041885376,0.49617844820022583,0.03703298792243004,8.744427680969238,2.9663987159729004
7105,-1.0458818674087524,-0.24524234235286713,0.023440122604370117,17.797025680541992,0.012500000186264515
7113,1.4509713649749756,0.23427824676036835,0.041991639882326126,10.360224723815918,2.2929656505584717
7117,1.382689356803894,0.2393176108598709,0.03972383216023445,9.988371849060059,1.1403229236602783
7158,-0.601496160030365,-0.07178870588541031,0.025214651599526405,15.248476028442383,0.46601104736328125
7181,1.3978708982467651,0.5782689452171326,0.036487165838479996,8.529500007629395,3.8244264125823975
7195,2.127207040786743,0.08421926945447922,0.050652097910642624,10.705513000488281,1.512640357017517
7236,0.6616806983947754,-0.16252005100250244,0.037383195012807846,14.291643142700195,0.20079346001148224
7246,-0.3131180703639984,0.31041571497917175,0.023851774632930756,13.074378967285156,2.2556824684143066
7266,1.780631422996521,1.2645561695098877,0.03928912803530693,6.640120983123779,5.813318729400635
7270,-1.1212981939315796,-0.25023505091667175,0.024680424481630325,18.795961380004883,0.0009521484607830644
7319,-4.237281322479248,-0.2504661977291107,0.013396533206105232,34.21577072143555,0.0
7345,-0.2967350482940674,-0.1892438381910324,0.025554528459906578,13.507219314575195,0.23207397758960724
7354,0.05541731044650078,-0.18429185450077057,0.029498612508177757,13.074788093566895,0.4671783447265625
7364,1.867287278175354,0.5960201621055603,0.04423312842845917,8.847570419311523,2.512591600418091
7406,1.3158507347106934,0.15263225138187408,0.040535952895879745,10.290948867797852,0.9488983154296875
7417,-1.6826893091201782,-0.2418036013841629,0.014773267321288586,17.127843856811523,0.020263671875
7425,-0.7072539329528809,-0.00935053825378418,0.020743973553180695,13.450624465942383,0.8981689810752869
7429,-0.6845190525054932,-0.24988816678524017,0.030274096876382828,18.889801025390625,0.002410888671875
7435,-0.19503028690814972,-0.0914396420121193,0.025906173512339592,12.907910346984863,0.4679504334926605
7446,2.948910713195801,0.6495074033737183,0.05593046545982361,8.369497299194336,4.410299777984619
7510,-0.4302188456058502,-0.2484280914068222,0.035414762794971466,18.601577758789062,0.004742431920021772
7562,1.3687554597854614,0.47850775718688965,0.04111875221133232,9.96747875213623,2.263903856277466
7578,0.007151794619858265,-0.2477758675813675,0.032873425632715225,15.513020515441895,0.01309814490377903
7590,-0.02325434982776642,-0.2405174821615219,0.028935471549630165,13.098762512207031,0.03992614895105362
7620,0.3786797523498535,-0.10603497177362442,0.03195136412978172,11.824346542358398,0.5533447265625
7677,0.7795225977897644,-0.07058744877576828,0.03513645380735397,11.921771049499512,0.7435974478721619
7679,0.22955869138240814,0.11176691204309464,0.02907663956284523,11.331342697143555,1.4347915649414062
7724,2.509812116622925,0.17016012966632843,0.05764855816960335,11.13559627532959,1.1754897832870483
7726,1.153842568397522,-0.02795073762536049,0.03505338355898857,9.407276153564453,1.028009057044983
7729,-2.2255160808563232,-0.2500952482223511,0.02377649024128914,25.91657829284668,0.003027343889698386
7773,0.8019348382949829,-0.1674281805753708,0.03533502295613289,11.170376777648926,0.343649297952652
7776,-0.8214864134788513,-0.24691610038280487,0.026818329468369484,17.62021827697754,0.00860595703125
7870,-1.3790897130966187,-0.2456417828798294,0.023574603721499443,20.265615463256836,0.03322754055261612
7901,0.6498479843139648,0.5294299721717834,0.03064781241118908,9.80066204071045,2.5300323963165283
7921,1.43454110622406,0.02273441292345524,0.04065742343664169,10.00363540649414,1.5221039056777954
7926,2.122343063354492,1.0638928413391113,0.043742552399635315,7.031394958496094,4.729434490203857
7935,1.1647934913635254,-0.11683902889490128,0.03813547641038895,10.339028358459473,0.6349853873252869
7981,0.6105574369430542,-0.09973568469285965,0.03725321590900421,13.193293571472168,0.3663482666015625
8039,-1.2844959497451782,-0.24996331334114075,0.02222301810979843,18.328168869018555,0.0021911622025072575
8050,1.1712292432785034,0.32131272554397583,0.035590462386608124,8.705038070678711,2.6690292358398438
8140,-0.10828842967748642,-0.20453961193561554,0.02724543772637844,12.626906394958496,0.215179443359375
8154,0.6968285441398621,-0.16270631551742554,0.03582267463207245,11.804472923278809,0.328329473733902
8156,0.4700794219970703,-0.2290288209915161,0.03291260078549385,12.358624458312988,0.08895569294691086
8167,-0.08721564710140228,0.30248817801475525,0.024542195722460747,11.776774406433105,1.8080230951309204
8188,-0.14796042442321777,-0.24298341572284698,0.03317274898290634,16.746923446655273,0.03114013746380806
8196,1.02336585521698,0.3913131654262543,0.037815120071172714,11.189668655395508,3.2672698497772217
8230,1.4116648435592651,0.09783601015806198,0.04202745854854584,10.566486358642578,1.4599182605743408
8240,-1.4221423864364624,-0.24210472404956818,0.021931029856204987,19.288183212280273,0.04823608323931694
8252,-2.30953311920166,-0.2504201829433441,0.020764116197824478,24.45735740661621,0.0002685546933207661
8261,0.26184341311454773,1.2199716567993164,0.03204960376024246,13.367362976074219,11.906112670898438
8265,0.8058962821960449,-0.18824394047260284,0.04051961377263069,14.127723693847656,0.15646973252296448
8320,-0.15230631828308105,-0.2460692971944809,0.028620699420571327,14.741244316101074,0.02435608021914959
8328,-1.1215168237686157,-0.03710360452532768,0.021580373868346214,16.70056915283203,0.3689331114292145
8334,-0.8804892897605896,-0.24849875271320343,0.022424085065722466,15.681258201599121,0.013397216796875
8373,-3.558730363845825,-0.25045788288116455,0.016553562134504318,31.257816314697266,2.441406286379788e-05
8398,0.36751413345336914,-0.23054765164852142,0.03420427441596985,13.57382869720459,0.08649291843175888
8400,0.7783087491989136,-0.05498628690838814,0.039469163864851,13.775946617126465,0.6133575439453125
8407,-0.20262077450752258,-0.2359505444765091,0.03447999805212021,17.767356872558594,0.03141174465417862
8412,-0.0008904054993763566,-0.22190622985363007,0.028654946014285088,13.081253051757812,0.15431824326515198
8457,0.09851416200399399,-0.18490765988826752,0.032030943781137466,14.074853897094727,0.295797735452652
8463,-0.06128503009676933,-0.19571281969547272,0.03043488599359989,14.933771133422852,0.17778931558132172
8464,-1.2999223470687866,-0.2485145777463913,0.021192064508795738,18.092496871948242,0.0055480957962572575
8494,0.09863032400608063,0.12897291779518127,0.026443321257829666,11.291817665100098,1.3652740716934204
8496,1.768058180809021,0.5405231714248657,0.044815924018621445,9.549098014831543,3.702414035797119
8497,1.7247589826583862,0.10906868427991867,0.04228217899799347,9.897688865661621,1.4508697986602783
8579,1.6357234716415405,0.029361192137002945,0.042998019605875015,10.126051902770996,0.8984405398368835
8586,-0.30160292983055115,-0.16930414736270905,0.028184210881590843,14.134696960449219,0.3917236328125
8590,-0.6056088209152222,-0.1849345862865448,0.022987885400652885,13.844169616699219,0.27476808428764343
8671,-0.818138599395752,-0.10925834625959396,0.020049242302775383,13.462592124938965,0.691998302936554
8755,0.8036888241767883,0.0007630087784491479,0.034581732004880905,11.403158187866211,0.9234833121299744
8756,-0.8981561064720154,-0.24746301770210266,0.028648242354393005,19.715606689453125,0.012957763858139515
8768,0.8573692440986633,0.47315749526023865,0.02969013713300228,7.5832839012146,4.21197509765625
8795,0.01141330599784851,-0.1915651112794876,0.03474825993180275,16.564775466918945,0.17863769829273224
8805,0.24145427346229553,-0.14510264992713928,0.037016868591308594,14.982559204101562,0.584930419921875
8836,-1.4541146755218506,-0.24156983196735382,0.02204788662493229,19.327001571655273,0.02976074256002903
8851,0.13060228526592255,-0.220942422747612,0.033304210752248764,14.57055377960205,0.12012787163257599
8894,1.2808257341384888,0.36692115664482117,0.037476517260074615,9.910205841064453,2.5197999477386475
8917,3.2218124866485596,1.434080719947815,0.0583089254796505,8.420668601989746,7.310940742492676
8923,-0.5144562125205994,-0.24109382927417755,0.028949890285730362,16.796846389770508,0.04317016527056694
8928,-0.11339056491851807,-0.22025994956493378,0.028474921360611916,13.60587215423584,0.11123352497816086
8948,1.4571261405944824,0.7970181703567505,0.03652316331863403,7.153947353363037,4.920711040496826
8954,0.7940823435783386,0.025941336527466774,0.03338919207453728,10.226302146911621,0.9411712884902954
8985,1.340987205505371,-0.08602947741746902,0.04396801069378853,12.031771659851074,0.700286865234375
9030,-0.2056172639131546,-0.20499947667121887,0.024858834221959114,12.09890079498291,0.18222962319850922
9134,0.6057146191596985,-0.07169418781995773,0.035319894552230835,13.184761047363281,0.555255115032196
9174,1.8229217529296875,1.1253541707992554,0.04261353239417076,8.380240440368652,4.416064739227295
9190,0.5008372664451599,0.08884789049625397,0.03396930918097496,12.430360794067383,1.3761459589004517
9196,0.7890862822532654,0.6274442076683044,0.03133629634976387,8.816493034362793,4.383508205413818
9205,0.5740885138511658,0.2553544044494629,0.030561868101358414,10.642645835876465,2.416525363922119
9235,-0.15521517395973206,0.073136106133461,0.02224341593682766,10.297877311706543,1.4329437017440796
9264,0.32906967401504517,-0.041983462870121,0.0321006178855896,12.927485466003418,0.8029937744140625
9280,-1.029150128364563,-0.2404606193304062,0.026825809851288795,18.375951766967773,0.03795776516199112
9295,1.483092188835144,1.3398942947387695,0.03703952208161354,6.9582133293151855,6.039549350738525
9301,1.0000247955322266,0.04421313479542732,0.034013260155916214,9.746533393859863,1.2880645990371704
9337,0.5451797842979431,-0.17129085958003998,0.040005240589380264,14.983949661254883,0.165985107421875
9355,2.164583206176758,0.7864060401916504,0.04585425555706024,8.0453519821167,4.1230788230896
9388,-0.4027298092842102,-0.2434825748205185,0.028833389282226562,15.886323928833008,0.03527526929974556
9391,-1.4656304121017456,-0.25034791231155396,0.02342747151851654,20.54168701171875,0.0005615234258584678
9450,1.5505075454711914,0.12844201922416687,0.04125477746129036,9.862302780151367,1.8817275762557983
9460,-0.23538072407245636,0.159299835562706,0.031163731589913368,15.747759819030762,0.8645660281181335
9531,-0.5446804165840149,-0.19263020157814026,0.026875579729676247,15.61778736114502,0.24773254990577698
9563,0.6670525074005127,-0.1920779049396515,0.03747362270951271,14.244783401489258,0.3103630244731903
9586,0.05951885133981705,0.06227457523345947,0.023786133155226707,10.004995346069336,1.309808373451233
9594,1.2180426120758057,-0.04361176863312721,0.04141276702284813,11.150659561157227,0.5792022943496704
9605,0.24632024765014648,-0.1487341970205307,0.028599197044968605,10.926712036132812,0.364938348531723
9622,2.3206400871276855,0.31308308243751526,0.05024929717183113,9.654509544372559,2.5886597633361816
9641,1.62702214717865,-0.15033455193042755,0.04988257214426994,12.793694496154785,0.257406622171402
9642,-0.46004945039749146,-0.17631469666957855,0.025786442682147026,14.50998592376709,0.379690557718277
9649,-1.4527826309204102,-0.1944284588098526,0.018455028533935547,17.334564208984375,0.24964295327663422
9677,1.1143659353256226,-0.014982772059738636,0.038012899458408356,11.096830368041992,0.742175281047821
9698,-1.3087742328643799,-0.19635222852230072,0.021732324734330177,18.05122947692871,0.27288818359375
9703,-0.008476468734443188,0.09079152345657349,0.025433076545596123,11.177992820739746,1.12249755859375
9707,-1.1191272735595703,-0.20280273258686066,0.027953851968050003,20.347734451293945,0.19205017387866974
9729,0.6969878077507019,-0.041730619966983795,0.03421418368816376,11.734915733337402,0.92852783203125
9746,1.7869939804077148,0.07664225250482559,0.04581518471240997,10.588784217834473,1.112725853919983
9772,1.4962900876998901,0.2546241283416748,0.04014187678694725,9.594507217407227,2.6102921962738037
9811,0.6284860968589783,0.5634472966194153,0.031903225928545,10.414405822753906,3.7168214321136475
9815,-1.6027923822402954,-0.2500876784324646,0.024644726887345314,22.230205535888672,0.0009826660389080644
9835,-0.48789140582084656,-0.10884509235620499,0.025230547413229942,14.45712947845459,0.45261383056640625
9867,-0.6118855476379395,-0.2145725041627884,0.023409957066178322,14.440665245056152,0.23853455483913422
10014,-2.2151358127593994,-0.24983835220336914,0.020066721364855766,23.523466110229492,0.0023315430153161287
10072,0.5138983726501465,-0.1257452368736267,0.03631405159831047,13.760103225708008,0.7023819088935852
10082,-0.30681201815605164,0.6199048161506653,0.02227090112864971,11.447364807128906,3.769360303878784
10181,0.34444090723991394,0.0583571195602417,0.0301696565002203,11.234641075134277,1.311804175376892
10201,1.3300411701202393,1.0873006582260132,0.03375748544931412,6.6633219718933105,5.896055698394775
10242,1.2877229452133179,0.08060777187347412,0.039551571011543274,9.635233879089355,1.237446665763855
10258,2.2472753524780273,0.2869356572628021,0.047456543892621994,8.341273307800293,2.614501953125
10315,0.3963002860546112,1.9728755950927734,0.02474460005760193,7.34535551071167,10.951434135437012
10318,1.7195568084716797,0.012716314755380154,0.043448202311992645,10.341201782226562,1.0775787830352783
10319,-3.1724965572357178,-0.2504661977291107,0.01848016493022442,29.466772079467773,0.0
10324,0.5226727724075317,-0.23735104501247406,0.033841606229543686,12.305829048156738,0.06072692945599556
10382,-3.3750951290130615,-0.2504661977291107,0.016428494825959206,29.6335391998291,0.0
10413,-0.669979989528656,-0.24536879360675812,0.026068568229675293,16.439970016479492,0.02010498009622097
10432,-2.6549227237701416,-0.250000923871994,0.020300112664699554,26.6814022064209,0.001437377999536693
10471,-0.34865787625312805,-0.24964213371276855,0.032270271331071854,17.73126792907715,0.0048461914993822575
10509,-1.462342619895935,-0.21618103981018066,0.022484099492430687,19.874160766601562,0.073822021484375
10515,-0.7793545722961426,-0.24407152831554413,0.028482193127274513,18.959793090820312,0.03509521484375
10542,2.705430746078491,0.24936075508594513,0.05560759827494621,9.407007217407227,2.330740451812744
10549,-1.7983869314193726,-0.25041258335113525,0.02196248061954975,21.61373519897461,0.0002075195370707661
10555,-0.923387348651886,-0.24654828011989594,0.024412592872977257,16.905866622924805,0.01750793494284153
10597,-0.7541013956069946,0.2571375072002411,0.021748043596744537,14.137738227844238,1.1115082502365112
10632,-0.6318591237068176,-0.24640865623950958,0.0288578849285841,16.573287963867188,0.01935424841940403
10657,0.39905083179473877,0.4203830361366272,0.025837469846010208,8.106983184814453,2.679330587387085
10668,-0.6932562589645386,-0.23331652581691742,0.028775785118341446,18.18125343322754,0.06790466606616974
10670,0.4162467420101166,-0.06993462890386581,0.02999790385365486,11.036741256713867,0.6522247195243835
10709,-0.9104053378105164,-0.2402387112379074,0.02552078105509281,17.052841186523438,0.05683593824505806
10710,-2.6130435466766357,-0.2504661977291107,0.019841758534312248,25.9606990814209,0.0
10726,0.03950418904423714,0.20785069465637207,0.022615713998675346,9.748464584350586,1.848425269126892
10740,0.44538789987564087,-0.1344776600599289,0.034509629011154175,13.55823802947998,0.349752813577652
10760,1.4729735851287842,1.3797305822372437,0.04107200726866722,11.064339637756348,4.457818508148193
10768,0.5169824957847595,-0.2013574093580246,0.03828824684023857,15.086090087890625,0.20496979355812073
10780,0.6042615175247192,0.23262062668800354,0.03007698617875576,9.642926216125488,1.4099578857421875
10800,0.7087005376815796,-0.01859040930867195,0.03557690232992172,11.114296913146973,1.6163727045059204
10820,-2.0570783615112305,-0.2492777556180954,0.022549843415617943,24.190080642700195,0.00958251953125
10835,0.594042956829071,-0.057372190058231354,0.03495306894183159,12.320748329162598,0.8564605712890625
10862,0.21650104224681854,-0.0930127277970314,0.03041626513004303,12.491593360900879,0.5372986197471619
10863,-0.6821922659873962,-0.23466448485851288,0.030009740963578224,17.86250877380371,0.0662078857421875
10878,-1.9272345304489136,-0.14268194139003754,0.022232569754123688,23.004125595092773,0.23104248940944672
10914,0.9822770357131958,-0.0010101795196533203,0.034141503274440765,9.516329765319824,0.7767502069473267
10921,2.241732120513916,1.0582622289657593,0.046990279108285904,7.792222023010254,5.115853786468506
10945,1.0429770946502686,-0.09827461838722229,0.03838479891419411,11.79265308380127,0.4777160584926605
10971,-0.2602549195289612,0.7027766108512878,0.019500277936458588,9.43961238861084,3.9792206287384033
10978,1.025286078453064,1.432509183883667,0.03069808892905712,6.959125518798828,8.390265464782715
10995,-2.283644199371338,-0.2504661977291107,0.02384624071419239,26.013818740844727,0.0
11016,-1.132442831993103,-0.22953949868679047,0.021208319813013077,16.87549591064453,0.076904296875
11024,1.0030256509780884,0.17329059541225433,0.044018298387527466,12.833529472351074,0.9533371329307556
11061,1.5915294885635376,0.8764961361885071,0.043485209345817566,10.296001434326172,3.247793674468994
11062,-0.8809637427330017,-0.25013482570648193,0.031187398359179497,20.327970504760742,0.001040649483911693
11071,-0.517636775970459,-0.2275487184524536,0.024202464148402214,14.089579582214355,0.0764007568359375
11077,1.8010443449020386,0.6977768540382385,0.04429936781525612,9.058072090148926,3.3114869594573975
11083,-0.862369954586029,-0.2484138309955597,0.027460996061563492,19.082975387573242,0.01029052771627903
11097,0.5473341345787048,-0.07497536391019821,0.033554721623659134,12.291396141052246,0.49735718965530396
11143,0.15114815533161163,-0.2269839495420456,0.0325077623128891,13.951010704040527,0.08411865681409836
11160,0.8336617350578308,-0.023356590420007706,0.03317634388804436,9.96355152130127,0.770538330078125
11165,-0.5884119868278503,-0.1923706978559494,0.02273869514465332,13.601889610290527,0.34293824434280396
11174,1.827553629875183,-0.16712364554405212,0.04961429163813591,11.87917709350586,0.3229522705078125
11185,1.7398273944854736,0.43229779601097107,0.04701858386397362,10.864555358886719,2.7427124977111816
11189,0.153966024518013,-0.2427968829870224,0.03641932085156441,15.998427391052246,0.04648132249712944
11201,2.1390597820281982,0.7544519305229187,0.049166951328516006,10.2129545211792,3.8605315685272217
11217,1.5248175859451294,0.11930861324071884,0.042453791946172714,10.115509033203125,1.732508897781372
11259,0.7025036215782166,-0.024913087487220764,0.03377867862582207,11.074917793273926,0.849932849407196
11262,-1.9143599271774292,-0.23909710347652435,0.01495874673128128,18.5712947845459,0.05562744289636612
11267,0.24247753620147705,-0.18221351504325867,0.03705930709838867,15.696043968200684,0.3445190489292145
11269,-0.1739913672208786,-0.24544374644756317,0.0332086943089962,17.098230361938477,0.02056274376809597
11285,-1.2776764631271362,-0.24593579769134521,0.026126930490136147,20.425798416137695,0.01004638709127903
11314,0.09050548076629639,-0.2471735030412674,0.032008226960897446,14.3868408203125,0.011883544735610485
11322,-2.5667436122894287,-0.25046318769454956,0.019391236826777458,25.653242111206055,2.441406286379788e-05
11376,-2.755666494369507,-0.25042423605918884,0.020810529589653015,28.157184600830078,0.00017089843458961695
11405,-5.178070068359375,-0.2504661977291107,0.011547964066267014,39.79317855834961,0.0
11465,0.679386556148529,0.04201614111661911,0.03447325900197029,11.142091751098633,1.4399261474609375
11491,-1.2862879037857056,-0.2458176612854004,0.02070522867143154,17.149803161621094,0.010430908761918545
11513,2.0112411975860596,0.4782558083534241,0.048277612775564194,10.065544128417969,2.89105224609375
11523,1.1497853994369507,-0.10664729028940201,0.039899133145809174,11.060586929321289,0.4039459228515625
11530,0.9293463826179504,0.24374695122241974,0.03212226182222366,8.735838890075684,1.7754334211349487
11536,-0.348972886800766,-0.24710480868816376,0.030719706788659096,17.151994705200195,0.0116119384765625
11551,-0.15590566396713257,-0.032487642019987106,0.024005776271224022,11.151754379272461,1.0493561029434204
11560,0.3709523677825928,-0.22645381093025208,0.03403458371758461,13.30533504486084,0.15366517007350922
11603,0.9958149790763855,-0.04533814266324043,0.037573810666799545,11.155750274658203,0.7998992800712585
11610,0.08640694618225098,-0.2012263983488083,0.03102407418191433,13.369145393371582,0.3321289122104645
11622,-0.9813969731330872,-0.23790507018566132,0.023086145520210266,16.83572006225586,0.06266937404870987
11636,0.746514618396759,-0.22014442086219788,0.037442415952682495,12.267149925231934,0.09208374470472336
11637,0.4522021412849426,-0.21383404731750488,0.03527325019240379,13.18315315246582,0.10588683933019638
11662,-0.6980962157249451,-0.24965722858905792,0.028254881501197815,17.740631103515625,0.00262451171875
11701,-0.41601356863975525,-0.16890597343444824,0.027457213029265404,14.85456371307373,0.26311951875686646
11712,-3.716411590576172,-0.2504661977291107,0.015796223655343056,31.95408058166504,0.0
11722,-0.1395500749349594,-0.1963847130537033,0.030760614201426506,15.031991958618164,0.2522827088832855
11723,2.7980008125305176,1.0837295055389404,0.051767803728580475,7.388814449310303,4.355762004852295
11770,1.2242921590805054,-0.009377549402415752,0.03857814893126488,10.456465721130371,0.8868927359580994
11826,0.018037796020507812,0.0352695994079113,0.028153274208307266,11.820479393005371,1.0308868885040283
11847,1.3548157215118408,0.368024617433548,0.03818425163626671,8.818310737609863,2.4547150135040283
11852,0.26594194769859314,-0.19248147308826447,0.03716614097356796,16.174346923828125,0.17678986489772797
11853,1.1602784395217896,0.1248515173792839,0.04052935913205147,11.691659927368164,1.6616638898849487
11854,0.9419208765029907,-0.11209353059530258,0.03633616492152214,10.93555736541748,0.4084625244140625
11861,-2.5415518283843994,-0.2502933740615845,0.018993284553289413,25.870725631713867,0.0009063720935955644
11893,-2.5103964805603027,-0.25046464800834656,0.018755722790956497,25.237165451049805,1.220703143189894e-05
11905,0.8017107248306274,0.27133914828300476,0.0323866568505764,10.506563186645508,1.6224640607833862
11928,-0.27508679032325745,-0.22406542301177979,0.025320688262581825,13.44336986541748,0.08270873874425888
11953,-0.4787556231021881,-0.2457890510559082,0.02747039496898651,15.824559211730957,0.01814575307071209
11988,1.7923589944839478,0.2915271818637848,0.04485711082816124,9.897345542907715,2.713644504547119
11995,-2.3697893619537354,-0.2504661977291107,0.022447606548666954,26.228458404541016,0.0
12005,-2.0914361476898193,-0.2019655555486679,0.01997072994709015,22.789384841918945,0.10151367634534836
12068,-0.4480540454387665,-0.24765031039714813,0.035705506801605225,19.60744285583496,0.013485717587172985
12082,0.5495142936706543,-0.0474776066839695,0.03391216695308685,11.870285034179688,0.95745849609375
12089,0.21472835540771484,-0.22277720272541046,0.03499966487288475,14.588607788085938,0.12456970661878586
12119,-0.30886030197143555,0.0556507371366024,0.02245071716606617,11.47412109375,1.054718017578125
12144,0.10969575494527817,0.025716185569763184,0.024872710928320885,10.147114753723145,0.7942230105400085
12177,0.7988601922988892,-0.20887170732021332,0.03570606932044029,11.975250244140625,0.21026916801929474
12184,-0.18506745994091034,-0.10263540595769882,0.025702020153403282,12.661696434020996,0.5046241879463196
12198,1.0983973741531372,-0.1058102622628212,0.039457257837057114,12.164824485778809,0.5312652587890625
12223,0.9858143925666809,-0.09474103897809982,0.03852006420493126,11.860931396484375,0.5941986441612244
12239,-3.125169515609741,-0.2504661977291107,0.017999200150370598,29.016950607299805,0.0
12281,-4.3692851066589355,-0.2504661977291107,0.014351417310535908,35.559261322021484,0.0
12290,-0.24505849182605743,-0.24842627346515656,0.0314398892223835,16.687368392944336,0.009234619326889515
12300,1.3479951620101929,0.11485488712787628,0.03735494986176491,8.97640323638916,1.0095001459121704
12310,-2.3098337650299072,-0.24533715844154358,0.019062936305999756,23.93410301208496,0.04169921949505806
12322,-2.2084200382232666,-0.25024598836898804,0.022599948570132256,25.069570541381836,0.0006469726795330644
12326,1.2647255659103394,-0.03816528990864754,0.04598752781748772,13.57152271270752,1.1061919927597046
12330,0.19769151508808136,0.4668136239051819,0.03169069439172745,13.034659385681152,1.263519287109375
12341,-0.897519052028656,-0.17057766020298004,0.02264406345784664,15.303398132324219,0.426827996969223
12390,-1.3122590780258179,-0.24943998456001282,0.02731819823384285,21.549346923828125,0.005218505859375
12468,0.13547348976135254,-0.18897239863872528,0.03227495402097702,13.944742202758789,0.23160095512866974
12480,0.4838438630104065,-0.020089073106646538,0.033766116946935654,12.634407043457031,1.417144775390625
12485,1.881553292274475,0.0754535049200058,0.04585322365164757,10.758915901184082,1.6186981201171875
12488,-0.13796113431453705,-0.11041658371686935,0.025702789425849915,12.178624153137207,0.6223968863487244
12514,-3.8559536933898926,-0.2504661977291107,0.01467620488256216,32.18360137939453,0.0
12515,0.19039738178253174,-0.136713907122612,0.036570411175489426,15.544166564941406,0.28026124835014343
12532,1.002386212348938,0.4763367176055908,0.031064866110682487,7.258880615234375,2.631173849105835
12569,1.714090347290039,-0.09933201968669891,0.04599481448531151,11.563680648803711,0.5632171630859375
12571,-0.5621189475059509,-0.23335352540016174,0.02663438394665718,15.358325004577637,0.08613891899585724
12573,0.7677509188652039,-0.0995587632060051,0.03533817455172539,10.981342315673828,0.7456909418106079
12581,-1.0644117593765259,-0.2484801858663559,0.028125926852226257,20.000839233398438,0.00891723670065403
12593,-2.943174123764038,-0.2504599988460541,0.01927371881902218,28.146650314331055,4.882812572759576e-05
12621,-3.3760998249053955,-0.2504661977291107,0.019010750576853752,31.086740493774414,0.0
12630,-0.36639878153800964,-0.21430142223834991,0.028745604678988457,15.948351860046387,0.18149720132350922
12649,0.8713919520378113,0.8663578033447266,0.03019258938729763,7.871830940246582,4.502137660980225
12652,-0.002017656108364463,-0.24601991474628448,0.034189533442258835,15.879220962524414,0.01425781287252903
12682,0.47414183616638184,-0.17039822041988373,0.03263828530907631,11.780527114868164,0.2979797422885895
12686,0.18891845643520355,0.09487038105726242,0.02931532822549343,12.065886497497559,1.414788842201233
12687,2.4798409938812256,0.1576164811849594,0.05194621905684471,9.596570014953613,1.9636138677597046
12696,-3.644103765487671,-0.2504661977291107,0.018688827753067017,32.87310791015625,0.0
12701,0.8545500040054321,0.35650867223739624,0.03639913722872734,11.338563919067383,2.247030735015869
12728,-0.684291422367096,-0.20475487411022186,0.02509486675262451,15.664473533630371,0.11023864895105362
12768,0.5359053015708923,0.047980859875679016,0.03587988764047623,13.897598266601562,1.3995941877365112
12791,1.9059489965438843,-0.0815611481666565,0.049906205385923386,11.584115028381348,0.763049304485321
12825,1.4504449367523193,0.08830559253692627,0.0424262210726738,11.332158088684082,1.6831512451171875
12829,-2.8165714740753174,-0.25015994906425476,0.015469387173652649,25.35792350769043,0.001025390694849193
12832,1.2397444248199463,-0.11205732822418213,0.04399873688817024,12.77723217010498,0.6413666009902954
12851,-1.229225754737854,-0.24904708564281464,0.02445625513792038,19.152023315429688,0.0021789551246911287
12890,1.152385950088501,0.011029712855815887,0.041473906487226486,11.679414749145508,1.1180404424667358
12908,1.6920063495635986,0.003456544829532504,0.046355243772268295,11.314270973205566,1.13042151927948
12913,0.6671655178070068,-0.1846616119146347,0.041320737451314926,15.151710510253906,0.16497497260570526
12931,-3.8631958961486816,-0.2504661977291107,0.01497601717710495,32.42603302001953,0.0
12937,0.8291687369346619,-0.21731141209602356,0.035421259701251984,11.652490615844727,0.15231628715991974
12962,0.9859399199485779,0.29460859298706055,0.03991737589240074,11.918437004089355,1.8803894519805908
12974,0.9163080453872681,0.5448833107948303,0.040065061300992966,13.381274223327637,4.855505466461182
13045,0.2285389006137848,-0.0665564090013504,0.03618035092949867,15.132715225219727,1.2040313482284546
13048,-0.6187323927879333,-0.16257458925247192,0.024202991276979446,14.586639404296875,0.36739808320999146
13097,0.811698853969574,-0.14192599058151245,0.035357095301151276,11.327376365661621,0.44546815752983093
13111,-0.5225434303283691,-0.239698126912117,0.032389961183071136,18.361635208129883,0.03263549879193306
13112,-2.4613587856292725,-0.25042372941970825,0.020463919267058372,25.769529342651367,0.0003295898495707661
13142,-3.2699952125549316,-0.2504240870475769,0.016705801710486412,28.84918785095215,0.00013427734666038305
13151,0.7303062081336975,-0.11594288796186447,0.04032514616847038,14.716382026672363,0.30387574434280396
13161,1.5326398611068726,0.2693156599998474,0.04078218340873718,9.209582328796387,1.8540191650390625
13173,1.7709137201309204,0.6025025248527527,0.041848793625831604,8.32904052734375,2.717694044113159
13187,-2.3889575004577637,-0.25035497546195984,0.020328477025032043,25.01468276977539,0.0005615234258584678
13203,-1.1301671266555786,-0.25005728006362915,0.025339333340525627,19.01872444152832,0.0017669678200036287
13246,0.1801156848669052,-0.08250752091407776,0.02680394984781742,10.704276084899902,0.5580810904502869
13249,-0.014603736810386181,-0.23254673182964325,0.03393462672829628,16.693803787231445,0.09935607761144638
13257,0.9446614384651184,0.159677654504776,0.0384981743991375,11.516308784484863,1.4906768798828125
13283,2.1490836143493652,0.5561954975128174,0.04713847488164902,9.002208709716797,2.5621490478515625
13285,1.3017076253890991,0.2893376052379608,0.03924388438463211,10.038287162780762,2.3073182106018066
13288,0.70470130443573,0.04317731410264969,0.03165986016392708,9.560702323913574,1.3050415515899658
13345,-1.4398305416107178,-0.20091743767261505,0.018655238673090935,17.326324462890625,0.10478515923023224
13375,1.9270203113555908,-0.10664677619934082,0.0502297580242157,12.005742073059082,0.4607299864292145
13387,0.45009198784828186,-0.207519993185997,0.034128885716199875,13.091830253601074,0.135029599070549
13411,0.7419518828392029,0.005861117038875818,0.037972647696733475,13.11363410949707,0.7744415402412415
13456,0.25272873044013977,-0.24496911466121674,0.03562548756599426,15.361207962036133,0.01805420033633709
13532,0.0360686331987381,-0.0780598372220993,0.02539677917957306,11.06646728515625,0.7478424310684204
13548,-0.03273135423660278,-0.007673323154449463,0.023488983511924744,10.328886032104492,0.8739532828330994
13592,-1.1377426385879517,-0.2487112581729889,0.02321874536573887,17.791709899902344,0.005401611328125
13598,-0.36318129301071167,-0.07945623993873596,0.02190706506371498,11.801424026489258,0.50421142578125
13604,0.5957193970680237,-0.2201308310031891,0.03449298068881035,12.706901550292969,0.10827713459730148
13610,-1.6509037017822266,-0.2477450668811798,0.02336960658431053,21.227882385253906,0.0106201171875
13676,-0.01630152389407158,-0.14387157559394836,0.030889471992850304,14.187126159667969,0.26220399141311646
13689,1.1095391511917114,0.31692853569984436,0.037325408309698105,10.980587005615234,1.286712646484375
13721,-1.020464301109314,-0.2503528296947479,0.030258405953645706,21.177112579345703,0.0002929687616415322
13773,-1.0355123281478882,-0.2433803379535675,0.021799838170409203,15.949835777282715,0.012791442684829235
13792,0.18975727260112762,-0.2456471174955368,0.037605077028274536,16.03163719177246,0.01499023474752903
13842,0.03344075754284859,-0.24498358368873596,0.031475480645895004,14.666722297668457,0.03081054799258709
13885,-0.6084789037704468,-0.22970815002918243,0.029758019372820854,17.84972381591797,0.04705505445599556
13911,-0.07894331216812134,-0.20661364495754242,0.026579514145851135,11.807250022888184,0.19082589447498322
13926,0.25217995047569275,-0.08502192795276642,0.027053970843553543,10.641578674316406,0.616381824016571
13930,1.6326826810836792,-0.14742159843444824,0.047067269682884216,12.257621765136719,0.35055238008499146
13948,1.471638798713684,-0.09121434390544891,0.04526917263865471,12.102717399597168,1.018377661705017
13980,0.6660451889038086,-0.12213201820850372,0.03210240229964256,10.147683143615723,0.46493226289749146
13983,-2.316990613937378,-0.2504585385322571,0.02081052027642727,24.736743927001953,2.441406286379788e-05
13998,-1.7802270650863647,-0.24915552139282227,0.01999008096754551,20.844467163085938,0.0044189454056322575
14015,-0.21638520061969757,-0.12570820748806,0.024525446817278862,11.894423484802246,0.5105530023574829
14033,-0.874638020992279,-0.2470465898513794,0.029957419261336327,20.328577041625977,0.00794067420065403
14034,-0.048148706555366516,-0.07551050186157227,0.02465176023542881,11.694933891296387,0.35931396484375
14076,-0.24292829632759094,-0.14276663959026337,0.03493127226829529,18.591978073120117,0.803631603717804
14103,-0.20318178832530975,-0.10893304646015167,0.02293267846107483,11.603743553161621,0.6612396240234375
14119,1.5296331644058228,1.0862270593643188,0.03801661729812622,7.517404079437256,7.811262607574463
14184,-1.0677403211593628,-0.24984823167324066,0.026236677542328835,19.218769073486328,0.0020568848121911287
14185,1.2082041501998901,0.09702393412590027,0.041892316192388535,11.76035213470459,2.559661865234375
14223,-2.2494466304779053,-0.24990105628967285,0.023299051448702812,25.224699020385742,0.0036499022971838713
14246,-0.42909881472587585,-0.2033458948135376,0.030276406556367874,18.27510643005371,0.36522218585014343
14259,-0.16185402870178223,-0.24121490120887756,0.03279298543930054,16.766359329223633,0.02456054650247097
14273,-0.2144850492477417,-0.2213016003370285,0.028416365385055542,14.554648399353027,0.19402161240577698
14276,1.2035096883773804,0.20609788596630096,0.03866257518529892,10.257756233215332,1.5527359247207642
14298,-4.4126296043396,-0.2504661977291107,0.013349184766411781,35.539161682128906,0.0
14320,-0.033202555030584335,-0.20388436317443848,0.032609373331069946,14.897465705871582,0.10884246975183487
14355,0.6116962432861328,0.4074953496456146,0.02865005098283291,8.801905632019043,2.5328965187072754
14366,-2.4280006885528564,-0.2504248023033142,0.018681934103369713,23.95771598815918,7.019042823230848e-05
14465,-0.12182604521512985,-0.20025518536567688,0.025362763553857803,11.620401382446289,0.2217254638671875
14530,0.7723559737205505,0.12576869130134583,0.039009030908346176,13.18828296661377,1.6915191411972046
14533,0.6144713759422302,-0.1626201570034027,0.038281798362731934,14.346529960632324,0.3634887635707855
14570,-0.2373250275850296,0.12375333160161972,0.022793835029006004,11.21103572845459,1.4937041997909546
14579,0.126241073012352,-0.21966326236724854,0.02859511971473694,12.034235954284668,0.09624328464269638
14632,1.7944895029067993,0.13669005036354065,0.042847830802202225,9.018691062927246,1.2905091047286987
14650,-1.1759594678878784,-0.22505007684230804,0.02301047556102276,18.049123764038086,0.1104736328125
14669,-1.056667685508728,-0.24939849972724915,0.022215524688363075,17.000322341918945,0.004443359561264515
14673,1.2347323894500732,0.6259878277778625,0.036131151020526886,8.25368595123291,3.3131959438323975
14681,0.08770518004894257,-0.08885043114423752,0.025186045095324516,10.186738014221191,0.9212799072265625
14707,-1.408288836479187,-0.24229943752288818,0.026032326743006706,21.297719955444336,0.01795654371380806
14724,1.592661738395691,0.1167031079530716,0.04194322228431702,9.382214546203613,0.944171130657196
14734,1.0954447984695435,0.38109707832336426,0.03769795224070549,11.142409324645996,2.254504442214966
14748,-0.28951576352119446,-0.22644150257110596,0.02747696079313755,14.375622749328613,0.06625671684741974
14750,-2.2551510334014893,-0.2494562715291977,0.01670275256037712,21.909149169921875,0.00262451171875
14760,-0.5588657259941101,-0.24562692642211914,0.028280630707740784,16.972312927246094,0.01907653920352459
14762,-0.016876790672540665,0.05473463609814644,0.028378132730722427,12.848421096801758,1.0354706048965454
14791,1.5317089557647705,0.9965761303901672,0.03804045915603638,7.7737860679626465,5.137956142425537
14792,-1.172698736190796,-0.24463045597076416,0.0222674161195755,17.396474838256836,0.009448242373764515
14797,-0.22808948159217834,-0.227764293551445,0.031959302723407745,16.444496154785156,0.0727081298828125
14841,-0.5697893500328064,-0.23069892823696136,0.02686970867216587,16.109498977661133,0.0503387451171875
14875,-0.1933729499578476,-0.15427525341510773,0.023904627189040184,11.32680892944336,0.23752136528491974
14896,-2.3630294799804688,-0.25044673681259155,0.021578120067715645,25.76668357849121,9.765625145519152e-05
14908,0.5479046106338501,-0.10899529606103897,0.0346723310649395,12.686766624450684,0.5756164789199829
14929,1.4857444763183594,0.20199811458587646,0.04091302677989006,10.165369987487793,1.707342505455017
14931,-0.7571173310279846,-0.2473052591085434,0.026910582557320595,17.74567222595215,0.01759033277630806
14932,-3.1228463649749756,-0.2504661977291107,0.0169164277613163,28.51606559753418,0.0
14961,0.46728944778442383,-0.20143543183803558,0.03405457362532616,12.469411849975586,0.20154725015163422
14963,0.9046329855918884,0.6656893491744995,0.032137081027030945,8.591730117797852,5.146832466125488
14965,2.3232357501983643,1.4858872890472412,0.0481531135737896,7.474406719207764,5.135580539703369
14975,-1.24784517288208,-0.2373305857181549,0.025731151923537254,20.166587829589844,0.06647109985351562
14992,1.0840435028076172,0.09568753838539124,0.033569466322660446,9.1825590133667,1.3471511602401733
15019,-0.12923240661621094,-0.22487977147102356,0.032669585198163986,16.303911209106445,0.09555663913488388
15089,0.917072594165802,-0.18588601052761078,0.036982566118240356,11.504068374633789,0.2536071836948395
15130,0.7128057479858398,-0.2141321450471878,0.03629293292760849,12.267977714538574,0.13307800889015198
15166,0.7830415964126587,-0.23040392994880676,0.03644627332687378,12.843132019042969,0.07857818901538849
15213,1.0242868661880493,0.2784895896911621,0.03345237299799919,8.906920433044434,2.0684173107147217
15233,0.17612123489379883,-0.21147088706493378,0.03166533634066582,13.294772148132324,0.15135803818702698
15257,1.7699531316757202,-0.19378094375133514,0.045061398297548294,10.234915733337402,0.23341675102710724
15293,0.0678611770272255,-0.19428254663944244,0.030980978161096573,13.833569526672363,0.15578918159008026
15340,-0.593867301940918,-0.24943630397319794,0.028533680364489555,17.119495391845703,0.0057830810546875
15362,0.16280747950077057,-0.09372321516275406,0.030573470517992973,12.861653327941895,0.8015991449356079
15370,-1.8895210027694702,-0.21788814663887024,0.020021604374051094,21.561965942382812,0.16534423828125
15393,0.10642774403095245,-0.24181468784809113,0.03553767502307892,16.112890243530273,0.02172241173684597
15431,1.4517017602920532,0.6329851746559143,0.04023100063204765,10.45285701751709,3.09893798828125
15475,1.2874958515167236,-0.013519609346985817,0.03994051739573479,10.550277709960938,1.0869598388671875
15485,-0.49142909049987793,-0.22365961968898773,0.02484404481947422,14.132186889648438,0.12072449177503586
15488,0.5678271651268005,-0.06651844829320908,0.035541098564863205,12.973749160766602,0.865856945514679
15527,0.4399435520172119,-0.11743494123220444,0.031176796182990074,11.832535743713379,0.4043945372104645
15549,0.22912311553955078,0.7233530879020691,0.02813057042658329,11.067595481872559,3.799285888671875
15556,-1.4529612064361572,-0.2442910224199295,0.02170964889228344,19.3271484375,0.02039794996380806
15575,0.6085827946662903,-0.1359480768442154,0.036963142454624176,12.906004905700684,0.6366241574287415
15591,-1.3166441917419434,-0.250300794839859,0.022021222859621048,18.601850509643555,0.0006973266717977822
15606,1.6364675760269165,-0.09864512830972672,0.04617631807923317,11.150599479675293,0.642132580280304
15672,1.6761457920074463,-0.09422199428081512,0.044730037450790405,10.376128196716309,0.8322693109512329
15701,1.8966537714004517,0.8977554440498352,0.044634848833084106,9.205338478088379,6.064380168914795
15709,1.5656956434249878,0.49165835976600647,0.04680874943733215,11.884799003601074,2.534140110015869
15713,1.1838762760162354,0.16451624035835266,0.04186147451400757,11.876940727233887,1.7092865705490112
15724,0.17214356362819672,0.045070111751556396,0.028291193768382072,11.551604270935059,1.3483794927597046
15728,-0.46808964014053345,-0.24793393909931183,0.027252841740846634,16.100833892822266,0.007232666015625
15736,0.5254865884780884,-0.11256185919046402,0.03920836001634598,14.67918586730957,0.665692150592804
15774,1.8787511587142944,0.5343093276023865,0.04242594167590141,8.162494659423828,3.11737060546875
15775,1.5107799768447876,0.26875993609428406,0.03831255063414574,8.631677627563477,1.8558746576309204
15808,1.79759681224823,0.09896452724933624,0.046111173927783966,10.953566551208496,1.4205811023712158
15862,1.0052236318588257,0.294088751077652,0.03437080234289169,9.160757064819336,2.7074525356292725
15898,1.9594093561172485,1.1276326179504395,0.04167595133185387,7.334898471832275,5.117292881011963
15939,-1.6007057428359985,-0.24996991455554962,0.023291250690817833,21.007219314575195,0.0032226562034338713
15952,0.42922502756118774,-0.09667322039604187,0.02794630266726017,10.223506927490234,0.6165435910224915
15968,0.4567151963710785,-0.03325783461332321,0.03160347789525986,11.65225887298584,0.5161163210868835
15973,0.2976554036140442,-0.06905316561460495,0.029618654400110245,11.004172325134277,0.6433807611465454
15980,-2.3292739391326904,-0.2504603862762451,0.02049495279788971,24.562673568725586,2.441406286379788e-05
15985,1.3188412189483643,0.3032492995262146,0.04345722123980522,12.727825164794922,1.8379424810409546
15987,1.354720950126648,1.085754632949829,0.03528342768549919,8.213835716247559,6.155755519866943
15989,2.1545448303222656,0.4930022656917572,0.04952218011021614,9.802640914916992,2.183868408203125
16047,-0.17365853488445282,-0.24944953620433807,0.03150200471282005,15.824447631835938,0.0033538818825036287
16079,0.39069613814353943,-0.2076217234134674,0.03715790435671806,15.806761741638184,0.266632080078125
16098,1.3458441495895386,0.21516604721546173,0.03892184793949127,9.717828750610352,1.976525902748108
16168,0.028036976233124733,-0.0498770996928215,0.03009745292365551,13.996333122253418,1.264868140220642
16185,-0.19327853620052338,0.4191009998321533,0.027279598638415337,13.895827293395996,1.5795716047286987
16188,-1.3841170072555542,-0.2504485547542572,0.02615903690457344,21.678335189819336,8.544921729480848e-05
16199,-1.2249056100845337,-0.23204950988292694,0.0224627535790205,18.075895309448242,0.0969570204615593
16236,-0.6607069373130798,0.03633885830640793,0.026719963178038597,17.272228240966797,0.5454925894737244
16269,-3.002718210220337,-0.2504661977291107,0.016582511365413666,27.306156158447266,0.0
16270,0.34039506316185,0.09981410205364227,0.028595557436347008,10.509275436401367,1.5031661987304688
16277,-1.6701501607894897,-0.2495201677083969,0.021157285198569298,20.00033187866211,0.0034667968284338713
16291,-1.9481137990951538,-0.24593542516231537,0.01955142430961132,21.34800148010254,0.0167236328125
16351,0.8991295695304871,-0.21708646416664124,0.04035285860300064,13.973189353942871,0.13299560546875
16377,-1.421979308128357,-0.2501232326030731,0.02382471226155758,20.230634689331055,0.001574707101099193
16403,1.8769569396972656,0.988211452960968,0.04562665894627571,9.443108558654785,5.943243503570557
16419,-2.457357406616211,-0.2503972053527832,0.019639279693365097,25.78106689453125,0.0003173828299622983
16436,-1.2540321350097656,-0.24857179820537567,0.025475645437836647,19.85915756225586,0.00494384765625
16444,-1.2365998029708862,-0.1942194700241089,0.0222653578966856,18.39866065979004,0.12738342583179474
16453,1.5275561809539795,0.2795465588569641,0.04281918331980705,10.389320373535156,2.6432175636291504
16459,2.1752233505249023,0.3881669342517853,0.04528307542204857,8.224275588989258,2.1326050758361816
16494,1.519995927810669,0.11098618805408478,0.0415724478662014,9.337029457092285,1.264471411705017
16510,-0.641464114189148,-0.2269752323627472,0.023579096421599388,14.323668479919434,0.0846405029296875
16534,1.3891987800598145,0.04539906606078148,0.04165542498230934,11.280573844909668,1.2508392333984375
16544,-3.1671199798583984,-0.2502066493034363,0.014530501328408718,27.237180709838867,0.0005554199451580644
16560,1.968361496925354,0.07809355109930038,0.04524404555559158,8.664217948913574,1.5668243169784546
16566,2.339066743850708,0.7215530872344971,0.04888584092259407,7.731640815734863,3.221933126449585
16580,0.03394098952412605,-0.15211854875087738,0.029288599267601967,13.000329971313477,0.20896302163600922
16610,-1.920211672782898,-0.2502782642841339,0.019930539652705193,21.477739334106445,0.000762939453125
16623,1.1850224733352661,-0.041243087500333786,0.04212356358766556,11.459551811218262,1.1176483631134033
16658,-0.25412386655807495,-0.14598162472248077,0.028453851118683815,14.790339469909668,0.5568603873252869
16698,1.2154462337493896,-0.08796025812625885,0.043245282024145126,12.429057121276855,0.5290802121162415
16701,-3.3771133422851562,-0.2504661977291107,0.018738802522420883,31.306909561157227,0.0
16741,1.3786548376083374,-0.16170340776443481,0.042040348052978516,11.361024856567383,0.3652298152446747
16748,-3.0259716510772705,-0.25045788288116455,0.019687965512275696,28.8353271484375,2.441406286379788e-05
16767,-0.8265844583511353,-0.24715153872966766,0.023049110546708107,15.810625076293945,0.01355590857565403
16771,0.8618497252464294,0.5324634909629822,0.03334597870707512,9.240234375,2.432525634765625
16781,-3.1895599365234375,-0.2504596412181854,0.01846124976873398,29.586301803588867,3.662109520519152e-05
16798,0.370286226272583,-0.1999366581439972,0.031616102904081345,12.387799263000488,0.160675048828125
16799,-1.3912709951400757,-0.2503646910190582,0.02345273457467556,19.817218780517578,0.0002868652518372983
16859,0.010234973393380642,-0.21729567646980286,0.03212093934416771,15.678004264831543,0.07396240532398224
16873,0.3809756338596344,-0.21586106717586517,0.03426457196474075,13.496676445007324,0.10281677544116974
16886,-0.9459752440452576,-0.2447340488433838,0.028192555531859398,19.34845542907715,0.01740112341940403
16899,0.3555770814418793,-0.16931311786174774,0.03279814124107361,12.925020217895508,0.2245025634765625
16931,-2.1892006397247314,-0.2503480613231659,0.019624439999461174,23.065244674682617,0.0006896972772665322
16933,-2.1601483821868896,-0.2504613399505615,0.01781371794641018,22.060035705566406,2.441406286379788e-05
16934,-0.6008262038230896,-0.10137369483709335,0.02367379516363144,14.385767936706543,0.5496978759765625
16949,0.7739493250846863,-0.021567130461335182,0.03908640518784523,13.228250503540039,0.8724685907363892
16969,-0.9066690802574158,-0.2482663244009018,0.029583726078271866,19.675146102905273,0.0070343017578125
16979,0.3500456213951111,0.14356490969657898,0.026526570320129395,9.037261009216309,1.8317352533340454
17006,1.4976240396499634,0.2393852323293686,0.041230011731386185,10.609786033630371,2.1605896949768066
17027,0.22010603547096252,-0.2093251794576645,0.029861578717827797,12.905601501464844,0.13398133218288422
17055,-0.46682316064834595,-0.24615657329559326,0.03110438399016857,17.421995162963867,0.01795043982565403
17065,0.9193902015686035,-0.08037307113409042,0.036597490310668945,11.126631736755371,0.5692505240440369
17094,1.6042934656143188,-0.04319490119814873,0.04604266956448555,11.251615524291992,0.863879382610321
17102,-3.661715030670166,-0.2504661977291107,0.01586676575243473,31.25735855102539,0.0
17141,1.909218430519104,1.2477363348007202,0.04166016727685928,7.757765293121338,6.5137939453125
17148,-2.229670524597168,-0.2504008412361145,0.019836977124214172,23.761594772338867,0.00021972657123114914
17152,1.8299674987792969,0.25110551714897156,0.05041325092315674,11.984519004821777,1.9174225330352783
17175,1.0837186574935913,-0.2025766670703888,0.04023762792348862,12.5770902633667,0.20396728813648224
17189,-0.5653923153877258,-0.25012895464897156,0.029431268572807312,17.420743942260742,0.001086425851099193
17259,0.9887064099311829,0.19043537974357605,0.0348912738263607,9.395596504211426,2.4717025756835938
17306,1.4690277576446533,1.0443263053894043,0.03587929904460907,7.519006252288818,5.225006103515625
17315,0.43404245376586914,-0.0068901884369552135,0.031057462096214294,11.770195007324219,0.911102294921875
17358,0.2475779503583908,-0.05147415027022362,0.025787388905882835,9.508509635925293,0.8746307492256165
17368,0.12180346250534058,-0.23060134053230286,0.034498315304517746,14.88563060760498,0.12824402749538422
17376,2.2313973903656006,0.03979760408401489,0.04989246651530266,10.035183906555176,1.2238922119140625
17388,0.7727399468421936,0.24617059528827667,0.031698573380708694,9.700151443481445,1.9006195068359375
17392,0.9422486424446106,0.48973923921585083,0.03164831921458244,7.902497291564941,3.5116944313049316
17399,-1.6644262075424194,-0.24620051681995392,0.021397296339273453,20.984060287475586,0.01755371131002903
17493,0.24281573295593262,-0.22796352207660675,0.03205597773194313,13.568533897399902,0.08610840141773224
17495,0.6860737800598145,0.5450390577316284,0.029712630435824394,8.924365997314453,4.777716159820557
17508,-2.7134339809417725,-0.24744780361652374,0.018949514254927635,26.311731338500977,0.008868408389389515
17518,1.061938762664795,-0.03837251663208008,0.03897465020418167,11.230048179626465,0.8488067984580994
17527,-2.322744131088257,-0.25034356117248535,0.01821541227400303,23.274450302124023,0.0004638671816792339
17528,0.361669659614563,-0.0020415112376213074,0.030064156278967857,11.313395500183105,1.1316741704940796
17591,1.359748363494873,0.07223265618085861,0.0387176014482975,9.744646072387695,1.3987091779708862
17595,-2.162855625152588,-0.25043633580207825,0.0213377233594656,24.284879684448242,0.00023193359083961695
17599,1.5315262079238892,0.27302393317222595,0.038778867572546005,8.378885269165039,2.4260895252227783
17612,-0.15141676366329193,-0.24617817997932434,0.028106972575187683,14.0180025100708,0.02660369873046875
17619,-2.6011366844177246,-0.2504594027996063,0.018717586994171143,25.76546287536621,4.272460864740424e-05
17659,-1.6870285272598267,-0.2411300390958786,0.02561114728450775,23.126953125,0.03753662109375
17670,-0.7738850712776184,-0.09676401317119598,0.018031930550932884,12.105334281921387,0.733197033405304
17733,-0.2025398313999176,0.004357695579528809,0.028712788596749306,13.923990249633789,0.6536224484443665
17780,0.4420718848705292,-0.11560644209384918,0.02966347150504589,10.839487075805664,0.591107189655304
17794,-1.4287854433059692,-0.2448960840702057,0.021647192537784576,19.614652633666992,0.012384033761918545
17830,-1.1975288391113281,-0.22828705608844757,0.020852556452155113,17.09425163269043,0.077667236328125
17833,0.7848891615867615,-0.09201458096504211,0.03399525210261345,11.270011901855469,0.6189209222793579
17855,-0.9727015495300293,-0.17021749913692474,0.027347201481461525,18.930200576782227,0.4942565858364105
17871,-1.8464345932006836,-0.25028684735298157,0.02591291442513466,24.393474578857422,0.0014099121326580644
17889,0.15164931118488312,0.01280231960117817,0.025029897689819336,9.742878913879395,1.039434790611267
17921,2.040788412094116,0.33566707372665405,0.04638475924730301,8.71790599822998,3.46929931640625
17934,-1.6593798398971558,-0.24977479875087738,0.025677550584077835,22.292648315429688,0.0026397705078125
18004,-0.04304882884025574,-0.22261981666088104,0.033509742468595505,16.31085205078125,0.19842834770679474
18038,-0.909009575843811,-0.23594971001148224,0.023296978324651718,16.64850425720215,0.08034668117761612
18059,1.7543878555297852,-0.0006543397903442383,0.04653948172926903,10.985552787780762,1.193572998046875
18061,-0.637157678604126,-0.2038562297821045,0.023572180420160294,14.314648628234863,0.1658477783203125
18074,-0.4307216703891754,-0.13830770552158356,0.024094294756650925,13.333857536315918,0.7104583978652954
18077,0.938615620136261,-0.07279380410909653,0.03958412632346153,13.380722045898438,1.294641137123108
18121,0.7495157122612,-0.06333925575017929,0.035064369440078735,11.21002197265625,0.764086902141571
18128,-0.615350604057312,-0.16571970283985138,0.0219386275857687,13.410455703735352,0.41995546221733093
18131,0.9657661318778992,0.8209277987480164,0.03835554048418999,12.437140464782715,4.166043281555176
18150,-1.5247821807861328,-0.25030842423439026,0.022289695218205452,20.077482223510742,0.0007568359724245965
18151,1.210381269454956,0.28075215220451355,0.03537954390048981,8.076774597167969,2.2671477794647217
18156,-2.3528592586517334,-0.25046584010124207,0.02207673154771328,25.708829879760742,1.5258789289873675e-06
18170,-3.240426778793335,-0.2504661977291107,0.017989827319979668,29.46205711364746,0.0
18176,0.9270299077033997,-0.1676175743341446,0.043584249913692474,14.489107131958008,0.3232971131801605
18199,2.1812431812286377,0.08459116518497467,0.049340423196554184,10.634563446044922,1.42242431640625
18212,1.3728514909744263,0.13226579129695892,0.04076710343360901,9.917198181152344,1.1335586309432983
18229,0.5586175918579102,-0.20586059987545013,0.033231280744075775,12.317614555358887,0.17398682236671448
18262,0.26496121287345886,-0.13824419677257538,0.03039160929620266,12.587955474853516,0.32809755206108093
18267,0.5453903079032898,-0.20736384391784668,0.035094037652015686,12.338262557983398,0.17553101480007172
18280,1.0455540418624878,0.11294759809970856,0.033785682171583176,9.048072814941406,1.5242645740509033
18288,-0.11323945969343185,0.8705804944038391,0.02860000729560852,14.260522842407227,3.3590240478515625
18346,0.8742820620536804,0.0011934161884710193,0.03352687880396843,9.998461723327637,0.8395904898643494
18347,-0.7870647311210632,-0.21826830506324768,0.01953708380460739,13.273805618286133,0.16915588080883026
18416,-0.5177518725395203,-0.20522625744342804,0.01982816867530346,11.36551570892334,0.16393128037452698
18440,-1.269364356994629,-0.2429898977279663,0.02172652818262577,18.267242431640625,0.029022216796875
18463,1.528112769126892,0.21870063245296478,0.044085368514060974,11.232542991638184,2.2746429443359375
18478,2.1053919792175293,0.2719077169895172,0.04950156807899475,10.076436042785645,2.4232177734375
18511,-3.3907954692840576,-0.25046414136886597,0.019112717360258102,30.678253173828125,3.051757857974735e-06
18521,-2.6789731979370117,-0.2504327595233917,0.0187655221670866,25.820287704467773,0.00010375976853538305
18552,1.0862400531768799,1.158166527748108,0.03511122241616249,9.120661735534668,7.8267822265625
18568,-1.9470957517623901,-0.24662525951862335,0.021106218919157982,22.448162078857422,0.01937255822122097
18569,0.4372961223125458,-0.13115058839321136,0.03682432696223259,14.072819709777832,0.537921130657196
18574,2.5407655239105225,1.7077877521514893,0.050184763967990875,8.054316520690918,9.068704605102539
18581,2.5616614818573,1.7119613885879517,0.049657464027404785,7.205368995666504,6.709240913391113
18587,0.5628302693367004,-0.13486899435520172,0.03379514440894127,11.548564910888672,0.688586413860321
18600,-1.607451319694519,-0.250166654586792,0.022291621193289757,20.955333709716797,0.001528930733911693
18613,-0.12265729904174805,-0.24112816154956818,0.03231409564614296,15.99608325958252,0.02486572228372097
18626,0.1933826506137848,-0.20073190331459045,0.028871813789010048,12.3241605758667,0.259033203125
18632,1.1835017204284668,0.30488231778144836,0.033785127103328705,7.6239848136901855,2.284886121749878
18634,-2.2098309993743896,-0.2503914535045624,0.025779858231544495,25.786630630493164,0.0002563476737122983
18643,-2.144435167312622,-0.2504577040672302,0.024067139253020287,25.60138511657715,3.0517578125e-05
18685,1.5882362127304077,0.08168104290962219,0.0408969409763813,9.368487358093262,1.462611436843872
18687,-0.3328303396701813,-0.23158609867095947,0.029958298429846764,16.281471252441406,0.0766143798828125
18708,1.493367075920105,-0.07175998389720917,0.04629233106970787,12.214006423950195,0.6408981680870056
18714,1.0942614078521729,0.15097834169864655,0.03620992228388786,9.696287155151367,1.3676849603652954
18729,-0.3470873236656189,-0.2462036907672882,0.02802938222885132,15.001052856445312,0.01942749135196209
18748,1.0785160064697266,0.12929484248161316,0.03573593124747276,9.454970359802246,1.6256240606307983
18758,1.0012637376785278,-0.06710105389356613,0.03889624401926994,11.932623863220215,0.4930313229560852
18762,1.245074987411499,0.4168872535228729,0.03898468613624573,9.670821189880371,2.5224244594573975
18773,-0.4429379105567932,0.01833670400083065,0.02142379991710186,12.040576934814453,1.2538665533065796
18799,-0.7894067168235779,-0.10347314178943634,0.01786738447844982,12.319876670837402,0.4822936952114105
18815,0.23931574821472168,-0.22352607548236847,0.03432568535208702,14.908309936523438,0.11898498982191086
18845,-2.0105998516082764,-0.23991742730140686,0.018554463982582092,21.747364044189453,0.032806396484375
18852,0.08096762746572495,-0.09607391059398651,0.02771223522722721,11.633699417114258,0.5626159906387329
18856,-1.0211771726608276,-0.24553386867046356,0.02244250662624836,16.837949752807617,0.02360839955508709
18873,0.15515808761119843,-0.04471137002110481,0.03164045885205269,13.88060188293457,0.6598480343818665
18919,-1.040653109550476,-0.25032714009284973,0.028316935524344444,20.121763229370117,0.0003784179862122983
18921,0.8315783739089966,0.17071525752544403,0.03359027951955795,9.60903263092041,1.7895325422286987
18945,-0.9746459126472473,-0.24768447875976562,0.0240145456045866,17.37015151977539,0.01531982421875
18946,0.5259622931480408,-0.09920305013656616,0.03203676640987396,11.255181312561035,0.4962005615234375
18958,-2.062997579574585,-0.25022029876708984,0.020469069480895996,23.1411190032959,0.0010498047340661287
18962,-0.16566549241542816,-0.233393594622612,0.03156078979372978,16.155254364013672,0.04385070875287056
18966,-3.7676079273223877,-0.2504661977291107,0.01640555076301098,32.62559127807617,0.0
18971,-0.9146546721458435,-0.24841666221618652,0.02776286005973816,18.882448196411133,0.01145019568502903
19022,-0.7021476626396179,-0.24837656319141388,0.02939355932176113,18.975431442260742,0.0064025879837572575
19096,1.5421003103256226,0.7465591430664062,0.03870069608092308,7.623215675354004,4.335235595703125
19150,0.10670877993106842,0.40478283166885376,0.031007975339889526,12.695341110229492,1.6607452630996704
19154,0.005688720848411322,-0.09339356422424316,0.030659589916467667,14.948928833007812,0.556018054485321
19156,1.3771721124649048,0.19695256650447845,0.0395168699324131,8.87278938293457,1.915856957435608
19176,-0.4072544276714325,-0.24738705158233643,0.029921963810920715,16.660139083862305,0.01558532752096653
19177,-1.8712170124053955,-0.2435671091079712,0.023583760485053062,23.6773624420166,0.014971924014389515
19201,0.5957254767417908,-0.0796055793762207,0.033335503190755844,11.406840324401855,0.47668153047561646
19209,0.1230274960398674,-0.12881794571876526,0.027450621128082275,11.60429573059082,0.6389846801757812
19240,-0.5018593668937683,-0.20100176334381104,0.025041038170456886,14.362889289855957,0.19818115234375
19252,1.8909893035888672,1.0813406705856323,0.042836565524339676,8.249350547790527,5.809018135070801
19271,1.191658616065979,0.048067979514598846,0.04050570726394653,12.068655014038086,0.8027801513671875
19316,1.2758492231369019,0.11374091356992722,0.03733893856406212,9.703600883483887,1.241357445716858
19319,2.641604423522949,0.22052626311779022,0.05263277888298035,9.622527122497559,1.8051025867462158
19334,-1.103723406791687,-0.25037094950675964,0.030577097088098526,21.256208419799805,0.000396728515625
19335,-1.1685893535614014,-0.244902566075325,0.02411201409995556,19.000545501708984,0.01954345777630806
19338,1.7079130411148071,0.6684930920600891,0.03928844630718231,7.6205620765686035,3.674450635910034
19350,-0.26957249641418457,0.07589943706989288,0.02009734697639942,9.76086139678955,0.9491363763809204
19368,0.8619222640991211,-0.13663414120674133,0.03666704520583153,11.644343376159668,0.33047181367874146
19401,-0.9824623465538025,-0.16925190389156342,0.02321418933570385,17.002798080444336,0.282522588968277
19423,-1.7837294340133667,-0.24926571547985077,0.02340279333293438,22.154041290283203,0.009289550594985485
19434,0.5916983485221863,-0.1917300671339035,0.036041010171175,12.499991416931152,0.1546981781721115
19459,-1.8969383239746094,-0.25027909874916077,0.02086397260427475,21.962297439575195,0.0013671874767169356
19476,0.5305411219596863,0.0925622209906578,0.030252713710069656,10.997858047485352,1.313684105873108
19483,0.25389647483825684,0.08485183119773865,0.028892619535326958,10.789478302001953,1.6468476057052612
19491,1.3084105253219604,0.36454445123672485,0.03878450021147728,9.305956840515137,3.2797791957855225
19524,0.3730766475200653,-0.21904468536376953,0.03583206981420517,14.487977981567383,0.11225586384534836
19537,3.510526418685913,1.804750680923462,0.06126686930656433,7.3452277183532715,5.72511625289917
19561,1.2094658613204956,0.7489132285118103,0.03756646439433098,9.203103065490723,3.1233766078948975
19583,-0.6786350011825562,-0.24587801098823547,0.02580183744430542,15.930867195129395,0.01836547814309597
19595,1.6304787397384644,-0.02644752338528633,0.04787881672382355,12.016484260559082,0.6308960318565369
19610,0.7852997183799744,0.02087806537747383,0.04438489302992821,14.933029174804688,1.4162720441818237
19612,1.9942035675048828,0.1859220564365387,0.047532837837934494,10.013964653015137,1.2851303815841675
19623,2.28596568107605,0.3578753173351288,0.053574223071336746,11.170350074768066,1.783929467201233
19635,-0.011197010986506939,-0.15230993926525116,0.028672223910689354,12.852516174316406,0.32719117403030396
19652,2.097970724105835,1.8808176517486572,0.04409634321928024,7.088888645172119,7.317985534667969
19693,0.39174649119377136,-0.15486325323581696,0.03216031938791275,12.213297843933105,0.29719239473342896
19698,-0.6596452593803406,-0.21059219539165497,0.030259912833571434,17.850698471069336,0.17808227241039276
19708,-2.195312261581421,-0.2493368238210678,0.0225051399320364,25.239402770996094,0.004467773716896772
19756,-0.15350455045700073,-0.24119146168231964,0.028152549639344215,14.226205825805664,0.038630105555057526
19757,0.4616378843784332,0.6457047462463379,0.025686129927635193,8.383698463439941,2.8077728748321533
19819,-1.0797536373138428,-0.24955478310585022,0.02407364919781685,17.88486671447754,0.003759765764698386
19825,-0.7859749794006348,-0.24855148792266846,0.024894872680306435,16.407621383666992,0.0065368651412427425
19863,0.570364773273468,-0.10928429663181305,0.03652486577630043,12.74276351928711,0.471395879983902
19889,0.9666063189506531,-0.17320911586284637,0.0353548638522625,10.74744701385498,0.40007326006889343
19892,-2.531388998031616,-0.2504661977291107,0.020695729181170464,26.732807159423828,0.0
19896,0.9611326456069946,-0.04381902888417244,0.03508200868964195,10.384469985961914,0.8823303580284119
19908,-0.5958083271980286,-0.15989379584789276,0.02594197727739811,15.169349670410156,0.6043182611465454
19925,-0.05414029583334923,-0.14245069026947021,0.03134710714221001,15.197772026062012,0.343679815530777
19933,-1.7910746335983276,-0.23402492702007294,0.020062286406755447,20.364377975463867,0.03623352199792862
19938,-0.08305664360523224,-0.08736095577478409,0.025517811998724937,11.552824974060059,0.8357757925987244
19965,0.16904576122760773,-0.23068085312843323,0.028980890288949013,12.540993690490723,0.07898254692554474
19993,-1.2816294431686401,-0.2495073825120926,0.024884065613150597,19.903772354125977,0.004864502232521772
20001,-0.5543069243431091,-0.24975207448005676,0.030461762100458145,17.919450759887695,0.0034057616721838713
20053,-0.8828107118606567,-0.24014528095722198,0.02435995079576969,16.766386032104492,0.05494842678308487
20066,2.4199302196502686,0.39166393876075745,0.05142486095428467,9.635905265808105,2.8035569190979004
20075,1.3436110019683838,0.2912948429584503,0.0370691679418087,8.647799491882324,2.29306960105896
20076,-0.29779252409935,-0.015553039498627186,0.02557535283267498,13.425938606262207,0.858660876750946
20083,-0.9394866228103638,-0.2273828089237213,0.025370320305228233,17.768674850463867,0.14519654214382172
20084,-0.6497567892074585,-0.24517472088336945,0.03254195302724838,19.354293823242188,0.01718750037252903
20092,-0.3767463266849518,-0.20988260209560394,0.030057741329073906,16.657249450683594,0.15263672173023224
20122,0.9516405463218689,-0.04893391206860542,0.035401713103055954,10.570688247680664,0.5913055539131165
20126,1.937624216079712,1.0602325201034546,0.042611729353666306,7.958527565002441,4.865478515625
20156,0.15162523090839386,-0.1381070464849472,0.026956796646118164,11.113388061523438,0.523999035358429
20164,0.5690116286277771,-0.19789138436317444,0.033110592514276505,11.989559173583984,0.117706298828125
20171,1.9762029647827148,0.13483448326587677,0.04498719424009323,8.835152626037598,1.5478042364120483
20201,0.9120880365371704,0.2222762554883957,0.03390956297516823,10.18067455291748,2.3883118629455566
20207,-0.039114486426115036,0.01750272512435913,0.02817845717072487,12.98217487335205,1.0365997552871704
20277,2.9797523021698,0.7409826517105103,0.05604911968111992,8.16068172454834,4.271237373352051
20279,2.1841373443603516,1.041892409324646,0.044825244694948196,7.1582536697387695,4.8961639404296875
20315,2.08225417137146,-0.01672978512942791,0.047305066138505936,9.801630973815918,0.8380493521690369
20322,0.4354606568813324,-0.22604215145111084,0.03155415877699852,11.471949577331543,0.12622375786304474
20348,0.7581278085708618,-0.16078072786331177,0.03993793949484825,14.511545181274414,0.41548919677734375
20382,-0.8295630812644958,-0.24978092312812805,0.032341163605451584,20.592172622680664,0.0014404297107830644
20394,-0.5056254863739014,-0.17074766755104065,0.022890236228704453,13.068989753723145,0.41883012652397156
20445,-0.849256157875061,-0.2433793842792511,0.02951580286026001,19.03095054626465,0.02082519605755806
20451,-0.4537297785282135,-0.20585258305072784,0.024717124179005623,14.154555320739746,0.20179443061351776
20477,0.6566194295883179,0.06543797254562378,0.03369950130581856,11.327364921569824,1.3815826177597046
20512,0.12427949160337448,-0.2453306019306183,0.031515028327703476,13.744728088378906,0.02062683179974556
20644,-0.1007792130112648,-0.16875262558460236,0.025482838973402977,12.016660690307617,0.3380134701728821
20647,1.1721237897872925,-0.07382183521986008,0.03856636956334114,10.900097846984863,0.7986084222793579
20669,1.2406787872314453,0.12110978364944458,0.03917721286416054,10.167803764343262,1.5050476789474487
20688,-2.158223867416382,-0.2504221796989441,0.019783182069659233,22.964981079101562,0.00021667480177711695
20715,-0.8887940645217896,-0.2440887987613678,0.021393833681941032,14.966171264648438,0.03019409254193306
20732,-3.284693956375122,-0.25045305490493774,0.01719697378575802,29.242029190063477,6.103515625e-05
20733,-0.5517252683639526,-0.23210768401622772,0.02903713285923004,17.472455978393555,0.08366089314222336
20794,0.7022169232368469,-0.15913961827754974,0.032319601625204086,10.198990821838379,0.352243036031723
20801,1.6124361753463745,0.26652389764785767,0.04523077234625816,10.802271842956543,2.472552537918091
20807,0.5841943621635437,-0.23714379966259003,0.03697069734334946,13.94372844696045,0.0657196044921875
20809,0.8465510606765747,-0.20524869859218597,0.03941594064235687,13.1541166305542,0.18768082559108734
20837,0.28994491696357727,-0.22959668934345245,0.03382355719804764,13.876022338867188,0.07498779147863388
20860,-0.1427321881055832,-0.24545705318450928,0.034206438809633255,17.414716720581055,0.02419128455221653
20905,1.2155622243881226,0.1162346750497818,0.038764484226703644,10.255270957946777,1.5610259771347046
20938,0.36541125178337097,-0.22999878227710724,0.03449789434671402,15.059181213378906,0.1085968017578125
20939,2.146179676055908,0.07168254256248474,0.04740374535322189,10.24609375,1.0767242908477783
20940,0.3675961196422577,-0.010689891874790192,0.031369831413030624,11.571720123291016,1.1194489002227783
20982,1.0482968091964722,0.4066890776157379,0.032906223088502884,8.400106430053711,2.7902069091796875
20991,-0.09184137731790543,-0.16922064125537872,0.026585200801491737,12.970791816711426,0.501422107219696
21006,0.6487241387367249,0.09203451126813889,0.03757067024707794,14.248867988586426,1.3869796991348267
21009,1.2835315465927124,0.027453497052192688,0.03979619964957237,10.467342376708984,1.4855331182479858
21011,0.702120840549469,-0.10019923746585846,0.036420758813619614,12.106446266174316,0.5428436398506165
21035,1.8248885869979858,0.22694504261016846,0.04675265774130821,10.561370849609375,1.589959740638733
21059,-3.7216908931732178,-0.2504661977291107,0.01783372275531292,32.96390914916992,0.0
21077,0.255133718252182,-0.1566064953804016,0.02957124449312687,12.81920051574707,0.5444092154502869
21089,0.4514501988887787,0.46529752016067505,0.026952624320983887,8.99705696105957,3.2876250743865967
21124,2.4484128952026367,0.44645747542381287,0.05284025892615318,9.688943862915039,2.43857741355896
21127,-0.11775427311658859,-0.2302272766828537,0.025308454409241676,12.281965255737305,0.10110779106616974
21130,1.1093419790267944,0.713409423828125,0.03482966125011444,8.40919017791748,4.45654296875
21179,-3.3829758167266846,-0.2504490613937378,0.018106481060385704,30.45789909362793,3.662109520519152e-05
21214,0.7730275988578796,-0.08301042020320892,0.03367144986987114,10.634347915649414,0.8313232660293579
21233,2.6458494663238525,0.7341341972351074,0.05168316885828972,8.171954154968262,5.120275974273682
21258,-1.1292266845703125,-0.2500937283039093,0.028219420462846756,21.04469871520996,0.00250244140625
21261,1.0959340333938599,0.16201002895832062,0.03867831453680992,11.251031875610352,2.1954543590545654
21265,1.7148494720458984,0.03906358778476715,0.0443747416138649,10.521404266357422,1.4009262323379517
21266,-1.1752415895462036,-0.2415139228105545,0.019181475043296814,16.20559310913086,0.02877197228372097
21271,-1.1730048656463623,-0.1850464940071106,0.020389067009091377,16.450101852416992,0.13812255859375
21279,3.087012529373169,1.9996079206466675,0.05381673201918602,6.372709274291992,10.706656455993652
21286,-1.1801108121871948,-0.24848131835460663,0.022770335897803307,17.964603424072266,0.005780029576271772
21320,-0.39340469241142273,-0.23407475650310516,0.02941182628273964,16.62055015563965,0.03584594652056694
21356,0.23054079711437225,0.21995697915554047,0.024821298196911812,9.232224464416504,1.7736694812774658
21370,-2.5617754459381104,-0.2504603862762451,0.019399132579565048,25.89971923828125,2.441406286379788e-05
21379,1.3279340267181396,0.6551594734191895,0.03549518063664436,7.812432289123535,3.0417022705078125
21428,0.4691641330718994,-0.1842871755361557,0.030306508764624596,11.319114685058594,0.17679138481616974
21502,1.1140612363815308,0.3456272780895233,0.035112980753183365,8.69221305847168,2.1564972400665283
21543,-1.432496428489685,-0.23894548416137695,0.022646835073828697,19.565195083618164,0.06164855882525444
21569,0.07850242406129837,-0.19510750472545624,0.032246436923742294,14.864648818969727,0.24184875190258026
21595,1.733897089958191,0.8838141560554504,0.03959627076983452,7.668192386627197,4.96258544921875
21610,1.3891122341156006,0.6102337837219238,0.03744939714670181,8.427706718444824,4.116809368133545
21669,0.11416801065206528,0.006500315852463245,0.023600390180945396,9.137980461120605,1.0523589849472046
21678,0.8012997508049011,0.15026278793811798,0.04158470407128334,14.98972225189209,2.3358428478240967
21682,-3.5719363689422607,-0.2504661977291107,0.017328402027487755,31.919464111328125,0.0
21737,0.7078391909599304,-0.05838846042752266,0.038651127368211746,13.97063159942627,0.773022472858429
21740,-0.14675374329090118,0.33487972617149353,0.0257396399974823,12.072630882263184,2.5252442359924316
21797,-0.8861650824546814,-0.24707387387752533,0.028228316456079483,20.219552993774414,0.02277832105755806
21809,-2.309990167617798,-0.25045737624168396,0.021407779306173325,25.257482528686523,3.662109520519152e-05
21810,-1.2254523038864136,-0.24977603554725647,0.02573188953101635,20.457128524780273,0.0013488769764080644
21834,-3.455664873123169,-0.2504661977291107,0.014418377541005611,29.217931747436523,0.0
21910,-2.2949094772338867,-0.23912174999713898,0.02129846066236496,24.01169204711914,0.049560546875
21916,1.4063234329223633,0.1841059774160385,0.04076317697763443,10.403681755065918,1.5804016590118408
21920,1.895880937576294,-0.041178833693265915,0.04804461821913719,11.229558944702148,1.3998016119003296
21928,-1.0623140335083008,-0.250243216753006,0.026419013738632202,19.105253219604492,0.0010696410899981856
21977,0.24866345524787903,0.29129040241241455,0.02606697753071785,9.456053733825684,2.05975341796875
21986,-2.003814935684204,-0.2503547966480255,0.021593332290649414,23.366405487060547,0.0002563476737122983
22021,1.6177629232406616,0.9625870585441589,0.038279589265584946,7.451587677001953,5.105893135070801
22047,1.5280808210372925,0.7018786072731018,0.036974649876356125,6.9633469581604,3.915789842605591
22059,1.3419904708862305,0.25531354546546936,0.038359858095645905,9.230548858642578,2.031903028488159
22061,0.49946925044059753,0.1877368688583374,0.031458061188459396,10.318724632263184,1.48388671875
22073,-2.017291784286499,-0.2503025531768799,0.024053435772657394,24.0747127532959,0.0004150390741415322
22083,0.9408623576164246,0.2300575226545334,0.032952308654785156,8.853163719177246,2.2711822986602783
22099,-0.7471330165863037,-0.249565988779068,0.027939647436141968,18.306880950927734,0.0028869628440588713
22103,1.489911437034607,0.010799634270370007,0.042060017585754395,9.96880054473877,1.1966431140899658
22174,1.6942007541656494,0.4215930998325348,0.03982062637805939,8.159807205200195,2.49521803855896
22184,-0.6679887175559998,-0.24501004815101624,0.029767384752631187,18.23827362060547,0.02907104603946209
22224,1.506173014640808,0.5127076506614685,0.04242902621626854,10.063591003417969,3.2090911865234375
22232,-0.7546521425247192,-0.20636482536792755,0.02807125449180603,17.41168212890625,0.18932799994945526
22289,-2.0344045162200928,-0.25040051341056824,0.020767973735928535,22.362756729125977,0.000213623046875
22305,1.0215498208999634,0.525615394115448,0.032959308475255966,8.40941047668457,3.756739854812622
22336,0.9829704165458679,0.2663554251194,0.036291979253292084,10.01341724395752,2.075521945953369
22338,-0.6474764347076416,-0.238620325922966,0.026586228981614113,16.728261947631836,0.02974243275821209
22342,0.2968843877315521,-0.22968824207782745,0.035017937421798706,14.201563835144043,0.04862060770392418
22357,0.8386064767837524,-0.15322481095790863,0.034271057695150375,10.724169731140137,0.2893310487270355
22387,0.7355860471725464,-0.15869300067424774,0.035578690469264984,12.567938804626465,0.3608032166957855
22390,0.8005339503288269,-0.18739137053489685,0.03736585006117821,13.025801658630371,0.18287049233913422
22392,-0.6267845034599304,-0.2480597048997879,0.024445822462439537,15.102221488952637,0.009240723215043545
22407,0.17837892472743988,0.19185541570186615,0.024753790348768234,10.072800636291504,1.702880859375
22423,1.3253215551376343,-0.002132055116817355,0.0424271859228611,11.863850593566895,0.600982666015625
22427,-0.7836089134216309,-0.16589924693107605,0.027324968948960304,17.608125686645508,0.33575135469436646
22430,0.4785778522491455,-0.07052232325077057,0.036133624613285065,13.499495506286621,0.7387939691543579
22445,2.1584460735321045,1.1981171369552612,0.050438668578863144,10.699828147888184,6.600598335266113
22469,1.4056693315505981,1.2513632774353027,0.03923990949988365,9.231765747070312,6.268994331359863
22470,-3.2507293224334717,-0.25037118792533875,0.014447047375142574,27.76620864868164,0.0002868652518372983
22478,-0.01974150910973549,-0.2432352751493454,0.031286247074604034,14.766237258911133,0.0290374755859375
22483,0.7423427104949951,0.2615817189216614,0.034135594964027405,11.041751861572266,1.282679796218872
22487,2.364246129989624,0.6280980110168457,0.04979094862937927,8.637269973754883,3.449842929840088
22547,0.3439197242259979,-0.15843906998634338,0.03552201762795448,15.226458549499512,0.5902161002159119
22630,0.967511773109436,-0.2229890376329422,0.04320009425282478,13.481640815734863,0.10764465481042862
22681,0.7499547600746155,1.826696753501892,0.02841096930205822,7.921875953674316,9.21585750579834
22731,-0.019827425479888916,-0.09772177785634995,0.029823366552591324,13.816664695739746,0.396627813577652
22737,0.8929724097251892,-0.170644611120224,0.037460412830114365,12.050151824951172,0.3620712459087372
22757,0.0837312564253807,-0.20995020866394043,0.031583789736032486,14.672409057617188,0.1674850434064865
22766,-0.043547213077545166,0.23876528441905975,0.024158291518688202,10.867246627807617,0.9401001334190369
22771,0.7672194838523865,-0.03655435889959335,0.035908013582229614,11.778042793273926,1.0893585681915283
22834,1.1267989873886108,-0.1167798861861229,0.041878871619701385,12.634745597839355,0.5804168581962585
22853,0.23106920719146729,0.27735862135887146,0.02684997394680977,10.154852867126465,1.9170135259628296
22870,-4.127745151519775,-0.2486361563205719,0.012379509396851063,32.50826644897461,0.010205077938735485
22876,0.2643575072288513,0.9475107192993164,0.024352509528398514,8.651289939880371,5.382840156555176
22879,2.3545093536376953,0.8568291664123535,0.04928801208734512,8.385329246520996,4.619209289550781
22895,0.31333914399147034,0.7398349046707153,0.03299955651164055,13.549715042114258,6.92885160446167
22911,-3.7156636714935303,-0.2504661977291107,0.01610627770423889,32.13404083251953,0.0
22961,1.7054332494735718,0.051235001534223557,0.04777514562010765,11.929841041564941,1.6976654529571533
22999,-1.5407625436782837,-0.24810393154621124,0.025787556543946266,22.388845443725586,0.0052490234375
23039,-1.3072632551193237,-0.24805901944637299,0.02078191563487053,17.614076614379883,0.008386231027543545
23046,0.8512356877326965,-0.07660329341888428,0.039900168776512146,13.414103507995605,0.8312774896621704
23090,1.832658052444458,-0.07735581696033478,0.045946914702653885,10.448437690734863,0.7840469479560852
23092,0.7240153551101685,0.3163314759731293,0.03166048973798752,10.200690269470215,2.4176621437072754
23093,-0.3171394169330597,-0.21444721519947052,0.026807790622115135,14.342711448669434,0.19696350395679474
23121,-0.5370530486106873,-0.23952452838420868,0.02682984247803688,15.215044975280762,0.05469055101275444
23146,1.6688861846923828,-0.17172570526599884,0.04797277972102165,11.711836814880371,0.32155609130859375
23162,-1.9680858850479126,-0.25011828541755676,0.02102045901119709,22.43177604675293,0.0015014648670330644
23207,2.0910890102386475,2.3530030250549316,0.041262298822402954,5.990128040313721,10.364450454711914
23227,-2.9044601917266846,-0.2504661977291107,0.0196512620896101,28.158340454101562,0.0
23234,2.444897413253784,-0.027159614488482475,0.05346903204917908,10.243194580078125,0.6784820556640625
23268,0.9461719393730164,0.12186574935913086,0.03696119785308838,11.255574226379395,0.8293853998184204
23285,-0.09105099737644196,-0.043574631214141846,0.021582873538136482,9.187417030334473,0.6583526730537415
23392,1.0652800798416138,0.18249326944351196,0.03788088634610176,10.83503246307373,1.0999664068222046
23432,1.837319254875183,0.02265184186398983,0.046302612870931625,10.107741355895996,1.0809539556503296
23437,-0.7578195929527283,-0.24173927307128906,0.024874798953533173,16.32221221923828,0.0469207763671875
23448,0.18374542891979218,-0.23828576505184174,0.034079041332006454,14.665831565856934,0.04849548265337944
23457,1.2688297033309937,0.14672289788722992,0.03786458075046539,9.2727632522583,1.6345611810684204
23510,1.3631373643875122,-0.21957193315029144,0.04451841115951538,12.489767074584961,0.11367187649011612
23515,1.903528094291687,0.21820996701717377,0.044679537415504456,9.1828031539917,2.3883118629455566
23554,1.9068783521652222,1.278916358947754,0.044478561729192734,10.272253036499023,4.6202392578125
23587,0.32840999960899353,-0.10714107006788254,0.029368910938501358,10.63354778289795,0.5814208984375
23614,-0.7554371356964111,-0.22266963124275208,0.02798367477953434,17.768863677978516,0.12185364216566086
23619,0.8032556772232056,-0.1277836710214615,0.040507905185222626,13.661389350891113,0.474325567483902
23639,0.8706761598587036,-0.13516752421855927,0.040463436394929886,13.480880737304688,0.4764572083950043
23661,1.1856516599655151,-0.02870960533618927,0.0382494293153286,10.643046379089355,0.6307601928710938
23665,0.11538344621658325,-0.16961243748664856,0.028684889897704124,12.52696418762207,0.384561151266098
23694,-1.2507314682006836,-0.24806538224220276,0.029217282310128212,21.5815486907959,0.008044433780014515
23721,-0.3041979670524597,-0.18011032044887543,0.029361752793192863,15.548922538757324,0.13748474419116974
23733,-1.7603085041046143,-0.2487485259771347,0.02079807221889496,21.137115478515625,0.00855102576315403
23756,-1.0858482122421265,0.004701852798461914,0.022669704630970955,16.941293716430664,0.399008184671402
23774,-0.23335929214954376,-0.2020808309316635,0.025313351303339005,12.684867858886719,0.17254333198070526
23777,2.284353017807007,1.0374075174331665,0.05078534409403801,9.846518516540527,4.776373386383057
23800,1.9716072082519531,0.08426862210035324,0.04717465117573738,10.32840633392334,1.2316406965255737
23801,2.3067209720611572,0.48398566246032715,0.052809786051511765,9.373937606811523,2.1629974842071533
23831,-0.19175635278224945,-0.20590102672576904,0.03428220748901367,17.220563888549805,0.11669921875
23849,-1.9494701623916626,-0.2504315674304962,0.02285054512321949,23.333959579467773,0.00010986328561557457
23874,-0.5029777884483337,-0.21755635738372803,0.022794228047132492,13.156328201293945,0.13494263589382172
23902,1.8002445697784424,-0.006741418037563562,0.04508978873491287,9.267966270446777,0.9570251703262329
23914,0.9586729407310486,0.49082866311073303,0.03202054649591446,8.726433753967285,2.4654541015625
23916,1.231882095336914,0.04333886131644249,0.04093652591109276,10.92912483215332,1.2880706787109375
23947,-1.4577363729476929,-0.2501160204410553,0.023855995386838913,19.97515296936035,0.0015197753673419356
23949,-0.606501042842865,-0.25009676814079285,0.02844018116593361,17.367572784423828,0.0018402099376544356
23967,0.5018935799598694,-0.10789918899536133,0.03627453371882439,13.75114917755127,0.4457641541957855
23981,-0.1652548760175705,-0.1805838644504547,0.028276542201638222,14.151895523071289,0.292105108499527
24006,-0.16383516788482666,-0.23278942704200745,0.03041350282728672,15.23292064666748,0.10699462890625
24015,-0.1762181520462036,-0.02653179131448269,0.025261273607611656,12.66080379486084,0.924224853515625
24023,-0.9897961020469666,-0.24465487897396088,0.024947969242930412,17.990041732788086,0.01458740234375
24028,0.2034795731306076,-0.142917200922966,0.02788480557501316,11.251136779785156,0.42508241534233093
24037,1.4157081842422485,0.12351470440626144,0.042860016226768494,11.311617851257324,1.5969009399414062
24056,1.0909335613250732,-0.18412302434444427,0.03925296291708946,11.576339721679688,0.30357056856155396
24098,-0.8567290306091309,-0.17684368789196014,0.02525038830935955,17.089204788208008,0.25510865449905396
24105,0.08868478983640671,0.7812088131904602,0.02178807742893696,8.44021987915039,3.844552755355835
24120,0.6298444867134094,0.33792442083358765,0.028075722977519035,8.379088401794434,2.4713332653045654
24126,0.1569245308637619,-0.24133507907390594,0.033494021743535995,14.64642333984375,0.02619323693215847
24128,-1.6189895868301392,-0.22712968289852142,0.016593508422374725,17.316070556640625,0.11043701320886612
24130,0.719576895236969,-0.05559983476996422,0.03639967367053032,12.101672172546387,0.5893799066543579
24160,-2.6084187030792236,-0.23149354755878448,0.014547190628945827,23.30756187438965,0.08344727009534836
24190,1.2404707670211792,0.02482588402926922,0.04289476200938225,11.54470443725586,0.8794159293174744
24226,-0.9422208666801453,-0.2460145205259323,0.026148904114961624,18.37642478942871,0.010369873605668545
24244,1.2147762775421143,-0.19527871906757355,0.042503733187913895,11.638773918151855,0.3414989411830902
24274,-0.22102203965187073,-0.24910865724086761,0.03546309098601341,17.51292610168457,0.0069366456009447575
24283,-0.012039768509566784,-0.2413933277130127,0.03153316304087639,14.623265266418457,0.05814819410443306
24302,0.3682125210762024,-0.1009482890367508,0.03099657967686653,12.038104057312012,0.5395874381065369
24303,-0.34067726135253906,-0.23525753617286682,0.03284970298409462,17.57477378845215,0.03714599832892418
24309,-3.9614415168762207,-0.2504661977291107,0.015857091173529625,33.717987060546875,0.0
24323,1.4071301221847534,-0.05016569048166275,0.045798055827617645,13.277478218078613,0.9169098138809204
24326,2.294264078140259,0.1451052576303482,0.052837878465652466,9.796050071716309,1.7708618640899658
24339,-2.454796075820923,-0.24934779107570648,0.022378941997885704,27.049184799194336,0.00347900390625
24340,-1.9277992248535156,-0.2504630982875824,0.023074790835380554,23.464763641357422,1.220703143189894e-05
24344,0.8987587094306946,0.8059200644493103,0.03413551673293114,9.48231029510498,4.27471923828125
24352,0.271933376789093,-0.033404503017663956,0.029561331495642662,11.654875755310059,0.7228912711143494
24363,0.9110834002494812,-0.15455299615859985,0.034965939819812775,10.401440620422363,0.37335512042045593
24378,-0.16905732452869415,-0.06408359855413437,0.02533777616918087,12.519264221191406,0.6608490347862244
24415,1.2987480163574219,-0.05674516037106514,0.038321785628795624,10.064650535583496,0.6342987418174744
24433,-1.5430258512496948,-0.22729352116584778,0.015662429854273796,16.737812042236328,0.18016968667507172
24440,2.4700982570648193,0.8754097819328308,0.05001511797308922,8.643683433532715,5.792031764984131
24452,-1.735597848892212,-0.2504092752933502,0.023559678345918655,22.16330909729004,0.0002807617129292339
24459,0.22782957553863525,-0.24154256284236908,0.036527957767248154,15.419241905212402,0.04124145582318306
24473,-3.1654903888702393,-0.2504661977291107,0.018476124852895737,29.705081939697266,0.0
24487,0.9117993712425232,-0.02239995077252388,0.03935101628303528,12.331511497497559,0.9169830679893494
24489,0.09721419960260391,-0.22877323627471924,0.028953546658158302,12.892000198364258,0.098358154296875
24495,-0.6714572310447693,-0.058939285576343536,0.021825572475790977,13.704020500183105,0.7617828249931335
24503,-1.702431559562683,-0.2503564953804016,0.02442247048020363,22.898340225219727,0.0005508423200808465
24506,2.068910837173462,0.8363162279129028,0.047180283814668655,9.181408882141113,2.72271728515625
24516,0.6070310473442078,-0.17137163877487183,0.0335770808160305,11.829482078552246,0.230316162109375
24546,-2.3033864498138428,-0.13305091857910156,0.023658685386180878,26.09749412536621,0.6546387076377869
24553,1.2755521535873413,-0.13269834220409393,0.041318636387586594,12.402507781982422,0.5704559683799744
24585,0.8806183934211731,-0.1087411418557167,0.03591696172952652,10.83387279510498,0.5606659054756165
24628,1.9084100723266602,0.7567839026451111,0.043779727071523666,9.303606033325195,4.3114013671875
24651,-0.9084186553955078,-0.17705722153186798,0.019640395417809486,14.405046463012695,0.34069520235061646
24662,2.036184072494507,1.1210500001907349,0.04621754214167595,8.967875480651855,6.429448127746582
24663,-0.29901695251464844,-0.24001820385456085,0.029748737812042236,15.677144050598145,0.05082397535443306
24687,-3.2231407165527344,-0.2504661977291107,0.016914308071136475,28.92401123046875,0.0
24744,-0.38991156220436096,0.15837445855140686,0.023003360256552696,12.421183586120605,1.578149437904358
24763,-1.8732317686080933,-0.25012215971946716,0.01754695735871792,19.884756088256836,0.001757812569849193
24819,1.7219679355621338,0.7814599871635437,0.043448496609926224,9.143170356750488,4.995736598968506
24838,1.113209843635559,0.2623365521430969,0.03448016569018364,9.265120506286621,1.999786376953125
24867,2.0201587677001953,0.35743069648742676,0.0460292287170887,9.02443790435791,2.505889892578125
24875,1.3670037984848022,0.30242154002189636,0.04042790085077286,10.055096626281738,2.092968702316284
24890,2.016386032104492,0.010520762763917446,0.047660209238529205,10.403738021850586,1.058038353919983
24914,-1.6094112396240234,-0.25016090273857117,0.021385109052062035,20.529756546020508,0.0006530761602334678
24937,1.994545817375183,0.5776165127754211,0.04738038405776024,9.7900972366333,2.0189249515533447
24947,0.33325621485710144,-0.2423633337020874,0.03770434111356735,15.553726196289062,0.04479675367474556
24952,0.6191001534461975,-0.15707850456237793,0.03926009684801102,13.849405288696289,0.41305238008499146
24953,-0.1978723555803299,-0.2348063737154007,0.028192594647407532,14.136517524719238,0.04037323221564293
25015,0.6266010999679565,-0.016564810648560524,0.034607212990522385,11.417823791503906,1.4964874982833862
25053,-1.3832435607910156,-0.24863140285015106,0.02612622082233429,21.845067977905273,0.006011962890625
25056,1.1704849004745483,-0.16847985982894897,0.03856576606631279,11.255188941955566,0.3003692626953125
25057,-2.25286602973938,-0.250362753868103,0.02021295204758644,24.122543334960938,0.0007263183942995965
25075,-0.5989800691604614,-0.22819510102272034,0.02941911853849888,17.505102157592773,0.169708251953125
25087,0.3093678653240204,-0.13210634887218475,0.032505493611097336,13.8283109664917,0.4785400331020355
25141,-2.4050984382629395,-0.2058868706226349,0.01925468072295189,24.596277236938477,0.2876739501953125
25170,-2.80782151222229,-0.25046032667160034,0.020887449383735657,28.142852783203125,1.220703143189894e-05
25202,-0.11615409702062607,-0.17151173949241638,0.02455814555287361,11.331247329711914,0.348367303609848
25204,-0.9015651941299438,-0.1862582415342331,0.021993620321154594,14.539072036743164,0.19347229599952698
25260,1.2289671897888184,0.23644645512104034,0.04211469739675522,12.625179290771484,2.0213868618011475
25262,3.096791982650757,0.7680918574333191,0.05793030932545662,7.225274085998535,3.9548585414886475
25265,1.3351668119430542,0.4518909156322479,0.03802020475268364,8.965292930603027,2.477207899093628
25272,1.0826066732406616,0.0793326199054718,0.03615803271532059,9.884574890136719,0.9970977902412415
25333,0.9530752301216125,0.6952254176139832,0.03240427002310753,9.026566505432129,2.6060731410980225
25353,0.26885172724723816,-0.1558980792760849,0.028528422117233276,11.20086669921875,0.3978729248046875
25390,-1.3040413856506348,-0.22797787189483643,0.020926175639033318,17.4891357421875,0.09238281100988388
25394,0.6235036253929138,-0.24456647038459778,0.043108560144901276,15.945571899414062,0.03363342210650444
25408,-1.4477053880691528,-0.24888136982917786,0.019736530259251595,18.023929595947266,0.0060180663131177425
25425,0.8468355536460876,0.06032233312726021,0.033911123871803284,10.306209564208984,1.1790069341659546
25432,2.1354072093963623,0.862960159778595,0.04462498053908348,7.1020121574401855,4.063531398773193
25445,0.18316702544689178,0.5628475546836853,0.027121594175696373,11.044519424438477,1.922570824623108
25465,-3.752906084060669,-0.2504661977291107,0.016788600012660027,32.660614013671875,0.0
25505,1.5482758283615112,0.32235127687454224,0.040306176990270615,8.814192771911621,2.31192946434021
25515,0.8666359186172485,0.013068169355392456,0.03716325759887695,11.493680000305176,1.9882324934005737
25517,0.7343260645866394,0.5252399444580078,0.02999826706945896,8.157795906066895,3.230844259262085
25552,0.3120240867137909,-0.15162743628025055,0.03430630639195442,14.21044635772705,0.22294311225414276
25583,-0.049061622470617294,-0.19066104292869568,0.03206504508852959,15.197043418884277,0.35158082842826843
25589,1.0179734230041504,0.12601664662361145,0.03654215857386589,10.85062313079834,1.051177978515625
25607,-1.5802618265151978,-0.2329869270324707,0.021349482238292694,19.690982818603516,0.07867431640625
25655,-0.41743096709251404,-0.139244943857193,0.023328300565481186,13.440347671508789,0.6277862787246704
25656,0.6728436350822449,0.03014770708978176,0.031161144375801086,9.785965919494629,1.1941620111465454
25677,0.4853689670562744,-0.14838819205760956,0.03580443188548088,14.171380996704102,0.3165039122104645
25693,-0.48566022515296936,-0.23904334008693695,0.028564339503645897,16.594018936157227,0.05775146558880806
25702,0.5806149840354919,0.1880265772342682,0.029881883412599564,9.892657279968262,1.5297225713729858
25707,1.5144743919372559,0.13494780659675598,0.03961228206753731,9.370818138122559,2.2222366333007812
25727,0.8008770942687988,-0.018405649811029434,0.03438393399119377,10.388187408447266,1.0107086896896362
25730,1.9420145750045776,1.1463279724121094,0.04263037443161011,7.985779762268066,6.019995212554932
25735,0.7149153351783752,0.7123165726661682,0.03447866067290306,12.238543510437012,2.387542724609375
25751,-0.7603303790092468,-0.24045908451080322,0.02365386299788952,16.073148727416992,0.0422515869140625
25777,0.0958201065659523,-0.09231676906347275,0.029442384839057922,12.368049621582031,0.7430145144462585
25805,1.1703109741210938,-0.035161275416612625,0.041018255054950714,11.550745010375977,1.0464508533477783
25821,-0.5487651228904724,-0.23068594932556152,0.02743394672870636,15.438005447387695,0.09279479831457138
25824,2.319854259490967,2.3429837226867676,0.04534810036420822,6.677463054656982,8.179353713989258
25845,-0.7704316973686218,-0.09856786578893661,0.025761926546692848,16.829647064208984,0.3325439393520355
25849,0.3799857795238495,-0.23612697422504425,0.03036803938448429,12.358038902282715,0.05844879150390625
25854,-0.5971683263778687,-0.24753223359584808,0.02635078690946102,16.049575805664062,0.010171509347856045
25870,-0.09947532415390015,-0.21529944241046906,0.03304653987288475,16.274444580078125,0.065948486328125
25894,1.1990166902542114,-0.22260038554668427,0.04401471093297005,12.873766899108887,0.16041870415210724
25919,1.181191325187683,0.08096734434366226,0.04377974197268486,13.590834617614746,0.8898681998252869
25925,-1.01682710647583,-0.23231196403503418,0.023870479315519333,17.45509147644043,0.06382446736097336
25980,0.796086311340332,-0.18307963013648987,0.039849381893873215,13.376997947692871,0.29948121309280396
25981,0.8847260475158691,0.12151037901639938,0.03805483505129814,11.166678428649902,1.4449341297149658
26010,0.2739408016204834,-0.23258228600025177,0.0362330861389637,16.31766700744629,0.07283630222082138
26014,0.6748790144920349,-0.22021667659282684,0.03849990665912628,13.259279251098633,0.15715943276882172
26052,1.2532093524932861,1.12279212474823,0.03419681638479233,7.192262172698975,6.269583225250244
26079,0.6041088104248047,0.0506097674369812,0.032733406871557236,11.43226146697998,0.6657562255859375
26102,-2.8988759517669678,-0.25045880675315857,0.01734485663473606,27.022733688354492,3.662109520519152e-05
26125,0.8114201426506042,0.22801868617534637,0.031872522085905075,9.397911071777344,1.8424195051193237
26138,1.4411348104476929,0.06593003123998642,0.04263073951005936,10.54279613494873,1.2260102033615112
26153,-1.3185609579086304,-0.25041818618774414,0.02628958597779274,21.3287410736084,0.0002502441348042339
26167,0.1006258875131607,-0.18445880711078644,0.02894449047744274,12.0175199508667,0.247772216796875
26173,-2.89868426322937,-0.25035402178764343,0.0165215115994215,26.368412017822266,0.0005844116094522178
26174,-1.3169997930526733,-0.24910306930541992,0.02776920609176159,22.049039840698242,0.0029174804221838713
26185,0.8812074661254883,0.45566025376319885,0.03395063430070877,10.608323097229004,2.9044189453125
26221,0.006459781434386969,-0.11812937259674072,0.033431872725486755,15.877057075500488,0.7197601199150085
26236,1.855014443397522,0.15614734590053558,0.04755527898669243,9.694799423217773,1.4453827142715454
26237,0.3995847702026367,-0.18689048290252686,0.03369161859154701,13.109280586242676,0.324148565530777
26251,-0.10173224657773972,-0.19195878505706787,0.0296473391354084,13.842811584472656,0.17633667588233948
26255,-0.15324337780475616,-0.14038746058940887,0.03355919197201729,16.917387008666992,0.8692871332168579
26280,0.8669655919075012,-0.2277912199497223,0.04169001057744026,14.46173095703125,0.10452575981616974
26281,1.4246102571487427,0.03383254632353783,0.04168912395834923,11.113730430603027,1.3259490728378296
26303,0.07544352859258652,-0.20148220658302307,0.030481940135359764,13.374796867370605,0.2646636962890625
26330,-2.826627492904663,-0.25044724345207214,0.018852688372135162,27.303531646728516,9.765625145519152e-05
26354,0.5534512400627136,0.05186852440237999,0.031683169305324554,11.183379173278809,0.91217041015625
26365,0.612761914730072,-0.005612133536487818,0.032901640981435776,11.2036714553833,1.6766570806503296
26382,1.3888040781021118,2.431217908859253,0.03471489995718002,6.762889862060547,9.076977729797363
26388,1.1515482664108276,0.697012722492218,0.032529089599847794,7.642707824707031,3.978769063949585
26486,0.21445338428020477,-0.10186357796192169,0.029368659481406212,11.482994079589844,0.34392091631889343
26503,0.31569164991378784,0.50243079662323,0.028304506093263626,10.363471031188965,3.233267307281494
26504,2.4031577110290527,0.09499156475067139,0.049108605831861496,8.912635803222656,1.3784958124160767
26545,0.09470538794994354,0.3458218276500702,0.02585037611424923,10.576415061950684,2.9487946033477783
26548,0.18335123360157013,-0.19107919931411743,0.031618908047676086,13.068353652954102,0.19836579263210297
26676,1.6618469953536987,0.9829809069633484,0.04013887047767639,8.534878730773926,5.455979824066162
26680,0.6061334013938904,0.3224814832210541,0.02993113175034523,9.343591690063477,2.3527863025665283
26686,-2.1689870357513428,-0.2497597187757492,0.02271665818989277,24.61941909790039,0.003936767578125
26700,-0.601624608039856,-0.24979880452156067,0.03164692968130112,18.471803665161133,0.004595947451889515
26731,1.0983266830444336,-0.20410838723182678,0.0393073707818985,12.663300514221191,0.21526490151882172
26735,-0.07730766385793686,-0.057950496673583984,0.0259022805839777,12.42487621307373,1.0295838117599487
26738,-0.18626001477241516,-0.21272777020931244,0.026785289868712425,14.390170097351074,0.12152709811925888
26739,-2.9609758853912354,-0.2504661977291107,0.017597652971744537,27.40366554260254,0.0
26751,-1.2447623014450073,-0.24961106479167938,0.027785882353782654,21.084043502807617,0.00262451171875
26753,2.0915348529815674,0.11646246910095215,0.050099920481443405,9.722213745117188,1.482550024986267
26755,1.2792617082595825,-0.14670170843601227,0.0410570427775383,10.463976860046387,0.5129119753837585
26804,-0.46284380555152893,-0.10295344889163971,0.028423918411135674,15.762877464294434,0.22287750244140625
26808,0.7325352430343628,0.5940697193145752,0.030393928289413452,8.52568531036377,2.7570648193359375
26836,0.4264501631259918,0.6238921284675598,0.034264594316482544,13.628626823425293,3.627850294113159
26845,-0.9222666025161743,-0.2212974578142166,0.020896898582577705,14.904940605163574,0.22044678032398224
26857,2.3282716274261475,0.43616557121276855,0.04858779534697533,7.984022617340088,2.472482442855835
26871,1.5780210494995117,-0.05453076958656311,0.04209882393479347,10.586710929870605,0.7397140860557556
26884,0.4749211370944977,-0.24319756031036377,0.03885199874639511,14.485968589782715,0.04346008226275444
26889,0.43029695749282837,-0.05224226787686348,0.037299495190382004,14.877596855163574,0.7926880121231079
26909,0.7804391384124756,-0.21706433594226837,0.04029166325926781,13.90753173828125,0.10777588188648224
26933,1.4582842588424683,0.28781232237815857,0.039839208126068115,9.152721405029297,3.0670228004455566
26949,-0.33040791749954224,-0.18397794663906097,0.02784503810107708,14.878630638122559,0.214385986328125
26954,-1.415603756904602,-0.2503633201122284,0.023427793756127357,20.237146377563477,0.0004852295096497983
26958,-2.6540162563323975,-0.2509811520576477,0.016482163220643997,24.940290451049805,-0.0024841309059411287
26962,-1.2302782535552979,-0.2486683428287506,0.021472467109560966,17.7305908203125,0.00885009765625
27032,0.19996832311153412,-0.003816703101620078,0.030548764392733574,12.59228801727295,1.02691650390625
27053,-0.4965429902076721,-0.017039094120264053,0.02147103287279606,12.489811897277832,0.963818371295929
27065,1.0311938524246216,-0.18940789997577667,0.038033053278923035,11.366719245910645,0.30619049072265625
27066,-0.7772880792617798,-0.24727478623390198,0.02336549200117588,15.655720710754395,0.011752319522202015
27092,-0.17294053733348846,-0.2142118215560913,0.027995366603136063,13.830428123474121,0.21983031928539276
27094,1.247048258781433,-0.008263779804110527,0.040648411959409714,11.805262565612793,1.4382537603378296
27125,0.7798473834991455,0.3826916217803955,0.030289141461253166,9.04376220703125,2.352673292160034
27141,1.7745779752731323,0.2342277616262436,0.042096421122550964,8.87277889251709,1.7703338861465454
27207,-1.461073637008667,-0.25042665004730225,0.026631534099578857,22.325237274169922,0.00010375976853538305
27219,2.140507936477661,1.0730866193771362,0.046715039759874344,8.43384075164795,5.535470485687256
27223,-0.6756588816642761,-0.23236170411109924,0.024009332060813904,15.1115140914917,0.051055908203125
27224,-1.1035327911376953,-0.10475810617208481,0.017752032727003098,14.181854248046875,0.617828369140625
27225,-3.4069976806640625,-0.2504661977291107,0.016500914469361305,30.055063247680664,0.0
27257,0.9759008288383484,-0.20378322899341583,0.03864297270774841,11.766241073608398,0.23067627847194672
27269,1.3151859045028687,0.13609598577022552,0.03876164183020592,9.493874549865723,1.2548553943634033
27283,2.339139938354492,1.5515516996383667,0.04451577737927437,6.512955665588379,7.554020881652832
27289,1.51947820186615,-0.08939509838819504,0.048052407801151276,13.206010818481445,0.40311890840530396
27316,0.6532592177391052,0.21471460163593292,0.03839707002043724,13.893940925598145,1.2020355463027954
27348,0.48113709688186646,-0.11730372905731201,0.03351457417011261,12.663397789001465,0.31993409991264343
27349,-1.7154146432876587,-0.250344842672348,0.021401137113571167,20.849992752075195,0.0009277343633584678
27387,0.823556125164032,0.02619255892932415,0.03951221704483032,13.584260940551758,0.9759857058525085
27397,0.3954627811908722,-0.2165267914533615,0.032092660665512085,12.239752769470215,0.17981110513210297
27408,-0.38285383582115173,-0.07771345227956772,0.02605409361422062,14.645071983337402,0.6888885498046875
27422,0.8655661940574646,-0.007037313189357519,0.032739683985710144,9.541807174682617,1.0889374017715454
27443,-0.3903065025806427,-0.24769483506679535,0.03084707260131836,17.083616256713867,0.006335449405014515
27459,0.35224828124046326,-0.2111155241727829,0.03303217887878418,13.162623405456543,0.10758056491613388
27462,-1.4968750476837158,-0.2502288818359375,0.022555723786354065,20.08900260925293,0.0016296387184411287
27463,2.343533754348755,0.5389038920402527,0.048165421932935715,7.811028957366943,3.656663656234741
27472,-2.682849884033203,-0.2498709261417389,0.01571968011558056,24.269941329956055,0.0019348144996911287
27520,1.3574553728103638,0.11110281199216843,0.04045896232128143,10.23654556274414,1.641931176185608
27528,1.4350231885910034,-0.1278187334537506,0.04087883606553078,10.182478904724121,0.5056854486465454
27590,1.119225263595581,0.4857326149940491,0.03672341629862785,10.828474044799805,3.2143707275390625
27598,-1.0733592510223389,-0.24796152114868164,0.025152916088700294,18.175189971923828,0.012719727121293545
27653,-1.6233583688735962,-0.2469288855791092,0.01652045175433159,17.357898712158203,0.008181762881577015
27664,-3.524073839187622,-0.2503820061683655,0.018635988235473633,32.07228088378906,0.0002685546933207661
27671,0.03391006216406822,-0.2444484978914261,0.0342894084751606,16.562082290649414,0.02277069166302681
27679,0.3915117681026459,-0.05934419855475426,0.03027748502790928,11.149812698364258,0.761975109577179
27690,-2.919523000717163,-0.2504661977291107,0.018112625926733017,27.804996490478516,0.0
27691,-0.624718189239502,-0.21665866672992706,0.021727073937654495,12.85955810546875,0.14153443276882172
27711,-0.05929093435406685,-0.24475710093975067,0.035645630210638046,17.49150848388672,0.02312011830508709
27713,1.1419522762298584,0.07003035396337509,0.04004719480872154,10.404577255249023,1.053381323814392
27720,-0.6504133343696594,0.12584196031093597,0.014983117580413818,9.399612426757812,1.5256500244140625
27732,-1.6580971479415894,-0.24112243950366974,0.024323180317878723,22.78284454345703,0.051513671875
27770,-0.0490187406539917,-0.2368096560239792,0.030461285263299942,14.866586685180664,0.06016845628619194
27771,-2.708899736404419,-0.2502027451992035,0.022139674052596092,27.812454223632812,0.001330566476099193
27776,-1.6605008840560913,-0.24975113570690155,0.020402055233716965,19.862241744995117,0.0034027099609375
27804,1.726256251335144,-0.05646970495581627,0.043905433267354965,9.90806770324707,0.7025604248046875
27805,-3.7670235633850098,-0.2504661977291107,0.016564426943659782,32.910888671875,0.0
27819,0.04127741977572441,-0.12317974865436554,0.032750535756349564,14.630462646484375,0.6798645257949829
27828,1.3143373727798462,1.3691738843917847,0.03881354257464409,9.1368989944458,4.940881252288818
27844,2.114835500717163,0.1699022501707077,0.048993341624736786,10.28211498260498,1.6113067865371704
27879,0.3812895715236664,-0.03443261608481407,0.035272266715765,14.314666748046875,0.9733062982559204
27890,0.168975830078125,-0.22287212312221527,0.028698328882455826,11.540026664733887,0.16108094155788422
27892,0.5953088998794556,-0.07746918499469757,0.03840414434671402,14.084134101867676,0.6776321530342102
27893,0.2655223309993744,-0.2322906106710434,0.036668866872787476,15.076231956481934,0.09351196140050888
27918,-0.8261820673942566,-0.057082511484622955,0.02066703699529171,14.14660930633545,0.6443390250205994
27925,-0.06261860579252243,-0.11866267025470734,0.02842411771416664,13.402144432067871,0.6406707763671875
27943,-1.255508303642273,-0.24950914084911346,0.026155248284339905,19.971494674682617,0.004077148623764515
27945,-1.5827760696411133,-0.24025249481201172,0.02042572759091854,19.270715713500977,0.081329345703125
27947,-0.6067573428153992,-0.24613212049007416,0.02719760499894619,15.92632007598877,0.023468017578125
27950,1.8443529605865479,0.14651012420654297,0.04311197251081467,8.452742576599121,1.7202743291854858
27974,0.4837459623813629,-0.1807030290365219,0.03581996262073517,13.122207641601562,0.2758239805698395
27991,-4.949866771697998,-0.2504661977291107,0.012355515733361244,38.588157653808594,0.0
28047,0.06685846298933029,-0.17320702970027924,0.030865762382745743,14.663469314575195,0.3643249571323395
28070,-1.98779296875,-0.015987155959010124,0.01973039284348488,22.029577255249023,1.469824194908142
28079,-1.6583188772201538,-0.20761056244373322,0.018899470567703247,19.113264083862305,0.23916931450366974
28094,-0.44018182158470154,0.3369307219982147,0.02040366642177105,11.70701789855957,1.9413970708847046
28130,1.5120618343353271,0.04036642983555794,0.04509876295924187,10.863367080688477,0.7487549185752869
28147,0.5522047877311707,-0.11388971656560898,0.033130984753370285,12.031510353088379,0.435556024312973
28172,0.01327099185436964,-0.23925445973873138,0.030706902965903282,14.772679328918457,0.05668335035443306
28217,0.4389573037624359,-0.02347499132156372,0.029668131843209267,10.47471809387207,1.0485565662384033
28218,1.8715604543685913,0.5299660563468933,0.0437273234128952,8.698721885681152,2.9175872802734375
28221,0.3201967775821686,-0.15195134282112122,0.03841251879930496,16.343910217285156,0.3061783015727997
28241,-4.218738555908203,-0.2504661977291107,0.014958522282540798,34.944313049316406,0.0
28286,0.900826632976532,-0.14011509716510773,0.04245815798640251,13.641342163085938,0.36214905977249146
28294,0.0020317614544183016,0.36575648188591003,0.02350258082151413,9.911715507507324,2.854412794113159
28299,-1.590498924255371,-0.24874089658260345,0.021790018305182457,19.937841415405273,0.009204101748764515
28306,1.2313932180404663,0.35667118430137634,0.04090055450797081,10.882911682128906,2.6005859375
28321,-0.6359291076660156,-0.19204743206501007,0.02220018394291401,13.75938892364502,0.22142639756202698
28336,2.194287061691284,0.3254304826259613,0.04651252552866936,7.728179931640625,2.06610107421875
28339,-1.330014705657959,-0.22849197685718536,0.01805623434484005,16.463340759277344,0.1039886474609375
28340,1.2993254661560059,0.301687628030777,0.036181505769491196,8.550712585449219,2.002690076828003
28389,0.515845000743866,-0.19292505085468292,0.0381307490170002,15.593223571777344,0.21246948838233948
28404,0.7859072089195251,0.20337677001953125,0.03797520324587822,12.174304962158203,1.0790802240371704
28409,1.2976458072662354,0.025258218869566917,0.040250279009342194,10.559115409851074,1.0438965559005737
28411,1.1934243440628052,-0.02764536440372467,0.03830188512802124,9.688672065734863,1.0196259021759033
28430,0.7487205862998962,0.038197774440050125,0.03978023678064346,14.504562377929688,1.8098297119140625
28442,-0.1747150719165802,0.06234405189752579,0.023265914991497993,10.981308937072754,1.4118164777755737
28460,0.3048308193683624,-0.07173727452754974,0.027244040742516518,10.201565742492676,0.8448425531387329
28471,1.9783661365509033,0.22491291165351868,0.04915563017129898,10.767683982849121,1.521240234375
28475,0.6868130564689636,1.5842856168746948,0.027635375037789345,7.783897399902344,8.834863662719727
28505,-1.9084266424179077,-0.24958615005016327,0.015576409175992012,18.89768409729004,0.0052642822265625
28508,0.4047977030277252,0.21003358066082,0.035287175327539444,12.997496604919434,1.08551025390625
28531,-2.2744643688201904,-0.2503903806209564,0.017772654071450233,23.064970016479492,0.0005294799921102822
28550,0.7609328031539917,-0.2241593897342682,0.038348238915205,13.102935791015625,0.12562866508960724
28632,-1.7936359643936157,-0.2502075135707855,0.02058824710547924,20.828847885131836,0.0010620116954669356
28652,-0.9401311874389648,-0.15574228763580322,0.02578446827828884,18.503021240234375,0.44378358125686646
28677,2.4433810710906982,0.11220141500234604,0.05353275686502457,10.427962303161621,1.5693390369415283
28693,0.5832085013389587,0.2750263214111328,0.042071662843227386,16.66701316833496,2.302786350250244
28718,-1.4333934783935547,-0.14746978878974915,0.017246266826987267,16.595550537109375,0.544818103313446
28720,0.7786260843276978,-0.1867303103208542,0.036277227103710175,11.752275466918945,0.3147338926792145
28723,-0.5649548172950745,-0.24385178089141846,0.030352575704455376,17.75526237487793,0.01907043531537056
28730,2.1101393699645996,0.31434381008148193,0.046089258044958115,8.524137496948242,2.628632068634033
28740,1.885524034500122,0.07991315424442291,0.04571858048439026,9.794432640075684,2.2364869117736816
28746,2.0412824153900146,0.21834340691566467,0.05025431141257286,11.155156135559082,3.1228911876678467
28758,2.2155232429504395,0.24320976436138153,0.046424008905887604,8.791531562805176,2.2977447509765625
28825,1.5549185276031494,0.13351885974407196,0.04171183332800865,9.03200626373291,1.7102173566818237
28831,-1.35912024974823,-0.2461681216955185,0.023767413571476936,20.023107528686523,0.02760009840130806
28843,-0.22434306144714355,0.009402898140251637,0.03027167357504368,15.657549858093262,0.8241211175918579
28845,1.2774584293365479,1.45521080493927,0.03453553467988968,7.3357439041137695,8.933130264282227
28851,0.03626372292637825,-0.1760297268629074,0.031580809503793716,13.733072280883789,0.16508178412914276
28854,-4.114351272583008,-0.2504661977291107,0.016468577086925507,34.99271774291992,0.0
28870,0.6933274865150452,-0.0737830325961113,0.03128932788968086,9.817506790161133,0.7823700308799744
28877,2.309112787246704,0.8589906692504883,0.046465370804071426,6.93013858795166,5.993266582489014
28900,-1.1830894947052002,-0.2483839988708496,0.026028219610452652,20.341394424438477,0.01628418080508709
28902,-1.3543227910995483,-0.2472439855337143,0.021175136789679527,18.501712799072266,0.009936523623764515
28947,-0.6405029296875,-0.24573813378810883,0.024521009996533394,14.99706745147705,0.02486572228372097
28973,0.7843871712684631,-0.022731011733412743,0.03299024701118469,10.320262908935547,0.6298156976699829
28982,-0.017368603497743607,-0.1664031744003296,0.028301788493990898,12.499608039855957,0.30871811509132385
28995,-1.0659575462341309,-0.24539902806282043,0.024799365550279617,18.55939292907715,0.01786499097943306
28997,0.9425040483474731,-0.180837482213974,0.03869708999991417,12.199931144714355,0.382119745016098
28999,0.17479608952999115,-0.11180092394351959,0.026507103815674782,10.714264869689941,0.6482788324356079
29022,1.0866161584854126,-0.13991378247737885,0.0409676767885685,12.14146614074707,0.6513473391532898
29032,-0.5361374616622925,-0.22712337970733643,0.023170756176114082,13.758810997009277,0.06853943318128586
29040,1.1507885456085205,0.6715216040611267,0.03290964290499687,7.667416572570801,3.512930393218994
29061,0.9241408705711365,0.02085830830037594,0.03783339634537697,12.011456489562988,1.0040435791015625
29077,-0.5534145832061768,-0.2298726588487625,0.027896637097001076,16.252540588378906,0.06228027492761612
29110,-0.0902189090847969,-0.2171947956085205,0.026317736133933067,12.517016410827637,0.1531021147966385
29127,0.9350998997688293,0.4261782169342041,0.03318715840578079,9.265339851379395,2.724557638168335
29145,2.338958501815796,0.6570326685905457,0.04819885268807411,8.16706371307373,2.8536860942840576
29251,-1.2874259948730469,-0.20112021267414093,0.024688204750418663,19.703275680541992,0.24903564155101776
29256,0.9566440582275391,-0.13813523948192596,0.03891957923769951,12.810121536254883,0.42014771699905396
29268,-0.7759885787963867,-0.23580384254455566,0.0246328916400671,16.024375915527344,0.05030212551355362
29342,-1.0588455200195312,-0.2429123967885971,0.02126356028020382,15.90551471710205,0.03025512769818306
29358,0.09531132876873016,-0.19884920120239258,0.034284841269254684,15.165362358093262,0.20365600287914276
29373,0.3057730495929718,0.11134886741638184,0.027604592964053154,10.0584077835083,1.5249603986740112
29386,0.5717985033988953,-0.1716504991054535,0.036315545439720154,13.5872802734375,0.2563796937465668
29390,0.7912072539329529,0.15183743834495544,0.03481128811836243,11.184356689453125,0.703265368938446
29392,0.9744123816490173,0.011523335240781307,0.03503663092851639,10.022163391113281,1.0623444318771362
29393,-1.2921314239501953,-0.24553926289081573,0.021337294951081276,18.371183395385742,0.02574463002383709
29432,1.4807864427566528,0.11862098425626755,0.03858162835240364,9.077841758728027,1.5728882551193237
29454,-0.21014468371868134,-0.13611167669296265,0.029892517253756523,16.054128646850586,0.5689331293106079
29463,1.470224380493164,0.36706432700157166,0.04133681580424309,10.171435356140137,2.2877907752990723
29482,1.1286746263504028,0.40658995509147644,0.03414129093289375,8.337357521057129,2.38824462890625
29491,1.1045825481414795,-0.057416003197431564,0.03767714276909828,10.664399147033691,0.8844757080078125
29521,-3.1789157390594482,-0.2504661977291107,0.018866945058107376,29.739551544189453,0.0
29549,-0.5984198451042175,-0.07153239101171494,0.023770634084939957,14.335700035095215,0.7199737429618835
29566,-0.6861352324485779,-0.23740804195404053,0.026755869388580322,16.335996627807617,0.05827026441693306
29575,-2.265526294708252,-0.22060684859752655,0.019486621022224426,23.804777145385742,0.06477661430835724
29577,1.5256942510604858,0.1375473141670227,0.04040843993425369,8.866739273071289,1.5384186506271362
29603,-1.3173402547836304,-0.24513660371303558,0.025303442031145096,20.556676864624023,0.01838378980755806
29608,1.7733227014541626,-0.10323722660541534,0.048942930996418,11.394478797912598,0.5148407220840454
29624,0.9131917953491211,-0.10670981556177139,0.03520594909787178,10.255603790283203,0.5696876645088196
29660,-0.329886257648468,-0.214748814702034,0.03183663636445999,17.163448333740234,0.17216797173023224
29712,1.1328604221343994,-0.062086936086416245,0.03560594841837883,9.340174674987793,0.9196228384971619
29713,0.6131821870803833,0.01753110997378826,0.03409465774893761,12.319838523864746,0.9683014154434204
29755,2.00388503074646,-0.06079273298382759,0.04820950701832771,10.274206161499023,1.0314162969589233
29757,0.5734423995018005,0.023153284564614296,0.03648678958415985,13.290669441223145,1.1003754138946533
29758,-0.46601948142051697,-0.21033231914043427,0.02545158937573433,14.358987808227539,0.14960937201976776
29760,1.1007479429244995,0.9879133105278015,0.03381342440843582,8.280790328979492,4.817590236663818
29775,0.6334274411201477,-0.025819016620516777,0.03831668570637703,14.457521438598633,1.730249047279358
29785,1.0086711645126343,-0.08812012523412704,0.03986550495028496,11.940757751464844,0.5830597281455994
29795,1.7539476156234741,0.45318013429641724,0.041105158627033234,8.232377052307129,2.407458543777466
29817,-0.33505570888519287,-0.17766498029232025,0.027608200907707214,15.233805656433105,0.3931213319301605
29832,-4.13062047958374,-0.2504661977291107,0.01556301862001419,34.986846923828125,0.0
29842,0.5635690093040466,-0.13735570013523102,0.030959147959947586,10.34538745880127,0.5868393182754517
29857,-1.0960315465927124,-0.2503090798854828,0.027291839942336082,19.76317024230957,0.0005004882696084678
29883,1.1879750490188599,0.9953770637512207,0.03396404907107353,8.014643669128418,6.550650119781494
29890,0.36343634128570557,-0.20139949023723602,0.03477666899561882,13.810121536254883,0.259072870016098
29896,-0.2202138453722,-0.1765386313199997,0.028633976355195045,14.337096214294434,0.352285772562027
29961,-0.4037020802497864,-0.23274043202400208,0.025795284658670425,14.110132217407227,0.08528442680835724
29969,-1.5407862663269043,-0.2486957609653473,0.02641054429113865,22.542951583862305,0.012451171875
29970,-0.6437661647796631,-0.13262805342674255,0.020657600834965706,12.94444465637207,0.461740106344223
30016,-1.100717306137085,-0.24627719819545746,0.025060979649424553,18.78035545349121,0.02025756798684597
30042,-0.31492018699645996,-0.2350490391254425,0.029532169923186302,15.565370559692383,0.04406128078699112
30054,1.789849877357483,-0.0005226381472311914,0.044254887849092484,9.300514221191406,1.2099838256835938
30090,-1.454241394996643,-0.17874105274677277,0.024266889318823814,20.165311813354492,0.26646119356155396
30098,-0.41218575835227966,-0.1847793608903885,0.030092809349298477,16.999103546142578,0.244049072265625
30099,-0.6443951725959778,-0.24745240807533264,0.02893861196935177,17.681961059570312,0.010479736141860485
30112,0.7850117087364197,0.015339515171945095,0.033173564821481705,9.764166831970215,1.1827576160430908
30129,1.3165780305862427,-0.014286734163761139,0.043190788477659225,11.763629913330078,1.4112831354141235
30137,0.05488889291882515,-0.15886929631233215,0.02897324599325657,12.532877922058105,0.41156005859375
30155,2.150893211364746,0.0902448520064354,0.05027896910905838,9.962359428405762,1.5312957763671875
30201,-2.6719419956207275,-0.2503169775009155,0.018777325749397278,25.782251358032227,0.0003234863397665322
30207,-0.4217528998851776,-0.23804257810115814,0.029837070032954216,15.93126392364502,0.02788696251809597
30279,0.24459443986415863,-0.20729076862335205,0.03300374001264572,14.164008140563965,0.271820068359375
30283,0.000827962183393538,-0.214739590883255,0.028584733605384827,12.66346549987793,0.16890259087085724
30308,1.188127875328064,0.4885876178741455,0.03443215787410736,8.346156120300293,2.422650098800659
30310,0.8277873396873474,-0.09232126921415329,0.03621460124850273,11.588465690612793,0.5380264520645142
30349,-1.240168571472168,-0.2447998970746994,0.022399351000785828,18.17734146118164,0.02078552357852459
30359,1.204554557800293,-0.033441733568906784,0.040398743003606796,11.872519493103027,1.1746033430099487
30370,0.6568803191184998,-0.23826979100704193,0.04103677347302437,15.35656452178955,0.05105285719037056
30375,0.5865761041641235,0.47561725974082947,0.03242296352982521,10.57010269165039,3.108563184738159
30381,1.1339993476867676,-0.10830601304769516,0.03970455750823021,10.659850120544434,0.5202850699424744
30387,-0.6122655868530273,-0.19035553932189941,0.029893234372138977,17.6182918548584,0.18577270209789276
30393,-0.2546362578868866,-0.15607206523418427,0.027619505301117897,14.557977676391602,0.45366212725639343
30395,-1.4068070650100708,-0.24959908425807953,0.02470424585044384,20.582855224609375,0.0037475586868822575
30477,2.054159641265869,0.7903972864151001,0.04790062829852104,10.57011890411377,3.202526807785034
30519,0.3050384819507599,-0.16015586256980896,0.03394613787531853,14.481841087341309,0.43185120820999146
30523,1.2331265211105347,1.0051965713500977,0.0334363728761673,7.3235087394714355,5.087683200836182
30554,-3.893555164337158,-0.2504661977291107,0.014887616038322449,32.545806884765625,0.0
30579,0.9601710438728333,1.1806583404541016,0.03083919547498226,7.2679314613342285,5.780975341796875
30590,-1.4445445537567139,-0.24978697299957275,0.02702716551721096,22.13140296936035,0.0028015137650072575
30629,1.7503559589385986,0.15561598539352417,0.046486977487802505,11.075339317321777,1.5952179431915283
30642,1.549561619758606,0.7230557203292847,0.038624297827482224,8.018431663513184,3.911045789718628
30684,1.9775148630142212,-0.13331936299800873,0.0476972758769989,10.754234313964844,0.5057647824287415
30698,0.10373189300298691,-0.15940992534160614,0.03059570863842964,12.912897109985352,0.4205896556377411
30701,0.626696765422821,0.10993750393390656,0.03333333134651184,11.651198387145996,1.9854446649551392
30703,-2.9482455253601074,-0.2504661977291107,0.015080168843269348,26.07818603515625,0.0
30723,0.23599176108837128,-0.2112330198287964,0.034108273684978485,14.286256790161133,0.318502813577652
30735,1.954271674156189,1.0427653789520264,0.044071879237890244,7.672487735748291,6.275235176086426
30742,0.07259231805801392,-0.10360046476125717,0.03247759863734245,14.789079666137695,0.6845489740371704
30757,2.715690851211548,1.3328818082809448,0.05129328370094299,7.303916931152344,7.997708320617676
30819,-1.384212851524353,-0.2502982020378113,0.024957407265901566,20.963048934936523,0.001025390694849193
30831,-2.2127604484558105,-0.25042638182640076,0.018385808914899826,22.655521392822266,0.00017089843458961695
30847,0.06524988263845444,-0.07799827307462692,0.027465661987662315,11.767942428588867,0.6702331900596619
30889,0.3752926290035248,-0.04662339761853218,0.02958866022527218,10.811762809753418,0.7303680777549744
30927,-0.5783881545066833,-0.24716725945472717,0.031052468344569206,17.781949996948242,0.011943054385483265
30965,-1.871516227722168,-0.2503625750541687,0.022256579250097275,22.111406326293945,0.0004760742303915322
30994,0.5309006571769714,-0.2140360325574875,0.0343235582113266,12.636515617370605,0.1663970947265625
31021,0.42569658160209656,-0.1808650642633438,0.03401706740260124,13.31121826171875,0.313711553812027
31031,1.6964428424835205,0.4019582271575928,0.043727803975343704,9.870502471923828,2.5379791259765625
31038,-2.5656046867370605,-0.2504313886165619,0.01807687059044838,25.10615348815918,0.0001464843808207661
31043,1.2628458738327026,-0.13236550986766815,0.043405190110206604,11.965312004089355,0.6633514761924744
31044,0.9627606272697449,0.1343930959701538,0.03766186907887459,11.238409042358398,1.7803558111190796
31047,-1.3108361959457397,-0.24133606255054474,0.02087145857512951,17.952518463134766,0.02470550499856472
31111,0.9486681818962097,0.01065512653440237,0.036841969937086105,11.159945487976074,1.211389183998108
31129,0.47113391757011414,0.018137779086828232,0.030897779390215874,10.74521541595459,0.8250656127929688
31132,-0.06757407635450363,-0.11604014784097672,0.03183327987790108,15.228482246398926,0.5275298953056335
31145,-1.771632432937622,-0.25033101439476013,0.019908322021365166,20.199764251708984,0.0004180908144917339
31149,1.7791712284088135,0.3374243676662445,0.04661839082837105,11.374300956726074,2.0767059326171875
31180,-4.128048419952393,-0.2504661977291107,0.016636541113257408,34.9748649597168,0.0
31190,-1.6885637044906616,-0.2502809166908264,0.027881523594260216,23.992568969726562,0.0006225585821084678
31200,-0.5617149472236633,-0.2500752806663513,0.030359169468283653,18.145273208618164,0.0016998291248455644
31226,-0.34275707602500916,-0.10016485303640366,0.025799259543418884,13.311694145202637,0.5345398187637329
31248,-2.9089925289154053,-0.2504661977291107,0.01638072542846203,26.60163688659668,0.0
31273,0.2948009669780731,-0.1646053045988083,0.03109830431640148,12.400656700134277,0.20545350015163422
31292,0.201884463429451,-0.2399606704711914,0.0335545539855957,14.766860961914062,0.03754577785730362
31302,-4.94135046005249,-0.2504661977291107,0.012854444794356823,38.81927490234375,0.0
31309,-2.980987310409546,-0.25041621923446655,0.019286267459392548,28.02094841003418,0.00021972657123114914
31347,0.4563784599304199,-0.14463074505329132,0.03204716742038727,12.400611877441406,0.5492523312568665
31355,1.6321392059326172,0.7677883505821228,0.04439223185181618,10.486152648925781,3.315747022628784
31376,-1.1962732076644897,-0.2472742646932602,0.019211774691939354,16.237852096557617,0.01352539099752903
31439,-0.42891597747802734,-0.20403888821601868,0.02608991228044033,14.22386360168457,0.15960387885570526
31543,1.6865986585617065,-0.08231627941131592,0.043466754257678986,9.6054105758667,0.6113220453262329
31551,-0.27221474051475525,-0.1354987472295761,0.027412328869104385,13.88915729522705,0.2812561094760895
31555,0.776212751865387,0.06872310489416122,0.03228958323597908,10.100193977355957,1.2673157453536987
31574,-3.137849807739258,-0.2504514157772064,0.0166489165276289,28.24812126159668,6.103515625e-05
31578,-0.041068948805332184,0.2347879409790039,0.023726200684905052,10.218001365661621,2.0717499256134033
31592,0.019854595884680748,0.1912699192762375,0.029200676828622818,12.828531265258789,2.151226758956909
31611,0.9901410341262817,-0.22849468886852264,0.04128052294254303,12.875709533691406,0.096099853515625
31620,1.3924118280410767,0.11616821587085724,0.04348389431834221,11.5941801071167,2.581829786300659
31631,1.0212947130203247,0.04070772975683212,0.04187581315636635,13.675666809082031,2.0364990234375
31646,1.233219027519226,-0.04473210498690605,0.038441002368927,10.0719633102417,0.7593994140625
31647,0.17666570842266083,-0.24206364154815674,0.037025608122348785,16.925275802612305,0.04488525539636612
31650,-0.07862110435962677,-0.08863993734121323,0.03155144304037094,14.879010200500488,0.8890106081962585
31708,0.7331385016441345,-0.168503075838089,0.036648668348789215,12.336943626403809,0.3513549864292145
31793,-0.5199453830718994,-0.24773593246936798,0.027752816677093506,16.76112937927246,0.011566162109375
31801,-0.07263302803039551,-0.24493546783924103,0.03450566902756691,16.531871795654297,0.0184478759765625
31836,0.12729273736476898,0.7349132895469666,0.030290324240922928,12.138531684875488,4.180819988250732
31856,-4.110151767730713,-0.2504661977291107,0.013256842270493507,33.327842712402344,0.0
31877,-1.0339046716690063,-0.17943871021270752,0.021126478910446167,16.0482177734375,0.5125519037246704
31883,1.1061370372772217,0.5434081554412842,0.036251332610845566,9.880894660949707,2.8443603515625
31901,-0.5508330464363098,-0.21945348381996155,0.023787399753928185,14.276274681091309,0.09849853813648224
31922,1.2906148433685303,0.15745405852794647,0.034883901476860046,8.844149589538574,1.757257103919983
31960,-0.06428485363721848,-0.18976697325706482,0.028538722544908524,13.164520263671875,0.2688964903354645
31973,1.254621982574463,1.0056514739990234,0.033042844384908676,7.107982158660889,4.972273349761963
31977,1.2790563106536865,0.24505983293056488,0.03791583701968193,9.62912654876709,1.8472381830215454
31994,-0.2972480356693268,-0.2278445065021515,0.03029944933950901,16.225034713745117,0.06828613579273224
31995,-2.0397791862487793,-0.1635798066854477,0.02367788553237915,24.928359985351562,0.6837524771690369
32001,0.6583007574081421,1.1403087377548218,0.029352588579058647,8.92716121673584,5.222744941711426
32012,-1.5866562128067017,-0.25018221139907837,0.02587016299366951,22.743337631225586,0.0022308349143713713
32031,-0.07685855776071548,-0.21696285903453827,0.026916537433862686,12.152722358703613,0.1092376708984375
32079,1.2527179718017578,1.565351963043213,0.032845672219991684,7.1869988441467285,7.2352294921875
32093,-4.1889262199401855,-0.2504661977291107,0.014538399875164032,34.38522720336914,0.0
32118,1.7573747634887695,0.2763174772262573,0.04272564873099327,8.18568229675293,1.7416549921035767
32199,-1.8411768674850464,-0.16825652122497559,0.01798107661306858,19.88949966430664,0.4566406309604645
32227,0.12872900068759918,0.15253140032291412,0.025710362941026688,10.081220626831055,1.5936462879180908
32238,1.507615327835083,-0.17156152427196503,0.04673266038298607,12.310359001159668,0.38307496905326843
32272,-1.597206711769104,-0.2486400604248047,0.022248266264796257,20.452503204345703,0.01175537146627903
32342,1.096779227256775,-0.08369863778352737,0.038279708474874496,10.522887229919434,0.698638916015625
32364,-2.995105028152466,-0.2504661977291107,0.021347349509596825,29.674707412719727,0.0
32393,0.5986599326133728,-0.20944535732269287,0.03673766553401947,14.34904956817627,0.11552124470472336
32425,-3.0735583305358887,-0.25041937828063965,0.014798221178352833,26.5748233795166,9.765625145519152e-05
32427,-2.0015017986297607,-0.24921289086341858,0.019602607935667038,21.276052474975586,0.0028076171875
32452,1.3298910856246948,0.028940295800566673,0.04319487139582634,11.633378982543945,1.0832031965255737
32481,1.3766261339187622,0.6035175323486328,0.039174631237983704,9.166189193725586,2.575579881668091
32511,2.262011766433716,0.875203549861908,0.04593827947974205,7.823118686676025,3.579127550125122
32516,0.4534552991390228,0.04387316480278969,0.03148241341114044,10.527266502380371,1.1081634759902954
32529,-3.2844033241271973,-0.2503589391708374,0.013099024072289467,27.273839950561523,0.0005981445428915322
32554,0.04095404967665672,-0.1471942663192749,0.028753379359841347,13.18040657043457,0.480865478515625
32556,0.8697491884231567,0.024747280403971672,0.03504765406250954,11.197288513183594,0.8729400634765625
32625,1.4531018733978271,0.6943426132202148,0.037718914449214935,8.44182300567627,3.3159942626953125
32636,-1.441616177558899,-0.24698713421821594,0.019890902563929558,17.69720458984375,0.010821533389389515
32667,-0.4448617100715637,-0.11609839648008347,0.023411771282553673,12.950843811035156,0.734515368938446
32677,-3.321699857711792,-0.2504661977291107,0.02013966627418995,31.333271026611328,0.0
32719,0.46058225631713867,0.26493269205093384,0.028793437406420708,9.990118980407715,1.8427246809005737
32751,0.5047284960746765,-0.1877911537885666,0.034322239458560944,12.736517906188965,0.19825135171413422
32769,0.8316649794578552,0.15355391800403595,0.03643261641263962,11.459817886352539,1.9533843994140625
32770,1.1927326917648315,0.20898135006427765,0.041837748140096664,11.962294578552246,2.52555251121521
32773,0.8476215600967407,-0.15738877654075623,0.04070267081260681,13.996268272399902,0.45658570528030396
32780,-0.9651023745536804,-0.241739422082901,0.02359057404100895,16.545862197875977,0.02811279334127903
32782,-0.20628324151039124,-0.11599856615066528,0.027403449639678,13.504714965820312,1.0145660638809204
32785,-2.382385015487671,-0.22745411098003387,0.02093995362520218,25.258926391601562,0.11612854152917862
32788,0.1408449113368988,-0.2286786288022995,0.03150373324751854,13.699518203735352,0.04843750223517418
32796,-2.266861915588379,-0.2504661977291107,0.020704172551631927,24.819414138793945,0.0
32801,-0.32792386412620544,-0.24472907185554504,0.027581140398979187,14.843356132507324,0.02828369103372097
32821,-2.7476837635040283,-0.24960950016975403,0.01931762509047985,27.284589767456055,0.005358886905014515
32845,-0.11749621480703354,-0.22800493240356445,0.028910133987665176,13.610185623168945,0.06512451171875
32862,1.673599123954773,0.5447452068328857,0.04209171608090401,9.466320991516113,3.168107748031616
32877,0.36129337549209595,-0.059013497084379196,0.03643864020705223,14.290356636047363,0.77899169921875
32889,2.4955148696899414,0.9167333841323853,0.05082445219159126,7.90764856338501,4.163214206695557
32895,-1.9362506866455078,-0.2504701316356659,0.02555851638317108,24.948110580444336,1.5258789289873675e-06
32906,0.3050360083580017,-0.24649296700954437,0.03886817768216133,16.13437271118164,0.0211944580078125
32910,1.101962924003601,-0.17461763322353363,0.04085714742541313,12.776998519897461,0.3201965391635895
32912,-2.372715950012207,-0.2504661977291107,0.022213611751794815,25.573148727416992,0.0
32919,2.3366785049438477,0.3613695800304413,0.050789546221494675,9.163661003112793,2.385876417160034
32926,0.8807567954063416,-0.02904639206826687,0.0385732501745224,12.330511093139648,1.3518494367599487
33017,0.9892868399620056,0.36532530188560486,0.032873693853616714,8.303297996520996,2.658346652984619
33064,0.9114552736282349,-0.07506243139505386,0.033689215779304504,9.484855651855469,0.7648086547851562
33067,0.15603888034820557,-0.08864809572696686,0.02834841050207615,11.725421905517578,0.497344970703125
33079,-0.25599148869514465,-0.19022546708583832,0.024073710665106773,12.049403190612793,0.24960021674633026
33142,-0.6663317084312439,-0.2489960491657257,0.030787229537963867,17.691843032836914,0.0060516358353197575
33154,-0.7530209422111511,-0.09001757949590683,0.018767869099974632,12.336980819702148,0.5871246457099915
33166,0.3138523995876312,-0.16855910420417786,0.03259629011154175,13.270812034606934,0.39635926485061646
33172,1.4987238645553589,0.5277902483940125,0.04251214861869812,11.906598091125488,3.8858704566955566
33193,-0.4530560076236725,-0.20455507934093475,0.025740424171090126,14.551608085632324,0.2666259706020355
33246,-0.7817808985710144,-0.24487505853176117,0.025402938947081566,16.94434928894043,0.014855957590043545
33259,0.45144206285476685,-0.21807248890399933,0.03562139719724655,13.721298217773438,0.10318603366613388
33289,1.5189074277877808,0.5276014804840088,0.03692471235990524,7.449188232421875,3.6944656372070312
33294,-1.0185438394546509,-0.23612825572490692,0.021029148250818253,15.493127822875977,0.0979156494140625
33295,-3.3023593425750732,-0.2504661977291107,0.018140746280550957,30.341495513916016,0.0
33297,0.7343841791152954,0.013187154196202755,0.03409898281097412,11.252035140991211,0.9544525146484375
33304,0.14035379886627197,-0.025140805169939995,0.02891261875629425,12.380218505859375,0.6481170654296875
33313,2.364271879196167,0.7333002090454102,0.04897642880678177,8.314183235168457,4.7070465087890625
33320,0.7301701903343201,-0.1530260294675827,0.036213576793670654,13.239697456359863,0.3188842833042145
33333,0.699570894241333,0.29150351881980896,0.030648160725831985,9.05185317993164,1.583032250404358
33338,0.05769715830683708,0.3332858979701996,0.022399652749300003,9.56275463104248,2.95951247215271
33394,2.032480001449585,0.6493820548057556,0.04790395125746727,10.367456436157227,5.154239177703857
33429,-2.318002223968506,-0.25040072202682495,0.016560031101107597,22.23948097229004,0.0002380371151957661
33455,-0.5790371298789978,-0.16627705097198486,0.025222068652510643,15.028172492980957,0.19835816323757172
33464,0.7858072519302368,-0.20285414159297943,0.03796318173408508,13.088373184204102,0.17226867377758026
33476,0.26744815707206726,0.46959325671195984,0.027568086981773376,10.571015357971191,3.105734348297119
33477,0.5187984704971313,-0.13960270583629608,0.03656783699989319,14.560297012329102,0.4800567626953125
33504,-0.35995739698410034,-0.20502221584320068,0.02476212941110134,12.998824119567871,0.12714385986328125
33534,1.746683955192566,0.5199376344680786,0.04082204028964043,7.790618896484375,2.5376739501953125
33552,0.06675727665424347,-0.20587556064128876,0.028279641643166542,12.209245681762695,0.1930389404296875
33567,-0.6026303768157959,-0.22369208931922913,0.026402417570352554,15.97154426574707,0.110809326171875
33576,2.480185031890869,1.3101001977920532,0.04887932538986206,7.735266208648682,7.446704387664795
33578,-1.7699005603790283,-0.2503536641597748,0.025826504454016685,23.04279136657715,0.0001678466796875
33606,-2.737746000289917,-0.2504296898841858,0.019600030034780502,26.888626098632812,0.0002685546933207661
33622,-0.023304734379053116,-0.05716601759195328,0.027531856670975685,12.71222972869873,0.81494140625
33631,-0.9323956370353699,-0.24474160373210907,0.0228273943066597,16.7983455657959,0.02186279371380806
33702,0.0890606939792633,-0.22213225066661835,0.031875353306531906,14.093798637390137,0.0888519287109375
33707,1.8566648960113525,1.7034724950790405,0.041747916489839554,7.631779670715332,9.096885681152344
33710,0.24246583878993988,-0.24467304348945618,0.03812715411186218,16.64466094970703,0.02971496619284153
33720,0.6976786851882935,0.007378970272839069,0.03374556079506874,10.148089408874512,1.4219802618026733
33723,0.5659739375114441,-0.23177199065685272,0.0399554967880249,15.06052303314209,0.04482727125287056
33747,0.5245037078857422,0.25173258781433105,0.03627164289355278,12.500849723815918,3.2058379650115967
33757,2.6070027351379395,0.1472318172454834,0.05355311185121536,9.785582542419434,2.184466600418091
33765,0.4724460542201996,-0.22453652322292328,0.032724037766456604,12.237196922302246,0.08185577392578125
33768,1.7688864469528198,0.07252956181764603,0.04549901932477951,10.72946834564209,1.8616150617599487
33820,-3.6758549213409424,-0.2504661977291107,0.01803652197122574,33.107357025146484,0.0
33835,-1.215988278388977,-0.24906781315803528,0.02207019366323948,18.03805160522461,0.0051818848587572575
33912,0.6925134658813477,-0.10255817323923111,0.03284601494669914,10.591395378112793,0.5073150992393494
33927,-2.0115842819213867,-0.24899959564208984,0.02173703722655773,23.156402587890625,0.0031372071243822575
33957,-1.7418888807296753,-0.24437768757343292,0.024048520252108574,23.036989212036133,0.014508056454360485
33962,0.12675397098064423,0.12682770192623138,0.025632083415985107,9.879729270935059,1.7198883295059204
33997,0.37801480293273926,-0.23158863186836243,0.03663194924592972,14.270049095153809,0.06355895847082138
34003,0.15521524846553802,0.569760799407959,0.023521967232227325,8.639692306518555,3.7785491943359375
34007,0.5939048528671265,-0.03467985615134239,0.03429291024804115,12.42232608795166,0.8123077750205994
34027,-0.22234070301055908,-0.19736869633197784,0.02610955201089382,13.013116836547852,0.29149171710014343
34048,-3.017489194869995,-0.2504661977291107,0.01654108799993992,27.551137924194336,0.0
34054,0.618024468421936,-0.1792764663696289,0.036921605467796326,12.747527122497559,0.30281373858451843
34057,1.9345053434371948,0.7003393769264221,0.04409704729914665,7.9402947425842285,4.254065036773682
34059,1.2181367874145508,1.0650724172592163,0.034090593457221985,7.951633453369141,4.731235027313232
34074,0.9721772074699402,0.16901960968971252,0.03405287489295006,9.350815773010254,1.5885193347930908
34112,-0.1971612125635147,-0.23162265121936798,0.031813573092222214,16.622465133666992,0.0389862060546875
34117,0.04021960124373436,0.13008823990821838,0.025820434093475342,10.938998222351074,1.5628570318222046
34133,-1.4922536611557007,-0.25043708086013794,0.02540448121726513,21.953874588012695,5.187988426769152e-05
34183,-0.6789649128913879,0.1911667138338089,0.017094269394874573,11.060959815979004,1.8745605945587158
34186,-0.3941259980201721,-0.12426938861608505,0.024608559906482697,13.435591697692871,0.7271728515625
34188,0.5913874506950378,-0.2183995544910431,0.03484629467129707,12.625049591064453,0.12128906697034836
34216,0.02435251511633396,-0.2240690439939499,0.030624350532889366,12.596538543701172,0.09814148396253586
34220,-1.442196249961853,-0.24787664413452148,0.023855283856391907,19.97939109802246,0.013696289621293545
34221,-6.094418525695801,-0.2504661977291107,0.009241549298167229,44.89406967163086,0.0
34299,1.605078935623169,0.16201452910900116,0.0421283096075058,9.853479385375977,1.279017686843872
34302,-0.20944075286388397,-0.2293992042541504,0.0287668164819479,14.417998313903809,0.08693847805261612
34303,-0.17640508711338043,-0.1696367859840393,0.02846660651266575,13.89561939239502,0.260580450296402
34323,0.09528016299009323,-0.16068135201931,0.027304545044898987,11.56748104095459,0.508746325969696
34374,-0.043866898864507675,-0.1662590056657791,0.028398437425494194,13.49597454071045,0.35563355684280396
34382,2.0883901119232178,0.23180754482746124,0.047261063009500504,8.926380157470703,1.5452789068222046
34476,-0.510309100151062,-0.22104015946388245,0.026714304462075233,15.439946174621582,0.22889403998851776
34494,0.07746345549821854,-0.0799780935049057,0.024649908766150475,10.465225219726562,0.6574005484580994
34516,0.5571527481079102,0.14983680844306946,0.028519749641418457,9.378477096557617,1.2549591064453125
34541,-0.6559604406356812,-0.23215673863887787,0.02210027538239956,13.594237327575684,0.07561340183019638
34565,0.8138128519058228,-0.18619942665100098,0.03643273934721947,12.168973922729492,0.17208252847194672
34626,1.5923997163772583,0.7475950121879578,0.039418745785951614,8.28345775604248,3.552629232406616
34634,0.8824591040611267,0.12731175124645233,0.032801639288663864,9.234383583068848,1.5738251209259033
34635,1.3923503160476685,-0.07496196031570435,0.045342568308115005,12.114703178405762,0.943676769733429
34687,-0.30515414476394653,-0.22428467869758606,0.03147062659263611,16.650890350341797,0.06194458156824112
34702,-0.38903266191482544,-0.1741054803133011,0.02634923718869686,13.836275100708008,0.5521087646484375
34728,1.4269431829452515,-0.07359681278467178,0.040052127093076706,10.070831298828125,0.6227996945381165
34736,0.46899309754371643,0.07036655396223068,0.028052309527993202,9.256860733032227,1.6632508039474487
34755,-1.0039094686508179,-0.2503760755062103,0.02979033999145031,21.273067474365234,0.00030517578125
34797,0.2874450385570526,-0.18343041837215424,0.031452637165784836,12.61971378326416,0.289947509765625
34803,1.4114798307418823,0.8422533869743347,0.03857315704226494,8.91346263885498,4.559652805328369
34812,0.451178640127182,-0.04916790500283241,0.0323735848069191,11.693097114562988,0.841906726360321
34818,0.24007582664489746,-0.17890894412994385,0.03186910226941109,12.666851043701172,0.302590936422348
34833,-2.4883689880371094,-0.25045061111450195,0.0204666405916214,25.806745529174805,9.765625145519152e-05
34837,-1.5582131147384644,-0.25033238530158997,0.025456933304667473,22.2314510345459,0.0004516601620707661
34839,-0.7957982420921326,-0.24933162331581116,0.02868814766407013,18.200891494750977,0.0049835206009447575
34854,0.8643110394477844,0.05727141723036766,0.035554151982069016,11.278311729431152,1.5218597650527954
34879,0.5724841952323914,0.11416975408792496,0.03339166194200516,11.026778221130371,1.494390845298767
34884,1.1582719087600708,0.2925375998020172,0.04074522480368614,11.895668029785156,2.0634095668792725
34888,-0.8537168502807617,-0.22990942001342773,0.020405082032084465,14.239578247070312,0.08236236870288849
34891,-4.453857421875,-0.2504661977291107,0.013912538066506386,35.966732025146484,0.0
34931,0.45123490691185,-0.19071917235851288,0.03764985129237175,14.930510520935059,0.13028565049171448
34935,1.1619980335235596,0.5077299475669861,0.03733323886990547,10.404424667358398,1.9327973127365112
34941,-2.6143505573272705,-0.2504160702228546,0.018617255613207817,25.74234390258789,0.000213623046875
34945,0.9949032068252563,-0.025939593091607094,0.0375971756875515,11.52787971496582,0.8534790277481079
34954,1.8861076831817627,0.6414398550987244,0.04359941557049751,8.982409477233887,3.905261278152466
35000,2.263368606567383,0.32704269886016846,0.05212443694472313,8.649861335754395,2.642630100250244
35055,-1.290533423423767,-0.22544896602630615,0.024448197335004807,19.844362258911133,0.1983642578125
35125,-0.07488461583852768,-0.23057487607002258,0.03440151736140251,17.06066131591797,0.07135619968175888
35155,2.065786600112915,-0.01939736120402813,0.0502602756023407,10.443686485290527,0.9159698486328125
35166,-4.909586429595947,-0.2504661977291107,0.012713787145912647,38.61184310913086,0.0
35189,-0.8757301568984985,-0.24333934485912323,0.019385235384106636,14.007349014282227,0.03204650804400444
35227,0.14070501923561096,0.006006547715514898,0.02975436858832836,12.728970527648926,1.648748755455017
35237,-1.649240493774414,-0.25006139278411865,0.02503019943833351,23.094650268554688,0.0011108398903161287
35247,-1.970035195350647,-0.23038120567798615,0.01807035133242607,20.577472686767578,0.04346313700079918
35265,0.6559047102928162,-0.06997106224298477,0.03091348707675934,10.224035263061523,0.6239990592002869
35273,1.7023546695709229,0.13480955362319946,0.042955946177244186,9.89633846282959,1.3431243896484375
35289,1.8805452585220337,0.12358524650335312,0.04565512016415596,10.511685371398926,1.7762421369552612
35386,0.7022778391838074,0.3291771709918976,0.029580164700746536,8.501395225524902,2.3064301013946533
35409,1.4838083982467651,0.11726941168308258,0.04304368421435356,11.089286804199219,2.1324431896209717
35438,1.0581315755844116,-0.11793933063745499,0.03687187284231186,10.823878288269043,0.5443450808525085
35445,-1.339356780052185,-0.24988193809986115,0.02347831055521965,19.435850143432617,0.001678466796875
35471,-0.32463356852531433,-0.24870815873146057,0.03377999737858772,19.0910701751709,0.0033813477493822575
35487,-0.2110162228345871,-0.1884736269712448,0.02534441463649273,12.2533597946167,0.22932128608226776
35497,0.3018656373023987,-0.19231143593788147,0.031648553907871246,12.687371253967285,0.190643310546875
35513,0.7457292079925537,-0.15572641789913177,0.036333534866571426,12.576196670532227,0.3622497618198395
35547,-2.0348756313323975,-0.2497749775648117,0.02244771458208561,24.167085647583008,0.0027343749534338713
35552,-0.8243915438652039,-0.23146139085292816,0.030332092195749283,20.262374877929688,0.04070434719324112
35580,0.6751418709754944,-0.16017119586467743,0.04001883789896965,13.931632995605469,0.461038202047348
35609,-0.9960159659385681,-0.2373577356338501,0.022807162255048752,17.04345703125,0.06023559719324112
35652,-2.4391820430755615,-0.25044259428977966,0.01922742649912834,24.927515029907227,7.324219041038305e-05
35660,0.8586859107017517,-0.19484224915504456,0.037386566400527954,12.338164329528809,0.380349725484848
35680,0.01984229125082493,-0.2378174066543579,0.03521313890814781,16.612815856933594,0.04930419847369194
35748,2.02290415763855,0.37587493658065796,0.045880332589149475,9.735272407531738,2.057116746902466
35751,-1.8018534183502197,-0.24749496579170227,0.018604125827550888,20.185344696044922,0.014947510324418545
35775,0.9740580916404724,-0.07837342470884323,0.03538447245955467,10.421030044555664,0.8813537955284119
35801,-2.2023684978485107,-0.24541190266609192,0.015751807019114494,21.07147789001465,0.02203674428164959
35819,0.2878133952617645,-0.23914973437786102,0.03808898851275444,15.730012893676758,0.033172607421875
35867,0.8231849074363708,0.41393524408340454,0.03246628865599632,9.740371704101562,3.572378635406494
35879,1.9767316579818726,-0.0064966268837451935,0.047668639570474625,10.117971420288086,0.859210193157196
35892,1.697055697441101,-0.08767648786306381,0.04353448376059532,10.40909481048584,0.727984607219696
35898,0.5040392875671387,-0.20584027469158173,0.03692612797021866,14.42780590057373,0.25181275606155396
35918,0.7068774104118347,-0.20889687538146973,0.03789608180522919,13.682652473449707,0.18612061440944672
35989,-2.8625011444091797,-0.2504557967185974,0.017538607120513916,26.72787857055664,3.0517578125e-05
36002,0.9692592620849609,0.5261135697364807,0.03310151398181915,9.238763809204102,3.1455962657928467
36016,-2.1439549922943115,-0.25031349062919617,0.02347918413579464,25.2236385345459,0.00067138671875
36030,-0.369310587644577,-0.18706123530864716,0.023439446464180946,12.856770515441895,0.4402404725551605
36035,-1.1661114692687988,-0.24608492851257324,0.022106051445007324,17.701391220092773,0.013093567453324795
36041,1.451560616493225,0.17689929902553558,0.04931783303618431,14.172378540039062,1.7062714099884033
36048,-1.2972615957260132,-0.2454250603914261,0.02302481420338154,18.92781639099121,0.03160400316119194
36056,0.6911733746528625,-0.1828431338071823,0.04052275791764259,15.569449424743652,0.2171630859375
36073,2.898571014404297,0.6549515128135681,0.0568196140229702,9.127352714538574,4.682925701141357
36082,1.852640151977539,-0.16640430688858032,0.04752744734287262,11.956987380981445,0.4889465272426605
36121,1.4424817562103271,0.3017469048500061,0.0413224920630455,10.345189094543457,2.3162033557891846
36139,-2.0386722087860107,-0.25046005845069885,0.026203284040093422,25.658355712890625,9.15527380129788e-06
36150,-0.05811565741896629,-0.1661069244146347,0.02552677132189274,12.128758430480957,0.4163818359375
36191,2.0108609199523926,0.040727365761995316,0.05126185342669487,11.632796287536621,0.9315032958984375
36196,-3.2435357570648193,-0.2504661977291107,0.012445000931620598,26.723285675048828,0.0
36217,-0.7086693048477173,-0.004133649170398712,0.024387547746300697,15.183850288391113,1.4906952381134033
36233,1.6269245147705078,-0.04385823756456375,0.04444943368434906,11.840710639953613,1.064703345298767
36246,-2.435053586959839,-0.2504661977291107,0.02337929978966713,26.654550552368164,0.0
36301,-2.9892635345458984,-0.2504661977291107,0.01689813658595085,27.344120025634766,0.0
36362,-1.1277742385864258,-0.24361386895179749,0.018114900216460228,14.78955078125,0.03456420823931694
36378,1.0978389978408813,0.41672998666763306,0.034382909536361694,8.7948637008667,2.0859222412109375
36411,0.25334641337394714,0.19725076854228973,0.029735157266259193,11.69617748260498,1.7173370122909546
36421,-0.5494762063026428,-0.07369579374790192,0.02826600708067417,17.246479034423828,0.7419098019599915
36439,-1.4350069761276245,-0.2482796460390091,0.022837957367300987,19.837753295898438,0.00827636756002903
36528,-1.3460487127304077,-0.24784231185913086,0.025483140721917152,20.2139949798584,0.008374023251235485
36532,0.36518821120262146,-0.02826553024351597,0.03232262656092644,12.530961036682129,1.3952606916427612
36540,-1.2122225761413574,-0.240608811378479,0.02312595583498478,18.192913055419922,0.051483154296875
36556,1.4359225034713745,0.2958751916885376,0.040031544864177704,9.942245483398438,2.632516622543335
36587,-0.40662869811058044,-0.24526213109493256,0.029866887256503105,15.809657096862793,0.014767455868422985
36603,-1.5273624658584595,-0.2486061155796051,0.02228737622499466,20.01715660095215,0.008056640625
36617,0.9944254755973816,0.2964649796485901,0.03946832939982414,11.572604179382324,1.6059173345565796
36653,-0.7041678428649902,-0.24173270165920258,0.023037446662783623,14.303115844726562,0.0288238525390625
36660,-0.9713035821914673,-0.20517554879188538,0.02291906625032425,16.53767204284668,0.149169921875
36669,-3.37479829788208,-0.25045254826545715,0.01700436696410179,30.353002548217773,8.544921729480848e-05
36757,-0.5023472905158997,0.25457295775413513,0.02004159428179264,11.259455680847168,1.779022216796875
36810,1.744521141052246,0.8208351135253906,0.043935880064964294,9.464861869812012,3.9136414527893066
36830,1.7918977737426758,0.4581618309020996,0.04214948043227196,8.318327903747559,3.013336181640625
36851,-2.8673839569091797,-0.25044649839401245,0.01915641315281391,27.474775314331055,4.882812572759576e-05
36854,0.2243119776248932,-0.17037180066108704,0.031036043539643288,13.05838680267334,0.34055787324905396
36869,-1.8810474872589111,-0.23884716629981995,0.015071640722453594,18.511289596557617,0.05075683817267418
36871,-0.4573836326599121,0.25281354784965515,0.019870316609740257,11.00240707397461,1.6240875720977783
36899,-2.825887441635132,-0.25046366453170776,0.016467249020934105,26.027494430541992,1.220703143189894e-05
36952,1.8770666122436523,0.2702471911907196,0.04693019017577171,10.035085678100586,2.433624267578125
36956,2.2533299922943115,0.4032464623451233,0.05522407963871956,11.607063293457031,3.9832184314727783
36958,1.6207493543624878,0.44583654403686523,0.040671803057193756,9.299647331237793,3.2441437244415283
36962,-1.9962446689605713,-0.24994006752967834,0.02499500848352909,25.16548728942871,0.001953125
36964,1.1599491834640503,0.2853190004825592,0.036455798894166946,9.5974702835083,2.060162305831909
36988,-1.6420717239379883,-0.24027597904205322,0.02564576268196106,23.46592903137207,0.08316650241613388
36997,1.0538979768753052,0.4828489422798157,0.03758103772997856,11.068903923034668,1.8180145025253296
37003,1.3340214490890503,0.170516237616539,0.03897809982299805,9.841898918151855,2.8701844215393066
37006,1.0635384321212769,0.4835227131843567,0.037525177001953125,10.299525260925293,2.8041718006134033
37056,-1.4910521507263184,-0.24967117607593536,0.024450033903121948,21.34786033630371,0.00344085693359375
37059,1.4301880598068237,0.051918912678956985,0.04031581059098244,9.863738059997559,1.3773773908615112
37086,0.21133165061473846,-0.2288510799407959,0.039442576467990875,17.18526268005371,0.07119140774011612
37099,-1.683699607849121,-0.25040754675865173,0.025408698245882988,23.730241775512695,0.0002563476737122983
37101,0.15415465831756592,0.07012518495321274,0.0343659482896328,15.12610912322998,1.7898132801055908
37114,0.9532994627952576,0.46738630533218384,0.035420749336481094,9.849722862243652,3.8145439624786377
37125,-0.21250943839550018,-0.19948039948940277,0.026379918679594994,13.270174026489258,0.2745819091796875
37152,1.2559980154037476,0.0035308809019625187,0.03998294845223427,10.671324729919434,1.0779389142990112
37184,-2.302626132965088,-0.2504616379737854,0.019765624776482582,24.20601463317871,3.662109520519152e-05
37196,-0.8158127069473267,-0.2501865327358246,0.028736380860209465,18.851112365722656,0.00201416015625
37210,2.669217109680176,0.3918730914592743,0.05567597970366478,9.225150108337402,3.0196380615234375
37272,-0.17612946033477783,0.07185646146535873,0.02222813293337822,10.017638206481934,1.272912621498108
37291,-2.529331922531128,-0.2504661977291107,0.02217031456530094,27.082778930664062,0.0
37312,1.4183673858642578,0.44625329971313477,0.036778200417757034,7.6088480949401855,3.530111789703369
37317,-0.8216735124588013,-0.2432580441236496,0.02357013337314129,15.738382339477539,0.029144287109375
37366,1.5333048105239868,0.5284363627433777,0.041050296276807785,8.788945198059082,2.5157196521759033
37369,0.6576487421989441,0.06756170839071274,0.029781877994537354,9.099383354187012,1.6286087036132812
37381,0.3054368197917938,-0.2030525505542755,0.03171896934509277,12.673445701599121,0.254934698343277
37396,1.665846824645996,1.077449917793274,0.0412791483104229,8.13105297088623,3.8600616455078125
37419,-2.0606794357299805,-0.20502570271492004,0.014963838271796703,19.618473052978516,0.25318604707717896
37451,-0.6269162893295288,-0.22050641477108002,0.030298499390482903,18.46626853942871,0.12202148884534836
37470,2.512694835662842,0.7439852952957153,0.0516277551651001,8.70479965209961,3.8404743671417236
37471,-0.07507527619600296,-0.080539271235466,0.027928724884986877,13.112553596496582,0.9065521359443665
37501,1.3988159894943237,0.2065703123807907,0.04050596058368683,10.590287208557129,2.4003922939300537
37508,-0.01512126810848713,-0.16868385672569275,0.02902247942984104,13.694552421569824,0.543304443359375
37531,-4.333746433258057,-0.25045692920684814,0.014663094654679298,35.67793655395508,3.662109520519152e-05
37541,0.24861565232276917,0.18569467961788177,0.030321154743433,12.095609664916992,2.11002516746521
37622,1.5256811380386353,0.6389306783676147,0.04160375893115997,10.534926414489746,4.220770359039307
37623,-0.32999753952026367,-0.24338427186012268,0.030781149864196777,16.342056274414062,0.0203857421875
37685,1.1176905632019043,-0.176253542304039,0.04219355061650276,12.708869934082031,0.3866333067417145
37708,-0.32363325357437134,-0.22948718070983887,0.033767227083444595,17.713979721069336,0.12449035793542862
37736,0.5652339458465576,-0.08236266672611237,0.034266065806150436,11.914698600769043,0.4464050233364105
37740,-0.022068237885832787,-0.2372349500656128,0.03268304094672203,15.559106826782227,0.04334411770105362
37746,-0.8468505144119263,-0.16410337388515472,0.022333338856697083,15.586180686950684,0.4347900450229645
37749,0.5552303791046143,-0.08100636303424835,0.03456154838204384,12.390460014343262,0.7012176513671875
37750,1.6006298065185547,-0.08590829372406006,0.04458071291446686,10.78933334350586,0.528765857219696
37784,1.3905202150344849,0.5584384799003601,0.040099889039993286,9.598771095275879,2.6862428188323975
37813,-4.349489688873291,-0.2504240870475769,0.012350515462458134,33.9498405456543,0.00013427734666038305
37815,0.5583521127700806,0.27095508575439453,0.028149155899882317,8.988775253295898,2.8803634643554688
37834,0.012577462010085583,-0.04081816226243973,0.02812410332262516,12.756709098815918,1.494104027748108
37860,0.3751107156276703,-0.08460851013660431,0.0309531781822443,12.438587188720703,0.49642106890678406
37868,-3.9903512001037598,-0.2504661977291107,0.015123719349503517,33.49464416503906,0.0
37874,2.862169027328491,0.6916897892951965,0.054166026413440704,7.997987270355225,3.7453384399414062
37880,0.629209578037262,-0.02139969728887081,0.031303200870752335,10.236800193786621,0.8209778070449829
37899,1.0350602865219116,0.2119302749633789,0.03458061441779137,9.959014892578125,1.9337494373321533
37911,0.14268265664577484,-0.1649036407470703,0.028585372492671013,11.772562980651855,0.4040771424770355
37921,0.8229264616966248,-0.16989555954933167,0.037494271993637085,12.207724571228027,0.24333496391773224
37946,-2.341658592224121,-0.25041431188583374,0.01786915771663189,23.428287506103516,0.00021820068650413305
38004,0.08904580026865005,-0.09031461924314499,0.026417387649416924,10.989398002624512,0.37843018770217896
38013,-0.6687309145927429,-0.13105297088623047,0.021725770086050034,13.813084602355957,0.5455963015556335
38059,1.7588239908218384,0.62538743019104,0.04747656360268593,11.11876392364502,6.700039863586426
38074,1.2680425643920898,-0.08265794813632965,0.0397699810564518,10.595704078674316,0.6738418936729431
38079,0.1223071962594986,-0.17145760357379913,0.02800600603222847,11.58145809173584,0.3460144102573395
38099,1.4524531364440918,0.1325756162405014,0.04328785836696625,11.60764217376709,2.32464599609375
38106,0.17415682971477509,-0.1872795969247818,0.03103599324822426,13.6057767868042,0.223114013671875
38114,1.058295488357544,-0.19493825733661652,0.03915334492921829,11.24483871459961,0.41423025727272034
38118,0.32683929800987244,-0.18817710876464844,0.031171346083283424,12.908500671386719,0.18078307807445526
38140,0.2844049632549286,-0.2095167636871338,0.03277043625712395,13.774581909179688,0.16483764350414276
38160,0.7173172235488892,0.6040578484535217,0.030668577179312706,9.2498140335083,3.717193603515625
38210,2.482542037963867,1.153152585029602,0.05122179910540581,8.854443550109863,6.9339447021484375
38295,0.5996605753898621,-0.19154565036296844,0.03589661791920662,12.09787368774414,0.26166993379592896
38302,0.2655900716781616,-0.05047501251101494,0.03764810785651207,16.26114273071289,1.002801537513733
38303,0.3847350776195526,0.2186908721923828,0.02755984105169773,9.846878051757812,1.3342407941818237
38313,0.2872154116630554,-0.06033003330230713,0.02620198205113411,9.75495719909668,0.7626007199287415
38343,1.6206436157226562,0.09800706058740616,0.042085178196430206,10.207701683044434,1.6806213855743408
38346,-0.5141255259513855,-0.24459747970104218,0.02971799485385418,17.70735740661621,0.01912841759622097
38359,-0.2837566137313843,-0.022068582475185394,0.022762581706047058,11.394100189208984,0.6960846185684204
38361,-0.8707113265991211,-0.24775265157222748,0.026379792019724846,17.785938262939453,0.013217163272202015
38373,0.6997312903404236,-0.23269353806972504,0.037780653685331345,13.790321350097656,0.12512817978858948
38392,0.058141570538282394,-0.1850430816411972,0.029910340905189514,12.968419075012207,0.363241583108902
38417,-3.067187547683716,-0.250262588262558,0.01686570607125759,27.90926170349121,0.00164794921875
38427,-0.9818680882453918,-0.24852526187896729,0.025243515148758888,18.088233947753906,0.0065551758743822575
38437,2.012704610824585,1.3037445545196533,0.04395688697695732,7.04046630859375,4.763641357421875
38447,-3.5403008460998535,-0.2504661977291107,0.01598198525607586,30.836669921875,0.0
38471,-0.08836469799280167,-0.19763654470443726,0.0309726782143116,14.971293449401855,0.300790399312973
38489,-1.8405059576034546,-0.2332056313753128,0.023402052000164986,22.8321475982666,0.11174316704273224
38498,0.7915347814559937,1.8384231328964233,0.02727443538606167,6.7295660972595215,9.755645751953125
38503,0.19774775207042694,0.05102971941232681,0.029470378533005714,12.160154342651367,1.2201416492462158
38507,0.31472548842430115,-0.24131989479064941,0.03612910956144333,15.541511535644531,0.04863586649298668
38529,1.3772332668304443,-0.1269730031490326,0.04518437758088112,12.410904884338379,0.5041107535362244
38555,0.7885375022888184,0.32788997888565063,0.03774535655975342,13.633936882019043,3.66245436668396
38564,0.15287986397743225,-0.2478639930486679,0.04032300040125847,18.02379035949707,0.005740356631577015
38582,-0.725951075553894,-0.13820624351501465,0.025268927216529846,15.972457885742188,0.46375733613967896
38600,0.353720486164093,-0.13064120709896088,0.03533275052905083,14.626826286315918,0.6201202273368835
38672,1.0898464918136597,0.11152160167694092,0.039598483592271805,11.68977165222168,1.4898284673690796
38680,1.7158228158950806,0.6296526789665222,0.04347815737128258,10.20645809173584,5.253686428070068
38695,1.4826035499572754,0.35270237922668457,0.04189769923686981,9.712592124938965,4.44091796875
38696,0.31602993607521057,-0.1825328767299652,0.03465988487005234,13.934430122375488,0.2678070068359375
38717,-0.3945845663547516,-0.23873524367809296,0.027853820472955704,15.87913990020752,0.06003723293542862
38739,-4.224969863891602,-0.2504661977291107,0.01410154439508915,34.31362533569336,0.0
38775,-0.48839712142944336,0.6784141659736633,0.019559985026717186,11.237293243408203,3.992828369140625
38792,-1.140884280204773,-0.2490333765745163,0.02426830492913723,19.01779556274414,0.01111450232565403
38807,0.17140847444534302,-0.2045210897922516,0.030816664919257164,13.163454055786133,0.24697570502758026
38819,-0.7623233199119568,-0.24602143466472626,0.025505248457193375,17.19292449951172,0.02312622033059597
38839,-0.45554763078689575,-0.11020337790250778,0.02492584101855755,14.083398818969727,1.0649750232696533
38851,0.30486640334129333,-0.13523589074611664,0.03134198114275932,12.706153869628906,0.547076404094696
38882,2.0747478008270264,0.3253500163555145,0.04589539021253586,8.812689781188965,2.893942356109619
38888,0.11915049701929092,-0.17465947568416595,0.03100615181028843,13.660099983215332,0.4116547107696533
38924,0.6144542098045349,0.14115898311138153,0.0320468544960022,10.16455078125,1.5648895502090454
38966,0.017184609547257423,0.3398944139480591,0.023448772728443146,10.033674240112305,1.6705597639083862
38990,0.9646880030632019,0.15017235279083252,0.0397704653441906,12.54139232635498,1.7473785877227783
39029,-2.5645904541015625,-0.2503419816493988,0.018428608775138855,25.13685417175293,0.0003845214960165322
39042,-0.8638641238212585,-0.24823296070098877,0.02741653099656105,18.285263061523438,0.009143066592514515
39090,0.9429647326469421,-0.2256547212600708,0.043631549924612045,14.71739387512207,0.101104736328125
39116,-0.3473663330078125,-0.22698311507701874,0.0279026310890913,14.745353698730469,0.07304535061120987
39131,-0.8825240135192871,-0.23248587548732758,0.027088452130556107,18.305622100830078,0.03876800462603569
39157,-0.2835639417171478,-0.22707639634609222,0.030335620045661926,16.07441520690918,0.1724853515625
39176,0.18843527138233185,0.033377379179000854,0.02922946773469448,11.642909049987793,1.0681365728378296
39214,-0.3865167796611786,-0.2432413548231125,0.03033061884343624,16.934782028198242,0.0553131103515625
39225,1.6615937948226929,0.3273884356021881,0.0414324514567852,8.63650894165039,2.7216796875
39282,0.6770562529563904,0.2485148161649704,0.030992045998573303,9.334779739379883,2.1749069690704346
39285,-1.2700165510177612,-0.23421351611614227,0.02153269201517105,17.480182647705078,0.06023559719324112
39318,0.6936630606651306,-0.20278708636760712,0.03379039093852043,11.507684707641602,0.16772766411304474
39332,2.1193041801452637,0.2879261374473572,0.047791820019483566,9.55844497680664,1.721014380455017
39414,-0.5089808702468872,-0.00956736784428358,0.022456780076026917,13.489102363586426,1.286718726158142
39445,-3.3532161712646484,-0.2504661977291107,0.01749342307448387,30.401412963867188,0.0
39446,-0.6097332835197449,-0.2161923497915268,0.02561056613922119,15.593533515930176,0.1365509033203125
39458,-2.68839430809021,-0.24918845295906067,0.015348128043115139,24.110708236694336,0.0047607421875
39475,1.8504012823104858,0.8012261390686035,0.04310649260878563,8.377028465270996,4.224433898925781
39479,-1.23092782497406,-0.2442459613084793,0.025286322459578514,19.893964767456055,0.05016479641199112
39539,0.6976182460784912,0.3042658269405365,0.03237250819802284,10.578949928283691,2.412432909011841
39551,0.6622092723846436,0.2179214507341385,0.03200533613562584,10.077391624450684,1.639801025390625
39569,1.7464970350265503,0.5634804964065552,0.042848121374845505,9.298957824707031,2.7122466564178467
39591,0.12803314626216888,-0.17829328775405884,0.028676776215434074,11.888590812683105,0.2141876220703125
39624,1.5645259618759155,-0.10477836430072784,0.042801447212696075,10.118790626525879,0.8373199701309204
39645,0.8132339715957642,-0.061068009585142136,0.03415197506546974,11.065045356750488,0.530102550983429
39647,-0.981183648109436,-0.2490423172712326,0.02372146211564541,17.10015869140625,0.0046325684525072575
39649,0.7353754639625549,0.3671961724758148,0.03333647921681404,10.425921440124512,2.579724073410034
39660,-1.1907262802124023,-0.2480378895998001,0.025508210062980652,20.265625,0.01340332068502903
39669,-2.373479127883911,-0.250333309173584,0.019070690497756004,24.299766540527344,0.0006347656599245965
39677,0.028509629890322685,-0.23942463099956512,0.03373774141073227,15.299405097961426,0.03803405910730362
39695,0.35961464047431946,-0.0978872999548912,0.028681281954050064,11.00856876373291,0.512371838092804
39706,1.4190281629562378,-0.18438372015953064,0.04515615105628967,11.971632957458496,0.31135788559913635
39714,-0.7734829783439636,-0.19387614727020264,0.022344686090946198,14.58154010772705,0.2911926209926605
39742,-0.5110365748405457,-0.23249630630016327,0.03122086636722088,17.425357818603516,0.03017578087747097
39757,2.439578056335449,1.035756230354309,0.047576673328876495,7.592952251434326,5.727917671203613
39790,1.65719735622406,0.345276415348053,0.0418633334338665,8.904029846191406,2.971527099609375
39817,-0.3200242221355438,-0.09948186576366425,0.020166771486401558,10.645329475402832,0.734606921672821
39846,1.0233161449432373,0.046289604157209396,0.0377868115901947,11.043838500976562,1.657415747642517
39869,-1.1871923208236694,-0.2496834099292755,0.025976374745368958,19.812040328979492,0.0014770508278161287
39893,-0.33977535367012024,-0.22499780356884003,0.033414971083402634,18.385665893554688,0.13190917670726776
39920,0.6682038903236389,-0.11334500461816788,0.03514368087053299,12.681961059570312,0.890606701374054
39923,-1.539537787437439,-0.22864766418933868,0.022387096658349037,20.34037971496582,0.17659302055835724
39929,-0.9104205965995789,-0.1847035139799118,0.019513359293341637,14.455883979797363,0.32252198457717896
40002,-0.29388266801834106,-0.19128946959972382,0.02989613451063633,15.781180381774902,0.342843621969223
40014,-0.43985673785209656,-0.24368320405483246,0.029734089970588684,16.47357177734375,0.0322723388671875
40051,1.4715090990066528,-0.11394049972295761,0.039262738078832626,9.894704818725586,0.6358211636543274
40053,-0.1417938470840454,0.20578816533088684,0.027776474133133888,13.802334785461426,1.8083313703536987
40069,-2.4968886375427246,-0.25045323371887207,0.01721138507127762,23.93663787841797,6.713867333019152e-05
40151,-1.354979395866394,-0.2476777583360672,0.024656450375914574,19.9011287689209,0.0049575804732739925
40154,-0.5855685472488403,-0.07737039029598236,0.021933794021606445,13.8958740234375,0.3527282774448395
40161,1.2820812463760376,0.19550712406635284,0.03996804356575012,9.429662704467773,2.032641649246216
40180,1.3696843385696411,0.03183356672525406,0.040643539279699326,11.216672897338867,1.6475861072540283
40214,1.0893570184707642,-0.07463803887367249,0.0396338626742363,11.514178276062012,0.4216461181640625
40247,0.3612442910671234,0.07394222170114517,0.03695407882332802,15.396794319152832,0.8900146484375
40269,0.0016509660053998232,-0.1503884196281433,0.03257296234369278,15.564277648925781,0.316986083984375
40331,0.8212602734565735,0.048364099115133286,0.033858444541692734,10.733622550964355,1.117547631263733
40405,-1.7946484088897705,-0.2504475712776184,0.02596450410783291,23.88556480407715,0.0001464843808207661
40417,0.5074744820594788,-0.2287304848432541,0.03662269935011864,13.88976764678955,0.073486328125
40419,0.23102419078350067,-0.14677634835243225,0.029739171266555786,11.798162460327148,0.4933532774448395
40421,0.7683102488517761,-0.0013042166829109192,0.03845900297164917,13.95982837677002,1.0693206787109375
40456,-1.156777024269104,-0.24984656274318695,0.02502160146832466,18.943574905395508,0.0020629882346838713
40467,1.0478352308273315,0.8820732235908508,0.03290867432951927,8.073409080505371,4.441845893859863
40477,-0.23402395844459534,-0.17203976213932037,0.027136296033859253,13.8699312210083,0.26307985186576843
40481,-0.07547293603420258,-0.2020849734544754,0.029894543811678886,14.78580379486084,0.15754090249538422
40489,-1.6371889114379883,-0.24569188058376312,0.020154250785708427,19.40133285522461,0.02956848219037056
40528,-1.7414597272872925,-0.2503475546836853,0.024113144725561142,22.97833251953125,0.0005737305036745965
40536,0.15482519567012787,-0.06881897896528244,0.025980371981859207,10.08829402923584,0.6760925650596619
40538,1.0930442810058594,0.16561125218868256,0.03542035073041916,9.264079093933105,1.7598999738693237
40616,0.19542139768600464,-0.047082751989364624,0.02920369803905487,12.023589134216309,1.3225678205490112
40632,1.0385974645614624,-0.11975572258234024,0.041050251573324203,12.493234634399414,0.532012939453125
40681,-0.875203549861908,-0.215131476521492,0.019097398966550827,13.580703735351562,0.20826111733913422
40686,1.0016013383865356,0.9021481871604919,0.03223417326807976,8.307767868041992,5.019781589508057
40771,-1.2779266834259033,-0.24750077724456787,0.019954456016421318,17.061538696289062,0.008441162295639515
40772,1.3997690677642822,0.07448399066925049,0.03953610733151436,9.402473449707031,1.3000167608261108
40773,-0.7018498182296753,-0.16128471493721008,0.02734498493373394,17.381860733032227,0.3094848692417145
40776,-0.7583880424499512,-0.24202750623226166,0.02663588337600231,17.128957748413086,0.06481628865003586
40783,-0.1621551513671875,-0.18869304656982422,0.02284276857972145,10.863046646118164,0.25157472491264343
40831,-0.18890756368637085,-0.23429420590400696,0.02941131591796875,14.917845726013184,0.05271301418542862
40857,1.0459102392196655,0.04293583333492279,0.03598912060260773,11.055428504943848,1.0022003650665283
40871,-0.04057331755757332,-0.2251390963792801,0.030310142785310745,14.326926231384277,0.09284668415784836
40878,0.3795136511325836,-0.2014850676059723,0.03059259057044983,12.494813919067383,0.19678345322608948
40887,0.40937352180480957,-0.2314111739397049,0.03871966898441315,15.99866771697998,0.121795654296875
40932,-1.5833677053451538,-0.2493574619293213,0.023410474881529808,21.046493530273438,0.003515625139698386
40934,1.2948310375213623,0.356077641248703,0.03973142430186272,10.349713325500488,3.2593750953674316
40938,0.664828360080719,0.041476648300886154,0.030143514275550842,9.666220664978027,1.3505890369415283
40940,1.875562071800232,0.532160758972168,0.04299720749258995,8.350486755371094,3.368391513824463
40944,0.0012953520053997636,0.30080726742744446,0.03289491683244705,15.513162612915039,1.001501441001892
40969,-0.7033874988555908,0.25033488869667053,0.016969826072454453,10.956259727478027,2.0820069313049316
40989,1.4175971746444702,-0.11037137359380722,0.0440458282828331,11.553436279296875,0.5306991934776306
40997,-2.6605749130249023,-0.2504661977291107,0.020303508266806602,26.68820571899414,0.0
41025,-1.728305697441101,-0.23686890304088593,0.023050755262374878,22.06458282470703,0.03038940392434597
41062,1.2379225492477417,0.1490750014781952,0.04150184616446495,11.674952507019043,1.8385009765625
41069,-2.1102449893951416,-0.25041186809539795,0.018947577103972435,22.323261260986328,0.00014038085646461695
41081,1.0505913496017456,-0.0415179617702961,0.03915182128548622,10.453420639038086,0.7687286734580994
41082,-1.4840812683105469,-0.25040972232818604,0.024605968967080116,21.338054656982422,0.0003540039178915322
41113,-1.7206058502197266,-0.25000885128974915,0.01902836561203003,19.299428939819336,0.0009216308826580644
41190,-0.7759907841682434,-0.218377023935318,0.023637905716896057,15.882853507995605,0.10286865383386612
41232,-0.0016554385656490922,-0.09493949264287949,0.025966046378016472,11.24951457977295,0.557604968547821
41339,1.4744243621826172,0.011979418806731701,0.043049246072769165,11.155344009399414,0.9070587158203125
41358,-1.3595927953720093,-0.24933190643787384,0.024768417701125145,20.47447395324707,0.004589844029396772
41360,-0.5701591968536377,-0.22504384815692902,0.022782815620303154,13.75403118133545,0.12003173679113388
41400,0.008633923716843128,-0.24206380546092987,0.032029252499341965,15.6129789352417,0.0514678955078125
41406,-0.4117765426635742,-0.18222548067569733,0.02626381628215313,14.793252944946289,0.25967103242874146
41420,0.11162569373846054,-0.1331702172756195,0.028002222999930382,11.79278564453125,0.33209228515625
41425,-0.7762627601623535,-0.22215531766414642,0.02415940724313259,15.7976655960083,0.07067260891199112
41442,0.7583491206169128,0.005202372558414936,0.034634679555892944,11.139629364013672,1.0292526483535767
41501,-1.5690817832946777,-0.24912011623382568,0.024695100262761116,21.69305419921875,0.003997802734375
41531,0.9634260535240173,0.8015264868736267,0.032196350395679474,8.166375160217285,4.125958442687988
41565,-1.730296015739441,-0.2503373920917511,0.021933702751994133,21.587804794311523,0.000732421875
41587,1.121738314628601,-0.15920020639896393,0.03708040341734886,10.096246719360352,0.3961334228515625
41638,1.6211166381835938,0.6898165345191956,0.03996167704463005,8.01966381072998,3.7149415016174316
41646,-0.43934568762779236,-0.027425259351730347,0.02431599609553814,13.21881103515625,1.214105248451233
41687,-0.6645781397819519,-0.2329278439283371,0.026124028488993645,16.308744430541992,0.084259033203125
41697,-0.15793810784816742,0.0674867033958435,0.025945305824279785,12.206561088562012,1.610144019126892
41708,-1.1215342283248901,-0.2501992881298065,0.025635316967964172,19.09334373474121,0.0007568359724245965
41720,-4.357875347137451,-0.2504661977291107,0.013934874907135963,35.5827751159668,0.0
41728,-1.677419662475586,-0.25003954768180847,0.024203021079301834,21.83316993713379,0.0012634277809411287
41743,-2.4376320838928223,-0.2504661977291107,0.021815355867147446,26.709320068359375,0.0
41759,-0.858705997467041,-0.220914825797081,0.030024690553545952,20.159265518188477,0.08790283650159836
41793,2.425816774368286,0.49025821685791016,0.049864985048770905,8.822815895080566,2.455889940261841
41875,-1.4459304809570312,-0.24635444581508636,0.022072691470384598,19.527687072753906,0.01719970814883709
41886,-1.496037244796753,-0.2093046009540558,0.020193951204419136,18.650287628173828,0.15173950791358948
41928,0.37078869342803955,0.20614619553089142,0.02722109667956829,9.306525230407715,2.6864609718322754
42001,0.5532171726226807,-0.16060186922550201,0.036594782024621964,13.458834648132324,0.20268554985523224
42005,-0.017145449295639992,-0.2398952692747116,0.03315421938896179,15.522177696228027,0.02478637732565403
42016,1.678645133972168,1.477741003036499,0.03960550203919411,8.072531700134277,7.78181791305542
42033,0.036188673228025436,-0.08484437316656113,0.02635231427848339,11.475358009338379,0.496725469827652
42054,2.233598470687866,0.15888063609600067,0.0471772737801075,8.667470932006836,2.1133224964141846
42064,-1.8038371801376343,-0.24556748569011688,0.02254013903439045,22.118824005126953,0.01739196851849556
42088,0.0847579762339592,-0.1406838297843933,0.025747159495949745,10.724204063415527,0.3540786802768707
42089,2.16692852973938,1.182838797569275,0.051220398396253586,8.761731147766113,7.813693523406982
42100,1.5911989212036133,0.021054407581686974,0.04657181724905968,12.206978797912598,1.7085479497909546
42111,2.2985196113586426,1.2977701425552368,0.047699954360723495,7.527435302734375,6.891409397125244
42115,-0.8706085085868835,-0.1891157478094101,0.023694973438978195,15.900595664978027,0.1887969970703125
42170,-0.5721727013587952,-0.2460223287343979,0.029293810948729515,18.403547286987305,0.03331909328699112
42178,1.0933364629745483,0.12406611442565918,0.03895445913076401,10.632853507995605,1.8329193592071533
42194,-0.229533389210701,-0.24942798912525177,0.033378809690475464,16.936330795288086,0.003012085100635886
42222,1.3074880838394165,-0.11571136862039566,0.04437129944562912,12.701859474182129,0.3472641110420227
42242,-0.2848561704158783,-0.17107312381267548,0.0243868175894022,12.588949203491211,0.299612432718277
42256,-1.0785248279571533,-0.23805642127990723,0.021566957235336304,16.545948028564453,0.02849426306784153
42273,-0.25040292739868164,-0.23450522124767303,0.03077675960958004,15.910441398620605,0.04922180250287056
42274,0.06471400707960129,-0.21815402805805206,0.034278467297554016,15.322077751159668,0.0826263427734375
42286,0.6204959750175476,-0.22465668618679047,0.03736814484000206,14.006502151489258,0.07861938327550888
42293,0.10520388185977936,-0.2438930720090866,0.04008045792579651,17.316190719604492,0.02831420861184597
42377,0.5214645266532898,-0.24468298256397247,0.03876837342977524,15.22346019744873,0.02825927734375
42384,-0.06451626867055893,0.0488690584897995,0.022510701790452003,10.2922945022583,1.1226227283477783
42393,2.6081016063690186,1.2209986448287964,0.052255697548389435,7.896703243255615,5.1650390625
42396,-0.1472730189561844,-0.21554668247699738,0.025986770167946815,12.241759300231934,0.14586792886257172
42397,-2.554295063018799,-0.24897269904613495,0.018029728904366493,25.20819664001465,0.005908203311264515
42405,-5.031142711639404,-0.2504661977291107,0.012061906047165394,39.12282943725586,0.0
42451,0.9704702496528625,0.43220430612564087,0.036123715341091156,10.30333423614502,3.170126438140869
42461,0.10939174145460129,-0.08930221945047379,0.026569942012429237,10.684536933898926,0.8620819449424744
42491,2.0450406074523926,0.5150011777877808,0.045562755316495895,8.434000968933105,3.1944642066955566
42503,-2.2040562629699707,-0.24561356008052826,0.016931725665926933,21.939241409301758,0.01661377027630806
42505,2.5197625160217285,1.4389182329177856,0.04863552004098892,7.452164649963379,6.3296356201171875
42511,0.9833995699882507,0.3723961412906647,0.03220880404114723,8.78079891204834,2.676565647125244
42513,-0.14218313992023468,-0.24967101216316223,0.03195960074663162,15.808255195617676,0.0024658204056322575
42518,1.1846203804016113,0.9054112434387207,0.03516267612576485,8.747848510742188,4.369802951812744
42524,0.4774520993232727,0.25697657465934753,0.02732476033270359,9.18596076965332,2.9970703125
42537,0.2242216169834137,0.4667399823665619,0.03014388680458069,12.27009105682373,3.377389669418335
42538,-0.34205371141433716,-0.22748123109340668,0.028257334604859352,15.305912971496582,0.07718200981616974
42578,-1.4384269714355469,-0.23893947899341583,0.020902100950479507,19.105955123901367,0.064697265625
42582,1.8583297729492188,0.9987956881523132,0.04622425511479378,10.35601806640625,5.844964504241943
42623,1.3749111890792847,0.070930115878582,0.04207750782370567,11.300395965576172,1.587255835533142
42642,0.517038106918335,-0.14064659178256989,0.03126838430762291,11.117100715637207,0.41546326875686646
42686,-0.47286292910575867,-0.09074070304632187,0.027210453525185585,14.814879417419434,0.6986114382743835
42698,0.5947051048278809,0.1832577884197235,0.028770465403795242,9.149683952331543,1.7836776971817017
42731,1.4090754985809326,0.061899203807115555,0.040225300937891006,10.303717613220215,0.947125256061554
42745,0.600709855556488,0.32294830679893494,0.028118876740336418,8.957480430603027,2.25022292137146
42782,-1.1691993474960327,-0.23137167096138,0.01760122738778591,14.848492622375488,0.08643799275159836
42813,-1.2309017181396484,-0.25020334124565125,0.02752443589270115,21.106088638305664,0.00115966796875
42817,1.158530592918396,-0.13405850529670715,0.04526670277118683,14.094017028808594,0.5032898187637329
42818,0.7362210154533386,-0.08889990299940109,0.033174823969602585,10.424980163574219,0.5859405398368835
42862,1.2016581296920776,-0.18824081122875214,0.039325036108493805,10.679112434387207,0.17062683403491974
42866,-0.5409743785858154,-0.21828387677669525,0.0249172430485487,14.447084426879883,0.18395386636257172
42919,1.1552757024765015,0.40065819025039673,0.035754941403865814,8.8865327835083,2.4599578380584717
42932,0.43880602717399597,-0.2152853012084961,0.03317876160144806,12.823854446411133,0.16473083198070526
42940,1.3926841020584106,-0.013292389921844006,0.03904241323471069,9.364352226257324,0.927441418170929
42943,-0.4380979537963867,-0.21972332894802094,0.03066120855510235,16.44281578063965,0.15720824897289276
42987,1.600803017616272,0.10303223133087158,0.04657880961894989,12.25438117980957,1.50518798828125
42989,-1.9281351566314697,-0.2504403293132782,0.02236839197576046,22.72840690612793,0.00012817383685614914
43038,-0.540419340133667,-0.24788086116313934,0.032270535826683044,18.84783935546875,0.00977172888815403
43053,0.01902046799659729,-0.20558567345142365,0.028184181079268456,13.237631797790527,0.1596527099609375
43056,0.17489996552467346,0.022761179134249687,0.029467418789863586,11.857670783996582,1.119134545326233
43058,1.4199434518814087,0.011783803813159466,0.039848003536462784,9.989837646484375,1.2144012451171875
43071,1.567751169204712,1.2309516668319702,0.03843412920832634,7.833176612854004,5.542035102844238
43075,1.2479050159454346,-0.0011349677806720138,0.04245692491531372,11.764174461364746,0.9940933585166931
43088,-0.07701992243528366,-0.17809776961803436,0.03537667542695999,17.510852813720703,0.4109863340854645
43093,0.8435724377632141,-0.001857445458881557,0.04286583885550499,14.193405151367188,0.720263659954071
43103,-1.0013483762741089,-0.22935834527015686,0.026567736640572548,19.344985961914062,0.07166748493909836
43140,2.2087483406066895,-0.034771598875522614,0.050418462604284286,9.887299537658691,1.0001709461212158
43142,1.7405623197555542,0.1438748985528946,0.04767701402306557,10.840231895446777,1.5529571771621704
43153,-0.8770460486412048,-0.24810750782489777,0.026021847501397133,17.7293701171875,0.0155029296875
43181,-0.10534286499023438,-0.1890917271375656,0.029812484979629517,15.1124849319458,0.36669617891311646
43189,-2.109302282333374,-0.1510612964630127,0.02002427540719509,23.37158203125,0.21221923828125
43209,2.1904430389404297,1.4288288354873657,0.0433272160589695,6.63512659072876,6.741588115692139
43213,-0.9019646644592285,-0.24982252717018127,0.03171994909644127,20.52277946472168,0.0024841309059411287
43221,1.6902964115142822,0.5132087469100952,0.0398770347237587,7.69573450088501,2.735321044921875
43248,-0.08280229568481445,-0.07603202015161514,0.02931465581059456,13.715858459472656,0.539135754108429
43259,-0.4776063561439514,-0.16974161565303802,0.02266157604753971,12.823920249938965,0.337127685546875
43275,0.16471554338932037,-0.017976701259613037,0.02798541449010372,11.847651481628418,1.3694489002227783
43307,1.782200813293457,0.13606469333171844,0.045519959181547165,10.428717613220215,1.3982117176055908
43315,0.18722884356975555,0.20167668163776398,0.02718210034072399,11.175310134887695,1.2692749500274658
43321,-2.079573392868042,-0.24420659244060516,0.02052631415426731,22.93021583557129,0.05000610277056694
43340,0.6703051924705505,-0.1067110076546669,0.03328517824411392,11.339215278625488,0.490194708108902
43345,1.1926367282867432,-0.10350602865219116,0.040306251496076584,11.438440322875977,0.622906506061554
43387,-0.0492439903318882,-0.1677187979221344,0.031026607379317284,14.676562309265137,0.40259096026420593
43395,1.3622459173202515,0.500339686870575,0.036668214946985245,7.991694927215576,2.5356171131134033
43397,0.8869428634643555,-0.12880727648735046,0.03565661236643791,10.650544166564941,0.5599334836006165
43399,-0.20159390568733215,-0.24867764115333557,0.03463610261678696,17.0462703704834,0.0063873291946947575
43404,0.49408432841300964,0.03800824284553528,0.030100444331765175,10.026416778564453,1.3639099597930908
43425,-1.1119780540466309,-0.12855283915996552,0.024653572589159012,18.74842071533203,0.5125702023506165
43433,-0.4132481515407562,-0.24936115741729736,0.033225301653146744,18.3035888671875,0.0051818848587572575
43535,1.165249228477478,0.032972801476716995,0.03801676258444786,10.203173637390137,1.4828979969024658
43543,-0.34482744336128235,-0.09078750014305115,0.028087852522730827,14.667411804199219,0.690704345703125
43599,-0.46571555733680725,-0.22140026092529297,0.029578974470496178,16.835317611694336,0.13539734482765198
43613,1.1528656482696533,0.04999006539583206,0.03802212327718735,10.327733039855957,1.3818832635879517
43651,0.05391848087310791,-0.23120072484016418,0.03273330256342888,14.778212547302246,0.06620178371667862
43653,-1.1768535375595093,-0.24986565113067627,0.025808587670326233,19.08822250366211,0.002371215960010886
43654,1.2809032201766968,0.04322488233447075,0.040449146181344986,10.580513000488281,0.6177429556846619
43686,0.9900423884391785,-0.08351782709360123,0.03746117278933525,11.022269248962402,0.7002014517784119
43693,0.43853121995925903,-0.1722995489835739,0.03722226247191429,15.074312210083008,0.23804627358913422
43703,-2.9571313858032227,-0.2504661977291107,0.021013589575886726,29.629714965820312,0.0
43753,-0.27536097168922424,0.5152512192726135,0.03224179521203041,17.683645248413086,3.78757643699646
43759,0.37118634581565857,-0.18117588758468628,0.03087030164897442,11.16608715057373,0.20082703232765198
43796,1.0974767208099365,-0.13826052844524384,0.03833478316664696,10.948163986206055,0.38769838213920593
43798,-0.9899862408638,-0.19369839131832123,0.021855250000953674,16.030256271362305,0.227386474609375
43809,0.506573498249054,-0.16404089331626892,0.03350069373846054,12.93406867980957,0.37841796875
43819,-0.6054883003234863,-0.045096732676029205,0.02413281425833702,14.710413932800293,1.447418212890625
43840,0.3296409845352173,-0.21975906193256378,0.03845854848623276,15.817509651184082,0.14817504584789276
43851,-0.04002353921532631,-0.1255635768175125,0.02876650169491768,13.646590232849121,0.752899169921875
43868,-0.8668476939201355,-0.1925208866596222,0.026565421372652054,17.89935302734375,0.24138183891773224
43878,-1.1902071237564087,-0.23748528957366943,0.02286493219435215,18.126008987426758,0.05444946512579918
43920,0.35965028405189514,-0.04523059353232384,0.034184779971838,12.926199913024902,0.622021496295929
43979,0.5487028360366821,0.09233488887548447,0.029362216591835022,9.70551586151123,1.495916724205017
43991,2.167863607406616,1.8038568496704102,0.04274486377835274,6.202894687652588,7.747048854827881
43994,-0.3072631061077118,0.061277952045202255,0.020545946434140205,10.72722339630127,1.3788940906524658
43999,0.3786514103412628,-0.12799926102161407,0.031377922743558884,12.43864917755127,0.45705872774124146
44033,0.10462828725576401,-0.1997767686843872,0.02960311248898506,13.275314331054688,0.21360473334789276
44046,0.4727742373943329,0.19861125946044922,0.028053078800439835,9.519580841064453,1.4888581037521362
44089,1.0635273456573486,0.7219067215919495,0.032651547342538834,7.530416011810303,4.738002300262451
44106,-0.897248387336731,-0.23103342950344086,0.02622564509510994,18.069934844970703,0.09363403171300888
44119,1.4489316940307617,0.09976577013731003,0.0423140712082386,10.679665565490723,1.4047943353652954
44150,-0.1270812600851059,-0.22582899034023285,0.030727235600352287,15.100497245788574,0.099822998046875
44160,-2.9379241466522217,-0.2504613399505615,0.01828696019947529,27.819265365600586,2.441406286379788e-05
44179,1.2838451862335205,-0.22909334301948547,0.047595277428627014,13.160295486450195,0.08634338527917862
44196,-1.8537629842758179,-0.25045010447502136,0.02722647786140442,25.01627540588379,9.1552734375e-05
44211,-0.6293177008628845,-0.2450280636548996,0.03136950731277466,18.12476921081543,0.02692871168255806
44214,-0.5839492082595825,-0.14406843483448029,0.02459164708852768,14.87842845916748,0.5253936648368835
44227,1.2496670484542847,0.03708907589316368,0.037773579359054565,10.640219688415527,1.4150253534317017
44237,0.8246345520019531,-0.2347254753112793,0.041466061025857925,14.706672668457031,0.0425567626953125
44260,0.13115613162517548,-0.2333311289548874,0.03422626852989197,14.846182823181152,0.08763428032398224
44284,0.16371481120586395,-0.22884173691272736,0.030961496755480766,13.431487083435059,0.07202758640050888
44290,1.088443398475647,0.3240009546279907,0.03796467185020447,10.57945728302002,1.96240234375
44293,-0.7233790755271912,-0.24741995334625244,0.034323643893003464,20.611167907714844,0.01177063025534153
44306,-0.4756537973880768,0.002881556749343872,0.018617309629917145,10.724995613098145,1.349768042564392
44325,2.2127182483673096,0.21223333477973938,0.051204342395067215,9.846747398376465,1.4575470685958862
44330,0.3425666391849518,0.3898303806781769,0.03202127292752266,11.9197416305542,2.4082887172698975
44345,-2.0922458171844482,-0.2504620850086212,0.025270044803619385,25.78955078125,6.10351571594947e-06
44349,-1.4213507175445557,-0.2289956659078598,0.021491501480340958,18.787866592407227,0.08836060017347336
44361,1.2276195287704468,0.7755662798881531,0.03610566258430481,8.346611976623535,4.516217231750488
44371,0.07112836092710495,-0.19901017844676971,0.031737636774778366,13.703120231628418,0.27891847491264343
44407,-0.5501322150230408,-0.16078950464725494,0.025301862508058548,15.060022354125977,0.638378918170929
44421,0.6498841047286987,-0.21453368663787842,0.03511333093047142,12.612152099609375,0.10502319782972336
44434,1.2989248037338257,0.29582682251930237,0.036712296307086945,8.796366691589355,1.8755264282226562
44437,0.09269997477531433,0.2117438167333603,0.02833673171699047,12.05197525024414,2.295217990875244
44439,0.9924830794334412,-0.12818917632102966,0.039583489298820496,11.275191307067871,0.5377344489097595
44445,0.8129734992980957,-0.10388641804456711,0.036414872854948044,12.07579231262207,0.613757312297821
44459,-3.717358350753784,-0.25046011805534363,0.014219972304999828,30.888925552368164,2.441406286379788e-05
44485,2.4217772483825684,0.016595784574747086,0.05105714872479439,9.66297435760498,1.159356713294983
44497,0.8558797240257263,-0.23793886601924896,0.04207206889986992,14.269767761230469,0.03012390248477459
44551,-0.017799897119402885,-0.21988728642463684,0.028662240132689476,13.076370239257812,0.15312805771827698
44583,0.6050535440444946,0.17070184648036957,0.031240319833159447,9.88135814666748,1.53673255443573
44665,2.4014809131622314,0.3417538106441498,0.05589095875620842,9.90200424194336,2.7192459106445312
44687,-3.6270196437835693,-0.2501879632472992,0.016565557569265366,31.04257583618164,0.0004150390741415322
44734,0.366126149892807,-0.191708043217659,0.03753646835684776,16.136980056762695,0.267617791891098
44738,0.8950672149658203,-0.19353517889976501,0.04055934399366379,13.502440452575684,0.2357330322265625
44740,-0.9571885466575623,-0.2470478117465973,0.028583643957972527,19.739744186401367,0.01412048377096653
44748,2.322713613510132,0.290108323097229,0.048996035009622574,8.699061393737793,2.355822801589966
44788,3.2060444355010986,2.2690980434417725,0.05757227540016174,7.2733893394470215,8.053793907165527
44791,0.8957719206809998,0.575398862361908,0.03162740170955658,8.825915336608887,4.657208442687988
44792,0.5107590556144714,0.19149835407733917,0.03093615174293518,10.548352241516113,2.1922028064727783
44813,-0.9933032989501953,-0.23010912537574768,0.026029366999864578,18.443408966064453,0.13590697944164276
44821,0.4742816984653473,0.4605526924133301,0.027622956782579422,9.063148498535156,3.16770339012146
44823,1.170045256614685,-0.15353211760520935,0.04450075700879097,13.981053352355957,0.38531801104545593
44832,0.26445239782333374,-0.2151908129453659,0.03020685724914074,12.281831741333008,0.14850158989429474
44838,0.8407567143440247,0.4335322976112366,0.033377911895513535,10.305922508239746,2.6462249755859375
44853,-1.2033401727676392,-0.2432384341955185,0.025690346956253052,19.957275390625,0.031005859375
44903,0.609589159488678,-0.18841294944286346,0.039915572851896286,15.426032066345215,0.18905030190944672
44904,0.9478045701980591,-0.18329942226409912,0.04019657522439957,13.320645332336426,0.4065795838832855
44929,-0.6953608393669128,-0.24088294804096222,0.02651923894882202,16.706979751586914,0.02643127553164959
44955,-1.4736428260803223,-0.25033804774284363,0.026905706152319908,21.46573257446289,0.0006835937383584678
44988,1.3217986822128296,-0.1746915727853775,0.04339408501982689,12.866450309753418,0.3989929258823395
45125,-3.6190686225891113,-0.2504661977291107,0.017218250781297684,32.02193832397461,0.0
45129,-0.7327670454978943,-0.2499905824661255,0.030605612322688103,19.450159072875977,0.0025634765625
45134,-1.2354921102523804,-0.24820676445960999,0.02192307449877262,18.375078201293945,0.014703369699418545
45142,0.3746642470359802,-0.2296469658613205,0.03386378660798073,13.072627067565918,0.08586273342370987
45153,0.5588555335998535,-0.10480692237615585,0.03543712571263313,13.914738655090332,0.586285412311554
45179,0.05481340363621712,-0.19385971128940582,0.03063902072608471,14.306323051452637,0.27414247393608093
45206,1.4336739778518677,0.12024054676294327,0.04464232921600342,11.721331596374512,1.117926001548767
45219,-2.9038021564483643,-0.25044432282447815,0.021956123411655426,29.107303619384766,8.544921729480848e-05
45257,-0.2622104585170746,-0.21514609456062317,0.028116503730416298,14.1742525100708,0.20820923149585724
45269,1.4153951406478882,-0.16201145946979523,0.0446731373667717,12.000853538513184,0.292459100484848
45271,-3.1451869010925293,-0.2504442632198334,0.014760347083210945,26.985095977783203,9.765625145519152e-05
45273,-0.305522620677948,-0.1463838815689087,0.021338097751140594,11.397749900817871,0.37659913301467896
45421,-1.6168323755264282,-0.24946336448192596,0.0229401346296072,21.373342514038086,0.0047058104537427425
45422,1.0891523361206055,-0.17391042411327362,0.04399605095386505,14.020380973815918,0.359933465719223
45436,-2.7649314403533936,-0.2504097819328308,0.017414554953575134,25.628021240234375,0.00021972657123114914
45469,1.9418423175811768,0.2234334796667099,0.04502839222550392,9.967811584472656,1.2619354724884033
45501,-2.0658762454986572,-0.250410258769989,0.023816777393221855,24.36963653564453,0.00023498536029364914
45519,1.1898975372314453,-0.05493505671620369,0.0400373712182045,10.735764503479004,0.7830444574356079
45531,-0.8300574421882629,-0.2500041127204895,0.026691177859902382,17.34145736694336,0.0014999390114098787
45554,-0.2989816665649414,0.03065175749361515,0.019017046317458153,9.527961730957031,1.495397925376892
45557,-0.6200372576713562,-0.24015069007873535,0.028576482087373734,17.59065055847168,0.038726806640625
45587,0.5563119649887085,0.058523666113615036,0.03160065785050392,10.831916809082031,1.0893402099609375
45664,1.5050063133239746,0.416811466217041,0.04218442738056183,10.411307334899902,3.0211379528045654
45678,-0.138144850730896,-0.2443891018629074,0.03180977329611778,15.612228393554688,0.02796630933880806
45742,0.292153000831604,-0.037788454443216324,0.03605816885828972,14.084716796875,1.0006287097930908
45746,0.623515248298645,0.17875157296657562,0.02951265312731266,9.349723815917969,1.8870636224746704
45772,-1.4617772102355957,-0.24598045647144318,0.018024148419499397,17.415971755981445,0.03017883375287056
45819,1.797789454460144,0.48370179533958435,0.0435856394469738,8.763322830200195,2.6561858654022217
45831,-0.8130252957344055,-0.2502044141292572,0.03194276988506317,20.315122604370117,0.0010498047340661287
45884,0.6954233050346375,-0.06638659536838531,0.03336258605122566,11.34555721282959,0.8108673095703125
45887,0.5252129435539246,-0.1820153445005417,0.037641510367393494,14.7376708984375,0.22863464057445526
45903,0.053203534334897995,-0.21727271378040314,0.03080636076629162,14.12829303741455,0.192219540476799
45915,-0.28410497307777405,0.4454123079776764,0.01807219348847866,8.721214294433594,3.9172255992889404
45952,0.4657081663608551,0.05922428518533707,0.0315333753824234,11.329987525939941,0.991741955280304
45973,0.40119051933288574,-0.21973399817943573,0.03484640643000603,13.706636428833008,0.10723572224378586
45983,-0.23228755593299866,-0.23178136348724365,0.03266416862607002,16.98908042907715,0.11523818969726562
45986,-1.5160890817642212,-0.24886658787727356,0.024434341117739677,21.63756561279297,0.00396728515625
45991,0.740233302116394,0.4149923026561737,0.03311439976096153,10.148469924926758,2.30594801902771
46006,-0.7165801525115967,-0.2108602076768875,0.02392113208770752,15.431573867797852,0.23051758110523224
46010,-0.20222556591033936,-0.24558711051940918,0.03098306991159916,15.874565124511719,0.02176208607852459
46035,2.531022071838379,0.6764711737632751,0.049975041300058365,7.967769145965576,3.7699432373046875
46063,2.472661018371582,1.9382412433624268,0.055119242519140244,10.031413078308105,8.503390312194824
46065,-0.8423025012016296,-0.23261094093322754,0.022982824593782425,15.404243469238281,0.08114929497241974
46071,1.0538657903671265,0.0013931930297985673,0.03810896351933479,12.17945384979248,0.6566253900527954
46095,-1.7492464780807495,-0.25023242831230164,0.023288220167160034,22.417783737182617,0.0010742187732830644
46096,-2.6286227703094482,-0.2504630982875824,0.021022476255893707,26.784021377563477,1.220703143189894e-05
46143,-1.322023630142212,-0.24965262413024902,0.02537212334573269,20.155637741088867,0.002310180803760886
46146,1.377227544784546,0.4075019955635071,0.0360197052359581,8.390438079833984,3.455221652984619
46169,1.6639431715011597,0.1068679615855217,0.04289649799466133,9.823039054870605,1.1023038625717163
46201,-1.9829902648925781,-0.2503563165664673,0.024213267490267754,25.099000930786133,0.0003417968691792339
46239,-2.8873822689056396,-0.2504661977291107,0.018446534872055054,27.740446090698242,0.0
46247,0.24106617271900177,-0.03663313016295433,0.025396931916475296,8.978965759277344,0.9009979367256165
46264,0.48778119683265686,2.052530527114868,0.023630758747458458,6.618751525878906,11.057998657226562
46267,0.8226215243339539,0.12485474348068237,0.036114294081926346,11.4965238571167,1.666387915611267
46275,-3.3447964191436768,-0.2504661977291107,0.01886826381087303,31.057025909423828,0.0
46288,0.7653072476387024,0.961793839931488,0.03539861738681793,11.677993774414062,5.232144355773926
46310,0.37979695200920105,-0.10687383264303207,0.030917102470993996,11.87103271484375,0.6774566769599915
46316,-0.799873948097229,-0.2413276880979538,0.02266179770231247,15.465672492980957,0.031494140625
46318,0.7815142869949341,-0.0029201239813119173,0.03153425082564354,10.07214641571045,1.4454163312911987
46329,-0.46874743700027466,-0.0421823151409626,0.021992811933159828,12.39147663116455,0.7358978390693665
46350,0.8479494452476501,-0.2342921942472458,0.04033118486404419,13.488509178161621,0.09148698300123215
46360,0.9941958785057068,-0.02343820594251156,0.03466277942061424,9.35727310180664,0.8812164664268494
46361,-4.001020908355713,-0.2504661977291107,0.014800253324210644,33.01820755004883,0.0
46381,-1.4729841947555542,-0.2501165568828583,0.023470742627978325,20.7458438873291,0.001361084054224193
46393,-1.749367594718933,-0.2496943473815918,0.023633239790797234,22.499189376831055,0.005664062686264515
46471,0.3740038573741913,-0.21012790501117706,0.03748966008424759,15.140771865844727,0.207733154296875
46482,0.23165087401866913,0.08410491049289703,0.030123626813292503,12.613628387451172,1.1472381353378296
46483,1.530975580215454,0.5049952268600464,0.03882347047328949,8.891715049743652,4.309091091156006
46487,0.466060608625412,-0.1824873387813568,0.03255826234817505,11.747564315795898,0.333303838968277
46489,0.6957094669342041,-0.06782177835702896,0.033112019300460815,10.885048866271973,0.380758672952652
46532,-1.0440795421600342,-0.2422843724489212,0.026706373319029808,18.848554611206055,0.013275146484375
46546,0.5397717952728271,-0.10397130250930786,0.03580131009221077,12.827357292175293,0.8491424918174744
46597,0.08534391224384308,-0.16634562611579895,0.027768803760409355,11.670265197753906,0.3607139587402344
46628,0.18151505291461945,-0.15752924978733063,0.033848341554403305,14.819846153259277,0.3688507080078125
46669,0.715315580368042,-0.12565873563289642,0.03879868611693382,12.40766716003418,0.45790407061576843
46684,-2.083080530166626,-0.2494664043188095,0.0211124699562788,23.666852951049805,0.003955078311264515
46700,-1.5082818269729614,-0.23610980808734894,0.0225213672965765,20.57596778869629,0.07036133110523224
46708,1.1952451467514038,0.26773589849472046,0.03584926947951317,9.782868385314941,2.1592347621917725
46715,0.25706976652145386,0.24683038890361786,0.026691287755966187,9.630873680114746,2.1486892700195312
46762,0.9649755358695984,0.280839204788208,0.037826087325811386,11.551198959350586,1.4943970441818237
46767,-0.3021429479122162,-0.24760782718658447,0.032396040856838226,17.521343231201172,0.00872802734375
46793,0.39028120040893555,0.4305531680583954,0.025635970756411552,8.603263854980469,3.4193437099456787
46809,1.3023886680603027,-0.18415775895118713,0.041167329996824265,11.391196250915527,0.23264160752296448
46811,0.9613098502159119,0.0429098904132843,0.03494039550423622,9.371317863464355,1.24419105052948
46820,-0.228417307138443,-0.11487501114606857,0.03050079010426998,15.689257621765137,0.6846069693565369
46842,-0.43005767464637756,-0.059002529829740524,0.026890894398093224,15.222488403320312,0.9435577392578125
46853,1.357408881187439,1.0237301588058472,0.03588726371526718,7.281745910644531,6.1388397216796875
46867,0.44402799010276794,-0.12138199806213379,0.03739910200238228,14.104414939880371,0.6068512201309204
46890,0.9841000437736511,-0.019807785749435425,0.03495677560567856,10.275130271911621,0.8252319693565369
46899,1.161537528038025,0.14758948981761932,0.03960069641470909,12.0180082321167,2.2685883045196533
46903,0.16725663840770721,-0.20865333080291748,0.03426346182823181,15.373377799987793,0.22106018662452698
46911,-2.3044309616088867,-0.250378280878067,0.023273959755897522,26.104337692260742,0.00042724609375
46918,-0.25372740626335144,-0.22367961704730988,0.02591990865767002,13.549400329589844,0.07281494140625
46924,0.16946080327033997,-0.12631502747535706,0.029559433460235596,12.00750732421875,0.6352295279502869
46925,1.3822449445724487,0.6146798729896545,0.039708998054265976,9.697894096374512,3.205026388168335
46929,2.5146024227142334,0.8286020159721375,0.05060572177171707,7.790060520172119,4.2828521728515625
46980,-0.16355787217617035,0.12867280840873718,0.026875967159867287,13.002921104431152,1.537072777748108
46984,-0.2781509459018707,-0.167991504073143,0.02966948226094246,15.407172203063965,0.582165539264679
46997,-0.9655395746231079,-0.13397572934627533,0.024942684918642044,17.613168716430664,0.49853515625
47011,0.5955777168273926,0.2328788787126541,0.028356868773698807,8.815974235534668,1.9294220209121704
47024,0.5542840361595154,-0.20901361107826233,0.03965431824326515,14.305551528930664,0.09074097126722336
47037,0.46161386370658875,-0.18113981187343597,0.036606565117836,14.340054512023926,0.33092042803764343
47038,1.946106195449829,0.5197487473487854,0.04470900446176529,8.73499584197998,2.8256561756134033
47043,0.39273878931999207,0.9574266672134399,0.026521865278482437,9.235053062438965,4.28309965133667
47057,0.8478812575340271,-0.14454272389411926,0.04207516461610794,14.111796379089355,0.6059814691543579
47080,-2.38967227935791,-0.2504661977291107,0.02360108122229576,26.817066192626953,0.0
47090,-0.5314525961875916,-0.17303572595119476,0.020881755277514458,12.521445274353027,0.29010316729545593
47095,-1.3279764652252197,-0.25035059452056885,0.02536931447684765,20.211462020874023,0.0007690429920330644
47111,1.7671034336090088,0.689640462398529,0.04400623217225075,8.824430465698242,4.457434177398682
47160,2.347904920578003,0.760814905166626,0.04999677464365959,8.287257194519043,4.72836446762085
47192,0.553009569644928,-0.16374318301677704,0.038017623126506805,14.719014167785645,0.3089355528354645
47203,1.190147042274475,-0.09511774033308029,0.04222290217876434,12.115179061889648,0.6661896109580994
47218,1.7406787872314453,-0.13733090460300446,0.04516960307955742,10.96217155456543,0.48070070147514343
47223,0.12418971210718155,-0.2374405860900879,0.03394169732928276,15.750349998474121,0.05074463039636612
47258,-0.6289460062980652,-0.1804140955209732,0.021531421691179276,13.161148071289062,0.30589601397514343
47268,-0.26090049743652344,-0.16418717801570892,0.024782653898000717,12.374842643737793,0.40528565645217896
47333,1.3911250829696655,0.13250236213207245,0.043440744280815125,11.16635513305664,1.7483428716659546
47351,0.1603776067495346,-0.14088286459445953,0.02713187038898468,10.837026596069336,0.37346193194389343
47357,-3.5032899379730225,-0.2504661977291107,0.017520932480692863,31.263742446899414,0.0
47386,0.14490632712841034,-0.2308659553527832,0.03371754661202431,14.904902458190918,0.0597381591796875
47416,0.9512237906455994,-0.14978566765785217,0.03666342422366142,11.16652774810791,0.2909606993198395
47424,-1.0299514532089233,-0.11355868726968765,0.018472818657755852,14.475954055786133,0.48812562227249146
47463,1.257513403892517,0.31092628836631775,0.03580469638109207,8.936409950256348,2.16064453125
47477,0.5066506266593933,-0.048669859766960144,0.03202745318412781,11.226284980773926,0.756085216999054
47480,-1.461511492729187,-0.25024470686912537,0.02590177394449711,21.52674674987793,0.0005981445428915322
47485,-0.12883177399635315,-0.004207679536193609,0.024006707593798637,11.378782272338867,0.6515960693359375
47489,0.7250252962112427,-0.16644589602947235,0.03509700298309326,11.675634384155273,0.5974159240722656
47493,1.2297691106796265,0.2530042231082916,0.03689388930797577,9.782779693603516,2.5981903076171875
47496,1.2234543561935425,0.24689093232154846,0.03647185489535332,9.2791166305542,2.190136671066284
47505,-1.5000251531600952,-0.2503478229045868,0.022396687418222427,20.20909881591797,0.0004760742303915322
47509,2.0219974517822266,-0.014182654209434986,0.046846140176057816,8.959443092346191,1.0361236333847046
47524,-2.5348668098449707,-0.25028297305107117,0.02029242180287838,25.85525894165039,0.0008056640508584678
47528,0.5932199358940125,-0.2285246104001999,0.03876246139407158,14.050169944763184,0.133494570851326
47620,-1.085127830505371,-0.22664861381053925,0.0253798458725214,18.955720901489258,0.15259400010108948
47621,-2.181147336959839,-0.24839018285274506,0.01824297197163105,21.8337459564209,0.011889648623764515
47647,-0.8142614364624023,-0.24883988499641418,0.030649540945887566,19.688541412353516,0.0043426514603197575
47659,2.9805307388305664,1.133194923400879,0.0568092055618763,8.22040843963623,5.481863498687744
47662,-0.3308822810649872,-0.11612321436405182,0.0325838141143322,17.027402877807617,1.0503082275390625
47688,0.0024625868536531925,-0.13163569569587708,0.02709617279469967,12.228693962097168,0.31101685762405396
47732,-0.6190252304077148,-0.24795134365558624,0.028008362278342247,17.28084373474121,0.0120849609375
47739,-0.9791584014892578,-0.2497526854276657,0.02896006964147091,20.46661949157715,0.002813720842823386
47757,-0.2753632962703705,-0.12339548021554947,0.027040615677833557,13.509984016418457,0.43360596895217896
47768,-0.7929975390434265,-0.19193486869335175,0.019859563559293747,13.689763069152832,0.287374883890152
47773,-4.208924770355225,-0.2504661977291107,0.012263289652764797,33.30548095703125,0.0
47781,0.09067993611097336,0.3595612347126007,0.026128539815545082,10.732829093933105,2.6379640102386475
47810,0.07982521504163742,-0.2356029748916626,0.029782509431242943,13.167410850524902,0.0365447998046875
47815,-0.8156943321228027,-0.2439238280057907,0.028966903686523438,19.21864128112793,0.02073364332318306
47847,-0.6698105931282043,-0.1214408278465271,0.022982101887464523,14.174145698547363,0.5065979361534119
47899,0.8616142272949219,-0.1903567910194397,0.03573454171419144,11.369071960449219,0.19495545327663422
47919,-1.7524486780166626,-0.2503497004508972,0.02069738321006298,20.980371475219727,0.0005737305036745965
47920,0.45131832361221313,-0.16892197728157043,0.039305444806814194,15.58780574798584,0.20905457437038422
47949,-1.1852775812149048,-0.2263057678937912,0.025498300790786743,19.419498443603516,0.1233062744140625
47952,-1.6847647428512573,-0.2501789629459381,0.021076245233416557,20.961790084838867,0.0011352539295330644
47954,-1.2680658102035522,-0.24956730008125305,0.022751865908503532,18.54620361328125,0.004711914341896772
47964,-1.7695156335830688,-0.250222384929657,0.01949266716837883,20.4851016998291,0.0015319824451580644
47988,-0.3036264479160309,-0.09000017493963242,0.025406941771507263,13.486334800720215,0.884167492389679
48004,-2.6436538696289062,-0.25044429302215576,0.018500104546546936,25.99675941467285,0.0001220703125
48006,0.6866681575775146,0.13724373281002045,0.0321696512401104,10.639857292175293,2.067209005355835
48011,-2.724499225616455,-0.2504005432128906,0.01814786158502102,26.439411163330078,0.00014038085646461695
48056,0.4651769697666168,-0.14357754588127136,0.03465912491083145,13.270835876464844,0.5111603140830994
48110,-0.337255597114563,-0.23239155113697052,0.02285800687968731,12.853828430175781,0.06536865234375
48139,1.3959213495254517,0.8698099255561829,0.03631731495261192,8.166718482971191,4.275122165679932
48181,-1.4195539951324463,-0.24964284896850586,0.026445642113685608,21.509899139404297,0.00225830078125
48189,-1.7249447107315063,-0.2448369711637497,0.019076725468039513,19.853307723999023,0.02066650427877903
48199,-1.1733636856079102,-0.20693626999855042,0.017809901386499405,14.86058235168457,0.16617432236671448
48208,0.3322601914405823,-0.00017943531565833837,0.02855394221842289,11.062236785888672,1.1651169061660767
48240,-0.19874155521392822,-0.24617157876491547,0.02973749116063118,15.82504940032959,0.02953186072409153
48302,-0.7839809060096741,-0.17695270478725433,0.0196793582290411,13.19983959197998,0.23808899521827698
48303,0.6384721398353577,-0.1906091719865799,0.034191276878118515,12.051590919494629,0.197479248046875
48328,1.3438341617584229,0.8760964274406433,0.04025367647409439,10.012773513793945,5.173871040344238
48356,0.6888130903244019,0.20600800216197968,0.03225751593708992,10.123424530029297,2.855560302734375
48381,0.365406334400177,-0.23389625549316406,0.038854654878377914,15.851043701171875,0.07312317192554474
48383,-0.44970470666885376,-0.16719968616962433,0.022920912131667137,12.894131660461426,0.3787994384765625
48395,-0.24055635929107666,-0.24505150318145752,0.032707542181015015,17.478532791137695,0.02602539025247097
48398,-1.8832569122314453,-0.24823740124702454,0.0192110612988472,20.776662826538086,0.00958251953125
48403,1.428817629814148,0.7841184735298157,0.03948900103569031,8.90687084197998,4.934960842132568
48411,1.815325379371643,0.5410894751548767,0.045365601778030396,10.114608764648438,3.2012391090393066
48418,-0.7342400550842285,-0.24984586238861084,0.03171761333942413,20.018068313598633,0.0018249511485919356
48454,0.25128617882728577,-0.2248082160949707,0.030885780230164528,12.356345176696777,0.06828918308019638
48474,-0.1362517923116684,-0.24377213418483734,0.036784980446100235,18.288349151611328,0.01728210411965847
48477,-0.14864464104175568,-0.23808984458446503,0.0293984767049551,14.892013549804688,0.05764160305261612
48510,-1.5586317777633667,-0.25020599365234375,0.025214796885848045,21.714601516723633,0.0008789062849245965
48535,0.04994018003344536,-0.1478634923696518,0.029406234622001648,13.3023099899292,0.8124664425849915
48555,0.09844750165939331,-0.2307419627904892,0.03536098077893257,15.933755874633789,0.09371032565832138
48566,-1.5249007940292358,-0.24605265259742737,0.02160847745835781,19.667951583862305,0.01657714881002903
48571,1.808120608329773,-0.057382967323064804,0.04899603873491287,11.626815795898438,0.8062408566474915
48573,0.5331512689590454,0.18538008630275726,0.03100031428039074,10.539857864379883,2.1625823974609375
48624,-1.2222846746444702,-0.2504288852214813,0.026802117004990578,20.49783706665039,0.0001464843808207661
48630,0.9894758462905884,0.25819963216781616,0.03430851921439171,9.250246047973633,1.5496444702148438
48660,0.016091784462332726,0.05771257355809212,0.03276611492037773,15.436569213867188,1.2410461902618408
48666,-0.46661344170570374,-0.24958209693431854,0.03231894597411156,18.461332321166992,0.00566444406285882
48673,2.9652609825134277,0.72136390209198,0.056712258607149124,8.205348014831543,3.8196656703948975
48693,1.058759093284607,0.08966171741485596,0.03640026971697807,10.021758079528809,1.5364960432052612
48701,-0.20833225548267365,-0.022781187668442726,0.02422981895506382,12.016899108886719,1.4185943603515625
48708,0.9298948645591736,-0.17692796885967255,0.03640745207667351,11.30778694152832,0.3448333740234375
48715,0.9588460922241211,-0.11838863044977188,0.03747829422354698,11.507707595825195,0.35094910860061646
48724,-1.3207849264144897,-0.2495690882205963,0.026466986164450645,20.958120346069336,0.002661132952198386
48775,-0.9662758708000183,-0.24804043769836426,0.026001501828432083,18.76368522644043,0.006317138671875
48797,0.8765599131584167,-0.05155036598443985,0.035124439746141434,11.410514831542969,0.8184051513671875
48817,-0.5512455105781555,0.21848726272583008,0.018237097188830376,10.844195365905762,1.137976050376892
48832,-2.6607320308685303,-0.25015324354171753,0.013475397601723671,22.8881893157959,0.0015014648670330644
48843,-1.055326223373413,-0.2290792316198349,0.020629307255148888,15.8245267868042,0.117156982421875
48900,0.17881369590759277,-0.24518994987010956,0.034979864954948425,15.422073364257812,0.02322998084127903
48910,1.7690438032150269,0.05077031999826431,0.04388120025396347,9.593379974365234,1.1885223388671875
48935,0.0895211324095726,-0.24108628928661346,0.034490685909986496,15.507781982421875,0.04364471510052681
48967,0.9547109007835388,-0.12025099247694016,0.04115968942642212,13.352167129516602,0.6026886105537415
48991,1.348006248474121,0.07850974053144455,0.03686468303203583,9.05821704864502,1.3046722412109375
49005,0.16994960606098175,-0.15132896602153778,0.03282216563820839,13.766179084777832,0.361846923828125
49033,-0.23793411254882812,-0.16455350816249847,0.02798003889620304,14.373579978942871,0.39378052949905396
49070,-1.6257730722427368,-0.2504355311393738,0.022622112184762955,21.2779598236084,0.00015563964552711695
49105,-3.0223331451416016,-0.2500610053539276,0.016622724011540413,27.537979125976562,0.0008666992071084678
49113,0.7272884249687195,-0.13187561929225922,0.0380534790456295,13.29900074005127,0.4427383542060852
49118,-0.07347430288791656,-0.07767125964164734,0.027981862425804138,12.636691093444824,0.474456787109375
49120,-0.16130714118480682,-0.18911319971084595,0.02844526804983616,14.2439546585083,0.24062500894069672
49155,-0.4852432906627655,-0.2438717633485794,0.03162055462598801,17.227766036987305,0.02874298207461834
49185,1.1609447002410889,-0.005510278977453709,0.04100576788187027,11.42717170715332,0.9977936148643494
49188,0.9535003900527954,-0.22564123570919037,0.040082622319459915,12.738521575927734,0.12472076714038849
49215,0.44432583451271057,0.03452128916978836,0.0336490236222744,12.963274002075195,0.889721691608429
49242,-0.15567614138126373,-0.2252425253391266,0.026185063645243645,12.753829002380371,0.1192169189453125
49254,2.2196061611175537,0.3014729917049408,0.052055757492780685,10.501070022583008,2.8732850551605225
49271,0.20654645562171936,-0.1254660040140152,0.03307401388883591,14.776657104492188,0.49519655108451843
49288,1.3407851457595825,0.3455981910228729,0.03893449530005455,9.750265121459961,3.0614259243011475
49294,0.24886789917945862,-0.11759307235479355,0.031115500256419182,11.780065536499023,0.338104248046875
49301,-0.08453451842069626,-0.02142401598393917,0.027352331206202507,12.000556945800781,0.5162140130996704
49304,-3.2139675617218018,-0.2504661977291107,0.019057175144553185,30.097822189331055,0.0
49315,1.327652096748352,0.09219664335250854,0.03644653409719467,8.689961433410645,1.2372314929962158
49316,0.6384814381599426,0.4089582562446594,0.029993722215294838,9.658370971679688,3.032038927078247
49333,-2.8642735481262207,-0.2504661977291107,0.020059626549482346,27.8876895904541,0.0
49399,1.2135282754898071,0.08167312294244766,0.03873910382390022,10.639019966125488,1.793182373046875
49431,0.1781776398420334,0.5334040522575378,0.023187579587101936,9.013338088989258,2.629302978515625
49437,-1.3575900793075562,-0.2504625618457794,0.027622565627098083,21.89378547668457,1.831054760259576e-05
49452,1.806566834449768,-0.006352952215820551,0.04872532933950424,11.864182472229004,0.684326171875
49455,-1.2610887289047241,-0.24916194379329681,0.02449549362063408,19.71461296081543,0.0028198242653161287
49472,1.529994249343872,0.03761638328433037,0.04191948100924492,10.115983009338379,1.15764319896698
49474,-0.3511735200881958,-0.24525021016597748,0.03138651326298714,16.836999893188477,0.01679382286965847
49482,-1.642279863357544,-0.2494039535522461,0.021496927365660667,20.66693115234375,0.0034057616721838713
49522,1.6647491455078125,-0.12211686372756958,0.04629380628466606,11.162253379821777,0.3827758729457855
49541,-0.06923847645521164,-0.14401358366012573,0.027243951335549355,12.491127014160156,0.49610596895217896
49548,0.40102529525756836,0.06029728800058365,0.029571015387773514,10.633406639099121,1.4420257806777954
49565,0.29581308364868164,-0.21927785873413086,0.0308332871645689,12.48119831085205,0.18218994140625
49577,1.4869784116744995,0.5339028239250183,0.04193189740180969,10.040584564208984,3.2596497535705566
49612,1.5676811933517456,0.26288971304893494,0.04100535437464714,9.34071159362793,2.3240203857421875
49638,1.4840232133865356,-0.13315191864967346,0.042155921459198,10.052457809448242,0.5594146847724915
49647,-0.07551278173923492,-0.017636632546782494,0.024897746741771698,11.203119277954102,0.6513336300849915
49661,1.1493290662765503,0.5805593729019165,0.034835875034332275,8.619905471801758,3.937936544418335
49680,0.7910112738609314,-0.08659044653177261,0.0388692282140255,12.224801063537598,0.9105133414268494
49682,-1.1723636388778687,-0.25001785159111023,0.027992693707346916,20.8076229095459,0.00311279296875
49703,1.7489092350006104,1.7523094415664673,0.0437309630215168,9.847206115722656,13.570413589477539
49709,0.2888195216655731,-0.13671274483203888,0.036531075835227966,15.32300853729248,0.8139892816543579
49714,0.4838216006755829,-0.23899033665657043,0.03969545662403107,15.083246231079102,0.05079955980181694
49720,0.6646668314933777,-0.17419414222240448,0.032974399626255035,11.162885665893555,0.34218597412109375
49722,-1.453147292137146,-0.24467797577381134,0.023860953748226166,20.47796058654785,0.01872863806784153
49729,1.3049407005310059,0.38615381717681885,0.034560199826955795,7.928040504455566,2.6116912364959717
49753,-0.8879445195198059,-0.19067291915416718,0.023488646373152733,16.071969985961914,0.20134888589382172
49797,0.13476352393627167,-0.17039339244365692,0.03205503895878792,13.647292137145996,0.37150269746780396
49810,-1.2980715036392212,-0.23506228625774384,0.020855266600847244,17.474510192871094,0.03717651590704918
49848,3.0538382530212402,0.4340272545814514,0.05928998067975044,9.19079303741455,2.229339599609375
49866,0.13271358609199524,0.37791427969932556,0.03071189485490322,13.390054702758789,2.47019362449646
49884,0.29853320121765137,-0.2052748203277588,0.03724881261587143,15.897223472595215,0.14639893174171448
49920,-0.4447326362133026,-0.2474193572998047,0.03151955455541611,17.720937728881836,0.011138916015625
49938,1.2159233093261719,0.4896364212036133,0.03562595695257187,8.488739967346191,2.8873398303985596
49964,-0.0466684065759182,-0.2385423183441162,0.033216845244169235,16.307209014892578,0.03034668043255806
49980,0.49230948090553284,-0.2104116529226303,0.03594837710261345,13.785155296325684,0.12341003865003586
49988,1.0322226285934448,0.0011658177245408297,0.039570361375808716,12.009785652160645,1.1166915893554688
