train_idx,x_rm,y_a,d_raw,m_raw,a_raw
78,nan,-0.13680964708328247,inf,11.924410820007324,0.052623141556978226
79,nan,-0.13811491429805756,inf,17.21114158630371,0.010655260644853115
105,nan,1.8349220752716064,inf,4.3747076988220215,53.873046875
111,nan,-0.13486996293067932,inf,13.12785816192627,0.16925422847270966
151,nan,-0.0830441266298294,inf,7.019723415374756,1.5589685440063477
193,nan,-0.1383385807275772,inf,22.448169708251953,0.0017978668911382556
213,nan,0.21683405339717865,inf,6.518908977508545,8.4835786819458
250,nan,-0.14740368723869324,inf,9.723398208618164,-0.34125789999961853
262,nan,-0.13627095520496368,inf,13.481767654418945,0.1366090327501297
277,nan,0.46327897906303406,inf,3.8261940479278564,16.824726104736328
305,nan,-0.1380724161863327,inf,18.599777221679688,0.015313721261918545
329,nan,-0.1372317522764206,inf,17.276153564453125,0.08053340762853622
467,nan,-0.13877853751182556,inf,12.564818382263184,0.033163975924253464
473,nan,-0.1383623480796814,inf,16.85088539123535,0.0003266334533691406
478,nan,1.64299738407135,inf,2.8342912197113037,34.732887268066406
546,nan,-0.13737741112709045,inf,12.321623802185059,0.022484922781586647
555,nan,-0.12784288823604584,inf,11.690752983093262,0.2888021171092987
565,nan,2.244086980819702,inf,2.148787260055542,91.76797485351562
601,nan,-0.1259496510028839,inf,10.726938247680664,0.0995250716805458
613,nan,-0.006462539080530405,inf,7.302989482879639,2.387556552886963
614,nan,-0.10686035454273224,inf,9.545129776000977,0.6584869623184204
616,nan,-0.13627652823925018,inf,11.07971477508545,0.021989241242408752
625,nan,-0.1379663497209549,inf,16.347929000854492,0.028319358825683594
673,nan,-0.1381153166294098,inf,14.357866287231445,0.010462570004165173
675,nan,-0.18753302097320557,inf,4.648129940032959,-0.5027347803115845
714,nan,0.37676119804382324,inf,4.609170436859131,12.865015983581543
728,nan,0.16012635827064514,inf,3.673225164413452,8.037747383117676
733,nan,0.41486334800720215,inf,5.104842185974121,10.005179405212402
745,nan,-0.1383962482213974,inf,15.903193473815918,-0.0009236335754394531
796,nan,-0.139252707362175,inf,18.556596755981445,-0.02913799323141575
799,nan,-0.06824035197496414,inf,7.32867431640625,2.1013638973236084
806,nan,-0.14945663511753082,inf,8.919478416442871,0.03385896608233452
818,nan,0.04780011996626854,inf,5.2091569900512695,2.4287002086639404
829,nan,-0.14321491122245789,inf,10.174177169799805,-0.05541078373789787
864,nan,0.39200839400291443,inf,4.591553688049316,8.404632568359375
889,nan,-0.13844440877437592,inf,14.053749084472656,-0.001231384347192943
908,nan,-0.07540157437324524,inf,6.402211666107178,-3.360076665878296
920,nan,-0.13121448457241058,inf,14.323729515075684,0.23550067842006683
937,nan,-0.13830578327178955,inf,15.772468566894531,0.0020412446465343237
948,nan,-0.1367085576057434,inf,17.641271591186523,0.11499672383069992
994,nan,-0.1383586823940277,inf,16.57256507873535,0.00021200180344749242
1021,nan,-0.13794519007205963,inf,13.312601089477539,0.015070152468979359
1026,nan,-0.1342211812734604,inf,12.959434509277344,0.16552086174488068
1034,nan,-0.11836185306310654,inf,10.386853218078613,0.906772255897522
1047,nan,-0.13846877217292786,inf,15.401376724243164,-0.003997230436652899
1049,nan,-0.13490639626979828,inf,12.575972557067871,0.10946740955114365
1076,nan,-0.1382678896188736,inf,17.368574142456055,0.007130932994186878
1151,nan,-0.17843805253505707,inf,6.115058898925781,0.6810086965560913
1156,nan,0.0072260028682649136,inf,6.42473840713501,3.084200620651245
1168,nan,0.05636638030409813,inf,4.948563575744629,2.4307899475097656
1185,nan,-0.13835343718528748,inf,19.45850372314453,0.0004981518140994012
1218,nan,0.024190157651901245,inf,9.517390251159668,2.3094234466552734
1223,nan,-0.13834455609321594,inf,19.624359130859375,0.0002647399960551411
1235,nan,-0.11116617172956467,inf,8.400324821472168,0.8736719489097595
1278,nan,-0.13828355073928833,inf,15.920367240905762,0.0013545990223065019
1286,nan,0.2310486137866974,inf,4.387658596038818,6.112515926361084
1303,nan,-0.1381814330816269,inf,14.6034517288208,0.005105876829475164
1350,nan,-0.041110195219516754,inf,7.839649200439453,2.000004529953003
1387,nan,-0.1382380872964859,inf,17.424863815307617,0.002279275795444846
1445,nan,-0.1383626013994217,inf,19.29164695739746,4.9209596909349784e-05
1454,nan,-0.137998566031456,inf,14.582951545715332,0.012711918912827969
1457,nan,-0.13862819969654083,inf,14.699536323547363,-0.008453083224594593
1477,nan,-0.13835345208644867,inf,22.087881088256836,0.0004287719784770161
1500,nan,0.33322855830192566,inf,4.482001781463623,15.261627197265625
1526,nan,-0.1367817223072052,inf,13.961756706237793,0.05232686921954155
1545,nan,-0.12913356721401215,inf,9.564801216125488,0.22467556595802307
1569,nan,-0.10333789885044098,inf,5.263771057128906,1.9090633392333984
1617,nan,-0.13837768137454987,inf,16.21369743347168,0.0013317108387127519
1792,nan,-0.13675817847251892,inf,12.523265838623047,0.031204605475068092
1806,nan,-0.06203730031847954,inf,5.9334845542907715,2.5776379108428955
1808,nan,-0.1383674442768097,inf,15.652603149414062,-0.00035495759220793843
1825,nan,-0.13836270570755005,inf,19.72563934326172,8.311271812999621e-05
1869,nan,-0.137969970703125,inf,13.7359619140625,0.011028003878891468
1928,nan,-0.13828270137310028,inf,15.90903377532959,0.0036946057807654142
1961,nan,0.06143900379538536,inf,5.69880485534668,2.5021603107452393
1986,nan,-0.1353342980146408,inf,17.194913864135742,0.21581363677978516
1993,nan,-0.13027654588222504,inf,12.813743591308594,0.5179995894432068
2039,nan,-0.13825665414333344,inf,13.064335823059082,0.0010847091907635331
2056,nan,-0.1226443275809288,inf,9.589483261108398,0.5224435925483704
2091,nan,3.344144821166992,inf,2.9721570014953613,60.12969970703125
2096,nan,-0.1784328818321228,inf,6.502774715423584,-1.615189552307129
2145,nan,-0.13822802901268005,inf,16.4746150970459,0.005551719572395086
2176,nan,-0.13089106976985931,inf,9.082640647888184,0.22702722251415253
2269,nan,-0.08595987409353256,inf,11.588220596313477,1.6758636236190796
2276,nan,0.12005054205656052,inf,4.140537261962891,8.776805877685547
2280,nan,-0.13836440443992615,inf,22.751968383789062,1.754760705807712e-05
2342,nan,0.6784309148788452,inf,3.9211819171905518,14.854113578796387
2346,nan,-0.13836461305618286,inf,35.7431526184082,0.0
2380,nan,-0.1373680680990219,inf,13.092782974243164,0.07574024051427841
2414,nan,-0.13758119940757751,inf,14.478816032409668,0.04620083421468735
2423,nan,-0.13834135234355927,inf,17.164100646972656,0.0009654999012127519
2448,nan,-0.13836437463760376,inf,19.766616821289062,9.918213436321821e-06
2521,nan,-0.13211365044116974,inf,11.767601013183594,0.09686441719532013
2571,nan,-0.12920928001403809,inf,11.007018089294434,0.17283068597316742
2576,nan,0.8736948370933533,inf,2.9722483158111572,36.117496490478516
2600,nan,-0.13819891214370728,inf,13.2630033493042,0.009227014146745205
2653,nan,-0.002020871266722679,inf,6.821689128875732,4.6256422996521
2654,nan,-0.13368946313858032,inf,13.401626586914062,0.09925911575555801
2704,nan,-0.13201890885829926,inf,12.680750846862793,0.04673423990607262
2724,nan,-0.11698590964078903,inf,8.525331497192383,0.944349467754364
2743,nan,0.7281648516654968,inf,4.041724681854248,30.248554229736328
2763,nan,-0.13497214019298553,inf,12.773850440979004,0.2078113555908203
2843,nan,-0.13025107979774475,inf,11.31390380859375,0.23157954216003418
2853,nan,-0.12652115523815155,inf,11.169842720031738,0.7176332473754883
2866,nan,-0.042929165065288544,inf,6.534002780914307,3.9657418727874756
2889,nan,-0.1380293220281601,inf,13.221246719360352,0.0054686786606907845
2908,nan,-0.1360030621290207,inf,12.891474723815918,0.06794867664575577
2909,nan,-0.136040598154068,inf,12.033297538757324,0.04977130889892578
2912,nan,-0.1243462786078453,inf,13.418156623840332,0.9737310409545898
2945,nan,-0.13832487165927887,inf,17.874204635620117,0.0014400482177734375
2962,nan,-0.1382189244031906,inf,15.468238830566406,0.0027820586692541838
2965,nan,-0.138364776968956,inf,20.30805015563965,4.806518700206652e-05
2995,nan,-0.1383468359708786,inf,19.410968780517578,0.0006184577941894531
3020,nan,-0.11415793001651764,inf,9.874427795410156,0.8150427937507629
3104,nan,-0.11136525124311447,inf,11.509759902954102,0.2475573569536209
3163,nan,0.01185641810297966,inf,5.986510753631592,7.540890693664551
3266,nan,-0.13812024891376495,inf,16.30830192565918,0.0169511791318655
3278,nan,-0.01900821179151535,inf,7.25344181060791,3.133124589920044
3286,nan,-0.09046529233455658,inf,8.866318702697754,0.5946571230888367
3297,nan,-0.12452017515897751,inf,9.254721641540527,0.33466440439224243
3357,nan,-0.04585151746869087,inf,7.194457530975342,2.6626930236816406
3475,nan,-0.13823743164539337,inf,14.634551048278809,0.005460500717163086
3478,nan,0.12204058468341827,inf,7.034771919250488,6.832135200500488
3579,nan,-0.13813182711601257,inf,15.17285442352295,0.010528302751481533
3580,nan,-0.13833975791931152,inf,15.05876350402832,0.0007957041379995644
3589,nan,-0.138298898935318,inf,17.862411499023438,0.0025955201126635075
3597,nan,-0.125676229596138,inf,9.288073539733887,0.20683176815509796
3615,nan,-0.1300710290670395,inf,11.401740074157715,0.5034282803535461
3636,nan,-0.12648479640483856,inf,9.163673400878906,0.3152473568916321
3645,nan,-0.13833916187286377,inf,20.962167739868164,0.0008308649412356317
3664,nan,-0.13267110288143158,inf,12.636343955993652,0.28316494822502136
3714,nan,-0.13537073135375977,inf,10.563923835754395,0.04601659998297691
3748,nan,-0.12031866610050201,inf,7.644738674163818,0.46700459718704224
3764,nan,-0.12020006030797958,inf,7.445193767547607,0.6419762969017029
3778,nan,-0.022853441536426544,inf,6.712896823883057,2.1698529720306396
3845,nan,-0.1060006394982338,inf,7.4818949699401855,0.6387208104133606
3848,nan,-0.09741976112127304,inf,9.512473106384277,1.3481491804122925
3890,nan,0.028553852811455727,inf,5.810834884643555,8.43433666229248
3916,nan,-0.13202321529388428,inf,9.757895469665527,0.19429577887058258
3933,nan,-0.1383570283651352,inf,21.688016891479492,0.00021858215040992945
3948,nan,-0.05696038529276848,inf,8.058485984802246,3.801962375640869
3969,nan,1.8033323287963867,inf,3.842400312423706,20.401960372924805
3980,nan,0.006290917284786701,inf,7.540988922119141,1.1848337650299072
4018,nan,-0.13819777965545654,inf,12.718523979187012,0.005835151765495539
4067,nan,-0.13728657364845276,inf,18.256898880004883,0.07694854587316513
4068,nan,-0.13843879103660583,inf,18.84910011291504,-0.005687523167580366
4112,nan,-0.13522563874721527,inf,12.267858505249023,0.07453002780675888
4116,nan,0.23847244679927826,inf,6.072189807891846,5.012725830078125
4193,nan,-0.13737063109874725,inf,11.386344909667969,0.0520818717777729
4201,nan,-0.12771841883659363,inf,11.315347671508789,0.39755675196647644
4211,nan,3.0418450832366943,inf,1.078171730041504,91.32649993896484
4222,nan,-0.13742098212242126,inf,11.797968864440918,0.02953202836215496
4268,nan,-0.07200125604867935,inf,4.972731113433838,0.749107301235199
4391,nan,-0.025861186906695366,inf,6.634494781494141,3.475634813308716
4402,nan,-0.13806582987308502,inf,24.44637107849121,0.00701141357421875
4405,nan,0.8979101181030273,inf,3.557462692260742,28.436147689819336
4416,nan,0.02740284614264965,inf,6.169040679931641,4.812159538269043
4429,nan,-0.1383069008588791,inf,15.154036521911621,0.002805519150570035
4433,nan,-0.13851937651634216,inf,15.259814262390137,-0.004823875613510609
4443,nan,-0.13824228942394257,inf,14.277478218078613,0.007966327480971813
4446,nan,-0.13395950198173523,inf,15.345664978027344,0.1412220001220703
4458,nan,-0.05975136160850525,inf,7.280595302581787,1.124442219734192
4516,nan,0.206902414560318,inf,5.613759517669678,7.096290588378906
4525,nan,-0.13831518590450287,inf,18.5049991607666,0.0016569137806072831
4635,nan,-0.13810919225215912,inf,12.330790519714355,0.009929466061294079
4674,nan,-0.13775019347667694,inf,11.50042724609375,0.013552856631577015
4736,nan,-0.13376639783382416,inf,10.179072380065918,0.06955347210168839
4782,nan,-0.13496963679790497,inf,7.838165283203125,0.19997911155223846
4798,nan,-0.10989486426115036,inf,7.7221999168396,2.4779558181762695
4802,nan,-0.13826750218868256,inf,16.956083297729492,0.004097867291420698
4823,nan,0.04067564755678177,inf,5.362319469451904,7.954382419586182
4829,nan,-0.12888407707214355,inf,11.02891731262207,0.4405871033668518
4855,nan,-0.13836395740509033,inf,17.902456283569336,3.78966324205976e-05
4918,nan,1.2900193929672241,inf,3.957612991333008,39.09104537963867
4976,nan,-0.1274198591709137,inf,11.436663627624512,0.5480726957321167
5008,nan,-0.07336049526929855,inf,9.742637634277344,0.8306032419204712
5025,nan,0.2578096091747284,inf,4.85022497177124,14.461458206176758
5028,nan,-0.08979111164808273,inf,8.17789363861084,1.694036841392517
5065,nan,-0.1387137621641159,inf,14.037752151489258,-0.006772518157958984
5107,nan,0.8580672144889832,inf,4.8303303718566895,22.059370040893555
5134,nan,-0.13494986295700073,inf,10.178415298461914,0.08394527435302734
5178,nan,0.11339697986841202,inf,5.110301494598389,5.8071208000183105
5180,nan,-0.1381717026233673,inf,14.388208389282227,0.011321780271828175
5229,nan,-0.13834097981452942,inf,16.61302947998047,0.0008505821460857987
5230,nan,0.009190933778882027,inf,7.502754211425781,2.5897343158721924
5235,nan,-0.1339591145515442,inf,14.844879150390625,0.17358951270580292
5243,nan,-0.10554517805576324,inf,7.540571689605713,0.10313083976507187
5293,nan,1.3677685260772705,inf,2.6801018714904785,50.901180267333984
5307,nan,-0.1380660980939865,inf,15.283477783203125,0.011115646921098232
5312,nan,-0.12141759693622589,inf,9.308063507080078,1.3492361307144165
5320,nan,-0.13779614865779877,inf,13.285234451293945,0.028568267822265625
5373,nan,-0.0921161100268364,inf,9.979813575744629,0.694490373134613
5443,nan,-0.0383252277970314,inf,6.008544921875,5.417335033416748
5531,nan,-0.13783925771713257,inf,13.834540367126465,0.03226280212402344
5585,nan,-0.13836084306240082,inf,15.664596557617188,0.0002115249662892893
5626,nan,0.12694013118743896,inf,4.918625831604004,6.338900566101074
5640,nan,-0.13895975053310394,inf,13.291075706481934,-0.012904787436127663
5648,nan,-0.13811354339122772,inf,12.177946090698242,0.009880924597382545
5675,nan,0.3325284421443939,inf,5.0994696617126465,8.886778831481934
5714,nan,-0.13869208097457886,inf,11.105454444885254,0.019970178604125977
5738,nan,5.095335006713867,inf,-0.5283141732215881,160.70932006835938
5824,nan,-0.13835978507995605,inf,25.964096069335938,0.00020608902559615672
5829,nan,0.30811822414398193,inf,4.724379539489746,6.9184184074401855
5837,nan,-0.11910106241703033,inf,9.42263126373291,0.5570012927055359
5839,nan,1.7312742471694946,inf,3.372447967529297,25.76392936706543
5855,nan,-0.13800929486751556,inf,13.495587348937988,0.01386947650462389
5857,nan,-0.1178598627448082,inf,10.988930702209473,0.7394095063209534
5863,nan,0.250156432390213,inf,6.096228122711182,10.916624069213867
5907,nan,-0.12722548842430115,inf,7.75075626373291,0.5040585398674011
5913,nan,-0.028278568759560585,inf,5.98634672164917,2.347371816635132
5943,nan,0.11140906810760498,inf,7.073023319244385,3.691683530807495
5999,nan,-0.0055165402591228485,inf,4.902781963348389,7.85748291015625
6036,nan,-0.1383746862411499,inf,16.445125579833984,1.411438006471144e-05
6069,nan,-0.1389380544424057,inf,13.301318168640137,-0.01851978339254856
6092,nan,-0.13809973001480103,inf,15.115880012512207,0.011044693179428577
6130,nan,0.8161239624023438,inf,3.4171180725097656,21.30630111694336
6135,nan,-0.13693951070308685,inf,15.348947525024414,0.09688549488782883
6232,nan,-0.13817566633224487,inf,21.82847023010254,0.013341712765395641
6261,nan,-0.10915476083755493,inf,15.5693998336792,0.9459808468818665
6319,nan,-0.11923862993717194,inf,13.265896797180176,0.8236947059631348
6347,nan,-0.07410436868667603,inf,10.807806968688965,0.6209422945976257
6377,nan,-0.12405438721179962,inf,11.704936981201172,0.3980267643928528
6380,nan,-0.13779756426811218,inf,16.22153091430664,0.020221948623657227
6384,nan,-0.13836364448070526,inf,20.845563888549805,3.8766862417105585e-05
6421,nan,-0.1390078067779541,inf,15.58646297454834,-0.020757675170898438
6469,nan,-0.13513576984405518,inf,8.276595115661621,0.08415503799915314
6488,nan,-0.1368374079465866,inf,9.071414947509766,0.36442112922668457
6546,nan,-0.12828440964221954,inf,15.304107666015625,0.1318121999502182
6573,nan,-0.13729022443294525,inf,14.762489318847656,0.02366333082318306
6590,nan,-0.13851593434810638,inf,12.607078552246094,0.02815551869571209
6612,nan,-0.13888345658779144,inf,10.990854263305664,0.01449508685618639
6672,nan,-0.1383628249168396,inf,25.80421257019043,4.7302248276537284e-05
6680,nan,-0.06230543926358223,inf,7.292344570159912,2.8541858196258545
6769,nan,-0.13082964718341827,inf,9.632094383239746,0.15919256210327148
6776,nan,-0.10054166615009308,inf,10.501402854919434,0.8688079714775085
6789,nan,-0.13578353822231293,inf,10.70942211151123,0.10997142642736435
6831,nan,-0.1209234967827797,inf,8.876083374023438,0.4720766246318817
6832,nan,1.5574724674224854,inf,2.2773590087890625,51.9305419921875
6844,nan,-0.08063041418790817,inf,10.035482406616211,1.1958507299423218
6864,nan,-0.06735318154096603,inf,9.132125854492188,1.197421908378601
6943,nan,-0.09268702566623688,inf,12.374892234802246,0.18475742638111115
6952,nan,-0.02805253304541111,inf,7.0559282302856445,2.443878650665283
7024,nan,0.31104159355163574,inf,6.8334527015686035,5.026411533355713
7047,nan,-0.1309739053249359,inf,7.142116069793701,0.4244926869869232
7071,nan,-0.13604259490966797,inf,10.452364921569824,0.13379402458667755
7089,nan,0.1375364512205124,inf,6.248885154724121,12.12900447845459
7115,nan,-0.04548591375350952,inf,7.305530071258545,2.7164433002471924
7191,nan,-0.12773583829402924,inf,8.78366756439209,0.3130195736885071
7233,nan,-0.13415907323360443,inf,9.556070327758789,0.2901749312877655
7249,nan,-0.13836391270160675,inf,23.41450309753418,5.035400317865424e-05
7258,nan,-0.13660046458244324,inf,13.466107368469238,0.0517638698220253
7287,nan,-0.1383364349603653,inf,17.287487030029297,0.0017706871731206775
7418,nan,1.0174912214279175,inf,4.571176052093506,36.61893844604492
7450,nan,-0.1360151618719101,inf,12.513032913208008,0.057068824768066406
7459,nan,-0.1029890775680542,inf,6.7815775871276855,0.45769205689430237
7464,nan,-0.13835376501083374,inf,24.1616268157959,0.0007789611699990928
7486,nan,-0.13791179656982422,inf,16.351530075073242,0.01484748162329197
7530,nan,-0.13386470079421997,inf,10.884224891662598,0.18752871453762054
7533,nan,-0.13836424052715302,inf,21.6790828704834,9.894371032714844e-06
7548,nan,-0.13787224888801575,inf,12.150318145751953,0.009150790981948376
7624,nan,-0.07905693352222443,inf,6.250637054443359,1.4387046098709106
7693,nan,-0.13834308087825775,inf,17.057910919189453,0.0005486965528689325
7704,nan,-0.13703452050685883,inf,9.059735298156738,0.05556375905871391
7711,nan,-0.13280564546585083,inf,9.315707206726074,0.039813149720430374
7745,nan,-0.1383436620235443,inf,17.420827865600586,0.0009514808771200478
7766,nan,0.14764533936977386,inf,5.570346355438232,11.463987350463867
7825,nan,-0.18028609454631805,inf,9.510114669799805,-0.4937310814857483
7867,nan,-0.13596807420253754,inf,15.130058288574219,0.09445180743932724
7931,nan,-0.009115143679082394,inf,5.9008469581604,1.5023114681243896
7944,nan,-0.11276432126760483,inf,6.277947902679443,1.1119970083236694
8000,nan,-0.12162979692220688,inf,12.396906852722168,1.2559431791305542
8001,nan,-0.13834863901138306,inf,15.258631706237793,0.001867789076641202
8051,nan,-0.12948641180992126,inf,9.029074668884277,0.352338045835495
8056,nan,-0.1400958150625229,inf,10.398431777954102,0.04153161123394966
8104,nan,-0.13836002349853516,inf,18.606122970581055,0.00013809204392600805
8107,nan,0.3494950532913208,inf,5.986299991607666,29.000303268432617
8108,nan,-0.07438462972640991,inf,9.583308219909668,1.786859154701233
8148,nan,-0.13834711909294128,inf,18.36083221435547,0.000508213066495955
8151,nan,-0.13826626539230347,inf,11.71059513092041,0.0009124755742959678
8247,nan,0.1437167376279831,inf,4.89436674118042,3.0511422157287598
8255,nan,-0.137834832072258,inf,12.838935852050781,0.020064258947968483
8263,nan,-0.13098827004432678,inf,9.661739349365234,0.21923302114009857
8359,nan,-0.13823431730270386,inf,16.646530151367188,0.00740814208984375
8360,nan,-0.13837949931621552,inf,19.19757080078125,-0.0004791259707417339
8426,nan,-0.13836203515529633,inf,21.58724594116211,0.00010914802987826988
8430,nan,0.08764296770095825,inf,4.479379653930664,8.166040420532227
8431,nan,-0.13720184564590454,inf,13.337213516235352,0.04490966722369194
8433,nan,-0.13815174996852875,inf,12.712889671325684,0.01730675809085369
8596,nan,-0.13836424052715302,inf,20.333932876586914,2.4080276489257812e-05
8597,nan,0.01780465804040432,inf,6.160838603973389,1.535003900527954
8629,nan,-0.13784170150756836,inf,17.78944969177246,0.017225677147507668
8632,nan,-0.13837113976478577,inf,15.297171592712402,-0.0003586769162211567
8638,nan,-0.13750573992729187,inf,16.222429275512695,0.015012502670288086
8641,nan,-0.1371561735868454,inf,12.137202262878418,0.04476429894566536
8645,nan,-0.09898124635219574,inf,10.239336967468262,0.954681396484375
8681,nan,-0.03783298283815384,inf,6.8483147621154785,5.6426005363464355
8695,nan,-0.13836558163166046,inf,20.73551368713379,-4.310607982915826e-05
8700,nan,-0.13837024569511414,inf,17.005260467529297,-0.0004923701635561883
8709,nan,-0.1269683986902237,inf,10.103133201599121,0.15748806297779083
8758,nan,-0.13835081458091736,inf,16.860681533813477,0.00068411830579862
8813,nan,-0.13839779794216156,inf,14.924234390258789,-0.002756786299869418
8821,nan,0.13722354173660278,inf,5.011322975158691,6.067636013031006
8823,nan,-0.10906869173049927,inf,9.584933280944824,0.9133076071739197
8834,nan,-0.1383386105298996,inf,17.50339698791504,0.0010086179245263338
8849,nan,-0.13712868094444275,inf,12.67669677734375,0.01953708566725254
8885,nan,-0.1840345710515976,inf,4.160229206085205,3.2222821712493896
8891,nan,-0.09832696616649628,inf,6.2994585037231445,0.8731269836425781
8897,nan,-0.13226138055324554,inf,10.290376663208008,0.20523777604103088
8908,nan,-0.13645431399345398,inf,11.381392478942871,0.08636870235204697
8912,nan,-0.10244124382734299,inf,9.188780784606934,1.075730323791504
8991,nan,-0.1306004524230957,inf,12.850638389587402,0.4417535960674286
8996,nan,-0.08201948553323746,inf,9.180400848388672,1.0908727645874023
9015,nan,-0.13883982598781586,inf,10.63265609741211,0.001208400703035295
9027,nan,-0.13761301338672638,inf,11.496617317199707,0.020475197583436966
9078,nan,-0.09600375592708588,inf,9.241050720214844,1.8654091358184814
9111,nan,-0.11670944839715958,inf,9.170419692993164,0.6873273253440857
9116,nan,-0.13960078358650208,inf,13.60184383392334,0.014242315664887428
9126,nan,-0.13806350529193878,inf,13.761980056762695,0.0116119384765625
9156,nan,-0.03243234381079674,inf,7.834517955780029,1.364857792854309
9198,nan,-0.13836461305618286,inf,25.87876319885254,0.0
9202,nan,-0.13829141855239868,inf,16.746540069580078,0.002517843386158347
9231,nan,0.09735283255577087,inf,5.443003177642822,7.43029260635376
9264,nan,-0.13641372323036194,inf,14.114588737487793,0.071790412068367
9337,nan,-0.1383606493473053,inf,23.73520278930664,0.0002796173212118447
9394,nan,-0.1378481537103653,inf,9.148224830627441,0.02199249342083931
9422,nan,1.4611653089523315,inf,3.2528655529022217,21.7593936920166
9475,nan,-0.1169668659567833,inf,9.058122634887695,0.7215002179145813
9489,nan,-0.1299578845500946,inf,9.789237022399902,0.4533700942993164
9495,nan,-0.12759801745414734,inf,9.783215522766113,0.05201878771185875
9510,nan,-0.13836726546287537,inf,22.944963455200195,-7.82966599217616e-05
9516,nan,0.07547979801893234,inf,8.680766105651855,8.05840015411377
9547,nan,-0.13731196522712708,inf,12.70068645477295,0.03920764848589897
9564,nan,0.025433573871850967,inf,4.504573822021484,7.910525798797607
9613,nan,-0.13709338009357452,inf,13.848215103149414,0.08480103313922882
9626,nan,-0.13836461305618286,inf,25.290695190429688,0.0
9650,nan,-0.13805541396141052,inf,18.076091766357422,0.010152054019272327
9651,nan,-0.13700111210346222,inf,11.28795337677002,0.019385719671845436
9662,nan,0.03850126639008522,inf,5.594817638397217,4.377827167510986
9688,nan,-0.13360321521759033,inf,10.91208267211914,0.24618922173976898
9694,nan,-0.1383705586194992,inf,14.05156135559082,-0.0029405595269054174
9711,nan,0.488838255405426,inf,3.617323398590088,11.428328514099121
9763,nan,-0.13317106664180756,inf,7.874025821685791,0.21222643554210663
9836,nan,-0.11504925787448883,inf,9.258540153503418,0.8656702041625977
9859,nan,-0.13832402229309082,inf,16.530920028686523,0.0015394211513921618
9873,nan,-0.09849046170711517,inf,11.114200592041016,0.30042725801467896
9887,nan,-0.13836315274238586,inf,17.81459617614746,0.0002990722714457661
9903,nan,0.056372981518507004,inf,6.449293613433838,4.685688495635986
9915,nan,-0.13790524005889893,inf,14.230900764465332,0.012557029724121094
10039,nan,0.08621153235435486,inf,5.91329288482666,6.750624179840088
10049,nan,-0.1382962316274643,inf,18.80659294128418,0.004790205042809248
10052,nan,-0.13598909974098206,inf,12.161419868469238,0.05942802503705025
10088,nan,-0.1343056559562683,inf,14.421266555786133,0.14323334395885468
10096,nan,-0.13891665637493134,inf,10.483964920043945,-0.008531028404831886
10099,nan,3.5918691158294678,inf,1.417183518409729,106.18861389160156
10197,nan,-0.1379019170999527,inf,14.191093444824219,0.017002487555146217
10241,nan,0.03829823061823845,inf,4.064339637756348,16.45497703552246
10309,nan,-0.13806602358818054,inf,16.458499908447266,0.012269973754882812
10376,nan,0.17906443774700165,inf,5.573089122772217,9.814538955688477
10392,nan,-0.13767753541469574,inf,13.536531448364258,0.021007537841796875
10438,nan,-0.12804649770259857,inf,10.860427856445312,0.11319165676832199
10539,nan,-0.137665256857872,inf,17.316614151000977,0.04613390192389488
10583,nan,-0.1067420169711113,inf,10.593412399291992,0.3577544689178467
10586,nan,0.13995693624019623,inf,7.224605083465576,8.291801452636719
10635,nan,-0.1396159529685974,inf,10.070094108581543,0.2232881635427475
10658,nan,-0.0004059381899423897,inf,5.727636814117432,0.7404546141624451
10663,nan,-0.1312841922044754,inf,13.718193054199219,0.2520506978034973
10692,nan,-0.12100999802350998,inf,8.646907806396484,1.477718710899353
10764,nan,-0.13593445718288422,inf,10.51401424407959,0.03656597062945366
10777,nan,-0.14921477437019348,inf,7.040463924407959,-0.34206274151802063
10781,nan,0.8156248331069946,inf,5.336414813995361,16.676389694213867
10895,nan,-0.1380443125963211,inf,16.82784080505371,0.010223579593002796
10918,nan,-0.1561598926782608,inf,10.580644607543945,-0.5855236649513245
10937,nan,-0.13341902196407318,inf,17.597169876098633,0.20034337043762207
10986,nan,0.3786807060241699,inf,4.951082229614258,20.896305084228516
10994,nan,-0.11509747803211212,inf,6.120471954345703,0.18095140159130096
11010,nan,-0.08817854523658752,inf,9.587882041931152,1.1214312314987183
11013,nan,-0.13828124105930328,inf,18.50635528564453,0.004521084018051624
11109,nan,-0.13633504509925842,inf,11.796674728393555,0.039345741271972656
11119,nan,-0.0993717610836029,inf,11.665264129638672,1.2522228956222534
11217,nan,-0.1383642852306366,inf,22.547863006591797,2.002716064453125e-05
11302,nan,-0.13839639723300934,inf,15.83777904510498,0.0004070758877787739
11307,nan,-0.13834232091903687,inf,20.616844177246094,0.0012684225803241134
11332,nan,-0.13493500649929047,inf,12.64334774017334,0.24225127696990967
11353,nan,-0.13530518114566803,inf,15.424527168273926,0.022861480712890625
11364,nan,-0.04652436450123787,inf,8.776122093200684,3.6866204738616943
11404,nan,-0.0682709664106369,inf,7.4737067222595215,1.9969137907028198
11414,nan,0.14402785897254944,inf,3.0424952507019043,10.631032943725586
11463,nan,-0.13835960626602173,inf,19.44516944885254,0.00035943984403274953
11472,nan,-0.13833275437355042,inf,16.468585968017578,0.0014740944607183337
11475,nan,-0.13786324858665466,inf,15.474871635437012,0.016267968341708183
11478,nan,-0.13223715126514435,inf,10.519723892211914,0.26866695284843445
11489,nan,0.08977051079273224,inf,3.4325363636016846,2.743692636489868
11537,nan,-0.1383243054151535,inf,15.46446418762207,0.00075192452641204
11547,nan,-0.13837198913097382,inf,18.398550033569336,-0.00016946792311500758
11600,nan,-0.1383492797613144,inf,18.02951431274414,0.0007049560663290322
11613,nan,-0.13836060464382172,inf,16.172117233276367,0.00023880005755927414
11624,nan,-0.07394696027040482,inf,10.288330078125,1.9950199127197266
11683,nan,-0.09204186499118805,inf,11.340665817260742,1.8754066228866577
11692,nan,0.7893166542053223,inf,3.1948776245117188,27.473669052124023
11738,nan,-0.12328038364648819,inf,8.877782821655273,0.12740717828273773
11748,nan,-0.13836121559143066,inf,20.92828941345215,0.00020985603623557836
11774,nan,0.2745152413845062,inf,4.592141151428223,7.1568522453308105
11794,nan,-0.13260725140571594,inf,14.135475158691406,0.16231612861156464
11820,nan,-0.12395801395177841,inf,7.98358678817749,0.9127252697944641
11827,nan,-0.14218726754188538,inf,14.07768726348877,-0.1528431475162506
11831,nan,-0.13836495578289032,inf,17.709692001342773,0.000331878662109375
11929,nan,-0.1316119283437729,inf,11.648256301879883,0.28781405091285706
11976,nan,-0.13750752806663513,inf,19.509916305541992,0.061293985694646835
11986,nan,-0.08438660949468613,inf,7.6566009521484375,2.2801740169525146
12060,nan,-0.13437704741954803,inf,10.429834365844727,0.06939945369958878
12134,nan,-0.1455712616443634,inf,9.385998725891113,0.0535244457423687
12137,nan,0.2672043442726135,inf,4.98447847366333,14.06800365447998
12166,nan,0.009520641528069973,inf,4.708419322967529,7.71038293838501
12171,nan,-0.07087302207946777,inf,9.046278953552246,0.8566389083862305
12181,nan,-0.13513316214084625,inf,10.89336109161377,0.11638770252466202
12182,nan,-0.01627535931766033,inf,9.965408325195312,4.021296977996826
12191,nan,0.0354556143283844,inf,6.700419902801514,3.1063826084136963
12193,nan,-0.13813219964504242,inf,15.734315872192383,0.008362198248505592
12238,nan,-0.04748047515749931,inf,7.706535339355469,1.47858726978302
12243,nan,0.02383224479854107,inf,7.862501621246338,3.0441625118255615
12254,nan,-0.13831976056098938,inf,14.746005058288574,0.0017309188842773438
12259,nan,-0.1381080150604248,inf,10.211079597473145,-0.003078556153923273
12262,nan,-0.1374494731426239,inf,16.46869468688965,0.04998278617858887
12266,nan,-0.1394079625606537,inf,8.781378746032715,0.04285726696252823
12276,nan,-0.13836431503295898,inf,23.722904205322266,1.9741059077205136e-05
12304,nan,0.10358220338821411,inf,5.3273820877075195,8.720779418945312
12320,nan,-0.09014766663312912,inf,7.445984840393066,1.2757699489593506
12326,nan,-0.04602791368961334,inf,5.394881725311279,3.056755781173706
12332,nan,-0.13834546506404877,inf,13.905486106872559,0.010251903906464577
12335,nan,-0.11739649623632431,inf,8.969874382019043,0.7768781185150146
12351,nan,-0.13675928115844727,inf,12.557063102722168,0.06325791031122208
12376,nan,-0.10060302168130875,inf,9.121668815612793,0.9522730112075806
12385,nan,-0.1383374035358429,inf,17.81336212158203,0.0010516643524169922
12433,nan,-0.13834886252880096,inf,15.921136856079102,0.0012111187679693103
12510,nan,-0.13836205005645752,inf,22.78958511352539,0.0001560211239848286
12540,nan,-0.08891282975673676,inf,7.240058898925781,1.1106081008911133
12557,nan,-0.13785825669765472,inf,14.460965156555176,0.035537149757146835
12574,nan,-0.13835790753364563,inf,24.128097534179688,0.0004722595331259072
12576,nan,-0.13835491240024567,inf,18.005094528198242,0.0005985796451568604
12665,nan,-0.1374363750219345,inf,10.392928123474121,0.030969619750976562
12716,nan,-0.11031587421894073,inf,6.347406387329102,1.7051506042480469
12722,nan,-0.138365238904953,inf,21.588708877563477,-2.288818359375e-05
12734,nan,2.6395890712738037,inf,2.0219342708587646,105.03008270263672
12747,nan,-0.13833270967006683,inf,21.425403594970703,0.00225067138671875
12759,nan,0.1995398998260498,inf,5.076170921325684,5.64782190322876
12768,nan,-0.13836489617824554,inf,24.51405906677246,-9.15527380129788e-06
12916,nan,-0.13723991811275482,inf,16.468278884887695,0.04339137300848961
12938,nan,-0.11264264583587646,inf,6.971595287322998,0.8170754313468933
12949,nan,-0.13711470365524292,inf,11.794894218444824,0.05046386644244194
13001,nan,0.7689716815948486,inf,4.7892889976501465,20.28021812438965
13003,nan,-0.1365707665681839,inf,10.359786987304688,0.07740356773138046
13051,nan,-0.1283300369977951,inf,10.046167373657227,0.21936941146850586
13076,nan,-0.13794732093811035,inf,17.90788459777832,0.029356002807617188
13095,nan,-0.13462798297405243,inf,12.01027774810791,0.08589325100183487
13099,nan,-0.12195223569869995,inf,8.062933921813965,0.6831969618797302
13109,nan,0.15720932185649872,inf,4.793816089630127,6.984190464019775
13127,nan,-0.050788868218660355,inf,7.705742835998535,2.5059304237365723
13131,nan,-0.13449908792972565,inf,12.633373260498047,0.09177255630493164
13150,nan,0.2937806248664856,inf,5.881002902984619,7.507878303527832
13259,nan,-0.13837559521198273,inf,15.310043334960938,0.0019805431365966797
13290,nan,-0.15004579722881317,inf,7.774058818817139,-0.10014112293720245
13312,nan,0.29067036509513855,inf,4.642189025878906,5.7526021003723145
13383,nan,-0.10179533064365387,inf,9.522550582885742,0.7116180658340454
13414,nan,0.008218198083341122,inf,7.2835588455200195,4.640307426452637
13432,nan,-0.13603760302066803,inf,14.731770515441895,0.03237047418951988
13436,nan,-0.1383657306432724,inf,19.749418258666992,-4.692077709478326e-05
13441,nan,-0.13820457458496094,inf,12.06006908416748,0.009610938839614391
13450,nan,0.7516608834266663,inf,4.442336559295654,29.018020629882812
13452,nan,-0.11833871901035309,inf,10.55974006652832,0.6822868585586548
13501,nan,-0.13828273117542267,inf,15.508417129516602,0.003607511520385742
13513,nan,-0.1380077749490738,inf,13.53288459777832,0.012739944271743298
13539,nan,-0.13705076277256012,inf,11.482436180114746,0.02690105512738228
13576,nan,-0.13838045299053192,inf,19.67340087890625,-0.00047379135503433645
13591,nan,0.32279789447784424,inf,3.450207233428955,10.178679466247559
13593,nan,-0.1330929547548294,inf,9.885961532592773,0.11688204109668732
13594,nan,-0.13806794583797455,inf,14.201888084411621,0.012351489625871181
13610,nan,-0.12862759828567505,inf,14.554875373840332,0.3226281404495239
13682,nan,-0.11573439836502075,inf,8.291418075561523,0.22342996299266815
13722,nan,-0.04307445511221886,inf,8.59765338897705,0.7438747882843018
13733,nan,-0.1383311003446579,inf,15.931182861328125,0.0027378082741051912
13746,nan,-0.13768504559993744,inf,12.647027015686035,0.035216715186834335
13784,nan,1.8625402450561523,inf,2.8578357696533203,46.97109603881836
13790,nan,-0.1300736516714096,inf,10.18138599395752,0.3639633357524872
13829,nan,0.06547518819570541,inf,4.573318004608154,4.917068004608154
13839,nan,-0.11556315422058105,inf,8.435976028442383,0.6905561685562134
13853,nan,-0.1384889930486679,inf,14.696476936340332,-0.005818081088364124
13868,nan,-0.13834117352962494,inf,18.751842498779297,0.001371669815853238
13884,nan,-0.13834534585475922,inf,17.853120803833008,0.0015392303466796875
13973,nan,-0.13751539587974548,inf,14.642572402954102,0.00398521451279521
14029,nan,-0.13713710010051727,inf,11.788973808288574,0.018822288140654564
14055,nan,-0.13681580126285553,inf,12.75745677947998,0.06470546871423721
14074,nan,0.18918494880199432,inf,5.636693000793457,6.249849319458008
14128,nan,0.18483325839042664,inf,6.289328098297119,5.506369590759277
14143,nan,-0.13818252086639404,inf,12.207951545715332,0.010446453467011452
14158,nan,-0.03879754617810249,inf,4.1323676109313965,5.862591743469238
14174,nan,-0.13832522928714752,inf,15.450377464294434,0.0004556656058412045
14210,nan,-0.13593299686908722,inf,13.00830364227295,0.07401867210865021
14288,nan,-0.13692693412303925,inf,12.810080528259277,0.04947395250201225
14337,nan,-0.13816320896148682,inf,16.625715255737305,0.003014946123585105
14396,nan,-0.1383456289768219,inf,18.05048179626465,0.0008091092458926141
14442,nan,-0.05836493894457817,inf,8.865296363830566,2.22938871383667
14466,nan,-0.13512544333934784,inf,11.507122993469238,0.12085192650556564
14467,nan,-0.13834388554096222,inf,19.130126953125,0.0010496139293536544
14600,nan,-0.138356015086174,inf,16.95183753967285,0.000305604946333915
14677,nan,-0.13811944425106049,inf,13.596219062805176,0.00865973811596632
14708,nan,-0.03550298511981964,inf,7.007674694061279,3.408438205718994
14716,nan,-0.13831494748592377,inf,13.93077278137207,0.001732301781885326
14801,nan,-0.1383390575647354,inf,18.279943466186523,0.0007221222040243447
14817,nan,0.748670220375061,inf,3.5918450355529785,24.141443252563477
14847,nan,-0.13825584948062897,inf,18.444686889648438,0.00754470843821764
14917,nan,-0.13788427412509918,inf,12.08300495147705,0.011760520748794079
15017,nan,-0.13452698290348053,inf,12.554705619812012,0.15171237289905548
15090,nan,1.2773523330688477,inf,4.693896293640137,20.910140991210938
15101,nan,0.7712427377700806,inf,4.756913661956787,18.809906005859375
15205,nan,-0.1311291605234146,inf,13.065164566040039,0.24870358407497406
15244,nan,0.5683535933494568,inf,4.079661846160889,25.66349220275879
15278,nan,-0.13656960427761078,inf,10.940360069274902,0.06114247068762779
15325,nan,0.21105532348155975,inf,5.27948522567749,9.44266128540039
15385,nan,-0.1390443742275238,inf,11.927191734313965,-0.022898077964782715
15396,nan,-0.13732782006263733,inf,11.165546417236328,0.017509842291474342
15468,nan,-0.08306778967380524,inf,7.2724833488464355,1.004596471786499
15476,nan,-0.13834306597709656,inf,22.23777961730957,0.0014225021004676819
15493,nan,-0.1383817046880722,inf,18.089107513427734,-0.0005928039900027215
15608,nan,-0.1383647918701172,inf,24.584627151489258,-2.250671423098538e-05
15635,nan,-0.13831010460853577,inf,18.61000633239746,0.0013203620910644531
15660,nan,-0.13830897212028503,inf,18.017179489135742,0.0011457920772954822
15676,nan,-0.13827818632125854,inf,17.634214401245117,0.0014567375183105469
15689,nan,-0.10654699802398682,inf,8.009029388427734,0.3824840486049652
15712,nan,0.054198622703552246,inf,5.926167011260986,3.4400250911712646
15716,nan,-0.1335681676864624,inf,12.340699195861816,0.1734231561422348
15730,nan,-0.13836385309696198,inf,21.19929313659668,6.332397606456652e-05
15732,nan,-0.1383318454027176,inf,16.118547439575195,0.0005701064947061241
15750,nan,-0.14481797814369202,inf,14.729545593261719,0.019349170848727226
15779,nan,-0.13835462927818298,inf,18.624242782592773,0.0003723144473042339
15864,nan,-0.1383739858865738,inf,15.6311616897583,-0.0019451141124591231
15907,nan,-0.12676486372947693,inf,11.033340454101562,0.7178735733032227
15915,nan,0.1195235475897789,inf,4.750871181488037,17.708261489868164
15991,nan,0.27125802636146545,inf,5.3393073081970215,5.461856365203857
16169,nan,0.2752227783203125,inf,5.515954494476318,13.138673782348633
16188,nan,-0.1370084136724472,inf,11.584785461425781,0.024874497205018997
16218,nan,-0.1390981823205948,inf,13.429618835449219,-0.013719642534852028
16224,nan,0.07795621454715729,inf,4.875372409820557,9.093268394470215
16232,nan,-0.13836510479450226,inf,15.356531143188477,0.00014600754366256297
16279,nan,0.15467248857021332,inf,5.762450218200684,6.685423374176025
16304,nan,-0.13530313968658447,inf,13.865656852722168,0.09153633564710617
16330,nan,-0.13836383819580078,inf,18.966720581054688,3.147125244140625e-05
16363,nan,-0.0914665088057518,inf,7.232370853424072,0.7324468493461609
16378,nan,-0.13822905719280243,inf,13.245475769042969,0.0040666102431714535
16395,nan,-0.13438545167446136,inf,10.670123100280762,0.08260436356067657
16409,nan,-0.13743947446346283,inf,10.517191886901855,0.005111122038215399
16426,nan,-0.12227499485015869,inf,9.062676429748535,1.1457974910736084
16448,nan,-0.13836461305618286,inf,37.77193069458008,0.0
16453,nan,-0.1383633315563202,inf,25.819204330444336,9.078979928744957e-05
16465,nan,-0.13800863921642303,inf,15.48228645324707,0.014917123131453991
16467,nan,-0.043115537613630295,inf,7.584535121917725,3.5259158611297607
16496,nan,-0.1383587121963501,inf,22.68214225769043,0.0004119873046875
16561,nan,-0.13839049637317657,inf,17.19350814819336,-0.0007795334095135331
16589,nan,-0.06690765917301178,inf,6.186603546142578,1.1645675897598267
16618,nan,-0.12708894908428192,inf,8.9509916305542,0.2171110212802887
16642,nan,0.10793572664260864,inf,7.764510631561279,7.59927225112915
16650,nan,-0.1383303850889206,inf,17.26642417907715,0.0016485214000567794
16652,nan,-0.13834422826766968,inf,17.25136375427246,0.0006744623533450067
16729,nan,1.8074734210968018,inf,3.261843204498291,41.80474090576172
16758,nan,-0.08737953752279282,inf,8.313122749328613,0.9376954436302185
16783,nan,-0.13714604079723358,inf,17.449560165405273,0.0475284568965435
16789,nan,-0.13836859166622162,inf,13.457931518554688,0.0031023025512695312
16792,nan,-0.13280168175697327,inf,13.423158645629883,0.4379200041294098
16804,nan,-0.1383601278066635,inf,18.343311309814453,0.0001888275146484375
16812,nan,-0.11467089504003525,inf,9.816009521484375,0.17237940430641174
16871,nan,-0.1346186250448227,inf,11.19611644744873,0.0982513427734375
16884,nan,-0.13785144686698914,inf,11.067687034606934,0.01471776980906725
16889,nan,-0.10086045414209366,inf,8.45923900604248,1.570019245147705
16891,nan,-0.13809071481227875,inf,17.58677864074707,0.010427570901811123
17009,nan,-0.13742835819721222,inf,10.559447288513184,0.023363251239061356
17015,nan,0.4050098955631256,inf,7.807570934295654,22.758127212524414
17049,nan,-0.13077133893966675,inf,10.20398998260498,0.43910226225852966
17063,nan,-0.13831059634685516,inf,16.095094680786133,0.0018113255500793457
17067,nan,-0.1381431519985199,inf,11.584582328796387,0.01789703406393528
17082,nan,-0.10133948177099228,inf,13.489320755004883,1.0444145202636719
17102,nan,-0.06761612743139267,inf,8.664237976074219,1.880836844444275
17109,nan,-0.1103978157043457,inf,15.640353202819824,0.727400541305542
17131,nan,-0.13893769681453705,inf,12.533515930175781,-0.009237527847290039
17152,nan,-0.13836415112018585,inf,22.42031478881836,3.280639793956652e-05
17175,nan,-0.1383792608976364,inf,17.280052185058594,-0.00048313141451217234
17176,nan,-0.13703890144824982,inf,14.277320861816406,0.04202746972441673
17181,nan,-0.1119525209069252,inf,6.76703405380249,-0.2478562444448471
17256,nan,-0.13486520946025848,inf,10.466933250427246,0.09516360610723495
17297,nan,-0.12362582981586456,inf,11.01718807220459,0.5224877595901489
17298,nan,-0.13659818470478058,inf,9.377628326416016,0.053841736167669296
17300,nan,-0.13832145929336548,inf,14.943964004516602,0.001422023749910295
17310,nan,-0.13821229338645935,inf,17.78502655029297,0.001944732735864818
17315,nan,-0.138361856341362,inf,22.840194702148438,0.00020077229419257492
17316,nan,-0.13815201818943024,inf,13.989877700805664,0.008105373941361904
17375,nan,-0.05493529513478279,inf,13.2002534866333,0.6016270518302917
17424,nan,0.15212416648864746,inf,5.267883777618408,3.4760544300079346
17438,nan,-0.13834886252880096,inf,18.567750930786133,0.0009754180791787803
17546,nan,-0.1383596509695053,inf,18.992610931396484,0.00016250611224677414
17578,nan,-0.13518601655960083,inf,10.736654281616211,0.09490080177783966
17697,nan,0.07027143239974976,inf,4.604104042053223,6.200752258300781
17711,nan,-0.13765989243984222,inf,15.476702690124512,0.01750108040869236
17725,nan,-0.1385032832622528,inf,14.08185863494873,0.0005581378936767578
17733,nan,-0.13834582269191742,inf,15.932293891906738,0.0008171081426553428
17785,nan,-0.12422024458646774,inf,10.894232749938965,0.4787162244319916
17794,nan,-0.12661445140838623,inf,9.325383186340332,0.23318596184253693
17861,nan,-0.1383780837059021,inf,23.200428009033203,-0.0004462123033590615
17973,nan,-0.13795994222164154,inf,13.134745597839355,0.011473608203232288
17978,nan,-0.13832387328147888,inf,16.163999557495117,0.0012619495391845703
17983,nan,0.12720941007137299,inf,6.034258842468262,6.395201683044434
18017,nan,2.015331745147705,inf,3.76581072807312,52.35123825073242
18018,nan,0.08452239632606506,inf,7.888072490692139,9.515214920043945
18049,nan,-0.13835857808589935,inf,19.21722412109375,0.00023956298537086695
18065,nan,0.04518209025263786,inf,8.392204284667969,1.0777678489685059
18083,nan,-0.10043217986822128,inf,12.130777359008789,0.9466144442558289
18120,nan,1.541775107383728,inf,3.492274522781372,38.72509765625
18138,nan,-0.13837534189224243,inf,20.00788688659668,-0.00022964477830100805
18146,nan,-0.13741794228553772,inf,16.136985778808594,0.021002864465117455
18158,nan,0.08260876685380936,inf,7.747297763824463,2.4186465740203857
18162,nan,-0.13727204501628876,inf,19.20850944519043,0.014748573303222656
18166,nan,-0.09822241216897964,inf,7.884408473968506,1.0988273620605469
18257,nan,-0.13735772669315338,inf,11.820883750915527,0.015407800674438477
18329,nan,-0.09868690371513367,inf,8.106205940246582,0.9663329124450684
18383,nan,-0.11998720467090607,inf,12.033907890319824,0.5927422642707825
18398,nan,-0.1383531242609024,inf,20.220121383666992,0.0005405425908975303
18400,nan,-0.13831859827041626,inf,19.291358947753906,0.0009331703186035156
18411,nan,-0.13770784437656403,inf,14.206872940063477,0.023305511102080345
18452,nan,0.2549348771572113,inf,6.726861476898193,4.908400058746338
18462,nan,-0.13803835213184357,inf,15.094050407409668,0.0036663056816905737
18523,nan,0.03152860328555107,inf,5.872352123260498,5.119336128234863
18527,nan,-0.1382349580526352,inf,11.98073673248291,0.01690852642059326
18586,nan,-0.13844776153564453,inf,12.815879821777344,-0.0020510435570031404
18713,nan,-0.00793647300451994,inf,9.014554023742676,1.0926668643951416
18721,nan,-0.1314292997121811,inf,17.968456268310547,0.47953253984451294
18774,nan,-0.12736108899116516,inf,11.158953666687012,0.26395007967948914
18806,nan,-0.13829946517944336,inf,17.570465087890625,0.004584914539009333
18831,nan,-0.1379922330379486,inf,14.637738227844238,0.014840031042695045
18852,nan,-0.13771724700927734,inf,14.354782104492188,0.02109990082681179
18903,nan,-0.13830605149269104,inf,14.364468574523926,0.0029381276108324528
18906,nan,0.4428252875804901,inf,4.370748043060303,15.575627326965332
18912,nan,-0.1333651840686798,inf,10.753565788269043,0.1810609996318817
18924,nan,0.6296808123588562,inf,4.447206020355225,10.446696281433105
19006,nan,-0.1296546906232834,inf,10.41486644744873,0.31977730989456177
19034,nan,-0.13782663643360138,inf,10.885736465454102,0.034425973892211914
19035,nan,-0.1383640617132187,inf,23.3836727142334,3.814697265625e-05
19084,nan,-0.1383640021085739,inf,19.455829620361328,2.9373170036706142e-05
19124,nan,-0.13079722225666046,inf,13.238879203796387,0.24838648736476898
19187,nan,0.42308947443962097,inf,6.344481945037842,17.517942428588867
19206,nan,-0.13751043379306793,inf,16.078472137451172,0.03980894014239311
19238,nan,-0.13832716643810272,inf,17.302928924560547,0.0015616894233971834
19245,nan,-0.13811124861240387,inf,18.21291160583496,0.017790889367461205
19298,nan,-0.12412291765213013,inf,11.792402267456055,0.8211208581924438
19304,nan,0.0559825599193573,inf,5.569962978363037,3.5261008739471436
19309,nan,-0.10820465534925461,inf,9.759490013122559,1.1612892150878906
19365,nan,-0.1374167501926422,inf,13.68500804901123,0.03150329738855362
19375,nan,-0.13745267689228058,inf,11.025288581848145,0.028561055660247803
19398,nan,-0.13811996579170227,inf,16.688980102539062,0.009631109423935413
19446,nan,0.017219940200448036,inf,6.048801422119141,5.80702018737793
19453,nan,-0.13535456359386444,inf,10.709466934204102,0.10056620091199875
19472,nan,-0.13466863334178925,inf,9.485504150390625,0.15240903198719025
19496,nan,-0.13696947693824768,inf,12.543912887573242,0.059497177600860596
19533,nan,-0.13834147155284882,inf,16.24616813659668,0.00098419189453125
19541,nan,1.2791193723678589,inf,2.6485049724578857,11.885676383972168
19559,nan,-0.13128571212291718,inf,10.01672077178955,0.28437215089797974
19596,nan,-0.13130514323711395,inf,10.559341430664062,0.1868230104446411
19603,nan,-0.13795939087867737,inf,15.365157127380371,0.017675017938017845
19611,nan,-0.13938558101654053,inf,13.1179780960083,-0.0348694808781147
19742,nan,-0.13834208250045776,inf,16.129892349243164,0.0006427764892578125
19767,nan,-0.1359567642211914,inf,11.182981491088867,0.08141012489795685
19825,nan,-0.13844892382621765,inf,12.38125991821289,-0.004525601863861084
19831,nan,-0.13078254461288452,inf,8.967907905578613,0.11609786003828049
19883,nan,-0.1329728215932846,inf,14.461970329284668,0.1508641242980957
19896,nan,-0.14007821679115295,inf,10.49047565460205,-0.049860477447509766
19992,nan,-0.14720271527767181,inf,9.679617881774902,0.03261752054095268
20002,nan,-0.13836102187633514,inf,19.773426055908203,0.0001962661772267893
20006,nan,0.4218103885650635,inf,4.397281169891357,17.886829376220703
20007,nan,-0.12748534977436066,inf,9.982786178588867,0.11931400746107101
20035,nan,-0.12934790551662445,inf,12.765978813171387,0.07498903572559357
20037,nan,-0.1378098577260971,inf,13.657243728637695,0.024989986792206764
20039,nan,-0.13926537334918976,inf,14.227371215820312,-0.024332333356142044
20063,nan,-0.13614632189273834,inf,12.320783615112305,0.10856752842664719
20098,nan,0.49916109442710876,inf,6.585261821746826,20.024953842163086
20110,nan,0.07825825363397598,inf,5.624603748321533,9.419260025024414
20125,nan,-0.06061328575015068,inf,5.893649578094482,3.044748544692993
20130,nan,-0.1383184939622879,inf,15.49753475189209,0.0017391204601153731
20190,nan,1.0499376058578491,inf,3.087054967880249,29.514963150024414
20201,nan,-0.1329464316368103,inf,16.645559310913086,0.024953484535217285
20263,nan,-0.12471506744623184,inf,10.556914329528809,0.5729889273643494
20308,nan,-0.1376381516456604,inf,14.408957481384277,0.0098425867035985
20347,nan,0.6837278604507446,inf,4.605823993682861,24.00716781616211
20396,nan,-0.13821028172969818,inf,15.952722549438477,0.00979394931346178
20410,nan,-0.1382901966571808,inf,16.298566818237305,0.002199030015617609
20448,nan,-0.13832439482212067,inf,19.89186668395996,0.002288818359375
20459,nan,-0.1280371993780136,inf,10.488741874694824,0.3460958003997803
20466,nan,-0.13745762407779694,inf,15.560953140258789,0.06329651176929474
20494,nan,-0.1321645826101303,inf,12.780658721923828,0.21403370797634125
20553,nan,-0.09627081453800201,inf,9.745972633361816,0.5805693864822388
20566,nan,-0.13794003427028656,inf,11.99985122680664,0.010053778067231178
20589,nan,-0.13836438953876495,inf,20.43857765197754,0.00012210608110763133
20612,nan,2.619152307510376,inf,3.140745162963867,53.729042053222656
20615,nan,-0.1382724791765213,inf,14.496004104614258,0.006689435336738825
20630,nan,0.5705456733703613,inf,3.566587448120117,26.771291732788086
20635,nan,-0.0734545961022377,inf,7.1269707679748535,1.006473183631897
20660,nan,-0.1227133646607399,inf,11.060835838317871,0.31316375732421875
20666,nan,-0.1394941508769989,inf,16.53289794921875,-0.12718144059181213
20718,nan,-0.11149477958679199,inf,7.3482208251953125,0.738137423992157
20748,nan,-0.13825665414333344,inf,14.06029987335205,0.036614418029785156
20775,nan,0.013710669241845608,inf,4.690097808837891,6.101928234100342
20850,nan,-0.11240608990192413,inf,10.107733726501465,0.9487390518188477
20854,nan,-0.1380632072687149,inf,13.09715461730957,0.014376449398696423
20859,nan,-0.071449413895607,inf,8.472142219543457,1.6572412252426147
20860,nan,-0.13785171508789062,inf,14.154797554016113,0.020166635513305664
20863,nan,-0.13794611394405365,inf,11.45913314819336,0.00971908587962389
20867,nan,-0.13829700648784637,inf,15.345680236816406,0.0033290863502770662
20901,nan,-0.10186447948217392,inf,9.048148155212402,0.15859214961528778
20913,nan,-0.13835857808589935,inf,19.75205421447754,0.0002525329764466733
20944,nan,-0.13369561731815338,inf,8.720267295837402,0.11930222809314728
21062,nan,-0.13690097630023956,inf,16.545120239257812,0.10442657768726349
21075,nan,0.03746706619858742,inf,6.266907215118408,4.245204925537109
21079,nan,-0.13836175203323364,inf,22.668733596801758,0.00012102127220714465
21095,nan,0.08981292694807053,inf,5.08251428604126,2.979886770248413
21133,nan,-0.13830998539924622,inf,16.126184463500977,0.0030796050559729338
21135,nan,-0.13835975527763367,inf,13.987425804138184,0.00040802956209518015
21155,nan,-0.0763387605547905,inf,6.074517726898193,1.4369535446166992
21164,nan,-0.1169586330652237,inf,8.472975730895996,0.3705691993236542
21165,nan,-0.0530860498547554,inf,6.8893914222717285,3.960313558578491
21219,nan,-0.1383604258298874,inf,19.631622314453125,0.00024385451979469508
21250,nan,-0.1383262276649475,inf,14.651965141296387,0.0020348713733255863
21311,nan,-0.13444478809833527,inf,12.413143157958984,0.1490717977285385
21316,nan,-0.07431430369615555,inf,6.549375057220459,3.1099166870117188
21403,nan,-0.13483461737632751,inf,10.911627769470215,0.05663556978106499
21433,nan,-0.1375061422586441,inf,16.127225875854492,0.027825165539979935
21522,nan,-0.13836461305618286,inf,29.233062744140625,0.0
21564,nan,1.215396761894226,inf,4.783334732055664,36.949134826660156
21602,nan,0.02846628986299038,inf,6.258666038513184,3.913914918899536
21604,nan,-0.13358360528945923,inf,9.850143432617188,0.09094685316085815
21666,nan,-0.13758882880210876,inf,17.74833106994629,0.02582225762307644
21706,nan,-0.1389322578907013,inf,16.248464584350586,-0.018604470416903496
21757,nan,0.27560314536094666,inf,7.272552013397217,14.087508201599121
21805,nan,-0.13835565745830536,inf,18.922229766845703,0.00043621062650345266
21815,nan,-0.05218413472175598,inf,6.91839599609375,1.3213306665420532
21829,nan,0.07085297256708145,inf,7.202450752258301,4.474071502685547
21835,nan,-0.1377064734697342,inf,13.742655754089355,0.020937396213412285
21850,nan,-0.13821355998516083,inf,12.973971366882324,0.00528297433629632
21853,nan,1.055524468421936,inf,3.114678144454956,25.6141300201416
21890,nan,-0.13801376521587372,inf,13.301152229309082,0.01267709769308567
21916,nan,-0.13741104304790497,inf,8.881407737731934,0.1770593672990799
21952,nan,-0.13836485147476196,inf,18.8701229095459,-1.0013580322265625e-05
22012,nan,-0.11896727234125137,inf,8.793692588806152,0.6672660708427429
22037,nan,-0.13714532554149628,inf,14.189600944519043,0.06378727406263351
22045,nan,-0.13904337584972382,inf,12.858194351196289,-0.020713066682219505
22050,nan,-0.07682351022958755,inf,8.744037628173828,1.3471629619598389
22097,nan,-0.1368309110403061,inf,12.093727111816406,0.023648643866181374
22109,nan,-0.12775209546089172,inf,9.686774253845215,0.3207815885543823
22248,nan,-0.13796184957027435,inf,13.178934097290039,0.020500337705016136
22254,nan,-0.13632696866989136,inf,15.388925552368164,0.08203764259815216
22274,nan,-0.09103002399206161,inf,9.453695297241211,0.5059192776679993
22363,nan,-0.0717424750328064,inf,6.339791774749756,1.790376901626587
22385,nan,-0.13836467266082764,inf,19.438535690307617,5.2213667913747486e-06
22421,nan,-0.11070283502340317,inf,8.702518463134766,1.9874792098999023
22446,nan,-0.13483826816082,inf,12.22751522064209,0.08463382720947266
22458,nan,-0.11584855616092682,inf,7.581577301025391,-0.10160322487354279
22475,nan,-0.13757823407649994,inf,12.276179313659668,0.027295637875795364
22490,nan,-0.13819244503974915,inf,15.628775596618652,0.005856609437614679
22523,nan,-0.1381397694349289,inf,14.14618968963623,0.01071844156831503
22530,nan,-0.13836440443992615,inf,21.55954360961914,1.811981201171875e-05
22587,nan,-0.13836067914962769,inf,20.515039443969727,0.00027341843815520406
22696,nan,-0.09150669723749161,inf,8.03635311126709,0.642718493938446
22702,nan,0.29963573813438416,inf,6.986240386962891,2.229501485824585
22706,nan,-0.13801945745944977,inf,12.810172080993652,0.02646036259829998
22754,nan,0.013669873587787151,inf,5.454553604125977,5.924661159515381
22773,nan,-0.13831889629364014,inf,18.592618942260742,0.0019279957050457597
22778,nan,-0.13843540847301483,inf,17.219589233398438,-0.0022647858131676912
22839,nan,-0.13836465775966644,inf,24.258514404296875,0.0
22872,nan,0.02499322220683098,inf,5.605033874511719,2.7418787479400635
22881,nan,-0.1336582452058792,inf,9.166732788085938,0.27676451206207275
22901,nan,-0.09043524414300919,inf,7.212179660797119,0.9373252987861633
22909,nan,-0.10584308207035065,inf,7.582798004150391,1.3134992122650146
22926,nan,0.02669656276702881,inf,7.7281928062438965,3.4573140144348145
22983,nan,-0.12504234910011292,inf,8.399846076965332,0.40441951155662537
23022,nan,-0.17777614295482635,inf,8.314865112304688,-1.3918145895004272
23037,nan,-0.13706819713115692,inf,10.278820991516113,0.03116006962954998
23088,nan,0.10917957872152328,inf,6.7039690017700195,2.858616590499878
23093,nan,-0.13794390857219696,inf,15.817558288574219,0.0023404837120324373
23127,nan,-0.12261127680540085,inf,9.22480297088623,0.539257824420929
23150,nan,-0.13636253774166107,inf,17.3632755279541,0.05585145950317383
23180,nan,-0.13819965720176697,inf,11.608243942260742,0.006982612889260054
23183,nan,-0.1315736472606659,inf,11.42691707611084,0.12251739948987961
23250,nan,-0.10486161708831787,inf,7.695361614227295,1.1443214416503906
23304,nan,-0.1343412846326828,inf,15.600374221801758,0.12803907692432404
23305,nan,-0.136720210313797,inf,16.156652450561523,0.06416883319616318
23308,nan,-0.13618789613246918,inf,11.1537504196167,0.12158870697021484
23321,nan,0.11378803104162216,inf,6.15042781829834,8.78906536102295
23346,nan,-0.055806029587984085,inf,6.557961463928223,3.4423141479492188
23362,nan,0.1482383906841278,inf,6.396633625030518,7.711691379547119
23405,nan,-0.09208345413208008,inf,9.877833366394043,1.22750985622406
23409,nan,-0.13823002576828003,inf,16.169937133789062,0.005272191949188709
23430,nan,0.024529466405510902,inf,6.527366638183594,3.9093708992004395
23488,nan,-0.12863731384277344,inf,11.580977439880371,0.37438979744911194
23506,nan,-0.12247715145349503,inf,13.141173362731934,0.11478729546070099
23590,nan,-0.09062109142541885,inf,10.54233455657959,0.5032705664634705
23641,nan,-0.03595442697405815,inf,10.151150703430176,2.572744846343994
23675,nan,-0.13834597170352936,inf,15.816858291625977,0.0002785206015687436
23791,nan,-0.03750552609562874,inf,10.428706169128418,3.9632046222686768
23802,nan,-0.13836310803890228,inf,20.86686134338379,5.8746340073412284e-05
23804,nan,-0.13831762969493866,inf,16.862213134765625,0.002536249114200473
23819,nan,-0.13695259392261505,inf,12.68622875213623,0.031167447566986084
23837,nan,-0.1408633142709732,inf,18.485477447509766,-0.1810244619846344
23866,nan,-0.1339048147201538,inf,13.133624076843262,0.14969001710414886
23884,nan,-0.13786420226097107,inf,13.722834587097168,0.011971664614975452
23885,nan,-0.13825754821300507,inf,17.10070037841797,0.00430641183629632
23925,nan,-0.13836076855659485,inf,22.94722557067871,0.0002635955752339214
23951,nan,-0.13734182715415955,inf,14.178009033203125,0.034560300409793854
23956,nan,0.09000962972640991,inf,6.223710536956787,5.053512096405029
23975,nan,-0.138313889503479,inf,11.141692161560059,0.007387304212898016
24014,nan,0.45475703477859497,inf,6.822618007659912,16.239431381225586
24018,nan,0.6920921802520752,inf,2.9679410457611084,28.140121459960938
24027,nan,-0.13477738201618195,inf,10.920524597167969,0.10752170532941818
24038,nan,-0.08618288487195969,inf,10.054259300231934,0.33922719955444336
24072,nan,-0.13425876200199127,inf,16.814884185791016,0.29144516587257385
24087,nan,-0.13331113755702972,inf,10.2277250289917,0.1686815768480301
24145,nan,0.08912347257137299,inf,4.0215840339660645,4.475978851318359
24146,nan,-0.09980349987745285,inf,7.880351543426514,1.4773287773132324
24204,nan,-0.12453123182058334,inf,10.692591667175293,0.46139755845069885
24211,nan,-0.12532971799373627,inf,14.441327095031738,0.506142258644104
24227,nan,-0.13835375010967255,inf,18.638370513916016,0.0007406235090456903
24234,nan,-0.13574708998203278,inf,14.042512893676758,0.11191397160291672
24266,nan,0.03441888839006424,inf,7.014294624328613,5.17701530456543
24281,nan,-0.13809600472450256,inf,12.246149063110352,0.004895681049674749
24285,nan,4.158536434173584,inf,3.0108730792999268,83.6793212890625
24302,nan,-0.1261390894651413,inf,10.258848190307617,0.10951691120862961
24307,nan,0.24738691747188568,inf,6.251587867736816,7.880506992340088
24316,nan,-0.1383230835199356,inf,17.098600387573242,0.003069233847782016
24324,nan,-0.13833220303058624,inf,18.88405990600586,0.0014455795753747225
24349,nan,-0.13847404718399048,inf,22.03143310546875,-0.0004714965762104839
24404,nan,-0.1057184562087059,inf,8.797675132751465,1.4221175909042358
24486,nan,-0.13790442049503326,inf,13.251190185546875,0.01859879493713379
24487,nan,-0.1364155262708664,inf,11.298299789428711,0.06867551058530807
24495,nan,-0.13836458325386047,inf,19.85552978515625,2.7465821403893642e-05
24519,nan,-0.13707563281059265,inf,10.549132347106934,0.04065585136413574
24527,nan,-0.12907184660434723,inf,14.586714744567871,0.3720436096191406
24538,nan,-0.13933150470256805,inf,12.23682975769043,-0.016975879669189453
24552,nan,-0.14421294629573822,inf,14.924880027770996,-0.19546929001808167
24590,nan,-0.11988648027181625,inf,8.564468383789062,0.4914601743221283
24605,nan,-0.13837434351444244,inf,13.978889465332031,-0.0005513191572390497
24606,nan,-0.1383650004863739,inf,19.770248413085938,-1.258850079466356e-05
24609,nan,-0.127934992313385,inf,11.310511589050293,0.09480872005224228
24634,nan,0.28901395201683044,inf,4.841833114624023,8.56894588470459
24636,nan,-0.04725120961666107,inf,7.948462963104248,2.467853307723999
24637,nan,-0.13834773004055023,inf,17.716581344604492,0.0001763820619089529
24642,nan,-0.09421415627002716,inf,7.001527309417725,0.3833712637424469
24659,nan,-0.13823334872722626,inf,16.038663864135742,0.005653762724250555
24674,nan,-0.138291135430336,inf,15.34479808807373,0.0026599408593028784
24693,nan,-0.1296905130147934,inf,9.687289237976074,0.15973448753356934
24767,nan,-0.13708165287971497,inf,11.233928680419922,0.011563765816390514
24779,nan,-0.10069314390420914,inf,9.464214324951172,1.0683320760726929
24780,nan,-0.13791494071483612,inf,12.704268455505371,0.010521220974624157
24798,nan,-0.08589141815900803,inf,7.972960948944092,0.21785297989845276
24814,nan,-0.1317485123872757,inf,9.643948554992676,0.16379575431346893
24816,nan,-0.1485537439584732,inf,16.171377182006836,-0.4269044101238251
24858,nan,-0.04544227570295334,inf,9.226777076721191,5.421539306640625
24863,nan,-0.13886791467666626,inf,9.7484769821167,0.011940396390855312
24894,nan,-0.1309177726507187,inf,10.631730079650879,0.34222355484962463
24944,nan,-0.13833047449588776,inf,17.170860290527344,0.0008154869428835809
24951,nan,0.15711955726146698,inf,5.694519996643066,3.10276198387146
24956,nan,-0.15646354854106903,inf,7.843984127044678,-0.4311247766017914
24967,nan,-0.13813738524913788,inf,13.497153282165527,0.009686148725450039
25048,nan,-0.03845349699258804,inf,5.852065086364746,1.8569633960723877
25072,nan,-0.13744069635868073,inf,8.818656921386719,0.08554716408252716
25080,nan,-0.1371305286884308,inf,13.714398384094238,0.041333820670843124
25192,nan,-0.08392693847417831,inf,8.566781997680664,1.16201913356781
25203,nan,-0.1401405781507492,inf,10.136183738708496,0.009662342257797718
25204,nan,-0.1377357691526413,inf,11.100662231445312,0.018222784623503685
25267,nan,-0.13834638893604279,inf,26.472476959228516,0.0013032912975177169
25291,nan,-0.11055056005716324,inf,10.370976448059082,0.5790614485740662
25319,nan,-0.10184816271066666,inf,7.9678053855896,0.8591217994689941
25324,nan,-0.1382960081100464,inf,19.95777130126953,0.003953743260353804
25333,nan,-0.13833415508270264,inf,18.22234344482422,0.002332496689632535
25339,nan,3.465874195098877,inf,0.2214922159910202,116.48453521728516
25351,nan,-0.13761761784553528,inf,14.711377143859863,0.014881515875458717
25373,nan,-0.13825295865535736,inf,15.387410163879395,0.005837535951286554
25388,nan,-0.12380979210138321,inf,12.903816223144531,0.41023561358451843
25402,nan,-0.137227863073349,inf,11.325339317321777,0.043361663818359375
25412,nan,-0.06700751930475235,inf,8.89521312713623,4.261556625366211
25423,nan,-0.12751781940460205,inf,8.861830711364746,0.5960601568222046
25439,nan,0.016771754249930382,inf,7.7282257080078125,6.026687145233154
25441,nan,-0.13826684653759003,inf,17.07381820678711,0.004864692687988281
25478,nan,-0.13839292526245117,inf,16.254011154174805,0.00067901611328125
25545,nan,-0.1380033940076828,inf,12.709185600280762,0.0758245512843132
25581,nan,-0.11226674169301987,inf,9.7083158493042,1.2506369352340698
25598,nan,-0.13143007457256317,inf,9.4500150680542,0.20495329797267914
25635,nan,-0.11716164648532867,inf,8.335009574890137,0.35560473799705505
25645,nan,-0.13805752992630005,inf,15.78166675567627,0.009275532327592373
25689,nan,-0.13836047053337097,inf,24.114519119262695,0.00017662048048805445
25706,nan,-0.13837102055549622,inf,16.56908416748047,0.0001714706450002268
25794,nan,-0.12388277053833008,inf,8.553353309631348,0.5224690437316895
25857,nan,-0.1132638081908226,inf,9.008814811706543,0.8250565528869629
25875,nan,-0.13501515984535217,inf,10.192145347595215,0.06897807121276855
25895,nan,-0.10304833948612213,inf,7.687077522277832,0.888663113117218
25897,nan,0.3995356857776642,inf,5.793035507202148,13.759976387023926
25956,nan,0.7202070355415344,inf,3.752918004989624,21.835697174072266
25965,nan,-0.021848414093255997,inf,5.885056495666504,3.566760301589966
25998,nan,0.04868057370185852,inf,5.426570415496826,5.484915256500244
26025,nan,-0.12397909164428711,inf,9.049725532531738,0.2882092595100403
26056,nan,-0.13577784597873688,inf,12.073792457580566,0.0747474655508995
26113,nan,0.46217212080955505,inf,4.774876117706299,15.020662307739258
26162,nan,-0.13710443675518036,inf,13.35435962677002,0.05478048324584961
26188,nan,-0.06499695032835007,inf,8.587369918823242,0.8461689352989197
26194,nan,-0.13620248436927795,inf,11.95970344543457,0.08771240711212158
26210,nan,0.6065457463264465,inf,3.8365089893341064,17.215604782104492
26211,nan,-0.13836286962032318,inf,19.54354476928711,2.975463939947076e-05
26238,nan,-0.061754435300827026,inf,10.43709945678711,0.6350308656692505
26274,nan,-0.13835285604000092,inf,21.686405181884766,0.0008451461908407509
26276,nan,-0.13667622208595276,inf,17.07221031188965,0.118962861597538
26337,nan,-0.13845114409923553,inf,15.462106704711914,-0.0065895081497728825
26346,nan,-0.13126389682292938,inf,12.19086742401123,0.4026874601840973
26359,nan,-0.1374989151954651,inf,13.145914077758789,0.02066183090209961
26386,nan,-0.11107488721609116,inf,10.88903522491455,0.6177549362182617
26398,nan,-0.08412592858076096,inf,7.991307735443115,2.0104081630706787
26408,nan,-0.13555242121219635,inf,10.864334106445312,0.077329620718956
26425,nan,0.11709238588809967,inf,4.90880823135376,7.314901828765869
26522,nan,0.5963422656059265,inf,4.645451545715332,15.872230529785156
26543,nan,-0.13452433049678802,inf,10.533456802368164,0.1396108716726303
26615,nan,-0.13836424052715302,inf,21.951017379760742,1.640319896978326e-05
26617,nan,-0.138017937541008,inf,17.21851921081543,0.013347960077226162
26645,nan,-0.1383613646030426,inf,18.65285301208496,0.00013084411330055445
26718,nan,-0.1383311003446579,inf,15.003302574157715,0.0013761997688561678
26762,nan,-0.13835179805755615,inf,14.912039756774902,0.0005647778743878007
26767,nan,-0.13835392892360687,inf,15.455451965332031,0.00034580231294967234
26835,nan,-0.022724812850356102,inf,5.300525665283203,2.2299880981445312
26839,nan,-0.13836461305618286,inf,37.03513717651367,0.0
26853,nan,-0.1335417777299881,inf,13.084965705871582,0.17245140671730042
26869,nan,-0.05213044956326485,inf,4.756350040435791,3.2168006896972656
26879,nan,-0.1383587121963501,inf,21.72711181640625,0.00030262471409514546
26880,nan,-0.13516280055046082,inf,9.53445053100586,0.10247211903333664
26894,nan,-0.11160024255514145,inf,5.630401611328125,0.8122995495796204
26902,nan,-0.1381690502166748,inf,14.91351318359375,0.006499528884887695
27009,nan,-0.13834668695926666,inf,19.41786003112793,0.0012216329341754317
27015,nan,-0.028006628155708313,inf,8.802102088928223,1.6560823917388916
27026,nan,-0.10869745165109634,inf,7.061477184295654,0.8677513003349304
27029,nan,-0.1383311003446579,inf,15.986480712890625,0.0009535789722576737
27165,nan,-0.13670632243156433,inf,12.657557487487793,0.020481765270233154
27236,nan,-0.13836424052715302,inf,20.383169174194336,8.20159948489163e-06
27280,nan,-0.13800941407680511,inf,21.14472198486328,0.009870529174804688
27281,nan,-0.13727547228336334,inf,14.196382522583008,0.018375588580965996
27282,nan,-0.12598992884159088,inf,6.041025161743164,0.9768852591514587
27290,nan,-0.0917479619383812,inf,6.876745700836182,0.9971065521240234
27302,nan,-0.1342635154724121,inf,14.243708610534668,0.16630764305591583
27339,nan,-0.13820846378803253,inf,22.4500789642334,0.006033706944435835
27358,nan,0.6365679502487183,inf,4.777315616607666,18.99091148376465
27375,nan,0.06553761661052704,inf,7.966989994049072,7.092860698699951
27434,nan,-0.13822661340236664,inf,7.148584842681885,-0.09273739159107208
27493,nan,-0.1383112519979477,inf,13.782856941223145,0.0024021149147301912
27500,nan,-0.1368200033903122,inf,15.852328300476074,0.017671018838882446
27530,nan,-0.13643549382686615,inf,14.928006172180176,0.06826021522283554
27547,nan,-0.13826647400856018,inf,14.975418090820312,0.0039058327674865723
27596,nan,-0.13836438953876495,inf,22.869787216186523,2.670288040462765e-06
27618,nan,-0.1331678181886673,inf,15.685879707336426,0.113166444003582
27620,nan,0.23937232792377472,inf,5.6359100341796875,5.233459949493408
27708,nan,-0.12889033555984497,inf,13.555663108825684,0.35805073380470276
27736,nan,-0.04235820844769478,inf,11.045262336730957,6.367074489593506
27743,nan,-0.13789039850234985,inf,13.163530349731445,0.016731752082705498
27765,nan,-0.13757653534412384,inf,13.392743110656738,0.027130126953125
27766,nan,0.33014580607414246,inf,5.383315086364746,9.281286239624023
27829,nan,-0.09347023814916611,inf,7.2725725173950195,1.064455270767212
27846,nan,-0.13836444914340973,inf,21.305004119873047,8.606911251263227e-06
27865,nan,0.17316141724586487,inf,6.335134983062744,11.709887504577637
27871,nan,0.4237600266933441,inf,5.9884185791015625,11.505104064941406
27872,nan,-0.07383421063423157,inf,8.71332836151123,2.0789034366607666
27905,nan,-0.133259579539299,inf,11.052508354187012,0.09747357666492462
27907,nan,-0.13812175393104553,inf,18.37784194946289,0.009851837530732155
27935,nan,-0.05494952201843262,inf,7.20916223526001,2.169617176055908
27946,nan,-0.11555029451847076,inf,8.752361297607422,0.8832146525382996
28032,nan,-0.1363246887922287,inf,8.285052299499512,0.07362186908721924
28059,nan,0.08579763025045395,inf,6.420241832733154,2.37507700920105
28088,nan,-0.12776730954647064,inf,9.464422225952148,0.20547814667224884
28157,nan,-0.13565205037593842,inf,9.916718482971191,0.06996212154626846
28159,nan,-0.13856731355190277,inf,18.917387008666992,-0.006611681077629328
28231,nan,-0.13814982771873474,inf,17.218244552612305,0.006065178196877241
28235,nan,-0.13084924221038818,inf,11.7625093460083,0.2390764206647873
28236,nan,-0.06450854241847992,inf,8.592439651489258,3.075878381729126
28249,nan,0.6020748019218445,inf,4.244639873504639,10.78785228729248
28303,nan,-0.13825228810310364,inf,14.872283935546875,0.004588890355080366
28332,nan,0.016377346590161324,inf,9.141623497009277,4.686853885650635
28338,nan,-0.10140278190374374,inf,7.091403484344482,0.7079880833625793
28392,nan,-0.13812749087810516,inf,12.195024490356445,0.010229825973510742
28460,nan,-0.08988732844591141,inf,13.293173789978027,1.9496570825576782
28482,nan,-0.10861879587173462,inf,7.731372833251953,0.32873034477233887
28511,nan,-0.059397365897893906,inf,9.86435604095459,2.7041664123535156
28512,nan,0.10784424841403961,inf,4.638037204742432,10.473936080932617
28596,nan,-0.07490275800228119,inf,8.33912181854248,0.8529956936836243
28637,nan,-0.05404875427484512,inf,10.9527587890625,2.4288575649261475
28690,nan,0.6759539246559143,inf,4.780555725097656,28.304534912109375
28711,nan,-0.10234218835830688,inf,10.200705528259277,1.0279731750488281
28714,nan,-0.12756799161434174,inf,10.625991821289062,0.29216623306274414
28733,nan,0.020953360944986343,inf,8.821921348571777,1.2570756673812866
28881,nan,-0.1373097151517868,inf,12.166247367858887,0.03695058822631836
28890,nan,-0.1383625715970993,inf,19.662687301635742,0.00014200211444403976
28933,nan,-0.15985892713069916,inf,8.306645393371582,-0.38685083389282227
28950,nan,-0.1383599191904068,inf,21.48373794555664,0.00023536682419944555
28960,nan,-0.13839009404182434,inf,19.071950912475586,-0.0008929491159506142
28964,nan,-0.13491091132164001,inf,11.527091026306152,0.07672162353992462
29010,nan,-0.13835030794143677,inf,17.900449752807617,0.0008356094476766884
29019,nan,-0.1366196870803833,inf,13.3470458984375,0.06842394173145294
29058,nan,-0.13544993102550507,inf,10.157318115234375,0.15049393475055695
29079,nan,2.5691676139831543,inf,1.5311226844787598,66.31385803222656
29100,nan,-0.16734269261360168,inf,8.209534645080566,-0.679886519908905
29110,nan,-0.1383579820394516,inf,23.475893020629883,0.0004943847889080644
29176,nan,-0.13699597120285034,inf,11.93191146850586,0.019524384289979935
29203,nan,-0.1383458971977234,inf,17.035470962524414,0.0011760712368413806
29218,nan,-0.1383037120103836,inf,16.297252655029297,0.002728414488956332
29221,nan,-0.36938098073005676,inf,5.70601749420166,-5.49405574798584
29381,nan,1.3937495946884155,inf,5.2119832038879395,57.585426330566406
29432,nan,-0.13824477791786194,inf,14.868308067321777,0.008389449678361416
29443,nan,-0.13620856404304504,inf,10.16153621673584,0.024552369490265846
29460,nan,0.048395488411188126,inf,6.881462097167969,1.835799217224121
29481,nan,1.2147307395935059,inf,4.605628967285156,19.34014320373535
29482,nan,-0.13836316764354706,inf,19.395795822143555,1.9741059077205136e-05
29509,nan,0.09379909187555313,inf,6.79320764541626,6.090750217437744
29512,nan,-0.13832950592041016,inf,16.38249969482422,0.0013048172695562243
29522,nan,-0.13456714153289795,inf,12.046648979187012,0.09555015712976456
29544,nan,-0.1366530805826187,inf,12.563265800476074,0.05329017713665962
29554,nan,-0.1314578503370285,inf,8.861430168151855,0.14927640557289124
29572,nan,0.22481973469257355,inf,4.817537307739258,3.5527493953704834
29618,nan,-0.1371999830007553,inf,12.77109432220459,0.04261518269777298
29657,nan,-0.12966351211071014,inf,8.87248706817627,0.3112261891365051
29666,nan,0.2281569093465805,inf,5.2236857414245605,6.939718723297119
29673,nan,-0.13836081326007843,inf,17.520565032958984,0.00011663437180686742
29748,nan,0.2648222744464874,inf,4.9514479637146,12.376540184020996
29784,nan,-0.13594235479831696,inf,12.102499961853027,0.07453365623950958
29786,nan,-0.13834930956363678,inf,20.023075103759766,0.001082611153833568
29810,nan,-0.13876758515834808,inf,12.043306350708008,-0.015489960089325905
29819,nan,-0.13832400739192963,inf,15.187291145324707,0.0009576797601766884
29856,nan,-0.13705599308013916,inf,12.380389213562012,0.027384210377931595
29865,nan,-0.06095338612794876,inf,7.272061824798584,1.6559908390045166
29895,nan,-0.13841982185840607,inf,7.513741493225098,0.14387856423854828
29900,nan,1.9317620992660522,inf,2.959796667098999,36.70634841918945
30083,nan,-0.13577793538570404,inf,12.384530067443848,0.07889004051685333
30142,nan,-0.08014103025197983,inf,7.518148899078369,1.110019326210022
30145,nan,-0.13834689557552338,inf,18.231977462768555,0.001170849776826799
30149,nan,-0.10535969585180283,inf,8.299700736999512,1.130272388458252
30151,nan,-0.13995708525180817,inf,10.427177429199219,0.0384085439145565
30164,nan,0.045091141015291214,inf,7.409951686859131,1.3018114566802979
30193,nan,-0.13381223380565643,inf,10.6890287399292,0.06440015137195587
30221,nan,-0.11193950474262238,inf,9.64126968383789,0.772098958492279
30316,nan,-0.04969039559364319,inf,6.570578098297119,0.9332455992698669
30328,nan,-0.1381174772977829,inf,15.324258804321289,0.007615566253662109
30334,nan,-0.11827423423528671,inf,11.462611198425293,0.3945716917514801
30340,nan,-0.12353777140378952,inf,12.961687088012695,0.7899359464645386
30357,nan,2.0838675498962402,inf,2.89909029006958,44.38239288330078
30371,nan,0.027469217777252197,inf,7.205448150634766,2.5333309173583984
30387,nan,-0.11751856654882431,inf,8.573872566223145,0.702375590801239
30393,nan,-0.13660992681980133,inf,10.679414749145508,0.05216250568628311
30440,nan,-0.13836267590522766,inf,20.868318557739258,9.307861182605848e-05
30451,nan,-0.1325487345457077,inf,12.536735534667969,0.16565218567848206
30512,nan,-0.13263222575187683,inf,9.735068321228027,0.2571444511413574
30532,nan,-0.13947659730911255,inf,10.397686958312988,0.05927562713623047
30553,nan,-0.12876690924167633,inf,8.960780143737793,0.2551010251045227
30576,nan,-0.08418721705675125,inf,7.396283149719238,1.3738393783569336
30594,nan,-0.13829755783081055,inf,15.742828369140625,0.0024408341851085424
30615,nan,0.09278558939695358,inf,8.582222938537598,5.684267520904541
30709,nan,-0.1229756698012352,inf,8.26795482635498,0.19695745408535004
30774,nan,-0.018594225868582726,inf,9.877842903137207,1.7343769073486328
30800,nan,-0.13966943323612213,inf,12.868704795837402,0.014552879147231579
30846,nan,-0.13836178183555603,inf,21.493484497070312,0.00016832351684570312
30862,nan,-0.13829027116298676,inf,14.088305473327637,0.0029518126975744963
30909,nan,-0.1383613497018814,inf,18.77921485900879,0.000148773193359375
30957,nan,-0.13824813067913055,inf,15.857562065124512,0.0035043121315538883
30984,nan,-0.13829998672008514,inf,15.293028831481934,0.004285049624741077
31050,nan,-0.13836441934108734,inf,26.249032974243164,1.487731969973538e-05
31156,nan,-0.13817551732063293,inf,12.993803977966309,0.007655334658920765
31177,nan,-0.13829305768013,inf,16.950931549072266,0.004947471898049116
31213,nan,-0.13815870881080627,inf,14.95398998260498,0.013643169775605202
31232,nan,-0.13378547132015228,inf,9.866909980773926,0.16737060248851776
31250,nan,-0.13833601772785187,inf,15.897048950195312,0.0013414382701739669
31259,nan,-0.09194855391979218,inf,8.382832527160645,1.3598812818527222
31297,nan,-0.13889043033123016,inf,13.095210075378418,-0.0217424388974905
31361,nan,-0.13836462795734406,inf,23.04654312133789,7.629394644936838e-07
31410,nan,-0.138352170586586,inf,15.115748405456543,0.0008121520513668656
31437,nan,-0.10988249629735947,inf,9.816588401794434,1.2910830974578857
31477,nan,0.1570342779159546,inf,6.474796295166016,3.776510238647461
31481,nan,-0.12911826372146606,inf,9.614428520202637,0.11690979450941086
31506,nan,-0.13811960816383362,inf,14.011858940124512,0.005387616343796253
31508,nan,-0.1384107917547226,inf,14.205513000488281,-0.0015499591827392578
31601,nan,-0.1367226094007492,inf,11.618029594421387,0.03864087536931038
31607,nan,2.2352142333984375,inf,2.2531368732452393,50.48043441772461
31635,nan,-0.13453087210655212,inf,15.106085777282715,0.13732700049877167
31690,nan,1.0065710544586182,inf,3.171555757522583,21.61456871032715
31701,nan,-0.1383434683084488,inf,14.01523494720459,0.004832720849663019
31703,nan,-0.13833585381507874,inf,15.89487361907959,0.0004489898856263608
31753,nan,-0.13836447894573212,inf,17.6426944732666,5.991458965581842e-05
31773,nan,-0.13828372955322266,inf,17.516725540161133,0.0010887145763263106
31809,nan,-0.13833297789096832,inf,17.10637664794922,0.0013019085163250566
31820,nan,-0.13836461305618286,inf,24.17829704284668,0.0
31829,nan,1.6551183462142944,inf,4.623946666717529,68.95601654052734
31904,nan,-0.05628901347517967,inf,8.324972152709961,1.8833141326904297
32018,nan,-0.11954379081726074,inf,11.089092254638672,0.7321354746818542
32027,nan,-0.10649754106998444,inf,9.477084159851074,0.4647981822490692
32043,nan,-0.002010553376749158,inf,7.751336574554443,3.187032699584961
32077,nan,-0.13718600571155548,inf,11.840258598327637,0.024195386096835136
32151,nan,-0.11600234359502792,inf,9.298600196838379,0.6338720321655273
32179,nan,-0.1545136421918869,inf,9.531859397888184,0.036031343042850494
32198,nan,-0.11575114727020264,inf,5.986146450042725,3.052183151245117
32251,nan,-0.1382884830236435,inf,18.2603816986084,0.0032372474670410156
32267,nan,0.7267529368400574,inf,5.390054225921631,25.172327041625977
32269,nan,-0.1349744349718094,inf,18.364273071289062,0.18572692573070526
32307,nan,-0.13467632234096527,inf,11.065279960632324,0.11388546228408813
32324,nan,-0.13827262818813324,inf,16.06356430053711,0.0033991814125329256
32357,nan,0.11175490915775299,inf,4.861493110656738,5.572751522064209
32362,nan,-0.13805396854877472,inf,16.943017959594727,0.0018789292080327868
32388,nan,-0.12961885333061218,inf,10.405031204223633,0.2825362980365753
32404,nan,0.18547986447811127,inf,10.579197883605957,20.02695655822754
32422,nan,0.03550337255001068,inf,7.161866188049316,2.8992919921875
32481,nan,-0.12534599006175995,inf,7.438640117645264,0.2728036940097809
32517,nan,-0.1418953388929367,inf,10.460604667663574,-0.08667822182178497
32558,nan,-0.18395176529884338,inf,6.154407978057861,0.3819120526313782
32560,nan,-0.1383587121963501,inf,19.758155822753906,0.0004909515264444053
32577,nan,-0.10515192896127701,inf,7.171199798583984,1.8215545415878296
32586,nan,0.08537498861551285,inf,5.636359214782715,5.726174354553223
32589,nan,-0.138299360871315,inf,21.57330894470215,0.001834106515161693
32628,nan,-0.1384858936071396,inf,17.38496208190918,-0.004369545262306929
32666,nan,-0.13355174660682678,inf,11.681960105895996,0.11410446465015411
32675,nan,-0.13715992867946625,inf,11.304481506347656,0.03543759509921074
32685,nan,-0.13836126029491425,inf,19.785741806030273,0.00016717911057639867
32686,nan,-0.138271763920784,inf,14.568002700805664,0.004696941468864679
32688,nan,-0.13777606189250946,inf,16.490036010742188,0.013289928436279297
32733,nan,-0.13834688067436218,inf,18.062833786010742,0.0005649566883221269
32738,nan,-0.13816478848457336,inf,10.927857398986816,0.01767549477517605
32768,nan,-0.1046803817152977,inf,9.768930435180664,0.2440921813249588
32775,nan,-0.09075155109167099,inf,9.672618865966797,0.28797075152397156
32793,nan,0.8305622339248657,inf,3.738917589187622,26.45049476623535
32848,nan,-0.13558562099933624,inf,18.362598419189453,0.18665285408496857
32857,nan,-0.13808278739452362,inf,16.12909698486328,0.020778704434633255
32871,nan,-0.1172410175204277,inf,15.324447631835938,0.6686903834342957
32902,nan,-0.13834057748317719,inf,23.199871063232422,0.0001220703125
32965,nan,0.015512526035308838,inf,5.392554759979248,1.4782296419143677
33016,nan,-0.11586465686559677,inf,7.830994606018066,0.679812490940094
33094,nan,-0.12492533028125763,inf,11.001139640808105,0.4103085994720459
33117,nan,-0.1381978988647461,inf,18.214948654174805,0.006377029698342085
33146,nan,-0.13592813909053802,inf,14.24127197265625,0.05811121687293053
33256,nan,-0.11841990053653717,inf,12.337210655212402,0.12785644829273224
33344,nan,-0.12954078614711761,inf,11.344181060791016,0.3319554924964905
33378,nan,-0.1265912801027298,inf,10.41867446899414,0.776859700679779
33388,nan,-0.13833877444267273,inf,17.686119079589844,0.00030984877957962453
33405,nan,0.11795095354318619,inf,7.947385311126709,5.3627753257751465
33412,nan,-0.12563443183898926,inf,10.603058815002441,0.3937673568725586
33416,nan,-0.13692273199558258,inf,12.166300773620605,0.052491284906864166
33430,nan,-0.08922149986028671,inf,7.455402374267578,1.283880352973938
33431,nan,-0.10215979814529419,inf,8.670561790466309,0.48128414154052734
33463,nan,-0.1382913589477539,inf,15.65799617767334,0.00344429025426507
33465,nan,-0.13829335570335388,inf,17.44724464416504,0.0019132614834234118
33571,nan,-0.13719019293785095,inf,13.734468460083008,0.033882904797792435
33575,nan,0.44830766320228577,inf,6.918819427490234,26.008625030517578
33641,nan,-0.13571210205554962,inf,10.93845272064209,0.09804916381835938
33645,nan,-0.1344374269247055,inf,11.185942649841309,0.22642675042152405
33655,nan,-0.04982658103108406,inf,5.99957799911499,2.279832363128662
33674,nan,-0.04559125006198883,inf,5.843040466308594,2.919553756713867
33694,nan,0.4396699368953705,inf,6.009822845458984,23.732439041137695
33732,nan,-0.07770612090826035,inf,6.644753932952881,2.0810317993164062
33762,nan,0.2865242660045624,inf,6.335484981536865,10.117785453796387
33784,nan,-0.1383643001317978,inf,21.826419830322266,1.163482647825731e-05
33814,nan,-0.1297895759344101,inf,9.105388641357422,0.21001839637756348
33899,nan,-0.13832060992717743,inf,17.3659725189209,0.0006121337646618485
33971,nan,-0.0036669743712991476,inf,7.675313472747803,4.869410514831543
34017,nan,-0.09641643613576889,inf,8.125791549682617,2.6935346126556396
34024,nan,-0.13682007789611816,inf,16.32733154296875,0.10172825306653976
34086,nan,-0.11127268522977829,inf,10.81298542022705,1.165366530418396
34117,nan,-0.13833901286125183,inf,19.864965438842773,0.0018377781379967928
34150,nan,0.23216842114925385,inf,5.938196182250977,6.949727535247803
34180,nan,-0.13826097548007965,inf,17.62264060974121,0.003927517216652632
34201,nan,-0.09381365776062012,inf,13.019932746887207,1.237089991569519
34207,nan,-0.1371089667081833,inf,19.336578369140625,0.09063034504652023
34226,nan,-0.11492928117513657,inf,8.533437728881836,0.20781631767749786
34240,nan,0.6287590265274048,inf,5.308374881744385,19.952199935913086
34246,nan,2.4416279792785645,inf,2.1515748500823975,43.845211029052734
34247,nan,-0.01174700353294611,inf,8.723451614379883,3.855419635772705
34373,nan,-0.13836461305618286,inf,26.245237350463867,0.0
34425,nan,-0.1382458657026291,inf,14.599902153015137,0.0037072182167321444
34428,nan,-0.03773393854498863,inf,8.042367935180664,1.9332764148712158
34453,nan,0.755039393901825,inf,3.4193997383117676,21.814634323120117
34467,nan,-0.17524521052837372,inf,9.623842239379883,-1.1180918216705322
34477,nan,-0.09236278384923935,inf,7.69789981842041,1.4972201585769653
34493,nan,0.10883045196533203,inf,6.223508358001709,1.7801668643951416
34500,nan,-0.13836273550987244,inf,23.10025978088379,0.00013055802264716476
34547,nan,-0.13824240863323212,inf,13.407719612121582,0.004985738079994917
34568,nan,-0.1302502602338791,inf,12.860661506652832,0.1621292382478714
34593,nan,-0.13839887082576752,inf,15.55603313446045,-0.0010810047388076782
34610,nan,-0.034673210233449936,inf,9.143135070800781,4.825930118560791
34633,nan,-0.09744498878717422,inf,8.358613967895508,0.6846047639846802
34635,nan,-0.13766852021217346,inf,14.053336143493652,0.04290885850787163
34657,nan,-0.06600594520568848,inf,7.6169891357421875,0.8144230246543884
34685,nan,-0.13836371898651123,inf,22.960418701171875,6.389617919921875e-05
34695,nan,0.2167596071958542,inf,6.348930358886719,16.53685188293457
34723,nan,-0.13769398629665375,inf,13.407259941101074,0.024101657792925835
34816,nan,-0.13787619769573212,inf,13.452919006347656,0.02157895639538765
34897,nan,-0.1367657333612442,inf,13.005607604980469,0.05407830700278282
34929,nan,-0.12379112094640732,inf,8.478372573852539,0.10821419209241867
34937,nan,0.5729350447654724,inf,4.683914661407471,9.802594184875488
35005,nan,-0.08337361365556717,inf,10.436644554138184,0.3708122670650482
35027,nan,-0.13836534321308136,inf,14.652493476867676,8.500814874423668e-05
35085,nan,-0.019700003787875175,inf,6.7407450675964355,2.9767019748687744
35099,nan,-0.1383625566959381,inf,18.982030868530273,0.00011274814460193738
35171,nan,-0.1383555829524994,inf,18.38738250732422,0.0003768921014852822
35201,nan,-0.07089434564113617,inf,6.905497074127197,0.7323379516601562
35202,nan,-0.09602757543325424,inf,7.18454122543335,0.9642049670219421
35213,nan,-0.13828235864639282,inf,18.17063331604004,0.0037071227561682463
35246,nan,-0.13830237090587616,inf,16.775272369384766,0.0026230334769934416
35303,nan,-0.13798026740550995,inf,13.876452445983887,0.015294265933334827
35328,nan,-0.08397357910871506,inf,8.196819305419922,1.6967729330062866
35339,nan,-0.13805104792118073,inf,17.231586456298828,0.011014938354492188
35345,nan,-0.1383277326822281,inf,17.083471298217773,0.0010561943054199219
35366,nan,-0.13836459815502167,inf,27.40369987487793,1.5258789289873675e-06
35383,nan,-0.0859646126627922,inf,9.20131778717041,1.2000248432159424
35417,nan,-0.133985236287117,inf,14.04917049407959,0.03992514684796333
35420,nan,-0.1348467469215393,inf,11.879012107849121,0.10745268315076828
35455,nan,-0.13085751235485077,inf,10.378569602966309,0.06086111068725586
35457,nan,-0.12941044569015503,inf,9.125398635864258,0.3758559226989746
35488,nan,-0.13506880402565002,inf,10.53434944152832,0.1563025563955307
35489,nan,-0.13291215896606445,inf,9.460801124572754,0.14260058104991913
35538,nan,-0.13691405951976776,inf,11.279446601867676,0.02614879608154297
35553,nan,-0.011821308173239231,inf,6.6069254875183105,8.004585266113281
35562,nan,-0.1383645087480545,inf,27.706491470336914,3.051757857974735e-06
35574,nan,-0.13826876878738403,inf,16.329910278320312,0.0033843040000647306
35609,nan,-0.1373583823442459,inf,11.840925216674805,0.06626594066619873
35658,nan,-0.13834920525550842,inf,18.79404640197754,0.0009468078496865928
35672,nan,-0.13749627768993378,inf,14.009390830993652,0.028993939980864525
35686,nan,-0.047130923718214035,inf,7.261657238006592,2.5746514797210693
35696,nan,-0.13428494334220886,inf,11.275980949401855,0.1531778872013092
35733,nan,-0.13726560771465302,inf,13.973065376281738,0.04907093197107315
35747,nan,-0.13499435782432556,inf,12.18368148803711,0.08532138168811798
35763,nan,-0.13834916055202484,inf,17.657630920410156,0.0006896615377627313
35811,nan,-0.13836126029491425,inf,17.19230842590332,0.00012302398681640625
35834,nan,0.18391989171504974,inf,4.54957389831543,11.338362693786621
35854,nan,0.41247496008872986,inf,4.4452643394470215,9.259760856628418
35919,nan,-0.12249600142240524,inf,13.753303527832031,0.611706018447876
35964,nan,-0.13845670223236084,inf,12.969279289245605,0.000648713146802038
35985,nan,-0.1345578283071518,inf,12.576529502868652,0.23444704711437225
35990,nan,-0.1366540491580963,inf,18.13656234741211,0.12180709838867188
36049,nan,-0.1348222941160202,inf,11.779751777648926,0.10218389332294464
36116,nan,-0.02841740846633911,inf,6.36655855178833,3.110102415084839
36179,nan,0.06548997759819031,inf,7.24231481552124,8.770084381103516
36181,nan,-0.14094893634319305,inf,10.110152244567871,-0.05601563677191734
36192,nan,-0.13837651908397675,inf,16.05739402770996,-0.000537061714567244
36209,nan,-0.12543174624443054,inf,10.272025108337402,0.31509989500045776
36238,nan,-0.11096173524856567,inf,9.547125816345215,0.8253149390220642
36245,nan,-0.137263223528862,inf,12.703622817993164,0.039521098136901855
36250,nan,-0.13836391270160675,inf,23.722225189208984,3.471374657237902e-05
36270,nan,-0.1383257508277893,inf,14.704035758972168,0.0021862150169909
36276,nan,-0.13539062440395355,inf,25.276653289794922,0.014923095703125
36325,nan,-0.12791985273361206,inf,13.718192100524902,0.34961721301078796
36329,nan,0.14172260463237762,inf,6.386089324951172,7.970707893371582
36424,nan,0.225175142288208,inf,7.923703193664551,11.457371711730957
36445,nan,-0.1378278285264969,inf,14.120076179504395,0.015126514248549938
36463,nan,-0.13615524768829346,inf,11.957194328308105,0.08058615028858185
36518,nan,-0.1364106982946396,inf,11.472739219665527,0.1578938513994217
36519,nan,-0.1620461791753769,inf,6.293050289154053,0.9856483340263367
36552,nan,-0.1221560463309288,inf,14.8998384475708,0.6506649255752563
36593,nan,-0.13609282672405243,inf,10.990758895874023,0.1372608244419098
36594,nan,-0.13839784264564514,inf,15.192458152770996,-9.241104271495715e-05
36618,nan,-0.13836431503295898,inf,21.560976028442383,1.850128137448337e-05
36757,nan,-0.014462465420365334,inf,8.629149436950684,5.036899089813232
36762,nan,0.10795793682336807,inf,5.377511024475098,2.760117530822754
36835,nan,-0.096381776034832,inf,9.297139167785645,1.331343650817871
36869,nan,0.07826824486255646,inf,6.942254543304443,10.667754173278809
36880,nan,-0.13836447894573212,inf,26.71906089782715,9.179115295410156e-06
36889,nan,-0.13782714307308197,inf,12.730097770690918,0.01735665835440159
36912,nan,-0.13836850225925446,inf,13.77849006652832,-0.00023555755615234375
36928,nan,-0.13329963386058807,inf,14.885026931762695,0.14940452575683594
36938,nan,-0.1383628249168396,inf,17.08722496032715,6.418228440452367e-05
36939,nan,-0.13828684389591217,inf,17.062253952026367,0.002466583391651511
36958,nan,-0.13820861279964447,inf,11.419987678527832,0.013248634524643421
37081,nan,-0.13835200667381287,inf,17.198781967163086,0.00041015149326995015
37173,nan,-0.055522073060274124,inf,7.042847633361816,1.726176142692566
37269,nan,-0.11372506618499756,inf,14.33655071258545,0.7288613319396973
37286,nan,-0.1390572339296341,inf,11.350703239440918,0.012999439612030983
37342,nan,-0.09652397781610489,inf,9.08389663696289,0.3014979362487793
37404,nan,-0.11718802899122238,inf,10.019343376159668,0.4876100718975067
37446,nan,-0.12743793427944183,inf,10.744564056396484,0.3485390841960907
37456,nan,-0.11571140587329865,inf,14.140372276306152,0.8018550872802734
37495,nan,-0.13351623713970184,inf,14.88514232635498,0.02053089253604412
37558,nan,-0.13836438953876495,inf,22.197011947631836,2.6988984245690517e-05
37577,nan,-0.015157495625317097,inf,7.598513126373291,2.4106547832489014
37605,nan,-0.1382780373096466,inf,13.405505180358887,0.0035029412247240543
37637,nan,0.20305030047893524,inf,6.502199649810791,5.55139684677124
37679,nan,-0.13438180088996887,inf,10.128744125366211,0.15248537063598633
37712,nan,-0.13765418529510498,inf,7.031726837158203,-0.30836936831474304
37734,nan,-0.13836155831813812,inf,17.376327514648438,0.00010380744788562879
37747,nan,-0.15489773452281952,inf,11.337726593017578,-0.4359392821788788
37752,nan,-0.07454701513051987,inf,12.447179794311523,2.2489802837371826
37770,nan,-0.1829644739627838,inf,8.079285621643066,0.014335441403090954
37807,nan,-0.13643018901348114,inf,12.926924705505371,0.10229845345020294
37871,nan,-0.1379643976688385,inf,13.593162536621094,0.019067024812102318
37937,nan,0.045154739171266556,inf,6.475747108459473,2.7744545936584473
37972,nan,1.051425576210022,inf,4.115516662597656,21.24073600769043
38001,nan,0.18710370361804962,inf,4.652379512786865,9.710219383239746
38024,nan,-0.13057351112365723,inf,11.462869644165039,0.2243654578924179
38029,nan,0.5148767232894897,inf,5.01006555557251,30.39399528503418
38030,nan,-0.13835836946964264,inf,22.353137969970703,0.0004394531424622983
38036,nan,-0.1277032345533371,inf,9.524120330810547,0.9082609415054321
38132,nan,0.17474286258220673,inf,5.044412612915039,11.2632417678833
38148,nan,-0.13816766440868378,inf,12.587777137756348,0.018857384100556374
38168,nan,-0.17892129719257355,inf,7.383452892303467,-0.6902753710746765
38177,nan,-0.09803147614002228,inf,9.789999961853027,0.5139595866203308
38180,nan,1.0561259984970093,inf,3.5680534839630127,20.872217178344727
38222,nan,-0.07557904720306396,inf,11.73633861541748,2.244248628616333
38281,nan,-0.13821958005428314,inf,14.755404472351074,0.006564235780388117
38287,nan,-0.06489937752485275,inf,9.294024467468262,0.9645611643791199
38301,nan,0.23680844902992249,inf,4.505297660827637,11.004775047302246
38348,nan,-0.13869985938072205,inf,13.08686351776123,-0.011481893248856068
38416,nan,0.07714127749204636,inf,4.035310745239258,15.450462341308594
38421,nan,-0.13680826127529144,inf,11.42691707611084,0.05886225774884224
38437,nan,-0.1396758258342743,inf,14.725638389587402,-0.04323272779583931
38447,nan,-0.13836368918418884,inf,20.53136444091797,2.136230432370212e-05
38517,nan,-0.1383514702320099,inf,21.327136993408203,0.00037975312443450093
38527,nan,-0.13833557069301605,inf,17.30708885192871,0.002094364259392023
38540,nan,-0.08085349202156067,inf,5.7841267585754395,1.3333821296691895
38561,nan,-0.13840608298778534,inf,18.844465255737305,-0.0013446897501125932
38634,nan,-0.055112916976213455,inf,7.589695930480957,4.922249794006348
38639,nan,0.7402405738830566,inf,4.539351940155029,22.16458511352539
38650,nan,0.12941299378871918,inf,4.719693183898926,7.231193542480469
38659,nan,-0.11711936444044113,inf,8.874544143676758,0.8671459555625916
38665,nan,-0.12700510025024414,inf,11.06485366821289,0.30289098620414734
38741,nan,-0.13855157792568207,inf,14.659754753112793,-0.004874038975685835
38757,nan,-0.15399208664894104,inf,10.28801155090332,-0.040201522409915924
38781,nan,-0.1382281333208084,inf,15.08836841583252,0.008040333166718483
38803,nan,-0.13721182942390442,inf,13.546141624450684,0.10236205905675888
38810,nan,-0.0761229544878006,inf,7.161008358001709,0.9654077887535095
38867,nan,-0.1407083123922348,inf,10.444938659667969,-0.07705767452716827
38890,nan,0.1713390201330185,inf,5.775359630584717,6.8090691566467285
38930,nan,-0.09978722780942917,inf,9.94244384765625,1.0857633352279663
38960,nan,-0.13833798468112946,inf,14.805015563964844,0.0009628296247683465
38970,nan,-0.12178074568510056,inf,7.729640960693359,0.47499704360961914
38973,nan,-0.116427481174469,inf,8.7180814743042,0.5553097128868103
39094,nan,-0.13802792131900787,inf,16.01449203491211,0.02141580544412136
39107,nan,-0.13795462250709534,inf,14.362823486328125,0.01079950388520956
39123,nan,-0.12119875103235245,inf,9.199797630310059,0.22552452981472015
39161,nan,-0.1374257653951645,inf,13.366569519042969,0.025652313604950905
39166,nan,-0.13797327876091003,inf,11.265289306640625,0.018888091668486595
39168,nan,-0.11394258588552475,inf,7.126655578613281,1.2165851593017578
39183,nan,-0.13821297883987427,inf,15.338469505310059,0.006527710240334272
39212,nan,-0.13834045827388763,inf,15.332199096679688,0.00039920807466842234
39223,nan,0.048371996730566025,inf,6.087388515472412,2.7527077198028564
39249,nan,-0.10678934305906296,inf,7.440126895904541,0.6610201001167297
39330,nan,-0.13824674487113953,inf,18.49941062927246,0.007538414094597101
39338,nan,-0.15643230080604553,inf,7.460903167724609,-0.0747314915060997
39394,nan,0.0795678198337555,inf,5.833723068237305,2.5733792781829834
39462,nan,-0.07491039484739304,inf,8.906952857971191,1.5417770147323608
39470,nan,-0.13836461305618286,inf,30.059906005859375,0.0
39502,nan,0.46267643570899963,inf,7.07039213180542,16.55545997619629
39550,nan,2.048879384994507,inf,1.9107685089111328,52.111446380615234
39577,nan,-0.13836003839969635,inf,21.172033309936523,0.0002002716064453125
39587,nan,0.0631125271320343,inf,5.884533405303955,5.415236473083496
39627,nan,-0.13712923228740692,inf,10.730203628540039,0.08022031933069229
39646,nan,-0.13836529850959778,inf,22.287296295166016,-1.449584942747606e-05
39670,nan,-0.13836558163166046,inf,23.504281997680664,-3.128051685052924e-05
39715,nan,-0.138363778591156,inf,20.767459869384766,2.9230117434053682e-05
39720,nan,0.13142627477645874,inf,4.560094356536865,10.451411247253418
39805,nan,-0.033849481493234634,inf,7.271470069885254,1.5922515392303467
39813,nan,-0.08079972863197327,inf,7.342947483062744,1.3966330289840698
39829,nan,-0.13825862109661102,inf,13.73835277557373,0.005088913720101118
39831,nan,-0.0724533349275589,inf,8.082695007324219,1.4765726327896118
39864,nan,-0.13734295964241028,inf,10.459877014160156,0.02059955708682537
39865,nan,-0.11888468265533447,inf,8.728388786315918,0.3752773106098175
39905,nan,-0.08850421011447906,inf,11.787703514099121,0.27975866198539734
39930,nan,-0.07520102709531784,inf,8.156881332397461,2.070671796798706
40005,nan,-0.1381770670413971,inf,17.084915161132812,0.004339409060776234
40021,nan,-0.13750822842121124,inf,13.691214561462402,0.030057335272431374
40023,nan,-0.1378665417432785,inf,12.485701560974121,0.022051334381103516
40035,nan,0.5826824903488159,inf,4.543182373046875,13.641453742980957
40094,nan,-0.08883007615804672,inf,6.637130260467529,1.77592933177948
40116,nan,-0.1383587121963501,inf,17.99471664428711,0.00011215209815418348
40157,nan,-0.13835637271404266,inf,16.387582778930664,0.000431382650276646
40159,nan,-0.1382351964712143,inf,15.655000686645508,0.0062881470657885075
40161,nan,-0.13713230192661285,inf,11.585371017456055,0.02468266524374485
40212,nan,-0.06570147722959518,inf,6.81300687789917,1.461692452430725
40306,nan,-0.11989250034093857,inf,10.51410961151123,0.589472770690918
40341,nan,0.1698250025510788,inf,5.868565559387207,10.138631820678711
40377,nan,-0.1383630335330963,inf,24.91900634765625,4.4155120122013614e-05
40392,nan,-0.012587365694344044,inf,9.620108604431152,3.0367376804351807
40418,nan,0.04751758277416229,inf,6.436110019683838,5.5107269287109375
40430,nan,-0.13214297592639923,inf,13.774884223937988,0.14203834533691406
40494,nan,-0.1376008838415146,inf,12.28052043914795,0.01356287021189928
40585,nan,-0.1281166523694992,inf,13.714468955993652,0.2279135286808014
40619,nan,-0.1383182257413864,inf,14.791348457336426,0.0015711784362792969
40667,nan,-0.10340552777051926,inf,8.058327674865723,1.1829369068145752
40686,nan,0.6634914875030518,inf,5.067409992218018,13.978850364685059
40687,nan,-0.12711201608181,inf,8.639447212219238,0.39550724625587463
40727,nan,-0.11217385530471802,inf,8.598186492919922,0.6656257510185242
40740,nan,-0.13814856112003326,inf,14.709759712219238,0.00843513011932373
40765,nan,-0.1299799084663391,inf,9.009275436401367,0.09904652088880539
40803,nan,-0.12945996224880219,inf,11.859308242797852,0.3465351164340973
40822,nan,0.05836573988199234,inf,7.765809059143066,3.299671173095703
40867,nan,0.2891045808792114,inf,5.7455644607543945,13.741177558898926
40877,nan,-0.1383645087480545,inf,24.65326499938965,7.62939453125e-06
40894,nan,-0.12857204675674438,inf,9.021806716918945,0.2367469072341919
40954,nan,-0.10539722442626953,inf,7.232283115386963,1.5337865352630615
40967,nan,0.08194135129451752,inf,5.761139392852783,5.6849894523620605
40982,nan,0.006956817116588354,inf,8.756845474243164,6.398749828338623
41032,nan,-0.1383352428674698,inf,15.447833061218262,0.0018108844524249434
41065,nan,-0.09275251626968384,inf,8.443160057067871,1.3535993099212646
41149,nan,-0.1382734179496765,inf,15.447303771972656,0.004324531648308039
41249,nan,-0.1382783055305481,inf,17.258214950561523,0.003692626953125
41280,nan,-0.12379210442304611,inf,11.005409240722656,0.4806811809539795
41307,nan,0.1407816857099533,inf,5.605275630950928,6.428874492645264
41327,nan,-0.13834060728549957,inf,16.878215789794922,0.0011642456520348787
41331,nan,-0.13745926320552826,inf,11.185979843139648,0.06675534695386887
41351,nan,0.00029979870305396616,inf,7.293577671051025,4.330358982086182
41356,nan,4.380088806152344,inf,2.6373648643493652,144.76791381835938
41372,nan,0.04333716630935669,inf,5.232207775115967,1.8399533033370972
41518,nan,-0.13813258707523346,inf,14.345191955566406,0.007298254873603582
41547,nan,-0.13836205005645752,inf,20.65028953552246,0.00017137527174782008
41585,nan,-0.13836129009723663,inf,19.49315643310547,3.352165367687121e-05
41589,nan,-0.13737589120864868,inf,12.342435836791992,0.03979315981268883
41616,nan,-0.13775724172592163,inf,13.91881275177002,0.018515586853027344
41643,nan,0.8660774230957031,inf,3.652860403060913,26.74782371520996
41654,nan,-0.1344323456287384,inf,10.049287796020508,0.07563185691833496
41680,nan,-0.12949831783771515,inf,10.076030731201172,0.1896774023771286
41696,nan,-0.029557961970567703,inf,7.043724060058594,1.23565673828125
41739,nan,0.3828504979610443,inf,5.403832912445068,13.98694133758545
41809,nan,-0.13835732638835907,inf,17.081262588500977,0.0001810073881642893
41818,nan,-0.10534071177244186,inf,9.297829627990723,0.5742436647415161
41826,nan,-0.12538868188858032,inf,12.853912353515625,0.41400575637817383
41837,nan,-0.12684175372123718,inf,9.557971000671387,0.33794480562210083
41838,nan,-0.13078215718269348,inf,9.834800720214844,0.2363269329071045
41908,nan,-0.13297180831432343,inf,9.883708000183105,0.09864936023950577
41926,nan,-0.10256985574960709,inf,10.351641654968262,1.074846625328064
41939,nan,-0.13836461305618286,inf,37.07239532470703,0.0
41986,nan,-0.07710444927215576,inf,15.791757583618164,2.4032657146453857
42030,nan,0.07471923530101776,inf,6.680811405181885,5.502196311950684
42131,nan,-0.003497366327792406,inf,8.724639892578125,3.7302842140197754
42141,nan,-0.0634034276008606,inf,7.246729373931885,1.2664755582809448
42147,nan,-0.10969141870737076,inf,6.708972454071045,1.1798696517944336
42169,nan,0.06203977391123772,inf,6.365601539611816,10.591594696044922
42214,nan,0.0001561425597174093,inf,8.21882152557373,3.4907500743865967
42266,nan,0.017896432429552078,inf,9.252994537353516,7.76617956161499
42318,nan,-0.12951117753982544,inf,13.394915580749512,0.5320678353309631
42437,nan,-0.13836458325386047,inf,23.484329223632812,2.098083541568485e-06
42473,nan,0.4724552631378174,inf,3.6534173488616943,23.277557373046875
42474,nan,-0.13839004933834076,inf,16.492963790893555,-0.0007728576892986894
42477,nan,-0.13704216480255127,inf,15.243356704711914,0.08563575893640518
42482,nan,-0.12752902507781982,inf,7.066638946533203,0.3510828912258148
42490,nan,-0.13834039866924286,inf,17.74134063720703,0.0006346702575683594
42516,nan,-0.1383378952741623,inf,16.384613037109375,0.0013820171589031816
42587,nan,-0.13835099339485168,inf,17.588640213012695,0.00043326616287231445
42605,nan,-0.12177159637212753,inf,9.666936874389648,0.29998937249183655
42641,nan,-0.1276787966489792,inf,7.871635437011719,0.7355602383613586
42650,nan,-0.13836143910884857,inf,15.677337646484375,2.57492069977161e-06
42706,nan,-0.13836000859737396,inf,16.841039657592773,0.00016923547082114965
42712,nan,-0.13727562129497528,inf,10.727354049682617,0.0280609130859375
42734,nan,-0.1344669610261917,inf,8.781786918640137,0.1734360009431839
42772,nan,-0.13836461305618286,inf,45.27358627319336,0.0
42783,nan,-0.09233470261096954,inf,8.998196601867676,1.625693917274475
42832,nan,-0.10946408659219742,inf,9.837896347045898,0.3164686858654022
42836,nan,-0.13836005330085754,inf,18.471397399902344,0.00021090508380439132
42842,nan,-0.6997267603874207,inf,4.880190372467041,-13.490760803222656
42893,nan,-0.1383640617132187,inf,19.03226661682129,4.0054324017546605e-06
42918,nan,0.3137940466403961,inf,7.933596134185791,10.618496894836426
42938,nan,-0.13836060464382172,inf,26.108816146850586,0.00012559890456032008
42955,nan,-0.1376814842224121,inf,13.002921104431152,0.04314759001135826
42996,nan,0.11707069724798203,inf,3.909637212753296,8.066746711730957
43083,nan,-0.13806387782096863,inf,19.47146987915039,0.02097320556640625
43112,nan,0.057736124843358994,inf,8.984808921813965,3.543537139892578
43178,nan,-0.13096797466278076,inf,10.945940971374512,0.21968047320842743
43179,nan,-0.13786639273166656,inf,14.7093505859375,0.014333534054458141
43190,nan,-0.03901487961411476,inf,5.934573650360107,2.624621868133545
43226,nan,-0.13663490116596222,inf,12.001550674438477,0.05113520845770836
43256,nan,0.11557313054800034,inf,3.94553542137146,2.6601579189300537
43257,nan,-0.1393502652645111,inf,10.78769588470459,0.002322673797607422
43259,nan,-0.13631998002529144,inf,12.296445846557617,0.11440614610910416
43284,nan,-0.07598171383142471,inf,13.151178359985352,2.511976718902588
43375,nan,-0.13832001388072968,inf,14.600829124450684,0.002085113665089011
43387,nan,-0.13095299899578094,inf,11.57710075378418,0.23786690831184387
43389,nan,-0.14979545772075653,inf,9.07248306274414,0.0761524960398674
43443,nan,-0.1379873901605606,inf,12.456074714660645,0.02429450862109661
43522,nan,-0.07899580150842667,inf,7.057697296142578,1.2041585445404053
43551,nan,-0.09741905331611633,inf,11.02929973602295,0.9001758694648743
43559,nan,-0.1375640332698822,inf,12.842416763305664,-0.01444168109446764
43620,nan,-0.13391317427158356,inf,15.190322875976562,0.18385687470436096
43643,nan,-0.1381339281797409,inf,16.45716667175293,0.007325363345444202
43651,nan,0.15796631574630737,inf,7.981603145599365,9.678792953491211
43690,nan,0.031736746430397034,inf,7.084608554840088,2.1713695526123047
43716,nan,0.12811510264873505,inf,3.761526107788086,8.606112480163574
43820,nan,-0.10007744282484055,inf,7.235675811767578,1.4415619373321533
43850,nan,-0.13759593665599823,inf,11.54638957977295,0.01952962949872017
43877,nan,3.052868604660034,inf,3.431028366088867,48.257293701171875
43884,nan,-0.1380625069141388,inf,13.509142875671387,0.012019324116408825
43909,nan,-0.13836298882961273,inf,22.078088760375977,7.858276512706652e-05
43978,nan,-0.13813155889511108,inf,9.597890853881836,0.08851368725299835
43983,nan,0.010838589631021023,inf,6.059089183807373,2.289452075958252
44045,nan,-0.1335088014602661,inf,10.766746520996094,0.20783887803554535
44053,nan,0.32543227076530457,inf,5.638491630554199,16.17462730407715
44094,nan,-0.1365341991186142,inf,10.070640563964844,0.058403730392456055
44227,nan,-0.12528757750988007,inf,6.1070051193237305,0.628903329372406
44259,nan,-0.10182507336139679,inf,8.390094757080078,0.7562624216079712
44272,nan,-0.1093159094452858,inf,11.109304428100586,0.6591777801513672
44288,nan,-0.08161160349845886,inf,5.369073390960693,2.857271671295166
44320,nan,-0.049761395901441574,inf,8.63306713104248,4.041456699371338
44348,nan,-0.13568846881389618,inf,9.469164848327637,0.07169713824987411
44390,nan,-0.1364615559577942,inf,10.400603294372559,0.03987443074584007
44396,nan,-0.0406128466129303,inf,6.835414409637451,2.582897186279297
44399,nan,-0.13655714690685272,inf,13.341511726379395,0.09208221733570099
44416,nan,-0.13805830478668213,inf,14.637904167175293,0.017035484313964844
44428,nan,-0.13816754519939423,inf,18.737632751464844,0.008830452337861061
44448,nan,-0.13827888667583466,inf,15.2732572555542,0.00339679722674191
44457,nan,-0.13829976320266724,inf,9.945374488830566,-0.02025064267218113
44468,nan,-0.13982808589935303,inf,8.043237686157227,-0.005730122327804565
44471,nan,-0.03000137023627758,inf,7.130623817443848,3.578190565109253
44557,nan,-0.07815225422382355,inf,10.784834861755371,0.8196743130683899
44581,nan,-0.1366237848997116,inf,10.491304397583008,0.04769248887896538
44598,nan,-0.13836470246315002,inf,21.95660972595215,-5.865097136847908e-06
44649,nan,2.0959925651550293,inf,3.8159987926483154,30.077146530151367
44650,nan,-0.13837385177612305,inf,16.178041458129883,-0.00043482781620696187
44737,nan,-0.13582371175289154,inf,12.00787353515625,0.15262141823768616
44796,nan,-0.1270078718662262,inf,7.7436041831970215,1.7858173847198486
44799,nan,-0.1383056491613388,inf,16.400705337524414,-0.0002765655517578125
44819,nan,-0.13628023862838745,inf,12.494903564453125,0.1157987117767334
44832,nan,-0.13702528178691864,inf,10.874945640563965,0.036067962646484375
44878,nan,-0.12497150152921677,inf,10.188529968261719,0.6401471495628357
44930,nan,-0.13458597660064697,inf,9.182859420776367,0.016338659450411797
44946,nan,-0.13746599853038788,inf,14.233428955078125,0.013616228476166725
44967,nan,-0.13834261894226074,inf,18.514652252197266,0.0009246826521120965
44980,nan,-0.1381261646747589,inf,14.3970947265625,-0.002021408174186945
45042,nan,-0.07469616830348969,inf,7.483545780181885,2.712090253829956
45076,nan,-0.13817565143108368,inf,17.59008026123047,0.009769058786332607
45086,nan,-0.06331178545951843,inf,8.216108322143555,0.6414878964424133
45134,nan,-0.13516753911972046,inf,8.743502616882324,0.052249908447265625
45223,nan,-0.13807867467403412,inf,13.952753067016602,0.00856862124055624
45252,nan,-0.13836461305618286,inf,29.996448516845703,0.0
45353,nan,-0.13547734916210175,inf,15.799267768859863,0.021548127755522728
45365,nan,-0.13831551373004913,inf,13.822580337524414,0.0014493942726403475
45370,nan,-0.13809356093406677,inf,15.633837699890137,0.009873390197753906
45395,nan,-0.13836407661437988,inf,22.72999382019043,3.643035961431451e-05
45406,nan,-0.13797906041145325,inf,14.029559135437012,0.013045692816376686
45411,nan,-0.00437552435323596,inf,5.696773052215576,5.525360107421875
45420,nan,-0.138275608420372,inf,15.3355712890625,0.004183364100754261
45469,nan,-0.1342804878950119,inf,19.734045028686523,0.23805084824562073
45547,nan,-0.13669392466545105,inf,8.91849422454834,0.050139810889959335
45566,nan,-0.13711442053318024,inf,12.395279884338379,0.06335430592298508
45595,nan,0.2216353714466095,inf,5.122079372406006,9.319883346557617
45612,nan,-0.11086384207010269,inf,9.491888999938965,0.8772686123847961
45619,nan,-0.13365720212459564,inf,10.66040325164795,0.1410602629184723
45643,nan,-0.13508261740207672,inf,15.618216514587402,0.0909087210893631
45653,nan,-0.11723335832357407,inf,8.380396842956543,0.6114664077758789
45669,nan,0.357585072517395,inf,3.7484023571014404,14.432662963867188
45716,nan,-0.04863974079489708,inf,5.852515697479248,2.9022815227508545
45728,nan,-0.1383657455444336,inf,17.776647567749023,-1.258850079466356e-05
45838,nan,-0.13823464512825012,inf,18.172409057617188,0.00916976947337389
45874,nan,-0.1253313571214676,inf,9.016352653503418,0.1183730736374855
45884,nan,-0.1377711445093155,inf,13.719525337219238,0.02314688079059124
45896,nan,2.2988734245300293,inf,3.4782397747039795,45.85270690917969
45972,nan,-0.13349363207817078,inf,9.327169418334961,0.08345899730920792
46033,nan,-0.13814206421375275,inf,15.008890151977539,0.009095764718949795
46037,nan,-0.13978923857212067,inf,9.964726448059082,-0.012841415591537952
46039,nan,-0.13835957646369934,inf,18.093416213989258,0.00018730164447333664
46094,nan,-0.10470455139875412,inf,7.935789585113525,1.023766040802002
46162,nan,-0.1380409449338913,inf,13.3222074508667,0.00870437640696764
46168,nan,-0.1289934515953064,inf,8.973730087280273,0.20311680436134338
46209,nan,1.379233479499817,inf,4.433753490447998,41.52143096923828
46213,nan,-0.13836173713207245,inf,22.890806198120117,9.5367431640625e-05
46254,nan,-0.09887351095676422,inf,5.973964214324951,2.352923631668091
46268,nan,-0.13834615051746368,inf,16.499723434448242,0.0008546829340048134
46310,nan,-0.11554761976003647,inf,10.260215759277344,0.7191824316978455
46325,nan,-0.13356731832027435,inf,11.158110618591309,0.07586050033569336
46346,nan,-0.07998733967542648,inf,8.61205768585205,2.2728869915008545
46353,nan,0.006769363768398762,inf,5.175262451171875,5.816296577453613
46362,nan,-0.1346500813961029,inf,12.800137519836426,0.17143093049526215
46366,nan,-0.1383608728647232,inf,17.774282455444336,0.000213623046875
46417,nan,0.0007775090634822845,inf,10.637876510620117,4.622531414031982
46424,nan,-0.13833607733249664,inf,11.737768173217773,0.02195768430829048
46441,nan,-0.009349661879241467,inf,8.817628860473633,4.235437870025635
46442,nan,-0.13834606111049652,inf,16.81635856628418,0.0007722854497842491
46463,nan,-0.13747946918010712,inf,14.687273979187012,0.03400463983416557
46476,nan,-0.13836459815502167,inf,21.014875411987305,6.914139021318988e-07
46481,nan,-0.13345108926296234,inf,17.24909019470215,0.19588737189769745
46579,nan,-0.13836435973644257,inf,22.207197189331055,8.39233416627394e-06
46596,nan,-0.1094488650560379,inf,7.45778226852417,0.104718878865242
46606,nan,-0.02339392900466919,inf,4.93052864074707,7.333678722381592
46607,nan,0.08167979121208191,inf,6.839569091796875,6.259842872619629
46612,nan,-0.1383529007434845,inf,14.713998794555664,0.0009820997947826982
46624,nan,-0.12675195932388306,inf,11.747127532958984,0.10613413155078888
46756,nan,-0.128977969288826,inf,9.853808403015137,0.353445827960968
46798,nan,-0.13654106855392456,inf,13.086946487426758,0.0071145533584058285
46803,nan,-0.11956091225147247,inf,12.784117698669434,0.4252401292324066
46876,nan,-0.1370248645544052,inf,10.889021873474121,0.02479572407901287
46906,nan,-0.13728675246238708,inf,12.467026710510254,0.03626828268170357
46915,nan,-0.13833840191364288,inf,23.520475387573242,0.0018766403663903475
46916,nan,-0.13835565745830536,inf,18.60458755493164,0.00029964448185637593
46940,nan,-0.1368255317211151,inf,9.444917678833008,0.08344965428113937
46977,nan,-0.13830052316188812,inf,14.198877334594727,0.0026288211811333895
47028,nan,-0.1371711939573288,inf,13.18505573272705,0.020064545795321465
47039,nan,-0.1375584453344345,inf,15.419160842895508,0.0034843923058360815
47079,nan,-0.1359758824110031,inf,11.979865074157715,0.16729460656642914
47081,nan,-0.13825839757919312,inf,13.805450439453125,0.00398521451279521
47121,nan,0.03552725166082382,inf,5.470302104949951,9.359648704528809
47130,nan,-0.13760724663734436,inf,15.418082237243652,0.019147491082549095
47131,nan,-0.1383575052022934,inf,17.469585418701172,0.00028786659822799265
47158,nan,-0.13819800317287445,inf,12.887184143066406,0.005956768989562988
47178,nan,-0.13825707137584686,inf,15.191080093383789,0.0029425621032714844
47198,nan,-0.1378321498632431,inf,14.580065727233887,0.030469132587313652
47239,nan,-0.13823676109313965,inf,15.09464168548584,0.0025424957275390625
47259,nan,-0.019679058343172073,inf,9.974217414855957,2.8217761516571045
47262,nan,-0.13836362957954407,inf,28.638364791870117,7.095337059581652e-05
47278,nan,-0.14369083940982819,inf,8.687057495117188,-0.1463499367237091
47310,nan,-0.030331969261169434,inf,9.152851104736328,1.9488071203231812
47325,nan,-0.13834594190120697,inf,16.04737663269043,0.0007110596052370965
47371,nan,-0.13790427148342133,inf,14.448399543762207,0.01662166230380535
47383,nan,-0.13821756839752197,inf,13.994295120239258,0.003996467683464289
47384,nan,-0.11122927814722061,inf,9.759800910949707,1.078346610069275
47415,nan,0.43738195300102234,inf,2.0333786010742188,11.199297904968262
47419,nan,-0.13802078366279602,inf,11.563068389892578,0.008765637874603271
47498,nan,-0.10982604324817657,inf,8.320649147033691,1.1517966985702515
47499,nan,-0.1398962140083313,inf,11.308772087097168,0.018617821857333183
47542,nan,-0.13866379857063293,inf,14.766199111938477,-0.008168411441147327
47551,nan,-0.12587839365005493,inf,8.459895133972168,0.4546985328197479
47582,nan,-0.09261977672576904,inf,7.259215831756592,0.6990465521812439
47586,nan,-0.137761190533638,inf,13.566360473632812,0.02207261323928833
47601,nan,0.9390367865562439,inf,4.9432454109191895,23.864858627319336
47610,nan,-0.13835440576076508,inf,17.108692169189453,0.0003314971982035786
47621,nan,-0.12418222427368164,inf,10.72812557220459,0.30356866121292114
47638,nan,-0.13224270939826965,inf,10.282564163208008,0.1325407475233078
47648,nan,-0.138356015086174,inf,18.6263484954834,0.0005842209211550653
47658,nan,-0.13836288452148438,inf,21.3279972076416,6.217956979526207e-05
47670,nan,-0.1100882887840271,inf,9.36279582977295,0.7112144827842712
47697,nan,-0.1383645087480545,inf,20.816116333007812,1.5258789289873675e-06
47711,nan,-0.0965152457356453,inf,8.138306617736816,1.6692593097686768
47757,nan,-0.13836459815502167,inf,25.367612838745117,1.144409225162235e-06
47817,nan,-0.13752631843090057,inf,11.646319389343262,0.010996806435286999
47821,nan,-0.138403058052063,inf,14.988916397094727,-4.19616708313697e-06
47901,nan,-0.1434338390827179,inf,14.118739128112793,-0.11021552234888077
47938,nan,0.20284591615200043,inf,5.4174604415893555,5.783748149871826
47941,nan,-0.13427288830280304,inf,9.87136173248291,0.05842600017786026
47976,nan,-0.13836048543453217,inf,17.562780380249023,0.00010595321509754285
47979,nan,-0.13836465775966644,inf,26.011066436767578,-1.3351440202313825e-06
48043,nan,-0.1383531540632248,inf,19.888507843017578,0.0005653381231240928
48055,nan,-0.13814027607440948,inf,11.409411430358887,0.005992889404296875
48057,nan,-0.13915103673934937,inf,13.320767402648926,-0.025044048205018044
48105,nan,-0.13824747502803802,inf,13.897480964660645,0.007605505175888538
48171,nan,-0.13599370419979095,inf,11.888137817382812,0.06872568279504776
48206,nan,-0.1264970600605011,inf,10.80371379852295,0.5291194915771484
48220,nan,-0.1331222504377365,inf,12.91491413116455,0.10634880512952805
48264,nan,0.3364478647708893,inf,4.058678150177002,13.000749588012695
48265,nan,-0.1381477564573288,inf,13.987329483032227,0.00600090017542243
48286,nan,-0.138362318277359,inf,17.772018432617188,8.74519391800277e-05
48324,nan,-0.13818950951099396,inf,22.372291564941406,0.012522888369858265
48416,nan,0.006652242038398981,inf,10.01273250579834,2.6465537548065186
48466,nan,-0.13193796575069427,inf,11.221991539001465,0.2538480758666992
48535,nan,0.22934703528881073,inf,4.17173433303833,4.155229568481445
48552,nan,-0.1380331665277481,inf,14.992812156677246,0.01110219955444336
48568,nan,2.076014518737793,inf,3.127789258956909,44.430564880371094
48595,nan,-0.1369975060224533,inf,15.529878616333008,0.0527891181409359
48608,nan,0.001277715782634914,inf,6.103573322296143,6.263617992401123
48643,nan,-0.13836067914962769,inf,22.538068771362305,0.00013585090346168727
48650,nan,-0.13815940916538239,inf,11.441438674926758,0.006902885623276234
48684,nan,-0.13753774762153625,inf,12.564911842346191,0.026529742404818535
48694,nan,-0.1215147003531456,inf,14.999162673950195,0.6813045740127563
48746,nan,-0.13677386939525604,inf,11.385514259338379,0.0192700382322073
48769,nan,-0.14016775786876678,inf,11.58188533782959,0.12766604125499725
48778,nan,-0.09691468626260757,inf,8.478178024291992,1.3921457529067993
48837,nan,-0.11608915776014328,inf,9.458134651184082,0.22722779214382172
48893,nan,-0.13622237741947174,inf,13.08117389678955,0.029760390520095825
48900,nan,-0.138300821185112,inf,17.30829429626465,0.002962303115054965
48953,nan,0.7077878713607788,inf,5.3323140144348145,16.974807739257812
48957,nan,-0.13652174174785614,inf,10.90674877166748,0.05390596389770508
48979,nan,-0.12562184035778046,inf,4.9359130859375,3.456648588180542
49031,nan,-0.1369122415781021,inf,11.70337963104248,0.04412078857421875
49088,nan,-0.13694706559181213,inf,19.824386596679688,0.04546966776251793
49134,nan,-0.14922069013118744,inf,14.228218078613281,-0.43986088037490845
49154,nan,0.05032188445329666,inf,7.20828104019165,4.5100789070129395
49190,nan,-0.1380726844072342,inf,15.668184280395508,0.020633507519960403
49194,nan,-0.1329657882452011,inf,11.176733016967773,0.2501175105571747
49213,nan,0.12850983440876007,inf,7.0116286277771,6.459646701812744
49230,nan,-0.16328732669353485,inf,8.202311515808105,-0.5022426843643188
49308,nan,-0.13836361467838287,inf,23.98286247253418,3.7860871088923886e-05
49320,nan,-0.1383432149887085,inf,16.66107749938965,0.0010111809242516756
49357,nan,-0.05336897447705269,inf,11.967485427856445,2.787931203842163
49364,nan,-0.13836783170700073,inf,17.071714401245117,-3.910064697265625e-05
49376,nan,-0.13309888541698456,inf,10.96319580078125,0.1367734968662262
49378,nan,-0.13845942914485931,inf,16.501689910888672,-0.004626178648322821
49427,nan,-0.1383608728647232,inf,17.529340744018555,0.00015373229689430445
49443,nan,-0.10149102658033371,inf,10.693464279174805,1.0220372676849365
49455,nan,1.656638503074646,inf,2.105787754058838,53.50852584838867
49469,nan,-0.12230750173330307,inf,8.38178539276123,-0.12875118851661682
49513,nan,-0.12212498486042023,inf,13.473902702331543,0.6165527701377869
49519,nan,-0.039363205432891846,inf,8.375879287719727,4.190183162689209
49539,nan,-0.1374925971031189,inf,11.10342025756836,0.018522311002016068
49547,nan,-0.1383642554283142,inf,27.53885841369629,1.220703143189894e-05
49649,nan,-0.1383550465106964,inf,18.04615592956543,0.0005050659528933465
49694,nan,-0.13895733654499054,inf,12.029762268066406,0.026685524731874466
49696,nan,-0.13836437463760376,inf,20.7015323638916,3.623962356869015e-06
49699,nan,-0.13828401267528534,inf,17.883005142211914,0.004727173130959272
49726,nan,-0.13814333081245422,inf,17.43084144592285,0.0061203003861010075
49735,nan,-0.10527165979146957,inf,9.1279878616333,0.8344470262527466
49747,nan,-0.13823683559894562,inf,16.570371627807617,0.00478286761790514
49751,nan,-0.1414826363325119,inf,10.443804740905762,-0.11339881271123886
49768,nan,-0.13282518088817596,inf,11.722966194152832,0.18205976486206055
49801,nan,-0.13509072363376617,inf,8.547093391418457,0.09147663414478302
49825,nan,-0.13842545449733734,inf,14.31395149230957,-0.003539657685905695
49839,nan,-0.13812211155891418,inf,15.054430961608887,0.008506393991410732
49851,nan,-0.1277478188276291,inf,8.997244834899902,0.405868262052536
49870,nan,0.20511840283870697,inf,5.866427898406982,2.7785050868988037
50019,nan,-0.138027161359787,inf,14.40563678741455,-0.009249115362763405
50033,nan,-0.13620220124721527,inf,10.47432804107666,0.0869302898645401
50034,nan,0.3801533281803131,inf,4.910762786865234,11.074054718017578
50090,nan,-0.13651838898658752,inf,13.874037742614746,0.04325895383954048
50121,nan,-0.1387883871793747,inf,8.61115550994873,0.22062774002552032
50162,nan,0.3921516239643097,inf,5.716039180755615,11.104374885559082
50183,nan,-0.13836485147476196,inf,18.737424850463867,9.222031076205894e-05
50190,nan,-0.13636070489883423,inf,12.409489631652832,0.10222157090902328
50258,nan,-0.13809441030025482,inf,15.436836242675781,0.006275177001953125
50283,nan,-0.13731388747692108,inf,17.04481315612793,0.03443298488855362
50290,nan,-0.13438935577869415,inf,11.408623695373535,0.13023757934570312
50304,nan,0.09283573925495148,inf,6.34641170501709,8.44151782989502
50311,nan,-0.13833436369895935,inf,15.695467948913574,0.0006411552312783897
50331,nan,0.5746889710426331,inf,4.973409175872803,22.461782455444336
50428,nan,-0.13827326893806458,inf,28.604459762573242,0.002521514892578125
50510,nan,-0.13046763837337494,inf,10.800958633422852,0.23066984117031097
50515,nan,0.04718321934342384,inf,6.8652801513671875,3.4574413299560547
50521,nan,-0.1383381187915802,inf,17.52058982849121,0.002044296357780695
50523,nan,-0.13596202433109283,inf,13.30945110321045,0.09875297546386719
50527,nan,0.6942226886749268,inf,3.7915875911712646,9.69499683380127
50541,nan,0.05518711730837822,inf,5.473429203033447,4.005634307861328
50554,nan,-0.13828417658805847,inf,23.517587661743164,0.0022203444968909025
50570,nan,-0.13774223625659943,inf,10.765875816345215,0.033602215349674225
50607,nan,0.10849261283874512,inf,5.449552059173584,6.0379319190979
50614,nan,-0.1384236067533493,inf,18.903167724609375,-0.0013235092628747225
50645,nan,-0.13836336135864258,inf,23.33930206298828,9.293556649936363e-05
50665,nan,-0.13810423016548157,inf,13.327717781066895,0.011076736263930798
50749,nan,-0.09356486052274704,inf,9.626151084899902,1.7920831441879272
50816,nan,-0.15128140151500702,inf,7.764842510223389,-0.1426766961812973
50829,nan,-0.1383519470691681,inf,14.032197952270508,0.00022444725618697703
50842,nan,-0.13835999369621277,inf,20.144704818725586,0.0005470276228152215
50852,nan,-0.13256524503231049,inf,10.455109596252441,0.1818014234304428
50859,nan,-0.1382131278514862,inf,13.551426887512207,0.00627479562535882
50888,nan,-0.13747884333133698,inf,11.4179105758667,0.04214215278625488
50897,nan,-0.1071767583489418,inf,11.28072452545166,0.42565709352493286
50952,nan,-0.13779324293136597,inf,13.024626731872559,0.029207302257418633
50959,nan,-0.12737129628658295,inf,8.973190307617188,0.34011298418045044
50962,nan,0.5673152804374695,inf,5.452280521392822,13.6691312789917
51000,nan,-0.1383582055568695,inf,19.000028610229492,0.00015563964552711695
51048,nan,-0.1383569836616516,inf,20.471078872680664,0.0004927635309286416
51083,nan,0.0242228414863348,inf,7.4523234367370605,2.516282796859741
51146,nan,-0.12994247674942017,inf,10.026236534118652,0.2676639258861542
51152,nan,0.008398833684623241,inf,3.8963112831115723,4.292189121246338
51161,nan,-0.13361422717571259,inf,16.68410873413086,0.18584899604320526
51199,nan,-0.13783036172389984,inf,14.460342407226562,0.01685352623462677
51209,nan,-0.138225257396698,inf,17.600969314575195,0.004338455386459827
51245,nan,-0.13037554919719696,inf,9.378564834594727,0.4198169708251953
51250,nan,-0.12672974169254303,inf,9.920980453491211,0.13950109481811523
51296,nan,0.10590092092752457,inf,8.520801544189453,6.340531826019287
51345,nan,-0.1382170170545578,inf,17.75271987915039,0.0057936194352805614
51363,nan,-0.13837796449661255,inf,17.85186767578125,-0.0004067331610713154
51372,nan,-0.13798217475414276,inf,14.853944778442383,0.013266372494399548
51377,nan,-0.13813146948814392,inf,12.123286247253418,0.010828745551407337
51457,nan,-0.13835522532463074,inf,18.157333374023438,-0.0002949237823486328
51480,nan,-0.02712056040763855,inf,6.7765936851501465,4.490283489227295
51481,nan,0.9351380467414856,inf,3.2306594848632812,27.803396224975586
51486,nan,-0.13835938274860382,inf,19.47815704345703,0.00017280578322242945
51512,nan,0.02177823893725872,inf,7.409363746643066,3.782618761062622
51568,nan,-0.04132750257849693,inf,5.856200218200684,4.562158107757568
51631,nan,-0.13674327731132507,inf,13.949427604675293,0.06988262385129929
51668,nan,-0.11464853584766388,inf,7.386599063873291,0.7264536619186401
51686,nan,-0.13836359977722168,inf,18.778581619262695,1.7261505490751006e-05
51688,nan,0.019374970346689224,inf,5.537226676940918,6.8650221824646
51704,nan,-0.13801248371601105,inf,17.03137969970703,0.02320277690887451
51705,nan,-0.12624624371528625,inf,8.406569480895996,0.08647356182336807
51734,nan,-0.1370239108800888,inf,16.22818374633789,0.05389099940657616
51741,nan,-0.13828317821025848,inf,15.630739212036133,0.002765917917713523
51763,nan,-0.13778816163539886,inf,13.042279243469238,0.017392635345458984
51786,nan,-0.13835935294628143,inf,20.48689079284668,0.000377464311895892
51795,nan,-0.10424323379993439,inf,8.749075889587402,0.44242534041404724
51838,nan,-0.07794579118490219,inf,9.783865928649902,2.33662486076355
51888,nan,-0.1382138729095459,inf,15.171711921691895,0.0022673129569739103
51935,nan,-0.07669328898191452,inf,8.149229049682617,2.6813771724700928
51952,nan,-0.13527783751487732,inf,6.596751689910889,-0.10471715778112411
51965,nan,-0.1362963765859604,inf,17.54977798461914,0.08098597824573517
52003,nan,0.02580701746046543,inf,6.684890270233154,7.751229286193848
52018,nan,-0.1383470743894577,inf,16.141977310180664,0.00026597976102493703
52049,nan,-0.12112333625555038,inf,9.095861434936523,1.0390150547027588
52129,nan,-0.10380412638187408,inf,8.332963943481445,1.2871196269989014
52173,nan,1.4515736103057861,inf,6.530096530914307,43.8114128112793
52179,nan,-0.13796912133693695,inf,13.998465538024902,0.01754075102508068
52196,nan,-0.054394036531448364,inf,8.962729454040527,4.01517915725708
52249,nan,-0.1403566151857376,inf,8.00710391998291,-0.3667772710323334
52315,nan,-0.06022975966334343,inf,9.320903778076172,4.429564952850342
52356,nan,-0.1383444368839264,inf,19.511804580688477,0.0008195877308025956
52396,nan,-0.11890440434217453,inf,9.661555290222168,0.6549651026725769
52400,nan,-0.13745176792144775,inf,10.54277229309082,0.030931664630770683
52455,nan,-0.13828794658184052,inf,21.57350730895996,0.005347728729248047
52459,nan,-0.13808928430080414,inf,16.0233097076416,0.007540196180343628
52496,nan,1.5137683153152466,inf,4.037745952606201,44.68024444580078
52499,nan,-0.13834057748317719,inf,16.284000396728516,0.0006450653309002519
52532,nan,-0.13592228293418884,inf,11.638936996459961,0.07638039439916611
52589,nan,-0.13836316764354706,inf,24.842941284179688,3.471374657237902e-05
52631,nan,1.0242708921432495,inf,3.0025079250335693,58.4089469909668
52641,nan,-0.13420049846172333,inf,10.124104499816895,0.011933994479477406
52650,nan,-0.13836507499217987,inf,16.64408302307129,0.0001432418794138357
52668,nan,0.6034470796585083,inf,5.089896202087402,14.122804641723633
52708,nan,-0.13835227489471436,inf,31.50974464416504,0.0004028320254292339
52748,nan,-0.1383158564567566,inf,16.12327766418457,0.0026214600075036287
52791,nan,-0.1380165070295334,inf,21.282453536987305,0.02463970147073269
52792,nan,-0.13836432993412018,inf,25.691730499267578,8.39233416627394e-06
52809,nan,-0.1306445598602295,inf,12.650031089782715,0.3721824586391449
52833,nan,-0.09089942276477814,inf,7.650887966156006,1.4760087728500366
52871,nan,-0.13930772244930267,inf,9.111146926879883,-0.027589131146669388
52881,nan,-0.13836392760276794,inf,20.191482543945312,6.008148375258315e-06
52894,nan,-0.00880128052085638,inf,11.210089683532715,9.076434135437012
52897,nan,-0.11881063133478165,inf,9.827420234680176,1.2756670713424683
52913,nan,-0.13348929584026337,inf,12.786776542663574,0.19497814774513245
52926,nan,0.011694047600030899,inf,7.5548624992370605,2.643089771270752
52955,nan,-0.10673864930868149,inf,9.362675666809082,0.7965490221977234
52957,nan,-0.1379075050354004,inf,16.031991958618164,0.030006766319274902
52971,nan,-0.11822157353162766,inf,8.717734336853027,0.5546987652778625
52981,nan,-0.12073178589344025,inf,8.995170593261719,0.4073052406311035
52990,nan,-0.13696680963039398,inf,11.719531059265137,0.017316628247499466
52993,nan,0.12185546010732651,inf,4.8817901611328125,6.242232799530029
53038,nan,-0.12695755064487457,inf,9.341007232666016,0.3965063989162445
53042,nan,-0.13818705081939697,inf,14.691263198852539,0.0015279770595952868
53099,nan,0.9937590956687927,inf,3.6442253589630127,23.953062057495117
53114,nan,-0.11276350170373917,inf,14.561182975769043,0.8723260760307312
53143,nan,-0.12272657454013824,inf,11.503568649291992,0.1287878006696701
53151,nan,-0.0798252746462822,inf,9.750965118408203,0.4953930079936981
53198,nan,-0.10975304991006851,inf,8.127135276794434,0.6930135488510132
53209,nan,-0.1332572102546692,inf,14.33183765411377,0.27775707840919495
53231,nan,-0.13801179826259613,inf,18.21767807006836,0.013828659430146217
53248,nan,0.007143273483961821,inf,5.50595235824585,4.454452991485596
53270,nan,0.31019431352615356,inf,4.820924282073975,14.258870124816895
53272,nan,-0.13790272176265717,inf,11.128730773925781,0.014671945944428444
53347,nan,-0.06842058897018433,inf,9.241990089416504,2.6212480068206787
53393,nan,-0.10533648729324341,inf,8.268858909606934,1.4072458744049072
53420,nan,0.9049088358879089,inf,4.044360160827637,20.83564567565918
53425,nan,-0.13836470246315002,inf,23.82387924194336,-7.724762326688506e-06
53432,nan,-0.13836036622524261,inf,17.722789764404297,0.0003437042178120464
53486,nan,-0.13833393156528473,inf,17.61552619934082,0.001983165740966797
53529,nan,-0.13836218416690826,inf,17.785646438598633,8.36618710309267e-05
53588,nan,-0.13835346698760986,inf,18.70675277709961,0.0001592159242136404
53625,nan,-0.13695041835308075,inf,13.55783748626709,0.13993044197559357
53639,nan,0.07204576581716537,inf,7.330090522766113,6.078777313232422
53656,nan,-0.09771573543548584,inf,8.345796585083008,0.5561829805374146
53776,nan,-0.13833247125148773,inf,17.736692428588867,0.0006721496465615928
53785,nan,1.1008398532867432,inf,1.1691114902496338,49.681392669677734
53869,nan,-0.13620249927043915,inf,10.761531829833984,0.061449240893125534
53917,nan,-0.1383516639471054,inf,19.311704635620117,0.0005886077997274697
53919,nan,-0.13836437463760376,inf,22.09315299987793,7.62939453125e-06
53923,nan,-0.1383538693189621,inf,36.815284729003906,0.0007690429920330644
53930,nan,-0.13834957778453827,inf,18.31281280517578,0.0010122299427166581
53943,nan,-0.1383708417415619,inf,15.120699882507324,-0.00011758804612327367
53975,nan,-0.13835738599300385,inf,17.501977920532227,0.00032738447771407664
53987,nan,-0.12201495468616486,inf,6.897120952606201,0.3028589189052582
54008,nan,-0.017406463623046875,inf,7.396241664886475,2.871997833251953
54056,nan,-0.13832688331604004,inf,20.68505096435547,0.0027397156227380037
54135,nan,-0.13763362169265747,inf,12.917322158813477,0.0226911548525095
54161,nan,0.40691065788269043,inf,4.487311363220215,10.0575532913208
54255,nan,0.894365131855011,inf,5.455637454986572,30.068639755249023
54268,nan,0.10986361652612686,inf,8.141556739807129,5.892711162567139
54273,nan,-0.1364518105983734,inf,12.280736923217773,0.0834711566567421
54279,nan,-0.08877208083868027,inf,5.517504692077637,1.6949942111968994
54310,nan,-0.13633963465690613,inf,11.878989219665527,0.07990074157714844
54343,nan,-0.1342657059431076,inf,14.320151329040527,0.06747665256261826
54363,nan,-0.13836413621902466,inf,21.93324851989746,2.3651124138268642e-05
54376,nan,0.010307285003364086,inf,5.570830821990967,4.000160217285156
54436,nan,0.3063211441040039,inf,3.9966094493865967,10.977560997009277
54487,nan,0.03490583226084709,inf,6.821042537689209,4.895384311676025
54490,nan,-0.09232322871685028,inf,8.273357391357422,0.9006787538528442
54556,nan,-0.13675163686275482,inf,12.010000228881836,0.03642892837524414
54598,nan,0.47178006172180176,inf,3.5059852600097656,20.44793128967285
54634,nan,-0.13836435973644257,inf,24.074491500854492,1.8334389096708037e-05
54789,nan,-0.1383606344461441,inf,18.902320861816406,0.00012702941603492945
54844,nan,-0.13840369880199432,inf,15.496490478515625,-0.002578783081844449
54862,nan,-0.13802896440029144,inf,14.256224632263184,0.0058841705322265625
54878,nan,-0.13777533173561096,inf,14.162257194519043,0.02031121216714382
54913,nan,-0.13730306923389435,inf,11.717391014099121,0.03850283846259117
54919,nan,-0.1341460645198822,inf,10.376509666442871,0.13355247676372528
54959,nan,-0.13820159435272217,inf,12.59682559967041,0.003767251968383789
55013,nan,-0.13807223737239838,inf,19.684682846069336,0.012854481115937233
55016,nan,-0.1278136968612671,inf,14.021693229675293,0.2956695556640625
55026,nan,-0.09018173068761826,inf,10.130701065063477,1.6566553115844727
55056,nan,-0.10771973431110382,inf,10.274471282958984,0.5074709057807922
55119,nan,-0.110697902739048,inf,9.97067928314209,0.4426134526729584
55166,nan,0.14754152297973633,inf,5.936753273010254,9.513367652893066
55177,nan,-0.1383223980665207,inf,12.60368537902832,0.001602387405000627
55197,nan,-0.13758234679698944,inf,12.453277587890625,0.02669687382876873
55224,nan,0.1008962020277977,inf,5.378247261047363,8.220107078552246
55237,nan,-0.0765506848692894,inf,4.903310298919678,1.4466884136199951
55258,nan,-0.138462632894516,inf,14.33855152130127,0.0023242949973791838
55290,nan,-0.13841179013252258,inf,18.77882194519043,-0.0009565353393554688
55337,nan,-0.1375977247953415,inf,11.606585502624512,0.09862697124481201
55357,nan,0.06914474070072174,inf,4.67419958114624,2.786438465118408
55406,nan,-0.1382746696472168,inf,13.57487678527832,0.0038868903648108244
55413,nan,0.6026519536972046,inf,4.426238059997559,23.4594669342041
55444,nan,0.5469634532928467,inf,4.087254047393799,15.43729305267334
55504,nan,-0.13754139840602875,inf,10.977317810058594,0.02467978000640869
55526,nan,-0.13874542713165283,inf,17.286823272705078,-0.015132904052734375
55584,nan,0.03655179962515831,inf,7.563088893890381,5.679831027984619
55644,nan,-0.09146910160779953,inf,7.991328716278076,3.207292318344116
55671,nan,-0.13825009763240814,inf,13.688719749450684,0.003415966173633933
55764,nan,-0.12099851667881012,inf,12.8289155960083,0.256338506937027
55773,nan,-0.13836388289928436,inf,21.541975021362305,1.049041748046875e-05
55828,nan,-0.13836461305618286,inf,26.899274826049805,-1.4901161415892261e-09
55830,nan,-0.1383644938468933,inf,25.121524810791016,8.39233416627394e-06
55894,nan,-0.1372803896665573,inf,12.824991226196289,0.044028569012880325
55948,nan,-0.13838179409503937,inf,16.96991539001465,-0.001585888909175992
55989,nan,-0.1383652538061142,inf,21.773069381713867,5.388259978644783e-06
56049,nan,-0.11825453490018845,inf,8.918961524963379,0.5069023370742798
56059,nan,-0.13835087418556213,inf,16.701135635375977,0.0004741668817587197
56072,nan,-0.13835230469703674,inf,18.75704574584961,0.0005130767822265625
56077,nan,-0.14134055376052856,inf,8.700152397155762,-0.045694317668676376
56088,nan,0.39686962962150574,inf,8.02506160736084,7.639225959777832
56171,nan,-0.13835856318473816,inf,21.06230926513672,0.0004104614199604839
56174,nan,-0.13849131762981415,inf,12.684321403503418,0.0011828899150714278
56175,nan,-0.13668368756771088,inf,12.318986892700195,0.09441814571619034
56208,nan,0.1883796900510788,inf,4.777595043182373,9.13048267364502
56224,nan,-0.13239355385303497,inf,9.682753562927246,0.19566240906715393
56313,nan,-0.13801948726177216,inf,14.257028579711914,0.00690383929759264
56337,nan,-0.13833636045455933,inf,13.330855369567871,0.00167169573251158
56348,nan,-0.13257695734500885,inf,8.836954116821289,0.3350209891796112
56349,nan,0.04359833151102066,inf,8.690156936645508,0.7355836629867554
56357,nan,-0.13833627104759216,inf,17.104543685913086,0.0011404991382732987
56361,nan,-0.11630646139383316,inf,10.009088516235352,0.763589084148407
56381,nan,-0.06518659740686417,inf,8.065195083618164,0.9798386693000793
56385,nan,-0.13829241693019867,inf,14.003039360046387,0.004199028015136719
56413,nan,0.010627174749970436,inf,5.196028232574463,5.279143333435059
56446,nan,0.5513432621955872,inf,4.229415416717529,20.073246002197266
56526,nan,-0.13504549860954285,inf,12.718206405639648,0.134241983294487
56544,nan,-0.10102391242980957,inf,7.1508941650390625,1.4999545812606812
56550,nan,-0.13489370048046112,inf,13.419448852539062,0.06125829368829727
56634,nan,-0.1383391171693802,inf,15.279135704040527,0.0011445045238360763
56653,nan,-0.11654188483953476,inf,7.020555019378662,1.5528289079666138
56718,nan,-0.13339991867542267,inf,12.422527313232422,0.031646668910980225
56731,nan,0.35986068844795227,inf,5.86381721496582,7.011275768280029
56751,nan,0.056265003979206085,inf,6.944545745849609,5.12208890914917
56765,nan,-0.11306635290384293,inf,10.355731964111328,0.7993826270103455
56815,nan,-0.07669378817081451,inf,12.129659652709961,1.9702541828155518
56816,nan,-0.1383645385503769,inf,28.025510787963867,5.34057608092553e-06
56883,nan,1.2630126476287842,inf,4.187267303466797,32.28597640991211
56911,nan,-0.013499880209565163,inf,6.629505157470703,4.725144386291504
56912,nan,-0.13551749289035797,inf,10.628897666931152,0.07470359653234482
56941,nan,-0.13832946121692657,inf,16.5230655670166,0.0018648147815838456
56978,nan,-0.16263818740844727,inf,8.611844062805176,-0.020210837945342064
56981,nan,-0.11999931186437607,inf,8.254922866821289,0.7114853262901306
57004,nan,-0.13282190263271332,inf,13.951083183288574,0.17984695732593536
57027,nan,-0.12878651916980743,inf,13.5365629196167,0.3771963119506836
57030,nan,0.6370799541473389,inf,3.9204063415527344,25.455543518066406
57031,nan,-0.12021813541650772,inf,11.546379089355469,0.5663397908210754
57070,nan,-0.034771524369716644,inf,4.957443714141846,3.9357495307922363
57179,nan,-0.1378079503774643,inf,9.558881759643555,0.0163861270993948
57216,nan,-0.13836489617824554,inf,20.90957260131836,-5.7220458984375e-06
57252,nan,-0.13836461305618286,inf,35.32045364379883,0.0
57284,nan,-0.1167110949754715,inf,11.091079711914062,0.7864320874214172
57294,nan,-0.1374012678861618,inf,12.378928184509277,0.062013816088438034
57303,nan,-0.09383998066186905,inf,8.710136413574219,1.4098265171051025
57320,nan,-0.1382627636194229,inf,16.933401107788086,0.0037764310836791992
57323,nan,-0.13866741955280304,inf,13.071232795715332,-0.014420652762055397
57374,nan,-0.1377893090248108,inf,16.076181411743164,0.01703958585858345
57393,nan,-0.13835982978343964,inf,19.341970443725586,0.0001639366237213835
57415,nan,-0.0343034453690052,inf,8.02707290649414,2.6605746746063232
57456,nan,-0.1382945328950882,inf,19.947437286376953,0.0004193008062429726
57465,nan,-0.1383534073829651,inf,20.4257869720459,0.0007284164312295616
57492,nan,0.41921043395996094,inf,4.347456455230713,13.775273323059082
57499,nan,0.3135789632797241,inf,4.269922733306885,7.296594142913818
57530,nan,-0.13771380484104156,inf,14.299616813659668,0.02887292020022869
57568,nan,-0.12921419739723206,inf,9.751360893249512,0.3532116413116455
57630,nan,-0.1574346274137497,inf,7.346713542938232,-0.3062242567539215
57646,nan,-0.10094540566205978,inf,10.308248519897461,2.132539987564087
57666,nan,-0.09666319936513901,inf,8.411664009094238,1.4005488157272339
57670,nan,-0.011536081321537495,inf,7.646188259124756,4.988427639007568
57771,nan,-0.10392940044403076,inf,8.813163757324219,0.6570858359336853
57788,nan,-0.13851894438266754,inf,11.549273490905762,0.01736128330230713
57844,nan,0.06529133766889572,inf,12.953442573547363,5.724720001220703
57882,nan,-0.13775652647018433,inf,13.461580276489258,0.02687378041446209
57885,nan,-0.13817358016967773,inf,16.348834991455078,0.005590581800788641
57914,nan,-0.13684915006160736,inf,11.712546348571777,0.07579689472913742
58013,nan,-0.1383569985628128,inf,20.87589454650879,0.0005428314325399697
58061,nan,-0.1383737176656723,inf,18.56829261779785,-0.0003270864544901997
58091,nan,0.5515480041503906,inf,3.1423072814941406,3.9197442531585693
58176,nan,-0.13390348851680756,inf,13.362586975097656,0.1159515380859375
58191,nan,0.051148947328329086,inf,6.690270900726318,3.8856849670410156
58216,nan,0.11955424398183823,inf,4.877804279327393,3.797255277633667
58228,nan,0.051490653306245804,inf,5.949514389038086,4.430752754211426
58313,nan,-0.13827310502529144,inf,11.633893013000488,0.004513978958129883
58336,nan,-0.10451791435480118,inf,8.521469116210938,0.9960851669311523
58375,nan,-0.13834929466247559,inf,15.724505424499512,-0.0003383636649232358
58405,nan,-0.1380971372127533,inf,13.13162899017334,0.007203443441540003
58420,nan,-0.13836434483528137,inf,22.786136627197266,1.2636184692382812e-05
58446,nan,-0.1317986100912094,inf,8.061209678649902,0.41301724314689636
58453,nan,0.0031120844651013613,inf,4.6612396240234375,2.6104695796966553
58458,nan,-0.13799700140953064,inf,11.959961891174316,0.043990351259708405
58481,nan,-0.13815002143383026,inf,13.192944526672363,0.004965305328369141
58506,nan,-0.13836461305618286,inf,27.738554000854492,0.0
58519,nan,-0.1374412477016449,inf,11.09553337097168,0.03989281877875328
58593,nan,-0.1383626013994217,inf,22.279388427734375,8.392333984375e-05
58630,nan,0.5696083903312683,inf,3.633819580078125,12.096922874450684
58656,nan,0.3129903972148895,inf,5.491782188415527,12.689291954040527
58666,nan,-0.12418419122695923,inf,7.961248874664307,0.3734123408794403
58679,nan,-0.143736332654953,inf,15.721092224121094,-0.011308860965073109
58711,nan,-0.17330454289913177,inf,8.042664527893066,-0.1941603273153305
58747,nan,0.5432347655296326,inf,9.31734848022461,47.383514404296875
58775,nan,-0.09644220769405365,inf,7.705239295959473,1.1067181825637817
58777,nan,-0.13608601689338684,inf,11.482098579406738,0.07511470466852188
58811,nan,-0.13836263120174408,inf,20.753652572631836,6.29425048828125e-05
58852,nan,0.240934357047081,inf,6.5081095695495605,5.059452056884766
58859,nan,-0.12398075312376022,inf,12.844993591308594,0.8266739249229431
58870,nan,-0.13866876065731049,inf,18.120031356811523,-0.008553124032914639
58876,nan,-0.13497516512870789,inf,10.86085033416748,0.14663825929164886
58883,nan,-0.14239634573459625,inf,9.231184959411621,0.0543404221534729
58908,nan,-0.13828910887241364,inf,17.828092575073242,0.0050254822708666325
58952,nan,-0.1649942249059677,inf,6.226365089416504,0.7178201675415039
59150,nan,-0.13705550134181976,inf,9.569579124450684,0.02839212492108345
59153,nan,-0.1383301466703415,inf,19.13611602783203,0.002325439592823386
59175,nan,-0.13198445737361908,inf,10.07800006866455,0.38999494910240173
59182,nan,-0.1262103170156479,inf,7.28462553024292,0.25252649188041687
59217,nan,-0.13833069801330566,inf,13.263407707214355,0.0010531246662139893
59283,nan,-0.12342778593301773,inf,18.08859634399414,0.6073390245437622
59332,nan,0.021714111790060997,inf,5.372520923614502,4.566649913787842
59342,nan,-0.11187789589166641,inf,6.651715278625488,0.40242406725883484
59393,nan,-0.13836286962032318,inf,21.900022506713867,0.0001277923583984375
59411,nan,-0.14388594031333923,inf,8.469090461730957,0.4563778340816498
59449,nan,-0.042512718588113785,inf,10.988534927368164,2.570183515548706
59459,nan,-0.01762951724231243,inf,7.5708770751953125,4.188372611999512
59463,nan,-0.13797929883003235,inf,15.050129890441895,0.00996463280171156
59482,nan,-0.1338287740945816,inf,9.81587028503418,0.05194244533777237
59524,nan,-0.138535737991333,inf,16.924318313598633,-0.00040640830411575735
59557,nan,-0.13744057714939117,inf,10.30169677734375,0.032132018357515335
59560,nan,-0.07487840950489044,inf,13.48900318145752,1.9063133001327515
59604,nan,0.18178606033325195,inf,5.284373760223389,6.805255889892578
59632,nan,-0.13783365488052368,inf,20.194944381713867,0.03788719326257706
59644,nan,-0.07953759282827377,inf,12.518558502197266,1.8514950275421143
59691,nan,-0.13831238448619843,inf,17.775304794311523,0.003731346223503351
59693,nan,-0.1382981389760971,inf,14.32432746887207,0.002454781671985984
59695,nan,-0.12854814529418945,inf,14.892196655273438,0.689060628414154
59748,nan,-0.13835661113262177,inf,21.798559188842773,0.0004211425839457661
59775,nan,0.05733475089073181,inf,4.834718704223633,3.518555164337158
59784,nan,-0.13441242277622223,inf,12.14368724822998,0.1559438705444336
59789,nan,-0.13301652669906616,inf,11.094743728637695,0.2249746322631836
59803,nan,-0.1383465975522995,inf,17.51366424560547,0.0007643699645996094
59818,nan,0.2874014377593994,inf,6.194675445556641,2.241257429122925
59825,nan,-0.1383598893880844,inf,19.30818748474121,0.0001314163237111643
59852,nan,-0.05660019442439079,inf,6.695979595184326,1.7343124151229858
59862,nan,-0.13836413621902466,inf,21.60724639892578,3.814697265625e-06
59912,nan,-0.1383785456418991,inf,16.9857120513916,-0.00035996438236907125
59971,nan,-0.11895739287137985,inf,8.177057266235352,0.36495494842529297
60023,nan,0.5215762853622437,inf,4.969598293304443,13.880755424499512
60047,nan,-0.13673074543476105,inf,11.837496757507324,0.07044344395399094
60070,nan,-0.13835954666137695,inf,21.929914474487305,0.00011539459228515625
60094,nan,-0.13822107017040253,inf,15.755789756774902,0.009901869110763073
60110,nan,-0.13605929911136627,inf,10.719698905944824,0.1192903071641922
60113,nan,-0.13836388289928436,inf,22.486312866210938,2.5558472771081142e-05
60149,nan,-0.13828101754188538,inf,13.709004402160645,0.003317546797916293
60153,nan,-0.13836191594600677,inf,17.480348587036133,9.391307685291395e-05
60202,nan,-0.1291416883468628,inf,11.92308521270752,0.36069631576538086
60250,nan,0.057132210582494736,inf,6.214299201965332,7.109620094299316
60333,nan,-0.021979590877890587,inf,7.175853252410889,3.702943801879883
60347,nan,0.6604602336883545,inf,5.946051597595215,24.670045852661133
60395,nan,-0.1380707025527954,inf,15.142155647277832,0.009512352757155895
60401,nan,-0.12955635786056519,inf,10.144567489624023,0.305594265460968
60473,nan,-0.1383654624223709,inf,20.619504928588867,-4.6062468754826114e-05
60485,nan,-0.04790950194001198,inf,7.709084510803223,1.1713905334472656
60528,nan,-0.1383669525384903,inf,19.454227447509766,-6.27517729299143e-05
60547,nan,-0.009939790703356266,inf,5.434667110443115,2.213606119155884
60568,nan,0.027155354619026184,inf,5.4408369064331055,2.0258095264434814
60569,nan,0.6971611380577087,inf,3.113370656967163,32.97279739379883
60597,nan,-0.12405045330524445,inf,11.132105827331543,0.28480276465415955
60620,nan,-0.1383131593465805,inf,13.731953620910645,0.0023483335971832275
60624,nan,-0.13824991881847382,inf,14.382990837097168,0.0045150755904614925
60635,nan,-0.007661558222025633,inf,7.860179901123047,3.7056329250335693
60670,nan,-0.13618212938308716,inf,13.835738182067871,0.14722561836242676
60747,nan,-0.14460653066635132,inf,11.184579849243164,-0.1113649383187294
60874,nan,-0.1353953331708908,inf,14.45875072479248,0.0839153528213501
60912,nan,-0.13060224056243896,inf,9.90073299407959,0.4844178855419159
60923,nan,-0.13765035569667816,inf,14.837890625,0.019295120611786842
60928,nan,-0.12438636273145676,inf,10.371886253356934,0.4622400403022766
60944,nan,-0.12863171100616455,inf,8.386690139770508,0.15278585255146027
60960,nan,-0.14607584476470947,inf,13.56449031829834,-0.2523302137851715
60977,nan,-0.09982471913099289,inf,8.48204231262207,2.1530067920684814
60978,nan,-0.1383533924818039,inf,17.76482582092285,0.0008306265226565301
61119,nan,-0.1382911056280136,inf,16.835573196411133,0.003310263156890869
61143,nan,0.17695821821689606,inf,8.660128593444824,4.925693988800049
61289,nan,-0.13836464285850525,inf,25.986425399780273,-7.629394644936838e-07
61316,nan,0.6101071834564209,inf,3.98063063621521,12.75644588470459
61318,nan,0.1275307983160019,inf,7.1503190994262695,9.597918510437012
61348,nan,-0.06508632749319077,inf,7.41522216796875,3.726468324661255
61351,nan,-0.13832323253154755,inf,15.228423118591309,0.00022984742827247828
61419,nan,-0.08580075949430466,inf,11.691033363342285,1.6813362836837769
61439,nan,-0.04979708045721054,inf,9.53398323059082,0.6930455565452576
61452,nan,-0.13833382725715637,inf,16.39826774597168,0.0004973888280801475
61462,nan,-0.13835880160331726,inf,18.380008697509766,0.0003505706845317036
61468,nan,-0.1383707970380783,inf,16.231531143188477,-0.0003262519894633442
61478,nan,-0.14662306010723114,inf,15.211897850036621,-0.18837915360927582
61501,nan,-0.1370481699705124,inf,11.851431846618652,0.04956016689538956
61506,nan,-0.13610883057117462,inf,10.87272834777832,0.03801751136779785
61518,nan,-0.13831956684589386,inf,14.476068496704102,0.0019455194706097245
61522,nan,-0.13835816085338593,inf,17.20926856994629,0.0003495693381410092
61527,nan,-0.13889367878437042,inf,18.491392135620117,-0.017250394448637962
61556,nan,-0.12826727330684662,inf,12.02812385559082,0.1900760680437088
61560,nan,-0.09413304179906845,inf,7.337210178375244,0.39047712087631226
61562,nan,-0.1383606493473053,inf,18.92206573486328,0.00010833740088855848
61570,nan,-0.13834059238433838,inf,15.943982124328613,0.0008625030750408769
61580,nan,-0.1438601016998291,inf,10.33207893371582,-0.15711179375648499
61672,nan,-0.13836494088172913,inf,27.77119255065918,-2.2792815798311494e-05
61679,nan,0.02798396907746792,inf,7.323705196380615,4.509059429168701
61728,nan,-0.13830526173114777,inf,13.300333976745605,0.002680158708244562
61736,nan,-0.138332799077034,inf,16.1084041595459,0.0020961761474609375
61764,nan,-0.11908929795026779,inf,8.984160423278809,0.7423600554466248
61826,nan,-0.15667645633220673,inf,7.1945953369140625,0.5955144762992859
61842,nan,-0.1375167816877365,inf,15.977803230285645,0.04560966417193413
61851,nan,-0.1319977343082428,inf,10.522611618041992,0.05382556840777397
61867,nan,-0.13836798071861267,inf,25.265291213989258,-0.00010986328561557457
61877,nan,-0.13454483449459076,inf,14.049346923828125,0.12752246856689453
61936,nan,-0.13509134948253632,inf,15.968342781066895,0.12552185356616974
61943,nan,-0.13826951384544373,inf,12.417642593383789,0.0038531303871423006
62002,nan,-0.1346248835325241,inf,12.419291496276855,0.13607735931873322
62086,nan,-0.13265188038349152,inf,8.51387882232666,0.18018007278442383
62196,nan,-0.13761302828788757,inf,8.29499340057373,-0.19694958627223969
62243,nan,-0.08861619979143143,inf,10.466315269470215,1.9881905317306519
62245,nan,0.04936591163277626,inf,5.108334064483643,6.435371398925781
62282,nan,0.7046346068382263,inf,4.009814739227295,30.76612663269043
62325,nan,-0.13835954666137695,inf,19.542593002319336,3.662109520519152e-05
62331,nan,-0.1172192320227623,inf,10.64449691772461,1.6855169534683228
62348,nan,-0.13797025382518768,inf,14.171996116638184,0.013939189724624157
62407,nan,-0.12444386631250381,inf,11.934958457946777,0.4570647180080414
62421,nan,-0.13826386630535126,inf,16.1176815032959,0.0032074034679681063
62459,nan,-0.11311279982328415,inf,8.935548782348633,0.4608825743198395
62487,nan,-0.13818323612213135,inf,14.525781631469727,0.0013535500038415194
62513,nan,0.091832235455513,inf,6.016581058502197,4.145614147186279
62585,nan,-0.07175121456384659,inf,11.131157875061035,1.0446521043777466
62593,nan,-0.13839593529701233,inf,17.02774429321289,-0.0010218620300292969
62643,nan,-0.13636401295661926,inf,9.320635795593262,0.05042986944317818
62691,nan,-0.13064444065093994,inf,8.83488941192627,0.24854254722595215
62749,nan,-0.13818597793579102,inf,16.6505184173584,0.004593658726662397
62756,nan,-0.13836152851581573,inf,19.4910945892334,0.000148773193359375
62781,nan,0.06852629780769348,inf,6.652411937713623,3.305665969848633
62789,nan,-0.13803736865520477,inf,13.024500846862793,0.011115074157714844
62847,nan,-0.138197660446167,inf,14.533034324645996,0.006421470548957586
62887,nan,-0.13784947991371155,inf,13.019902229309082,0.030000686645507812
62889,nan,-0.13768135011196136,inf,10.487067222595215,0.05368524417281151
62921,nan,-0.13429568707942963,inf,9.836952209472656,0.11158036440610886
62987,nan,-0.13764546811580658,inf,12.561163902282715,0.02440185658633709
62988,nan,0.581425666809082,inf,3.994875431060791,13.707243919372559
63075,nan,1.32008957862854,inf,3.9745452404022217,76.44058990478516
63105,nan,-0.1222863420844078,inf,15.63554859161377,0.5683335065841675
63106,nan,-0.13554269075393677,inf,13.251276016235352,0.17794160544872284
63118,nan,-0.13827043771743774,inf,17.533164978027344,0.0021936416160315275
63120,nan,-0.09210609644651413,inf,9.836149215698242,1.1534144878387451
63145,nan,-0.12383992969989777,inf,10.418871879577637,0.5701848864555359
63161,nan,-0.13831618428230286,inf,14.125152587890625,0.0019683837890625
63186,nan,-0.13833440840244293,inf,16.371671676635742,-0.0007331251981668174
63211,nan,-0.13827471435070038,inf,19.374792098999023,0.0035274506080895662
63224,nan,0.00512928469106555,inf,6.965346813201904,5.812252044677734
63244,nan,-0.13828735053539276,inf,13.286147117614746,0.0067865848541259766
63268,nan,-0.13836461305618286,inf,23.6582088470459,0.0
63294,nan,-0.10934992134571075,inf,9.43543529510498,2.11023211479187
63409,nan,-0.13358734548091888,inf,11.543304443359375,0.18728868663311005
63433,nan,-0.12761834263801575,inf,13.349517822265625,0.4244001507759094
63434,nan,-0.13892529904842377,inf,16.117637634277344,-0.019574547186493874
63438,nan,0.006516821216791868,inf,7.508978366851807,6.297298431396484
63449,nan,-0.1383385956287384,inf,18.193462371826172,0.0015130996471270919
63487,nan,-0.13605187833309174,inf,11.916850090026855,0.07166748493909836
63533,nan,-0.1366078406572342,inf,12.721766471862793,0.04905359819531441
63546,nan,-0.06840518862009048,inf,7.481224060058594,2.6329901218414307
63593,nan,-0.13835923373699188,inf,19.461278915405273,0.0002693176211323589
63609,nan,2.6711959838867188,inf,3.4927003383636475,105.17695617675781
63637,nan,-0.13819946348667145,inf,15.972975730895996,0.00905456580221653
63665,nan,-0.01830044388771057,inf,7.6953444480896,1.6366080045700073
63679,nan,-0.1382492482662201,inf,15.543562889099121,0.0021628381218761206
63750,nan,0.6083843111991882,inf,5.04434871673584,13.572145462036133
63757,nan,-0.11472759395837784,inf,8.052852630615234,0.5082013010978699
63779,nan,-0.13834793865680695,inf,19.820476531982422,0.0004814148123841733
63904,nan,-0.13833212852478027,inf,17.266813278198242,0.0021818876266479492
63907,nan,-0.13489480316638947,inf,8.951430320739746,0.35301801562309265
63913,nan,-0.13835804164409637,inf,18.86144256591797,0.0004260122950654477
63914,nan,0.2695542573928833,inf,4.958611965179443,8.272122383117676
63945,nan,0.023173293098807335,inf,7.475213527679443,4.394333839416504
64005,nan,-0.13837020099163055,inf,15.52243709564209,-0.0005420685047283769
64048,nan,-0.1383620947599411,inf,18.34203338623047,0.0005250931135378778
64050,nan,-0.13472980260849,inf,8.711509704589844,0.13305895030498505
64060,nan,-0.10590342432260513,inf,8.505623817443848,1.0921283960342407
64064,nan,0.10440391302108765,inf,4.9058356285095215,8.914493560791016
64067,nan,-0.13836286962032318,inf,26.478178024291992,0.0001522064267192036
64107,nan,-0.1383231282234192,inf,14.935693740844727,0.0028448940720409155
64138,nan,-0.13790015876293182,inf,15.292891502380371,0.019582176581025124
64141,nan,-0.1381235271692276,inf,20.811370849609375,0.004447555635124445
64163,nan,0.6740326285362244,inf,3.2980639934539795,15.39836311340332
64181,nan,-0.13614581525325775,inf,15.811810493469238,0.07228865474462509
64222,nan,-0.07497581094503403,inf,10.346138000488281,2.1584317684173584
64304,nan,-0.022886555641889572,inf,10.017232894897461,2.7841720581054688
64313,nan,-0.1186862364411354,inf,8.820314407348633,0.7165336608886719
64371,nan,-0.1383725255727768,inf,11.705462455749512,-0.0010051786666736007
64384,nan,-0.11843603849411011,inf,13.760611534118652,0.5320020914077759
64396,nan,-0.1358783096075058,inf,10.235477447509766,0.09767279773950577
64397,nan,0.027877582237124443,inf,7.264983654022217,8.180925369262695
64407,nan,-0.13828708231449127,inf,16.977285385131836,0.0034313201904296875
64446,nan,-0.059839148074388504,inf,6.694779396057129,1.0009225606918335
64479,nan,-0.1337103545665741,inf,11.374496459960938,0.2525537610054016
64520,nan,-0.007218060549348593,inf,6.6422953605651855,1.3902242183685303
64531,nan,-0.13800585269927979,inf,11.945887565612793,0.02476801909506321
64547,nan,-0.13680802285671234,inf,12.047560691833496,0.04352588579058647
64569,nan,-0.09968285262584686,inf,9.775699615478516,0.21172285079956055
64570,nan,-0.06304892152547836,inf,7.453016757965088,2.4931604862213135
64602,nan,-0.13834643363952637,inf,15.51953125,0.0009389877668581903
64618,nan,0.20122507214546204,inf,4.72971248626709,7.51288366317749
64640,nan,-0.13804411888122559,inf,14.754521369934082,0.010572480969130993
64708,nan,-0.13836461305618286,inf,26.001697540283203,0.0
64713,nan,-0.13388592004776,inf,14.5220308303833,0.144561767578125
64719,nan,-0.10113149881362915,inf,7.0842790603637695,0.8771131634712219
64770,nan,-0.06411711126565933,inf,6.867044925689697,2.4454429149627686
64788,nan,-0.13836736977100372,inf,17.28138542175293,-7.24792471373803e-06
64830,nan,1.1275055408477783,inf,3.363431930541992,34.0974235534668
64856,nan,0.26595109701156616,inf,4.760359287261963,5.474118232727051
64871,nan,-0.13373343646526337,inf,10.733468055725098,0.12889371812343597
64891,nan,0.585281491279602,inf,4.913175582885742,26.637939453125
64945,nan,-0.1383626013994217,inf,23.040279388427734,0.0001312255917582661
64993,nan,-0.13694578409194946,inf,16.76201629638672,0.10161830484867096
65093,nan,-0.13825242221355438,inf,16.41523551940918,0.003603994846343994
65181,nan,-0.13835960626602173,inf,19.187578201293945,0.00015799402899574488
65201,nan,-0.020624391734600067,inf,6.679023265838623,1.6484997272491455
65217,nan,0.16817601025104523,inf,5.110271453857422,6.428050518035889
65258,nan,-0.13835656642913818,inf,16.548389434814453,0.00019216537475585938
65281,nan,-0.13833817839622498,inf,20.53255844116211,0.0007940292707644403
65282,nan,-0.1381414830684662,inf,15.68381404876709,0.00780410785228014
65288,nan,-0.13675124943256378,inf,10.636564254760742,0.025208283215761185
65311,nan,-0.1381758451461792,inf,13.628369331359863,0.013599300757050514
65366,nan,-0.13814599812030792,inf,14.378046989440918,0.00842361431568861
65379,nan,-0.13836461305618286,inf,28.341840744018555,0.0
65399,nan,-0.13422130048274994,inf,10.596992492675781,0.12949620187282562
65442,nan,-0.0707191675901413,inf,12.842520713806152,2.3768463134765625
65503,nan,-0.13834160566329956,inf,19.91436004638672,0.0009436130640096962
65516,nan,0.05445296689867973,inf,13.287150382995605,1.3123199939727783
65564,nan,-0.08511313050985336,inf,8.248377799987793,3.6963746547698975
65599,nan,-0.12224356085062027,inf,9.065512657165527,0.10712458938360214
65620,nan,0.24378077685832977,inf,5.393256664276123,14.620577812194824
65696,nan,-0.1374354362487793,inf,14.312311172485352,0.02341327629983425
65700,nan,-0.09194780141115189,inf,11.331175804138184,0.34755873680114746
65729,nan,-0.13816875219345093,inf,16.85276222229004,0.006953716278076172
65770,nan,-0.09695228189229965,inf,14.750398635864258,0.667193591594696
65784,nan,-0.1371401995420456,inf,13.008715629577637,0.0410066619515419
65796,nan,-1.5873461961746216e-05,inf,8.343620300292969,4.4760589599609375
65827,nan,-0.06640833616256714,inf,10.660969734191895,2.7456042766571045
65846,nan,-0.09346236288547516,inf,8.982699394226074,1.8486340045928955
65862,nan,-0.1363457292318344,inf,12.438600540161133,0.06430463492870331
65883,nan,-0.05900358036160469,inf,7.002499580383301,0.7449100613594055
65900,nan,-0.1254402995109558,inf,7.278833866119385,0.8498364686965942
65921,nan,0.23202581703662872,inf,9.411032676696777,11.102815628051758
65923,nan,-0.1383584439754486,inf,17.726909637451172,0.00023293495178222656
65946,nan,-0.13459739089012146,inf,14.026715278625488,0.12039335072040558
65977,nan,-0.13836027681827545,inf,16.61282730102539,-0.00013685226440429688
66001,nan,-0.1383121907711029,inf,16.405437469482422,0.0017143249278888106
66039,nan,-0.13668358325958252,inf,10.528376579284668,0.05381796509027481
66053,nan,-0.09156923741102219,inf,10.348917007446289,1.4862464666366577
66069,nan,-0.11419656127691269,inf,12.127615928649902,0.6036612391471863
66075,nan,-0.10853493213653564,inf,8.270297050476074,1.052440881729126
66107,nan,-0.13833583891391754,inf,17.724212646484375,0.001273346017114818
66130,nan,-0.13230611383914948,inf,14.588168144226074,0.16976599395275116
66198,nan,-0.13831827044487,inf,13.850712776184082,0.0011631966335698962
66205,nan,-0.12000515311956406,inf,10.825834274291992,0.6022829413414001
66228,nan,-0.13834437727928162,inf,14.65471363067627,0.002140522003173828
66245,nan,-0.13448195159435272,inf,9.812841415405273,0.04651005193591118
66262,nan,2.455143451690674,inf,3.3825504779815674,69.37371063232422
66313,nan,-0.13820435106754303,inf,20.387531280517578,0.01994624175131321
66314,nan,0.10261199623346329,inf,5.1408610343933105,6.752055644989014
66359,nan,-0.1383495032787323,inf,21.522972106933594,0.0010623931884765625
66378,nan,-0.13961778581142426,inf,11.342844009399414,-0.005960291717201471
66427,nan,-0.13225781917572021,inf,9.672755241394043,0.224806547164917
66433,nan,-0.1421552151441574,inf,15.534031867980957,-0.04822397232055664
66442,nan,-0.1376422792673111,inf,16.272172927856445,0.01771106757223606
66458,nan,-0.14269502460956573,inf,8.997397422790527,0.29911327362060547
66519,nan,0.28843095898628235,inf,5.234367847442627,6.241014003753662
66573,nan,-0.13830888271331787,inf,16.98761558532715,0.0005342483636923134
66581,nan,-0.13783031702041626,inf,12.3711519241333,0.08297248184680939
66613,nan,-0.13833557069301605,inf,18.757352828979492,0.0009757995721884072
66632,nan,-0.09669240564107895,inf,8.012839317321777,1.3517454862594604
66804,nan,-0.13829399645328522,inf,20.228986740112305,0.002313804579898715
66844,nan,-0.12889084219932556,inf,8.19365119934082,0.21009087562561035
66881,nan,-0.1320611536502838,inf,10.682765007019043,0.10523815453052521
66884,nan,-0.13799072802066803,inf,13.15054988861084,0.014885378070175648
66893,nan,-0.1198294535279274,inf,12.422930717468262,0.17383277416229248
66949,nan,-0.09592463076114655,inf,10.821660995483398,1.039641261100769
66954,nan,-0.12136723846197128,inf,13.387475967407227,0.45674973726272583
66955,nan,-0.13835029304027557,inf,21.804304122924805,0.000982093857601285
66968,nan,-0.13512931764125824,inf,12.331212997436523,0.199689581990242
66973,nan,-0.025822145864367485,inf,5.016348361968994,1.1078530550003052
67008,nan,-0.10332740843296051,inf,8.9215669631958,1.1397122144699097
67047,nan,-0.048697080463171005,inf,6.13912296295166,1.6950323581695557
67074,nan,-0.10040511935949326,inf,7.371971130371094,1.172948956489563
67098,nan,-0.08539389073848724,inf,8.94505786895752,0.26059243083000183
67113,nan,-0.13837142288684845,inf,15.785284996032715,0.0010570526355877519
67157,nan,0.642159640789032,inf,2.535734176635742,16.115177154541016
67225,nan,-0.1383032500743866,inf,13.721223831176758,0.00264568324200809
67298,nan,-0.137127086520195,inf,10.959917068481445,0.06099987030029297
67306,nan,-0.1378968507051468,inf,11.155542373657227,0.005543041508644819
67346,nan,-0.11890679597854614,inf,10.400362014770508,0.35814905166625977
67358,nan,-0.1283910721540451,inf,11.394362449645996,0.5741941332817078
67394,nan,-0.1341230273246765,inf,17.349323272705078,0.16755123436450958
67400,nan,-0.13836269080638885,inf,24.425762176513672,9.460449655307457e-05
67422,nan,-0.13796326518058777,inf,17.972484588623047,0.017136765643954277
67483,nan,0.04632660374045372,inf,8.404257774353027,4.390657424926758
67495,nan,-0.03738732263445854,inf,5.70655632019043,2.409419298171997
67560,nan,-0.12692797183990479,inf,9.131104469299316,0.42840033769607544
67566,nan,-0.138361394405365,inf,19.288307189941406,8.478164818370715e-05
67574,nan,-0.08922358602285385,inf,8.346243858337402,2.1072661876678467
67591,nan,-0.1373184472322464,inf,12.287556648254395,0.02661151997745037
67611,nan,-0.10260921716690063,inf,8.18017292022705,0.619924008846283
67614,nan,-0.13780532777309418,inf,12.399375915527344,0.009241270832717419
67662,nan,-0.1383543312549591,inf,20.8917293548584,0.0003426551993470639
67667,nan,1.6374025344848633,inf,2.6103224754333496,45.3681526184082
67674,nan,-0.14011511206626892,inf,15.611128807067871,-0.05819439888000488
67684,nan,-0.12035639584064484,inf,9.188530921936035,0.5657274723052979
67688,nan,-0.04742632061243057,inf,10.027641296386719,3.3368873596191406
67807,nan,-0.13683325052261353,inf,11.498583793640137,0.041199684143066406
67823,nan,-0.1611872762441635,inf,8.900517463684082,0.107774518430233
67833,nan,0.00027078186394646764,inf,6.005275726318359,2.6363308429718018
67837,nan,-0.13806813955307007,inf,11.889422416687012,0.008310985751450062
67864,nan,-0.13573460280895233,inf,12.300750732421875,0.17719364166259766
67868,nan,0.6992200613021851,inf,3.557866334915161,18.813135147094727
67881,nan,-0.138346329331398,inf,21.499271392822266,0.000927829765714705
67886,nan,-0.13811957836151123,inf,13.791664123535156,0.0075851441361010075
67931,nan,-0.10457073897123337,inf,6.813421726226807,0.4638800621032715
68006,nan,-0.1099005863070488,inf,9.127927780151367,0.682953417301178
68037,nan,-0.13756713271141052,inf,14.906379699707031,0.008288812823593616
68120,nan,-0.12488217651844025,inf,15.005681037902832,0.4332856237888336
68153,nan,1.7099310159683228,inf,3.6965560913085938,54.04842758178711
68182,nan,-0.13836455345153809,inf,24.5473575592041,2.28881845032447e-06
68197,nan,-0.02096504345536232,inf,6.010366916656494,1.9273719787597656
68256,nan,-0.13793396949768066,inf,12.216785430908203,0.013480949215590954
68289,nan,-0.13830940425395966,inf,13.939872741699219,0.0034799338318407536
68296,nan,0.5511214137077332,inf,4.700636386871338,16.9254207611084
68336,nan,-0.11580783128738403,inf,10.91333293914795,0.939267098903656
68416,nan,0.0800546184182167,inf,6.970130920410156,3.7243154048919678
68441,nan,-0.13854151964187622,inf,13.888079643249512,-0.005426597781479359
68480,nan,-0.0003534328134264797,inf,6.045474529266357,3.869194746017456
68485,nan,-0.13836555182933807,inf,22.05757713317871,-3.838539123535156e-05
68490,nan,-0.08424272388219833,inf,7.827441692352295,2.2331504821777344
68514,nan,-0.13836069405078888,inf,19.878076553344727,0.00019149780564475805
68529,nan,-0.13783642649650574,inf,13.738688468933105,0.02314634434878826
68629,nan,-0.138368159532547,inf,20.811922073364258,-0.00011212826211703941
68702,nan,-0.13836242258548737,inf,21.277387619018555,8.559226989746094e-05
68731,nan,-0.12767648696899414,inf,10.864242553710938,0.39191991090774536
68743,nan,-0.11235413700342178,inf,4.232804775238037,-0.3486284911632538
68799,nan,-0.13675722479820251,inf,12.871176719665527,0.05281653627753258
68825,nan,-0.1323351263999939,inf,10.22909164428711,0.3185316026210785
68829,nan,-0.23834340274333954,inf,6.021749019622803,-2.5381312370300293
68852,nan,-0.13562820851802826,inf,11.588142395019531,0.1020381972193718
68864,nan,0.37930795550346375,inf,4.728332996368408,11.984001159667969
68868,nan,-0.13371184468269348,inf,10.331348419189453,0.13036394119262695
68878,nan,-0.13836458325386047,inf,20.81205940246582,3.814697322468419e-07
68886,nan,0.23423896729946136,inf,6.866710186004639,11.16041088104248
68889,nan,1.658961296081543,inf,4.8019208908081055,40.393348693847656
68898,nan,0.1153041273355484,inf,3.5043957233428955,3.2710983753204346
68933,nan,0.8582625389099121,inf,3.6948704719543457,30.460681915283203
68989,nan,-0.015164791606366634,inf,10.181188583374023,0.3556364178657532
69009,nan,-0.1383604109287262,inf,21.136993408203125,0.00016489029803778976
69041,nan,1.0280293226242065,inf,5.669485092163086,28.567346572875977
69103,nan,-0.0025630078744143248,inf,7.092772960662842,3.705106735229492
69146,nan,-0.13836342096328735,inf,21.153661727905273,6.256103370105848e-05
69150,nan,-0.13832184672355652,inf,15.409367561340332,0.002397727919742465
69151,nan,-0.13821852207183838,inf,13.051918029785156,0.0061798095703125
69173,nan,0.05365169048309326,inf,9.890095710754395,5.286476135253906
69203,nan,2.94329833984375,inf,1.0762697458267212,66.99090576171875
69207,nan,-0.1305927187204361,inf,12.059090614318848,0.17767544090747833
69284,nan,0.21673591434955597,inf,3.8765408992767334,6.1122050285339355
69308,nan,-0.13790744543075562,inf,20.637920379638672,0.01263504009693861
69349,nan,-0.13778506219387054,inf,11.494275093078613,-0.0012598037719726562
69365,nan,-0.13836516439914703,inf,20.47307586669922,-2.784729076665826e-05
69368,nan,-0.13833211362361908,inf,22.228240966796875,0.001283931778743863
69391,nan,0.5093153119087219,inf,4.292625427246094,9.342215538024902
69399,nan,-0.13832269608974457,inf,20.050336837768555,0.000785446201916784
69418,nan,-0.13755664229393005,inf,17.408870697021484,0.03332390636205673
69452,nan,-0.13607089221477509,inf,12.366545677185059,0.11808586120605469
69461,nan,-0.13779519498348236,inf,11.307034492492676,0.014964151196181774
69537,nan,-0.13836075365543365,inf,17.869504928588867,0.0002061843842966482
69558,nan,0.23874099552631378,inf,3.896027088165283,13.915796279907227
69584,nan,-0.13836485147476196,inf,21.05658531188965,-6.031990324117942e-06
69593,nan,-0.13834717869758606,inf,18.64283561706543,0.0006456375122070312
69616,nan,-0.13645802438259125,inf,11.701265335083008,0.056027986109256744
69628,nan,-0.13841979205608368,inf,18.586902618408203,-0.0007331371307373047
69634,nan,-0.10547181218862534,inf,8.936627388000488,1.682084321975708
69652,nan,-0.012491955421864986,inf,5.043604850769043,2.4301955699920654
69669,nan,-0.13829408586025238,inf,17.143144607543945,0.004118919372558594
69686,nan,-0.037524882704019547,inf,8.440823554992676,3.3558852672576904
69709,nan,0.22157347202301025,inf,4.752639293670654,7.494063854217529
69723,nan,-0.13810594379901886,inf,12.808801651000977,0.009703636169433594
69748,nan,0.0025794811081141233,inf,6.10039758682251,2.7121360301971436
69759,nan,-0.1383611112833023,inf,18.24787712097168,0.0002161502925446257
69771,nan,-0.137407585978508,inf,16.842422485351562,0.022846221923828125
69780,nan,-0.10669398307800293,inf,13.428885459899902,1.6129401922225952
69793,nan,-0.13824822008609772,inf,14.871533393859863,0.004146003630012274
69810,nan,-0.13833467662334442,inf,18.860755920410156,0.002103614853695035
69886,nan,-0.11588575690984726,inf,9.408358573913574,0.2477189600467682
69887,nan,-0.13800688087940216,inf,16.369173049926758,0.019499970600008965
69899,nan,-0.13836418092250824,inf,19.649150848388672,2.098083541568485e-06
69915,nan,2.131108045578003,inf,1.7490962743759155,45.6479377746582
69929,nan,-0.1383642703294754,inf,19.914735794067383,1.0585785275907256e-05
69933,nan,-0.010481305420398712,inf,6.590420722961426,2.515331745147705
69938,nan,-0.12636639177799225,inf,12.356731414794922,0.39907899498939514
69950,nan,-0.12482930719852448,inf,8.433813095092773,0.20542310178279877
69983,nan,-0.13763128221035004,inf,14.565057754516602,0.031401824206113815
69986,nan,0.010103761218488216,inf,6.502044677734375,3.732752561569214
69995,nan,-0.1376427710056305,inf,15.254602432250977,0.04034481197595596
70013,nan,-0.1382235288619995,inf,13.804883003234863,0.0029115676879882812
70023,nan,-0.1382962316274643,inf,17.504690170288086,0.002172183943912387
70030,nan,0.03965311124920845,inf,5.475565433502197,2.392476797103882
70043,nan,-0.13838036358356476,inf,13.396695137023926,-0.0010311127407476306
70050,nan,-0.008296990767121315,inf,4.810256481170654,3.824352741241455
70141,nan,-0.13712526857852936,inf,15.799426078796387,0.03495035693049431
70187,nan,-0.16019488871097565,inf,10.073158264160156,0.025906050577759743
70218,nan,5.99228048324585,inf,1.1737812757492065,101.85364532470703
70250,nan,-0.1375461369752884,inf,16.043249130249023,0.027569962665438652
70256,nan,0.2312953919172287,inf,5.074216842651367,7.314103603363037
70303,nan,-0.1383291482925415,inf,14.837859153747559,0.0024894922971725464
70329,nan,-0.1315925121307373,inf,9.49585247039795,0.19947825372219086
70416,nan,-0.13762016594409943,inf,12.618919372558594,0.026242448017001152
70428,nan,-0.10846640169620514,inf,10.016907691955566,1.0020822286605835
70483,nan,-0.13836443424224854,inf,29.531187057495117,1.296997106692288e-05
70485,nan,-0.13690021634101868,inf,13.258331298828125,0.04683199152350426
70511,nan,-0.13836570084095,inf,22.4077205657959,-2.136230432370212e-05
70515,nan,0.1941864937543869,inf,6.328625679016113,4.775069713592529
70523,nan,-0.13752882182598114,inf,10.314387321472168,-0.0013317108387127519
70525,nan,0.02744000218808651,inf,6.758930206298828,1.709916114807129
70559,nan,-0.1378970593214035,inf,12.5519437789917,0.021245909854769707
70585,nan,-0.13670162856578827,inf,17.750198364257812,0.05430562421679497
70595,nan,-0.12771479785442352,inf,10.231757164001465,0.13804063200950623
70638,nan,0.02396976202726364,inf,5.358380317687988,2.717829942703247
70664,nan,1.2880152463912964,inf,4.636729717254639,30.768157958984375
70752,nan,-0.13820110261440277,inf,12.877578735351562,0.002835178514942527
70767,nan,-0.1382468342781067,inf,13.017578125,0.004255509469658136
70775,nan,-0.1354014277458191,inf,19.490392684936523,0.21093177795410156
70820,nan,0.10445483028888702,inf,6.848028659820557,8.358017921447754
70830,nan,0.11597269773483276,inf,6.66309118270874,12.57294750213623
70876,nan,-0.13624468445777893,inf,13.786088943481445,0.06554718315601349
70906,nan,-0.13767117261886597,inf,13.867144584655762,0.026283908635377884
70914,nan,-0.13253146409988403,inf,16.899749755859375,0.4017297923564911
70937,nan,-0.13882511854171753,inf,15.57353687286377,-0.013808059506118298
70966,nan,0.10462291538715363,inf,5.818979740142822,2.34614634513855
71004,nan,-0.10594990104436874,inf,6.943562984466553,0.4658002555370331
71006,nan,-0.13836470246315002,inf,20.574960708618164,-2.4795533590804553e-06
71066,nan,-0.13153807818889618,inf,9.395750999450684,0.2588089108467102
71100,nan,-0.1350053995847702,inf,9.01523494720459,0.10147476196289062
71101,nan,-0.1334196925163269,inf,9.932503700256348,0.13657598197460175
71116,nan,0.5614790320396423,inf,2.75596284866333,18.19217300415039
71128,nan,-0.13835184276103973,inf,17.342130661010742,0.0004308462084736675
71130,nan,-0.13835494220256805,inf,22.865447998046875,0.0007026672246865928
71136,nan,-0.1505805253982544,inf,5.450286388397217,0.8634857535362244
71208,nan,0.14052021503448486,inf,6.469642162322998,8.4247465133667
71233,nan,-0.1294672042131424,inf,10.025595664978027,0.31886449456214905
71236,nan,1.0816771984100342,inf,3.216876745223999,43.713165283203125
71269,nan,-0.138399139046669,inf,18.52349090576172,-0.0011533737415447831
71300,nan,0.09286315739154816,inf,8.566205024719238,8.412086486816406
71357,nan,-0.13831192255020142,inf,18.880802154541016,0.0012335062492638826
71417,nan,1.143816590309143,inf,2.6400182247161865,15.588025093078613
71453,nan,-0.13818107545375824,inf,15.207605361938477,0.007278823759406805
71556,nan,-0.0770164504647255,inf,8.78946590423584,1.9689592123031616
71586,nan,-0.1142696738243103,inf,9.196974754333496,2.090252637863159
71673,nan,-0.011103834956884384,inf,7.900912761688232,7.695960998535156
71706,nan,-0.12082567065954208,inf,8.559507369995117,0.7226874232292175
71719,nan,-0.007545787375420332,inf,6.840859413146973,3.4380996227264404
71733,nan,0.3865196406841278,inf,7.877060890197754,7.11083984375
71748,nan,-0.09908919781446457,inf,8.169331550598145,1.679270625114441
71783,nan,-0.1343711018562317,inf,12.299276351928711,0.24873533844947815
71789,nan,-0.1383630782365799,inf,17.570674896240234,5.004406193620525e-05
71823,nan,-0.10097479820251465,inf,8.575274467468262,1.2516895532608032
71832,nan,-0.1379501223564148,inf,13.691906929016113,0.01699199713766575
71864,nan,-0.13811974227428436,inf,16.982952117919922,0.0025943757500499487
71900,nan,-0.13825973868370056,inf,15.43177318572998,0.003558909986168146
71936,nan,-0.13835637271404266,inf,16.261693954467773,0.00029087066650390625
71959,nan,0.05809907242655754,inf,6.249207973480225,11.504904747009277
71992,nan,-0.14632032811641693,inf,10.325736999511719,-0.13413162529468536
71994,nan,-0.056215669959783554,inf,9.14709758758545,2.9251158237457275
72028,nan,-0.133967325091362,inf,12.137967109680176,0.26332399249076843
72078,nan,-0.03627225011587143,inf,6.8575758934021,2.722968339920044
72118,nan,-0.1082061305642128,inf,9.690503120422363,0.8167404532432556
72133,nan,1.2733993530273438,inf,3.2257962226867676,27.5582218170166
72203,nan,-0.13400493562221527,inf,11.929569244384766,0.14946556091308594
72253,nan,-0.13829971849918365,inf,18.842884063720703,0.0006797790410928428
72336,nan,0.07161104679107666,inf,5.46026086807251,6.3856096267700195
72337,nan,-0.13472618162631989,inf,8.219951629638672,0.1533500701189041
72340,nan,-0.1791684925556183,inf,6.274447917938232,-0.15975351631641388
72366,nan,-0.13862210512161255,inf,9.271689414978027,-0.012983632273972034
72367,nan,-0.13780978322029114,inf,13.669273376464844,0.02068476751446724
72389,nan,-0.10452373325824738,inf,10.123396873474121,1.3146454095840454
72533,nan,-0.13830339908599854,inf,15.936665534973145,0.004412412643432617
72534,nan,-0.13825684785842896,inf,19.522789001464844,0.007553863804787397
72572,nan,-0.13835842907428741,inf,14.983813285827637,0.00018577575974632055
72580,nan,0.019426444545388222,inf,7.210753917694092,8.235627174377441
72604,nan,-0.13086898624897003,inf,9.720290184020996,0.27168262004852295
72631,nan,-0.1383649855852127,inf,18.06020164489746,4.5347213017521426e-05
72661,nan,0.3831203877925873,inf,5.345852851867676,14.475455284118652
72693,nan,0.595786988735199,inf,4.539622783660889,6.529612064361572
72727,nan,-0.1387423425912857,inf,16.073774337768555,-0.02370276488363743
72740,nan,-0.13702671229839325,inf,15.608675956726074,0.03149719163775444
72762,nan,-0.13758890330791473,inf,10.55066967010498,-0.006161523051559925
72791,nan,-0.1177569255232811,inf,8.122941970825195,0.7463188171386719
72796,nan,-0.13835598528385162,inf,18.574642181396484,0.00028066636878065765
72814,nan,-0.12864357233047485,inf,15.172711372375488,0.08086874336004257
72815,nan,-0.15099860727787018,inf,20.780454635620117,-0.4074161648750305
72845,nan,-0.13817816972732544,inf,14.984721183776855,0.011424827389419079
72873,nan,-0.12517021596431732,inf,8.324589729309082,0.9523624777793884
72887,nan,-0.1349288821220398,inf,9.125959396362305,0.13205471634864807
72892,nan,-0.11967611312866211,inf,9.758994102478027,0.4170450270175934
72945,nan,-0.13836605846881866,inf,28.976720809936523,-5.9413909184513614e-05
72964,nan,-0.07792394608259201,inf,9.27552318572998,1.5169999599456787
73038,nan,-0.11236879974603653,inf,11.126726150512695,0.7458170056343079
73164,nan,-0.2549678683280945,inf,5.398231029510498,-3.312912702560425
73246,nan,-0.03094487264752388,inf,4.7263054847717285,3.931152820587158
73254,nan,-0.13836286962032318,inf,21.4486026763916,3.929138256353326e-05
