train_idx,x_rm,y_a,d_raw,m_raw,a_raw
78,nan,-0.13926604390144348,inf,11.924410820007324,0.07373714447021484
79,nan,-0.14162252843379974,inf,17.21114158630371,0.008770609274506569
105,nan,0.2609894275665283,inf,4.3747076988220215,12.331747055053711
111,nan,-0.1300598531961441,inf,13.12785816192627,0.46757784485816956
151,nan,-0.08391444385051727,inf,7.019723415374756,1.3934046030044556
193,nan,-0.1417745053768158,inf,22.448169708251953,0.0016184330452233553
213,nan,0.17874246835708618,inf,6.518908977508545,6.898425579071045
250,nan,-0.1277763843536377,inf,9.723398208618164,0.40530911087989807
262,nan,-0.1403040736913681,inf,13.481767654418945,0.09866448491811752
277,nan,0.5220664739608765,inf,3.8261940479278564,24.212968826293945
305,nan,-0.14164265990257263,inf,18.599777221679688,0.009476430714130402
329,nan,-0.14066262543201447,inf,17.276153564453125,0.07768841087818146
467,nan,-0.13640406727790833,inf,12.564818382263184,0.1126159206032753
473,nan,-0.14178434014320374,inf,16.85088539123535,0.0007749557844363153
478,nan,1.4514316320419312,inf,2.8342912197113037,36.870643615722656
546,nan,-0.1403631567955017,inf,12.321623802185059,0.027222061529755592
555,nan,-0.12080059200525284,inf,11.690752983093262,0.6452391743659973
565,nan,1.867846131324768,inf,2.148787260055542,84.18743133544922
601,nan,-0.13689830899238586,inf,10.726938247680664,0.04744711145758629
613,nan,-0.13935768604278564,inf,7.302989482879639,0.24131503701210022
614,nan,-0.13349054753780365,inf,9.545129776000977,0.30172988772392273
616,nan,-0.13505414128303528,inf,11.07971477508545,0.05106964334845543
625,nan,-0.14146463572978973,inf,16.347929000854492,0.02255706861615181
673,nan,-0.14145977795124054,inf,14.357866287231445,0.016231823712587357
675,nan,1.096562147140503,inf,4.648129940032959,33.632965087890625
714,nan,1.308063268661499,inf,4.609170436859131,38.650753021240234
728,nan,0.07987067103385925,inf,3.673225164413452,8.882795333862305
733,nan,0.4428311288356781,inf,5.104842185974121,11.4054594039917
745,nan,-0.14170049130916595,inf,15.903193473815918,0.0029370447155088186
796,nan,-0.14253275096416473,inf,18.556596755981445,-0.01734405755996704
799,nan,-0.04659638553857803,inf,7.32867431640625,3.0403382778167725
806,nan,-0.13402359187602997,inf,8.919478416442871,0.17970557510852814
818,nan,0.3542732298374176,inf,5.2091569900512695,8.906889915466309
829,nan,-0.07618194073438644,inf,10.174177169799805,0.7744062542915344
864,nan,0.6627815961837769,inf,4.591553688049316,7.738037109375
889,nan,-0.14179977774620056,inf,14.053749084472656,0.0005262792110443115
908,nan,-0.05083397030830383,inf,6.402211666107178,4.02571439743042
920,nan,-0.13743039965629578,inf,14.323729515075684,0.19112233817577362
937,nan,-0.1418081521987915,inf,15.772468566894531,0.0002276897430419922
948,nan,-0.1398569792509079,inf,17.641271591186523,0.13493280112743378
994,nan,-0.14178070425987244,inf,16.57256507873535,0.0008513450738973916
1021,nan,-0.14119264483451843,inf,13.312601089477539,0.02591114118695259
1026,nan,-0.13658937811851501,inf,12.959434509277344,0.19567374885082245
1034,nan,-0.1308286041021347,inf,10.386853218078613,0.13833828270435333
1047,nan,-0.14182236790657043,inf,15.401376724243164,-0.0001825332728913054
1049,nan,-0.1301383227109909,inf,12.575972557067871,0.19818630814552307
1076,nan,-0.14171190559864044,inf,17.368574142456055,0.003389549208804965
1151,nan,-0.05992002412676811,inf,6.115058898925781,0.7235355973243713
1156,nan,0.11191173642873764,inf,6.42473840713501,5.816728591918945
1168,nan,-0.07595204561948776,inf,4.948563575744629,1.6307766437530518
1185,nan,-0.1417859047651291,inf,19.45850372314453,0.000632429146207869
1218,nan,0.0340711809694767,inf,9.517390251159668,2.5697691440582275
1223,nan,-0.14179180562496185,inf,19.624359130859375,0.00015873908705543727
1235,nan,-0.10135568678379059,inf,8.400324821472168,1.2471545934677124
1278,nan,-0.14146602153778076,inf,15.920367240905762,0.007959713228046894
1286,nan,0.3034949004650116,inf,4.387658596038818,15.317204475402832
1303,nan,-0.14164459705352783,inf,14.6034517288208,0.004295635502785444
1350,nan,-0.03695865720510483,inf,7.839649200439453,2.3152260780334473
1387,nan,-0.14180278778076172,inf,17.424863815307617,3.6764144169865176e-05
1445,nan,-0.14179565012454987,inf,19.29164695739746,8.74519391800277e-05
1454,nan,-0.1412723958492279,inf,14.582951545715332,0.017602384090423584
1457,nan,-0.14190074801445007,inf,14.699536323547363,-0.0008807182312011719
1477,nan,-0.14180102944374084,inf,22.087881088256836,9.365082223666832e-05
1500,nan,0.5215988159179688,inf,4.482001781463623,15.5323486328125
1526,nan,-0.1393246054649353,inf,13.961756706237793,0.07141228020191193
1545,nan,-0.13907155394554138,inf,9.564801216125488,0.06847523897886276
1569,nan,-0.10340360552072525,inf,5.263771057128906,4.58063268661499
1617,nan,-0.14167310297489166,inf,16.21369743347168,0.0036155700217932463
1792,nan,-0.1423051506280899,inf,12.523265838623047,-0.012658885680139065
1806,nan,0.01027389895170927,inf,5.9334845542907715,3.2328107357025146
1808,nan,-0.14180399477481842,inf,15.652603149414062,0.0002949237823486328
1825,nan,-0.14179493486881256,inf,19.72563934326172,0.00018978118896484375
1869,nan,-0.14143285155296326,inf,13.7359619140625,0.014158439822494984
1928,nan,-0.14173011481761932,inf,15.90903377532959,0.003121662186458707
1961,nan,0.37768447399139404,inf,5.69880485534668,8.492140769958496
1986,nan,-0.13220727443695068,inf,17.194913864135742,0.6576231122016907
1993,nan,-0.13601362705230713,inf,12.813743591308594,0.3431635797023773
2039,nan,-0.14159612357616425,inf,13.064335823059082,0.012353516183793545
2056,nan,-0.13289451599121094,inf,9.589483261108398,0.27874240279197693
2091,nan,1.2710095643997192,inf,2.9721570014953613,25.006038665771484
2096,nan,-0.10401932150125504,inf,6.502774715423584,1.4742668867111206
2145,nan,-0.14173920452594757,inf,16.4746150970459,0.0024200440384447575
2176,nan,-0.1370311975479126,inf,9.082640647888184,0.18487627804279327
2269,nan,-0.1278352290391922,inf,11.588220596313477,0.41187402606010437
2276,nan,0.7729160785675049,inf,4.140537261962891,29.457401275634766
2280,nan,-0.14179810881614685,inf,22.751968383789062,4.5108794438419864e-05
2342,nan,0.2417522519826889,inf,3.9211819171905518,14.260396003723145
2346,nan,-0.14179876446723938,inf,35.7431526184082,0.0
2380,nan,-0.13912740349769592,inf,13.092782974243164,0.1900428831577301
2414,nan,-0.14097951352596283,inf,14.478816032409668,0.05710802227258682
2423,nan,-0.1417810171842575,inf,17.164100646972656,0.0010569572914391756
2448,nan,-0.14179852604866028,inf,19.766616821289062,1.0585785275907256e-05
2521,nan,-0.1393679976463318,inf,11.767601013183594,0.052682794630527496
2571,nan,-0.14059923589229584,inf,11.007018089294434,0.10712089389562607
2576,nan,1.4521106481552124,inf,2.9722483158111572,49.50164794921875
2600,nan,-0.1415022313594818,inf,13.2630033493042,0.013927650637924671
2653,nan,0.024879006668925285,inf,6.821689128875732,5.2904205322265625
2654,nan,-0.145743265748024,inf,13.401626586914062,-0.09676551818847656
2704,nan,-0.14037452638149261,inf,12.680750846862793,0.03203735500574112
2724,nan,-0.11759034544229507,inf,8.525331497192383,1.0509461164474487
2743,nan,1.0293176174163818,inf,4.041724681854248,37.909664154052734
2763,nan,-0.14266565442085266,inf,12.773850440979004,-0.042649246752262115
2843,nan,-0.137629434466362,inf,11.31390380859375,0.15511198341846466
2853,nan,-0.13754776120185852,inf,11.169842720031738,0.34197255969047546
2866,nan,-0.09060913324356079,inf,6.534002780914307,1.628412127494812
2889,nan,-0.14131979644298553,inf,13.221246719360352,0.01764688454568386
2908,nan,-0.13504022359848022,inf,12.891474723815918,0.17505379021167755
2909,nan,-0.13749119639396667,inf,12.033297538757324,0.15633432567119598
2912,nan,-0.13508540391921997,inf,13.418156623840332,0.4400692880153656
2945,nan,-0.14178559184074402,inf,17.874204635620117,0.0004531860467977822
2962,nan,-0.14183245599269867,inf,15.468238830566406,-0.0005041599506512284
2965,nan,-0.14179788529872894,inf,20.30805015563965,0.00012283325486350805
2995,nan,-0.1417887657880783,inf,19.410968780517578,0.0002573013480287045
3020,nan,-0.10244845598936081,inf,9.874427795410156,1.3717737197875977
3104,nan,-0.13698093593120575,inf,11.509759902954102,0.01619434356689453
3163,nan,-0.02206619456410408,inf,5.986510753631592,3.4164886474609375
3266,nan,-0.14102038741111755,inf,16.30830192565918,0.05216860771179199
3278,nan,-0.19675962626934052,inf,7.25344181060791,0.23662415146827698
3286,nan,-0.124947190284729,inf,8.866318702697754,0.25292232632637024
3297,nan,-0.12884078919887543,inf,9.254721641540527,0.4842309057712555
3357,nan,-0.06962305307388306,inf,7.194457530975342,2.0076990127563477
3475,nan,-0.14170168340206146,inf,14.634551048278809,0.004688167478889227
3478,nan,0.0801127627491951,inf,7.034771919250488,5.13091516494751
3579,nan,-0.14157210290431976,inf,15.17285442352295,0.009910965338349342
3580,nan,-0.1418163925409317,inf,15.05876350402832,-0.0005420685047283769
3589,nan,-0.14175601303577423,inf,17.862411499023438,0.0018547058571130037
3597,nan,-0.1384105235338211,inf,9.288073539733887,0.1166386604309082
3615,nan,-0.1264089196920395,inf,11.401740074157715,0.8828853964805603
3636,nan,-0.12371726334095001,inf,9.163673400878906,0.44297152757644653
3645,nan,-0.14180892705917358,inf,20.962167739868164,-0.0002554893435444683
3664,nan,-0.13508746027946472,inf,12.636343955993652,0.27056556940078735
3714,nan,-0.14138317108154297,inf,10.563923835754395,0.005355024244636297
3748,nan,-0.1383609175682068,inf,7.644738674163818,0.0642758384346962
3764,nan,-0.09248674660921097,inf,7.445193767547607,1.8162987232208252
3778,nan,-0.14338210225105286,inf,6.712896823883057,1.3254894018173218
3845,nan,-0.10793854296207428,inf,7.4818949699401855,1.437912106513977
3848,nan,-0.1286248117685318,inf,9.512473106384277,0.4156937599182129
3890,nan,-0.0821223184466362,inf,5.810834884643555,4.548518180847168
3916,nan,-0.1377323716878891,inf,9.757895469665527,0.15952835977077484
3933,nan,-0.14179782569408417,inf,21.688016891479492,3.3164025808218867e-05
3948,nan,-0.005779077764600515,inf,8.058485984802246,8.075552940368652
3969,nan,1.2016056776046753,inf,3.842400312423706,21.947813034057617
3980,nan,-0.0228580329567194,inf,7.540988922119141,1.3717457056045532
4018,nan,-0.1416798084974289,inf,12.718523979187012,0.003889715764671564
4067,nan,-0.1416081041097641,inf,18.256898880004883,0.012874603271484375
4068,nan,-0.1419166773557663,inf,18.84910011291504,-0.008187961764633656
4112,nan,-0.14010372757911682,inf,12.267858505249023,0.05317192152142525
4116,nan,-0.11244409531354904,inf,6.072189807891846,2.8696277141571045
4193,nan,-0.14010737836360931,inf,11.386344909667969,0.11276743561029434
4201,nan,-0.1358012855052948,inf,11.315347671508789,0.2320035994052887
4211,nan,2.924433469772339,inf,1.078171730041504,88.54743957519531
4222,nan,-0.1396963745355606,inf,11.797968864440918,0.06673307716846466
4268,nan,0.5670741200447083,inf,4.972731113433838,11.867471694946289
4391,nan,-0.0070661320351064205,inf,6.634494781494141,2.929734468460083
4402,nan,-0.1417335420846939,inf,24.44637107849121,0.0012668609851971269
4405,nan,0.9357157945632935,inf,3.557462692260742,28.86439323425293
4416,nan,-0.01752902939915657,inf,6.169040679931641,3.6927688121795654
4429,nan,-0.14164212346076965,inf,15.154036521911621,0.0059945108368992805
4433,nan,-0.1417735069990158,inf,15.259814262390137,0.0008289337274618447
4443,nan,-0.14167164266109467,inf,14.277478218078613,0.008042717352509499
4446,nan,-0.13867397606372833,inf,15.345664978027344,0.10546188801527023
4458,nan,-0.16023236513137817,inf,7.280595302581787,0.061046697199344635
4516,nan,-0.07846467941999435,inf,5.613759517669678,2.279850959777832
4525,nan,-0.1418973207473755,inf,18.5049991607666,-0.0022041499614715576
4635,nan,-0.1415220946073532,inf,12.330790519714355,0.00943679828196764
4674,nan,-0.14223967492580414,inf,11.50042724609375,-0.008864283561706543
4736,nan,-0.13315992057323456,inf,10.179072380065918,0.16219329833984375
4782,nan,-0.11265973001718521,inf,7.838165283203125,0.8261661529541016
4798,nan,-0.13893523812294006,inf,7.7221999168396,0.5315465927124023
4802,nan,-0.14171211421489716,inf,16.956083297729492,0.004236125852912664
4823,nan,-0.2893941104412079,inf,5.362319469451904,1.1947611570358276
4829,nan,-0.13894835114479065,inf,11.02891731262207,0.04361915588378906
4855,nan,-0.1417979747056961,inf,17.902456283569336,4.5029446482658386e-05
4918,nan,1.7224501371383667,inf,3.957612991333008,48.03866195678711
4976,nan,-0.14076004922389984,inf,11.436663627624512,-0.013801097869873047
5008,nan,-0.11749346554279327,inf,9.742637634277344,0.4925024211406708
5025,nan,0.7433741092681885,inf,4.85022497177124,30.317962646484375
5028,nan,-0.1363351196050644,inf,8.17789363861084,0.5088353753089905
5065,nan,-0.1386641561985016,inf,14.037752151489258,0.1428213119506836
5107,nan,0.7932525873184204,inf,4.8303303718566895,20.76267433166504
5134,nan,-0.12552188336849213,inf,10.178415298461914,0.44086095690727234
5178,nan,0.09759865701198578,inf,5.110301494598389,5.420934677124023
5180,nan,-0.14163151383399963,inf,14.388208389282227,0.012607002630829811
5229,nan,-0.14178204536437988,inf,16.61302947998047,0.0006069183582440019
5230,nan,-0.0712210163474083,inf,7.502754211425781,2.021831750869751
5235,nan,-0.13781054317951202,inf,14.844879150390625,0.17146740853786469
5243,nan,-0.0952266976237297,inf,7.540571689605713,0.6834482550621033
5293,nan,1.3626469373703003,inf,2.6801018714904785,46.058021545410156
5307,nan,-0.14141850173473358,inf,15.283477783203125,0.010883251205086708
5312,nan,-0.11727950721979141,inf,9.308063507080078,0.9682673811912537
5320,nan,-0.14175797998905182,inf,13.285234451293945,0.010052300058305264
5373,nan,-0.1243005022406578,inf,9.979813575744629,0.41956695914268494
5443,nan,0.008157818578183651,inf,6.008544921875,7.0192461013793945
5531,nan,-0.14060001075267792,inf,13.834540367126465,0.06758270412683487
5585,nan,-0.1417509913444519,inf,15.664596557617188,0.0027608871459960938
5626,nan,0.13633783161640167,inf,4.918625831604004,8.32850456237793
5640,nan,-0.14160491526126862,inf,13.291075706481934,0.03066234663128853
5648,nan,-0.14122116565704346,inf,12.177946090698242,0.02355518378317356
5675,nan,-0.008295991457998753,inf,5.0994696617126465,4.6844916343688965
5714,nan,-0.143266960978508,inf,11.105454444885254,-0.009407425299286842
5738,nan,4.674959182739258,inf,-0.5283141732215881,142.34912109375
5824,nan,-0.14179833233356476,inf,25.964096069335938,4.310607982915826e-05
5829,nan,0.4519321024417877,inf,4.724379539489746,7.676702976226807
5837,nan,-0.1096637174487114,inf,9.42263126373291,1.03378427028656
5839,nan,7.603433132171631,inf,3.372447967529297,122.9836654663086
5855,nan,-0.14177197217941284,inf,13.495587348937988,0.0025273323990404606
5857,nan,-0.1305384635925293,inf,10.988930702209473,0.3318798542022705
5863,nan,0.09082064032554626,inf,6.096228122711182,8.396029472351074
5907,nan,-0.08260274678468704,inf,7.75075626373291,0.9713801741600037
5913,nan,-0.0001689657656243071,inf,5.98634672164917,2.810777425765991
5943,nan,0.07009150087833405,inf,7.073023319244385,4.409480571746826
5999,nan,0.010193203575909138,inf,4.902781963348389,8.62236499786377
6036,nan,-0.14178822934627533,inf,16.445125579833984,0.0001222848950419575
6069,nan,-0.1427973061800003,inf,13.301318168640137,-0.02571285143494606
6092,nan,-0.14153599739074707,inf,15.115880012512207,0.014528274536132812
6130,nan,0.9200625419616699,inf,3.4171180725097656,29.420501708984375
6135,nan,-0.13979658484458923,inf,15.348947525024414,0.1393451690673828
6232,nan,-0.14127284288406372,inf,21.82847023010254,0.03422084078192711
6261,nan,-0.14249826967716217,inf,15.5693998336792,-0.01661357842385769
6319,nan,-0.12308114767074585,inf,13.265896797180176,0.6502715945243835
6347,nan,-0.14156417548656464,inf,10.807806968688965,0.09997854381799698
6377,nan,-0.13878755271434784,inf,11.704936981201172,0.12393224239349365
6380,nan,-0.14152871072292328,inf,16.22153091430664,0.011309432797133923
6384,nan,-0.1417907029390335,inf,20.845563888549805,0.0005462646367959678
6421,nan,-0.1416674703359604,inf,15.58646297454834,0.003913498017936945
6469,nan,-0.07819612324237823,inf,8.276595115661621,0.8236050605773926
6488,nan,-0.14513243734836578,inf,9.071414947509766,0.354731947183609
6546,nan,-0.13710139691829681,inf,15.304107666015625,0.0843178778886795
6573,nan,-0.14157256484031677,inf,14.762489318847656,0.0022754669189453125
6590,nan,-0.1433841437101364,inf,12.607078552246094,-0.02226543426513672
6612,nan,-0.15136578679084778,inf,10.990854263305664,-0.1062413677573204
6672,nan,-0.1417975276708603,inf,25.80421257019043,3.62396240234375e-05
6680,nan,-0.09333693236112595,inf,7.292344570159912,1.7163292169570923
6769,nan,-0.13420258462429047,inf,9.632094383239746,0.2089385986328125
6776,nan,-0.11487338691949844,inf,10.501402854919434,0.7649275660514832
6789,nan,-0.1302550584077835,inf,10.70942211151123,0.3412635922431946
6831,nan,-0.13005654513835907,inf,8.876083374023438,0.3937358856201172
6832,nan,1.642083764076233,inf,2.2773590087890625,44.73969268798828
6844,nan,-0.2824302315711975,inf,10.035482406616211,-3.7361855506896973
6864,nan,-0.051479436457157135,inf,9.132125854492188,1.9846035242080688
6943,nan,-0.13582675158977509,inf,12.374892234802246,0.03960619121789932
6952,nan,-0.042633164674043655,inf,7.0559282302856445,3.255039691925049
7024,nan,0.3427163064479828,inf,6.8334527015686035,7.231704235076904
7047,nan,-0.09374099969863892,inf,7.142116069793701,0.3341267704963684
7071,nan,-0.1358730047941208,inf,10.452364921569824,0.30319318175315857
7089,nan,0.6591247320175171,inf,6.248885154724121,39.4690055847168
7115,nan,0.08487725257873535,inf,7.305530071258545,8.190174102783203
7191,nan,-0.12725377082824707,inf,8.78366756439209,0.5217865109443665
7233,nan,-0.13399605453014374,inf,9.556070327758789,0.2738214433193207
7249,nan,-0.14179717004299164,inf,23.41450309753418,0.0001083731694961898
7258,nan,-0.14022023975849152,inf,13.466107368469238,0.06820354610681534
7287,nan,-0.14175893366336823,inf,17.287487030029297,0.0027516961563378572
7418,nan,0.25434616208076477,inf,4.571176052093506,13.152800559997559
7450,nan,-0.1269262731075287,inf,12.513032913208008,0.15766620635986328
7459,nan,-0.12431748956441879,inf,6.7815775871276855,2.299001693725586
7464,nan,-0.1417892426252365,inf,24.1616268157959,0.00066461565438658
7486,nan,-0.14128175377845764,inf,16.351530075073242,0.018248368054628372
7530,nan,-0.13789856433868408,inf,10.884224891662598,0.16972199082374573
7533,nan,-0.1417979598045349,inf,21.6790828704834,2.3651124138268642e-05
7548,nan,-0.141066774725914,inf,12.150318145751953,0.0150919733569026
7624,nan,-0.07518257945775986,inf,6.250637054443359,2.424736261367798
7693,nan,-0.14178124070167542,inf,17.057910919189453,0.00045719146146439016
7704,nan,-0.1271381378173828,inf,9.059735298156738,0.4200671315193176
7711,nan,-0.15669485926628113,inf,9.315707206726074,-0.49159082770347595
7745,nan,-0.14180290699005127,inf,17.420827865600586,-3.52382667188067e-05
7766,nan,0.1078387126326561,inf,5.570346355438232,7.558166027069092
7825,nan,-0.09935780614614487,inf,9.510114669799805,1.7214199304580688
7867,nan,-0.14144207537174225,inf,15.130058288574219,0.01227493304759264
7931,nan,-0.04732202738523483,inf,5.9008469581604,1.3137562274932861
7944,nan,-0.07740852236747742,inf,6.277947902679443,2.0835623741149902
8000,nan,-0.13237345218658447,inf,12.396906852722168,0.703891932964325
8001,nan,-0.14166544377803802,inf,15.258631706237793,0.008679747581481934
8051,nan,-0.13030458986759186,inf,9.029074668884277,0.3439455032348633
8056,nan,-0.13872036337852478,inf,10.398431777954102,0.08263788372278214
8104,nan,-0.14179907739162445,inf,18.606122970581055,1.2063980648235884e-05
8107,nan,0.5791481137275696,inf,5.986299991607666,31.640792846679688
8108,nan,-0.12487912178039551,inf,9.583308219909668,0.48236915469169617
8148,nan,-0.14183591306209564,inf,18.36083221435547,-0.0008794307941570878
8151,nan,-0.14166799187660217,inf,11.71059513092041,0.011544800363481045
8247,nan,0.2560347020626068,inf,4.89436674118042,5.233273506164551
8255,nan,-0.14004813134670258,inf,12.838935852050781,0.02206372655928135
8263,nan,-0.13455061614513397,inf,9.661739349365234,0.2224736511707306
8359,nan,-0.14167483150959015,inf,16.646530151367188,0.008490276522934437
8360,nan,-0.14181721210479736,inf,19.19757080078125,-0.00043261051177978516
8426,nan,-0.14179778099060059,inf,21.58724594116211,5.127191616338678e-05
8430,nan,0.3861783444881439,inf,4.479379653930664,22.329679489135742
8431,nan,-0.14135126769542694,inf,13.337213516235352,0.01692791096866131
8433,nan,-0.14086101949214935,inf,12.712889671325684,0.02584257163107395
8596,nan,-0.1417960375547409,inf,20.333932876586914,0.000141143798828125
8597,nan,-0.029624877497553825,inf,6.160838603973389,1.0658791065216064
8629,nan,-0.1409134566783905,inf,17.78944969177246,0.022687150165438652
8632,nan,-0.14180836081504822,inf,15.297171592712402,-0.00025501250638626516
8638,nan,-0.14082229137420654,inf,16.222429275512695,0.01578429900109768
8641,nan,-0.1411510556936264,inf,12.137202262878418,0.033138539642095566
8645,nan,-0.12859883904457092,inf,10.239336967468262,0.5898943543434143
8681,nan,-0.11887259781360626,inf,6.8483147621154785,1.760019302368164
8695,nan,-0.1417969912290573,inf,20.73551368713379,0.00040655137854628265
8700,nan,-0.14175812900066376,inf,17.005260467529297,0.00179548270534724
8709,nan,-0.1420246958732605,inf,10.103133201599121,0.021687794476747513
8758,nan,-0.1417636275291443,inf,16.860681533813477,0.0016464233631268144
8813,nan,-0.14170946180820465,inf,14.924234390258789,0.0074836271815001965
8821,nan,-0.015081912279129028,inf,5.011322975158691,5.3973612785339355
8823,nan,-0.12074537575244904,inf,9.584933280944824,0.7216993570327759
8834,nan,-0.14179088175296783,inf,17.50339698791504,0.00036678314791060984
8849,nan,-0.13975195586681366,inf,12.67669677734375,0.03610119968652725
8885,nan,0.5132108330726624,inf,4.160229206085205,16.977262496948242
8891,nan,0.24894078075885773,inf,6.2994585037231445,4.824208736419678
8897,nan,-0.1316513568162918,inf,10.290376663208008,0.35420989990234375
8908,nan,-0.1381087750196457,inf,11.381392478942871,0.0890260711312294
8912,nan,-0.125376358628273,inf,9.188780784606934,0.45447030663490295
8991,nan,-0.13231192529201508,inf,12.850638389587402,0.5055311918258667
8996,nan,-0.04982030391693115,inf,9.180400848388672,2.4374160766601562
9015,nan,-0.1403459906578064,inf,10.63265609741211,0.04237217828631401
9027,nan,-0.1413077414035797,inf,11.496617317199707,0.016916466876864433
9078,nan,-0.09303384274244308,inf,9.241050720214844,2.0204896926879883
9111,nan,-0.11311288177967072,inf,9.170419692993164,1.0820872783660889
9116,nan,-0.14199607074260712,inf,13.60184383392334,0.024434689432382584
9126,nan,-0.14126329123973846,inf,13.761980056762695,0.025073910132050514
9156,nan,-0.08886273205280304,inf,7.834517955780029,0.6489223837852478
9198,nan,-0.14179882407188416,inf,25.87876319885254,-1.5258789289873675e-06
9202,nan,-0.14176326990127563,inf,16.746540069580078,0.0013276099925860763
9231,nan,0.15494057536125183,inf,5.443003177642822,11.390070915222168
9264,nan,-0.14122506976127625,inf,14.114588737487793,0.02337733469903469
9337,nan,-0.14179597795009613,inf,23.73520278930664,0.0001884460507426411
9394,nan,-0.13939379155635834,inf,9.148224830627441,0.07196598500013351
9422,nan,1.4288294315338135,inf,3.2528655529022217,31.632246017456055
9475,nan,-0.12178845703601837,inf,9.058122634887695,0.7607458233833313
9489,nan,-0.12494403123855591,inf,9.789237022399902,0.8404082655906677
9495,nan,-0.12291977554559708,inf,9.783215522766113,0.42893391847610474
9510,nan,-0.14180558919906616,inf,22.944963455200195,-0.00015919208817649633
9516,nan,-0.05655437335371971,inf,8.680766105651855,3.4781410694122314
9547,nan,-0.14093410968780518,inf,12.70068645477295,0.03352174907922745
9564,nan,0.35078391432762146,inf,4.504573822021484,15.539813041687012
9613,nan,-0.13915066421031952,inf,13.848215103149414,0.1680769920349121
9626,nan,-0.14179876446723938,inf,25.290695190429688,0.0
9650,nan,-0.1418197900056839,inf,18.076091766357422,-0.0005313873407430947
9651,nan,-0.141427144408226,inf,11.28795337677002,0.003102254820987582
9662,nan,0.3533274829387665,inf,5.594817638397217,12.59823989868164
9688,nan,-0.14300648868083954,inf,10.91208267211914,0.20244446396827698
9694,nan,-0.14077141880989075,inf,14.05156135559082,0.035071469843387604
9711,nan,0.1629944145679474,inf,3.617323398590088,10.59836483001709
9763,nan,-0.06433679163455963,inf,7.874025821685791,1.296341061592102
9836,nan,-0.12028324604034424,inf,9.258540153503418,0.6636678576469421
9859,nan,-0.14181846380233765,inf,16.530920028686523,-0.0004151344473939389
9873,nan,-0.11323627084493637,inf,11.114200592041016,0.2414703369140625
9887,nan,-0.1415928304195404,inf,17.81459617614746,0.005495649762451649
9903,nan,0.10268145799636841,inf,6.449293613433838,9.096327781677246
9915,nan,-0.14168283343315125,inf,14.230900764465332,0.004884147550910711
10039,nan,0.03338998556137085,inf,5.91329288482666,6.640885353088379
10049,nan,-0.14176833629608154,inf,18.80659294128418,0.0021220208145678043
10052,nan,-0.14110974967479706,inf,12.161419868469238,0.017748309299349785
10088,nan,-0.14238932728767395,inf,14.421266555786133,-0.014520264230668545
10096,nan,-0.1404193490743637,inf,10.483964920043945,0.049906112253665924
10099,nan,12.222826957702637,inf,1.417183518409729,233.9423370361328
10197,nan,-0.1413554847240448,inf,14.191093444824219,0.01824045181274414
10241,nan,0.4289306700229645,inf,4.064339637756348,13.843602180480957
10309,nan,-0.14122487604618073,inf,16.458499908447266,0.020761633291840553
10376,nan,0.36313948035240173,inf,5.573089122772217,21.232357025146484
10392,nan,-0.14112542569637299,inf,13.536531448364258,0.025016332045197487
10438,nan,-0.14235174655914307,inf,10.860427856445312,-0.006426429841667414
10539,nan,-0.14218980073928833,inf,17.316614151000977,-0.029236603528261185
10583,nan,-0.13275176286697388,inf,10.593412399291992,0.2082352191209793
10586,nan,-0.03849334269762039,inf,7.224605083465576,3.1495931148529053
10635,nan,-0.1423032134771347,inf,10.070094108581543,0.12061826139688492
10658,nan,0.3646477460861206,inf,5.727636814117432,6.7498650550842285
10663,nan,-0.12927459180355072,inf,13.718193054199219,0.5423054099082947
10692,nan,-0.09122990816831589,inf,8.646907806396484,1.4715839624404907
10764,nan,-0.135062113404274,inf,10.51401424407959,0.09127731621265411
10777,nan,-0.12403048574924469,inf,7.040463924407959,0.22498662769794464
10781,nan,0.42819926142692566,inf,5.336414813995361,9.256124496459961
10895,nan,-0.14119014143943787,inf,16.82784080505371,0.020310496911406517
10918,nan,-0.1483808159828186,inf,10.580644607543945,-0.17990370094776154
10937,nan,-0.13773220777511597,inf,17.597169876098633,0.18054333329200745
10986,nan,0.2514527440071106,inf,4.951082229614258,18.443204879760742
10994,nan,-0.12528114020824432,inf,6.120471954345703,-0.04015674814581871
11010,nan,0.00493111927062273,inf,9.587882041931152,2.8472282886505127
11013,nan,-0.1417151242494583,inf,18.50635528564453,0.007421970367431641
11109,nan,-0.13774481415748596,inf,11.796674728393555,0.14197932183742523
11119,nan,-0.12741726636886597,inf,11.665264129638672,0.3929974138736725
11217,nan,-0.1417984813451767,inf,22.547863006591797,1.9836426872643642e-05
11302,nan,-0.1415930837392807,inf,15.83777904510498,0.0026765824295580387
11307,nan,-0.14178691804409027,inf,20.616844177246094,0.0006797790410928428
11332,nan,-0.13217352330684662,inf,12.64334774017334,0.6367584466934204
11353,nan,-0.14176562428474426,inf,15.424527168273926,0.0009375095251016319
11364,nan,-0.0712236687541008,inf,8.776122093200684,3.0567779541015625
11404,nan,-0.08535625040531158,inf,7.4737067222595215,1.52835214138031
11414,nan,0.4978031814098358,inf,3.0424952507019043,21.65803337097168
11463,nan,-0.14177531003952026,inf,19.44516944885254,0.0015960693126544356
11472,nan,-0.14170794188976288,inf,16.468585968017578,0.0038848877884447575
11475,nan,-0.14120598137378693,inf,15.474871635437012,0.019809866324067116
11478,nan,-0.13374187052249908,inf,10.519723892211914,0.2322719544172287
11489,nan,-0.5200660228729248,inf,3.4325363636016846,-9.625955581665039
11537,nan,-0.14172640442848206,inf,15.46446418762207,0.001738739083521068
11547,nan,-0.14180241525173187,inf,18.398550033569336,-7.905960228526965e-05
11600,nan,-0.1417657434940338,inf,18.02951431274414,0.0017416597111150622
11613,nan,-0.14179204404354095,inf,16.172117233276367,0.0002754211600404233
11624,nan,-0.09719350188970566,inf,10.288330078125,1.6118541955947876
11683,nan,-0.11559218168258667,inf,11.340665817260742,1.0509471893310547
11692,nan,1.6230909824371338,inf,3.1948776245117188,50.85457992553711
11738,nan,-0.1334487348794937,inf,8.877782821655273,0.16472220420837402
11748,nan,-0.1417950838804245,inf,20.92828941345215,0.0002288818359375
11774,nan,0.4531552493572235,inf,4.592141151428223,11.490781784057617
11794,nan,-0.1414717733860016,inf,14.135475158691406,0.03106985054910183
11820,nan,-0.10506768524646759,inf,7.98358678817749,1.941457986831665
11827,nan,-0.1378549188375473,inf,14.07768726348877,0.18130998313426971
11831,nan,-0.14176060259342194,inf,17.709692001342773,0.0026030540466308594
11929,nan,-0.1343178153038025,inf,11.648256301879883,0.34370356798171997
11976,nan,-0.14080999791622162,inf,19.509916305541992,0.06794357299804688
11986,nan,-0.13892041146755219,inf,7.6566009521484375,0.6804446578025818
12060,nan,-0.13399751484394073,inf,10.429834365844727,0.09689249843358994
12134,nan,-0.12726804614067078,inf,9.385998725891113,0.18595905601978302
12137,nan,0.3263823688030243,inf,4.98447847366333,21.148906707763672
12166,nan,0.5447377562522888,inf,4.708419322967529,26.459333419799805
12171,nan,-0.1546231359243393,inf,9.046278953552246,-0.022689057514071465
12181,nan,-0.13611942529678345,inf,10.89336109161377,0.15053577721118927
12182,nan,-0.16192501783370972,inf,9.965408325195312,-0.3508011996746063
12191,nan,0.007980328984558582,inf,6.700419902801514,5.403892517089844
12193,nan,-0.14186930656433105,inf,15.734315872192383,0.003948402591049671
12238,nan,-0.08005517721176147,inf,7.706535339355469,1.4427931308746338
12243,nan,-0.123627208173275,inf,7.862501621246338,1.126314401626587
12254,nan,-0.14175234735012054,inf,14.746005058288574,0.0023159028496593237
12259,nan,-0.1372910439968109,inf,10.211079597473145,0.07392149418592453
12262,nan,-0.14182256162166595,inf,16.46869468688965,-0.006572771351784468
12266,nan,-0.130885511636734,inf,8.781378746032715,0.4741467535495758
12276,nan,-0.14179864525794983,inf,23.722904205322266,1.068115216185106e-05
12304,nan,0.04087885096669197,inf,5.3273820877075195,7.544225215911865
12320,nan,-0.10278766602277756,inf,7.445984840393066,1.151131510734558
12326,nan,0.14942555129528046,inf,5.394881725311279,5.340585708618164
12332,nan,-0.14188870787620544,inf,13.905486106872559,-0.0020606040488928556
12335,nan,-0.11004620790481567,inf,8.969874382019043,1.3493003845214844
12351,nan,-0.14101926982402802,inf,12.557063102722168,0.0284289363771677
12376,nan,-0.12324352562427521,inf,9.121668815612793,0.6421488523483276
12385,nan,-0.1417704075574875,inf,17.81336212158203,0.0013179779052734375
12433,nan,-0.14171622693538666,inf,15.921136856079102,0.004318618681281805
12510,nan,-0.14179758727550507,inf,22.78958511352539,0.00013425351062323898
12540,nan,-0.12240739166736603,inf,7.240058898925781,0.5668675899505615
12557,nan,-0.1414790153503418,inf,14.460965156555176,0.021082092076539993
12574,nan,-0.14179158210754395,inf,24.128097534179688,0.00048828125
12576,nan,-0.14176295697689056,inf,18.005094528198242,0.0024854899384081364
12665,nan,-0.13503389060497284,inf,10.392928123474121,0.2536827027797699
12716,nan,-0.06816418468952179,inf,6.347406387329102,1.6771039962768555
12722,nan,-0.14179879426956177,inf,21.588708877563477,1.2397766795402276e-06
12734,nan,1.469610571861267,inf,2.0219342708587646,57.8944206237793
12747,nan,-0.14177437126636505,inf,21.425403594970703,0.0016614914638921618
12759,nan,0.08698222041130066,inf,5.076170921325684,6.9424333572387695
12768,nan,-0.14179961383342743,inf,24.51405906677246,-2.117157055181451e-05
12916,nan,-0.13672301173210144,inf,16.468278884887695,0.14448300004005432
12938,nan,-0.027073172852396965,inf,6.971595287322998,1.511283278465271
12949,nan,-0.14096932113170624,inf,11.794894218444824,0.03605842590332031
13001,nan,0.09236709773540497,inf,4.7892889976501465,8.281092643737793
13003,nan,-0.1366707980632782,inf,10.359786987304688,0.12239422649145126
13051,nan,-0.13911235332489014,inf,10.046167373657227,0.14159265160560608
13076,nan,-0.14147019386291504,inf,17.90788459777832,0.022359466180205345
13095,nan,-0.13889192044734955,inf,12.01027774810791,0.0866924300789833
13099,nan,-0.1228259950876236,inf,8.062933921813965,0.9290041327476501
13109,nan,0.1739339679479599,inf,4.793816089630127,6.435650825500488
13127,nan,-0.0449974350631237,inf,7.705742835998535,2.686208486557007
13131,nan,-0.13860078155994415,inf,12.633373260498047,0.10292194038629532
13150,nan,-0.07693172246217728,inf,5.881002902984619,2.4961721897125244
13259,nan,-0.14125046133995056,inf,15.310043334960938,0.04610023647546768
13290,nan,-0.011554558761417866,inf,7.774058818817139,2.1874470710754395
13312,nan,0.2171742022037506,inf,4.642189025878906,5.481895923614502
13383,nan,-0.09682588279247284,inf,9.522550582885742,1.2810498476028442
13414,nan,0.0693054124712944,inf,7.2835588455200195,6.657962322235107
13432,nan,-0.14165489375591278,inf,14.731770515441895,0.0034481287002563477
13436,nan,-0.1417865753173828,inf,19.749418258666992,0.0005310058477334678
13441,nan,-0.14123423397541046,inf,12.06006908416748,0.03458061441779137
13450,nan,0.37903276085853577,inf,4.442336559295654,22.68585777282715
13452,nan,-0.11106973141431808,inf,10.55974006652832,1.4176081418991089
13501,nan,-0.14150157570838928,inf,15.508417129516602,0.013730955310165882
13513,nan,-0.14132845401763916,inf,13.53288459777832,0.017638398334383965
13539,nan,-0.14071236550807953,inf,11.482436180114746,0.022715164348483086
13576,nan,-0.14182455837726593,inf,19.67340087890625,-0.0006843567243777215
13591,nan,0.38335147500038147,inf,3.450207233428955,17.279327392578125
13593,nan,-0.1367196887731552,inf,9.885961532592773,0.13415412604808807
13594,nan,-0.14111639559268951,inf,14.201888084411621,0.029479598626494408
13610,nan,-0.13277405500411987,inf,14.554875373840332,0.23420658707618713
13682,nan,-0.12378300726413727,inf,8.291418075561523,0.28930798172950745
13722,nan,-0.10644545406103134,inf,8.59765338897705,0.8052472472190857
13733,nan,-0.14175596833229065,inf,15.931182861328125,0.0037294388748705387
13746,nan,-0.1401543766260147,inf,12.647027015686035,0.09522130340337753
13784,nan,1.1174341440200806,inf,2.8578357696533203,36.47251510620117
13790,nan,-0.12394871562719345,inf,10.18138599395752,0.705110490322113
13829,nan,0.7904847264289856,inf,4.573318004608154,17.270578384399414
13839,nan,-0.14841507375240326,inf,8.435976028442383,-0.11925281584262848
13853,nan,-0.1419796198606491,inf,14.696476936340332,-0.004861641209572554
13868,nan,-0.14179924130439758,inf,18.751842498779297,0.00042858123197220266
13884,nan,-0.14174173772335052,inf,17.853120803833008,0.003331470536068082
13973,nan,-0.14080189168453217,inf,14.642572402954102,0.0055335997603833675
14029,nan,-0.14143429696559906,inf,11.788973808288574,0.006055688951164484
14055,nan,-0.14104679226875305,inf,12.75745677947998,0.04391879960894585
14074,nan,-0.25786009430885315,inf,5.636693000793457,-3.2393624782562256
14128,nan,0.07003314048051834,inf,6.289328098297119,6.724406719207764
14143,nan,-0.14006511867046356,inf,12.207951545715332,0.06759967654943466
14158,nan,0.11421175301074982,inf,4.1323676109313965,9.380443572998047
14174,nan,-0.14179159700870514,inf,15.450377464294434,0.0009955406421795487
14210,nan,-0.14665986597537994,inf,13.00830364227295,-0.1267377883195877
14288,nan,-0.14134173095226288,inf,12.810080528259277,0.020154094323515892
14337,nan,-0.14172491431236267,inf,16.625715255737305,0.0014713287819176912
14396,nan,-0.14178584516048431,inf,18.05048179626465,0.0008045434951782227
14442,nan,-0.045894984155893326,inf,8.865296363830566,2.9774057865142822
14466,nan,-0.1391926258802414,inf,11.507122993469238,0.10222034901380539
14467,nan,-0.14177678525447845,inf,19.130126953125,0.0012048721546307206
14600,nan,-0.14182434976100922,inf,16.95183753967285,-0.00038332940312102437
14677,nan,-0.14155633747577667,inf,13.596219062805176,0.011475229635834694
14708,nan,-0.06803639978170395,inf,7.007674694061279,2.231457233428955
14716,nan,-0.14174680411815643,inf,13.93077278137207,0.0024734975304454565
14801,nan,-0.14178921282291412,inf,18.279943466186523,0.00020866394334007055
14817,nan,0.735583484172821,inf,3.5918450355529785,24.297618865966797
14847,nan,-0.14176520705223083,inf,18.444686889648438,0.002313900040462613
14917,nan,-0.1415857970714569,inf,12.08300495147705,0.020237255841493607
15017,nan,-0.13793465495109558,inf,12.554705619812012,0.1678542196750641
15090,nan,1.2370840311050415,inf,4.693896293640137,27.9183349609375
15101,nan,0.5200383067131042,inf,4.756913661956787,18.145444869995117
15205,nan,-0.14247237145900726,inf,13.065164566040039,-0.0004352569521870464
15244,nan,2.211052179336548,inf,4.079661846160889,60.98879623413086
15278,nan,-0.1393072009086609,inf,10.940360069274902,0.09270717948675156
15325,nan,0.08298064768314362,inf,5.27948522567749,8.490324974060059
15385,nan,-0.14217840135097504,inf,11.927191734313965,-0.0031813860405236483
15396,nan,-0.14096809923648834,inf,11.165546417236328,0.03956155851483345
15468,nan,-0.18654142320156097,inf,7.2724833488464355,-0.8437851071357727
15476,nan,-0.14178045094013214,inf,22.23777961730957,0.0015003205044195056
15493,nan,-0.14181143045425415,inf,18.089107513427734,-0.0003509521484375
15608,nan,-0.14178942143917084,inf,24.584627151489258,0.0006500244489870965
15635,nan,-0.14171655476093292,inf,18.61000633239746,0.002375650452449918
15660,nan,-0.14178839325904846,inf,18.017179489135742,0.00047359467134810984
15676,nan,-0.14175836741924286,inf,17.634214401245117,0.0010934829479083419
15689,nan,-0.13219676911830902,inf,8.009029388427734,0.17651528120040894
15712,nan,0.21900808811187744,inf,5.926167011260986,5.5375847816467285
15716,nan,-0.13759198784828186,inf,12.340699195861816,0.14357610046863556
15730,nan,-0.14179544150829315,inf,21.19929313659668,0.0002189636288676411
15732,nan,-0.14176152646541595,inf,16.118547439575195,0.0002803802490234375
15750,nan,-0.11773574352264404,inf,14.729545593261719,0.5287286639213562
15779,nan,-0.14178501069545746,inf,18.624242782592773,0.0006251350278034806
15864,nan,-0.14164768159389496,inf,15.6311616897583,0.010185050778090954
15907,nan,-0.1170693039894104,inf,11.033340454101562,1.5409611463546753
15915,nan,0.5857266187667847,inf,4.750871181488037,24.866235733032227
15991,nan,0.16569431126117706,inf,5.3393073081970215,5.298797607421875
16169,nan,-0.10851708799600601,inf,5.515954494476318,1.380979061126709
16188,nan,-0.14074094593524933,inf,11.584785461425781,0.023172950372099876
16218,nan,-0.1417407989501953,inf,13.429618835449219,0.006273079197853804
16224,nan,0.6907750368118286,inf,4.875372409820557,37.60957717895508
16232,nan,-0.1417652815580368,inf,15.356531143188477,0.0010694504017010331
16279,nan,0.2123648226261139,inf,5.762450218200684,8.844856262207031
16304,nan,-0.14185261726379395,inf,13.865656852722168,0.011344385333359241
16330,nan,-0.14179812371730804,inf,18.966720581054688,3.890991138177924e-05
16363,nan,-0.0970342606306076,inf,7.232370853424072,0.7046377658843994
16378,nan,-0.1416642963886261,inf,13.245475769042969,0.00505485525354743
16395,nan,-0.13833622634410858,inf,10.670123100280762,0.11790251731872559
16409,nan,-0.144376739859581,inf,10.517191886901855,-0.07420463860034943
16426,nan,-0.05260225757956505,inf,9.062676429748535,5.355024814605713
16448,nan,-0.14179876446723938,inf,37.77193069458008,0.0
16453,nan,-0.14179059863090515,inf,25.819204330444336,0.0005574226379394531
16465,nan,-0.1415167897939682,inf,15.48228645324707,0.013227224349975586
16467,nan,-0.07286753505468369,inf,7.584535121917725,2.4006192684173584
16496,nan,-0.14179687201976776,inf,22.68214225769043,0.00012836456880904734
16561,nan,-0.14182841777801514,inf,17.19350814819336,-0.00023944377608131617
16589,nan,-0.09332563728094101,inf,6.186603546142578,0.721692681312561
16618,nan,-0.1295003741979599,inf,8.9509916305542,0.2958627939224243
16642,nan,0.08071984350681305,inf,7.764510631561279,7.40911865234375
16650,nan,-0.14174745976924896,inf,17.26642417907715,0.0026433945167809725
16652,nan,-0.14178432524204254,inf,17.25136375427246,0.0005526542663574219
16729,nan,0.6250885128974915,inf,3.261843204498291,17.07299041748047
16758,nan,-0.09802965819835663,inf,8.313122749328613,0.7164320945739746
16783,nan,-0.14118897914886475,inf,17.449560165405273,0.02673625946044922
16789,nan,-0.14199666678905487,inf,13.457931518554688,-0.003652882529422641
16792,nan,-0.13999880850315094,inf,13.423158645629883,0.15415839850902557
16804,nan,-0.14179663360118866,inf,18.343311309814453,0.00012922286987304688
16812,nan,-0.10310164839029312,inf,9.816009521484375,0.41528090834617615
16871,nan,-0.13587991893291473,inf,11.19611644744873,0.1801433563232422
16884,nan,-0.14218765497207642,inf,11.067687034606934,-0.005841732025146484
16889,nan,-0.0957702249288559,inf,8.45923900604248,2.3817050457000732
16891,nan,-0.14179104566574097,inf,17.58677864074707,0.0009214043966494501
17009,nan,-0.14193439483642578,inf,10.559447288513184,-0.01050314586609602
17015,nan,0.09056827425956726,inf,7.807570934295654,13.986380577087402
17049,nan,-0.11920291185379028,inf,10.20398998260498,1.478458046913147
17063,nan,-0.14173109829425812,inf,16.095094680786133,0.0027205466758459806
17067,nan,-0.1396738737821579,inf,11.584582328796387,0.07544462382793427
17082,nan,-0.1268598586320877,inf,13.489320755004883,0.6554860472679138
17102,nan,-0.1068957969546318,inf,8.664237976074219,1.2475537061691284
17109,nan,-0.12848509848117828,inf,15.640353202819824,0.6693841218948364
17131,nan,-0.14127783477306366,inf,12.533515930175781,0.026627732440829277
17152,nan,-0.14179573953151703,inf,22.42031478881836,0.00021476745314430445
17175,nan,-0.1418047845363617,inf,17.280052185058594,-0.00011177063424838707
17176,nan,-0.14165905117988586,inf,14.277320861816406,0.0046936990693211555
17181,nan,0.03522595018148422,inf,6.76703405380249,4.3230061531066895
17256,nan,-0.1412033885717392,inf,10.466933250427246,0.047730255872011185
17297,nan,-0.13968054950237274,inf,11.01718807220459,0.09110584110021591
17298,nan,-0.1417354792356491,inf,9.377628326416016,0.051137398928403854
17300,nan,-0.14171962440013885,inf,14.943964004516602,0.0024835586082190275
17310,nan,-0.14176832139492035,inf,17.78502655029297,0.001354217529296875
17315,nan,-0.14179627597332,inf,22.840194702148438,0.00017395020404364914
17316,nan,-0.14130514860153198,inf,13.989877700805664,0.021348953247070312
17375,nan,-0.22222736477851868,inf,13.2002534866333,-0.8719013333320618
17424,nan,0.03275224193930626,inf,5.267883777618408,2.6009521484375
17438,nan,-0.1417631357908249,inf,18.567750930786133,0.0022563934326171875
17546,nan,-0.1417960524559021,inf,18.992610931396484,0.0001008987455861643
17578,nan,-0.14233361184597015,inf,10.736654281616211,-0.01857013814151287
17697,nan,0.0622895173728466,inf,4.604104042053223,5.784148216247559
17711,nan,-0.14149180054664612,inf,15.476702690124512,0.009767341427505016
17725,nan,-0.14210614562034607,inf,14.08185863494873,0.0009929657680913806
17733,nan,-0.1417715698480606,inf,15.932293891906738,0.0018258094787597656
17785,nan,-0.1450117528438568,inf,10.894232749938965,-0.14418497681617737
17794,nan,-0.13475251197814941,inf,9.325383186340332,0.20770998299121857
17861,nan,-0.1418086737394333,inf,23.200428009033203,-0.00023574828810524195
17973,nan,-0.13752995431423187,inf,13.134745597839355,0.10292205959558487
17978,nan,-0.1417856067419052,inf,16.163999557495117,0.0005621910095214844
17983,nan,0.03988981992006302,inf,6.034258842468262,5.159066677093506
18017,nan,1.2512034177780151,inf,3.76581072807312,41.08400344848633
18018,nan,0.019004464149475098,inf,7.888072490692139,6.847772121429443
18049,nan,-0.14179548621177673,inf,19.21722412109375,9.193420555675402e-05
18065,nan,0.15493884682655334,inf,8.392204284667969,2.3412792682647705
18083,nan,-0.1326470822095871,inf,12.130777359008789,0.4003871977329254
18120,nan,1.26637601852417,inf,3.492274522781372,49.646507263183594
18138,nan,-0.14181382954120636,inf,20.00788688659668,-0.00033216478186659515
18146,nan,-0.14176978170871735,inf,16.136985778808594,0.0024019242264330387
18158,nan,0.06976022571325302,inf,7.747297763824463,2.4934308528900146
18162,nan,-0.14185528457164764,inf,19.20850944519043,-0.0006734848138876259
18166,nan,-0.1029784306883812,inf,7.884408473968506,1.101058006286621
18257,nan,-0.13878051936626434,inf,11.820883750915527,0.06833801418542862
18329,nan,-0.16161073744297028,inf,8.106205940246582,0.2930578887462616
18383,nan,-0.12625005841255188,inf,12.033907890319824,0.7478753924369812
18398,nan,-0.141789048910141,inf,20.220121383666992,0.0005245208740234375
18400,nan,-0.14172327518463135,inf,19.291358947753906,0.003163623856380582
18411,nan,-0.13912363350391388,inf,14.206872940063477,0.0966716781258583
18452,nan,-0.11657924950122833,inf,6.726861476898193,-0.452987402677536
18462,nan,-0.1390441358089447,inf,15.094050407409668,0.018244599923491478
18523,nan,0.07913582026958466,inf,5.872352123260498,5.8396196365356445
18527,nan,-0.14094941318035126,inf,11.98073673248291,0.03015918843448162
18586,nan,-0.1422460973262787,inf,12.815879821777344,-0.006963539402931929
18713,nan,-0.07904056459665298,inf,9.014554023742676,0.7417716979980469
18721,nan,-0.1385735124349594,inf,17.968456268310547,0.21841545403003693
18774,nan,-0.12953856587409973,inf,11.158953666687012,0.3524526357650757
18806,nan,-0.14171281456947327,inf,17.570465087890625,0.0048881531693041325
18831,nan,-0.14143332839012146,inf,14.637738227844238,0.015104293823242188
18852,nan,-0.1415693610906601,inf,14.354782104492188,0.011634684167802334
18903,nan,-0.14162616431713104,inf,14.364468574523926,0.010528326034545898
18906,nan,0.2081628292798996,inf,4.370748043060303,9.759772300720215
18912,nan,-0.1284056156873703,inf,10.753565788269043,0.39218735694885254
18924,nan,0.8564522862434387,inf,4.447206020355225,15.132548332214355
19006,nan,-0.12160781770944595,inf,10.41486644744873,0.8201393485069275
19034,nan,-0.14008276164531708,inf,10.885736465454102,0.09173183888196945
19035,nan,-0.14179906249046326,inf,23.3836727142334,-2.57492069977161e-06
19084,nan,-0.14179684221744537,inf,19.455829620361328,0.00012171268463134766
19124,nan,-0.13378022611141205,inf,13.238879203796387,0.2545207142829895
19187,nan,0.042661454528570175,inf,6.344481945037842,6.26903772354126
19206,nan,-0.14025427401065826,inf,16.078472137451172,0.08038096874952316
19238,nan,-0.14174731075763702,inf,17.302928924560547,0.002442264696583152
19245,nan,-0.1416969746351242,inf,18.21291160583496,0.007028102874755859
19298,nan,-0.13304604589939117,inf,11.792402267456055,0.52437824010849
19304,nan,0.0744595155119896,inf,5.569962978363037,5.337517738342285
19309,nan,-0.07322941720485687,inf,9.759490013122559,2.7079741954803467
19365,nan,-0.14154285192489624,inf,13.68500804901123,0.010604619979858398
19375,nan,-0.1407482922077179,inf,11.025288581848145,0.06316309422254562
19398,nan,-0.14139573276042938,inf,16.688980102539062,0.018447494134306908
19446,nan,0.16548483073711395,inf,6.048801422119141,12.683859825134277
19453,nan,-0.14298245310783386,inf,10.709466934204102,-0.014974785037338734
19472,nan,-0.1349949687719345,inf,9.485504150390625,0.2315659523010254
19496,nan,-0.1405242383480072,inf,12.543912887573242,0.05193023756146431
19533,nan,-0.14177881181240082,inf,16.24616813659668,0.00132160191424191
19541,nan,0.7359504103660583,inf,2.6485049724578857,19.197751998901367
19559,nan,-0.14917251467704773,inf,10.01672077178955,-0.035266876220703125
19596,nan,-0.15172457695007324,inf,10.559341430664062,-0.19835586845874786
19603,nan,-0.1412089765071869,inf,15.365157127380371,0.028306055814027786
19611,nan,-0.14241553843021393,inf,13.1179780960083,-0.010589122772216797
19742,nan,-0.14179857075214386,inf,16.129892349243164,0.0005340576171875
19767,nan,-0.13914808630943298,inf,11.182981491088867,0.09298291057348251
19825,nan,-0.14157219231128693,inf,12.38125991821289,0.00710220355540514
19831,nan,-0.13743934035301208,inf,8.967907905578613,0.08921871334314346
19883,nan,-0.13960984349250793,inf,14.461970329284668,0.06648140400648117
19896,nan,-0.14454326033592224,inf,10.49047565460205,-0.008727359585464
19992,nan,-0.1342618316411972,inf,9.679617881774902,0.13042564690113068
20002,nan,-0.14179547131061554,inf,19.773426055908203,0.00017433166794944555
20006,nan,0.43509426712989807,inf,4.397281169891357,15.400301933288574
20007,nan,-0.14790870249271393,inf,9.982786178588867,-0.14152255654335022
20035,nan,-0.13253436982631683,inf,12.765978813171387,0.11289849132299423
20037,nan,-0.14007040858268738,inf,13.657243728637695,0.06479205936193466
20039,nan,-0.1412876546382904,inf,14.227371215820312,0.04192319139838219
20063,nan,-0.14250488579273224,inf,12.320783615112305,-0.012997818179428577
20098,nan,-0.016525382176041603,inf,6.585261821746826,2.9622483253479004
20110,nan,0.25145506858825684,inf,5.624603748321533,12.081072807312012
20125,nan,-0.029495684430003166,inf,5.893649578094482,4.529714584350586
20130,nan,-0.14168205857276917,inf,15.49753475189209,0.005337834358215332
20190,nan,0.9834312796592712,inf,3.087054967880249,41.45744705200195
20201,nan,-0.13466030359268188,inf,16.645559310913086,0.04198441654443741
20263,nan,-0.13386426866054535,inf,10.556914329528809,0.34757915139198303
20308,nan,-0.1414373517036438,inf,14.408957481384277,0.003676772117614746
20347,nan,0.3310527503490448,inf,4.605823993682861,15.824823379516602
20396,nan,-0.1414262056350708,inf,15.952722549438477,0.02252030372619629
20410,nan,-0.14162114262580872,inf,16.298566818237305,0.007248592562973499
20448,nan,-0.1417740434408188,inf,19.89186668395996,0.0017496735090389848
20459,nan,-0.12901800870895386,inf,10.488741874694824,0.45558473467826843
20466,nan,-0.14081476628780365,inf,15.560953140258789,0.06708212196826935
20494,nan,-0.13259847462177277,inf,12.780658721923828,0.3756919801235199
20553,nan,-0.11283707618713379,inf,9.745972633361816,0.174734428524971
20566,nan,-0.1405567228794098,inf,11.99985122680664,0.03168068081140518
20589,nan,-0.14179947972297668,inf,20.43857765197754,0.0001884460507426411
20612,nan,2.1587817668914795,inf,3.140745162963867,43.82636642456055
20615,nan,-0.14158859848976135,inf,14.496004104614258,0.01252448558807373
20630,nan,1.2128275632858276,inf,3.566587448120117,54.989498138427734
20635,nan,-0.11949814856052399,inf,7.1269707679748535,0.36756545305252075
20660,nan,-0.12752270698547363,inf,11.060835838317871,0.24124446511268616
20666,nan,-0.13801388442516327,inf,16.53289794921875,0.2811700999736786
20718,nan,-0.13588695228099823,inf,7.3482208251953125,0.13544130325317383
20748,nan,-0.14126887917518616,inf,14.06029987335205,0.024504903703927994
20775,nan,0.1483868956565857,inf,4.690097808837891,11.34200382232666
20850,nan,-0.12913212180137634,inf,10.107733726501465,0.5286992192268372
20854,nan,-0.1414894014596939,inf,13.09715461730957,0.02175273932516575
20859,nan,-0.1285967081785202,inf,8.472142219543457,0.5083608627319336
20860,nan,-0.14095300436019897,inf,14.154797554016113,0.04102163389325142
20863,nan,-0.13860313594341278,inf,11.45913314819336,0.08836283534765244
20867,nan,-0.14165450632572174,inf,15.345680236816406,0.006533909123390913
20901,nan,-0.12016700953245163,inf,9.048148155212402,0.14326325058937073
20913,nan,-0.141793355345726,inf,19.75205421447754,0.000266838091192767
20944,nan,-0.14037679135799408,inf,8.720267295837402,0.20089970529079437
21062,nan,-0.14063307642936707,inf,16.545120239257812,0.08016300201416016
21075,nan,0.12687768042087555,inf,6.266907215118408,5.440885066986084
21079,nan,-0.14179806411266327,inf,22.668733596801758,3.328323509776965e-05
21095,nan,-0.01660141907632351,inf,5.08251428604126,3.3718247413635254
21133,nan,-0.14172877371311188,inf,16.126184463500977,0.004530498292297125
21135,nan,-0.14153943955898285,inf,13.987425804138184,0.007928418926894665
21155,nan,-0.07973060756921768,inf,6.074517726898193,0.515255331993103
21164,nan,-0.11108112335205078,inf,8.472975730895996,0.8808426260948181
21165,nan,-0.04739945009350777,inf,6.8893914222717285,3.4780795574188232
21219,nan,-0.1417800784111023,inf,19.631622314453125,0.0011066437000408769
21250,nan,-0.14174231886863708,inf,14.651965141296387,0.0037034989800304174
21311,nan,-0.13894471526145935,inf,12.413143157958984,0.1302282065153122
21316,nan,-0.03124718926846981,inf,6.549375057220459,3.803727865219116
21403,nan,-0.13556967675685883,inf,10.911627769470215,0.21068143844604492
21433,nan,-0.14072155952453613,inf,16.127225875854492,0.03326883539557457
21522,nan,-0.14179876446723938,inf,29.233062744140625,0.0
21564,nan,0.33256885409355164,inf,4.783334732055664,14.728736877441406
21602,nan,-0.04939413070678711,inf,6.258666038513184,1.9288170337677002
21604,nan,-0.13945583999156952,inf,9.850143432617188,0.1177009716629982
21666,nan,-0.1419524997472763,inf,17.74833106994629,-0.003397226333618164
21706,nan,-0.14214110374450684,inf,16.248464584350586,-0.00850458163768053
21757,nan,0.20472843945026398,inf,7.272552013397217,14.246123313903809
21805,nan,-0.14181013405323029,inf,18.922229766845703,-7.815361459506676e-05
21815,nan,0.10211586207151413,inf,6.91839599609375,4.438588619232178
21829,nan,-0.17057617008686066,inf,7.202450752258301,-0.5790973901748657
21835,nan,-0.14060482382774353,inf,13.742655754089355,0.04587202146649361
21850,nan,-0.14134898781776428,inf,12.973971366882324,0.013575077056884766
21853,nan,2.2751693725585938,inf,3.114678144454956,60.802120208740234
21890,nan,-0.1415308266878128,inf,13.301152229309082,0.00944366492331028
21916,nan,-0.12298982590436935,inf,8.881407737731934,1.0784056186676025
21952,nan,-0.14179334044456482,inf,18.8701229095459,0.0002651214599609375
22012,nan,-0.12345343828201294,inf,8.793692588806152,0.6027666926383972
22037,nan,-0.14120976626873016,inf,14.189600944519043,0.03152885660529137
22045,nan,-0.14393973350524902,inf,12.858194351196289,-0.051473405212163925
22050,nan,-0.12042100727558136,inf,8.744037628173828,0.8203355669975281
22097,nan,-0.14044013619422913,inf,12.093727111816406,0.03282532840967178
22109,nan,-0.14230726659297943,inf,9.686774253845215,-0.029934275895357132
22248,nan,-0.14102309942245483,inf,13.178934097290039,0.043456267565488815
22254,nan,-0.13989347219467163,inf,15.388925552368164,0.08452949672937393
22274,nan,-0.061797212809324265,inf,9.453695297241211,0.7441233992576599
22363,nan,0.02677922509610653,inf,6.339791774749756,5.292590618133545
22385,nan,-0.1417975127696991,inf,19.438535690307617,5.760193016612902e-05
22421,nan,-0.074651800096035,inf,8.702518463134766,2.9209301471710205
22446,nan,-0.1400514841079712,inf,12.22751522064209,0.043892670422792435
22458,nan,-0.08924238383769989,inf,7.581577301025391,1.120729923248291
22475,nan,-0.14242708683013916,inf,12.276179313659668,-0.007763922214508057
22490,nan,-0.1411897987127304,inf,15.628775596618652,0.016037750989198685
22523,nan,-0.14169232547283173,inf,14.14618968963623,0.008788490667939186
22530,nan,-0.14179618656635284,inf,21.55954360961914,0.00018005371384788305
22587,nan,-0.14179110527038574,inf,20.515039443969727,0.0005233824485912919
22696,nan,-0.10922407358884811,inf,8.03635311126709,0.7784484624862671
22702,nan,0.3527795672416687,inf,6.986240386962891,3.7316091060638428
22706,nan,-0.1400294303894043,inf,12.810172080993652,0.10280485451221466
22754,nan,-0.06744655221700668,inf,5.454553604125977,3.303119659423828
22773,nan,-0.1417665332555771,inf,18.592618942260742,0.00155048375017941
22778,nan,-0.14172686636447906,inf,17.219589233398438,0.0022145272232592106
22839,nan,-0.14179836213588715,inf,24.258514404296875,3.013610876223538e-05
22872,nan,-0.04718080908060074,inf,5.605033874511719,2.8416659832000732
22881,nan,-0.08622979372739792,inf,9.166732788085938,0.554536759853363
22901,nan,-0.11664088815450668,inf,7.212179660797119,1.0585650205612183
22909,nan,-0.0879385769367218,inf,7.582798004150391,1.8225034475326538
22926,nan,0.05411160737276077,inf,7.7281928062438965,4.4880523681640625
22983,nan,-0.12520179152488708,inf,8.399846076965332,0.49437785148620605
23022,nan,-0.07252145558595657,inf,8.314865112304688,1.8746203184127808
23037,nan,-0.13809043169021606,inf,10.278820991516113,0.12696848809719086
23088,nan,-0.18078482151031494,inf,6.7039690017700195,-0.6472101211547852
23093,nan,-0.1384950429201126,inf,15.817558288574219,0.02641906775534153
23127,nan,-0.13713079690933228,inf,9.22480297088623,0.16538743674755096
23150,nan,-0.13968513906002045,inf,17.3632755279541,0.09233400970697403
23180,nan,-0.1416092962026596,inf,11.608243942260742,0.008338737301528454
23183,nan,-0.11208665370941162,inf,11.42691707611084,0.31272393465042114
23250,nan,-0.02076411060988903,inf,7.695361614227295,3.22135329246521
23304,nan,-0.14054088294506073,inf,15.600374221801758,0.037362098693847656
23305,nan,-0.1421329230070114,inf,16.156652450561523,-0.0007334709516726434
23308,nan,-0.1344894915819168,inf,11.1537504196167,0.493108332157135
23321,nan,0.009453131817281246,inf,6.15042781829834,4.740511894226074
23346,nan,-0.07802760601043701,inf,6.557961463928223,2.2738840579986572
23362,nan,0.11159457266330719,inf,6.396633625030518,5.355035305023193
23405,nan,-0.11909045279026031,inf,9.877833366394043,0.4087267816066742
23409,nan,-0.1415836662054062,inf,16.169937133789062,0.007929992862045765
23430,nan,-0.0430414192378521,inf,6.527366638183594,2.7711360454559326
23488,nan,-0.1339137852191925,inf,11.580977439880371,0.26461082696914673
23506,nan,-0.14190006256103516,inf,13.141173362731934,0.0035998583771288395
23590,nan,-0.037604279816150665,inf,10.54233455657959,0.821290910243988
23641,nan,-0.02030857838690281,inf,10.151150703430176,3.660930633544922
23675,nan,-0.14168690145015717,inf,15.816858291625977,0.003345739794895053
23791,nan,-0.11155392974615097,inf,10.428706169128418,1.0363792181015015
23802,nan,-0.14179790019989014,inf,20.86686134338379,3.72409813280683e-05
23804,nan,-0.1417122632265091,inf,16.862213134765625,0.005915594287216663
23819,nan,-0.13768738508224487,inf,12.68622875213623,0.11764206737279892
23837,nan,-0.14404678344726562,inf,18.485477447509766,-0.15487347543239594
23866,nan,-0.1401236653327942,inf,13.133624076843262,0.06440792232751846
23884,nan,-0.14170636236667633,inf,13.722834587097168,0.0013925553066655993
23885,nan,-0.1416030079126358,inf,17.10070037841797,0.007374954409897327
23925,nan,-0.14179518818855286,inf,22.94722557067871,0.00022239684767555445
23951,nan,-0.1420457363128662,inf,14.178009033203125,-0.0021190643310546875
23956,nan,-0.047540321946144104,inf,6.223710536956787,2.7951066493988037
23975,nan,-0.14016585052013397,inf,11.141692161560059,0.021970748901367188
24014,nan,0.00801524706184864,inf,6.822618007659912,4.59011173248291
24018,nan,2.104419469833374,inf,2.9679410457611084,78.25564575195312
24027,nan,-0.13992765545845032,inf,10.920524597167969,0.12114125490188599
24038,nan,-0.12233616411685944,inf,10.054259300231934,0.25863027572631836
24072,nan,-0.13452854752540588,inf,16.814884185791016,0.5000734329223633
24087,nan,-0.13351449370384216,inf,10.2277250289917,0.2996741235256195
24145,nan,0.21386896073818207,inf,4.0215840339660645,6.145226955413818
24146,nan,-0.07976534217596054,inf,7.880351543426514,3.8074328899383545
24204,nan,-0.12455663830041885,inf,10.692591667175293,0.6846960783004761
24211,nan,-0.13792744278907776,inf,14.441327095031738,0.14014720916748047
24227,nan,-0.14172810316085815,inf,18.638370513916016,0.004565525334328413
24234,nan,-0.13848088681697845,inf,14.042512893676758,0.13995400071144104
24266,nan,0.3671582043170929,inf,7.014294624328613,12.675509452819824
24281,nan,-0.14074209332466125,inf,12.246149063110352,0.01774292066693306
24285,nan,2.108811140060425,inf,3.0108730792999268,47.625572204589844
24302,nan,-0.1361416131258011,inf,10.258848190307617,0.05809393152594566
24307,nan,0.25796303153038025,inf,6.251587867736816,9.000627517700195
24316,nan,-0.1416849046945572,inf,17.098600387573242,0.007815742865204811
24324,nan,-0.14176347851753235,inf,18.88405990600586,0.001300048897974193
24349,nan,-0.14196515083312988,inf,22.03143310546875,-0.0004112243768759072
24404,nan,-0.01890539564192295,inf,8.797675132751465,4.049170970916748
24486,nan,-0.14148417115211487,inf,13.251190185546875,0.017527390271425247
24487,nan,-0.14093969762325287,inf,11.298299789428711,0.032202985137701035
24495,nan,-0.14179910719394684,inf,19.85552978515625,-2.28881845032447e-06
24519,nan,-0.1393512338399887,inf,10.549132347106934,0.044149018824100494
24527,nan,-0.1347987949848175,inf,14.586714744567871,0.30725231766700745
24538,nan,-0.14020578563213348,inf,12.23682975769043,0.01752600632607937
24552,nan,-0.14499059319496155,inf,14.924880027770996,-0.07848434895277023
24590,nan,-0.12415967136621475,inf,8.564468383789062,0.4989806115627289
24605,nan,-0.1420048028230667,inf,13.978889465332031,-0.0013791800010949373
24606,nan,-0.14179787039756775,inf,19.770248413085938,3.890991138177924e-05
24609,nan,-0.13275186717510223,inf,11.310511589050293,0.11084514111280441
24634,nan,0.08075201511383057,inf,4.841833114624023,4.638729572296143
24636,nan,-0.09817259758710861,inf,7.948462963104248,1.0384715795516968
24637,nan,-0.14179933071136475,inf,17.716581344604492,1.6692281860741787e-05
24642,nan,-0.09566407650709152,inf,7.001527309417725,0.908337414264679
24659,nan,-0.14151819050312042,inf,16.038663864135742,0.01326766051352024
24674,nan,-0.14162282645702362,inf,15.34479808807373,0.0053649903275072575
24693,nan,-0.127437025308609,inf,9.687289237976074,0.39163294434547424
24767,nan,-0.1411207616329193,inf,11.233928680419922,0.026016807183623314
24779,nan,-0.11354664713144302,inf,9.464214324951172,1.1579784154891968
24780,nan,-0.141621932387352,inf,12.704268455505371,0.006687784101814032
24798,nan,-0.10992013663053513,inf,7.972960948944092,0.2936150133609772
24814,nan,-0.11924993246793747,inf,9.643948554992676,0.4946318566799164
24816,nan,-0.14315557479858398,inf,16.171377182006836,-0.04366285726428032
24858,nan,-0.037122756242752075,inf,9.226777076721191,6.138492107391357
24863,nan,-0.13861164450645447,inf,9.7484769821167,0.09384222328662872
24894,nan,-0.1310003697872162,inf,10.631730079650879,0.483206570148468
24944,nan,-0.141764298081398,inf,17.170860290527344,0.0010618091328069568
24951,nan,0.07881882041692734,inf,5.694519996643066,2.748507022857666
24956,nan,-0.09717630594968796,inf,7.843984127044678,1.5333518981933594
24967,nan,-0.1416412740945816,inf,13.497153282165527,0.008486771956086159
25048,nan,-0.07348651438951492,inf,5.852065086364746,1.694087028503418
25072,nan,-0.13687728345394135,inf,8.818656921386719,0.2370591163635254
25080,nan,-0.14041940867900848,inf,13.714398384094238,0.04738130792975426
25192,nan,-0.0865417867898941,inf,8.566781997680664,1.956080675125122
25203,nan,-0.14077842235565186,inf,10.136183738708496,0.023849105462431908
25204,nan,-0.14244376122951508,inf,11.100662231445312,-0.018931889906525612
25267,nan,-0.14179079234600067,inf,26.472476959228516,0.0005483627319335938
25291,nan,-0.128017857670784,inf,10.370976448059082,0.39519938826560974
25319,nan,-0.14698556065559387,inf,7.9678053855896,-0.18245111405849457
25324,nan,-0.1418018937110901,inf,19.95777130126953,0.0007440567133016884
25333,nan,-0.14168037474155426,inf,18.22234344482422,0.0072987559251487255
25339,nan,4.7531609535217285,inf,0.2214922159910202,132.25791931152344
25351,nan,-0.14191652834415436,inf,14.711377143859863,0.001990032149478793
25373,nan,-0.14153243601322174,inf,15.387410163879395,0.0149078369140625
25388,nan,-0.1309194415807724,inf,12.903816223144531,0.25967666506767273
25402,nan,-0.14059503376483917,inf,11.325339317321777,0.05429263040423393
25412,nan,-0.07811025530099869,inf,8.89521312713623,4.055230617523193
25423,nan,-0.08774342387914658,inf,8.861830711364746,1.945974588394165
25439,nan,-0.0008378219208680093,inf,7.7282257080078125,4.861328125
25441,nan,-0.14167654514312744,inf,17.07381820678711,0.007260513491928577
25478,nan,-0.14192722737789154,inf,16.254011154174805,-0.0002458572562318295
25545,nan,-0.13983292877674103,inf,12.709185600280762,0.05339522287249565
25581,nan,-0.14791648089885712,inf,9.7083158493042,0.20384541153907776
25598,nan,-0.13845938444137573,inf,9.4500150680542,0.08787355571985245
25635,nan,-0.06948281079530716,inf,8.335009574890137,2.1206021308898926
25645,nan,-0.14181186258792877,inf,15.78166675567627,-0.0005600929143838584
25689,nan,-0.14179454743862152,inf,24.114519119262695,0.00016021728515625
25706,nan,-0.14182719588279724,inf,16.56908416748047,-0.0002549171622376889
25794,nan,-0.09423648566007614,inf,8.553353309631348,1.9664007425308228
25857,nan,-0.1180647611618042,inf,9.008814811706543,0.6335867047309875
25875,nan,-0.14033451676368713,inf,10.192145347595215,0.04560556635260582
25895,nan,-0.10230829566717148,inf,7.687077522277832,1.3581924438476562
25897,nan,0.08263520896434784,inf,5.793035507202148,9.506386756896973
25956,nan,1.208538293838501,inf,3.752918004989624,38.730743408203125
25965,nan,-0.15524780750274658,inf,5.885056495666504,-0.9881788492202759
25998,nan,0.1064821258187294,inf,5.426570415496826,9.519489288330078
26025,nan,-0.13924536108970642,inf,9.049725532531738,0.0011564254527911544
26056,nan,-0.13903848826885223,inf,12.073792457580566,0.0987987294793129
26113,nan,0.32834193110466003,inf,4.774876117706299,13.828636169433594
26162,nan,-0.14190368354320526,inf,13.35435962677002,0.018610859289765358
26188,nan,-0.15894031524658203,inf,8.587369918823242,-0.3341030180454254
26194,nan,-0.14032061398029327,inf,11.95970344543457,0.06032409891486168
26210,nan,0.7283288836479187,inf,3.8365089893341064,19.91286277770996
26211,nan,-0.14179332554340363,inf,19.54354476928711,0.0002151489316020161
26238,nan,-0.10431772470474243,inf,10.43709945678711,0.2776722013950348
26274,nan,-0.1417916864156723,inf,21.686405181884766,0.000568008457776159
26276,nan,-0.14060045778751373,inf,17.07221031188965,0.0811431035399437
26337,nan,-0.14187654852867126,inf,15.462106704711914,-0.0035770179238170385
26346,nan,-0.1386779248714447,inf,12.19086742401123,0.11143980175256729
26359,nan,-0.1419360190629959,inf,13.145914077758789,-0.0003403186856303364
26386,nan,-0.14399383962154388,inf,10.88903522491455,0.4049302637577057
26398,nan,-0.1401267647743225,inf,7.991307735443115,0.3611636161804199
26408,nan,-0.13945883512496948,inf,10.864334106445312,0.1293201893568039
26425,nan,0.08386149257421494,inf,4.90880823135376,9.007450103759766
26522,nan,0.5101503133773804,inf,4.645451545715332,17.2954158782959
26543,nan,-0.13267521560192108,inf,10.533456802368164,0.2421293705701828
26615,nan,-0.1417980045080185,inf,21.951017379760742,5.073547436040826e-05
26617,nan,-0.14157219231128693,inf,17.21851921081543,0.0078881261870265
26645,nan,-0.1417960822582245,inf,18.65285301208496,0.0001293182431254536
26718,nan,-0.14173638820648193,inf,15.003302574157715,0.003142118453979492
26762,nan,-0.14178724586963654,inf,14.912039756774902,0.0005855560302734375
26767,nan,-0.1417853683233261,inf,15.455451965332031,0.001152944634668529
26835,nan,0.08033130317926407,inf,5.300525665283203,5.465345859527588
26839,nan,-0.14179876446723938,inf,37.03513717651367,0.0
26853,nan,-0.13996504247188568,inf,13.084965705871582,0.07107391208410263
26869,nan,0.20772230625152588,inf,4.756350040435791,7.784661769866943
26879,nan,-0.14179754257202148,inf,21.72711181640625,9.307861182605848e-05
26880,nan,-0.1356683224439621,inf,9.53445053100586,0.20086680352687836
26894,nan,0.17543308436870575,inf,5.630401611328125,7.9034600257873535
26902,nan,-0.1413615196943283,inf,14.91351318359375,0.01983337476849556
27009,nan,-0.14178241789340973,inf,19.41786003112793,0.0011144637828692794
27015,nan,-0.08125579357147217,inf,8.802102088928223,1.0290136337280273
27026,nan,0.11802711337804794,inf,7.061477184295654,6.540561199188232
27029,nan,-0.14172738790512085,inf,15.986480712890625,0.0030319213401526213
27165,nan,-0.14231529831886292,inf,12.657557487487793,0.009548330679535866
27236,nan,-0.14179790019989014,inf,20.383169174194336,4.9209596909349784e-05
27280,nan,-0.14173780381679535,inf,21.14472198486328,0.0027629851829260588
27281,nan,-0.14069823920726776,inf,14.196382522583008,0.024997329339385033
27282,nan,-0.12478214502334595,inf,6.041025161743164,0.409280389547348
27290,nan,-0.040633585304021835,inf,6.876745700836182,3.6667892932891846
27302,nan,-0.13803496956825256,inf,14.243708610534668,0.16729679703712463
27339,nan,-0.14156219363212585,inf,22.4500789642334,0.008235168643295765
27358,nan,0.2723916471004486,inf,4.777315616607666,11.118721961975098
27375,nan,-0.15545788407325745,inf,7.966989994049072,-0.2589080035686493
27434,nan,-0.19326862692832947,inf,7.148584842681885,-0.9220976233482361
27493,nan,-0.1416155993938446,inf,13.782856941223145,0.008541869930922985
27500,nan,-0.14199338853359222,inf,15.852328300476074,0.0006202221265994012
27530,nan,-0.14072071015834808,inf,14.928006172180176,0.04531717300415039
27547,nan,-0.14157366752624512,inf,14.975418090820312,0.010584259405732155
27596,nan,-0.14179478585720062,inf,22.869787216186523,4.692077709478326e-05
27618,nan,-0.1372106671333313,inf,15.685879707336426,0.13600456714630127
27620,nan,0.27365022897720337,inf,5.6359100341796875,10.266119003295898
27708,nan,-0.13646692037582397,inf,13.555663108825684,0.3183162808418274
27736,nan,-0.07977773249149323,inf,11.045262336730957,3.9411370754241943
27743,nan,-0.14115789532661438,inf,13.163530349731445,0.026355935260653496
27765,nan,-0.14086531102657318,inf,13.392743110656738,0.06575975567102432
27766,nan,0.0936620756983757,inf,5.383315086364746,4.780646800994873
27829,nan,-0.11532125622034073,inf,7.2725725173950195,0.672691285610199
27846,nan,-0.14179886877536774,inf,21.305004119873047,3.051757857974735e-06
27865,nan,0.26672908663749695,inf,6.335134983062744,20.441984176635742
27871,nan,0.1017267033457756,inf,5.9884185791015625,8.266946792602539
27872,nan,-0.08102335035800934,inf,8.71332836151123,2.2455074787139893
27905,nan,-0.1311677098274231,inf,11.052508354187012,0.16516895592212677
27907,nan,-0.14169305562973022,inf,18.37784194946289,0.004683113191276789
27935,nan,-0.03772726655006409,inf,7.20916223526001,3.770291566848755
27946,nan,0.29810747504234314,inf,8.752361297607422,12.397647857666016
28032,nan,-0.12174270302057266,inf,8.285052299499512,0.43548280000686646
28059,nan,-0.057768017053604126,inf,6.420241832733154,-0.5037344098091125
28088,nan,-0.13784794509410858,inf,9.464422225952148,0.11483843624591827
28157,nan,-0.13588808476924896,inf,9.916718482971191,0.19576387107372284
28159,nan,-0.14192765951156616,inf,18.917387008666992,-0.003216362092643976
28231,nan,-0.14156709611415863,inf,17.218244552612305,0.009990453720092773
28235,nan,-0.13522540032863617,inf,11.7625093460083,0.22109413146972656
28236,nan,-0.048948582261800766,inf,8.592439651489258,3.718369245529175
28249,nan,0.5683437585830688,inf,4.244639873504639,19.099937438964844
28303,nan,-0.14156411588191986,inf,14.872283935546875,0.007629204075783491
28332,nan,0.007863672450184822,inf,9.141623497009277,5.2621965408325195
28338,nan,-0.07370727509260178,inf,7.091403484344482,2.1902365684509277
28392,nan,-0.14095067977905273,inf,12.195024490356445,0.04252276569604874
28460,nan,-0.08047575503587723,inf,13.293173789978027,2.714160919189453
28482,nan,-0.0013056278694421053,inf,7.731372833251953,3.009666919708252
28511,nan,-0.09307300299406052,inf,9.86435604095459,1.807186484336853
28512,nan,0.285276859998703,inf,4.638037204742432,17.6171817779541
28596,nan,-0.14268893003463745,inf,8.33912181854248,0.05916443094611168
28637,nan,-0.11983046680688858,inf,10.9527587890625,0.5289265513420105
28690,nan,0.04668611288070679,inf,4.780555725097656,13.194060325622559
28711,nan,-0.12743519246578217,inf,10.200705528259277,0.448501318693161
28714,nan,-0.11886011809110641,inf,10.625991821289062,0.9413353800773621
28733,nan,-0.12816517055034637,inf,8.821921348571777,0.11212922632694244
28881,nan,-0.14093399047851562,inf,12.166247367858887,0.03794536739587784
28890,nan,-0.14179275929927826,inf,19.662687301635742,0.0003799438418354839
28933,nan,-0.11008857935667038,inf,8.306645393371582,0.8480127453804016
28950,nan,-0.14179663360118866,inf,21.48373794555664,0.00012426376633811742
28960,nan,-0.14177992939949036,inf,19.071950912475586,0.0006549835088662803
28964,nan,-0.13441716134548187,inf,11.527091026306152,0.12621355056762695
29010,nan,-0.1417931616306305,inf,17.900449752807617,0.0004076957702636719
29019,nan,-0.14121346175670624,inf,13.3470458984375,0.026720715686678886
29058,nan,-0.1357213258743286,inf,10.157318115234375,0.310760498046875
29079,nan,2.6923131942749023,inf,1.5311226844787598,88.30364227294922
29100,nan,-0.13140751421451569,inf,8.209534645080566,0.03797287866473198
29110,nan,-0.1417955756187439,inf,23.475893020629883,0.0002449035819154233
29176,nan,-0.1404581069946289,inf,11.93191146850586,0.03831081464886665
29203,nan,-0.1417563259601593,inf,17.035470962524414,0.0024662017822265625
29218,nan,-0.1417691707611084,inf,16.297252655029297,0.0015674590831622481
29221,nan,-0.11224748939275742,inf,5.70601749420166,0.7331154942512512
29381,nan,0.4007488787174225,inf,5.2119832038879395,25.314176559448242
29432,nan,-0.14167718589305878,inf,14.868308067321777,0.00894931610673666
29443,nan,-0.13449473679065704,inf,10.16153621673584,0.21061992645263672
29460,nan,-0.1046057939529419,inf,6.881462097167969,0.7770596742630005
29481,nan,0.5505586862564087,inf,4.605628967285156,12.8504638671875
29482,nan,-0.14180636405944824,inf,19.395795822143555,-6.828307959949598e-05
29509,nan,-0.06414701789617538,inf,6.79320764541626,2.50524640083313
29512,nan,-0.14173808693885803,inf,16.38249969482422,0.0017299652099609375
29522,nan,-0.14073733985424042,inf,12.046648979187012,0.0560518279671669
29544,nan,-0.1404009908437729,inf,12.563265800476074,0.04135575890541077
29554,nan,-0.14136098325252533,inf,8.861430168151855,-0.09420063346624374
29572,nan,0.27204540371894836,inf,4.817537307739258,6.280185699462891
29618,nan,-0.14135144650936127,inf,12.77109432220459,0.015810847282409668
29657,nan,-0.09878011792898178,inf,8.87248706817627,0.4842844009399414
29666,nan,0.1951628178358078,inf,5.2236857414245605,7.259748935699463
29673,nan,-0.14185841381549835,inf,17.520565032958984,-0.0012989044189453125
29748,nan,0.5076493620872498,inf,4.9514479637146,20.442495346069336
29784,nan,-0.13902238011360168,inf,12.102499961853027,0.09393205493688583
29786,nan,-0.1417795717716217,inf,20.023075103759766,0.0012989044189453125
29810,nan,-0.14160868525505066,inf,12.043306350708008,0.006326151080429554
29819,nan,-0.1417073756456375,inf,15.187291145324707,0.0030059218406677246
29856,nan,-0.1371266096830368,inf,12.380389213562012,0.11898946762084961
29865,nan,-0.07737409323453903,inf,7.272061824798584,1.0367496013641357
29895,nan,-0.06959613412618637,inf,7.513741493225098,2.8474271297454834
29900,nan,1.1635031700134277,inf,2.959796667098999,38.335296630859375
30083,nan,-0.13985204696655273,inf,12.384530067443848,0.06544532626867294
30142,nan,-0.07840652018785477,inf,7.518148899078369,0.43178844451904297
30145,nan,-0.14178718626499176,inf,18.231977462768555,0.0008377075428143144
30149,nan,-0.11614807695150375,inf,8.299700736999512,0.9628353118896484
30151,nan,-0.13021989166736603,inf,10.427177429199219,0.2923971116542816
30164,nan,-0.059458453208208084,inf,7.409951686859131,0.3971887528896332
30193,nan,-0.14539651572704315,inf,10.6890287399292,-0.028794337064027786
30221,nan,-0.11510872095823288,inf,9.64126968383789,1.1719266176223755
30316,nan,0.03423507139086723,inf,6.570578098297119,3.334393262863159
30328,nan,-0.14158160984516144,inf,15.324258804321289,0.0101357102394104
30334,nan,-0.12441825866699219,inf,11.462611198425293,0.4683029353618622
30340,nan,-0.13594995439052582,inf,12.961687088012695,0.3813006579875946
30357,nan,3.3875794410705566,inf,2.89909029006958,75.7145767211914
30371,nan,0.010342448949813843,inf,7.205448150634766,1.9206665754318237
30387,nan,-0.14437544345855713,inf,8.573872566223145,-0.06899967044591904
30393,nan,-0.13865847885608673,inf,10.679414749145508,0.12696389853954315
30440,nan,-0.14179727435112,inf,20.868318557739258,7.743835885776207e-05
30451,nan,-0.12417824566364288,inf,12.536735534667969,0.7663769125938416
30512,nan,-0.12980489432811737,inf,9.735068321228027,0.6308943033218384
30532,nan,-0.1376747041940689,inf,10.397686958312988,0.18013793230056763
30553,nan,-0.1287814974784851,inf,8.960780143737793,0.35439950227737427
30576,nan,-0.09120459109544754,inf,7.396283149719238,1.35985267162323
30594,nan,-0.14176754653453827,inf,15.742828369140625,0.0013971328735351562
30615,nan,0.12051030248403549,inf,8.582222938537598,7.468430519104004
30709,nan,-0.14196167886257172,inf,8.26795482635498,0.17176131904125214
30774,nan,-0.046259909868240356,inf,9.877842903137207,1.6775575876235962
30800,nan,-0.13915909826755524,inf,12.868704795837402,0.06812944263219833
30846,nan,-0.14179681241512299,inf,21.493484497070312,0.0001468658447265625
30862,nan,-0.14178971946239471,inf,14.088305473327637,0.0053993226028978825
30909,nan,-0.14180102944374084,inf,18.77921485900879,2.0337105524959043e-05
30957,nan,-0.14166724681854248,inf,15.857562065124512,0.0036473514046519995
30984,nan,-0.14168739318847656,inf,15.293028831481934,0.0071735382080078125
31050,nan,-0.1417982429265976,inf,26.249032974243164,3.662109520519152e-05
31156,nan,-0.14146627485752106,inf,12.993803977966309,0.018849922344088554
31177,nan,-0.14169131219387054,inf,16.950931549072266,0.00715594319626689
31213,nan,-0.1416415125131607,inf,14.95398998260498,0.010069466196000576
31232,nan,-0.13558702170848846,inf,9.866909980773926,0.23138637840747833
31250,nan,-0.14177684485912323,inf,15.897048950195312,0.0005231022951193154
31259,nan,-0.08796515315771103,inf,8.382832527160645,0.6522610783576965
31297,nan,-0.13702011108398438,inf,13.095210075378418,0.1446395367383957
31361,nan,-0.1417986899614334,inf,23.04654312133789,3.5762786865234375e-06
31410,nan,-0.14175324141979218,inf,15.115748405456543,0.002366781234741211
31437,nan,0.01380512397736311,inf,9.816588401794434,4.877221584320068
31477,nan,-0.10749900341033936,inf,6.474796295166016,1.6872663497924805
31481,nan,-0.13706745207309723,inf,9.614428520202637,0.06761612743139267
31506,nan,-0.1416364163160324,inf,14.011858940124512,0.006243610288947821
31508,nan,-0.14163440465927124,inf,14.205513000488281,0.005323231220245361
31601,nan,-0.1385187953710556,inf,11.618029594421387,0.0869625136256218
31607,nan,3.159778356552124,inf,2.2531368732452393,79.6413803100586
31635,nan,-0.13587181270122528,inf,15.106085777282715,0.29794827103614807
31690,nan,1.0925379991531372,inf,3.171555757522583,22.91552734375
31701,nan,-0.14154216647148132,inf,14.01523494720459,0.013689994812011719
31703,nan,-0.14177481830120087,inf,15.89487361907959,0.0003682136593852192
31753,nan,-0.1418047398328781,inf,17.6426944732666,-9.651184518588707e-05
31773,nan,-0.1417885273694992,inf,17.516725540161133,0.0006013870588503778
31809,nan,-0.1417786329984665,inf,17.10637664794922,0.0013874591095373034
31820,nan,-0.14179874956607819,inf,24.17829704284668,7.629394644936838e-07
31829,nan,1.4578696489334106,inf,4.623946666717529,53.2818489074707
31904,nan,-0.11847486346960068,inf,8.324972152709961,0.8656887412071228
32018,nan,-0.12787428498268127,inf,11.089092254638672,0.7523040771484375
32027,nan,-0.08086992055177689,inf,9.477084159851074,0.5035191774368286
32043,nan,-0.13075266778469086,inf,7.751336574554443,0.21297967433929443
32077,nan,-0.14077921211719513,inf,11.840258598327637,0.023957062512636185
32151,nan,-0.13094741106033325,inf,9.298600196838379,0.39444971084594727
32179,nan,-0.08368771523237228,inf,9.531859397888184,0.5695139169692993
32198,nan,0.0355212427675724,inf,5.986146450042725,8.206121444702148
32251,nan,-0.14178383350372314,inf,18.2603816986084,0.0007913589361123741
32267,nan,0.3235549330711365,inf,5.390054225921631,16.93590545654297
32269,nan,-0.14468525350093842,inf,18.364273071289062,-0.08875217288732529
32307,nan,-0.1381497085094452,inf,11.065279960632324,0.11457414925098419
32324,nan,-0.14207343757152557,inf,16.06356430053711,-0.0062462808564305305
32357,nan,0.40706488490104675,inf,4.861493110656738,12.491876602172852
32362,nan,-0.14201046526432037,inf,16.943017959594727,-0.0012763977283611894
32388,nan,-0.1333121657371521,inf,10.405031204223633,0.3185728192329407
32404,nan,0.03349380940198898,inf,10.579197883605957,10.854137420654297
32422,nan,-0.08118187636137009,inf,7.161866188049316,1.5669975280761719
32481,nan,-0.13580571115016937,inf,7.438640117645264,0.18637271225452423
32517,nan,-0.13815389573574066,inf,10.460604667663574,0.34254929423332214
32558,nan,0.03532106429338455,inf,6.154407978057861,6.074128150939941
32560,nan,-0.14179079234600067,inf,19.758155822753906,0.00047135353088378906
32577,nan,-0.09548380225896835,inf,7.171199798583984,1.9256833791732788
32586,nan,0.001831504749134183,inf,5.636359214782715,8.069709777832031
32589,nan,-0.1417766660451889,inf,21.57330894470215,0.000686264073010534
32628,nan,-0.14174428582191467,inf,17.38496208190918,0.003515625139698386
32666,nan,-0.13860462605953217,inf,11.681960105895996,0.07447471469640732
32675,nan,-0.14096246659755707,inf,11.304481506347656,0.02409658394753933
32685,nan,-0.1417963057756424,inf,19.785741806030273,0.00015182494826149195
32686,nan,-0.14173762500286102,inf,14.568002700805664,0.003510093782097101
32688,nan,-0.14154040813446045,inf,16.490036010742188,0.007548713590949774
32733,nan,-0.14180032908916473,inf,18.062833786010742,-6.10351571594947e-06
32738,nan,-0.14147984981536865,inf,10.927857398986816,0.056792762130498886
32768,nan,-0.12000351399183273,inf,9.768930435180664,0.11813240498304367
32775,nan,-0.12845353782176971,inf,9.672618865966797,0.656991183757782
32793,nan,2.150571346282959,inf,3.738917589187622,62.7658576965332
32848,nan,-0.14107775688171387,inf,18.362598419189453,0.04491768032312393
32857,nan,-0.14138977229595184,inf,16.12909698486328,0.026516247540712357
32871,nan,-0.13075090944766998,inf,15.324447631835938,0.2721985876560211
32902,nan,-0.1417793333530426,inf,23.199871063232422,0.00010661483247531578
32965,nan,-0.21459074318408966,inf,5.392554759979248,-1.5347658395767212
33016,nan,-0.09617188572883606,inf,7.830994606018066,1.087839961051941
33094,nan,-0.14736336469650269,inf,11.001139640808105,-0.20255255699157715
33117,nan,-0.1417325735092163,inf,18.214948654174805,0.0021802664268761873
33146,nan,-0.14176645874977112,inf,14.24127197265625,-1.8298625946044922e-05
33256,nan,-0.11788801103830338,inf,12.337210655212402,0.2632870674133301
33344,nan,-0.1371721774339676,inf,11.344181060791016,0.21689167618751526
33378,nan,-0.06843923032283783,inf,10.41867446899414,4.751964569091797
33388,nan,-0.14178438484668732,inf,17.686119079589844,0.0005080223199911416
33405,nan,-0.021370185539126396,inf,7.947385311126709,2.73038649559021
33412,nan,-0.10846839100122452,inf,10.603058815002441,0.913765549659729
33416,nan,-0.14213286340236664,inf,12.166300773620605,-0.00018367767916060984
33430,nan,-0.10457593202590942,inf,7.455402374267578,1.3372211456298828
33431,nan,-0.1149897500872612,inf,8.670561790466309,0.3345670700073242
33463,nan,-0.14177723228931427,inf,15.65799617767334,0.0014657974243164062
33465,nan,-0.14188425242900848,inf,17.44724464416504,-0.0021423459984362125
33571,nan,-0.14103350043296814,inf,13.734468460083008,0.03572435304522514
33575,nan,0.6244036555290222,inf,6.918819427490234,32.55518341064453
33641,nan,-0.13682493567466736,inf,10.93845272064209,0.18611197173595428
33645,nan,-0.13047747313976288,inf,11.185942649841309,0.5698666572570801
33655,nan,-0.2668459713459015,inf,5.99957799911499,-2.697136163711548
33674,nan,0.14744974672794342,inf,5.843040466308594,5.638749122619629
33694,nan,0.26015418767929077,inf,6.009822845458984,16.847211837768555
33732,nan,-0.07662065327167511,inf,6.644753932952881,2.700916290283203
33762,nan,-0.053408123552799225,inf,6.335484981536865,5.26212739944458
33784,nan,-0.14179818332195282,inf,21.826419830322266,2.5558472771081142e-05
33814,nan,-0.14249710738658905,inf,9.105388641357422,-0.019395655021071434
33899,nan,-0.14130400121212006,inf,17.3659725189209,0.003945732023566961
33971,nan,-0.04142168536782265,inf,7.675313472747803,3.8285515308380127
34017,nan,-0.11225954443216324,inf,8.125791549682617,1.7095251083374023
34024,nan,-0.1408492922782898,inf,16.32733154296875,0.07173638790845871
34086,nan,-0.12740948796272278,inf,10.81298542022705,1.1549161672592163
34117,nan,-0.14176134765148163,inf,19.864965438842773,0.002561378525570035
34150,nan,0.312679648399353,inf,5.938196182250977,9.314765930175781
34180,nan,-0.14171406626701355,inf,17.62264060974121,0.0032474517356604338
34201,nan,-0.10793864727020264,inf,13.019932746887207,1.4845259189605713
34207,nan,-0.14080917835235596,inf,19.336578369140625,0.06796932220458984
34226,nan,-0.11550848931074142,inf,8.533437728881836,0.3361290395259857
34240,nan,0.6127554774284363,inf,5.308374881744385,21.430627822875977
34246,nan,2.3184728622436523,inf,2.1515748500823975,57.889400482177734
34247,nan,-0.04667806625366211,inf,8.723451614379883,2.878626585006714
34373,nan,-0.141798734664917,inf,26.245237350463867,4.76837158203125e-07
34425,nan,-0.14146888256072998,inf,14.599902153015137,0.009680652990937233
34428,nan,-0.042875561863183975,inf,8.042367935180664,2.7385764122009277
34453,nan,1.855703353881836,inf,3.4193997383117676,61.40131759643555
34467,nan,-0.07533062249422073,inf,9.623842239379883,1.7283767461776733
34477,nan,-0.09627029299736023,inf,7.69789981842041,1.5191041231155396
34493,nan,0.05518065020442009,inf,6.223508358001709,2.6883084774017334
34500,nan,-0.14178793132305145,inf,23.10025978088379,0.0007331848028115928
34547,nan,-0.14131833612918854,inf,13.407719612121582,0.026021957397460938
34568,nan,-0.14126765727996826,inf,12.860661506652832,0.02329559437930584
34593,nan,-0.1417757123708725,inf,15.55603313446045,0.0010963439708575606
34610,nan,-0.12088608741760254,inf,9.143135070800781,1.405268907546997
34633,nan,-0.1264595091342926,inf,8.358613967895508,0.3514157831668854
34635,nan,-0.13775034248828888,inf,14.053336143493652,0.2720603048801422
34657,nan,-0.07457005232572556,inf,7.6169891357421875,0.6425856947898865
34685,nan,-0.14179332554340363,inf,22.960418701171875,0.00037279128446243703
34695,nan,-0.013307958841323853,inf,6.348930358886719,6.5363640785217285
34723,nan,-0.14147958159446716,inf,13.407259941101074,0.012073755264282227
34816,nan,-0.1414833515882492,inf,13.452919006347656,0.01852703094482422
34897,nan,-0.13706956803798676,inf,13.005607604980469,0.15565720200538635
34929,nan,-0.1470525860786438,inf,8.478372573852539,-0.2199687510728836
34937,nan,0.7450746893882751,inf,4.683914661407471,11.00414752960205
35005,nan,-0.1670442372560501,inf,10.436644554138184,-0.02623053826391697
35027,nan,-0.14176908135414124,inf,14.652493476867676,0.001944208168424666
35085,nan,-0.08051297068595886,inf,6.7407450675964355,3.7737877368927
35099,nan,-0.14179359376430511,inf,18.982030868530273,0.0002876281796488911
35171,nan,-0.1416969895362854,inf,18.38738250732422,0.0045623779296875
35201,nan,-0.08946099877357483,inf,6.905497074127197,0.1540270298719406
35202,nan,-0.08149324357509613,inf,7.18454122543335,1.5421583652496338
35213,nan,-0.1417565494775772,inf,18.17063331604004,0.002269995165988803
35246,nan,-0.14175096154212952,inf,16.775272369384766,0.0021356584038585424
35303,nan,-0.14180435240268707,inf,13.876452445983887,0.007888579741120338
35328,nan,-0.08943615853786469,inf,8.196819305419922,2.360945701599121
35339,nan,-0.1416933238506317,inf,17.231586456298828,0.003920555114746094
35345,nan,-0.14173586666584015,inf,17.083471298217773,0.0020423890091478825
35366,nan,-0.1417987197637558,inf,27.40369987487793,3.051757857974735e-06
35383,nan,-0.13204926252365112,inf,9.20131778717041,0.440766304731369
35417,nan,-0.14110983908176422,inf,14.04917049407959,0.011068868450820446
35420,nan,-0.13336795568466187,inf,11.879012107849121,0.35594674944877625
35455,nan,-0.12953761219978333,inf,10.378569602966309,0.18060579895973206
35457,nan,-0.12265463918447495,inf,9.125398635864258,0.7940446734428406
35488,nan,-0.13485579192638397,inf,10.53434944152832,0.3568209111690521
35489,nan,-0.13822484016418457,inf,9.460801124572754,0.10794410854578018
35538,nan,-0.1409272998571396,inf,11.279446601867676,0.036190249025821686
35553,nan,-0.10505997389554977,inf,6.6069254875183105,1.6931580305099487
35562,nan,-0.14179864525794983,inf,27.706491470336914,3.4332276754867053e-06
35574,nan,-0.14174923300743103,inf,16.329910278320312,0.0018712282180786133
35609,nan,-0.13899333775043488,inf,11.840925216674805,0.1594453603029251
35658,nan,-0.1417950838804245,inf,18.79404640197754,0.000889813934918493
35672,nan,-0.14080505073070526,inf,14.009390830993652,0.03829069063067436
35686,nan,-0.03752041980624199,inf,7.261657238006592,2.3141212463378906
35696,nan,-0.14118878543376923,inf,11.275980949401855,0.04665866121649742
35733,nan,-0.13978590071201324,inf,13.973065376281738,0.11382471770048141
35747,nan,-0.13873125612735748,inf,12.18368148803711,0.1338379830121994
35763,nan,-0.14176903665065765,inf,17.657630920410156,0.00159626011736691
35811,nan,-0.1417924016714096,inf,17.19230842590332,0.0003158569452352822
35834,nan,0.8670049905776978,inf,4.54957389831543,29.126449584960938
35854,nan,-0.16306762397289276,inf,4.4452643394470215,-0.8313717246055603
35919,nan,-0.13195346295833588,inf,13.753303527832031,0.4012920558452606
35964,nan,-0.14213059842586517,inf,12.969279289245605,0.00256862654350698
35985,nan,-0.1374148279428482,inf,12.576529502868652,0.2534807324409485
35990,nan,-0.13933061063289642,inf,18.13656234741211,0.16915397346019745
36049,nan,-0.13685762882232666,inf,11.779751777648926,0.16460028290748596
36116,nan,0.028076449409127235,inf,6.36655855178833,4.714478969573975
36179,nan,-0.033448293805122375,inf,7.24231481552124,4.002103328704834
36181,nan,-0.15068604052066803,inf,10.110152244567871,-0.2891105115413666
36192,nan,-0.1417882889509201,inf,16.05739402770996,0.0010637283558025956
36209,nan,-0.14118485152721405,inf,10.272025108337402,0.1552082598209381
36238,nan,-0.13598118722438812,inf,9.547125816345215,0.2130611389875412
36245,nan,-0.14218179881572723,inf,12.703622817993164,-0.0025911570992320776
36250,nan,-0.14179998636245728,inf,23.722225189208984,-3.128051685052924e-05
36270,nan,-0.14174781739711761,inf,14.704035758972168,0.0030765533447265625
36276,nan,-0.1433272808790207,inf,25.276653289794922,-0.008256149478256702
36325,nan,-0.13789114356040955,inf,13.718192100524902,0.13719038665294647
36329,nan,0.1720418781042099,inf,6.386089324951172,7.897681713104248
36424,nan,0.15194468200206757,inf,7.923703193664551,9.19420337677002
36445,nan,-0.14179089665412903,inf,14.120076179504395,0.0022624970879405737
36463,nan,-0.13935010135173798,inf,11.957194328308105,0.1444208174943924
36518,nan,-0.13651393353939056,inf,11.472739219665527,0.3371122479438782
36519,nan,0.22324402630329132,inf,6.293050289154053,9.321036338806152
36552,nan,-0.12393863499164581,inf,14.8998384475708,0.7882172465324402
36593,nan,-0.13096247613430023,inf,10.990758895874023,0.6804466247558594
36594,nan,-0.14173029363155365,inf,15.192458152770996,0.0029867172706872225
36618,nan,-0.14179767668247223,inf,21.560976028442383,7.152557373046875e-05
36757,nan,-0.04189039394259453,inf,8.629149436950684,3.0931668281555176
36762,nan,0.12413843721151352,inf,5.377511024475098,4.9589738845825195
36835,nan,-0.11020267009735107,inf,9.297139167785645,0.9161257147789001
36869,nan,-0.09957506507635117,inf,6.942254543304443,0.9888014197349548
36880,nan,-0.1417987197637558,inf,26.71906089782715,3.051757857974735e-06
36889,nan,-0.14130355417728424,inf,12.730097770690918,0.023962784558534622
36912,nan,-0.1415015310049057,inf,13.77849006652832,0.00833659153431654
36928,nan,-0.13823990523815155,inf,14.885026931762695,0.16282007098197937
36938,nan,-0.14179298281669617,inf,17.08722496032715,0.00022039414034225047
36939,nan,-0.1416928619146347,inf,17.062253952026367,0.00348834996111691
36958,nan,-0.14037257432937622,inf,11.419987678527832,0.09740900248289108
37081,nan,-0.1417020857334137,inf,17.198781967163086,0.0030430795159190893
37173,nan,0.025098830461502075,inf,7.042847633361816,3.69507098197937
37269,nan,-0.09003693610429764,inf,14.33655071258545,0.794255793094635
37286,nan,-0.1338546723127365,inf,11.350703239440918,0.140727236866951
37342,nan,-0.1115676686167717,inf,9.08389663696289,0.2307928055524826
37404,nan,-0.12695099413394928,inf,10.019343376159668,0.4020068347454071
37446,nan,-0.13949213922023773,inf,10.744564056396484,0.12277217209339142
37456,nan,-0.13114969432353973,inf,14.140372276306152,0.46345624327659607
37495,nan,-0.14634887874126434,inf,14.88514232635498,-0.05759182199835777
37558,nan,-0.1417972296476364,inf,22.197011947631836,0.00011024474952137098
37577,nan,0.05026021599769592,inf,7.598513126373291,7.563963413238525
37605,nan,-0.14166826009750366,inf,13.405505180358887,0.006385898683220148
37637,nan,-0.036458536982536316,inf,6.502199649810791,1.817023515701294
37679,nan,-0.13676296174526215,inf,10.128744125366211,0.2522814869880676
37712,nan,-0.1512782871723175,inf,7.031726837158203,-0.2801850438117981
37734,nan,-0.14174777269363403,inf,17.376327514648438,0.0029380798805505037
37747,nan,-0.1425381302833557,inf,11.337726593017578,-0.011350489221513271
37752,nan,-0.0984625369310379,inf,12.447179794311523,1.3065701723098755
37770,nan,-0.0706670731306076,inf,8.079285621643066,0.6448020935058594
37807,nan,-0.14023225009441376,inf,12.926924705505371,0.09362583607435226
37871,nan,-0.14146174490451813,inf,13.593162536621094,0.02131061628460884
37937,nan,0.08963374048471451,inf,6.475747108459473,3.9850776195526123
37972,nan,1.2042548656463623,inf,4.115516662597656,23.790912628173828
38001,nan,0.3186579644680023,inf,4.652379512786865,13.17461109161377
38024,nan,-0.1288781315088272,inf,11.462869644165039,0.35620155930519104
38029,nan,0.3334573209285736,inf,5.01006555557251,22.822166442871094
38030,nan,-0.14179567992687225,inf,22.353137969970703,0.00020380019850563258
38036,nan,-0.050729166716337204,inf,9.524120330810547,5.3510589599609375
38132,nan,-0.0917101725935936,inf,5.044412612915039,7.795124053955078
38148,nan,-0.13750195503234863,inf,12.587777137756348,0.17588119208812714
38168,nan,-0.1626470983028412,inf,7.383452892303467,-0.16586418449878693
38177,nan,-0.11624067276716232,inf,9.789999961853027,0.482326477766037
38180,nan,0.7455130219459534,inf,3.5680534839630127,24.288000106811523
38222,nan,-0.11871080845594406,inf,11.73633861541748,0.38229694962501526
38281,nan,-0.1415444165468216,inf,14.755404472351074,0.014294648543000221
38287,nan,-0.11216466873884201,inf,9.294024467468262,0.31949958205223083
38301,nan,0.2191273421049118,inf,4.505297660827637,11.328453063964844
38348,nan,-0.14221251010894775,inf,13.08686351776123,-0.0072311400435864925
38416,nan,-0.14006678760051727,inf,4.035310745239258,3.8676865100860596
38421,nan,-0.14045755565166473,inf,11.42691707611084,0.025784015655517578
38437,nan,-0.1334090530872345,inf,14.725638389587402,0.27540674805641174
38447,nan,-0.14179596304893494,inf,20.53136444091797,9.71794142969884e-05
38517,nan,-0.14179398119449615,inf,21.327136993408203,0.0001827240048442036
38527,nan,-0.14169828593730927,inf,17.30708885192871,0.0067314147017896175
38540,nan,0.055287815630435944,inf,5.7841267585754395,4.912175178527832
38561,nan,-0.14185358583927155,inf,18.844465255737305,-0.0015930176014080644
38634,nan,0.008178492076694965,inf,7.589695930480957,7.449380397796631
38639,nan,0.9944108128547668,inf,4.539351940155029,27.70832633972168
38650,nan,1.248958945274353,inf,4.719693183898926,36.71575927734375
38659,nan,-0.12206654995679855,inf,8.874544143676758,0.7841281890869141
38665,nan,-0.13192766904830933,inf,11.06485366821289,0.24942021071910858
38741,nan,-0.1418374925851822,inf,14.659754753112793,0.00319423689506948
38757,nan,-0.1326379030942917,inf,10.28801155090332,0.14932242035865784
38781,nan,-0.14166110754013062,inf,15.08836841583252,0.008725452236831188
38803,nan,-0.13720571994781494,inf,13.546141624450684,0.33137771487236023
38810,nan,-0.1945832222700119,inf,7.161008358001709,0.20157109200954437
38867,nan,-0.10394960641860962,inf,10.444938659667969,0.8075271844863892
38890,nan,0.04216805845499039,inf,5.775359630584717,6.478374004364014
38930,nan,-0.14343644678592682,inf,9.94244384765625,0.05083894729614258
38960,nan,-0.14170710742473602,inf,14.805015563964844,0.003870892571285367
38970,nan,-0.12103696167469025,inf,7.729640960693359,0.583662211894989
38973,nan,-0.12407433241605759,inf,8.7180814743042,0.5678340792655945
39094,nan,-0.14158184826374054,inf,16.01449203491211,0.01615314558148384
39107,nan,-0.14133289456367493,inf,14.362823486328125,0.014436006546020508
39123,nan,-0.14240626990795135,inf,9.199797630310059,0.2225927859544754
39161,nan,-0.1411706507205963,inf,13.366569519042969,0.015556049533188343
39166,nan,-0.14070366322994232,inf,11.265289306640625,0.05455904081463814
39168,nan,-0.08936911076307297,inf,7.126655578613281,1.3854011297225952
39183,nan,-0.14177460968494415,inf,15.338469505310059,0.0017053604824468493
39212,nan,-0.14176516234874725,inf,15.332199096679688,0.0016920090420171618
39223,nan,0.18240144848823547,inf,6.087388515472412,4.787992000579834
39249,nan,-0.13116402924060822,inf,7.440126895904541,0.3647730052471161
39330,nan,-0.14172488451004028,inf,18.49941062927246,0.004369640257209539
39338,nan,-0.11675138771533966,inf,7.460903167724609,0.3376533091068268
39394,nan,0.04634883627295494,inf,5.833723068237305,2.7080986499786377
39462,nan,-0.06471937894821167,inf,8.906952857971191,2.562514066696167
39470,nan,-0.14179876446723938,inf,30.059906005859375,0.0
39502,nan,0.39151760935783386,inf,7.07039213180542,16.08740234375
39550,nan,3.636810779571533,inf,1.9107685089111328,81.3807373046875
39577,nan,-0.14179599285125732,inf,21.172033309936523,0.00012283325486350805
39587,nan,0.002722481731325388,inf,5.884533405303955,4.6036601066589355
39627,nan,-0.11850287765264511,inf,10.730203628540039,0.8619131445884705
39646,nan,-0.14179867506027222,inf,22.287296295166016,2.3365021206700476e-06
39670,nan,-0.14180032908916473,inf,23.504281997680664,-3.852844383800402e-05
39715,nan,-0.14179331064224243,inf,20.767459869384766,0.000334942335030064
39720,nan,0.5814561247825623,inf,4.560094356536865,19.039213180541992
39805,nan,0.14797580242156982,inf,7.271470069885254,3.0797221660614014
39813,nan,-0.09638705104589462,inf,7.342947483062744,1.5747336149215698
39829,nan,-0.1415075659751892,inf,13.73835277557373,0.014199256896972656
39831,nan,-0.09727924317121506,inf,8.082695007324219,1.9150036573410034
39864,nan,-0.14146752655506134,inf,10.459877014160156,0.014914131723344326
39865,nan,-0.13683678209781647,inf,8.728388786315918,0.15984301269054413
39905,nan,-0.0911010354757309,inf,11.787703514099121,0.280895471572876
39930,nan,-0.10663261264562607,inf,8.156881332397461,0.8452035188674927
40005,nan,-0.14158402383327484,inf,17.084915161132812,0.004974770825356245
40021,nan,-0.14181393384933472,inf,13.691214561462402,0.000469017046270892
40023,nan,-0.14102891087532043,inf,12.485701560974121,0.04422741010785103
40035,nan,0.12933583557605743,inf,4.543182373046875,10.713505744934082
40094,nan,-0.03944644704461098,inf,6.637130260467529,3.361698627471924
40116,nan,-0.14179198443889618,inf,17.99471664428711,0.00016708373732399195
40157,nan,-0.14179371297359467,inf,16.387582778930664,0.00020579100237227976
40159,nan,-0.14178210496902466,inf,15.655000686645508,0.0024424553848803043
40161,nan,-0.14209966361522675,inf,11.585371017456055,-0.008171654306352139
40212,nan,-0.08800145238637924,inf,6.81300687789917,0.8540648818016052
40306,nan,-0.11918503046035767,inf,10.51410961151123,0.6295503377914429
40341,nan,0.15821625292301178,inf,5.868565559387207,10.013167381286621
40377,nan,-0.14179812371730804,inf,24.91900634765625,2.822876012942288e-05
40392,nan,-0.0767812579870224,inf,9.620108604431152,1.8620901107788086
40418,nan,0.12772543728351593,inf,6.436110019683838,7.592616558074951
40430,nan,-0.14007170498371124,inf,13.774884223937988,0.0494963638484478
40494,nan,-0.1402348279953003,inf,12.28052043914795,0.052401065826416016
40585,nan,-0.13571123778820038,inf,13.714468955993652,0.14627721905708313
40619,nan,-0.14180675148963928,inf,14.791348457336426,0.00019824504852294922
40667,nan,-0.10986534506082535,inf,8.058327674865723,0.9788557887077332
40686,nan,0.5680407881736755,inf,5.067409992218018,14.175480842590332
40687,nan,-0.12250431627035141,inf,8.639447212219238,1.1371411085128784
40727,nan,-0.08938273042440414,inf,8.598186492919922,0.9048500061035156
40740,nan,-0.14157840609550476,inf,14.709759712219238,0.008370018564164639
40765,nan,-0.14509209990501404,inf,9.009275436401367,0.004532146733254194
40803,nan,-0.137374147772789,inf,11.859308242797852,0.15806761384010315
40822,nan,-0.09915920346975327,inf,7.765809059143066,0.5572709441184998
40867,nan,-0.10500528663396835,inf,5.7455644607543945,2.080613374710083
40877,nan,-0.14179876446723938,inf,24.65326499938965,2.670288040462765e-06
40894,nan,-0.14011885225772858,inf,9.021806716918945,0.10511165112257004
40954,nan,-0.08659558743238449,inf,7.232283115386963,2.7165403366088867
40967,nan,0.09293540567159653,inf,5.761139392852783,6.965709209442139
40982,nan,-0.13645079731941223,inf,8.756845474243164,0.905329704284668
41032,nan,-0.14176110923290253,inf,15.447833061218262,0.001953125
41065,nan,-0.058456361293792725,inf,8.443160057067871,3.996469259262085
41149,nan,-0.14177612960338593,inf,15.447303771972656,0.0019762993324548006
41249,nan,-0.14173129200935364,inf,17.258214950561523,0.003733348799869418
41280,nan,-0.1372959464788437,inf,11.005409240722656,0.2062917798757553
41307,nan,-0.03312268480658531,inf,5.605275630950928,3.3263516426086426
41327,nan,-0.1417778581380844,inf,16.878215789794922,0.0010269880294799805
41331,nan,-0.13155685365200043,inf,11.185979843139648,0.6335777640342712
41351,nan,0.03555602207779884,inf,7.293577671051025,6.222530364990234
41356,nan,1.5289106369018555,inf,2.6373648643493652,46.02161407470703
41372,nan,0.405658483505249,inf,5.232207775115967,12.510249137878418
41518,nan,-0.14171536266803741,inf,14.345191955566406,0.0033234120346605778
41547,nan,-0.14179661870002747,inf,20.65028953552246,0.0001455783931305632
41585,nan,-0.14180471003055573,inf,19.49315643310547,-0.00016379356384277344
41589,nan,-0.14068932831287384,inf,12.342435836791992,0.04769894480705261
41616,nan,-0.14129815995693207,inf,13.91881275177002,0.017876697704195976
41643,nan,0.1849018931388855,inf,3.652860403060913,12.885528564453125
41654,nan,-0.13782189786434174,inf,10.049287796020508,0.1407318115234375
41680,nan,-0.13067971169948578,inf,10.076030731201172,0.21587562561035156
41696,nan,0.15242460370063782,inf,7.043724060058594,2.7259793281555176
41739,nan,0.15785561501979828,inf,5.403832912445068,11.710150718688965
41809,nan,-0.14177578687667847,inf,17.081262588500977,0.0005922317504882812
41818,nan,-0.1389293223619461,inf,9.297829627990723,0.22091341018676758
41826,nan,-0.1362612545490265,inf,12.853912353515625,0.18788495659828186
41837,nan,-0.13573917746543884,inf,9.557971000671387,0.2326679229736328
41838,nan,-0.12422148138284683,inf,9.834800720214844,0.5436045527458191
41908,nan,-0.11138226091861725,inf,9.883708000183105,1.3294105529785156
41926,nan,-0.11551789194345474,inf,10.351641654968262,0.8417627215385437
41939,nan,-0.14179876446723938,inf,37.07239532470703,0.0
41986,nan,-0.11231584846973419,inf,15.791757583618164,0.9870849847793579
42030,nan,-0.06738852709531784,inf,6.680811405181885,2.4737865924835205
42131,nan,-0.09638072550296783,inf,8.724639892578125,1.492372751235962
42141,nan,-0.08377590775489807,inf,7.246729373931885,1.2614792585372925
42147,nan,-0.10958291590213776,inf,6.708972454071045,0.6330646872520447
42169,nan,0.1096770390868187,inf,6.365601539611816,11.305052757263184
42214,nan,-0.06127423793077469,inf,8.21882152557373,2.9346585273742676
42266,nan,-0.04210149869322777,inf,9.252994537353516,5.4223151206970215
42318,nan,-0.12962426245212555,inf,13.394915580749512,0.73709636926651
42437,nan,-0.1417987197637558,inf,23.484329223632812,1.5258789289873675e-06
42473,nan,0.0345904715359211,inf,3.6534173488616943,10.04697036743164
42474,nan,-0.1418008953332901,inf,16.492963790893555,0.0001830101100495085
42477,nan,-0.1403304934501648,inf,15.243356704711914,0.10077743977308273
42482,nan,0.024577859789133072,inf,7.066638946533203,5.275025367736816
42490,nan,-0.14178478717803955,inf,17.74134063720703,0.0004322052118368447
42516,nan,-0.14174756407737732,inf,16.384613037109375,0.002787017961964011
42587,nan,-0.14178141951560974,inf,17.588640213012695,0.0007335662958212197
42605,nan,-0.14392495155334473,inf,9.666936874389648,-0.00012116432480979711
42641,nan,-0.05165152624249458,inf,7.871635437011719,1.3842594623565674
42650,nan,-0.14179430902004242,inf,15.677337646484375,0.00010087490227306262
42706,nan,-0.14178654551506042,inf,16.841039657592773,0.0005290984991006553
42712,nan,-0.14186665415763855,inf,10.727354049682617,0.0012469291687011719
42734,nan,-0.1368699073791504,inf,8.781786918640137,0.5686975717544556
42772,nan,-0.14179876446723938,inf,45.27358627319336,0.0
42783,nan,-0.10699621587991714,inf,8.998196601867676,1.372341513633728
42832,nan,-0.12099935114383698,inf,9.837896347045898,0.293290913105011
42836,nan,-0.14179807901382446,inf,18.471397399902344,8.187293860828504e-05
42842,nan,-0.10224107652902603,inf,4.880190372467041,0.4886879026889801
42893,nan,-0.14179489016532898,inf,19.03226661682129,0.0002549171622376889
42918,nan,-0.023025652393698692,inf,7.933596134185791,3.409231662750244
42938,nan,-0.14179727435112,inf,26.108816146850586,4.57763671875e-05
42955,nan,-0.1402250975370407,inf,13.002921104431152,0.10107693821191788
42996,nan,0.1748800128698349,inf,3.909637212753296,13.563458442687988
43083,nan,-0.14176404476165771,inf,19.47146987915039,0.0022814751137048006
43112,nan,-0.009061201475560665,inf,8.984808921813965,3.0939109325408936
43178,nan,-0.14389751851558685,inf,10.945940971374512,-0.041025735437870026
43179,nan,-0.14116747677326202,inf,14.7093505859375,0.028616715222597122
43190,nan,1.080756664276123,inf,5.934573650360107,47.77096176147461
43226,nan,-0.14053303003311157,inf,12.001550674438477,0.058924734592437744
43256,nan,0.3740415573120117,inf,3.94553542137146,14.053596496582031
43257,nan,-0.14232711493968964,inf,10.78769588470459,0.06291966885328293
43259,nan,-0.1389451026916504,inf,12.296445846557617,0.11202297359704971
43284,nan,-0.04476173222064972,inf,13.151178359985352,4.2880964279174805
43375,nan,-0.1417021006345749,inf,14.600829124450684,0.0034870149102061987
43387,nan,-0.1387501358985901,inf,11.57710075378418,0.10200836509466171
43389,nan,-0.12353666126728058,inf,9.07248306274414,1.1497186422348022
43443,nan,-0.1393064707517624,inf,12.456074714660645,0.11929203569889069
43522,nan,-0.13171391189098358,inf,7.057697296142578,0.6700115203857422
43551,nan,-0.1195552870631218,inf,11.02929973602295,0.8374130129814148
43559,nan,-0.13734786212444305,inf,12.842416763305664,0.22202168405056
43620,nan,-0.14002572000026703,inf,15.190322875976562,0.08263373374938965
43643,nan,-0.14155788719654083,inf,16.45716667175293,0.008372879587113857
43651,nan,0.07227503508329391,inf,7.981603145599365,7.549247741699219
43690,nan,-0.01645689457654953,inf,7.084608554840088,3.813697576522827
43716,nan,0.2656046450138092,inf,3.761526107788086,9.002144813537598
43820,nan,-0.05842915177345276,inf,7.235675811767578,2.8030765056610107
43850,nan,-0.14153032004833221,inf,11.54638957977295,0.006966686341911554
43877,nan,1.2155531644821167,inf,3.431028366088867,22.311803817749023
43884,nan,-0.1416768580675125,inf,13.509142875671387,0.005776214879006147
43909,nan,-0.14179731905460358,inf,22.078088760375977,7.62939453125e-05
43978,nan,-0.13883398473262787,inf,9.597890853881836,0.20758533477783203
43983,nan,-0.15806446969509125,inf,6.059089183807373,-0.3683006465435028
44045,nan,-0.1468859165906906,inf,10.766746520996094,-0.2471226453781128
44053,nan,-0.04074954241514206,inf,5.638491630554199,5.374599456787109
44094,nan,-0.14111173152923584,inf,10.070640563964844,0.04257100820541382
44227,nan,0.022765064612030983,inf,6.1070051193237305,6.524275302886963
44259,nan,-0.11825503408908844,inf,8.390094757080078,0.7813816070556641
44272,nan,-0.11522096395492554,inf,11.109304428100586,0.548253059387207
44288,nan,0.5210179090499878,inf,5.369073390960693,14.65293025970459
44320,nan,-0.06851565092802048,inf,8.63306713104248,3.322791814804077
44348,nan,-0.13913580775260925,inf,9.469164848327637,0.09282287955284119
44390,nan,-0.14054565131664276,inf,10.400603294372559,0.038018036633729935
44396,nan,-0.07657109946012497,inf,6.835414409637451,2.0365521907806396
44399,nan,-0.14078351855278015,inf,13.341511726379395,0.0483219139277935
44416,nan,-0.14184975624084473,inf,14.637904167175293,-0.004070592112839222
44428,nan,-0.14166735112667084,inf,18.737632751464844,0.00491256732493639
44448,nan,-0.14168302714824677,inf,15.2732572555542,0.00613746652379632
44457,nan,-0.139382466673851,inf,9.945374488830566,0.04199276119470596
44468,nan,-0.12834863364696503,inf,8.043237686157227,0.3646831512451172
44471,nan,-0.09228639304637909,inf,7.130623817443848,2.171241283416748
44557,nan,-0.11091462522745132,inf,10.784834861755371,0.5112140774726868
44581,nan,-0.1409904956817627,inf,10.491304397583008,0.030336951836943626
44598,nan,-0.14179858565330505,inf,21.95660972595215,1.1038780030503403e-05
44649,nan,1.5782331228256226,inf,3.8159987926483154,27.71286392211914
44650,nan,-0.14179174602031708,inf,16.178041458129883,0.00025407076464034617
44737,nan,-0.14129900932312012,inf,12.00787353515625,0.016108131036162376
44796,nan,-0.03353675827383995,inf,7.7436041831970215,3.5611655712127686
44799,nan,-0.14175480604171753,inf,16.400705337524414,0.0016254425281658769
44819,nan,-0.13813602924346924,inf,12.494903564453125,0.2531015872955322
44832,nan,-0.14258086681365967,inf,10.874945640563965,-0.003357625100761652
44878,nan,-0.13550785183906555,inf,10.188529968261719,0.2859356999397278
44930,nan,-0.14083577692508698,inf,9.182859420776367,0.06078147888183594
44946,nan,-0.14075443148612976,inf,14.233428955078125,0.019954917952418327
44967,nan,-0.14177843928337097,inf,18.514652252197266,0.00092315673828125
44980,nan,-0.13790898025035858,inf,14.3970947265625,0.18576431274414062
45042,nan,-0.05364076420664787,inf,7.483545780181885,3.17742657661438
45076,nan,-0.14143791794776917,inf,17.59008026123047,0.019181443378329277
45086,nan,-0.11312296241521835,inf,8.216108322143555,0.7221623659133911
45134,nan,-0.12967826426029205,inf,8.743502616882324,0.3754991590976715
45223,nan,-0.14169341325759888,inf,13.952753067016602,0.0042587281204760075
45252,nan,-0.14179877936840057,inf,29.996448516845703,-3.814697322468419e-07
45353,nan,-0.14273810386657715,inf,15.799267768859863,0.0001218795805471018
45365,nan,-0.14177298545837402,inf,13.822580337524414,0.0008696317672729492
45370,nan,-0.1415528506040573,inf,15.633837699890137,0.017315149307250977
45395,nan,-0.14179831743240356,inf,22.72999382019043,2.9373170036706142e-05
45406,nan,-0.14180022478103638,inf,14.029559135437012,0.0018049239879474044
45411,nan,-0.03593103587627411,inf,5.696773052215576,4.577829360961914
45420,nan,-0.1417090743780136,inf,15.3355712890625,0.005694770719856024
45469,nan,-0.14116805791854858,inf,19.734045028686523,0.04028616100549698
45547,nan,-0.13095226883888245,inf,8.91849422454834,0.15931740403175354
45566,nan,-0.13580681383609772,inf,12.395279884338379,0.33899053931236267
45595,nan,0.19342423975467682,inf,5.122079372406006,11.414522171020508
45612,nan,-0.13051502406597137,inf,9.491888999938965,0.42606720328330994
45619,nan,-0.13752774894237518,inf,10.66040325164795,0.15974079072475433
45643,nan,-0.14022497832775116,inf,15.618216514587402,0.06900663673877716
45653,nan,-0.10333849489688873,inf,8.380396842956543,1.5346412658691406
45669,nan,1.9958409070968628,inf,3.7484023571014404,71.91815948486328
45716,nan,-0.055624790489673615,inf,5.852515697479248,3.7745819091796875
45728,nan,-0.1417986899614334,inf,17.776647567749023,0.00014228820509742945
45838,nan,-0.1416633129119873,inf,18.172409057617188,0.009122753515839577
45874,nan,-0.13707700371742249,inf,9.016352653503418,0.0628427043557167
45884,nan,-0.14086811244487762,inf,13.719525337219238,0.04063768312335014
45896,nan,1.123883605003357,inf,3.4782397747039795,27.84476661682129
45972,nan,-0.14926543831825256,inf,9.327169418334961,-0.11210713535547256
46033,nan,-0.14161810278892517,inf,15.008890151977539,0.008412170223891735
46037,nan,-0.1319284290075302,inf,9.964726448059082,0.08594246208667755
46039,nan,-0.1417960673570633,inf,18.093416213989258,0.00010728836059570312
46094,nan,-0.05194590240716934,inf,7.935789585113525,2.842672824859619
46162,nan,-0.14149422943592072,inf,13.3222074508667,0.017195463180541992
46168,nan,-0.1402408927679062,inf,8.973730087280273,0.0925181433558464
46209,nan,1.724529504776001,inf,4.433753490447998,54.43134307861328
46213,nan,-0.14179755747318268,inf,22.890806198120117,3.900528099620715e-05
46254,nan,0.0434950552880764,inf,5.973964214324951,3.24216890335083
46268,nan,-0.14177292585372925,inf,16.499723434448242,0.001316070556640625
46310,nan,-0.13053350150585175,inf,10.260215759277344,0.3239081799983978
46325,nan,-0.13738811016082764,inf,11.158110618591309,0.12871865928173065
46346,nan,-0.03559284657239914,inf,8.61205768585205,4.502513408660889
46353,nan,0.16698428988456726,inf,5.175262451171875,8.971465110778809
46362,nan,-0.14059537649154663,inf,12.800137519836426,0.058798935264348984
46366,nan,-0.14179442822933197,inf,17.774282455444336,0.00029940606327727437
46417,nan,-0.07783959805965424,inf,10.637876510620117,2.6257569789886475
46424,nan,-0.14028896391391754,inf,11.737768173217773,0.09934230148792267
46441,nan,-0.03636450320482254,inf,8.817628860473633,3.4183576107025146
46442,nan,-0.14167965948581696,inf,16.81635856628418,0.007007598876953125
46463,nan,-0.14159803092479706,inf,14.687273979187012,0.006672859191894531
46476,nan,-0.1417987197637558,inf,21.014875411987305,3.051757857974735e-06
46481,nan,-0.13796423375606537,inf,17.24909019470215,0.1682002991437912
46579,nan,-0.14179867506027222,inf,22.207197189331055,3.051757857974735e-06
46596,nan,-0.16077421605587006,inf,7.45778226852417,-0.784294068813324
46606,nan,0.22101794183254242,inf,4.93052864074707,12.156364440917969
46607,nan,-0.07483907788991928,inf,6.839569091796875,2.3145148754119873
46612,nan,-0.1417357623577118,inf,14.713998794555664,0.004038655664771795
46624,nan,-0.11111859232187271,inf,11.747127532958984,0.31511011719703674
46756,nan,-0.14426638185977936,inf,9.853808403015137,0.1355447769165039
46798,nan,-0.1426921784877777,inf,13.086946487426758,-0.007453060243278742
46803,nan,-0.13781192898750305,inf,12.784117698669434,0.11394061893224716
46876,nan,-0.1420217901468277,inf,10.889021873474121,0.004180693533271551
46906,nan,-0.14149954915046692,inf,12.467026710510254,0.012308264151215553
46915,nan,-0.1417563110589981,inf,23.520475387573242,0.0029153823852539062
46916,nan,-0.14179617166519165,inf,18.60458755493164,6.933212716830894e-05
46940,nan,-0.136492520570755,inf,9.444917678833008,0.10364089161157608
46977,nan,-0.14178943634033203,inf,14.198877334594727,0.0013619422679767013
47028,nan,-0.1415509432554245,inf,13.18505573272705,0.009197235107421875
47039,nan,-0.1417994201183319,inf,15.419160842895508,0.00013597607903648168
47079,nan,-0.12676593661308289,inf,11.979865074157715,0.7309349179267883
47081,nan,-0.14163616299629211,inf,13.805450439453125,0.007947039790451527
47121,nan,0.2774218022823334,inf,5.470302104949951,21.619970321655273
47130,nan,-0.14116299152374268,inf,15.418082237243652,0.02245006524026394
47131,nan,-0.14177660644054413,inf,17.469585418701172,0.0011144637828692794
47158,nan,-0.1410643309354782,inf,12.887184143066406,0.032712556421756744
47178,nan,-0.14169727265834808,inf,15.191080093383789,0.0034661293029785156
47198,nan,-0.14121811091899872,inf,14.580065727233887,0.042337991297245026
47239,nan,-0.14168113470077515,inf,15.09464168548584,0.004209804814308882
47259,nan,-0.07384377717971802,inf,9.974217414855957,1.654568076133728
47262,nan,-0.14179657399654388,inf,28.638364791870117,0.00015106202044989914
47278,nan,-0.13933071494102478,inf,8.687057495117188,0.0987970232963562
47310,nan,-0.08926820755004883,inf,9.152851104736328,1.1661226749420166
47325,nan,-0.14178861677646637,inf,16.04737663269043,0.00031280517578125
47371,nan,-0.1416163295507431,inf,14.448399543762207,0.01018744707107544
47383,nan,-0.14201569557189941,inf,13.994295120239258,0.0032564164139330387
47384,nan,-0.12635305523872375,inf,9.759800910949707,0.6189592480659485
47415,nan,3.9748096466064453,inf,2.0333786010742188,80.0142593383789
47419,nan,-0.14129434525966644,inf,11.563068389892578,0.01480178814381361
47498,nan,-0.10705526918172836,inf,8.320649147033691,1.222397804260254
47499,nan,-0.13668657839298248,inf,11.308772087097168,0.06325408816337585
47542,nan,-0.13888123631477356,inf,14.766199111938477,0.08594103157520294
47551,nan,-0.13409927487373352,inf,8.459895133972168,0.2751016616821289
47582,nan,-0.1080520749092102,inf,7.259215831756592,0.9897996187210083
47586,nan,-0.1416819989681244,inf,13.566360473632812,0.003798580262809992
47601,nan,0.33955028653144836,inf,4.9432454109191895,11.733670234680176
47610,nan,-0.14179515838623047,inf,17.108692169189453,0.00018053055100608617
47621,nan,-0.12419150024652481,inf,10.72812557220459,0.3904487192630768
47638,nan,-0.1274501383304596,inf,10.282564163208008,0.3402152955532074
47648,nan,-0.14178884029388428,inf,18.6263484954834,0.0006780624389648438
47658,nan,-0.14179915189743042,inf,21.3279972076416,-7.486343292839592e-06
47670,nan,-0.1468619406223297,inf,9.36279582977295,-0.14393721520900726
47697,nan,-0.1417984664440155,inf,20.816116333007812,1.735687328618951e-05
47711,nan,-0.0022045462392270565,inf,8.138306617736816,5.5984063148498535
47757,nan,-0.1417987048625946,inf,25.367612838745117,3.0994415283203125e-06
47817,nan,-0.13996616005897522,inf,11.646319389343262,0.036851026117801666
47821,nan,-0.1417192816734314,inf,14.988916397094727,0.002577209612354636
47901,nan,-0.13638567924499512,inf,14.118739128112793,0.12389574199914932
47938,nan,-0.024173831567168236,inf,5.4174604415893555,1.83501398563385
47941,nan,-0.1406833380460739,inf,9.87136173248291,0.027480745688080788
47976,nan,-0.14179235696792603,inf,17.562780380249023,0.00019240379333496094
47979,nan,-0.14179877936840057,inf,26.011066436767578,-7.629394644936838e-07
48043,nan,-0.14178042113780975,inf,19.888507843017578,0.0012784957652911544
48055,nan,-0.1416589468717575,inf,11.409411430358887,0.014291822910308838
48057,nan,-0.14129815995693207,inf,13.320767402648926,0.020981598645448685
48105,nan,-0.14153194427490234,inf,13.897480964660645,0.016730977222323418
48171,nan,-0.1338065266609192,inf,11.888137817382812,0.31505757570266724
48206,nan,-0.13438735902309418,inf,10.80371379852295,0.3335408866405487
48220,nan,-0.14056730270385742,inf,12.91491413116455,0.05119600519537926
48264,nan,0.7719941735267639,inf,4.058678150177002,22.752241134643555
48265,nan,-0.14160893857479095,inf,13.987329483032227,0.008629083633422852
48286,nan,-0.14179599285125732,inf,17.772018432617188,0.00010051727440441027
48324,nan,-0.14162364602088928,inf,22.372291564941406,0.012034607119858265
48416,nan,-0.10031404346227646,inf,10.01273250579834,1.737770915031433
48466,nan,-0.14080283045768738,inf,11.221991539001465,0.03716793283820152
48535,nan,0.18657837808132172,inf,4.17173433303833,8.65082836151123
48552,nan,-0.1417844146490097,inf,14.992812156677246,0.00012493133544921875
48568,nan,1.1302578449249268,inf,3.127789258956909,33.494972229003906
48595,nan,-0.1425548642873764,inf,15.529878616333008,-0.012370586395263672
48608,nan,0.07209598273038864,inf,6.103573322296143,7.078366279602051
48643,nan,-0.14181548357009888,inf,22.538068771362305,-0.0004666328604798764
48650,nan,-0.13996849954128265,inf,11.441438674926758,0.09357895702123642
48684,nan,-0.14109347760677338,inf,12.564911842346191,0.039933204650878906
48694,nan,-0.13679032027721405,inf,14.999162673950195,0.22602808475494385
48746,nan,-0.13964930176734924,inf,11.385514259338379,0.03607005998492241
48769,nan,-0.1325812041759491,inf,11.58188533782959,0.12934079766273499
48778,nan,-0.14475543797016144,inf,8.478178024291992,0.07576590776443481
48837,nan,-0.1322506070137024,inf,9.458134651184082,0.13888601958751678
48893,nan,-0.13803283870220184,inf,13.08117389678955,0.04346275329589844
48900,nan,-0.1417253166437149,inf,17.30829429626465,0.003633880754932761
48953,nan,0.35605135560035706,inf,5.3323140144348145,11.731047630310059
48957,nan,-0.14150641858577728,inf,10.90674877166748,-0.01565021090209484
48979,nan,-0.05807327851653099,inf,4.9359130859375,3.5794358253479004
49031,nan,-0.13911227881908417,inf,11.70337963104248,0.13804493844509125
49088,nan,-0.1430395096540451,inf,19.824386596679688,-0.031278401613235474
49134,nan,-0.14115121960639954,inf,14.228218078613281,0.02872486226260662
49154,nan,-0.05925673991441727,inf,7.20828104019165,2.579319715499878
49190,nan,-0.1410316377878189,inf,15.668184280395508,0.051725007593631744
49194,nan,-0.1369364708662033,inf,11.176733016967773,0.2667675018310547
49213,nan,-0.07771637290716171,inf,7.0116286277771,1.9065412282943726
49230,nan,-0.10704125463962555,inf,8.202311515808105,0.5116342902183533
49308,nan,-0.14179803431034088,inf,23.98286247253418,3.013610876223538e-05
49320,nan,-0.14177905023097992,inf,16.66107749938965,0.0011410713195800781
49357,nan,-0.10157283395528793,inf,11.967485427856445,1.6477257013320923
49364,nan,-0.14179441332817078,inf,17.071714401245117,0.0004097938654012978
49376,nan,-0.14001236855983734,inf,10.96319580078125,0.060091402381658554
49378,nan,-0.14169847965240479,inf,16.501689910888672,0.006913948338478804
49427,nan,-0.1417876034975052,inf,17.529340744018555,0.0003761291445698589
49443,nan,-0.11857956647872925,inf,10.693464279174805,0.7116817831993103
49455,nan,3.3199546337127686,inf,2.105787754058838,105.66202545166016
49469,nan,-0.12478156387805939,inf,8.38178539276123,0.38622233271598816
49513,nan,-0.1398058980703354,inf,13.473902702331543,0.07929076999425888
49519,nan,-0.17515650391578674,inf,8.375879287719727,-1.015237808227539
49539,nan,-0.14012511074543,inf,11.10342025756836,0.039774347096681595
49547,nan,-0.14179860055446625,inf,27.53885841369629,5.865097136847908e-06
49649,nan,-0.14180304110050201,inf,18.04615592956543,0.00032291412935592234
49694,nan,-0.14407934248447418,inf,12.029762268066406,0.010829734615981579
49696,nan,-0.14179489016532898,inf,20.7015323638916,0.00015869141498114914
49699,nan,-0.14177817106246948,inf,17.883005142211914,0.0012018204433843493
49726,nan,-0.141557976603508,inf,17.43084144592285,0.007209110539406538
49735,nan,-0.10781446844339371,inf,9.1279878616333,1.0584511756896973
49747,nan,-0.1417265236377716,inf,16.570371627807617,0.004161882679909468
49751,nan,-0.13787485659122467,inf,10.443804740905762,0.2090260535478592
49768,nan,-0.1358952820301056,inf,11.722966194152832,0.27217578887939453
49801,nan,-0.14129619300365448,inf,8.547093391418457,0.10546555370092392
49825,nan,-0.1416914314031601,inf,14.31395149230957,0.005677414126694202
49839,nan,-0.13971389830112457,inf,15.054430961608887,0.05804328992962837
49851,nan,-0.10644465684890747,inf,8.997244834899902,1.3472952842712402
49870,nan,0.06505387276411057,inf,5.866427898406982,2.3572611808776855
50019,nan,-0.1390722393989563,inf,14.40563678741455,0.06890354305505753
50033,nan,-0.1401616483926773,inf,10.47432804107666,0.07434096187353134
50034,nan,-0.18108674883842468,inf,4.910762786865234,-2.114809989929199
50090,nan,-0.14003948867321014,inf,13.874037742614746,0.048175811767578125
50121,nan,-0.13937336206436157,inf,8.61115550994873,0.32787561416625977
50162,nan,0.05721280723810196,inf,5.716039180755615,4.077560901641846
50183,nan,-0.1417796015739441,inf,18.737424850463867,0.00036017896491102874
50190,nan,-0.14057815074920654,inf,12.409489631652832,0.053092777729034424
50258,nan,-0.1409865766763687,inf,15.436836242675781,0.019256019964814186
50283,nan,-0.14108608663082123,inf,17.04481315612793,0.020705223083496094
50290,nan,-0.13949981331825256,inf,11.408623695373535,0.08187486976385117
50304,nan,0.07514717429876328,inf,6.34641170501709,7.827867031097412
50311,nan,-0.1417551189661026,inf,15.695467948913574,0.00188703543972224
50331,nan,0.2248767465353012,inf,4.973409175872803,16.52674102783203
50428,nan,-0.14181123673915863,inf,28.604459762573242,-0.0003730297030415386
50510,nan,-0.1265944242477417,inf,10.800958633422852,0.22706757485866547
50515,nan,-0.07273481041193008,inf,6.8652801513671875,1.059983491897583
50521,nan,-0.14180803298950195,inf,17.52058982849121,-0.0001894235610961914
50523,nan,-0.1404556781053543,inf,13.30945110321045,0.06285861879587173
50527,nan,1.2949639558792114,inf,3.7915875911712646,19.976804733276367
50541,nan,0.08406637609004974,inf,5.473429203033447,4.186046600341797
50554,nan,-0.14177583158016205,inf,23.517587661743164,0.0006922245374880731
50570,nan,-0.14090342819690704,inf,10.765875816345215,0.04869690164923668
50607,nan,0.1177290827035904,inf,5.449552059173584,7.703410625457764
50614,nan,-0.14182057976722717,inf,18.903167724609375,0.000358390825567767
50645,nan,-0.1417929232120514,inf,23.33930206298828,0.0004093170282430947
50665,nan,-0.14142678678035736,inf,13.327717781066895,0.013346577063202858
50749,nan,-0.1243540570139885,inf,9.626151084899902,1.0757747888565063
50816,nan,-0.16292336583137512,inf,7.764842510223389,-0.19324207305908203
50829,nan,-0.1418037861585617,inf,14.032197952270508,-7.152557373046875e-06
50842,nan,-0.14170652627944946,inf,20.144704818725586,0.005379104521125555
50852,nan,-0.10336269438266754,inf,10.455109596252441,1.4916441440582275
50859,nan,-0.14144852757453918,inf,13.551426887512207,0.02038593403995037
50888,nan,-0.1411316990852356,inf,11.4179105758667,0.0538177490234375
50897,nan,-0.1382698267698288,inf,11.28072452545166,0.11086111515760422
50952,nan,-0.14085820317268372,inf,13.024626731872559,0.05087637901306152
50959,nan,-0.13793329894542694,inf,8.973190307617188,0.23338375985622406
50962,nan,0.19659364223480225,inf,5.452280521392822,7.216286659240723
51000,nan,-0.1418028473854065,inf,19.000028610229492,-9.760856482898816e-05
51048,nan,-0.1417251080274582,inf,20.471078872680664,0.0049991607666015625
51083,nan,-0.14459197223186493,inf,7.4523234367370605,1.055564284324646
51146,nan,-0.13460604846477509,inf,10.026236534118652,0.25930672883987427
51152,nan,0.36867114901542664,inf,3.8963112831115723,18.052494049072266
51161,nan,-0.14042474329471588,inf,16.68410873413086,0.04583301767706871
51199,nan,-0.14160791039466858,inf,14.460342407226562,0.005889892578125
51209,nan,-0.14180736243724823,inf,17.600969314575195,0.0003196716425009072
51245,nan,-0.12412317097187042,inf,9.378564834594727,1.0339648723602295
51250,nan,-0.1405908167362213,inf,9.920980453491211,0.06459126621484756
51296,nan,0.1258125752210617,inf,8.520801544189453,7.391303539276123
51345,nan,-0.1410408318042755,inf,17.75271987915039,0.0272687915712595
51363,nan,-0.14180521667003632,inf,17.85186767578125,-1.5926361811580136e-05
51372,nan,-0.14139871299266815,inf,14.853944778442383,0.02263030968606472
51377,nan,-0.14162258803844452,inf,12.123286247253418,0.014810943976044655
51457,nan,-0.1417587250471115,inf,18.157333374023438,0.00020599365234375
51480,nan,-0.009278710000216961,inf,6.7765936851501465,4.172094821929932
51481,nan,0.5153466463088989,inf,3.2306594848632812,27.087543487548828
51486,nan,-0.141793891787529,inf,19.47815704345703,0.00021030903735663742
51512,nan,-0.02615283988416195,inf,7.409363746643066,2.7682607173919678
51568,nan,0.16544978320598602,inf,5.856200218200684,11.80418586730957
51631,nan,-0.12853603065013885,inf,13.949427604675293,0.44600239396095276
51668,nan,-0.08916019648313522,inf,7.386599063873291,0.8678760528564453
51686,nan,-0.14179907739162445,inf,18.778581619262695,1.3351440202313825e-06
51688,nan,0.022944848984479904,inf,5.537226676940918,6.527912139892578
51704,nan,-0.14092479646205902,inf,17.03137969970703,0.057013701647520065
51705,nan,-0.1349794864654541,inf,8.406569480895996,0.1601811945438385
51734,nan,-0.1406761109828949,inf,16.22818374633789,0.05026174709200859
51741,nan,-0.14182530343532562,inf,15.630739212036133,-0.00046672820462845266
51763,nan,-0.14166678488254547,inf,13.042279243469238,0.007797813508659601
51786,nan,-0.14178353548049927,inf,20.48689079284668,0.0009612083667889237
51795,nan,-0.07271626591682434,inf,8.749075889587402,2.025958776473999
51838,nan,0.08078523725271225,inf,9.783865928649902,6.55447244644165
51888,nan,-0.14177320897579193,inf,15.171711921691895,0.00024985670461319387
51935,nan,-0.03649438917636871,inf,8.149229049682617,2.732698440551758
51952,nan,-0.03548986837267876,inf,6.596751689910889,2.0785210132598877
51965,nan,-0.13942484557628632,inf,17.54977798461914,0.07950210571289062
52003,nan,0.08224419504404068,inf,6.684890270233154,8.666925430297852
52018,nan,-0.14177942276000977,inf,16.141977310180664,0.0004528045828919858
52049,nan,-0.11131837218999863,inf,9.095861434936523,1.3844231367111206
52129,nan,-0.10258644074201584,inf,8.332963943481445,1.6070441007614136
52173,nan,0.6326525807380676,inf,6.530096530914307,22.089479446411133
52179,nan,-0.14165456593036652,inf,13.998465538024902,0.009784460067749023
52196,nan,-0.06446438282728195,inf,8.962729454040527,4.114071369171143
52249,nan,-0.1279991865158081,inf,8.00710391998291,0.3675522804260254
52315,nan,-0.10113944113254547,inf,9.320903778076172,1.295852541923523
52356,nan,-0.1417827308177948,inf,19.511804580688477,0.0007332637906074524
52396,nan,-0.12776808440685272,inf,9.661555290222168,0.5107386708259583
52400,nan,-0.13818787038326263,inf,10.54277229309082,0.08980268239974976
52455,nan,-0.14156688749790192,inf,21.57350730895996,0.015714263543486595
52459,nan,-0.14156900346279144,inf,16.0233097076416,0.010955763049423695
52496,nan,1.8979116678237915,inf,4.037745952606201,58.19769287109375
52499,nan,-0.14178688824176788,inf,16.284000396728516,0.0012527465587481856
52532,nan,-0.14012090861797333,inf,11.638936996459961,0.07294207066297531
52589,nan,-0.14179828763008118,inf,24.842941284179688,5.14984130859375e-05
52631,nan,0.8564273715019226,inf,3.0025079250335693,47.792362213134766
52641,nan,-0.14056557416915894,inf,10.124104499816895,-0.0030063986778259277
52650,nan,-0.1417708694934845,inf,16.64408302307129,0.0016420840984210372
52668,nan,0.4347396790981293,inf,5.089896202087402,11.173497200012207
52708,nan,-0.14179688692092896,inf,31.50974464416504,4.692077709478326e-05
52748,nan,-0.14176033437252045,inf,16.12327766418457,0.002201080322265625
52791,nan,-0.14174026250839233,inf,21.282453536987305,0.004043388646095991
52792,nan,-0.14179886877536774,inf,25.691730499267578,-2.28881845032447e-06
52809,nan,-0.12219569832086563,inf,12.650031089782715,1.1328362226486206
52833,nan,-0.11467906087636948,inf,7.650887966156006,0.934025228023529
52871,nan,-0.13794207572937012,inf,9.111146926879883,0.048088718205690384
52881,nan,-0.14179754257202148,inf,20.191482543945312,1.7380714780301787e-05
52894,nan,-0.06201217696070671,inf,11.210089683532715,5.153120040893555
52897,nan,-0.12318249046802521,inf,9.827420234680176,1.1702358722686768
52913,nan,-0.13643693923950195,inf,12.786776542663574,0.23583237826824188
52926,nan,0.19320976734161377,inf,7.5548624992370605,4.886144161224365
52955,nan,-0.11981216818094254,inf,9.362675666809082,0.5848724246025085
52957,nan,-0.14138375222682953,inf,16.031991958618164,0.02884531021118164
52971,nan,-0.13409647345542908,inf,8.717734336853027,0.27356648445129395
52981,nan,-0.14512430131435394,inf,8.995170593261719,-0.10915765911340714
52990,nan,-0.13752591609954834,inf,11.719531059265137,0.059822846204042435
52993,nan,0.878775417804718,inf,4.8817901611328125,25.41102409362793
53038,nan,-0.13093163073062897,inf,9.341007232666016,0.3221007287502289
53042,nan,-0.14039576053619385,inf,14.691263198852539,0.04401512071490288
53099,nan,1.2634035348892212,inf,3.6442253589630127,35.90582275390625
53114,nan,-0.13355062901973724,inf,14.561182975769043,0.23893718421459198
53143,nan,-0.12627798318862915,inf,11.503568649291992,0.18012391030788422
53151,nan,-0.13511931896209717,inf,9.750965118408203,0.11400003731250763
53198,nan,-0.06211128830909729,inf,8.127135276794434,3.4914424419403076
53209,nan,-0.13920116424560547,inf,14.33183765411377,0.15369272232055664
53231,nan,-0.14171645045280457,inf,18.21767807006836,0.002905392786487937
53248,nan,0.14895443618297577,inf,5.50595235824585,9.770334243774414
53270,nan,0.47222253680229187,inf,4.820924282073975,23.43381690979004
53272,nan,-0.14054962992668152,inf,11.128730773925781,0.0546075813472271
53347,nan,-0.1473739594221115,inf,9.241990089416504,0.10181188583374023
53393,nan,-0.09500246495008469,inf,8.268858909606934,2.5413739681243896
53420,nan,0.8243605494499207,inf,4.044360160827637,16.03622055053711
53425,nan,-0.14179842174053192,inf,23.82387924194336,2.308189868927002e-05
53432,nan,-0.1417778581380844,inf,17.722789764404297,0.001505780266597867
53486,nan,-0.14172808825969696,inf,17.61552619934082,0.004497337620705366
53529,nan,-0.14179328083992004,inf,17.785646438598633,0.00020866394334007055
53588,nan,-0.14180195331573486,inf,18.70675277709961,-4.94956984766759e-05
53625,nan,-0.1395861804485321,inf,13.55783748626709,0.0834660530090332
53639,nan,0.024112118408083916,inf,7.330090522766113,4.565062999725342
53656,nan,-0.13700485229492188,inf,8.345796585083008,0.7938931584358215
53776,nan,-0.1416805237531662,inf,17.736692428588867,0.007542801089584827
53785,nan,1.9983199834823608,inf,1.1691114902496338,86.72138977050781
53869,nan,-0.14031682908535004,inf,10.761531829833984,0.051941730082035065
53917,nan,-0.14178772270679474,inf,19.311704635620117,0.0006002426380291581
53919,nan,-0.1417986899614334,inf,22.09315299987793,3.24249276673072e-06
53923,nan,-0.1417846530675888,inf,36.815284729003906,0.0009704590192995965
53930,nan,-0.14174318313598633,inf,18.31281280517578,0.0027820111718028784
53943,nan,-0.14176975190639496,inf,15.120699882507324,0.0011978506809100509
53975,nan,-0.14181487262248993,inf,17.501977920532227,-0.0003476142883300781
53987,nan,-0.09982331842184067,inf,6.897120952606201,1.3263393640518188
54008,nan,-0.06193467602133751,inf,7.396241664886475,2.5491249561309814
54056,nan,-0.1417727917432785,inf,20.68505096435547,0.0018066406482830644
54135,nan,-0.14162974059581757,inf,12.917322158813477,0.00794309377670288
54161,nan,0.7743744254112244,inf,4.487311363220215,18.362417221069336
54255,nan,0.5358993411064148,inf,5.455637454986572,21.229164123535156
54268,nan,-0.0769474059343338,inf,8.141556739807129,2.574889898300171
54273,nan,-0.1403460055589676,inf,12.280736923217773,0.08208339661359787
54279,nan,0.11924586445093155,inf,5.517504692077637,8.010210037231445
54310,nan,-0.14080291986465454,inf,11.878989219665527,0.03732762485742569
54343,nan,-0.14709065854549408,inf,14.320151329040527,-0.08212242275476456
54363,nan,-0.14179854094982147,inf,21.93324851989746,1.583099401614163e-05
54376,nan,0.10902176052331924,inf,5.570830821990967,5.749441623687744
54436,nan,0.3099118769168854,inf,3.9966094493865967,9.842307090759277
54487,nan,0.11777742207050323,inf,6.821042537689209,7.308101177215576
54490,nan,0.1537761688232422,inf,8.273357391357422,10.59106731414795
54556,nan,-0.14077763259410858,inf,12.010000228881836,0.024061715230345726
54598,nan,0.5246816873550415,inf,3.5059852600097656,22.618457794189453
54634,nan,-0.14179570972919464,inf,24.074491500854492,0.00020647048950195312
54789,nan,-0.1417999267578125,inf,18.902320861816406,-2.403259350103326e-05
54844,nan,-0.14178012311458588,inf,15.496490478515625,0.0015026330947875977
54862,nan,-0.14166772365570068,inf,14.256224632263184,-0.0004055202007293701
54878,nan,-0.14068631827831268,inf,14.162257194519043,0.035901736468076706
54913,nan,-0.11374957859516144,inf,11.717391014099121,0.2740720808506012
54919,nan,-0.13060463964939117,inf,10.376509666442871,0.5334456562995911
54959,nan,-0.14159320294857025,inf,12.59682559967041,0.005803227424621582
55013,nan,-0.14209870994091034,inf,19.684682846069336,-0.027096940204501152
55016,nan,-0.1402694284915924,inf,14.021693229675293,0.04616951942443848
55026,nan,-0.14013229310512543,inf,10.130701065063477,0.3434951901435852
55056,nan,-0.12487635761499405,inf,10.274471282958984,0.5635189414024353
55119,nan,-0.08998379856348038,inf,9.97067928314209,0.797938346862793
55166,nan,-0.1621372252702713,inf,5.936753273010254,-0.1040029525756836
55177,nan,-0.14164413511753082,inf,12.60368537902832,0.007355880923569202
55197,nan,-0.13992522656917572,inf,12.453277587890625,0.0949457660317421
55224,nan,0.15399108827114105,inf,5.378247261047363,10.743782043457031
55237,nan,0.14101633429527283,inf,4.903310298919678,6.77227783203125
55258,nan,-0.14464794099330902,inf,14.33855152130127,-0.06027679517865181
55290,nan,-0.14175371825695038,inf,18.77882194519043,-0.001284790108911693
55337,nan,-0.14348141849040985,inf,11.606585502624512,0.06525106728076935
55357,nan,0.18898071348667145,inf,4.67419958114624,11.140054702758789
55406,nan,-0.14161695539951324,inf,13.57487678527832,0.006297492887824774
55413,nan,0.9926368594169617,inf,4.426238059997559,26.721227645874023
55444,nan,0.37798377871513367,inf,4.087254047393799,16.82075309753418
55504,nan,-0.14141272008419037,inf,10.977317810058594,0.01035242062062025
55526,nan,-0.141505166888237,inf,17.286823272705078,0.012203407473862171
55584,nan,-0.05701626464724541,inf,7.563088893890381,2.986034393310547
55644,nan,-0.042829226702451706,inf,7.991328716278076,5.896134853363037
55671,nan,-0.1415840983390808,inf,13.688719749450684,0.00706095714122057
55764,nan,-0.13678425550460815,inf,12.8289155960083,0.10053195804357529
55773,nan,-0.141799196600914,inf,21.541975021362305,-5.722046125811175e-07
55828,nan,-0.14179876446723938,inf,26.899274826049805,0.0
55830,nan,-0.14179877936840057,inf,25.121524810791016,1.9073486328125e-06
55894,nan,-0.14125734567642212,inf,12.824991226196289,0.029043126851320267
55948,nan,-0.14148643612861633,inf,16.96991539001465,0.020403290167450905
55989,nan,-0.1417965292930603,inf,21.773069381713867,0.00018925666518043727
56049,nan,-0.13802312314510345,inf,8.918961524963379,0.15518644452095032
56059,nan,-0.1417931169271469,inf,16.701135635375977,0.00019049644470214844
56072,nan,-0.14179423451423645,inf,18.75704574584961,0.0002502918359823525
56077,nan,-0.0908503457903862,inf,8.700152397155762,1.6069992780685425
56088,nan,-0.0672430470585823,inf,8.02506160736084,1.7758171558380127
56171,nan,-0.14179396629333496,inf,21.06230926513672,0.0003325343132019043
56174,nan,-0.14176985621452332,inf,12.684321403503418,0.011891841888427734
56175,nan,-0.12440929561853409,inf,12.318986892700195,0.5539855360984802
56208,nan,-0.05515182018280029,inf,4.777595043182373,5.311866283416748
56224,nan,-0.13066409528255463,inf,9.682753562927246,0.34940534830093384
56313,nan,-0.14219708740711212,inf,14.257028579711914,-0.003941345494240522
56337,nan,-0.14162850379943848,inf,13.330855369567871,0.003723585745319724
56348,nan,-0.14054083824157715,inf,8.836954116821289,0.21299143135547638
56349,nan,-0.027363991364836693,inf,8.690156936645508,0.7062191963195801
56357,nan,-0.14174960553646088,inf,17.104543685913086,0.00209980015642941
56361,nan,-0.13714216649532318,inf,10.009088516235352,0.17619286477565765
56381,nan,-0.04354597628116608,inf,8.065195083618164,1.2006773948669434
56385,nan,-0.14152134954929352,inf,14.003039360046387,0.014197254553437233
56413,nan,-0.08878832310438156,inf,5.196028232574463,2.411207914352417
56446,nan,0.12546099722385406,inf,4.229415416717529,12.344531059265137
56526,nan,-0.1364859789609909,inf,12.718206405639648,0.23720188438892365
56544,nan,-0.028658712282776833,inf,7.1508941650390625,4.0614333152771
56550,nan,-0.1381060928106308,inf,13.419448852539062,0.08646698296070099
56634,nan,-0.1417776197195053,inf,15.279135704040527,0.0008702278137207031
56653,nan,0.013991347514092922,inf,7.020555019378662,3.730053424835205
56718,nan,-0.13188447058200836,inf,12.422527313232422,0.08746719360351562
56731,nan,-0.028877664357423782,inf,5.86381721496582,2.882599353790283
56751,nan,-0.0712636336684227,inf,6.944545745849609,2.6078712940216064
56765,nan,-0.12155953794717789,inf,10.355731964111328,0.7817978858947754
56815,nan,-0.024559760466217995,inf,12.129659652709961,4.990604400634766
56816,nan,-0.14179866015911102,inf,28.025510787963867,6.8664553509734105e-06
56883,nan,3.3062806129455566,inf,4.187267303466797,86.88912200927734
56911,nan,0.013626600615680218,inf,6.629505157470703,6.7997145652771
56912,nan,-0.14138412475585938,inf,10.628897666931152,0.012980923056602478
56941,nan,-0.14178159832954407,inf,16.5230655670166,0.0010190963512286544
56978,nan,-0.10692276060581207,inf,8.611844062805176,0.26261916756629944
56981,nan,-0.11539075523614883,inf,8.254922866821289,0.5071790814399719
57004,nan,-0.14087507128715515,inf,13.951083183288574,0.03371782228350639
57027,nan,-0.14525265991687775,inf,13.5365629196167,-0.11816759407520294
57030,nan,1.706085443496704,inf,3.9204063415527344,67.46710968017578
57031,nan,-0.05271509289741516,inf,11.546379089355469,2.928321599960327
57070,nan,0.10253079235553741,inf,4.957443714141846,6.15294885635376
57179,nan,-0.13822981715202332,inf,9.558881759643555,0.13874836266040802
57216,nan,-0.1418016403913498,inf,20.90957260131836,-6.980896432651207e-05
57252,nan,-0.14179876446723938,inf,35.32045364379883,0.0
57284,nan,-0.11321520060300827,inf,11.091079711914062,1.4115537405014038
57294,nan,-0.14029560983181,inf,12.378928184509277,0.09922166168689728
57303,nan,-0.07925862818956375,inf,8.710136413574219,1.855295181274414
57320,nan,-0.1417183130979538,inf,16.933401107788086,0.0030364990234375
57323,nan,-0.14169614017009735,inf,13.071232795715332,0.013779823668301105
57374,nan,-0.1445268839597702,inf,16.076181411743164,-0.06787357479333878
57393,nan,-0.1417887955904007,inf,19.341970443725586,0.00045452118501998484
57415,nan,-0.1356593370437622,inf,8.02707290649414,0.24048347771167755
57456,nan,-0.141753152012825,inf,19.947437286376953,0.00029435157193802297
57465,nan,-0.14178405702114105,inf,20.4257869720459,0.0009124755742959678
57492,nan,0.13313232362270355,inf,4.347456455230713,8.108972549438477
57499,nan,0.46946367621421814,inf,4.269922733306885,18.21619415283203
57530,nan,-0.1410558670759201,inf,14.299616813659668,0.023662090301513672
57568,nan,-0.13598252832889557,inf,9.751360893249512,0.277102530002594
57630,nan,0.06520872563123703,inf,7.346713542938232,4.848514080047607
57646,nan,-0.07590320706367493,inf,10.308248519897461,3.234051465988159
57666,nan,-0.09411966055631638,inf,8.411664009094238,2.3631484508514404
57670,nan,-0.08577676862478256,inf,7.646188259124756,3.0547971725463867
57771,nan,-0.14071586728096008,inf,8.813163757324219,0.10096807777881622
57788,nan,-0.14048007130622864,inf,11.549273490905762,0.051397960633039474
57844,nan,-0.07978644222021103,inf,12.953442573547363,1.8704618215560913
57882,nan,-0.14116014540195465,inf,13.461580276489258,0.026665305718779564
57885,nan,-0.14174388349056244,inf,16.348834991455078,0.002134609268978238
57914,nan,-0.13544707000255585,inf,11.712546348571777,0.3706659972667694
58013,nan,-0.14179611206054688,inf,20.87589454650879,0.00017395020404364914
58061,nan,-0.1417975276708603,inf,18.56829261779785,0.00010066032700706273
58091,nan,1.6374425888061523,inf,3.1423072814941406,31.534305572509766
58176,nan,-0.13947658240795135,inf,13.362586975097656,0.07181742042303085
58191,nan,-0.04768117144703865,inf,6.690270900726318,2.962393283843994
58216,nan,-0.08220531791448593,inf,4.877804279327393,1.4231427907943726
58228,nan,-0.017107808962464333,inf,5.949514389038086,4.38386869430542
58313,nan,-0.14097270369529724,inf,11.633893013000488,0.03751565143465996
58336,nan,-0.07625323534011841,inf,8.521469116210938,1.7815455198287964
58375,nan,-0.1417093575000763,inf,15.724505424499512,0.00497779855504632
58405,nan,-0.14107097685337067,inf,13.13162899017334,0.030893707647919655
58420,nan,-0.14179784059524536,inf,22.786136627197266,5.4931642807787284e-05
58446,nan,-0.09688352048397064,inf,8.061209678649902,2.9980692863464355
58453,nan,0.05447206646203995,inf,4.6612396240234375,6.17875337600708
58458,nan,-0.14068388938903809,inf,11.959961891174316,0.06273414194583893
58481,nan,-0.14188136160373688,inf,13.192944526672363,-0.00011010170419467613
58506,nan,-0.14179874956607819,inf,27.738554000854492,1.2516976255483314e-07
58519,nan,-0.13763532042503357,inf,11.09553337097168,0.11817426979541779
58593,nan,-0.14179764688014984,inf,22.279388427734375,6.198883056640625e-05
58630,nan,0.0531977079808712,inf,3.633819580078125,13.071446418762207
58656,nan,0.20557951927185059,inf,5.491782188415527,10.702313423156738
58666,nan,-0.11903270334005356,inf,7.961248874664307,0.5745480060577393
58679,nan,-0.13360367715358734,inf,15.721092224121094,0.061409760266542435
58711,nan,-0.13951347768306732,inf,8.042664527893066,0.3785596489906311
58747,nan,0.22943918406963348,inf,9.31734848022461,24.899999618530273
58775,nan,-0.07321622222661972,inf,7.705239295959473,4.2132487297058105
58777,nan,-0.14034420251846313,inf,11.482098579406738,0.06481742113828659
58811,nan,-0.14179827272891998,inf,20.753652572631836,1.6021729607018642e-05
58852,nan,0.4408808648586273,inf,6.5081095695495605,11.06308650970459
58859,nan,-0.11328919976949692,inf,12.844993591308594,1.544936180114746
58870,nan,-0.1401069462299347,inf,18.120031356811523,0.05033903196454048
58876,nan,-0.14166893064975739,inf,10.86085033416748,0.08092933148145676
58883,nan,-0.13376286625862122,inf,9.231184959411621,0.12294035404920578
58908,nan,-0.14168225228786469,inf,17.828092575073242,0.007835007272660732
58952,nan,0.28224870562553406,inf,6.226365089416504,7.766839027404785
59150,nan,-0.13879026472568512,inf,9.569579124450684,0.08370695263147354
59153,nan,-0.1417727917432785,inf,19.13611602783203,0.001709794974885881
59175,nan,-0.12931643426418304,inf,10.07800006866455,0.7145276069641113
59182,nan,-0.1218375489115715,inf,7.28462553024292,0.43289467692375183
59217,nan,-0.14159540832042694,inf,13.263407707214355,0.0073442221619188786
59283,nan,-0.1348290741443634,inf,18.08859634399414,0.3158262372016907
59332,nan,0.03717843443155289,inf,5.372520923614502,4.94761323928833
59342,nan,0.16946807503700256,inf,6.651715278625488,4.637546539306641
59393,nan,-0.1417941302061081,inf,21.900022506713867,0.00031406880589202046
59411,nan,-0.06480742245912552,inf,8.469090461730957,1.5309983491897583
59449,nan,-0.04900909587740898,inf,10.988534927368164,2.542836904525757
59459,nan,0.027778534218668938,inf,7.5708770751953125,7.382168769836426
59463,nan,-0.14121104776859283,inf,15.050129890441895,0.017273789271712303
59482,nan,-0.1335359811782837,inf,9.81587028503418,0.18900346755981445
59524,nan,-0.14169268310070038,inf,16.924318313598633,0.0006711959722451866
59557,nan,-0.1391354352235794,inf,10.30169677734375,0.08942947536706924
59560,nan,-0.11705096811056137,inf,13.48900318145752,1.0774427652359009
59604,nan,-0.011989093385636806,inf,5.284373760223389,6.21669340133667
59632,nan,-0.14012755453586578,inf,20.194944381713867,0.11480560153722763
59644,nan,-0.11319835484027863,inf,12.518558502197266,0.9395220875740051
59691,nan,-0.14169667661190033,inf,17.775304794311523,0.007015132810920477
59693,nan,-0.1413407176733017,inf,14.32432746887207,0.01959686353802681
59695,nan,-0.13716380298137665,inf,14.892196655273438,0.31439241766929626
59748,nan,-0.14178873598575592,inf,21.798559188842773,0.0006069183582440019
59775,nan,0.1594400703907013,inf,4.834718704223633,6.995475769042969
59784,nan,-0.13828714191913605,inf,12.14368724822998,0.1486760377883911
59789,nan,-0.14139240980148315,inf,11.094743728637695,0.1946374922990799
59803,nan,-0.1417832374572754,inf,17.51366424560547,0.0008364200475625694
59818,nan,0.08775778859853745,inf,6.194675445556641,4.167436122894287
59825,nan,-0.14179784059524536,inf,19.30818748474121,3.3950807846849784e-05
59852,nan,-0.09239863604307175,inf,6.695979595184326,1.4430882930755615
59862,nan,-0.1417984962463379,inf,21.60724639892578,4.19616708313697e-06
59912,nan,-0.14181338250637054,inf,16.9857120513916,-0.0003158569452352822
59971,nan,-0.13398519158363342,inf,8.177057266235352,0.2105858325958252
60023,nan,0.24085374176502228,inf,4.969598293304443,10.022398948669434
60047,nan,-0.13894914090633392,inf,11.837496757507324,0.169025257229805
60070,nan,-0.14179778099060059,inf,21.929914474487305,2.7561187380342744e-05
60094,nan,-0.14146938920021057,inf,15.755789756774902,0.021576309576630592
60110,nan,-0.13604168593883514,inf,10.719698905944824,0.3376394808292389
60113,nan,-0.14179851114749908,inf,22.486312866210938,1.2302399227337446e-05
60149,nan,-0.14170591533184052,inf,13.709004402160645,0.004069614689797163
60153,nan,-0.1417967528104782,inf,17.480348587036133,9.374618821311742e-05
60202,nan,-0.13218985497951508,inf,11.92308521270752,0.30056697130203247
60250,nan,0.10017482191324234,inf,6.214299201965332,10.733799934387207
60333,nan,0.007990666665136814,inf,7.175853252410889,4.607179641723633
60347,nan,-0.09459393471479416,inf,5.946051597595215,1.6067746877670288
60395,nan,-0.14169223606586456,inf,15.142155647277832,0.004621982574462891
60401,nan,-0.1400022804737091,inf,10.144567489624023,0.12172146141529083
60473,nan,-0.14179906249046326,inf,20.619504928588867,2.0074845451745205e-05
60485,nan,-0.11843717098236084,inf,7.709084510803223,0.5148320198059082
60528,nan,-0.1417986899614334,inf,19.454227447509766,6.027221752447076e-05
60547,nan,-0.02489558234810829,inf,5.434667110443115,3.253812551498413
60568,nan,0.003729959949851036,inf,5.4408369064331055,3.459765672683716
60569,nan,2.307619094848633,inf,3.113370656967163,76.4522476196289
60597,nan,-0.13357548415660858,inf,11.132105827331543,0.22647972404956818
60620,nan,-0.1417275220155716,inf,13.731953620910645,0.003556537674739957
60624,nan,-0.1416441649198532,inf,14.382990837097168,0.004936886020004749
60635,nan,-0.03503096476197243,inf,7.860179901123047,4.392234802246094
60670,nan,-0.13927267491817474,inf,13.835738182067871,0.16426263749599457
60747,nan,-0.1695060133934021,inf,11.184579849243164,-1.0835174322128296
60874,nan,-0.13996712863445282,inf,14.45875072479248,0.056259822100400925
60912,nan,-0.12335538864135742,inf,9.90073299407959,0.6229855418205261
60923,nan,-0.14110934734344482,inf,14.837890625,0.020887184888124466
60928,nan,-0.13229405879974365,inf,10.371886253356934,0.3477194011211395
60944,nan,-0.14331993460655212,inf,8.386690139770508,-0.12274336814880371
60960,nan,-0.1383158564567566,inf,13.56449031829834,0.09349384158849716
60977,nan,-0.08110178261995316,inf,8.48204231262207,3.7766520977020264
60978,nan,-0.14177297055721283,inf,17.76482582092285,0.0015388488536700606
61119,nan,-0.14177945256233215,inf,16.835573196411133,0.0012356758816167712
61143,nan,0.12587760388851166,inf,8.660128593444824,2.7774758338928223
61289,nan,-0.14179882407188416,inf,25.986425399780273,-1.5258789289873675e-06
61316,nan,0.44433313608169556,inf,3.98063063621521,15.159773826599121
61318,nan,0.13149325549602509,inf,7.1503190994262695,13.707324028015137
61348,nan,-0.12180427461862564,inf,7.41522216796875,0.29450997710227966
61351,nan,-0.14168357849121094,inf,15.228423118591309,0.0010613203048706055
61419,nan,-0.10902180522680283,inf,11.691033363342285,1.0703363418579102
61439,nan,-0.038100194185972214,inf,9.53398323059082,0.7629987001419067
61452,nan,-0.14177437126636505,inf,16.39826774597168,0.000423431396484375
61462,nan,-0.1417970210313797,inf,18.380008697509766,0.00011138916306663305
61468,nan,-0.1417919248342514,inf,16.231531143188477,0.0009752273908816278
61478,nan,-0.13669805228710175,inf,15.211897850036621,0.1183144599199295
61501,nan,-0.13919594883918762,inf,11.851431846618652,0.11724215000867844
61506,nan,-0.13923180103302002,inf,10.87272834777832,0.06349525600671768
61518,nan,-0.14172019064426422,inf,14.476068496704102,0.0038629770278930664
61522,nan,-0.14173102378845215,inf,17.20926856994629,0.00414199847728014
61527,nan,-0.14246194064617157,inf,18.491392135620117,-0.016550827771425247
61556,nan,-0.14500415325164795,inf,12.02812385559082,0.08317854255437851
61560,nan,-0.03814385086297989,inf,7.337210178375244,1.6308645009994507
61562,nan,-0.1417892575263977,inf,18.92206573486328,0.00025882720365189016
61570,nan,-0.1417677104473114,inf,15.943982124328613,0.0011892914772033691
61580,nan,-0.1261921525001526,inf,10.33207893371582,0.4626362919807434
61672,nan,-0.14179857075214386,inf,27.77119255065918,1.3148785001249053e-05
61679,nan,-0.018353594467043877,inf,7.323705196380615,3.9988198280334473
61728,nan,-0.14164529740810394,inf,13.300333976745605,0.00706062326207757
61736,nan,-0.14170339703559875,inf,16.1084041595459,0.005986213684082031
61764,nan,-0.13370585441589355,inf,8.984160423278809,0.4110517203807831
61826,nan,-0.10968382656574249,inf,7.1945953369140625,0.5068025588989258
61842,nan,-0.14112098515033722,inf,15.977803230285645,0.03851728513836861
61851,nan,-0.13718585669994354,inf,10.522611618041992,0.10033898800611496
61867,nan,-0.1418038010597229,inf,25.265291213989258,-0.00012664795212913305
61877,nan,-0.14148160815238953,inf,14.049346923828125,0.012893772684037685
61936,nan,-0.13966625928878784,inf,15.968342781066895,0.10076095908880234
61943,nan,-0.14142315089702606,inf,12.417642593383789,0.017154550179839134
62002,nan,-0.1349882334470749,inf,12.419291496276855,0.23444628715515137
62086,nan,-0.13011352717876434,inf,8.51387882232666,0.3719966411590576
62196,nan,-0.14550821483135223,inf,8.29499340057373,-0.23667247593402863
62243,nan,-0.10580040514469147,inf,10.466315269470215,1.9779080152511597
62245,nan,0.17587585747241974,inf,5.108334064483643,9.171969413757324
62282,nan,0.5862586498260498,inf,4.009814739227295,31.36865234375
62325,nan,-0.14180386066436768,inf,19.542593002319336,-3.609657505876385e-05
62331,nan,-0.1611057072877884,inf,10.64449691772461,0.272055447101593
62348,nan,-0.14160855114459991,inf,14.171996116638184,0.011275864206254482
62407,nan,-0.1383485496044159,inf,11.934958457946777,0.11926355212926865
62421,nan,-0.1417381763458252,inf,16.1176815032959,0.0025775909889489412
62459,nan,-0.12728558480739594,inf,8.935548782348633,0.16681280732154846
62487,nan,-0.1418442279100418,inf,14.525781631469727,-0.000810716301202774
62513,nan,-0.09782129526138306,inf,6.016581058502197,1.0612095594406128
62585,nan,-0.12117411196231842,inf,11.131157875061035,0.5234355926513672
62593,nan,-0.14185070991516113,inf,17.02774429321289,-0.0012004852760583162
62643,nan,-0.13693460822105408,inf,9.320635795593262,0.13151684403419495
62691,nan,-0.1345292329788208,inf,8.83488941192627,0.37200069427490234
62749,nan,-0.14241966605186462,inf,16.6505184173584,-0.01812152937054634
62756,nan,-0.14180207252502441,inf,19.4910945892334,-3.0326844353112392e-05
62781,nan,-0.15849551558494568,inf,6.652411937713623,0.12160187214612961
62789,nan,-0.14469397068023682,inf,13.024500846862793,-0.06696119159460068
62847,nan,-0.1417585015296936,inf,14.533034324645996,0.0024712085723876953
62887,nan,-0.14079859852790833,inf,13.019902229309082,0.059381093829870224
62889,nan,-0.1347048133611679,inf,10.487067222595215,0.2908938527107239
62921,nan,-0.13909536600112915,inf,9.836952209472656,0.06045189127326012
62987,nan,-0.14107055962085724,inf,12.561163902282715,0.030018998309969902
62988,nan,0.7216061353683472,inf,3.994875431060791,20.13412094116211
63075,nan,0.4174056649208069,inf,3.9745452404022217,33.88862228393555
63105,nan,-0.1367076337337494,inf,15.63554859161377,0.1515306532382965
63106,nan,-0.13961783051490784,inf,13.251276016235352,0.13956217467784882
63118,nan,-0.14177870750427246,inf,17.533164978027344,0.0018324613338336349
63120,nan,-0.07047092169523239,inf,9.836149215698242,1.6110244989395142
63145,nan,-0.1359601467847824,inf,10.418871879577637,0.25529199838638306
63161,nan,-0.14170941710472107,inf,14.125152587890625,0.003954124636948109
63186,nan,-0.1422712355852127,inf,16.371671676635742,-0.014410209842026234
63211,nan,-0.14172609150409698,inf,19.374792098999023,0.0024288177955895662
63224,nan,0.01957186497747898,inf,6.965346813201904,7.532023906707764
63244,nan,-0.14144562184810638,inf,13.286147117614746,0.008007562719285488
63268,nan,-0.14179876446723938,inf,23.6582088470459,-2.8610230629055877e-07
63294,nan,-0.09937560558319092,inf,9.43543529510498,1.8361650705337524
63409,nan,-0.13296258449554443,inf,11.543304443359375,0.5275591015815735
63433,nan,-0.13535979390144348,inf,13.349517822265625,0.22709178924560547
63434,nan,-0.14907850325107574,inf,16.117637634277344,-0.17690257728099823
63438,nan,-0.21502910554409027,inf,7.508978366851807,-1.2894535064697266
63449,nan,-0.14179402589797974,inf,18.193462371826172,0.00039730072603560984
63487,nan,-0.14367735385894775,inf,11.916850090026855,-0.04015674814581871
63533,nan,-0.1410684436559677,inf,12.721766471862793,0.018007492646574974
63546,nan,-0.06929241120815277,inf,7.481224060058594,3.769317626953125
63593,nan,-0.14179809391498566,inf,19.461278915405273,0.00011286735389148816
63609,nan,3.0197865962982178,inf,3.4927003383636475,103.8282241821289
63637,nan,-0.14160281419754028,inf,15.972975730895996,0.00954513531178236
63665,nan,-0.08748739957809448,inf,7.6953444480896,1.0447014570236206
63679,nan,-0.14142130315303802,inf,15.543562889099121,0.008496093563735485
63750,nan,0.28773683309555054,inf,5.04434871673584,8.917642593383789
63757,nan,-0.12615525722503662,inf,8.052852630615234,0.5677146315574646
63779,nan,-0.14178630709648132,inf,19.820476531982422,0.0004266500473022461
63904,nan,-0.14180022478103638,inf,17.266813278198242,0.0007367134094238281
63907,nan,-0.12555977702140808,inf,8.951430320739746,0.8889572024345398
63913,nan,-0.141793891787529,inf,18.86144256591797,0.0003236532211303711
63914,nan,0.06693718582391739,inf,4.958611965179443,3.7345168590545654
63945,nan,0.09462003409862518,inf,7.475213527679443,7.420873165130615
64005,nan,-0.14169810712337494,inf,15.52243709564209,0.006270170211791992
64048,nan,-0.1417725533246994,inf,18.34203338623047,0.0015913009410724044
64050,nan,-0.1255364865064621,inf,8.711509704589844,0.4698103070259094
64060,nan,-0.1262560933828354,inf,8.505623817443848,0.36052942276000977
64064,nan,0.46487805247306824,inf,4.9058356285095215,21.593481063842773
64067,nan,-0.141795814037323,inf,26.478178024291992,0.0001729965297272429
64107,nan,-0.14161811769008636,inf,14.935693740844727,0.010097026824951172
64138,nan,-0.14147938787937164,inf,15.292891502380371,0.026559924706816673
64141,nan,-0.14185607433319092,inf,20.811370849609375,-0.0010322555899620056
64163,nan,0.2553692162036896,inf,3.2980639934539795,9.566628456115723
64181,nan,-0.1423114687204361,inf,15.811810493469238,-0.011570668779313564
64222,nan,-0.11577372997999191,inf,10.346138000488281,0.7164841890335083
64304,nan,-0.06099764257669449,inf,10.017232894897461,1.5700336694717407
64313,nan,-0.1344030350446701,inf,8.820314407348633,0.28670287132263184
64371,nan,-0.14147350192070007,inf,11.705462455749512,0.014509106054902077
64384,nan,-0.1290542036294937,inf,13.760611534118652,0.3721192479133606
64396,nan,-0.13508273661136627,inf,10.235477447509766,0.3694234788417816
64397,nan,0.1469561904668808,inf,7.264983654022217,12.519030570983887
64407,nan,-0.1417221873998642,inf,16.977285385131836,0.004297066014260054
64446,nan,-0.2392352819442749,inf,6.694779396057129,-1.3973820209503174
64479,nan,-0.13666802644729614,inf,11.374496459960938,0.3564548194408417
64520,nan,-0.08332854509353638,inf,6.6422953605651855,1.0813961029052734
64531,nan,-0.14067311584949493,inf,11.945887565612793,0.04358234629034996
64547,nan,-0.14030617475509644,inf,12.047560691833496,0.026528311893343925
64569,nan,-0.07671914994716644,inf,9.775699615478516,0.41229507327079773
64570,nan,-0.09780670702457428,inf,7.453016757965088,0.2526605725288391
64602,nan,-0.14176692068576813,inf,15.51953125,0.001817679381929338
64618,nan,0.06056230142712593,inf,4.72971248626709,7.352914333343506
64640,nan,-0.14162777364253998,inf,14.754521369934082,0.00795593298971653
64708,nan,-0.14179876446723938,inf,26.001697540283203,0.0
64713,nan,-0.14182452857494354,inf,14.5220308303833,0.0031758309341967106
64719,nan,-0.09886439144611359,inf,7.0842790603637695,1.4244369268417358
64770,nan,0.11848630011081696,inf,6.867044925689697,7.185530185699463
64788,nan,-0.14180520176887512,inf,17.28138542175293,-0.0001183807835332118
64830,nan,0.9037970900535583,inf,3.363431930541992,38.38833236694336
64856,nan,-0.3314966857433319,inf,4.760359287261963,-6.531895637512207
64871,nan,-0.13661663234233856,inf,10.733468055725098,0.16611404716968536
64891,nan,1.299160361289978,inf,4.913175582885742,55.7842903137207
64945,nan,-0.14179733395576477,inf,23.040279388427734,9.746551950229332e-05
64993,nan,-0.13987703621387482,inf,16.76201629638672,0.131842240691185
65093,nan,-0.14163649082183838,inf,16.41523551940918,0.005299591924995184
65181,nan,-0.14179301261901855,inf,19.187578201293945,0.0001810073881642893
65201,nan,-0.11502072960138321,inf,6.679023265838623,0.40360042452812195
65217,nan,-0.22232680022716522,inf,5.110271453857422,-2.590651512145996
65258,nan,-0.1417902261018753,inf,16.548389434814453,0.0006491661188192666
65281,nan,-0.14178960025310516,inf,20.53255844116211,0.0003181457577738911
65282,nan,-0.14172743260860443,inf,15.68381404876709,0.003244847059249878
65288,nan,-0.1370750516653061,inf,10.636564254760742,0.1369059532880783
65311,nan,-0.14169654250144958,inf,13.628369331359863,0.006533813662827015
65366,nan,-0.14174942672252655,inf,14.378046989440918,0.0018996238941326737
65379,nan,-0.14179876446723938,inf,28.341840744018555,0.0
65399,nan,-0.1295149177312851,inf,10.596992492675781,0.43792104721069336
65442,nan,0.00048135893302969635,inf,12.842520713806152,3.9807450771331787
65503,nan,-0.1417803019285202,inf,19.91436004638672,0.0008041381952352822
65516,nan,-0.08649071305990219,inf,13.287150382995605,0.6093840003013611
65564,nan,-0.08659615367650986,inf,8.248377799987793,3.271437168121338
65599,nan,-0.10756579786539078,inf,9.065512657165527,0.4100356996059418
65620,nan,0.5068300366401672,inf,5.393256664276123,26.556074142456055
65696,nan,-0.1414395570755005,inf,14.312311172485352,0.013052511028945446
65700,nan,0.019123300909996033,inf,11.331175804138184,0.9963150024414062
65729,nan,-0.14173634350299835,inf,16.85276222229004,0.002458035945892334
65770,nan,-0.1393519639968872,inf,14.750398635864258,0.03918318822979927
65784,nan,-0.1410984992980957,inf,13.008715629577637,0.02523956261575222
65796,nan,0.039518099278211594,inf,8.343620300292969,5.6029863357543945
65827,nan,-0.113846056163311,inf,10.660969734191895,0.9273080825805664
65846,nan,-0.13132667541503906,inf,8.982699394226074,0.5956918001174927
65862,nan,-0.14179295301437378,inf,12.438600540161133,0.0056362152099609375
65883,nan,-0.0052170529961586,inf,7.002499580383301,2.398205041885376
65900,nan,-0.09827455133199692,inf,7.278833866119385,1.97417414188385
65921,nan,0.06792347133159637,inf,9.411032676696777,7.906303405761719
65923,nan,-0.14179082214832306,inf,17.726909637451172,0.00046949388342909515
65946,nan,-0.1347159743309021,inf,14.026715278625488,0.24104128777980804
65977,nan,-0.1417987048625946,inf,16.61282730102539,1.2445450011000503e-05
66001,nan,-0.1418231576681137,inf,16.405437469482422,-0.00034160615177825093
66039,nan,-0.136222705245018,inf,10.528376579284668,0.26642248034477234
66053,nan,-0.10159838199615479,inf,10.348917007446289,1.3447126150131226
66069,nan,-0.14636097848415375,inf,12.127615928649902,-0.03810439258813858
66075,nan,-0.10406269878149033,inf,8.270297050476074,1.168745994567871
66107,nan,-0.14179854094982147,inf,17.724212646484375,0.00024366378784179688
66130,nan,-0.13936901092529297,inf,14.588168144226074,0.09794330596923828
66198,nan,-0.14174403250217438,inf,13.850712776184082,0.0027536393608897924
66205,nan,-0.1308744251728058,inf,10.825834274291992,0.3212461471557617
66228,nan,-0.14165344834327698,inf,14.65471363067627,0.007515144534409046
66245,nan,-0.14112317562103271,inf,9.812841415405273,0.004964780993759632
66262,nan,3.514385938644409,inf,3.3825504779815674,107.7384262084961
66313,nan,-0.1407635360956192,inf,20.387531280517578,0.05098400264978409
66314,nan,0.5907437801361084,inf,5.1408610343933105,13.586394309997559
66359,nan,-0.1417960226535797,inf,21.522972106933594,0.00018539429584052414
66378,nan,-0.13980838656425476,inf,11.342844009399414,0.034148167818784714
66427,nan,-0.11558517068624496,inf,9.672755241394043,0.9431580901145935
66433,nan,-0.09986626356840134,inf,15.534031867980957,0.7255393862724304
66442,nan,-0.14181534945964813,inf,16.272172927856445,0.0017653107643127441
66458,nan,-0.09933128207921982,inf,8.997397422790527,0.7310803532600403
66519,nan,0.905555248260498,inf,5.234367847442627,16.274290084838867
66573,nan,-0.14174538850784302,inf,16.98761558532715,0.0007297039264813066
66581,nan,-0.13904087245464325,inf,12.3711519241333,0.13565503060817719
66613,nan,-0.1418309360742569,inf,18.757352828979492,-0.0007561207166872919
66632,nan,-0.13228142261505127,inf,8.012839317321777,0.5804687738418579
66804,nan,-0.14188817143440247,inf,20.228986740112305,-0.002218628069385886
66844,nan,-0.11969379335641861,inf,8.19365119934082,0.7532548308372498
66881,nan,-0.15292710065841675,inf,10.682765007019043,-0.20229725539684296
66884,nan,-0.14123110473155975,inf,13.15054988861084,0.02335834503173828
66893,nan,-0.15328410267829895,inf,12.422930717468262,-0.12977631390094757
66949,nan,-0.10817523300647736,inf,10.821660995483398,0.44978198409080505
66954,nan,-0.1028570681810379,inf,13.387475967407227,1.7733677625656128
66955,nan,-0.1417713761329651,inf,21.804304122924805,0.0018028467893600464
66968,nan,-0.1405438780784607,inf,12.331212997436523,0.07198502868413925
66973,nan,0.3774651288986206,inf,5.016348361968994,6.3062663078308105
67008,nan,-0.12970754504203796,inf,8.9215669631958,0.3680202066898346
67047,nan,0.06616745889186859,inf,6.13912296295166,3.2129485607147217
67074,nan,-0.08669307082891464,inf,7.371971130371094,1.9181699752807617
67098,nan,0.005704890470951796,inf,8.94505786895752,1.1422007083892822
67113,nan,-0.14174897968769073,inf,15.785284996032715,0.0009641647338867188
67157,nan,1.9315279722213745,inf,2.535734176635742,55.186946868896484
67225,nan,-0.14172403514385223,inf,13.721223831176758,0.0034499370958656073
67298,nan,-0.14020565152168274,inf,10.959917068481445,0.09610376507043839
67306,nan,-0.13674227893352509,inf,11.155542373657227,0.1324465125799179
67346,nan,-0.13902311027050018,inf,10.400362014770508,0.10401961952447891
67358,nan,-0.11987578868865967,inf,11.394362449645996,1.3781622648239136
67394,nan,-0.1392771452665329,inf,17.349323272705078,0.10667534172534943
67400,nan,-0.14179778099060059,inf,24.425762176513672,4.7302248276537284e-05
67422,nan,-0.14195547997951508,inf,17.972484588623047,-0.0016369819641113281
67483,nan,-0.03207391873002052,inf,8.404257774353027,3.0198237895965576
67495,nan,-0.11649656295776367,inf,5.70655632019043,1.3887302875518799
67560,nan,-0.12522825598716736,inf,9.131104469299316,0.5351057648658752
67566,nan,-0.14179767668247223,inf,19.288307189941406,6.261467933654785e-05
67574,nan,-0.11874645203351974,inf,8.346243858337402,0.9443087577819824
67591,nan,-0.1405460685491562,inf,12.287556648254395,0.03208122402429581
67611,nan,-0.15600302815437317,inf,8.18017292022705,-0.3441936671733856
67614,nan,-0.1410563886165619,inf,12.399375915527344,0.03431129455566406
67662,nan,-0.14178508520126343,inf,20.8917293548584,0.0004824638308491558
67667,nan,1.5082439184188843,inf,2.6103224754333496,54.31446075439453
67674,nan,-0.14316408336162567,inf,15.611128807067871,-0.03381767496466637
67684,nan,-0.1116408258676529,inf,9.188530921936035,1.4787399768829346
67688,nan,-0.09306460618972778,inf,10.027641296386719,1.5606578588485718
67807,nan,-0.1411588042974472,inf,11.498583793640137,0.019636720418930054
67823,nan,-0.08620371669530869,inf,8.900517463684082,0.942273736000061
67833,nan,-0.09024693816900253,inf,6.005275726318359,0.8325563669204712
67837,nan,-0.14148424565792084,inf,11.889422416687012,0.010553550906479359
67864,nan,-0.13090436160564423,inf,12.300750732421875,0.7386414408683777
67868,nan,2.012133836746216,inf,3.557866334915161,63.63092041015625
67881,nan,-0.141794815659523,inf,21.499271392822266,0.0004547119315247983
67886,nan,-0.1418807953596115,inf,13.791664123535156,-0.004470896907150745
67931,nan,-0.08008354157209396,inf,6.813421726226807,0.7605901956558228
68006,nan,-0.12910383939743042,inf,9.127927780151367,0.38284268975257874
68037,nan,-0.14110009372234344,inf,14.906379699707031,0.005750095937401056
68120,nan,-0.10593239217996597,inf,15.005681037902832,1.1936858892440796
68153,nan,0.499338835477829,inf,3.6965560913085938,22.919801712036133
68182,nan,-0.14179866015911102,inf,24.5473575592041,3.886223112203879e-06
68197,nan,0.011321421712636948,inf,6.010366916656494,4.351665019989014
68256,nan,-0.14165890216827393,inf,12.216785430908203,0.0076503753662109375
68289,nan,-0.14161117374897003,inf,13.939872741699219,0.013042616657912731
68296,nan,0.21704554557800293,inf,4.700636386871338,11.581103324890137
68336,nan,-0.12147561460733414,inf,10.91333293914795,0.9468066096305847
68416,nan,0.04406779631972313,inf,6.970130920410156,4.4350152015686035
68441,nan,-0.14148226380348206,inf,13.888079643249512,0.007259941194206476
68480,nan,0.16594845056533813,inf,6.045474529266357,9.407048225402832
68485,nan,-0.14179815351963043,inf,22.05757713317871,2.7370453608455136e-05
68490,nan,-0.0943177193403244,inf,7.827441692352295,2.403083562850952
68514,nan,-0.14180110394954681,inf,19.878076553344727,1.850128137448337e-05
68529,nan,-0.14058415591716766,inf,13.738688468933105,0.05885791778564453
68629,nan,-0.1418047547340393,inf,20.811922073364258,-0.00014533997455146164
68702,nan,-0.14179442822933197,inf,21.277387619018555,0.000255584716796875
68731,nan,-0.10141271352767944,inf,10.864242553710938,1.7575626373291016
68743,nan,0.5809570550918579,inf,4.232804775238037,22.590723037719727
68799,nan,-0.14080630242824554,inf,12.871176719665527,0.06392581760883331
68825,nan,-0.13479261100292206,inf,10.22909164428711,0.3712719678878784
68829,nan,0.022355830296874046,inf,6.021749019622803,2.284975051879883
68852,nan,-0.1404852420091629,inf,11.588142395019531,0.05728492885828018
68864,nan,0.9926859140396118,inf,4.728332996368408,30.71189308166504
68868,nan,-0.1413351148366928,inf,10.331348419189453,0.03606462478637695
68878,nan,-0.14179910719394684,inf,20.81205940246582,-8.010864803509321e-06
68886,nan,-0.020757127553224564,inf,6.866710186004639,3.838041067123413
68889,nan,0.4144591987133026,inf,4.8019208908081055,14.55194091796875
68898,nan,0.78533536195755,inf,3.5043957233428955,27.8277587890625
68933,nan,0.3876572549343109,inf,3.6948704719543457,9.546412467956543
68989,nan,-0.11795325577259064,inf,10.181188583374023,1.506338357925415
69009,nan,-0.14179202914237976,inf,21.136993408203125,0.0002643585321493447
69041,nan,1.0302073955535889,inf,5.669485092163086,40.24771499633789
69103,nan,-0.05217870697379112,inf,7.092772960662842,3.0609524250030518
69146,nan,-0.1417972594499588,inf,21.153661727905273,9.183883958030492e-05
69150,nan,-0.1416465789079666,inf,15.409367561340332,0.007635593414306641
69151,nan,-0.14160452783107758,inf,13.051918029785156,0.012330246157944202
69173,nan,0.13180340826511383,inf,9.890095710754395,6.765532970428467
69203,nan,3.8915061950683594,inf,1.0762697458267212,85.80245208740234
69207,nan,-0.13902220129966736,inf,12.059090614318848,0.08658905327320099
69284,nan,0.05006354674696922,inf,3.8765408992767334,-1.5229336023330688
69308,nan,-0.14173810184001923,inf,20.637920379638672,0.0022268295288085938
69349,nan,-0.14088276028633118,inf,11.494275093078613,0.06117134168744087
69365,nan,-0.14179812371730804,inf,20.47307586669922,4.425048973644152e-05
69368,nan,-0.14176425337791443,inf,22.228240966796875,0.0015174925792962313
69391,nan,1.2305028438568115,inf,4.292625427246094,31.29266929626465
69399,nan,-0.1418028324842453,inf,20.050336837768555,-8.430481102550402e-05
69418,nan,-0.14170920848846436,inf,17.408870697021484,0.007752656936645508
69452,nan,-0.1047409400343895,inf,12.366545677185059,1.6657122373580933
69461,nan,-0.14251300692558289,inf,11.307034492492676,-0.012370491400361061
69537,nan,-0.14179284870624542,inf,17.869504928588867,0.00033011435880325735
69558,nan,0.36226901412010193,inf,3.896027088165283,12.349172592163086
69584,nan,-0.14179791510105133,inf,21.05658531188965,4.806518700206652e-05
69593,nan,-0.14179448783397675,inf,18.64283561706543,0.000150585183291696
69616,nan,-0.14095668494701385,inf,11.701265335083008,0.029279589653015137
69628,nan,-0.14176617562770844,inf,18.586902618408203,0.0032806636299937963
69634,nan,-0.12445191293954849,inf,8.936627388000488,0.6121171712875366
69652,nan,0.19139491021633148,inf,5.043604850769043,10.491868019104004
69669,nan,-0.14158067107200623,inf,17.143144607543945,0.011987018398940563
69686,nan,-0.06722934544086456,inf,8.440823554992676,2.3821980953216553
69709,nan,0.15171626210212708,inf,4.752639293670654,9.8734712600708
69723,nan,-0.14158794283866882,inf,12.808801651000977,0.010476780124008656
69748,nan,-0.08979831635951996,inf,6.10039758682251,1.7403391599655151
69759,nan,-0.14179562032222748,inf,18.24787712097168,0.00023002624220680445
69771,nan,-0.14069430530071259,inf,16.842422485351562,0.043317414820194244
69780,nan,-0.12672756612300873,inf,13.428885459899902,0.840643048286438
69793,nan,-0.14163653552532196,inf,14.871533393859863,0.007879066281020641
69810,nan,-0.1417636275291443,inf,18.860755920410156,0.002326583955436945
69886,nan,-0.1092931404709816,inf,9.408358573913574,0.26469191908836365
69887,nan,-0.14174845814704895,inf,16.369173049926758,0.001970493933185935
69899,nan,-0.14179803431034088,inf,19.649150848388672,4.425048973644152e-05
69915,nan,3.496272325515747,inf,1.7490962743759155,94.59362030029297
69929,nan,-0.14179793000221252,inf,19.914735794067383,3.719329833984375e-05
69933,nan,-0.022685913369059563,inf,6.590420722961426,3.591684341430664
69938,nan,-0.13084451854228973,inf,12.356731414794922,0.3985001742839813
69950,nan,-0.12918774783611298,inf,8.433813095092773,0.9779667854309082
69983,nan,-0.1410176008939743,inf,14.565057754516602,0.028050517663359642
69986,nan,0.4880535304546356,inf,6.502044677734375,14.655525207519531
69995,nan,-0.14147761464118958,inf,15.254602432250977,0.01850452460348606
70013,nan,-0.14197590947151184,inf,13.804883003234863,-0.005731058306992054
70023,nan,-0.14178793132305145,inf,17.504690170288086,-0.0003108024538960308
70030,nan,-0.1554502248764038,inf,5.475565433502197,1.3510808944702148
70043,nan,-0.14199604094028473,inf,13.396695137023926,-0.00555374613031745
70050,nan,0.10572005808353424,inf,4.810256481170654,3.19083309173584
70141,nan,-0.14106065034866333,inf,15.799426078796387,0.02650909498333931
70187,nan,-0.12549655139446259,inf,10.073158264160156,0.17963357269763947
70218,nan,4.365203857421875,inf,1.1737812757492065,84.08452606201172
70250,nan,-0.14137369394302368,inf,16.043249130249023,0.018265534192323685
70256,nan,0.7414981722831726,inf,5.074216842651367,15.24657917022705
70303,nan,-0.14171691238880157,inf,14.837859153747559,0.004677582066506147
70329,nan,-0.12652434408664703,inf,9.49585247039795,0.4697399139404297
70416,nan,-0.14170826971530914,inf,12.618919372558594,0.0033262490760535
70428,nan,-0.11596041917800903,inf,10.016907691955566,0.9534059762954712
70483,nan,-0.14179866015911102,inf,29.531187057495117,6.8664553509734105e-06
70485,nan,-0.1393662542104721,inf,13.258331298828125,0.06269250065088272
70511,nan,-0.1417994201183319,inf,22.4077205657959,-9.918213436321821e-06
70515,nan,0.002123190788552165,inf,6.328625679016113,3.4032020568847656
70523,nan,-0.1422499716281891,inf,10.314387321472168,0.00761337298899889
70525,nan,0.11049351841211319,inf,6.758930206298828,4.014876842498779
70559,nan,-0.14150099456310272,inf,12.5519437789917,0.02080535888671875
70585,nan,-0.14209400117397308,inf,17.750198364257812,-0.007263159845024347
70595,nan,-0.13867822289466858,inf,10.231757164001465,0.04374530911445618
70638,nan,0.2708132266998291,inf,5.358380317687988,10.08535099029541
70664,nan,0.42484742403030396,inf,4.636729717254639,12.890396118164062
70752,nan,-0.14146237075328827,inf,12.877578735351562,0.007962417788803577
70767,nan,-0.14169719815254211,inf,13.017578125,0.005290651228278875
70775,nan,-0.1406148225069046,inf,19.490392684936523,0.0808635950088501
70820,nan,0.16053076088428497,inf,6.848028659820557,10.961162567138672
70830,nan,0.11831575632095337,inf,6.66309118270874,12.530927658081055
70876,nan,-0.14035053551197052,inf,13.786088943481445,0.05579128488898277
70906,nan,-0.14140507578849792,inf,13.867144584655762,0.02011740207672119
70914,nan,-0.1373985856771469,inf,16.899749755859375,0.2960909903049469
70937,nan,-0.142395481467247,inf,15.57353687286377,-0.01373291015625
70966,nan,-0.07689874619245529,inf,5.818979740142822,1.135963797569275
71004,nan,-0.1310499608516693,inf,6.943562984466553,0.1397402286529541
71006,nan,-0.14179787039756775,inf,20.574960708618164,3.0517578125e-05
71066,nan,-0.1449824422597885,inf,9.395750999450684,-0.10427828133106232
71100,nan,-0.13924844563007355,inf,9.01523494720459,0.07742057740688324
71101,nan,-0.13745589554309845,inf,9.932503700256348,0.11873932182788849
71116,nan,1.1045048236846924,inf,2.75596284866333,33.15555953979492
71128,nan,-0.1417783945798874,inf,17.342130661010742,0.0012158871395513415
71130,nan,-0.14178159832954407,inf,22.865447998046875,0.0011568069458007812
71136,nan,0.2641788721084595,inf,5.450286388397217,12.629091262817383
71208,nan,-0.012458416633307934,inf,6.469642162322998,2.794142007827759
71233,nan,-0.12845396995544434,inf,10.025595664978027,0.4425840377807617
71236,nan,0.8074520230293274,inf,3.216876745223999,26.787708282470703
71269,nan,-0.14168618619441986,inf,18.52349090576172,0.002857208251953125
71300,nan,-0.14539189636707306,inf,8.566205024719238,-1.1001943349838257
71357,nan,-0.14174751937389374,inf,18.880802154541016,0.0014739990001544356
71417,nan,0.4526241421699524,inf,2.6400182247161865,15.518126487731934
71453,nan,-0.14167451858520508,inf,15.207605361938477,0.005296468734741211
71556,nan,-0.08842229098081589,inf,8.78946590423584,-1.6844695806503296
71586,nan,-0.04814469441771507,inf,9.196974754333496,6.67516565322876
71673,nan,-0.10690867900848389,inf,7.900912761688232,1.6208946704864502
71706,nan,-0.05032473802566528,inf,8.559507369995117,3.622649908065796
71719,nan,0.0018399067921563983,inf,6.840859413146973,3.2937920093536377
71733,nan,0.02651839330792427,inf,7.877060890197754,1.974953293800354
71748,nan,-0.09481584280729294,inf,8.169331550598145,1.9897098541259766
71783,nan,-0.13778617978096008,inf,12.299276351928711,0.2571016848087311
71789,nan,-0.1417904943227768,inf,17.570674896240234,0.0004913330194540322
71823,nan,-0.14410334825515747,inf,8.575274467468262,-0.05824461206793785
71832,nan,-0.14104154706001282,inf,13.691906929016113,0.038999129086732864
71864,nan,-0.14166222512722015,inf,16.982952117919922,0.0020441056694835424
71900,nan,-0.14256027340888977,inf,15.43177318572998,-0.017749501392245293
71936,nan,-0.14178740978240967,inf,16.261693954467773,0.000552749668713659
71959,nan,0.010817188769578934,inf,6.249207973480225,11.275389671325684
71992,nan,-0.15612424910068512,inf,10.325736999511719,-0.2578284442424774
71994,nan,-0.021295148879289627,inf,9.14709758758545,5.139273166656494
72028,nan,-0.13715630769729614,inf,12.137967109680176,0.23416240513324738
72078,nan,-0.024153968319296837,inf,6.8575758934021,4.038905620574951
72118,nan,-0.09562784433364868,inf,9.690503120422363,1.1503595113754272
72133,nan,0.5776565074920654,inf,3.2257962226867676,25.08967399597168
72203,nan,-0.13752952218055725,inf,11.929569244384766,0.13630704581737518
72253,nan,-0.14178569614887238,inf,18.842884063720703,0.00014419555373024195
72336,nan,0.22820404171943665,inf,5.46026086807251,11.843363761901855
72337,nan,-0.08879771083593369,inf,8.219951629638672,1.6380500793457031
72340,nan,-0.008406572975218296,inf,6.274447917938232,2.553241491317749
72366,nan,-0.1304982453584671,inf,9.271689414978027,0.375355064868927
72367,nan,-0.14150993525981903,inf,13.669273376464844,0.013849449343979359
72389,nan,-0.10977180302143097,inf,10.123396873474121,1.0943058729171753
72533,nan,-0.14171631634235382,inf,15.936665534973145,0.004859519191086292
72534,nan,-0.14161820709705353,inf,19.522789001464844,0.012232971377670765
72572,nan,-0.1417844146490097,inf,14.983813285827637,0.0005527317407540977
72580,nan,-0.07622657716274261,inf,7.210753917694092,3.8080108165740967
72604,nan,-0.1356819123029709,inf,9.720290184020996,0.24105654656887054
72631,nan,-0.14179247617721558,inf,18.06020164489746,0.00031760334968566895
72661,nan,0.3909779489040375,inf,5.345852851867676,14.738200187683105
72693,nan,0.17607080936431885,inf,4.539622783660889,10.281828880310059
72727,nan,-0.14068980515003204,inf,16.073774337768555,0.07905798405408859
72740,nan,-0.14136731624603271,inf,15.608675956726074,0.011658859439194202
72762,nan,-0.13713179528713226,inf,10.55066967010498,0.05405464395880699
72791,nan,-0.12485313415527344,inf,8.122941970825195,0.40731239318847656
72796,nan,-0.14179320633411407,inf,18.574642181396484,0.0001907587138703093
72814,nan,-0.13905838131904602,inf,15.172711372375488,0.02573796547949314
72815,nan,-0.14462296664714813,inf,20.780454635620117,-0.09394216537475586
72845,nan,-0.1416545808315277,inf,14.984721183776855,0.009992408566176891
72873,nan,-0.12570154666900635,inf,8.324589729309082,0.867230236530304
72887,nan,-0.12680715322494507,inf,9.125959396362305,0.5081726312637329
72892,nan,-0.12746375799179077,inf,9.758994102478027,0.42834043502807617
72945,nan,-0.14179982244968414,inf,28.976720809936523,-1.6880036127986386e-05
72964,nan,-0.1763795167207718,inf,9.27552318572998,-0.35285159945487976
73038,nan,-0.12778159976005554,inf,11.126726150512695,0.33699771761894226
73164,nan,-0.16310648620128632,inf,5.398231029510498,-0.8319082260131836
73246,nan,0.31787142157554626,inf,4.7263054847717285,15.552474021911621
73254,nan,-0.1417982578277588,inf,21.4486026763916,5.416870044427924e-05
