train_idx,x_rm,y_a,d_raw,m_raw,a_raw
78,nan,-0.160426065325737,inf,11.924410820007324,0.09922084957361221
79,nan,-0.1624394804239273,inf,17.21114158630371,0.018610740080475807
105,nan,1.230894923210144,inf,4.3747076988220215,44.89432907104492
111,nan,-0.15428516268730164,inf,13.12785816192627,0.38456711173057556
151,nan,-0.05556834489107132,inf,7.019723415374756,3.8405404090881348
193,nan,-0.16273778676986694,inf,22.448169708251953,0.0018744468688964844
213,nan,0.00402007345110178,inf,6.518908977508545,4.278416633605957
250,nan,-0.15747074782848358,inf,9.723398208618164,0.14686031639575958
262,nan,-0.15818649530410767,inf,13.481767654418945,0.3496559262275696
277,nan,0.6176010966300964,inf,3.8261940479278564,26.750532150268555
305,nan,-0.1624390035867691,inf,18.599777221679688,0.022704316303133965
329,nan,-0.16153280436992645,inf,17.276153564453125,0.09884472191333771
467,nan,-0.16192446649074554,inf,12.564818382263184,0.034624211490154266
473,nan,-0.1627073734998703,inf,16.85088539123535,0.0025375366676598787
478,nan,1.851387858390808,inf,2.8342912197113037,43.011268615722656
546,nan,-0.1611412763595581,inf,12.321623802185059,0.04098119959235191
555,nan,-0.15124090015888214,inf,11.690752983093262,0.32310888171195984
565,nan,1.8934681415557861,inf,2.148787260055542,105.2986068725586
601,nan,-0.15334764122962952,inf,10.726938247680664,0.10846872627735138
613,nan,-0.025109773501753807,inf,7.302989482879639,2.6781013011932373
614,nan,-0.09930193424224854,inf,9.545129776000977,1.489532470703125
616,nan,-0.15615853667259216,inf,11.07971477508545,0.06630640476942062
625,nan,-0.16236670315265656,inf,16.347929000854492,0.031466104090213776
673,nan,-0.1624261438846588,inf,14.357866287231445,0.02060561254620552
675,nan,-0.09020968526601791,inf,4.648129940032959,2.8832948207855225
714,nan,0.32003214955329895,inf,4.609170436859131,16.49661636352539
728,nan,0.07915890961885452,inf,3.673225164413452,12.425285339355469
733,nan,0.3996576964855194,inf,5.104842185974121,9.475971221923828
745,nan,-0.16267113387584686,inf,15.903193473815918,0.004324579145759344
796,nan,-0.16229943931102753,inf,18.556596755981445,0.020687485113739967
799,nan,-0.011181707493960857,inf,7.32867431640625,5.91162109375
806,nan,-0.14587126672267914,inf,8.919478416442871,0.3242003619670868
818,nan,0.33914613723754883,inf,5.2091569900512695,7.179112911224365
829,nan,-0.12133818119764328,inf,10.174177169799805,0.3874008357524872
864,nan,0.20794077217578888,inf,4.591553688049316,5.242773056030273
889,nan,-0.16266869008541107,inf,14.053749084472656,0.004278060980141163
908,nan,-0.06208990886807442,inf,6.402211666107178,1.7445611953735352
920,nan,-0.15678364038467407,inf,14.323729515075684,0.20869484543800354
937,nan,-0.1626763492822647,inf,15.772468566894531,0.0031558990012854338
948,nan,-0.16022919118404388,inf,17.641271591186523,0.20099793374538422
994,nan,-0.16274751722812653,inf,16.57256507873535,0.0005517959943972528
1021,nan,-0.16149821877479553,inf,13.312601089477539,0.05403947830200195
1026,nan,-0.16039113700389862,inf,12.959434509277344,0.14000272750854492
1034,nan,-0.1575387567281723,inf,10.386853218078613,0.22057758271694183
1047,nan,-0.16258375346660614,inf,15.401376724243164,0.0064529418013989925
1049,nan,-0.15465444326400757,inf,12.575972557067871,0.11526107788085938
1076,nan,-0.1625836342573166,inf,17.368574142456055,0.011172056198120117
1151,nan,0.019428277388215065,inf,6.115058898925781,2.2341952323913574
1156,nan,0.06417699158191681,inf,6.42473840713501,6.548732280731201
1168,nan,0.04336458072066307,inf,4.948563575744629,5.045070171356201
1185,nan,-0.1627526730298996,inf,19.45850372314453,0.0005248069646768272
1218,nan,-0.022871432825922966,inf,9.517390251159668,2.847339391708374
1223,nan,-0.1627420336008072,inf,19.624359130859375,0.00031772852526046336
1235,nan,-0.06874582916498184,inf,8.400324821472168,2.6900558471679688
1278,nan,-0.16264000535011292,inf,15.920367240905762,0.003010702086612582
1286,nan,0.6980105638504028,inf,4.387658596038818,20.212766647338867
1303,nan,-0.16246230900287628,inf,14.6034517288208,0.01081161480396986
1350,nan,-0.07931818813085556,inf,7.839649200439453,2.086738348007202
1387,nan,-0.1624700427055359,inf,17.424863815307617,0.004579448606818914
1445,nan,-0.16276268661022186,inf,19.29164695739746,4.6062468754826114e-05
1454,nan,-0.16180849075317383,inf,14.582951545715332,0.04424343258142471
1457,nan,-0.16259340941905975,inf,14.699536323547363,0.007839202880859375
1477,nan,-0.16274091601371765,inf,22.087881088256836,0.0010437011951580644
1500,nan,0.28104135394096375,inf,4.482001781463623,15.26456356048584
1526,nan,-0.16120044887065887,inf,13.961756706237793,0.04842033609747887
1545,nan,-0.15498127043247223,inf,9.564801216125488,0.16887293756008148
1569,nan,0.13736850023269653,inf,5.263771057128906,16.441326141357422
1617,nan,-0.16275861859321594,inf,16.21369743347168,0.0014395713806152344
1792,nan,-0.15984120965003967,inf,12.523265838623047,0.047717440873384476
1806,nan,0.11587569862604141,inf,5.9334845542907715,7.952388286590576
1808,nan,-0.16274414956569672,inf,15.652603149414062,0.001323533128015697
1825,nan,-0.1627594381570816,inf,19.72563934326172,0.00011100769188487902
1869,nan,-0.16229000687599182,inf,13.7359619140625,0.013520682230591774
1928,nan,-0.16253964602947235,inf,15.90903377532959,0.00949859619140625
1961,nan,-0.017495032399892807,inf,5.69880485534668,4.295655727386475
1986,nan,-0.15055155754089355,inf,17.194913864135742,0.9860259890556335
1993,nan,-0.1467106193304062,inf,12.813743591308594,1.1174248456954956
2039,nan,-0.16238568723201752,inf,13.064335823059082,0.021224725991487503
2056,nan,-0.09053021669387817,inf,9.589483261108398,2.539461612701416
2091,nan,3.0135130882263184,inf,2.9721570014953613,75.53985595703125
2096,nan,0.019067658111453056,inf,6.502774715423584,4.925016403198242
2145,nan,-0.1625937670469284,inf,16.4746150970459,0.009012579917907715
2176,nan,-0.15015941858291626,inf,9.082640647888184,0.3420707881450653
2269,nan,-0.13619087636470795,inf,11.588220596313477,1.101709008216858
2276,nan,0.46561241149902344,inf,4.140537261962891,19.41826057434082
2280,nan,-0.1627611368894577,inf,22.751968383789062,1.449584942747606e-05
2342,nan,0.8985955119132996,inf,3.9211819171905518,24.26749610900879
2346,nan,-0.16276131570339203,inf,35.7431526184082,0.0
2380,nan,-0.15975359082221985,inf,13.092782974243164,0.23464469611644745
2414,nan,-0.1596541851758957,inf,14.478816032409668,0.2305252104997635
2423,nan,-0.162734255194664,inf,17.164100646972656,0.0016265868907794356
2448,nan,-0.16276083886623383,inf,19.766616821289062,2.441406286379788e-05
2521,nan,-0.16155771911144257,inf,11.767601013183594,0.00048828125
2571,nan,-0.15129008889198303,inf,11.007018089294434,0.26113662123680115
2576,nan,3.3099563121795654,inf,2.9722483158111572,79.57880401611328
2600,nan,-0.16266803443431854,inf,13.2630033493042,0.00775909423828125
2653,nan,0.1523910015821457,inf,6.821689128875732,12.88162899017334
2654,nan,-0.15380553901195526,inf,13.401626586914062,0.2672279477119446
2704,nan,-0.1570228934288025,inf,12.680750846862793,0.08224010467529297
2724,nan,-0.14562562108039856,inf,8.525331497192383,0.8850385546684265
2743,nan,0.5449240803718567,inf,4.041724681854248,24.953067779541016
2763,nan,-0.15941458940505981,inf,12.773850440979004,0.226728156208992
2843,nan,-0.15624716877937317,inf,11.31390380859375,0.2673341929912567
2853,nan,-0.14768679440021515,inf,11.169842720031738,0.9320312738418579
2866,nan,-0.00010991618182742968,inf,6.534002780914307,4.618260860443115
2889,nan,-0.16237348318099976,inf,13.221246719360352,0.01619734801352024
2908,nan,-0.16121859848499298,inf,12.891474723815918,0.047460462898015976
2909,nan,-0.16193895041942596,inf,12.033297538757324,0.014492607675492764
2912,nan,-0.15548302233219147,inf,13.418156623840332,0.5740289688110352
2945,nan,-0.16271549463272095,inf,17.874204635620117,0.0016120910877361894
2962,nan,-0.16260270774364471,inf,15.468238830566406,0.003565025283023715
2965,nan,-0.1627592295408249,inf,20.30805015563965,0.000141143798828125
2995,nan,-0.16264311969280243,inf,19.410968780517578,0.00522613525390625
3020,nan,-0.10474769026041031,inf,9.874427795410156,2.222501516342163
3104,nan,-0.14611952006816864,inf,11.509759902954102,0.17815165221691132
3163,nan,0.2527916431427002,inf,5.986510753631592,13.025111198425293
3266,nan,-0.1615164428949356,inf,16.30830192565918,0.09778106212615967
3278,nan,-0.006845918484032154,inf,7.25344181060791,3.1603469848632812
3286,nan,-0.1290379762649536,inf,8.866318702697754,0.4390140473842621
3297,nan,-0.14757730066776276,inf,9.254721641540527,0.45929089188575745
3357,nan,0.1140727624297142,inf,7.194457530975342,9.263339042663574
3475,nan,-0.16256754100322723,inf,14.634551048278809,0.00953521765768528
3478,nan,0.045869216322898865,inf,7.034771919250488,6.72200345993042
3579,nan,-0.16236619651317596,inf,15.17285442352295,0.02017688751220703
3580,nan,-0.16265471279621124,inf,15.05876350402832,0.0046592713333666325
3589,nan,-0.16269491612911224,inf,17.862411499023438,0.0031337738037109375
3597,nan,-0.1298523247241974,inf,9.288073539733887,0.36314699053764343
3615,nan,-0.14802686870098114,inf,11.401740074157715,1.0437124967575073
3636,nan,-0.14428187906742096,inf,9.163673400878906,0.5419179797172546
3645,nan,-0.1627383679151535,inf,20.962167739868164,0.00103759765625
3664,nan,-0.15838785469532013,inf,12.636343955993652,0.20434120297431946
3714,nan,-0.15836219489574432,inf,10.563923835754395,0.08256759494543076
3748,nan,-0.15875087678432465,inf,7.644738674163818,0.33301764726638794
3764,nan,-0.1331299990415573,inf,7.445193767547607,1.5316979885101318
3778,nan,-0.12053262442350388,inf,6.712896823883057,1.382122278213501
3845,nan,-0.13052983582019806,inf,7.4818949699401855,1.3374522924423218
3848,nan,-0.1296720653772354,inf,9.512473106384277,1.350232481956482
3890,nan,-0.027785414829850197,inf,5.810834884643555,8.203681945800781
3916,nan,-0.15669035911560059,inf,9.757895469665527,0.2196403592824936
3933,nan,-0.16274957358837128,inf,21.688016891479492,0.0003955841239076108
3948,nan,0.02292034961283207,inf,8.058485984802246,10.640364646911621
3969,nan,1.2827500104904175,inf,3.842400312423706,22.921937942504883
3980,nan,0.10853111743927002,inf,7.540988922119141,2.5656089782714844
4018,nan,-0.16270259022712708,inf,12.718523979187012,0.0031373263336718082
4067,nan,-0.16196435689926147,inf,18.256898880004883,0.0644863173365593
4068,nan,-0.16299889981746674,inf,18.84910011291504,-0.019414329901337624
4112,nan,-0.16066670417785645,inf,12.267858505249023,0.06073043495416641
4116,nan,0.1186252236366272,inf,6.072189807891846,7.438647747039795
4193,nan,-0.15943129360675812,inf,11.386344909667969,0.15022145211696625
4201,nan,-0.1532980054616928,inf,11.315347671508789,0.46683064103126526
4211,nan,3.9444580078125,inf,1.078171730041504,128.95753479003906
4222,nan,-0.1614692062139511,inf,11.797968864440918,0.04771270975470543
4268,nan,-0.1394515186548233,inf,4.972731113433838,-1.8668946027755737
4391,nan,-0.03452055901288986,inf,6.634494781494141,3.8256382942199707
4402,nan,-0.16261249780654907,inf,24.44637107849121,0.0033966065384447575
4405,nan,1.4689792394638062,inf,3.557462692260742,43.31587600708008
4416,nan,0.26813238859176636,inf,6.169040679931641,16.26223373413086
4429,nan,-0.16268335282802582,inf,15.154036521911621,0.003956699278205633
4433,nan,-0.16256283223628998,inf,15.259814262390137,0.00913085974752903
4443,nan,-0.16266009211540222,inf,14.277478218078613,0.007593345828354359
4446,nan,-0.1589658111333847,inf,15.345664978027344,0.11096687614917755
4458,nan,-0.07372375577688217,inf,7.280595302581787,1.6560171842575073
4516,nan,0.04337884113192558,inf,5.613759517669678,6.104275226593018
4525,nan,-0.16264496743679047,inf,18.5049991607666,0.0053535462357103825
4635,nan,-0.1624329388141632,inf,12.330790519714355,0.012916374020278454
4674,nan,-0.15860523283481598,inf,11.50042724609375,0.09958352893590927
4736,nan,-0.1579907238483429,inf,10.179072380065918,0.1360236257314682
4782,nan,-0.15169227123260498,inf,7.838165283203125,0.3867601454257965
4798,nan,-0.09367416799068451,inf,7.7221999168396,3.0498669147491455
4802,nan,-0.16268961131572723,inf,16.956083297729492,0.0040111541748046875
4823,nan,0.37925055623054504,inf,5.362319469451904,22.239730834960938
4829,nan,-0.15625156462192535,inf,11.02891731262207,0.2196233719587326
4855,nan,-0.16276034712791443,inf,17.902456283569336,5.9700014389818534e-05
4918,nan,0.8621107935905457,inf,3.957612991333008,37.21015167236328
4976,nan,-0.15480783581733704,inf,11.436663627624512,0.4699624478816986
5008,nan,-0.10242128372192383,inf,9.742637634277344,0.7178394198417664
5025,nan,0.14751951396465302,inf,4.85022497177124,16.79188346862793
5028,nan,-0.1312471479177475,inf,8.17789363861084,0.7652042508125305
5065,nan,-0.1612648367881775,inf,14.037752151489258,0.08881018310785294
5107,nan,0.5670728087425232,inf,4.8303303718566895,16.57588005065918
5134,nan,-0.15646110475063324,inf,10.178415298461914,0.14270932972431183
5178,nan,0.2592776119709015,inf,5.110301494598389,12.288235664367676
5180,nan,-0.16236625611782074,inf,14.388208389282227,0.02644500695168972
5229,nan,-0.162745401263237,inf,16.61302947998047,0.00047512055607512593
5230,nan,0.022005707025527954,inf,7.502754211425781,4.774932384490967
5235,nan,-0.16054342687129974,inf,14.844879150390625,0.11776957660913467
5243,nan,-0.14694876968860626,inf,7.540571689605713,0.030907345935702324
5293,nan,2.3921444416046143,inf,2.6801018714904785,87.41622161865234
5307,nan,-0.162273570895195,inf,15.283477783203125,0.019774693995714188
5312,nan,-0.12128239125013351,inf,9.308063507080078,2.167750597000122
5320,nan,-0.161649689078331,inf,13.285234451293945,0.0543670654296875
5373,nan,-0.12856490910053253,inf,9.979813575744629,0.5808063745498657
5443,nan,0.06886563450098038,inf,6.008544921875,13.1552734375
5531,nan,-0.16210490465164185,inf,13.834540367126465,0.05104643106460571
5585,nan,-0.16272760927677155,inf,15.664596557617188,0.0018266678089275956
5626,nan,0.025414688512682915,inf,4.918625831604004,7.029476165771484
5640,nan,-0.16350995004177094,inf,13.291075706481934,0.022069931030273438
5648,nan,-0.16211853921413422,inf,12.177946090698242,0.03010125271975994
5675,nan,0.3827954828739166,inf,5.0994696617126465,12.50886058807373
5714,nan,-0.16367660462856293,inf,11.105454444885254,0.017304420471191406
5738,nan,5.73605489730835,inf,-0.5283141732215881,203.00840759277344
5824,nan,-0.16275379061698914,inf,25.964096069335938,0.0003906250058207661
5829,nan,-0.042785800993442535,inf,4.724379539489746,3.1654534339904785
5837,nan,-0.12468735128641129,inf,9.42263126373291,0.9984984397888184
5839,nan,1.553309679031372,inf,3.372447967529297,35.24595260620117
5855,nan,-0.16216261684894562,inf,13.495587348937988,0.03134308010339737
5857,nan,-0.13215099275112152,inf,10.988930702209473,0.9043747186660767
5863,nan,0.16511765122413635,inf,6.096228122711182,12.472381591796875
5907,nan,-0.13538184762001038,inf,7.75075626373291,1.1975113153457642
5913,nan,-0.029223108664155006,inf,5.98634672164917,2.7446277141571045
5943,nan,0.0916241928935051,inf,7.073023319244385,3.162839889526367
5999,nan,0.12257262319326401,inf,4.902781963348389,15.278780937194824
6036,nan,-0.16272281110286713,inf,16.445125579833984,0.0009028434869833291
6069,nan,-0.1569724828004837,inf,13.301318168640137,0.25625893473625183
6092,nan,-0.16237811744213104,inf,15.115880012512207,0.02065124548971653
6130,nan,1.2911404371261597,inf,3.4171180725097656,38.556884765625
6135,nan,-0.16109319031238556,inf,15.348947525024414,0.126185804605484
6232,nan,-0.16248570382595062,inf,21.82847023010254,0.02173461951315403
6261,nan,-0.10228657722473145,inf,15.5693998336792,2.717377185821533
6319,nan,-0.14093847572803497,inf,13.265896797180176,1.1809054613113403
6347,nan,-0.10153553634881973,inf,10.807806968688965,0.6958244442939758
6377,nan,-0.13528718054294586,inf,11.704936981201172,0.8129364252090454
6380,nan,-0.16203533113002777,inf,16.22153091430664,0.030660247430205345
6384,nan,-0.16275982558727264,inf,20.845563888549805,0.00010814666893566027
6421,nan,-0.1624397337436676,inf,15.58646297454834,0.014277267269790173
6469,nan,-0.09506896138191223,inf,8.276595115661621,1.2491192817687988
6488,nan,-0.1536707729101181,inf,9.071414947509766,0.8560534715652466
6546,nan,-0.15134993195533752,inf,15.304107666015625,0.14644546806812286
6573,nan,-0.1616293489933014,inf,14.762489318847656,0.02188568189740181
6590,nan,-0.14482492208480835,inf,12.607078552246094,0.3307655453681946
6612,nan,-0.14742524921894073,inf,10.990854263305664,0.7383594512939453
6672,nan,-0.1627597063779831,inf,25.80421257019043,4.425048973644152e-05
6680,nan,-0.13958090543746948,inf,7.292344570159912,1.0559197664260864
6769,nan,-0.15644799172878265,inf,9.632094383239746,0.14003753662109375
6776,nan,-0.09487146139144897,inf,10.501402854919434,1.6691559553146362
6789,nan,-0.15824906527996063,inf,10.70942211151123,0.24424047768115997
6831,nan,-0.1340542435646057,inf,8.876083374023438,0.7458261847496033
6832,nan,2.5760068893432617,inf,2.2773590087890625,92.50949096679688
6844,nan,-0.0652296170592308,inf,10.035482406616211,1.6979392766952515
6864,nan,-0.11364896595478058,inf,9.132125854492188,1.2966532707214355
6943,nan,-0.1307983249425888,inf,12.374892234802246,0.18608041107654572
6952,nan,-0.059187572449445724,inf,7.0559282302856445,2.6714088916778564
7024,nan,0.610598087310791,inf,6.8334527015686035,9.484390258789062
7047,nan,-0.22040219604969025,inf,7.142116069793701,-0.2770345211029053
7071,nan,-0.1579604297876358,inf,10.452364921569824,0.30977994203567505
7089,nan,0.13149164617061615,inf,6.248885154724121,17.54119300842285
7115,nan,0.04285905510187149,inf,7.305530071258545,6.754909038543701
7191,nan,-0.14838527143001556,inf,8.78366756439209,0.6003267168998718
7233,nan,-0.14983777701854706,inf,9.556070327758789,0.49648258090019226
7249,nan,-0.16276031732559204,inf,23.41450309753418,7.934570749057457e-05
7258,nan,-0.16197757422924042,inf,13.466107368469238,0.030240822583436966
7287,nan,-0.16271734237670898,inf,17.287487030029297,0.0033351897727698088
7418,nan,1.3965319395065308,inf,4.571176052093506,49.567256927490234
7450,nan,-0.15478472411632538,inf,12.513032913208008,0.11797428131103516
7459,nan,0.009370262734591961,inf,6.7815775871276855,6.102992534637451
7464,nan,-0.1627347618341446,inf,24.1616268157959,0.001982116838917136
7486,nan,-0.16211579740047455,inf,16.351530075073242,0.02143402211368084
7530,nan,-0.15876789391040802,inf,10.884224891662598,0.22885146737098694
7533,nan,-0.16276074945926666,inf,21.6790828704834,1.9836426872643642e-05
7548,nan,-0.1623510867357254,inf,12.150318145751953,0.009406757541000843
7624,nan,-0.07878916710615158,inf,6.250637054443359,2.841170310974121
7693,nan,-0.16273589432239532,inf,17.057910919189453,0.0006607055547647178
7704,nan,-0.15910662710666656,inf,9.059735298156738,0.1813749372959137
7711,nan,-0.14858750998973846,inf,9.315707206726074,0.4709814190864563
7745,nan,-0.1627078503370285,inf,17.420827865600586,0.0028570175636559725
7766,nan,0.14227034151554108,inf,5.570346355438232,10.123427391052246
7825,nan,-0.09516968578100204,inf,9.510114669799805,3.2895259857177734
7867,nan,-0.16150298714637756,inf,15.130058288574219,0.06749401986598969
7931,nan,-0.02012212760746479,inf,5.9008469581604,2.0770108699798584
7944,nan,-0.08597888797521591,inf,6.277947902679443,2.0661609172821045
8000,nan,-0.1389644593000412,inf,12.396906852722168,1.7793251276016235
8001,nan,-0.1626531183719635,inf,15.258631706237793,0.008592033758759499
8051,nan,-0.13650868833065033,inf,9.029074668884277,0.6803554892539978
8056,nan,-0.15987534821033478,inf,10.398431777954102,0.07247239351272583
8104,nan,-0.16275493800640106,inf,18.606122970581055,0.00023279190645553172
8107,nan,0.08612029999494553,inf,5.986299991607666,12.428077697753906
8108,nan,-0.09665953367948532,inf,9.583308219909668,2.3767266273498535
8148,nan,-0.16268084943294525,inf,18.36083221435547,0.0027301788795739412
8151,nan,-0.16181068122386932,inf,11.71059513092041,0.04196801409125328
8247,nan,0.03523765876889229,inf,4.89436674118042,2.4674599170684814
8255,nan,-0.15887919068336487,inf,12.838935852050781,0.07251644134521484
8263,nan,-0.14598815143108368,inf,9.661739349365234,0.29946860671043396
8359,nan,-0.16255240142345428,inf,16.646530151367188,0.014820861630141735
8360,nan,-0.16274861991405487,inf,19.19757080078125,0.0005676269647665322
8426,nan,-0.16275840997695923,inf,21.58724594116211,0.0001617431698832661
8430,nan,0.28793951869010925,inf,4.479379653930664,21.595733642578125
8431,nan,-0.16186003386974335,inf,13.337213516235352,0.047960665076971054
8433,nan,-0.16157744824886322,inf,12.712889671325684,0.051549531519412994
8596,nan,-0.16276054084300995,inf,20.333932876586914,5.617141869151965e-05
8597,nan,0.0051068938337266445,inf,6.160838603973389,2.161456346511841
8629,nan,-0.16235540807247162,inf,17.78944969177246,0.018833959475159645
8632,nan,-0.16257159411907196,inf,15.297171592712402,0.0029632567893713713
8638,nan,-0.16105632483959198,inf,16.222429275512695,0.034893035888671875
8641,nan,-0.15960824489593506,inf,12.137202262878418,0.13733826577663422
8645,nan,-0.11931214481592178,inf,10.239336967468262,1.0041054487228394
8681,nan,-0.08772966265678406,inf,6.8483147621154785,4.086227893829346
8695,nan,-0.16273488104343414,inf,20.73551368713379,0.0016342162853106856
8700,nan,-0.16258545219898224,inf,17.005260467529297,0.008607483468949795
8709,nan,-0.15077832341194153,inf,10.103133201599121,0.17509546875953674
8758,nan,-0.16272227466106415,inf,16.860681533813477,0.0019677162636071444
8813,nan,-0.1626773327589035,inf,14.924234390258789,0.005982589907944202
8821,nan,0.14891456067562103,inf,5.011322975158691,12.378118515014648
8823,nan,-0.14354294538497925,inf,9.584933280944824,0.7180587649345398
8834,nan,-0.16271571815013885,inf,17.50339698791504,0.0019672394264489412
8849,nan,-0.1620320826768875,inf,12.67669677734375,0.019973469898104668
8885,nan,0.2802436947822571,inf,4.160229206085205,16.876867294311523
8891,nan,0.07949000597000122,inf,6.2994585037231445,2.525390386581421
8897,nan,-0.15618430078029633,inf,10.290376663208008,0.26140937209129333
8908,nan,-0.1559993326663971,inf,11.381392478942871,0.10588531941175461
8912,nan,-0.1248670220375061,inf,9.188780784606934,1.2961496114730835
8991,nan,-0.15628840029239655,inf,12.850638389587402,0.31947097182273865
8996,nan,-0.12857100367546082,inf,9.180400848388672,0.7431802749633789
9015,nan,-0.1605687290430069,inf,10.63265609741211,0.06290264427661896
9027,nan,-0.16174890100955963,inf,11.496617317199707,0.03173103556036949
9078,nan,-0.08522578328847885,inf,9.241050720214844,4.006497383117676
9111,nan,-0.12564437091350555,inf,9.170419692993164,1.4365742206573486
9116,nan,-0.15948203206062317,inf,13.60184383392334,0.03599891811609268
9126,nan,-0.16210979223251343,inf,13.761980056762695,0.027725983411073685
9156,nan,-0.036072712391614914,inf,7.834517955780029,0.9903079867362976
9198,nan,-0.16276134550571442,inf,25.87876319885254,-7.629394644936838e-07
9202,nan,-0.16266517341136932,inf,16.746540069580078,0.0034133910667151213
9231,nan,0.14397446811199188,inf,5.443003177642822,11.56760311126709
9264,nan,-0.16097623109817505,inf,14.114588737487793,0.0887514129281044
9337,nan,-0.16275733709335327,inf,23.73520278930664,0.0003185272216796875
9394,nan,-0.15709398686885834,inf,9.148224830627441,0.23540504276752472
9422,nan,1.477065920829773,inf,3.2528655529022217,36.33700180053711
9475,nan,-0.17011891305446625,inf,9.058122634887695,-0.0763276144862175
9489,nan,-0.15004725754261017,inf,9.789237022399902,0.7980600595474243
9495,nan,-0.1544397920370102,inf,9.783215522766113,0.11851716041564941
9510,nan,-0.16275076568126678,inf,22.944963455200195,0.00048065185546875
9516,nan,-0.02793763019144535,inf,8.680766105651855,6.1245622634887695
9547,nan,-0.16057085990905762,inf,12.70068645477295,0.08811340481042862
9564,nan,0.3750140368938446,inf,4.504573822021484,15.337448120117188
9613,nan,-0.161161869764328,inf,13.848215103149414,0.12919454276561737
9626,nan,-0.16276131570339203,inf,25.290695190429688,0.0
9650,nan,-0.16230055689811707,inf,18.076091766357422,0.02065887488424778
9651,nan,-0.1595681756734848,inf,11.28795337677002,0.04826507717370987
9662,nan,0.02611546218395233,inf,5.594817638397217,3.505911350250244
9688,nan,-0.13858118653297424,inf,10.91208267211914,1.2908798456192017
9694,nan,-0.16227294504642487,inf,14.05156135559082,0.00908778328448534
9711,nan,0.9815393686294556,inf,3.617323398590088,28.026487350463867
9763,nan,-0.05589435622096062,inf,7.874025821685791,1.821282982826233
9836,nan,-0.13775847852230072,inf,9.258540153503418,1.239461898803711
9859,nan,-0.16270725429058075,inf,16.530920028686523,0.002804660936817527
9873,nan,-0.0999399796128273,inf,11.114200592041016,0.5686150789260864
9887,nan,-0.16241441667079926,inf,17.81459617614746,0.015982752665877342
9903,nan,-0.01982266642153263,inf,6.449293613433838,4.672412872314453
9915,nan,-0.16222013533115387,inf,14.230900764465332,0.017392350360751152
10039,nan,0.05105646327137947,inf,5.91329288482666,11.291423797607422
10049,nan,-0.16272233426570892,inf,18.80659294128418,0.003046321915462613
10052,nan,-0.15769581496715546,inf,12.161419868469238,0.15971069037914276
10088,nan,-0.1618116945028305,inf,14.421266555786133,0.05200386047363281
10096,nan,-0.16237907111644745,inf,10.483964920043945,0.026485681533813477
10099,nan,3.131298065185547,inf,1.417183518409729,88.9115982055664
10197,nan,-0.1618785411119461,inf,14.191093444824219,0.03963318094611168
10241,nan,0.14544470608234406,inf,4.064339637756348,20.875520706176758
10309,nan,-0.16225241124629974,inf,16.458499908447266,0.027797317132353783
10376,nan,0.10734464228153229,inf,5.573089122772217,15.22887134552002
10392,nan,-0.1619199961423874,inf,13.536531448364258,0.029760170727968216
10438,nan,-0.15216653048992157,inf,10.860427856445312,0.16967754065990448
10539,nan,-0.16228574514389038,inf,17.316614151000977,0.03450021892786026
10583,nan,-0.1600176841020584,inf,10.593412399291992,0.17083339393138885
10586,nan,-0.013338501565158367,inf,7.224605083465576,5.0915751457214355
10635,nan,-0.15139812231063843,inf,10.070094108581543,0.3769908845424652
10658,nan,0.2801261842250824,inf,5.727636814117432,9.356490135192871
10663,nan,-0.1550857275724411,inf,13.718193054199219,0.3629501461982727
10692,nan,-0.1812407672405243,inf,8.646907806396484,0.1410694122314453
10764,nan,-0.1543920785188675,inf,10.51401424407959,0.10278170555830002
10777,nan,-0.17467913031578064,inf,7.040463924407959,-0.006066131871193647
10781,nan,0.5742668509483337,inf,5.336414813995361,13.287887573242188
10895,nan,-0.16202062368392944,inf,16.82784080505371,0.035765837877988815
10918,nan,-0.15240280330181122,inf,10.580644607543945,0.40242624282836914
10937,nan,-0.15933440625667572,inf,17.597169876098633,0.19060592353343964
10986,nan,0.4347991943359375,inf,4.951082229614258,29.906003952026367
10994,nan,-0.14367608726024628,inf,6.120471954345703,0.4516502320766449
11010,nan,-0.11374228447675705,inf,9.587882041931152,1.422434687614441
11013,nan,-0.1625330001115799,inf,18.50635528564453,0.011070824228227139
11109,nan,-0.15967288613319397,inf,11.796674728393555,0.15637341141700745
11119,nan,-0.1301114857196808,inf,11.665264129638672,1.4409408569335938
11217,nan,-0.16276082396507263,inf,22.547863006591797,3.62396240234375e-05
11302,nan,-0.16273605823516846,inf,15.83777904510498,0.0012561798794195056
11307,nan,-0.16273929178714752,inf,20.616844177246094,0.00150299072265625
11332,nan,-0.15726910531520844,inf,12.64334774017334,0.4394032955169678
11353,nan,-0.15939955413341522,inf,15.424527168273926,0.0223846435546875
11364,nan,-0.06594537943601608,inf,8.776122093200684,4.347757339477539
11404,nan,-0.07097634673118591,inf,7.4737067222595215,3.496567964553833
11414,nan,0.3009105622768402,inf,3.0424952507019043,11.878872871398926
11463,nan,-0.16274861991405487,inf,19.44516944885254,0.0010120392544195056
11472,nan,-0.16271089017391205,inf,16.468585968017578,0.0022502660285681486
11475,nan,-0.16237537562847137,inf,15.474871635437012,0.011398888193070889
11478,nan,-0.15531224012374878,inf,10.519723892211914,0.3141830563545227
11489,nan,0.08252056688070297,inf,3.4325363636016846,5.598586559295654
11537,nan,-0.16281484067440033,inf,15.46446418762207,0.0007772445678710938
11547,nan,-0.1627587527036667,inf,18.398550033569336,0.00015153885760810226
11600,nan,-0.1627054661512375,inf,18.02951431274414,0.003404378890991211
11613,nan,-0.16273590922355652,inf,16.172117233276367,0.0008346557733602822
11624,nan,-0.12824399769306183,inf,10.288330078125,1.373883605003357
11683,nan,-0.087427519261837,inf,11.340665817260742,4.065827369689941
11692,nan,0.8524608612060547,inf,3.1948776245117188,35.424068450927734
11738,nan,-0.15060052275657654,inf,8.877782821655273,0.4154373109340668
11748,nan,-0.16275574266910553,inf,20.92828941345215,0.00041141509427689016
11774,nan,0.3913063704967499,inf,4.592141151428223,10.850288391113281
11794,nan,-0.1561742126941681,inf,14.135475158691406,0.13857769966125488
11820,nan,-0.09038165211677551,inf,7.98358678817749,4.024507522583008
11827,nan,-0.15792541205883026,inf,14.07768726348877,0.28621578216552734
11831,nan,-0.1627098172903061,inf,17.709692001342773,0.0031341672874987125
11929,nan,-0.1491246521472931,inf,11.648256301879883,0.7287004590034485
11976,nan,-0.16063179075717926,inf,19.509916305541992,0.17226143181324005
11986,nan,-0.08149604499340057,inf,7.6566009521484375,3.5347859859466553
12060,nan,-0.1551213413476944,inf,10.429834365844727,0.10961675643920898
12134,nan,-0.15758228302001953,inf,9.385998725891113,0.13406486809253693
12137,nan,0.19954244792461395,inf,4.98447847366333,13.62519359588623
12166,nan,0.08008728176355362,inf,4.708419322967529,12.21372127532959
12171,nan,-0.10461437702178955,inf,9.046278953552246,0.8409134149551392
12181,nan,-0.15851818025112152,inf,10.89336109161377,0.16081762313842773
12182,nan,-0.07861673086881638,inf,9.965408325195312,3.921257495880127
12191,nan,0.022801829501986504,inf,6.700419902801514,5.602695465087891
12193,nan,-0.1620643436908722,inf,15.734315872192383,0.036992836743593216
12238,nan,-0.08506079018115997,inf,7.706535339355469,1.8502333164215088
12243,nan,-0.04741407930850983,inf,7.862501621246338,3.085153818130493
12254,nan,-0.16272380948066711,inf,14.746005058288574,0.0021344185806810856
12259,nan,-0.16165058314800262,inf,10.211079597473145,0.024399710819125175
12262,nan,-0.16179388761520386,inf,16.46869468688965,0.07201361656188965
12266,nan,-0.15069882571697235,inf,8.781378746032715,0.23028068244457245
12276,nan,-0.16276071965694427,inf,23.722904205322266,4.272460864740424e-05
12304,nan,0.28472113609313965,inf,5.3273820877075195,14.04876708984375
12320,nan,-0.0895969420671463,inf,7.445984840393066,2.7558414936065674
12326,nan,0.5500328540802002,inf,5.394881725311279,10.948370933532715
12332,nan,-0.16265565156936646,inf,13.905486106872559,0.01107864361256361
12335,nan,-0.1409737467765808,inf,8.969874382019043,1.0076005458831787
12351,nan,-0.16114675998687744,inf,12.557063102722168,0.08046894520521164
12376,nan,-0.1421370506286621,inf,9.121668815612793,0.5908924341201782
12385,nan,-0.1627359241247177,inf,17.81336212158203,0.0014011859893798828
12433,nan,-0.1623900979757309,inf,15.921136856079102,0.013027382083237171
12510,nan,-0.16274689137935638,inf,22.78958511352539,0.0008110046619549394
12540,nan,-0.13612978160381317,inf,7.240058898925781,0.8327080011367798
12557,nan,-0.16256475448608398,inf,14.460965156555176,0.013925397768616676
12574,nan,-0.16274453699588776,inf,24.128097534179688,0.0013328552013263106
12576,nan,-0.16270308196544647,inf,18.005094528198242,0.0045227049849927425
12665,nan,-0.1583668440580368,inf,10.392928123474121,0.1525757759809494
12716,nan,0.07664509862661362,inf,6.347406387329102,5.533157825469971
12722,nan,-0.16276097297668457,inf,21.588708877563477,1.449584942747606e-05
12734,nan,1.3156894445419312,inf,2.0219342708587646,80.93154907226562
12747,nan,-0.16272324323654175,inf,21.425403594970703,0.0030532837845385075
12759,nan,0.6995341181755066,inf,5.076170921325684,17.425073623657227
12768,nan,-0.1627611517906189,inf,24.51405906677246,8.010864803509321e-06
12916,nan,-0.1605784147977829,inf,16.468278884887695,0.1035497710108757
12938,nan,-0.13557536900043488,inf,6.971595287322998,0.8746103644371033
12949,nan,-0.1555805504322052,inf,11.794894218444824,0.2454097718000412
13001,nan,0.6454373598098755,inf,4.7892889976501465,23.195573806762695
13003,nan,-0.15474560856819153,inf,10.359786987304688,0.29458388686180115
13051,nan,-0.1272047609090805,inf,10.046167373657227,0.5168533325195312
13076,nan,-0.16241981089115143,inf,17.90788459777832,0.027179718017578125
13095,nan,-0.15763796865940094,inf,12.01027774810791,0.17004013061523438
13099,nan,-0.15326695144176483,inf,8.062933921813965,0.6153775453567505
13109,nan,-0.0202323030680418,inf,4.793816089630127,3.7299575805664062
13127,nan,-0.029297450557351112,inf,7.705742835998535,3.278493642807007
13131,nan,-0.15922628343105316,inf,12.633373260498047,0.11084294319152832
13150,nan,0.06786854565143585,inf,5.881002902984619,4.08315372467041
13259,nan,-0.16229097545146942,inf,15.310043334960938,0.03220095857977867
13290,nan,-0.12596899271011353,inf,7.774058818817139,0.4722185730934143
13312,nan,0.7836365103721619,inf,4.642189025878906,18.14156150817871
13383,nan,-0.12842676043510437,inf,9.522550582885742,1.0732650756835938
13414,nan,0.1448395997285843,inf,7.2835588455200195,9.210844993591309
13432,nan,-0.16024671494960785,inf,14.731770515441895,0.034123994410037994
13436,nan,-0.162753626704216,inf,19.749418258666992,0.00023651123046875
13441,nan,-0.16198328137397766,inf,12.06006908416748,0.04007434844970703
13450,nan,0.7671955823898315,inf,4.442336559295654,38.080047607421875
13452,nan,-0.13272394239902496,inf,10.55974006652832,1.6117401123046875
13501,nan,-0.1627410501241684,inf,15.508417129516602,0.0015192925930023193
13513,nan,-0.1623988002538681,inf,13.53288459777832,0.015202141366899014
13539,nan,-0.1618567556142807,inf,11.482436180114746,0.023273421451449394
13576,nan,-0.1627396047115326,inf,19.67340087890625,0.001334381173364818
13591,nan,0.47549229860305786,inf,3.450207233428955,18.97955322265625
13593,nan,-0.15804022550582886,inf,9.885961532592773,0.09199414402246475
13594,nan,-0.16228531301021576,inf,14.201888084411621,0.020230865105986595
13610,nan,-0.16399072110652924,inf,14.554875373840332,-0.053307533264160156
13682,nan,-0.13115806877613068,inf,8.291418075561523,0.3724968135356903
13722,nan,-0.040917519479990005,inf,8.59765338897705,1.4479752779006958
13733,nan,-0.1626172512769699,inf,15.931182861328125,0.008745766244828701
13746,nan,-0.16105222702026367,inf,12.647027015686035,0.08260226249694824
13784,nan,1.3899747133255005,inf,2.8578357696533203,68.69927978515625
13790,nan,-0.14857472479343414,inf,10.18138599395752,0.6242834329605103
13829,nan,0.2149118185043335,inf,4.573318004608154,7.321662902832031
13839,nan,-0.12387388199567795,inf,8.435976028442383,1.3705780506134033
13853,nan,-0.1617182046175003,inf,14.696476936340332,0.04301872476935387
13868,nan,-0.1627112478017807,inf,18.751842498779297,0.003042602678760886
13884,nan,-0.16269144415855408,inf,17.853120803833008,0.004675388336181641
13973,nan,-0.16219191253185272,inf,14.642572402954102,0.003290069056674838
14029,nan,-0.16135260462760925,inf,11.788973808288574,0.024442290887236595
14055,nan,-0.16062389314174652,inf,12.75745677947998,0.1313629150390625
14074,nan,0.2441103756427765,inf,5.636693000793457,9.119254112243652
14128,nan,0.017771339043974876,inf,6.289328098297119,6.536750793457031
14143,nan,-0.16055651009082794,inf,12.207951545715332,0.09773458540439606
14158,nan,0.6112023591995239,inf,4.1323676109313965,20.878612518310547
14174,nan,-0.16262172162532806,inf,15.450377464294434,0.005379074718803167
14210,nan,-0.15651924908161163,inf,13.00830364227295,0.18861618638038635
14288,nan,-0.16116610169410706,inf,12.810080528259277,0.06870117038488388
14337,nan,-0.16257427632808685,inf,16.625715255737305,0.0032999038230627775
14396,nan,-0.16274051368236542,inf,18.05048179626465,0.0012966155773028731
14442,nan,-0.09522931277751923,inf,8.865296363830566,2.4236106872558594
14466,nan,-0.15481285750865936,inf,11.507122993469238,0.37624436616897583
14467,nan,-0.16273237764835358,inf,19.130126953125,0.001932430313900113
14600,nan,-0.1626812368631363,inf,16.95183753967285,0.002677106996998191
14677,nan,-0.1620522141456604,inf,13.596219062805176,0.03096618689596653
14708,nan,0.16315746307373047,inf,7.007674694061279,9.866287231445312
14716,nan,-0.1625124216079712,inf,13.93077278137207,0.007014465518295765
14801,nan,-0.16274075210094452,inf,18.279943466186523,0.0006774902576580644
14817,nan,0.6271411776542664,inf,3.5918450355529785,25.172813415527344
14847,nan,-0.16265541315078735,inf,18.444686889648438,0.00814056396484375
14917,nan,-0.16162918508052826,inf,12.08300495147705,0.032534409314394
15017,nan,-0.16060207784175873,inf,12.554705619812012,0.11032257229089737
15090,nan,1.8723281621932983,inf,4.693896293640137,31.472700119018555
15101,nan,1.028984785079956,inf,4.756913661956787,37.7728385925293
15205,nan,-0.1511278599500656,inf,13.065164566040039,0.5378586053848267
15244,nan,0.9066912531852722,inf,4.079661846160889,32.42816925048828
15278,nan,-0.16266147792339325,inf,10.940360069274902,0.0339093916118145
15325,nan,0.4497503936290741,inf,5.27948522567749,21.753768920898438
15385,nan,-0.16272422671318054,inf,11.927191734313965,0.006222867872565985
15396,nan,-0.16039428114891052,inf,11.165546417236328,0.04912462458014488
15468,nan,-0.14539411664009094,inf,7.2724833488464355,0.7797002792358398
15476,nan,-0.16274863481521606,inf,22.23777961730957,0.0009216308826580644
15493,nan,-0.162753164768219,inf,18.089107513427734,0.0003548622189555317
15608,nan,-0.16275064647197723,inf,24.584627151489258,0.00084686279296875
15635,nan,-0.16268040239810944,inf,18.61000633239746,0.002403652761131525
15660,nan,-0.16269677877426147,inf,18.017179489135742,0.0010069370036944747
15676,nan,-0.16271936893463135,inf,17.634214401245117,0.0007802963373251259
15689,nan,-0.11761381477117538,inf,8.009029388427734,0.6212208867073059
15712,nan,0.46272608637809753,inf,5.926167011260986,13.779191970825195
15716,nan,-0.15419535338878632,inf,12.340699195861816,0.38729342818260193
15730,nan,-0.1627475470304489,inf,21.19929313659668,0.0007148743025027215
15732,nan,-0.1626995950937271,inf,16.118547439575195,0.0008786201360635459
15750,nan,-0.12436814606189728,inf,14.729545593261719,0.9482601284980774
15779,nan,-0.16270345449447632,inf,18.624242782592773,0.0030372620094567537
15864,nan,-0.16251282393932343,inf,15.6311616897583,0.012633896432816982
15907,nan,-0.13730520009994507,inf,11.033340454101562,1.8949804306030273
15915,nan,0.6102453470230103,inf,4.750871181488037,35.83882141113281
15991,nan,0.7027605772018433,inf,5.3393073081970215,12.962542533874512
16169,nan,0.40732938051223755,inf,5.515954494476318,21.186275482177734
16188,nan,-0.158445343375206,inf,11.584785461425781,0.049921561032533646
16218,nan,-0.16256868839263916,inf,13.429618835449219,0.010815143585205078
16224,nan,0.48328980803489685,inf,4.875372409820557,32.98388671875
16232,nan,-0.16273008286952972,inf,15.356531143188477,0.0013481139903888106
16279,nan,0.05001749470829964,inf,5.762450218200684,6.923608303070068
16304,nan,-0.16015775501728058,inf,13.865656852722168,0.11089401692152023
16330,nan,-0.16276036202907562,inf,18.966720581054688,5.514621807378717e-05
16363,nan,-0.1345667690038681,inf,7.232370853424072,0.554908037185669
16378,nan,-0.16225463151931763,inf,13.245475769042969,0.018500614911317825
16395,nan,-0.1547752320766449,inf,10.670123100280762,0.20478974282741547
16409,nan,-0.15938469767570496,inf,10.517191886901855,0.08736234158277512
16426,nan,-0.09564575552940369,inf,9.062676429748535,4.394661903381348
16448,nan,-0.16276131570339203,inf,37.77193069458008,0.0
16453,nan,-0.1627577692270279,inf,25.819204330444336,0.0002860069216694683
16465,nan,-0.16235493123531342,inf,15.48228645324707,0.022949932143092155
16467,nan,-0.023586830124258995,inf,7.584535121917725,6.453612804412842
16496,nan,-0.16275745630264282,inf,22.68214225769043,0.0003082275507040322
16561,nan,-0.16273729503154755,inf,17.19350814819336,0.001190829323604703
16589,nan,-0.040190890431404114,inf,6.186603546142578,3.5189597606658936
16618,nan,-0.14943093061447144,inf,8.9509916305542,0.3009050786495209
16642,nan,0.0630897507071495,inf,7.764510631561279,6.815312385559082
16650,nan,-0.16270507872104645,inf,17.26642417907715,0.0035598755348473787
16652,nan,-0.16270500421524048,inf,17.25136375427246,0.0013168335426598787
16729,nan,2.2075536251068115,inf,3.261843204498291,59.18954086303711
16758,nan,-0.113196961581707,inf,8.313122749328613,0.5919402837753296
16783,nan,-0.16241158545017242,inf,17.449560165405273,0.017629241570830345
16789,nan,-0.16102425754070282,inf,13.457931518554688,0.08619232475757599
16792,nan,-0.15984861552715302,inf,13.423158645629883,0.2060730904340744
16804,nan,-0.16275359690189362,inf,18.343311309814453,0.0003711700555868447
16812,nan,-0.15279199182987213,inf,9.816009521484375,0.1344611644744873
16871,nan,-0.15727052092552185,inf,11.19611644744873,0.16179849207401276
16884,nan,-0.16118435561656952,inf,11.067687034606934,0.045130323618650436
16889,nan,-0.10545974224805832,inf,8.45923900604248,2.624685049057007
16891,nan,-0.16246694326400757,inf,17.58677864074707,0.01780395582318306
17009,nan,-0.16055743396282196,inf,10.559447288513184,0.08235836029052734
17015,nan,0.23579493165016174,inf,7.807570934295654,23.908239364624023
17049,nan,-0.14808408915996552,inf,10.20398998260498,1.0259114503860474
17063,nan,-0.162703737616539,inf,16.095094680786133,0.002122306963428855
17067,nan,-0.1603534072637558,inf,11.584582328796387,0.12472119182348251
17082,nan,-0.13576599955558777,inf,13.489320755004883,1.1098120212554932
17102,nan,-0.11005846410989761,inf,8.664237976074219,1.5851811170578003
17109,nan,-0.11975687742233276,inf,15.640353202819824,1.5820778608322144
17131,nan,-0.16291624307632446,inf,12.533515930175781,0.015202999114990234
17152,nan,-0.16275765001773834,inf,22.42031478881836,0.00027675629826262593
17175,nan,-0.16276627779006958,inf,17.280052185058594,-0.00018167495727539062
17176,nan,-0.1620829552412033,inf,14.277320861816406,0.019406890496611595
17181,nan,-0.032609228044748306,inf,6.76703405380249,3.2415108680725098
17256,nan,-0.15660837292671204,inf,10.466933250427246,0.17356567084789276
17297,nan,-0.14815354347229004,inf,11.01718807220459,0.6772716641426086
17298,nan,-0.14531643688678741,inf,9.377628326416016,0.4427909851074219
17300,nan,-0.16271266341209412,inf,14.943964004516602,0.0016643047565594316
17310,nan,-0.16259193420410156,inf,17.78502655029297,0.0032682418823242188
17315,nan,-0.1627572476863861,inf,22.840194702148438,0.0003250122244935483
17316,nan,-0.16240935027599335,inf,13.989877700805664,0.018895341083407402
17375,nan,-0.08097531646490097,inf,13.2002534866333,0.900944173336029
17424,nan,0.11306553333997726,inf,5.267883777618408,5.220898628234863
17438,nan,-0.1627175509929657,inf,18.567750930786133,0.0030319213401526213
17546,nan,-0.16275803744792938,inf,18.992610931396484,0.000141143798828125
17578,nan,-0.15729349851608276,inf,10.736654281616211,0.1561741828918457
17697,nan,0.234140545129776,inf,4.604104042053223,9.809050559997559
17711,nan,-0.162412628531456,inf,15.476702690124512,0.008109807968139648
17725,nan,-0.16274188458919525,inf,14.08185863494873,0.001953125
17733,nan,-0.16273194551467896,inf,15.932293891906738,0.001344966934993863
17785,nan,-0.13874827325344086,inf,10.894232749938965,0.617853045463562
17794,nan,-0.14948350191116333,inf,9.325383186340332,0.23846590518951416
17861,nan,-0.16274327039718628,inf,23.200428009033203,0.0008270263788290322
17973,nan,-0.1621738225221634,inf,13.134745597839355,0.01766386069357395
17978,nan,-0.16271449625492096,inf,16.163999557495117,0.002108001848682761
17983,nan,0.22632630169391632,inf,6.034258842468262,8.034302711486816
18017,nan,1.8186594247817993,inf,3.76581072807312,63.41099166870117
18018,nan,0.07279946655035019,inf,7.888072490692139,11.162341117858887
18049,nan,-0.16275185346603394,inf,19.21722412109375,0.0005020141834393144
18065,nan,-0.030326558277010918,inf,8.392204284667969,1.5597704648971558
18083,nan,-0.13452062010765076,inf,12.130777359008789,0.7728835940361023
18120,nan,1.6423534154891968,inf,3.492274522781372,60.64643478393555
18138,nan,-0.16276024281978607,inf,20.00788688659668,0.0001235961972270161
18146,nan,-0.16184286773204803,inf,16.136985778808594,0.02191162109375
18158,nan,0.3257250189781189,inf,7.747297763824463,5.057358741760254
18162,nan,-0.1619996279478073,inf,19.20850944519043,0.01058044470846653
18166,nan,-0.06239576265215874,inf,7.884408473968506,1.2952970266342163
18257,nan,-0.16275623440742493,inf,11.820883750915527,0.029591871425509453
18329,nan,-0.13720735907554626,inf,8.106205940246582,1.5711613893508911
18383,nan,-0.14514249563217163,inf,12.033907890319824,0.5947040915489197
18398,nan,-0.16274987161159515,inf,20.220121383666992,0.0006757736555300653
18400,nan,-0.16258889436721802,inf,19.291358947753906,0.006568336393684149
18411,nan,-0.16099952161312103,inf,14.206872940063477,0.09179458767175674
18452,nan,-0.12880145013332367,inf,6.726861476898193,-2.2348992824554443
18462,nan,-0.15850944817066193,inf,15.094050407409668,0.036779023706912994
18523,nan,0.04453762620687485,inf,5.872352123260498,6.354536056518555
18527,nan,-0.16215696930885315,inf,11.98073673248291,0.030322790145874023
18586,nan,-0.16179458796977997,inf,12.815879821777344,0.04469909891486168
18713,nan,-0.03256602957844734,inf,9.014554023742676,1.4520654678344727
18721,nan,-0.1573861986398697,inf,17.968456268310547,0.4267957806587219
18774,nan,-0.1449298858642578,inf,11.158953666687012,0.48191043734550476
18806,nan,-0.16264504194259644,inf,17.570465087890625,0.008758544921875
18831,nan,-0.16235558688640594,inf,14.637738227844238,0.021273327991366386
18852,nan,-0.1619899421930313,inf,14.354782104492188,0.03377838060259819
18903,nan,-0.16263045370578766,inf,14.364468574523926,0.008175469003617764
18906,nan,0.6695737242698669,inf,4.370748043060303,27.119709014892578
18912,nan,-0.1550665646791458,inf,10.753565788269043,0.3227453827857971
18924,nan,1.1522701978683472,inf,4.447206020355225,20.21588134765625
19006,nan,-0.15744756162166595,inf,10.41486644744873,0.3707074820995331
19034,nan,-0.16140832006931305,inf,10.885736465454102,0.08140182495117188
19035,nan,-0.16275984048843384,inf,23.3836727142334,9.307861182605848e-05
19084,nan,-0.16275958716869354,inf,19.455829620361328,0.00012621880159713328
19124,nan,-0.14339694380760193,inf,13.238879203796387,0.4948081970214844
19187,nan,0.3615069091320038,inf,6.344481945037842,19.576597213745117
19206,nan,-0.16208672523498535,inf,16.078472137451172,0.043454647064208984
19238,nan,-0.1627316176891327,inf,17.302928924560547,0.0015929818619042635
19245,nan,-0.16251279413700104,inf,18.21291160583496,0.01965971104800701
19298,nan,-0.14195841550827026,inf,11.792402267456055,1.3386414051055908
19304,nan,-0.10118597000837326,inf,5.569962978363037,1.6152288913726807
19309,nan,-0.11875132471323013,inf,9.759490013122559,2.315201759338379
19365,nan,-0.16132572293281555,inf,13.68500804901123,0.06302185356616974
19375,nan,-0.16159816086292267,inf,11.025288581848145,0.06527018547058105
19398,nan,-0.1626039743423462,inf,16.688980102539062,0.011219930835068226
19446,nan,0.07838129252195358,inf,6.048801422119141,9.883340835571289
19453,nan,-0.15722905099391937,inf,10.709466934204102,0.24100951850414276
19472,nan,-0.15757933259010315,inf,9.485504150390625,0.19880695641040802
19496,nan,-0.1608038991689682,inf,12.543912887573242,0.09297647327184677
19533,nan,-0.16272200644016266,inf,16.24616813659668,0.0023006440605968237
19541,nan,1.7803106307983398,inf,2.6485049724578857,30.746625900268555
19559,nan,-0.1159825474023819,inf,10.01672077178955,0.9387176632881165
19596,nan,-0.16008076071739197,inf,10.559341430664062,0.0959380641579628
19603,nan,-0.1622864007949829,inf,15.365157127380371,0.027978038415312767
19611,nan,-0.15944628417491913,inf,13.1179780960083,0.14783048629760742
19742,nan,-0.16270868480205536,inf,16.129892349243164,0.002249097917228937
19767,nan,-0.16140112280845642,inf,11.182981491088867,0.07606764137744904
19825,nan,-0.16209104657173157,inf,12.38125991821289,0.017364120110869408
19831,nan,-0.15295818448066711,inf,8.967907905578613,0.2450217753648758
19883,nan,-0.15682153403759003,inf,14.461970329284668,0.1681634932756424
19896,nan,-0.15951238572597504,inf,10.49047565460205,0.15004006028175354
19992,nan,-0.16608820855617523,inf,9.679617881774902,0.08547420799732208
20002,nan,-0.16275463998317719,inf,19.773426055908203,0.0004512786981649697
20006,nan,0.44111743569374084,inf,4.397281169891357,22.80288314819336
20007,nan,-0.14998222887516022,inf,9.982786178588867,0.32757529616355896
20035,nan,-0.14503729343414307,inf,12.765978813171387,0.14433498680591583
20037,nan,-0.16128133237361908,inf,13.657243728637695,0.08156394958496094
20039,nan,-0.1596166044473648,inf,14.227371215820312,0.2012382596731186
20063,nan,-0.1596689671278,inf,12.320783615112305,0.17470474541187286
20098,nan,0.6670437455177307,inf,6.585261821746826,32.518333435058594
20110,nan,0.22818270325660706,inf,5.624603748321533,16.16888427734375
20125,nan,0.008418901823461056,inf,5.893649578094482,6.609813213348389
20130,nan,-0.16246859729290009,inf,15.49753475189209,0.01105422992259264
20190,nan,1.6724637746810913,inf,3.087054967880249,56.02680206298828
20201,nan,-0.15190528333187103,inf,16.645559310913086,0.05957641825079918
20263,nan,-0.1565665453672409,inf,10.556914329528809,0.3611709177494049
20308,nan,-0.16194628179073334,inf,14.408957481384277,0.019501496106386185
20347,nan,0.6099884510040283,inf,4.605823993682861,24.160140991210938
20396,nan,-0.16235136985778809,inf,15.952722549438477,0.026967620477080345
20410,nan,-0.16270242631435394,inf,16.298566818237305,0.002667379332706332
20448,nan,-0.16266116499900818,inf,19.89186668395996,0.0053459168411791325
20459,nan,-0.14821527898311615,inf,10.488741874694824,0.5289818644523621
20466,nan,-0.16204363107681274,inf,15.560953140258789,0.057260941714048386
20494,nan,-0.15662387013435364,inf,12.780658721923828,0.21875953674316406
20553,nan,-0.10416886955499649,inf,9.745972633361816,0.8044878244400024
20566,nan,-0.16182619333267212,inf,11.99985122680664,0.025342179462313652
20589,nan,-0.16275502741336823,inf,20.43857765197754,0.0004070282157044858
20612,nan,3.1131157875061035,inf,3.140745162963867,73.09017181396484
20615,nan,-0.1624567210674286,inf,14.496004104614258,0.01762298308312893
20630,nan,1.3504647016525269,inf,3.566587448120117,54.82766342163086
20635,nan,-0.08116509020328522,inf,7.1269707679748535,1.2662088871002197
20660,nan,-0.14622417092323303,inf,11.060835838317871,0.276284784078598
20666,nan,-0.15748333930969238,inf,16.53289794921875,0.391867071390152
20718,nan,-0.13045160472393036,inf,7.3482208251953125,1.1765419244766235
20748,nan,-0.16138289868831635,inf,14.06029987335205,0.0557098388671875
20775,nan,0.4999177157878876,inf,4.690097808837891,26.09757423400879
20850,nan,-0.1364092081785202,inf,10.107733726501465,1.2381956577301025
20854,nan,-0.1620720475912094,inf,13.09715461730957,0.03216094896197319
20859,nan,-0.02836911752820015,inf,8.472142219543457,4.072145462036133
20860,nan,-0.16228453814983368,inf,14.154797554016113,0.03267913684248924
20863,nan,-0.16181042790412903,inf,11.45913314819336,0.03476715087890625
20867,nan,-0.1627773493528366,inf,15.345680236816406,-0.00012369155592750758
20901,nan,-0.14409726858139038,inf,9.048148155212402,0.13838349282741547
20913,nan,-0.16274768114089966,inf,19.75205421447754,0.000697708164807409
20944,nan,-0.1588943898677826,inf,8.720267295837402,0.20605793595314026
21062,nan,-0.1612965315580368,inf,16.545120239257812,0.11818160861730576
21075,nan,0.01060650683939457,inf,6.266907215118408,3.2204349040985107
21079,nan,-0.1627584546804428,inf,22.668733596801758,0.00015869141498114914
21095,nan,0.7428674101829529,inf,5.08251428604126,20.456205368041992
21133,nan,-0.16268795728683472,inf,16.126184463500977,0.0050164698623120785
21135,nan,-0.16270993649959564,inf,13.987425804138184,0.003730869386345148
21155,nan,-0.05770516023039818,inf,6.074517726898193,1.5350044965744019
21164,nan,-0.09907903522253036,inf,8.472975730895996,1.7732833623886108
21165,nan,0.02983091212809086,inf,6.8893914222717285,8.882384300231934
21219,nan,-0.1627548784017563,inf,19.631622314453125,0.0004928588750772178
21250,nan,-0.16268454492092133,inf,14.651965141296387,0.0053441524505615234
21311,nan,-0.1598673313856125,inf,12.413143157958984,0.1504475176334381
21316,nan,0.08940676599740982,inf,6.549375057220459,9.283321380615234
21403,nan,-0.15676507353782654,inf,10.911627769470215,0.12158956378698349
21433,nan,-0.16130469739437103,inf,16.127225875854492,0.04407043382525444
21522,nan,-0.16276131570339203,inf,29.233062744140625,0.0
21564,nan,1.7271047830581665,inf,4.783334732055664,53.912105560302734
21602,nan,-0.09756423532962799,inf,6.258666038513184,2.229604959487915
21604,nan,-0.1556067019701004,inf,9.850143432617188,0.19418327510356903
21666,nan,-0.1610361784696579,inf,17.74833106994629,0.07834015041589737
21706,nan,-0.16251902282238007,inf,16.248464584350586,0.010213089175522327
21757,nan,0.26962122321128845,inf,7.272552013397217,20.334880828857422
21805,nan,-0.16272281110286713,inf,18.922229766845703,0.001953125
21815,nan,-0.2033158838748932,inf,6.91839599609375,1.6911576986312866
21829,nan,0.05084795877337456,inf,7.202450752258301,6.686715126037598
21835,nan,-0.1621038168668747,inf,13.742655754089355,0.030578184872865677
21850,nan,-0.16230326890945435,inf,12.973971366882324,0.01986999623477459
21853,nan,1.6039764881134033,inf,3.114678144454956,49.26044845581055
21890,nan,-0.16222256422042847,inf,13.301152229309082,0.019040871411561966
21916,nan,-0.1604444980621338,inf,8.881407737731934,0.131968691945076
21952,nan,-0.16276048123836517,inf,18.8701229095459,3.4904482163256034e-05
22012,nan,-0.13255652785301208,inf,8.793692588806152,1.3281868696212769
22037,nan,-0.1617468297481537,inf,14.189600944519043,0.05584383010864258
22045,nan,-0.16187241673469543,inf,12.858194351196289,0.04077329859137535
22050,nan,-0.09986758977174759,inf,8.744037628173828,1.975033164024353
22097,nan,-0.15984518826007843,inf,12.093727111816406,0.08729483932256699
22109,nan,-0.14765360951423645,inf,9.686774253845215,0.48411256074905396
22248,nan,-0.16241411864757538,inf,13.178934097290039,0.02633603848516941
22254,nan,-0.1609424203634262,inf,15.388925552368164,0.10098419338464737
22274,nan,-0.11034082621335983,inf,9.453695297241211,0.5834411978721619
22363,nan,0.16770200431346893,inf,6.339791774749756,14.10180377960205
22385,nan,-0.16275851428508759,inf,19.438535690307617,0.00010223389108432457
22421,nan,-0.09411545097827911,inf,8.702518463134766,3.138322353363037
22446,nan,-0.15856431424617767,inf,12.22751522064209,0.08491592854261398
22458,nan,-0.04880726337432861,inf,7.581577301025391,3.0205957889556885
22475,nan,-0.16227130591869354,inf,12.276179313659668,0.02495141141116619
22490,nan,-0.16119366884231567,inf,15.628775596618652,0.07137642055749893
22523,nan,-0.16154073178768158,inf,14.14618968963623,0.06330108642578125
22530,nan,-0.16275867819786072,inf,21.55954360961914,0.00021057129197288305
22587,nan,-0.16274408996105194,inf,20.515039443969727,0.00138092041015625
22696,nan,-0.06329070776700974,inf,8.03635311126709,1.2048174142837524
22702,nan,0.18114736676216125,inf,6.986240386962891,2.4347827434539795
22706,nan,-0.16138862073421478,inf,12.810172080993652,0.0934520736336708
22754,nan,0.12598367035388947,inf,5.454553604125977,9.16435432434082
22773,nan,-0.16273824870586395,inf,18.592618942260742,0.001410675118677318
22778,nan,-0.16241870820522308,inf,17.219589233398438,0.01587066613137722
22839,nan,-0.16276107728481293,inf,24.258514404296875,1.754760705807712e-05
22872,nan,0.09564708173274994,inf,5.605033874511719,7.453560829162598
22881,nan,-0.12922020256519318,inf,9.166732788085938,0.5568710565567017
22901,nan,-0.08210333436727524,inf,7.212179660797119,2.6694276332855225
22909,nan,-0.12458326667547226,inf,7.582798004150391,1.7161556482315063
22926,nan,-0.06908358633518219,inf,7.7281928062438965,2.2774925231933594
22983,nan,-0.13427133858203888,inf,8.399846076965332,0.7029196619987488
23022,nan,-0.03041120246052742,inf,8.314865112304688,4.842301845550537
23037,nan,-0.16004960238933563,inf,10.278820991516113,0.07560949772596359
23088,nan,0.01709594763815403,inf,6.7039690017700195,3.4995057582855225
23093,nan,-0.1582261621952057,inf,15.817558288574219,0.028527451679110527
23127,nan,-0.13820543885231018,inf,9.22480297088623,0.9803062677383423
23150,nan,-0.16192087531089783,inf,17.3632755279541,0.02575225941836834
23180,nan,-0.16232679784297943,inf,11.608243942260742,0.018725866451859474
23183,nan,-0.14975711703300476,inf,11.42691707611084,0.14782816171646118
23250,nan,-0.10931278765201569,inf,7.695361614227295,1.765786051750183
23304,nan,-0.15468323230743408,inf,15.600374221801758,0.34745121002197266
23305,nan,-0.1601177155971527,inf,16.156652450561523,0.13668060302734375
23308,nan,-0.1604073941707611,inf,11.1537504196167,0.1893591433763504
23321,nan,0.08600690960884094,inf,6.15042781829834,5.753199100494385
23346,nan,0.07423265278339386,inf,6.557961463928223,7.112867832183838
23362,nan,0.3617687225341797,inf,6.396633625030518,11.260947227478027
23405,nan,-0.14030100405216217,inf,9.877833366394043,0.6473090052604675
23409,nan,-0.16263513267040253,inf,16.169937133789062,0.006472778506577015
23430,nan,-0.06187286600470543,inf,6.527366638183594,2.454768419265747
23488,nan,-0.151923269033432,inf,11.580977439880371,0.5777116417884827
23506,nan,-0.16286878287792206,inf,13.141173362731934,0.01857595518231392
23590,nan,-0.07211277633905411,inf,10.54233455657959,1.3025530576705933
23641,nan,-0.060151007026433945,inf,10.151150703430176,2.6425671577453613
23675,nan,-0.16235151886940002,inf,15.816858291625977,0.013967323116958141
23791,nan,-0.08765619993209839,inf,10.428706169128418,4.059407711029053
23802,nan,-0.16275900602340698,inf,20.86686134338379,0.00012130737741244957
23804,nan,-0.16260449588298798,inf,16.862213134765625,0.010505986399948597
23819,nan,-0.15694007277488708,inf,12.68622875213623,0.16180916130542755
23837,nan,-0.16227887570858002,inf,18.485477447509766,0.0371829979121685
23866,nan,-0.15843801200389862,inf,13.133624076843262,0.17265211045742035
23884,nan,-0.16194237768650055,inf,13.722834587097168,0.020927222445607185
23885,nan,-0.1626024693250656,inf,17.10070037841797,0.008938598446547985
23925,nan,-0.16275614500045776,inf,22.94722557067871,0.000396728515625
23951,nan,-0.16116002202033997,inf,14.178009033203125,0.06585349887609482
23956,nan,0.01707782782614231,inf,6.223710536956787,6.133655071258545
23975,nan,-0.16148889064788818,inf,11.141692161560059,0.017252851277589798
24014,nan,0.16779130697250366,inf,6.822618007659912,11.643194198608398
24018,nan,1.2429264783859253,inf,2.9679410457611084,60.64398193359375
24027,nan,-0.1535283625125885,inf,10.920524597167969,0.43563079833984375
24038,nan,-0.06006145104765892,inf,10.054259300231934,0.623814046382904
24072,nan,-0.15646764636039734,inf,16.814884185791016,0.5056175589561462
24087,nan,-0.16072456538677216,inf,10.2277250289917,0.07233543694019318
24145,nan,0.6084070205688477,inf,4.0215840339660645,12.411622047424316
24146,nan,-0.09406600892543793,inf,7.880351543426514,4.265671253204346
24204,nan,-0.14950881898403168,inf,10.692591667175293,0.5304691791534424
24211,nan,-0.14873111248016357,inf,14.441327095031738,0.754672646522522
24227,nan,-0.1627383679151535,inf,18.638370513916016,0.0017155647510662675
24234,nan,-0.1603436917066574,inf,14.042512893676758,0.13772498071193695
24266,nan,0.038075048476457596,inf,7.014294624328613,6.425804138183594
24281,nan,-0.16248737275600433,inf,12.246149063110352,0.005424714181572199
24285,nan,1.1372689008712769,inf,3.0108730792999268,43.14780807495117
24302,nan,-0.14663024246692657,inf,10.258848190307617,0.15236245095729828
24307,nan,0.047783732414245605,inf,6.251587867736816,5.224836826324463
24316,nan,-0.16252437233924866,inf,17.098600387573242,0.018355941399931908
24324,nan,-0.16272036731243134,inf,18.88405990600586,0.0021606446243822575
24349,nan,-0.1626967042684555,inf,22.03143310546875,0.0005993843078613281
24404,nan,-0.08143936842679977,inf,8.797675132751465,3.8094537258148193
24486,nan,-0.1616724133491516,inf,13.251190185546875,0.05851287767291069
24487,nan,-0.16025790572166443,inf,11.298299789428711,0.11408185958862305
24495,nan,-0.16276060044765472,inf,19.85552978515625,5.0622224080143496e-05
24519,nan,-0.16216738522052765,inf,10.549132347106934,0.04261140897870064
24527,nan,-0.16032157838344574,inf,14.586714744567871,0.13448505103588104
24538,nan,-0.16060833632946014,inf,12.23682975769043,0.05704803392291069
24552,nan,-0.1594335287809372,inf,14.924880027770996,0.14970922470092773
24590,nan,-0.14022667706012726,inf,8.564468383789062,0.5896751284599304
24605,nan,-0.16259996592998505,inf,13.978889465332031,0.00648841867223382
24606,nan,-0.16275905072689056,inf,19.770248413085938,0.0001430511474609375
24609,nan,-0.15063253045082092,inf,11.310511589050293,0.14747276902198792
24634,nan,0.16415081918239594,inf,4.841833114624023,8.646754264831543
24636,nan,-0.06914041191339493,inf,7.948462963104248,2.8027150630950928
24637,nan,-0.16272971034049988,inf,17.716581344604492,0.0004020690976176411
24642,nan,-0.12587854266166687,inf,7.001527309417725,0.6439017057418823
24659,nan,-0.1624821573495865,inf,16.038663864135742,0.016206933185458183
24674,nan,-0.16265609860420227,inf,15.34479808807373,0.005026006605476141
24693,nan,-0.15057528018951416,inf,9.687289237976074,0.339741051197052
24767,nan,-0.15970970690250397,inf,11.233928680419922,0.08528518676757812
24779,nan,-0.0856189876794815,inf,9.464214324951172,2.477160930633545
24780,nan,-0.1619063764810562,inf,12.704268455505371,0.02358226850628853
24798,nan,-0.12924647331237793,inf,7.972960948944092,0.3680633008480072
24814,nan,-0.11913009732961655,inf,9.643948554992676,0.6268841028213501
24816,nan,-0.16183486580848694,inf,16.171377182006836,0.1046488806605339
24858,nan,-0.04030102118849754,inf,9.226777076721191,8.666104316711426
24863,nan,-0.16255520284175873,inf,9.7484769821167,0.05706167221069336
24894,nan,-0.14615745842456818,inf,10.631730079650879,0.6734781265258789
24944,nan,-0.16271093487739563,inf,17.170860290527344,0.0015033722156658769
24951,nan,0.12165548652410507,inf,5.694519996643066,3.2048912048339844
24956,nan,-0.1498982310295105,inf,7.843984127044678,0.3341138958930969
24967,nan,-0.16247180104255676,inf,13.497153282165527,0.016723060980439186
25048,nan,-0.12729930877685547,inf,5.852065086364746,0.8987903594970703
25072,nan,-0.15417511761188507,inf,8.818656921386719,0.18044057488441467
25080,nan,-0.16099445521831512,inf,13.714398384094238,0.0542333610355854
25192,nan,-0.1075255423784256,inf,8.566781997680664,2.3976123332977295
25203,nan,-0.16058912873268127,inf,10.136183738708496,0.08330478519201279
25204,nan,-0.16060887277126312,inf,11.100662231445312,0.05894475057721138
25267,nan,-0.1627475917339325,inf,26.472476959228516,0.001109314034692943
25291,nan,-0.14013205468654633,inf,10.370976448059082,0.838421642780304
25319,nan,-0.10849278420209885,inf,7.9678053855896,1.598070740699768
25324,nan,-0.16267679631710052,inf,19.95777130126953,0.004551697056740522
25333,nan,-0.1626260131597519,inf,18.22234344482422,0.009784984402358532
25339,nan,2.365381956100464,inf,0.2214922159910202,92.01509094238281
25351,nan,-0.16250814497470856,inf,14.711377143859863,0.001654815743677318
25373,nan,-0.16253894567489624,inf,15.387410163879395,0.01447906531393528
25388,nan,-0.14746204018592834,inf,12.903816223144531,0.38919469714164734
25402,nan,-0.16095294058322906,inf,11.325339317321777,0.07783832401037216
25412,nan,-0.04262589290738106,inf,8.89521312713623,8.051422119140625
25423,nan,-0.12648995220661163,inf,8.861830711364746,1.4896541833877563
25439,nan,-0.01606721244752407,inf,7.7282257080078125,5.521190643310547
25441,nan,-0.16251240670681,inf,17.07381820678711,0.0136260986328125
25478,nan,-0.16263830661773682,inf,16.254011154174805,0.0076313018798828125
25545,nan,-0.15770970284938812,inf,12.709185600280762,0.19446296989917755
25581,nan,-0.10786092281341553,inf,9.7083158493042,3.4164199829101562
25598,nan,-0.14574693143367767,inf,9.4500150680542,0.4532743990421295
25635,nan,-0.11255636066198349,inf,8.335009574890137,1.1298826932907104
25645,nan,-0.16224871575832367,inf,15.78166675567627,0.017834950238466263
25689,nan,-0.16275613009929657,inf,24.114519119262695,0.0002872467157430947
25706,nan,-0.16272397339344025,inf,16.56908416748047,0.0009605407831259072
25794,nan,-0.10293721407651901,inf,8.553353309631348,2.640835762023926
25857,nan,-0.12900428473949432,inf,9.008814811706543,1.4907845258712769
25875,nan,-0.15748296678066254,inf,10.192145347595215,0.14645996689796448
25895,nan,-0.1413816511631012,inf,7.687077522277832,0.9740502238273621
25897,nan,0.48720428347587585,inf,5.793035507202148,20.052751541137695
25956,nan,1.3673831224441528,inf,3.752918004989624,42.047122955322266
25965,nan,-0.004130164626985788,inf,5.885056495666504,5.347947597503662
25998,nan,0.3530280590057373,inf,5.426570415496826,12.886931419372559
26025,nan,-0.10432542860507965,inf,9.049725532531738,0.9923332333564758
26056,nan,-0.161129429936409,inf,12.073792457580566,0.05775756761431694
26113,nan,0.042265042662620544,inf,4.774876117706299,9.554075241088867
26162,nan,-0.16022130846977234,inf,13.35435962677002,0.13264833390712738
26188,nan,-0.08269703388214111,inf,8.587369918823242,1.455413818359375
26194,nan,-0.15806922316551208,inf,11.95970344543457,0.18916359543800354
26210,nan,0.7116116285324097,inf,3.8365089893341064,23.807493209838867
26211,nan,-0.1627499759197235,inf,19.54354476928711,0.000213623046875
26238,nan,-0.12191855907440186,inf,10.43709945678711,0.251316636800766
26274,nan,-0.16273795068264008,inf,21.686405181884766,0.001712036202661693
26276,nan,-0.16061148047447205,inf,17.07221031188965,0.17132186889648438
26337,nan,-0.16206777095794678,inf,15.462106704711914,0.0338556282222271
26346,nan,-0.15779604017734528,inf,12.19086742401123,0.27842044830322266
26359,nan,-0.1616658866405487,inf,13.145914077758789,0.04864368587732315
26386,nan,-0.14266830682754517,inf,10.88903522491455,0.5513188242912292
26398,nan,-0.16657905280590057,inf,7.991307735443115,-0.0036945343017578125
26408,nan,-0.15822555124759674,inf,10.864334106445312,0.15527887642383575
26425,nan,0.09595074504613876,inf,4.90880823135376,10.0276517868042
26522,nan,0.4207020401954651,inf,4.645451545715332,19.466901779174805
26543,nan,-0.16098745167255402,inf,10.533456802368164,0.06112823635339737
26615,nan,-0.1627599447965622,inf,21.951017379760742,9.274482727050781e-05
26617,nan,-0.16204313933849335,inf,17.21851921081543,0.03806016594171524
26645,nan,-0.16275785863399506,inf,18.65285301208496,0.00020332336134742945
26718,nan,-0.16263850033283234,inf,15.003302574157715,0.006035614293068647
26762,nan,-0.16268585622310638,inf,14.912039756774902,0.0032546997535973787
26767,nan,-0.16271373629570007,inf,15.455451965332031,0.002966308733448386
26835,nan,0.18702809512615204,inf,5.300525665283203,8.324030876159668
26839,nan,-0.16276131570339203,inf,37.03513717651367,0.0
26853,nan,-0.1576041579246521,inf,13.084965705871582,0.2412792295217514
26869,nan,-0.12752509117126465,inf,4.756350040435791,2.8976657390594482
26879,nan,-0.16275529563426971,inf,21.72711181640625,0.0003815650998149067
26880,nan,-0.15540209412574768,inf,9.53445053100586,0.34872281551361084
26894,nan,0.025765199214220047,inf,5.630401611328125,5.371417045593262
26902,nan,-0.16252245008945465,inf,14.91351318359375,0.011034798808395863
27009,nan,-0.1627330183982849,inf,19.41786003112793,0.0022256136871874332
27015,nan,-0.1269478052854538,inf,8.802102088928223,1.5031448602676392
27026,nan,-0.09001820534467697,inf,7.061477184295654,2.565932035446167
27029,nan,-0.1627325862646103,inf,15.986480712890625,0.001158428261987865
27165,nan,-0.16042037308216095,inf,12.657557487487793,0.049771882593631744
27236,nan,-0.16276101768016815,inf,20.383169174194336,1.6689300537109375e-05
27280,nan,-0.16249792277812958,inf,21.14472198486328,0.008004761300981045
27281,nan,-0.16157862544059753,inf,14.196382522583008,0.024408329278230667
27282,nan,-0.11304692178964615,inf,6.041025161743164,1.32528817653656
27290,nan,-0.06359631568193436,inf,6.876745700836182,3.610186815261841
27302,nan,-0.15379302203655243,inf,14.243708610534668,0.4975174069404602
27339,nan,-0.1625944823026657,inf,22.4500789642334,0.008842659182846546
27358,nan,1.1374506950378418,inf,4.777315616607666,31.135061264038086
27375,nan,0.0038767873775213957,inf,7.966989994049072,7.901471138000488
27434,nan,-0.09422113746404648,inf,7.148584842681885,2.206345796585083
27493,nan,-0.16267050802707672,inf,13.782856941223145,0.005320167634636164
27500,nan,-0.1622694879770279,inf,15.852328300476074,0.0016050636768341064
27530,nan,-0.15937526524066925,inf,14.928006172180176,0.1690223664045334
27547,nan,-0.16267117857933044,inf,14.975418090820312,0.004226207733154297
27596,nan,-0.16275958716869354,inf,22.869787216186523,4.9591064453125e-05
27618,nan,-0.14528371393680573,inf,15.685879707336426,0.39371949434280396
27620,nan,0.13023041188716888,inf,5.6359100341796875,6.14171838760376
27708,nan,-0.15387938916683197,inf,13.555663108825684,0.47681495547294617
27736,nan,-0.055615056306123734,inf,11.045262336730957,7.710427284240723
27743,nan,-0.16210438311100006,inf,13.163530349731445,0.02885446511209011
27765,nan,-0.160664901137352,inf,13.392743110656738,0.12289275974035263
27766,nan,0.2861291468143463,inf,5.383315086364746,10.991047859191895
27829,nan,-0.11276181042194366,inf,7.2725725173950195,1.8599941730499268
27846,nan,-0.1627589911222458,inf,21.305004119873047,9.384155418956652e-05
27865,nan,0.29170843958854675,inf,6.335134983062744,26.833364486694336
27871,nan,0.41993555426597595,inf,5.9884185791015625,12.993606567382812
27872,nan,-0.024610968306660652,inf,8.71332836151123,3.4589791297912598
27905,nan,-0.1503642201423645,inf,11.052508354187012,0.15505807101726532
27907,nan,-0.16259901225566864,inf,18.37784194946289,0.008987081237137318
27935,nan,-0.09998749941587448,inf,7.20916223526001,3.184473752975464
27946,nan,-0.06904716789722443,inf,8.752361297607422,4.264075756072998
28032,nan,-0.15479117631912231,inf,8.285052299499512,0.298142671585083
28059,nan,-0.0014817029004916549,inf,6.420241832733154,6.5897369384765625
28088,nan,-0.1438775211572647,inf,9.464422225952148,0.44026681780815125
28157,nan,-0.15414224565029144,inf,9.916718482971191,0.2795005738735199
28159,nan,-0.1625470072031021,inf,18.917387008666992,0.009645462036132812
28231,nan,-0.162563294172287,inf,17.218244552612305,0.006123733706772327
28235,nan,-0.15438714623451233,inf,11.7625093460083,0.24354229867458344
28236,nan,-0.0624496228992939,inf,8.592439651489258,4.406945705413818
28249,nan,0.8017284274101257,inf,4.244639873504639,14.970108032226562
28303,nan,-0.16259697079658508,inf,14.872283935546875,0.005398941226303577
28332,nan,-0.06776588410139084,inf,9.141623497009277,3.0030019283294678
28338,nan,-0.029549142345786095,inf,7.091403484344482,3.729543447494507
28392,nan,-0.16240088641643524,inf,12.195024490356445,0.022438907995820045
28460,nan,-0.09591926634311676,inf,13.293173789978027,3.6983368396759033
28482,nan,-0.10801380127668381,inf,7.731372833251953,1.0663131475448608
28511,nan,-0.05638847500085831,inf,9.86435604095459,4.9223952293396
28512,nan,0.49283367395401,inf,4.638037204742432,27.02155876159668
28596,nan,-0.06261545419692993,inf,8.33912181854248,1.6421085596084595
28637,nan,-0.20480220019817352,inf,10.9527587890625,-1.2025327682495117
28690,nan,1.2118889093399048,inf,4.780555725097656,49.54717254638672
28711,nan,-0.15645213425159454,inf,10.200705528259277,0.15943050384521484
28714,nan,-0.1537484973669052,inf,10.625991821289062,0.2658354341983795
28733,nan,0.008834569714963436,inf,8.821921348571777,1.7799690961837769
28881,nan,-0.16116222739219666,inf,12.166247367858887,0.0798419937491417
28890,nan,-0.16275526583194733,inf,19.662687301635742,0.00045983793097548187
28933,nan,-0.14634375274181366,inf,8.306645393371582,0.630527675151825
28950,nan,-0.1627541035413742,inf,21.48373794555664,0.0004432678397279233
28960,nan,-0.16275161504745483,inf,19.071950912475586,0.0008127212640829384
28964,nan,-0.15672053396701813,inf,11.527091026306152,0.08097048103809357
29010,nan,-0.16274338960647583,inf,17.900449752807617,0.001044803881086409
29019,nan,-0.16138796508312225,inf,13.3470458984375,0.0684536024928093
29058,nan,-0.15727145969867706,inf,10.157318115234375,0.335165798664093
29079,nan,4.9958086013793945,inf,1.5311226844787598,123.2268295288086
29100,nan,-0.07701041549444199,inf,8.209534645080566,2.095576524734497
29110,nan,-0.16275011003017426,inf,23.475893020629883,0.0008119106641970575
29176,nan,-0.15676337480545044,inf,11.93191146850586,0.14539900422096252
29203,nan,-0.16274908185005188,inf,17.035470962524414,0.0011806488037109375
29218,nan,-0.16270841658115387,inf,16.297252655029297,0.0025550841819494963
29221,nan,0.009001433849334717,inf,5.70601749420166,3.7986233234405518
29381,nan,0.805964469909668,inf,5.2119832038879395,41.886207580566406
29432,nan,-0.16242121160030365,inf,14.868308067321777,0.026107121258974075
29443,nan,-0.1607920229434967,inf,10.16153621673584,0.0961693525314331
29460,nan,-0.02291153185069561,inf,6.881462097167969,1.6831814050674438
29481,nan,0.6346052289009094,inf,4.605628967285156,16.863317489624023
29482,nan,-0.16274699568748474,inf,19.395795822143555,0.00012817383685614914
29509,nan,0.19677376747131348,inf,6.79320764541626,9.882590293884277
29512,nan,-0.16265766322612762,inf,16.38249969482422,0.0037567138206213713
29522,nan,-0.15623639523983002,inf,12.046648979187012,0.2475414276123047
29544,nan,-0.16050712764263153,inf,12.563265800476074,0.08818613737821579
29554,nan,-0.11124052852392197,inf,8.861430168151855,0.3633079528808594
29572,nan,0.1436532437801361,inf,4.817537307739258,8.269206047058105
29618,nan,-0.160610169172287,inf,12.77109432220459,0.10197391360998154
29657,nan,-0.13246071338653564,inf,8.87248706817627,0.5387908816337585
29666,nan,0.3707260191440582,inf,5.2236857414245605,12.200373649597168
29673,nan,-0.16268233954906464,inf,17.520565032958984,0.003160667372867465
29748,nan,0.41007477045059204,inf,4.9514479637146,20.49955940246582
29784,nan,-0.16061928868293762,inf,12.102499961853027,0.05973685905337334
29786,nan,-0.1627497524023056,inf,20.023075103759766,0.0009153604623861611
29810,nan,-0.160589799284935,inf,12.043306350708008,0.057701706886291504
29819,nan,-0.16266945004463196,inf,15.187291145324707,0.002920532366260886
29856,nan,-0.15497048199176788,inf,12.380389213562012,0.1736305207014084
29865,nan,-0.08119931071996689,inf,7.272061824798584,2.2879090309143066
29895,nan,-0.12566588819026947,inf,7.513741493225098,1.9206621646881104
29900,nan,3.1300151348114014,inf,2.959796667098999,81.15563201904297
30083,nan,-0.15974217653274536,inf,12.384530067443848,0.1126629114151001
30142,nan,0.004907395225018263,inf,7.518148899078369,2.0857460498809814
30145,nan,-0.16273285448551178,inf,18.231977462768555,0.0019285202724859118
30149,nan,-0.1247388944029808,inf,8.299700736999512,1.7845897674560547
30151,nan,-0.15177495777606964,inf,10.427177429199219,0.28249436616897583
30164,nan,-0.07535169273614883,inf,7.409951686859131,1.0467220544815063
30193,nan,-0.15458349883556366,inf,10.6890287399292,0.19575528800487518
30221,nan,-0.1412726789712906,inf,9.64126968383789,0.6853793263435364
30316,nan,-0.08187835663557053,inf,6.570578098297119,1.6618808507919312
30328,nan,-0.1625688076019287,inf,15.324258804321289,0.007472801487892866
30334,nan,-0.11666621267795563,inf,11.462611198425293,0.7358619570732117
30340,nan,-0.15512238442897797,inf,12.961687088012695,0.47899362444877625
30357,nan,3.455317735671997,inf,2.89909029006958,85.40731048583984
30371,nan,-0.12495394796133041,inf,7.205448150634766,0.9158212542533875
30387,nan,-0.12243656069040298,inf,8.573872566223145,1.4391075372695923
30393,nan,-0.15814919769763947,inf,10.679414749145508,0.1626460999250412
30440,nan,-0.16275987029075623,inf,20.868318557739258,8.40187058201991e-05
30451,nan,-0.158389151096344,inf,12.536735534667969,0.143659308552742
30512,nan,-0.1485767811536789,inf,9.735068321228027,0.8239188194274902
30532,nan,-0.15477751195430756,inf,10.397686958312988,0.39557725191116333
30553,nan,-0.13955415785312653,inf,8.960780143737793,0.8525080680847168
30576,nan,-0.03334064036607742,inf,7.396283149719238,3.665900945663452
30594,nan,-0.1627177745103836,inf,15.742828369140625,0.0020694732666015625
30615,nan,0.17071741819381714,inf,8.582222938537598,9.0878267288208
30709,nan,-0.1400088220834732,inf,8.26795482635498,0.3751632869243622
30774,nan,-0.0778532326221466,inf,9.877842903137207,1.2507117986679077
30800,nan,-0.15893606841564178,inf,12.868704795837402,0.1044168472290039
30846,nan,-0.16275601089000702,inf,21.493484497070312,0.0003601074276957661
30862,nan,-0.16252921521663666,inf,14.088305473327637,0.006322253029793501
30909,nan,-0.1627548784017563,inf,18.77921485900879,0.0003333091735839844
30957,nan,-0.16266457736492157,inf,15.857562065124512,0.0034492730628699064
30984,nan,-0.16267958283424377,inf,15.293028831481934,0.006132745649665594
31050,nan,-0.16276094317436218,inf,26.249032974243164,3.0517578125e-05
31156,nan,-0.16254226863384247,inf,12.993803977966309,0.013398743234574795
31177,nan,-0.1626596748828888,inf,16.950931549072266,0.008000373840332031
31213,nan,-0.16240748763084412,inf,14.95398998260498,0.02184753492474556
31232,nan,-0.15907500684261322,inf,9.866909980773926,0.1406005471944809
31250,nan,-0.16273289918899536,inf,15.897048950195312,0.002073097275570035
31259,nan,-0.03461481258273125,inf,8.382832527160645,4.530672550201416
31297,nan,-0.1543184220790863,inf,13.095210075378418,0.30202484130859375
31361,nan,-0.16276119649410248,inf,23.04654312133789,6.29425039733178e-06
31410,nan,-0.1626404970884323,inf,15.115748405456543,0.004541588015854359
31437,nan,-0.08867774158716202,inf,9.816588401794434,1.901073694229126
31477,nan,-0.05063113570213318,inf,6.474796295166016,2.8598105907440186
31481,nan,-0.15368525683879852,inf,9.614428520202637,0.11590366810560226
31506,nan,-0.1623045951128006,inf,14.011858940124512,0.013824844732880592
31508,nan,-0.16270211338996887,inf,14.205513000488281,0.002884769579395652
31601,nan,-0.15769854187965393,inf,11.618029594421387,0.1057426854968071
31607,nan,1.7010475397109985,inf,2.2531368732452393,63.9951286315918
31635,nan,-0.15732626616954803,inf,15.106085777282715,0.27357107400894165
31690,nan,1.4928885698318481,inf,3.171555757522583,37.53127670288086
31701,nan,-0.16233257949352264,inf,14.01523494720459,0.025783682242035866
31703,nan,-0.16272585093975067,inf,15.89487361907959,0.0006447315099649131
31753,nan,-0.1627502292394638,inf,17.6426944732666,0.00041961669921875
31773,nan,-0.16256138682365417,inf,17.516725540161133,0.001955413958057761
31809,nan,-0.16270622611045837,inf,17.10637664794922,0.0024673461448401213
31820,nan,-0.16276130080223083,inf,24.17829704284668,1.1920928955078125e-06
31829,nan,0.2820234000682831,inf,4.623946666717529,20.936357498168945
31904,nan,-0.09157142043113708,inf,8.324972152709961,1.9046211242675781
32018,nan,-0.12740369141101837,inf,11.089092254638672,1.3376861810684204
32027,nan,-0.1686827689409256,inf,9.477084159851074,0.5775734782218933
32043,nan,-0.04826109856367111,inf,7.751336574554443,2.4207706451416016
32077,nan,-0.16014519333839417,inf,11.840258598327637,0.06535520404577255
32151,nan,-0.12567707896232605,inf,9.298600196838379,1.2433677911758423
32179,nan,-0.1138090044260025,inf,9.531859397888184,0.49711132049560547
32198,nan,0.004714333917945623,inf,5.986146450042725,5.6871795654296875
32251,nan,-0.1627274602651596,inf,18.2603816986084,0.001506805419921875
32267,nan,0.7848256826400757,inf,5.390054225921631,39.13993453979492
32269,nan,-0.15980903804302216,inf,18.364273071289062,0.15884803235530853
32307,nan,-0.15719331800937653,inf,11.065279960632324,0.1752752810716629
32324,nan,-0.16252842545509338,inf,16.06356430053711,0.010702562518417835
32357,nan,0.23565760254859924,inf,4.861493110656738,10.571578025817871
32362,nan,-0.16249415278434753,inf,16.943017959594727,0.0023736953735351562
32388,nan,-0.15413780510425568,inf,10.405031204223633,0.29211193323135376
32404,nan,0.052795328199863434,inf,10.579197883605957,15.139337539672852
32422,nan,-0.04294464364647865,inf,7.161866188049316,2.3181099891662598
32481,nan,-0.14037059247493744,inf,7.438640117645264,0.6238391995429993
32517,nan,-0.15591071546077728,inf,10.460604667663574,0.42894411087036133
32558,nan,0.07729702442884445,inf,6.154407978057861,8.817288398742676
32560,nan,-0.16273729503154755,inf,19.758155822753906,0.0015346765285357833
32577,nan,-0.09009543806314468,inf,7.171199798583984,3.3788411617279053
32586,nan,0.10568594932556152,inf,5.636359214782715,10.820820808410645
32589,nan,-0.1625848263502121,inf,21.57330894470215,0.0049270628951489925
32628,nan,-0.16249622404575348,inf,17.38496208190918,0.014392852783203125
32666,nan,-0.159139484167099,inf,11.681960105895996,0.12335405498743057
32675,nan,-0.1605314016342163,inf,11.304481506347656,0.07771091908216476
32685,nan,-0.16275589168071747,inf,19.785741806030273,0.0003453254757914692
32686,nan,-0.16259633004665375,inf,14.568002700805664,0.010195541195571423
32688,nan,-0.16229183971881866,inf,16.490036010742188,0.01345453318208456
32733,nan,-0.16273288428783417,inf,18.062833786010742,0.0012443542946130037
32738,nan,-0.1611410677433014,inf,10.927857398986816,0.08384237438440323
32768,nan,-0.18936891853809357,inf,9.768930435180664,-0.20408491790294647
32775,nan,-0.15734568238258362,inf,9.672618865966797,0.4494507908821106
32793,nan,0.6421661972999573,inf,3.738917589187622,29.614965438842773
32848,nan,-0.1610104888677597,inf,18.362598419189453,0.128153994679451
32857,nan,-0.16220413148403168,inf,16.12909698486328,0.0410495288670063
32871,nan,-0.15180358290672302,inf,15.324447631835938,0.47519102692604065
32902,nan,-0.16273583471775055,inf,23.199871063232422,0.00020141601271461695
32965,nan,0.17645728588104248,inf,5.392554759979248,8.263675689697266
33016,nan,-0.07326703518629074,inf,7.830994606018066,2.723945379257202
33094,nan,-0.10516040772199631,inf,11.001139640808105,1.6071487665176392
33117,nan,-0.16262398660182953,inf,18.214948654174805,0.007124423980712891
33146,nan,-0.16045530140399933,inf,14.24127197265625,0.07143621891736984
33256,nan,-0.08517614006996155,inf,12.337210655212402,0.6183502078056335
33344,nan,-0.15546894073486328,inf,11.344181060791016,0.3819795548915863
33378,nan,-0.13332287967205048,inf,10.41867446899414,2.3098621368408203
33388,nan,-0.16271954774856567,inf,17.686119079589844,0.001103043556213379
33405,nan,0.01895330473780632,inf,7.947385311126709,3.748939275741577
33412,nan,-0.13348783552646637,inf,10.603058815002441,0.7686630487442017
33416,nan,-0.1592281013727188,inf,12.166300773620605,0.12682190537452698
33430,nan,-0.10401950031518936,inf,7.455402374267578,1.9867180585861206
33431,nan,-0.11448005586862564,inf,8.670561790466309,0.6819598078727722
33463,nan,-0.16263213753700256,inf,15.65799617767334,0.00731658935546875
33465,nan,-0.1622491031885147,inf,17.44724464416504,0.01470870990306139
33571,nan,-0.16292785108089447,inf,13.734468460083008,-0.004871034529060125
33575,nan,0.2564783990383148,inf,6.918819427490234,22.16057777404785
33641,nan,-0.16086110472679138,inf,10.93845272064209,0.09259023517370224
33645,nan,-0.14775565266609192,inf,11.185942649841309,0.9469768404960632
33655,nan,-0.08175992965698242,inf,5.99957799911499,2.7876083850860596
33674,nan,0.5049287676811218,inf,5.843040466308594,13.287381172180176
33694,nan,0.12627744674682617,inf,6.009822845458984,13.130439758300781
33732,nan,-0.02765434980392456,inf,6.644753932952881,4.335692882537842
33762,nan,-0.11245650053024292,inf,6.335484981536865,6.542601108551025
33784,nan,-0.16276106238365173,inf,21.826419830322266,1.411438006471144e-05
33814,nan,-0.1510927528142929,inf,9.105388641357422,0.3195270597934723
33899,nan,-0.16242282092571259,inf,17.3659725189209,0.0019654035568237305
33971,nan,-0.06544115394353867,inf,7.675313472747803,5.1957831382751465
34017,nan,-0.1014895960688591,inf,8.125791549682617,3.4050559997558594
34024,nan,-0.16024154424667358,inf,16.32733154296875,0.1916496306657791
34086,nan,-0.08527757972478867,inf,10.81298542022705,3.393711805343628
34117,nan,-0.16272498667240143,inf,19.864965438842773,0.002933597657829523
34150,nan,0.15833024680614471,inf,5.938196182250977,6.716071605682373
34180,nan,-0.1626834124326706,inf,17.62264060974121,0.0036314248573035
34201,nan,-0.16971920430660248,inf,13.019932746887207,-0.2045530378818512
34207,nan,-0.16019684076309204,inf,19.336578369140625,0.20411300659179688
34226,nan,-0.13752411305904388,inf,8.533437728881836,0.26331862807273865
34240,nan,0.15938855707645416,inf,5.308374881744385,11.155072212219238
34246,nan,3.2157959938049316,inf,2.1515748500823975,62.2415885925293
34247,nan,-0.08662044256925583,inf,8.723451614379883,2.2218616008758545
34373,nan,-0.16276131570339203,inf,26.245237350463867,0.0
34425,nan,-0.16265800595283508,inf,14.599902153015137,0.0033407926093786955
34428,nan,-0.004575622268021107,inf,8.042367935180664,3.4907302856445312
34453,nan,1.0793598890304565,inf,3.4193997383117676,37.65420150756836
34467,nan,-0.10391571372747421,inf,9.623842239379883,2.5611112117767334
34477,nan,-0.09200909733772278,inf,7.69789981842041,3.0435478687286377
34493,nan,0.27739712595939636,inf,6.223508358001709,5.061480522155762
34500,nan,-0.1627548635005951,inf,23.10025978088379,0.0005168914794921875
34547,nan,-0.16241437196731567,inf,13.407719612121582,0.020579874515533447
34568,nan,-0.16078311204910278,inf,12.860661506652832,0.019826173782348633
34593,nan,-0.16270406544208527,inf,15.55603313446045,0.0030477524269372225
34610,nan,-0.004631811287254095,inf,9.143135070800781,6.457987308502197
34633,nan,-0.10675644129514694,inf,8.358613967895508,1.0217514038085938
34635,nan,-0.16101478040218353,inf,14.053336143493652,0.13467255234718323
34657,nan,-0.09784971922636032,inf,7.6169891357421875,0.6489549875259399
34685,nan,-0.16275633871555328,inf,22.960418701171875,0.0004013061698060483
34695,nan,0.21377669274806976,inf,6.348930358886719,20.092802047729492
34723,nan,-0.16182881593704224,inf,13.407259941101074,0.043256472796201706
34816,nan,-0.16127640008926392,inf,13.452919006347656,0.08077316731214523
34897,nan,-0.1601860523223877,inf,13.005607604980469,0.0896453857421875
34929,nan,-0.12593255937099457,inf,8.478372573852539,0.9859123229980469
34937,nan,0.46841737627983093,inf,4.683914661407471,9.974227905273438
35005,nan,-0.12932942807674408,inf,10.436644554138184,0.47368931770324707
35027,nan,-0.16274762153625488,inf,14.652493476867676,0.0011237621074542403
35085,nan,0.1097896620631218,inf,6.7407450675964355,13.18748950958252
35099,nan,-0.16275785863399506,inf,18.982030868530273,0.00019891261763405055
35171,nan,-0.16261602938175201,inf,18.38738250732422,0.007793426513671875
35201,nan,0.008798106573522091,inf,6.905497074127197,3.7282676696777344
35202,nan,-0.047808416187763214,inf,7.18454122543335,4.487783908843994
35213,nan,-0.16266538202762604,inf,18.17063331604004,0.0045455931685864925
35246,nan,-0.16268400847911835,inf,16.775272369384766,0.0036865235306322575
35303,nan,-0.1620917171239853,inf,13.876452445983887,0.03303079679608345
35328,nan,-0.11066317558288574,inf,8.196819305419922,2.6846306324005127
35339,nan,-0.1609465330839157,inf,17.231586456298828,0.08323364704847336
35345,nan,-0.16269569098949432,inf,17.083471298217773,0.0019589425064623356
35366,nan,-0.16276125609874725,inf,27.40369987487793,2.3931265786814038e-06
35383,nan,-0.12218504399061203,inf,9.20131778717041,1.0946712493896484
35417,nan,-0.15868206322193146,inf,14.04917049407959,0.027271617203950882
35420,nan,-0.1595035046339035,inf,11.879012107849121,0.099512979388237
35455,nan,-0.15133170783519745,inf,10.378569602966309,0.11163492500782013
35457,nan,-0.15398092567920685,inf,9.125398635864258,0.6345370411872864
35488,nan,-0.15308067202568054,inf,10.53434944152832,0.41310691833496094
35489,nan,-0.15171395242214203,inf,9.460801124572754,0.3087661862373352
35538,nan,-0.15997400879859924,inf,11.279446601867676,0.09901733696460724
35553,nan,-0.0442751981317997,inf,6.6069254875183105,4.5680155754089355
35562,nan,-0.16276119649410248,inf,27.706491470336914,3.123283477179939e-06
35574,nan,-0.16266144812107086,inf,16.329910278320312,0.004184818360954523
35609,nan,-0.16176792979240417,inf,11.840925216674805,0.09939122200012207
35658,nan,-0.16274124383926392,inf,18.79404640197754,0.0011609077919274569
35672,nan,-0.16150985658168793,inf,14.009390830993652,0.04797625541687012
35686,nan,-0.021317889913916588,inf,7.261657238006592,5.120460510253906
35696,nan,-0.15697692334651947,inf,11.275980949401855,0.2956047058105469
35733,nan,-0.16037163138389587,inf,13.973065376281738,0.1460925191640854
35747,nan,-0.16074568033218384,inf,12.18368148803711,0.06231660768389702
35763,nan,-0.16274619102478027,inf,17.657630920410156,0.0008562087896279991
35811,nan,-0.16275762021541595,inf,17.19230842590332,0.00021032690710853785
35834,nan,0.5327672362327576,inf,4.54957389831543,25.672595977783203
35854,nan,0.6494966149330139,inf,4.4452643394470215,19.408737182617188
35919,nan,-0.14787791669368744,inf,13.753303527832031,0.738110363483429
35964,nan,-0.16233058273792267,inf,12.969279289245605,0.023525238037109375
35985,nan,-0.15792465209960938,inf,12.576529502868652,0.3435586988925934
35990,nan,-0.16062669456005096,inf,18.13656234741211,0.17227955162525177
36049,nan,-0.1557113230228424,inf,11.779751777648926,0.252908319234848
36116,nan,-0.009173495694994926,inf,6.36655855178833,5.570949554443359
36179,nan,0.02282378077507019,inf,7.24231481552124,8.764084815979004
36181,nan,-0.15003973245620728,inf,10.110152244567871,0.511455237865448
36192,nan,-0.16267818212509155,inf,16.05739402770996,0.002706909319385886
36209,nan,-0.15631072223186493,inf,10.272025108337402,0.40943393111228943
36238,nan,-0.1235823854804039,inf,9.547125816345215,1.0900897979736328
36245,nan,-0.16164399683475494,inf,12.703622817993164,0.04635484144091606
36250,nan,-0.16276070475578308,inf,23.722225189208984,3.2043459214037284e-05
36270,nan,-0.16263699531555176,inf,14.704035758972168,0.00780754117295146
36276,nan,-0.16130277514457703,inf,25.276653289794922,0.011372375302016735
36325,nan,-0.15601563453674316,inf,13.718192100524902,0.2360094040632248
36329,nan,0.05581432208418846,inf,6.386089324951172,6.396278381347656
36424,nan,0.09335456788539886,inf,7.923703193664551,7.280947208404541
36445,nan,-0.1623012274503708,inf,14.120076179504395,0.015414523892104626
36463,nan,-0.15743429958820343,inf,11.957194328308105,0.29012829065322876
36518,nan,-0.15767908096313477,inf,11.472739219665527,0.32982704043388367
36519,nan,0.06312251091003418,inf,6.293050289154053,5.263787746429443
36552,nan,-0.16042225062847137,inf,14.8998384475708,0.13557496666908264
36593,nan,-0.15795648097991943,inf,10.990758895874023,0.3475591838359833
36594,nan,-0.16267837584018707,inf,15.192458152770996,0.0015887677436694503
36618,nan,-0.16275976598262787,inf,21.560976028442383,0.00011901855759788305
36757,nan,0.016734031960368156,inf,8.629149436950684,9.267494201660156
36762,nan,0.2483759969472885,inf,5.377511024475098,6.295848369598389
36835,nan,-0.17455671727657318,inf,9.297139167785645,0.5074376463890076
36869,nan,-0.0296346303075552,inf,6.942254543304443,7.748782634735107
36880,nan,-0.16276122629642487,inf,26.71906089782715,6.10351571594947e-06
36889,nan,-0.16201241314411163,inf,12.730097770690918,0.03340034559369087
36912,nan,-0.16279298067092896,inf,13.77849006652832,-0.00025515558081679046
36928,nan,-0.15859054028987885,inf,14.885026931762695,0.141276553273201
36938,nan,-0.16275356709957123,inf,17.08722496032715,0.000293731689453125
36939,nan,-0.16263647377490997,inf,17.062253952026367,0.003274345537647605
36958,nan,-0.16138897836208344,inf,11.419987678527832,0.08985432237386703
37081,nan,-0.16275207698345184,inf,17.198781967163086,-5.092620995128527e-05
37173,nan,-0.08332990109920502,inf,7.042847633361816,2.2151010036468506
37269,nan,-0.1327255517244339,inf,14.33655071258545,1.196901559829712
37286,nan,-0.1613689512014389,inf,11.350703239440918,0.060308076441287994
37342,nan,-0.12322606891393661,inf,9.08389663696289,0.42060717940330505
37404,nan,-0.11865677684545517,inf,10.019343376159668,0.9207103848457336
37446,nan,-0.15748101472854614,inf,10.744564056396484,0.22650699317455292
37456,nan,-0.14760605990886688,inf,14.140372276306152,0.7534691095352173
37495,nan,-0.15538187325000763,inf,14.88514232635498,0.0574246421456337
37558,nan,-0.16275988519191742,inf,22.197011947631836,0.00010924339585471898
37577,nan,0.025913715362548828,inf,7.598513126373291,5.83617639541626
37605,nan,-0.16269879043102264,inf,13.405505180358887,0.003710794495418668
37637,nan,0.042813416570425034,inf,6.502199649810791,2.981580972671509
37679,nan,-0.15317127108573914,inf,10.128744125366211,0.37245017290115356
37712,nan,-0.0805596262216568,inf,7.031726837158203,1.3293266296386719
37734,nan,-0.162676140666008,inf,17.376327514648438,0.005425310228019953
37747,nan,-0.13643193244934082,inf,11.337726593017578,0.8216773867607117
37752,nan,-0.07119623571634293,inf,12.447179794311523,2.8114044666290283
37770,nan,-0.14716365933418274,inf,8.079285621643066,0.34077760577201843
37807,nan,-0.16127896308898926,inf,12.926924705505371,0.10248555988073349
37871,nan,-0.16168706119060516,inf,13.593162536621094,0.06528320163488388
37937,nan,-0.06790302693843842,inf,6.475747108459473,2.8566768169403076
37972,nan,0.4690643846988678,inf,4.115516662597656,14.756418228149414
38001,nan,0.7657257914543152,inf,4.652379512786865,29.5960693359375
38024,nan,-0.15779627859592438,inf,11.462869644165039,0.1404285430908203
38029,nan,0.8946130871772766,inf,5.01006555557251,48.9530029296875
38030,nan,-0.16275709867477417,inf,22.353137969970703,0.0003349304315634072
38036,nan,-0.1425311118364334,inf,9.524120330810547,1.594328761100769
38132,nan,0.27063998579978943,inf,5.044412612915039,17.053865432739258
38148,nan,-0.16148044168949127,inf,12.587777137756348,0.07308707386255264
38168,nan,-0.09317576885223389,inf,7.383452892303467,1.8688362836837769
38177,nan,-0.06629728525876999,inf,9.789999961853027,0.7330717444419861
38180,nan,1.1904401779174805,inf,3.5680534839630127,29.492862701416016
38222,nan,-0.12607373297214508,inf,11.73633861541748,0.8601924777030945
38281,nan,-0.16258879005908966,inf,14.755404472351074,0.011326027102768421
38287,nan,-0.03482357785105705,inf,9.294024467468262,2.659268856048584
38301,nan,0.2468225210905075,inf,4.505297660827637,15.412707328796387
38348,nan,-0.16261371970176697,inf,13.08686351776123,0.006699371617287397
38416,nan,0.2855852544307709,inf,4.035310745239258,11.145873069763184
38421,nan,-0.15782678127288818,inf,11.42691707611084,0.13757529854774475
38437,nan,-0.14692740142345428,inf,14.725638389587402,0.45744791626930237
38447,nan,-0.16275975108146667,inf,20.53136444091797,5.1116945542162284e-05
38517,nan,-0.16275149583816528,inf,21.327136993408203,0.0002986908075399697
38527,nan,-0.16272111237049103,inf,17.30708885192871,0.003169584320858121
38540,nan,0.05906183645129204,inf,5.7841267585754395,6.264205455780029
38561,nan,-0.1627292037010193,inf,18.844465255737305,0.0010471343994140625
38634,nan,-0.015476472675800323,inf,7.589695930480957,9.24732494354248
38639,nan,0.23087528347969055,inf,4.539351940155029,13.160255432128906
38650,nan,0.37901756167411804,inf,4.719693183898926,18.437795639038086
38659,nan,-0.1309601366519928,inf,8.874544143676758,1.514694333076477
38665,nan,-0.1462336778640747,inf,11.06485366821289,0.31418687105178833
38741,nan,-0.16263237595558167,inf,14.659754753112793,0.010157323442399502
38757,nan,-0.16887423396110535,inf,10.28801155090332,0.05571126937866211
38781,nan,-0.16256336867809296,inf,15.08836841583252,0.013554382137954235
38803,nan,-0.15858475863933563,inf,13.546141624450684,0.33174705505371094
38810,nan,-0.0197394248098135,inf,7.161008358001709,1.8076015710830688
38867,nan,-0.1443571299314499,inf,10.444938659667969,0.3019096851348877
38890,nan,0.001635500811971724,inf,5.775359630584717,5.276991844177246
38930,nan,-0.12423653900623322,inf,9.94244384765625,1.1479251384735107
38960,nan,-0.16269037127494812,inf,14.805015563964844,0.004176282789558172
38970,nan,-0.1636272668838501,inf,7.729640960693359,-0.024626780301332474
38973,nan,-0.14950746297836304,inf,8.7180814743042,0.4412403106689453
39094,nan,-0.16202639043331146,inf,16.01449203491211,0.05272522196173668
39107,nan,-0.1624400019645691,inf,14.362823486328125,0.010372496210038662
39123,nan,-0.1302156299352646,inf,9.199797630310059,0.32756367325782776
39161,nan,-0.1619846224784851,inf,13.366569519042969,0.02082672156393528
39166,nan,-0.16174942255020142,inf,11.265289306640625,0.06161203607916832
39168,nan,-0.06781943887472153,inf,7.126655578613281,1.6708694696426392
39183,nan,-0.16254226863384247,inf,15.338469505310059,0.011668014340102673
39212,nan,-0.1627180427312851,inf,15.332199096679688,0.0018354415660724044
39223,nan,-0.19975106418132782,inf,6.087388515472412,4.4998064041137695
39249,nan,-0.09717371314764023,inf,7.440126895904541,1.7829906940460205
39330,nan,-0.1626664251089096,inf,18.49941062927246,0.006810379214584827
39338,nan,-0.17594978213310242,inf,7.460903167724609,0.20900563895702362
39394,nan,0.19892744719982147,inf,5.833723068237305,6.2565460205078125
39462,nan,-0.09068607538938522,inf,8.906952857971191,1.969482421875
39470,nan,-0.16276131570339203,inf,30.059906005859375,0.0
39502,nan,0.1934351623058319,inf,7.07039213180542,11.457707405090332
39550,nan,4.659660816192627,inf,1.9107685089111328,135.66795349121094
39577,nan,-0.1627589613199234,inf,21.172033309936523,0.00011196136620128527
39587,nan,0.04224337637424469,inf,5.884533405303955,7.178721904754639
39627,nan,-0.13425986468791962,inf,10.730203628540039,1.4123119115829468
39646,nan,-0.16276082396507263,inf,22.287296295166016,1.068115216185106e-05
39670,nan,-0.16276130080223083,inf,23.504281997680664,2.670288040462765e-06
39715,nan,-0.16275957226753235,inf,20.767459869384766,0.00011100769188487902
39720,nan,0.16273772716522217,inf,4.560094356536865,14.191248893737793
39805,nan,-0.05986354872584343,inf,7.271470069885254,1.8958145380020142
39813,nan,-0.014104761183261871,inf,7.342947483062744,4.205771446228027
39829,nan,-0.162541925907135,inf,13.73835277557373,0.010893138125538826
39831,nan,-0.04839552566409111,inf,8.082695007324219,3.9217865467071533
39864,nan,-0.16102683544158936,inf,10.459877014160156,0.05823097378015518
39865,nan,-0.13970215618610382,inf,8.728388786315918,0.5737846493721008
39905,nan,-0.1343948245048523,inf,11.787703514099121,0.24561157822608948
39930,nan,-0.0901956707239151,inf,8.156881332397461,2.9622833728790283
40005,nan,-0.1625201553106308,inf,17.084915161132812,0.003874206682667136
40021,nan,-0.1611548811197281,inf,13.691214561462402,0.056657981127500534
40023,nan,-0.16219209134578705,inf,12.485701560974121,0.04253215715289116
40035,nan,1.201266884803772,inf,4.543182373046875,31.183069229125977
40094,nan,0.005307723302394152,inf,6.637130260467529,6.506809234619141
40116,nan,-0.16275697946548462,inf,17.99471664428711,0.00017051697068382055
40157,nan,-0.16274842619895935,inf,16.387582778930664,0.0007526397821493447
40159,nan,-0.16239148378372192,inf,15.655000686645508,0.020203782245516777
40161,nan,-0.16074296832084656,inf,11.585371017456055,0.03947162628173828
40212,nan,-0.025143135339021683,inf,6.81300687789917,3.191016435623169
40306,nan,-0.12979526817798615,inf,10.51410961151123,0.9401884078979492
40341,nan,0.08147522062063217,inf,5.868565559387207,10.497775077819824
40377,nan,-0.16276054084300995,inf,24.91900634765625,2.3651124138268642e-05
40392,nan,-0.16687370836734772,inf,9.620108604431152,-0.1927129328250885
40418,nan,0.02884712815284729,inf,6.436110019683838,6.218603610992432
40430,nan,-0.1576516181230545,inf,13.774884223937988,0.13901443779468536
40494,nan,-0.16233320534229279,inf,12.28052043914795,0.041423797607421875
40585,nan,-0.15813596546649933,inf,13.714468955993652,0.08341655880212784
40619,nan,-0.16265378892421722,inf,14.791348457336426,0.0036651610862463713
40667,nan,-0.15843985974788666,inf,8.058327674865723,0.29831334948539734
40686,nan,0.7623247504234314,inf,5.067409992218018,23.422122955322266
40687,nan,-0.14317011833190918,inf,8.639447212219238,1.1084625720977783
40727,nan,-0.12561853229999542,inf,8.598186492919922,0.8304252624511719
40740,nan,-0.16251078248023987,inf,14.709759712219238,0.010344743728637695
40765,nan,-0.1507435142993927,inf,9.009275436401367,0.2369825392961502
40803,nan,-0.15389381349086761,inf,11.859308242797852,0.48402395844459534
40822,nan,0.06238586828112602,inf,7.765809059143066,4.909557342529297
40867,nan,0.20668677985668182,inf,5.7455644607543945,12.87035083770752
40877,nan,-0.16276107728481293,inf,24.65326499938965,6.8664553509734105e-06
40894,nan,-0.1504695862531662,inf,9.021806716918945,0.32554206252098083
40954,nan,-0.04919767379760742,inf,7.232283115386963,6.1569037437438965
40967,nan,-0.04137581214308739,inf,5.761139392852783,4.959035396575928
40982,nan,-0.06900157779455185,inf,8.756845474243164,4.637096881866455
41032,nan,-0.16272486746311188,inf,15.447833061218262,0.0021318437065929174
41065,nan,-0.07470595836639404,inf,8.443160057067871,4.33622932434082
41149,nan,-0.16253580152988434,inf,15.447303771972656,0.013903046026825905
41249,nan,-0.1626763492822647,inf,17.258214950561523,0.0048316954635083675
41280,nan,-0.1562274992465973,inf,11.005409240722656,0.32591477036476135
41307,nan,0.031746480613946915,inf,5.605275630950928,4.7256598472595215
41327,nan,-0.1627224087715149,inf,16.878215789794922,0.0022677183151245117
41331,nan,-0.15779931843280792,inf,11.185979843139648,0.37492865324020386
41351,nan,-0.07067691534757614,inf,7.293577671051025,3.090540885925293
41356,nan,2.1524574756622314,inf,2.6373648643493652,73.13336181640625
41372,nan,0.15174290537834167,inf,5.232207775115967,3.373976230621338
41518,nan,-0.16242383420467377,inf,14.345191955566406,0.013957214541733265
41547,nan,-0.16275791823863983,inf,20.65028953552246,0.0002649307425599545
41585,nan,-0.16275911033153534,inf,19.49315643310547,6.580352783203125e-05
41589,nan,-0.1614452302455902,inf,12.342435836791992,0.062075424939394
41616,nan,-0.1617468148469925,inf,13.91881275177002,0.03390388563275337
41643,nan,0.7317361235618591,inf,3.652860403060913,26.0244140625
41654,nan,-0.15788212418556213,inf,10.049287796020508,0.17047272622585297
41680,nan,-0.15074340999126434,inf,10.076030731201172,0.22580662369728088
41696,nan,0.16689272224903107,inf,7.043724060058594,3.9748668670654297
41739,nan,0.6119664311408997,inf,5.403832912445068,19.86624526977539
41809,nan,-0.16253283619880676,inf,17.081262588500977,0.010346603579819202
41818,nan,-0.13187234103679657,inf,9.297829627990723,0.3603641986846924
41826,nan,-0.1574285626411438,inf,12.853912353515625,0.15876702964305878
41837,nan,-0.1565037965774536,inf,9.557971000671387,0.175175741314888
41838,nan,-0.15369878709316254,inf,9.834800720214844,0.31179723143577576
41908,nan,-0.1464034914970398,inf,9.883708000183105,0.8242135047912598
41926,nan,-0.11164327710866928,inf,10.351641654968262,1.699323296546936
41939,nan,-0.16276131570339203,inf,37.07239532470703,0.0
41986,nan,-0.1037890687584877,inf,15.791757583618164,3.1768252849578857
42030,nan,0.06910966336727142,inf,6.680811405181885,7.489339351654053
42131,nan,-0.08906492590904236,inf,8.724639892578125,2.1063029766082764
42141,nan,0.018762459978461266,inf,7.246729373931885,3.9651246070861816
42147,nan,0.006415063049644232,inf,6.708972454071045,7.420539855957031
42169,nan,0.24883520603179932,inf,6.365601539611816,21.987958908081055
42214,nan,-0.06202610954642296,inf,8.21882152557373,2.514801502227783
42266,nan,-0.03352109342813492,inf,9.252994537353516,8.026494026184082
42318,nan,-0.15438781678676605,inf,13.394915580749512,0.5428886413574219
42437,nan,-0.16276127099990845,inf,23.484329223632812,3.051757857974735e-06
42473,nan,0.648971676826477,inf,3.6534173488616943,32.201416015625
42474,nan,-0.16269825398921967,inf,16.492963790893555,0.0029519081581383944
42477,nan,-0.16157571971416473,inf,15.243356704711914,0.09485827386379242
42482,nan,-0.10248544067144394,inf,7.066638946533203,3.562873125076294
42490,nan,-0.16273777186870575,inf,17.74134063720703,0.0009159088367596269
42516,nan,-0.16270671784877777,inf,16.384613037109375,0.0037105560768395662
42587,nan,-0.1627429574728012,inf,17.588640213012695,0.000869321811478585
42605,nan,-0.13879911601543427,inf,9.666936874389648,0.5528411865234375
42641,nan,-0.1448422521352768,inf,7.871635437011719,1.0004136562347412
42650,nan,-0.1627219170331955,inf,15.677337646484375,0.001326751778833568
42706,nan,-0.162753164768219,inf,16.841039657592773,0.00030651091947220266
42712,nan,-0.16093426942825317,inf,10.727354049682617,0.07046892493963242
42734,nan,-0.13391607999801636,inf,8.781786918640137,0.6719738841056824
42772,nan,-0.16276131570339203,inf,45.27358627319336,0.0
42783,nan,-0.060539811849594116,inf,8.998196601867676,1.6024364233016968
42832,nan,-0.12835025787353516,inf,9.837896347045898,0.5092357993125916
42836,nan,-0.16274909675121307,inf,18.471397399902344,0.0006362915155477822
42842,nan,-0.30280694365501404,inf,4.880190372467041,2.4616525173187256
42893,nan,-0.16275419294834137,inf,19.03226661682129,0.0005098343244753778
42918,nan,0.11490531265735626,inf,7.933596134185791,8.39089298248291
42938,nan,-0.16275964677333832,inf,26.108816146850586,4.882812572759576e-05
42955,nan,-0.16161242127418518,inf,13.002921104431152,0.08524598926305771
42996,nan,0.7885650992393494,inf,3.909637212753296,27.325525283813477
43083,nan,-0.16248083114624023,inf,19.47146987915039,0.022347068414092064
43112,nan,0.008240791969001293,inf,8.984808921813965,2.708127737045288
43178,nan,-0.1457940936088562,inf,10.945940971374512,0.6497482657432556
43179,nan,-0.162345290184021,inf,14.7093505859375,0.012896395288407803
43190,nan,0.11112584918737411,inf,5.934573650360107,12.306012153625488
43226,nan,-0.1614997684955597,inf,12.001550674438477,0.04789409786462784
43256,nan,1.4530432224273682,inf,3.94553542137146,17.47015953063965
43257,nan,-0.15660040080547333,inf,10.78769588470459,0.32596704363822937
43259,nan,-0.15981487929821014,inf,12.296445846557617,0.12763185799121857
43284,nan,-0.06271719932556152,inf,13.151178359985352,5.5288567543029785
43375,nan,-0.16246570646762848,inf,14.600829124450684,0.01052627619355917
43387,nan,-0.1662398874759674,inf,11.57710075378418,-0.09632682800292969
43389,nan,-0.12010490894317627,inf,9.07248306274414,2.430504560470581
43443,nan,-0.16070502996444702,inf,12.456074714660645,0.11610832065343857
43522,nan,-0.12224184721708298,inf,7.057697296142578,1.135366439819336
43551,nan,-0.11481627076864243,inf,11.02929973602295,0.9838318228721619
43559,nan,-0.15927062928676605,inf,12.842416763305664,0.23670625686645508
43620,nan,-0.15925665199756622,inf,15.190322875976562,0.19731025397777557
43643,nan,-0.16255302727222443,inf,16.45716667175293,0.007106810808181763
43651,nan,0.10443004220724106,inf,7.981603145599365,9.16602611541748
43690,nan,-0.15432147681713104,inf,7.084608554840088,2.107771635055542
43716,nan,0.4767765998840332,inf,3.761526107788086,29.65260124206543
43820,nan,-0.02291412465274334,inf,7.235675811767578,4.174221038818359
43850,nan,-0.16128353774547577,inf,11.54638957977295,0.037145234644412994
43877,nan,4.73309326171875,inf,3.431028366088867,65.89591979980469
43884,nan,-0.16247521340847015,inf,13.509142875671387,0.014082545414566994
43909,nan,-0.1627599596977234,inf,22.078088760375977,9.117126319324598e-05
43978,nan,-0.15155546367168427,inf,9.597890853881836,0.3075069487094879
43983,nan,-0.050627585500478745,inf,6.059089183807373,1.676195502281189
44045,nan,-0.15886980295181274,inf,10.766746520996094,0.19016413390636444
44053,nan,0.5669971704483032,inf,5.638491630554199,30.310632705688477
44094,nan,-0.15911589562892914,inf,10.070640563964844,0.11726140975952148
44227,nan,0.005127800162881613,inf,6.1070051193237305,4.253695011138916
44259,nan,-0.13719187676906586,inf,8.390094757080078,0.7773421406745911
44272,nan,-0.14944951236248016,inf,11.109304428100586,0.3347431719303131
44288,nan,0.21896915137767792,inf,5.369073390960693,10.571266174316406
44320,nan,-0.017693592235445976,inf,8.63306713104248,6.062080383300781
44348,nan,-0.1602180004119873,inf,9.469164848327637,0.10448084026575089
44390,nan,-0.159128338098526,inf,10.400603294372559,0.07740166038274765
44396,nan,0.061725061386823654,inf,6.835414409637451,4.620884895324707
44399,nan,-0.16036345064640045,inf,13.341511726379395,0.11987457424402237
44416,nan,-0.16222484409809113,inf,14.637904167175293,0.0346858985722065
44428,nan,-0.16257135570049286,inf,18.737632751464844,0.01132049597799778
44448,nan,-0.1625899374485016,inf,15.2732572555542,0.007201600354164839
44457,nan,-0.1599733680486679,inf,9.945374488830566,0.07274293899536133
44468,nan,-0.152811199426651,inf,8.043237686157227,0.38690969347953796
44471,nan,-0.061208780854940414,inf,7.130623817443848,3.7567660808563232
44557,nan,-0.11818339675664902,inf,10.784834861755371,0.5864059329032898
44581,nan,-0.161282017827034,inf,10.491304397583008,0.0644647628068924
44598,nan,-0.16276101768016815,inf,21.95660972595215,2.441406286379788e-05
44649,nan,4.273836135864258,inf,3.8159987926483154,68.24989318847656
44650,nan,-0.1627368927001953,inf,16.178041458129883,0.0008216380956582725
44737,nan,-0.16010549664497375,inf,12.00787353515625,0.17252784967422485
44796,nan,-0.057512976229190826,inf,7.7436041831970215,3.064950466156006
44799,nan,-0.1626819372177124,inf,16.400705337524414,0.0015772342449054122
44819,nan,-0.16012506186962128,inf,12.494903564453125,0.20605087280273438
44832,nan,-0.16139931976795197,inf,10.874945640563965,0.04437704011797905
44878,nan,-0.14481662213802338,inf,10.188529968261719,1.0281215906143188
44930,nan,-0.16151420772075653,inf,9.182859420776367,0.05507325753569603
44946,nan,-0.16039986908435822,inf,14.233428955078125,0.0656430721282959
44967,nan,-0.16273103654384613,inf,18.514652252197266,0.0017124175792559981
44980,nan,-0.15927453339099884,inf,14.3970947265625,0.24180050194263458
45042,nan,-0.0894378051161766,inf,7.483545780181885,3.8419015407562256
45076,nan,-0.16223278641700745,inf,17.59008026123047,0.032318878918886185
45086,nan,-0.09123825281858444,inf,8.216108322143555,1.2052671909332275
45134,nan,-0.13765084743499756,inf,8.743502616882324,0.7735023498535156
45223,nan,-0.16241183876991272,inf,13.952753067016602,0.013294982723891735
45252,nan,-0.16276131570339203,inf,29.996448516845703,0.0
45353,nan,-0.16143237054347992,inf,15.799267768859863,0.014793681912124157
45365,nan,-0.16268889605998993,inf,13.822580337524414,0.0019000053871423006
45370,nan,-0.16237352788448334,inf,15.633837699890137,0.016086339950561523
45395,nan,-0.16276051104068756,inf,22.72999382019043,6.408691842807457e-05
45406,nan,-0.16236911714076996,inf,14.029559135437012,0.017765237018465996
45411,nan,-0.06395017355680466,inf,5.696773052215576,4.952594757080078
45420,nan,-0.16252659261226654,inf,15.3355712890625,0.013256072998046875
45469,nan,-0.16112741827964783,inf,19.734045028686523,0.10453491657972336
45547,nan,-0.15393401682376862,inf,8.91849422454834,0.08467507362365723
45566,nan,-0.15876589715480804,inf,12.395279884338379,0.2611532211303711
45595,nan,0.13186360895633698,inf,5.122079372406006,9.978263854980469
45612,nan,-0.1437920480966568,inf,9.491888999938965,0.8564390540122986
45619,nan,-0.15953058004379272,inf,10.66040325164795,0.12386875599622726
45643,nan,-0.16093242168426514,inf,15.618216514587402,0.05518226698040962
45653,nan,-0.10807978361845016,inf,8.380396842956543,1.2800382375717163
45669,nan,0.7541126608848572,inf,3.7484023571014404,36.75332260131836
45716,nan,-0.010620549321174622,inf,5.852515697479248,5.707232475280762
45728,nan,-0.16275738179683685,inf,17.776647567749023,0.00021581650071311742
45838,nan,-0.16252492368221283,inf,18.172409057617188,0.01872558705508709
45874,nan,-0.15947547554969788,inf,9.016352653503418,-0.001725912094116211
45884,nan,-0.15939518809318542,inf,13.719525337219238,0.16341018676757812
45896,nan,1.7320297956466675,inf,3.4782397747039795,43.2713737487793
45972,nan,-0.14116886258125305,inf,9.327169418334961,0.39079323410987854
46033,nan,-0.16260717809200287,inf,15.008890151977539,0.00864486675709486
46037,nan,-0.14422281086444855,inf,9.964726448059082,0.1479201763868332
46039,nan,-0.16275431215763092,inf,18.093416213989258,0.0003120422479696572
46094,nan,-0.11477436870336533,inf,7.935789585113525,2.004034996032715
46162,nan,-0.16239796578884125,inf,13.3222074508667,0.01460344810038805
46168,nan,-0.14787864685058594,inf,8.973730087280273,0.46209487318992615
46209,nan,0.9578825831413269,inf,4.433753490447998,32.63636779785156
46213,nan,-0.1627599149942398,inf,22.890806198120117,4.1961669921875e-05
46254,nan,0.11623616516590118,inf,5.973964214324951,8.003968238830566
46268,nan,-0.16273044049739838,inf,16.499723434448242,0.0016119003994390368
46310,nan,-0.1372409462928772,inf,10.260215759277344,0.7148071527481079
46325,nan,-0.15845152735710144,inf,11.158110618591309,0.06840496510267258
46346,nan,-0.10022180527448654,inf,8.61205768585205,3.366922378540039
46353,nan,0.03648605942726135,inf,5.175262451171875,7.828132152557373
46362,nan,-0.16021782159805298,inf,12.800137519836426,0.128215029835701
46366,nan,-0.1627543866634369,inf,17.774282455444336,0.0004379272577352822
46417,nan,-0.11050262302160263,inf,10.637876510620117,3.601733922958374
46424,nan,-0.16163872182369232,inf,11.737768173217773,0.0933847427368164
46441,nan,-0.08707888424396515,inf,8.817628860473633,3.0106709003448486
46442,nan,-0.16270335018634796,inf,16.81635856628418,0.003950786776840687
46463,nan,-0.16180165112018585,inf,14.687273979187012,0.04881324991583824
46476,nan,-0.16276125609874725,inf,21.014875411987305,3.24249276673072e-06
46481,nan,-0.15954212844371796,inf,17.24909019470215,0.17430095374584198
46579,nan,-0.1627611517906189,inf,22.207197189331055,4.57763690064894e-06
46596,nan,-0.07441721111536026,inf,7.45778226852417,1.6443405151367188
46606,nan,-0.054004158824682236,inf,4.93052864074707,9.281355857849121
46607,nan,0.12554387748241425,inf,6.839569091796875,7.977729797363281
46612,nan,-0.16260582208633423,inf,14.713998794555664,0.007695436477661133
46624,nan,-0.15335173904895782,inf,11.747127532958984,0.12856660783290863
46756,nan,-0.15298694372177124,inf,9.853808403015137,0.41952285170555115
46798,nan,-0.15945960581302643,inf,13.086946487426758,0.03708789497613907
46803,nan,-0.13963429629802704,inf,12.784117698669434,0.626691460609436
46876,nan,-0.16136260330677032,inf,10.889021873474121,0.02247467078268528
46906,nan,-0.16091720759868622,inf,12.467026710510254,0.08427353203296661
46915,nan,-0.1627141833305359,inf,23.520475387573242,0.0037933350540697575
46916,nan,-0.16273774206638336,inf,18.60458755493164,0.000994873116724193
46940,nan,-0.15779945254325867,inf,9.444917678833008,0.15227508544921875
46977,nan,-0.16263827681541443,inf,14.198877334594727,0.00601882953196764
47028,nan,-0.16209368407726288,inf,13.18505573272705,0.019360734149813652
47039,nan,-0.16103321313858032,inf,15.419160842895508,0.008686256594955921
47079,nan,-0.15419884026050568,inf,11.979865074157715,0.5148833394050598
47081,nan,-0.16263893246650696,inf,13.805450439453125,0.0071922303177416325
47121,nan,0.19821207225322723,inf,5.470302104949951,19.810653686523438
47130,nan,-0.1611107438802719,inf,15.418082237243652,0.05198235437273979
47131,nan,-0.1627294421195984,inf,17.469585418701172,0.0017396927578374743
47158,nan,-0.1612711399793625,inf,12.887184143066406,0.05008888244628906
47178,nan,-0.16265134513378143,inf,15.191080093383789,0.0033496858086436987
47198,nan,-0.16155870258808136,inf,14.580065727233887,0.05841422080993652
47239,nan,-0.1625446230173111,inf,15.09464168548584,0.005967521574348211
47259,nan,-0.006658446975052357,inf,9.974217414855957,2.529820442199707
47262,nan,-0.16275784373283386,inf,28.638364791870117,0.0002807617129292339
47278,nan,-0.15951073169708252,inf,8.687057495117188,0.1576583832502365
47310,nan,-0.12440599501132965,inf,9.152851104736328,0.5420721173286438
47325,nan,-0.16269902884960175,inf,16.04737663269043,0.0026323795318603516
47371,nan,-0.16218869388103485,inf,14.448399543762207,0.024962425231933594
47383,nan,-0.16226187348365784,inf,13.994295120239258,0.013178062625229359
47384,nan,-0.13024383783340454,inf,9.759800910949707,1.5837799310684204
47415,nan,6.554152965545654,inf,2.0333786010742188,86.74302673339844
47419,nan,-0.16223560273647308,inf,11.563068389892578,0.013532126322388649
47498,nan,-0.1299874633550644,inf,8.320649147033691,1.5849555730819702
47499,nan,-0.158676415681839,inf,11.308772087097168,0.07274942845106125
47542,nan,-0.1609349101781845,inf,14.766199111938477,0.04811649024486542
47551,nan,-0.10678144544363022,inf,8.459895133972168,1.505513072013855
47582,nan,-0.09747613221406937,inf,7.259215831756592,1.3472870588302612
47586,nan,-0.1620779186487198,inf,13.566360473632812,0.03342190012335777
47601,nan,0.5600098967552185,inf,4.9432454109191895,16.389404296875
47610,nan,-0.16274592280387878,inf,17.108692169189453,0.0004226684686727822
47621,nan,-0.1597423255443573,inf,10.72812557220459,0.030127335339784622
47638,nan,-0.15635593235492706,inf,10.282564163208008,0.18231196701526642
47648,nan,-0.16274534165859222,inf,18.6263484954834,0.001208496163599193
47658,nan,-0.16275928914546967,inf,21.3279972076416,9.002685692394152e-05
47670,nan,-0.13462267816066742,inf,9.36279582977295,0.8737289309501648
47697,nan,-0.16276127099990845,inf,20.816116333007812,3.814697265625e-06
47711,nan,-0.1022980809211731,inf,8.138306617736816,3.354313373565674
47757,nan,-0.16276122629642487,inf,25.367612838745117,6.10351571594947e-06
47817,nan,-0.16196991503238678,inf,11.646319389343262,0.014956235885620117
47821,nan,-0.16275347769260406,inf,14.988916397094727,0.0007067680708132684
47901,nan,-0.1588420271873474,inf,14.118739128112793,0.06647486984729767
47938,nan,0.2598656713962555,inf,5.4174604415893555,10.325849533081055
47941,nan,-0.16306084394454956,inf,9.87136173248291,0.02413163147866726
47976,nan,-0.16275902092456818,inf,17.562780380249023,6.0653688706224784e-05
47979,nan,-0.16276130080223083,inf,26.011066436767578,7.629394644936838e-07
48043,nan,-0.1627444475889206,inf,19.888507843017578,0.0011375427711755037
48055,nan,-0.16234539449214935,inf,11.409411430358887,0.01302108820527792
48057,nan,-0.16121618449687958,inf,13.320767402648926,0.06758937984704971
48105,nan,-0.16261817514896393,inf,13.897480964660645,0.01051268633455038
48171,nan,-0.15391525626182556,inf,11.888137817382812,0.2704656720161438
48206,nan,-0.15298017859458923,inf,10.80371379852295,0.5592359304428101
48220,nan,-0.1591043621301651,inf,12.91491413116455,0.09994783252477646
48264,nan,0.212996706366539,inf,4.058678150177002,20.110380172729492
48265,nan,-0.16256259381771088,inf,13.987329483032227,0.008402371779084206
48286,nan,-0.1627567559480667,inf,17.772018432617188,0.0002102136641042307
48324,nan,-0.1625959575176239,inf,22.372291564941406,0.013374519534409046
48416,nan,-0.08082789927721024,inf,10.01273250579834,1.3475912809371948
48466,nan,-0.1507813185453415,inf,11.221991539001465,0.43660813570022583
48535,nan,0.4816713333129883,inf,4.17173433303833,11.378947257995605
48552,nan,-0.16214558482170105,inf,14.992812156677246,0.03161773830652237
48568,nan,1.355910301208496,inf,3.127789258956909,35.574989318847656
48595,nan,-0.16108684241771698,inf,15.529878616333008,0.08375854790210724
48608,nan,0.1572229415178299,inf,6.103573322296143,13.489497184753418
48643,nan,-0.16268417239189148,inf,22.538068771362305,0.002512359758839011
48650,nan,-0.16078969836235046,inf,11.441438674926758,0.10547991096973419
48684,nan,-0.16023266315460205,inf,12.564911842346191,0.09467239677906036
48694,nan,-0.15398918092250824,inf,14.999162673950195,0.4906776547431946
48746,nan,-0.15978172421455383,inf,11.385514259338379,0.04451141506433487
48769,nan,-0.15555328130722046,inf,11.58188533782959,0.13853684067726135
48778,nan,-0.08182253688573837,inf,8.478178024291992,3.430086851119995
48837,nan,-0.15097153186798096,inf,9.458134651184082,0.11249113082885742
48893,nan,-0.15922728180885315,inf,13.08117389678955,0.05682239681482315
48900,nan,-0.16270941495895386,inf,17.30829429626465,0.0032653927337378263
48953,nan,0.33598920702934265,inf,5.3323140144348145,16.160194396972656
48957,nan,-0.16064335405826569,inf,10.90674877166748,0.05468158796429634
48979,nan,-0.059691306203603745,inf,4.9359130859375,2.6319634914398193
49031,nan,-0.1620199829339981,inf,11.70337963104248,0.03291025385260582
49088,nan,-0.16025787591934204,inf,19.824386596679688,0.10677490383386612
49134,nan,-0.16219916939735413,inf,14.228218078613281,0.03124856948852539
49154,nan,-0.06059383228421211,inf,7.20828104019165,3.302525281906128
49190,nan,-0.1621273308992386,inf,15.668184280395508,0.050219178199768066
49194,nan,-0.15811307728290558,inf,11.176733016967773,0.29822832345962524
49213,nan,-0.07878474146127701,inf,7.0116286277771,1.571604609489441
49230,nan,0.03619128093123436,inf,8.202311515808105,3.635105848312378
49308,nan,-0.16276094317436218,inf,23.98286247253418,2.043247332039755e-05
49320,nan,-0.16271041333675385,inf,16.66107749938965,0.002718353411182761
49357,nan,-0.08670246601104736,inf,11.967485427856445,3.0301880836486816
49364,nan,-0.16269654035568237,inf,17.071714401245117,0.003223896026611328
49376,nan,-0.1580771952867508,inf,10.96319580078125,0.17041702568531036
49378,nan,-0.16246700286865234,inf,16.501689910888672,0.015258836559951305
49427,nan,-0.16275379061698914,inf,17.529340744018555,0.0003532409609761089
49443,nan,-0.1277492791414261,inf,10.693464279174805,0.9325780272483826
49455,nan,0.7532309889793396,inf,2.105787754058838,34.79194259643555
49469,nan,-0.1322355568408966,inf,8.38178539276123,0.7633275985717773
49513,nan,-0.12604966759681702,inf,13.473902702331543,1.8654648065567017
49519,nan,0.004345563240349293,inf,8.375879287719727,8.816093444824219
49539,nan,-0.15792259573936462,inf,11.10342025756836,0.11982651054859161
49547,nan,-0.16276055574417114,inf,27.53885841369629,2.822876012942288e-05
49649,nan,-0.16272754967212677,inf,18.04615592956543,0.0017707825172692537
49694,nan,-0.15290696918964386,inf,12.029762268066406,0.11129456013441086
49696,nan,-0.16276083886623383,inf,20.7015323638916,3.337860107421875e-05
49699,nan,-0.16271847486495972,inf,17.883005142211914,0.002835941268131137
49726,nan,-0.1627027690410614,inf,17.43084144592285,0.0016751289367675781
49735,nan,-0.1365807205438614,inf,9.1279878616333,0.9901441931724548
49747,nan,-0.16258685290813446,inf,16.570371627807617,0.007872486487030983
49751,nan,-0.15665139257907867,inf,10.443804740905762,0.2760147154331207
49768,nan,-0.15810362994670868,inf,11.722966194152832,0.20441007614135742
49801,nan,-0.15621979534626007,inf,8.547093391418457,0.1774158477783203
49825,nan,-0.16272184252738953,inf,14.31395149230957,-0.0006313323974609375
49839,nan,-0.16226443648338318,inf,15.054430961608887,0.013135052286088467
49851,nan,-0.08768641948699951,inf,8.997244834899902,2.599759817123413
49870,nan,-0.15738295018672943,inf,5.866427898406982,1.1924318075180054
50019,nan,-0.15844057500362396,inf,14.40563678741455,0.14086151123046875
50033,nan,-0.15522798895835876,inf,10.47432804107666,0.3334823548793793
50034,nan,0.033725984394550323,inf,4.910762786865234,2.112338066101074
50090,nan,-0.15996615588665009,inf,13.874037742614746,0.07664356380701065
50121,nan,-0.1447070688009262,inf,8.61115550994873,0.17803768813610077
50162,nan,0.6752244830131531,inf,5.716039180755615,18.882816314697266
50183,nan,-0.1627347469329834,inf,18.737424850463867,0.0003803253348451108
50190,nan,-0.1603199690580368,inf,12.409489631652832,0.14493484795093536
50258,nan,-0.16076304018497467,inf,15.436836242675781,0.038530539721250534
50283,nan,-0.16083334386348724,inf,17.04481315612793,0.07390441745519638
50290,nan,-0.16032914817333221,inf,11.408623695373535,0.08556371927261353
50304,nan,0.057092733681201935,inf,6.34641170501709,10.963926315307617
50311,nan,-0.1627156138420105,inf,15.695467948913574,0.0019355773692950606
50331,nan,0.43158507347106934,inf,4.973409175872803,23.93269920349121
50428,nan,-0.1626904159784317,inf,28.604459762573242,0.0019287109607830644
50510,nan,-0.14756660163402557,inf,10.800958633422852,0.4062051773071289
50515,nan,0.27226969599723816,inf,6.8652801513671875,8.778857231140137
50521,nan,-0.16271644830703735,inf,17.52058982849121,0.003343963762745261
50523,nan,-0.15768881142139435,inf,13.30945110321045,0.2688705623149872
50527,nan,0.8395867347717285,inf,3.7915875911712646,13.101202964782715
50541,nan,0.320752888917923,inf,5.473429203033447,9.17191219329834
50554,nan,-0.1626957356929779,inf,23.517587661743164,0.001789093017578125
50570,nan,-0.16143512725830078,inf,10.765875816345215,0.07085461914539337
50607,nan,0.06632528454065323,inf,5.449552059173584,7.109803676605225
50614,nan,-0.16270758211612701,inf,18.903167724609375,0.0028733492363244295
50645,nan,-0.16276082396507263,inf,23.33930206298828,4.043579247081652e-05
50665,nan,-0.16261883080005646,inf,13.327717781066895,0.008073282428085804
50749,nan,-0.11572334915399551,inf,9.626151084899902,2.3711578845977783
50816,nan,-0.10529360920190811,inf,7.764842510223389,2.6571693420410156
50829,nan,-0.1627299040555954,inf,14.032197952270508,0.0006350994226522744
50842,nan,-0.16273647546768188,inf,20.144704818725586,0.0020106614101678133
50852,nan,-0.1504334807395935,inf,10.455109596252441,0.5035133361816406
50859,nan,-0.16214852035045624,inf,13.551426887512207,0.030950356274843216
50888,nan,-0.1613418012857437,inf,11.4179105758667,0.08167381584644318
50897,nan,-0.12502679228782654,inf,11.28072452545166,0.5772773623466492
50952,nan,-0.1622694879770279,inf,13.024626731872559,0.03135080263018608
50959,nan,-0.12388084083795547,inf,8.973190307617188,1.3830727338790894
50962,nan,0.6055046916007996,inf,5.452280521392822,14.831007957458496
51000,nan,-0.16275236010551453,inf,19.000028610229492,0.0002876281796488911
51048,nan,-0.16273294389247894,inf,20.471078872680664,0.00226173410192132
51083,nan,-0.11672820150852203,inf,7.4523234367370605,0.9774886965751648
51146,nan,-0.15589271485805511,inf,10.026236534118652,0.24133801460266113
51152,nan,0.8835371136665344,inf,3.8963112831115723,33.27826690673828
51161,nan,-0.1582387536764145,inf,16.68410873413086,0.24322910606861115
51199,nan,-0.16158698499202728,inf,14.460342407226562,0.04592743143439293
51209,nan,-0.16252189874649048,inf,17.600969314575195,0.009174346923828125
51245,nan,-0.15579812228679657,inf,9.378564834594727,0.45270949602127075
51250,nan,-0.14958004653453827,inf,9.920980453491211,0.218220517039299
51296,nan,0.04068151116371155,inf,8.520801544189453,5.1109137535095215
51345,nan,-0.16238050162792206,inf,17.75271987915039,0.013261414133012295
51363,nan,-0.16275183856487274,inf,17.85186767578125,0.0004382848856039345
51372,nan,-0.16198748350143433,inf,14.853944778442383,0.03256797790527344
51377,nan,-0.16224931180477142,inf,12.123286247253418,0.014194250106811523
51457,nan,-0.16269364953041077,inf,18.157333374023438,0.00032973289489746094
51480,nan,0.08731349557638168,inf,6.7765936851501465,9.1204195022583
51481,nan,2.1601929664611816,inf,3.2306594848632812,72.97073364257812
51486,nan,-0.16275154054164886,inf,19.47815704345703,0.00033860208350233734
51512,nan,-0.08017240464687347,inf,7.409363746643066,1.2888201475143433
51568,nan,0.05533713102340698,inf,5.856200218200684,11.609766006469727
51631,nan,-0.12100958079099655,inf,13.949427604675293,1.2685774564743042
51668,nan,-0.07704417407512665,inf,7.386599063873291,1.4692810773849487
51686,nan,-0.1627524048089981,inf,18.778581619262695,0.00022811889357399195
51688,nan,-0.010277371853590012,inf,5.537226676940918,7.415614604949951
51704,nan,-0.16177918016910553,inf,17.03137969970703,0.07545395195484161
51705,nan,-0.1509246826171875,inf,8.406569480895996,0.16731110215187073
51734,nan,-0.16136778891086578,inf,16.22818374633789,0.07636966556310654
51741,nan,-0.16252349317073822,inf,15.630739212036133,0.010800028219819069
51763,nan,-0.16171887516975403,inf,13.042279243469238,0.04114570841193199
51786,nan,-0.16275222599506378,inf,20.48689079284668,0.0007360339513979852
51795,nan,-0.025256801396608353,inf,8.749075889587402,3.1817703247070312
51838,nan,-0.07800666987895966,inf,9.783865928649902,3.5817649364471436
51888,nan,-0.1625671237707138,inf,15.171711921691895,0.0046096802689135075
51935,nan,-0.09916110336780548,inf,8.149229049682617,2.494962215423584
51952,nan,-0.07323358952999115,inf,6.596751689910889,1.7832679748535156
51965,nan,-0.1613282412290573,inf,17.54977798461914,0.07677002251148224
52003,nan,0.04559322074055672,inf,6.684890270233154,9.295076370239258
52018,nan,-0.16273880004882812,inf,16.141977310180664,0.000558791623916477
52049,nan,-0.13813632726669312,inf,9.095861434936523,1.6963930130004883
52129,nan,-0.15504509210586548,inf,8.332963943481445,0.775260865688324
52173,nan,0.8228395581245422,inf,6.530096530914307,30.21259880065918
52179,nan,-0.16145513951778412,inf,13.998465538024902,0.07374625653028488
52196,nan,-0.08740296214818954,inf,8.962729454040527,4.599040508270264
52249,nan,-0.12707452476024628,inf,8.00710391998291,0.7288943529129028
52315,nan,-0.08095308393239975,inf,9.320903778076172,4.374590873718262
52356,nan,-0.1627359837293625,inf,19.511804580688477,0.0013525009853765368
52396,nan,-0.14988021552562714,inf,9.661555290222168,0.568223774433136
52400,nan,-0.16115429997444153,inf,10.54277229309082,0.12476873397827148
52455,nan,-0.16257904469966888,inf,21.57350730895996,0.014522552490234375
52459,nan,-0.16304072737693787,inf,16.0233097076416,-0.008198547177016735
52496,nan,0.8238987326622009,inf,4.037745952606201,38.2009391784668
52499,nan,-0.16269277036190033,inf,16.284000396728516,0.0036270141135901213
52532,nan,-0.16130129992961884,inf,11.638936996459961,0.06014531850814819
52589,nan,-0.16275936365127563,inf,24.842941284179688,0.0001068115234375
52631,nan,1.5105037689208984,inf,3.0025079250335693,92.12242889404297
52641,nan,-0.14436157047748566,inf,10.124104499816895,0.12134408950805664
52650,nan,-0.1627390831708908,inf,16.64408302307129,0.0013784408802166581
52668,nan,0.6070513129234314,inf,5.089896202087402,16.418575286865234
52708,nan,-0.16274501383304596,inf,31.50974464416504,0.0007369995000772178
52748,nan,-0.16270925104618073,inf,16.12327766418457,0.003553760005161166
52791,nan,-0.16264234483242035,inf,21.282453536987305,0.009458541870117188
52792,nan,-0.1627608984708786,inf,25.691730499267578,1.52587890625e-05
52809,nan,-0.15477727353572845,inf,12.650031089782715,0.49791112542152405
52833,nan,-0.09929534047842026,inf,7.650887966156006,2.3597755432128906
52871,nan,-0.16145458817481995,inf,9.111146926879883,0.05117061361670494
52881,nan,-0.16276037693023682,inf,20.191482543945312,1.1444091796875e-05
52894,nan,-0.06639547646045685,inf,11.210089683532715,7.473042964935303
52897,nan,-0.11701992899179459,inf,9.827420234680176,3.2868058681488037
52913,nan,-0.16112017631530762,inf,12.786776542663574,0.08268900215625763
52926,nan,0.07681500911712646,inf,7.5548624992370605,3.511432647705078
52955,nan,-0.1300821751356125,inf,9.362675666809082,0.8332880139350891
52957,nan,-0.16212615370750427,inf,16.031991958618164,0.04862910136580467
52971,nan,-0.15394267439842224,inf,8.717734336853027,0.27726903557777405
52981,nan,-0.1516163945198059,inf,8.995170593261719,0.3739197254180908
52990,nan,-0.16169412434101105,inf,11.719531059265137,0.018033552914857864
52993,nan,0.49436575174331665,inf,4.8817901611328125,22.916669845581055
53038,nan,-0.13892744481563568,inf,9.341007232666016,0.7210538983345032
53042,nan,-0.16186560690402985,inf,14.691263198852539,0.014247131533920765
53099,nan,0.889991283416748,inf,3.6442253589630127,25.40279197692871
53114,nan,-0.14645534753799438,inf,14.561182975769043,0.4629882872104645
53143,nan,-0.14626188576221466,inf,11.503568649291992,0.22173257172107697
53151,nan,-0.09835443645715714,inf,9.750965118408203,0.4929865002632141
53198,nan,-0.11670561134815216,inf,8.127135276794434,2.0304388999938965
53209,nan,-0.15981920063495636,inf,14.33183765411377,0.19874171912670135
53231,nan,-0.16262266039848328,inf,18.21767807006836,0.007441711612045765
53248,nan,-0.01652841828763485,inf,5.50595235824585,5.7371416091918945
53270,nan,0.2545928359031677,inf,4.820924282073975,17.644847869873047
53272,nan,-0.16162167489528656,inf,11.128730773925781,0.05565834045410156
53347,nan,-0.0016366206109523773,inf,9.241990089416504,7.980125427246094
53393,nan,-0.12186926603317261,inf,8.268858909606934,2.6824417114257812
53420,nan,0.7304912209510803,inf,4.044360160827637,20.81218147277832
53425,nan,-0.16276054084300995,inf,23.82387924194336,5.340576171875e-05
53432,nan,-0.16273753345012665,inf,17.722789764404297,0.0016497850883752108
53486,nan,-0.16268174350261688,inf,17.61552619934082,0.0057038189843297005
53529,nan,-0.16275788843631744,inf,17.785646438598633,0.0001634597865631804
53588,nan,-0.16274861991405487,inf,18.70675277709961,0.00016250611224677414
53625,nan,-0.1597413569688797,inf,13.55783748626709,0.16654358804225922
53639,nan,0.08001665771007538,inf,7.330090522766113,7.604800701141357
53656,nan,-0.09401907026767731,inf,8.345796585083008,1.9005259275436401
53776,nan,-0.16270007193088531,inf,17.736692428588867,0.0036045671440660954
53785,nan,1.34342622756958,inf,1.1691114902496338,70.53730773925781
53869,nan,-0.1565752625465393,inf,10.761531829833984,0.18539729714393616
53917,nan,-0.16270765662193298,inf,19.311704635620117,0.0031585693359375
53919,nan,-0.16276101768016815,inf,22.09315299987793,1.3732910701946821e-05
53923,nan,-0.16275344789028168,inf,36.815284729003906,0.0006362915155477822
53930,nan,-0.16271184384822845,inf,18.31281280517578,0.002335023833438754
53943,nan,-0.1627471148967743,inf,15.120699882507324,0.0007518291822634637
53975,nan,-0.16271184384822845,inf,17.501977920532227,0.0024482726585119963
53987,nan,-0.12667839229106903,inf,6.897120952606201,1.277625322341919
54008,nan,-0.09979593008756638,inf,7.396241664886475,1.6124012470245361
54056,nan,-0.16272248327732086,inf,20.68505096435547,0.0031555176246911287
54135,nan,-0.16166365146636963,inf,12.917322158813477,0.038857270032167435
54161,nan,1.299271821975708,inf,4.487311363220215,22.112218856811523
54255,nan,1.018505334854126,inf,5.455637454986572,33.8790397644043
54268,nan,0.048826344311237335,inf,8.141556739807129,4.187486171722412
54273,nan,-0.161613330245018,inf,12.280736923217773,0.0678032860159874
54279,nan,-0.032368358224630356,inf,5.517504692077637,6.333625793457031
54310,nan,-0.15728172659873962,inf,11.878989219665527,0.2737579345703125
54343,nan,-0.15903161466121674,inf,14.320151329040527,0.05686340481042862
54363,nan,-0.1627601832151413,inf,21.93324851989746,6.208419654285535e-05
54376,nan,0.18187358975410461,inf,5.570830821990967,8.229300498962402
54436,nan,0.043190035969018936,inf,3.9966094493865967,12.776193618774414
54487,nan,0.3248470723628998,inf,6.821042537689209,16.422765731811523
54490,nan,-0.10588572174310684,inf,8.273357391357422,2.791269540786743
54556,nan,-0.16086962819099426,inf,12.010000228881836,0.06302356719970703
54598,nan,0.2928297817707062,inf,3.5059852600097656,23.509794235229492
54634,nan,-0.16275939345359802,inf,24.074491500854492,0.0001541137753520161
54789,nan,-0.16274593770503998,inf,18.902320861816406,0.0005496978992596269
54844,nan,-0.16267414391040802,inf,15.496490478515625,0.006683730985969305
54862,nan,-0.16265913844108582,inf,14.256224632263184,0.0044294120743870735
54878,nan,-0.16207937896251678,inf,14.162257194519043,0.0278778076171875
54913,nan,-0.15373468399047852,inf,11.717391014099121,0.11908053606748581
54919,nan,-0.15530292689800262,inf,10.376509666442871,0.3309469223022461
54959,nan,-0.1623367965221405,inf,12.59682559967041,0.01271963119506836
55013,nan,-0.16249001026153564,inf,19.684682846069336,0.01759357564151287
55016,nan,-0.1567227691411972,inf,14.021693229675293,0.1820535659790039
55026,nan,-0.11500010639429092,inf,10.130701065063477,1.683950424194336
55056,nan,-0.14066138863563538,inf,10.274471282958984,0.6611358523368835
55119,nan,-0.13744911551475525,inf,9.97067928314209,0.268019437789917
55166,nan,0.07655294239521027,inf,5.936753273010254,7.143959999084473
55177,nan,-0.16263769567012787,inf,12.60368537902832,0.006031726486980915
55197,nan,-0.16033607721328735,inf,12.453277587890625,0.14740143716335297
55224,nan,0.04029753431677818,inf,5.378247261047363,7.043776988983154
55237,nan,0.591181218624115,inf,4.903310298919678,11.88845443725586
55258,nan,-0.16380096971988678,inf,14.33855152130127,-0.05953197553753853
55290,nan,-0.16266535222530365,inf,18.77882194519043,0.0027973174583166838
55337,nan,-0.16373614966869354,inf,11.606585502624512,0.16455765068531036
55357,nan,0.08991827815771103,inf,4.67419958114624,7.166385650634766
55406,nan,-0.16265466809272766,inf,13.57487678527832,0.006912183947861195
55413,nan,0.8735823631286621,inf,4.426238059997559,38.30447769165039
55444,nan,0.7481601238250732,inf,4.087254047393799,24.20260238647461
55504,nan,-0.16170041263103485,inf,10.977317810058594,0.02672581747174263
55526,nan,-0.16203270852565765,inf,17.286823272705078,0.038584139198064804
55584,nan,-0.08974200487136841,inf,7.563088893890381,3.184734344482422
55644,nan,-0.044156335294246674,inf,7.991328716278076,8.36424732208252
55671,nan,-0.16266153752803802,inf,13.688719749450684,0.0036340714432299137
55764,nan,-0.15234892070293427,inf,12.8289155960083,0.12794342637062073
55773,nan,-0.16276142001152039,inf,21.541975021362305,7.62939453125e-06
55828,nan,-0.16276131570339203,inf,26.899274826049805,0.0
55830,nan,-0.1627608984708786,inf,25.121524810791016,2.441406286379788e-05
55894,nan,-0.16028137505054474,inf,12.824991226196289,0.1458534300327301
55948,nan,-0.16265226900577545,inf,16.96991539001465,0.008443260565400124
55989,nan,-0.16275900602340698,inf,21.773069381713867,0.000152587890625
56049,nan,-0.11923199892044067,inf,8.918961524963379,1.1562309265136719
56059,nan,-0.16273407638072968,inf,16.701135635375977,0.0011017322540283203
56072,nan,-0.16273918747901917,inf,18.75704574584961,0.001247406005859375
56077,nan,-0.15806089341640472,inf,8.700152397155762,0.2473248541355133
56088,nan,0.46992483735084534,inf,8.02506160736084,9.739008903503418
56171,nan,-0.16275320947170258,inf,21.06230926513672,0.0006111144903115928
56174,nan,-0.16220508515834808,inf,12.684321403503418,0.01626908779144287
56175,nan,-0.15148700773715973,inf,12.318986892700195,0.41165563464164734
56208,nan,0.3923099935054779,inf,4.777595043182373,15.317160606384277
56224,nan,-0.15003176033496857,inf,9.682753562927246,0.4627094268798828
56313,nan,-0.162326842546463,inf,14.257028579711914,0.01830892637372017
56337,nan,-0.1620122790336609,inf,13.330855369567871,0.01093160267919302
56348,nan,-0.13707681000232697,inf,8.836954116821289,1.0542248487472534
56349,nan,-0.08773696422576904,inf,8.690156936645508,0.49499818682670593
56357,nan,-0.16272279620170593,inf,17.104543685913086,0.0020952464547008276
56361,nan,-0.14017628133296967,inf,10.009088516235352,0.9148223996162415
56381,nan,-0.006425877567380667,inf,8.065195083618164,1.884741187095642
56385,nan,-0.16255049407482147,inf,14.003039360046387,0.011966133490204811
56413,nan,-0.04145171120762825,inf,5.196028232574463,6.228407382965088
56446,nan,0.4068431854248047,inf,4.229415416717529,15.909402847290039
56526,nan,-0.1591041535139084,inf,12.718206405639648,0.19649572670459747
56544,nan,-0.0686333030462265,inf,7.1508941650390625,4.916301727294922
56550,nan,-0.16024602949619293,inf,13.419448852539062,0.05013742670416832
56634,nan,-0.16271987557411194,inf,15.279135704040527,0.0019277572864666581
56653,nan,0.0408034473657608,inf,7.020555019378662,6.718139171600342
56718,nan,-0.1524166613817215,inf,12.422527313232422,0.08013343811035156
56731,nan,-0.03807605430483818,inf,5.86381721496582,6.955249309539795
56751,nan,-0.024058673530817032,inf,6.944545745849609,3.2073521614074707
56765,nan,-0.14784784615039825,inf,10.355731964111328,0.48517724871635437
56815,nan,-0.08660584688186646,inf,12.129659652709961,2.4479243755340576
56816,nan,-0.1627611517906189,inf,28.025510787963867,1.220703143189894e-05
56883,nan,0.7880899310112,inf,4.187267303466797,24.007787704467773
56911,nan,-0.05873210355639458,inf,6.629505157470703,5.489535808563232
56912,nan,-0.15835829079151154,inf,10.628897666931152,0.14648209512233734
56941,nan,-0.1627226620912552,inf,16.5230655670166,0.002288818359375
56978,nan,-0.12422867119312286,inf,8.611844062805176,0.18473918735980988
56981,nan,-0.13414613902568817,inf,8.254922866821289,0.7035547494888306
57004,nan,-0.15616726875305176,inf,13.951083183288574,0.28192177414894104
57027,nan,-0.15864692628383636,inf,13.5365629196167,0.22286923229694366
57030,nan,0.824944794178009,inf,3.9204063415527344,41.414947509765625
57031,nan,-0.11777972429990768,inf,11.546379089355469,1.3111045360565186
57070,nan,0.094305120408535,inf,4.957443714141846,4.927707195281982
57179,nan,-0.16159428656101227,inf,9.558881759643555,0.0453244224190712
57216,nan,-0.16276027262210846,inf,20.90957260131836,4.653930591302924e-05
57252,nan,-0.16276131570339203,inf,35.32045364379883,0.0
57284,nan,-0.1414349377155304,inf,11.091079711914062,1.1898878812789917
57294,nan,-0.16062922775745392,inf,12.378928184509277,0.1550396978855133
57303,nan,-0.13314205408096313,inf,8.710136413574219,0.7616683840751648
57320,nan,-0.1626233607530594,inf,16.933401107788086,0.006610870361328125
57323,nan,-0.16199509799480438,inf,13.071232795715332,0.02042975462973118
57374,nan,-0.14959017932415009,inf,16.076181411743164,0.5929824709892273
57393,nan,-0.16275857388973236,inf,19.341970443725586,0.0001348495570709929
57415,nan,0.0005786687252111733,inf,8.02707290649414,4.680165767669678
57456,nan,-0.16270612180233002,inf,19.947437286376953,0.0005281448247842491
57465,nan,-0.16274844110012054,inf,20.4257869720459,0.0009712219471111894
57492,nan,0.48552390933036804,inf,4.347456455230713,19.988195419311523
57499,nan,0.19813720881938934,inf,4.269922733306885,12.915216445922852
57530,nan,-0.16226689517498016,inf,14.299616813659668,0.029211807996034622
57568,nan,-0.1505298614501953,inf,9.751360893249512,0.6368331909179688
57630,nan,-0.1567782312631607,inf,7.346713542938232,2.8859188556671143
57646,nan,-0.09335891902446747,inf,10.308248519897461,4.4278388023376465
57666,nan,-0.10650662332773209,inf,8.411664009094238,2.4865407943725586
57670,nan,-0.023972874507308006,inf,7.646188259124756,6.492663860321045
57771,nan,-0.1368795782327652,inf,8.813163757324219,0.5267773866653442
57788,nan,-0.16173146665096283,inf,11.549273490905762,0.0689031258225441
57844,nan,-0.12253601849079132,inf,12.953442573547363,1.0858222246170044
57882,nan,-0.16210058331489563,inf,13.461580276489258,0.03719654306769371
57885,nan,-0.16263918578624725,inf,16.348834991455078,0.0039608958177268505
57914,nan,-0.15828357636928558,inf,11.712546348571777,0.29189229011535645
58013,nan,-0.16275319457054138,inf,20.87589454650879,0.0006565094226971269
58061,nan,-0.16275112330913544,inf,18.56829261779785,0.0004691123904194683
58091,nan,0.15793271362781525,inf,3.1423072814941406,9.409797668457031
58176,nan,-0.15766258537769318,inf,13.362586975097656,0.16105709969997406
58191,nan,0.08826778829097748,inf,6.690270900726318,5.894815921783447
58216,nan,0.18275533616542816,inf,4.877804279327393,8.355123519897461
58228,nan,0.04964020475745201,inf,5.949514389038086,6.8465495109558105
58313,nan,-0.16226907074451447,inf,11.633893013000488,0.025071144104003906
58336,nan,-0.12894271314144135,inf,8.521469116210938,1.254785180091858
58375,nan,-0.1626756638288498,inf,15.724505424499512,0.005151939578354359
58405,nan,-0.16242636740207672,inf,13.13162899017334,0.009212655015289783
58420,nan,-0.16276027262210846,inf,22.786136627197266,7.23838820704259e-05
58446,nan,-0.13293015956878662,inf,8.061209678649902,1.9746631383895874
58453,nan,0.5057516694068909,inf,4.6612396240234375,22.12044334411621
58458,nan,-0.1612313985824585,inf,11.959961891174316,0.10242593288421631
58481,nan,-0.16241134703159332,inf,13.192944526672363,0.008976745419204235
58506,nan,-0.16276131570339203,inf,27.738554000854492,0.0
58519,nan,-0.15441642701625824,inf,11.09553337097168,0.23714275658130646
58593,nan,-0.16275855898857117,inf,22.279388427734375,0.00012664795212913305
58630,nan,0.35310086607933044,inf,3.633819580078125,13.103816032409668
58656,nan,0.14730893075466156,inf,5.491782188415527,11.708243370056152
58666,nan,-0.12232132256031036,inf,7.961248874664307,1.3067439794540405
58679,nan,-0.1659446805715561,inf,15.721092224121094,0.007962226867675781
58711,nan,-0.1465856283903122,inf,8.042664527893066,0.35668379068374634
58747,nan,0.21553896367549896,inf,9.31734848022461,29.00164794921875
58775,nan,-0.04801393672823906,inf,7.705239295959473,6.152624130249023
58777,nan,-0.15958662331104279,inf,11.482098579406738,0.12828922271728516
58811,nan,-0.16275958716869354,inf,20.753652572631836,5.760193016612902e-05
58852,nan,0.27613264322280884,inf,6.5081095695495605,7.691143989562988
58859,nan,-0.15659284591674805,inf,12.844993591308594,0.5182657241821289
58870,nan,-0.16230373084545135,inf,18.120031356811523,0.012178230099380016
58876,nan,-0.1545805186033249,inf,10.86085033416748,0.2885970175266266
58883,nan,-0.1591864824295044,inf,9.231184959411621,0.07180240005254745
58908,nan,-0.1626477688550949,inf,17.828092575073242,0.008648681454360485
58952,nan,0.3266621530056,inf,6.226365089416504,12.888755798339844
59150,nan,-0.15596814453601837,inf,9.569579124450684,0.14501838386058807
59153,nan,-0.16273365914821625,inf,19.13611602783203,0.0020143508445471525
59175,nan,-0.15458552539348602,inf,10.07800006866455,0.5437940955162048
59182,nan,-0.10280042141675949,inf,7.28462553024292,1.3521274328231812
59217,nan,-0.1626398265361786,inf,13.263407707214355,0.0038120269309729338
59283,nan,-0.15896596014499664,inf,18.08859634399414,0.2104698270559311
59332,nan,0.03192366287112236,inf,5.372520923614502,5.42297887802124
59342,nan,-0.10443174093961716,inf,6.651715278625488,1.0734730958938599
59393,nan,-0.1627531200647354,inf,21.900022506713867,0.00061798095703125
59411,nan,-0.12552055716514587,inf,8.469090461730957,1.0686683654785156
59449,nan,-0.18342649936676025,inf,10.988534927368164,-0.605883777141571
59459,nan,0.07309048622846603,inf,7.5708770751953125,8.874536514282227
59463,nan,-0.16233007609844208,inf,15.050129890441895,0.014120864681899548
59482,nan,-0.12140250205993652,inf,9.81587028503418,1.6714175939559937
59524,nan,-0.16262267529964447,inf,16.924318313598633,0.0008085250738076866
59557,nan,-0.16139309108257294,inf,10.30169677734375,0.06682701408863068
59560,nan,-0.13878875970840454,inf,13.48900318145752,0.8505451083183289
59604,nan,-0.03334299474954605,inf,5.284373760223389,7.320345401763916
59632,nan,-0.16213487088680267,inf,20.194944381713867,0.0506649985909462
59644,nan,-0.12558092176914215,inf,12.518558502197266,1.0398142337799072
59691,nan,-0.16272610425949097,inf,17.775304794311523,0.0028459548484534025
59693,nan,-0.16241739690303802,inf,14.32432746887207,0.017098236829042435
59695,nan,-0.15144366025924683,inf,14.892196655273438,0.9002166986465454
59748,nan,-0.16275554895401,inf,21.798559188842773,0.0003993988211732358
59775,nan,-0.12313451617956161,inf,4.834718704223633,4.415886878967285
59784,nan,-0.15833665430545807,inf,12.14368724822998,0.2654235363006592
59789,nan,-0.1514119952917099,inf,11.094743728637695,0.579035222530365
59803,nan,-0.16272328794002533,inf,17.51366424560547,0.00196075439453125
59818,nan,0.4817720353603363,inf,6.194675445556641,7.50966215133667
59825,nan,-0.16275502741336823,inf,19.30818748474121,0.0001922607480082661
59852,nan,-0.04247012734413147,inf,6.695979595184326,2.3109841346740723
59862,nan,-0.16276125609874725,inf,21.60724639892578,1.5258789289873675e-06
59912,nan,-0.16277335584163666,inf,16.9857120513916,-5.722046125811175e-07
59971,nan,-0.12294234335422516,inf,8.177057266235352,0.8705543875694275
60023,nan,0.32651442289352417,inf,4.969598293304443,11.168288230895996
60047,nan,-0.15906395018100739,inf,11.837496757507324,0.20728926360607147
60070,nan,-0.16274850070476532,inf,21.929914474487305,0.0003509521484375
60094,nan,-0.16263020038604736,inf,15.755789756774902,0.009998798370361328
60110,nan,-0.15914694964885712,inf,10.719698905944824,0.21722856163978577
60113,nan,-0.16276046633720398,inf,22.486312866210938,3.9672853745287284e-05
60149,nan,-0.16267932951450348,inf,13.709004402160645,0.0037218572106212378
60153,nan,-0.16275641322135925,inf,17.480348587036133,0.00022583008103538305
60202,nan,-0.1440526694059372,inf,11.92308521270752,0.9544291496276855
60250,nan,0.314081072807312,inf,6.214299201965332,19.23124885559082
60333,nan,0.028885019943118095,inf,7.175853252410889,6.0796356201171875
60347,nan,-0.05114072561264038,inf,5.946051597595215,3.495187520980835
60395,nan,-0.1625395268201828,inf,15.142155647277832,0.00840835552662611
60401,nan,-0.15234750509262085,inf,10.144567489624023,0.322104275226593
60473,nan,-0.16275855898857117,inf,20.619504928588867,0.00020141601271461695
60485,nan,0.0868106260895729,inf,7.709084510803223,2.719280242919922
60528,nan,-0.16275927424430847,inf,19.454227447509766,0.00010790825035655871
60547,nan,-0.007869980297982693,inf,5.434667110443115,3.241783857345581
60568,nan,0.0009064608602784574,inf,5.4408369064331055,2.9829888343811035
60569,nan,1.1381186246871948,inf,3.113370656967163,51.99732208251953
60597,nan,-0.14510488510131836,inf,11.132105827331543,0.4089663624763489
60620,nan,-0.16260604560375214,inf,13.731953620910645,0.007794463541358709
60624,nan,-0.162531316280365,inf,14.382990837097168,0.011031532660126686
60635,nan,-0.11036241054534912,inf,7.860179901123047,1.9960386753082275
60670,nan,-0.16036133468151093,inf,13.835738182067871,0.19078421592712402
60747,nan,-0.125523641705513,inf,11.184579849243164,0.6465606689453125
60874,nan,-0.1609048843383789,inf,14.45875072479248,0.05130520090460777
60912,nan,-0.14946453273296356,inf,9.90073299407959,0.6009675860404968
60923,nan,-0.161696657538414,inf,14.837890625,0.02918548695743084
60928,nan,-0.15160886943340302,inf,10.371886253356934,0.4376815855503082
60944,nan,-0.12882904708385468,inf,8.386690139770508,0.6699490547180176
60960,nan,-0.1612820029258728,inf,13.56449031829834,0.06597905606031418
60977,nan,-0.09037367254495621,inf,8.48204231262207,4.950723171234131
60978,nan,-0.1627364158630371,inf,17.76482582092285,0.0015399217372760177
61119,nan,-0.16259846091270447,inf,16.835573196411133,0.00888671912252903
61143,nan,0.07565144449472427,inf,8.660128593444824,3.4455902576446533
61289,nan,-0.16276130080223083,inf,25.986425399780273,1.5258789289873675e-06
61316,nan,1.2610952854156494,inf,3.98063063621521,26.447965621948242
61318,nan,0.036387138068675995,inf,7.1503190994262695,9.763245582580566
61348,nan,-0.06659257411956787,inf,7.41522216796875,4.532104015350342
61351,nan,-0.16258886456489563,inf,15.228423118591309,0.00170984270516783
61419,nan,-0.12773196399211884,inf,11.691033363342285,1.0065592527389526
61439,nan,-0.05447891354560852,inf,9.53398323059082,0.9443508386611938
61452,nan,-0.16270111501216888,inf,16.39826774597168,0.0011459350353106856
61462,nan,-0.1627575159072876,inf,18.380008697509766,0.00020084381685592234
61468,nan,-0.16274528205394745,inf,16.231531143188477,0.0008951187483035028
61478,nan,-0.16181427240371704,inf,15.211897850036621,0.016133880242705345
61501,nan,-0.16110430657863617,inf,11.851431846618652,0.08968541771173477
61506,nan,-0.15920859575271606,inf,10.87272834777832,0.09453258663415909
61518,nan,-0.16265423595905304,inf,14.476068496704102,0.004704666323959827
61522,nan,-0.1627209484577179,inf,17.20926856994629,0.002539730165153742
61527,nan,-0.16284948587417603,inf,18.491392135620117,-0.003918743226677179
61556,nan,-0.14018751680850983,inf,12.02812385559082,0.4097854793071747
61560,nan,-0.07153520733118057,inf,7.337210178375244,0.8018070459365845
61562,nan,-0.16275836527347565,inf,18.92206573486328,9.641647193348035e-05
61570,nan,-0.16272953152656555,inf,15.943982124328613,0.0016120910877361894
61580,nan,-0.14127129316329956,inf,10.33207893371582,1.024267554283142
61672,nan,-0.16276142001152039,inf,27.77119255065918,-8.487701961712446e-06
61679,nan,-0.005178045015782118,inf,7.323705196380615,6.044224262237549
61728,nan,-0.1626133918762207,inf,13.300333976745605,0.0076966434717178345
61736,nan,-0.16271471977233887,inf,16.1084041595459,0.003360271453857422
61764,nan,-0.1472763568162918,inf,8.984160423278809,0.7514070868492126
61826,nan,-0.10175848007202148,inf,7.1945953369140625,2.577028274536133
61842,nan,-0.16186873614788055,inf,15.977803230285645,0.055800627917051315
61851,nan,-0.14652830362319946,inf,10.522611618041992,0.354248046875
61867,nan,-0.1627601534128189,inf,25.265291213989258,5.2165985835017636e-05
61877,nan,-0.15869908034801483,inf,14.049346923828125,0.17662011086940765
61936,nan,-0.16045935451984406,inf,15.968342781066895,0.12189178913831711
61943,nan,-0.16227462887763977,inf,12.417642593383789,0.027286458760499954
62002,nan,-0.15492944419384003,inf,12.419291496276855,0.40342244505882263
62086,nan,-0.13693855702877045,inf,8.51387882232666,0.9618474245071411
62196,nan,-0.14844433963298798,inf,8.29499340057373,0.39460793137550354
62243,nan,-0.09955320507287979,inf,10.466315269470215,3.343771457672119
62245,nan,0.17229191958904266,inf,5.108334064483643,14.399985313415527
62282,nan,1.1599633693695068,inf,4.009814739227295,60.05092239379883
62325,nan,-0.1627533882856369,inf,19.542593002319336,9.307861182605848e-05
62331,nan,-0.08054300397634506,inf,10.64449691772461,3.6167218685150146
62348,nan,-0.16236069798469543,inf,14.171996116638184,0.012053156271576881
62407,nan,-0.15219943225383759,inf,11.934958457946777,0.33155518770217896
62421,nan,-0.162641242146492,inf,16.1176815032959,0.004521179478615522
62459,nan,-0.14023655652999878,inf,8.935548782348633,0.5277116894721985
62487,nan,-0.1623436063528061,inf,14.525781631469727,0.0058799744583666325
62513,nan,0.22395944595336914,inf,6.016581058502197,5.018241882324219
62585,nan,-0.12748858332633972,inf,11.131157875061035,0.5758474469184875
62593,nan,-0.16268901526927948,inf,17.02774429321289,0.0033279419876635075
62643,nan,-0.15651504695415497,inf,9.320635795593262,0.20412330329418182
62691,nan,-0.1316240131855011,inf,8.83488941192627,1.2809571027755737
62749,nan,-0.1626260131597519,inf,16.6505184173584,0.004360962193459272
62756,nan,-0.16274885833263397,inf,19.4910945892334,0.0003704070986714214
62781,nan,-0.033264126628637314,inf,6.652411937713623,3.3888580799102783
62789,nan,-0.1614609658718109,inf,13.024500846862793,0.05391855165362358
62847,nan,-0.162417933344841,inf,14.533034324645996,0.01616077497601509
62887,nan,-0.16177146136760712,inf,13.019902229309082,0.06717944145202637
62889,nan,-0.15880723297595978,inf,10.487067222595215,0.20494861900806427
62921,nan,-0.15753217041492462,inf,9.836952209472656,0.16100922226905823
62987,nan,-0.16162212193012238,inf,12.561163902282715,0.06357131153345108
62988,nan,0.47516781091690063,inf,3.994875431060791,22.177030563354492
63075,nan,0.8427332043647766,inf,3.9745452404022217,66.25696563720703
63105,nan,-0.14488624036312103,inf,15.63554859161377,0.5448150634765625
63106,nan,-0.15942896902561188,inf,13.251276016235352,0.25075456500053406
63118,nan,-0.16263248026371002,inf,17.533164978027344,0.003330230712890625
63120,nan,-0.10300763696432114,inf,9.836149215698242,1.953588843345642
63145,nan,-0.1435728520154953,inf,10.418871879577637,0.9684036374092102
63161,nan,-0.16267433762550354,inf,14.125152587890625,0.004382062237709761
63186,nan,-0.1622534841299057,inf,16.371671676635742,0.02520628087222576
63211,nan,-0.16268140077590942,inf,19.374792098999023,0.004303741734474897
63224,nan,0.07130116969347,inf,6.965346813201904,11.930201530456543
63244,nan,-0.16239789128303528,inf,13.286147117614746,0.008267784491181374
63268,nan,-0.16276130080223083,inf,23.6582088470459,1.5258789289873675e-06
63294,nan,-0.09254928678274155,inf,9.43543529510498,3.395000457763672
63409,nan,-0.15353751182556152,inf,11.543304443359375,0.6123557090759277
63433,nan,-0.12297793477773666,inf,13.349517822265625,2.1464993953704834
63434,nan,-0.16042274236679077,inf,16.117637634277344,0.10449276119470596
63438,nan,-0.03015444241464138,inf,7.508978366851807,7.676029205322266
63449,nan,-0.16269263625144958,inf,18.193462371826172,0.003732586046680808
63487,nan,-0.15977193415164948,inf,11.916850090026855,0.10433583706617355
63533,nan,-0.16031484305858612,inf,12.721766471862793,0.08011169731616974
63546,nan,-0.07680609822273254,inf,7.481224060058594,4.025437355041504
63593,nan,-0.16275005042552948,inf,19.461278915405273,0.0006919861189089715
63609,nan,1.6064192056655884,inf,3.4927003383636475,68.5158920288086
63637,nan,-0.1624026596546173,inf,15.972975730895996,0.02371368370950222
63665,nan,-0.1080034002661705,inf,7.6953444480896,0.9504057765007019
63679,nan,-0.1626511961221695,inf,15.543562889099121,0.0023971558548510075
63750,nan,0.4853542745113373,inf,5.04434871673584,15.193202018737793
63757,nan,-0.14176583290100098,inf,8.052852630615234,0.704323947429657
63779,nan,-0.16272328794002533,inf,19.820476531982422,0.00152587890625
63904,nan,-0.16270838677883148,inf,17.266813278198242,0.003662800882011652
63907,nan,-0.14854373037815094,inf,8.951430320739746,0.9303619265556335
63913,nan,-0.162752166390419,inf,18.86144256591797,0.0006134033319540322
63914,nan,0.15635018050670624,inf,4.958611965179443,9.54199504852295
63945,nan,0.12039431184530258,inf,7.475213527679443,9.444174766540527
64005,nan,-0.1625508964061737,inf,15.52243709564209,0.01429672259837389
64048,nan,-0.16272428631782532,inf,18.34203338623047,0.0021446228493005037
64050,nan,-0.1555507928133011,inf,8.711509704589844,0.22269979119300842
64060,nan,-0.12980395555496216,inf,8.505623817443848,0.5362629294395447
64064,nan,0.25371187925338745,inf,4.9058356285095215,13.130145072937012
64067,nan,-0.16275402903556824,inf,26.478178024291992,0.0006263732793740928
64107,nan,-0.1626032292842865,inf,14.935693740844727,0.010487693361938
64138,nan,-0.16103719174861908,inf,15.292891502380371,0.10992830246686935
64141,nan,-0.16264857351779938,inf,20.811370849609375,0.001583099365234375
64163,nan,1.2739684581756592,inf,3.2980639934539795,27.529626846313477
64181,nan,-0.15820766985416412,inf,15.811810493469238,0.20447388291358948
64222,nan,-0.10731470584869385,inf,10.346138000488281,2.6540751457214355
64304,nan,0.04607527330517769,inf,10.017232894897461,5.3633012771606445
64313,nan,-0.15315352380275726,inf,8.820314407348633,0.5275694131851196
64371,nan,-0.16193576157093048,inf,11.705462455749512,0.03819532319903374
64384,nan,-0.14072783291339874,inf,13.760611534118652,0.5754844546318054
64396,nan,-0.15739215910434723,inf,10.235477447509766,0.3015842139720917
64397,nan,0.2159305363893509,inf,7.264983654022217,18.989606857299805
64407,nan,-0.16262471675872803,inf,16.977285385131836,0.00891037005931139
64446,nan,-0.024319211021065712,inf,6.694779396057129,2.260902166366577
64479,nan,-0.15550373494625092,inf,11.374496459960938,0.42075416445732117
64520,nan,-0.05436632037162781,inf,6.6422953605651855,2.082552671432495
64531,nan,-0.16150210797786713,inf,11.945887565612793,0.06018638610839844
64547,nan,-0.16197745501995087,inf,12.047560691833496,0.02362685278058052
64569,nan,-0.12922830879688263,inf,9.775699615478516,0.22768941521644592
64570,nan,-0.041925448924303055,inf,7.453016757965088,4.034912586212158
64602,nan,-0.1627306193113327,inf,15.51953125,0.0017436981434002519
64618,nan,0.4320445954799652,inf,4.72971248626709,15.26738452911377
64640,nan,-0.16309748589992523,inf,14.754521369934082,-0.008048439398407936
64708,nan,-0.16276131570339203,inf,26.001697540283203,0.0
64713,nan,-0.1597103625535965,inf,14.5220308303833,0.13293342292308807
64719,nan,-0.06124775484204292,inf,7.0842790603637695,2.605276107788086
64770,nan,0.11536077409982681,inf,6.867044925689697,7.460676670074463
64788,nan,-0.16271579265594482,inf,17.28138542175293,0.001078796456567943
64830,nan,0.7629597783088684,inf,3.363431930541992,30.17002296447754
64856,nan,0.33663028478622437,inf,4.760359287261963,3.1979918479919434
64871,nan,-0.15068362653255463,inf,10.733468055725098,0.3798828125
64891,nan,0.6367536783218384,inf,4.913175582885742,38.86042022705078
64945,nan,-0.16275911033153534,inf,23.040279388427734,0.00015869141498114914
64993,nan,-0.15948376059532166,inf,16.76201629638672,0.264028936624527
65093,nan,-0.1624620109796524,inf,16.41523551940918,0.010884094052016735
65181,nan,-0.16275738179683685,inf,19.187578201293945,0.00015182494826149195
65201,nan,0.05510935187339783,inf,6.679023265838623,3.617854356765747
65217,nan,0.19816771149635315,inf,5.110271453857422,8.328856468200684
65258,nan,-0.16271601617336273,inf,16.548389434814453,0.002111816545948386
65281,nan,-0.16272053122520447,inf,20.53255844116211,0.001376342843286693
65282,nan,-0.16253912448883057,inf,15.68381404876709,0.008609771728515625
65288,nan,-0.1588023155927658,inf,10.636564254760742,0.10106506198644638
65311,nan,-0.1619078367948532,inf,13.628369331359863,0.023372603580355644
65366,nan,-0.1625664085149765,inf,14.378046989440918,0.010075188241899014
65379,nan,-0.16276131570339203,inf,28.341840744018555,0.0
65399,nan,-0.15980081260204315,inf,10.596992492675781,0.1255497932434082
65442,nan,-0.05224478244781494,inf,12.842520713806152,5.27204704284668
65503,nan,-0.1627306342124939,inf,19.91436004638672,0.001719665597192943
65516,nan,-0.01976270042359829,inf,13.287150382995605,0.808593213558197
65564,nan,-0.07542359083890915,inf,8.248377799987793,5.008817195892334
65599,nan,-0.1272842139005661,inf,9.065512657165527,0.37280941009521484
65620,nan,0.46083495020866394,inf,5.393256664276123,27.26450538635254
65696,nan,-0.16203849017620087,inf,14.312311172485352,0.02095794677734375
65700,nan,0.03692677244544029,inf,11.331175804138184,1.7954676151275635
65729,nan,-0.16256022453308105,inf,16.85276222229004,0.010224729776382446
65770,nan,-0.135881707072258,inf,14.750398635864258,0.5176421999931335
65784,nan,-0.16135747730731964,inf,13.008715629577637,0.05269358307123184
65796,nan,-0.0899585410952568,inf,8.343620300292969,2.749124050140381
65827,nan,-0.09353671222925186,inf,10.660969734191895,3.5961577892303467
65846,nan,-0.050038959830999374,inf,8.982699394226074,3.4038028717041016
65862,nan,-0.16075168550014496,inf,12.438600540161133,0.07477011531591415
65883,nan,0.11787360906600952,inf,7.002499580383301,3.902564287185669
65900,nan,-0.10694537311792374,inf,7.278833866119385,2.6883797645568848
65921,nan,0.08148153126239777,inf,9.411032676696777,9.685853004455566
65923,nan,-0.1627521961927414,inf,17.726909637451172,0.0005912617198191583
65946,nan,-0.1573871225118637,inf,14.026715278625488,0.15854625403881073
65977,nan,-0.16273881494998932,inf,16.61282730102539,0.000606155430432409
66001,nan,-0.16272716224193573,inf,16.405437469482422,0.0014701843028888106
66039,nan,-0.16032801568508148,inf,10.528376579284668,0.14267201721668243
66053,nan,-0.12967777252197266,inf,10.348917007446289,1.2280902862548828
66069,nan,-0.11613579094409943,inf,12.127615928649902,0.846038818359375
66075,nan,-0.13926535844802856,inf,8.270297050476074,0.8781663775444031
66107,nan,-0.16273348033428192,inf,17.724212646484375,0.0015305161941796541
66130,nan,-0.1608123630285263,inf,14.588168144226074,0.058678437024354935
66198,nan,-0.16268545389175415,inf,13.850712776184082,0.003270387649536133
66205,nan,-0.14725106954574585,inf,10.825834274291992,0.4262295663356781
66228,nan,-0.16252972185611725,inf,14.65471363067627,0.012553909793496132
66245,nan,-0.16163009405136108,inf,9.812841415405273,0.027278900146484375
66262,nan,1.9257138967514038,inf,3.3825504779815674,64.58578491210938
66313,nan,-0.16205403208732605,inf,20.387531280517578,0.037697602063417435
66314,nan,0.2924283444881439,inf,5.1408610343933105,6.431884765625
66359,nan,-0.16275011003017426,inf,21.522972106933594,0.0008703470230102539
66378,nan,-0.16095487773418427,inf,11.342844009399414,0.03174323961138725
66427,nan,-0.15147560834884644,inf,9.672755241394043,0.5323272943496704
66433,nan,-0.11810871213674545,inf,15.534031867980957,0.5575752258300781
66442,nan,-0.16245876252651215,inf,16.272172927856445,0.006481742952018976
66458,nan,-0.10026981681585312,inf,8.997397422790527,2.46191143989563
66519,nan,0.12073159217834473,inf,5.234367847442627,5.708534240722656
66573,nan,-0.16270218789577484,inf,16.98761558532715,0.0004783630429301411
66581,nan,-0.1587946116924286,inf,12.3711519241333,0.19142857193946838
66613,nan,-0.16272100806236267,inf,18.757352828979492,0.001911163330078125
66632,nan,-0.029490876942873,inf,8.012839317321777,4.385746955871582
66804,nan,-0.16254809498786926,inf,20.228986740112305,0.00963592529296875
66844,nan,-0.13134317100048065,inf,8.19365119934082,0.918838620185852
66881,nan,-0.14830134809017181,inf,10.682765007019043,0.3298759162425995
66884,nan,-0.16244974732398987,inf,13.15054988861084,0.01811847649514675
66893,nan,-0.14920394122600555,inf,12.422930717468262,0.2749648988246918
66949,nan,-0.12889216840267181,inf,10.821660995483398,1.0700181722640991
66954,nan,-0.0953335389494896,inf,13.387475967407227,2.036390781402588
66955,nan,-0.16274958848953247,inf,21.804304122924805,0.0009064197656698525
66968,nan,-0.16051986813545227,inf,12.331212997436523,0.12546901404857635
66973,nan,-0.01014025043696165,inf,5.016348361968994,4.501415729522705
67008,nan,-0.09483586251735687,inf,8.9215669631958,3.0202767848968506
67047,nan,-0.0325775071978569,inf,6.13912296295166,3.12821364402771
67074,nan,-0.14445321261882782,inf,7.371971130371094,2.06500506401062
67098,nan,-0.11638171970844269,inf,8.94505786895752,0.34865257143974304
67113,nan,-0.16240480542182922,inf,15.785284996032715,0.007947730831801891
67157,nan,1.3845760822296143,inf,2.535734176635742,49.273006439208984
67225,nan,-0.1626097857952118,inf,13.721223831176758,0.005952072329819202
67298,nan,-0.1605481058359146,inf,10.959917068481445,0.15303972363471985
67306,nan,-0.16222326457500458,inf,11.155542373657227,0.0009083747863769531
67346,nan,-0.14928685128688812,inf,10.400362014770508,0.31923291087150574
67358,nan,-0.1537366807460785,inf,11.394362449645996,0.6481508612632751
67394,nan,-0.1601269692182541,inf,17.349323272705078,0.13824544847011566
67400,nan,-0.1627599596977234,inf,24.425762176513672,8.087158494163305e-05
67422,nan,-0.16296736896038055,inf,17.972484588623047,0.0001699447602732107
67483,nan,0.05897226557135582,inf,8.404257774353027,6.108902931213379
67495,nan,-0.051978375762701035,inf,5.70655632019043,2.260251760482788
67560,nan,-0.1409793347120285,inf,9.131104469299316,1.032569169998169
67566,nan,-0.16275590658187866,inf,19.288307189941406,0.00016250611224677414
67574,nan,-0.08269288390874863,inf,8.346243858337402,4.067573547363281
67591,nan,-0.16050471365451813,inf,12.287556648254395,0.08340568840503693
67611,nan,-0.07145044207572937,inf,8.18017292022705,1.4735931158065796
67614,nan,-0.16138161718845367,inf,12.399375915527344,0.04665236547589302
67662,nan,-0.1627526730298996,inf,20.8917293548584,0.0002796173212118447
67667,nan,1.7847164869308472,inf,2.6103224754333496,76.25829315185547
67674,nan,-0.16286078095436096,inf,15.611128807067871,-0.005536317825317383
67684,nan,-0.11978081613779068,inf,9.188530921936035,2.0037801265716553
67688,nan,-0.11492208391427994,inf,10.027641296386719,2.48583984375
67807,nan,-0.15876364707946777,inf,11.498583793640137,0.13012848794460297
67823,nan,-0.131606325507164,inf,8.900517463684082,0.8712685704231262
67833,nan,0.22227917611598969,inf,6.005275726318359,6.8728928565979
67837,nan,-0.1615639179944992,inf,11.889422416687012,0.034024812281131744
67864,nan,-0.15658925473690033,inf,12.300750732421875,0.4835185110569
67868,nan,0.8828982710838318,inf,3.557866334915161,27.35072135925293
67881,nan,-0.16272756457328796,inf,21.499271392822266,0.0019927979446947575
67886,nan,-0.16245290637016296,inf,13.791664123535156,0.01250228937715292
67931,nan,-0.12972508370876312,inf,6.813421726226807,0.393539160490036
68006,nan,-0.1278192549943924,inf,9.127927780151367,1.145819067955017
68037,nan,-0.1616302877664566,inf,14.906379699707031,0.015307046473026276
68120,nan,-0.13974325358867645,inf,15.005681037902832,0.6585766077041626
68153,nan,0.7281908392906189,inf,3.6965560913085938,43.44361114501953
68182,nan,-0.16276130080223083,inf,24.5473575592041,1.7166138377433526e-06
68197,nan,0.22611366212368011,inf,6.010366916656494,8.561578750610352
68256,nan,-0.1623561829328537,inf,12.216785430908203,0.016511917114257812
68289,nan,-0.16253042221069336,inf,13.939872741699219,0.012921619229018688
68296,nan,0.3708232343196869,inf,4.700636386871338,15.752609252929688
68336,nan,-0.13394276797771454,inf,10.91333293914795,1.5689901113510132
68416,nan,0.09509789198637009,inf,6.970130920410156,4.901792049407959
68441,nan,-0.16228654980659485,inf,13.888079643249512,0.017742156982421875
68480,nan,-0.0398947112262249,inf,6.045474529266357,4.876404285430908
68485,nan,-0.16275948286056519,inf,22.05757713317871,9.918212890625e-05
68490,nan,-0.10836708545684814,inf,7.827441692352295,2.649230718612671
68514,nan,-0.16274115443229675,inf,19.878076553344727,0.0010009765392169356
68529,nan,-0.16212007403373718,inf,13.738688468933105,0.039139460772275925
68629,nan,-0.16275779902935028,inf,20.811922073364258,0.00016479492478538305
68702,nan,-0.16275224089622498,inf,21.277387619018555,0.00054168701171875
68731,nan,-0.11334472894668579,inf,10.864242553710938,2.557795286178589
68743,nan,0.03547847643494606,inf,4.232804775238037,4.548518180847168
68799,nan,-0.15614111721515656,inf,12.871176719665527,0.16983185708522797
68825,nan,-0.1558765023946762,inf,10.22909164428711,0.4477834403514862
68829,nan,-0.03736138343811035,inf,6.021749019622803,3.576993703842163
68852,nan,-0.15790784358978271,inf,11.588142395019531,0.24352112412452698
68864,nan,0.5752471089363098,inf,4.728332996368408,20.11859703063965
68868,nan,-0.15807339549064636,inf,10.331348419189453,0.1507098227739334
68878,nan,-0.16276106238365173,inf,20.81205940246582,9.15527380129788e-06
68886,nan,0.1109052449464798,inf,6.866710186004639,9.729838371276855
68889,nan,1.0214349031448364,inf,4.8019208908081055,27.190515518188477
68898,nan,1.2173397541046143,inf,3.5043957233428955,45.04560470581055
68933,nan,0.6614583134651184,inf,3.6948704719543457,24.988731384277344
68989,nan,-0.09172415733337402,inf,10.181188583374023,1.3877203464508057
69009,nan,-0.16275717318058014,inf,21.136993408203125,0.0002077102690236643
69041,nan,0.7504119277000427,inf,5.669485092163086,25.713581085205078
69103,nan,0.08125650137662888,inf,7.092772960662842,7.238800048828125
69146,nan,-0.16275863349437714,inf,21.153661727905273,0.0001831293193390593
69150,nan,-0.16264384984970093,inf,15.409367561340332,0.007309913635253906
69151,nan,-0.16208921372890472,inf,13.051918029785156,0.03251228481531143
69173,nan,0.02835105173289776,inf,9.890095710754395,6.162297248840332
69203,nan,2.2571122646331787,inf,1.0762697458267212,82.41030883789062
69207,nan,-0.15338802337646484,inf,12.059090614318848,0.25803348422050476
69284,nan,0.04675751551985741,inf,3.8765408992767334,2.247868299484253
69308,nan,-0.16260188817977905,inf,20.637920379638672,0.004498298745602369
69349,nan,-0.1618640124797821,inf,11.494275093078613,0.05831451341509819
69365,nan,-0.16276098787784576,inf,20.47307586669922,1.640319896978326e-05
69368,nan,-0.16272525489330292,inf,22.228240966796875,0.0019241332774981856
69391,nan,0.5716251134872437,inf,4.292625427246094,16.23833656311035
69399,nan,-0.1627267301082611,inf,20.050336837768555,0.0006965637439861894
69418,nan,-0.16205348074436188,inf,17.408870697021484,0.03200988844037056
69452,nan,-0.14078250527381897,inf,12.366545677185059,1.4506807327270508
69461,nan,-0.16131103038787842,inf,11.307034492492676,0.042729951441287994
69537,nan,-0.1627507358789444,inf,17.869504928588867,0.000713348388671875
69558,nan,0.7942161560058594,inf,3.896027088165283,25.772262573242188
69584,nan,-0.16276119649410248,inf,21.05658531188965,1.6546249753446318e-05
69593,nan,-0.16274747252464294,inf,18.64283561706543,0.0004990577581338584
69616,nan,-0.16135750710964203,inf,11.701265335083008,0.04223289713263512
69628,nan,-0.16272516548633575,inf,18.586902618408203,0.0025565624237060547
69634,nan,-0.1278695911169052,inf,8.936627388000488,1.5953240394592285
69652,nan,0.24357657134532928,inf,5.043604850769043,14.20410442352295
69669,nan,-0.16265259683132172,inf,17.143144607543945,0.007696724031120539
69686,nan,-0.08851466327905655,inf,8.440823554992676,3.2528793811798096
69709,nan,0.48139435052871704,inf,4.752639293670654,17.019577026367188
69723,nan,-0.1620565503835678,inf,12.808801651000977,0.024123191833496094
69748,nan,0.032582707703113556,inf,6.10039758682251,4.117058753967285
69759,nan,-0.16275207698345184,inf,18.24787712097168,0.0005543708684854209
69771,nan,-0.16087517142295837,inf,16.842422485351562,0.05440826341509819
69780,nan,-0.14253930747509003,inf,13.428885459899902,1.1443909406661987
69793,nan,-0.16262038052082062,inf,14.871533393859863,0.008455514907836914
69810,nan,-0.1626797616481781,inf,18.860755920410156,0.0062240599654614925
69886,nan,-0.12250085175037384,inf,9.408358573913574,0.443901926279068
69887,nan,-0.16250623762607574,inf,16.369173049926758,0.01605461910367012
69899,nan,-0.1627504974603653,inf,19.649150848388672,0.0005027771112509072
69915,nan,1.5121681690216064,inf,1.7490962743759155,67.6524429321289
69929,nan,-0.16276083886623383,inf,19.914735794067383,2.1767616999568418e-05
69933,nan,-0.025764083489775658,inf,6.590420722961426,4.467435359954834
69938,nan,-0.11744485050439835,inf,12.356731414794922,1.7814205884933472
69950,nan,-0.14122626185417175,inf,8.433813095092773,0.6686164736747742
69983,nan,-0.16233734786510468,inf,14.565057754516602,0.023683929815888405
69986,nan,-0.08666013926267624,inf,6.502044677734375,3.4198625087738037
69995,nan,-0.16206897795200348,inf,15.254602432250977,0.04104957729578018
70013,nan,-0.16248315572738647,inf,13.804883003234863,0.007492828648537397
70023,nan,-0.16266869008541107,inf,17.504690170288086,0.003466034075245261
70030,nan,0.006893231067806482,inf,5.475565433502197,3.8144161701202393
70043,nan,-0.1623995155096054,inf,13.396695137023926,0.013860511593520641
70050,nan,0.10877244919538498,inf,4.810256481170654,10.959113121032715
70141,nan,-0.1627645641565323,inf,15.799426078796387,0.00258636474609375
70187,nan,-0.11204598098993301,inf,10.073158264160156,1.448311448097229
70218,nan,4.9385857582092285,inf,1.1737812757492065,116.88484191894531
70250,nan,-0.16225293278694153,inf,16.043249130249023,0.020618988201022148
70256,nan,0.403104692697525,inf,5.074216842651367,8.232526779174805
70303,nan,-0.16270166635513306,inf,14.837859153747559,0.003315544221550226
70329,nan,-0.1441880762577057,inf,9.49585247039795,0.5634433627128601
70416,nan,-0.16161146759986877,inf,12.618919372558594,0.04937553405761719
70428,nan,-0.1419297307729721,inf,10.016907691955566,0.8654578328132629
70483,nan,-0.1627611368894577,inf,29.531187057495117,1.52587890625e-05
70485,nan,-0.15938231348991394,inf,13.258331298828125,0.14901982247829437
70511,nan,-0.16276031732559204,inf,22.4077205657959,6.103515625e-05
70515,nan,0.24546010792255402,inf,6.328625679016113,8.230387687683105
70523,nan,-0.16052614152431488,inf,10.314387321472168,0.10039597004652023
70525,nan,0.04916103556752205,inf,6.758930206298828,2.9811699390411377
70559,nan,-0.16164211928844452,inf,12.5519437789917,0.06558571010828018
70585,nan,-0.16140103340148926,inf,17.750198364257812,0.06161556392908096
70595,nan,-0.14412087202072144,inf,10.231757164001465,0.2560616433620453
70638,nan,0.3880513906478882,inf,5.358380317687988,10.98928165435791
70664,nan,1.0451998710632324,inf,4.636729717254639,28.173542022705078
70752,nan,-0.16269050538539886,inf,12.877578735351562,0.002977752825245261
70767,nan,-0.1624753326177597,inf,13.017578125,0.01501388568431139
70775,nan,-0.1611064225435257,inf,19.490392684936523,0.1333412230014801
70820,nan,0.08228566497564316,inf,6.848028659820557,7.8999176025390625
70830,nan,0.19520686566829681,inf,6.66309118270874,20.090579986572266
70876,nan,-0.16079729795455933,inf,13.786088943481445,0.06494083255529404
70906,nan,-0.1623818576335907,inf,13.867144584655762,0.024882707744836807
70914,nan,-0.15801909565925598,inf,16.899749755859375,0.376545250415802
70937,nan,-0.16105999052524567,inf,15.57353687286377,0.07854042202234268
70966,nan,0.2592777907848358,inf,5.818979740142822,3.470283269882202
71004,nan,-0.14501774311065674,inf,6.943562984466553,0.503341019153595
71006,nan,-0.16276104748249054,inf,20.574960708618164,8.39233416627394e-06
71066,nan,-0.14985375106334686,inf,9.395750999450684,0.5652841925621033
71100,nan,-0.15658734738826752,inf,9.01523494720459,0.21252937614917755
71101,nan,-0.15719842910766602,inf,9.932503700256348,0.16229228675365448
71116,nan,1.8848568201065063,inf,2.75596284866333,62.52797317504883
71128,nan,-0.16271165013313293,inf,17.342130661010742,0.0029708861839026213
71130,nan,-0.16274334490299225,inf,22.865447998046875,0.0013908386463299394
71136,nan,0.5575896501541138,inf,5.450286388397217,27.178943634033203
71208,nan,-0.14066633582115173,inf,6.469642162322998,0.5847142934799194
71233,nan,-0.15639345347881317,inf,10.025595664978027,0.008421611972153187
71236,nan,0.8546361923217773,inf,3.216876745223999,56.347198486328125
71269,nan,-0.16258423030376434,inf,18.52349090576172,0.008088970556855202
71300,nan,-0.10715367645025253,inf,8.566205024719238,1.852807641029358
71357,nan,-0.16268406808376312,inf,18.880802154541016,0.001321339630521834
71417,nan,0.2367662638425827,inf,2.6400182247161865,12.242977142333984
71453,nan,-0.16250835359096527,inf,15.207605361938477,0.01297073345631361
71556,nan,-0.07634507864713669,inf,8.78946590423584,3.0998919010162354
71586,nan,-0.08334149420261383,inf,9.196974754333496,5.815659999847412
71673,nan,-0.13550232350826263,inf,7.900912761688232,1.4688115119934082
71706,nan,-0.15711857378482819,inf,8.559507369995117,0.3155016601085663
71719,nan,-0.1507161557674408,inf,6.840859413146973,0.5372424721717834
71733,nan,0.069882832467556,inf,7.877060890197754,4.015561103820801
71748,nan,-0.12811708450317383,inf,8.169331550598145,1.1426562070846558
71783,nan,-0.1588340699672699,inf,12.299276351928711,0.27631837129592896
71789,nan,-0.16275276243686676,inf,17.570674896240234,0.0004486679972615093
71823,nan,-0.12772253155708313,inf,8.575274467468262,1.4445539712905884
71832,nan,-0.16228587925434113,inf,13.691906929016113,0.028394509106874466
71864,nan,-0.1624496579170227,inf,16.982952117919922,0.004840088076889515
71900,nan,-0.1624108850955963,inf,15.43177318572998,0.015565681271255016
71936,nan,-0.16274921596050262,inf,16.261693954467773,0.0005064487340860069
71959,nan,0.24540777504444122,inf,6.249207973480225,23.85203742980957
71992,nan,-0.121768057346344,inf,10.325736999511719,1.9378273487091064
71994,nan,-0.0734185203909874,inf,9.14709758758545,4.108077526092529
72028,nan,-0.1580336093902588,inf,12.137967109680176,0.32874795794487
72078,nan,-0.0665113553404808,inf,6.8575758934021,4.78898286819458
72118,nan,-0.13893409073352814,inf,9.690503120422363,0.9242464303970337
72133,nan,0.7918946146965027,inf,3.2257962226867676,29.6861572265625
72203,nan,-0.15891733765602112,inf,11.929569244384766,0.12404022365808487
72253,nan,-0.1626887172460556,inf,18.842884063720703,0.0004230499325785786
72336,nan,-0.04467831179499626,inf,5.46026086807251,4.229705333709717
72337,nan,-0.1397857367992401,inf,8.219951629638672,0.8099527359008789
72340,nan,-0.0681435689330101,inf,6.274447917938232,0.8795139193534851
72366,nan,-0.13704805076122284,inf,9.271689414978027,0.7938429117202759
72367,nan,-0.16228656470775604,inf,13.669273376464844,0.022755851969122887
72389,nan,-0.10712116211652756,inf,10.123396873474121,2.454003095626831
72533,nan,-0.16257928311824799,inf,15.936665534973145,0.010851097293198109
72534,nan,-0.16265544295310974,inf,19.522789001464844,0.008436203002929688
72572,nan,-0.16274237632751465,inf,14.983813285827637,0.000667786633130163
72580,nan,0.0024248019326478243,inf,7.210753917694092,9.703940391540527
72604,nan,-0.14521420001983643,inf,9.720290184020996,0.6456076502799988
72631,nan,-0.16275665163993835,inf,18.06020164489746,0.0002208709775004536
72661,nan,0.31054750084877014,inf,5.345852851867676,17.647268295288086
72693,nan,0.6082703471183777,inf,4.539622783660889,13.571179389953613
72727,nan,-0.16217447817325592,inf,16.073774337768555,0.04228849336504936
72740,nan,-0.16231198608875275,inf,15.608675956726074,0.009244203567504883
72762,nan,-0.16309551894664764,inf,10.55066967010498,0.016300201416015625
72791,nan,-0.12948806583881378,inf,8.122941970825195,1.1973909139633179
72796,nan,-0.16274766623973846,inf,18.574642181396484,0.0005981445428915322
72814,nan,-0.15724048018455505,inf,15.172711372375488,0.06187324598431587
72815,nan,-0.17344103753566742,inf,20.780454635620117,-0.3049801290035248
72845,nan,-0.1625417172908783,inf,14.984721183776855,0.014293384738266468
72873,nan,-0.11188777536153793,inf,8.324589729309082,1.9760710000991821
72887,nan,-0.14930692315101624,inf,9.125959396362305,0.40172407031059265
72892,nan,-0.1458294838666916,inf,9.758994102478027,0.4901990592479706
72945,nan,-0.16276070475578308,inf,28.976720809936523,5.0067901611328125e-06
72964,nan,0.0354856513440609,inf,9.27552318572998,3.5337560176849365
73038,nan,-0.11886201053857803,inf,11.126726150512695,1.6066906452178955
73164,nan,-0.016206849366426468,inf,5.398231029510498,4.784744739532471
73246,nan,0.23111534118652344,inf,4.7263054847717285,13.379966735839844
73254,nan,-0.16276060044765472,inf,21.4486026763916,3.738403393072076e-05
