train_idx,x_rm,y_a,d_raw,m_raw,a_raw
78,nan,-0.15124844014644623,inf,11.924410820007324,0.03902940824627876
79,nan,-0.1523328274488449,inf,17.21114158630371,0.004226398654282093
105,nan,1.3544666767120361,inf,4.3747076988220215,43.3753776550293
111,nan,-0.14555272459983826,inf,13.12785816192627,0.2037973254919052
151,nan,-0.06337643414735794,inf,7.019723415374756,3.1152241230010986
193,nan,-0.15240687131881714,inf,22.448169708251953,0.001854372094385326
213,nan,0.18049079179763794,inf,6.518908977508545,10.533374786376953
250,nan,-0.15163300931453705,inf,9.723398208618164,0.014440870843827724
262,nan,-0.15118980407714844,inf,13.481767654418945,0.07593686878681183
277,nan,0.496833860874176,inf,3.8261940479278564,21.58365821838379
305,nan,-0.1522573083639145,inf,18.599777221679688,0.009260416030883789
329,nan,-0.1506093591451645,inf,17.276153564453125,0.12406916916370392
467,nan,-0.1520489752292633,inf,12.564818382263184,0.014961481094360352
473,nan,-0.15237122774124146,inf,16.85088539123535,0.0026014328468590975
478,nan,1.6937525272369385,inf,2.8342912197113037,36.72072219848633
546,nan,-0.1515100598335266,inf,12.321623802185059,0.02268352545797825
555,nan,-0.1470010131597519,inf,11.690752983093262,0.12843827903270721
565,nan,2.17419171333313,inf,2.148787260055542,95.18595123291016
601,nan,-0.13583976030349731,inf,10.726938247680664,0.13841195404529572
613,nan,-0.08426279574632645,inf,7.302989482879639,2.0737109184265137
614,nan,-0.08995408564805984,inf,9.545129776000977,1.1178194284439087
616,nan,-0.14495401084423065,inf,11.07971477508545,0.05793067440390587
625,nan,-0.15193939208984375,inf,16.347929000854492,0.03354540094733238
673,nan,-0.15205352008342743,inf,14.357866287231445,0.017119789496064186
675,nan,-0.06576057523488998,inf,4.648129940032959,2.5654520988464355
714,nan,0.5539256930351257,inf,4.609170436859131,16.374135971069336
728,nan,0.01335620041936636,inf,3.673225164413452,9.467310905456543
733,nan,0.5519274473190308,inf,5.104842185974121,13.066134452819824
745,nan,-0.1523858904838562,inf,15.903193473815918,0.0018153906567022204
796,nan,-0.15149979293346405,inf,18.556596755981445,0.034421540796756744
799,nan,0.02329067885875702,inf,7.32867431640625,5.670612812042236
806,nan,-0.14687785506248474,inf,8.919478416442871,0.14911499619483948
818,nan,0.16935579478740692,inf,5.2091569900512695,5.388082504272461
829,nan,-0.12303129583597183,inf,10.174177169799805,0.268000990152359
864,nan,0.7624751925468445,inf,4.591553688049316,7.921727657318115
889,nan,-0.15240900218486786,inf,14.053749084472656,0.001268458436243236
908,nan,0.0677817240357399,inf,6.402211666107178,6.892827033996582
920,nan,-0.13604041934013367,inf,14.323729515075684,0.5276321768760681
937,nan,-0.1523328721523285,inf,15.772468566894531,0.0035026611294597387
948,nan,-0.14980767667293549,inf,17.641271591186523,0.1737384796142578
994,nan,-0.15243220329284668,inf,16.57256507873535,0.0001729965297272429
1021,nan,-0.15124008059501648,inf,13.312601089477539,0.038773536682128906
1026,nan,-0.1482730358839035,inf,12.959434509277344,0.17907877266407013
1034,nan,-0.13949720561504364,inf,10.386853218078613,0.4240123927593231
1047,nan,-0.15220390260219574,inf,15.401376724243164,0.007113647647202015
1049,nan,-0.1443563550710678,inf,12.575972557067871,0.12360887974500656
1076,nan,-0.15225504338741302,inf,17.368574142456055,0.010783481411635876
1151,nan,-0.021348509937524796,inf,6.115058898925781,3.274848222732544
1156,nan,0.13907551765441895,inf,6.42473840713501,5.313966274261475
1168,nan,-0.024395544081926346,inf,4.948563575744629,1.3813351392745972
1185,nan,-0.15242190659046173,inf,19.45850372314453,0.000571823155041784
1218,nan,-0.04478353261947632,inf,9.517390251159668,2.791496753692627
1223,nan,-0.1524152010679245,inf,19.624359130859375,0.00026531220646575093
1235,nan,-0.10436730831861496,inf,8.400324821472168,1.4411048889160156
1278,nan,-0.15233545005321503,inf,15.920367240905762,0.002977657364681363
1286,nan,0.4115541875362396,inf,4.387658596038818,13.24352741241455
1303,nan,-0.15209488570690155,inf,14.6034517288208,0.010295867919921875
1350,nan,-0.046900153160095215,inf,7.839649200439453,2.2071621417999268
1387,nan,-0.152516171336174,inf,17.424863815307617,0.0007003784412518144
1445,nan,-0.15242725610733032,inf,19.29164695739746,0.00018558502779342234
1454,nan,-0.15105582773685455,inf,14.582951545715332,0.05232086405158043
1457,nan,-0.1522534042596817,inf,14.699536323547363,0.007785988040268421
1477,nan,-0.15242861211299896,inf,22.087881088256836,0.0003486633358988911
1500,nan,0.27378758788108826,inf,4.482001781463623,11.828017234802246
1526,nan,-0.15003103017807007,inf,13.961756706237793,0.05808630213141441
1545,nan,-0.13250546157360077,inf,9.564801216125488,0.3599105477333069
1569,nan,0.20814763009548187,inf,5.263771057128906,19.420133590698242
1617,nan,-0.15237955749034882,inf,16.21369743347168,0.0021365403663367033
1792,nan,-0.14964616298675537,inf,12.523265838623047,0.049723055213689804
1806,nan,-0.1263127475976944,inf,5.9334845542907715,2.8365259170532227
1808,nan,-0.15242403745651245,inf,15.652603149414062,-0.0003906250058207661
1825,nan,-0.15243388712406158,inf,19.72563934326172,4.405975414556451e-05
1869,nan,-0.1521206498146057,inf,13.7359619140625,0.0078293327242136
1928,nan,-0.15241257846355438,inf,15.90903377532959,0.0027938843704760075
1961,nan,0.09362379461526871,inf,5.69880485534668,4.390955448150635
1986,nan,-0.13406604528427124,inf,17.194913864135742,1.2542370557785034
1993,nan,-0.14123980700969696,inf,12.813743591308594,0.6774948239326477
2039,nan,-0.1522122174501419,inf,13.064335823059082,0.010681534186005592
2056,nan,-0.12114651501178741,inf,9.589483261108398,0.9038263559341431
2091,nan,1.6711643934249878,inf,2.9721570014953613,46.96285629272461
2096,nan,-0.03159314766526222,inf,6.502774715423584,3.0631377696990967
2145,nan,-0.1522189974784851,inf,16.4746150970459,0.011202621273696423
2176,nan,-0.14473195374011993,inf,9.082640647888184,0.20087309181690216
2269,nan,-0.10977150499820709,inf,11.588220596313477,1.498419165611267
2276,nan,0.6113166213035583,inf,4.140537261962891,18.470874786376953
2280,nan,-0.15243488550186157,inf,22.751968383789062,5.722046125811175e-07
2342,nan,1.1308077573776245,inf,3.9211819171905518,19.752979278564453
2346,nan,-0.15243491530418396,inf,35.7431526184082,0.0
2380,nan,-0.14969877898693085,inf,13.092782974243164,0.18651846051216125
2414,nan,-0.14965586364269257,inf,14.478816032409668,0.1776203215122223
2423,nan,-0.15241792798042297,inf,17.164100646972656,0.0005213737604208291
2448,nan,-0.15243446826934814,inf,19.766616821289062,1.869201696536038e-05
2521,nan,-0.14518611133098602,inf,11.767601013183594,0.13379040360450745
2571,nan,-0.13936786353588104,inf,11.007018089294434,0.2479499876499176
2576,nan,1.3174351453781128,inf,2.9722483158111572,36.19520950317383
2600,nan,-0.15227918326854706,inf,13.2630033493042,0.007521116640418768
2653,nan,0.16311626136302948,inf,6.821689128875732,11.406462669372559
2654,nan,-0.13836775720119476,inf,13.401626586914062,0.4466263949871063
2704,nan,-0.1467389613389969,inf,12.680750846862793,0.06442677229642868
2724,nan,-0.1314646452665329,inf,8.525331497192383,0.8599304556846619
2743,nan,0.6777212023735046,inf,4.041724681854248,25.900222778320312
2763,nan,-0.15124331414699554,inf,12.773850440979004,0.05062828212976456
2843,nan,-0.14310018718242645,inf,11.31390380859375,0.34929582476615906
2853,nan,-0.14327815175056458,inf,11.169842720031738,0.44585004448890686
2866,nan,-0.029941339045763016,inf,6.534002780914307,4.413486003875732
2889,nan,-0.15216387808322906,inf,13.221246719360352,0.012202558107674122
2908,nan,-0.15071259438991547,inf,12.891474723815918,0.020075321197509766
2909,nan,-0.1492011398077011,inf,12.033297538757324,0.0827602669596672
2912,nan,-0.14313659071922302,inf,13.418156623840332,0.6168238520622253
2945,nan,-0.15238188207149506,inf,17.874204635620117,0.001410675118677318
2962,nan,-0.15229319036006927,inf,15.468238830566406,0.00340862269513309
2965,nan,-0.1524331420660019,inf,20.30805015563965,7.345229823840782e-05
2995,nan,-0.1523103564977646,inf,19.410968780517578,0.0047554015181958675
3020,nan,-0.10774268954992294,inf,9.874427795410156,1.4618427753448486
3104,nan,-0.12215278297662735,inf,11.509759902954102,0.3720840513706207
3163,nan,0.16526280343532562,inf,5.986510753631592,10.067015647888184
3266,nan,-0.15038512647151947,inf,16.30830192565918,0.13816295564174652
3278,nan,0.010392601601779461,inf,7.25344181060791,4.353564262390137
3286,nan,-0.07727542519569397,inf,8.866318702697754,0.802834689617157
3297,nan,-0.1358901709318161,inf,9.254721641540527,0.4344913065433502
3357,nan,0.026106057688593864,inf,7.194457530975342,5.374090671539307
3475,nan,-0.15210123360157013,inf,14.634551048278809,0.012558174319565296
3478,nan,0.17949651181697845,inf,7.034771919250488,8.416980743408203
3579,nan,-0.1521151065826416,inf,15.17285442352295,0.013877281919121742
3580,nan,-0.15231503546237946,inf,15.05876350402832,0.005149269010871649
3589,nan,-0.1523606777191162,inf,17.862411499023438,0.00257110595703125
3597,nan,-0.15497413277626038,inf,9.288073539733887,0.11589059978723526
3615,nan,-0.14135396480560303,inf,11.401740074157715,0.6215848922729492
3636,nan,-0.1337611973285675,inf,9.163673400878906,0.46728044748306274
3645,nan,-0.15237654745578766,inf,20.962167739868164,0.002162933349609375
3664,nan,-0.14748069643974304,inf,12.636343955993652,0.19011573493480682
3714,nan,-0.15053707361221313,inf,10.563923835754395,0.041019536554813385
3748,nan,-0.12067218869924545,inf,7.644738674163818,0.7237200140953064
3764,nan,-0.13553492724895477,inf,7.445193767547607,0.5972883105278015
3778,nan,-0.06224649026989937,inf,6.712896823883057,3.0647823810577393
3845,nan,-0.12663154304027557,inf,7.4818949699401855,1.1096855401992798
3848,nan,-0.10613133758306503,inf,9.512473106384277,1.6814794540405273
3890,nan,0.004144179169088602,inf,5.810834884643555,6.5654802322387695
3916,nan,-0.1412362903356552,inf,9.757895469665527,0.345450222492218
3933,nan,-0.15242600440979004,inf,21.688016891479492,0.0002933502255473286
3948,nan,0.055834997445344925,inf,8.058485984802246,10.568926811218262
3969,nan,-0.05874285101890564,inf,3.842400312423706,10.518192291259766
3980,nan,0.1390017420053482,inf,7.540988922119141,2.7805309295654297
4018,nan,-0.15234199166297913,inf,12.718523979187012,0.004077075514942408
4067,nan,-0.151245579123497,inf,18.256898880004883,0.08117371052503586
4068,nan,-0.1525532454252243,inf,18.84910011291504,-0.008197212591767311
4112,nan,-0.15027563273906708,inf,12.267858505249023,0.060616206377744675
4116,nan,0.18750475347042084,inf,6.072189807891846,7.7656097412109375
4193,nan,-0.14994598925113678,inf,11.386344909667969,0.1280420422554016
4201,nan,-0.1377657651901245,inf,11.315347671508789,0.5379114151000977
4211,nan,4.744395732879639,inf,1.078171730041504,123.49141693115234
4222,nan,-0.15126283466815948,inf,11.797968864440918,0.03812103345990181
4268,nan,-0.0617445707321167,inf,4.972731113433838,1.743543267250061
4391,nan,-0.02240789495408535,inf,6.634494781494141,3.466852903366089
4402,nan,-0.1523503065109253,inf,24.44637107849121,0.0024784088600426912
4405,nan,1.2511409521102905,inf,3.557462692260742,42.183406829833984
4416,nan,0.10360260307788849,inf,6.169040679931641,8.094460487365723
4429,nan,-0.1521805077791214,inf,15.154036521911621,0.0072089373134076595
4433,nan,-0.1524336338043213,inf,15.259814262390137,-0.00019168853759765625
4443,nan,-0.15231353044509888,inf,14.277478218078613,0.007712650578469038
4446,nan,-0.1473739594221115,inf,15.345664978027344,0.1293022185564041
4458,nan,-0.11211240291595459,inf,7.280595302581787,1.315477967262268
4516,nan,0.02590441145002842,inf,5.613759517669678,6.406299591064453
4525,nan,-0.15223193168640137,inf,18.5049991607666,0.0077072144486010075
4635,nan,-0.15235085785388947,inf,12.330790519714355,0.007980179972946644
4674,nan,-0.14880241453647614,inf,11.50042724609375,0.10550413280725479
4736,nan,-0.1439124494791031,inf,10.179072380065918,0.1623430997133255
4782,nan,-0.142786905169487,inf,7.838165283203125,0.3634720742702484
4798,nan,-0.11686507612466812,inf,7.7221999168396,1.6205246448516846
4802,nan,-0.15237562358379364,inf,16.956083297729492,0.002401328179985285
4823,nan,0.1547243297100067,inf,5.362319469451904,12.669175148010254
4829,nan,-0.14502215385437012,inf,11.02891731262207,0.3053070604801178
4855,nan,-0.15243369340896606,inf,17.902456283569336,4.208087921142578e-05
4918,nan,0.9176339507102966,inf,3.957612991333008,26.733945846557617
4976,nan,-0.15232548117637634,inf,11.436663627624512,-0.17817898094654083
5008,nan,-0.12144336849451065,inf,9.742637634277344,0.7253150343894958
5025,nan,0.06152218207716942,inf,4.85022497177124,7.901660919189453
5028,nan,-0.13979916274547577,inf,8.17789363861084,0.4082581102848053
5065,nan,-0.15026113390922546,inf,14.037752151489258,0.09751272201538086
5107,nan,0.5682520270347595,inf,4.8303303718566895,14.113116264343262
5134,nan,-0.14900396764278412,inf,10.178415298461914,0.08682691305875778
5178,nan,0.3587701916694641,inf,5.110301494598389,9.882124900817871
5180,nan,-0.15215393900871277,inf,14.388208389282227,0.015827083960175514
5229,nan,-0.15240249037742615,inf,16.61302947998047,0.0010242462158203125
5230,nan,0.11130678653717041,inf,7.502754211425781,3.6649186611175537
5235,nan,-0.1489536017179489,inf,14.844879150390625,0.12996025383472443
5243,nan,-0.12321200221776962,inf,7.540571689605713,0.051193904131650925
5293,nan,2.2925796508789062,inf,2.6801018714904785,60.96045684814453
5307,nan,-0.15193061530590057,inf,15.283477783203125,0.016704002395272255
5312,nan,-0.13137300312519073,inf,9.308063507080078,1.7930608987808228
5320,nan,-0.1514815241098404,inf,13.285234451293945,0.04525366052985191
5373,nan,-0.10548704862594604,inf,9.979813575744629,0.7374834418296814
5443,nan,-0.14857511222362518,inf,6.008544921875,2.235722303390503
5531,nan,-0.15183059871196747,inf,13.834540367126465,0.034922584891319275
5585,nan,-0.15240530669689178,inf,15.664596557617188,0.0012488365173339844
5626,nan,-0.0004907816764898598,inf,4.918625831604004,3.9936821460723877
5640,nan,-0.15225473046302795,inf,13.291075706481934,0.018129443749785423
5648,nan,-0.15155450999736786,inf,12.177946090698242,0.035498954355716705
5675,nan,0.09347762912511826,inf,5.0994696617126465,6.303075313568115
5714,nan,-0.15183496475219727,inf,11.105454444885254,0.04909312725067139
5738,nan,5.708016872406006,inf,-0.5283141732215881,155.70811462402344
5824,nan,-0.15242788195610046,inf,25.964096069335938,0.0003204345703125
5829,nan,0.2562955319881439,inf,4.724379539489746,4.601899147033691
5837,nan,-0.09784623235464096,inf,9.42263126373291,1.3413598537445068
5839,nan,1.0452947616577148,inf,3.372447967529297,17.995756149291992
5855,nan,-0.15161798894405365,inf,13.495587348937988,0.040686797350645065
5857,nan,-0.09476324170827866,inf,10.988930702209473,1.374224066734314
5863,nan,0.2879610061645508,inf,6.096228122711182,13.88884449005127
5907,nan,-0.12372215837240219,inf,7.75075626373291,0.9350019693374634
5913,nan,-0.032779794186353683,inf,5.98634672164917,1.9815711975097656
5943,nan,0.14349059760570526,inf,7.073023319244385,3.2065892219543457
5999,nan,0.09970303624868393,inf,4.902781963348389,9.119059562683105
6036,nan,-0.15240049362182617,inf,16.445125579833984,0.0010029793484136462
6069,nan,-0.1485588401556015,inf,13.301318168640137,0.13858447968959808
6092,nan,-0.15223313868045807,inf,15.115880012512207,0.010518264956772327
6130,nan,0.81243896484375,inf,3.4171180725097656,25.08812141418457
6135,nan,-0.1508874148130417,inf,15.348947525024414,0.09105417877435684
6232,nan,-0.15216585993766785,inf,21.82847023010254,0.018397808074951172
6261,nan,-0.0824461579322815,inf,15.5693998336792,2.5856964588165283
6319,nan,-0.1297377645969391,inf,13.265896797180176,1.2105060815811157
6347,nan,-0.11823876947164536,inf,10.807806968688965,0.38138505816459656
6377,nan,-0.11934794485569,inf,11.704936981201172,0.7670807242393494
6380,nan,-0.15203453600406647,inf,16.22153091430664,0.008995437994599342
6384,nan,-0.15243291854858398,inf,20.845563888549805,0.0001222610444528982
6421,nan,-0.15247848629951477,inf,15.58646297454834,-0.0015560149913653731
6469,nan,-0.14183469116687775,inf,8.276595115661621,0.3555333614349365
6488,nan,-0.14017529785633087,inf,9.071414947509766,0.4247165322303772
6546,nan,-0.14598022401332855,inf,15.304107666015625,0.07098388671875
6573,nan,-0.15078915655612946,inf,14.762489318847656,0.02891082875430584
6590,nan,-0.1481490135192871,inf,12.607078552246094,0.10767631977796555
6612,nan,-0.12847673892974854,inf,10.990854263305664,0.9315244555473328
6672,nan,-0.15243171155452728,inf,25.80421257019043,7.781982276355848e-05
6680,nan,-0.13002607226371765,inf,7.292344570159912,0.7229998111724854
6769,nan,-0.14575253427028656,inf,9.632094383239746,0.12022910267114639
6776,nan,-0.07559721171855927,inf,10.501402854919434,2.4052505493164062
6789,nan,-0.14864008128643036,inf,10.70942211151123,0.19025692343711853
6831,nan,-0.14691774547100067,inf,8.876083374023438,0.20695696771144867
6832,nan,1.9738363027572632,inf,2.2773590087890625,58.84729766845703
6844,nan,-0.034343425184488297,inf,10.035482406616211,2.886948347091675
6864,nan,-0.07776068896055222,inf,9.132125854492188,1.9280340671539307
6943,nan,-0.09807925671339035,inf,12.374892234802246,0.280120849609375
6952,nan,-0.041970234364271164,inf,7.0559282302856445,3.3241844177246094
7024,nan,0.7719569802284241,inf,6.8334527015686035,10.423428535461426
7047,nan,-0.03647502884268761,inf,7.142116069793701,0.8238102793693542
7071,nan,-0.14780600368976593,inf,10.452364921569824,0.2344214916229248
7089,nan,0.1380079835653305,inf,6.248885154724121,14.580946922302246
7115,nan,0.018716782331466675,inf,7.305530071258545,4.7473464012146
7191,nan,-0.1392056792974472,inf,8.78366756439209,0.4407937228679657
7233,nan,-0.14844892919063568,inf,9.556070327758789,0.20565815269947052
7249,nan,-0.1524338573217392,inf,23.41450309753418,7.171631295932457e-05
7258,nan,-0.150304913520813,inf,13.466107368469238,0.0689939484000206
7287,nan,-0.15239553153514862,inf,17.287487030029297,0.0025472284760326147
7418,nan,1.39657461643219,inf,4.571176052093506,46.95619583129883
7450,nan,-0.14386585354804993,inf,12.513032913208008,0.10528526455163956
7459,nan,0.025571046397089958,inf,6.7815775871276855,5.609121799468994
7464,nan,-0.15240976214408875,inf,24.1616268157959,0.0016208648448809981
7486,nan,-0.15196983516216278,inf,16.351530075073242,0.01376266498118639
7530,nan,-0.14924439787864685,inf,10.884224891662598,0.15752707421779633
7533,nan,-0.1524335891008377,inf,21.6790828704834,4.091262962901965e-05
7548,nan,-0.15196096897125244,inf,12.150318145751953,0.008485222235321999
7624,nan,-0.07199069857597351,inf,6.250637054443359,2.086130142211914
7693,nan,-0.15238480269908905,inf,17.057910919189453,0.001055908272974193
7704,nan,-0.14915712177753448,inf,9.059735298156738,0.10791235417127609
7711,nan,-0.12224000692367554,inf,9.315707206726074,1.0209609270095825
7745,nan,-0.15239065885543823,inf,17.420827865600586,0.0021522522438317537
7766,nan,0.18726231157779694,inf,5.570346355438232,6.981149196624756
7825,nan,-0.10746591538190842,inf,9.510114669799805,1.596811056137085
7867,nan,-0.1497981995344162,inf,15.130058288574219,0.1405055969953537
7931,nan,-0.07928530871868134,inf,5.9008469581604,0.754267156124115
7944,nan,-0.022531690075993538,inf,6.277947902679443,3.6333279609680176
8000,nan,-0.13016022741794586,inf,12.396906852722168,1.421885371208191
8001,nan,-0.15227065980434418,inf,15.258631706237793,0.010113525204360485
8051,nan,-0.13168491423130035,inf,9.029074668884277,0.7122220993041992
8056,nan,-0.15280653536319733,inf,10.398431777954102,0.029719829559326172
8104,nan,-0.15241959691047668,inf,18.606122970581055,0.0004364013730082661
8107,nan,0.17523421347141266,inf,5.986299991607666,17.26899528503418
8108,nan,-0.07738427072763443,inf,9.583308219909668,2.4796721935272217
8148,nan,-0.15241757035255432,inf,18.36083221435547,0.0007130622980184853
8151,nan,-0.1518029421567917,inf,11.71059513092041,0.02289147488772869
8247,nan,-0.000854270183481276,inf,4.89436674118042,3.8360917568206787
8255,nan,-0.14656858146190643,inf,12.838935852050781,0.03149759769439697
8263,nan,-0.13630682229995728,inf,9.661739349365234,0.41968804597854614
8359,nan,-0.15221768617630005,inf,16.646530151367188,0.013857650570571423
8360,nan,-0.15243658423423767,inf,19.19757080078125,-7.286071922862902e-05
8426,nan,-0.15243171155452728,inf,21.58724594116211,0.0001426696835551411
8430,nan,0.23177790641784668,inf,4.479379653930664,13.403495788574219
8431,nan,-0.15116237103939056,inf,13.337213516235352,0.05697803571820259
8433,nan,-0.15151910483837128,inf,12.712889671325684,0.05834941938519478
8596,nan,-0.15243442356586456,inf,20.333932876586914,2.5558472771081142e-05
8597,nan,0.013030796311795712,inf,6.160838603973389,1.3273701667785645
8629,nan,-0.1521131843328476,inf,17.78944969177246,0.012570190243422985
8632,nan,-0.15236015617847443,inf,15.297171592712402,0.0003417968691792339
8638,nan,-0.15059508383274078,inf,16.222429275512695,0.032292988151311874
8641,nan,-0.14926841855049133,inf,12.137202262878418,0.1154552474617958
8645,nan,-0.11715727299451828,inf,10.239336967468262,0.7968296408653259
8681,nan,-0.056641604751348495,inf,6.8483147621154785,2.15596079826355
8695,nan,-0.1524139791727066,inf,20.73551368713379,0.001158905099146068
8700,nan,-0.15220361948013306,inf,17.005260467529297,0.008730060420930386
8709,nan,-0.13407064974308014,inf,10.103133201599121,0.23385515809059143
8758,nan,-0.15240967273712158,inf,16.860681533813477,0.0012996674049645662
8813,nan,-0.15243396162986755,inf,14.924234390258789,0.0002453327178955078
8821,nan,0.17906232178211212,inf,5.011322975158691,13.195978164672852
8823,nan,-0.12022395431995392,inf,9.584933280944824,0.9179971814155579
8834,nan,-0.15240150690078735,inf,17.50339698791504,0.0012624741066247225
8849,nan,-0.15097273886203766,inf,12.67669677734375,0.023838771507143974
8885,nan,-0.01001147273927927,inf,4.160229206085205,8.38515853881836
8891,nan,-0.05606042221188545,inf,6.2994585037231445,1.155352234840393
8897,nan,-0.14233556389808655,inf,10.290376663208008,0.27739593386650085
8908,nan,-0.1440090537071228,inf,11.381392478942871,0.13177910447120667
8912,nan,-0.11147411167621613,inf,9.188780784606934,1.0558063983917236
8991,nan,-0.14768293499946594,inf,12.850638389587402,0.16682003438472748
8996,nan,-0.06057436019182205,inf,9.180400848388672,1.8956516981124878
9015,nan,-0.14959505200386047,inf,10.63265609741211,0.07053317874670029
9027,nan,-0.1516067385673523,inf,11.496617317199707,0.020497703924775124
9078,nan,-0.09445830434560776,inf,9.241050720214844,2.572115659713745
9111,nan,-0.0998789519071579,inf,9.170419692993164,1.3124059438705444
9116,nan,-0.1509198248386383,inf,13.60184383392334,0.02215099334716797
9126,nan,-0.1514604389667511,inf,13.761980056762695,0.037520598620176315
9156,nan,-0.09615438431501389,inf,7.834517955780029,0.6490470767021179
9198,nan,-0.152434840798378,inf,25.87876319885254,2.86102294921875e-06
9202,nan,-0.15237747132778168,inf,16.746540069580078,0.002155303955078125
9231,nan,0.05412284657359123,inf,5.443003177642822,8.971693992614746
9264,nan,-0.1498352289199829,inf,14.114588737487793,0.11387939751148224
9337,nan,-0.1524284929037094,inf,23.73520278930664,0.0004333496035542339
9394,nan,-0.14692461490631104,inf,9.148224830627441,0.2127426117658615
9422,nan,0.9785596132278442,inf,3.2528655529022217,22.00318717956543
9475,nan,-0.13100481033325195,inf,9.058122634887695,0.5919272303581238
9489,nan,-0.14258426427841187,inf,9.789237022399902,0.5824320912361145
9495,nan,-0.1431267410516739,inf,9.783215522766113,0.12179243564605713
9510,nan,-0.15240953862667084,inf,22.944963455200195,0.0009620666387490928
9516,nan,-0.050791677087545395,inf,8.680766105651855,3.2177391052246094
9547,nan,-0.15095536410808563,inf,12.70068645477295,0.055331479758024216
9564,nan,0.35051044821739197,inf,4.504573822021484,15.465716361999512
9613,nan,-0.14953173696994781,inf,13.848215103149414,0.18729983270168304
9626,nan,-0.15243491530418396,inf,25.290695190429688,0.0
9650,nan,-0.1520926058292389,inf,18.076091766357422,0.012796021066606045
9651,nan,-0.14980697631835938,inf,11.28795337677002,0.028937531635165215
9662,nan,-0.03220679610967636,inf,5.594817638397217,1.6294300556182861
9688,nan,-0.1434386521577835,inf,10.91208267211914,0.44907790422439575
9694,nan,-0.15220168232917786,inf,14.05156135559082,0.010352897457778454
9711,nan,0.45069050788879395,inf,3.617323398590088,19.628786087036133
9763,nan,-0.0658220574259758,inf,7.874025821685791,1.0201658010482788
9836,nan,-0.12832166254520416,inf,9.258540153503418,0.9733973741531372
9859,nan,-0.1523410528898239,inf,16.530920028686523,0.004037094302475452
9873,nan,-0.08456700295209885,inf,11.114200592041016,0.5093750953674316
9887,nan,-0.15214179456233978,inf,17.81459617614746,0.01118612289428711
9903,nan,0.03342217579483986,inf,6.449293613433838,5.47206974029541
9915,nan,-0.15189135074615479,inf,14.230900764465332,0.014985657297074795
10039,nan,0.05971203371882439,inf,5.91329288482666,7.784544467926025
10049,nan,-0.15239517390727997,inf,18.80659294128418,0.0026554109062999487
10052,nan,-0.14753837883472443,inf,12.161419868469238,0.12380533665418625
10088,nan,-0.1424628347158432,inf,14.421266555786133,0.38575610518455505
10096,nan,-0.15197323262691498,inf,10.483964920043945,0.02481178008019924
10099,nan,5.467566967010498,inf,1.417183518409729,101.63814544677734
10197,nan,-0.15192173421382904,inf,14.191093444824219,0.027165723964571953
10241,nan,-0.15471334755420685,inf,4.064339637756348,12.933255195617676
10309,nan,-0.1518334597349167,inf,16.458499908447266,0.03110494650900364
10376,nan,0.10999377071857452,inf,5.573089122772217,10.09268569946289
10392,nan,-0.1514437049627304,inf,13.536531448364258,0.024728775024414062
10438,nan,-0.13857005536556244,inf,10.860427856445312,0.2189430296421051
10539,nan,-0.15250083804130554,inf,17.316614151000977,-0.008493232540786266
10583,nan,-0.1286485195159912,inf,10.593412399291992,0.2598646581172943
10586,nan,-0.06546414643526077,inf,7.224605083465576,3.60163950920105
10635,nan,-0.1413017362356186,inf,10.070094108581543,0.4566093385219574
10658,nan,-0.18707378208637238,inf,5.727636814117432,-0.9936010241508484
10663,nan,-0.14222030341625214,inf,13.718193054199219,0.36964425444602966
10692,nan,-0.09432347863912582,inf,8.646907806396484,3.1458442211151123
10764,nan,-0.13788869976997375,inf,10.51401424407959,0.11010084301233292
10777,nan,-0.10396631807088852,inf,7.040463924407959,1.7551487684249878
10781,nan,0.6720638275146484,inf,5.336414813995361,14.161967277526855
10895,nan,-0.15032030642032623,inf,16.82784080505371,0.07960166782140732
10918,nan,-0.13463075459003448,inf,10.580644607543945,0.5877553820610046
10937,nan,-0.14859777688980103,inf,17.597169876098633,0.15309830009937286
10986,nan,0.25952228903770447,inf,4.951082229614258,18.744731903076172
10994,nan,-0.05708244442939758,inf,6.120471954345703,1.2413748502731323
11010,nan,-0.10620414465665817,inf,9.587882041931152,0.7110449075698853
11013,nan,-0.15222357213497162,inf,18.50635528564453,0.009410190396010876
11109,nan,-0.14809975028038025,inf,11.796674728393555,0.11227688938379288
11119,nan,-0.0907479003071785,inf,11.665264129638672,2.2550621032714844
11217,nan,-0.1524340808391571,inf,22.547863006591797,4.882812572759576e-05
11302,nan,-0.15253600478172302,inf,15.83777904510498,0.00031280517578125
11307,nan,-0.1523974984884262,inf,20.616844177246094,0.0020263672340661287
11332,nan,-0.1474549025297165,inf,12.64334774017334,0.3433534801006317
11353,nan,-0.14811381697654724,inf,15.424527168273926,0.029449081048369408
11364,nan,0.023395415395498276,inf,8.776122093200684,6.137714862823486
11404,nan,-0.02824198082089424,inf,7.4737067222595215,3.771383285522461
11414,nan,0.18707264959812164,inf,3.0424952507019043,9.036081314086914
11463,nan,-0.15242694318294525,inf,19.44516944885254,0.0005134582752361894
11472,nan,-0.1524021178483963,inf,16.468585968017578,0.0010388374794274569
11475,nan,-0.15206633508205414,inf,15.474871635437012,0.009358418174088001
11478,nan,-0.14591777324676514,inf,10.519723892211914,0.3072237968444824
11489,nan,0.050980567932128906,inf,3.4325363636016846,6.670474529266357
11537,nan,-0.15232406556606293,inf,15.46446418762207,0.0011828423012048006
11547,nan,-0.1524410992860794,inf,18.398550033569336,-0.0002660989703144878
11600,nan,-0.15240029990673065,inf,18.02951431274414,0.001957470318302512
11613,nan,-0.15241746604442596,inf,16.172117233276367,0.0003292083856649697
11624,nan,-0.11856081336736679,inf,10.288330078125,0.9360599517822266
11683,nan,-0.0823972299695015,inf,11.340665817260742,3.068920850753784
11692,nan,0.6475819945335388,inf,3.1948776245117188,17.613479614257812
11738,nan,-0.14524047076702118,inf,8.877782821655273,0.20752814412117004
11748,nan,-0.15242576599121094,inf,20.92828941345215,0.0005844116094522178
11774,nan,0.6299928426742554,inf,4.592141151428223,13.888089179992676
11794,nan,-0.14605236053466797,inf,14.135475158691406,0.13133125007152557
11820,nan,-0.08673953264951706,inf,7.98358678817749,2.9755172729492188
11827,nan,-0.15899626910686493,inf,14.07768726348877,-0.2627437114715576
11831,nan,-0.15240469574928284,inf,17.709692001342773,0.0016489059198647738
11929,nan,-0.13680632412433624,inf,11.648256301879883,0.8396400809288025
11976,nan,-0.14975357055664062,inf,19.509916305541992,0.1832130402326584
11986,nan,-0.11066737025976181,inf,7.6566009521484375,2.7116684913635254
12060,nan,-0.1418953835964203,inf,10.429834365844727,0.12159440666437149
12134,nan,-0.1530076116323471,inf,9.385998725891113,0.08630180358886719
12137,nan,0.1442577987909317,inf,4.98447847366333,9.273153305053711
12166,nan,0.29763469099998474,inf,4.708419322967529,19.211809158325195
12171,nan,-0.10998493432998657,inf,9.046278953552246,0.6284701228141785
12181,nan,-0.14939147233963013,inf,10.89336109161377,0.10446419566869736
12182,nan,-0.05823391675949097,inf,9.965408325195312,3.6301496028900146
12191,nan,-0.0218043215572834,inf,6.700419902801514,4.898927211761475
12193,nan,-0.15071900188922882,inf,15.734315872192383,0.06760557740926743
12238,nan,-0.07178482413291931,inf,7.706535339355469,1.6677992343902588
12243,nan,0.0034724511206150055,inf,7.862501621246338,2.948110342025757
12254,nan,-0.1523887813091278,inf,14.746005058288574,0.002090930938720703
12259,nan,-0.15075059235095978,inf,10.211079597473145,0.025459622964262962
12262,nan,-0.15082500874996185,inf,16.46869468688965,0.09690432995557785
12266,nan,-0.1459842175245285,inf,8.781378746032715,0.08306503295898438
12276,nan,-0.1524343639612198,inf,23.722904205322266,2.918243444582913e-05
12304,nan,0.2595011293888092,inf,5.3273820877075195,15.31390380859375
12320,nan,-0.04904436692595482,inf,7.445984840393066,2.9872477054595947
12326,nan,0.16875354945659637,inf,5.394881725311279,7.39309549331665
12332,nan,-0.15198472142219543,inf,13.905486106872559,0.01167373638600111
12335,nan,-0.14490516483783722,inf,8.969874382019043,0.48219212889671326
12351,nan,-0.15028510987758636,inf,12.557063102722168,0.10357484966516495
12376,nan,-0.11388249695301056,inf,9.121668815612793,0.7947247624397278
12385,nan,-0.15240377187728882,inf,17.81336212158203,0.0015142441261559725
12433,nan,-0.15213818848133087,inf,15.921136856079102,0.01020803488790989
12510,nan,-0.152422696352005,inf,22.78958511352539,0.0006093978881835938
12540,nan,-0.09939692169427872,inf,7.240058898925781,0.917493462562561
12557,nan,-0.15198181569576263,inf,14.460965156555176,0.02986598014831543
12574,nan,-0.1524198204278946,inf,24.128097534179688,0.001007080078125
12576,nan,-0.15233568847179413,inf,18.005094528198242,0.0066070556640625
12665,nan,-0.14995300769805908,inf,10.392928123474121,0.07663869857788086
12716,nan,-0.07370730489492416,inf,6.347406387329102,1.6127229928970337
12722,nan,-0.15243472158908844,inf,21.588708877563477,5.4359438763640355e-06
12734,nan,2.6562016010284424,inf,2.0219342708587646,126.15753173828125
12747,nan,-0.1523457169532776,inf,21.425403594970703,0.00604248046875
12759,nan,0.3480461537837982,inf,5.076170921325684,10.20502758026123
12768,nan,-0.1524343341588974,inf,24.51405906677246,2.1457672119140625e-05
12916,nan,-0.15143230557441711,inf,16.468278884887695,0.038559939712285995
12938,nan,-0.09597509354352951,inf,6.971595287322998,1.1108559370040894
12949,nan,-0.14108988642692566,inf,11.794894218444824,0.29677125811576843
13001,nan,0.5178213119506836,inf,4.7892889976501465,15.917403221130371
13003,nan,-0.1506170630455017,inf,10.359786987304688,0.043848324567079544
13051,nan,-0.12637752294540405,inf,10.046167373657227,0.4249275326728821
13076,nan,-0.15202535688877106,inf,17.90788459777832,0.02758643589913845
13095,nan,-0.14694681763648987,inf,12.01027774810791,0.1735992282629013
13099,nan,-0.1379832923412323,inf,8.062933921813965,0.42750677466392517
13109,nan,0.004675924777984619,inf,4.793816089630127,3.1934802532196045
13127,nan,-0.05934400111436844,inf,7.705742835998535,2.139636278152466
13131,nan,-0.14678357541561127,inf,12.633373260498047,0.16572991013526917
13150,nan,0.3127566874027252,inf,5.881002902984619,7.479770183563232
13259,nan,-0.1520720273256302,inf,15.310043334960938,0.01877906359732151
13290,nan,-0.11405526846647263,inf,7.774058818817139,0.5265752673149109
13312,nan,0.2839389145374298,inf,4.642189025878906,7.781238079071045
13383,nan,-0.1272944062948227,inf,9.522550582885742,0.5786964297294617
13414,nan,0.0562862753868103,inf,7.2835588455200195,5.57970666885376
13432,nan,-0.15005573630332947,inf,14.731770515441895,0.027043914422392845
13436,nan,-0.15242871642112732,inf,19.749418258666992,0.00019187926955055445
13441,nan,-0.15193401277065277,inf,12.06006908416748,0.0208924300968647
13450,nan,0.9301525950431824,inf,4.442336559295654,38.051448822021484
13452,nan,-0.11510028690099716,inf,10.55974006652832,1.4546607732772827
13501,nan,-0.15230943262577057,inf,15.508417129516602,0.005186844151467085
13513,nan,-0.15212707221508026,inf,13.53288459777832,0.010455605573952198
13539,nan,-0.1509389579296112,inf,11.482436180114746,0.034332990646362305
13576,nan,-0.15236391127109528,inf,19.67340087890625,0.003185272216796875
13591,nan,0.396844744682312,inf,3.450207233428955,12.764261245727539
13593,nan,-0.1488877832889557,inf,9.885961532592773,0.10742664337158203
13594,nan,-0.15211935341358185,inf,14.201888084411621,0.009366643615067005
13610,nan,-0.10524702072143555,inf,14.554875373840332,1.7524452209472656
13682,nan,-0.10561759769916534,inf,8.291418075561523,0.5430747866630554
13722,nan,-0.08977890759706497,inf,8.59765338897705,0.9028103947639465
13733,nan,-0.15222881734371185,inf,15.931182861328125,0.010086250491440296
13746,nan,-0.14834651350975037,inf,12.647027015686035,0.15999984741210938
13784,nan,2.1198623180389404,inf,2.8578357696533203,64.59255981445312
13790,nan,-0.14603082835674286,inf,10.18138599395752,0.27758991718292236
13829,nan,0.23223721981048584,inf,4.573318004608154,10.023016929626465
13839,nan,-0.1201508417725563,inf,8.435976028442383,1.144716739654541
13853,nan,-0.15223176777362823,inf,14.696476936340332,0.005870533175766468
13868,nan,-0.15237800776958466,inf,18.751842498779297,0.002766132354736328
13884,nan,-0.1523534059524536,inf,17.853120803833008,0.0042968750931322575
13973,nan,-0.15048269927501678,inf,14.642572402954102,0.011986923404037952
14029,nan,-0.1508008986711502,inf,11.788973808288574,0.01585162989795208
14055,nan,-0.15127119421958923,inf,12.75745677947998,0.06636910885572433
14074,nan,0.12916040420532227,inf,5.636693000793457,4.613101005554199
14128,nan,0.1361183226108551,inf,6.289328098297119,6.4985198974609375
14143,nan,-0.15146498382091522,inf,12.207951545715332,0.03665630891919136
14158,nan,0.3584292531013489,inf,4.1323676109313965,13.056851387023926
14174,nan,-0.15238575637340546,inf,15.450377464294434,0.0005358696216717362
14210,nan,-0.14477214217185974,inf,13.00830364227295,0.21316643059253693
14288,nan,-0.15081356465816498,inf,12.810080528259277,0.05503812059760094
14337,nan,-0.15219126641750336,inf,16.625715255737305,0.004140091128647327
14396,nan,-0.1524135321378708,inf,18.05048179626465,0.0009711265447549522
14442,nan,-0.0526229627430439,inf,8.865296363830566,2.4891648292541504
14466,nan,-0.1449023336172104,inf,11.507122993469238,0.2892623841762543
14467,nan,-0.15241102874279022,inf,19.130126953125,0.001430511474609375
14600,nan,-0.1523648053407669,inf,16.95183753967285,0.002099299570545554
14677,nan,-0.15206967294216156,inf,13.596219062805176,0.012387561611831188
14708,nan,0.11971106380224228,inf,7.007674694061279,8.169466018676758
14716,nan,-0.15211719274520874,inf,13.93077278137207,0.00832214392721653
14801,nan,-0.1524178832769394,inf,18.279943466186523,0.00044188500032760203
14817,nan,0.6929908394813538,inf,3.5918450355529785,23.09732437133789
14847,nan,-0.15230858325958252,inf,18.444686889648438,0.008339119143784046
14917,nan,-0.15142911672592163,inf,12.08300495147705,0.023163199424743652
15017,nan,-0.14946956932544708,inf,12.554705619812012,0.11225366592407227
15090,nan,1.4669575691223145,inf,4.693896293640137,25.003768920898438
15101,nan,1.3174494504928589,inf,4.756913661956787,40.781341552734375
15205,nan,-0.13367894291877747,inf,13.065164566040039,0.7120334506034851
15244,nan,0.4984651207923889,inf,4.079661846160889,22.58429527282715
15278,nan,-0.14990274608135223,inf,10.940360069274902,0.07080111652612686
15325,nan,0.4649617373943329,inf,5.27948522567749,19.865293502807617
15385,nan,-0.15211591124534607,inf,11.927191734313965,0.01614377461373806
15396,nan,-0.1501246839761734,inf,11.165546417236328,0.04511451721191406
15468,nan,-0.12021849304437637,inf,7.2724833488464355,0.5163561701774597
15476,nan,-0.1524169147014618,inf,22.23777961730957,0.001177978585474193
15493,nan,-0.1524234265089035,inf,18.089107513427734,0.0003461599408183247
15608,nan,-0.15242700278759003,inf,24.584627151489258,0.0005279541364870965
15635,nan,-0.1523345708847046,inf,18.61000633239746,0.002888208720833063
15660,nan,-0.152391254901886,inf,18.017179489135742,0.0013023376232013106
15676,nan,-0.15234164893627167,inf,17.634214401245117,0.0015391827328130603
15689,nan,-0.11417318880558014,inf,8.009029388427734,0.5727426409721375
15712,nan,0.29662030935287476,inf,5.926167011260986,9.5421724319458
15716,nan,-0.14382028579711914,inf,12.340699195861816,0.31061574816703796
15730,nan,-0.15242290496826172,inf,21.19929313659668,0.0005176544073037803
15732,nan,-0.15242329239845276,inf,16.118547439575195,0.0002649307425599545
15750,nan,-0.09565526247024536,inf,14.729545593261719,1.0649269819259644
15779,nan,-0.15239159762859344,inf,18.624242782592773,0.0017003774410113692
15864,nan,-0.15206830203533173,inf,15.6311616897583,0.016170501708984375
15907,nan,-0.138595312833786,inf,11.033340454101562,0.8504249453544617
15915,nan,0.434840589761734,inf,4.750871181488037,27.33306884765625
15991,nan,0.4396180212497711,inf,5.3393073081970215,9.108366966247559
16169,nan,0.24952979385852814,inf,5.515954494476318,12.408026695251465
16188,nan,-0.14433333277702332,inf,11.584785461425781,0.055138494819402695
16218,nan,-0.15221035480499268,inf,13.429618835449219,0.01581413857638836
16224,nan,0.6371640563011169,inf,4.875372409820557,33.70174789428711
16232,nan,-0.15241639316082,inf,15.356531143188477,0.0006755829090252519
16279,nan,0.2785322666168213,inf,5.762450218200684,11.223222732543945
16304,nan,-0.14661484956741333,inf,13.865656852722168,0.2146865874528885
16330,nan,-0.1524343192577362,inf,18.966720581054688,4.1961669921875e-05
16363,nan,-0.12144657224416733,inf,7.232370853424072,0.48220616579055786
16378,nan,-0.15203145146369934,inf,13.245475769042969,0.011938142590224743
16395,nan,-0.14365176856517792,inf,10.670123100280762,0.17993859946727753
16409,nan,-0.1447061151266098,inf,10.517191886901855,0.17751529812812805
16426,nan,-0.0742119774222374,inf,9.062676429748535,4.2412028312683105
16448,nan,-0.15243491530418396,inf,37.77193069458008,0.0
16453,nan,-0.15243345499038696,inf,25.819204330444336,9.71794142969884e-05
16465,nan,-0.15194138884544373,inf,15.48228645324707,0.026795780286192894
16467,nan,-0.04625759646296501,inf,7.584535121917725,5.192323207855225
16496,nan,-0.15242959558963776,inf,22.68214225769043,0.0003608703555073589
16561,nan,-0.15239891409873962,inf,17.19350814819336,0.001374101615510881
16589,nan,-0.06326200813055038,inf,6.186603546142578,2.4721744060516357
16618,nan,-0.14176610112190247,inf,8.9509916305542,0.19148026406764984
16642,nan,-0.0346447192132473,inf,7.764510631561279,2.9381721019744873
16650,nan,-0.15234000980854034,inf,17.26642417907715,0.004268646240234375
16652,nan,-0.15238282084465027,inf,17.25136375427246,0.0012529969681054354
16729,nan,1.8000417947769165,inf,3.261843204498291,38.280635833740234
16758,nan,-0.07700912654399872,inf,8.313122749328613,1.2822656631469727
16783,nan,-0.15211090445518494,inf,17.449560165405273,0.011035538278520107
16789,nan,-0.15172331035137177,inf,13.457931518554688,0.027553701773285866
16792,nan,-0.1530756801366806,inf,13.423158645629883,-0.03602199628949165
16804,nan,-0.15243063867092133,inf,18.343311309814453,0.00017032623873092234
16812,nan,-0.1391327977180481,inf,9.816009521484375,0.13582418859004974
16871,nan,-0.1465672254562378,inf,11.19611644744873,0.11504564434289932
16884,nan,-0.1508617252111435,inf,11.067687034606934,0.050612639635801315
16889,nan,-0.11887015402317047,inf,8.45923900604248,1.5235110521316528
16891,nan,-0.1521548628807068,inf,17.58677864074707,0.014162421226501465
17009,nan,-0.15081068873405457,inf,10.559447288513184,0.05397186428308487
17015,nan,0.41936299204826355,inf,7.807570934295654,26.36077880859375
17049,nan,-0.1362428069114685,inf,10.20398998260498,0.8563898205757141
17063,nan,-0.1523732990026474,inf,16.095094680786133,0.0019740702118724585
17067,nan,-0.15113887190818787,inf,11.584582328796387,0.06706409901380539
17082,nan,-0.11866326630115509,inf,13.489320755004883,0.8316099047660828
17102,nan,-0.08070903271436691,inf,8.664237976074219,1.7075843811035156
17109,nan,-0.1019972711801529,inf,15.640353202819824,1.5163367986679077
17131,nan,-0.1517491489648819,inf,12.533515930175781,0.02040276490151882
17152,nan,-0.1524309366941452,inf,22.42031478881836,0.0002601623709779233
17175,nan,-0.15244822204113007,inf,17.280052185058594,-0.00028392524109221995
17176,nan,-0.15129292011260986,inf,14.277320861816406,0.028352737426757812
17181,nan,-0.048146795481443405,inf,6.76703405380249,1.7805601358413696
17256,nan,-0.14855097234249115,inf,10.466933250427246,0.10892003774642944
17297,nan,-0.1291312724351883,inf,11.01718807220459,1.0071489810943604
17298,nan,-0.1316356360912323,inf,9.377628326416016,0.6464279294013977
17300,nan,-0.15236690640449524,inf,14.943964004516602,0.0019108772976323962
17310,nan,-0.15202797949314117,inf,17.78502655029297,0.00627403287217021
17315,nan,-0.15242983400821686,inf,22.840194702148438,0.00033588410587981343
17316,nan,-0.15227942168712616,inf,13.989877700805664,0.006556034088134766
17375,nan,0.034886330366134644,inf,13.2002534866333,1.6544402837753296
17424,nan,0.007117734756320715,inf,5.267883777618408,3.383716583251953
17438,nan,-0.1524086743593216,inf,18.567750930786133,0.0015299797523766756
17546,nan,-0.15242750942707062,inf,18.992610931396484,0.00021591187396552414
17578,nan,-0.14920662343502045,inf,10.736654281616211,0.07125721126794815
17697,nan,0.2008497714996338,inf,4.604104042053223,7.9935526847839355
17711,nan,-0.1517844945192337,inf,15.476702690124512,0.014210510067641735
17725,nan,-0.15238742530345917,inf,14.08185863494873,0.0018507003551349044
17733,nan,-0.15242230892181396,inf,15.932293891906738,0.0002644539054017514
17785,nan,-0.1360178142786026,inf,10.894232749938965,0.3438568115234375
17794,nan,-0.1433510035276413,inf,9.325383186340332,0.1812484711408615
17861,nan,-0.15242162346839905,inf,23.200428009033203,0.0005065918085165322
17973,nan,-0.1520884931087494,inf,13.134745597839355,0.00985798891633749
17978,nan,-0.15235856175422668,inf,16.163999557495117,0.0018085479969158769
17983,nan,0.3038695454597473,inf,6.034258842468262,9.13036823272705
18017,nan,2.3590645790100098,inf,3.76581072807312,67.99849700927734
18018,nan,-0.05673370510339737,inf,7.888072490692139,-1.0206230878829956
18049,nan,-0.15242423117160797,inf,19.21722412109375,0.0004745483456645161
18065,nan,-0.08021116256713867,inf,8.392204284667969,0.9102075695991516
18083,nan,-0.1384279727935791,inf,12.130777359008789,0.3752654194831848
18120,nan,0.47644686698913574,inf,3.492274522781372,18.326213836669922
18138,nan,-0.15239949524402618,inf,20.00788688659668,0.0014312744606286287
18146,nan,-0.15114079415798187,inf,16.136985778808594,0.02814331091940403
18158,nan,0.39049506187438965,inf,7.747297763824463,5.233862400054932
18162,nan,-0.15198124945163727,inf,19.20850944519043,0.00560264615342021
18166,nan,-0.02124524489045143,inf,7.884408473968506,1.4702105522155762
18257,nan,-0.1517307609319687,inf,11.820883750915527,0.04113626480102539
18329,nan,-0.0828726515173912,inf,8.106205940246582,2.1434764862060547
18383,nan,-0.15130943059921265,inf,12.033907890319824,-0.11175580322742462
18398,nan,-0.15241946280002594,inf,20.220121383666992,0.0007009506225585938
18400,nan,-0.15220867097377777,inf,19.291358947753906,0.0063079833053052425
18411,nan,-0.15002940595149994,inf,14.206872940063477,0.11870842427015305
18452,nan,0.1980525106191635,inf,6.726861476898193,5.538212776184082
18462,nan,-0.1538909524679184,inf,15.094050407409668,-0.005241012666374445
18523,nan,-0.014986894093453884,inf,5.872352123260498,4.452851295471191
18527,nan,-0.15194781124591827,inf,11.98073673248291,0.018343186005949974
18586,nan,-0.15179480612277985,inf,12.815879821777344,0.02480497397482395
18713,nan,-0.034551870077848434,inf,9.014554023742676,1.1479064226150513
18721,nan,-0.14678220450878143,inf,17.968456268310547,0.37668225169181824
18774,nan,-0.1404392272233963,inf,11.158953666687012,0.23882737755775452
18806,nan,-0.15232069790363312,inf,17.570465087890625,0.0074714659713208675
18831,nan,-0.152162566781044,inf,14.637738227844238,0.010619306936860085
18852,nan,-0.15169046819210052,inf,14.354782104492188,0.021884918212890625
18903,nan,-0.15235112607479095,inf,14.364468574523926,0.003930532839149237
18906,nan,0.682681679725647,inf,4.370748043060303,20.83885955810547
18912,nan,-0.14784130454063416,inf,10.753565788269043,0.15381255745887756
18924,nan,1.2923980951309204,inf,4.447206020355225,17.020225524902344
19006,nan,-0.14697952568531036,inf,10.41486644744873,0.25683778524398804
19034,nan,-0.15215466916561127,inf,10.885736465454102,0.007111740298569202
19035,nan,-0.1524328738451004,inf,23.3836727142334,0.00010986328561557457
19084,nan,-0.15243373811244965,inf,19.455829620361328,7.076263864291832e-05
19124,nan,-0.1274428367614746,inf,13.238879203796387,0.5560058951377869
19187,nan,0.3875714838504791,inf,6.344481945037842,18.06262969970703
19206,nan,-0.1518344134092331,inf,16.078472137451172,0.028523731976747513
19238,nan,-0.15241117775440216,inf,17.302928924560547,0.00098419189453125
19245,nan,-0.15218299627304077,inf,18.21291160583496,0.016781045123934746
19298,nan,-0.1305616945028305,inf,11.792402267456055,1.215486764907837
19304,nan,0.059477921575307846,inf,5.569962978363037,4.328212261199951
19309,nan,-0.11798274517059326,inf,9.759490013122559,1.337754726409912
19365,nan,-0.15136681497097015,inf,13.68500804901123,0.041420746594667435
19375,nan,-0.15026798844337463,inf,11.025288581848145,0.07570075988769531
19398,nan,-0.15197637677192688,inf,16.688980102539062,0.015181541442871094
19446,nan,0.050782132893800735,inf,6.048801422119141,9.181498527526855
19453,nan,-0.14397726953029633,inf,10.709466934204102,0.33373498916625977
19472,nan,-0.1448623090982437,inf,9.485504150390625,0.21028585731983185
19496,nan,-0.14963321387767792,inf,12.543912887573242,0.08178539574146271
19533,nan,-0.15239951014518738,inf,16.24616813659668,0.0017047881847247481
19541,nan,0.7536157369613647,inf,2.6485049724578857,11.52006721496582
19559,nan,-0.12855784595012665,inf,10.01672077178955,0.4070930480957031
19596,nan,-0.12572893500328064,inf,10.559341430664062,0.5280800461769104
19603,nan,-0.15201790630817413,inf,15.365157127380371,0.018975524231791496
19611,nan,-0.14854159951210022,inf,13.1179780960083,0.13973359763622284
19742,nan,-0.15235745906829834,inf,16.129892349243164,0.0028373717796057463
19767,nan,-0.15100067853927612,inf,11.182981491088867,0.05622401461005211
19825,nan,-0.15186762809753418,inf,12.38125991821289,0.017963791266083717
19831,nan,-0.13902367651462555,inf,8.967907905578613,0.33461862802505493
19883,nan,-0.14376185834407806,inf,14.461970329284668,0.1951885223388672
19896,nan,-0.13786113262176514,inf,10.49047565460205,0.29914435744285583
19992,nan,-0.1515101045370102,inf,9.679617881774902,0.10458240658044815
20002,nan,-0.15242552757263184,inf,19.773426055908203,0.0005729675176553428
20006,nan,0.7904292941093445,inf,4.397281169891357,25.038223266601562
20007,nan,-0.1500527411699295,inf,9.982786178588867,-0.0011534810764715075
20035,nan,-0.16274331510066986,inf,12.765978813171387,0.02312002144753933
20037,nan,-0.15103420615196228,inf,13.657243728637695,0.060814954340457916
20039,nan,-0.14902375638484955,inf,14.227371215820312,0.1762443631887436
20063,nan,-0.1501886546611786,inf,12.320783615112305,0.10347855091094971
20098,nan,0.8807705044746399,inf,6.585261821746826,40.293514251708984
20110,nan,0.6284578442573547,inf,5.624603748321533,23.01777458190918
20125,nan,-0.05745864659547806,inf,5.893649578094482,3.7756173610687256
20130,nan,-0.15176963806152344,inf,15.49753475189209,0.02328796498477459
20190,nan,0.9513503313064575,inf,3.087054967880249,28.5416259765625
20201,nan,-0.14484305679798126,inf,16.645559310913086,0.05446052551269531
20263,nan,-0.14056921005249023,inf,10.556914329528809,0.44047433137893677
20308,nan,-0.15151284635066986,inf,14.408957481384277,0.019797135144472122
20347,nan,0.6902232766151428,inf,4.605823993682861,21.25334358215332
20396,nan,-0.15181182324886322,inf,15.952722549438477,0.035372164100408554
20410,nan,-0.1523679792881012,inf,16.298566818237305,0.002405548235401511
20448,nan,-0.15236960351467133,inf,19.89186668395996,0.0029136657249182463
20459,nan,-0.13666509091854095,inf,10.488741874694824,0.4111940562725067
20466,nan,-0.15116171538829803,inf,15.560953140258789,0.08563315868377686
20494,nan,-0.1491016298532486,inf,12.780658721923828,0.11185779422521591
20553,nan,-0.047718536108732224,inf,9.745972633361816,1.3970295190811157
20566,nan,-0.15173761546611786,inf,11.99985122680664,0.01441813725978136
20589,nan,-0.15242727100849152,inf,20.43857765197754,0.000377655029296875
20612,nan,1.937601089477539,inf,3.140745162963867,43.13653564453125
20615,nan,-0.1522621065378189,inf,14.496004104614258,0.008787727914750576
20630,nan,0.8483023047447205,inf,3.566587448120117,26.72922706604004
20635,nan,-0.08794239163398743,inf,7.1269707679748535,1.2110077142715454
20660,nan,-0.1383090317249298,inf,11.060835838317871,0.27255821228027344
20666,nan,-0.139325812458992,inf,16.53289794921875,0.7937257885932922
20718,nan,-0.11345274746417999,inf,7.3482208251953125,1.3048804998397827
20748,nan,-0.1512824296951294,inf,14.06029987335205,0.04667377471923828
20775,nan,0.26891061663627625,inf,4.690097808837891,14.952227592468262
20850,nan,-0.11911016702651978,inf,10.107733726501465,1.4069080352783203
20854,nan,-0.15115664899349213,inf,13.09715461730957,0.036376047879457474
20859,nan,-0.06671302020549774,inf,8.472142219543457,2.6063287258148193
20860,nan,-0.15200215578079224,inf,14.154797554016113,0.023129630833864212
20863,nan,-0.15125463902950287,inf,11.45913314819336,0.030321884900331497
20867,nan,-0.15226617455482483,inf,15.345680236816406,0.006777381990104914
20901,nan,-0.12860707938671112,inf,9.048148155212402,0.16888904571533203
20913,nan,-0.15242208540439606,inf,19.75205421447754,0.0004876136954408139
20944,nan,-0.15317629277706146,inf,8.720267295837402,0.13316650688648224
21062,nan,-0.1510864496231079,inf,16.545120239257812,0.09189176559448242
21075,nan,-0.062305133789777756,inf,6.266907215118408,2.3470206260681152
21079,nan,-0.15243183076381683,inf,22.668733596801758,0.0001655578671488911
21095,nan,0.5680206418037415,inf,5.08251428604126,15.767233848571777
21133,nan,-0.15238112211227417,inf,16.126184463500977,0.002870750380679965
21135,nan,-0.15201102197170258,inf,13.987425804138184,0.008636903949081898
21155,nan,-0.06225789710879326,inf,6.074517726898193,0.9809485673904419
21164,nan,-0.12156768888235092,inf,8.472975730895996,0.7884319424629211
21165,nan,0.013920447789132595,inf,6.8893914222717285,6.496640205383301
21219,nan,-0.15243099629878998,inf,19.631622314453125,0.0002552032528910786
21250,nan,-0.15236841142177582,inf,14.651965141296387,0.0037505149375647306
21311,nan,-0.15042388439178467,inf,12.413143157958984,0.0768691822886467
21316,nan,0.18647365272045135,inf,6.549375057220459,9.400181770324707
21403,nan,-0.13510151207447052,inf,10.911627769470215,0.4235334098339081
21433,nan,-0.15165463089942932,inf,16.127225875854492,0.01783294789493084
21522,nan,-0.15243491530418396,inf,29.233062744140625,0.0
21564,nan,1.362881064414978,inf,4.783334732055664,36.53156661987305
21602,nan,-0.01386195607483387,inf,6.258666038513184,2.932511806488037
21604,nan,-0.14657263457775116,inf,9.850143432617188,0.1490333527326584
21666,nan,-0.15068264305591583,inf,17.74833106994629,0.0666423812508583
21706,nan,-0.15222394466400146,inf,16.248464584350586,0.007751846220344305
21757,nan,0.3169446289539337,inf,7.272552013397217,16.749948501586914
21805,nan,-0.1524013727903366,inf,18.922229766845703,0.0014435768825933337
21815,nan,0.046949438750743866,inf,6.91839599609375,2.2947986125946045
21829,nan,0.10133396834135056,inf,7.202450752258301,6.284451961517334
21835,nan,-0.15178409218788147,inf,13.742655754089355,0.03466195985674858
21850,nan,-0.15156102180480957,inf,12.973971366882324,0.029885435476899147
21853,nan,0.8682414889335632,inf,3.114678144454956,22.18231201171875
21890,nan,-0.15181033313274384,inf,13.301152229309082,0.01924879662692547
21916,nan,-0.14915910363197327,inf,8.881407737731934,0.18970298767089844
21952,nan,-0.15242739021778107,inf,18.8701229095459,0.00033826829167082906
22012,nan,-0.13628289103507996,inf,8.793692588806152,0.5563625693321228
22037,nan,-0.15087735652923584,inf,14.189600944519043,0.07803153991699219
22045,nan,-0.15191508829593658,inf,12.858194351196289,0.02068338356912136
22050,nan,-0.08906868100166321,inf,8.744037628173828,2.12964129447937
22097,nan,-0.1490199863910675,inf,12.093727111816406,0.09052687138319016
22109,nan,-0.13470494747161865,inf,9.686774253845215,0.5860786437988281
22248,nan,-0.1520664393901825,inf,13.178934097290039,0.01760406605899334
22254,nan,-0.1509542614221573,inf,15.388925552368164,0.058690547943115234
22274,nan,-0.05823139101266861,inf,9.453695297241211,0.5450190901756287
22363,nan,-0.06394260376691818,inf,6.339791774749756,5.924861431121826
22385,nan,-0.152434840798378,inf,19.438535690307617,9.5367431640625e-06
22421,nan,-0.0790824219584465,inf,8.702518463134766,2.712064504623413
22446,nan,-0.14387798309326172,inf,12.22751522064209,0.17645931243896484
22458,nan,-0.08832021057605743,inf,7.581577301025391,1.0880488157272339
22475,nan,-0.15073725581169128,inf,12.276179313659668,0.06320934742689133
22490,nan,-0.1517154425382614,inf,15.628775596618652,0.027374649420380592
22523,nan,-0.15114083886146545,inf,14.14618968963623,0.05773024633526802
22530,nan,-0.15243138372898102,inf,21.55954360961914,0.0002399444638285786
22587,nan,-0.1524147242307663,inf,20.515039443969727,0.0013717651600018144
22696,nan,-0.06342893838882446,inf,8.03635311126709,1.0405120849609375
22702,nan,0.40428534150123596,inf,6.986240386962891,3.9185409545898438
22706,nan,-0.15156373381614685,inf,12.810172080993652,0.04438323900103569
22754,nan,0.2032550424337387,inf,5.454553604125977,7.8696770668029785
22773,nan,-0.1523980051279068,inf,18.592618942260742,0.0015418290859088302
22778,nan,-0.15233255922794342,inf,17.219589233398438,0.004035759251564741
22839,nan,-0.1524348109960556,inf,24.258514404296875,5.817413239128655e-06
22872,nan,0.1320759505033493,inf,5.605033874511719,5.538342475891113
22881,nan,-0.15264025330543518,inf,9.166732788085938,0.21293477714061737
22901,nan,-0.08082083612680435,inf,7.212179660797119,1.9660818576812744
22909,nan,-0.03660786151885986,inf,7.582798004150391,3.403799057006836
22926,nan,0.05761861801147461,inf,7.7281928062438965,3.212488889694214
22983,nan,-0.1186491996049881,inf,8.399846076965332,0.8769723176956177
23022,nan,-0.0731494128704071,inf,8.314865112304688,1.7313034534454346
23037,nan,-0.1503695696592331,inf,10.278820991516113,0.05427675321698189
23088,nan,-0.04573100432753563,inf,6.7039690017700195,2.1890575885772705
23093,nan,-0.15117867290973663,inf,15.817558288574219,0.0116424560546875
23127,nan,-0.13365153968334198,inf,9.22480297088623,0.7092987895011902
23150,nan,-0.15118692815303802,inf,17.3632755279541,0.03781385347247124
23180,nan,-0.15209324657917023,inf,11.608243942260742,0.013224029913544655
23183,nan,-0.14031469821929932,inf,11.42691707611084,0.0771537721157074
23250,nan,-0.08485222607851028,inf,7.695361614227295,1.6265789270401
23304,nan,-0.14402711391448975,inf,15.600374221801758,0.3085136413574219
23305,nan,-0.14893095195293427,inf,16.156652450561523,0.15948162972927094
23308,nan,-0.14958234131336212,inf,11.1537504196167,0.18048715591430664
23321,nan,-0.0418647937476635,inf,6.15042781829834,0.5887982249259949
23346,nan,0.06721814721822739,inf,6.557961463928223,6.2466325759887695
23362,nan,0.4113035202026367,inf,6.396633625030518,8.234430313110352
23405,nan,-0.06693623214960098,inf,9.877833366394043,0.9625415802001953
23409,nan,-0.15231236815452576,inf,16.169937133789062,0.005126619245857
23430,nan,0.10095919668674469,inf,6.527366638183594,6.231958866119385
23488,nan,-0.14269165694713593,inf,11.580977439880371,0.5146222114562988
23506,nan,-0.11702275276184082,inf,13.141173362731934,0.24957548081874847
23590,nan,-0.08653711527585983,inf,10.54233455657959,0.4214077591896057
23641,nan,0.1000887081027031,inf,10.151150703430176,5.35515022277832
23675,nan,-0.15212462842464447,inf,15.816858291625977,0.00876521784812212
23791,nan,-0.054236359894275665,inf,10.428706169128418,5.2864990234375
23802,nan,-0.15243296325206757,inf,20.86686134338379,8.802414231467992e-05
23804,nan,-0.15237493813037872,inf,16.862213134765625,0.00305534596554935
23819,nan,-0.14738675951957703,inf,12.68622875213623,0.13828077912330627
23837,nan,-0.15710030496120453,inf,18.485477447509766,-0.3173557221889496
23866,nan,-0.14184841513633728,inf,13.133624076843262,0.4220423698425293
23884,nan,-0.15197357535362244,inf,13.722834587097168,0.021374894306063652
23885,nan,-0.15232394635677338,inf,17.10070037841797,0.005509757902473211
23925,nan,-0.15242598950862885,inf,22.94722557067871,0.00058746337890625
23951,nan,-0.15015727281570435,inf,14.178009033203125,0.08441414684057236
23956,nan,0.0508640892803669,inf,6.223710536956787,6.333669662475586
23975,nan,-0.15041278302669525,inf,11.141692161560059,0.014632999897003174
24014,nan,0.12078128010034561,inf,6.822618007659912,8.978935241699219
24018,nan,0.6944888830184937,inf,2.9679410457611084,30.68543815612793
24027,nan,-0.1458292156457901,inf,10.920524597167969,0.2675369381904602
24038,nan,0.03467574715614319,inf,10.054259300231934,1.2311056852340698
24072,nan,-0.14544640481472015,inf,16.814884185791016,0.47335052490234375
24087,nan,-0.1469457447528839,inf,10.2277250289917,0.1512993425130844
24145,nan,0.2688926160335541,inf,4.0215840339660645,7.667356014251709
24146,nan,-0.07953908294439316,inf,7.880351543426514,3.6983249187469482
24204,nan,-0.14017996191978455,inf,10.692591667175293,0.32189491391181946
24211,nan,-0.13166512548923492,inf,14.441327095031738,1.118455171585083
24227,nan,-0.1524115651845932,inf,18.638370513916016,0.001284790108911693
24234,nan,-0.14933712780475616,inf,14.042512893676758,0.15468473732471466
24266,nan,0.03629256412386894,inf,7.014294624328613,4.743546962738037
24281,nan,-0.15213535726070404,inf,12.246149063110352,0.004236006643623114
24285,nan,2.771968364715576,inf,3.0108730792999268,59.28253936767578
24302,nan,-0.1456272155046463,inf,10.258848190307617,0.054589271545410156
24307,nan,0.24742336571216583,inf,6.251587867736816,5.932581424713135
24316,nan,-0.15204432606697083,inf,17.098600387573242,0.025826169177889824
24324,nan,-0.1523934155702591,inf,18.88405990600586,0.0023246766068041325
24349,nan,-0.15253399312496185,inf,22.03143310546875,-0.0003853321250062436
24404,nan,-0.08360006660223007,inf,8.797675132751465,3.017346143722534
24486,nan,-0.15137231349945068,inf,13.251190185546875,0.04944038391113281
24487,nan,-0.14931924641132355,inf,11.298299789428711,0.13435478508472443
24495,nan,-0.15243394672870636,inf,19.85552978515625,5.359649730962701e-05
24519,nan,-0.1503755897283554,inf,10.549132347106934,0.051416780799627304
24527,nan,-0.15100273489952087,inf,14.586714744567871,0.05677223205566406
24538,nan,-0.15012644231319427,inf,12.23682975769043,0.026044106110930443
24552,nan,-0.1592700034379959,inf,14.924880027770996,-0.255275160074234
24590,nan,-0.13257072865962982,inf,8.564468383789062,0.35298964381217957
24605,nan,-0.15212613344192505,inf,13.978889465332031,0.0106979850679636
24606,nan,-0.15243297815322876,inf,19.770248413085938,0.0001161575346486643
24609,nan,-0.14819058775901794,inf,11.310511589050293,0.07382917404174805
24634,nan,0.2923142910003662,inf,4.841833114624023,8.786707878112793
24636,nan,0.0057024238631129265,inf,7.948462963104248,3.6401116847991943
24637,nan,-0.15240222215652466,inf,17.716581344604492,0.0003696441708598286
24642,nan,-0.08921121805906296,inf,7.001527309417725,0.8611984252929688
24659,nan,-0.15225066244602203,inf,16.038663864135742,0.008113289251923561
24674,nan,-0.15232931077480316,inf,15.34479808807373,0.004048252012580633
24693,nan,-0.14457492530345917,inf,9.687289237976074,0.25319987535476685
24767,nan,-0.15018993616104126,inf,11.233928680419922,0.05719394609332085
24779,nan,-0.09010663628578186,inf,9.464214324951172,1.9022945165634155
24780,nan,-0.15157395601272583,inf,12.704268455505371,0.023986434563994408
24798,nan,-0.1124362125992775,inf,7.972960948944092,0.5062551498413086
24814,nan,-0.14897464215755463,inf,9.643948554992676,0.06535911560058594
24816,nan,-0.1466073840856552,inf,16.171377182006836,0.2524351179599762
24858,nan,-0.07569381594657898,inf,9.226777076721191,4.101283073425293
24863,nan,-0.15151959657669067,inf,9.7484769821167,0.035814668983221054
24894,nan,-0.14070044457912445,inf,10.631730079650879,0.46810951828956604
24944,nan,-0.1523558646440506,inf,17.170860290527344,0.00221843714825809
24951,nan,0.21843402087688446,inf,5.694519996643066,3.305899143218994
24956,nan,-0.1031259223818779,inf,7.843984127044678,1.4238594770431519
24967,nan,-0.15221597254276276,inf,13.497153282165527,0.008745384402573109
25048,nan,-0.10336784273386002,inf,5.852065086364746,0.8469519019126892
25072,nan,-0.14507608115673065,inf,8.818656921386719,0.22930820286273956
25080,nan,-0.15082253515720367,inf,13.714398384094238,0.03982095792889595
25192,nan,-0.10558372735977173,inf,8.566781997680664,1.5884180068969727
25203,nan,-0.1513492316007614,inf,10.136183738708496,0.08325500786304474
25204,nan,-0.14997372031211853,inf,11.100662231445312,0.06920736283063889
25267,nan,-0.15240365266799927,inf,26.472476959228516,0.002134704729542136
25291,nan,-0.12015102058649063,inf,10.370976448059082,1.0338462591171265
25319,nan,-0.13070796430110931,inf,7.9678053855896,0.4089181125164032
25324,nan,-0.15233628451824188,inf,19.95777130126953,0.004187965299934149
25333,nan,-0.15231308341026306,inf,18.22234344482422,0.007515525911003351
25339,nan,2.161097288131714,inf,0.2214922159910202,76.22188568115234
25351,nan,-0.1517685502767563,inf,14.711377143859863,0.009371185675263405
25373,nan,-0.1522849202156067,inf,15.387410163879395,0.009433174505829811
25388,nan,-0.13116329908370972,inf,12.903816223144531,0.5535951852798462
25402,nan,-0.1505795121192932,inf,11.325339317321777,0.062643863260746
25412,nan,-0.06498198956251144,inf,8.89521312713623,4.859731674194336
25423,nan,-0.11922495812177658,inf,8.861830711364746,1.299993872642517
25439,nan,0.10324784368276596,inf,7.7282257080078125,8.282992362976074
25441,nan,-0.15221624076366425,inf,17.07381820678711,0.01036910992115736
25478,nan,-0.1522819846868515,inf,16.254011154174805,0.006369137670844793
25545,nan,-0.14755545556545258,inf,12.709185600280762,0.1635512411594391
25581,nan,-0.09135176986455917,inf,9.7083158493042,2.956483840942383
25598,nan,-0.13905198872089386,inf,9.4500150680542,0.3092709481716156
25635,nan,-0.11564432829618454,inf,8.335009574890137,0.5244168639183044
25645,nan,-0.15184275805950165,inf,15.78166675567627,0.02051650919020176
25689,nan,-0.15243129432201385,inf,24.114519119262695,0.0001958847133209929
25706,nan,-0.15237657725811005,inf,16.56908416748047,0.0009201049688272178
25794,nan,-0.11073123663663864,inf,8.553353309631348,1.7168024778366089
25857,nan,-0.1150645986199379,inf,9.008814811706543,1.5485156774520874
25875,nan,-0.14828382432460785,inf,10.192145347595215,0.08842609077692032
25895,nan,-0.1354002207517624,inf,7.687077522277832,0.7817580103874207
25897,nan,0.44434529542922974,inf,5.793035507202148,14.070889472961426
25956,nan,1.2298862934112549,inf,3.752918004989624,36.57481002807617
25965,nan,0.05152790620923042,inf,5.885056495666504,7.149024963378906
25998,nan,0.4564114212989807,inf,5.426570415496826,11.704937934875488
26025,nan,-0.1042579934000969,inf,9.049725532531738,0.701134979724884
26056,nan,-0.150591179728508,inf,12.073792457580566,0.05259208753705025
26113,nan,0.30606862902641296,inf,4.774876117706299,9.21707820892334
26162,nan,-0.1509251445531845,inf,13.35435962677002,0.07417688518762589
26188,nan,-0.10829123109579086,inf,8.587369918823242,0.821340024471283
26194,nan,-0.1486005038022995,inf,11.95970344543457,0.1306488960981369
26210,nan,0.9048048853874207,inf,3.8365089893341064,22.830921173095703
26211,nan,-0.1524306982755661,inf,19.54354476928711,0.00015001297288108617
26238,nan,-0.0413961224257946,inf,10.43709945678711,0.517242431640625
26274,nan,-0.1524181365966797,inf,21.686405181884766,0.0010544300312176347
26276,nan,-0.1510130614042282,inf,17.07221031188965,0.0957326889038086
26337,nan,-0.1518191397190094,inf,15.462106704711914,0.01911163330078125
26346,nan,-0.1500638872385025,inf,12.19086742401123,0.07680857181549072
26359,nan,-0.151029571890831,inf,13.145914077758789,0.04323463514447212
26386,nan,-0.14370565116405487,inf,10.88903522491455,0.3901435434818268
26398,nan,-0.0877041220664978,inf,7.991307735443115,2.0408108234405518
26408,nan,-0.1497664451599121,inf,10.864334106445312,0.08479578793048859
26425,nan,0.14584915339946747,inf,4.90880823135376,10.15056037902832
26522,nan,0.3816366493701935,inf,4.645451545715332,12.585637092590332
26543,nan,-0.14807835221290588,inf,10.533456802368164,0.13112984597682953
26615,nan,-0.1524329036474228,inf,21.951017379760742,0.000118255615234375
26617,nan,-0.15160000324249268,inf,17.21851921081543,0.04399413987994194
26645,nan,-0.15243101119995117,inf,18.65285301208496,0.0001634597865631804
26718,nan,-0.1523589789867401,inf,15.003302574157715,0.003395939012989402
26762,nan,-0.15238425135612488,inf,14.912039756774902,0.0026256560813635588
26767,nan,-0.15238194167613983,inf,15.455451965332031,0.00302886962890625
26835,nan,0.19288571178913116,inf,5.300525665283203,5.5929412841796875
26839,nan,-0.15243491530418396,inf,37.03513717651367,0.0
26853,nan,-0.14616933465003967,inf,13.084965705871582,0.20660629868507385
26869,nan,0.10391183942556381,inf,4.756350040435791,4.674771785736084
26879,nan,-0.15243010222911835,inf,21.72711181640625,0.0002548217889852822
26880,nan,-0.14733174443244934,inf,9.53445053100586,0.15008759498596191
26894,nan,0.04372692480683327,inf,5.630401611328125,4.534816265106201
26902,nan,-0.15210214257240295,inf,14.91351318359375,0.01301279105246067
27009,nan,-0.15238866209983826,inf,19.41786003112793,0.0030776977073401213
27015,nan,-0.09878917783498764,inf,8.802102088928223,1.402438759803772
27026,nan,-0.08438486605882645,inf,7.061477184295654,2.190164566040039
27029,nan,-0.15237565338611603,inf,15.986480712890625,0.002071622060611844
27165,nan,-0.14899274706840515,inf,12.657557487487793,0.07541046291589737
27236,nan,-0.15243473649024963,inf,20.383169174194336,8.296966370835435e-06
27280,nan,-0.15204451978206635,inf,21.14472198486328,0.01166381873190403
27281,nan,-0.15038995444774628,inf,14.196382522583008,0.03664747625589371
27282,nan,-0.06622479110956192,inf,6.041025161743164,2.0193912982940674
27290,nan,-0.0295955128967762,inf,6.876745700836182,3.8006885051727295
27302,nan,-0.15030324459075928,inf,14.243708610534668,0.0861196517944336
27339,nan,-0.15219181776046753,inf,22.4500789642334,0.01252517756074667
27358,nan,0.9929075241088867,inf,4.777315616607666,23.47539710998535
27375,nan,0.19765911996364594,inf,7.966989994049072,13.08124828338623
27434,nan,-0.09915738552808762,inf,7.148584842681885,1.5078847408294678
27493,nan,-0.15237179398536682,inf,13.782856941223145,0.0030516863334923983
27500,nan,-0.15106742084026337,inf,15.852328300476074,0.008379745297133923
27530,nan,-0.14882810413837433,inf,14.928006172180176,0.1332603543996811
27547,nan,-0.1523367315530777,inf,14.975418090820312,0.0037271976470947266
27596,nan,-0.15243011713027954,inf,22.869787216186523,3.166198803228326e-05
27618,nan,-0.13560527563095093,inf,15.685879707336426,0.38631030917167664
27620,nan,0.2553403079509735,inf,5.6359100341796875,8.307177543640137
27708,nan,-0.13130393624305725,inf,13.555663108825684,0.9241394400596619
27736,nan,-0.050842564553022385,inf,11.045262336730957,6.304364204406738
27743,nan,-0.1518000364303589,inf,13.163530349731445,0.023521900177001953
27765,nan,-0.15027688443660736,inf,13.392743110656738,0.10858433693647385
27766,nan,0.3042841851711273,inf,5.383315086364746,10.740118980407715
27829,nan,-0.08369626849889755,inf,7.2725725173950195,1.6300171613693237
27846,nan,-0.15243493020534515,inf,21.305004119873047,1.33514404296875e-05
27865,nan,0.2949853837490082,inf,6.335134983062744,22.41311264038086
27871,nan,0.7913885712623596,inf,5.9884185791015625,18.384061813354492
27872,nan,0.04441917687654495,inf,8.71332836151123,4.925710201263428
27905,nan,-0.142191082239151,inf,11.052508354187012,0.14247913658618927
27907,nan,-0.15218861401081085,inf,18.37784194946289,0.009799957275390625
27935,nan,-0.059974320232868195,inf,7.20916223526001,3.428915500640869
27946,nan,-0.10568875074386597,inf,8.752361297607422,1.8081629276275635
28032,nan,-0.146854966878891,inf,8.285052299499512,0.14772075414657593
28059,nan,0.07970835268497467,inf,6.420241832733154,4.452505111694336
28088,nan,-0.14537739753723145,inf,9.464422225952148,0.14804553985595703
28157,nan,-0.14699237048625946,inf,9.916718482971191,0.14959530532360077
28159,nan,-0.15220843255519867,inf,18.917387008666992,0.00839080847799778
28231,nan,-0.15215638279914856,inf,17.218244552612305,0.008465385995805264
28235,nan,-0.148970827460289,inf,11.7625093460083,0.09473984688520432
28236,nan,-0.055706679821014404,inf,8.592439651489258,3.5613648891448975
28249,nan,0.8083427548408508,inf,4.244639873504639,17.26173210144043
28303,nan,-0.15229754149913788,inf,14.872283935546875,0.004181027412414551
28332,nan,-0.03201700374484062,inf,9.141623497009277,3.3860185146331787
28338,nan,-0.006265489850193262,inf,7.091403484344482,5.3428239822387695
28392,nan,-0.15217013657093048,inf,12.195024490356445,0.011290932074189186
28460,nan,-0.054755669087171555,inf,13.293173789978027,3.8733654022216797
28482,nan,-0.15824256837368011,inf,7.731372833251953,0.03767004236578941
28511,nan,0.027008265256881714,inf,9.86435604095459,7.98817777633667
28512,nan,0.247855544090271,inf,4.638037204742432,15.91796875
28596,nan,-0.11406004428863525,inf,8.33912181854248,0.5511118769645691
28637,nan,-0.12620297074317932,inf,10.9527587890625,0.5196880102157593
28690,nan,1.1188939809799194,inf,4.780555725097656,36.89411544799805
28711,nan,-0.13638471066951752,inf,10.200705528259277,0.37407803535461426
28714,nan,-0.14035166800022125,inf,10.625991821289062,0.3507406413555145
28733,nan,-0.015391550026834011,inf,8.821921348571777,1.3525784015655518
28881,nan,-0.15087036788463593,inf,12.166247367858887,0.09645424038171768
28890,nan,-0.1524306833744049,inf,19.662687301635742,0.00024895669776014984
28933,nan,-0.14645859599113464,inf,8.306645393371582,0.279715359210968
28950,nan,-0.15242919325828552,inf,21.48373794555664,0.0002910614130087197
28960,nan,-0.1523979902267456,inf,19.071950912475586,0.0012529253726825118
28964,nan,-0.15043552219867706,inf,11.527091026306152,0.06876716762781143
29010,nan,-0.15241865813732147,inf,17.900449752807617,0.0008232116815634072
29019,nan,-0.15094125270843506,inf,13.3470458984375,0.06195340305566788
29058,nan,-0.1492108553647995,inf,10.157318115234375,0.18205881118774414
29079,nan,3.3184211254119873,inf,1.5311226844787598,77.39864349365234
29100,nan,-0.14144118130207062,inf,8.209534645080566,0.49003592133522034
29110,nan,-0.15241146087646484,inf,23.475893020629883,0.0014869928127154708
29176,nan,-0.14900116622447968,inf,11.93191146850586,0.06279406696557999
29203,nan,-0.15240931510925293,inf,17.035470962524414,0.0014577389229089022
29218,nan,-0.15236365795135498,inf,16.297252655029297,0.003229046007618308
29221,nan,0.06237087771296501,inf,5.70601749420166,4.8865461349487305
29381,nan,1.1698474884033203,inf,5.2119832038879395,46.526763916015625
29432,nan,-0.15207074582576752,inf,14.868308067321777,0.02388935163617134
29443,nan,-0.14704923331737518,inf,10.16153621673584,0.10856372117996216
29460,nan,-0.06700056046247482,inf,6.881462097167969,1.1890114545822144
29481,nan,0.8474125266075134,inf,4.605628967285156,19.738866806030273
29482,nan,-0.15243327617645264,inf,19.395795822143555,4.138946678722277e-05
29509,nan,0.21501889824867249,inf,6.79320764541626,8.373229026794434
29512,nan,-0.15236958861351013,inf,16.38249969482422,0.0017538070678710938
29522,nan,-0.1455848067998886,inf,12.046648979187012,0.26331138610839844
29544,nan,-0.15011604130268097,inf,12.563265800476074,0.07316408306360245
29554,nan,-0.08991159498691559,inf,8.861430168151855,0.6975898146629333
29572,nan,-0.0649898573756218,inf,4.817537307739258,3.1940128803253174
29618,nan,-0.15041624009609222,inf,12.77109432220459,0.09336862713098526
29657,nan,-0.11055544763803482,inf,8.87248706817627,0.675481915473938
29666,nan,0.33461615443229675,inf,5.2236857414245605,11.752156257629395
29673,nan,-0.15231572091579437,inf,17.520565032958984,0.00411491421982646
29748,nan,0.3604712188243866,inf,4.9514479637146,15.74034595489502
29784,nan,-0.1516948789358139,inf,12.102499961853027,0.01235590036958456
29786,nan,-0.1524224430322647,inf,20.023075103759766,0.0008379459613934159
29810,nan,-0.1521483212709427,inf,12.043306350708008,0.00524029741063714
29819,nan,-0.15231184661388397,inf,15.187291145324707,0.0037234784103929996
29856,nan,-0.13789454102516174,inf,12.380389213562012,0.372519314289093
29865,nan,-0.056970417499542236,inf,7.272061824798584,2.574392080307007
29895,nan,-0.12899693846702576,inf,7.513741493225098,0.8283527493476868
29900,nan,1.5282062292099,inf,2.959796667098999,39.50592803955078
30083,nan,-0.14792786538600922,inf,12.384530067443848,0.13060283660888672
30142,nan,0.03899097070097923,inf,7.518148899078369,2.043213367462158
30145,nan,-0.152414470911026,inf,18.231977462768555,0.0012125015491619706
30149,nan,-0.12760981917381287,inf,8.299700736999512,1.0894678831100464
30151,nan,-0.14425060153007507,inf,10.427177429199219,0.22700805962085724
30164,nan,-0.06749631464481354,inf,7.409951686859131,0.8210560083389282
30193,nan,-0.14551055431365967,inf,10.6890287399292,0.1498122215270996
30221,nan,-0.13109587132930756,inf,9.64126968383789,0.5768458247184753
30316,nan,0.08472346514463425,inf,6.570578098297119,2.332947015762329
30328,nan,-0.15224529802799225,inf,15.324258804321289,0.006415081210434437
30334,nan,-0.12876683473587036,inf,11.462611198425293,0.49873122572898865
30340,nan,-0.14811521768569946,inf,12.961687088012695,0.18330888450145721
30357,nan,2.677478551864624,inf,2.89909029006958,53.140560150146484
30371,nan,-0.028419598937034607,inf,7.205448150634766,1.7682936191558838
30387,nan,-0.10382373631000519,inf,8.573872566223145,1.1557592153549194
30393,nan,-0.1492251455783844,inf,10.679414749145508,0.0986507460474968
30440,nan,-0.15243302285671234,inf,20.868318557739258,0.00010643005225574598
30451,nan,-0.15117432177066803,inf,12.536735534667969,0.05609703063964844
30512,nan,-0.1426238864660263,inf,9.735068321228027,0.5062372088432312
30532,nan,-0.14120404422283173,inf,10.397686958312988,0.45796576142311096
30553,nan,-0.13032756745815277,inf,8.960780143737793,0.7971605658531189
30576,nan,-0.06992434710264206,inf,7.396283149719238,2.754578113555908
30594,nan,-0.152414008975029,inf,15.742828369140625,0.0007949829450808465
30615,nan,0.1434227079153061,inf,8.582222938537598,7.22231912612915
30709,nan,-0.1370248943567276,inf,8.26795482635498,0.35949212312698364
30774,nan,-0.004069630056619644,inf,9.877842903137207,2.344735860824585
30800,nan,-0.15288451313972473,inf,12.868704795837402,0.030144739896059036
30846,nan,-0.1524301916360855,inf,21.493484497070312,0.0002502441348042339
30862,nan,-0.15227781236171722,inf,14.088305473327637,0.0033029557671397924
30909,nan,-0.15242716670036316,inf,18.77921485900879,0.0003189086855854839
30957,nan,-0.15233398973941803,inf,15.857562065124512,0.0027984976768493652
30984,nan,-0.15237417817115784,inf,15.293028831481934,0.004024392459541559
31050,nan,-0.1524346023797989,inf,26.249032974243164,2.136230432370212e-05
31156,nan,-0.15218888223171234,inf,12.993803977966309,0.01107025146484375
31177,nan,-0.15235543251037598,inf,16.950931549072266,0.005300331395119429
31213,nan,-0.15199576318264008,inf,14.95398998260498,0.026419831439852715
31232,nan,-0.14806704223155975,inf,9.866909980773926,0.13367655873298645
31250,nan,-0.15238803625106812,inf,15.897048950195312,0.00272712716832757
31259,nan,-0.08613473176956177,inf,8.382832527160645,1.9862650632858276
31297,nan,-0.14189402759075165,inf,13.095210075378418,0.2635330259799957
31361,nan,-0.15243478119373322,inf,23.04654312133789,6.10351571594947e-06
31410,nan,-0.15242935717105865,inf,15.115748405456543,0.0009697198984213173
31437,nan,-0.10264778137207031,inf,9.816588401794434,1.2176710367202759
31477,nan,-0.16310667991638184,inf,6.474796295166016,-1.3256685733795166
31481,nan,-0.1401858925819397,inf,9.614428520202637,0.12385835498571396
31506,nan,-0.15211892127990723,inf,14.011858940124512,0.008942985907196999
31508,nan,-0.1524239480495453,inf,14.205513000488281,0.0007098197820596397
31601,nan,-0.1489534080028534,inf,11.618029594421387,0.12331562489271164
31607,nan,1.3558402061462402,inf,2.2531368732452393,32.540557861328125
31635,nan,-0.14710240066051483,inf,15.106085777282715,0.22421570122241974
31690,nan,1.1326907873153687,inf,3.171555757522583,32.41471481323242
31701,nan,-0.1519685834646225,inf,14.01523494720459,0.02036285400390625
31703,nan,-0.15239053964614868,inf,15.89487361907959,0.0007186889997683465
31753,nan,-0.15242691338062286,inf,17.6426944732666,0.00031766892061568797
31773,nan,-0.15221169590950012,inf,17.516725540161133,0.0038116455543786287
31809,nan,-0.1523674577474594,inf,17.10637664794922,0.002994537353515625
31820,nan,-0.15243488550186157,inf,24.17829704284668,3.755092734536447e-07
31829,nan,0.4908870756626129,inf,4.623946666717529,22.101682662963867
31904,nan,-0.07132463902235031,inf,8.324972152709961,2.3118786811828613
32018,nan,-0.0935003012418747,inf,11.089092254638672,2.2723820209503174
32027,nan,-0.02146168239414692,inf,9.477084159851074,1.5145847797393799
32043,nan,-0.022040048614144325,inf,7.751336574554443,2.7189934253692627
32077,nan,-0.14867226779460907,inf,11.840258598327637,0.0665709525346756
32151,nan,-0.12108593434095383,inf,9.298600196838379,0.9881159067153931
32179,nan,-0.20777039229869843,inf,9.531859397888184,-0.17694111168384552
32198,nan,0.049895282834768295,inf,5.986146450042725,5.036426067352295
32251,nan,-0.15240024030208588,inf,18.2603816986084,0.0013034821022301912
32267,nan,0.7760487794876099,inf,5.390054225921631,30.995014190673828
32269,nan,-0.15087725222110748,inf,18.364273071289062,0.062121011316776276
32307,nan,-0.14629678428173065,inf,11.065279960632324,0.2221962958574295
32324,nan,-0.1520991176366806,inf,16.06356430053711,0.012843966484069824
32357,nan,0.012050546705722809,inf,4.861493110656738,3.9391555786132812
32362,nan,-0.15252037346363068,inf,16.943017959594727,-0.00017986298189498484
32388,nan,-0.1444469541311264,inf,10.405031204223633,0.22790776193141937
32404,nan,0.1461278647184372,inf,10.579197883605957,18.60087013244629
32422,nan,-0.028738707304000854,inf,7.161866188049316,2.3733036518096924
32481,nan,-0.12980233132839203,inf,7.438640117645264,0.48915743827819824
32517,nan,-0.14669440686702728,inf,10.460604667663574,0.2773725092411041
32558,nan,-0.0035676881670951843,inf,6.154407978057861,3.793989658355713
32560,nan,-0.15240344405174255,inf,19.758155822753906,0.00200653076171875
32577,nan,-0.11677020788192749,inf,7.171199798583984,2.401289463043213
32586,nan,0.08269835263490677,inf,5.636359214782715,6.871527194976807
32589,nan,-0.15224120020866394,inf,21.57330894470215,0.0043045044876635075
32628,nan,-0.15194888412952423,inf,17.38496208190918,0.01853790320456028
32666,nan,-0.14692923426628113,inf,11.681960105895996,0.13926950097084045
32675,nan,-0.1503242552280426,inf,11.304481506347656,0.09056883305311203
32685,nan,-0.15242628753185272,inf,19.785741806030273,0.0004058837948832661
32686,nan,-0.15221506357192993,inf,14.568002700805664,0.01245794352144003
32688,nan,-0.15150734782218933,inf,16.490036010742188,0.026098061352968216
32733,nan,-0.15235470235347748,inf,18.062833786010742,0.0029375075828284025
32738,nan,-0.15198996663093567,inf,10.927857398986816,0.03601479530334473
32768,nan,-0.21700356900691986,inf,9.768930435180664,-0.15103188157081604
32775,nan,-0.14693103730678558,inf,9.672618865966797,0.2017166167497635
32793,nan,0.5843545794487,inf,3.738917589187622,19.022216796875
32848,nan,-0.15180857479572296,inf,18.362598419189453,0.029393387958407402
32857,nan,-0.15189982950687408,inf,16.12909698486328,0.034461405128240585
32871,nan,-0.14441946148872375,inf,15.324447631835938,0.27696916460990906
32902,nan,-0.15245430171489716,inf,23.199871063232422,-0.00011749268014682457
32965,nan,0.17905257642269135,inf,5.392554759979248,8.873827934265137
33016,nan,-0.09239476919174194,inf,7.830994606018066,1.9123451709747314
33094,nan,-0.09419389069080353,inf,11.001139640808105,1.2671444416046143
33117,nan,-0.152257040143013,inf,18.214948654174805,0.008929825387895107
33146,nan,-0.14873294532299042,inf,14.24127197265625,0.08923798054456711
33256,nan,-0.10384378582239151,inf,12.337210655212402,0.3104274868965149
33344,nan,-0.14615508913993835,inf,11.344181060791016,0.2504741847515106
33378,nan,-0.11932797729969025,inf,10.41867446899414,2.2137513160705566
33388,nan,-0.15240252017974854,inf,17.686119079589844,0.0007446884992532432
33405,nan,0.09674480557441711,inf,7.947385311126709,4.426149845123291
33412,nan,-0.12618111073970795,inf,10.603058815002441,0.689330518245697
33416,nan,-0.1505008488893509,inf,12.166300773620605,0.06499830633401871
33430,nan,-0.10653801262378693,inf,7.455402374267578,0.7978726625442505
33431,nan,-0.07329321652650833,inf,8.670561790466309,0.627446711063385
33463,nan,-0.15230847895145416,inf,15.65799617767334,0.006433558650314808
33465,nan,-0.15188945829868317,inf,17.44724464416504,0.011939296498894691
33571,nan,-0.15131452679634094,inf,13.734468460083008,0.03293962404131889
33575,nan,0.6212383508682251,inf,6.918819427490234,32.529937744140625
33641,nan,-0.1502445638179779,inf,10.93845272064209,0.08223658055067062
33645,nan,-0.13138122856616974,inf,11.185942649841309,1.0017356872558594
33655,nan,0.060168810188770294,inf,5.99957799911499,6.611481666564941
33674,nan,0.184167742729187,inf,5.843040466308594,9.096028327941895
33694,nan,0.3201671242713928,inf,6.009822845458984,19.829938888549805
33732,nan,-0.0075708539225161076,inf,6.644753932952881,3.615741491317749
33762,nan,0.30623355507850647,inf,6.335484981536865,10.053194999694824
33784,nan,-0.15243463218212128,inf,21.826419830322266,1.0633469173626509e-05
33814,nan,-0.1349305659532547,inf,9.105388641357422,0.4764476716518402
33899,nan,-0.15244929492473602,inf,17.3659725189209,0.000541305576916784
33971,nan,-0.049658775329589844,inf,7.675313472747803,4.513181686401367
34017,nan,-0.038739245384931564,inf,8.125791549682617,5.643947124481201
34024,nan,-0.1490316092967987,inf,16.32733154296875,0.21496276557445526
34086,nan,-0.093895822763443,inf,10.81298542022705,2.4020771980285645
34117,nan,-0.15241451561450958,inf,19.864965438842773,0.0013832092517986894
34150,nan,0.1157042533159256,inf,5.938196182250977,4.985562801361084
34180,nan,-0.15234197676181793,inf,17.62264060974121,0.003082847688347101
34201,nan,-0.09309043735265732,inf,13.019932746887207,1.7889862060546875
34207,nan,-0.14801576733589172,inf,19.336578369140625,0.3017532527446747
34226,nan,-0.12492821365594864,inf,8.533437728881836,0.30210888385772705
34240,nan,0.3003090023994446,inf,5.308374881744385,10.134235382080078
34246,nan,1.8216146230697632,inf,2.1515748500823975,38.23295211791992
34247,nan,-0.05160488560795784,inf,8.723451614379883,2.315067768096924
34373,nan,-0.15243491530418396,inf,26.245237350463867,0.0
34425,nan,-0.1521472930908203,inf,14.599902153015137,0.00788803119212389
34428,nan,-0.023119134828448296,inf,8.042367935180664,3.1154611110687256
34453,nan,0.9543734788894653,inf,3.4193997383117676,29.997543334960938
34467,nan,-0.1289709061384201,inf,9.623842239379883,0.9037073254585266
34477,nan,-0.09449100494384766,inf,7.69789981842041,1.9964367151260376
34493,nan,0.38134804368019104,inf,6.223508358001709,5.6592535972595215
34500,nan,-0.15243156254291534,inf,23.10025978088379,0.0002203464537160471
34547,nan,-0.15227514505386353,inf,13.407719612121582,0.008386492729187012
34568,nan,-0.14940442144870758,inf,12.860661506652832,0.053975868970155716
34593,nan,-0.15236562490463257,inf,15.55603313446045,0.0028076171875
34610,nan,-0.04789568483829498,inf,9.143135070800781,4.008195400238037
34633,nan,-0.10320689529180527,inf,8.358613967895508,0.9265472292900085
34635,nan,-0.15099941194057465,inf,14.053336143493652,0.09554052352905273
34657,nan,-0.07251288741827011,inf,7.6169891357421875,1.0706013441085815
34685,nan,-0.15242573618888855,inf,22.960418701171875,0.0006233215681277215
34695,nan,0.107387475669384,inf,6.348930358886719,12.054163932800293
34723,nan,-0.15140466392040253,inf,13.407259941101074,0.03727302700281143
34816,nan,-0.15121744573116302,inf,13.452919006347656,0.054712772369384766
34897,nan,-0.14887188374996185,inf,13.005607604980469,0.10070572048425674
34929,nan,-0.12334781885147095,inf,8.478372573852539,0.5634251236915588
34937,nan,0.48293420672416687,inf,4.683914661407471,7.383500099182129
35005,nan,-0.07042096555233002,inf,10.436644554138184,0.7403907775878906
35027,nan,-0.152422234416008,inf,14.652493476867676,0.0006085396162234247
35085,nan,0.023052474483847618,inf,6.7407450675964355,5.015022277832031
35099,nan,-0.1524331420660019,inf,18.982030868530273,0.00010616779763950035
35171,nan,-0.15232066810131073,inf,18.38738250732422,0.00448532123118639
35201,nan,0.05056505277752876,inf,6.905497074127197,4.928169250488281
35202,nan,-0.0337846577167511,inf,7.18454122543335,3.072404623031616
35213,nan,-0.15237416326999664,inf,18.17063331604004,0.0025343894958496094
35246,nan,-0.15231432020664215,inf,16.775272369384766,0.0035530091263353825
35303,nan,-0.15168656408786774,inf,13.876452445983887,0.035955239087343216
35328,nan,-0.07705328613519669,inf,8.196819305419922,3.1248042583465576
35339,nan,-0.1513882279396057,inf,17.231586456298828,0.04096383973956108
35345,nan,-0.15238672494888306,inf,17.083471298217773,0.0012370109325274825
35366,nan,-0.15243487060070038,inf,27.40369987487793,1.9818544387817383e-06
35383,nan,-0.10857857763767242,inf,9.20131778717041,0.9124609231948853
35417,nan,-0.1510312408208847,inf,14.04917049407959,0.014946269802749157
35420,nan,-0.15024054050445557,inf,11.879012107849121,0.049178410321474075
35455,nan,-0.14434663951396942,inf,10.378569602966309,0.06735958904027939
35457,nan,-0.14034299552440643,inf,9.125398635864258,0.6650989055633545
35488,nan,-0.1432650238275528,inf,10.53434944152832,0.36012935638427734
35489,nan,-0.14409376680850983,inf,9.460801124572754,0.23329730331897736
35538,nan,-0.1508738100528717,inf,11.279446601867676,0.05204577371478081
35553,nan,0.027736706659197807,inf,6.6069254875183105,7.3488688468933105
35562,nan,-0.152434840798378,inf,27.706491470336914,1.5258789289873675e-06
35574,nan,-0.15228939056396484,inf,16.329910278320312,0.005052161403000355
35609,nan,-0.14934229850769043,inf,11.840925216674805,0.1648949682712555
35658,nan,-0.15240606665611267,inf,18.79404640197754,0.0012039184803143144
35672,nan,-0.1518716961145401,inf,14.009390830993652,0.01860787905752659
35686,nan,0.023984521627426147,inf,7.261657238006592,6.181451320648193
35696,nan,-0.141427680850029,inf,11.275980949401855,0.4352889955043793
35733,nan,-0.15147674083709717,inf,13.973065376281738,0.0580119751393795
35747,nan,-0.14906513690948486,inf,12.18368148803711,0.09271107614040375
35763,nan,-0.1524239480495453,inf,17.657630920410156,0.00041664839955046773
35811,nan,-0.15243089199066162,inf,17.19230842590332,0.00014543533325195312
35834,nan,0.4824584424495697,inf,4.54957389831543,21.922409057617188
35854,nan,0.4961237609386444,inf,4.4452643394470215,13.310925483703613
35919,nan,-0.13631151616573334,inf,13.753303527832031,0.693264901638031
35964,nan,-0.15167509019374847,inf,12.969279289245605,0.028638744726777077
35985,nan,-0.14615797996520996,inf,12.576529502868652,0.3351343274116516
35990,nan,-0.1498323380947113,inf,18.13656234741211,0.17731896042823792
36049,nan,-0.14833307266235352,inf,11.779751777648926,0.121747687458992
36116,nan,-0.0004110254521947354,inf,6.36655855178833,5.058249473571777
36179,nan,0.02007601223886013,inf,7.24231481552124,5.716107368469238
36181,nan,-0.14812691509723663,inf,10.110152244567871,0.25260505080223083
36192,nan,-0.15239493548870087,inf,16.05739402770996,0.0012100577587261796
36209,nan,-0.13562943041324615,inf,10.272025108337402,0.4622020721435547
36238,nan,-0.1278407871723175,inf,9.547125816345215,0.6330984234809875
36245,nan,-0.15032818913459778,inf,12.703622817993164,0.09238796681165695
36250,nan,-0.1524321585893631,inf,23.722225189208984,0.0001068115234375
36270,nan,-0.1523451805114746,inf,14.704035758972168,0.004788017366081476
36276,nan,-0.1523589789867401,inf,25.276653289794922,0.0004707336483988911
36325,nan,-0.14336204528808594,inf,13.718192100524902,0.2739587426185608
36329,nan,0.30526384711265564,inf,6.386089324951172,8.914170265197754
36424,nan,0.19881263375282288,inf,7.923703193664551,8.044633865356445
36445,nan,-0.15151146054267883,inf,14.120076179504395,0.029642486944794655
36463,nan,-0.14661149680614471,inf,11.957194328308105,0.20851516723632812
36518,nan,-0.1484496146440506,inf,11.472739219665527,0.21178431808948517
36519,nan,0.06541930139064789,inf,6.293050289154053,5.236663341522217
36552,nan,-0.154254749417305,inf,14.8998384475708,-0.07727795094251633
36593,nan,-0.14944839477539062,inf,10.990758895874023,0.19451366364955902
36594,nan,-0.15241816639900208,inf,15.192458152770996,0.0005568742635659873
36618,nan,-0.15243487060070038,inf,21.560976028442383,-3.814697322468419e-07
36757,nan,-0.01757766678929329,inf,8.629149436950684,6.784909248352051
36762,nan,0.3001866042613983,inf,5.377511024475098,5.641006946563721
36835,nan,-0.09505563229322433,inf,9.297139167785645,1.2458444833755493
36869,nan,-0.012168655171990395,inf,6.942254543304443,7.0509819984436035
36880,nan,-0.15243487060070038,inf,26.71906089782715,3.051757857974735e-06
36889,nan,-0.15167281031608582,inf,12.730097770690918,0.025787068530917168
36912,nan,-0.15225206315517426,inf,13.77849006652832,0.00545158376917243
36928,nan,-0.14862550795078278,inf,14.885026931762695,0.12445487827062607
36938,nan,-0.15242847800254822,inf,17.08722496032715,0.00021696090698242188
36939,nan,-0.1522667407989502,inf,17.062253952026367,0.004044103901833296
36958,nan,-0.15135779976844788,inf,11.419987678527832,0.06054401397705078
37081,nan,-0.15242482721805573,inf,17.198781967163086,0.00036749840364791453
37173,nan,-0.08212568610906601,inf,7.042847633361816,1.5683530569076538
37269,nan,-0.09499122202396393,inf,14.33655071258545,2.3469183444976807
37286,nan,-0.1501101404428482,inf,11.350703239440918,0.057813454419374466
37342,nan,-0.1159711703658104,inf,9.08389663696289,0.3571765720844269
37404,nan,-0.09725012630224228,inf,10.019343376159668,1.1033226251602173
37446,nan,-0.1425439566373825,inf,10.744564056396484,0.2495913952589035
37456,nan,-0.13362416625022888,inf,14.140372276306152,0.7045210003852844
37495,nan,-0.13406668603420258,inf,14.88514232635498,0.14585724472999573
37558,nan,-0.15243405103683472,inf,22.197011947631836,5.321502612787299e-05
37577,nan,-0.04165588691830635,inf,7.598513126373291,2.8635456562042236
37605,nan,-0.15239733457565308,inf,13.405505180358887,0.0018334627384319901
37637,nan,0.08430708944797516,inf,6.502199649810791,3.3032944202423096
37679,nan,-0.1448299139738083,inf,10.128744125366211,0.24690590798854828
37712,nan,-0.12480652332305908,inf,7.031726837158203,0.48515549302101135
37734,nan,-0.15239480137825012,inf,17.376327514648438,0.0018373489147052169
37747,nan,-0.167561337351799,inf,11.337726593017578,-0.4415017068386078
37752,nan,-0.0765463337302208,inf,12.447179794311523,1.7111005783081055
37770,nan,-0.16453464329242706,inf,8.079285621643066,0.21500425040721893
37807,nan,-0.15042710304260254,inf,12.926924705505371,0.11413264274597168
37871,nan,-0.15142004191875458,inf,13.593162536621094,0.052341558039188385
37937,nan,0.02838164009153843,inf,6.475747108459473,3.484273910522461
37972,nan,0.8176954388618469,inf,4.115516662597656,15.980247497558594
38001,nan,0.5467642545700073,inf,4.652379512786865,18.259273529052734
38024,nan,-0.14854715764522552,inf,11.462869644165039,0.17279206216335297
38029,nan,0.9862332344055176,inf,5.01006555557251,46.1361198425293
38030,nan,-0.15243075788021088,inf,22.353137969970703,0.00027701855287887156
38036,nan,-0.1294613927602768,inf,9.524120330810547,1.4700711965560913
38132,nan,0.75234454870224,inf,5.044412612915039,24.786653518676758
38148,nan,-0.15141922235488892,inf,12.587777137756348,0.05248970910906792
38168,nan,-0.13813933730125427,inf,7.383452892303467,0.7115234732627869
38177,nan,-0.05271461233496666,inf,9.789999961853027,0.8347585797309875
38180,nan,1.0737591981887817,inf,3.5680534839630127,23.874134063720703
38222,nan,-0.10182543098926544,inf,11.73633861541748,1.537377953529358
38281,nan,-0.15229667723178864,inf,14.755404472351074,0.007236194796860218
38287,nan,-0.10117967426776886,inf,9.294024467468262,-0.0356694720685482
38301,nan,-0.017107229679822922,inf,4.505297660827637,8.56692123413086
38348,nan,-0.15178744494915009,inf,13.08686351776123,0.02182769775390625
38416,nan,0.24208413064479828,inf,4.035310745239258,12.105238914489746
38421,nan,-0.15075547993183136,inf,11.42691707611084,0.09766655415296555
38437,nan,-0.14001034200191498,inf,14.725638389587402,0.31479406356811523
38447,nan,-0.1524306982755661,inf,20.53136444091797,0.000141143798828125
38517,nan,-0.15242980420589447,inf,21.327136993408203,0.0001379489985993132
38527,nan,-0.1524103730916977,inf,17.30708885192871,0.0016126632690429688
38540,nan,0.08606824278831482,inf,5.7841267585754395,4.8233561515808105
38561,nan,-0.15219712257385254,inf,18.844465255737305,0.005475425627082586
38634,nan,0.0015980697935447097,inf,7.589695930480957,7.393925666809082
38639,nan,0.5854811072349548,inf,4.539351940155029,17.899259567260742
38650,nan,0.3148615062236786,inf,4.719693183898926,13.110465049743652
38659,nan,-0.12693320214748383,inf,8.874544143676758,1.2205134630203247
38665,nan,-0.13314184546470642,inf,11.06485366821289,0.3623947203159332
38741,nan,-0.15198937058448792,inf,14.659754753112793,0.019622862339019775
38757,nan,-0.1718532294034958,inf,10.28801155090332,-0.04363708570599556
38781,nan,-0.1523008793592453,inf,15.08836841583252,0.008066368289291859
38803,nan,-0.15024828910827637,inf,13.546141624450684,0.14565913379192352
38810,nan,0.04994296655058861,inf,7.161008358001709,1.5286277532577515
38867,nan,-0.12660786509513855,inf,10.444938659667969,0.5139549374580383
38890,nan,0.10460405796766281,inf,5.775359630584717,6.689840793609619
38930,nan,-0.11101243644952774,inf,9.94244384765625,1.3106613159179688
38960,nan,-0.15234436094760895,inf,14.805015563964844,0.003284025238826871
38970,nan,-0.1353445053100586,inf,7.729640960693359,0.45123130083084106
38973,nan,-0.13170677423477173,inf,8.7180814743042,0.6048469543457031
39094,nan,-0.1519201546907425,inf,16.01449203491211,0.029941463842988014
39107,nan,-0.15196309983730316,inf,14.362823486328125,0.011422432027757168
39123,nan,-0.1153506189584732,inf,9.199797630310059,0.19387276470661163
39161,nan,-0.15129132568836212,inf,13.366569519042969,0.02461395226418972
39166,nan,-0.15161071717739105,inf,11.265289306640625,0.03844814375042915
39168,nan,-0.128958061337471,inf,7.126655578613281,0.5071945190429688
39183,nan,-0.15210722386837006,inf,15.338469505310059,0.01613006554543972
39212,nan,-0.15231816470623016,inf,15.332199096679688,0.0029045105911791325
39223,nan,0.13521310687065125,inf,6.087388515472412,4.269980430603027
39249,nan,-0.12756359577178955,inf,7.440126895904541,0.563663125038147
39330,nan,-0.1522524505853653,inf,18.49941062927246,0.009992599487304688
39338,nan,-0.18437764048576355,inf,7.460903167724609,-0.27489063143730164
39394,nan,0.19032403826713562,inf,5.833723068237305,5.812401294708252
39462,nan,-0.16449494659900665,inf,8.906952857971191,-0.36200886964797974
39470,nan,-0.15243491530418396,inf,30.059906005859375,0.0
39502,nan,0.5205971002578735,inf,7.07039213180542,19.917816162109375
39550,nan,3.4774415493011475,inf,1.9107685089111328,77.17018127441406
39577,nan,-0.1524316519498825,inf,21.172033309936523,0.00011749268014682457
39587,nan,0.05100008472800255,inf,5.884533405303955,5.804683208465576
39627,nan,-0.11918731778860092,inf,10.730203628540039,1.0647262334823608
39646,nan,-0.15243300795555115,inf,22.287296295166016,3.893375469488092e-05
39670,nan,-0.15243475139141083,inf,23.504281997680664,8.39233416627394e-06
39715,nan,-0.1524336338043213,inf,20.767459869384766,6.370544724632055e-05
39720,nan,0.2575344741344452,inf,4.560094356536865,12.31749153137207
39805,nan,-0.03386974707245827,inf,7.271470069885254,1.9995059967041016
39813,nan,0.08458160609006882,inf,7.342947483062744,6.585885524749756
39829,nan,-0.15237484872341156,inf,13.73835277557373,0.002973365830257535
39831,nan,-0.07505275309085846,inf,8.082695007324219,0.47431060671806335
39864,nan,-0.1512298285961151,inf,10.459877014160156,0.0361776128411293
39865,nan,-0.13546092808246613,inf,8.728388786315918,0.4120422303676605
39905,nan,-0.12500011920928955,inf,11.787703514099121,0.19013147056102753
39930,nan,-0.08883219212293625,inf,8.156881332397461,2.2346742153167725
40005,nan,-0.15219777822494507,inf,17.084915161132812,0.004306220915168524
40021,nan,-0.15091435611248016,inf,13.691214561462402,0.047994256019592285
40023,nan,-0.15178439021110535,inf,12.485701560974121,0.029231417924165726
40035,nan,0.9782792925834656,inf,4.543182373046875,22.649404525756836
40094,nan,-0.09464873373508453,inf,6.637130260467529,0.5248263478279114
40116,nan,-0.15243075788021088,inf,17.99471664428711,4.134178379899822e-05
40157,nan,-0.15241166949272156,inf,16.387582778930664,0.0007957458728924394
40159,nan,-0.15216703712940216,inf,15.655000686645508,0.01162176113575697
40161,nan,-0.15013274550437927,inf,11.585371017456055,0.05288591608405113
40212,nan,-0.06408429145812988,inf,6.81300687789917,2.8899598121643066
40306,nan,-0.1384001225233078,inf,10.51410961151123,0.29190704226493835
40341,nan,0.13207948207855225,inf,5.868565559387207,9.930944442749023
40377,nan,-0.15243355929851532,inf,24.91900634765625,4.043579247081652e-05
40392,nan,0.11819880455732346,inf,9.620108604431152,7.549704074859619
40418,nan,-0.0008321613422594965,inf,6.436110019683838,4.8089919090271
40430,nan,-0.147443488240242,inf,13.774884223937988,0.13623838126659393
40494,nan,-0.15167193114757538,inf,12.28052043914795,0.03465309366583824
40585,nan,-0.1402440220117569,inf,13.714468955993652,0.22579431533813477
40619,nan,-0.15228790044784546,inf,14.791348457336426,0.00435905484482646
40667,nan,-0.12812228500843048,inf,8.058327674865723,0.7083260416984558
40686,nan,0.6001763343811035,inf,5.067409992218018,12.38835620880127
40687,nan,-0.1360929310321808,inf,8.639447212219238,0.5795475840568542
40727,nan,-0.13926206529140472,inf,8.598186492919922,0.3997739255428314
40740,nan,-0.15225306153297424,inf,14.709759712219238,0.006207275670021772
40765,nan,-0.14361073076725006,inf,9.009275436401367,0.24382725358009338
40803,nan,-0.14308850467205048,inf,11.859308242797852,0.4894624352455139
40822,nan,0.024725425988435745,inf,7.765809059143066,3.634935140609741
40867,nan,0.4249671399593353,inf,5.7455644607543945,16.964353561401367
40877,nan,-0.1524348258972168,inf,24.65326499938965,6.10351571594947e-06
40894,nan,-0.1418721228837967,inf,9.021806716918945,0.29822587966918945
40954,nan,-0.08028019219636917,inf,7.232283115386963,3.074129581451416
40967,nan,-0.004119004588574171,inf,5.761139392852783,3.7980141639709473
40982,nan,0.03759859874844551,inf,8.756845474243164,7.4426774978637695
41032,nan,-0.15241524577140808,inf,15.447833061218262,0.0015441179275512695
41065,nan,-0.10315056890249252,inf,8.443160057067871,1.7936931848526
41149,nan,-0.15220797061920166,inf,15.447303771972656,0.01175537146627903
41249,nan,-0.15237508714199066,inf,17.258214950561523,0.0027018249966204166
41280,nan,-0.14028823375701904,inf,11.005409240722656,0.4296480119228363
41307,nan,0.06260497868061066,inf,5.605275630950928,3.550194501876831
41327,nan,-0.15239404141902924,inf,16.878215789794922,0.00207347865216434
41331,nan,-0.14889180660247803,inf,11.185979843139648,0.21541957557201385
41351,nan,-0.034552108496427536,inf,7.293577671051025,3.43729567527771
41356,nan,2.5108771324157715,inf,2.6373648643493652,69.6817855834961
41372,nan,0.11217250674962997,inf,5.232207775115967,4.515550136566162
41518,nan,-0.15186075866222382,inf,14.345191955566406,0.02206096611917019
41547,nan,-0.1524316817522049,inf,20.65028953552246,0.00020446778216864914
41585,nan,-0.1524307131767273,inf,19.49315643310547,8.96453857421875e-05
41589,nan,-0.15121020376682281,inf,12.342435836791992,0.048949431627988815
41616,nan,-0.15142467617988586,inf,13.91881275177002,0.02566990815103054
41643,nan,1.3294227123260498,inf,3.652860403060913,38.90767288208008
41654,nan,-0.14446768164634705,inf,10.049287796020508,0.16007862985134125
41680,nan,-0.14196686446666718,inf,10.076030731201172,0.09708213806152344
41696,nan,0.07865854352712631,inf,7.043724060058594,2.5215511322021484
41739,nan,0.6486021876335144,inf,5.403832912445068,17.862398147583008
41809,nan,-0.15222477912902832,inf,17.081262588500977,0.00781936664134264
41818,nan,-0.13150250911712646,inf,9.297829627990723,0.4743013381958008
41826,nan,-0.14323435723781586,inf,12.853912353515625,0.2307271957397461
41837,nan,-0.12975163757801056,inf,9.557971000671387,0.617510974407196
41838,nan,-0.13628803193569183,inf,9.834800720214844,0.4925934970378876
41908,nan,-0.13941818475723267,inf,9.883708000183105,0.6063076853752136
41926,nan,-0.0700283944606781,inf,10.351641654968262,2.1936471462249756
41939,nan,-0.15243491530418396,inf,37.07239532470703,0.0
41986,nan,-0.06719747185707092,inf,15.791757583618164,4.57258939743042
42030,nan,0.1435309797525406,inf,6.680811405181885,8.426192283630371
42131,nan,-0.08881635218858719,inf,8.724639892578125,1.8746145963668823
42141,nan,0.039687629789114,inf,7.246729373931885,4.284348964691162
42147,nan,-0.09239095449447632,inf,6.708972454071045,1.2274802923202515
42169,nan,0.24240021407604218,inf,6.365601539611816,17.645885467529297
42214,nan,-0.08803082257509232,inf,8.21882152557373,1.5238173007965088
42266,nan,0.055015839636325836,inf,9.252994537353516,11.15714168548584
42318,nan,-0.13701260089874268,inf,13.394915580749512,0.8111847043037415
42437,nan,-0.15243487060070038,inf,23.484329223632812,2.4795533590804553e-06
42473,nan,0.8638268709182739,inf,3.6534173488616943,35.032161712646484
42474,nan,-0.15236732363700867,inf,16.492963790893555,0.00260753626935184
42477,nan,-0.15139074623584747,inf,15.243356704711914,0.07179727405309677
42482,nan,-0.1167045459151268,inf,7.066638946533203,1.9145557880401611
42490,nan,-0.15240201354026794,inf,17.74134063720703,0.0008760452619753778
42516,nan,-0.15238934755325317,inf,16.384613037109375,0.0027370452880859375
42587,nan,-0.15240763127803802,inf,17.588640213012695,0.0009288787841796875
42605,nan,-0.14118611812591553,inf,9.666936874389648,0.27055245637893677
42641,nan,-0.14541998505592346,inf,7.871635437011719,0.5021848678588867
42650,nan,-0.15241579711437225,inf,15.677337646484375,0.00041027070255950093
42706,nan,-0.15242789685726166,inf,16.841039657592773,0.00022993088350631297
42712,nan,-0.15054650604724884,inf,10.727354049682617,0.060041215270757675
42734,nan,-0.14925502240657806,inf,8.781786918640137,0.3779672682285309
42772,nan,-0.15243491530418396,inf,45.27358627319336,0.0
42783,nan,-0.13126443326473236,inf,8.998196601867676,0.8142207264900208
42832,nan,-0.1339399218559265,inf,9.837896347045898,0.18911801278591156
42836,nan,-0.15241004526615143,inf,18.471397399902344,0.0010238647228106856
42842,nan,0.23435233533382416,inf,4.880190372467041,5.590035438537598
42893,nan,-0.15242576599121094,inf,19.03226661682129,0.0005259513854980469
42918,nan,0.11627109348773956,inf,7.933596134185791,7.502054691314697
42938,nan,-0.15242815017700195,inf,26.108816146850586,0.0001678466796875
42955,nan,-0.15130509436130524,inf,13.002921104431152,0.07400508224964142
42996,nan,0.5276587605476379,inf,3.909637212753296,16.169193267822266
43083,nan,-0.15168234705924988,inf,19.47146987915039,0.05013275146484375
43112,nan,0.03153667598962784,inf,8.984808921813965,2.557342290878296
43178,nan,-0.13789431750774384,inf,10.945940971374512,0.45390626788139343
43179,nan,-0.15158714354038239,inf,14.7093505859375,0.025316858664155006
43190,nan,0.1414855569601059,inf,5.934573650360107,10.885191917419434
43226,nan,-0.15195827186107635,inf,12.001550674438477,-0.00482101459056139
43256,nan,0.6680225729942322,inf,3.94553542137146,13.579477310180664
43257,nan,-0.146234393119812,inf,10.78769588470459,0.24439850449562073
43259,nan,-0.15085230767726898,inf,12.296445846557617,0.08861471712589264
43284,nan,-0.09886042028665543,inf,13.151178359985352,2.1236579418182373
43375,nan,-0.15207402408123016,inf,14.600829124450684,0.011117172427475452
43387,nan,-0.1627952754497528,inf,11.57710075378418,-0.25502291321754456
43389,nan,-0.10589905083179474,inf,9.07248306274414,2.0482337474823
43443,nan,-0.1509522646665573,inf,12.456074714660645,0.10103025287389755
43522,nan,-0.10334860533475876,inf,7.057697296142578,0.8670501708984375
43551,nan,-0.10633770376443863,inf,11.02929973602295,1.026091456413269
43559,nan,-0.14760933816432953,inf,12.842416763305664,0.217498779296875
43620,nan,-0.14852935075759888,inf,15.190322875976562,0.15833254158496857
43643,nan,-0.15234138071537018,inf,16.45716667175293,0.0017971753841266036
43651,nan,0.1053905114531517,inf,7.981603145599365,7.127660274505615
43690,nan,-0.12182452529668808,inf,7.084608554840088,1.6044965982437134
43716,nan,0.5558759570121765,inf,3.761526107788086,26.250629425048828
43820,nan,-0.05179966613650322,inf,7.235675811767578,2.888075590133667
43850,nan,-0.1512986570596695,inf,11.54638957977295,0.02483959309756756
43877,nan,2.023667335510254,inf,3.431028366088867,33.073486328125
43884,nan,-0.1522275060415268,inf,13.509142875671387,0.0081641199067235
43909,nan,-0.1524338722229004,inf,22.078088760375977,5.950927879894152e-05
43978,nan,-0.1196640357375145,inf,9.597890853881836,0.39935898780822754
43983,nan,-0.03381627798080444,inf,6.059089183807373,2.4955990314483643
44045,nan,-0.15644124150276184,inf,10.766746520996094,-0.17547626793384552
44053,nan,0.4157520830631256,inf,5.638491630554199,22.095199584960938
44094,nan,-0.14905999600887299,inf,10.070640563964844,0.09570913761854172
44227,nan,-0.16551552712917328,inf,6.1070051193237305,0.1949685662984848
44259,nan,-0.13911539316177368,inf,8.390094757080078,0.3142871856689453
44272,nan,-0.15446998178958893,inf,11.109304428100586,0.06749840080738068
44288,nan,0.20520173013210297,inf,5.369073390960693,9.927433013916016
44320,nan,0.01806909404695034,inf,8.63306713104248,6.3145575523376465
44348,nan,-0.15025432407855988,inf,9.469164848327637,0.07598735392093658
44390,nan,-0.15040983259677887,inf,10.400603294372559,0.03155212476849556
44396,nan,-0.03381611034274101,inf,6.835414409637451,2.884817600250244
44399,nan,-0.15068002045154572,inf,13.341511726379395,0.09097176045179367
44416,nan,-0.15188215672969818,inf,14.637904167175293,0.02935009077191353
44428,nan,-0.15214323997497559,inf,18.737632751464844,0.016390228644013405
44448,nan,-0.15231947600841522,inf,15.2732572555542,0.002927506109699607
44457,nan,-0.15143512189388275,inf,9.945374488830566,0.03575484827160835
44468,nan,-0.14490558207035065,inf,8.043237686157227,0.22856460511684418
44471,nan,-0.025245744735002518,inf,7.130623817443848,3.9077725410461426
44557,nan,-0.09742284566164017,inf,10.784834861755371,0.6454431414604187
44581,nan,-0.15159855782985687,inf,10.491304397583008,0.037925150245428085
44598,nan,-0.15243469178676605,inf,21.95660972595215,1.564025842526462e-05
44649,nan,1.7840309143066406,inf,3.8159987926483154,31.686094284057617
44650,nan,-0.1524224877357483,inf,16.178041458129883,0.00018997192091774195
44737,nan,-0.15007850527763367,inf,12.00787353515625,0.23726990818977356
44796,nan,-0.09863211214542389,inf,7.7436041831970215,1.577899694442749
44799,nan,-0.15234819054603577,inf,16.400705337524414,-9.89913969533518e-05
44819,nan,-0.15001174807548523,inf,12.494903564453125,0.10157980769872665
44832,nan,-0.14839200675487518,inf,10.874945640563965,0.10268020629882812
44878,nan,-0.1354234665632248,inf,10.188529968261719,0.7880753874778748
44930,nan,-0.1514803022146225,inf,9.182859420776367,0.009473430924117565
44946,nan,-0.1510293334722519,inf,14.233428955078125,0.03844814375042915
44967,nan,-0.15240469574928284,inf,18.514652252197266,0.0018012047512456775
44980,nan,-0.14976206421852112,inf,14.3970947265625,0.15929655730724335
45042,nan,-0.1248679906129837,inf,7.483545780181885,1.5074121952056885
45076,nan,-0.1514979749917984,inf,17.59008026123047,0.05112800747156143
45086,nan,-0.06535357236862183,inf,8.216108322143555,1.5133521556854248
45134,nan,-0.13367965817451477,inf,8.743502616882324,0.4475715756416321
45223,nan,-0.15199564397335052,inf,13.952753067016602,0.015084648504853249
45252,nan,-0.15243488550186157,inf,29.996448516845703,5.722046125811175e-07
45353,nan,-0.15001964569091797,inf,15.799267768859863,0.01813504658639431
45365,nan,-0.15240848064422607,inf,13.822580337524414,0.00048551560030318797
45370,nan,-0.15214137732982635,inf,15.633837699890137,0.006940579507499933
45395,nan,-0.15243379771709442,inf,22.72999382019043,7.62939453125e-05
45406,nan,-0.1517925262451172,inf,14.029559135437012,0.023203277960419655
45411,nan,-0.13110986351966858,inf,5.696773052215576,2.129866361618042
45420,nan,-0.15227831900119781,inf,15.3355712890625,0.00827789306640625
45469,nan,-0.15058784186840057,inf,19.734045028686523,0.10871658474206924
45547,nan,-0.15026673674583435,inf,8.91849422454834,0.0525754950940609
45566,nan,-0.14889706671237946,inf,12.395279884338379,0.18978695571422577
45595,nan,0.08671262115240097,inf,5.122079372406006,7.585443019866943
45612,nan,-0.1304212212562561,inf,9.491888999938965,0.8210464715957642
45619,nan,-0.145656555891037,inf,10.66040325164795,0.21828322112560272
45643,nan,-0.14841429889202118,inf,15.618216514587402,0.12071575969457626
45653,nan,-0.10394380241632462,inf,8.380396842956543,1.3662190437316895
45669,nan,0.5260825157165527,inf,3.7484023571014404,17.521032333374023
45716,nan,0.04378606006503105,inf,5.852515697479248,5.523088455200195
45728,nan,-0.1524314135313034,inf,17.776647567749023,0.0001636505185160786
45838,nan,-0.1521923989057541,inf,18.172409057617188,0.016170501708984375
45874,nan,-0.14345009624958038,inf,9.016352653503418,0.1267154961824417
45884,nan,-0.14836062490940094,inf,13.719525337219238,0.15933857858181
45896,nan,2.8948285579681396,inf,3.4782397747039795,61.4339599609375
45972,nan,-0.13405685126781464,inf,9.327169418334961,0.30565834045410156
46033,nan,-0.15228791534900665,inf,15.008890151977539,0.006518661975860596
46037,nan,-0.14467965066432953,inf,9.964726448059082,0.05442199856042862
46039,nan,-0.15242831408977509,inf,18.093416213989258,0.0002841949462890625
46094,nan,-0.10986153036355972,inf,7.935789585113525,1.5844806432724
46162,nan,-0.15218143165111542,inf,13.3222074508667,0.005520820617675781
46168,nan,-0.14332588016986847,inf,8.973730087280273,0.2515568733215332
46209,nan,1.1088639497756958,inf,4.433753490447998,36.090450286865234
46213,nan,-0.1524307280778885,inf,22.890806198120117,0.00010070800635730848
46254,nan,0.17959409952163696,inf,5.973964214324951,5.0218634605407715
46268,nan,-0.1524088829755783,inf,16.499723434448242,0.0009586334344930947
46310,nan,-0.12493719905614853,inf,10.260215759277344,0.5786552429199219
46325,nan,-0.14820323884487152,inf,11.158110618591309,0.07308073341846466
46346,nan,-0.08505206555128098,inf,8.61205768585205,2.585064649581909
46353,nan,0.12900666892528534,inf,5.175262451171875,8.245444297790527
46362,nan,-0.15018491446971893,inf,12.800137519836426,0.10699758678674698
46366,nan,-0.15242822468280792,inf,17.774282455444336,0.0003270745219197124
46417,nan,0.041816215962171555,inf,10.637876510620117,8.655684471130371
46424,nan,-0.15182055532932281,inf,11.737768173217773,0.05406975746154785
46441,nan,-0.04328044876456261,inf,8.817628860473633,3.779083013534546
46442,nan,-0.15241114795207977,inf,16.81635856628418,0.0008302211645059288
46463,nan,-0.1517343819141388,inf,14.687273979187012,0.035375989973545074
46476,nan,-0.15243488550186157,inf,21.014875411987305,6.675720101156912e-07
46481,nan,-0.1502988338470459,inf,17.24909019470215,0.08246193081140518
46579,nan,-0.15243461728096008,inf,22.207197189331055,7.62939453125e-06
46596,nan,-0.09364791959524155,inf,7.45778226852417,1.150227427482605
46606,nan,-0.09279638528823853,inf,4.93052864074707,5.25798225402832
46607,nan,0.1541547328233719,inf,6.839569091796875,7.211487770080566
46612,nan,-0.15232615172863007,inf,14.713998794555664,0.0038564682472497225
46624,nan,-0.12462862581014633,inf,11.747127532958984,0.30576345324516296
46756,nan,-0.13684311509132385,inf,9.853808403015137,0.4174468219280243
46798,nan,-0.14938975870609283,inf,13.086946487426758,0.027073252946138382
46803,nan,-0.12905345857143402,inf,12.784117698669434,0.641370952129364
46876,nan,-0.1512092500925064,inf,10.889021873474121,0.02341156080365181
46906,nan,-0.15139594674110413,inf,12.467026710510254,0.03958335146307945
46915,nan,-0.15237896144390106,inf,23.520475387573242,0.0038051605224609375
46916,nan,-0.15238863229751587,inf,18.60458755493164,0.00164794921875
46940,nan,-0.14603093266487122,inf,9.444917678833008,0.1574239730834961
46977,nan,-0.15231235325336456,inf,14.198877334594727,0.006152153015136719
47028,nan,-0.1504366248846054,inf,13.18505573272705,0.02541532553732395
47039,nan,-0.15067903697490692,inf,15.419160842895508,0.01109848078340292
47079,nan,-0.14497515559196472,inf,11.979865074157715,0.3843536674976349
47081,nan,-0.15238957107067108,inf,13.805450439453125,0.0018055916298180819
47121,nan,0.08197373151779175,inf,5.470302104949951,9.922921180725098
47130,nan,-0.15101230144500732,inf,15.418082237243652,0.04448509216308594
47131,nan,-0.15239757299423218,inf,17.469585418701172,0.00202522287145257
47158,nan,-0.15072797238826752,inf,12.887184143066406,0.058040618896484375
47178,nan,-0.1523449420928955,inf,15.191080093383789,0.002290064236149192
47198,nan,-0.1514640897512436,inf,14.580065727233887,0.04438941553235054
47239,nan,-0.15234781801700592,inf,15.09464168548584,0.0031451433897018433
47259,nan,-0.06974466890096664,inf,9.974217414855957,1.6019352674484253
47262,nan,-0.15242981910705566,inf,28.638364791870117,0.0003479004080872983
47278,nan,-0.1500697135925293,inf,8.687057495117188,0.16016416251659393
47310,nan,-0.04978754371404648,inf,9.152851104736328,2.029972553253174
47325,nan,-0.15234380960464478,inf,16.04737663269043,0.0034706115256994963
47371,nan,-0.15176895260810852,inf,14.448399543762207,0.026848984882235527
47383,nan,-0.1518179327249527,inf,13.994295120239258,0.011962509714066982
47384,nan,-0.11928492784500122,inf,9.759800910949707,1.4849342107772827
47415,nan,1.9816988706588745,inf,2.0333786010742188,41.02797317504883
47419,nan,-0.1520892083644867,inf,11.563068389892578,0.009092378430068493
47498,nan,-0.12750931084156036,inf,8.320649147033691,1.175965428352356
47499,nan,-0.15136060118675232,inf,11.308772087097168,0.058984946459531784
47542,nan,-0.1481183022260666,inf,14.766199111938477,0.09211082756519318
47551,nan,-0.12423080205917358,inf,8.459895133972168,0.8027647137641907
47582,nan,-0.09666246175765991,inf,7.259215831756592,1.2320122718811035
47586,nan,-0.1517736166715622,inf,13.566360473632812,0.030104732140898705
47601,nan,0.7064048647880554,inf,4.9432454109191895,17.828765869140625
47610,nan,-0.15242630243301392,inf,17.108692169189453,0.0003570556582417339
47621,nan,-0.14508093893527985,inf,10.72812557220459,0.1718691885471344
47638,nan,-0.1477147936820984,inf,10.282564163208008,0.0892641618847847
47648,nan,-0.15241096913814545,inf,18.6263484954834,0.0015892029041424394
47658,nan,-0.15243317186832428,inf,21.3279972076416,8.7738037109375e-05
47670,nan,-0.12380187958478928,inf,9.36279582977295,0.848698079586029
47697,nan,-0.15243469178676605,inf,20.816116333007812,6.10351571594947e-06
47711,nan,-0.06344433128833771,inf,8.138306617736816,3.5610172748565674
47757,nan,-0.15243485569953918,inf,25.367612838745117,4.0054324017546605e-06
47817,nan,-0.151496022939682,inf,11.646319389343262,0.017297077924013138
47821,nan,-0.15235774219036102,inf,14.988916397094727,0.0021501542069017887
47901,nan,-0.15791653096675873,inf,14.118739128112793,-0.09034516662359238
47938,nan,0.1841534525156021,inf,5.4174604415893555,7.595985412597656
47941,nan,-0.15121294558048248,inf,9.87136173248291,0.02388584055006504
47976,nan,-0.15243104100227356,inf,17.562780380249023,9.334087371826172e-05
47979,nan,-0.15243487060070038,inf,26.011066436767578,1.7881393432617188e-06
48043,nan,-0.15242920815944672,inf,19.888507843017578,0.0002571106015238911
48055,nan,-0.1522335261106491,inf,11.409411430358887,0.009374427609145641
48057,nan,-0.15127980709075928,inf,13.320767402648926,0.03394017368555069
48105,nan,-0.15250928699970245,inf,13.897480964660645,-0.005981254857033491
48171,nan,-0.14176900684833527,inf,11.888137817382812,0.3406068980693817
48206,nan,-0.14319662749767303,inf,10.80371379852295,0.36341527104377747
48220,nan,-0.1488151103258133,inf,12.91491413116455,0.0941934585571289
48264,nan,0.2403608113527298,inf,4.058678150177002,11.69552993774414
48265,nan,-0.15210992097854614,inf,13.987329483032227,0.007739734835922718
48286,nan,-0.15243160724639893,inf,17.772018432617188,0.00014524460129905492
48324,nan,-0.15219590067863464,inf,22.372291564941406,0.016332197934389114
48416,nan,-0.04993424192070961,inf,10.01273250579834,2.0331664085388184
48466,nan,-0.14020602405071259,inf,11.221991539001465,0.42784520983695984
48535,nan,0.5927669405937195,inf,4.17173433303833,12.420161247253418
48552,nan,-0.15095336735248566,inf,14.992812156677246,0.07718191295862198
48568,nan,1.7763853073120117,inf,3.127789258956909,37.748008728027344
48595,nan,-0.14934350550174713,inf,15.529878616333008,0.128692626953125
48608,nan,0.0791267529129982,inf,6.103573322296143,9.243865966796875
48643,nan,-0.15231336653232574,inf,22.538068771362305,0.0028476715087890625
48650,nan,-0.1508384495973587,inf,11.441438674926758,0.07681532204151154
48684,nan,-0.15069524943828583,inf,12.564911842346191,0.05974254757165909
48694,nan,-0.14838317036628723,inf,14.999162673950195,0.15505504608154297
48746,nan,-0.15035533905029297,inf,11.385514259338379,0.024422740563750267
48769,nan,-0.144101083278656,inf,11.58188533782959,0.10714560002088547
48778,nan,-0.09478884935379028,inf,8.478178024291992,2.098243474960327
48837,nan,-0.1309715360403061,inf,9.458134651184082,0.2250957489013672
48893,nan,-0.14856931567192078,inf,13.08117389678955,0.06450400501489639
48900,nan,-0.15238718688488007,inf,17.30829429626465,0.0025133134331554174
48953,nan,0.2994941473007202,inf,5.3323140144348145,9.408767700195312
48957,nan,-0.15152905881404877,inf,10.90674877166748,0.02665557898581028
48979,nan,-0.07859034836292267,inf,4.9359130859375,3.486156463623047
49031,nan,-0.15000079572200775,inf,11.70337963104248,0.07490482181310654
49088,nan,-0.14940021932125092,inf,19.824386596679688,0.10539398342370987
49134,nan,-0.14695751667022705,inf,14.228218078613281,0.21808075904846191
49154,nan,-0.012605110183358192,inf,7.20828104019165,4.479779243469238
49190,nan,-0.1520320177078247,inf,15.668184280395508,0.026395797729492188
49194,nan,-0.14626763761043549,inf,11.176733016967773,0.33485251665115356
49213,nan,0.010799835436046124,inf,7.0116286277771,3.947842836380005
49230,nan,0.08681092411279678,inf,8.202311515808105,2.6362156867980957
49308,nan,-0.1524340659379959,inf,23.98286247253418,3.089904930675402e-05
49320,nan,-0.1523810774087906,inf,16.66107749938965,0.0023971558548510075
49357,nan,-0.065131776034832,inf,11.967485427856445,2.957665205001831
49364,nan,-0.15240278840065002,inf,17.071714401245117,0.001244878745637834
49376,nan,-0.1459839642047882,inf,10.96319580078125,0.18373794853687286
49378,nan,-0.15193083882331848,inf,16.501689910888672,0.019802093505859375
49427,nan,-0.15240181982517242,inf,17.529340744018555,0.0011399269569665194
49443,nan,-0.11744656413793564,inf,10.693464279174805,0.8262390494346619
49455,nan,1.5458402633666992,inf,2.105787754058838,51.14472961425781
49469,nan,-0.1239592432975769,inf,8.38178539276123,0.5263180136680603
49513,nan,-0.11353029310703278,inf,13.473902702331543,1.862850546836853
49519,nan,-0.01855011284351349,inf,8.375879287719727,6.500152587890625
49539,nan,-0.14981205761432648,inf,11.10342025756836,0.05948286131024361
49547,nan,-0.15243445336818695,inf,27.53885841369629,1.6021729607018642e-05
49649,nan,-0.15241001546382904,inf,18.04615592956543,0.0009243011591024697
49694,nan,-0.16092993319034576,inf,12.029762268066406,0.04477710649371147
49696,nan,-0.15243324637413025,inf,20.7015323638916,6.828307959949598e-05
49699,nan,-0.1524048149585724,inf,17.883005142211914,0.0015611678827553988
49726,nan,-0.15228091180324554,inf,17.43084144592285,0.0033927918411791325
49735,nan,-0.11752396076917648,inf,9.1279878616333,0.9989715814590454
49747,nan,-0.15224796533584595,inf,16.570371627807617,0.00741233816370368
49751,nan,-0.13749206066131592,inf,10.443804740905762,0.5790751576423645
49768,nan,-0.1471279114484787,inf,11.722966194152832,0.19649599492549896
49801,nan,-0.14804719388484955,inf,8.547093391418457,0.0885351225733757
49825,nan,-0.15236370265483856,inf,14.31395149230957,0.0005208849906921387
49839,nan,-0.1518498808145523,inf,15.054430961608887,0.014875411987304688
49851,nan,-0.10834958404302597,inf,8.997244834899902,1.5695122480392456
49870,nan,-0.01942356489598751,inf,5.866427898406982,1.8256117105484009
50019,nan,-0.14694294333457947,inf,14.40563678741455,0.14402619004249573
50033,nan,-0.14770099520683289,inf,10.47432804107666,0.1613777130842209
50034,nan,0.48657748103141785,inf,4.910762786865234,14.169967651367188
50090,nan,-0.14877140522003174,inf,13.874037742614746,0.10169978439807892
50121,nan,-0.13206413388252258,inf,8.61115550994873,0.25792062282562256
50162,nan,0.37050503492355347,inf,5.716039180755615,8.807252883911133
50183,nan,-0.15241926908493042,inf,18.737424850463867,0.00023956298537086695
50190,nan,-0.14972971379756927,inf,12.409489631652832,0.14176444709300995
50258,nan,-0.14928831160068512,inf,15.436836242675781,0.06409130245447159
50283,nan,-0.15074892342090607,inf,17.04481315612793,0.049416638910770416
50290,nan,-0.14931060373783112,inf,11.408623695373535,0.08610837906599045
50304,nan,0.05774480104446411,inf,6.34641170501709,8.037392616271973
50311,nan,-0.15236185491085052,inf,15.695467948913574,0.0021645070519298315
50331,nan,0.33656734228134155,inf,4.973409175872803,18.80185890197754
50428,nan,-0.15231332182884216,inf,28.604459762573242,0.00262451171875
50510,nan,-0.13887332379817963,inf,10.800958633422852,0.2073085755109787
50515,nan,0.1359749287366867,inf,6.8652801513671875,7.154054164886475
50521,nan,-0.1523701697587967,inf,17.52058982849121,0.004043960478156805
50523,nan,-0.15058758854866028,inf,13.30945110321045,0.07418537139892578
50527,nan,0.6522497534751892,inf,3.7915875911712646,12.127199172973633
50541,nan,0.18220192193984985,inf,5.473429203033447,6.885447978973389
50554,nan,-0.15231606364250183,inf,23.517587661743164,0.0025604248512536287
50570,nan,-0.1516227126121521,inf,10.765875816345215,0.03394975885748863
50607,nan,0.05282551050186157,inf,5.449552059173584,5.373090744018555
50614,nan,-0.15238609910011292,inf,18.903167724609375,0.002202796982601285
50645,nan,-0.15243536233901978,inf,23.33930206298828,-3.2138825190486386e-05
50665,nan,-0.15221980214118958,inf,13.327717781066895,0.009602594189345837
50749,nan,-0.10932552069425583,inf,9.626151084899902,1.9775093793869019
50816,nan,-0.10991153866052628,inf,7.764842510223389,1.6548194885253906
50829,nan,-0.15235751867294312,inf,14.032197952270508,0.0012641430366784334
50842,nan,-0.15240652859210968,inf,20.144704818725586,0.0018104553455486894
50852,nan,-0.1519857496023178,inf,10.455109596252441,0.10418453067541122
50859,nan,-0.15216518938541412,inf,13.551426887512207,0.01408300455659628
50888,nan,-0.1517825871706009,inf,11.4179105758667,0.029562950134277344
50897,nan,-0.1190415546298027,inf,11.28072452545166,0.47704240679740906
50952,nan,-0.151822030544281,inf,13.024626731872559,0.028934836387634277
50959,nan,-0.11542142927646637,inf,8.973190307617188,1.1811621189117432
50962,nan,0.5556672811508179,inf,5.452280521392822,13.512089729309082
51000,nan,-0.15242069959640503,inf,19.000028610229492,0.0004001617489848286
51048,nan,-0.1523977369070053,inf,20.471078872680664,0.0025140761863440275
51083,nan,-0.15545038878917694,inf,7.4523234367370605,1.0054845809936523
51146,nan,-0.14523950219154358,inf,10.026236534118652,0.20320115983486176
51152,nan,0.47388505935668945,inf,3.8963112831115723,19.090892791748047
51161,nan,-0.1491566002368927,inf,16.68410873413086,0.17506587505340576
51199,nan,-0.15113703906536102,inf,14.460342407226562,0.041223909705877304
51209,nan,-0.1521066278219223,inf,17.600969314575195,0.009569967165589333
51245,nan,-0.14416344463825226,inf,9.378564834594727,0.36158737540245056
51250,nan,-0.14307980239391327,inf,9.920980453491211,0.13696613907814026
51296,nan,0.05857112631201744,inf,8.520801544189453,4.345914840698242
51345,nan,-0.1520795077085495,inf,17.75271987915039,0.011189460754394531
51363,nan,-0.1524244248867035,inf,17.85186767578125,0.0003533601702656597
51372,nan,-0.15200300514698029,inf,14.853944778442383,0.018899155780673027
51377,nan,-0.15223370492458344,inf,12.123286247253418,0.002219820162281394
51457,nan,-0.15239058434963226,inf,18.157333374023438,5.3024294174974784e-05
51480,nan,-0.03838365897536278,inf,6.7765936851501465,3.9096896648406982
51481,nan,1.2679375410079956,inf,3.2306594848632812,37.25107192993164
51486,nan,-0.15242354571819305,inf,19.47815704345703,0.00032701491727493703
51512,nan,0.032919496297836304,inf,7.409363746643066,3.569154739379883
51568,nan,-0.01629510335624218,inf,5.856200218200684,5.7514448165893555
51631,nan,-0.12548516690731049,inf,13.949427604675293,0.6878601312637329
51668,nan,-0.05167805776000023,inf,7.386599063873291,1.918299913406372
51686,nan,-0.1524277776479721,inf,18.778581619262695,0.00018310546875
51688,nan,0.08493327349424362,inf,5.537226676940918,10.00696086883545
51704,nan,-0.15117695927619934,inf,17.03137969970703,0.08247070759534836
51705,nan,-0.13937650620937347,inf,8.406569480895996,0.09053654968738556
51734,nan,-0.15159930288791656,inf,16.22818374633789,0.0331270694732666
51741,nan,-0.15194033086299896,inf,15.630739212036133,0.018566250801086426
51763,nan,-0.15163056552410126,inf,13.042279243469238,0.02728733979165554
51786,nan,-0.15242572128772736,inf,20.48689079284668,0.0006166458479128778
51795,nan,0.12431836128234863,inf,8.749075889587402,5.943088531494141
51838,nan,-0.09270647168159485,inf,9.783865928649902,1.8250458240509033
51888,nan,-0.15223078429698944,inf,15.171711921691895,0.0037841796875
51935,nan,-0.018148139119148254,inf,8.149229049682617,3.8968396186828613
51952,nan,-0.08238738030195236,inf,6.596751689910889,1.0929120779037476
51965,nan,-0.15043707191944122,inf,17.54977798461914,0.106470488011837
52003,nan,-0.027439607307314873,inf,6.684890270233154,4.713939189910889
52018,nan,-0.1524205505847931,inf,16.141977310180664,0.00022644996352028102
52049,nan,-0.14103391766548157,inf,9.095861434936523,0.8310936093330383
52129,nan,-0.13102653622627258,inf,8.332963943481445,0.9529815912246704
52173,nan,0.41630157828330994,inf,6.530096530914307,17.494462966918945
52179,nan,-0.15113848447799683,inf,13.998465538024902,0.06242179870605469
52196,nan,-0.07469707727432251,inf,8.962729454040527,3.7266621589660645
52249,nan,-0.1617722064256668,inf,8.00710391998291,-0.33784958720207214
52315,nan,-0.10891156643629074,inf,9.320903778076172,2.4131269454956055
52356,nan,-0.1523965299129486,inf,19.511804580688477,0.001784515450708568
52396,nan,-0.14209401607513428,inf,9.661555290222168,0.3928990364074707
52400,nan,-0.14871551096439362,inf,10.54277229309082,0.10659942775964737
52455,nan,-0.1522967666387558,inf,21.57350730895996,0.009331131353974342
52459,nan,-0.15179088711738586,inf,16.0233097076416,0.01932363584637642
52496,nan,1.6275835037231445,inf,4.037745952606201,53.79522705078125
52499,nan,-0.15235237777233124,inf,16.284000396728516,0.004039001651108265
52532,nan,-0.15113762021064758,inf,11.638936996459961,0.03810520097613335
52589,nan,-0.1524330973625183,inf,24.842941284179688,9.765625145519152e-05
52631,nan,1.1114956140518188,inf,3.0025079250335693,61.798797607421875
52641,nan,-0.14620159566402435,inf,10.124104499816895,0.10417642444372177
52650,nan,-0.1524152010679245,inf,16.64408302307129,0.0010971069568768144
52668,nan,1.3187131881713867,inf,5.089896202087402,26.18983268737793
52708,nan,-0.15240587294101715,inf,31.50974464416504,0.001078796456567943
52748,nan,-0.1524219959974289,inf,16.12327766418457,0.0003311157342977822
52791,nan,-0.15239942073822021,inf,21.282453536987305,0.0022285461891442537
52792,nan,-0.1524343192577362,inf,25.691730499267578,1.52587890625e-05
52809,nan,-0.14415286481380463,inf,12.650031089782715,0.33294984698295593
52833,nan,-0.10246136039495468,inf,7.650887966156006,1.6412168741226196
52871,nan,-0.14552442729473114,inf,9.111146926879883,0.08896487206220627
52881,nan,-0.15243412554264069,inf,20.191482543945312,9.72747784544481e-06
52894,nan,-0.043049156665802,inf,11.210089683532715,7.329321384429932
52897,nan,-0.09818939119577408,inf,9.827420234680176,3.342182159423828
52913,nan,-0.14912475645542145,inf,12.786776542663574,0.13752403855323792
52926,nan,0.11339294165372849,inf,7.5548624992370605,2.801252841949463
52955,nan,-0.11789021641016006,inf,9.362675666809082,0.8241936564445496
52957,nan,-0.15175354480743408,inf,16.031991958618164,0.04519500955939293
52971,nan,-0.13309943675994873,inf,8.717734336853027,0.6404560804367065
52981,nan,-0.14509217441082,inf,8.995170593261719,0.09584460407495499
52990,nan,-0.15188832581043243,inf,11.719531059265137,0.011403942480683327
52993,nan,0.16814133524894714,inf,4.8817901611328125,10.028961181640625
53038,nan,-0.12767519056797028,inf,9.341007232666016,0.7129780054092407
53042,nan,-0.15128104388713837,inf,14.691263198852539,0.025844573974609375
53099,nan,0.39728158712387085,inf,3.6442253589630127,13.655560493469238
53114,nan,-0.13155607879161835,inf,14.561182975769043,0.4621503949165344
53143,nan,-0.12150322645902634,inf,11.503568649291992,0.276449978351593
53151,nan,-0.09084846079349518,inf,9.750965118408203,0.4826982617378235
53198,nan,-0.0926661565899849,inf,8.127135276794434,1.976146936416626
53209,nan,-0.14231592416763306,inf,14.33183765411377,0.5851255655288696
53231,nan,-0.15229378640651703,inf,18.21767807006836,0.007139969151467085
53248,nan,-0.025856180116534233,inf,5.50595235824585,4.509902000427246
53270,nan,0.36540687084198,inf,4.820924282073975,18.760007858276367
53272,nan,-0.15188051760196686,inf,11.128730773925781,0.025869131088256836
53347,nan,0.02009541727602482,inf,9.241990089416504,8.213629722595215
53393,nan,-0.12471264600753784,inf,8.268858909606934,1.2619315385818481
53420,nan,0.6824977993965149,inf,4.044360160827637,13.5335111618042
53425,nan,-0.15243451297283173,inf,23.82387924194336,2.403259350103326e-05
53432,nan,-0.15241743624210358,inf,17.722789764404297,0.0009504318586550653
53486,nan,-0.15237009525299072,inf,17.61552619934082,0.0036412240006029606
53529,nan,-0.15243180096149445,inf,17.785646438598633,0.00010023116919910535
53588,nan,-0.15242372453212738,inf,18.70675277709961,0.0001220703125
53625,nan,-0.1495123952627182,inf,13.55783748626709,0.15921583771705627
53639,nan,0.12789127230644226,inf,7.330090522766113,8.314106941223145
53656,nan,-0.10871143639087677,inf,8.345796585083008,1.1851378679275513
53776,nan,-0.15243494510650635,inf,17.736692428588867,-0.0012263417011126876
53785,nan,1.5441163778305054,inf,1.1691114902496338,61.36111068725586
53869,nan,-0.14672015607357025,inf,10.761531829833984,0.14290490746498108
53917,nan,-0.15241289138793945,inf,19.311704635620117,0.0011729479301720858
53919,nan,-0.1524345725774765,inf,22.09315299987793,1.3732910701946821e-05
53923,nan,-0.1524309366941452,inf,36.815284729003906,0.0002716064627747983
53930,nan,-0.15242505073547363,inf,18.31281280517578,0.0012989521492272615
53943,nan,-0.15240955352783203,inf,15.120699882507324,0.0007417201995849609
53975,nan,-0.15240316092967987,inf,17.501977920532227,0.0013587952125817537
53987,nan,-0.13096751272678375,inf,6.897120952606201,0.5266188979148865
54008,nan,-0.0648902952671051,inf,7.396241664886475,1.9365955591201782
54056,nan,-0.1523878276348114,inf,20.68505096435547,0.003162384033203125
54135,nan,-0.15073756873607635,inf,12.917322158813477,0.04567728191614151
54161,nan,0.9789524078369141,inf,4.487311363220215,15.393298149108887
54255,nan,0.893680214881897,inf,5.455637454986572,26.203083038330078
54268,nan,0.029436474665999413,inf,8.141556739807129,4.265714168548584
54273,nan,-0.15113352239131927,inf,12.280736923217773,0.059390127658843994
54279,nan,-0.16637888550758362,inf,5.517504692077637,-0.8366075754165649
54310,nan,-0.14947564899921417,inf,11.878989219665527,0.09979324787855148
54343,nan,-0.1428011655807495,inf,14.320151329040527,0.11102447658777237
54363,nan,-0.1524336338043213,inf,21.93324851989746,6.103515625e-05
54376,nan,0.07803689688444138,inf,5.570830821990967,6.14845085144043
54436,nan,0.23953969776630402,inf,3.9966094493865967,7.413575172424316
54487,nan,0.30696603655815125,inf,6.821042537689209,14.198570251464844
54490,nan,-0.06503438949584961,inf,8.273357391357422,2.593609571456909
54556,nan,-0.14995290338993073,inf,12.010000228881836,0.07184846699237823
54598,nan,0.3454008102416992,inf,3.5059852600097656,17.487964630126953
54634,nan,-0.1524333506822586,inf,24.074491500854492,0.00010579824447631836
54789,nan,-0.15242038667201996,inf,18.902320861816406,0.00044939518556930125
54844,nan,-0.15226593613624573,inf,15.496490478515625,0.010683822445571423
54862,nan,-0.15227548778057098,inf,14.256224632263184,0.004074478056281805
54878,nan,-0.1517195701599121,inf,14.162257194519043,0.023485660552978516
54913,nan,-0.14486877620220184,inf,11.717391014099121,0.08479652553796768
54919,nan,-0.1489071249961853,inf,10.376509666442871,0.21423807740211487
54959,nan,-0.152157261967659,inf,12.59682559967041,0.0049492004327476025
55013,nan,-0.1517619639635086,inf,19.684682846069336,0.04127636179327965
55016,nan,-0.141559436917305,inf,14.021693229675293,0.24555528163909912
55026,nan,-0.13890396058559418,inf,10.130701065063477,0.6607572436332703
55056,nan,-0.10857714712619781,inf,10.274471282958984,0.7887188196182251
55119,nan,-0.12687276303768158,inf,9.97067928314209,0.3294452726840973
55166,nan,-0.006546494551002979,inf,5.936753273010254,4.276223659515381
55177,nan,-0.1523231416940689,inf,12.60368537902832,0.003101348876953125
55197,nan,-0.15153135359287262,inf,12.453277587890625,0.0818643569946289
55224,nan,-0.04767920821905136,inf,5.378247261047363,3.3510797023773193
55237,nan,0.2435326874256134,inf,4.903310298919678,6.33437442779541
55258,nan,-0.15197136998176575,inf,14.33855152130127,0.010120200924575329
55290,nan,-0.15241937339305878,inf,18.77882194519043,0.002039337297901511
55337,nan,-0.15027855336666107,inf,11.606585502624512,0.16195431351661682
55357,nan,0.08793740719556808,inf,4.67419958114624,4.116683006286621
55406,nan,-0.15224885940551758,inf,13.57487678527832,0.0075171710923314095
55413,nan,0.7254441380500793,inf,4.426238059997559,27.708616256713867
55444,nan,0.8714103102684021,inf,4.087254047393799,26.60835075378418
55504,nan,-0.15148556232452393,inf,10.977317810058594,0.021981334313750267
55526,nan,-0.1520407348871231,inf,17.286823272705078,0.014744567684829235
55584,nan,0.07818316668272018,inf,7.563088893890381,9.065401077270508
55644,nan,-0.05666463449597359,inf,7.991328716278076,5.390880107879639
55671,nan,-0.1523664891719818,inf,13.688719749450684,0.0023174285888671875
55764,nan,-0.16745372116565704,inf,12.8289155960083,-0.1274580955505371
55773,nan,-0.15243405103683472,inf,21.541975021362305,1.0704994565458037e-05
55828,nan,-0.15243491530418396,inf,26.899274826049805,4.7683716530855236e-08
55830,nan,-0.15243448317050934,inf,25.121524810791016,2.441406286379788e-05
55894,nan,-0.14956912398338318,inf,12.824991226196289,0.1456824392080307
55948,nan,-0.15234193205833435,inf,16.96991539001465,0.005451965611428022
55989,nan,-0.15243403613567352,inf,21.773069381713867,3.819465564447455e-05
56049,nan,-0.12324922531843185,inf,8.918961524963379,0.7950631380081177
56059,nan,-0.15240643918514252,inf,16.701135635375977,0.0010169983142986894
56072,nan,-0.15241435170173645,inf,18.75704574584961,0.0008636474958620965
56077,nan,-0.13883425295352936,inf,8.700152397155762,0.39907532930374146
56088,nan,0.3640936315059662,inf,8.02506160736084,7.072996616363525
56171,nan,-0.15242646634578705,inf,21.06230926513672,0.0005004882696084678
56174,nan,-0.15206260979175568,inf,12.684321403503418,0.014859008602797985
56175,nan,-0.14347591996192932,inf,12.318986892700195,0.2965395152568817
56208,nan,0.013973510824143887,inf,4.777595043182373,5.207623481750488
56224,nan,-0.1371883600950241,inf,9.682753562927246,0.4997037947177887
56313,nan,-0.15170173346996307,inf,14.257028579711914,0.023424340412020683
56337,nan,-0.15185149013996124,inf,13.330855369567871,0.010682487860321999
56348,nan,-0.11426204442977905,inf,8.836954116821289,1.378047227859497
56349,nan,-0.04454880580306053,inf,8.690156936645508,0.6583903431892395
56357,nan,-0.1523900032043457,inf,17.104543685913086,0.0022616982460021973
56361,nan,-0.1309560090303421,inf,10.009088516235352,0.6962987780570984
56381,nan,-0.07404904812574387,inf,8.065195083618164,0.6488107442855835
56385,nan,-0.15230955183506012,inf,14.003039360046387,0.0075206756591796875
56413,nan,-0.0490008182823658,inf,5.196028232574463,3.1524264812469482
56446,nan,0.7878066897392273,inf,4.229415416717529,24.78876495361328
56526,nan,-0.14835967123508453,inf,12.718206405639648,0.15613089501857758
56544,nan,-0.06507361680269241,inf,7.1508941650390625,3.44921612739563
56550,nan,-0.1507319062948227,inf,13.419448852539062,0.024216676130890846
56634,nan,-0.15240035951137543,inf,15.279135704040527,0.001523518585599959
56653,nan,-0.029843050986528397,inf,7.020555019378662,3.281522750854492
56718,nan,-0.1392773985862732,inf,12.422527313232422,0.11846943199634552
56731,nan,0.352489709854126,inf,5.86381721496582,9.905191421508789
56751,nan,-0.01459205150604248,inf,6.944545745849609,2.2208499908447266
56765,nan,-0.11818087100982666,inf,10.355731964111328,0.9511041641235352
56815,nan,-0.035928402096033096,inf,12.129659652709961,1.2024240493774414
56816,nan,-0.15243469178676605,inf,28.025510787963867,1.52587890625e-05
56883,nan,0.9655027389526367,inf,4.187267303466797,21.64983558654785
56911,nan,0.0076486230827867985,inf,6.629505157470703,5.711562156677246
56912,nan,-0.14945058524608612,inf,10.628897666931152,0.09725731611251831
56941,nan,-0.15239977836608887,inf,16.5230655670166,0.0017606735927984118
56978,nan,-0.14323559403419495,inf,8.611844062805176,0.05466679483652115
56981,nan,-0.12190376967191696,inf,8.254922866821289,0.9572202563285828
57004,nan,-0.14391806721687317,inf,13.951083183288574,0.3265165388584137
57027,nan,-0.14184114336967468,inf,13.5365629196167,0.5589599013328552
57030,nan,0.6025834083557129,inf,3.9204063415527344,24.29944610595703
57031,nan,-0.07262753695249557,inf,11.546379089355469,1.9811134338378906
57070,nan,0.05756337568163872,inf,4.957443714141846,4.8111443519592285
57179,nan,-0.1513608992099762,inf,9.558881759643555,0.04034380987286568
57216,nan,-0.15243297815322876,inf,20.90957260131836,7.476806786144152e-05
57252,nan,-0.15243491530418396,inf,35.32045364379883,0.0
57284,nan,-0.1285172402858734,inf,11.091079711914062,1.0798559188842773
57294,nan,-0.1503586620092392,inf,12.378928184509277,0.11816682666540146
57303,nan,-0.08751088380813599,inf,8.710136413574219,1.7569845914840698
57320,nan,-0.15227290987968445,inf,16.933401107788086,0.007216263096779585
57323,nan,-0.15186366438865662,inf,13.071232795715332,0.01852639950811863
57374,nan,-0.13082334399223328,inf,16.076181411743164,0.8002161979675293
57393,nan,-0.15242677927017212,inf,19.341970443725586,0.0002838134823832661
57415,nan,0.02087472192943096,inf,8.02707290649414,4.002841472625732
57456,nan,-0.15239599347114563,inf,19.947437286376953,0.0003330230829305947
57465,nan,-0.15242420136928558,inf,20.4257869720459,0.0006942987674847245
57492,nan,0.8597750067710876,inf,4.347456455230713,25.4876708984375
57499,nan,0.4974869191646576,inf,4.269922733306885,18.7132625579834
57530,nan,-0.1519053727388382,inf,14.299616813659668,0.022699249908328056
57568,nan,-0.13626380264759064,inf,9.751360893249512,0.8355152010917664
57630,nan,-0.09699271619319916,inf,7.346713542938232,1.9603999853134155
57646,nan,-0.07833582162857056,inf,10.308248519897461,3.321542501449585
57666,nan,-0.10829831659793854,inf,8.411664009094238,1.4903570413589478
57670,nan,0.017588702961802483,inf,7.646188259124756,6.771749973297119
57771,nan,-0.144706130027771,inf,8.813163757324219,0.20366723835468292
57788,nan,-0.1521754115819931,inf,11.549273490905762,0.032459329813718796
57844,nan,-0.0852581113576889,inf,12.953442573547363,1.3987516164779663
57882,nan,-0.1520201414823532,inf,13.461580276489258,0.019527435302734375
57885,nan,-0.15219557285308838,inf,16.348834991455078,0.005537267774343491
57914,nan,-0.14816813170909882,inf,11.712546348571777,0.1783563643693924
58013,nan,-0.15244480967521667,inf,20.87589454650879,-0.000678288924973458
58061,nan,-0.15242348611354828,inf,18.56829261779785,0.0003846168692689389
58091,nan,0.08480801433324814,inf,3.1423072814941406,15.131265640258789
58176,nan,-0.1449870616197586,inf,13.362586975097656,0.2117566168308258
58191,nan,0.12138708680868149,inf,6.690270900726318,6.011299133300781
58216,nan,0.1060643196105957,inf,4.877804279327393,5.429716110229492
58228,nan,0.05738675594329834,inf,5.949514389038086,6.25119686126709
58313,nan,-0.15183304250240326,inf,11.633893013000488,0.023960519582033157
58336,nan,-0.11896305531263351,inf,8.521469116210938,1.0423943996429443
58375,nan,-0.15237335860729218,inf,15.724505424499512,0.0020921349059790373
58405,nan,-0.15206702053546906,inf,13.13162899017334,0.010651970282196999
58420,nan,-0.15243388712406158,inf,22.786136627197266,6.332397606456652e-05
58446,nan,-0.12578751146793365,inf,8.061209678649902,1.4559307098388672
58453,nan,0.2161596119403839,inf,4.6612396240234375,10.56302547454834
58458,nan,-0.15137307345867157,inf,11.959961891174316,0.0707012191414833
58481,nan,-0.15196006000041962,inf,13.192944526672363,0.011938667856156826
58506,nan,-0.15243491530418396,inf,27.738554000854492,0.0
58519,nan,-0.14347302913665771,inf,11.09553337097168,0.24367447197437286
58593,nan,-0.1524295210838318,inf,22.279388427734375,0.00018806457228492945
58630,nan,0.6629751324653625,inf,3.633819580078125,14.73068904876709
58656,nan,0.2813904583454132,inf,5.491782188415527,13.866284370422363
58666,nan,-0.12826447188854218,inf,7.961248874664307,0.6950912475585938
58679,nan,-0.1518789380788803,inf,15.721092224121094,0.008549118414521217
58711,nan,-0.14438359439373016,inf,8.042664527893066,0.3606811463832855
58747,nan,0.4369025230407715,inf,9.31734848022461,39.236873626708984
58775,nan,-0.036962930113077164,inf,7.705239295959473,5.099881649017334
58777,nan,-0.14990907907485962,inf,11.482098579406738,0.0845794677734375
58811,nan,-0.1524333655834198,inf,20.753652572631836,5.589127613347955e-05
58852,nan,0.28703147172927856,inf,6.5081095695495605,6.962484836578369
58859,nan,-0.15299876034259796,inf,12.844993591308594,0.08154699951410294
58870,nan,-0.14921486377716064,inf,18.120031356811523,0.06926193088293076
58876,nan,-0.14926433563232422,inf,10.86085033416748,0.12380967289209366
58883,nan,-0.14764007925987244,inf,9.231184959411621,0.0675874724984169
58908,nan,-0.15234164893627167,inf,17.828092575073242,0.0060363770462572575
58952,nan,0.15169160068035126,inf,6.226365089416504,7.595771312713623
59150,nan,-0.14617876708507538,inf,9.569579124450684,0.12077846378087997
59153,nan,-0.1524168699979782,inf,19.13611602783203,0.0010594368213787675
59175,nan,-0.14505766332149506,inf,10.07800006866455,0.41281595826148987
59182,nan,-0.1292552351951599,inf,7.28462553024292,0.6527948975563049
59217,nan,-0.15228517353534698,inf,13.263407707214355,0.003968143370002508
59283,nan,-0.14936496317386627,inf,18.08859634399414,0.12166061252355576
59332,nan,-0.001398145454004407,inf,5.372520923614502,4.9688286781311035
59342,nan,-0.003757913364097476,inf,6.651715278625488,1.2234556674957275
59393,nan,-0.15242518484592438,inf,21.900022506713867,0.0006149291875772178
59411,nan,-0.02621002309024334,inf,8.469090461730957,3.4351189136505127
59449,nan,-0.15260279178619385,inf,10.988534927368164,-0.014376306906342506
59459,nan,0.011369883082807064,inf,7.5708770751953125,5.315948009490967
59463,nan,-0.15194450318813324,inf,15.050129890441895,0.015152931213378906
59482,nan,-0.11436209827661514,inf,9.81587028503418,1.8819032907485962
59524,nan,-0.15236012637615204,inf,16.924318313598633,0.0003608703555073589
59557,nan,-0.15205760300159454,inf,10.30169677734375,0.030515575781464577
59560,nan,-0.09711749106645584,inf,13.48900318145752,1.7443383932113647
59604,nan,0.05222330242395401,inf,5.284373760223389,6.712741374969482
59632,nan,-0.1514340192079544,inf,20.194944381713867,0.0683661475777626
59644,nan,-0.12166185677051544,inf,12.518558502197266,0.714521586894989
59691,nan,-0.15243221819400787,inf,17.775304794311523,0.00017986298189498484
59693,nan,-0.15255025029182434,inf,14.32432746887207,-0.004483944270759821
59695,nan,-0.13821148872375488,inf,14.892196655273438,0.9545764923095703
59748,nan,-0.152427539229393,inf,21.798559188842773,0.00037298203096725047
59775,nan,0.08892827481031418,inf,4.834718704223633,4.119351863861084
59784,nan,-0.14640448987483978,inf,12.14368724822998,0.3377009332180023
59789,nan,-0.14339187741279602,inf,11.094743728637695,0.368312269449234
59803,nan,-0.15241321921348572,inf,17.51366424560547,0.0011032104957848787
59818,nan,0.11895064264535904,inf,6.194675445556641,2.9158847332000732
59825,nan,-0.15242019295692444,inf,19.30818748474121,0.00035858154296875
59852,nan,-0.0018711179727688432,inf,6.695979595184326,2.4864418506622314
59862,nan,-0.15243199467658997,inf,21.60724639892578,2.136230432370212e-05
59912,nan,-0.15242421627044678,inf,16.9857120513916,0.00021085739717818797
59971,nan,-0.12930667400360107,inf,8.177057266235352,0.6043435335159302
60023,nan,0.3198462128639221,inf,4.969598293304443,12.263826370239258
60047,nan,-0.1478194147348404,inf,11.837496757507324,0.24044190347194672
60070,nan,-0.1524154096841812,inf,21.929914474487305,0.0005371093866415322
60094,nan,-0.15234169363975525,inf,15.755789756774902,0.005547618959099054
60110,nan,-0.14983272552490234,inf,10.719698905944824,0.12756167352199554
60113,nan,-0.15243403613567352,inf,22.486312866210938,3.3950807846849784e-05
60149,nan,-0.1523604542016983,inf,13.709004402160645,0.0026056766510009766
60153,nan,-0.15242896974086761,inf,17.480348587036133,0.00023345947556663305
60202,nan,-0.12970110774040222,inf,11.92308521270752,1.2935510873794556
60250,nan,0.20383797585964203,inf,6.214299201965332,13.420077323913574
60333,nan,0.022951140999794006,inf,7.175853252410889,5.577080726623535
60347,nan,0.057759691029787064,inf,5.946051597595215,5.856317520141602
60395,nan,-0.15214461088180542,inf,15.142155647277832,0.00861294288188219
60401,nan,-0.14620929956436157,inf,10.144567489624023,0.22421275079250336
60473,nan,-0.15243317186832428,inf,20.619504928588867,0.00011668205115711316
60485,nan,0.009469710290431976,inf,7.709084510803223,1.3324323892593384
60528,nan,-0.15243284404277802,inf,19.454227447509766,8.354186866199598e-05
60547,nan,-0.047593917697668076,inf,5.434667110443115,2.030700445175171
60568,nan,0.01727832853794098,inf,5.4408369064331055,3.713948965072632
60569,nan,1.42139732837677,inf,3.113370656967163,53.73976516723633
60597,nan,-0.12874239683151245,inf,11.132105827331543,0.5377511382102966
60620,nan,-0.1523319035768509,inf,13.731953620910645,0.0039924620650708675
60624,nan,-0.15224049985408783,inf,14.382990837097168,0.008861350826919079
60635,nan,-0.00724827591329813,inf,7.860179901123047,4.820504665374756
60670,nan,-0.14951948821544647,inf,13.835738182067871,0.19057026505470276
60747,nan,-0.05855768918991089,inf,11.184579849243164,1.9307796955108643
60874,nan,-0.1496184766292572,inf,14.45875072479248,0.06796073913574219
60912,nan,-0.15065695345401764,inf,9.90073299407959,0.2377857267856598
60923,nan,-0.15147584676742554,inf,14.837890625,0.02164897881448269
60928,nan,-0.1428450345993042,inf,10.371886253356934,0.26343947649002075
60944,nan,-0.13013164699077606,inf,8.386690139770508,0.4189857542514801
60960,nan,-0.1526288390159607,inf,13.56449031829834,-0.014143181033432484
60977,nan,-0.04637479782104492,inf,8.48204231262207,6.392977237701416
60978,nan,-0.15242597460746765,inf,17.76482582092285,0.0004711628134828061
61119,nan,-0.15232546627521515,inf,16.835573196411133,0.0055747986771166325
61143,nan,0.2775926887989044,inf,8.660128593444824,3.718127489089966
61289,nan,-0.1524348109960556,inf,25.986425399780273,3.051757857974735e-06
61316,nan,0.6774267554283142,inf,3.98063063621521,16.217893600463867
61318,nan,0.057877976447343826,inf,7.1503190994262695,8.123335838317871
61348,nan,-0.07538019120693207,inf,7.41522216796875,3.7789294719696045
61351,nan,-0.1523205041885376,inf,15.228423118591309,0.001463222550228238
61419,nan,-0.09593898057937622,inf,11.691033363342285,1.3591612577438354
61439,nan,-0.027279315516352654,inf,9.53398323059082,1.1801835298538208
61452,nan,-0.1523752361536026,inf,16.39826774597168,0.0012443542946130037
61462,nan,-0.15243415534496307,inf,18.380008697509766,5.102157501823967e-06
61468,nan,-0.1524248570203781,inf,16.231531143188477,0.0001808166562113911
61478,nan,-0.14454303681850433,inf,15.211897850036621,0.14034080505371094
61501,nan,-0.15123747289180756,inf,11.851431846618652,0.053777601569890976
61506,nan,-0.14861924946308136,inf,10.87272834777832,0.04114570841193199
61518,nan,-0.1522900015115738,inf,14.476068496704102,0.004751086235046387
61522,nan,-0.1523999571800232,inf,17.20926856994629,0.0016739845741540194
61527,nan,-0.15224716067314148,inf,18.491392135620117,0.006993484683334827
61556,nan,-0.14599715173244476,inf,12.02812385559082,0.1399172842502594
61560,nan,-0.10699670761823654,inf,7.337210178375244,1.1535588502883911
61562,nan,-0.15242403745651245,inf,18.92206573486328,0.0002573013480287045
61570,nan,-0.15239930152893066,inf,15.943982124328613,0.00131988525390625
61580,nan,-0.13841910660266876,inf,10.33207893371582,0.5461409687995911
61672,nan,-0.1524345427751541,inf,27.77119255065918,2.593994213384576e-05
61679,nan,0.1230095773935318,inf,7.323705196380615,8.507035255432129
61728,nan,-0.15222011506557465,inf,13.300333976745605,0.009039497934281826
61736,nan,-0.1524011641740799,inf,16.1084041595459,0.00206734542734921
61764,nan,-0.13966457545757294,inf,8.984160423278809,0.45375320315361023
61826,nan,-0.14760296046733856,inf,7.1945953369140625,0.7075439691543579
61842,nan,-0.15118151903152466,inf,15.977803230285645,0.07007751613855362
61851,nan,-0.1431283801794052,inf,10.522611618041992,0.14600296318531036
61867,nan,-0.15243273973464966,inf,25.265291213989258,8.022785186767578e-05
61877,nan,-0.14671385288238525,inf,14.049346923828125,0.20872440934181213
61936,nan,-0.14992742240428925,inf,15.968342781066895,0.08484268188476562
61943,nan,-0.15213152766227722,inf,12.417642593383789,0.015325999818742275
62002,nan,-0.14377258718013763,inf,12.419291496276855,0.44414621591567993
62086,nan,-0.13050827383995056,inf,8.51387882232666,0.8837516903877258
62196,nan,-0.14629624783992767,inf,8.29499340057373,0.10600175708532333
62243,nan,-0.09257973730564117,inf,10.466315269470215,2.6421754360198975
62245,nan,0.2535504400730133,inf,5.108334064483643,13.885231018066406
62282,nan,0.883333146572113,inf,4.009814739227295,49.263790130615234
62325,nan,-0.1524248570203781,inf,19.542593002319336,0.00014038085646461695
62331,nan,-0.08212563395500183,inf,10.64449691772461,2.5301170349121094
62348,nan,-0.1522190421819687,inf,14.171996116638184,0.000648117100354284
62407,nan,-0.13898660242557526,inf,11.934958457946777,0.3639945983886719
62421,nan,-0.15233904123306274,inf,16.1176815032959,0.0031707764137536287
62459,nan,-0.1081303134560585,inf,8.935548782348633,1.1807523965835571
62487,nan,-0.15245451033115387,inf,14.525781631469727,1.4019012269272935e-05
62513,nan,0.06599726527929306,inf,6.016581058502197,3.0282230377197266
62585,nan,-0.12208689749240875,inf,11.131157875061035,0.5049257278442383
62593,nan,-0.1523849219083786,inf,17.02774429321289,0.0018650054698809981
62643,nan,-0.1504790484905243,inf,9.320635795593262,0.05810394510626793
62691,nan,-0.11920471489429474,inf,8.83488941192627,1.0721577405929565
62749,nan,-0.1519324630498886,inf,16.6505184173584,0.013986206613481045
62756,nan,-0.15243138372898102,inf,19.4910945892334,0.0001789093075785786
62781,nan,-0.023010145872831345,inf,6.652411937713623,2.187028646469116
62789,nan,-0.1497727483510971,inf,13.024500846862793,0.09431052207946777
62847,nan,-0.15213529765605927,inf,14.533034324645996,0.012891006655991077
62887,nan,-0.151724711060524,inf,13.019902229309082,0.038186073303222656
62889,nan,-0.14977917075157166,inf,10.487067222595215,0.09409661591053009
62921,nan,-0.1463060826063156,inf,9.836952209472656,0.1505642980337143
62987,nan,-0.15140502154827118,inf,12.561163902282715,0.05168766900897026
62988,nan,0.6449677348136902,inf,3.994875431060791,15.72027587890625
63075,nan,1.290266990661621,inf,3.9745452404022217,62.6674919128418
63105,nan,-0.1217309832572937,inf,15.63554859161377,0.6876346468925476
63106,nan,-0.14811566472053528,inf,13.251276016235352,0.26838332414627075
63118,nan,-0.15216593444347382,inf,17.533164978027344,0.0037326812744140625
63120,nan,-0.07233897596597672,inf,9.836149215698242,2.175020933151245
63145,nan,-0.13608768582344055,inf,10.418871879577637,0.7320987582206726
63161,nan,-0.15234443545341492,inf,14.125152587890625,0.003592967987060547
63186,nan,-0.1507892906665802,inf,16.371671676635742,0.08085574954748154
63211,nan,-0.15237219631671906,inf,19.374792098999023,0.0033508301712572575
63224,nan,-0.02469892054796219,inf,6.965346813201904,6.286256790161133
63244,nan,-0.15201860666275024,inf,13.286147117614746,0.011500167660415173
63268,nan,-0.1524348109960556,inf,23.6582088470459,3.051757857974735e-06
63294,nan,-0.1389048993587494,inf,9.43543529510498,0.9982439279556274
63409,nan,-0.14885751903057098,inf,11.543304443359375,0.3071236312389374
63433,nan,-0.10358921438455582,inf,13.349517822265625,2.6098225116729736
63434,nan,-0.14987502992153168,inf,16.117637634277344,0.09413023293018341
63438,nan,-0.11129995435476303,inf,7.508978366851807,7.038421630859375
63449,nan,-0.1523391455411911,inf,18.193462371826172,0.0048889219760894775
63487,nan,-0.14698360860347748,inf,11.916850090026855,0.19634056091308594
63533,nan,-0.15056836605072021,inf,12.721766471862793,0.06092948839068413
63546,nan,-0.09676732867956161,inf,7.481224060058594,1.2702940702438354
63593,nan,-0.15242713689804077,inf,19.461278915405273,0.0004016876337118447
63609,nan,2.15680193901062,inf,3.4927003383636475,70.24620819091797
63637,nan,-0.15188829600811005,inf,15.972975730895996,0.026387786492705345
63665,nan,0.05927389860153198,inf,7.6953444480896,2.476914167404175
63679,nan,-0.15232613682746887,inf,15.543562889099121,0.0020298005547374487
63750,nan,0.6230309009552002,inf,5.04434871673584,15.235453605651855
63757,nan,-0.1418353170156479,inf,8.052852630615234,0.3112128973007202
63779,nan,-0.15240781009197235,inf,19.820476531982422,0.0008720398182049394
63904,nan,-0.15229786932468414,inf,17.266813278198242,0.006391334813088179
63907,nan,-0.1420896053314209,inf,8.951430320739746,0.5647506713867188
63913,nan,-0.15242481231689453,inf,18.86144256591797,0.0005796432378701866
63914,nan,-0.003959596157073975,inf,4.958611965179443,2.602477788925171
63945,nan,0.12269630283117294,inf,7.475213527679443,4.636819839477539
64005,nan,-0.15228909254074097,inf,15.52243709564209,0.00826975703239441
64048,nan,-0.15240000188350677,inf,18.34203338623047,0.0016636968357488513
64050,nan,-0.14333997666835785,inf,8.711509704589844,0.2016010284423828
64060,nan,-0.137665793299675,inf,8.505623817443848,0.2207801192998886
64064,nan,0.0009408246842212975,inf,4.9058356285095215,7.0081634521484375
64067,nan,-0.15242376923561096,inf,26.478178024291992,0.0007144928094930947
64107,nan,-0.15233853459358215,inf,14.935693740844727,0.00591545132920146
64138,nan,-0.15113554894924164,inf,15.292891502380371,0.06818490475416183
64141,nan,-0.15214024484157562,inf,20.811370849609375,0.00415725726634264
64163,nan,0.6000931859016418,inf,3.2980639934539795,15.355612754821777
64181,nan,-0.14618156850337982,inf,15.811810493469238,0.2311149686574936
64222,nan,-0.09045854955911636,inf,10.346138000488281,2.877209424972534
64304,nan,-0.0294504314661026,inf,10.017232894897461,2.8074965476989746
64313,nan,-0.1447656899690628,inf,8.820314407348633,0.32708874344825745
64371,nan,-0.15188974142074585,inf,11.705462455749512,0.01603221893310547
64384,nan,-0.1242603287100792,inf,13.760611534118652,0.5942569971084595
64396,nan,-0.1416529417037964,inf,10.235477447509766,0.4295082986354828
64397,nan,0.21039524674415588,inf,7.264983654022217,15.079419136047363
64407,nan,-0.15221236646175385,inf,16.977285385131836,0.011649131774902344
64446,nan,-0.13334111869335175,inf,6.694779396057129,0.4583391845226288
64479,nan,-0.1480463147163391,inf,11.374496459960938,0.22226715087890625
64520,nan,-0.04450329765677452,inf,6.6422953605651855,1.2503767013549805
64531,nan,-0.1521209329366684,inf,11.945887565612793,0.024869298562407494
64547,nan,-0.15122170746326447,inf,12.047560691833496,0.022394467145204544
64569,nan,-0.11165039986371994,inf,9.775699615478516,0.2963148057460785
64570,nan,-0.033258892595767975,inf,7.453016757965088,3.3348705768585205
64602,nan,-0.15240830183029175,inf,15.51953125,0.0011061668628826737
64618,nan,0.3689628541469574,inf,4.72971248626709,9.775650024414062
64640,nan,-0.15152032673358917,inf,14.754521369934082,0.028778458014130592
64708,nan,-0.15243491530418396,inf,26.001697540283203,0.0
64713,nan,-0.14713498950004578,inf,14.5220308303833,0.19499993324279785
64719,nan,-0.07710053771734238,inf,7.0842790603637695,1.7647446393966675
64770,nan,0.20246444642543793,inf,6.867044925689697,10.989889144897461
64788,nan,-0.1524081826210022,inf,17.28138542175293,0.0007621765253134072
64830,nan,0.8354570269584656,inf,3.363431930541992,28.26704216003418
64856,nan,0.08080389350652695,inf,4.760359287261963,3.3280770778656006
64871,nan,-0.14386282861232758,inf,10.733468055725098,0.2248867005109787
64891,nan,0.5984327793121338,inf,4.913175582885742,33.8346061706543
64945,nan,-0.15243276953697205,inf,23.040279388427734,0.0001312255917582661
64993,nan,-0.14901180565357208,inf,16.76201629638672,0.2331768125295639
65093,nan,-0.15207171440124512,inf,16.41523551940918,0.012799644842743874
65181,nan,-0.15242958068847656,inf,19.187578201293945,0.00017833709716796875
65201,nan,-0.005084498319774866,inf,6.679023265838623,2.1527676582336426
65217,nan,0.11913829296827316,inf,5.110271453857422,5.194028377532959
65258,nan,-0.1523876041173935,inf,16.548389434814453,0.001720899366773665
65281,nan,-0.15238900482654572,inf,20.53255844116211,0.0015304565895348787
65282,nan,-0.1522407978773117,inf,15.68381404876709,0.006655311677604914
65288,nan,-0.1472550928592682,inf,10.636564254760742,0.10600461810827255
65311,nan,-0.15142227709293365,inf,13.628369331359863,0.02357921563088894
65366,nan,-0.15211121737957,inf,14.378046989440918,0.016690826043486595
65379,nan,-0.15243491530418396,inf,28.341840744018555,0.0
65399,nan,-0.1473700851202011,inf,10.596992492675781,0.17051656544208527
65442,nan,0.004102037288248539,inf,12.842520713806152,6.037316799163818
65503,nan,-0.15241308510303497,inf,19.91436004638672,0.0009490966913290322
65516,nan,0.04356738552451134,inf,13.287150382995605,1.2836155891418457
65564,nan,-0.06524190306663513,inf,8.248377799987793,4.579831123352051
65599,nan,-0.14149358868598938,inf,9.065512657165527,0.1237461119890213
65620,nan,0.3342151343822479,inf,5.393256664276123,16.315202713012695
65696,nan,-0.1514350324869156,inf,14.312311172485352,0.027301741763949394
65700,nan,-0.05176527053117752,inf,11.331175804138184,0.9379989504814148
65729,nan,-0.1521337330341339,inf,16.85276222229004,0.012909508310258389
65770,nan,-0.12044670432806015,inf,14.750398635864258,0.42887115478515625
65784,nan,-0.151536762714386,inf,13.008715629577637,0.03363456949591637
65796,nan,-0.04612565040588379,inf,8.343620300292969,3.949863910675049
65827,nan,-0.04798215627670288,inf,10.660969734191895,5.420007228851318
65846,nan,-0.10235553234815598,inf,8.982699394226074,0.9538496136665344
65862,nan,-0.14964346587657928,inf,12.438600540161133,0.09511184692382812
65883,nan,-0.09861347079277039,inf,7.002499580383301,2.157531261444092
65900,nan,-0.10125179588794708,inf,7.278833866119385,2.2973639965057373
65921,nan,0.16050562262535095,inf,9.411032676696777,10.767692565917969
65923,nan,-0.15242867171764374,inf,17.726909637451172,0.0003978729364462197
65946,nan,-0.14767540991306305,inf,14.026715278625488,0.12576332688331604
65977,nan,-0.15242551267147064,inf,16.61282730102539,0.00011281967454124242
66001,nan,-0.1520739644765854,inf,16.405437469482422,0.01316599827259779
66039,nan,-0.15048478543758392,inf,10.528376579284668,0.10373058170080185
66053,nan,-0.08763855695724487,inf,10.348917007446289,1.7616571187973022
66069,nan,-0.10484545677900314,inf,12.127615928649902,0.9028472900390625
66075,nan,-0.12039978802204132,inf,8.270297050476074,0.9598373770713806
66107,nan,-0.1524067521095276,inf,17.724212646484375,0.0012334585189819336
66130,nan,-0.1456032693386078,inf,14.588168144226074,0.20001907646656036
66198,nan,-0.1523808091878891,inf,13.850712776184082,0.002015328500419855
66205,nan,-0.1123051792383194,inf,10.825834274291992,0.9272449612617493
66228,nan,-0.1522805541753769,inf,14.65471363067627,0.006862342357635498
66245,nan,-0.14774952828884125,inf,9.812841415405273,0.05824704095721245
66262,nan,2.1353137493133545,inf,3.3825504779815674,59.190711975097656
66313,nan,-0.15169531106948853,inf,20.387531280517578,0.03441963344812393
66314,nan,0.10998678207397461,inf,5.1408610343933105,7.097670078277588
66359,nan,-0.1524285525083542,inf,21.522972106933594,0.00041475295438431203
66378,nan,-0.15057800710201263,inf,11.342844009399414,0.03587455675005913
66427,nan,-0.13747625052928925,inf,9.672755241394043,0.5127120018005371
66433,nan,-0.11175830662250519,inf,15.534031867980957,0.4196390211582184
66442,nan,-0.152230367064476,inf,16.272172927856445,0.004385662265121937
66458,nan,-0.14158198237419128,inf,8.997397422790527,0.2825833261013031
66519,nan,0.12748239934444427,inf,5.234367847442627,3.9935646057128906
66573,nan,-0.1523476243019104,inf,16.98761558532715,0.0010910987621173263
66581,nan,-0.14929525554180145,inf,12.3711519241333,0.1597837507724762
66613,nan,-0.15237262845039368,inf,18.757352828979492,0.0023738860618323088
66632,nan,-0.06998294591903687,inf,8.012839317321777,3.4194047451019287
66804,nan,-0.1519763171672821,inf,20.228986740112305,0.01707153394818306
66844,nan,-0.12243207544088364,inf,8.19365119934082,0.7684676051139832
66881,nan,-0.12329453229904175,inf,10.682765007019043,0.8840791583061218
66884,nan,-0.1521349400281906,inf,13.15054988861084,0.014191913418471813
66893,nan,-0.13621331751346588,inf,12.422930717468262,0.23704223334789276
66949,nan,-0.10226783901453018,inf,10.821660995483398,1.2315887212753296
66954,nan,-0.13852250576019287,inf,13.387475967407227,0.4287731349468231
66955,nan,-0.15243679285049438,inf,21.804304122924805,-0.00015183688083197922
66968,nan,-0.15061822533607483,inf,12.331212997436523,0.10617675632238388
66973,nan,-0.04304192587733269,inf,5.016348361968994,3.9612717628479004
67008,nan,-0.06607314199209213,inf,8.9215669631958,3.352642774581909
67047,nan,-0.07749107480049133,inf,6.13912296295166,2.070756673812866
67074,nan,-0.128731831908226,inf,7.371971130371094,2.128856658935547
67098,nan,-0.07721307873725891,inf,8.94505786895752,0.5796453356742859
67113,nan,-0.15225455164909363,inf,15.785284996032715,0.004840850830078125
67157,nan,1.4579671621322632,inf,2.535734176635742,34.67277526855469
67225,nan,-0.15236638486385345,inf,13.721223831176758,0.0027172088157385588
67298,nan,-0.15118388831615448,inf,10.959917068481445,0.07018383592367172
67306,nan,-0.15165975689888,inf,11.155542373657227,0.02711041085422039
67346,nan,-0.13631732761859894,inf,10.400362014770508,0.392277330160141
67358,nan,-0.14470036327838898,inf,11.394362449645996,0.4042660892009735
67394,nan,-0.149710550904274,inf,17.349323272705078,0.10784478485584259
67400,nan,-0.1524324268102646,inf,24.425762176513672,0.00011596679541980848
67422,nan,-0.1516381949186325,inf,17.972484588623047,0.027480697259306908
67483,nan,0.07449641078710556,inf,8.404257774353027,6.397031784057617
67495,nan,0.039816200733184814,inf,5.70655632019043,4.561759948730469
67560,nan,-0.1272592395544052,inf,9.131104469299316,1.3864598274230957
67566,nan,-0.15242703258991241,inf,19.288307189941406,0.00020446778216864914
67574,nan,-0.10065322369337082,inf,8.346243858337402,2.656212091445923
67591,nan,-0.14971923828125,inf,12.287556648254395,0.07880401611328125
67611,nan,-0.04701754078269005,inf,8.18017292022705,2.0232903957366943
67614,nan,-0.1518649011850357,inf,12.399375915527344,0.011021137237548828
67662,nan,-0.15242518484592438,inf,20.8917293548584,0.0002586841583251953
67667,nan,3.0018210411071777,inf,2.6103224754333496,81.49028778076172
67674,nan,-0.1523621678352356,inf,15.611128807067871,0.0015539169544354081
67684,nan,-0.11282876878976822,inf,9.188530921936035,1.5787886381149292
67688,nan,-0.05698898434638977,inf,10.027641296386719,4.8156352043151855
67807,nan,-0.15044358372688293,inf,11.498583793640137,0.04718742519617081
67823,nan,-0.17574098706245422,inf,8.900517463684082,0.5062288641929626
67833,nan,0.05018238350749016,inf,6.005275726318359,3.1274561882019043
67837,nan,-0.15178225934505463,inf,11.889422416687012,0.013613653369247913
67864,nan,-0.14826847612857819,inf,12.300750732421875,0.2696487605571747
67868,nan,0.6059882640838623,inf,3.557866334915161,17.50181007385254
67881,nan,-0.1524045318365097,inf,21.499271392822266,0.0014556884998455644
67886,nan,-0.15176904201507568,inf,13.791664123535156,0.024709701538085938
67931,nan,-0.17434726655483246,inf,6.813421726226807,-0.17630724608898163
68006,nan,-0.08151087164878845,inf,9.127927780151367,2.0600745677948
68037,nan,-0.15060944855213165,inf,14.906379699707031,0.01828155480325222
68120,nan,-0.10259153693914413,inf,15.005681037902832,1.233349323272705
68153,nan,1.209850549697876,inf,3.6965560913085938,46.654388427734375
68182,nan,-0.15243487060070038,inf,24.5473575592041,1.2412667729222449e-06
68197,nan,0.05382043868303299,inf,6.010366916656494,5.105489253997803
68256,nan,-0.15204574167728424,inf,12.216785430908203,0.012521648779511452
68289,nan,-0.1523425430059433,inf,13.939872741699219,0.004793739411979914
68296,nan,0.3756472170352936,inf,4.700636386871338,13.972599983215332
68336,nan,-0.1378571093082428,inf,10.91333293914795,0.6137608885765076
68416,nan,0.03325710818171501,inf,6.970130920410156,3.8459250926971436
68441,nan,-0.15232543647289276,inf,13.888079643249512,0.004212999250739813
68480,nan,0.05720682069659233,inf,6.045474529266357,6.3516082763671875
68485,nan,-0.152434304356575,inf,22.05757713317871,1.8405915398034267e-05
68490,nan,-0.10404043644666672,inf,7.827441692352295,2.1061851978302
68514,nan,-0.15240894258022308,inf,19.878076553344727,0.0010208130115643144
68529,nan,-0.15206222236156464,inf,13.738688468933105,0.027179289609193802
68629,nan,-0.15242858231067657,inf,20.811922073364258,0.0002380371151957661
68702,nan,-0.15242357552051544,inf,21.277387619018555,0.000652313232421875
68731,nan,-0.13907723128795624,inf,10.864242553710938,0.4968670904636383
68743,nan,0.03707078844308853,inf,4.232804775238037,2.3876054286956787
68799,nan,-0.15400616824626923,inf,12.871176719665527,0.06707387417554855
68825,nan,-0.14699997007846832,inf,10.22909164428711,0.31412473320961
68829,nan,-0.06941936910152435,inf,6.021749019622803,1.0410517454147339
68852,nan,-0.1490110158920288,inf,11.588142395019531,0.1386924833059311
68864,nan,0.2696608006954193,inf,4.728332996368408,8.350526809692383
68868,nan,-0.1476626694202423,inf,10.331348419189453,0.127837136387825
68878,nan,-0.15243412554264069,inf,20.81205940246582,2.7465821403893642e-05
68886,nan,0.2916756868362427,inf,6.866710186004639,13.251608848571777
68889,nan,0.942532479763031,inf,4.8019208908081055,23.514318466186523
68898,nan,0.7172924280166626,inf,3.5043957233428955,23.206531524658203
68933,nan,0.6672876477241516,inf,3.6948704719543457,27.963109970092773
68989,nan,0.0421234667301178,inf,10.181188583374023,0.6179283261299133
69009,nan,-0.15243558585643768,inf,21.136993408203125,6.256103370105848e-05
69041,nan,0.9394493103027344,inf,5.669485092163086,23.83264923095703
69103,nan,0.09848212450742722,inf,7.092772960662842,6.448014736175537
69146,nan,-0.15243296325206757,inf,21.153661727905273,0.00010910034325206652
69150,nan,-0.15239129960536957,inf,15.409367561340332,0.002890014788135886
69151,nan,-0.15185832977294922,inf,13.051918029785156,0.024064533412456512
69173,nan,0.07191991060972214,inf,9.890095710754395,5.551208019256592
69203,nan,2.485987424850464,inf,1.0762697458267212,78.36302185058594
69207,nan,-0.14411459863185883,inf,12.059090614318848,0.22884713113307953
69284,nan,0.2529754638671875,inf,3.8765408992767334,0.2811523973941803
69308,nan,-0.15205828845500946,inf,20.637920379638672,0.00971832312643528
69349,nan,-0.15125353634357452,inf,11.494275093078613,0.04037991166114807
69365,nan,-0.15243473649024963,inf,20.47307586669922,-7.629394644936838e-07
69368,nan,-0.15238076448440552,inf,22.228240966796875,0.0020874023903161287
69391,nan,0.49256664514541626,inf,4.292625427246094,11.330512046813965
69399,nan,-0.1523931324481964,inf,20.050336837768555,0.0007804870838299394
69418,nan,-0.15131732821464539,inf,17.408870697021484,0.04427032545208931
69452,nan,-0.13628101348876953,inf,12.366545677185059,0.952793538570404
69461,nan,-0.1511821746826172,inf,11.307034492492676,0.03604564815759659
69537,nan,-0.1524234265089035,inf,17.869504928588867,0.0006311416509561241
69558,nan,0.5505647659301758,inf,3.896027088165283,17.336061477661133
69584,nan,-0.15243522822856903,inf,21.05658531188965,-3.0040741876291577e-06
69593,nan,-0.1524083912372589,inf,18.64283561706543,0.000606536865234375
69616,nan,-0.15088121592998505,inf,11.701265335083008,0.04291963577270508
69628,nan,-0.15241678059101105,inf,18.586902618408203,0.0010709762573242188
69634,nan,-0.11643911898136139,inf,8.936627388000488,1.5888899564743042
69652,nan,0.09260222315788269,inf,5.043604850769043,7.001652717590332
69669,nan,-0.15235139429569244,inf,17.143144607543945,0.005157184787094593
69686,nan,-0.05836587771773338,inf,8.440823554992676,3.7763118743896484
69709,nan,0.3244439661502838,inf,4.752639293670654,11.366331100463867
69723,nan,-0.15195713937282562,inf,12.808801651000977,0.01607379876077175
69748,nan,-0.016771093010902405,inf,6.10039758682251,2.335318088531494
69759,nan,-0.1524243801832199,inf,18.24787712097168,0.0005310058477334678
69771,nan,-0.150369331240654,inf,16.842422485351562,0.05844421312212944
69780,nan,-0.13042999804019928,inf,13.428885459899902,1.0014384984970093
69793,nan,-0.15232940018177032,inf,14.871533393859863,0.0021097182761877775
69810,nan,-0.152382031083107,inf,18.860755920410156,0.003509521484375
69886,nan,-0.11901183426380157,inf,9.408358573913574,0.23532763123512268
69887,nan,-0.15224871039390564,inf,16.369173049926758,0.009468460455536842
69899,nan,-0.15242527425289154,inf,19.649150848388672,0.0003559589385986328
69915,nan,2.865067958831787,inf,1.7490962743759155,64.46764373779297
69929,nan,-0.15243463218212128,inf,19.914735794067383,1.0967254638671875e-05
69933,nan,-0.0039732917211949825,inf,6.590420722961426,3.876605749130249
69938,nan,-0.1190359815955162,inf,12.356731414794922,0.940418541431427
69950,nan,-0.14329145848751068,inf,8.433813095092773,0.23080964386463165
69983,nan,-0.1520538181066513,inf,14.565057754516602,0.020383024588227272
69986,nan,-0.022971099242568016,inf,6.502044677734375,4.143862247467041
69995,nan,-0.15180550515651703,inf,15.254602432250977,0.03026428259909153
70013,nan,-0.1521800011396408,inf,13.804883003234863,0.0053428648971021175
70023,nan,-0.15232199430465698,inf,17.504690170288086,0.0033466338645666838
70030,nan,-0.019552437588572502,inf,5.475565433502197,3.4963760375976562
70043,nan,-0.15215730667114258,inf,13.396695137023926,0.010012149810791016
70050,nan,0.28173714876174927,inf,4.810256481170654,14.2182035446167
70141,nan,-0.1513424962759018,inf,15.799426078796387,0.02758770063519478
70187,nan,-0.1506677269935608,inf,10.073158264160156,0.35680967569351196
70218,nan,2.948143720626831,inf,1.1737812757492065,68.73384094238281
70250,nan,-0.15145136415958405,inf,16.043249130249023,0.03137395903468132
70256,nan,0.029132504016160965,inf,5.074216842651367,4.58953332901001
70303,nan,-0.15238723158836365,inf,14.837859153747559,0.0025470734108239412
70329,nan,-0.13240323960781097,inf,9.49585247039795,0.41478943824768066
70416,nan,-0.15129496157169342,inf,12.618919372558594,0.05056669935584068
70428,nan,-0.1256631314754486,inf,10.016907691955566,0.8412100076675415
70483,nan,-0.1524345725774765,inf,29.531187057495117,2.288818359375e-05
70485,nan,-0.14850705862045288,inf,13.258331298828125,0.1471504271030426
70511,nan,-0.15243327617645264,inf,22.4077205657959,8.544921729480848e-05
70515,nan,0.5958502292633057,inf,6.328625679016113,10.820096969604492
70523,nan,-0.15155340731143951,inf,10.314387321472168,0.00718612689524889
70525,nan,0.0475439690053463,inf,6.758930206298828,2.0924489498138428
70559,nan,-0.15088532865047455,inf,12.5519437789917,0.07858353108167648
70585,nan,-0.15075351297855377,inf,17.750198364257812,0.06254086643457413
70595,nan,-0.12706583738327026,inf,10.231757164001465,0.244609072804451
70638,nan,0.17315231263637543,inf,5.358380317687988,4.788671970367432
70664,nan,1.4446648359298706,inf,4.636729717254639,34.51984786987305
70752,nan,-0.1522512286901474,inf,12.877578735351562,0.004798412322998047
70767,nan,-0.15201257169246674,inf,13.017578125,0.019793808460235596
70775,nan,-0.1501067876815796,inf,19.490392684936523,0.15829086303710938
70820,nan,0.2424231320619583,inf,6.848028659820557,12.954718589782715
70830,nan,0.21258392930030823,inf,6.66309118270874,17.116113662719727
70876,nan,-0.15058885514736176,inf,13.786088943481445,0.04956703260540962
70906,nan,-0.15187130868434906,inf,13.867144584655762,0.025117158889770508
70914,nan,-0.14784452319145203,inf,16.899749755859375,0.30704760551452637
70937,nan,-0.1516517847776413,inf,15.57353687286377,0.030329132452607155
70966,nan,0.15113519132137299,inf,5.818979740142822,3.042018175125122
71004,nan,-0.1208089217543602,inf,6.943562984466553,0.7356218695640564
71006,nan,-0.15243472158908844,inf,20.574960708618164,7.24792471373803e-06
71066,nan,-0.1397290676832199,inf,9.395750999450684,0.6956937909126282
71100,nan,-0.14539925754070282,inf,9.01523494720459,0.16493749618530273
71101,nan,-0.14817117154598236,inf,9.932503700256348,0.0885126143693924
71116,nan,1.4770960807800293,inf,2.75596284866333,51.22821807861328
71128,nan,-0.15239815413951874,inf,17.342130661010742,0.0019248962635174394
71130,nan,-0.15241935849189758,inf,22.865447998046875,0.0010505676036700606
71136,nan,0.2476368397474289,inf,5.450286388397217,12.494854927062988
71208,nan,-0.06921036541461945,inf,6.469642162322998,1.7131270170211792
71233,nan,-0.12994258105754852,inf,10.025595664978027,0.5825687646865845
71236,nan,1.0582133531570435,inf,3.216876745223999,52.507686614990234
71269,nan,-0.1523236334323883,inf,18.52349090576172,0.0041793822310864925
71300,nan,-0.006979239173233509,inf,8.566205024719238,5.253477096557617
71357,nan,-0.15226686000823975,inf,18.880802154541016,0.0032634735107421875
71417,nan,0.9840753674507141,inf,2.6400182247161865,31.082889556884766
71453,nan,-0.15206463634967804,inf,15.207605361938477,0.018003273755311966
71556,nan,-0.03910014033317566,inf,8.78946590423584,2.384934902191162
71586,nan,-0.066658616065979,inf,9.196974754333496,5.303990364074707
71673,nan,-0.14808861911296844,inf,7.900912761688232,-0.6192680597305298
71706,nan,-0.054929137229919434,inf,8.559507369995117,3.84637713432312
71719,nan,-0.1689131110906601,inf,6.840859413146973,-0.9181339144706726
71733,nan,0.13282011449337006,inf,7.877060890197754,4.32411527633667
71748,nan,-0.10215895622968674,inf,8.169331550598145,1.7835254669189453
71783,nan,-0.14903606474399567,inf,12.299276351928711,0.20288734138011932
71789,nan,-0.1524292677640915,inf,17.570674896240234,0.00024471283541060984
71823,nan,-0.09971753507852554,inf,8.575274467468262,1.5015753507614136
71832,nan,-0.15208707749843597,inf,13.691906929016113,0.012947320938110352
71864,nan,-0.151622474193573,inf,16.982952117919922,0.006927490234375
71900,nan,-0.1520356386899948,inf,15.43177318572998,0.014728355221450329
71936,nan,-0.15242527425289154,inf,16.261693954467773,0.00025346726761199534
71959,nan,0.3526788651943207,inf,6.249207973480225,23.948070526123047
71992,nan,-0.13253140449523926,inf,10.325736999511719,0.7901832461357117
71994,nan,0.019431572407484055,inf,9.14709758758545,6.38433313369751
72028,nan,-0.14755263924598694,inf,12.137967109680176,0.2886577546596527
72078,nan,0.019490327686071396,inf,6.8575758934021,5.519723892211914
72118,nan,-0.12794281542301178,inf,9.690503120422363,0.7940258383750916
72133,nan,0.6056057810783386,inf,3.2257962226867676,21.541746139526367
72203,nan,-0.14784443378448486,inf,11.929569244384766,0.11162495613098145
72253,nan,-0.1523723155260086,inf,18.842884063720703,0.0003990173281636089
72336,nan,-0.004779275972396135,inf,5.46026086807251,4.483126163482666
72337,nan,-0.11589046567678452,inf,8.219951629638672,0.9091215133666992
72340,nan,-0.11092336475849152,inf,6.274447917938232,1.289903998374939
72366,nan,-0.1377154439687729,inf,9.271689414978027,0.3491671085357666
72367,nan,-0.15199831128120422,inf,13.669273376464844,0.015354347415268421
72389,nan,-0.1239854097366333,inf,10.123396873474121,1.2375613451004028
72533,nan,-0.15233349800109863,inf,15.936665534973145,0.00650711078196764
72534,nan,-0.1522650122642517,inf,19.522789001464844,0.011479186825454235
72572,nan,-0.15241622924804688,inf,14.983813285827637,0.0006145477527752519
72580,nan,0.04062753915786743,inf,7.210753917694092,9.945611000061035
72604,nan,-0.14462819695472717,inf,9.720290184020996,0.4032345712184906
72631,nan,-0.15243470668792725,inf,18.06020164489746,4.76837158203125e-05
72661,nan,0.37472712993621826,inf,5.345852851867676,18.723974227905273
72693,nan,1.0052179098129272,inf,4.539622783660889,18.92320442199707
72727,nan,-0.1519315540790558,inf,16.073774337768555,0.03463315963745117
72740,nan,-0.15062807500362396,inf,15.608675956726074,0.033272840082645416
72762,nan,-0.15078143775463104,inf,10.55066967010498,0.01212534960359335
72791,nan,-0.11839266866445541,inf,8.122941970825195,1.1901365518569946
72796,nan,-0.15242443978786469,inf,18.574642181396484,0.0003715515194926411
72814,nan,-0.14450466632843018,inf,15.172711372375488,0.08406525105237961
72815,nan,-0.08382496237754822,inf,20.780454635620117,1.6979448795318604
72845,nan,-0.1521756500005722,inf,14.984721183776855,0.0134543776512146
72873,nan,-0.10646618902683258,inf,8.324589729309082,2.6661744117736816
72887,nan,-0.14820022881031036,inf,9.125959396362305,0.18203313648700714
72892,nan,-0.13938353955745697,inf,9.758994102478027,0.3788291811943054
72945,nan,-0.15243355929851532,inf,28.976720809936523,1.9836426872643642e-05
72964,nan,-0.18094341456890106,inf,9.27552318572998,-0.23500214517116547
73038,nan,-0.09894587844610214,inf,11.126726150512695,1.4303208589553833
73164,nan,-0.14011263847351074,inf,5.398231029510498,-0.7431312799453735
73246,nan,0.4760163724422455,inf,4.7263054847717285,20.055761337280273
73254,nan,-0.15243177115917206,inf,21.4486026763916,0.00010414123971713707
