train_idx,x_rm,y_a,d_raw,m_raw,a_raw
78,nan,-0.12426276504993439,inf,11.924410820007324,0.05958404764533043
79,nan,-0.12698592245578766,inf,17.21114158630371,0.0021408081520348787
105,nan,0.04950124770402908,inf,4.3747076988220215,4.454397678375244
111,nan,-0.1105634793639183,inf,13.12785816192627,0.5038116574287415
151,nan,-0.11225751787424088,inf,7.019723415374756,-0.15452519059181213
193,nan,-0.12702807784080505,inf,22.448169708251953,0.0007140159723348916
213,nan,0.3274635672569275,inf,6.518908977508545,9.10052490234375
250,nan,-0.12449150532484055,inf,9.723398208618164,0.05798149108886719
262,nan,-0.12751083076000214,inf,13.481767654418945,-0.022318458184599876
277,nan,0.583209216594696,inf,3.8261940479278564,18.03509521484375
305,nan,-0.12683963775634766,inf,18.599777221679688,0.006489920895546675
329,nan,-0.12633046507835388,inf,17.276153564453125,0.033860206604003906
467,nan,-0.1193949356675148,inf,12.564818382263184,0.10206528007984161
473,nan,-0.1270250529050827,inf,16.85088539123535,0.0006092190742492676
478,nan,1.5611283779144287,inf,2.8342912197113037,32.05045700073242
546,nan,-0.12609954178333282,inf,12.321623802185059,0.012391614727675915
555,nan,-0.11357419937849045,inf,11.690752983093262,0.34426233172416687
565,nan,2.4560153484344482,inf,2.148787260055542,81.9190444946289
601,nan,-0.12469988316297531,inf,10.726938247680664,0.027361774817109108
613,nan,-0.15111622214317322,inf,7.302989482879639,-0.22208435833454132
614,nan,-0.12119203805923462,inf,9.545129776000977,0.15383262932300568
616,nan,-0.11901875585317612,inf,11.07971477508545,0.0513736717402935
625,nan,-0.12675152719020844,inf,16.347929000854492,0.013738060370087624
673,nan,-0.12698720395565033,inf,14.357866287231445,0.003729248186573386
675,nan,1.2937333583831787,inf,4.648129940032959,32.35372543334961
714,nan,0.8306406140327454,inf,4.609170436859131,20.544218063354492
728,nan,0.15460163354873657,inf,3.673225164413452,10.020770072937012
733,nan,0.32675132155418396,inf,5.104842185974121,8.101794242858887
745,nan,-0.12682311236858368,inf,15.903193473815918,0.00435063848271966
796,nan,-0.12625057995319366,inf,18.556596755981445,0.01613159291446209
799,nan,-0.027569696307182312,inf,7.32867431640625,2.858025312423706
806,nan,-0.1227114349603653,inf,8.919478416442871,0.11341460049152374
818,nan,0.1757773458957672,inf,5.2091569900512695,5.263439178466797
829,nan,-0.13940775394439697,inf,10.174177169799805,0.11642184108495712
864,nan,0.3863990008831024,inf,4.591553688049316,9.20028018951416
889,nan,-0.12698796391487122,inf,14.053749084472656,0.0010891437996178865
908,nan,-0.1263139843940735,inf,6.402211666107178,0.3080848157405853
920,nan,-0.12267415970563889,inf,14.323729515075684,0.13828417658805847
937,nan,-0.12703807651996613,inf,15.772468566894531,0.0005358696216717362
948,nan,-0.12600430846214294,inf,17.641271591186523,0.04832496866583824
994,nan,-0.1270330548286438,inf,16.57256507873535,0.0003255903720855713
1021,nan,-0.12640263140201569,inf,13.312601089477539,0.01905190944671631
1026,nan,-0.1253715604543686,inf,12.959434509277344,0.06537466496229172
1034,nan,-0.14070041477680206,inf,10.386853218078613,-0.8774981498718262
1047,nan,-0.12690913677215576,inf,15.401376724243164,0.0028757096733897924
1049,nan,-0.11643648147583008,inf,12.575972557067871,0.13327470421791077
1076,nan,-0.12706206738948822,inf,17.368574142456055,-0.0004249572812113911
1151,nan,-0.2117491066455841,inf,6.115058898925781,-0.4511679708957672
1156,nan,0.09000293910503387,inf,6.42473840713501,3.6707725524902344
1168,nan,-0.058328866958618164,inf,4.948563575744629,1.8756119012832642
1185,nan,-0.12703396379947662,inf,19.45850372314453,0.00037391186924651265
1218,nan,0.05468478426337242,inf,9.517390251159668,2.8214986324310303
1223,nan,-0.12704771757125854,inf,19.624359130859375,-7.677078247070312e-05
1235,nan,-0.10898667573928833,inf,8.400324821472168,0.4078984260559082
1278,nan,-0.12651102244853973,inf,15.920367240905762,0.00889511127024889
1286,nan,0.05368597432971001,inf,4.387658596038818,6.0810675621032715
1303,nan,-0.12697985768318176,inf,14.6034517288208,0.0017127722967416048
1350,nan,-0.03648378327488899,inf,7.839649200439453,2.125561475753784
1387,nan,-0.12712271511554718,inf,17.424863815307617,-0.0010117649799212813
1445,nan,-0.12703947722911835,inf,19.29164695739746,7.22885160939768e-05
1454,nan,-0.12638776004314423,inf,14.582951545715332,0.01452264841645956
1457,nan,-0.12722687423229218,inf,14.699536323547363,-0.002212488790974021
1477,nan,-0.12702439725399017,inf,22.087881088256836,0.0004397750017233193
1500,nan,0.46289974451065063,inf,4.482001781463623,6.992905616760254
1526,nan,-0.12405236065387726,inf,13.961756706237793,0.058360505849123
1545,nan,-0.11881636828184128,inf,9.564801216125488,0.11091947555541992
1569,nan,-0.15317402780056,inf,5.263771057128906,1.0568937063217163
1617,nan,-0.1269858181476593,inf,16.21369743347168,0.0016467571258544922
1792,nan,-0.12765131890773773,inf,12.523265838623047,-0.009832668118178844
1806,nan,-0.033777330070734024,inf,5.9334845542907715,2.7523632049560547
1808,nan,-0.12703746557235718,inf,15.652603149414062,0.00042972565279342234
1825,nan,-0.12704013288021088,inf,19.72563934326172,0.0001272201625397429
1869,nan,-0.12674102187156677,inf,13.7359619140625,0.0032978057861328125
1928,nan,-0.12706027925014496,inf,15.90903377532959,-9.123086783802137e-05
1961,nan,0.3019789159297943,inf,5.69880485534668,5.438736438751221
1986,nan,-0.12252557277679443,inf,17.194913864135742,0.21494607627391815
1993,nan,-0.12429666519165039,inf,12.813743591308594,0.15208935737609863
2039,nan,-0.12688367068767548,inf,13.064335823059082,0.004722857382148504
2056,nan,-0.11075697094202042,inf,9.589483261108398,0.48643025755882263
2091,nan,0.7195534706115723,inf,2.9721570014953613,10.091944694519043
2096,nan,-0.21609102189540863,inf,6.502774715423584,-2.590468168258667
2145,nan,-0.12691447138786316,inf,16.4746150970459,0.003964328672736883
2176,nan,-0.12898831069469452,inf,9.082640647888184,-0.04486289247870445
2269,nan,-0.12730632722377777,inf,11.588220596313477,0.0536746047437191
2276,nan,1.0581434965133667,inf,4.140537261962891,32.266666412353516
2280,nan,-0.127042755484581,inf,22.751968383789062,2.727508581301663e-05
2342,nan,0.3837239444255829,inf,3.9211819171905518,12.339268684387207
2346,nan,-0.12704330682754517,inf,35.7431526184082,0.0
2380,nan,-0.12493600696325302,inf,13.092782974243164,0.10526243597269058
2414,nan,-0.12552344799041748,inf,14.478816032409668,0.07260613888502121
2423,nan,-0.12703244388103485,inf,17.164100646972656,0.0004753589746542275
2448,nan,-0.12704312801361084,inf,19.766616821289062,5.817413239128655e-06
2521,nan,-0.1268959790468216,inf,11.767601013183594,0.008355045691132545
2571,nan,-0.12596268951892853,inf,11.007018089294434,0.01569500006735325
2576,nan,1.1000062227249146,inf,2.9722483158111572,32.35804748535156
2600,nan,-0.12677524983882904,inf,13.2630033493042,0.009063052944839
2653,nan,-0.16285739839076996,inf,6.821689128875732,-0.7198209166526794
2654,nan,-0.12608499825000763,inf,13.401626586914062,0.025771576911211014
2704,nan,-0.1239117756485939,inf,12.680750846862793,0.037740327417850494
2724,nan,-0.11085893213748932,inf,8.525331497192383,0.5433387756347656
2743,nan,0.9547027945518494,inf,4.041724681854248,29.441791534423828
2763,nan,-0.1270955353975296,inf,12.773850440979004,0.013203347101807594
2843,nan,-0.12296445667743683,inf,11.31390380859375,0.12876920402050018
2853,nan,-0.1294570118188858,inf,11.169842720031738,-0.09247002750635147
2866,nan,-0.10104643553495407,inf,6.534002780914307,0.4469884932041168
2889,nan,-0.12664252519607544,inf,13.221246719360352,0.0097629614174366
2908,nan,-0.11942402273416519,inf,12.891474723815918,0.15354156494140625
2909,nan,-0.12170320004224777,inf,12.033297538757324,0.1307077407836914
2912,nan,-0.12482297420501709,inf,13.418156623840332,0.09310629218816757
2945,nan,-0.12702493369579315,inf,17.874204635620117,0.0004899501800537109
2962,nan,-0.12711191177368164,inf,15.468238830566406,-0.0019474982982501388
2965,nan,-0.12704144418239594,inf,20.30805015563965,7.777214341331273e-05
2995,nan,-0.12701396644115448,inf,19.410968780517578,0.000783944153226912
3020,nan,-0.0952056273818016,inf,9.874427795410156,0.927742600440979
3104,nan,-0.13050779700279236,inf,11.509759902954102,-0.061155080795288086
3163,nan,-0.07749288529157639,inf,5.986510753631592,1.6366204023361206
3266,nan,-0.1260959357023239,inf,16.30830192565918,0.04514351114630699
3278,nan,-0.30426979064941406,inf,7.25344181060791,0.04057679325342178
3286,nan,-0.12088308483362198,inf,8.866318702697754,0.07140598446130753
3297,nan,-0.12741611897945404,inf,9.254721641540527,-0.011735821142792702
3357,nan,-0.08641519397497177,inf,7.194457530975342,0.427204430103302
3475,nan,-0.12696169316768646,inf,14.634551048278809,0.002817535540089011
3478,nan,-0.04888756200671196,inf,7.034771919250488,0.9857446551322937
3579,nan,-0.12701913714408875,inf,15.17285442352295,0.0016245603328570724
3580,nan,-0.12705282866954803,inf,15.05876350402832,-0.0002622127649374306
3589,nan,-0.12700949609279633,inf,17.862411499023438,0.0012012481456622481
3597,nan,-0.11872786283493042,inf,9.288073539733887,0.10529761761426926
3615,nan,-0.11240523308515549,inf,11.401740074157715,0.558069109916687
3636,nan,-0.11306235939264297,inf,9.163673400878906,0.28790855407714844
3645,nan,-0.1270361840724945,inf,20.962167739868164,0.0001375198335153982
3664,nan,-0.12166469544172287,inf,12.636343955993652,0.1667284071445465
3714,nan,-0.12659083306789398,inf,10.563923835754395,0.01027989387512207
3748,nan,-0.12673863768577576,inf,7.644738674163818,0.052086878567934036
3764,nan,-0.10159354656934738,inf,7.445193767547607,0.7611819505691528
3778,nan,-0.13244032859802246,inf,6.712896823883057,1.398606300354004
3845,nan,-0.10474618524312973,inf,7.4818949699401855,0.5109952092170715
3848,nan,-0.09926160424947739,inf,9.512473106384277,0.6765212416648865
3890,nan,0.0022861480247229338,inf,5.810834884643555,3.9258618354797363
3916,nan,-0.12015583366155624,inf,9.757895469665527,0.21510545909404755
3933,nan,-0.12704430520534515,inf,21.688016891479492,-1.5497207641601562e-05
3948,nan,-0.001893513253889978,inf,8.058485984802246,5.049560070037842
3969,nan,1.0836271047592163,inf,3.842400312423706,12.273063659667969
3980,nan,-0.07539598643779755,inf,7.540988922119141,0.5956867337226868
4018,nan,-0.12695686519145966,inf,12.718523979187012,0.002448156476020813
4067,nan,-0.12691214680671692,inf,18.256898880004883,0.006119060795754194
4068,nan,-0.12673404812812805,inf,18.84910011291504,0.014718914404511452
4112,nan,-0.1262395977973938,inf,12.267858505249023,0.023821163922548294
4116,nan,-0.125044584274292,inf,6.072189807891846,1.2023117542266846
4193,nan,-0.12469809502363205,inf,11.386344909667969,0.07363834232091904
4201,nan,-0.12417023628950119,inf,11.315347671508789,0.09417571872472763
4211,nan,0.7812513709068298,inf,1.078171730041504,32.09367752075195
4222,nan,-0.1255410611629486,inf,11.797968864440918,0.04217882081866264
4268,nan,0.41636425256729126,inf,4.972731113433838,9.178821563720703
4391,nan,0.07360450178384781,inf,6.634494781494141,4.833383083343506
4402,nan,-0.1270674616098404,inf,24.44637107849121,-0.0006962776533327997
4405,nan,0.9021381735801697,inf,3.557462692260742,22.553483963012695
4416,nan,0.005217317026108503,inf,6.169040679931641,3.4299943447113037
4429,nan,-0.12684370577335358,inf,15.154036521911621,0.005095291417092085
4433,nan,-0.1269974559545517,inf,15.259814262390137,0.001088905381038785
4443,nan,-0.1270037591457367,inf,14.277478218078613,0.0018414974911138415
4446,nan,-0.12503297626972198,inf,15.345664978027344,0.059584904462099075
4458,nan,-0.1384413093328476,inf,7.280595302581787,0.022582292556762695
4516,nan,0.2333059310913086,inf,5.613759517669678,9.17548656463623
4525,nan,-0.12705932557582855,inf,18.5049991607666,-0.00020954609499312937
4635,nan,-0.12668085098266602,inf,12.330790519714355,0.005344402976334095
4674,nan,-0.12450084835290909,inf,11.50042724609375,0.07079348713159561
4736,nan,-0.11871733516454697,inf,10.179072380065918,0.1524396389722824
4782,nan,-0.0943935438990593,inf,7.838165283203125,0.5851921439170837
4798,nan,-0.13056999444961548,inf,7.7221999168396,-0.37354129552841187
4802,nan,-0.12701036036014557,inf,16.956083297729492,0.001335191773250699
4823,nan,0.23232363164424896,inf,5.362319469451904,10.673530578613281
4829,nan,-0.12336670607328415,inf,11.02891731262207,0.08798431605100632
4855,nan,-0.12704144418239594,inf,17.902456283569336,5.3024294174974784e-05
4918,nan,1.5703321695327759,inf,3.957612991333008,35.18864059448242
4976,nan,-0.12997113168239594,inf,11.436663627624512,-0.1637348234653473
5008,nan,-0.10864555090665817,inf,9.742637634277344,0.1979181319475174
5025,nan,0.7146507501602173,inf,4.85022497177124,22.804826736450195
5028,nan,-0.13731150329113007,inf,8.17789363861084,-0.48731526732444763
5065,nan,-0.11987646669149399,inf,14.037752151489258,0.17859803140163422
5107,nan,0.8109461665153503,inf,4.8303303718566895,15.163042068481445
5134,nan,-0.11181982606649399,inf,10.178415298461914,0.28018292784690857
5178,nan,0.08552355319261551,inf,5.110301494598389,4.523949146270752
5180,nan,-0.1269034743309021,inf,14.388208389282227,0.006240558810532093
5229,nan,-0.12702958285808563,inf,16.61302947998047,0.00044116974459029734
5230,nan,-0.07679978758096695,inf,7.502754211425781,0.45891353487968445
5235,nan,-0.12401305884122849,inf,14.844879150390625,0.11348038166761398
5243,nan,-0.07396334409713745,inf,7.540571689605713,0.5131835341453552
5293,nan,1.4447836875915527,inf,2.6801018714904785,33.479461669921875
5307,nan,-0.1267482489347458,inf,15.283477783203125,0.0037624358665198088
5312,nan,-0.10955142229795456,inf,9.308063507080078,0.9122139811515808
5320,nan,-0.12760110199451447,inf,13.285234451293945,-0.010188770480453968
5373,nan,-0.11343137174844742,inf,9.979813575744629,0.2627255916595459
5443,nan,-0.07388710975646973,inf,6.008544921875,2.3500678539276123
5531,nan,-0.1266537308692932,inf,13.834540367126465,0.016930295154452324
5585,nan,-0.12700395286083221,inf,15.664596557617188,0.001424023532308638
5626,nan,0.17909210920333862,inf,4.918625831604004,6.601962566375732
5640,nan,-0.12686635553836823,inf,13.291075706481934,0.013537788763642311
5648,nan,-0.12610919773578644,inf,12.177946090698242,0.02464616298675537
5675,nan,-0.1025308296084404,inf,5.0994696617126465,1.6559022665023804
5714,nan,-0.1268320381641388,inf,11.105454444885254,0.01737527921795845
5738,nan,4.453166484832764,inf,-0.5283141732215881,114.69359588623047
5824,nan,-0.12704335153102875,inf,25.964096069335938,7.82012921263231e-06
5829,nan,0.5693948268890381,inf,4.724379539489746,11.458511352539062
5837,nan,-0.11331697553396225,inf,9.42263126373291,0.34941497445106506
5839,nan,7.913386821746826,inf,3.372447967529297,108.80205535888672
5855,nan,-0.12694691121578217,inf,13.495587348937988,0.0036439895629882812
5857,nan,-0.0924900695681572,inf,10.988930702209473,0.887631356716156
5863,nan,0.16276566684246063,inf,6.096228122711182,8.153700828552246
5907,nan,-0.05066428706049919,inf,7.75075626373291,1.1125366687774658
5913,nan,-0.03253009915351868,inf,5.98634672164917,1.4714345932006836
5943,nan,0.11456053704023361,inf,7.073023319244385,3.4354851245880127
5999,nan,-0.030358998104929924,inf,4.902781963348389,5.441440582275391
6036,nan,-0.1270350068807602,inf,16.445125579833984,0.00020065010176040232
6069,nan,-0.1323508471250534,inf,13.301318168640137,-0.10438518971204758
6092,nan,-0.12686823308467865,inf,15.115880012512207,0.007353592198342085
6130,nan,0.7278021574020386,inf,3.4171180725097656,19.847776412963867
6135,nan,-0.1252351701259613,inf,15.348947525024414,0.08523838967084885
6232,nan,-0.12680082023143768,inf,21.82847023010254,0.01072464045137167
6261,nan,-0.1762004792690277,inf,15.5693998336792,-0.9422236680984497
6319,nan,-0.118323914706707,inf,13.265896797180176,0.2264394760131836
6347,nan,-0.1263512820005417,inf,10.807806968688965,0.06201305612921715
6377,nan,-0.11804194748401642,inf,11.704936981201172,0.22186851501464844
6380,nan,-0.12686535716056824,inf,16.22153091430664,0.005435466766357422
6384,nan,-0.12703333795070648,inf,20.845563888549805,0.0004749298095703125
6421,nan,-0.12597422301769257,inf,15.58646297454834,0.020836640149354935
6469,nan,-0.08979159593582153,inf,8.276595115661621,0.4348216652870178
6488,nan,-0.11580491065979004,inf,9.071414947509766,0.606235682964325
6546,nan,-0.12322958558797836,inf,15.304107666015625,0.06501131504774094
6573,nan,-0.12684062123298645,inf,14.762489318847656,0.0049946787767112255
6590,nan,-0.12964431941509247,inf,12.607078552246094,-0.03598279878497124
6612,nan,-0.13240790367126465,inf,10.990854263305664,0.028421377763152122
6672,nan,-0.12704257667064667,inf,25.80421257019043,1.71661376953125e-05
6680,nan,-0.09208980202674866,inf,7.292344570159912,0.8894891738891602
6769,nan,-0.12076770514249802,inf,9.632094383239746,0.12272472679615021
6776,nan,-0.09532321989536285,inf,10.501402854919434,0.7366692423820496
6789,nan,-0.1167137548327446,inf,10.70942211151123,0.2110285758972168
6831,nan,-0.11788564920425415,inf,8.876083374023438,0.23812392354011536
6832,nan,1.5240436792373657,inf,2.2773590087890625,36.77973937988281
6844,nan,-0.09168629348278046,inf,10.035482406616211,1.3037497997283936
6864,nan,-0.08524341136217117,inf,9.132125854492188,0.5114102363586426
6943,nan,-0.12422239035367966,inf,12.374892234802246,0.022008849307894707
6952,nan,-0.03471910580992699,inf,7.0559282302856445,2.0542335510253906
7024,nan,0.17291228473186493,inf,6.8334527015686035,4.776000022888184
7047,nan,-0.02958320640027523,inf,7.142116069793701,0.9335800409317017
7071,nan,-0.1223871037364006,inf,10.452364921569824,0.1475672721862793
7089,nan,0.4949381947517395,inf,6.248885154724121,22.730764389038086
7115,nan,-0.16001562774181366,inf,7.305530071258545,-0.26301059126853943
7191,nan,-0.11437865346670151,inf,8.78366756439209,0.36759254336357117
7233,nan,-0.11732467263936996,inf,9.556070327758789,0.22840319573879242
7249,nan,-0.12704341113567352,inf,23.41450309753418,-4.38690176451928e-06
7258,nan,-0.12500660121440887,inf,13.466107368469238,0.06646902114152908
7287,nan,-0.1270148605108261,inf,17.287487030029297,0.0012197018368169665
7418,nan,0.21552513539791107,inf,4.571176052093506,8.702873229980469
7450,nan,-0.11930070072412491,inf,12.513032913208008,0.07989814132452011
7459,nan,-0.10851043462753296,inf,6.7815775871276855,1.4000624418258667
7464,nan,-0.12703534960746765,inf,24.1616268157959,0.00037298203096725047
7486,nan,-0.12713997066020966,inf,16.351530075073242,-0.0028994642198085785
7530,nan,-0.12502215802669525,inf,10.884224891662598,0.06406494230031967
7533,nan,-0.1270424723625183,inf,21.6790828704834,1.869201696536038e-05
7548,nan,-0.12636028230190277,inf,12.150318145751953,0.011655807495117188
7624,nan,-0.0822921022772789,inf,6.250637054443359,1.1513231992721558
7693,nan,-0.12702104449272156,inf,17.057910919189453,0.000598907470703125
7704,nan,-0.11506682634353638,inf,9.059735298156738,0.2524702250957489
7711,nan,-0.10107908397912979,inf,9.315707206726074,0.4282434582710266
7745,nan,-0.12704072892665863,inf,17.420827865600586,0.00010602474503684789
7766,nan,0.07072867453098297,inf,5.570346355438232,2.585379123687744
7825,nan,-0.09524109214544296,inf,9.510114669799805,1.6173521280288696
7867,nan,-0.12588879466056824,inf,15.130058288574219,0.03302011638879776
7931,nan,-0.04670358821749687,inf,5.9008469581604,1.2792538404464722
7944,nan,-0.07723436504602432,inf,6.277947902679443,1.1174486875534058
8000,nan,-0.11484505981206894,inf,12.396906852722168,0.6563785672187805
8001,nan,-0.12691466510295868,inf,15.258631706237793,0.005022239871323109
8051,nan,-0.11222962290048599,inf,9.029074668884277,0.4463789165019989
8056,nan,-0.12598635256290436,inf,10.398431777954102,0.036545563489198685
8104,nan,-0.12704536318778992,inf,18.606122970581055,-4.581213215715252e-05
8107,nan,0.4661695063114166,inf,5.986299991607666,24.1247615814209
8108,nan,-0.09225606173276901,inf,9.583308219909668,0.9793841242790222
8148,nan,-0.12703754007816315,inf,18.36083221435547,4.925578832626343e-05
8151,nan,-0.1262134164571762,inf,11.71059513092041,0.020051194354891777
8247,nan,0.2677227258682251,inf,4.89436674118042,4.9558000564575195
8255,nan,-0.1255316138267517,inf,12.838935852050781,0.0028603076934814453
8263,nan,-0.11959904432296753,inf,9.661739349365234,0.1469511240720749
8359,nan,-0.1269649714231491,inf,16.646530151367188,0.0038429261185228825
8360,nan,-0.12707118690013885,inf,19.19757080078125,-0.0005193233373574913
8426,nan,-0.12704282999038696,inf,21.58724594116211,2.5677682060631923e-05
8430,nan,0.3034544289112091,inf,4.479379653930664,12.080629348754883
8431,nan,-0.12694977223873138,inf,13.337213516235352,0.0015889167552813888
8433,nan,-0.12707948684692383,inf,12.712889671325684,0.0026929855812340975
8596,nan,-0.12704205513000488,inf,20.333932876586914,4.11778710258659e-05
8597,nan,0.10759969055652618,inf,6.160838603973389,1.9441744089126587
8629,nan,-0.12609481811523438,inf,17.78944969177246,0.01877799816429615
8632,nan,-0.1270068734884262,inf,15.297171592712402,-0.0005386352422647178
8638,nan,-0.12646636366844177,inf,16.222429275512695,0.009948492050170898
8641,nan,-0.12675738334655762,inf,12.137202262878418,0.015560055151581764
8645,nan,-0.11378105729818344,inf,10.239336967468262,0.3206547200679779
8681,nan,-0.13372747600078583,inf,6.8483147621154785,-0.03371086344122887
8695,nan,-0.1270441859960556,inf,20.73551368713379,0.00014181136793922633
8700,nan,-0.12704862654209137,inf,17.005260467529297,9.956360008800402e-05
8709,nan,-0.12562279403209686,inf,10.103133201599121,0.03624459728598595
8758,nan,-0.1270214319229126,inf,16.860681533813477,0.0006714343908242881
8813,nan,-0.1268981695175171,inf,14.924234390258789,0.0062583922408521175
8821,nan,-0.026375431567430496,inf,5.011322975158691,4.562564373016357
8823,nan,-0.11083253473043442,inf,9.584933280944824,0.5348473191261292
8834,nan,-0.1270420104265213,inf,17.50339698791504,8.125305612338707e-05
8849,nan,-0.12622518837451935,inf,12.67669677734375,0.009305096231400967
8885,nan,0.3766326904296875,inf,4.160229206085205,11.379518508911133
8891,nan,0.06519412249326706,inf,6.2994585037231445,1.991918921470642
8897,nan,-0.12265026569366455,inf,10.290376663208008,0.08370818942785263
8908,nan,-0.12673674523830414,inf,11.381392478942871,0.032901909202337265
8912,nan,-0.09392886608839035,inf,9.188780784606934,0.7070814967155457
8991,nan,-0.12265447527170181,inf,12.850638389587402,0.13879194855690002
8996,nan,-0.11108887195587158,inf,9.180400848388672,0.5932712554931641
9015,nan,-0.1256619095802307,inf,10.63265609741211,0.03686344623565674
9027,nan,-0.12670092284679413,inf,11.496617317199707,0.009237385354936123
9078,nan,-0.08168365061283112,inf,9.241050720214844,1.496287226676941
9111,nan,-0.1021735668182373,inf,9.170419692993164,0.8775874376296997
9116,nan,-0.12444597482681274,inf,13.60184383392334,0.02575560286641121
9126,nan,-0.12652558088302612,inf,13.761980056762695,0.018706202507019043
9156,nan,-0.08364875614643097,inf,7.834517955780029,0.38950371742248535
9198,nan,-0.127043217420578,inf,25.87876319885254,1.5258789289873675e-06
9202,nan,-0.12703625857830048,inf,16.746540069580078,0.00022974015155341476
9231,nan,0.23963795602321625,inf,5.443003177642822,8.328474998474121
9264,nan,-0.12668386101722717,inf,14.114588737487793,0.01128997839987278
9337,nan,-0.12704207003116608,inf,23.73520278930664,5.717277599615045e-05
9394,nan,-0.12477904558181763,inf,9.148224830627441,0.0609745979309082
9422,nan,0.9896089434623718,inf,3.2528655529022217,19.825368881225586
9475,nan,-0.11985304206609726,inf,9.058122634887695,0.24658241868019104
9489,nan,-0.11830916255712509,inf,9.789237022399902,0.33822593092918396
9495,nan,-0.11202528327703476,inf,9.783215522766113,0.351520836353302
9510,nan,-0.12704263627529144,inf,22.944963455200195,1.9550323486328125e-05
9516,nan,-0.15831232070922852,inf,8.680766105651855,-1.568734049797058
9547,nan,-0.1266418993473053,inf,12.70068645477295,0.011179876513779163
9564,nan,0.23909203708171844,inf,4.504573822021484,9.79135799407959
9613,nan,-0.1253177970647812,inf,13.848215103149414,0.08574676513671875
9626,nan,-0.12704330682754517,inf,25.290695190429688,0.0
9650,nan,-0.12717878818511963,inf,18.076091766357422,-0.0024936676491051912
9651,nan,-0.1269303411245346,inf,11.28795337677002,0.003858077572658658
9662,nan,0.22550439834594727,inf,5.594817638397217,7.784940242767334
9688,nan,-0.12497146427631378,inf,10.91208267211914,0.1413564682006836
9694,nan,-0.12654165923595428,inf,14.05156135559082,0.013124704360961914
9711,nan,0.36190733313560486,inf,3.617323398590088,11.519706726074219
9763,nan,-0.07924194633960724,inf,7.874025821685791,0.675835907459259
9836,nan,-0.1277378648519516,inf,9.258540153503418,0.0015867233742028475
9859,nan,-0.1270439773797989,inf,16.530920028686523,6.398261029971763e-05
9873,nan,-0.11344301700592041,inf,11.114200592041016,0.11647357791662216
9887,nan,-0.12685997784137726,inf,17.81459617614746,0.0036128044594079256
9903,nan,0.1070922389626503,inf,6.449293613433838,6.2829718589782715
9915,nan,-0.1268303245306015,inf,14.230900764465332,0.004680633544921875
10039,nan,0.03198724612593651,inf,5.91329288482666,4.789435386657715
10049,nan,-0.12702949345111847,inf,18.80659294128418,0.0006670236471109092
10052,nan,-0.1268579214811325,inf,12.161419868469238,0.0002659320889506489
10088,nan,-0.13026325404644012,inf,14.421266555786133,-0.06195793300867081
10096,nan,-0.12427885830402374,inf,10.483964920043945,0.06898269802331924
10099,nan,12.313458442687988,inf,1.417183518409729,193.01536560058594
10197,nan,-0.12655483186244965,inf,14.191093444824219,0.015048992820084095
10241,nan,0.060361504554748535,inf,4.064339637756348,7.858389377593994
10309,nan,-0.12660497426986694,inf,16.458499908447266,0.012352228164672852
10376,nan,0.4345743656158447,inf,5.573089122772217,15.606558799743652
10392,nan,-0.12672929465770721,inf,13.536531448364258,0.009269810281693935
10438,nan,-0.12794040143489838,inf,10.860427856445312,-0.017411423847079277
10539,nan,-0.12733466923236847,inf,17.316614151000977,-0.014783203601837158
10583,nan,-0.12555308640003204,inf,10.593412399291992,0.09871172904968262
10586,nan,-0.03717104718089104,inf,7.224605083465576,2.42463755607605
10635,nan,-0.12434136122465134,inf,10.070094108581543,0.07861340045928955
10658,nan,0.5063520669937134,inf,5.727636814117432,9.703886985778809
10663,nan,-0.11748182028532028,inf,13.718193054199219,0.3797280490398407
10692,nan,-0.18780821561813354,inf,8.646907806396484,-1.6443861722946167
10764,nan,-0.12496595829725266,inf,10.51401424407959,0.025153541937470436
10777,nan,-0.07507477700710297,inf,7.040463924407959,0.9105228781700134
10781,nan,0.2104610949754715,inf,5.336414813995361,6.216700553894043
10895,nan,-0.12700210511684418,inf,16.82784080505371,0.0037229775916785
10918,nan,-0.12492486089468002,inf,10.580644607543945,0.022411871701478958
10937,nan,-0.12336608022451401,inf,17.597169876098633,0.14303083717823029
10986,nan,0.30034980177879333,inf,4.951082229614258,13.92468547821045
10994,nan,-0.06746792048215866,inf,6.120471954345703,1.082901954650879
11010,nan,-0.015107057057321072,inf,9.587882041931152,1.3109245300292969
11013,nan,-0.12687154114246368,inf,18.50635528564453,0.0070482357405126095
11109,nan,-0.12329515069723129,inf,11.796674728393555,0.09347100555896759
11119,nan,-0.12910929322242737,inf,11.665264129638672,-0.01910795085132122
11217,nan,-0.12704305350780487,inf,22.547863006591797,1.258850079466356e-05
11302,nan,-0.12696492671966553,inf,15.83777904510498,0.0010486602550372481
11307,nan,-0.12703554332256317,inf,20.616844177246094,0.00031280517578125
11332,nan,-0.11930139362812042,inf,12.64334774017334,0.3569886386394501
11353,nan,-0.12640665471553802,inf,15.424527168273926,0.009061145596206188
11364,nan,-0.05582977458834648,inf,8.776122093200684,2.1681926250457764
11404,nan,-0.1294303983449936,inf,7.4737067222595215,-0.09113235771656036
11414,nan,1.246673583984375,inf,3.0424952507019043,21.602676391601562
11463,nan,-0.12702788412570953,inf,19.44516944885254,0.0007339477888308465
11472,nan,-0.12698854506015778,inf,16.468585968017578,0.0017249345546588302
11475,nan,-0.1268020123243332,inf,15.474871635437012,0.007076454348862171
11478,nan,-0.12098418921232224,inf,10.519723892211914,0.14404363930225372
11489,nan,-0.6077750325202942,inf,3.4325363636016846,-10.465754508972168
11537,nan,-0.12703914940357208,inf,15.46446418762207,0.00019974708266090602
11547,nan,-0.12704382836818695,inf,18.398550033569336,-5.4836273193359375e-06
11600,nan,-0.12708812952041626,inf,18.02951431274414,-0.0005196094862185419
11613,nan,-0.12703779339790344,inf,16.172117233276367,0.00013275146193336695
11624,nan,-0.08341687172651291,inf,10.288330078125,1.2037352323532104
11683,nan,-0.11466380208730698,inf,11.340665817260742,0.5157964825630188
11692,nan,0.7730054259300232,inf,3.1948776245117188,18.09553337097168
11738,nan,-0.12203433364629745,inf,8.877782821655273,0.10833396762609482
11748,nan,-0.12704114615917206,inf,20.92828941345215,9.684562974143773e-05
11774,nan,0.4846285879611969,inf,4.592141151428223,12.776082038879395
11794,nan,-0.12855525314807892,inf,14.135475158691406,-0.01975860632956028
11820,nan,-0.10058283060789108,inf,7.98358678817749,0.9735828638076782
11827,nan,-0.12244492769241333,inf,14.07768726348877,0.17975866794586182
11831,nan,-0.126961350440979,inf,17.709692001342773,0.003040886018425226
11929,nan,-0.11892648786306381,inf,11.648256301879883,0.29974475502967834
11976,nan,-0.12660764157772064,inf,19.509916305541992,0.020781410858035088
11986,nan,-0.07244417816400528,inf,7.6566009521484375,1.5030107498168945
12060,nan,-0.12061920017004013,inf,10.429834365844727,0.06686694920063019
12134,nan,-0.11881379038095474,inf,9.385998725891113,0.10716719925403595
12137,nan,0.2833530902862549,inf,4.98447847366333,14.609262466430664
12166,nan,0.3803268373012543,inf,4.708419322967529,14.976295471191406
12171,nan,-0.13300739228725433,inf,9.046278953552246,0.10796225070953369
12181,nan,-0.1230383887887001,inf,10.89336109161377,0.08277244865894318
12182,nan,-0.1695210337638855,inf,9.965408325195312,-0.7136719822883606
12191,nan,0.11151891946792603,inf,6.700419902801514,4.296492576599121
12193,nan,-0.12635929882526398,inf,15.734315872192383,0.016677498817443848
12238,nan,-0.06536325067281723,inf,7.706535339355469,1.373796820640564
12243,nan,-0.0851554423570633,inf,7.862501621246338,1.2499710321426392
12254,nan,-0.12698909640312195,inf,14.746005058288574,0.0017753600841388106
12259,nan,-0.12401934713125229,inf,10.211079597473145,0.04566099867224693
12262,nan,-0.12685656547546387,inf,16.46869468688965,0.0037581920623779297
12266,nan,-0.12330230325460434,inf,8.781378746032715,0.24073734879493713
12276,nan,-0.12704329192638397,inf,23.722904205322266,2.670288040462765e-06
12304,nan,0.14501193165779114,inf,5.3273820877075195,8.407709121704102
12320,nan,-0.08452652394771576,inf,7.445984840393066,1.0229848623275757
12326,nan,0.06425982713699341,inf,5.394881725311279,3.3243966102600098
12332,nan,-0.1268560290336609,inf,13.905486106872559,0.005308914463967085
12335,nan,-0.1061410903930664,inf,8.969874382019043,0.6794473528862
12351,nan,-0.12558527290821075,inf,12.557063102722168,0.04077649116516113
12376,nan,-0.10847814381122589,inf,9.121668815612793,0.5697409510612488
12385,nan,-0.12702526152133942,inf,17.81336212158203,0.0007520377985201776
12433,nan,-0.1269104927778244,inf,15.921136856079102,0.003734588623046875
12510,nan,-0.12704159319400787,inf,22.78958511352539,5.7828427088679746e-05
12540,nan,-0.11029192060232162,inf,7.240058898925781,0.4270167350769043
12557,nan,-0.12686660885810852,inf,14.460965156555176,0.005617201328277588
12574,nan,-0.12704627215862274,inf,24.128097534179688,-0.0001424789516022429
12576,nan,-0.12701952457427979,inf,18.005094528198242,0.001184225082397461
12665,nan,-0.1269569844007492,inf,10.392928123474121,0.014722585678100586
12716,nan,-0.1525907963514328,inf,6.347406387329102,-0.5294097065925598
12722,nan,-0.12704388797283173,inf,21.588708877563477,-1.411438006471144e-05
12734,nan,1.1466368436813354,inf,2.0219342708587646,41.53196716308594
12747,nan,-0.12705272436141968,inf,21.425403594970703,-0.0004459857882466167
12759,nan,0.12245793640613556,inf,5.076170921325684,5.238028049468994
12768,nan,-0.12704405188560486,inf,24.51405906677246,-1.4352798643813003e-05
12916,nan,-0.12283354997634888,inf,16.468278884887695,0.09284373372793198
12938,nan,-0.02377157472074032,inf,6.971595287322998,1.1292904615402222
12949,nan,-0.12805287539958954,inf,11.794894218444824,-0.011132502928376198
13001,nan,-0.0033505321480333805,inf,4.7892889976501465,4.139542579650879
13003,nan,-0.1254342943429947,inf,10.359786987304688,0.02865753136575222
13051,nan,-0.1219155415892601,inf,10.046167373657227,0.20940934121608734
13076,nan,-0.12684398889541626,inf,17.90788459777832,0.009433651342988014
13095,nan,-0.12453503906726837,inf,12.01027774810791,0.0528142936527729
13099,nan,-0.10779984295368195,inf,8.062933921813965,0.6367767453193665
13109,nan,0.11561266332864761,inf,4.793816089630127,3.877286195755005
13127,nan,-0.06988705694675446,inf,7.705742835998535,1.2608202695846558
13131,nan,-0.1243748813867569,inf,12.633373260498047,0.07609491795301437
13150,nan,-0.017628489062190056,inf,5.881002902984619,2.3347158432006836
13259,nan,-0.1259455531835556,inf,15.310043334960938,0.052797723561525345
13290,nan,-0.015155628323554993,inf,7.774058818817139,1.0984539985656738
13312,nan,0.03347386047244072,inf,4.642189025878906,0.9034353494644165
13383,nan,-0.10862784832715988,inf,9.522550582885742,0.6783608794212341
13414,nan,0.043446965515613556,inf,7.2835588455200195,5.242919445037842
13432,nan,-0.12694276869297028,inf,14.731770515441895,0.0019579888321459293
13436,nan,-0.12703973054885864,inf,19.749418258666992,0.000146770486026071
13441,nan,-0.12676654756069183,inf,12.06006908416748,0.011056971736252308
13450,nan,0.5431790351867676,inf,4.442336559295654,18.76222038269043
13452,nan,-0.12687809765338898,inf,10.55974006652832,0.05729847028851509
13501,nan,-0.12674717605113983,inf,15.508417129516602,0.011459851637482643
13513,nan,-0.12669453024864197,inf,13.53288459777832,0.010379028506577015
13539,nan,-0.1254855990409851,inf,11.482436180114746,0.03472807630896568
13576,nan,-0.12707091867923737,inf,19.67340087890625,-0.0009259224170818925
13591,nan,0.04286742955446243,inf,3.450207233428955,3.3348653316497803
13593,nan,-0.11994989961385727,inf,9.885961532592773,0.12170162051916122
13594,nan,-0.12585647404193878,inf,14.201888084411621,0.03717441484332085
13610,nan,-0.17699353396892548,inf,14.554875373840332,-0.960282027721405
13682,nan,-0.1027177944779396,inf,8.291418075561523,0.25472259521484375
13722,nan,-0.15478526055812836,inf,8.59765338897705,0.3132506310939789
13733,nan,-0.12702655792236328,inf,15.931182861328125,0.001222896622493863
13746,nan,-0.12539464235305786,inf,12.647027015686035,0.05663743242621422
13784,nan,1.125367522239685,inf,2.8578357696533203,31.06440544128418
13790,nan,-0.10848995298147202,inf,10.18138599395752,0.5215217471122742
13829,nan,0.452594131231308,inf,4.573318004608154,11.46655559539795
13839,nan,-0.14515917003154755,inf,8.435976028442383,-0.3542441129684448
13853,nan,-0.12749503552913666,inf,14.696476936340332,-0.00915761012583971
13868,nan,-0.12704706192016602,inf,18.751842498779297,-9.171963029075414e-05
13884,nan,-0.12705203890800476,inf,17.853120803833008,0.0006481647724285722
13973,nan,-0.12657669186592102,inf,14.642572402954102,0.0028091431595385075
14029,nan,-0.12700584530830383,inf,11.788973808288574,-0.00015077591524459422
14055,nan,-0.1265438050031662,inf,12.75745677947998,0.02413048781454563
14074,nan,-0.06657343357801437,inf,5.636693000793457,0.07998686283826828
14128,nan,-0.03382085636258125,inf,6.289328098297119,3.45287823677063
14143,nan,-0.12503668665885925,inf,12.207951545715332,0.05212822183966637
14158,nan,0.09189048409461975,inf,4.1323676109313965,5.748840808868408
14174,nan,-0.1270591914653778,inf,15.450377464294434,-0.00029201508732512593
14210,nan,-0.12851274013519287,inf,13.00830364227295,0.017798233777284622
14288,nan,-0.12675486505031586,inf,12.810080528259277,0.0077073099091649055
14337,nan,-0.1269901841878891,inf,16.625715255737305,0.0008001268142834306
14396,nan,-0.127036914229393,inf,18.05048179626465,0.0002623647451400757
14442,nan,-0.02783740498125553,inf,8.865296363830566,2.4473016262054443
14466,nan,-0.12693245708942413,inf,11.507122993469238,0.013932943344116211
14467,nan,-0.1270221471786499,inf,19.130126953125,0.0007871270063333213
14600,nan,-0.12700185179710388,inf,16.95183753967285,0.0009284019470214844
14677,nan,-0.12704837322235107,inf,13.596219062805176,0.0001162529006251134
14708,nan,-0.09473615884780884,inf,7.007674694061279,0.6637538075447083
14716,nan,-0.12701788544654846,inf,13.93077278137207,0.0007951140287332237
14801,nan,-0.1270393282175064,inf,18.279943466186523,4.463195728021674e-05
14817,nan,0.8045526742935181,inf,3.5918450355529785,15.305668830871582
14847,nan,-0.12703217566013336,inf,18.444686889648438,0.0005742550129070878
14917,nan,-0.1268356591463089,inf,12.08300495147705,0.01259925402700901
15017,nan,-0.12500204145908356,inf,12.554705619812012,0.07756910473108292
15090,nan,0.9846512675285339,inf,4.693896293640137,19.116260528564453
15101,nan,0.4693978726863861,inf,4.756913661956787,12.222113609313965
15205,nan,-0.11970819532871246,inf,13.065164566040039,0.14933638274669647
15244,nan,1.7534674406051636,inf,4.079661846160889,41.3380012512207
15278,nan,-0.1197671890258789,inf,10.940360069274902,0.15295401215553284
15325,nan,-0.013917853124439716,inf,5.27948522567749,4.589086532592773
15385,nan,-0.128671333193779,inf,11.927191734313965,-0.027369236573576927
15396,nan,-0.12612387537956238,inf,11.165546417236328,0.02594280242919922
15468,nan,-0.165476992726326,inf,7.2724833488464355,-1.3182517290115356
15476,nan,-0.12702177464962006,inf,22.23777961730957,0.0011688232189044356
15493,nan,-0.12705868482589722,inf,18.089107513427734,-0.00031719208345748484
15608,nan,-0.12703944742679596,inf,24.584627151489258,0.0001865387021098286
15635,nan,-0.12697745859622955,inf,18.61000633239746,0.001811122871004045
15660,nan,-0.12702356278896332,inf,18.017179489135742,0.00033636094303801656
15676,nan,-0.12704621255397797,inf,17.634214401245117,6.313324411166832e-05
15689,nan,-0.1235668882727623,inf,8.009029388427734,-0.09901866316795349
15712,nan,0.0846046432852745,inf,5.926167011260986,2.733506917953491
15716,nan,-0.1221873089671135,inf,12.340699195861816,0.11899109184741974
15730,nan,-0.1270381063222885,inf,21.19929313659668,0.0001466751127736643
15732,nan,-0.12707030773162842,inf,16.118547439575195,-0.00010781288438010961
15750,nan,-0.11321347206830978,inf,14.729545593261719,0.23936568200588226
15779,nan,-0.12703976035118103,inf,18.624242782592773,0.0001350402890238911
15864,nan,-0.12695176899433136,inf,15.6311616897583,0.0035721303429454565
15907,nan,-0.11384449154138565,inf,11.033340454101562,0.5544804930686951
15915,nan,0.48660650849342346,inf,4.750871181488037,17.05146026611328
15991,nan,0.08132238686084747,inf,5.3393073081970215,3.8429698944091797
16169,nan,-0.00959042552858591,inf,5.515954494476318,2.7513129711151123
16188,nan,-0.12426795065402985,inf,11.584785461425781,0.015965580940246582
16218,nan,-0.1275448054075241,inf,13.429618835449219,-0.009779739193618298
16224,nan,0.022981373593211174,inf,4.875372409820557,13.064656257629395
16232,nan,-0.12702368199825287,inf,15.356531143188477,0.000465202349005267
16279,nan,0.020062066614627838,inf,5.762450218200684,3.6759731769561768
16304,nan,-0.12714412808418274,inf,13.865656852722168,0.007409000303596258
16330,nan,-0.1270439326763153,inf,18.966720581054688,-1.4591217222914565e-05
16363,nan,-0.11658550798892975,inf,7.232370853424072,0.17317286133766174
16378,nan,-0.12681572139263153,inf,13.245475769042969,0.0055706980638206005
16395,nan,-0.12103632837533951,inf,10.670123100280762,0.1269344836473465
16409,nan,-0.1287745237350464,inf,10.517191886901855,-0.04003110155463219
16426,nan,-0.0475265234708786,inf,9.062676429748535,3.5489373207092285
16448,nan,-0.12704330682754517,inf,37.77193069458008,0.0
16453,nan,-0.12703928351402283,inf,25.819204330444336,0.0001906395045807585
16465,nan,-0.1268247812986374,inf,15.48228645324707,0.008812141604721546
16467,nan,-0.03474334999918938,inf,7.584535121917725,2.5950818061828613
16496,nan,-0.12704306840896606,inf,22.68214225769043,1.0967254638671875e-05
16561,nan,-0.1270579844713211,inf,17.19350814819336,-0.0002399444638285786
16589,nan,-0.049105703830718994,inf,6.186603546142578,1.3539156913757324
16618,nan,-0.11862421035766602,inf,8.9509916305542,0.18763473629951477
16642,nan,0.06596637517213821,inf,7.764510631561279,5.39595365524292
16650,nan,-0.12702524662017822,inf,17.26642417907715,0.0007396377623081207
16652,nan,-0.12703226506710052,inf,17.25136375427246,0.000469017046270892
16729,nan,0.5385353565216064,inf,3.261843204498291,9.86274242401123
16758,nan,-0.07747630029916763,inf,8.313122749328613,0.6555925607681274
16783,nan,-0.1269148290157318,inf,17.449560165405273,0.0048347474075853825
16789,nan,-0.12772445380687714,inf,13.457931518554688,-0.012719154357910156
16792,nan,-0.125655859708786,inf,13.423158645629883,0.07302234321832657
16804,nan,-0.1270424723625183,inf,18.343311309814453,3.4332275390625e-05
16812,nan,-0.07574557512998581,inf,9.816009521484375,0.45977479219436646
16871,nan,-0.12216222286224365,inf,11.19611644744873,0.11470015347003937
16884,nan,-0.1272096484899521,inf,11.067687034606934,-0.001569509506225586
16889,nan,-0.09593985229730606,inf,8.45923900604248,1.1904900074005127
16891,nan,-0.12701807916164398,inf,17.58677864074707,0.0003381967544555664
17009,nan,-0.1277172565460205,inf,10.559447288513184,-0.026829147711396217
17015,nan,0.1500045359134674,inf,7.807570934295654,10.824137687683105
17049,nan,-0.10617774724960327,inf,10.20398998260498,0.9076644778251648
17063,nan,-0.12699174880981445,inf,16.095094680786133,0.0015925884945318103
17067,nan,-0.12589727342128754,inf,11.584582328796387,0.03576785326004028
17082,nan,-0.11297114938497543,inf,13.489320755004883,0.37958094477653503
17102,nan,-0.09025938808917999,inf,8.664237976074219,0.902758777141571
17109,nan,-0.11226785182952881,inf,15.640353202819824,0.5173021554946899
17131,nan,-0.12638942897319794,inf,12.533515930175781,0.023975014686584473
17152,nan,-0.127039834856987,inf,22.42031478881836,0.0001674652157817036
17175,nan,-0.1270459145307541,inf,17.280052185058594,-2.9289722078829072e-05
17176,nan,-0.12726058065891266,inf,14.277320861816406,-0.006337118335068226
17181,nan,0.13836891949176788,inf,6.76703405380249,4.1054205894470215
17256,nan,-0.12659655511379242,inf,10.466933250427246,0.032755088061094284
17297,nan,-0.12666867673397064,inf,11.01718807220459,0.03141837194561958
17298,nan,-0.1265725940465927,inf,9.377628326416016,0.02233715169131756
17300,nan,-0.12694308161735535,inf,14.943964004516602,0.0026051520835608244
17310,nan,-0.12705360352993011,inf,17.78502655029297,0.0007465362432412803
17315,nan,-0.12704209983348846,inf,22.840194702148438,5.7792665757006034e-05
17316,nan,-0.12700234353542328,inf,13.989877700805664,0.0019692599307745695
17375,nan,-0.23298144340515137,inf,13.2002534866333,-1.6590969562530518
17424,nan,-0.1842462718486786,inf,5.267883777618408,0.26019802689552307
17438,nan,-0.12704302370548248,inf,18.567750930786133,0.0001470565766794607
17546,nan,-0.12704090774059296,inf,18.992610931396484,7.176399230957031e-05
17578,nan,-0.12505869567394257,inf,10.736654281616211,0.04862365871667862
17697,nan,-0.07522216439247131,inf,4.604104042053223,1.5776859521865845
17711,nan,-0.12681376934051514,inf,15.476702690124512,0.005123138427734375
17725,nan,-0.12699081003665924,inf,14.08185863494873,0.0016138077480718493
17733,nan,-0.12703679502010345,inf,15.932293891906738,9.865761239780113e-05
17785,nan,-0.09538246691226959,inf,10.894232749938965,0.7368803024291992
17794,nan,-0.11897160112857819,inf,9.325383186340332,0.1448293775320053
17861,nan,-0.12703685462474823,inf,23.200428009033203,0.0001306056947214529
17973,nan,-0.12322606891393661,inf,13.134745597839355,0.07188612222671509
17978,nan,-0.1270347684621811,inf,16.163999557495117,0.0004546403943095356
17983,nan,0.002957921242341399,inf,6.034258842468262,2.71809720993042
18017,nan,1.233970046043396,inf,3.76581072807312,33.314857482910156
18018,nan,-0.014590521343052387,inf,7.888072490692139,3.2356648445129395
18049,nan,-0.12705178558826447,inf,19.21722412109375,-0.0002086162567138672
18065,nan,-0.029263699427247047,inf,8.392204284667969,0.7297322154045105
18083,nan,-0.10175217688083649,inf,12.130777359008789,0.8070423007011414
18120,nan,0.7471898198127747,inf,3.492274522781372,23.68646812438965
18138,nan,-0.12706586718559265,inf,20.00788688659668,-0.00043163300142623484
18146,nan,-0.127128466963768,inf,16.136985778808594,-0.0017729044193401933
18158,nan,-0.023770341649651527,inf,7.747297763824463,0.9615020751953125
18162,nan,-0.12687315046787262,inf,19.20850944519043,0.0029540539253503084
18166,nan,-0.04196514934301376,inf,7.884408473968506,1.1146430969238281
18257,nan,-0.12308292835950851,inf,11.820883750915527,0.056781768798828125
18329,nan,-0.1527259796857834,inf,8.106205940246582,0.31630969047546387
18383,nan,-0.11740368604660034,inf,12.033907890319824,0.3540898263454437
18398,nan,-0.12703837454319,inf,20.220121383666992,0.000181102761416696
18400,nan,-0.12702156603336334,inf,19.291358947753906,0.0007160186651162803
18411,nan,-0.12598448991775513,inf,14.206872940063477,0.0315101332962513
18452,nan,-0.1183164045214653,inf,6.726861476898193,-0.6054108142852783
18462,nan,-0.12713928520679474,inf,15.094050407409668,-0.0018529891967773438
18523,nan,0.3125360310077667,inf,5.872352123260498,10.461326599121094
18527,nan,-0.1264798492193222,inf,11.98073673248291,0.012353134341537952
18586,nan,-0.1275048851966858,inf,12.815879821777344,-0.004151105880737305
18713,nan,-0.06700161099433899,inf,9.014554023742676,0.6374878287315369
18721,nan,-0.12442108243703842,inf,17.968456268310547,0.12728272378444672
18774,nan,-0.12591129541397095,inf,11.158953666687012,-0.03918809816241264
18806,nan,-0.12701186537742615,inf,17.570465087890625,0.001079559326171875
18831,nan,-0.12679989635944366,inf,14.637738227844238,0.007068157196044922
18852,nan,-0.12674731016159058,inf,14.354782104492188,0.010496235452592373
18903,nan,-0.12695270776748657,inf,14.364468574523926,0.003275299211964011
18906,nan,0.28326699137687683,inf,4.370748043060303,9.056450843811035
18912,nan,-0.12028606235980988,inf,10.753565788269043,0.1612848937511444
18924,nan,0.9433547854423523,inf,4.447206020355225,16.201974868774414
19006,nan,-0.11001604050397873,inf,10.41486644744873,0.5097184181213379
19034,nan,-0.12546077370643616,inf,10.885736465454102,0.05337352678179741
19035,nan,-0.12704364955425262,inf,23.3836727142334,-5.0067901611328125e-06
19084,nan,-0.1270418018102646,inf,19.455829620361328,6.809234764659777e-05
19124,nan,-0.12564629316329956,inf,13.238879203796387,0.05003833770751953
19187,nan,0.006764326244592667,inf,6.344481945037842,3.6414501667022705
19206,nan,-0.12590275704860687,inf,16.078472137451172,0.046349238604307175
19238,nan,-0.1269967406988144,inf,17.302928924560547,0.0017888069851323962
19245,nan,-0.12703567743301392,inf,18.21291160583496,0.00038022996159270406
19298,nan,-0.12413378804922104,inf,11.792402267456055,0.11671354621648788
19304,nan,0.09726104140281677,inf,5.569962978363037,4.082757472991943
19309,nan,-0.07159347087144852,inf,9.759490013122559,1.8362606763839722
19365,nan,-0.12694571912288666,inf,13.68500804901123,0.003665113588795066
19375,nan,-0.12661312520503998,inf,11.025288581848145,0.02089366875588894
19398,nan,-0.1267949938774109,inf,16.688980102539062,0.008633995428681374
19446,nan,0.06769541651010513,inf,6.048801422119141,6.333329677581787
19453,nan,-0.12696607410907745,inf,10.709466934204102,0.015754176303744316
19472,nan,-0.12257226556539536,inf,9.485504150390625,0.13736790418624878
19496,nan,-0.12551233172416687,inf,12.543912887573242,0.05397501215338707
19533,nan,-0.1270383596420288,inf,16.24616813659668,0.0003068924124818295
19541,nan,1.2476091384887695,inf,2.6485049724578857,24.22915267944336
19559,nan,-0.13283246755599976,inf,10.01672077178955,0.013749885372817516
19596,nan,-0.12215359508991241,inf,10.559341430664062,0.05869007110595703
19603,nan,-0.12672486901283264,inf,15.365157127380371,0.012549996376037598
19611,nan,-0.12656493484973907,inf,13.1179780960083,0.0088034151121974
19742,nan,-0.12701793015003204,inf,16.129892349243164,0.0006755829090252519
19767,nan,-0.12475400418043137,inf,11.182981491088867,0.05321367457509041
19825,nan,-0.12590740621089935,inf,12.38125991821289,0.02243022993206978
19831,nan,-0.12423781305551529,inf,8.967907905578613,0.03061060979962349
19883,nan,-0.12502174079418182,inf,14.461970329284668,0.04977302625775337
19896,nan,-0.13241881132125854,inf,10.49047565460205,-0.08376019448041916
19992,nan,-0.12526294589042664,inf,9.679617881774902,0.04286003112792969
20002,nan,-0.12703938782215118,inf,19.773426055908203,0.0001680374116403982
20006,nan,0.4432186186313629,inf,4.397281169891357,11.489237785339355
20007,nan,-0.14096032083034515,inf,9.982786178588867,-0.31961536407470703
20035,nan,-0.1262754499912262,inf,12.765978813171387,0.028762400150299072
20037,nan,-0.12774629890918732,inf,13.657243728637695,-0.01655888557434082
20039,nan,-0.1278192549943924,inf,14.227371215820312,-0.024808062240481377
20063,nan,-0.12771321833133698,inf,12.320783615112305,-0.01304407138377428
20098,nan,0.402971088886261,inf,6.585261821746826,13.266034126281738
20110,nan,0.32261648774147034,inf,5.624603748321533,10.5051908493042
20125,nan,-0.05675781890749931,inf,5.893649578094482,1.5955028533935547
20130,nan,-0.12733887135982513,inf,15.49753475189209,-0.008274483494460583
20190,nan,0.5097376108169556,inf,3.087054967880249,17.925378799438477
20201,nan,-0.12654101848602295,inf,16.645559310913086,0.0031647682189941406
20263,nan,-0.12075228989124298,inf,10.556914329528809,0.17881619930267334
20308,nan,-0.1268024444580078,inf,14.408957481384277,0.0021386146545410156
20347,nan,0.08417274802923203,inf,4.605823993682861,5.99876594543457
20396,nan,-0.12684281170368195,inf,15.952722549438477,0.008735442534089088
20410,nan,-0.1269003003835678,inf,16.298566818237305,0.0044494629837572575
20448,nan,-0.12702874839305878,inf,19.89186668395996,0.0009127400699071586
20459,nan,-0.11467212438583374,inf,10.488741874694824,0.41834160685539246
20466,nan,-0.12624047696590424,inf,15.560953140258789,0.03798387199640274
20494,nan,-0.11279740184545517,inf,12.780658721923828,0.43869683146476746
20553,nan,-0.09318555891513824,inf,9.745972633361816,0.44145479798316956
20566,nan,-0.126443013548851,inf,11.99985122680664,0.009259319864213467
20589,nan,-0.1270420402288437,inf,20.43857765197754,5.14984130859375e-05
20612,nan,2.340940475463867,inf,3.140745162963867,33.80631637573242
20615,nan,-0.1268283873796463,inf,14.496004104614258,0.009203004650771618
20630,nan,0.7181961536407471,inf,3.566587448120117,30.752416610717773
20635,nan,-0.12773899734020233,inf,7.1269707679748535,0.3852171003818512
20660,nan,-0.11181589215993881,inf,11.060835838317871,0.2391200065612793
20666,nan,-0.12399368733167648,inf,16.53289794921875,0.13399897515773773
20718,nan,-0.13180159032344818,inf,7.3482208251953125,-0.04356956481933594
20748,nan,-0.12667632102966309,inf,14.06029987335205,0.02468581311404705
20775,nan,0.4100865423679352,inf,4.690097808837891,14.38492488861084
20850,nan,-0.10531876236200333,inf,10.107733726501465,0.6827389597892761
20854,nan,-0.12660259008407593,inf,13.09715461730957,0.01612778939306736
20859,nan,-0.12885639071464539,inf,8.472142219543457,0.008040237240493298
20860,nan,-0.12646642327308655,inf,14.154797554016113,0.018584847450256348
20863,nan,-0.12475807964801788,inf,11.45913314819336,0.04708583280444145
20867,nan,-0.12709298729896545,inf,15.345680236816406,0.0009968280792236328
20901,nan,-0.10827045887708664,inf,9.048148155212402,0.10769625008106232
20913,nan,-0.12703841924667358,inf,19.75205421447754,0.00018558502779342234
20944,nan,-0.11454305797815323,inf,8.720267295837402,0.21820317208766937
21062,nan,-0.12650834023952484,inf,16.545120239257812,0.025310326367616653
21075,nan,0.16134017705917358,inf,6.266907215118408,4.955893039703369
21079,nan,-0.12704263627529144,inf,22.668733596801758,2.243518792965915e-05
21095,nan,-0.3192923367023468,inf,5.08251428604126,-6.307381629943848
21133,nan,-0.1269671469926834,inf,16.126184463500977,0.003159856889396906
21135,nan,-0.1268758326768875,inf,13.987425804138184,0.003948736470192671
21155,nan,-0.09651501476764679,inf,6.074517726898193,-0.05843973159790039
21164,nan,-0.09600184857845306,inf,8.472975730895996,0.6865984797477722
21165,nan,-0.0679715946316719,inf,6.8893914222717285,2.3316471576690674
21219,nan,-0.127019464969635,inf,19.631622314453125,0.0010514497989788651
21250,nan,-0.12699675559997559,inf,14.651965141296387,0.0020412385929375887
21311,nan,-0.12599730491638184,inf,12.413143157958984,0.03847351297736168
21316,nan,-0.10855229198932648,inf,6.549375057220459,-0.03200559690594673
21403,nan,-0.11902429908514023,inf,10.911627769470215,0.23914428055286407
21433,nan,-0.12650226056575775,inf,16.127225875854492,0.014785665087401867
21522,nan,-0.12704330682754517,inf,29.233062744140625,0.0
21564,nan,0.24260881543159485,inf,4.783334732055664,8.904242515563965
21602,nan,-0.06860670447349548,inf,6.258666038513184,1.4577728509902954
21604,nan,-0.12386081367731094,inf,9.850143432617188,0.08063529431819916
21666,nan,-0.1274426430463791,inf,17.74833106994629,-0.007529258728027344
21706,nan,-0.12726828455924988,inf,16.248464584350586,-0.004981029313057661
21757,nan,0.030983125790953636,inf,7.272552013397217,5.450226783752441
21805,nan,-0.12703832983970642,inf,18.922229766845703,0.00019888878159690648
21815,nan,0.020447222515940666,inf,6.91839599609375,2.2873709201812744
21829,nan,-0.1473916918039322,inf,7.202450752258301,-0.36324071884155273
21835,nan,-0.12651216983795166,inf,13.742655754089355,0.012769746594130993
21850,nan,-0.12676839530467987,inf,12.973971366882324,0.006490516941994429
21853,nan,2.4044597148895264,inf,3.114678144454956,46.045799255371094
21890,nan,-0.12686435878276825,inf,13.301152229309082,0.0047699930146336555
21916,nan,-0.1085965558886528,inf,8.881407737731934,0.7978197932243347
21952,nan,-0.12704062461853027,inf,18.8701229095459,0.00011177063424838707
22012,nan,-0.12232722342014313,inf,8.793692588806152,0.14025245606899261
22037,nan,-0.12666986882686615,inf,14.189600944519043,0.014664173126220703
22045,nan,-0.12830494344234467,inf,12.858194351196289,-0.023560905829072
22050,nan,-0.12683191895484924,inf,8.744037628173828,0.13223648071289062
22097,nan,-0.1261596530675888,inf,12.093727111816406,0.017764747142791748
22109,nan,-0.1292816400527954,inf,9.686774253845215,-0.05588578060269356
22248,nan,-0.12664079666137695,inf,13.178934097290039,0.016811752691864967
22254,nan,-0.12563514709472656,inf,15.388925552368164,0.054766274988651276
22274,nan,-0.04116486385464668,inf,9.453695297241211,0.5608095526695251
22363,nan,-0.0749395340681076,inf,6.339791774749756,1.188725471496582
22385,nan,-0.12704209983348846,inf,19.438535690307617,3.9720536733511835e-05
22421,nan,-0.07589050382375717,inf,8.702518463134766,1.540218710899353
22446,nan,-0.1262417882680893,inf,12.22751522064209,0.017648983746767044
22458,nan,-0.09997387230396271,inf,7.581577301025391,0.4972076117992401
22475,nan,-0.12464965879917145,inf,12.276179313659668,0.05504722520709038
22490,nan,-0.12646770477294922,inf,15.628775596618652,0.011563682928681374
22523,nan,-0.12657231092453003,inf,14.14618968963623,0.015425348654389381
22530,nan,-0.12704186141490936,inf,21.55954360961914,7.095337059581652e-05
22587,nan,-0.12703818082809448,inf,20.515039443969727,0.00024309159198310226
22696,nan,-0.14093375205993652,inf,8.03635311126709,0.17742930352687836
22702,nan,0.7422254681587219,inf,6.986240386962891,4.250821113586426
22706,nan,-0.12584742903709412,inf,12.810172080993652,0.04547552764415741
22754,nan,-0.05366697907447815,inf,5.454553604125977,3.7193315029144287
22773,nan,-0.1270216554403305,inf,18.592618942260742,0.0008359909406863153
22778,nan,-0.12711063027381897,inf,17.219589233398438,-0.001227903412654996
22839,nan,-0.12704282999038696,inf,24.258514404296875,2.1743775505456142e-05
22872,nan,-0.026495588943362236,inf,5.605033874511719,2.9967401027679443
22881,nan,-0.11004165560007095,inf,9.166732788085938,0.17497439682483673
22901,nan,-0.03279921039938927,inf,7.212179660797119,2.5815556049346924
22909,nan,-0.05478455498814583,inf,7.582798004150391,1.9431222677230835
22926,nan,0.0771113857626915,inf,7.7281928062438965,3.1594607830047607
22983,nan,-0.11261414736509323,inf,8.399846076965332,0.23442240059375763
23022,nan,-0.043289702385663986,inf,8.314865112304688,1.9156125783920288
23037,nan,-0.1240239143371582,inf,10.278820991516113,0.0782865509390831
23088,nan,-0.1282171607017517,inf,6.7039690017700195,-0.11333175003528595
23093,nan,-0.12500616908073425,inf,15.817558288574219,0.01590491645038128
23127,nan,-0.12597326934337616,inf,9.22480297088623,0.0035702704917639494
23150,nan,-0.12577871978282928,inf,17.3632755279541,0.04117250442504883
23180,nan,-0.12678995728492737,inf,11.608243942260742,0.0068798065185546875
23183,nan,-0.06740214675664902,inf,11.42691707611084,0.40466490387916565
23250,nan,-0.004593080375343561,inf,7.695361614227295,2.533921003341675
23304,nan,-0.1271672248840332,inf,15.600374221801758,0.001966858049854636
23305,nan,-0.12681953608989716,inf,16.156652450561523,0.011435127817094326
23308,nan,-0.1161012277007103,inf,11.1537504196167,0.524537205696106
23321,nan,0.029812270775437355,inf,6.15042781829834,3.53985857963562
23346,nan,-0.1154908761382103,inf,6.557961463928223,0.4332044720649719
23362,nan,0.055886100977659225,inf,6.396633625030518,3.2515602111816406
23405,nan,-0.12046024948358536,inf,9.877833366394043,0.1187218427658081
23409,nan,-0.1269138902425766,inf,16.169937133789062,0.0030633569695055485
23430,nan,-0.03746633231639862,inf,6.527366638183594,2.2472622394561768
23488,nan,-0.11648809909820557,inf,11.580977439880371,0.3004169464111328
23506,nan,-0.11347974836826324,inf,13.141173362731934,0.14561977982521057
23590,nan,0.006821019109338522,inf,10.54233455657959,0.6395150423049927
23641,nan,0.030351907014846802,inf,10.151150703430176,3.8548202514648438
23675,nan,-0.1272597759962082,inf,15.816858291625977,-0.006093883421272039
23791,nan,-0.06302791088819504,inf,10.428706169128418,1.835684061050415
23802,nan,-0.12704257667064667,inf,20.86686134338379,2.307891918462701e-05
23804,nan,-0.12702032923698425,inf,16.862213134765625,0.0012907028431072831
23819,nan,-0.12284208834171295,inf,12.68622875213623,0.11641693115234375
23837,nan,-0.13054944574832916,inf,18.485477447509766,-0.16765880584716797
23866,nan,-0.12724992632865906,inf,13.133624076843262,0.007151699159294367
23884,nan,-0.12640772759914398,inf,13.722834587097168,0.007861328311264515
23885,nan,-0.12692968547344208,inf,17.10070037841797,0.0034641267266124487
23925,nan,-0.1270400434732437,inf,22.94722557067871,0.00015125275240279734
23951,nan,-0.12699156999588013,inf,14.178009033203125,0.002909803530201316
23956,nan,0.0698372945189476,inf,6.223710536956787,5.133908271789551
23975,nan,-0.1256638765335083,inf,11.141692161560059,0.014115095138549805
24014,nan,0.050359707325696945,inf,6.822618007659912,4.733752727508545
24018,nan,2.0855376720428467,inf,2.9679410457611084,55.674312591552734
24027,nan,-0.1266307681798935,inf,10.920524597167969,0.03603854402899742
24038,nan,-0.061159152537584305,inf,10.054259300231934,0.7423319220542908
24072,nan,-0.12104874849319458,inf,16.814884185791016,0.2894933521747589
24087,nan,-0.1149262934923172,inf,10.2277250289917,0.3444456160068512
24145,nan,0.06883914768695831,inf,4.0215840339660645,3.0425145626068115
24146,nan,-0.10523491352796555,inf,7.880351543426514,0.5353222489356995
24204,nan,-0.11473299562931061,inf,10.692591667175293,0.40694642066955566
24211,nan,-0.13250552117824554,inf,14.441327095031738,-0.1474464386701584
24227,nan,-0.12698419392108917,inf,18.638370513916016,0.0026697160210460424
24234,nan,-0.12440790981054306,inf,14.042512893676758,0.09407614916563034
24266,nan,0.1293552815914154,inf,7.014294624328613,3.739225387573242
24281,nan,-0.12609539926052094,inf,12.246149063110352,0.012318707071244717
24285,nan,3.2548940181732178,inf,3.0108730792999268,65.02001190185547
24302,nan,-0.1219978928565979,inf,10.258848190307617,0.044387102127075195
24307,nan,0.20250849425792694,inf,6.251587867736816,5.643716335296631
24316,nan,-0.1269107311964035,inf,17.098600387573242,0.006216788198798895
24324,nan,-0.12702323496341705,inf,18.88405990600586,0.0006117820739746094
24349,nan,-0.12695643305778503,inf,22.03143310546875,0.0007604599231854081
24404,nan,-0.13662423193454742,inf,8.797675132751465,0.08218922466039658
24486,nan,-0.12700098752975464,inf,13.251190185546875,0.0012907624477520585
24487,nan,-0.1256885677576065,inf,11.298299789428711,0.03831976279616356
24495,nan,-0.1270437091588974,inf,19.85552978515625,-8.344650268554688e-06
24519,nan,-0.12457410246133804,inf,10.549132347106934,0.03657932206988335
24527,nan,-0.12295025587081909,inf,14.586714744567871,0.15457038581371307
24538,nan,-0.1266007274389267,inf,12.23682975769043,-0.0050903321243822575
24552,nan,-0.12338455766439438,inf,14.924880027770996,0.07061386108398438
24590,nan,-0.11874108761548996,inf,8.564468383789062,0.1512010544538498
24605,nan,-0.1274862289428711,inf,13.978889465332031,-0.006573391146957874
24606,nan,-0.127042755484581,inf,19.770248413085938,2.613067590573337e-05
24609,nan,-0.12300878763198853,inf,11.310511589050293,0.05805196985602379
24634,nan,0.0519084632396698,inf,4.841833114624023,2.6263909339904785
24636,nan,-0.06994818896055222,inf,7.948462963104248,0.9738385081291199
24637,nan,-0.12704679369926453,inf,17.716581344604492,-3.3926964533748105e-05
24642,nan,-0.10724490880966187,inf,7.001527309417725,0.5661827921867371
24659,nan,-0.1270158737897873,inf,16.038663864135742,0.0013298034900799394
24674,nan,-0.12688495218753815,inf,15.34479808807373,0.003554105758666992
24693,nan,-0.11042531579732895,inf,9.687289237976074,0.3236047923564911
24767,nan,-0.12697039544582367,inf,11.233928680419922,0.0015986800426617265
24779,nan,-0.09343330562114716,inf,9.464214324951172,1.0595616102218628
24780,nan,-0.1268780380487442,inf,12.704268455505371,0.005429905839264393
24798,nan,-0.10430026054382324,inf,7.972960948944092,0.30343571305274963
24814,nan,-0.11057677119970322,inf,9.643948554992676,0.32489481568336487
24816,nan,-0.12855449318885803,inf,16.171377182006836,-0.0631784126162529
24858,nan,-0.057991452515125275,inf,9.226777076721191,2.937721014022827
24863,nan,-0.12195668369531631,inf,9.7484769821167,0.07645530998706818
24894,nan,-0.11837291717529297,inf,10.631730079650879,0.2734447419643402
24944,nan,-0.12703131139278412,inf,17.170860290527344,0.0003090858517680317
24951,nan,0.08700928092002869,inf,5.694519996643066,2.765916585922241
24956,nan,-0.0901450589299202,inf,7.843984127044678,0.8585039377212524
24967,nan,-0.12690505385398865,inf,13.497153282165527,0.00523486128076911
25048,nan,0.030664389953017235,inf,5.852065086364746,2.7723350524902344
25072,nan,-0.12025274336338043,inf,8.818656921386719,0.12175102531909943
25080,nan,-0.12543466687202454,inf,13.714398384094238,0.04395146295428276
25192,nan,-0.07569847255945206,inf,8.566781997680664,1.1330503225326538
25203,nan,-0.12727758288383484,inf,10.136183738708496,0.01547939796000719
25204,nan,-0.12498575448989868,inf,11.100662231445312,0.0427371971309185
25267,nan,-0.12704068422317505,inf,26.472476959228516,0.00012502670870162547
25291,nan,-0.11350543797016144,inf,10.370976448059082,0.3007674217224121
25319,nan,-0.1332678347826004,inf,7.9678053855896,-0.20828810334205627
25324,nan,-0.12702517211437225,inf,19.95777130126953,0.0007638454553671181
25333,nan,-0.1269768923521042,inf,18.22234344482422,0.0027387619484215975
25339,nan,3.3382186889648438,inf,0.2214922159910202,80.85733032226562
25351,nan,-0.12802909314632416,inf,14.711377143859863,-0.007982159033417702
25373,nan,-0.1268492192029953,inf,15.387410163879395,0.007793092634528875
25388,nan,-0.11014628410339355,inf,12.903816223144531,0.3096640706062317
25402,nan,-0.12607739865779877,inf,11.325339317321777,0.032259680330753326
25412,nan,-0.09297934919595718,inf,8.89521312713623,1.6289646625518799
25423,nan,-0.04368589445948601,inf,8.861830711364746,2.2530014514923096
25439,nan,0.03774333745241165,inf,7.7282257080078125,3.5787322521209717
25441,nan,-0.1269865483045578,inf,17.07381820678711,0.002224147319793701
25478,nan,-0.12687665224075317,inf,16.254011154174805,0.005204391665756702
25545,nan,-0.12397249788045883,inf,12.709185600280762,0.10608883202075958
25581,nan,-0.1366802304983139,inf,9.7083158493042,-0.1656857579946518
25598,nan,-0.1175154447555542,inf,9.4500150680542,0.19565868377685547
25635,nan,-0.03506384417414665,inf,8.335009574890137,2.109929323196411
25645,nan,-0.12694470584392548,inf,15.78166675567627,0.0029439926147460938
25689,nan,-0.12704023718833923,inf,24.114519119262695,8.611976954853162e-05
25706,nan,-0.1270618438720703,inf,16.56908416748047,-3.924369957530871e-05
25794,nan,-0.11964678764343262,inf,8.553353309631348,-0.20383940637111664
25857,nan,-0.09381113946437836,inf,9.008814811706543,0.7457107901573181
25875,nan,-0.12596729397773743,inf,10.192145347595215,0.02817993238568306
25895,nan,-0.07605587691068649,inf,7.687077522277832,0.9158344268798828
25897,nan,0.12501631677150726,inf,5.793035507202148,6.503406524658203
25956,nan,0.7400695085525513,inf,3.752918004989624,21.05394172668457
25965,nan,-0.08559297025203705,inf,5.885056495666504,1.4077266454696655
25998,nan,0.11730889230966568,inf,5.426570415496826,7.914454936981201
26025,nan,-0.13928106427192688,inf,9.049725532531738,-0.21363888680934906
26056,nan,-0.12441030889749527,inf,12.073792457580566,0.07204752415418625
26113,nan,0.659031867980957,inf,4.774876117706299,19.513076782226562
26162,nan,-0.126307412981987,inf,13.35435962677002,0.028983497992157936
26188,nan,-0.14713957905769348,inf,8.587369918823242,-0.5182995200157166
26194,nan,-0.12596657872200012,inf,11.95970344543457,0.03365227207541466
26210,nan,1.3774951696395874,inf,3.8365089893341064,32.0102424621582
26211,nan,-0.12704430520534515,inf,19.54354476928711,8.307397365570068e-07
26238,nan,-0.09273412823677063,inf,10.43709945678711,0.2352878600358963
26274,nan,-0.1270420402288437,inf,21.686405181884766,7.61032133596018e-05
26276,nan,-0.12651889026165009,inf,17.07221031188965,0.024607181549072266
26337,nan,-0.12712576985359192,inf,15.462106704711914,-0.0034648894798010588
26346,nan,-0.12249970436096191,inf,12.19086742401123,0.1507408171892166
26359,nan,-0.12652860581874847,inf,13.145914077758789,0.010633612051606178
26386,nan,-0.12623639404773712,inf,10.88903522491455,0.16215276718139648
26398,nan,-0.10006707906723022,inf,7.991307735443115,1.1678436994552612
26408,nan,-0.12663455307483673,inf,10.864334106445312,0.028293132781982422
26425,nan,0.08283939212560654,inf,4.90880823135376,6.7323198318481445
26522,nan,0.492143452167511,inf,4.645451545715332,12.426796913146973
26543,nan,-0.1197102889418602,inf,10.533456802368164,0.19447937607765198
26615,nan,-0.1270425170660019,inf,21.951017379760742,2.8705597287626006e-05
26617,nan,-0.12656894326210022,inf,17.21851921081543,0.013660860247910023
26645,nan,-0.1270412802696228,inf,18.65285301208496,6.227493577171117e-05
26718,nan,-0.1270132213830948,inf,15.003302574157715,0.0009013176313601434
26762,nan,-0.12703068554401398,inf,14.912039756774902,0.00042269230470992625
26767,nan,-0.12703855335712433,inf,15.455451965332031,0.0003461361047811806
26835,nan,0.1492525339126587,inf,5.300525665283203,4.779751300811768
26839,nan,-0.12704330682754517,inf,37.03513717651367,0.0
26853,nan,-0.1255483478307724,inf,13.084965705871582,0.049866389483213425
26869,nan,0.30791476368904114,inf,4.756350040435791,8.236971855163574
26879,nan,-0.12704290449619293,inf,21.72711181640625,2.86102294921875e-05
26880,nan,-0.12264633178710938,inf,9.53445053100586,0.1064474806189537
26894,nan,0.04569360986351967,inf,5.630401611328125,2.838827610015869
26902,nan,-0.12656107544898987,inf,14.91351318359375,0.01643965020775795
27009,nan,-0.12704545259475708,inf,19.41786003112793,-0.00011482238915050402
27015,nan,-0.05940818414092064,inf,8.802102088928223,0.8567548990249634
27026,nan,0.011746248230338097,inf,7.061477184295654,2.1563189029693604
27029,nan,-0.12698565423488617,inf,15.986480712890625,0.001689648604951799
27165,nan,-0.12696288526058197,inf,12.657557487487793,0.01794262044131756
27236,nan,-0.12704287469387054,inf,20.383169174194336,1.800060272216797e-05
27280,nan,-0.12700678408145905,inf,21.14472198486328,0.0012126922374591231
27281,nan,-0.12647990882396698,inf,14.196382522583008,0.011743969283998013
27282,nan,-0.1272573322057724,inf,6.041025161743164,0.06891392916440964
27290,nan,0.01605369709432125,inf,6.876745700836182,4.166545867919922
27302,nan,-0.12717373669147491,inf,14.243708610534668,-0.005611896514892578
27339,nan,-0.12698553502559662,inf,22.4500789642334,0.0019422530895099044
27358,nan,0.12044935673475266,inf,4.777315616607666,6.314591884613037
27375,nan,-0.286799818277359,inf,7.966989994049072,-4.036838054656982
27434,nan,-0.14574004709720612,inf,7.148584842681885,-0.001805210136808455
27493,nan,-0.1268654763698578,inf,13.782856941223145,0.005824232008308172
27500,nan,-0.12755490839481354,inf,15.852328300476074,-0.0028167725540697575
27530,nan,-0.1263590157032013,inf,14.928006172180176,0.025940513238310814
27547,nan,-0.12688177824020386,inf,14.975418090820312,0.005282402038574219
27596,nan,-0.1270400583744049,inf,22.869787216186523,3.929138256353326e-05
27618,nan,-0.1220986396074295,inf,15.685879707336426,0.08944099396467209
27620,nan,0.4367538094520569,inf,5.6359100341796875,10.777043342590332
27708,nan,-0.12337370216846466,inf,13.555663108825684,0.147367462515831
27736,nan,-0.09725074470043182,inf,11.045262336730957,1.3896337747573853
27743,nan,-0.1264820098876953,inf,13.163530349731445,0.018458176404237747
27765,nan,-0.12673266232013702,inf,13.392743110656738,0.014493370428681374
27766,nan,0.27576035261154175,inf,5.383315086364746,7.02050256729126
27829,nan,-0.0931711420416832,inf,7.2725725173950195,0.5233482122421265
27846,nan,-0.12704329192638397,inf,21.305004119873047,3.129243850708008e-06
27865,nan,0.18834517896175385,inf,6.335134983062744,10.530547142028809
27871,nan,-0.18846844136714935,inf,5.9884185791015625,5.6257853507995605
27872,nan,-0.13911163806915283,inf,8.71332836151123,-0.20814399421215057
27905,nan,-0.12270566076040268,inf,11.052508354187012,0.07955589145421982
27907,nan,-0.12697798013687134,inf,18.37784194946289,0.0025350512005388737
27935,nan,-0.03891248628497124,inf,7.20916223526001,2.5279734134674072
27946,nan,0.26472747325897217,inf,8.752361297607422,8.404438018798828
28032,nan,-0.11652957648038864,inf,8.285052299499512,0.18813447654247284
28059,nan,-0.0009247210109606385,inf,6.420241832733154,0.5391023755073547
28088,nan,-0.12031016498804092,inf,9.464422225952148,0.15566125512123108
28157,nan,-0.12342678755521774,inf,9.916718482971191,0.13568483293056488
28159,nan,-0.12773804366588593,inf,18.917387008666992,-0.013348007574677467
28231,nan,-0.12681518495082855,inf,17.218244552612305,0.007375395391136408
28235,nan,-0.12020199745893478,inf,11.7625093460083,0.20450077950954437
28236,nan,-0.0454445444047451,inf,8.592439651489258,2.292856454849243
28249,nan,0.6263015270233154,inf,4.244639873504639,14.107583999633789
28303,nan,-0.12690401077270508,inf,14.872283935546875,0.00420379638671875
28332,nan,0.032644953578710556,inf,9.141623497009277,4.62776517868042
28338,nan,-0.046064384281635284,inf,7.091403484344482,2.1236965656280518
28392,nan,-0.12565164268016815,inf,12.195024490356445,0.04307098314166069
28460,nan,-0.0647435411810875,inf,13.293173789978027,2.419527053833008
28482,nan,-0.04692723602056503,inf,7.731372833251953,1.3733634948730469
28511,nan,-0.08898244053125381,inf,9.86435604095459,1.328834056854248
28512,nan,0.06624001264572144,inf,4.638037204742432,7.008445739746094
28596,nan,-0.12992505729198456,inf,8.33912181854248,0.048127900809049606
28637,nan,-0.10954251140356064,inf,10.9527587890625,0.09466152638196945
28690,nan,-0.21237745881080627,inf,4.780555725097656,1.0541908740997314
28711,nan,-0.10141807794570923,inf,10.200705528259277,0.6687799692153931
28714,nan,-0.11203993856906891,inf,10.625991821289062,0.4403596818447113
28733,nan,-0.12717656791210175,inf,8.821921348571777,0.036621641367673874
28881,nan,-0.1262977123260498,inf,12.166247367858887,0.028651868924498558
28890,nan,-0.12703806161880493,inf,19.662687301635742,0.0002130508510163054
28933,nan,-0.10457053035497665,inf,8.306645393371582,0.5111121535301208
28950,nan,-0.1270424723625183,inf,21.48373794555664,3.2949446904240176e-05
28960,nan,-0.1270977109670639,inf,19.071950912475586,-0.0007606506696902215
28964,nan,-0.12150432169437408,inf,11.527091026306152,0.10718367248773575
29010,nan,-0.12703898549079895,inf,17.900449752807617,0.00018858909606933594
29019,nan,-0.12726067006587982,inf,13.3470458984375,-0.007498645689338446
29058,nan,-0.1208515539765358,inf,10.157318115234375,0.23407593369483948
29079,nan,0.5032098293304443,inf,1.5311226844787598,30.73948097229004
29100,nan,-0.11442787945270538,inf,8.209534645080566,0.011340511031448841
29110,nan,-0.12704171240329742,inf,23.475893020629883,9.559393220115453e-05
29176,nan,-0.12260758131742477,inf,11.93191146850586,0.083099365234375
29203,nan,-0.12701670825481415,inf,17.035470962524414,0.0011675357818603516
29218,nan,-0.12703529000282288,inf,16.297252655029297,0.0002816200430970639
29221,nan,0.013631010428071022,inf,5.70601749420166,1.7159479856491089
29381,nan,0.39363017678260803,inf,5.2119832038879395,15.94507122039795
29432,nan,-0.12698224186897278,inf,14.868308067321777,0.00332050328142941
29443,nan,-0.12157948315143585,inf,10.16153621673584,0.13747434318065643
29460,nan,-0.12472101300954819,inf,6.881462097167969,0.0036564827896654606
29481,nan,0.8403388261795044,inf,4.605628967285156,15.627591133117676
29482,nan,-0.1270478218793869,inf,19.395795822143555,-5.636215428239666e-05
29509,nan,-0.09777382761240005,inf,6.79320764541626,1.2445687055587769
29512,nan,-0.1270884871482849,inf,16.38249969482422,-0.001025390694849193
29522,nan,-0.12269514054059982,inf,12.046648979187012,0.1342148333787918
29544,nan,-0.12611855566501617,inf,12.563265800476074,0.022765064612030983
29554,nan,-0.12847228348255157,inf,8.861430168151855,-0.027621937915682793
29572,nan,-0.017329534515738487,inf,4.817537307739258,0.5693339109420776
29618,nan,-0.12638267874717712,inf,12.77109432220459,0.019518613815307617
29657,nan,-0.07484779506921768,inf,8.87248706817627,0.6065919995307922
29666,nan,0.13246481120586395,inf,5.2236857414245605,5.0594329833984375
29673,nan,-0.12690436840057373,inf,17.520565032958984,0.0027844428550451994
29748,nan,0.2516878843307495,inf,4.9514479637146,12.245384216308594
29784,nan,-0.12426493316888809,inf,12.102499961853027,0.08182334899902344
29786,nan,-0.12702398002147675,inf,20.023075103759766,0.0009029626962728798
29810,nan,-0.12834100425243378,inf,12.043306350708008,-0.030914729461073875
29819,nan,-0.12698137760162354,inf,15.187291145324707,0.0018737077480182052
29856,nan,-0.12570135295391083,inf,12.380389213562012,0.012284851633012295
29865,nan,-0.1583513468503952,inf,7.272061824798584,0.20657019317150116
29895,nan,-0.04318166524171829,inf,7.513741493225098,2.609602212905884
29900,nan,1.1255717277526855,inf,2.959796667098999,33.88789367675781
30083,nan,-0.12559203803539276,inf,12.384530067443848,0.037513017654418945
30142,nan,-0.08793707191944122,inf,7.518148899078369,0.48680683970451355
30145,nan,-0.1270378679037094,inf,18.231977462768555,0.00028498173924162984
30149,nan,-0.11155197769403458,inf,8.299700736999512,0.4181947708129883
30151,nan,-0.12169736623764038,inf,10.427177429199219,0.13622799515724182
30164,nan,-0.016037439927458763,inf,7.409951686859131,0.6719232797622681
30193,nan,-0.13368116319179535,inf,10.6890287399292,-0.09916191548109055
30221,nan,-0.08647341281175613,inf,9.64126968383789,1.15187406539917
30316,nan,-0.013608838431537151,inf,6.570578098297119,1.2462764978408813
30328,nan,-0.1268564909696579,inf,15.324258804321289,0.006249904632568359
30334,nan,-0.11494932323694229,inf,11.462611198425293,0.24139049649238586
30340,nan,-0.12241937220096588,inf,12.961687088012695,0.21725264191627502
30357,nan,2.538496732711792,inf,2.89909029006958,44.83601760864258
30371,nan,0.031186996027827263,inf,7.205448150634766,1.4389982223510742
30387,nan,-0.10837205499410629,inf,8.573872566223145,0.5480387806892395
30393,nan,-0.12525403499603271,inf,10.679414749145508,0.05357208475470543
30440,nan,-0.12704207003116608,inf,20.868318557739258,4.7302248276537284e-05
30451,nan,-0.11324142664670944,inf,12.536735534667969,0.4393169581890106
30512,nan,-0.13824032247066498,inf,9.735068321228027,-0.21024253964424133
30532,nan,-0.12397982180118561,inf,10.397686958312988,0.11501532047986984
30553,nan,-0.12588873505592346,inf,8.960780143737793,0.048473406583070755
30576,nan,-0.05524040013551712,inf,7.396283149719238,1.4708112478256226
30594,nan,-0.12700532376766205,inf,15.742828369140625,0.0011507034068927169
30615,nan,0.1539020985364914,inf,8.582222938537598,7.089241027832031
30709,nan,-0.11466195434331894,inf,8.26795482635498,0.21271030604839325
30774,nan,-0.019072478637099266,inf,9.877842903137207,1.4127010107040405
30800,nan,-0.12940560281276703,inf,12.868704795837402,-0.06830692291259766
30846,nan,-0.1270415484905243,inf,21.493484497070312,8.258819434558973e-05
30862,nan,-0.12673141062259674,inf,14.088305473327637,0.00996696949005127
30909,nan,-0.12704966962337494,inf,18.77921485900879,-0.0001409530668752268
30957,nan,-0.1270013451576233,inf,15.857562065124512,0.0006352901691570878
30984,nan,-0.1269833892583847,inf,15.293028831481934,0.002761363983154297
31050,nan,-0.1270429939031601,inf,26.249032974243164,1.449584942747606e-05
31156,nan,-0.12683095037937164,inf,12.993803977966309,0.00843424815684557
31177,nan,-0.12695413827896118,inf,16.950931549072266,0.0041069029830396175
31213,nan,-0.12703798711299896,inf,14.95398998260498,-0.00023155809321906418
31232,nan,-0.12870991230010986,inf,9.866909980773926,-0.03245878219604492
31250,nan,-0.12703773379325867,inf,15.897048950195312,4.4345855712890625e-05
31259,nan,-0.09912880510091782,inf,8.382832527160645,0.7969189882278442
31297,nan,-0.12792086601257324,inf,13.095210075378418,-0.01610286347568035
31361,nan,-0.1270432323217392,inf,23.04654312133789,1.62124638336536e-06
31410,nan,-0.12702125310897827,inf,15.115748405456543,0.0009819507831707597
31437,nan,-0.10224077850580215,inf,9.816588401794434,0.6520878076553345
31477,nan,-0.2594011127948761,inf,6.474796295166016,-2.760749101638794
31481,nan,-0.12367510050535202,inf,9.614428520202637,0.11578845977783203
31506,nan,-0.12675701081752777,inf,14.011858940124512,0.007886886596679688
31508,nan,-0.1267641931772232,inf,14.205513000488281,0.006374263670295477
31601,nan,-0.12639227509498596,inf,11.618029594421387,0.01252660807222128
31607,nan,4.0297651290893555,inf,2.2531368732452393,82.39514923095703
31635,nan,-0.12375830858945847,inf,15.106085777282715,0.11783064901828766
31690,nan,1.4881609678268433,inf,3.171555757522583,27.239240646362305
31701,nan,-0.12675003707408905,inf,14.01523494720459,0.010040379129350185
31703,nan,-0.1270224153995514,inf,15.89487361907959,0.00023326874361373484
31753,nan,-0.12703612446784973,inf,17.6426944732666,0.00018157959857489914
31773,nan,-0.1270851343870163,inf,17.516725540161133,0.00017898083024192601
31809,nan,-0.12703508138656616,inf,17.10637664794922,0.00040721893310546875
31820,nan,-0.12704330682754517,inf,24.17829704284668,-2.6226044269606064e-07
31829,nan,1.6583830118179321,inf,4.623946666717529,49.2833137512207
31904,nan,-0.0918910875916481,inf,8.324972152709961,1.041717767715454
32018,nan,-0.12351106852293015,inf,11.089092254638672,0.11351773887872696
32027,nan,-0.09618435800075531,inf,9.477084159851074,0.3395276665687561
32043,nan,-0.08952219784259796,inf,7.751336574554443,0.7143918871879578
32077,nan,-0.12541712820529938,inf,11.840258598327637,0.026366090402007103
32151,nan,-0.11744888871908188,inf,9.298600196838379,0.2774549424648285
32179,nan,-0.07049878686666489,inf,9.531859397888184,0.43677303194999695
32198,nan,0.10851454734802246,inf,5.986146450042725,6.110559940338135
32251,nan,-0.12704233825206757,inf,18.2603816986084,3.280639793956652e-05
32267,nan,0.19383597373962402,inf,5.390054225921631,9.835049629211426
32269,nan,-0.12707006931304932,inf,18.364273071289062,0.029729176312685013
32307,nan,-0.12142957746982574,inf,11.065279960632324,0.15106463432312012
32324,nan,-0.12683922052383423,inf,16.06356430053711,0.004269695375114679
32357,nan,0.01986081153154373,inf,4.861493110656738,3.9235455989837646
32362,nan,-0.12768079340457916,inf,16.943017959594727,-0.0036669732071459293
32388,nan,-0.11630392074584961,inf,10.405031204223633,0.24569492042064667
32404,nan,-0.005619947798550129,inf,10.579197883605957,5.286742210388184
32422,nan,-0.04649410769343376,inf,7.161866188049316,1.6898983716964722
32481,nan,-0.11944621056318283,inf,7.438640117645264,0.2027134895324707
32517,nan,-0.12485978752374649,inf,10.460604667663574,0.1928550750017166
32558,nan,-0.10062157362699509,inf,6.154407978057861,1.4252842664718628
32560,nan,-0.12704376876354218,inf,19.758155822753906,0.0001630306214792654
32577,nan,-0.05526132509112358,inf,7.171199798583984,2.4057466983795166
32586,nan,-0.0793115571141243,inf,5.636359214782715,0.1672438681125641
32589,nan,-0.1269976943731308,inf,21.57330894470215,0.0011335372691974044
32628,nan,-0.12722420692443848,inf,17.38496208190918,-0.005133533384650946
32666,nan,-0.1266583502292633,inf,11.681960105895996,-0.002151966094970703
32675,nan,-0.12662288546562195,inf,11.304481506347656,0.016949845477938652
32685,nan,-0.12704302370548248,inf,19.785741806030273,2.212524486822076e-05
32686,nan,-0.12703870236873627,inf,14.568002700805664,0.00032753945561125875
32688,nan,-0.12690533697605133,inf,16.490036010742188,0.0036940574645996094
32733,nan,-0.12706105411052704,inf,18.062833786010742,-0.0003214716853108257
32738,nan,-0.12658818066120148,inf,10.927857398986816,0.02976532094180584
32768,nan,-0.139186829328537,inf,9.768930435180664,-0.0047584534622728825
32775,nan,-0.10287953913211823,inf,9.672618865966797,0.3284498155117035
32793,nan,1.7762788534164429,inf,3.738917589187622,42.935237884521484
32848,nan,-0.12698735296726227,inf,18.362598419189453,0.0011391639709472656
32857,nan,-0.12677544355392456,inf,16.12909698486328,0.013003433123230934
32871,nan,-0.12122412025928497,inf,15.324447631835938,0.10675523430109024
32902,nan,-0.12708422541618347,inf,23.199871063232422,-0.0002191543608205393
32965,nan,-0.15544070303440094,inf,5.392554759979248,-0.4453732669353485
33016,nan,-0.11074437201023102,inf,7.830994606018066,0.23906826972961426
33094,nan,-0.1383802741765976,inf,11.001139640808105,-0.29556795954704285
33117,nan,-0.12702955305576324,inf,18.214948654174805,0.0003638267517089844
33146,nan,-0.1286478489637375,inf,14.24127197265625,-0.044297125190496445
33256,nan,-0.11886411905288696,inf,12.337210655212402,0.09794764965772629
33344,nan,-0.1232965812087059,inf,11.344181060791016,0.12273936718702316
33378,nan,-0.06826051324605942,inf,10.41867446899414,2.680643081665039
33388,nan,-0.12703090906143188,inf,17.686119079589844,0.00016541480727028102
33405,nan,-0.011546866968274117,inf,7.947385311126709,2.1497228145599365
33412,nan,-0.10774611681699753,inf,10.603058815002441,0.3908247947692871
33416,nan,-0.12644074857234955,inf,12.166300773620605,0.018851948902010918
33430,nan,-0.08458759635686874,inf,7.455402374267578,1.1748088598251343
33431,nan,-0.09174666553735733,inf,8.670561790466309,0.2843801975250244
33463,nan,-0.12702368199825287,inf,15.65799617767334,0.0006501197931356728
33465,nan,-0.1272294521331787,inf,17.44724464416504,-0.004505205433815718
33571,nan,-0.12583202123641968,inf,13.734468460083008,0.03856103494763374
33575,nan,0.5234822034835815,inf,6.918819427490234,20.490798950195312
33641,nan,-0.12262443453073502,inf,10.93845272064209,0.1218918114900589
33645,nan,-0.12696489691734314,inf,11.185942649841309,0.09596671909093857
33655,nan,-0.3556227385997772,inf,5.99957799911499,-4.294970989227295
33674,nan,-0.007672645151615143,inf,5.843040466308594,1.0829898118972778
33694,nan,0.2791878283023834,inf,6.009822845458984,13.449376106262207
33732,nan,-0.07594826072454453,inf,6.644753932952881,2.060692548751831
33762,nan,0.11744910478591919,inf,6.335484981536865,5.131801128387451
33784,nan,-0.12704282999038696,inf,21.826419830322266,1.773834264895413e-05
33814,nan,-0.12862826883792877,inf,9.105388641357422,-0.05628208443522453
33899,nan,-0.12629234790802002,inf,17.3659725189209,0.004976129624992609
33971,nan,0.004052804317325354,inf,7.675313472747803,4.101742744445801
34017,nan,-0.11099185794591904,inf,8.125791549682617,0.5631874799728394
34024,nan,-0.1266588419675827,inf,16.32733154296875,0.01972818374633789
34086,nan,-0.11811679601669312,inf,10.81298542022705,0.7661994695663452
34117,nan,-0.12702582776546478,inf,19.864965438842773,0.0008244276395998895
34150,nan,0.19431649148464203,inf,5.938196182250977,6.00742769241333
34180,nan,-0.1269885003566742,inf,17.62264060974121,0.0017434119945392013
34201,nan,-0.09193382412195206,inf,13.019932746887207,1.1412099599838257
34207,nan,-0.12537239491939545,inf,19.336578369140625,0.08049874007701874
34226,nan,-0.09809131175279617,inf,8.533437728881836,0.29225286841392517
34240,nan,0.47867169976234436,inf,5.308374881744385,13.873026847839355
34246,nan,1.8308032751083374,inf,2.1515748500823975,43.191001892089844
34247,nan,-0.0036065794993191957,inf,8.723451614379883,2.7224552631378174
34373,nan,-0.12704329192638397,inf,26.245237350463867,1.9073486612342094e-07
34425,nan,-0.12672756612300873,inf,14.599902153015137,0.007561087608337402
34428,nan,-0.050332989543676376,inf,8.042367935180664,1.737801194190979
34453,nan,1.4941881895065308,inf,3.4193997383117676,41.24610900878906
34467,nan,-0.12882928550243378,inf,9.623842239379883,0.00403862027451396
34477,nan,-0.10390865057706833,inf,7.69789981842041,0.5658655166625977
34493,nan,0.006375291384756565,inf,6.223508358001709,1.903565764427185
34500,nan,-0.12704162299633026,inf,23.10025978088379,7.648468454135582e-05
34547,nan,-0.1266104131937027,inf,13.407719612121582,0.01780405081808567
34568,nan,-0.1271536946296692,inf,12.860661506652832,-0.015699302777647972
34593,nan,-0.1269608438014984,inf,15.55603313446045,0.0019224643474444747
34610,nan,-0.06928392499685287,inf,9.143135070800781,2.311380386352539
34633,nan,-0.12502698600292206,inf,8.358613967895508,0.07211857289075851
34635,nan,-0.12544575333595276,inf,14.053336143493652,0.07208690792322159
34657,nan,-0.11620257049798965,inf,7.6169891357421875,0.15962620079517365
34685,nan,-0.12704011797904968,inf,22.960418701171875,0.00014991759962867945
34695,nan,-0.03215188905596733,inf,6.348930358886719,3.8845317363739014
34723,nan,-0.126640185713768,inf,13.407259941101074,0.0107275964692235
34816,nan,-0.1266258805990219,inf,13.452919006347656,0.01689116843044758
34897,nan,-0.12696675956249237,inf,13.005607604980469,-0.0026890875305980444
34929,nan,-0.13154326379299164,inf,8.478372573852539,-0.11321230232715607
34937,nan,0.747013509273529,inf,4.683914661407471,10.063498497009277
35005,nan,-0.1478300392627716,inf,10.436644554138184,-0.06475391238927841
35027,nan,-0.12701009213924408,inf,14.652493476867676,0.0012430191272869706
35085,nan,-0.035763468593358994,inf,6.7407450675964355,1.6828869581222534
35099,nan,-0.12704063951969147,inf,18.982030868530273,8.878707740223035e-05
35171,nan,-0.12693695724010468,inf,18.38738250732422,0.00403099087998271
35201,nan,-0.10458802431821823,inf,6.905497074127197,0.24013619124889374
35202,nan,-0.10238189995288849,inf,7.18454122543335,0.5000874996185303
35213,nan,-0.12701661884784698,inf,18.17063331604004,0.0010183334816247225
35246,nan,-0.12701493501663208,inf,16.775272369384766,0.0009240746730938554
35303,nan,-0.12682081758975983,inf,13.876452445983887,0.00944895762950182
35328,nan,-0.1110386773943901,inf,8.196819305419922,0.9822177290916443
35339,nan,-0.12672263383865356,inf,17.231586456298828,0.006840686779469252
35345,nan,-0.12698189914226532,inf,17.083471298217773,0.0015604019863530993
35366,nan,-0.12704329192638397,inf,27.40369987487793,9.5367431640625e-07
35383,nan,-0.11954816430807114,inf,9.20131778717041,0.2203996628522873
35417,nan,-0.12417395412921906,inf,14.04917049407959,0.02046823501586914
35420,nan,-0.12130589783191681,inf,11.879012107849121,0.18805573880672455
35455,nan,-0.1234794408082962,inf,10.378569602966309,0.061753034591674805
35457,nan,-0.1085197925567627,inf,9.125398635864258,0.5590886473655701
35488,nan,-0.12192066758871078,inf,10.53434944152832,0.17466549575328827
35489,nan,-0.12454167753458023,inf,9.460801124572754,0.07069586962461472
35538,nan,-0.12592719495296478,inf,11.279446601867676,0.022190332412719727
35553,nan,-0.08804712444543839,inf,6.6069254875183105,1.964948296546936
35562,nan,-0.127043217420578,inf,27.706491470336914,1.9073486328125e-06
35574,nan,-0.12702926993370056,inf,16.329910278320312,0.0005227089277468622
35609,nan,-0.1256883293390274,inf,11.840925216674805,0.04655962064862251
35658,nan,-0.1270456463098526,inf,18.79404640197754,0.0002552032528910786
35672,nan,-0.12642592191696167,inf,14.009390830993652,0.018969273194670677
35686,nan,-0.032423801720142365,inf,7.261657238006592,2.0172364711761475
35696,nan,-0.1294415444135666,inf,11.275980949401855,-0.03364310413599014
35733,nan,-0.12646004557609558,inf,13.973065376281738,0.012304854579269886
35747,nan,-0.12377011030912399,inf,12.18368148803711,0.10700654983520508
35763,nan,-0.1270085722208023,inf,17.657630920410156,0.0013568878639489412
35811,nan,-0.12703804671764374,inf,17.19230842590332,0.0001794815034372732
35834,nan,0.9651139378547668,inf,4.54957389831543,26.360279083251953
35854,nan,-0.04512317478656769,inf,4.4452643394470215,1.26173996925354
35919,nan,-0.11486398428678513,inf,13.753303527832031,0.3817299008369446
35964,nan,-0.12628993391990662,inf,12.969279289245605,0.01926407776772976
35985,nan,-0.12483996152877808,inf,12.576529502868652,0.086573027074337
35990,nan,-0.12455730885267258,inf,18.13656234741211,0.11815891414880753
36049,nan,-0.1227758526802063,inf,11.779751777648926,0.10885033756494522
36116,nan,0.10567288845777512,inf,6.36655855178833,5.102977275848389
36179,nan,-0.027081115171313286,inf,7.24231481552124,3.1914756298065186
36181,nan,-0.13012568652629852,inf,10.110152244567871,-0.11608695983886719
36192,nan,-0.1270756721496582,inf,16.05739402770996,-0.0003748655435629189
36209,nan,-0.13540752232074738,inf,10.272025108337402,-0.1532122641801834
36238,nan,-0.12211576849222183,inf,9.547125816345215,0.13323131203651428
36245,nan,-0.12696552276611328,inf,12.703622817993164,0.0024690628051757812
36250,nan,-0.12704330682754517,inf,23.722225189208984,-2.86102294921875e-06
36270,nan,-0.12698887288570404,inf,14.704035758972168,0.0023843764793127775
36276,nan,-0.13105842471122742,inf,25.276653289794922,-0.02161865308880806
36325,nan,-0.12365832179784775,inf,13.718192100524902,0.10625884681940079
36329,nan,0.24843750894069672,inf,6.386089324951172,7.313179016113281
36424,nan,0.12789006531238556,inf,7.923703193664551,6.7508063316345215
36445,nan,-0.12697389721870422,inf,14.120076179504395,0.004026246257126331
36463,nan,-0.12387068569660187,inf,11.957194328308105,0.09667100757360458
36518,nan,-0.12260951101779938,inf,11.472739219665527,0.16326332092285156
36519,nan,0.1544530689716339,inf,6.293050289154053,6.321909427642822
36552,nan,-0.11542302370071411,inf,14.8998384475708,0.4517471492290497
36593,nan,-0.11733724921941757,inf,10.990758895874023,0.4411628842353821
36594,nan,-0.1269260048866272,inf,15.192458152770996,0.0016996384365484118
36618,nan,-0.1270427107810974,inf,21.560976028442383,2.956390380859375e-05
36757,nan,-0.07740936428308487,inf,8.629149436950684,1.2565439939498901
36762,nan,0.21045759320259094,inf,5.377511024475098,5.150106906890869
36835,nan,-0.1080247089266777,inf,9.297139167785645,0.5182496309280396
36869,nan,-0.0946069061756134,inf,6.942254543304443,0.4039404094219208
36880,nan,-0.12704330682754517,inf,26.71906089782715,-8.583069188716763e-07
36889,nan,-0.12706689536571503,inf,12.730097770690918,-6.599426706088707e-05
36912,nan,-0.12704728543758392,inf,13.77849006652832,0.00015668869309592992
36928,nan,-0.12387587130069733,inf,14.885026931762695,0.10731201618909836
36938,nan,-0.12704722583293915,inf,17.08722496032715,-7.743835885776207e-05
36939,nan,-0.12701186537742615,inf,17.062253952026367,0.0007893562433309853
36958,nan,-0.12652261555194855,inf,11.419987678527832,0.03036060370504856
37081,nan,-0.12700437009334564,inf,17.198781967163086,0.000518286251462996
37173,nan,-0.09112934023141861,inf,7.042847633361816,0.49699100852012634
37269,nan,-0.08639248460531235,inf,14.33655071258545,0.6401201486587524
37286,nan,-0.12160984426736832,inf,11.350703239440918,0.12224426120519638
37342,nan,-0.10290540754795074,inf,9.08389663696289,0.21366329491138458
37404,nan,-0.11476846039295197,inf,10.019343376159668,0.2854897677898407
37446,nan,-0.1277858465909958,inf,10.744564056396484,-0.04715392738580704
37456,nan,-0.11696120351552963,inf,14.140372276306152,0.38190075755119324
37495,nan,-0.1282181590795517,inf,14.88514232635498,-0.015492391772568226
37558,nan,-0.1270420253276825,inf,22.197011947631836,6.0367583500919864e-05
37577,nan,-0.02259146049618721,inf,7.598513126373291,3.64428973197937
37605,nan,-0.1269138902425766,inf,13.405505180358887,0.004400348756462336
37637,nan,-0.038854118436574936,inf,6.502199649810791,1.2082089185714722
37679,nan,-0.12368520349264145,inf,10.128744125366211,0.13252906501293182
37712,nan,-0.11547207087278366,inf,7.031726837158203,0.8292102813720703
37734,nan,-0.12698982656002045,inf,17.376327514648438,0.0023035050835460424
37747,nan,-0.12337026745080948,inf,11.337726593017578,0.12489417940378189
37752,nan,-0.09019309282302856,inf,12.447179794311523,0.9579522013664246
37770,nan,-0.11142674833536148,inf,8.079285621643066,0.11061181873083115
37807,nan,-0.1252366155385971,inf,12.926924705505371,0.0818014070391655
37871,nan,-0.1266271322965622,inf,13.593162536621094,0.014637470245361328
37937,nan,-0.0034442523028701544,inf,6.475747108459473,1.9528995752334595
37972,nan,0.8519189953804016,inf,4.115516662597656,16.880348205566406
38001,nan,0.5840715765953064,inf,4.652379512786865,18.267114639282227
38024,nan,-0.11871977150440216,inf,11.462869644165039,0.23282714188098907
38029,nan,0.5049353241920471,inf,5.01006555557251,22.979278564453125
38030,nan,-0.1270417422056198,inf,22.353137969970703,6.952285912120715e-05
38036,nan,-0.023265674710273743,inf,9.524120330810547,4.4743475914001465
38132,nan,-0.15723292529582977,inf,5.044412612915039,5.325016975402832
38148,nan,-0.1217353343963623,inf,12.587777137756348,0.16162703931331635
38168,nan,-0.19684584438800812,inf,7.383452892303467,-0.7304906845092773
38177,nan,-0.14617761969566345,inf,9.789999961853027,-0.05825150012969971
38180,nan,1.1354444026947021,inf,3.5680534839630127,26.846588134765625
38222,nan,-0.142604261636734,inf,11.73633861541748,-0.3066210448741913
38281,nan,-0.1268773376941681,inf,14.755404472351074,0.006519604008644819
38287,nan,-0.14116136729717255,inf,9.294024467468262,-0.9581338167190552
38301,nan,0.2208782285451889,inf,4.505297660827637,8.985671043395996
38348,nan,-0.1265847533941269,inf,13.08686351776123,0.012756801210343838
38416,nan,0.0011597558623179793,inf,4.035310745239258,4.663218975067139
38421,nan,-0.1246958002448082,inf,11.42691707611084,0.050379227846860886
38437,nan,-0.12951567769050598,inf,14.725638389587402,-0.07334847748279572
38447,nan,-0.12704087793827057,inf,20.53136444091797,7.324219041038305e-05
38517,nan,-0.1270378679037094,inf,21.327136993408203,0.00014152527728583664
38527,nan,-0.12695994973182678,inf,17.30708885192871,0.003883910132572055
38540,nan,0.05296042561531067,inf,5.7841267585754395,4.368404388427734
38561,nan,-0.12643732130527496,inf,18.844465255737305,0.015627657994627953
38634,nan,-0.028552835807204247,inf,7.589695930480957,3.2897965908050537
38639,nan,1.4224541187286377,inf,4.539351940155029,33.484596252441406
38650,nan,0.8373451232910156,inf,4.719693183898926,18.287038803100586
38659,nan,-0.08342167735099792,inf,8.874544143676758,1.1257089376449585
38665,nan,-0.11907366663217545,inf,11.06485366821289,0.19852519035339355
38741,nan,-0.1269867867231369,inf,14.659754753112793,0.00430188188329339
38757,nan,-0.13632811605930328,inf,10.28801155090332,-0.0035352706909179688
38781,nan,-0.12693755328655243,inf,15.08836841583252,0.004778528120368719
38803,nan,-0.12366974353790283,inf,13.546141624450684,0.14192838966846466
38810,nan,0.01737901382148266,inf,7.161008358001709,1.054799199104309
38867,nan,-0.11202578991651535,inf,10.444938659667969,0.2454976588487625
38890,nan,0.103692427277565,inf,5.775359630584717,5.144397735595703
38930,nan,-0.12569217383861542,inf,9.94244384765625,0.09149723500013351
38960,nan,-0.12704508006572723,inf,14.805015563964844,0.0004172325134277344
38970,nan,-0.12417932599782944,inf,7.729640960693359,-0.0412662997841835
38973,nan,-0.11377795785665512,inf,8.7180814743042,0.30895861983299255
39094,nan,-0.1270243227481842,inf,16.01449203491211,0.0017507553566247225
39107,nan,-0.12675701081752777,inf,14.362823486328125,0.006863975431770086
39123,nan,-0.10751067847013474,inf,9.199797630310059,0.2438437044620514
39161,nan,-0.1267348974943161,inf,13.366569519042969,0.002578830812126398
39166,nan,-0.12621240317821503,inf,11.265289306640625,0.025512313470244408
39168,nan,-0.10687904804944992,inf,7.126655578613281,0.8107157945632935
39183,nan,-0.12696562707424164,inf,15.338469505310059,0.0023741484619677067
39212,nan,-0.1269623190164566,inf,15.332199096679688,0.0025318146217614412
39223,nan,0.3583742678165436,inf,6.087388515472412,5.669220447540283
39249,nan,-0.11784636974334717,inf,7.440126895904541,0.23447513580322266
39330,nan,-0.127030149102211,inf,18.49941062927246,0.0003829956112895161
39338,nan,-0.089232437312603,inf,7.460903167724609,0.5687941908836365
39394,nan,0.030873576179146767,inf,5.833723068237305,2.548919439315796
39462,nan,-0.05233003571629524,inf,8.906952857971191,2.329878568649292
39470,nan,-0.12704330682754517,inf,30.059906005859375,0.0
39502,nan,0.34672603011131287,inf,7.07039213180542,11.868766784667969
39550,nan,1.0668883323669434,inf,1.9107685089111328,19.31717300415039
39577,nan,-0.12704263627529144,inf,21.172033309936523,-2.6226043701171875e-06
39587,nan,-0.008495991118252277,inf,5.884533405303955,2.7907259464263916
39627,nan,-0.12385308742523193,inf,10.730203628540039,0.17098788917064667
39646,nan,-0.1270425021648407,inf,22.287296295166016,1.4209747860149946e-05
39670,nan,-0.12704406678676605,inf,23.504281997680664,-1.52587890625e-05
39715,nan,-0.12703937292099,inf,20.767459869384766,0.0001642227143747732
39720,nan,0.5400046706199646,inf,4.560094356536865,13.238532066345215
39805,nan,0.08250742405653,inf,7.271470069885254,2.215806722640991
39813,nan,-0.14549104869365692,inf,7.342947483062744,-0.3363466262817383
39829,nan,-0.12703299522399902,inf,13.73835277557373,0.0011886596912518144
39831,nan,-0.08229701220989227,inf,8.082695007324219,1.27158522605896
39864,nan,-0.12535926699638367,inf,10.459877014160156,0.04256650432944298
39865,nan,-0.12103576958179474,inf,8.728388786315918,0.14645758271217346
39905,nan,-0.07422670722007751,inf,11.787703514099121,0.2743915021419525
39930,nan,-0.09385773539543152,inf,8.156881332397461,0.9049028754234314
40005,nan,-0.1269168108701706,inf,17.084915161132812,0.002077889395877719
40021,nan,-0.12675002217292786,inf,13.691214561462402,0.0069866180419921875
40023,nan,-0.12636065483093262,inf,12.485701560974121,0.025487517938017845
40035,nan,0.13967739045619965,inf,4.543182373046875,9.689347267150879
40094,nan,-0.22065125405788422,inf,6.637130260467529,-2.674518585205078
40116,nan,-0.1270374208688736,inf,17.99471664428711,5.350113133317791e-05
40157,nan,-0.12704142928123474,inf,16.387582778930664,9.608268737792969e-05
40159,nan,-0.1272861212491989,inf,15.655000686645508,-0.004206061363220215
40161,nan,-0.12583164870738983,inf,11.585371017456055,0.009118176065385342
40212,nan,-0.10276325047016144,inf,6.81300687789917,0.403391569852829
40306,nan,-0.10579436272382736,inf,10.51410961151123,0.5231091380119324
40341,nan,0.40558862686157227,inf,5.868565559387207,14.403416633605957
40377,nan,-0.127042755484581,inf,24.91900634765625,1.773834264895413e-05
40392,nan,-0.03160899505019188,inf,9.620108604431152,2.5278003215789795
40418,nan,-0.1158611923456192,inf,6.436110019683838,-1.9613574743270874
40430,nan,-0.125373974442482,inf,13.774884223937988,0.04568514972925186
40494,nan,-0.12516306340694427,inf,12.28052043914795,0.04155736044049263
40585,nan,-0.11591334640979767,inf,13.714468955993652,0.19000987708568573
40619,nan,-0.12702180445194244,inf,14.791348457336426,0.0005072593921795487
40667,nan,-0.10717470943927765,inf,8.058327674865723,0.4308945834636688
40686,nan,0.7444779276847839,inf,5.067409992218018,14.581194877624512
40687,nan,-0.11503379791975021,inf,8.639447212219238,0.6125973463058472
40727,nan,-0.10404699295759201,inf,8.598186492919922,0.32962751388549805
40740,nan,-0.12693051993846893,inf,14.709759712219238,0.0020952224731445312
40765,nan,-0.13720951974391937,inf,9.009275436401367,-0.05810141563415527
40803,nan,-0.11985059082508087,inf,11.859308242797852,0.21011629700660706
40822,nan,-0.0869336724281311,inf,7.765809059143066,0.4059009253978729
40867,nan,0.04480404779314995,inf,5.7455644607543945,4.225986003875732
40877,nan,-0.12704333662986755,inf,24.65326499938965,-1.0371207963544293e-06
40894,nan,-0.1258963942527771,inf,9.021806716918945,0.03793179988861084
40954,nan,-0.02379007637500763,inf,7.232283115386963,4.050652503967285
40967,nan,0.07364480942487717,inf,5.761139392852783,4.827597618103027
40982,nan,-0.22354300320148468,inf,8.756845474243164,-1.6918696165084839
41032,nan,-0.12702582776546478,inf,15.447833061218262,0.0009318352094851434
41065,nan,-0.06743068993091583,inf,8.443160057067871,2.456420421600342
41149,nan,-0.12702883780002594,inf,15.447303771972656,0.0006921768072061241
41249,nan,-0.12697730958461761,inf,17.258214950561523,0.0024039268027991056
41280,nan,-0.12261944264173508,inf,11.005409240722656,0.15800699591636658
41307,nan,-0.046735137701034546,inf,5.605275630950928,1.8727091550827026
41327,nan,-0.1270114779472351,inf,16.878215789794922,0.001023626304231584
41331,nan,-0.1211056038737297,inf,11.185979843139648,0.2615613043308258
41351,nan,0.0773577019572258,inf,7.293577671051025,5.892759799957275
41356,nan,1.8498884439468384,inf,2.6373648643493652,43.59512710571289
41372,nan,0.40643998980522156,inf,5.232207775115967,10.380034446716309
41518,nan,-0.12682472169399261,inf,14.345191955566406,0.003966045565903187
41547,nan,-0.1270420402288437,inf,20.65028953552246,6.322861008811742e-05
41585,nan,-0.12704502046108246,inf,19.49315643310547,-4.558563159662299e-05
41589,nan,-0.12646755576133728,inf,12.342435836791992,0.020735979080200195
41616,nan,-0.12669825553894043,inf,13.91881275177002,0.009517288766801357
41643,nan,0.38442525267601013,inf,3.652860403060913,12.996604919433594
41654,nan,-0.1240757629275322,inf,10.049287796020508,0.0664762482047081
41680,nan,-0.11528023332357407,inf,10.076030731201172,0.234571173787117
41696,nan,0.05610649660229683,inf,7.043724060058594,1.7385215759277344
41739,nan,0.12060201168060303,inf,5.403832912445068,5.606512546539307
41809,nan,-0.12697723507881165,inf,17.081262588500977,0.0012823641300201416
41818,nan,-0.13685153424739838,inf,9.297829627990723,-0.04354662820696831
41826,nan,-0.12297564744949341,inf,12.853912353515625,0.12141776084899902
41837,nan,-0.12027498334646225,inf,9.557971000671387,0.20520058274269104
41838,nan,-0.11694597452878952,inf,9.834800720214844,0.28849726915359497
41908,nan,-0.10726946592330933,inf,9.883708000183105,0.7105556726455688
41926,nan,-0.10664182156324387,inf,10.351641654968262,0.6004013419151306
41939,nan,-0.12704330682754517,inf,37.07239532470703,0.0
41986,nan,-0.1064174696803093,inf,15.791757583618164,0.5890841484069824
42030,nan,-0.1175060048699379,inf,6.680811405181885,0.5759391188621521
42131,nan,-0.1042255312204361,inf,8.724639892578125,0.6451558470726013
42141,nan,-0.06743064522743225,inf,7.246729373931885,1.2889351844787598
42147,nan,-0.07435859739780426,inf,6.708972454071045,0.9006839990615845
42169,nan,-0.06824525445699692,inf,6.365601539611816,1.7413663864135742
42214,nan,-0.06180166080594063,inf,8.21882152557373,1.7971323728561401
42266,nan,-0.055664610117673874,inf,9.252994537353516,2.778249979019165
42318,nan,-0.11847764253616333,inf,13.394915580749512,0.36196669936180115
42437,nan,-0.12704326212406158,inf,23.484329223632812,1.3351440202313825e-06
42473,nan,0.21477162837982178,inf,3.6534173488616943,8.42009162902832
42474,nan,-0.1270621418952942,inf,16.492963790893555,-0.00028514862060546875
42477,nan,-0.12556077539920807,inf,15.243356704711914,0.05762219429016113
42482,nan,0.048527613282203674,inf,7.066638946533203,3.7090790271759033
42490,nan,-0.12702380120754242,inf,17.74134063720703,0.00044028760748915374
42516,nan,-0.12701763212680817,inf,16.384613037109375,0.001113426755182445
42587,nan,-0.12704388797283173,inf,17.588640213012695,-4.711151268566027e-05
42605,nan,-0.1261650025844574,inf,9.666936874389648,0.07444252818822861
42641,nan,-0.05130131170153618,inf,7.871635437011719,0.9573403596878052
42650,nan,-0.12704360485076904,inf,15.677337646484375,-3.6907196772517636e-05
42706,nan,-0.12704017758369446,inf,16.841039657592773,0.00011504292342578992
42712,nan,-0.12941627204418182,inf,10.727354049682617,-0.04910168796777725
42734,nan,-0.13332711160182953,inf,8.781786918640137,0.17978839576244354
42772,nan,-0.12704330682754517,inf,45.27358627319336,0.0
42783,nan,-0.11944335699081421,inf,8.998196601867676,0.8119967579841614
42832,nan,-0.1212162896990776,inf,9.837896347045898,0.10155244171619415
42836,nan,-0.12704069912433624,inf,18.471397399902344,8.268356759799644e-05
42842,nan,-0.21199050545692444,inf,4.880190372467041,-3.128173589706421
42893,nan,-0.12704214453697205,inf,19.03226661682129,4.6373905206564814e-05
42918,nan,-0.005685001611709595,inf,7.933596134185791,3.5911362171173096
42938,nan,-0.12704254686832428,inf,26.108816146850586,2.1743775505456142e-05
42955,nan,-0.1256151795387268,inf,13.002921104431152,0.06492557376623154
42996,nan,0.4162716865539551,inf,3.909637212753296,13.808646202087402
43083,nan,-0.1270291656255722,inf,19.47146987915039,0.0006985664367675781
43112,nan,0.026326758787035942,inf,8.984808921813965,2.9816670417785645
43178,nan,-0.12374290078878403,inf,10.945940971374512,0.06859216839075089
43179,nan,-0.12644322216510773,inf,14.7093505859375,0.01933870278298855
43190,nan,0.8123340606689453,inf,5.934573650360107,26.45619773864746
43226,nan,-0.12583573162555695,inf,12.001550674438477,0.029519081115722656
43256,nan,0.3247778117656708,inf,3.94553542137146,0.5937538146972656
43257,nan,-0.1324194222688675,inf,10.78769588470459,-0.06460080295801163
43259,nan,-0.1252031773328781,inf,12.296445846557617,0.06590099632740021
43284,nan,-0.0445806160569191,inf,13.151178359985352,3.1994588375091553
43375,nan,-0.126963272690773,inf,14.600829124450684,0.002702695084735751
43387,nan,-0.17588616907596588,inf,11.57710075378418,-1.4449487924575806
43389,nan,-0.10999995470046997,inf,9.07248306274414,0.6581194996833801
43443,nan,-0.12464161217212677,inf,12.456074714660645,0.08917589485645294
43522,nan,-0.16635927557945251,inf,7.057697296142578,-0.052422333508729935
43551,nan,-0.11466989666223526,inf,11.02929973602295,0.35828515887260437
43559,nan,-0.12685516476631165,inf,12.842416763305664,-0.009989690966904163
43620,nan,-0.12900209426879883,inf,15.190322875976562,-0.07520236819982529
43643,nan,-0.12690697610378265,inf,16.45716667175293,0.00330829038284719
43651,nan,0.058397602289915085,inf,7.981603145599365,5.619085788726807
43690,nan,0.04649088904261589,inf,7.084608554840088,4.084599494934082
43716,nan,0.16013847291469574,inf,3.761526107788086,7.020610809326172
43820,nan,-0.16234244406223297,inf,7.235675811767578,-0.5608162879943848
43850,nan,-0.12689583003520966,inf,11.54638957977295,0.0008364200475625694
43877,nan,0.8284527063369751,inf,3.431028366088867,10.890812873840332
43884,nan,-0.12709656357765198,inf,13.509142875671387,-0.0022145749535411596
43909,nan,-0.12704072892665863,inf,22.078088760375977,6.313324411166832e-05
43978,nan,-0.11493653059005737,inf,9.597890853881836,0.21261827647686005
43983,nan,-0.14085523784160614,inf,6.059089183807373,-0.35613152384757996
44045,nan,-0.140287384390831,inf,10.766746520996094,-0.47405171394348145
44053,nan,-0.0316576324403286,inf,5.638491630554199,3.02526593208313
44094,nan,-0.12574347853660583,inf,10.070640563964844,0.035293277353048325
44227,nan,0.11312799900770187,inf,6.1070051193237305,7.802632808685303
44259,nan,-0.09897442907094955,inf,8.390094757080078,0.6797487139701843
44272,nan,-0.10194245725870132,inf,11.109304428100586,0.5278797149658203
44288,nan,0.24966995418071747,inf,5.369073390960693,7.176262855529785
44320,nan,-0.06781597435474396,inf,8.63306713104248,1.7573078870773315
44348,nan,-0.1255931705236435,inf,9.469164848327637,0.014432144351303577
44390,nan,-0.12527187168598175,inf,10.400603294372559,0.021960068494081497
44396,nan,-0.09714909642934799,inf,6.835414409637451,1.3984369039535522
44399,nan,-0.12652115523815155,inf,13.341511726379395,0.017584457993507385
44416,nan,-0.12718982994556427,inf,14.637904167175293,-0.007277250289916992
44428,nan,-0.12700657546520233,inf,18.737632751464844,0.000922775303479284
44448,nan,-0.1269889771938324,inf,15.2732572555542,0.0016403914196416736
44457,nan,-0.12721897661685944,inf,9.945374488830566,-0.00018024444580078125
44468,nan,-0.10958005487918854,inf,8.043237686157227,0.36422568559646606
44471,nan,-0.08918271958827972,inf,7.130623817443848,1.2514199018478394
44557,nan,-0.10402834415435791,inf,10.784834861755371,0.3578144311904907
44581,nan,-0.12670521438121796,inf,10.491304397583008,0.0023910521995276213
44598,nan,-0.12704317271709442,inf,21.95660972595215,6.10351571594947e-06
44649,nan,1.082842230796814,inf,3.8159987926483154,13.106315612792969
44650,nan,-0.12703049182891846,inf,16.178041458129883,0.00018343926058150828
44737,nan,-0.12243252247571945,inf,12.00787353515625,0.19427071511745453
44796,nan,-0.03153499215841293,inf,7.7436041831970215,3.0477776527404785
44799,nan,-0.1269928365945816,inf,16.400705337524414,0.0006844043964520097
44819,nan,-0.12432590872049332,inf,12.494903564453125,0.10986204445362091
44832,nan,-0.12535499036312103,inf,10.874945640563965,0.0508481040596962
44878,nan,-0.1191735491156578,inf,10.188529968261719,0.32908812165260315
44930,nan,-0.1226399689912796,inf,9.182859420776367,0.05695444345474243
44946,nan,-0.12675391137599945,inf,14.233428955078125,9.035766561282799e-05
44967,nan,-0.1270441710948944,inf,18.514652252197266,3.24249276673072e-06
44980,nan,-0.12479187548160553,inf,14.3970947265625,0.08868961781263351
45042,nan,-0.07260855287313461,inf,7.483545780181885,1.6274874210357666
45076,nan,-0.12672331929206848,inf,17.59008026123047,0.012364769354462624
45086,nan,-0.11163749545812607,inf,8.216108322143555,0.3744599521160126
45134,nan,-0.11488907784223557,inf,8.743502616882324,0.3118921220302582
45223,nan,-0.12702302634716034,inf,13.952753067016602,0.0005361557123251259
45252,nan,-0.12704330682754517,inf,29.996448516845703,-1.9073486612342094e-07
45353,nan,-0.12837068736553192,inf,15.799267768859863,-0.003999659325927496
45365,nan,-0.12702424824237823,inf,13.822580337524414,0.0004333496035542339
45370,nan,-0.12681210041046143,inf,15.633837699890137,0.010613590478897095
45395,nan,-0.12704317271709442,inf,22.72999382019043,5.9604644775390625e-06
45406,nan,-0.12672710418701172,inf,14.029559135437012,0.00772443413734436
45411,nan,0.025119168683886528,inf,5.696773052215576,3.9214541912078857
45420,nan,-0.12697362899780273,inf,15.3355712890625,0.0027618408203125
45469,nan,-0.1269974559545517,inf,19.734045028686523,-0.0009296417119912803
45547,nan,-0.11681755632162094,inf,8.91849422454834,0.12005939334630966
45566,nan,-0.12356718629598618,inf,12.395279884338379,0.13403549790382385
45595,nan,0.16474813222885132,inf,5.122079372406006,8.114580154418945
45612,nan,-0.1215551421046257,inf,9.491888999938965,0.2215866893529892
45619,nan,-0.12858819961547852,inf,10.66040325164795,-0.0328705795109272
45643,nan,-0.12437822669744492,inf,15.618216514587402,0.08687114715576172
45653,nan,-0.09939204901456833,inf,8.380396842956543,0.7575497031211853
45669,nan,1.4389581680297852,inf,3.7484023571014404,45.55814743041992
45716,nan,-0.04648192226886749,inf,5.852515697479248,2.8686933517456055
45728,nan,-0.12704907357692719,inf,17.776647567749023,-3.4761429560603574e-05
45838,nan,-0.12698297202587128,inf,18.172409057617188,0.002838707063347101
45874,nan,-0.09663616120815277,inf,9.016352653503418,0.2076214849948883
45884,nan,-0.12693898379802704,inf,13.719525337219238,0.011190391145646572
45896,nan,1.7034186124801636,inf,3.4782397747039795,29.86403465270996
45972,nan,-0.12839141488075256,inf,9.327169418334961,-0.007186830043792725
46033,nan,-0.12689988315105438,inf,15.008890151977539,0.005003452301025391
46037,nan,-0.1259256899356842,inf,9.964726448059082,-0.001379299210384488
46039,nan,-0.12704047560691833,inf,18.093416213989258,7.513165473937988e-05
46094,nan,-0.057925935834646225,inf,7.935789585113525,1.8235338926315308
46162,nan,-0.12696801126003265,inf,13.3222074508667,0.0034001588355749846
46168,nan,-0.12331733852624893,inf,8.973730087280273,0.12208809703588486
46209,nan,3.1836137771606445,inf,4.433753490447998,65.80760192871094
46213,nan,-0.1270419806241989,inf,22.890806198120117,3.604888843256049e-05
46254,nan,-0.008776691742241383,inf,5.973964214324951,0.9046134948730469
46268,nan,-0.1270267218351364,inf,16.499723434448242,0.0006057500722818077
46310,nan,-0.11406121402978897,inf,10.260215759277344,0.3311178386211395
46325,nan,-0.12471755594015121,inf,11.158110618591309,0.059729672968387604
46346,nan,-0.05713418871164322,inf,8.61205768585205,2.539952039718628
46353,nan,0.0487397126853466,inf,5.175262451171875,5.0924201011657715
46362,nan,-0.12643568217754364,inf,12.800137519836426,0.019864654168486595
46366,nan,-0.12703953683376312,inf,17.774282455444336,0.00016244054131675512
46417,nan,-0.06522270292043686,inf,10.637876510620117,2.061654806137085
46424,nan,-0.12579111754894257,inf,11.737768173217773,0.05724663659930229
46441,nan,-0.12380059063434601,inf,8.817628860473633,0.8098966479301453
46442,nan,-0.12698693573474884,inf,16.81635856628418,0.00225985050201416
46463,nan,-0.1268501579761505,inf,14.687273979187012,0.005398559849709272
46476,nan,-0.1270432323217392,inf,21.014875411987305,1.9073486328125e-06
46481,nan,-0.12580807507038116,inf,17.24909019470215,0.04746350646018982
46579,nan,-0.12704327702522278,inf,22.207197189331055,9.685754776000977e-07
46596,nan,-0.06812436133623123,inf,7.45778226852417,2.0642364025115967
46606,nan,0.7398425936698914,inf,4.93052864074707,12.216456413269043
46607,nan,-0.01331128180027008,inf,6.839569091796875,2.9863905906677246
46612,nan,-0.12695294618606567,inf,14.713998794555664,0.0031021118629723787
46624,nan,-0.1158706471323967,inf,11.747127532958984,0.122236467897892
46756,nan,-0.12533318996429443,inf,9.853808403015137,0.14101581275463104
46798,nan,-0.12716183066368103,inf,13.086946487426758,0.0035087584983557463
46803,nan,-0.11941657215356827,inf,12.784117698669434,0.21087884902954102
46876,nan,-0.12755976617336273,inf,10.889021873474121,-0.010150528512895107
46906,nan,-0.12479130178689957,inf,12.467026710510254,0.045209597796201706
46915,nan,-0.12701064348220825,inf,23.520475387573242,0.0015644073719158769
46916,nan,-0.12704692780971527,inf,18.60458755493164,-5.6743621826171875e-05
46940,nan,-0.1179162859916687,inf,9.444917678833008,0.09517877548933029
46977,nan,-0.1270313262939453,inf,14.198877334594727,0.0005769729614257812
47028,nan,-0.12648993730545044,inf,13.18505573272705,0.00859522819519043
47039,nan,-0.12684616446495056,inf,15.419160842895508,0.0013230562908574939
47079,nan,-0.1095055490732193,inf,11.979865074157715,0.4894966185092926
47081,nan,-0.12694202363491058,inf,13.805450439453125,0.003566318890079856
47121,nan,0.16578789055347443,inf,5.470302104949951,9.932734489440918
47130,nan,-0.12691210210323334,inf,15.418082237243652,0.0038340569008141756
47131,nan,-0.12702997028827667,inf,17.469585418701172,0.0005566835752688348
47158,nan,-0.1260240077972412,inf,12.887184143066406,0.03356218338012695
47178,nan,-0.1269216686487198,inf,15.191080093383789,0.0032173157669603825
47198,nan,-0.126024067401886,inf,14.580065727233887,0.03479471430182457
47239,nan,-0.12694746255874634,inf,15.09464168548584,0.002220249269157648
47259,nan,-0.05523257330060005,inf,9.974217414855957,1.2321300506591797
47262,nan,-0.12704290449619293,inf,28.638364791870117,1.926422191900201e-05
47278,nan,-0.1040799543261528,inf,8.687057495117188,0.487086683511734
47310,nan,-0.10441451519727707,inf,9.152851104736328,0.4652474820613861
47325,nan,-0.12701047956943512,inf,16.04737663269043,0.0008316994062624872
47371,nan,-0.12695106863975525,inf,14.448399543762207,0.0037030696403235197
47383,nan,-0.12732826173305511,inf,13.994295120239258,0.0017716408474370837
47384,nan,-0.11495105177164078,inf,9.759800910949707,0.4218921661376953
47415,nan,3.8353517055511475,inf,2.0333786010742188,57.690120697021484
47419,nan,-0.12669023871421814,inf,11.563068389892578,0.007993233390152454
47498,nan,-0.1003321036696434,inf,8.320649147033691,0.7753562927246094
47499,nan,-0.12678831815719604,inf,11.308772087097168,0.01812378503382206
47542,nan,-0.12320895493030548,inf,14.766199111938477,0.09364976733922958
47551,nan,-0.1269466131925583,inf,8.459895133972168,0.009178019128739834
47582,nan,-0.08461766690015793,inf,7.259215831756592,0.8658400774002075
47586,nan,-0.1267538070678711,inf,13.566360473632812,0.007894063368439674
47601,nan,0.21239447593688965,inf,4.9432454109191895,6.237565994262695
47610,nan,-0.1270390897989273,inf,17.108692169189453,0.00012276768393348902
47621,nan,-0.09391382336616516,inf,10.72812557220459,0.6081423163414001
47638,nan,-0.11407329887151718,inf,10.282564163208008,0.2505907714366913
47648,nan,-0.127030149102211,inf,18.6263484954834,0.0006241798400878906
47658,nan,-0.12704405188560486,inf,21.3279972076416,-2.105236126226373e-05
47670,nan,-0.1172018051147461,inf,9.36279582977295,0.20351791381835938
47697,nan,-0.1270429939031601,inf,20.816116333007812,1.0728836059570312e-05
47711,nan,-0.027708401903510094,inf,8.138306617736816,3.1337649822235107
47757,nan,-0.12704326212406158,inf,25.367612838745117,1.9550323031580774e-06
47817,nan,-0.12555305659770966,inf,11.646319389343262,0.027052689343690872
47821,nan,-0.1269926279783249,inf,14.988916397094727,0.0007833481067791581
47901,nan,-0.11905896663665771,inf,14.118739128112793,0.12833166122436523
47938,nan,0.05552007630467415,inf,5.4174604415893555,5.006253719329834
47941,nan,-0.12296563386917114,inf,9.87136173248291,0.06774292141199112
47976,nan,-0.12703873217105865,inf,17.562780380249023,0.00011649131920421496
47979,nan,-0.12704329192638397,inf,26.011066436767578,1.9073486612342094e-07
48043,nan,-0.12703169882297516,inf,19.888507843017578,0.0005729675176553428
48055,nan,-0.12711314857006073,inf,11.409411430358887,0.008331012912094593
48057,nan,-0.12544190883636475,inf,13.320767402648926,0.038567543029785156
48105,nan,-0.12697511911392212,inf,13.897480964660645,0.0023527145385742188
48171,nan,-0.11978591978549957,inf,11.888137817382812,0.22410273551940918
48206,nan,-0.12198545038700104,inf,10.80371379852295,0.18716645240783691
48220,nan,-0.12628592550754547,inf,12.91491413116455,0.024761749431490898
48264,nan,1.2311158180236816,inf,4.058678150177002,25.22393798828125
48265,nan,-0.12684550881385803,inf,13.987329483032227,0.004785910248756409
48286,nan,-0.12704388797283173,inf,17.772018432617188,1.1444091796875e-05
48324,nan,-0.126958429813385,inf,22.372291564941406,0.004046821501106024
48416,nan,-0.06333523243665695,inf,10.01273250579834,1.4995449781417847
48466,nan,-0.12872900068759918,inf,11.221991539001465,-0.03001432493329048
48535,nan,0.41445979475975037,inf,4.17173433303833,10.064050674438477
48552,nan,-0.12719760835170746,inf,14.992812156677246,-0.004921245854347944
48568,nan,2.0164923667907715,inf,3.127789258956909,48.79242706298828
48595,nan,-0.1270761340856552,inf,15.529878616333008,0.0004779815790243447
48608,nan,0.15899962186813354,inf,6.103573322296143,6.803807258605957
48643,nan,-0.12710703909397125,inf,22.538068771362305,-0.0016334534157067537
48650,nan,-0.12614533305168152,inf,11.441438674926758,0.03552703931927681
48684,nan,-0.12661051750183105,inf,12.564911842346191,0.017023278400301933
48694,nan,-0.12373047322034836,inf,14.999162673950195,0.12868237495422363
48746,nan,-0.12565839290618896,inf,11.385514259338379,0.02114170789718628
48769,nan,-0.11870007961988449,inf,11.58188533782959,0.07318718731403351
48778,nan,-0.13637788593769073,inf,8.478178024291992,-0.13917343318462372
48837,nan,-0.11748790740966797,inf,9.458134651184082,0.07801895588636398
48893,nan,-0.12473326176404953,inf,13.08117389678955,0.027568627148866653
48900,nan,-0.12698443233966827,inf,17.30829429626465,0.0021415711380541325
48953,nan,0.11199267953634262,inf,5.3323140144348145,5.809807300567627
48957,nan,-0.12762625515460968,inf,10.90674877166748,-0.02114543877542019
48979,nan,-0.055404942482709885,inf,4.9359130859375,4.216304302215576
49031,nan,-0.12298019230365753,inf,11.70337963104248,0.1365615874528885
49088,nan,-0.12779121100902557,inf,19.824386596679688,-0.014593410305678844
49134,nan,-0.12926968932151794,inf,14.228218078613281,-0.08699607849121094
49154,nan,-0.10094229131937027,inf,7.20828104019165,0.9225388765335083
49190,nan,-0.12667806446552277,inf,15.668184280395508,0.01744222640991211
49194,nan,-0.123105488717556,inf,11.176733016967773,0.171824648976326
49213,nan,-0.018414799124002457,inf,7.0116286277771,2.142202377319336
49230,nan,-0.1051115021109581,inf,8.202311515808105,0.08856649696826935
49308,nan,-0.12704281508922577,inf,23.98286247253418,1.544952465337701e-05
49320,nan,-0.12703628838062286,inf,16.66107749938965,0.0004226207674946636
49357,nan,-0.09540680795907974,inf,11.967485427856445,1.0123369693756104
49364,nan,-0.12704156339168549,inf,17.071714401245117,0.00017642974853515625
49376,nan,-0.12537367641925812,inf,10.96319580078125,0.03985530138015747
49378,nan,-0.12687765061855316,inf,16.501689910888672,0.004962253849953413
49427,nan,-0.12704257667064667,inf,17.529340744018555,8.239746239269152e-05
49443,nan,-0.08760873973369598,inf,10.693464279174805,1.0157345533370972
49455,nan,2.733525037765503,inf,2.105787754058838,62.98177719116211
49469,nan,-0.09033596515655518,inf,8.38178539276123,0.43828660249710083
49513,nan,-0.12278177589178085,inf,13.473902702331543,0.15331725776195526
49519,nan,-0.1647695004940033,inf,8.375879287719727,-0.9104766845703125
49539,nan,-0.12490518391132355,inf,11.10342025756836,0.03831329569220543
49547,nan,-0.12704338133335114,inf,27.53885841369629,-2.57492069977161e-06
49649,nan,-0.1270407736301422,inf,18.04615592956543,0.00025784969329833984
49694,nan,-0.12790833413600922,inf,12.029762268066406,0.011374736204743385
49696,nan,-0.12703768908977509,inf,20.7015323638916,0.00013508200936485082
49699,nan,-0.12704652547836304,inf,17.883005142211914,-0.00011901855759788305
49726,nan,-0.12688791751861572,inf,17.43084144592285,0.0038005828391760588
49735,nan,-0.0824563279747963,inf,9.1279878616333,0.9641271829605103
49747,nan,-0.12707169353961945,inf,16.570371627807617,-0.0002471923944540322
49751,nan,-0.12569241225719452,inf,10.443804740905762,0.07576573640108109
49768,nan,-0.1214371845126152,inf,11.722966194152832,0.22661256790161133
49801,nan,-0.12160295248031616,inf,8.547093391418457,0.08103199303150177
49825,nan,-0.12707076966762543,inf,14.31395149230957,-0.0010957003105431795
49839,nan,-0.12475394457578659,inf,15.054430961608887,0.05785074457526207
49851,nan,-0.08152832835912704,inf,8.997244834899902,1.1085035800933838
49870,nan,-0.04624258354306221,inf,5.866427898406982,1.2895587682724
50019,nan,-0.1246584877371788,inf,14.40563678741455,0.04492015764117241
50033,nan,-0.12623777985572815,inf,10.47432804107666,0.027250105515122414
50034,nan,-0.0633014664053917,inf,4.910762786865234,-0.4843922555446625
50090,nan,-0.12636798620224,inf,13.874037742614746,0.019324541091918945
50121,nan,-0.1605948954820633,inf,8.61115550994873,-0.04989433288574219
50162,nan,-0.04546547681093216,inf,5.716039180755615,3.3632113933563232
50183,nan,-0.1270252913236618,inf,18.737424850463867,0.00024385451979469508
50190,nan,-0.12677152454853058,inf,12.409489631652832,0.004051119089126587
50258,nan,-0.12524645030498505,inf,15.436836242675781,0.02892284467816353
50283,nan,-0.1270931363105774,inf,17.04481315612793,0.0034860612358897924
50290,nan,-0.12548545002937317,inf,11.408623695373535,0.046486545354127884
50304,nan,0.08434303849935532,inf,6.34641170501709,5.473086833953857
50311,nan,-0.12694697082042694,inf,15.695467948913574,0.0022840022575110197
50331,nan,0.15408214926719666,inf,4.973409175872803,9.090193748474121
50428,nan,-0.12704171240329742,inf,28.604459762573242,3.890991138177924e-05
50510,nan,-0.10614993423223495,inf,10.800958633422852,0.3026910722255707
50515,nan,-0.09800924360752106,inf,6.8652801513671875,0.663286030292511
50521,nan,-0.1270635575056076,inf,17.52058982849121,-0.0007667064783163369
50523,nan,-0.126775860786438,inf,13.30945110321045,0.010196820832788944
50527,nan,0.5817777514457703,inf,3.7915875911712646,5.5610175132751465
50541,nan,0.16968870162963867,inf,5.473429203033447,4.1806793212890625
50554,nan,-0.12701241672039032,inf,23.517587661743164,0.0007593155023641884
50570,nan,-0.12607477605342865,inf,10.765875816345215,0.031206561252474785
50607,nan,0.07809897512197495,inf,5.449552059173584,4.554491996765137
50614,nan,-0.12698660790920258,inf,18.903167724609375,0.0014465347630903125
50645,nan,-0.1270398050546646,inf,23.33930206298828,0.00016517638869117945
50665,nan,-0.12645813822746277,inf,13.327717781066895,0.013871765695512295
50749,nan,-0.1269378364086151,inf,9.626151084899902,0.13666954636573792
50816,nan,-0.1356196254491806,inf,7.764842510223389,0.02310868538916111
50829,nan,-0.1270166039466858,inf,14.032197952270508,0.0004415273724589497
50842,nan,-0.1269908845424652,inf,20.144704818725586,0.0022342682350426912
50852,nan,-0.10329897701740265,inf,10.455109596252441,0.7551288604736328
50859,nan,-0.1268717497587204,inf,13.551426887512207,0.007105064578354359
50888,nan,-0.12626223266124725,inf,11.4179105758667,0.034311868250370026
50897,nan,-0.1299024075269699,inf,11.28072452545166,-0.05016679689288139
50952,nan,-0.12631338834762573,inf,13.024626731872559,0.0288225170224905
50959,nan,-0.12837915122509003,inf,8.973190307617188,0.013788974843919277
50962,nan,0.15757054090499878,inf,5.452280521392822,5.3703932762146
51000,nan,-0.1270415037870407,inf,19.000028610229492,5.1784514653263614e-05
51048,nan,-0.12698698043823242,inf,20.471078872680664,0.0026630403008311987
51083,nan,-0.07405637204647064,inf,7.4523234367370605,1.5350033044815063
51146,nan,-0.11988385021686554,inf,10.026236534118652,0.15825290977954865
51152,nan,-0.1166796013712883,inf,3.8963112831115723,3.9460625648498535
51161,nan,-0.12566335499286652,inf,16.68410873413086,0.039359189569950104
51199,nan,-0.1270671784877777,inf,14.460342407226562,0.00034661294193938375
51209,nan,-0.12703417241573334,inf,17.600969314575195,0.0006136417505331337
51245,nan,-0.11484303325414658,inf,9.378564834594727,0.458744615316391
51250,nan,-0.12848913669586182,inf,9.920980453491211,-0.01731882058084011
51296,nan,0.02820473350584507,inf,8.520801544189453,3.6291167736053467
51345,nan,-0.12715786695480347,inf,17.75271987915039,-0.003581523895263672
51363,nan,-0.12705759704113007,inf,17.85186767578125,-0.00021076202392578125
51372,nan,-0.12660112977027893,inf,14.853944778442383,0.014741325750946999
51377,nan,-0.1265808790922165,inf,12.123286247253418,0.006980800535529852
51457,nan,-0.12702816724777222,inf,18.157333374023438,-6.852149817859754e-05
51480,nan,-0.050089772790670395,inf,6.7765936851501465,2.0460801124572754
51481,nan,0.8889503479003906,inf,3.2306594848632812,18.240976333618164
51486,nan,-0.12704244256019592,inf,19.47815704345703,3.941059185308404e-05
51512,nan,-0.09820405393838882,inf,7.409363746643066,-0.14951591193675995
51568,nan,0.30052605271339417,inf,5.856200218200684,12.608877182006836
51631,nan,-0.1546248346567154,inf,13.949427604675293,-0.8361778259277344
51668,nan,-0.12331023067235947,inf,7.386599063873291,-0.4648379385471344
51686,nan,-0.12704293429851532,inf,18.778581619262695,1.9359589714440517e-05
51688,nan,-0.05539093166589737,inf,5.537226676940918,2.756479263305664
51704,nan,-0.1265830248594284,inf,17.03137969970703,0.022089099511504173
51705,nan,-0.1162194162607193,inf,8.406569480895996,0.16358238458633423
51734,nan,-0.12572680413722992,inf,16.22818374633789,0.050603367388248444
51741,nan,-0.12727968394756317,inf,15.630739212036133,-0.004503369331359863
51763,nan,-0.12597180902957916,inf,13.042279243469238,0.023923873901367188
51786,nan,-0.12703289091587067,inf,20.48689079284668,0.00043935776920989156
51795,nan,-0.11299961805343628,inf,8.749075889587402,0.36419883370399475
51838,nan,-0.025170719251036644,inf,9.783865928649902,2.9720914363861084
51888,nan,-0.12696002423763275,inf,15.171711921691895,0.0013119801878929138
51935,nan,-0.09668170660734177,inf,8.149229049682617,0.4488597810268402
51952,nan,0.03645322471857071,inf,6.596751689910889,2.529249668121338
51965,nan,-0.1262759417295456,inf,17.54977798461914,0.021888161078095436
52003,nan,-0.03137054666876793,inf,6.684890270233154,3.1320419311523438
52018,nan,-0.12702004611492157,inf,16.141977310180664,0.00013980866060592234
52049,nan,-0.10567843168973923,inf,9.095861434936523,0.7372035384178162
52129,nan,-0.10395872592926025,inf,8.332963943481445,0.7339760065078735
52173,nan,0.45251569151878357,inf,6.530096530914307,15.2185697555542
52179,nan,-0.1270812749862671,inf,13.998465538024902,-0.0023096860386431217
52196,nan,-0.0744154080748558,inf,8.962729454040527,1.9299042224884033
52249,nan,-0.13534753024578094,inf,8.00710391998291,-0.3294643461704254
52315,nan,-0.08538223803043365,inf,9.320903778076172,1.4274828433990479
52356,nan,-0.12701809406280518,inf,19.511804580688477,0.0009137630695477128
52396,nan,-0.11712807416915894,inf,9.661555290222168,0.30937328934669495
52400,nan,-0.12299972772598267,inf,10.54277229309082,0.08511047810316086
52455,nan,-0.1268744170665741,inf,21.57350730895996,0.007639789488166571
52459,nan,-0.1266304850578308,inf,16.0233097076416,0.01368169765919447
52496,nan,1.6799672842025757,inf,4.037745952606201,37.62398910522461
52499,nan,-0.12702928483486176,inf,16.284000396728516,0.0006531953695230186
52532,nan,-0.12528663873672485,inf,11.638936996459961,0.0622926726937294
52589,nan,-0.12704358994960785,inf,24.842941284179688,-1.7404556729161413e-06
52631,nan,0.8099489212036133,inf,3.0025079250335693,29.715017318725586
52641,nan,-0.11842423677444458,inf,10.124104499816895,0.0944819450378418
52650,nan,-0.1270044893026352,inf,16.64408302307129,0.0010805130004882812
52668,nan,0.5763325095176697,inf,5.089896202087402,12.317885398864746
52708,nan,-0.1270444095134735,inf,31.50974464416504,-2.1219253540039062e-05
52748,nan,-0.12701332569122314,inf,16.12327766418457,0.0012586594093590975
52791,nan,-0.1270989030599594,inf,21.282453536987305,-0.0026201249565929174
52792,nan,-0.1270434707403183,inf,25.691730499267578,-3.051757857974735e-06
52809,nan,-0.110794797539711,inf,12.650031089782715,0.6349494457244873
52833,nan,-0.11226818710565567,inf,7.650887966156006,0.39886829257011414
52871,nan,-0.12851309776306152,inf,9.111146926879883,-0.010215473361313343
52881,nan,-0.12704287469387054,inf,20.191482543945312,6.818771453254158e-06
52894,nan,-0.03826383128762245,inf,11.210089683532715,3.970325469970703
52897,nan,-0.12272512912750244,inf,9.827420234680176,0.17881308495998383
52913,nan,-0.1257306933403015,inf,12.786776542663574,0.04997957870364189
52926,nan,0.15730853378772736,inf,7.5548624992370605,3.2553231716156006
52955,nan,-0.08849354088306427,inf,9.362675666809082,0.6727633476257324
52957,nan,-0.12686608731746674,inf,16.031991958618164,0.008886891417205334
52971,nan,-0.11707595735788345,inf,8.717734336853027,0.28991299867630005
52981,nan,-0.13050086796283722,inf,8.995170593261719,-0.18365107476711273
52990,nan,-0.12340046465396881,inf,11.719531059265137,0.048036959022283554
52993,nan,0.4356188476085663,inf,4.8817901611328125,11.656825065612793
53038,nan,-0.1170940026640892,inf,9.341007232666016,0.26907607913017273
53042,nan,-0.1261279582977295,inf,14.691263198852539,0.02728099934756756
53099,nan,0.9066242575645447,inf,3.6442253589630127,19.47016716003418
53114,nan,-0.12198887020349503,inf,14.561182975769043,0.12219371646642685
53143,nan,-0.11716850847005844,inf,11.503568649291992,0.1626071035861969
53151,nan,-0.10781931132078171,inf,9.750965118408203,0.22090256214141846
53198,nan,-0.0355573408305645,inf,8.127135276794434,3.207406759262085
53209,nan,-0.12199860066175461,inf,14.33183765411377,0.21460838615894318
53231,nan,-0.1269744634628296,inf,18.21767807006836,0.0019388437503948808
53248,nan,0.09054622054100037,inf,5.50595235824585,5.7270827293396
53270,nan,0.39486899971961975,inf,4.820924282073975,17.12867546081543
53272,nan,-0.12628678977489471,inf,11.128730773925781,0.025351716205477715
53347,nan,-0.1205030083656311,inf,9.241990089416504,0.5530463457107544
53393,nan,-0.07199554890394211,inf,8.268858909606934,1.9681316614151
53420,nan,0.6459265351295471,inf,4.044360160827637,7.8379225730896
53425,nan,-0.1270429939031601,inf,23.82387924194336,1.3828277587890625e-05
53432,nan,-0.1270177960395813,inf,17.722789764404297,0.0008448601001873612
53486,nan,-0.12698231637477875,inf,17.61552619934082,0.001987457275390625
53529,nan,-0.12704013288021088,inf,17.785646438598633,0.00010528564598644152
53588,nan,-0.12704423069953918,inf,18.70675277709961,-1.1157989320054185e-05
53625,nan,-0.12633278965950012,inf,13.55783748626709,0.024962520226836205
53639,nan,-0.0074305362068116665,inf,7.330090522766113,3.352174758911133
53656,nan,-0.12425553053617477,inf,8.345796585083008,0.05324411392211914
53776,nan,-0.12695346772670746,inf,17.736692428588867,0.0034778595436364412
53785,nan,1.6190494298934937,inf,1.1691114902496338,60.24928665161133
53869,nan,-0.12457134574651718,inf,10.761531829833984,0.06276204437017441
53917,nan,-0.1270403116941452,inf,19.311704635620117,0.0001199722319142893
53919,nan,-0.127043217420578,inf,22.09315299987793,2.86102294921875e-06
53923,nan,-0.12703098356723785,inf,36.815284729003906,0.00058746337890625
53930,nan,-0.12707899510860443,inf,18.31281280517578,-0.0005176544073037803
53943,nan,-0.12698231637477875,inf,15.120699882507324,0.0015119552845135331
53975,nan,-0.12705712020397186,inf,17.501977920532227,-0.0002540111599955708
53987,nan,-0.09671050310134888,inf,6.897120952606201,0.7066308259963989
54008,nan,-0.08261619508266449,inf,7.396241664886475,1.3354424238204956
54056,nan,-0.12702982127666473,inf,20.68505096435547,0.0006546020740643144
54135,nan,-0.12681806087493896,inf,12.917322158813477,0.005699348635971546
54161,nan,0.5049164295196533,inf,4.487311363220215,11.796656608581543
54255,nan,0.6665906310081482,inf,5.455637454986572,22.315629959106445
54268,nan,-0.09540338814258575,inf,8.141556739807129,1.3325780630111694
54273,nan,-0.12615258991718292,inf,12.280736923217773,0.04075813293457031
54279,nan,0.0834491029381752,inf,5.517504692077637,4.523414611816406
54310,nan,-0.12833745777606964,inf,11.878989219665527,-0.05377054214477539
54343,nan,-0.1261414736509323,inf,14.320151329040527,0.022793754935264587
54363,nan,-0.1270432025194168,inf,21.93324851989746,4.434585662238533e-06
54376,nan,0.05194511637091637,inf,5.570830821990967,2.746673583984375
54436,nan,0.18832121789455414,inf,3.9966094493865967,3.6451618671417236
54487,nan,0.0012761272955685854,inf,6.821042537689209,2.6094958782196045
54490,nan,0.05711352825164795,inf,8.273357391357422,4.981951713562012
54556,nan,-0.1288682073354721,inf,12.010000228881836,-0.037587642669677734
54598,nan,0.6379801034927368,inf,3.5059852600097656,18.647907257080078
54634,nan,-0.1270410716533661,inf,24.074491500854492,0.00010509491403354332
54789,nan,-0.12704691290855408,inf,18.902320861816406,-7.734298560535535e-05
54844,nan,-0.12702511250972748,inf,15.496490478515625,0.0009932995308190584
54862,nan,-0.1269700527191162,inf,14.256224632263184,0.0002061843842966482
54878,nan,-0.12643246352672577,inf,14.162257194519043,0.017856741324067116
54913,nan,-0.10439329594373703,inf,11.717391014099121,0.1828901320695877
54919,nan,-0.11709518730640411,inf,10.376509666442871,0.34013596177101135
54959,nan,-0.12692831456661224,inf,12.59682559967041,0.00212746555916965
55013,nan,-0.1263265311717987,inf,19.684682846069336,0.02880125120282173
55016,nan,-0.12523280084133148,inf,14.021693229675293,0.04115987941622734
55026,nan,-0.11378856748342514,inf,10.130701065063477,0.38210374116897583
55056,nan,-0.11600667238235474,inf,10.274471282958984,0.3139925003051758
55119,nan,-0.0653085932135582,inf,9.97067928314209,0.8388728499412537
55166,nan,-0.1518174111843109,inf,5.936753273010254,0.11637868732213974
55177,nan,-0.12697932124137878,inf,12.60368537902832,0.002256703330203891
55197,nan,-0.12704402208328247,inf,12.453277587890625,0.008429146371781826
55224,nan,0.10792046785354614,inf,5.378247261047363,6.6394195556640625
55237,nan,-0.03316478058695793,inf,4.903310298919678,2.174705982208252
55258,nan,-0.12848804891109467,inf,14.33855152130127,-0.019404029473662376
55290,nan,-0.126997172832489,inf,18.77882194519043,-8.921623521018773e-05
55337,nan,-0.12614023685455322,inf,11.606585502624512,0.039495792239904404
55357,nan,0.10598640888929367,inf,4.67419958114624,5.442663669586182
55406,nan,-0.12687112390995026,inf,13.57487678527832,0.0048995972611010075
55413,nan,0.6246418356895447,inf,4.426238059997559,15.626803398132324
55444,nan,0.12451986223459244,inf,4.087254047393799,9.071662902832031
55504,nan,-0.1270839422941208,inf,10.977317810058594,-0.002593994140625
55526,nan,-0.12669874727725983,inf,17.286823272705078,0.013747358694672585
55584,nan,0.004383387975394726,inf,7.563088893890381,3.6059422492980957
55644,nan,-0.03871889039874077,inf,7.991328716278076,4.447360515594482
55671,nan,-0.12683600187301636,inf,13.688719749450684,0.0051510813646018505
55764,nan,-0.11886660009622574,inf,12.8289155960083,0.13704736530780792
55773,nan,-0.12704329192638397,inf,21.541975021362305,3.814697322468419e-07
55828,nan,-0.12704330682754517,inf,26.899274826049805,-9.536743306171047e-08
55830,nan,-0.12704330682754517,inf,25.121524810791016,2.8610230629055877e-07
55894,nan,-0.127158060669899,inf,12.824991226196289,0.0026318549644201994
55948,nan,-0.12675011157989502,inf,16.96991539001465,0.012835693545639515
55989,nan,-0.12703853845596313,inf,21.773069381713867,0.00015563964552711695
56049,nan,-0.12633000314235687,inf,8.918961524963379,0.03198838233947754
56059,nan,-0.1270405501127243,inf,16.701135635375977,8.685589273227379e-05
56072,nan,-0.12704555690288544,inf,18.75704574584961,-6.771087646484375e-05
56077,nan,-0.09767734259366989,inf,8.700152397155762,0.7413501739501953
56088,nan,-0.05892142280936241,inf,8.02506160736084,1.1887307167053223
56171,nan,-0.12704066932201385,inf,21.06230926513672,0.0001360416499665007
56174,nan,-0.12706977128982544,inf,12.684321403503418,0.00805058516561985
56175,nan,-0.11031665652990341,inf,12.318986892700195,0.4290498197078705
56208,nan,0.49550947546958923,inf,4.777595043182373,15.240595817565918
56224,nan,-0.13222728669643402,inf,9.682753562927246,-0.0677742287516594
56313,nan,-0.12814585864543915,inf,14.257028579711914,-0.01934652402997017
56337,nan,-0.1272066831588745,inf,13.330855369567871,-0.0005777358892373741
56348,nan,-0.11707325279712677,inf,8.836954116821289,0.3645634055137634
56349,nan,0.017679443582892418,inf,8.690156936645508,0.9463287591934204
56357,nan,-0.12701989710330963,inf,17.104543685913086,0.000876438629347831
56361,nan,-0.12356072664260864,inf,10.009088516235352,0.08597800880670547
56381,nan,-0.10488714277744293,inf,8.065195083618164,0.2310301810503006
56385,nan,-0.12678766250610352,inf,14.003039360046387,0.009014702402055264
56413,nan,0.17826005816459656,inf,5.196028232574463,10.65018081665039
56446,nan,0.2388155460357666,inf,4.229415416717529,10.968759536743164
56526,nan,-0.12215083837509155,inf,12.718206405639648,0.18782667815685272
56544,nan,-0.04863749071955681,inf,7.1508941650390625,2.3705217838287354
56550,nan,-0.12472372502088547,inf,13.419448852539062,0.0461668036878109
56634,nan,-0.1270429790019989,inf,15.279135704040527,5.53131103515625e-05
56653,nan,0.07176920026540756,inf,7.020555019378662,4.25508975982666
56718,nan,-0.12288140505552292,inf,12.422527313232422,0.047211647033691406
56731,nan,0.0979345366358757,inf,5.86381721496582,3.8022232055664062
56751,nan,-0.06386321038007736,inf,6.944545745849609,1.881119966506958
56765,nan,-0.10613187402486801,inf,10.355731964111328,0.6390504240989685
56815,nan,0.029701445251703262,inf,12.129659652709961,4.534224033355713
56816,nan,-0.12704317271709442,inf,28.025510787963867,6.10351571594947e-06
56883,nan,3.2948949337005615,inf,4.187267303466797,65.37261962890625
56911,nan,0.01763761416077614,inf,6.629505157470703,3.8982231616973877
56912,nan,-0.12691490352153778,inf,10.628897666931152,0.0044328211806714535
56941,nan,-0.12702690064907074,inf,16.5230655670166,0.0006135940784588456
56978,nan,-0.08342447131872177,inf,8.611844062805176,0.24494723975658417
56981,nan,-0.11230357736349106,inf,8.254922866821289,0.3857979476451874
57004,nan,-0.12278758734464645,inf,13.951083183288574,0.07386312633752823
57027,nan,-0.09805487841367722,inf,13.5365629196167,0.8277708292007446
57030,nan,1.9033851623535156,inf,3.9204063415527344,55.54785919189453
57031,nan,-0.09854774922132492,inf,11.546379089355469,0.8175566792488098
57070,nan,-0.13726332783699036,inf,4.957443714141846,-0.4719175398349762
57179,nan,-0.12399949133396149,inf,9.558881759643555,0.09859104454517365
57216,nan,-0.12704427540302277,inf,20.90957260131836,-1.8262862795381807e-05
57252,nan,-0.12704330682754517,inf,35.32045364379883,0.0
57284,nan,-0.09822002053260803,inf,11.091079711914062,0.9037541747093201
57294,nan,-0.126288503408432,inf,12.378928184509277,0.04332486540079117
57303,nan,-0.10772915184497833,inf,8.710136413574219,0.5375142097473145
57320,nan,-0.12693193554878235,inf,16.933401107788086,0.0032777786254882812
57323,nan,-0.12766072154045105,inf,13.071232795715332,-0.00531957158818841
57374,nan,-0.12454026937484741,inf,16.076181411743164,0.048938751220703125
57393,nan,-0.12703321874141693,inf,19.341970443725586,0.0003534555435180664
57415,nan,-0.07307185977697372,inf,8.02707290649414,1.3075518608093262
57456,nan,-0.12700198590755463,inf,19.947437286376953,0.00023627281188964844
57465,nan,-0.12703274190425873,inf,20.4257869720459,0.00046634674072265625
57492,nan,0.08990820497274399,inf,4.347456455230713,4.196135520935059
57499,nan,0.9968132376670837,inf,4.269922733306885,27.42884635925293
57530,nan,-0.12682031095027924,inf,14.299616813659668,0.006537246983498335
57568,nan,-0.11433994024991989,inf,9.751360893249512,0.3946704864501953
57630,nan,-0.07682283222675323,inf,7.346713542938232,-1.2890545129776
57646,nan,-0.06100055202841759,inf,10.308248519897461,2.554332971572876
57666,nan,-0.10816434770822525,inf,8.411664009094238,0.616491436958313
57670,nan,-0.08986105769872665,inf,7.646188259124756,1.580346703529358
57771,nan,-0.12495013326406479,inf,8.813163757324219,0.1074451431632042
57788,nan,-0.12408715486526489,inf,11.549273490905762,0.051247503608465195
57844,nan,-0.10019631683826447,inf,12.953442573547363,0.6283702254295349
57882,nan,-0.12666486203670502,inf,13.461580276489258,0.016604913398623466
57885,nan,-0.12704889476299286,inf,16.348834991455078,1.5163422176556196e-05
57914,nan,-0.11987745016813278,inf,11.712546348571777,0.28616073727607727
58013,nan,-0.1270570009946823,inf,20.87589454650879,-0.0006544113275595009
58061,nan,-0.1270311176776886,inf,18.56829261779785,0.00022602081298828125
58091,nan,1.096610426902771,inf,3.1423072814941406,17.208608627319336
58176,nan,-0.12438439577817917,inf,13.362586975097656,0.07366032898426056
58191,nan,-0.03318507969379425,inf,6.690270900726318,2.68107008934021
58216,nan,0.01689321920275688,inf,4.877804279327393,2.5618226528167725
58228,nan,0.0896049439907074,inf,5.949514389038086,5.965177059173584
58313,nan,-0.12568242847919464,inf,11.633893013000488,0.03952770307660103
58336,nan,-0.0820162370800972,inf,8.521469116210938,1.1993885040283203
58375,nan,-0.12688486278057098,inf,15.724505424499512,0.0069680302403867245
58405,nan,-0.12643741071224213,inf,13.13162899017334,0.017719507217407227
58420,nan,-0.12704306840896606,inf,22.786136627197266,1.57594677148154e-05
58446,nan,-0.08277535438537598,inf,8.061209678649902,1.7983900308609009
58453,nan,0.03522498160600662,inf,4.6612396240234375,4.5638651847839355
58458,nan,-0.12720142304897308,inf,11.959961891174316,-0.0013275146484375
58481,nan,-0.127033531665802,inf,13.192944526672363,0.0030498027335852385
58506,nan,-0.12704330682754517,inf,27.738554000854492,-2.3841858265427618e-08
58519,nan,-0.12436135113239288,inf,11.09553337097168,0.08264994621276855
58593,nan,-0.12704278528690338,inf,22.279388427734375,2.300739288330078e-05
58630,nan,0.6367040872573853,inf,3.633819580078125,14.774497985839844
58656,nan,-0.25586625933647156,inf,5.491782188415527,-1.7198429107666016
58666,nan,-0.1160014420747757,inf,7.961248874664307,0.17291665077209473
58679,nan,-0.12138175219297409,inf,15.721092224121094,0.04061851650476456
58711,nan,-0.13983586430549622,inf,8.042664527893066,0.12905941903591156
58747,nan,0.18129777908325195,inf,9.31734848022461,14.360101699829102
58775,nan,-0.05861551687121391,inf,7.705239295959473,2.7813210487365723
58777,nan,-0.12562930583953857,inf,11.482098579406738,0.0366610549390316
58811,nan,-0.12704281508922577,inf,20.753652572631836,1.2826919373765122e-05
58852,nan,0.42597484588623047,inf,6.5081095695495605,10.272709846496582
58859,nan,-0.1123804822564125,inf,12.844993591308594,0.5559490323066711
58870,nan,-0.1261279135942459,inf,18.120031356811523,0.022219134494662285
58876,nan,-0.12533828616142273,inf,10.86085033416748,0.07579517364501953
58883,nan,-0.12103983014822006,inf,9.231184959411621,0.11985645443201065
58908,nan,-0.12696431577205658,inf,17.828092575073242,0.0036771297454833984
58952,nan,0.1082560196518898,inf,6.226365089416504,3.5635437965393066
59150,nan,-0.1228758841753006,inf,9.569579124450684,0.08944898843765259
59153,nan,-0.12703552842140198,inf,19.13611602783203,0.0003291606844868511
59175,nan,-0.11741834878921509,inf,10.07800006866455,0.39674168825149536
59182,nan,-0.10835611075162888,inf,7.28462553024292,0.49068936705589294
59217,nan,-0.12684254348278046,inf,13.263407707214355,0.005153942387551069
59283,nan,-0.12165903300046921,inf,18.08859634399414,0.2065950483083725
59332,nan,-0.07339992374181747,inf,5.372520923614502,1.3719691038131714
59342,nan,0.11115067452192307,inf,6.651715278625488,3.3670883178710938
59393,nan,-0.12703950703144073,inf,21.900022506713867,0.00016689300537109375
59411,nan,-0.05837837979197502,inf,8.469090461730957,1.3386070728302002
59449,nan,-0.0708705484867096,inf,10.988534927368164,1.1657601594924927
59459,nan,0.01098671555519104,inf,7.5708770751953125,4.077996253967285
59463,nan,-0.1267905831336975,inf,15.050129890441895,0.006989336106926203
59482,nan,-0.09966122359037399,inf,9.81587028503418,0.7156528234481812
59524,nan,-0.1270124614238739,inf,16.924318313598633,0.0002038955717580393
59557,nan,-0.12414397299289703,inf,10.30169677734375,0.09799282997846603
59560,nan,-0.11556247621774673,inf,13.48900318145752,0.36231887340545654
59604,nan,0.12414658069610596,inf,5.284373760223389,6.3065505027771
59632,nan,-0.12585650384426117,inf,20.194944381713867,0.056600213050842285
59644,nan,-0.11618261784315109,inf,12.518558502197266,0.3212628662586212
59691,nan,-0.1269860714673996,inf,17.775304794311523,0.002729225205257535
59693,nan,-0.12680493295192719,inf,14.32432746887207,0.008477116003632545
59695,nan,-0.12300367653369904,inf,14.892196655273438,0.19181106984615326
59748,nan,-0.1270357072353363,inf,21.798559188842773,0.0003317832888569683
59775,nan,0.2645549774169922,inf,4.834718704223633,5.762072563171387
59784,nan,-0.12635353207588196,inf,12.14368724822998,0.033910274505615234
59789,nan,-0.12633047997951508,inf,11.094743728637695,0.10137563198804855
59803,nan,-0.12704546749591827,inf,17.51366424560547,-1.3732910701946821e-05
59818,nan,-0.0634060949087143,inf,6.194675445556641,1.155817985534668
59825,nan,-0.12704160809516907,inf,19.30818748474121,4.1508676076773554e-05
59852,nan,-0.09177076071500778,inf,6.695979595184326,0.8268720507621765
59862,nan,-0.12704314291477203,inf,21.60724639892578,3.337860107421875e-06
59912,nan,-0.1270480453968048,inf,16.9857120513916,-5.514621807378717e-05
59971,nan,-0.12042095512151718,inf,8.177057266235352,0.18507114052772522
60023,nan,0.2590348422527313,inf,4.969598293304443,10.229208946228027
60047,nan,-0.12423674017190933,inf,11.837496757507324,0.10947952419519424
60070,nan,-0.12704595923423767,inf,21.929914474487305,-7.266998727573082e-05
60094,nan,-0.12671718001365662,inf,15.755789756774902,0.014927679672837257
60110,nan,-0.12290044128894806,inf,10.719698905944824,0.1776473969221115
60113,nan,-0.1270432323217392,inf,22.486312866210938,3.814697265625e-06
60149,nan,-0.12699168920516968,inf,13.709004402160645,0.0018281936645507812
60153,nan,-0.12704280018806458,inf,17.480348587036133,2.0885467165498994e-05
60202,nan,-0.11456533521413803,inf,11.92308521270752,0.3596639335155487
60250,nan,0.0387062169611454,inf,6.214299201965332,6.4951491355896
60333,nan,-0.015354031696915627,inf,7.175853252410889,2.8234622478485107
60347,nan,0.05368442460894585,inf,5.946051597595215,4.631962776184082
60395,nan,-0.12696903944015503,inf,15.142155647277832,0.0026994466315954924
60401,nan,-0.12637536227703094,inf,10.144567489624023,0.07566676288843155
60473,nan,-0.1270429939031601,inf,20.619504928588867,2.174973451474216e-05
60485,nan,-0.04796874523162842,inf,7.709084510803223,0.932384192943573
60528,nan,-0.12703894078731537,inf,19.454227447509766,0.00013198853412177414
60547,nan,0.08555818349123001,inf,5.434667110443115,3.079050302505493
60568,nan,-0.15235401690006256,inf,5.4408369064331055,-0.5094283223152161
60569,nan,1.3114628791809082,inf,3.113370656967163,39.92852783203125
60597,nan,-0.11329527944326401,inf,11.132105827331543,0.3222880959510803
60620,nan,-0.1270163208246231,inf,13.731953620910645,0.0012694954639300704
60624,nan,-0.12667226791381836,inf,14.382990837097168,0.00830934103578329
60635,nan,-0.010675727389752865,inf,7.860179901123047,2.866859197616577
60670,nan,-0.12492328882217407,inf,13.835738182067871,0.09940948337316513
60747,nan,-0.13470888137817383,inf,11.184579849243164,-0.20069070160388947
60874,nan,-0.12588775157928467,inf,14.45875072479248,0.028505146503448486
60912,nan,-0.11845503002405167,inf,9.90073299407959,0.2330336570739746
60923,nan,-0.1264449805021286,inf,14.837890625,0.014645385555922985
60928,nan,-0.1206442266702652,inf,10.371886253356934,0.18229614198207855
60944,nan,-0.13517536222934723,inf,8.386690139770508,-0.11854787915945053
60960,nan,-0.12945790588855743,inf,13.56449031829834,-0.04447488859295845
60977,nan,-0.0645497590303421,inf,8.48204231262207,2.8041586875915527
60978,nan,-0.1270492523908615,inf,17.76482582092285,1.1205673899894464e-06
61119,nan,-0.12703312933444977,inf,16.835573196411133,0.0005131721845827997
61143,nan,0.07867526262998581,inf,8.660128593444824,1.9611097574234009
61289,nan,-0.12704330682754517,inf,25.986425399780273,-4.0531159584134e-07
61316,nan,0.2816704213619232,inf,3.98063063621521,7.980139255523682
61318,nan,0.14576910436153412,inf,7.1503190994262695,9.674196243286133
61348,nan,0.035103242844343185,inf,7.41522216796875,4.9842658042907715
61351,nan,-0.12696869671344757,inf,15.228423118591309,0.0008131623617373407
61419,nan,-0.1345513015985489,inf,11.691033363342285,-0.2443075180053711
61439,nan,-0.040064990520477295,inf,9.53398323059082,0.6055092215538025
61452,nan,-0.12703338265419006,inf,16.39826774597168,0.00021667480177711695
61462,nan,-0.1270424723625183,inf,18.380008697509766,1.922249879271476e-07
61468,nan,-0.12706999480724335,inf,16.231531143188477,-0.00050778390141204
61478,nan,-0.12580904364585876,inf,15.211897850036621,0.020134544000029564
61501,nan,-0.12470098584890366,inf,11.851431846618652,0.08000164479017258
61506,nan,-0.12760917842388153,inf,10.87272834777832,0.012452363967895508
61518,nan,-0.12699414789676666,inf,14.476068496704102,0.0018114090198650956
61522,nan,-0.12699370086193085,inf,17.20926856994629,0.0020183564629405737
61527,nan,-0.1271214783191681,inf,18.491392135620117,-0.0014516831142827868
61556,nan,-0.13572867214679718,inf,12.02812385559082,0.008395290933549404
61560,nan,0.02871773950755596,inf,7.337210178375244,2.7167482376098633
61562,nan,-0.1270395666360855,inf,18.92206573486328,4.596710277837701e-05
61570,nan,-0.126997172832489,inf,15.943982124328613,0.0011930465698242188
61580,nan,-0.11725600808858871,inf,10.33207893371582,0.20919838547706604
61672,nan,-0.12704390287399292,inf,27.77119255065918,-2.899169885495212e-05
61679,nan,0.037935685366392136,inf,7.323705196380615,4.4162726402282715
61728,nan,-0.1268942952156067,inf,13.300333976745605,0.00449948338791728
61736,nan,-0.1269695907831192,inf,16.1084041595459,0.0031558990012854338
61764,nan,-0.12513528764247894,inf,8.984160423278809,0.09843254089355469
61826,nan,-0.12674729526042938,inf,7.1945953369140625,0.1648729294538498
61842,nan,-0.12659886479377747,inf,15.977803230285645,0.016171742230653763
61851,nan,-0.1291065663099289,inf,10.522611618041992,-0.08076412975788116
61867,nan,-0.12704266607761383,inf,25.265291213989258,1.220703143189894e-05
61877,nan,-0.13084684312343597,inf,14.049346923828125,-0.07102852314710617
61936,nan,-0.12559570372104645,inf,15.968342781066895,0.039852552115917206
61943,nan,-0.12664057314395905,inf,12.417642593383789,0.01109018363058567
62002,nan,-0.12427278608083725,inf,12.419291496276855,0.06452937424182892
62086,nan,-0.12276983261108398,inf,8.51387882232666,0.13439832627773285
62196,nan,-0.13329404592514038,inf,8.29499340057373,-0.26594457030296326
62243,nan,-0.0906413123011589,inf,10.466315269470215,1.478101134300232
62245,nan,0.23147431015968323,inf,5.108334064483643,7.2977447509765625
62282,nan,0.7684845924377441,inf,4.009814739227295,28.753528594970703
62325,nan,-0.12704327702522278,inf,19.542593002319336,3.719329924933845e-06
62331,nan,-0.1172831803560257,inf,10.64449691772461,0.789283275604248
62348,nan,-0.12687630951404572,inf,14.171996116638184,0.0062077282927930355
62407,nan,-0.1229073628783226,inf,11.934958457946777,0.12324400246143341
62421,nan,-0.1269957572221756,inf,16.1176815032959,0.0016097546322271228
62459,nan,-0.10907997190952301,inf,8.935548782348633,0.04495236277580261
62487,nan,-0.12716083228588104,inf,14.525781631469727,-0.0020897865761071444
62513,nan,-0.022894050925970078,inf,6.016581058502197,1.2592604160308838
62585,nan,-0.1528213769197464,inf,11.131157875061035,-0.3173936903476715
62593,nan,-0.12708747386932373,inf,17.02774429321289,-0.0008191787055693567
62643,nan,-0.12322626262903214,inf,9.320635795593262,0.07189702987670898
62691,nan,-0.12547767162322998,inf,8.83488941192627,0.10017319023609161
62749,nan,-0.12712635099887848,inf,16.6505184173584,-0.0022482872009277344
62756,nan,-0.127045139670372,inf,19.4910945892334,-1.2946128663315903e-05
62781,nan,-0.09175705164670944,inf,6.652411937713623,1.3606438636779785
62789,nan,-0.12751585245132446,inf,13.024500846862793,-0.007620000746101141
62847,nan,-0.12698699533939362,inf,14.533034324645996,0.0018450975185260177
62887,nan,-0.12617254257202148,inf,13.019902229309082,0.03840456157922745
62889,nan,-0.12145761400461197,inf,10.487067222595215,0.13083219528198242
62921,nan,-0.12358130514621735,inf,9.836952209472656,0.06948532909154892
62987,nan,-0.12613382935523987,inf,12.561163902282715,0.028225136920809746
62988,nan,0.5844214558601379,inf,3.994875431060791,12.94848346710205
63075,nan,0.5134758353233337,inf,3.9745452404022217,26.498706817626953
63105,nan,-0.1216481551527977,inf,15.63554859161377,0.13890314102172852
63106,nan,-0.12608031928539276,inf,13.251276016235352,0.03536973148584366
63118,nan,-0.1270410120487213,inf,17.533164978027344,0.0007235527154989541
63120,nan,-0.07387368381023407,inf,9.836149215698242,0.6380810141563416
63145,nan,-0.12322912365198135,inf,10.418871879577637,0.1329146921634674
63161,nan,-0.12694507837295532,inf,14.125152587890625,0.0026615143287926912
63186,nan,-0.1265215128660202,inf,16.371671676635742,0.015591668896377087
63211,nan,-0.12702195346355438,inf,19.374792098999023,0.0006107926601544023
63224,nan,-0.004805861506611109,inf,6.965346813201904,4.6219305992126465
63244,nan,-0.12681476771831512,inf,13.286147117614746,0.005053711123764515
63268,nan,-0.12704329192638397,inf,23.6582088470459,2.74181360282455e-07
63294,nan,-0.09777366369962692,inf,9.43543529510498,1.2131060361862183
63409,nan,-0.12846902012825012,inf,11.543304443359375,-0.03827949985861778
63433,nan,-0.1059751883149147,inf,13.349517822265625,0.6077216863632202
63434,nan,-0.13260208070278168,inf,16.117637634277344,-0.102325439453125
63438,nan,-0.12756145000457764,inf,7.508978366851807,0.609794020652771
63449,nan,-0.1270400881767273,inf,18.193462371826172,2.5606155759305693e-05
63487,nan,-0.13146212697029114,inf,11.916850090026855,-0.09180466085672379
63533,nan,-0.12606187164783478,inf,12.721766471862793,0.020234180614352226
63546,nan,-0.03624800592660904,inf,7.481224060058594,2.935727834701538
63593,nan,-0.12704376876354218,inf,19.461278915405273,1.5401839846163057e-05
63609,nan,2.304290533065796,inf,3.4927003383636475,66.54792785644531
63637,nan,-0.12708942592144012,inf,15.972975730895996,-0.0006733536720275879
63665,nan,-0.07909906655550003,inf,7.6953444480896,0.6455171704292297
63679,nan,-0.12678930163383484,inf,15.543562889099121,0.004345703404396772
63750,nan,0.2386547327041626,inf,5.04434871673584,6.117011547088623
63757,nan,-0.11462682485580444,inf,8.052852630615234,0.24747300148010254
63779,nan,-0.12703333795070648,inf,19.820476531982422,0.0002364158717682585
63904,nan,-0.12703654170036316,inf,17.266813278198242,0.0004945993423461914
63907,nan,-0.11674805730581284,inf,8.951430320739746,0.4412868618965149
63913,nan,-0.12704023718833923,inf,18.86144256591797,0.00012979508028365672
63914,nan,-0.056130439043045044,inf,4.958611965179443,-0.5078943371772766
63945,nan,0.051400553435087204,inf,7.475213527679443,5.040642738342285
64005,nan,-0.12692439556121826,inf,15.52243709564209,0.00548586854711175
64048,nan,-0.12703458964824677,inf,18.34203338623047,0.0005411863676272333
64050,nan,-0.11363206058740616,inf,8.711509704589844,0.3448207974433899
64060,nan,-0.1166854053735733,inf,8.505623817443848,0.13223019242286682
64064,nan,0.08833204209804535,inf,4.9058356285095215,8.493684768676758
64067,nan,-0.12703926861286163,inf,26.478178024291992,0.0002148151397705078
64107,nan,-0.12688948214054108,inf,14.935693740844727,0.00545158376917243
64138,nan,-0.12686865031719208,inf,15.292891502380371,0.011637640185654163
64141,nan,-0.12706147134304047,inf,20.811370849609375,-0.00021419525728560984
64163,nan,0.4062424302101135,inf,3.2980639934539795,9.713106155395508
64181,nan,-0.127582848072052,inf,15.811810493469238,-0.01009280700236559
64222,nan,-0.0954999253153801,inf,10.346138000488281,0.8491315841674805
64304,nan,-0.04484204575419426,inf,10.017232894897461,1.557822585105896
64313,nan,-0.12398194521665573,inf,8.820314407348633,0.10767555236816406
64371,nan,-0.12585647404193878,inf,11.705462455749512,0.027336884289979935
64384,nan,-0.11719230562448502,inf,13.760611534118652,0.23615019023418427
64396,nan,-0.12088485062122345,inf,10.235477447509766,0.23102712631225586
64397,nan,0.10297604650259018,inf,7.264983654022217,8.996166229248047
64407,nan,-0.12697812914848328,inf,16.977285385131836,0.002609300659969449
64446,nan,-0.2292456477880478,inf,6.694779396057129,-0.8527519106864929
64479,nan,-0.12256231158971786,inf,11.374496459960938,0.18776026368141174
64520,nan,-0.10535802692174911,inf,6.6422953605651855,0.33368825912475586
64531,nan,-0.12600252032279968,inf,11.945887565612793,0.023949433118104935
64547,nan,-0.12582825124263763,inf,12.047560691833496,0.00873656291514635
64569,nan,-0.0974544808268547,inf,9.775699615478516,0.22113457322120667
64570,nan,-0.09604296833276749,inf,7.453016757965088,1.293431043624878
64602,nan,-0.12699587643146515,inf,15.51953125,0.001211452530696988
64618,nan,0.1893191933631897,inf,4.72971248626709,6.0431437492370605
64640,nan,-0.12680232524871826,inf,14.754521369934082,0.00812455452978611
64708,nan,-0.12704330682754517,inf,26.001697540283203,0.0
64713,nan,-0.12334214895963669,inf,14.5220308303833,0.0722501277923584
64719,nan,-0.16157589852809906,inf,7.0842790603637695,-0.8454996347427368
64770,nan,0.012324417941272259,inf,6.867044925689697,2.413696527481079
64788,nan,-0.1270541548728943,inf,17.28138542175293,-0.00018390417972113937
64830,nan,1.4238303899765015,inf,3.363431930541992,37.733741760253906
64856,nan,-0.12564904987812042,inf,4.760359287261963,0.9987173080444336
64871,nan,-0.12096500396728516,inf,10.733468055725098,0.15219269692897797
64891,nan,0.9631577730178833,inf,4.913175582885742,32.08997344970703
64945,nan,-0.1270424723625183,inf,23.040279388427734,3.7789344787597656e-05
64993,nan,-0.12849056720733643,inf,16.76201629638672,-0.06911640614271164
65093,nan,-0.12690255045890808,inf,16.41523551940918,0.004034757614135742
65181,nan,-0.12703733146190643,inf,19.187578201293945,0.00013494491577148438
65201,nan,-0.11821245402097702,inf,6.679023265838623,0.11853867769241333
65217,nan,-0.058824967592954636,inf,5.110271453857422,0.2658584415912628
65258,nan,-0.1270240694284439,inf,16.548389434814453,0.0005673408741131425
65281,nan,-0.12705005705356598,inf,20.53255844116211,-0.0001811981201171875
65282,nan,-0.12701396644115448,inf,15.68381404876709,0.0009070158121176064
65288,nan,-0.12851499021053314,inf,10.636564254760742,-0.052941229194402695
65311,nan,-0.1270303577184677,inf,13.628369331359863,0.00158185965847224
65366,nan,-0.12690044939517975,inf,14.378046989440918,0.004318258259445429
65379,nan,-0.12704330682754517,inf,28.341840744018555,0.0
65399,nan,-0.11539462953805923,inf,10.596992492675781,0.32674723863601685
65442,nan,-0.06066988781094551,inf,12.842520713806152,1.603806734085083
65503,nan,-0.1270306557416916,inf,19.91436004638672,0.00048403741675429046
65516,nan,-0.09841495007276535,inf,13.287150382995605,0.3049947917461395
65564,nan,-0.09419039636850357,inf,8.248377799987793,1.4411358833312988
65599,nan,-0.07938321679830551,inf,9.065512657165527,0.40076133608818054
65620,nan,0.34428104758262634,inf,5.393256664276123,14.08049201965332
65696,nan,-0.12659834325313568,inf,14.312311172485352,0.011767578311264515
65700,nan,0.0024226319510489702,inf,11.331175804138184,0.7704865336418152
65729,nan,-0.12756145000457764,inf,16.85276222229004,-0.009715271182358265
65770,nan,-0.14139987528324127,inf,14.750398635864258,-0.2889038026332855
65784,nan,-0.12684345245361328,inf,13.008715629577637,0.006040096282958984
65796,nan,0.00703731132671237,inf,8.343620300292969,3.514972686767578
65827,nan,-0.12230042368173599,inf,10.660969734191895,0.13253803551197052
65846,nan,-0.11787419766187668,inf,8.982699394226074,0.28331685066223145
65862,nan,-0.12813913822174072,inf,12.438600540161133,-0.019661951810121536
65883,nan,-0.03206750750541687,inf,7.002499580383301,1.317028284072876
65900,nan,-0.0822252631187439,inf,7.278833866119385,1.3283662796020508
65921,nan,0.0861821174621582,inf,9.411032676696777,6.56697940826416
65923,nan,-0.127039834856987,inf,17.726909637451172,0.00015387535677291453
65946,nan,-0.12690506875514984,inf,14.026715278625488,0.0071930172853171825
65977,nan,-0.12703458964824677,inf,16.61282730102539,0.0001289844512939453
66001,nan,-0.1269925981760025,inf,16.405437469482422,0.0011175156105309725
66039,nan,-0.12226954847574234,inf,10.528376579284668,0.15105216205120087
66053,nan,-0.09867161512374878,inf,10.348917007446289,0.7597827911376953
66069,nan,-0.09531446546316147,inf,12.127615928649902,0.5680270195007324
66075,nan,-0.10659432411193848,inf,8.270297050476074,0.6110755801200867
66107,nan,-0.12704108655452728,inf,17.724212646484375,0.0001674652157817036
66130,nan,-0.12537983059883118,inf,14.588168144226074,0.053854942321777344
66198,nan,-0.12696094810962677,inf,13.850712776184082,0.002126503037288785
66205,nan,-0.11646485328674316,inf,10.825834274291992,0.25502607226371765
66228,nan,-0.12707051634788513,inf,14.65471363067627,0.0011883408296853304
66245,nan,-0.12744025886058807,inf,9.812841415405273,-0.00554614095017314
66262,nan,2.8034679889678955,inf,3.3825504779815674,69.75881958007812
66313,nan,-0.12620612978935242,inf,20.387531280517578,0.027481460943818092
66314,nan,0.42530617117881775,inf,5.1408610343933105,10.376542091369629
66359,nan,-0.12704405188560486,inf,21.522972106933594,-3.975629806518555e-05
66378,nan,-0.1244465708732605,inf,11.342844009399414,0.030294036492705345
66427,nan,-0.08986977487802505,inf,9.672755241394043,0.9515619277954102
66433,nan,-0.0555649995803833,inf,15.534031867980957,1.155206322669983
66442,nan,-0.1268562525510788,inf,16.272172927856445,0.003294658614322543
66458,nan,-0.131095752120018,inf,8.997397422790527,0.06943517178297043
66519,nan,0.7865796685218811,inf,5.234367847442627,10.435829162597656
66573,nan,-0.1270175278186798,inf,16.98761558532715,0.00020213126845192164
66581,nan,-0.12665073573589325,inf,12.3711519241333,0.03528466820716858
66613,nan,-0.1270841509103775,inf,18.757352828979492,-0.0007639407995156944
66632,nan,-0.15599031746387482,inf,8.012839317321777,-0.3861496150493622
66804,nan,-0.12703947722911835,inf,20.228986740112305,8.659363084007055e-05
66844,nan,-0.1095508262515068,inf,8.19365119934082,0.32801684737205505
66881,nan,-0.1400473713874817,inf,10.682765007019043,-0.208024263381958
66884,nan,-0.12662097811698914,inf,13.15054988861084,0.01502995379269123
66893,nan,-0.12739282846450806,inf,12.422930717468262,-0.0395478717982769
66949,nan,-0.10211559385061264,inf,10.821660995483398,0.3504108488559723
66954,nan,-0.09829612821340561,inf,13.387475967407227,0.9786275029182434
66955,nan,-0.1270373910665512,inf,21.804304122924805,0.00025191306485794485
66968,nan,-0.12590239942073822,inf,12.331212997436523,0.056911468505859375
66973,nan,0.2687086760997772,inf,5.016348361968994,4.769425392150879
67008,nan,-0.09586360305547714,inf,8.9215669631958,0.8593029379844666
67047,nan,0.022318793460726738,inf,6.13912296295166,1.6515930891036987
67074,nan,-0.0863758772611618,inf,7.371971130371094,1.7386353015899658
67098,nan,-0.03317825123667717,inf,8.94505786895752,0.7345669269561768
67113,nan,-0.1270800679922104,inf,15.785284996032715,-0.00024261475482489914
67157,nan,1.7943403720855713,inf,2.535734176635742,50.8160400390625
67225,nan,-0.12691760063171387,inf,13.721223831176758,0.004751109983772039
67298,nan,-0.12625865638256073,inf,10.959917068481445,0.038953542709350586
67306,nan,-0.11959778517484665,inf,11.155542373657227,0.15667572617530823
67346,nan,-0.11182913929224014,inf,10.400362014770508,0.2936738431453705
67358,nan,-0.10847543925046921,inf,11.394362449645996,0.798988401889801
67394,nan,-0.12527896463871002,inf,17.349323272705078,0.06602459400892258
67400,nan,-0.12704318761825562,inf,24.425762176513672,4.291534423828125e-06
67422,nan,-0.12777943909168243,inf,17.972484588623047,-0.016983533278107643
67483,nan,0.022734234109520912,inf,8.404257774353027,4.082367897033691
67495,nan,-0.13228341937065125,inf,5.70655632019043,0.6872235536575317
67560,nan,-0.10885675996541977,inf,9.131104469299316,0.5092034935951233
67566,nan,-0.1270422339439392,inf,19.288307189941406,4.3463707697810605e-05
67574,nan,-0.09468942135572433,inf,8.346243858337402,1.0317469835281372
67591,nan,-0.12701158225536346,inf,12.287556648254395,0.0008412316674366593
67611,nan,-0.1476566344499588,inf,8.18017292022705,-0.38281235098838806
67614,nan,-0.12674854695796967,inf,12.399375915527344,0.008755683898925781
67662,nan,-0.12703152000904083,inf,20.8917293548584,0.0003541707992553711
67667,nan,0.8273462653160095,inf,2.6103224754333496,33.151763916015625
67674,nan,-0.1259336769580841,inf,15.611128807067871,0.021702243015170097
67684,nan,-0.10205365717411041,inf,9.188530921936035,0.8658611178398132
67688,nan,-0.10924728959798813,inf,10.027641296386719,0.8171469569206238
67807,nan,-0.12620113790035248,inf,11.498583793640137,0.018937110900878906
67823,nan,-0.12733641266822815,inf,8.900517463684082,0.2456599324941635
67833,nan,-0.06102835759520531,inf,6.005275726318359,0.8108407855033875
67837,nan,-0.1268683820962906,inf,11.889422416687012,0.0038493634201586246
67864,nan,-0.1201690062880516,inf,12.300750732421875,0.3265867829322815
67868,nan,1.540752649307251,inf,3.557866334915161,38.249855041503906
67881,nan,-0.12704156339168549,inf,21.499271392822266,0.0001771926908986643
67886,nan,-0.12705282866954803,inf,13.791664123535156,-0.00023474694171454757
67931,nan,-0.0308977160602808,inf,6.813421726226807,1.4369032382965088
68006,nan,-0.12025709450244904,inf,9.127927780151367,0.20501232147216797
68037,nan,-0.12625519931316376,inf,14.906379699707031,0.006577682681381702
68120,nan,-0.11263059824705124,inf,15.005681037902832,0.42254287004470825
68153,nan,0.7967791557312012,inf,3.6965560913085938,26.52313804626465
68182,nan,-0.1270432323217392,inf,24.5473575592041,2.28881845032447e-06
68197,nan,-0.15639238059520721,inf,6.010366916656494,-0.9484138488769531
68256,nan,-0.12685760855674744,inf,12.216785430908203,0.006532478611916304
68289,nan,-0.12688396871089935,inf,13.939872741699219,0.007569074630737305
68296,nan,0.05468573048710823,inf,4.700636386871338,5.117759704589844
68336,nan,-0.11966454982757568,inf,10.91333293914795,0.2933673560619354
68416,nan,0.10334090143442154,inf,6.970130920410156,4.268792629241943
68441,nan,-0.12687277793884277,inf,13.888079643249512,0.0031723976135253906
68480,nan,0.16880668699741364,inf,6.045474529266357,7.610220432281494
68485,nan,-0.12704309821128845,inf,22.05757713317871,7.05719003235572e-06
68490,nan,-0.05642026662826538,inf,7.827441692352295,2.1008830070495605
68514,nan,-0.12703245878219604,inf,19.878076553344727,0.0002502441348042339
68529,nan,-0.12659873068332672,inf,13.738688468933105,0.02068968676030636
68629,nan,-0.12704573571681976,inf,20.811922073364258,-4.591941979015246e-05
68702,nan,-0.12704060971736908,inf,21.277387619018555,9.756088547874242e-05
68731,nan,-0.08325454592704773,inf,10.864242553710938,1.6628719568252563
68743,nan,0.325706422328949,inf,4.232804775238037,13.308367729187012
68799,nan,-0.12411868572235107,inf,12.871176719665527,0.08075390011072159
68825,nan,-0.12077616900205612,inf,10.22909164428711,0.22536201775074005
68829,nan,0.018109597265720367,inf,6.021749019622803,1.6801036596298218
68852,nan,-0.12726140022277832,inf,11.588142395019531,-0.011880243197083473
68864,nan,0.2545778751373291,inf,4.728332996368408,8.43458080291748
68868,nan,-0.12548641860485077,inf,10.331348419189453,0.03254718706011772
68878,nan,-0.12704358994960785,inf,20.81205940246582,-5.316734586813254e-06
68886,nan,-0.10594264417886734,inf,6.866710186004639,0.8570537567138672
68889,nan,0.5510842204093933,inf,4.8019208908081055,12.686816215515137
68898,nan,0.9155570864677429,inf,3.5043957233428955,23.579992294311523
68933,nan,0.8894453048706055,inf,3.6948704719543457,21.814491271972656
68989,nan,-0.15840740501880646,inf,10.181188583374023,0.13888521492481232
69009,nan,-0.12704135477542877,inf,21.136993408203125,6.28471389063634e-05
69041,nan,0.7837108969688416,inf,5.669485092163086,27.327356338500977
69103,nan,-0.06284911930561066,inf,7.092772960662842,1.4903219938278198
69146,nan,-0.12704290449619293,inf,21.153661727905273,1.5735626220703125e-05
69150,nan,-0.1268458217382431,inf,15.409367561340332,0.006472599692642689
69151,nan,-0.1269044131040573,inf,13.051918029785156,0.005041900556534529
69173,nan,0.1427478939294815,inf,9.890095710754395,6.198909282684326
69203,nan,5.304166316986084,inf,1.0762697458267212,88.3291015625
69207,nan,-0.12072976678609848,inf,12.059090614318848,0.17444241046905518
69284,nan,0.04496193677186966,inf,3.8765408992767334,0.879466712474823
69308,nan,-0.1270073652267456,inf,20.637920379638672,0.0009125233045779169
69349,nan,-0.1266230195760727,inf,11.494275093078613,0.021872593089938164
69365,nan,-0.1270420104265213,inf,20.47307586669922,3.3092499506892636e-05
69368,nan,-0.12701475620269775,inf,22.228240966796875,0.0011116027599200606
69391,nan,1.85128653049469,inf,4.292625427246094,33.84130859375
69399,nan,-0.12705545127391815,inf,20.050336837768555,-0.00020446778216864914
69418,nan,-0.1272990107536316,inf,17.408870697021484,-0.005234503652900457
69452,nan,-0.11506851762533188,inf,12.366545677185059,0.13949699699878693
69461,nan,-0.12821806967258453,inf,11.307034492492676,-0.01692819595336914
69537,nan,-0.12704259157180786,inf,17.869504928588867,3.852844383800402e-05
69558,nan,0.30779796838760376,inf,3.896027088165283,12.189764976501465
69584,nan,-0.12704342603683472,inf,21.05658531188965,1.4781952586417901e-06
69593,nan,-0.12703737616539001,inf,18.64283561706543,0.00017788411059882492
69616,nan,-0.12645332515239716,inf,11.701265335083008,0.017122674733400345
69628,nan,-0.12700682878494263,inf,18.586902618408203,0.0020126819144934416
69634,nan,-0.1105520948767662,inf,8.936627388000488,0.4462001323699951
69652,nan,0.10315586626529694,inf,5.043604850769043,6.3152875900268555
69669,nan,-0.12677593529224396,inf,17.143144607543945,0.00873943604528904
69686,nan,-0.08435367792844772,inf,8.440823554992676,1.1893385648727417
69709,nan,0.09109625220298767,inf,4.752639293670654,5.834827423095703
69723,nan,-0.12662287056446075,inf,12.808801651000977,0.009313535876572132
69748,nan,-0.09045214205980301,inf,6.10039758682251,0.7996644377708435
69759,nan,-0.12703974545001984,inf,18.24787712097168,0.00013046264939475805
69771,nan,-0.12629765272140503,inf,16.842422485351562,0.02125701867043972
69780,nan,-0.12109252065420151,inf,13.428885459899902,0.25638318061828613
69793,nan,-0.1269359290599823,inf,14.871533393859863,0.0031578063499182463
69810,nan,-0.12701712548732758,inf,18.860755920410156,0.0012174606090411544
69886,nan,-0.1019539162516594,inf,9.408358573913574,0.12761326134204865
69887,nan,-0.12705069780349731,inf,16.369173049926758,-0.000675416027661413
69899,nan,-0.12701186537742615,inf,19.649150848388672,0.0005953788640908897
69915,nan,3.3786933422088623,inf,1.7490962743759155,75.77125549316406
69929,nan,-0.12704287469387054,inf,19.914735794067383,1.430511474609375e-05
69933,nan,-0.044185418635606766,inf,6.590420722961426,2.4908995628356934
69938,nan,-0.11893490701913834,inf,12.356731414794922,0.2472975254058838
69950,nan,-0.11252214014530182,inf,8.433813095092773,0.6157066226005554
69983,nan,-0.12657521665096283,inf,14.565057754516602,0.014444100670516491
69986,nan,0.28421249985694885,inf,6.502044677734375,8.355720520019531
69995,nan,-0.12689384818077087,inf,15.254602432250977,0.005622548051178455
70013,nan,-0.1271044909954071,inf,13.804883003234863,-0.002340984297916293
70023,nan,-0.12701226770877838,inf,17.504690170288086,0.0005097389221191406
70030,nan,-0.13942788541316986,inf,5.475565433502197,1.2525551319122314
70043,nan,-0.12715363502502441,inf,13.396695137023926,-0.002416944596916437
70050,nan,0.23202912509441376,inf,4.810256481170654,7.152467250823975
70141,nan,-0.1271934062242508,inf,15.799426078796387,-0.0026261569000780582
70187,nan,-0.13550035655498505,inf,10.073158264160156,0.0020012855529785156
70218,nan,7.385066986083984,inf,1.1737812757492065,115.69300842285156
70250,nan,-0.12643568217754364,inf,16.043249130249023,0.020314907655119896
70256,nan,0.7544156312942505,inf,5.074216842651367,11.473892211914062
70303,nan,-0.12694339454174042,inf,14.837859153747559,0.0036106824409216642
70329,nan,-0.11405885219573975,inf,9.49585247039795,0.31422972679138184
70416,nan,-0.1271965354681015,inf,12.618919372558594,-0.003039628267288208
70428,nan,-0.11019505560398102,inf,10.016907691955566,0.5418094992637634
70483,nan,-0.12704326212406158,inf,29.531187057495117,1.4781952586417901e-06
70485,nan,-0.1259550005197525,inf,13.258331298828125,0.022996902465820312
70511,nan,-0.12704436480998993,inf,22.4077205657959,-1.5187263670668472e-05
70515,nan,-0.003844050457701087,inf,6.328625679016113,2.2042930126190186
70523,nan,-0.12397290766239166,inf,10.314387321472168,0.06228780746459961
70525,nan,0.051161278039216995,inf,6.758930206298828,2.397876024246216
70559,nan,-0.12710615992546082,inf,12.5519437789917,-0.002433824585750699
70585,nan,-0.1274629533290863,inf,17.750198364257812,-0.008488846011459827
70595,nan,-0.12559960782527924,inf,10.231757164001465,0.036304522305727005
70638,nan,0.745628833770752,inf,5.358380317687988,12.105502128601074
70664,nan,0.3855895400047302,inf,4.636729717254639,9.271357536315918
70752,nan,-0.12662185728549957,inf,12.877578735351562,0.007786273956298828
70767,nan,-0.12680818140506744,inf,13.017578125,0.007601261138916016
70775,nan,-0.12611627578735352,inf,19.490392684936523,0.04385223612189293
70820,nan,0.14130398631095886,inf,6.848028659820557,8.240493774414062
70830,nan,0.143929585814476,inf,6.66309118270874,9.048758506774902
70876,nan,-0.12464716285467148,inf,13.786088943481445,0.07236327975988388
70906,nan,-0.12685732543468475,inf,13.867144584655762,0.004035854246467352
70914,nan,-0.12417187541723251,inf,16.899749755859375,0.13546399772167206
70937,nan,-0.12842893600463867,inf,15.57353687286377,-0.025592375546693802
70966,nan,-0.0988246276974678,inf,5.818979740142822,0.9428295493125916
71004,nan,-0.1208956241607666,inf,6.943562984466553,-0.17573241889476776
71006,nan,-0.127041757106781,inf,20.574960708618164,3.5858156479662284e-05
71066,nan,-0.13257591426372528,inf,9.395750999450684,-0.1610274761915207
71100,nan,-0.12190022319555283,inf,9.01523494720459,0.12442725151777267
71101,nan,-0.12248016893863678,inf,9.932503700256348,0.090248242020607
71116,nan,0.7297927737236023,inf,2.75596284866333,18.68018913269043
71128,nan,-0.12702025473117828,inf,17.342130661010742,0.0009509086958132684
71130,nan,-0.12703220546245575,inf,22.865447998046875,0.000526046787854284
71136,nan,0.2086823433637619,inf,5.450286388397217,5.691949844360352
71208,nan,-0.02641908824443817,inf,6.469642162322998,1.7397202253341675
71233,nan,-0.1147606372833252,inf,10.025595664978027,0.4643537700176239
71236,nan,0.1560157984495163,inf,3.216876745223999,8.162428855895996
71269,nan,-0.12666712701320648,inf,18.52349090576172,0.007298279087990522
71300,nan,-0.1241040751338005,inf,8.566205024719238,-0.4519936740398407
71357,nan,-0.12701335549354553,inf,18.880802154541016,0.00013628006854560226
71417,nan,1.0439542531967163,inf,2.6400182247161865,24.32996368408203
71453,nan,-0.12702494859695435,inf,15.207605361938477,0.0006170988199301064
71556,nan,-0.19466276466846466,inf,8.78946590423584,-2.500864028930664
71586,nan,0.011476675979793072,inf,9.196974754333496,5.366086483001709
71673,nan,-0.09477988630533218,inf,7.900912761688232,0.9074478149414062
71706,nan,-0.0006245099357329309,inf,8.559507369995117,4.468804836273193
71719,nan,-0.0008843612158671021,inf,6.840859413146973,3.082143783569336
71733,nan,0.03934737667441368,inf,7.877060890197754,1.4080798625946045
71748,nan,-0.09129082411527634,inf,8.169331550598145,1.35883367061615
71783,nan,-0.12437859922647476,inf,12.299276351928711,0.11687715351581573
71789,nan,-0.12703824043273926,inf,17.570674896240234,0.00018649101548362523
71823,nan,-0.1513385772705078,inf,8.575274467468262,-0.6062442064285278
71832,nan,-0.12648797035217285,inf,13.691906929016113,0.022367095574736595
71864,nan,-0.12698708474636078,inf,16.982952117919922,0.0010762446327134967
71900,nan,-0.12777268886566162,inf,15.43177318572998,-0.013242277316749096
71936,nan,-0.1270325928926468,inf,16.261693954467773,0.0003612995205912739
71959,nan,0.05601155757904053,inf,6.249207973480225,7.187829494476318
71992,nan,-0.18327748775482178,inf,10.325736999511719,-1.024418592453003
71994,nan,-0.028018563985824585,inf,9.14709758758545,3.36030650138855
72028,nan,-0.12346680462360382,inf,12.137967109680176,0.16093668341636658
72078,nan,-0.027717668563127518,inf,6.8575758934021,2.2630066871643066
72118,nan,-0.07539083063602448,inf,9.690503120422363,0.9640733599662781
72133,nan,0.7980320453643799,inf,3.2257962226867676,20.150741577148438
72203,nan,-0.12404759228229523,inf,11.929569244384766,0.08086548000574112
72253,nan,-0.12702414393424988,inf,18.842884063720703,0.00014011860184837133
72336,nan,0.1260339468717575,inf,5.46026086807251,7.645801067352295
72337,nan,-0.09110045433044434,inf,8.219951629638672,1.0277467966079712
72340,nan,0.01124319713562727,inf,6.274447917938232,1.9546953439712524
72366,nan,-0.11875766515731812,inf,9.271689414978027,0.21949787437915802
72367,nan,-0.12695078551769257,inf,13.669273376464844,0.0031045495998114347
72389,nan,-0.1108262911438942,inf,10.123396873474121,0.4134061336517334
72533,nan,-0.12708839774131775,inf,15.936665534973145,-0.0010626077419146895
72534,nan,-0.12692636251449585,inf,19.522789001464844,0.0055065155029296875
72572,nan,-0.12703615427017212,inf,14.983813285827637,0.0002816617488861084
72580,nan,-0.07372616976499557,inf,7.210753917694092,2.053072690963745
72604,nan,-0.11703198403120041,inf,9.720290184020996,0.22122497856616974
72631,nan,-0.12704049050807953,inf,18.06020164489746,0.00010337829735362902
72661,nan,0.23289088904857635,inf,5.345852851867676,8.270113945007324
72693,nan,0.3068400025367737,inf,4.539622783660889,8.037154197692871
72727,nan,-0.12559543550014496,inf,16.073774337768555,0.05629859119653702
72740,nan,-0.12638042867183685,inf,15.608675956726074,0.011594998650252819
72762,nan,-0.1232341080904007,inf,10.55066967010498,0.03509168699383736
72791,nan,-0.12170135229825974,inf,8.122941970825195,0.139955073595047
72796,nan,-0.12703301012516022,inf,18.574642181396484,0.00022742748842574656
72814,nan,-0.12374337762594223,inf,15.172711372375488,0.024324417114257812
72815,nan,-0.15812315046787262,inf,20.780454635620117,-0.9124099612236023
72845,nan,-0.12706081569194794,inf,14.984721183776855,0.0014329910045489669
72873,nan,-0.1275613009929657,inf,8.324589729309082,-0.01687917672097683
72887,nan,-0.11468547582626343,inf,9.125959396362305,0.36055874824523926
72892,nan,-0.1135258823633194,inf,9.758994102478027,0.32108956575393677
72945,nan,-0.12704382836818695,inf,28.976720809936523,-9.15527380129788e-06
72964,nan,-0.09121661633253098,inf,9.27552318572998,0.682230532169342
73038,nan,-0.12533079087734222,inf,11.126726150512695,0.00875698309391737
73164,nan,-0.2358349859714508,inf,5.398231029510498,-2.273940086364746
73246,nan,0.12605391442775726,inf,4.7263054847717285,7.123112678527832
73254,nan,-0.12704318761825562,inf,21.4486026763916,2.09808349609375e-05
