train_idx,x_rm,y_a,d_raw,m_raw,a_raw
78,nan,-0.11964619159698486,inf,11.924410820007324,0.019287109375
79,nan,-0.12025131285190582,inf,17.21114158630371,0.003912639804184437
105,nan,0.8532201051712036,inf,4.3747076988220215,19.76211929321289
111,nan,-0.11613855510950089,inf,13.12785816192627,0.12851950526237488
151,nan,-0.10236169397830963,inf,7.019723415374756,0.22897501289844513
193,nan,-0.12033834308385849,inf,22.448169708251953,0.0009607315296307206
213,nan,0.1063750609755516,inf,6.518908977508545,5.351248264312744
250,nan,-0.12637272477149963,inf,9.723398208618164,-0.1521800011396408
262,nan,-0.11792033910751343,inf,13.481767654418945,0.10519218444824219
277,nan,0.6167803406715393,inf,3.8261940479278564,18.405244827270508
305,nan,-0.12005447596311569,inf,18.599777221679688,0.011073636822402477
329,nan,-0.11935492604970932,inf,17.276153564453125,0.04717769846320152
467,nan,-0.12149903923273087,inf,12.564818382263184,-0.01053092535585165
473,nan,-0.1203363910317421,inf,16.85088539123535,0.0007732391241006553
478,nan,0.8743578791618347,inf,2.8342912197113037,21.123458862304688
546,nan,-0.12009797245264053,inf,12.321623802185059,0.00705189723521471
555,nan,-0.11677664518356323,inf,11.690752983093262,0.08734516054391861
565,nan,3.035994529724121,inf,2.148787260055542,104.67799377441406
601,nan,-0.1082700863480568,inf,10.726938247680664,0.09496098011732101
613,nan,-0.07496277987957001,inf,7.302989482879639,0.9588329195976257
614,nan,-0.08813943713903427,inf,9.545129776000977,0.5942673087120056
616,nan,-0.11728012561798096,inf,11.07971477508545,0.02313307486474514
625,nan,-0.12022566050291061,inf,16.347929000854492,0.006274127867072821
673,nan,-0.1201397106051445,inf,14.357866287231445,0.007251834962517023
675,nan,-0.35446465015411377,inf,4.648129940032959,-5.53790283203125
714,nan,0.39302268624305725,inf,4.609170436859131,9.501173973083496
728,nan,0.2590376138687134,inf,3.673225164413452,9.525031089782715
733,nan,0.3617933392524719,inf,5.104842185974121,7.48817777633667
745,nan,-0.12044667452573776,inf,15.903193473815918,-0.002092743059620261
796,nan,-0.11979001760482788,inf,18.556596755981445,0.012733841314911842
799,nan,0.00804276205599308,inf,7.32867431640625,3.4329593181610107
806,nan,-0.11454472690820694,inf,8.919478416442871,0.20812606811523438
818,nan,0.048006583005189896,inf,5.2091569900512695,3.134631872177124
829,nan,-0.11610450595617294,inf,10.174177169799805,0.030786847695708275
864,nan,0.19241125881671906,inf,4.591553688049316,3.7364559173583984
889,nan,-0.1203458234667778,inf,14.053749084472656,0.0004690587520599365
908,nan,0.11746547371149063,inf,6.402211666107178,7.027868747711182
920,nan,-0.11583880335092545,inf,14.323729515075684,0.12950587272644043
937,nan,-0.1202930361032486,inf,15.772468566894531,0.0021497251000255346
948,nan,-0.11842506378889084,inf,17.641271591186523,0.08968772739171982
994,nan,-0.12035461515188217,inf,16.57256507873535,0.00011752844147849828
1021,nan,-0.1201205775141716,inf,13.312601089477539,0.006897974293678999
1026,nan,-0.1180151104927063,inf,12.959434509277344,0.0494842529296875
1034,nan,-0.1175263449549675,inf,10.386853218078613,0.16254857182502747
1047,nan,-0.12033244222402573,inf,15.401376724243164,0.00044982435065321624
1049,nan,-0.11595641821622849,inf,12.575972557067871,0.05522527918219566
1076,nan,-0.12027188390493393,inf,17.368574142456055,0.00349941267631948
1151,nan,-0.06973450630903244,inf,6.115058898925781,1.1840131282806396
1156,nan,-0.03094482421875,inf,6.42473840713501,1.9082838296890259
1168,nan,0.024949336424469948,inf,4.948563575744629,2.4261014461517334
1185,nan,-0.12035318464040756,inf,19.45850372314453,0.00022287368483375758
1218,nan,-0.08763708174228668,inf,9.517390251159668,1.2984602451324463
1223,nan,-0.12034636735916138,inf,19.624359130859375,0.00016126633272506297
1235,nan,-0.07881636917591095,inf,8.400324821472168,0.6683737635612488
1278,nan,-0.12035565823316574,inf,15.920367240905762,-2.4390221369685605e-05
1286,nan,0.2229236364364624,inf,4.387658596038818,4.766576290130615
1303,nan,-0.12016742676496506,inf,14.6034517288208,0.004451847169548273
1350,nan,-0.0464678592979908,inf,7.839649200439453,1.5801517963409424
1387,nan,-0.12041746824979782,inf,17.424863815307617,-0.00043592453585006297
1445,nan,-0.12036024779081345,inf,19.29164695739746,-8.314847946166992e-06
1454,nan,-0.1211920902132988,inf,14.582951545715332,-0.017604732885956764
1457,nan,-0.12048699706792831,inf,14.699536323547363,-0.0021999359596520662
1477,nan,-0.12035136669874191,inf,22.087881088256836,0.00023117066302802414
1500,nan,0.4488196074962616,inf,4.482001781463623,10.857291221618652
1526,nan,-0.11963460594415665,inf,13.961756706237793,0.015192884020507336
1545,nan,-0.1147482618689537,inf,9.564801216125488,0.10682833194732666
1569,nan,0.10139403492212296,inf,5.263771057128906,8.245198249816895
1617,nan,-0.12035480886697769,inf,16.21369743347168,0.0005996703985147178
1792,nan,-0.12013274431228638,inf,12.523265838623047,0.002285534283146262
1806,nan,0.08451247215270996,inf,5.9334845542907715,4.449477672576904
1808,nan,-0.12034080177545547,inf,15.652603149414062,0.0006294310442171991
1825,nan,-0.1203584223985672,inf,19.72563934326172,2.880096508306451e-05
1869,nan,-0.12010841816663742,inf,13.7359619140625,0.004034710116684437
1928,nan,-0.12034076452255249,inf,15.90903377532959,0.0012672424782067537
1961,nan,0.013635985553264618,inf,5.69880485534668,1.2993205785751343
1986,nan,-0.11813352257013321,inf,17.194913864135742,0.1047901138663292
1993,nan,-0.11618097871541977,inf,12.813743591308594,0.1840183287858963
2039,nan,-0.12034918367862701,inf,13.064335823059082,0.0031472444534301758
2056,nan,-0.12081176042556763,inf,9.589483261108398,0.0040867808274924755
2091,nan,3.2508156299591064,inf,2.9721570014953613,57.23512649536133
2096,nan,-0.12030819803476334,inf,6.502774715423584,-0.19728276133537292
2145,nan,-0.12024553120136261,inf,16.4746150970459,0.004430294036865234
2176,nan,-0.11204200237989426,inf,9.082640647888184,0.19412270188331604
2269,nan,-0.09316539764404297,inf,11.588220596313477,0.6470568776130676
2276,nan,0.46518227458000183,inf,4.140537261962891,14.61717414855957
2280,nan,-0.12035936117172241,inf,22.751968383789062,-6.413459686882561e-06
2342,nan,0.3561529219150543,inf,3.9211819171905518,9.127564430236816
2346,nan,-0.12035923451185226,inf,35.7431526184082,0.0
2380,nan,-0.11874330043792725,inf,13.092782974243164,0.07557620853185654
2414,nan,-0.11830853670835495,inf,14.478816032409668,0.08984916657209396
2423,nan,-0.12035717815160751,inf,17.164100646972656,0.0002839088556356728
2448,nan,-0.12035923451185226,inf,19.766616821289062,6.675720101156912e-07
2521,nan,-0.11882692575454712,inf,11.767601013183594,-0.01671566441655159
2571,nan,-0.10911071300506592,inf,11.007018089294434,0.14071102440357208
2576,nan,1.7328652143478394,inf,2.9722483158111572,37.403587341308594
2600,nan,-0.12030863016843796,inf,13.2630033493042,0.00292797083966434
2653,nan,0.049921367317438126,inf,6.821689128875732,4.164565086364746
2654,nan,-0.1157091036438942,inf,13.401626586914062,0.06730717420578003
2704,nan,-0.1153392419219017,inf,12.680750846862793,0.03391833230853081
2724,nan,-0.09689273685216904,inf,8.525331497192383,0.762915313243866
2743,nan,0.31074467301368713,inf,4.041724681854248,13.30126953125
2763,nan,-0.11534657329320908,inf,12.773850440979004,0.2163526564836502
2843,nan,-0.11364420503377914,inf,11.31390380859375,0.21438740193843842
2853,nan,-0.11761444807052612,inf,11.169842720031738,0.08772438764572144
2866,nan,-0.021214023232460022,inf,6.534002780914307,1.384207844734192
2889,nan,-0.1201150193810463,inf,13.221246719360352,0.0021217346657067537
2908,nan,-0.11928391456604004,inf,12.891474723815918,0.020017433911561966
2909,nan,-0.12091423571109772,inf,12.033297538757324,-0.01750335656106472
2912,nan,-0.11080097407102585,inf,13.418156623840332,0.4489605128765106
2945,nan,-0.12033089250326157,inf,17.874204635620117,0.0007474124431610107
2962,nan,-0.12027603387832642,inf,15.468238830566406,0.0006105184438638389
2965,nan,-0.12035961449146271,inf,20.30805015563965,6.4373016357421875e-06
2995,nan,-0.12034016102552414,inf,19.410968780517578,0.00039042235584929585
3020,nan,-0.07368791103363037,inf,9.874427795410156,1.157097339630127
3104,nan,-0.09766161441802979,inf,11.509759902954102,0.2696518003940582
3163,nan,0.19534681737422943,inf,5.986510753631592,8.038077354431152
3266,nan,-0.11969146877527237,inf,16.30830192565918,0.03088398091495037
3278,nan,0.007483201567083597,inf,7.25344181060791,2.61576247215271
3286,nan,-0.08147620409727097,inf,8.866318702697754,0.44238805770874023
3297,nan,-0.11721735447645187,inf,9.254721641540527,0.12332258373498917
3357,nan,0.06335829943418503,inf,7.194457530975342,5.0139079093933105
3475,nan,-0.1204569935798645,inf,14.634551048278809,-0.0021339894738048315
3478,nan,0.02966350130736828,inf,7.034771919250488,2.602553367614746
3579,nan,-0.1203644871711731,inf,15.17285442352295,0.0003450632211752236
3580,nan,-0.12036102265119553,inf,15.05876350402832,0.0002760887145996094
3589,nan,-0.12031711637973785,inf,17.862411499023438,0.0012814045185223222
3597,nan,-0.1042155995965004,inf,9.288073539733887,0.18751679360866547
3615,nan,-0.10799653828144073,inf,11.401740074157715,0.48432180285453796
3636,nan,-0.11253898590803146,inf,9.163673400878906,0.24141740798950195
3645,nan,-0.1203601285815239,inf,20.962167739868164,-2.021789623540826e-05
3664,nan,-0.11900646984577179,inf,12.636343955993652,0.028311921283602715
3714,nan,-0.1188000813126564,inf,10.563923835754395,0.021605301648378372
3748,nan,-0.14340834319591522,inf,7.644738674163818,-0.19756412506103516
3764,nan,-0.12949669361114502,inf,7.445193767547607,0.050554659217596054
3778,nan,-0.09957189857959747,inf,6.712896823883057,0.8582491874694824
3845,nan,-0.09687624871730804,inf,7.4818949699401855,0.49446359276771545
3848,nan,-0.09091293811798096,inf,9.512473106384277,0.9122408032417297
3890,nan,0.14247842133045197,inf,5.810834884643555,9.321013450622559
3916,nan,-0.11382313817739487,inf,9.757895469665527,0.16521243751049042
3933,nan,-0.1203489899635315,inf,21.688016891479492,0.00019950866408180445
3948,nan,-0.02649143896996975,inf,8.058485984802246,3.4251868724823
3969,nan,-0.040522243827581406,inf,3.842400312423706,7.345649719238281
3980,nan,-0.03930182009935379,inf,7.540988922119141,0.8889738321304321
4018,nan,-0.12041281908750534,inf,12.718523979187012,-0.0013715506065636873
4067,nan,-0.11939793825149536,inf,18.256898880004883,0.045578815042972565
4068,nan,-0.12058911472558975,inf,18.84910011291504,-0.010940170846879482
4112,nan,-0.11990118026733398,inf,12.267858505249023,0.011527443304657936
4116,nan,0.08760098367929459,inf,6.072189807891846,2.8038547039031982
4193,nan,-0.11915892362594604,inf,11.386344909667969,0.04715270921587944
4201,nan,-0.1127336397767067,inf,11.315347671508789,0.24439668655395508
4211,nan,4.4047465324401855,inf,1.078171730041504,99.42791748046875
4222,nan,-0.11952056735754013,inf,11.797968864440918,0.023270130157470703
4268,nan,-0.16496743261814117,inf,4.972731113433838,-1.38718581199646
4391,nan,-0.10236366093158722,inf,6.634494781494141,0.7698811292648315
4402,nan,-0.12007749080657959,inf,24.44637107849121,0.0039424896240234375
4405,nan,1.3549609184265137,inf,3.557462692260742,33.434078216552734
4416,nan,0.14593110978603363,inf,6.169040679931641,6.752152919769287
4429,nan,-0.12027247250080109,inf,15.154036521911621,0.002308320952579379
4433,nan,-0.12033287435770035,inf,15.259814262390137,0.0005228996160440147
4443,nan,-0.12027745693922043,inf,14.277478218078613,0.004084515850991011
4446,nan,-0.11701057106256485,inf,15.345664978027344,0.08756561577320099
4458,nan,-0.0809069350361824,inf,7.280595302581787,0.31308242678642273
4516,nan,0.0756409540772438,inf,5.613759517669678,5.750484943389893
4525,nan,-0.12042688578367233,inf,18.5049991607666,-0.00148096086923033
4635,nan,-0.12026707082986832,inf,12.330790519714355,0.007657885551452637
4674,nan,-0.11418775469064713,inf,11.50042724609375,0.19479842483997345
4736,nan,-0.11728997528553009,inf,10.179072380065918,0.04517478868365288
4782,nan,-0.12730203568935394,inf,7.838165283203125,-0.09142837673425674
4798,nan,-0.09924008697271347,inf,7.7221999168396,1.332643747329712
4802,nan,-0.12032902240753174,inf,16.956083297729492,0.0011186838382855058
4823,nan,0.16582369804382324,inf,5.362319469451904,7.952855110168457
4829,nan,-0.11206336319446564,inf,11.02891731262207,0.28206971287727356
4855,nan,-0.1203608438372612,inf,17.902456283569336,-2.1076202756376006e-05
4918,nan,0.42034712433815,inf,3.957612991333008,14.422128677368164
4976,nan,-0.11500107496976852,inf,11.436663627624512,0.1782417595386505
5008,nan,-0.08197589963674545,inf,9.742637634277344,0.3521652817726135
5025,nan,0.06035025790333748,inf,4.85022497177124,5.778854846954346
5028,nan,-0.08398529142141342,inf,8.17789363861084,1.1771208047866821
5065,nan,-0.12095063179731369,inf,14.037752151489258,-0.008869958110153675
5107,nan,0.5710533857345581,inf,4.8303303718566895,13.606135368347168
5134,nan,-0.12012413889169693,inf,10.178415298461914,0.016717886552214622
5178,nan,0.025036616250872612,inf,5.110301494598389,2.836609363555908
5180,nan,-0.12014668434858322,inf,14.388208389282227,0.008417367935180664
5229,nan,-0.12035372108221054,inf,16.61302947998047,0.00016837120347190648
5230,nan,-0.06375174969434738,inf,7.502754211425781,0.8750500679016113
5235,nan,-0.11846208572387695,inf,14.844879150390625,0.06339740753173828
5243,nan,-0.1228843703866005,inf,7.540571689605713,-0.048888660967350006
5293,nan,0.45917969942092896,inf,2.6801018714904785,21.585371017456055
5307,nan,-0.12007006257772446,inf,15.283477783203125,0.006226301193237305
5312,nan,-0.09868701547384262,inf,9.308063507080078,1.1089361906051636
5320,nan,-0.11978956311941147,inf,13.285234451293945,0.019469071179628372
5373,nan,-0.08893422037363052,inf,9.979813575744629,0.3956110179424286
5443,nan,0.007855532690882683,inf,6.008544921875,5.039487838745117
5531,nan,-0.12023371458053589,inf,13.834540367126465,0.006277299020439386
5585,nan,-0.12035524100065231,inf,15.664596557617188,0.00021798610396217555
5626,nan,-0.018252527341246605,inf,4.918625831604004,2.0317394733428955
5640,nan,-0.12147893756628036,inf,13.291075706481934,-0.012782573699951172
5648,nan,-0.12023718655109406,inf,12.177946090698242,0.004148674197494984
5675,nan,0.33379095792770386,inf,5.0994696617126465,7.805255889892578
5714,nan,-0.12389733642339706,inf,11.105454444885254,-0.06910118460655212
5738,nan,5.761580944061279,inf,-0.5283141732215881,152.4907684326172
5824,nan,-0.12035282701253891,inf,25.964096069335938,0.00017585755267646164
5829,nan,0.15269647538661957,inf,4.724379539489746,4.586897373199463
5837,nan,-0.10616961866617203,inf,9.42263126373291,0.25374075770378113
5839,nan,0.6366510391235352,inf,3.372447967529297,14.691164016723633
5855,nan,-0.12001865357160568,inf,13.495587348937988,0.012543678283691406
5857,nan,-0.09218350797891617,inf,10.988930702209473,0.6984110474586487
5863,nan,0.3794180452823639,inf,6.096228122711182,11.842384338378906
5907,nan,-0.14456553757190704,inf,7.75075626373291,0.16378355026245117
5913,nan,-0.0007396605215035379,inf,5.98634672164917,1.8376905918121338
5943,nan,-0.07702016085386276,inf,7.073023319244385,1.070690393447876
5999,nan,0.08324973285198212,inf,4.902781963348389,7.42811918258667
6036,nan,-0.12035020440816879,inf,16.445125579833984,0.0002218723384430632
6069,nan,-0.11871224641799927,inf,13.301318168640137,0.04187173768877983
6092,nan,-0.12024006992578506,inf,15.115880012512207,0.003865790320560336
6130,nan,1.2849682569503784,inf,3.4171180725097656,42.0226936340332
6135,nan,-0.11940524727106094,inf,15.348947525024414,0.0437895767390728
6232,nan,-0.12028717249631882,inf,21.82847023010254,0.0022346496116369963
6261,nan,-0.10445474833250046,inf,15.5693998336792,0.3592629134654999
6319,nan,-0.10813858360052109,inf,13.265896797180176,0.5064353942871094
6347,nan,-0.06378395110368729,inf,10.807806968688965,0.5215198397636414
6377,nan,-0.10825647413730621,inf,11.704936981201172,0.2888776957988739
6380,nan,-0.11998533457517624,inf,16.22153091430664,0.010042381472885609
6384,nan,-0.12036136537790298,inf,20.845563888549805,-0.000102996826171875
6421,nan,-0.12054182589054108,inf,15.58646297454834,-0.0038034904282540083
6469,nan,-0.11639782041311264,inf,8.276595115661621,0.1926807016134262
6488,nan,-0.10748004168272018,inf,9.071414947509766,0.5990678668022156
6546,nan,-0.11611729115247726,inf,15.304107666015625,0.04518718644976616
6573,nan,-0.11983656138181686,inf,14.762489318847656,0.010021448135375977
6590,nan,-0.12419866770505905,inf,12.607078552246094,-0.03370659425854683
6612,nan,-0.11402968317270279,inf,10.990854263305664,0.2742155194282532
6672,nan,-0.1203581839799881,inf,25.80421257019043,2.517700158932712e-05
6680,nan,-0.06429698318243027,inf,7.292344570159912,1.7325531244277954
6769,nan,-0.11425302177667618,inf,9.632094383239746,0.10694258660078049
6776,nan,-0.07377311587333679,inf,10.501402854919434,1.1599953174591064
6789,nan,-0.11963673681020737,inf,10.70942211151123,0.07799539715051651
6831,nan,-0.1096859946846962,inf,8.876083374023438,0.21578803658485413
6832,nan,0.886444091796875,inf,2.2773590087890625,28.085620880126953
6844,nan,-0.07288134843111038,inf,10.035482406616211,1.0203145742416382
6864,nan,-0.10552392154932022,inf,9.132125854492188,0.2633346617221832
6943,nan,-0.08796783536672592,inf,12.374892234802246,0.13198427855968475
6952,nan,0.007007896900177002,inf,7.0559282302856445,2.5929863452911377
7024,nan,0.16509194672107697,inf,6.8334527015686035,3.9725983142852783
7047,nan,-0.3390689194202423,inf,7.142116069793701,-0.828361988067627
7071,nan,-0.11870502680540085,inf,10.452364921569824,0.07204627245664597
7089,nan,0.17047250270843506,inf,6.248885154724121,9.81623363494873
7115,nan,-0.06221018359065056,inf,7.305530071258545,1.5417603254318237
7191,nan,-0.10848774760961533,inf,8.78366756439209,0.3135819733142853
7233,nan,-0.11717139929533005,inf,9.556070327758789,0.1578184813261032
7249,nan,-0.12035920470952988,inf,23.41450309753418,1.144409225162235e-06
7258,nan,-0.11936942487955093,inf,13.466107368469238,0.02793828211724758
7287,nan,-0.12033095210790634,inf,17.287487030029297,0.0012171835405752063
7418,nan,1.8285270929336548,inf,4.571176052093506,46.166786193847656
7450,nan,-0.11639446020126343,inf,12.513032913208008,0.04895820841193199
7459,nan,-0.025036728009581566,inf,6.7815775871276855,1.979967713356018
7464,nan,-0.12035556882619858,inf,24.1616268157959,0.00010223389108432457
7486,nan,-0.12023388594388962,inf,16.351530075073242,0.0033855438232421875
7530,nan,-0.1159856915473938,inf,10.884224891662598,0.13941609859466553
7533,nan,-0.1203586682677269,inf,21.6790828704834,1.4209747860149946e-05
7548,nan,-0.1201215535402298,inf,12.150318145751953,0.005040287971496582
7624,nan,-0.11444594711065292,inf,6.250637054443359,0.35874858498573303
7693,nan,-0.12033601850271225,inf,17.057910919189453,0.0004676342068705708
7704,nan,-0.12179920822381973,inf,9.059735298156738,0.01442489679902792
7711,nan,-0.12535959482192993,inf,9.315707206726074,-0.10091347992420197
7745,nan,-0.12034177780151367,inf,17.420827865600586,0.0007259369012899697
7766,nan,0.19847369194030762,inf,5.570346355438232,6.677098274230957
7825,nan,-0.05538463592529297,inf,9.510114669799805,1.730967402458191
7867,nan,-0.11851880699396133,inf,15.130058288574219,0.07644672691822052
7931,nan,-0.02868306078016758,inf,5.9008469581604,0.9894445538520813
7944,nan,-0.11443611234426498,inf,6.277947902679443,-0.3669349253177643
8000,nan,-0.09528709203004837,inf,12.396906852722168,1.134149193763733
8001,nan,-0.12031688541173935,inf,15.258631706237793,0.0023561478592455387
8051,nan,-0.10123690217733383,inf,9.029074668884277,0.48884549736976624
8056,nan,-0.11987271159887314,inf,10.398431777954102,0.025495445355772972
8104,nan,-0.12035999447107315,inf,18.606122970581055,-1.8966198695125058e-05
8107,nan,0.15459342300891876,inf,5.986299991607666,10.255900382995605
8108,nan,-0.0843428447842598,inf,9.583308219909668,1.0046250820159912
8148,nan,-0.12032603472471237,inf,18.36083221435547,0.0008585274335928261
8151,nan,-0.12009556591510773,inf,11.71059513092041,0.010501432232558727
8247,nan,-0.07942631095647812,inf,4.89436674118042,1.517161250114441
8255,nan,-0.12012090533971786,inf,12.838935852050781,0.025365306064486504
8263,nan,-0.12373032420873642,inf,9.661739349365234,-0.06909730285406113
8359,nan,-0.12027613073587418,inf,16.646530151367188,0.0033122182358056307
8360,nan,-0.12035981565713882,inf,19.19757080078125,-9.72747784544481e-06
8426,nan,-0.12035622447729111,inf,21.58724594116211,9.078979928744957e-05
8430,nan,-0.04445253312587738,inf,4.479379653930664,3.9013824462890625
8431,nan,-0.11929674446582794,inf,13.337213516235352,0.03270752355456352
8433,nan,-0.11961155384778976,inf,12.712889671325684,0.024223042652010918
8596,nan,-0.12035908550024033,inf,20.333932876586914,6.8664553509734105e-06
8597,nan,-0.11424741894006729,inf,6.160838603973389,0.20325545966625214
8629,nan,-0.12027636915445328,inf,17.78944969177246,0.002052354859188199
8632,nan,-0.1202736496925354,inf,15.297171592712402,0.0006960392347536981
8638,nan,-0.12022598832845688,inf,16.222429275512695,0.013107108883559704
8641,nan,-0.11882597208023071,inf,12.137202262878418,0.04166090488433838
8645,nan,-0.09635427594184875,inf,10.239336967468262,0.359946608543396
8681,nan,-0.027705786749720573,inf,6.8483147621154785,2.7206802368164062
8695,nan,-0.12034948170185089,inf,20.73551368713379,0.0004846215306315571
8700,nan,-0.12025050073862076,inf,17.005260467529297,0.003429412841796875
8709,nan,-0.11486828327178955,inf,10.103133201599121,0.05931892618536949
8758,nan,-0.12034282833337784,inf,16.860681533813477,0.0005889892927370965
8813,nan,-0.12040042132139206,inf,14.924234390258789,-0.0009601592901162803
8821,nan,-0.06908451020717621,inf,5.011322975158691,2.628955364227295
8823,nan,-0.09655243158340454,inf,9.584933280944824,0.6329945921897888
8834,nan,-0.1203247681260109,inf,17.50339698791504,0.0009153365972451866
8849,nan,-0.11991053819656372,inf,12.67669677734375,0.00542793283239007
8885,nan,-0.19770438969135284,inf,4.160229206085205,1.8575881719589233
8891,nan,0.05380396917462349,inf,6.2994585037231445,1.383519172668457
8897,nan,-0.12088622897863388,inf,10.290376663208008,-0.026990437880158424
8908,nan,-0.11925055086612701,inf,11.381392478942871,0.031177474185824394
8912,nan,-0.0877440944314003,inf,9.188780784606934,0.7860932350158691
8991,nan,-0.11413388699293137,inf,12.850638389587402,0.26800966262817383
8996,nan,-0.081416554749012,inf,9.180400848388672,0.7453873753547668
9015,nan,-0.120954729616642,inf,10.63265609741211,0.0070393565110862255
9027,nan,-0.11990176886320114,inf,11.496617317199707,0.011563492007553577
9078,nan,-0.07842922955751419,inf,9.241050720214844,1.479093313217163
9111,nan,-0.09036394208669662,inf,9.170419692993164,0.8250886797904968
9116,nan,-0.12369295209646225,inf,13.60184383392334,-0.005288237240165472
9126,nan,-0.11985164880752563,inf,13.761980056762695,0.014177704229950905
9156,nan,-0.05942140147089958,inf,7.834517955780029,0.6028892397880554
9198,nan,-0.12035929411649704,inf,25.87876319885254,-1.5258789289873675e-06
9202,nan,-0.1202932596206665,inf,16.746540069580078,0.0019139767391607165
9231,nan,-0.18916203081607819,inf,5.443003177642822,2.1756930351257324
9264,nan,-0.11950310319662094,inf,14.114588737487793,0.027600670233368874
9337,nan,-0.12035582214593887,inf,23.73520278930664,0.00015954971604514867
9394,nan,-0.11946991831064224,inf,9.148224830627441,0.02032594196498394
9422,nan,0.9171820878982544,inf,3.2528655529022217,17.427978515625
9475,nan,-0.13907331228256226,inf,9.058122634887695,-0.45261237025260925
9489,nan,-0.11417417973279953,inf,9.789237022399902,0.2653747797012329
9495,nan,-0.11177424341440201,inf,9.783215522766113,0.06008348613977432
9510,nan,-0.12035173177719116,inf,22.944963455200195,0.00016434192366432399
9516,nan,-0.07935087382793427,inf,8.680766105651855,1.145081877708435
9547,nan,-0.11858192831277847,inf,12.70068645477295,0.04349641874432564
9564,nan,0.04726899787783623,inf,4.504573822021484,7.16095495223999
9613,nan,-0.1186133399605751,inf,13.848215103149414,0.08194687217473984
9626,nan,-0.12035923451185226,inf,25.290695190429688,0.0
9650,nan,-0.12035409361124039,inf,18.076091766357422,0.00040836335392668843
9651,nan,-0.11894887685775757,inf,11.28795337677002,0.019231950864195824
9662,nan,0.27036234736442566,inf,5.594817638397217,7.874390602111816
9688,nan,-0.10799681395292282,inf,10.91208267211914,0.36899757385253906
9694,nan,-0.12095770984888077,inf,14.05156135559082,-0.00544085493311286
9711,nan,0.16736315190792084,inf,3.617323398590088,10.37659740447998
9763,nan,-0.060213398188352585,inf,7.874025821685791,0.5815326571464539
9836,nan,-0.10229001194238663,inf,9.258540153503418,0.43219923973083496
9859,nan,-0.12032758444547653,inf,16.530920028686523,0.0006495476118288934
9873,nan,-0.0863490104675293,inf,11.114200592041016,0.3480754792690277
9887,nan,-0.12052755802869797,inf,17.81459617614746,-0.003755344543606043
9903,nan,0.07280521839857101,inf,6.449293613433838,5.227233409881592
9915,nan,-0.12004145234823227,inf,14.230900764465332,0.007239151280373335
10039,nan,0.037488922476768494,inf,5.91329288482666,3.6459386348724365
10049,nan,-0.12033740431070328,inf,18.80659294128418,0.0009840012062340975
10052,nan,-0.11749833077192307,inf,12.161419868469238,0.04616951942443848
10088,nan,-0.12087451666593552,inf,14.421266555786133,-0.0048007965087890625
10096,nan,-0.12094384431838989,inf,10.483964920043945,-0.005522537510842085
10099,nan,2.8759942054748535,inf,1.417183518409729,74.08658599853516
10197,nan,-0.12028105556964874,inf,14.191093444824219,0.0044708251953125
10241,nan,0.7452475428581238,inf,4.064339637756348,22.191368103027344
10309,nan,-0.11992011219263077,inf,16.458499908447266,0.017342139035463333
10376,nan,0.07916795462369919,inf,5.573089122772217,6.416453838348389
10392,nan,-0.11998721212148666,inf,13.536531448364258,0.009119224734604359
10438,nan,-0.10777882486581802,inf,10.860427856445312,0.14333276450634003
10539,nan,-0.1202482208609581,inf,17.316614151000977,0.005182457156479359
10583,nan,-0.11307791620492935,inf,10.593412399291992,0.16096282005310059
10586,nan,0.047746311873197556,inf,7.224605083465576,4.453415870666504
10635,nan,-0.11989565193653107,inf,10.070094108581543,0.26465892791748047
10658,nan,0.07149579375982285,inf,5.727636814117432,2.2020211219787598
10663,nan,-0.11552178114652634,inf,13.718193054199219,0.16026674211025238
10692,nan,-0.1801310032606125,inf,8.646907806396484,-0.8611512184143066
10764,nan,-0.11547847837209702,inf,10.51401424407959,0.053195059299468994
10777,nan,-0.1039423942565918,inf,7.040463924407959,0.9648122191429138
10781,nan,0.40558966994285583,inf,5.336414813995361,8.783145904541016
10895,nan,-0.12028449773788452,inf,16.82784080505371,0.001600074814632535
10918,nan,-0.12082120031118393,inf,10.580644607543945,-0.01573486439883709
10937,nan,-0.11574269831180573,inf,17.597169876098633,0.15668582916259766
10986,nan,0.2310171127319336,inf,4.951082229614258,14.373519897460938
10994,nan,-0.11614049971103668,inf,6.120471954345703,-0.12329702824354172
11010,nan,-0.09338243305683136,inf,9.587882041931152,0.5617021918296814
11013,nan,-0.1201668381690979,inf,18.50635528564453,0.005999088287353516
11109,nan,-0.11861015856266022,inf,11.796674728393555,0.03087468259036541
11119,nan,-0.021749025210738182,inf,11.665264129638672,2.198664903640747
11217,nan,-0.12035864591598511,inf,22.547863006591797,1.869201696536038e-05
11302,nan,-0.12036357074975967,inf,15.83777904510498,0.0003036498965229839
11307,nan,-0.12034386396408081,inf,20.616844177246094,0.0005683422205038369
11332,nan,-0.1199878454208374,inf,12.64334774017334,0.021299004554748535
11353,nan,-0.11705221235752106,inf,15.424527168273926,0.023157894611358643
11364,nan,-0.02728964388370514,inf,8.776122093200684,2.4592552185058594
11404,nan,-0.07316198199987411,inf,7.4737067222595215,1.1941083669662476
11414,nan,-0.5499849319458008,inf,3.0424952507019043,0.9276466369628906
11463,nan,-0.12035375088453293,inf,19.44516944885254,0.0002514839288778603
11472,nan,-0.12032852321863174,inf,16.468585968017578,0.0008949280017986894
11475,nan,-0.12023526430130005,inf,15.474871635437012,0.003373050829395652
11478,nan,-0.11550915241241455,inf,10.519723892211914,0.163766548037529
11489,nan,0.19395367801189423,inf,3.4325363636016846,6.547839641571045
11537,nan,-0.12024738639593124,inf,15.46446418762207,0.0007844925276003778
11547,nan,-0.12036468833684921,inf,18.398550033569336,-0.0001729965297272429
11600,nan,-0.12035367637872696,inf,18.02951431274414,0.00041344165219925344
11613,nan,-0.12034731358289719,inf,16.172117233276367,0.000250762706855312
11624,nan,-0.08734271675348282,inf,10.288330078125,0.8816402554512024
11683,nan,-0.13668283820152283,inf,11.340665817260742,-0.5124144554138184
11692,nan,0.30271437764167786,inf,3.1948776245117188,14.43662166595459
11738,nan,-0.11534696817398071,inf,8.877782821655273,0.06985320895910263
11748,nan,-0.12035774439573288,inf,20.92828941345215,6.84738188283518e-05
11774,nan,0.15220163762569427,inf,4.592141151428223,4.597144603729248
11794,nan,-0.10997284948825836,inf,14.135475158691406,0.15132904052734375
11820,nan,-0.07062806934118271,inf,7.98358678817749,1.5968647003173828
11827,nan,-0.11719734966754913,inf,14.07768726348877,0.11899234354496002
11831,nan,-0.12037446349859238,inf,17.709692001342773,-9.505749039817601e-05
11929,nan,-0.1162940263748169,inf,11.648256301879883,0.2560126781463623
11976,nan,-0.12000781297683716,inf,19.509916305541992,0.01658916473388672
11986,nan,-0.08554429560899734,inf,7.6566009521484375,1.4675006866455078
12060,nan,-0.11407047510147095,inf,10.429834365844727,0.05932584032416344
12134,nan,-0.1219429299235344,inf,9.385998725891113,0.029249906539916992
12137,nan,0.00549324369058013,inf,4.98447847366333,3.8804404735565186
12166,nan,-0.20143862068653107,inf,4.708419322967529,-0.0510014072060585
12171,nan,-0.05548521503806114,inf,9.046278953552246,0.7259075045585632
12181,nan,-0.1134127601981163,inf,10.89336109161377,0.15015406906604767
12182,nan,-0.291993111371994,inf,9.965408325195312,-3.8273727893829346
12191,nan,-0.033718496561050415,inf,6.700419902801514,3.1280369758605957
12193,nan,-0.12043588608503342,inf,15.734315872192383,0.0011135101085528731
12238,nan,-0.0626894161105156,inf,7.706535339355469,1.3599470853805542
12243,nan,-0.01586822234094143,inf,7.862501621246338,2.094456911087036
12254,nan,-0.12035466730594635,inf,14.746005058288574,0.00032197238761000335
12259,nan,-0.12181401252746582,inf,10.211079597473145,-0.006012344267219305
12262,nan,-0.1203024610877037,inf,16.46869468688965,0.0036876441445201635
12266,nan,-0.11737769842147827,inf,8.781378746032715,0.024117184802889824
12276,nan,-0.12035888433456421,inf,23.722904205322266,1.2302399227337446e-05
12304,nan,0.0018849069019779563,inf,5.3273820877075195,4.240682125091553
12320,nan,-0.0684761330485344,inf,7.445984840393066,1.333391785621643
12326,nan,-0.04196610674262047,inf,5.394881725311279,1.546521544456482
12332,nan,-0.11988040059804916,inf,13.905486106872559,0.010399957187473774
12335,nan,-0.11800235509872437,inf,8.969874382019043,0.11582551151514053
12351,nan,-0.11949393898248672,inf,12.557063102722168,0.039468955248594284
12376,nan,-0.08982134610414505,inf,9.121668815612793,0.6036574840545654
12385,nan,-0.12034700065851212,inf,17.81336212158203,0.0004214048385620117
12433,nan,-0.12046076357364655,inf,15.921136856079102,-0.0022804259788244963
12510,nan,-0.12035621702671051,inf,22.78958511352539,0.00010566711716819555
12540,nan,-0.08006354421377182,inf,7.240058898925781,0.6963241696357727
12557,nan,-0.1202036514878273,inf,14.460965156555176,0.008091854862868786
12574,nan,-0.12036633491516113,inf,24.128097534179688,-0.0003417491971049458
12576,nan,-0.12035119533538818,inf,18.005094528198242,0.00038875939208082855
12665,nan,-0.11761146038770676,inf,10.392928123474121,0.0726221576333046
12716,nan,-0.06672462821006775,inf,6.347406387329102,1.046205759048462
12722,nan,-0.12035953998565674,inf,21.588708877563477,-6.3896181927702855e-06
12734,nan,2.591493606567383,inf,2.0219342708587646,87.67066192626953
12747,nan,-0.12032576650381088,inf,21.425403594970703,0.0015726089477539062
12759,nan,-0.027053285390138626,inf,5.076170921325684,1.3733450174331665
12768,nan,-0.12035936117172241,inf,24.51405906677246,-3.051757857974735e-06
12916,nan,-0.11964032799005508,inf,16.468278884887695,0.021532297134399414
12938,nan,-0.09395160526037216,inf,6.971595287322998,0.578732430934906
12949,nan,-0.11513815075159073,inf,11.794894218444824,0.13534799218177795
13001,nan,1.0083706378936768,inf,4.7892889976501465,19.269155502319336
13003,nan,-0.11841727793216705,inf,10.359786987304688,0.02889993228018284
13051,nan,-0.10276945680379868,inf,10.046167373657227,0.33170604705810547
13076,nan,-0.1200423613190651,inf,17.90788459777832,0.01479873713105917
13095,nan,-0.11487549543380737,inf,12.01027774810791,0.13685981929302216
13099,nan,-0.11258794367313385,inf,8.062933921813965,0.34601202607154846
13109,nan,-0.12615695595741272,inf,4.793816089630127,-0.20688019692897797
13127,nan,-0.08370168507099152,inf,7.705742835998535,1.0516281127929688
13131,nan,-0.11797679960727692,inf,12.633373260498047,0.0642627701163292
13150,nan,0.1833660900592804,inf,5.881002902984619,4.725888729095459
13259,nan,-0.12038522958755493,inf,15.310043334960938,0.0015503884060308337
13290,nan,-0.12711194157600403,inf,7.774058818817139,-0.08550656586885452
13312,nan,0.3399253487586975,inf,4.642189025878906,6.668399810791016
13383,nan,-0.10352659225463867,inf,9.522550582885742,0.352270245552063
13414,nan,0.0808967798948288,inf,7.2835588455200195,4.347324371337891
13432,nan,-0.11850737780332565,inf,14.731770515441895,0.02086062543094158
13436,nan,-0.1203487291932106,inf,19.749418258666992,0.0002830028533935547
13441,nan,-0.12023476511240005,inf,12.06006908416748,0.00623011589050293
13450,nan,0.8381067514419556,inf,4.442336559295654,28.4001407623291
13452,nan,-0.08133941888809204,inf,10.55974006652832,1.3600866794586182
13501,nan,-0.12021972984075546,inf,15.508417129516602,0.004848134703934193
13513,nan,-0.12013506144285202,inf,13.53288459777832,0.006663036532700062
13539,nan,-0.12038759142160416,inf,11.482436180114746,0.0023765265941619873
13576,nan,-0.1203465685248375,inf,19.67340087890625,0.0003925085184164345
13591,nan,0.13143394887447357,inf,3.450207233428955,8.289891242980957
13593,nan,-0.11904933303594589,inf,9.885961532592773,0.05806021764874458
13594,nan,-0.12037798017263412,inf,14.201888084411621,-0.0001347064971923828
13610,nan,-0.07776764780282974,inf,14.554875373840332,0.9613503813743591
13682,nan,-0.11496493965387344,inf,8.291418075561523,0.12867894768714905
13722,nan,-0.08813530951738358,inf,8.59765338897705,0.7472603917121887
13733,nan,-0.12031211704015732,inf,15.931182861328125,0.0018507003551349044
13746,nan,-0.12010665982961655,inf,12.647027015686035,0.008336091414093971
13784,nan,0.8705377578735352,inf,2.8578357696533203,24.405057907104492
13790,nan,-0.10908880084753036,inf,10.18138599395752,0.33387231826782227
13829,nan,0.044350169599056244,inf,4.573318004608154,3.6728577613830566
13839,nan,-0.08800060302019119,inf,8.435976028442383,0.7585363388061523
13853,nan,-0.12026726454496384,inf,14.696476936340332,0.002170062158256769
13868,nan,-0.12032516300678253,inf,18.751842498779297,0.0011743545765057206
13884,nan,-0.12035683542490005,inf,17.853120803833008,0.0004885196685791016
13973,nan,-0.12052617222070694,inf,14.642572402954102,-0.0005095481756143272
14029,nan,-0.11922655254602432,inf,11.788973808288574,0.012933778576552868
14055,nan,-0.11944492161273956,inf,12.75745677947998,0.03736858442425728
14074,nan,0.17862670123577118,inf,5.636693000793457,6.133590221405029
14128,nan,0.23756925761699677,inf,6.289328098297119,6.2580037117004395
14143,nan,-0.1201615110039711,inf,12.207951545715332,0.007574248593300581
14158,nan,0.21383440494537354,inf,4.1323676109313965,7.033987522125244
14174,nan,-0.12031660228967667,inf,15.450377464294434,0.0002989768981933594
14210,nan,-0.11861159652471542,inf,13.00830364227295,0.047341253608465195
14288,nan,-0.11958342045545578,inf,12.810080528259277,0.02117551676928997
14337,nan,-0.1202407255768776,inf,16.625715255737305,0.0012251854641363025
14396,nan,-0.12035949528217316,inf,18.05048179626465,1.3351440202313825e-06
14442,nan,-0.1018013283610344,inf,8.865296363830566,0.363636314868927
14466,nan,-0.11627904325723648,inf,11.507122993469238,0.1015128642320633
14467,nan,-0.1203434020280838,inf,19.130126953125,0.00069088937016204
14600,nan,-0.1202986016869545,inf,16.95183753967285,0.001460599945858121
14677,nan,-0.12014301121234894,inf,13.596219062805176,0.0048753502778708935
14708,nan,0.04540300369262695,inf,7.007674694061279,4.431207656860352
14716,nan,-0.12034306675195694,inf,13.93077278137207,0.000278282182989642
14801,nan,-0.12034596502780914,inf,18.279943466186523,0.0003559827746357769
14817,nan,0.29320961236953735,inf,3.5918450355529785,16.15749168395996
14847,nan,-0.12029016017913818,inf,18.444686889648438,0.003017091890797019
14917,nan,-0.12012936919927597,inf,12.08300495147705,0.005181837361305952
15017,nan,-0.11792784929275513,inf,12.554705619812012,0.08094792813062668
15090,nan,1.1799310445785522,inf,4.693896293640137,23.08330726623535
15101,nan,0.8156841397285461,inf,4.756913661956787,22.089670181274414
15205,nan,-0.11264025419950485,inf,13.065164566040039,0.17715497314929962
15244,nan,0.4747055470943451,inf,4.079661846160889,13.827386856079102
15278,nan,-0.12032383680343628,inf,10.940360069274902,0.003582859179005027
15325,nan,0.2107086032629013,inf,5.27948522567749,6.0829386711120605
15385,nan,-0.12012200802564621,inf,11.927191734313965,0.006942558567970991
15396,nan,-0.11958777904510498,inf,11.165546417236328,0.01814417913556099
15468,nan,-0.07041622698307037,inf,7.2724833488464355,0.727249801158905
15476,nan,-0.12035419791936874,inf,22.23777961730957,0.0003452301025390625
15493,nan,-0.12035435438156128,inf,18.089107513427734,8.506775338901207e-05
15608,nan,-0.1203569546341896,inf,24.584627151489258,9.765625145519152e-05
15635,nan,-0.12032913416624069,inf,18.61000633239746,0.0007770538213662803
15660,nan,-0.1203465387225151,inf,18.017179489135742,0.0004073858435731381
15676,nan,-0.12034300714731216,inf,17.634214401245117,0.00023708344087935984
15689,nan,-0.10827014595270157,inf,8.009029388427734,0.17683158814907074
15712,nan,0.14774835109710693,inf,5.926167011260986,4.4000163078308105
15716,nan,-0.1187698170542717,inf,12.340699195861816,0.03992524370551109
15730,nan,-0.12035974115133286,inf,21.19929313659668,3.248453140258789e-06
15732,nan,-0.12034928053617477,inf,16.118547439575195,0.00031468868837691844
15750,nan,-0.11956264823675156,inf,14.729545593261719,0.048989295959472656
15779,nan,-0.12033107131719589,inf,18.624242782592773,0.000991058419458568
15864,nan,-0.12055940926074982,inf,15.6311616897583,-0.007009792607277632
15907,nan,-0.11157988756895065,inf,11.033340454101562,0.3688405454158783
15915,nan,0.030922940000891685,inf,4.750871181488037,13.420801162719727
15991,nan,0.46200084686279297,inf,5.3393073081970215,5.938214302062988
16169,nan,0.08437895029783249,inf,5.515954494476318,6.244495391845703
16188,nan,-0.12118234485387802,inf,11.584785461425781,-0.0070442198775708675
16218,nan,-0.12032949924468994,inf,13.429618835449219,0.0017418861389160156
16224,nan,0.1222069039940834,inf,4.875372409820557,8.370760917663574
16232,nan,-0.12036116421222687,inf,15.356531143188477,8.140802674461156e-05
16279,nan,0.043975379317998886,inf,5.762450218200684,4.022978782653809
16304,nan,-0.11802402883768082,inf,13.865656852722168,0.07143254578113556
16330,nan,-0.12036164849996567,inf,18.966720581054688,-5.71250930079259e-05
16363,nan,-0.10074472427368164,inf,7.232370853424072,0.20741572976112366
16378,nan,-0.12044228613376617,inf,13.245475769042969,-0.0011349677806720138
16395,nan,-0.1121673732995987,inf,10.670123100280762,0.0997287780046463
16409,nan,-0.1178910955786705,inf,10.517191886901855,0.05689852312207222
16426,nan,-0.08978390693664551,inf,9.062676429748535,1.2662622928619385
16448,nan,-0.12035923451185226,inf,37.77193069458008,0.0
16453,nan,-0.12035999447107315,inf,25.819204330444336,-3.752708653337322e-05
16465,nan,-0.12038014084100723,inf,15.48228645324707,-0.0007058620685711503
16467,nan,-0.07644849270582199,inf,7.584535121917725,1.4181830883026123
16496,nan,-0.1203557476401329,inf,22.68214225769043,0.00016326904005836695
16561,nan,-0.12032796442508698,inf,17.19350814819336,0.0007663965225219727
16589,nan,-0.011720228008925915,inf,6.186603546142578,2.4968128204345703
16618,nan,-0.1116487979888916,inf,8.9509916305542,0.16955485939979553
16642,nan,0.07611372321844101,inf,7.764510631561279,5.0919036865234375
16650,nan,-0.12034817039966583,inf,17.26642417907715,0.000509639095980674
16652,nan,-0.12034585326910019,inf,17.25136375427246,0.0003106117364950478
16729,nan,2.139397382736206,inf,3.261843204498291,41.754356384277344
16758,nan,-0.09399767965078354,inf,8.313122749328613,-0.08742208778858185
16783,nan,-0.12000446766614914,inf,17.449560165405273,0.011175155639648438
16789,nan,-0.12096871435642242,inf,13.457931518554688,-0.012829017825424671
16792,nan,-0.11884652823209763,inf,13.423158645629883,0.09341144561767578
16804,nan,-0.12035476416349411,inf,18.343311309814453,0.00013606548600364476
16812,nan,-0.11943765729665756,inf,9.816009521484375,0.0345090888440609
16871,nan,-0.11722468584775925,inf,11.19611644744873,0.049764443188905716
16884,nan,-0.11933457106351852,inf,11.067687034606934,0.018015479668974876
16889,nan,-0.09853958338499069,inf,8.45923900604248,0.7965328097343445
16891,nan,-0.1200946494936943,inf,17.58677864074707,0.010618937201797962
17009,nan,-0.11970924586057663,inf,10.559447288513184,0.013956117443740368
17015,nan,0.4076255261898041,inf,7.807570934295654,16.458663940429688
17049,nan,-0.11360656470060349,inf,10.20398998260498,0.2810894846916199
17063,nan,-0.12032876163721085,inf,16.095094680786133,0.0008332252618856728
17067,nan,-0.11888515949249268,inf,11.584582328796387,0.04984569549560547
17082,nan,-0.1007923111319542,inf,13.489320755004883,0.33362776041030884
17102,nan,-0.06378163397312164,inf,8.664237976074219,1.027147650718689
17109,nan,-0.08151121437549591,inf,15.640353202819824,1.0145533084869385
17131,nan,-0.12049644440412521,inf,12.533515930175781,0.0013560295337811112
17152,nan,-0.12035610526800156,inf,22.42031478881836,0.00014910698519088328
17175,nan,-0.12037388235330582,inf,17.280052185058594,-0.00032541752443648875
17176,nan,-0.12011619657278061,inf,14.277320861816406,0.006364703178405762
17181,nan,-0.11173480749130249,inf,6.76703405380249,-0.3554653227329254
17256,nan,-0.11838287115097046,inf,10.466933250427246,0.055697251111269
17297,nan,-0.10237158834934235,inf,11.01718807220459,0.5605029463768005
17298,nan,-0.12062744051218033,inf,9.377628326416016,0.03222475200891495
17300,nan,-0.12033640593290329,inf,14.943964004516602,0.0006886482588015497
17310,nan,-0.12027906626462936,inf,17.78502655029297,0.001914885244332254
17315,nan,-0.12035733461380005,inf,22.840194702148438,8.859634544933215e-05
17316,nan,-0.12037637084722519,inf,13.989877700805664,0.0016631424659863114
17375,nan,-0.009751415811479092,inf,13.2002534866333,0.5633212924003601
17424,nan,0.07175478339195251,inf,5.267883777618408,2.430387496948242
17438,nan,-0.12036186456680298,inf,18.567750930786133,-0.00016117095947265625
17546,nan,-0.12035667896270752,inf,18.992610931396484,6.498098809970543e-05
17578,nan,-0.11456002295017242,inf,10.736654281616211,0.13848252594470978
17697,nan,0.11441820859909058,inf,4.604104042053223,6.772823333740234
17711,nan,-0.12029284238815308,inf,15.476702690124512,0.0017507553566247225
17725,nan,-0.12037765979766846,inf,14.08185863494873,0.00012928247451782227
17733,nan,-0.12035425007343292,inf,15.932293891906738,3.535747600835748e-05
17785,nan,-0.09359605610370636,inf,10.894232749938965,0.6345986723899841
17794,nan,-0.1078723594546318,inf,9.325383186340332,0.11029542982578278
17861,nan,-0.1203623041510582,inf,23.200428009033203,-6.709098670398816e-05
17973,nan,-0.12018056213855743,inf,13.134745597839355,0.0069397687911987305
17978,nan,-0.1203012466430664,inf,16.163999557495117,0.0013639688258990645
17983,nan,0.21162724494934082,inf,6.034258842468262,5.754823207855225
18017,nan,2.824052095413208,inf,3.76581072807312,74.26882934570312
18018,nan,0.20516136288642883,inf,7.888072490692139,11.79496955871582
18049,nan,-0.12035401910543442,inf,19.21722412109375,0.00022010803513694555
18065,nan,-0.041671376675367355,inf,8.392204284667969,0.70267653465271
18083,nan,-0.08617008477449417,inf,12.130777359008789,0.8660243153572083
18120,nan,0.2930087745189667,inf,3.492274522781372,9.782342910766602
18138,nan,-0.12037080526351929,inf,20.00788688659668,-0.0002079010009765625
18146,nan,-0.11983467638492584,inf,16.136985778808594,0.009415817447006702
18158,nan,0.19030387699604034,inf,7.747297763824463,2.7392280101776123
18162,nan,-0.1197587177157402,inf,19.20850944519043,0.006676927208900452
18166,nan,-0.07748221606016159,inf,7.884408473968506,1.0258110761642456
18257,nan,-0.12099272012710571,inf,11.820883750915527,0.014252901077270508
18329,nan,-0.17941397428512573,inf,8.106205940246582,0.2877415120601654
18383,nan,-0.10788047313690186,inf,12.033907890319824,0.2834087908267975
18398,nan,-0.12035784870386124,inf,20.220121383666992,6.46591215627268e-05
18400,nan,-0.1203637346625328,inf,19.291358947753906,0.0005340576171875
18411,nan,-0.1194436103105545,inf,14.206872940063477,0.0397275947034359
18452,nan,0.10165565460920334,inf,6.726861476898193,1.7171791791915894
18462,nan,-0.1207418441772461,inf,15.094050407409668,-0.0026702880859375
18523,nan,-0.014932513236999512,inf,5.872352123260498,4.067922115325928
18527,nan,-0.12034755200147629,inf,11.98073673248291,0.0059913634322583675
18586,nan,-0.11978596448898315,inf,12.815879821777344,0.013736295513808727
18713,nan,-0.03571876510977745,inf,9.014554023742676,0.7814390659332275
18721,nan,-0.11535686254501343,inf,17.968456268310547,0.2253965437412262
18774,nan,-0.10979636758565903,inf,11.158953666687012,0.2072165459394455
18806,nan,-0.12033174186944962,inf,17.570465087890625,0.0014238179428502917
18831,nan,-0.1202327236533165,inf,14.637738227844238,0.0036253451835364103
18852,nan,-0.11985454708337784,inf,14.354782104492188,0.012994050979614258
18903,nan,-0.1203387901186943,inf,14.364468574523926,0.00045437813969329
18906,nan,0.7302067279815674,inf,4.370748043060303,19.437009811401367
18912,nan,-0.11723454296588898,inf,10.753565788269043,0.08761902153491974
18924,nan,0.8396843075752258,inf,4.447206020355225,11.198529243469238
19006,nan,-0.11654072254896164,inf,10.41486644744873,0.13823509216308594
19034,nan,-0.11916164308786392,inf,10.885736465454102,0.05553736910223961
19035,nan,-0.12035884708166122,inf,23.3836727142334,1.5354156857938506e-05
19084,nan,-0.12035860866308212,inf,19.455829620361328,2.8133392333984375e-05
19124,nan,-0.10934170335531235,inf,13.238879203796387,0.19807910919189453
19187,nan,0.424659788608551,inf,6.344481945037842,15.371626853942871
19206,nan,-0.11989573389291763,inf,16.078472137451172,0.015761232003569603
19238,nan,-0.120353102684021,inf,17.302928924560547,0.0003586769162211567
19245,nan,-0.12014888972043991,inf,18.21291160583496,0.009795928373932838
19298,nan,-0.10583200305700302,inf,11.792402267456055,0.5415382385253906
19304,nan,-0.07616689801216125,inf,5.569962978363037,0.5488402247428894
19309,nan,-0.0956713929772377,inf,9.759490013122559,0.8134674429893494
19365,nan,-0.11932846158742905,inf,13.68500804901123,0.028485869988799095
19375,nan,-0.11934554576873779,inf,11.025288581848145,0.02893092669546604
19398,nan,-0.12016808986663818,inf,16.688980102539062,0.004993248265236616
19446,nan,-0.0420561283826828,inf,6.048801422119141,3.6010193824768066
19453,nan,-0.11620467901229858,inf,10.709466934204102,0.11553306877613068
19472,nan,-0.11822874844074249,inf,9.485504150390625,0.07750129699707031
19496,nan,-0.11855955421924591,inf,12.543912887573242,0.050849344581365585
19533,nan,-0.12033509463071823,inf,16.24616813659668,0.0008503742865286767
19541,nan,0.17089393734931946,inf,2.6485049724578857,0.602630615234375
19559,nan,-0.09950462728738785,inf,10.01672077178955,0.3484315872192383
19596,nan,-0.1088244840502739,inf,10.559341430664062,0.18407200276851654
19603,nan,-0.12009885162115097,inf,15.365157127380371,0.008613109588623047
19611,nan,-0.1180187463760376,inf,13.1179780960083,0.05319232866168022
19742,nan,-0.12032514810562134,inf,16.129892349243164,0.0008738517644815147
19767,nan,-0.11954295635223389,inf,11.182981491088867,0.020333385095000267
19825,nan,-0.12057492882013321,inf,12.38125991821289,-0.003901791526004672
19831,nan,-0.11296196281909943,inf,8.967907905578613,0.12052374333143234
19883,nan,-0.11586450785398483,inf,14.461970329284668,0.10452719032764435
19896,nan,-0.11972373723983765,inf,10.49047565460205,0.05341966077685356
19992,nan,-0.12160374969244003,inf,9.679617881774902,0.029478181153535843
20002,nan,-0.12035816162824631,inf,19.773426055908203,4.8160552978515625e-05
20006,nan,0.37798354029655457,inf,4.397281169891357,12.26294994354248
20007,nan,-0.11304660886526108,inf,9.982786178588867,0.11264438927173615
20035,nan,-0.1137259230017662,inf,12.765978813171387,0.07010240852832794
20037,nan,-0.11915703117847443,inf,13.657243728637695,0.038616277277469635
20039,nan,-0.11917255073785782,inf,14.227371215820312,0.04360152408480644
20063,nan,-0.11656942218542099,inf,12.320783615112305,0.11492252349853516
20098,nan,0.4060378968715668,inf,6.585261821746826,17.13210105895996
20110,nan,0.14906886219978333,inf,5.624603748321533,8.840225219726562
20125,nan,-0.048264965415000916,inf,5.893649578094482,2.96026349067688
20130,nan,-0.12017019838094711,inf,15.49753475189209,0.004428958985954523
20190,nan,0.8912685513496399,inf,3.087054967880249,19.64116859436035
20201,nan,-0.1210864782333374,inf,16.645559310913086,0.006507683079689741
20263,nan,-0.11422709375619888,inf,10.556914329528809,0.17223100364208221
20308,nan,-0.11980285495519638,inf,14.408957481384277,0.008716011419892311
20347,nan,0.6300773024559021,inf,4.605823993682861,17.03378677368164
20396,nan,-0.1201939508318901,inf,15.952722549438477,0.006149101536720991
20410,nan,-0.12030258029699326,inf,16.298566818237305,0.0014139175182208419
20448,nan,-0.1203361302614212,inf,19.89186668395996,0.00041522979154251516
20459,nan,-0.11318762600421906,inf,10.488741874694824,0.20645545423030853
20466,nan,-0.11976151913404465,inf,15.560953140258789,0.02785930596292019
20494,nan,-0.11320147663354874,inf,12.780658721923828,0.1955556869506836
20553,nan,-0.08420497179031372,inf,9.745972633361816,0.2940170466899872
20566,nan,-0.1204679012298584,inf,11.99985122680664,0.0015413285000249743
20589,nan,-0.12035585939884186,inf,20.43857765197754,0.00013012885756324977
20612,nan,1.4498690366744995,inf,3.140745162963867,32.80997848510742
20615,nan,-0.12021636962890625,inf,14.496004104614258,0.006508922670036554
20630,nan,0.7555894255638123,inf,3.566587448120117,22.714889526367188
20635,nan,-0.06960242986679077,inf,7.1269707679748535,0.4505279064178467
20660,nan,-0.10006552934646606,inf,11.060835838317871,0.2854192852973938
20666,nan,-0.11899948120117188,inf,16.53289794921875,0.02682333067059517
20718,nan,-0.08560829609632492,inf,7.3482208251953125,1.0702736377716064
20748,nan,-0.1192760020494461,inf,14.06029987335205,0.0372844934463501
20775,nan,0.16301198303699493,inf,4.690097808837891,8.158698081970215
20850,nan,-0.09788170456886292,inf,10.107733726501465,0.7621473670005798
20854,nan,-0.11947192251682281,inf,13.09715461730957,0.019691718742251396
20859,nan,-0.053799938410520554,inf,8.472142219543457,1.5967810153961182
20860,nan,-0.12026683241128922,inf,14.154797554016113,0.004557871725410223
20863,nan,-0.12018563598394394,inf,11.45913314819336,0.00421912083402276
20867,nan,-0.12052621692419052,inf,15.345680236816406,-0.004245758056640625
20901,nan,-0.09785255044698715,inf,9.048148155212402,0.17354026436805725
20913,nan,-0.12035232037305832,inf,19.75205421447754,0.0001886367826955393
20944,nan,-0.1283876746892929,inf,8.720267295837402,0.0006405442836694419
21062,nan,-0.11918555945158005,inf,16.545120239257812,0.05517897754907608
21075,nan,-0.0575479157269001,inf,6.266907215118408,1.2857365608215332
21079,nan,-0.12035776674747467,inf,22.668733596801758,6.446838233387098e-05
21095,nan,0.19365964829921722,inf,5.08251428604126,4.284328460693359
21133,nan,-0.12032447010278702,inf,16.126184463500977,0.0011662006145343184
21135,nan,-0.12024112790822983,inf,13.987425804138184,0.001936030457727611
21155,nan,-0.006776750087738037,inf,6.074517726898193,1.3328614234924316
21164,nan,-0.07583048939704895,inf,8.472975730895996,0.9374370574951172
21165,nan,0.08199134469032288,inf,6.8893914222717285,5.3759307861328125
21219,nan,-0.12035244703292847,inf,19.631622314453125,0.0002681255282368511
21250,nan,-0.12032847851514816,inf,14.651965141296387,0.001362192677333951
21311,nan,-0.11832338571548462,inf,12.413143157958984,0.06370659172534943
21316,nan,-0.035581815987825394,inf,6.549375057220459,2.3414599895477295
21403,nan,-0.1134546622633934,inf,10.911627769470215,0.1442350447177887
21433,nan,-0.11974471807479858,inf,16.127225875854492,0.015048217959702015
21522,nan,-0.12035923451185226,inf,29.233062744140625,0.0
21564,nan,1.4197840690612793,inf,4.783334732055664,37.62584686279297
21602,nan,-0.024996425956487656,inf,6.258666038513184,1.6301854848861694
21604,nan,-0.12029271572828293,inf,9.850143432617188,0.03794746473431587
21666,nan,-0.11896810680627823,inf,17.74833106994629,0.03218593820929527
21706,nan,-0.1202213317155838,inf,16.248464584350586,0.003053951309993863
21757,nan,0.3235490918159485,inf,7.272552013397217,13.494696617126465
21805,nan,-0.12037394195795059,inf,18.922229766845703,-0.00029048920259810984
21815,nan,-0.10481727123260498,inf,6.91839599609375,0.44667863845825195
21829,nan,0.027317935600876808,inf,7.202450752258301,2.4559340476989746
21835,nan,-0.1200234517455101,inf,13.742655754089355,0.011374855414032936
21850,nan,-0.12043700367212296,inf,12.973971366882324,-0.0009002685546875
21853,nan,0.44648218154907227,inf,3.114678144454956,15.235577583312988
21890,nan,-0.1199805960059166,inf,13.301152229309082,0.009672380052506924
21916,nan,-0.12246891111135483,inf,8.881407737731934,-0.05706978961825371
21952,nan,-0.12035858631134033,inf,18.8701229095459,2.1314621335477568e-05
22012,nan,-0.09918995201587677,inf,8.793692588806152,0.6811668276786804
22037,nan,-0.11944206804037094,inf,14.189600944519043,0.034068513661623
22045,nan,-0.12052766233682632,inf,12.858194351196289,-0.0036982656456530094
22050,nan,-0.07600229233503342,inf,8.744037628173828,1.1293829679489136
22097,nan,-0.11882194131612778,inf,12.093727111816406,0.031298138201236725
22109,nan,-0.11135994642972946,inf,9.686774253845215,0.23628072440624237
22248,nan,-0.12046779692173004,inf,13.178934097290039,-0.0021910667419433594
22254,nan,-0.11947790533304214,inf,15.388925552368164,0.029654502868652344
22274,nan,-0.08800362795591354,inf,9.453695297241211,0.22969794273376465
22363,nan,0.007067161146551371,inf,6.339791774749756,4.0913238525390625
22385,nan,-0.12035921961069107,inf,19.438535690307617,2.6226043701171875e-06
22421,nan,-0.06515618413686752,inf,8.702518463134766,1.5938142538070679
22446,nan,-0.11896635591983795,inf,12.22751522064209,0.029212165623903275
22458,nan,-0.05817515775561333,inf,7.581577301025391,0.8641417622566223
22475,nan,-0.11969055980443954,inf,12.276179313659668,0.019443893805146217
22490,nan,-0.12039784342050552,inf,15.628775596618652,-0.0005297422758303583
22523,nan,-0.1197143942117691,inf,14.14618968963623,0.020931387320160866
22530,nan,-0.12035883963108063,inf,21.55954360961914,1.7833710444392636e-05
22587,nan,-0.12035813182592392,inf,20.515039443969727,5.0163271225756034e-05
22696,nan,-0.07777267694473267,inf,8.03635311126709,0.5437270402908325
22702,nan,-0.03416144475340843,inf,6.986240386962891,1.3800455331802368
22706,nan,-0.11893916130065918,inf,12.810172080993652,0.050859641283750534
22754,nan,0.08761940896511078,inf,5.454553604125977,5.997519493103027
22773,nan,-0.12033261358737946,inf,18.592618942260742,0.000900912273209542
22778,nan,-0.12017333507537842,inf,17.219589233398438,0.0042421817779541016
22839,nan,-0.12035931646823883,inf,24.258514404296875,-5.292892637953628e-06
22872,nan,0.0505526177585125,inf,5.605033874511719,3.4333138465881348
22881,nan,-0.09959197789430618,inf,9.166732788085938,0.2831741273403168
22901,nan,-0.03640196844935417,inf,7.212179660797119,1.9553089141845703
22909,nan,-0.0394575372338295,inf,7.582798004150391,1.9113062620162964
22926,nan,-0.06306470930576324,inf,7.7281928062438965,2.170679807662964
22983,nan,-0.09646233171224594,inf,8.399846076965332,0.4390740990638733
23022,nan,-0.10543980449438095,inf,8.314865112304688,0.39170271158218384
23037,nan,-0.12112396955490112,inf,10.278820991516113,-0.005617284681648016
23088,nan,-0.009065420366823673,inf,6.7039690017700195,1.2287266254425049
23093,nan,-0.11582871526479721,inf,15.817558288574219,0.021620720624923706
23127,nan,-0.10543235391378403,inf,9.22480297088623,0.4470769464969635
23150,nan,-0.1190834790468216,inf,17.3632755279541,0.03392878919839859
23180,nan,-0.12023832648992538,inf,11.608243942260742,0.003840208053588867
23183,nan,-0.11124398559331894,inf,11.42691707611084,0.08027489483356476
23250,nan,-0.09793121367692947,inf,7.695361614227295,0.8982507586479187
23304,nan,-0.11405649036169052,inf,15.600374221801758,0.14610758423805237
23305,nan,-0.11841388046741486,inf,16.156652450561523,0.0583307258784771
23308,nan,-0.11837958544492722,inf,11.1537504196167,0.12908874452114105
23321,nan,0.03962637856602669,inf,6.15042781829834,3.5321571826934814
23346,nan,-0.04793167859315872,inf,6.557961463928223,2.4332098960876465
23362,nan,0.2754727303981781,inf,6.396633625030518,6.426208019256592
23405,nan,-0.09157197922468185,inf,9.877833366394043,0.32045459747314453
23409,nan,-0.12024115771055222,inf,16.169937133789062,0.00333995814435184
23430,nan,0.022107761353254318,inf,6.527366638183594,2.903867721557617
23488,nan,-0.11387979984283447,inf,11.580977439880371,0.2672644257545471
23506,nan,-0.10309600830078125,inf,13.141173362731934,0.1200244203209877
23590,nan,-0.07090194523334503,inf,10.54233455657959,0.6960445642471313
23641,nan,0.028299683704972267,inf,10.151150703430176,3.334681272506714
23675,nan,-0.12010961771011353,inf,15.816858291625977,0.0063492776826024055
23791,nan,-0.011314590461552143,inf,10.428706169128418,4.547489643096924
23802,nan,-0.12035802751779556,inf,20.86686134338379,4.0626528061693534e-05
23804,nan,-0.12026288360357285,inf,16.862213134765625,0.004029435105621815
23819,nan,-0.11560323089361191,inf,12.68622875213623,0.1177549883723259
23837,nan,-0.12399124354124069,inf,18.485477447509766,-0.17173166573047638
23866,nan,-0.11642900854349136,inf,13.133624076843262,0.15338364243507385
23884,nan,-0.12016388028860092,inf,13.722834587097168,0.010931205935776234
23885,nan,-0.12037066370248795,inf,17.10070037841797,0.00011596679541980848
23925,nan,-0.12035369127988815,inf,22.94722557067871,0.0002536773681640625
23951,nan,-0.11935915052890778,inf,14.178009033203125,0.023896073922514915
23956,nan,-0.12364556640386581,inf,6.223710536956787,1.850245714187622
23975,nan,-0.11983970552682877,inf,11.141692161560059,0.0052408697083592415
24014,nan,0.21850915253162384,inf,6.822618007659912,9.560872077941895
24018,nan,0.34318071603775024,inf,2.9679410457611084,14.112136840820312
24027,nan,-0.11670420318841934,inf,10.920524597167969,0.08361303061246872
24038,nan,-0.06342585384845734,inf,10.054259300231934,0.3987330496311188
24072,nan,-0.11605258285999298,inf,16.814884185791016,0.2029193937778473
24087,nan,-0.11899536848068237,inf,10.2277250289917,0.04360470920801163
24145,nan,0.575362503528595,inf,4.0215840339660645,9.877043724060059
24146,nan,-0.09669458121061325,inf,7.880351543426514,0.821022629737854
24204,nan,-0.10984742641448975,inf,10.692591667175293,0.27163180708885193
24211,nan,-0.10922650247812271,inf,14.441327095031738,0.4669424593448639
24227,nan,-0.12035806477069855,inf,18.638370513916016,0.00012636184692382812
24234,nan,-0.11810261011123657,inf,14.042512893676758,0.08752312511205673
24266,nan,0.023873426020145416,inf,7.014294624328613,4.148519515991211
24281,nan,-0.12029949575662613,inf,12.246149063110352,0.001605176948942244
24285,nan,2.6407623291015625,inf,3.0108730792999268,54.45541000366211
24302,nan,-0.11212991923093796,inf,10.258848190307617,0.08151240646839142
24307,nan,0.23955856263637543,inf,6.251587867736816,5.009461879730225
24316,nan,-0.1203036904335022,inf,17.098600387573242,0.0024824857246130705
24324,nan,-0.12032943218946457,inf,18.88405990600586,0.0012554168934002519
24349,nan,-0.12043720483779907,inf,22.03143310546875,-0.0003718376101460308
24404,nan,-0.06537222117185593,inf,8.797675132751465,2.038032054901123
24486,nan,-0.11990691721439362,inf,13.251190185546875,0.01645975187420845
24487,nan,-0.11832673847675323,inf,11.298299789428711,0.07298088073730469
24495,nan,-0.12035898119211197,inf,19.85552978515625,1.3786554518446792e-05
24519,nan,-0.12031468003988266,inf,10.549132347106934,0.01456375140696764
24527,nan,-0.11894058436155319,inf,14.586714744567871,0.0485147126019001
24538,nan,-0.12016983330249786,inf,12.23682975769043,-0.008781242184340954
24552,nan,-0.12413183599710464,inf,14.924880027770996,-0.0848054438829422
24590,nan,-0.10307245701551437,inf,8.564468383789062,0.32933542132377625
24605,nan,-0.12023057788610458,inf,13.978889465332031,0.0035026550758630037
24606,nan,-0.1203591451048851,inf,19.770248413085938,1.3506412869901396e-05
24609,nan,-0.10921651124954224,inf,11.310511589050293,0.08471951633691788
24634,nan,0.23983414471149445,inf,4.841833114624023,4.876900672912598
24636,nan,-0.021104276180267334,inf,7.948462963104248,2.3572404384613037
24637,nan,-0.12034036219120026,inf,17.716581344604492,0.00022249222092796117
24642,nan,-0.09080284088850021,inf,7.001527309417725,0.27392616868019104
24659,nan,-0.12024034559726715,inf,16.038663864135742,0.004327201750129461
24674,nan,-0.120327889919281,inf,15.34479808807373,0.000782871269620955
24693,nan,-0.11096137762069702,inf,9.687289237976074,0.19525165855884552
24767,nan,-0.1189345270395279,inf,11.233928680419922,0.019375940784811974
24779,nan,-0.0836370512843132,inf,9.464214324951172,0.9873530268669128
24780,nan,-0.12005989998579025,inf,12.704268455505371,0.005858087446540594
24798,nan,-0.08693692833185196,inf,7.972960948944092,0.399097740650177
24814,nan,-0.12113374471664429,inf,9.643948554992676,-0.014282608404755592
24816,nan,-0.11871868371963501,inf,16.171377182006836,0.045490361750125885
24858,nan,-0.013576963916420937,inf,9.226777076721191,4.340245723724365
24863,nan,-0.12191199511289597,inf,9.7484769821167,-0.0020646811462938786
24894,nan,-0.11409985274076462,inf,10.631730079650879,0.18917332589626312
24944,nan,-0.12032123655080795,inf,17.170860290527344,0.000972533249296248
24951,nan,-0.05147892236709595,inf,5.694519996643066,1.2682188749313354
24956,nan,-0.1263086050748825,inf,7.843984127044678,0.021193599328398705
24967,nan,-0.12020380795001984,inf,13.497153282165527,0.005507421679794788
25048,nan,-0.007141806185245514,inf,5.852065086364746,1.6280046701431274
25072,nan,-0.11909881979227066,inf,8.818656921386719,0.02507610432803631
25080,nan,-0.11960764974355698,inf,13.714398384094238,0.01920170895755291
25192,nan,-0.11348459869623184,inf,8.566781997680664,0.5787205100059509
25203,nan,-0.12102913856506348,inf,10.136183738708496,-0.0039265574887394905
25204,nan,-0.12087605148553848,inf,11.100662231445312,0.007614088244736195
25267,nan,-0.12035304307937622,inf,26.472476959228516,0.00029201508732512593
25291,nan,-0.10688769817352295,inf,10.370976448059082,0.5341219305992126
25319,nan,-0.09320686757564545,inf,7.9678053855896,0.3533017337322235
25324,nan,-0.12030821293592453,inf,19.95777130126953,0.001911592553369701
25333,nan,-0.12033670395612717,inf,18.22234344482422,0.0009074211120605469
25339,nan,4.801324367523193,inf,0.2214922159910202,129.62078857421875
25351,nan,-0.1200961023569107,inf,14.711377143859863,0.0015157520538195968
25373,nan,-0.12029256671667099,inf,15.387410163879395,0.0026459693908691406
25388,nan,-0.10468637198209763,inf,12.903816223144531,0.30400219559669495
25402,nan,-0.11987680196762085,inf,11.325339317321777,0.017113054171204567
25412,nan,-0.06075100228190422,inf,8.89521312713623,2.4355218410491943
25423,nan,-0.08574872463941574,inf,8.861830711364746,1.1570042371749878
25439,nan,-0.021968841552734375,inf,7.7282257080078125,2.986015558242798
25441,nan,-0.12028534710407257,inf,17.07381820678711,0.0023357390891760588
25478,nan,-0.12033746391534805,inf,16.254011154174805,0.0018125533824786544
25545,nan,-0.11749096214771271,inf,12.709185600280762,0.0860641747713089
25581,nan,-0.07626444101333618,inf,9.7083158493042,1.391344428062439
25598,nan,-0.11171146482229233,inf,9.4500150680542,0.20658309757709503
25635,nan,-0.11552288383245468,inf,8.335009574890137,0.05494241788983345
25645,nan,-0.12013349682092667,inf,15.78166675567627,0.0059081497602164745
25689,nan,-0.12035613507032394,inf,24.114519119262695,0.0001291275111725554
25706,nan,-0.12033861130475998,inf,16.56908416748047,0.00028705596923828125
25794,nan,-0.07323822379112244,inf,8.553353309631348,1.5338081121444702
25857,nan,-0.09523078799247742,inf,9.008814811706543,0.6343633532524109
25875,nan,-0.1178944855928421,inf,10.192145347595215,0.03860659524798393
25895,nan,-0.11399274319410324,inf,7.687077522277832,0.5462769865989685
25897,nan,0.5335808992385864,inf,5.793035507202148,13.772692680358887
25956,nan,0.8080547451972961,inf,3.752918004989624,22.340856552124023
25965,nan,-0.03333069384098053,inf,5.885056495666504,2.139979600906372
25998,nan,0.4717528820037842,inf,5.426570415496826,8.8124361038208
26025,nan,-0.08663126826286316,inf,9.049725532531738,0.29158738255500793
26056,nan,-0.11922524124383926,inf,12.073792457580566,0.027815580368041992
26113,nan,-0.2786957025527954,inf,4.774876117706299,2.2950305938720703
26162,nan,-0.11904746294021606,inf,13.35435962677002,0.04567840322852135
26188,nan,-0.020305713638663292,inf,8.587369918823242,1.5062530040740967
26194,nan,-0.11804007738828659,inf,11.95970344543457,0.06589508056640625
26210,nan,0.6547559499740601,inf,3.8365089893341064,16.658212661743164
26211,nan,-0.12035864591598511,inf,19.54354476928711,-2.28881845032447e-06
26238,nan,-0.08216657489538193,inf,10.43709945678711,0.2787189483642578
26274,nan,-0.12034731358289719,inf,21.686405181884766,0.0004763603210449219
26276,nan,-0.11900236457586288,inf,17.07221031188965,0.06337576359510422
26337,nan,-0.12037026137113571,inf,15.462106704711914,-0.0017866849666461349
26346,nan,-0.11596208810806274,inf,12.19086742401123,0.1931040734052658
26359,nan,-0.12002982199192047,inf,13.145914077758789,0.00786447525024414
26386,nan,-0.10790213197469711,inf,10.88903522491455,0.20553608238697052
26398,nan,-0.17004865407943726,inf,7.991307735443115,-0.7188596129417419
26408,nan,-0.11920978128910065,inf,10.864334106445312,0.05109701678156853
26425,nan,0.061262477189302444,inf,4.90880823135376,5.860191345214844
26522,nan,0.18418553471565247,inf,4.645451545715332,7.460981845855713
26543,nan,-0.11767212301492691,inf,10.533456802368164,0.0991022139787674
26615,nan,-0.12035942077636719,inf,21.951017379760742,-8.308888027386274e-06
26617,nan,-0.12030263245105743,inf,17.21851921081543,0.0026777000166475773
26645,nan,-0.12035687267780304,inf,18.65285301208496,7.133484177757055e-05
26718,nan,-0.12034355849027634,inf,15.003302574157715,0.0006990671390667558
26762,nan,-0.12033236026763916,inf,14.912039756774902,0.0009749174350872636
26767,nan,-0.12032484263181686,inf,15.455451965332031,0.0011016607750207186
26835,nan,-0.1317620724439621,inf,5.300525665283203,0.11087866127490997
26839,nan,-0.12035923451185226,inf,37.03513717651367,0.0
26853,nan,-0.11681012064218521,inf,13.084965705871582,0.10538549721240997
26869,nan,0.028925051912665367,inf,4.756350040435791,3.6729676723480225
26879,nan,-0.1203528642654419,inf,21.72711181640625,0.00021667480177711695
26880,nan,-0.11491318792104721,inf,9.53445053100586,0.14725370705127716
26894,nan,-0.13505415618419647,inf,5.630401611328125,0.004504203796386719
26902,nan,-0.12025149166584015,inf,14.91351318359375,0.0027392387855798006
27009,nan,-0.12035342305898666,inf,19.41786003112793,0.0002551794168539345
27015,nan,-0.05795302987098694,inf,8.802102088928223,0.5151075124740601
27026,nan,-0.09993989765644073,inf,7.061477184295654,0.6053126454353333
27029,nan,-0.12035740911960602,inf,15.986480712890625,6.305277202045545e-05
27165,nan,-0.11852940171957016,inf,12.657557487487793,0.026424607262015343
27236,nan,-0.12035947293043137,inf,20.383169174194336,-3.814697265625e-06
27280,nan,-0.1203140839934349,inf,21.14472198486328,0.0011516570812091231
27281,nan,-0.11897889524698257,inf,14.196382522583008,0.02001793496310711
27282,nan,-0.07513938844203949,inf,6.041025161743164,1.6133216619491577
27290,nan,-0.01809682697057724,inf,6.876745700836182,2.5294907093048096
27302,nan,-0.11774096637964249,inf,14.243708610534668,0.08875451236963272
27339,nan,-0.1201850101351738,inf,22.4500789642334,0.007013988681137562
27358,nan,0.7148042321205139,inf,4.777315616607666,17.78725814819336
27375,nan,0.23114359378814697,inf,7.966989994049072,8.458182334899902
27434,nan,-0.0937182828783989,inf,7.148584842681885,0.6405025124549866
27493,nan,-0.12038341909646988,inf,13.782856941223145,0.0002495765802450478
27500,nan,-0.11868156492710114,inf,15.852328300476074,0.0047788857482373714
27530,nan,-0.11815381050109863,inf,14.928006172180176,0.06020612642168999
27547,nan,-0.12030936777591705,inf,14.975418090820312,0.0017871856689453125
27596,nan,-0.12036150693893433,inf,22.869787216186523,-7.915497008070815e-06
27618,nan,-0.11415987461805344,inf,15.685879707336426,0.09732484817504883
27620,nan,0.06521326303482056,inf,5.6359100341796875,4.3833112716674805
27708,nan,-0.11348079890012741,inf,13.555663108825684,0.2001175433397293
27736,nan,-0.049464598298072815,inf,11.045262336730957,3.060792922973633
27743,nan,-0.1199919804930687,inf,13.163530349731445,0.011090707965195179
27765,nan,-0.11985405534505844,inf,13.392743110656738,0.007820936851203442
27766,nan,0.43491387367248535,inf,5.383315086364746,9.42752742767334
27829,nan,-0.09069187194108963,inf,7.2725725173950195,0.64482182264328
27846,nan,-0.12035884708166122,inf,21.305004119873047,1.1587143490032759e-05
27865,nan,0.06940706074237823,inf,6.335134983062744,6.711708068847656
27871,nan,0.7203070521354675,inf,5.9884185791015625,13.514012336730957
27872,nan,0.06649252027273178,inf,8.71332836151123,4.0768585205078125
27905,nan,-0.1181010976433754,inf,11.052508354187012,0.06169567257165909
27907,nan,-0.12022963911294937,inf,18.37784194946289,0.004382228944450617
27935,nan,-0.03855947405099869,inf,7.20916223526001,1.4304345846176147
27946,nan,-0.0715625062584877,inf,8.752361297607422,1.2654986381530762
28032,nan,-0.11966188997030258,inf,8.285052299499512,0.06902118027210236
28059,nan,-0.009043991565704346,inf,6.420241832733154,2.7659976482391357
28088,nan,-0.10911516100168228,inf,9.464422225952148,0.22498856484889984
28157,nan,-0.11703469604253769,inf,9.916718482971191,0.08862171322107315
28159,nan,-0.12041069567203522,inf,18.917387008666992,-0.001166486763395369
28231,nan,-0.12034743279218674,inf,17.218244552612305,0.00038051605224609375
28235,nan,-0.11403121799230576,inf,11.7625093460083,0.1645081490278244
28236,nan,-0.05869757756590843,inf,8.592439651489258,2.067556619644165
28249,nan,0.21463166177272797,inf,4.244639873504639,4.694554328918457
28303,nan,-0.12029796838760376,inf,14.872283935546875,0.0020227194763720036
28332,nan,0.017062222585082054,inf,9.141623497009277,3.539299726486206
28338,nan,-0.03316860646009445,inf,7.091403484344482,2.5594940185546875
28392,nan,-0.12049024552106857,inf,12.195024490356445,0.0031523704528808594
28460,nan,-0.08005287498235703,inf,13.293173789978027,1.3609896898269653
28482,nan,-0.13018643856048584,inf,7.731372833251953,-0.1597554236650467
28511,nan,-0.059907346963882446,inf,9.86435604095459,1.8255999088287354
28512,nan,0.03662189841270447,inf,4.638037204742432,5.25369119644165
28596,nan,-0.07098887115716934,inf,8.33912181854248,0.5955316424369812
28637,nan,-0.15793053805828094,inf,10.9527587890625,-0.8029223680496216
28690,nan,0.7033960223197937,inf,4.780555725097656,20.08492088317871
28711,nan,-0.10907067358493805,inf,10.200705528259277,0.2545185089111328
28714,nan,-0.115033820271492,inf,10.625991821289062,0.13841572403907776
28733,nan,0.06369993090629578,inf,8.821921348571777,1.6073811054229736
28881,nan,-0.11865182220935822,inf,12.166247367858887,0.05350131914019585
28890,nan,-0.12035715579986572,inf,19.662687301635742,9.558200690662488e-05
28933,nan,-0.1346167027950287,inf,8.306645393371582,-0.02376871183514595
28950,nan,-0.12035612016916275,inf,21.48373794555664,9.512901306152344e-05
28960,nan,-0.12037455290555954,inf,19.071950912475586,-0.0001896381436381489
28964,nan,-0.1178206130862236,inf,11.527091026306152,0.049196720123291016
29010,nan,-0.12034562975168228,inf,17.900449752807617,0.0004592895566020161
29019,nan,-0.11966180056333542,inf,13.3470458984375,0.022225284948945045
29058,nan,-0.11719081550836563,inf,10.157318115234375,0.14028491079807281
29079,nan,3.981208086013794,inf,1.5311226844787598,82.2119140625
29100,nan,-0.07648726552724838,inf,8.209534645080566,0.8789973258972168
29110,nan,-0.12035558372735977,inf,23.475893020629883,0.0001667499600443989
29176,nan,-0.11895429342985153,inf,11.93191146850586,0.016020966693758965
29203,nan,-0.12036210298538208,inf,17.035470962524414,2.856254650396295e-05
29218,nan,-0.12031834572553635,inf,16.297252655029297,0.0013059020275250077
29221,nan,-0.14863978326320648,inf,5.70601749420166,-1.1648963689804077
29381,nan,1.1213722229003906,inf,5.2119832038879395,30.70599937438965
29432,nan,-0.12007590383291245,inf,14.868308067321777,0.012989330105483532
29443,nan,-0.11786915361881256,inf,10.16153621673584,0.04015989229083061
29460,nan,0.0026962950360029936,inf,6.881462097167969,0.9380599856376648
29481,nan,0.7943562269210815,inf,4.605628967285156,15.343154907226562
29482,nan,-0.12036102265119553,inf,19.395795822143555,-6.818771453254158e-06
29509,nan,0.17319194972515106,inf,6.79320764541626,6.459680080413818
29512,nan,-0.12027477473020554,inf,16.38249969482422,0.002132511232048273
29522,nan,-0.11535543203353882,inf,12.046648979187012,0.15576162934303284
29544,nan,-0.1185716912150383,inf,12.563265800476074,0.04013252258300781
29554,nan,-0.09836459159851074,inf,8.861430168151855,0.19009362161159515
29572,nan,0.13984741270542145,inf,4.817537307739258,3.496234178543091
29618,nan,-0.11930221319198608,inf,12.77109432220459,0.035515595227479935
29657,nan,-0.08890403062105179,inf,8.87248706817627,0.6320987939834595
29666,nan,0.07829644531011581,inf,5.2236857414245605,4.401772499084473
29673,nan,-0.12032292038202286,inf,17.520565032958984,0.0008699893951416016
29748,nan,0.10169953107833862,inf,4.9514479637146,9.631110191345215
29784,nan,-0.11958477646112442,inf,12.102499961853027,0.015787387266755104
29786,nan,-0.12034892290830612,inf,20.023075103759766,0.0004784584161825478
29810,nan,-0.11969554424285889,inf,12.043306350708008,0.008920288644731045
29819,nan,-0.12025004625320435,inf,15.187291145324707,0.002754169749096036
29856,nan,-0.11293207854032516,inf,12.380389213562012,0.15757182240486145
29865,nan,-0.04120706766843796,inf,7.272061824798584,1.5726583003997803
29895,nan,-0.1633940190076828,inf,7.513741493225098,-1.5751503705978394
29900,nan,2.5812976360321045,inf,2.959796667098999,47.71307373046875
30083,nan,-0.11696135252714157,inf,12.384530067443848,0.08469357341527939
30142,nan,-0.09914364665746689,inf,7.518148899078369,0.5252109169960022
30145,nan,-0.12034910172224045,inf,18.231977462768555,0.0004347682115621865
30149,nan,-0.11251528561115265,inf,8.299700736999512,0.4411453902721405
30151,nan,-0.11897057294845581,inf,10.427177429199219,0.03114214539527893
30164,nan,-0.031604934483766556,inf,7.409951686859131,0.4649205207824707
30193,nan,-0.12005436420440674,inf,10.6890287399292,0.01272039394825697
30221,nan,-0.11021224409341812,inf,9.64126968383789,0.2299598753452301
30316,nan,-0.0012207466643303633,inf,6.570578098297119,2.5678701400756836
30328,nan,-0.12027424573898315,inf,15.324258804321289,0.0023952126502990723
30334,nan,-0.10191887617111206,inf,11.462611198425293,0.24236880242824554
30340,nan,-0.11443857103586197,inf,12.961687088012695,0.20563049614429474
30357,nan,2.1727147102355957,inf,2.89909029006958,38.712459564208984
30371,nan,-0.08858504146337509,inf,7.205448150634766,0.4133395850658417
30387,nan,-0.02942785620689392,inf,8.573872566223145,2.2514164447784424
30393,nan,-0.11859025806188583,inf,10.679414749145508,0.04497035965323448
30440,nan,-0.120358906686306,inf,20.868318557739258,1.640319896978326e-05
30451,nan,-0.11916210502386093,inf,12.536735534667969,0.0353846549987793
30512,nan,-0.12350322306156158,inf,9.735068321228027,0.0531710647046566
30532,nan,-0.11657775938510895,inf,10.397686958312988,0.13878189027309418
30553,nan,-0.12285862118005753,inf,8.960780143737793,-0.048717107623815536
30576,nan,-0.056612610816955566,inf,7.396283149719238,1.4431909322738647
30594,nan,-0.12032254785299301,inf,15.742828369140625,0.0009792328346520662
30615,nan,0.1702987402677536,inf,8.582222938537598,6.7859978675842285
30709,nan,-0.11778570711612701,inf,8.26795482635498,0.11790437996387482
30774,nan,-0.048677507787942886,inf,9.877842903137207,1.1701198816299438
30800,nan,-0.11835990101099014,inf,12.868704795837402,0.01678772084414959
30846,nan,-0.12035562843084335,inf,21.493484497070312,0.00013847350783180445
30862,nan,-0.12028936296701431,inf,14.088305473327637,0.0010650157928466797
30909,nan,-0.1203596368432045,inf,18.77921485900879,-9.298324584960938e-06
30957,nan,-0.12032114714384079,inf,15.857562065124512,0.0005684852949343622
30984,nan,-0.12033454328775406,inf,15.293028831481934,0.0010680198902264237
31050,nan,-0.12035901844501495,inf,26.249032974243164,9.918213436321821e-06
31156,nan,-0.12027447670698166,inf,12.993803977966309,0.0026913881301879883
31177,nan,-0.1203116923570633,inf,16.950931549072266,0.0021809458266943693
31213,nan,-0.12024495750665665,inf,14.95398998260498,0.004872226621955633
31232,nan,-0.12442319840192795,inf,9.866909980773926,-0.09598761051893234
31250,nan,-0.12036009877920151,inf,15.897048950195312,6.229877908481285e-05
31259,nan,-0.03876194357872009,inf,8.382832527160645,1.4952845573425293
31297,nan,-0.11151134222745895,inf,13.095210075378418,0.20187845826148987
31361,nan,-0.12035931646823883,inf,23.04654312133789,-1.7166138377433526e-06
31410,nan,-0.12028928846120834,inf,15.115748405456543,0.0019048691028729081
31437,nan,-0.15776197612285614,inf,9.816588401794434,-0.759278416633606
31477,nan,0.09520041197538376,inf,6.474796295166016,1.8550761938095093
31481,nan,-0.1193683072924614,inf,9.614428520202637,0.041587259620428085
31506,nan,-0.120247982442379,inf,14.011858940124512,0.0019396304851397872
31508,nan,-0.12041982263326645,inf,14.205513000488281,-0.0009250640869140625
31601,nan,-0.11996974050998688,inf,11.618029594421387,0.0066980780102312565
31607,nan,0.4953024387359619,inf,2.2531368732452393,24.204010009765625
31635,nan,-0.11579632759094238,inf,15.106085777282715,0.14778856933116913
31690,nan,0.7891818284988403,inf,3.171555757522583,17.46170997619629
31701,nan,-0.12040110677480698,inf,14.01523494720459,0.0008865952841006219
31703,nan,-0.12034478038549423,inf,15.89487361907959,0.00021944046602584422
31753,nan,-0.12035872042179108,inf,17.6426944732666,7.112026651157066e-05
31773,nan,-0.12021145969629288,inf,17.516725540161133,0.0011663436889648438
31809,nan,-0.12033867835998535,inf,17.10637664794922,0.00036153793917037547
31820,nan,-0.12035923451185226,inf,24.17829704284668,0.0
31829,nan,1.647818922996521,inf,4.623946666717529,48.39744186401367
31904,nan,-0.04855886846780777,inf,8.324972152709961,1.9937549829483032
32018,nan,-0.08797970414161682,inf,11.089092254638672,0.8234972953796387
32027,nan,-0.06901353597640991,inf,9.477084159851074,0.6320562362670898
32043,nan,-0.055058665573596954,inf,7.751336574554443,0.7680511474609375
32077,nan,-0.11905709654092789,inf,11.840258598327637,0.019504046067595482
32151,nan,-0.09650490432977676,inf,9.298600196838379,0.5866583585739136
32179,nan,-0.085382841527462,inf,9.531859397888184,0.311058908700943
32198,nan,-0.07540760189294815,inf,5.986146450042725,2.324603796005249
32251,nan,-0.1203245297074318,inf,18.2603816986084,0.0009794235229492188
32267,nan,0.9498648643493652,inf,5.390054225921631,29.73118019104004
32269,nan,-0.11838630586862564,inf,18.364273071289062,0.07453390210866928
32307,nan,-0.11910474300384521,inf,11.065279960632324,0.025815391913056374
32324,nan,-0.11997518688440323,inf,16.06356430053711,0.008968114852905273
32357,nan,0.026577217504382133,inf,4.861493110656738,2.378699779510498
32362,nan,-0.12051495164632797,inf,16.943017959594727,-0.0012186110252514482
32388,nan,-0.11670593172311783,inf,10.405031204223633,0.10851230472326279
32404,nan,0.1643887311220169,inf,10.579197883605957,12.02585506439209
32422,nan,-0.038119006901979446,inf,7.161866188049316,1.7347462177276611
32481,nan,-0.10678594559431076,inf,7.438640117645264,0.2579180896282196
32517,nan,-0.12215663492679596,inf,10.460604667663574,0.016986733302474022
32558,nan,-0.13078705966472626,inf,6.154407978057861,-0.8039571642875671
32560,nan,-0.12034573405981064,inf,19.758155822753906,0.0003181934298481792
32577,nan,-0.10595706850290298,inf,7.171199798583984,1.263884425163269
32586,nan,-0.045760542154312134,inf,5.636359214782715,1.1175428628921509
32589,nan,-0.12020794302225113,inf,21.57330894470215,0.00348663330078125
32628,nan,-0.1201762929558754,inf,17.38496208190918,0.005736589431762695
32666,nan,-0.1154642254114151,inf,11.681960105895996,0.11270137131214142
32675,nan,-0.1189541444182396,inf,11.304481506347656,0.0380496047437191
32685,nan,-0.12035709619522095,inf,19.785741806030273,8.388944115722552e-05
32686,nan,-0.12033746391534805,inf,14.568002700805664,0.0007494926685467362
32688,nan,-0.12011968344449997,inf,16.490036010742188,0.005944299977272749
32733,nan,-0.12035345286130905,inf,18.062833786010742,0.0001594305067555979
32738,nan,-0.11981486529111862,inf,10.927857398986816,0.024348020553588867
32768,nan,-0.0927063599228859,inf,9.768930435180664,0.05744051933288574
32775,nan,-0.13254497945308685,inf,9.672618865966797,0.049794889986515045
32793,nan,0.46079155802726746,inf,3.738917589187622,15.839617729187012
32848,nan,-0.1194857582449913,inf,18.362598419189453,0.03600335121154785
32857,nan,-0.12008830159902573,inf,16.12909698486328,0.013093853369355202
32871,nan,-0.11319182068109512,inf,15.324447631835938,0.15723179280757904
32902,nan,-0.12038270384073257,inf,23.199871063232422,-0.00014929771714378148
32965,nan,0.17804263532161713,inf,5.392554759979248,5.801431179046631
33016,nan,-0.09417636692523956,inf,7.830994606018066,0.6084259152412415
33094,nan,-0.07831241935491562,inf,11.001139640808105,0.9937223792076111
33117,nan,-0.12027259171009064,inf,18.214948654174805,0.003427219344303012
33146,nan,-0.11984135955572128,inf,14.24127197265625,0.019529199227690697
33256,nan,-0.08622578531503677,inf,12.337210655212402,0.1773017942905426
33344,nan,-0.11547520011663437,inf,11.344181060791016,0.12373600155115128
33378,nan,-0.11479336023330688,inf,10.41867446899414,0.2619231045246124
33388,nan,-0.12035800516605377,inf,17.686119079589844,0.00011577606346691027
33405,nan,0.12666313350200653,inf,7.947385311126709,3.737417697906494
33412,nan,-0.11353033035993576,inf,10.603058815002441,0.1576838493347168
33416,nan,-0.11882825940847397,inf,12.166300773620605,0.043139077723026276
33430,nan,-0.10575999319553375,inf,7.455402374267578,0.4788986146450043
33431,nan,-0.10631509125232697,inf,8.670561790466309,0.25673139095306396
33463,nan,-0.12025488913059235,inf,15.65799617767334,0.0044708251953125
33465,nan,-0.12007510662078857,inf,17.44724464416504,0.0064983367919921875
33571,nan,-0.12079419195652008,inf,13.734468460083008,-0.012124490924179554
33575,nan,0.34905168414115906,inf,6.918819427490234,14.237802505493164
33641,nan,-0.1191728338599205,inf,10.93845272064209,0.04312324523925781
33645,nan,-0.11904007196426392,inf,11.185942649841309,0.09343290328979492
33655,nan,0.05790991708636284,inf,5.99957799911499,3.891979932785034
33674,nan,0.1845189332962036,inf,5.843040466308594,4.879778861999512
33694,nan,0.39433613419532776,inf,6.009822845458984,14.887313842773438
33732,nan,-0.017034832388162613,inf,6.644753932952881,2.5883004665374756
33762,nan,0.08517497777938843,inf,6.335484981536865,5.295501232147217
33784,nan,-0.12035895884037018,inf,21.826419830322266,8.130074093060102e-06
33814,nan,-0.1176338717341423,inf,9.105388641357422,0.04897419363260269
33899,nan,-0.12026926130056381,inf,17.3659725189209,0.00062985421391204
33971,nan,0.005166676361113787,inf,7.675313472747803,3.802208662033081
34017,nan,-0.06218335032463074,inf,8.125791549682617,1.9835700988769531
34024,nan,-0.11960218101739883,inf,16.32733154296875,0.03445244953036308
34086,nan,-0.07955923676490784,inf,10.81298542022705,1.32638680934906
34117,nan,-0.12033873796463013,inf,19.864965438842773,0.0009651005384512246
34150,nan,0.21626125276088715,inf,5.938196182250977,5.44379186630249
34180,nan,-0.12027628719806671,inf,17.62264060974121,0.0026106834411621094
34201,nan,-0.1480543464422226,inf,13.019932746887207,-0.7330631613731384
34207,nan,-0.11815480142831802,inf,19.336578369140625,0.1025184616446495
34226,nan,-0.11165469139814377,inf,8.533437728881836,0.045679666101932526
34240,nan,0.38211947679519653,inf,5.308374881744385,11.519826889038086
34246,nan,1.9130032062530518,inf,2.1515748500823975,25.172468185424805
34247,nan,-0.01932786963880062,inf,8.723451614379883,1.9957764148712158
34373,nan,-0.12035920470952988,inf,26.245237350463867,3.814697322468419e-07
34425,nan,-0.12027900665998459,inf,14.599902153015137,0.002367389155551791
34428,nan,-0.03466504439711571,inf,8.042367935180664,1.4851244688034058
34453,nan,0.9750576019287109,inf,3.4193997383117676,28.414403915405273
34467,nan,-0.12280994653701782,inf,9.623842239379883,0.005345535464584827
34477,nan,-0.07986871153116226,inf,7.69789981842041,1.1680492162704468
34493,nan,0.02136433683335781,inf,6.223508358001709,1.2077077627182007
34500,nan,-0.1203601285815239,inf,23.10025978088379,-4.372596959001385e-05
34547,nan,-0.12022049725055695,inf,13.407719612121582,0.005868476815521717
34568,nan,-0.11940834671258926,inf,12.860661506652832,0.05071239545941353
34593,nan,-0.12036353349685669,inf,15.55603313446045,0.00025157633353956044
34610,nan,-0.09097129106521606,inf,9.143135070800781,1.4035767316818237
34633,nan,-0.08615013211965561,inf,8.358613967895508,0.514985203742981
34635,nan,-0.11989440023899078,inf,14.053336143493652,0.021442890167236328
34657,nan,-0.026058299466967583,inf,7.6169891357421875,0.7513298988342285
34685,nan,-0.12035971879959106,inf,22.960418701171875,-2.1696090698242188e-05
34695,nan,0.18672271072864532,inf,6.348930358886719,9.770936965942383
34723,nan,-0.12000840157270432,inf,13.407259941101074,0.011282137595117092
34816,nan,-0.118999183177948,inf,13.452919006347656,0.04936956241726875
34897,nan,-0.11843688786029816,inf,13.005607604980469,0.05397681146860123
34929,nan,-0.06890195608139038,inf,8.478372573852539,0.6949431300163269
34937,nan,0.4702186584472656,inf,4.683914661407471,7.509210109710693
35005,nan,-0.0897306427359581,inf,10.436644554138184,0.30034443736076355
35027,nan,-0.12037382274866104,inf,14.652493476867676,-0.0001554012269480154
35085,nan,-0.13036678731441498,inf,6.7407450675964355,-0.7866814732551575
35099,nan,-0.12035905569791794,inf,18.982030868530273,6.961822691664565e-06
35171,nan,-0.12032525986433029,inf,18.38738250732422,0.0011604309547692537
35201,nan,0.04284883290529251,inf,6.905497074127197,3.1388204097747803
35202,nan,-0.04034929722547531,inf,7.18454122543335,1.6291192770004272
35213,nan,-0.12027847766876221,inf,18.17063331604004,0.0025860785972326994
35246,nan,-0.12030956894159317,inf,16.775272369384766,0.0014113426441326737
35303,nan,-0.12006349861621857,inf,13.876452445983887,0.008624649606645107
35328,nan,-0.06643702834844589,inf,8.196819305419922,1.7296879291534424
35339,nan,-0.1191110610961914,inf,17.231586456298828,0.0288494061678648
35345,nan,-0.12033379077911377,inf,17.083471298217773,0.0006245613330975175
35366,nan,-0.12035923451185226,inf,27.40369987487793,1.4305115314527939e-07
35383,nan,-0.08928528428077698,inf,9.20131778717041,0.6188068389892578
35417,nan,-0.12145411968231201,inf,14.04917049407959,-0.003731846809387207
35420,nan,-0.11828744411468506,inf,11.879012107849121,0.05579792335629463
35455,nan,-0.11250300705432892,inf,10.378569602966309,0.06338777393102646
35457,nan,-0.11978360265493393,inf,9.125398635864258,0.08572494238615036
35488,nan,-0.11586977541446686,inf,10.53434944152832,0.13805603981018066
35489,nan,-0.11202897876501083,inf,9.460801124572754,0.20792536437511444
35538,nan,-0.1188829094171524,inf,11.279446601867676,0.01717700995504856
35553,nan,0.0650680735707283,inf,6.6069254875183105,5.565271854400635
35562,nan,-0.12035921961069107,inf,27.706491470336914,1.4305115314527939e-07
35574,nan,-0.12024974077939987,inf,16.329910278320312,0.0029384612571448088
35609,nan,-0.11993278563022614,inf,11.840925216674805,0.028952812775969505
35658,nan,-0.1203572154045105,inf,18.79404640197754,0.00019512177095748484
35672,nan,-0.12042585760354996,inf,14.009390830993652,-7.667541649425402e-05
35686,nan,-0.012961394153535366,inf,7.261657238006592,2.752401351928711
35696,nan,-0.1156918928027153,inf,11.275980949401855,0.13022346794605255
35733,nan,-0.1187727078795433,inf,13.973065376281738,0.0640501007437706
35747,nan,-0.11920572817325592,inf,12.18368148803711,0.033768653869628906
35763,nan,-0.12035628408193588,inf,17.657630920410156,0.0001232624053955078
35811,nan,-0.12036015093326569,inf,17.19230842590332,-1.4781952586417901e-06
35834,nan,0.17548954486846924,inf,4.54957389831543,13.036681175231934
35854,nan,0.6595706939697266,inf,4.4452643394470215,13.1115140914917
35919,nan,-0.10914125293493271,inf,13.753303527832031,0.3642524778842926
35964,nan,-0.12014112621545792,inf,12.969279289245605,0.008527183905243874
35985,nan,-0.11872472614049911,inf,12.576529502868652,0.06151683256030083
35990,nan,-0.11939357966184616,inf,18.13656234741211,0.04530918598175049
36049,nan,-0.11636506766080856,inf,11.779751777648926,0.08342915028333664
36116,nan,-0.049840569496154785,inf,6.36655855178833,1.8868284225463867
36179,nan,-0.0030264919623732567,inf,7.24231481552124,2.926523208618164
36181,nan,-0.11146314442157745,inf,10.110152244567871,0.290544718503952
36192,nan,-0.12036223709583282,inf,16.05739402770996,-8.249283382610884e-06
36209,nan,-0.107511006295681,inf,10.272025108337402,0.2806551158428192
36238,nan,-0.08556387573480606,inf,9.547125816345215,0.7432843446731567
36245,nan,-0.12022498995065689,inf,12.703622817993164,0.0192734245210886
36250,nan,-0.12035838514566422,inf,23.722225189208984,2.288818359375e-05
36270,nan,-0.12033580988645554,inf,14.704035758972168,0.0019327163463458419
36276,nan,-0.12105130404233932,inf,25.276653289794922,-0.004398345947265625
36325,nan,-0.11338766664266586,inf,13.718192100524902,0.18878419697284698
36329,nan,0.07595811784267426,inf,6.386089324951172,4.450536251068115
36424,nan,0.14580288529396057,inf,7.923703193664551,6.584628582000732
36445,nan,-0.12025340646505356,inf,14.120076179504395,0.0025361061561852694
36463,nan,-0.11837544292211533,inf,11.957194328308105,0.05152473598718643
36518,nan,-0.1191091537475586,inf,11.472739219665527,0.014091444201767445
36519,nan,-0.09063310921192169,inf,6.293050289154053,1.887152910232544
36552,nan,-0.1260281503200531,inf,14.8998384475708,-0.19626808166503906
36593,nan,-0.1191708967089653,inf,10.990758895874023,0.05776815488934517
36594,nan,-0.12040343135595322,inf,15.192458152770996,-0.00021629333787132055
36618,nan,-0.12035878747701645,inf,21.560976028442383,1.8596649169921875e-05
36757,nan,0.10255294293165207,inf,8.629149436950684,8.738615989685059
36762,nan,0.19598525762557983,inf,5.377511024475098,3.639528751373291
36835,nan,-0.0570654533803463,inf,9.297139167785645,1.2438924312591553
36869,nan,-0.002110316650941968,inf,6.942254543304443,4.429866790771484
36880,nan,-0.1203591451048851,inf,26.71906089782715,3.814697265625e-06
36889,nan,-0.12012340128421783,inf,12.730097770690918,0.007986372336745262
36912,nan,-0.1203010082244873,inf,13.77849006652832,0.0014414072502404451
36928,nan,-0.11743780225515366,inf,14.885026931762695,0.07956981658935547
36938,nan,-0.12035472691059113,inf,17.08722496032715,0.00011386871483409777
36939,nan,-0.12034016102552414,inf,17.062253952026367,0.0005668640369549394
36958,nan,-0.12005525827407837,inf,11.419987678527832,0.014405155554413795
37081,nan,-0.12029450386762619,inf,17.198781967163086,0.0013827801449224353
37173,nan,-0.02435455471277237,inf,7.042847633361816,1.8103100061416626
37269,nan,-0.10420787334442139,inf,14.33655071258545,0.37146198749542236
37286,nan,-0.12103485316038132,inf,11.350703239440918,0.025338420644402504
37342,nan,-0.08519326895475388,inf,9.08389663696289,0.29290300607681274
37404,nan,-0.08134526759386063,inf,10.019343376159668,0.711172878742218
37446,nan,-0.11557774990797043,inf,10.744564056396484,0.0998075008392334
37456,nan,-0.10143359750509262,inf,14.140372276306152,0.6013409495353699
37495,nan,-0.10837165266275406,inf,14.88514232635498,0.07636947929859161
37558,nan,-0.12035921961069107,inf,22.197011947631836,5.626678557746345e-06
37577,nan,-0.0907629057765007,inf,7.598513126373291,0.4082704484462738
37605,nan,-0.1203727275133133,inf,13.405505180358887,-0.0001706600160105154
37637,nan,0.04377225786447525,inf,6.502199649810791,2.0196712017059326
37679,nan,-0.11951389163732529,inf,10.128744125366211,0.06265878677368164
37712,nan,-0.13474957644939423,inf,7.031726837158203,-0.5273231863975525
37734,nan,-0.12032276391983032,inf,17.376327514648438,0.0012701035011559725
37747,nan,-0.08972690999507904,inf,11.337726593017578,0.8260869383811951
37752,nan,-0.04971298202872276,inf,12.447179794311523,1.7894130945205688
37770,nan,-0.054634660482406616,inf,8.079285621643066,0.3533092439174652
37807,nan,-0.11946117132902145,inf,12.926924705505371,0.037720538675785065
37871,nan,-0.12004748731851578,inf,13.593162536621094,0.012529945932328701
37937,nan,-0.0627707839012146,inf,6.475747108459473,0.8849522471427917
37972,nan,0.8568138480186462,inf,4.115516662597656,15.718035697937012
38001,nan,0.3854145407676697,inf,4.652379512786865,13.60764217376709
38024,nan,-0.11786138266324997,inf,11.462869644165039,0.07140717655420303
38029,nan,0.8923236727714539,inf,5.01006555557251,30.595441818237305
38030,nan,-0.12035347521305084,inf,22.353137969970703,0.00025997162447310984
38036,nan,-0.10392298549413681,inf,9.524120330810547,0.7500922083854675
38132,nan,0.5445330142974854,inf,5.044412612915039,11.869046211242676
38148,nan,-0.11899393051862717,inf,12.587777137756348,0.038262128829956055
38168,nan,-0.09872721880674362,inf,7.383452892303467,0.5818796157836914
38177,nan,-0.09854785352945328,inf,9.789999961853027,0.06130511686205864
38180,nan,0.9243716597557068,inf,3.5680534839630127,18.796518325805664
38222,nan,-0.07567577809095383,inf,11.73633861541748,1.0219547748565674
38281,nan,-0.12019182741641998,inf,14.755404472351074,0.00590782193467021
38287,nan,-0.040077343583106995,inf,9.294024467468262,0.27786585688591003
38301,nan,0.0009280264494009316,inf,4.505297660827637,5.996501445770264
38348,nan,-0.12039449065923691,inf,13.08686351776123,0.0010124206310138106
38416,nan,-0.04215621575713158,inf,4.035310745239258,7.685901165008545
38421,nan,-0.11913412064313889,inf,11.42691707611084,0.032570648938417435
38437,nan,-0.11434230953454971,inf,14.725638389587402,0.15459489822387695
38447,nan,-0.12035825103521347,inf,20.53136444091797,2.784729076665826e-05
38517,nan,-0.12034759670495987,inf,21.327136993408203,0.00026721955509856343
38527,nan,-0.12033706158399582,inf,17.30708885192871,0.0010366290807724
38540,nan,-0.007738298270851374,inf,5.7841267585754395,2.086437702178955
38561,nan,-0.12046074867248535,inf,18.844465255737305,-0.002551892539486289
38634,nan,-0.03384549543261528,inf,7.589695930480957,3.3899953365325928
38639,nan,0.3541276156902313,inf,4.539351940155029,11.533381462097168
38650,nan,0.2033836841583252,inf,4.719693183898926,7.65877103805542
38659,nan,-0.10048242658376694,inf,8.874544143676758,0.834419846534729
38665,nan,-0.10420986264944077,inf,11.06485366821289,0.26931026577949524
38741,nan,-0.12019331753253937,inf,14.659754753112793,0.006230974104255438
38757,nan,-0.11719711869955063,inf,10.28801155090332,0.06719358265399933
38781,nan,-0.12024752050638199,inf,15.08836841583252,0.004644203465431929
38803,nan,-0.11967840045690536,inf,13.546141624450684,0.043287117034196854
38810,nan,-0.0658397376537323,inf,7.161008358001709,0.5290247797966003
38867,nan,-0.10997704416513443,inf,10.444938659667969,0.15549078583717346
38890,nan,0.09772360324859619,inf,5.775359630584717,4.156359672546387
38930,nan,-0.07318183034658432,inf,9.94244384765625,1.0741389989852905
38960,nan,-0.12034870684146881,inf,14.805015563964844,0.0004903793451376259
38970,nan,-0.12316618114709854,inf,7.729640960693359,-0.05189952999353409
38973,nan,-0.09645523875951767,inf,8.7180814743042,0.5187745094299316
39094,nan,-0.11992048472166061,inf,16.01449203491211,0.01632842980325222
39107,nan,-0.11998795717954636,inf,14.362823486328125,0.008844852447509766
39123,nan,-0.10324341058731079,inf,9.199797630310059,0.1059103012084961
39161,nan,-0.11992821842432022,inf,13.366569519042969,0.011503100395202637
39166,nan,-0.11983408033847809,inf,11.265289306640625,0.02038741111755371
39168,nan,-0.07283946126699448,inf,7.126655578613281,0.4422198235988617
39183,nan,-0.1202421560883522,inf,15.338469505310059,0.004268473479896784
39212,nan,-0.12037267535924911,inf,15.332199096679688,-0.00015776157670188695
39223,nan,0.2969892919063568,inf,6.087388515472412,4.089086055755615
39249,nan,-0.09427331387996674,inf,7.440126895904541,0.5809685587882996
39330,nan,-0.12030156701803207,inf,18.49941062927246,0.0028141499496996403
39338,nan,-0.13000240921974182,inf,7.460903167724609,0.09317522495985031
39394,nan,0.14475083351135254,inf,5.833723068237305,4.0591206550598145
39462,nan,-0.08372624963521957,inf,8.906952857971191,0.6680303812026978
39470,nan,-0.12035923451185226,inf,30.059906005859375,0.0
39502,nan,0.29174014925956726,inf,7.07039213180542,9.753453254699707
39550,nan,1.3828527927398682,inf,1.9107685089111328,36.23244094848633
39577,nan,-0.12035749107599258,inf,21.172033309936523,5.3882598876953125e-05
39587,nan,0.0881010890007019,inf,5.884533405303955,5.412194728851318
39627,nan,-0.10928253084421158,inf,10.730203628540039,0.34202536940574646
39646,nan,-0.12036148458719254,inf,22.287296295166016,-2.975463939947076e-05
39670,nan,-0.12036027014255524,inf,23.504281997680664,-2.3651124138268642e-05
39715,nan,-0.1203588992357254,inf,20.767459869384766,7.62939453125e-06
39720,nan,-0.2365555614233017,inf,4.560094356536865,2.9652507305145264
39805,nan,-0.1856987327337265,inf,7.271470069885254,0.39172616600990295
39813,nan,0.0054075163789093494,inf,7.342947483062744,2.8269875049591064
39829,nan,-0.12039119005203247,inf,13.73835277557373,-0.00010383129119873047
39831,nan,-0.06619133800268173,inf,8.082695007324219,-0.04795341566205025
39864,nan,-0.12248887866735458,inf,10.459877014160156,-0.05091209337115288
39865,nan,-0.10073377192020416,inf,8.728388786315918,0.39058685302734375
39905,nan,-0.11627693474292755,inf,11.787703514099121,0.029234504327178
39930,nan,-0.09837532788515091,inf,8.156881332397461,0.4954596161842346
40005,nan,-0.12013421207666397,inf,17.084915161132812,0.003180599305778742
40021,nan,-0.11977928876876831,inf,13.691214561462402,0.016678428277373314
40023,nan,-0.1203848272562027,inf,12.485701560974121,0.003970742225646973
40035,nan,0.5056003928184509,inf,4.543182373046875,11.741018295288086
40094,nan,-0.05616103485226631,inf,6.637130260467529,0.9132441878318787
40116,nan,-0.12035919725894928,inf,17.99471664428711,-3.504753112792969e-05
40157,nan,-0.12035440653562546,inf,16.387582778930664,0.00019006729417014867
40159,nan,-0.12039647251367569,inf,15.655000686645508,-0.0005032778135500848
40161,nan,-0.11755862087011337,inf,11.585371017456055,0.03541102632880211
40212,nan,-0.04124007746577263,inf,6.81300687789917,1.6527897119522095
40306,nan,-0.11685346812009811,inf,10.51410961151123,0.09090929478406906
40341,nan,0.0851038321852684,inf,5.868565559387207,6.430340766906738
40377,nan,-0.12035923451185226,inf,24.91900634765625,2.0265579792067e-07
40392,nan,-0.2176179140806198,inf,9.620108604431152,-2.3369107246398926
40418,nan,-0.06198002025485039,inf,6.436110019683838,2.4717414379119873
40430,nan,-0.11516686528921127,inf,13.774884223937988,0.1281088888645172
40494,nan,-0.1208752766251564,inf,12.28052043914795,-0.0030291439034044743
40585,nan,-0.11946683377027512,inf,13.714468955993652,0.012988663278520107
40619,nan,-0.12031012028455734,inf,14.791348457336426,0.0010733128292486072
40667,nan,-0.10294666141271591,inf,8.058327674865723,0.45771917700767517
40686,nan,0.5965322256088257,inf,5.067409992218018,11.50220012664795
40687,nan,-0.11335264891386032,inf,8.639447212219238,0.23493380844593048
40727,nan,-0.06393582373857498,inf,8.598186492919922,1.152369499206543
40740,nan,-0.12013739347457886,inf,14.709759712219238,0.004196041729301214
40765,nan,-0.12450943142175674,inf,9.009275436401367,-0.045206595212221146
40803,nan,-0.11475922167301178,inf,11.859308242797852,0.23152971267700195
40822,nan,0.0216634813696146,inf,7.765809059143066,2.0983874797821045
40867,nan,0.2541366517543793,inf,5.7455644607543945,9.579427719116211
40877,nan,-0.12035921961069107,inf,24.65326499938965,7.629394644936838e-07
40894,nan,-0.10920194536447525,inf,9.021806716918945,0.1914556473493576
40954,nan,0.019588230177760124,inf,7.232283115386963,5.0090413093566895
40967,nan,-0.14267556369304657,inf,5.761139392852783,-0.45172253251075745
40982,nan,0.09125670790672302,inf,8.756845474243164,5.76423978805542
41032,nan,-0.12035166472196579,inf,15.447833061218262,0.000637054443359375
41065,nan,-0.07876423001289368,inf,8.443160057067871,1.5845775604248047
41149,nan,-0.12020224332809448,inf,15.447303771972656,0.0061859129928052425
41249,nan,-0.12026464194059372,inf,17.258214950561523,0.00302886962890625
41280,nan,-0.11869306862354279,inf,11.005409240722656,0.06167726591229439
41307,nan,0.08519037812948227,inf,5.605275630950928,3.679664373397827
41327,nan,-0.12034422159194946,inf,16.878215789794922,0.000552403915207833
41331,nan,-0.12022816389799118,inf,11.185979843139648,0.02401888370513916
41351,nan,-0.07113729417324066,inf,7.293577671051025,1.5257413387298584
41356,nan,3.4102623462677,inf,2.6373648643493652,81.14002227783203
41372,nan,-0.0456799753010273,inf,5.232207775115967,1.2735474109649658
41518,nan,-0.12037242949008942,inf,14.345191955566406,0.000930404698010534
41547,nan,-0.12035918235778809,inf,20.65028953552246,4.100799742445815e-06
41585,nan,-0.1203436404466629,inf,19.49315643310547,0.0003883838653564453
41589,nan,-0.11977054178714752,inf,12.342435836791992,0.018175506964325905
41616,nan,-0.11983700841665268,inf,13.91881275177002,0.011486816219985485
41643,nan,0.6485198736190796,inf,3.652860403060913,17.104726791381836
41654,nan,-0.1158062219619751,inf,10.049287796020508,0.076529361307621
41680,nan,-0.12798582017421722,inf,10.076030731201172,-0.05122096464037895
41696,nan,0.0951823890209198,inf,7.043724060058594,1.987810492515564
41739,nan,0.7081326246261597,inf,5.403832912445068,10.441569328308105
41809,nan,-0.12046828120946884,inf,17.081262588500977,-0.0024690628051757812
41818,nan,-0.11597571521997452,inf,9.297829627990723,0.05090322718024254
41826,nan,-0.11147905886173248,inf,12.853912353515625,0.234946608543396
41837,nan,-0.11146388202905655,inf,9.557971000671387,0.23664449155330658
41838,nan,-0.1164071336388588,inf,9.834800720214844,0.09161744266748428
41908,nan,-0.11415716260671616,inf,9.883708000183105,0.2372978776693344
41926,nan,-0.0817209929227829,inf,10.351641654968262,0.912097156047821
41939,nan,-0.12035923451185226,inf,37.07239532470703,0.0
41986,nan,-0.11821688711643219,inf,15.791757583618164,0.08924128115177155
42030,nan,0.03493175283074379,inf,6.680811405181885,3.0009710788726807
42131,nan,-0.05518143251538277,inf,8.724639892578125,1.5638408660888672
42141,nan,0.03098130226135254,inf,7.246729373931885,3.0697720050811768
42147,nan,-0.12469375133514404,inf,6.708972454071045,-0.07589278370141983
42169,nan,0.17795787751674652,inf,6.365601539611816,8.992350578308105
42214,nan,-0.03149911016225815,inf,8.21882152557373,2.2177741527557373
42266,nan,-0.022583097219467163,inf,9.252994537353516,3.4577395915985107
42318,nan,-0.11176574230194092,inf,13.394915580749512,0.33320504426956177
42437,nan,-0.12035921961069107,inf,23.484329223632812,5.722046125811175e-07
42473,nan,0.7753741145133972,inf,3.6534173488616943,25.4083309173584
42474,nan,-0.12040742486715317,inf,16.492963790893555,-0.001068711280822754
42477,nan,-0.11961915343999863,inf,15.243356704711914,0.038085080683231354
42482,nan,-0.08665794134140015,inf,7.066638946533203,0.8778930902481079
42490,nan,-0.12034100294113159,inf,17.74134063720703,0.0003488540824037045
42516,nan,-0.12033208459615707,inf,16.384613037109375,0.001174163888208568
42587,nan,-0.12034811824560165,inf,17.588640213012695,0.00029315947904251516
42605,nan,-0.10728936642408371,inf,9.666936874389648,0.24282245337963104
42641,nan,-0.16421256959438324,inf,7.871635437011719,0.2377185821533203
42650,nan,-0.12034193426370621,inf,15.677337646484375,0.00037772656651213765
42706,nan,-0.1203569769859314,inf,16.841039657592773,4.310607982915826e-05
42712,nan,-0.1198505312204361,inf,10.727354049682617,0.01193227805197239
42734,nan,-0.10963437706232071,inf,8.781786918640137,0.3148239552974701
42772,nan,-0.12035923451185226,inf,45.27358627319336,0.0
42783,nan,-0.09098251909017563,inf,8.998196601867676,0.846540093421936
42832,nan,-0.1000000461935997,inf,9.837896347045898,0.211415097117424
42836,nan,-0.12035298347473145,inf,18.471397399902344,0.00020141601271461695
42842,nan,-0.2695119380950928,inf,4.880190372467041,0.6866673827171326
42893,nan,-0.12036249786615372,inf,19.03226661682129,-0.00011920928955078125
42918,nan,0.03768633306026459,inf,7.933596134185791,4.235447883605957
42938,nan,-0.12035655975341797,inf,26.108816146850586,6.923675391590223e-05
42955,nan,-0.11946993321180344,inf,13.002921104431152,0.04321396350860596
42996,nan,0.20248106122016907,inf,3.909637212753296,7.0005388259887695
43083,nan,-0.12024053186178207,inf,19.47146987915039,0.005449104588478804
43112,nan,0.045433323830366135,inf,8.984808921813965,2.914111614227295
43178,nan,-0.11326273530721664,inf,10.945940971374512,0.15701861679553986
43179,nan,-0.12041977792978287,inf,14.7093505859375,-0.001357269356958568
43190,nan,0.09463165700435638,inf,5.934573650360107,5.622077465057373
43226,nan,-0.12008760124444962,inf,12.001550674438477,-0.004674721043556929
43256,nan,-0.5789783596992493,inf,3.94553542137146,-5.53550910949707
43257,nan,-0.11763893812894821,inf,10.78769588470459,0.10726906359195709
43259,nan,-0.11919093132019043,inf,12.296445846557617,0.050939083099365234
43284,nan,-0.05145464465022087,inf,13.151178359985352,2.3319289684295654
43375,nan,-0.12009324878454208,inf,14.600829124450684,0.00716323871165514
43387,nan,-0.14033949375152588,inf,11.57710075378418,-0.5113000869750977
43389,nan,-0.12378165870904922,inf,9.07248306274414,0.1249793991446495
43443,nan,-0.11971580982208252,inf,12.456074714660645,0.029436206445097923
43522,nan,-0.08268123120069504,inf,7.057697296142578,0.5358209609985352
43551,nan,-0.0714041218161583,inf,11.02929973602295,0.9676644206047058
43559,nan,-0.11928003281354904,inf,12.842416763305664,0.03581562265753746
43620,nan,-0.12046100944280624,inf,15.190322875976562,-0.0029888153076171875
43643,nan,-0.12029001861810684,inf,16.45716667175293,0.0019450098043307662
43651,nan,0.06768456846475601,inf,7.981603145599365,5.010523796081543
43690,nan,-0.11933445185422897,inf,7.084608554840088,0.7449368834495544
43716,nan,0.5383695960044861,inf,3.761526107788086,19.849853515625
43820,nan,-0.10208355635404587,inf,7.235675811767578,0.8222467303276062
43850,nan,-0.12019886821508408,inf,11.54638957977295,0.004797220230102539
43877,nan,3.393416166305542,inf,3.431028366088867,49.146575927734375
43884,nan,-0.12036509811878204,inf,13.509142875671387,9.5367431640625e-07
43909,nan,-0.12035776674747467,inf,22.078088760375977,4.482269287109375e-05
43978,nan,-0.10716090351343155,inf,9.597890853881836,0.1876460611820221
43983,nan,-0.031146390363574028,inf,6.059089183807373,0.9037664532661438
44045,nan,-0.1209467276930809,inf,10.766746520996094,-0.03353538736701012
44053,nan,0.31746265292167664,inf,5.638491630554199,15.5650634765625
44094,nan,-0.11970340460538864,inf,10.070640563964844,0.020970677956938744
44227,nan,-0.11385424435138702,inf,6.1070051193237305,0.40395569801330566
44259,nan,-0.10997072607278824,inf,8.390094757080078,0.3539016842842102
44272,nan,-0.11007218807935715,inf,11.109304428100586,0.2395363599061966
44288,nan,0.04595701023936272,inf,5.369073390960693,4.7713847160339355
44320,nan,0.014678925275802612,inf,8.63306713104248,4.5768961906433105
44348,nan,-0.11948975175619125,inf,9.469164848327637,0.030315352603793144
44390,nan,-0.11956173181533813,inf,10.400603294372559,0.02266092412173748
44396,nan,-0.09282684326171875,inf,6.835414409637451,1.1834858655929565
44399,nan,-0.11813532561063766,inf,13.341511726379395,0.07302933186292648
44416,nan,-0.12009214609861374,inf,14.637904167175293,0.009480453096330166
44428,nan,-0.12021523714065552,inf,18.737632751464844,0.006082630250602961
44448,nan,-0.12034517526626587,inf,15.2732572555542,0.0015245437389239669
44457,nan,-0.12172011286020279,inf,9.945374488830566,-0.02084203250706196
44468,nan,-0.126223623752594,inf,8.043237686157227,-0.0789245143532753
44471,nan,-0.039105650037527084,inf,7.130623817443848,2.094055414199829
44557,nan,-0.07650189846754074,inf,10.784834861755371,0.5357124209403992
44581,nan,-0.120957151055336,inf,10.491304397583008,0.0029808878898620605
44598,nan,-0.12035941332578659,inf,21.95660972595215,-8.58306884765625e-06
44649,nan,2.0702908039093018,inf,3.8159987926483154,32.42985153198242
44650,nan,-0.1203789934515953,inf,16.178041458129883,-0.0004687070904765278
44737,nan,-0.11598976701498032,inf,12.00787353515625,0.20708005130290985
44796,nan,-0.10137408971786499,inf,7.7436041831970215,0.9775663614273071
44799,nan,-0.12034248560667038,inf,16.400705337524414,-0.00015628487744834274
44819,nan,-0.11982933431863785,inf,12.494903564453125,0.044319212436676025
44832,nan,-0.12076081335544586,inf,10.874945640563965,-0.0042965891771018505
44878,nan,-0.10339808464050293,inf,10.188529968261719,0.6988114714622498
44930,nan,-0.12470715492963791,inf,9.182859420776367,-0.0843377634882927
44946,nan,-0.12096448242664337,inf,14.233428955078125,-0.0017483234405517578
44967,nan,-0.12035132944583893,inf,18.514652252197266,0.000379455101210624
44980,nan,-0.11831652373075485,inf,14.3970947265625,0.06992783397436142
45042,nan,-0.06402384489774704,inf,7.483545780181885,2.4588711261749268
45076,nan,-0.1202925592660904,inf,17.59008026123047,0.002215695334598422
45086,nan,-0.08397787064313889,inf,8.216108322143555,0.5177310705184937
45134,nan,-0.10537459701299667,inf,8.743502616882324,0.28666457533836365
45223,nan,-0.12019392102956772,inf,13.952753067016602,0.004723453428596258
45252,nan,-0.12035923451185226,inf,29.996448516845703,0.0
45353,nan,-0.11814069747924805,inf,15.799267768859863,0.020651698112487793
45365,nan,-0.1203591451048851,inf,13.822580337524414,4.873275975114666e-05
45370,nan,-0.12030497938394547,inf,15.633837699890137,0.002329206559807062
45395,nan,-0.12035882472991943,inf,22.72999382019043,1.8689037460717373e-05
45406,nan,-0.12013794481754303,inf,14.029559135437012,0.006033062934875488
45411,nan,-0.09477007389068604,inf,5.696773052215576,1.7928446531295776
45420,nan,-0.12023495882749557,inf,15.3355712890625,0.003975677769631147
45469,nan,-0.11738412827253342,inf,19.734045028686523,0.11989746242761612
45547,nan,-0.1290130764245987,inf,8.91849422454834,-0.023417329415678978
45566,nan,-0.1202361136674881,inf,12.395279884338379,-0.00559460511431098
45595,nan,-0.24796877801418304,inf,5.122079372406006,-2.9354429244995117
45612,nan,-0.11415001004934311,inf,9.491888999938965,0.2101306915283203
45619,nan,-0.11737089604139328,inf,10.66040325164795,0.07098055630922318
45643,nan,-0.11857008934020996,inf,15.618216514587402,0.047639887779951096
45653,nan,-0.10013007372617722,inf,8.380396842956543,0.4437924921512604
45669,nan,0.3179272711277008,inf,3.7484023571014404,11.98227596282959
45716,nan,-0.02336847223341465,inf,5.852515697479248,2.7727084159851074
45728,nan,-0.12036191672086716,inf,17.776647567749023,-4.84943411720451e-05
45838,nan,-0.12027660757303238,inf,18.172409057617188,0.003890132997184992
45874,nan,-0.11194828897714615,inf,9.016352653503418,0.06542098522186279
45884,nan,-0.1211283802986145,inf,13.719525337219238,-0.014620018191635609
45896,nan,2.8669464588165283,inf,3.4782397747039795,56.98152542114258
45972,nan,-0.12491071224212646,inf,9.327169418334961,-0.00563424825668335
46033,nan,-0.12035399675369263,inf,15.008890151977539,0.00027189255342818797
46037,nan,-0.11713578552007675,inf,9.964726448059082,0.018087053671479225
46039,nan,-0.12035154551267624,inf,18.093416213989258,0.0002594947873149067
46094,nan,-0.07275346666574478,inf,7.935789585113525,1.3685373067855835
46162,nan,-0.12018667906522751,inf,13.3222074508667,0.004115104675292969
46168,nan,-0.11356966942548752,inf,8.973730087280273,0.1733943074941635
46209,nan,1.0863275527954102,inf,4.433753490447998,32.022071838378906
46213,nan,-0.12035780400037766,inf,22.890806198120117,3.62396240234375e-05
46254,nan,-0.15458329021930695,inf,5.973964214324951,1.0625296831130981
46268,nan,-0.12035582214593887,inf,16.499723434448242,0.0002125263272318989
46310,nan,-0.11385460197925568,inf,10.260215759277344,0.1458064168691635
46325,nan,-0.12007094919681549,inf,11.158110618591309,0.020054031163454056
46346,nan,-0.0829295665025711,inf,8.61205768585205,1.2743769884109497
46353,nan,-0.003396041691303253,inf,5.175262451171875,5.432742595672607
46362,nan,-0.11680541187524796,inf,12.800137519836426,0.11613922566175461
46366,nan,-0.12035632133483887,inf,17.774282455444336,9.713172767078504e-05
46417,nan,0.028157277032732964,inf,10.637876510620117,5.2513532638549805
46424,nan,-0.12032294273376465,inf,11.737768173217773,0.02206292189657688
46441,nan,-0.020783547312021255,inf,8.817628860473633,2.5584917068481445
46442,nan,-0.12033847719430923,inf,16.81635856628418,0.0007532119634561241
46463,nan,-0.1199093833565712,inf,14.687273979187012,0.017341995611786842
46476,nan,-0.12035935372114182,inf,21.014875411987305,-2.670288040462765e-06
46481,nan,-0.11907710880041122,inf,17.24909019470215,0.04145350679755211
46579,nan,-0.12035906314849854,inf,22.207197189331055,4.38690176451928e-06
46596,nan,-0.008274366147816181,inf,7.45778226852417,2.206505298614502
46606,nan,-0.1590108722448349,inf,4.93052864074707,4.180957317352295
46607,nan,0.06321527808904648,inf,6.839569091796875,4.4340643882751465
46612,nan,-0.1203196793794632,inf,14.713998794555664,0.0008213043329305947
46624,nan,-0.10396905243396759,inf,11.747127532958984,0.11854233592748642
46756,nan,-0.10930164158344269,inf,9.853808403015137,0.27675649523735046
46798,nan,-0.11958920955657959,inf,13.086946487426758,0.00955343246459961
46803,nan,-0.10030688345432281,inf,12.784117698669434,0.4970775544643402
46876,nan,-0.11882884800434113,inf,10.889021873474121,0.021903693675994873
46906,nan,-0.11965692043304443,inf,12.467026710510254,0.01697697676718235
46915,nan,-0.12033700942993164,inf,23.520475387573242,0.0010489464038982987
46916,nan,-0.12032246589660645,inf,18.60458755493164,0.0008153438684530556
46940,nan,-0.12044788897037506,inf,9.444917678833008,0.03453011438250542
46977,nan,-0.12028297036886215,inf,14.198877334594727,0.0012215375900268555
47028,nan,-0.11978656053543091,inf,13.18505573272705,0.009981728158891201
47039,nan,-0.11958306282758713,inf,15.419160842895508,0.0027009963523596525
47079,nan,-0.11341140419244766,inf,11.979865074157715,0.19091568887233734
47081,nan,-0.12030630558729172,inf,13.805450439453125,0.001865947269834578
47121,nan,0.04604500159621239,inf,5.470302104949951,5.80703067779541
47130,nan,-0.11941591650247574,inf,15.418082237243652,0.024137472733855247
47131,nan,-0.12034880369901657,inf,17.469585418701172,0.0003521919425111264
47158,nan,-0.12030340731143951,inf,12.887184143066406,0.0025687695015221834
47178,nan,-0.12034143507480621,inf,15.191080093383789,0.00044111907482147217
47198,nan,-0.1198500394821167,inf,14.580065727233887,0.019020939245820045
47239,nan,-0.12037684768438339,inf,15.09464168548584,0.0015907705528661609
47259,nan,0.0007480382919311523,inf,9.974217414855957,1.7861438989639282
47262,nan,-0.12036091089248657,inf,28.638364791870117,-7.953643944347277e-05
47278,nan,-0.1256909817457199,inf,8.687057495117188,-0.05807698890566826
47310,nan,-0.075107142329216,inf,9.152851104736328,0.5714314579963684
47325,nan,-0.12033825367689133,inf,16.04737663269043,0.000671815883833915
47371,nan,-0.12003365904092789,inf,14.448399543762207,0.008194399066269398
47383,nan,-0.1198924109339714,inf,13.994295120239258,0.006139564793556929
47384,nan,-0.1000516414642334,inf,9.759800910949707,0.782823920249939
47415,nan,-1.467268943786621,inf,2.0333786010742188,-14.636819839477539
47419,nan,-0.12017180770635605,inf,11.563068389892578,0.003499317215755582
47498,nan,-0.09908127039670944,inf,8.320649147033691,0.8324883580207825
47499,nan,-0.12652108073234558,inf,11.308772087097168,-0.011651897802948952
47542,nan,-0.12024443596601486,inf,14.766199111938477,0.002616500947624445
47551,nan,-0.09591292589902878,inf,8.459895133972168,0.5048200488090515
47582,nan,-0.07929300516843796,inf,7.259215831756592,0.570551872253418
47586,nan,-0.11992233246564865,inf,13.566360473632812,0.01662321202456951
47601,nan,0.7578548192977905,inf,4.9432454109191895,15.899559020996094
47610,nan,-0.12035036087036133,inf,17.108692169189453,0.00022048949904274195
47621,nan,-0.11686159670352936,inf,10.72812557220459,-0.01744384877383709
47638,nan,-0.11703375726938248,inf,10.282564163208008,0.05900876596570015
47648,nan,-0.12035961449146271,inf,18.6263484954834,-3.700256274896674e-05
47658,nan,-0.1203581839799881,inf,21.3279972076416,3.5953522456111386e-05
47670,nan,-0.09894438832998276,inf,9.36279582977295,0.3984346091747284
47697,nan,-0.12035931646823883,inf,20.816116333007812,-2.670288040462765e-06
47711,nan,-0.08905037492513657,inf,8.138306617736816,0.9204863905906677
47757,nan,-0.12035924196243286,inf,25.367612838745117,-6.377696877279959e-07
47817,nan,-0.12030132114887238,inf,11.646319389343262,-0.002738904906436801
47821,nan,-0.12038208544254303,inf,14.988916397094727,-0.00046596527681685984
47901,nan,-0.13202300667762756,inf,14.118739128112793,-0.1549816131591797
47938,nan,0.3824772834777832,inf,5.4174604415893555,8.06921100616455
47941,nan,-0.1283496916294098,inf,9.87136173248291,-0.10886555165052414
47976,nan,-0.12035834789276123,inf,17.562780380249023,2.9337406886043027e-05
47979,nan,-0.12035921961069107,inf,26.011066436767578,1.9073486612342094e-07
48043,nan,-0.12035883963108063,inf,19.888507843017578,-3.481283783912659e-05
48055,nan,-0.12020786851644516,inf,11.409411430358887,0.0054960730485618114
48057,nan,-0.1195179745554924,inf,13.320767402648926,0.018411850556731224
48105,nan,-0.12041410058736801,inf,13.897480964660645,-0.002469134284183383
48171,nan,-0.11583735048770905,inf,11.888137817382812,0.12625955045223236
48206,nan,-0.11167068779468536,inf,10.80371379852295,0.3104049563407898
48220,nan,-0.1183503270149231,inf,12.91491413116455,0.04557232931256294
48264,nan,0.48394227027893066,inf,4.058678150177002,19.204870223999023
48265,nan,-0.12019069492816925,inf,13.987329483032227,0.0046606543473899364
48286,nan,-0.12035570293664932,inf,17.772018432617188,9.691715240478516e-05
48324,nan,-0.12022411823272705,inf,22.372291564941406,0.006376457400619984
48416,nan,0.011334446258842945,inf,10.01273250579834,1.7463874816894531
48466,nan,-0.1120787039399147,inf,11.221991539001465,0.15264467895030975
48535,nan,0.11269315332174301,inf,4.17173433303833,4.090872287750244
48552,nan,-0.1201518103480339,inf,14.992812156677246,0.008163738064467907
48568,nan,0.9949310421943665,inf,3.127789258956909,22.6503963470459
48595,nan,-0.11900241672992706,inf,15.529878616333008,0.03468341752886772
48608,nan,-0.015630368143320084,inf,6.103573322296143,3.7210121154785156
48643,nan,-0.12026690691709518,inf,22.538068771362305,0.0023239136207848787
48650,nan,-0.11953892558813095,inf,11.441438674926758,0.028858114033937454
48684,nan,-0.11955755949020386,inf,12.564911842346191,0.021201765164732933
48694,nan,-0.11384200304746628,inf,14.999162673950195,0.21768613159656525
48746,nan,-0.11788064241409302,inf,11.385514259338379,0.0224183090031147
48769,nan,-0.1249365583062172,inf,11.58188533782959,0.016126060858368874
48778,nan,-0.09724773466587067,inf,8.478178024291992,0.5805913805961609
48837,nan,-0.10761820524930954,inf,9.458134651184082,0.15244261920452118
48893,nan,-0.11778662353754044,inf,13.08117389678955,0.03019111230969429
48900,nan,-0.12032919377088547,inf,17.30829429626465,0.0011701345210894942
48953,nan,0.1447923332452774,inf,5.3323140144348145,6.270063877105713
48957,nan,-0.11863874644041061,inf,10.90674877166748,0.03798813745379448
48979,nan,-0.1628275364637375,inf,4.9359130859375,1.0886999368667603
49031,nan,-0.12019049376249313,inf,11.70337963104248,0.002314615296199918
49088,nan,-0.11903685331344604,inf,19.824386596679688,0.029921723529696465
49134,nan,-0.1276581734418869,inf,14.228218078613281,-0.24701033532619476
49154,nan,0.012239096686244011,inf,7.20828104019165,3.5735840797424316
49190,nan,-0.12010593712329865,inf,15.668184280395508,0.012035608291625977
49194,nan,-0.11712498962879181,inf,11.176733016967773,0.12294139713048935
49213,nan,0.18933652341365814,inf,7.0116286277771,6.06640625
49230,nan,-0.0026110729668289423,inf,8.202311515808105,0.8868799209594727
49308,nan,-0.12035929411649704,inf,23.98286247253418,-9.536743306171047e-08
49320,nan,-0.12034206837415695,inf,16.66107749938965,0.0005809784051962197
49357,nan,-0.04831521585583687,inf,11.967485427856445,1.8215450048446655
49364,nan,-0.1203533336520195,inf,17.071714401245117,0.00013865232176613063
49376,nan,-0.11470212042331696,inf,10.96319580078125,0.12273740768432617
49378,nan,-0.12020611763000488,inf,16.501689910888672,0.005757188890129328
49427,nan,-0.12036074697971344,inf,17.529340744018555,-5.931854320806451e-05
49443,nan,-0.07330027967691422,inf,10.693464279174805,1.0949586629867554
49455,nan,1.213293433189392,inf,2.105787754058838,35.07657241821289
49469,nan,-0.11506541073322296,inf,8.38178539276123,0.11834295094013214
49513,nan,-0.09471183270215988,inf,13.473902702331543,0.8631290793418884
49519,nan,-0.029087146744132042,inf,8.375879287719727,3.4333183765411377
49539,nan,-0.11721537262201309,inf,11.10342025756836,0.06407199054956436
49547,nan,-0.12035899609327316,inf,27.53885841369629,6.8664553509734105e-06
49649,nan,-0.12032457441091537,inf,18.04615592956543,0.0008875131607055664
49694,nan,-0.11935334652662277,inf,12.029762268066406,0.020511198788881302
49696,nan,-0.1203591376543045,inf,20.7015323638916,3.623962356869015e-06
49699,nan,-0.1203034296631813,inf,17.883005142211914,0.0020495415665209293
49726,nan,-0.12042322009801865,inf,17.43084144592285,-0.0014688372611999512
49735,nan,-0.10805503278970718,inf,9.1279878616333,0.4847145080566406
49747,nan,-0.12036790698766708,inf,16.570371627807617,0.00010404586646473035
49751,nan,-0.11523693054914474,inf,10.443804740905762,0.1713731288909912
49768,nan,-0.1162450909614563,inf,11.722966194152832,0.12543249130249023
49801,nan,-0.1355551779270172,inf,8.547093391418457,-0.076726533472538
49825,nan,-0.12036305665969849,inf,14.31395149230957,0.00010365546040702611
49839,nan,-0.12002412229776382,inf,15.054430961608887,0.007521343417465687
49851,nan,-0.10622569173574448,inf,8.997244834899902,0.36754047870635986
49870,nan,-0.217338427901268,inf,5.866427898406982,-0.010092544369399548
50019,nan,-0.11805526167154312,inf,14.40563678741455,0.03273296356201172
50033,nan,-0.11747946590185165,inf,10.47432804107666,0.07859116047620773
50034,nan,0.8036201596260071,inf,4.910762786865234,17.314023971557617
50090,nan,-0.11881853640079498,inf,13.874037742614746,0.03776552900671959
50121,nan,-0.13219831883907318,inf,8.61115550994873,-0.09204496443271637
50162,nan,0.39794468879699707,inf,5.716039180755615,9.22374439239502
50183,nan,-0.12035037577152252,inf,18.737424850463867,0.00010602474503684789
50190,nan,-0.11889612674713135,inf,12.409489631652832,0.05296483263373375
50258,nan,-0.11873739957809448,inf,15.436836242675781,0.013506794348359108
50283,nan,-0.11844494193792343,inf,17.04481315612793,0.04410891607403755
50290,nan,-0.11788526922464371,inf,11.408623695373535,0.06588997691869736
50304,nan,0.08603779226541519,inf,6.34641170501709,6.349423885345459
50311,nan,-0.12029343098402023,inf,15.695467948913574,0.0014848113059997559
50331,nan,0.9895658493041992,inf,4.973409175872803,30.50977897644043
50428,nan,-0.12026876211166382,inf,28.604459762573242,0.0020751953125
50510,nan,-0.11671590059995651,inf,10.800958633422852,0.08725104480981827
50515,nan,0.08731076121330261,inf,6.8652801513671875,3.288804769515991
50521,nan,-0.12034501135349274,inf,17.52058982849121,0.0005978584522381425
50523,nan,-0.1173003688454628,inf,13.30945110321045,0.10159149020910263
50527,nan,0.4319114685058594,inf,3.7915875911712646,7.453973293304443
50541,nan,0.09365833550691605,inf,5.473429203033447,3.2346482276916504
50554,nan,-0.12030800431966782,inf,23.517587661743164,0.00115203857421875
50570,nan,-0.1198468953371048,inf,10.765875816345215,0.019228553399443626
50607,nan,0.02386600896716118,inf,5.449552059173584,2.7367630004882812
50614,nan,-0.12037286907434464,inf,18.903167724609375,-0.00022835731215309352
50645,nan,-0.12036055326461792,inf,23.33930206298828,-6.249323632800952e-05
50665,nan,-0.12016554176807404,inf,13.327717781066895,0.005672502797096968
50749,nan,-0.08577372878789902,inf,9.626151084899902,1.037466049194336
50816,nan,-0.12566575407981873,inf,7.764842510223389,0.20753709971904755
50829,nan,-0.12030887603759766,inf,14.032197952270508,0.0004864692746195942
50842,nan,-0.12035065144300461,inf,20.144704818725586,0.0003179669438395649
50852,nan,-0.11069031804800034,inf,10.455109596252441,0.24352148175239563
50859,nan,-0.12018859386444092,inf,13.551426887512207,0.00683290371671319
50888,nan,-0.11942972242832184,inf,11.4179105758667,0.03381393104791641
50897,nan,-0.07927298545837402,inf,11.28072452545166,0.4589073359966278
50952,nan,-0.12024211138486862,inf,13.024626731872559,0.0036197900772094727
50959,nan,-0.10882832854986191,inf,8.973190307617188,0.3206731379032135
50962,nan,0.5934978723526001,inf,5.452280521392822,10.419934272766113
51000,nan,-0.12034285068511963,inf,19.000028610229492,0.00040884019108489156
51048,nan,-0.12036770582199097,inf,20.471078872680664,-0.0004119873046875
51083,nan,-0.0017974034417420626,inf,7.4523234367370605,2.296515703201294
51146,nan,-0.11400336027145386,inf,10.026236534118652,0.17944565415382385
51152,nan,0.2209375947713852,inf,3.8963112831115723,8.980731010437012
51161,nan,-0.11776676028966904,inf,16.68410873413086,0.1072913184762001
51199,nan,-0.11924075335264206,inf,14.460342407226562,0.025662994012236595
51209,nan,-0.1200697049498558,inf,17.600969314575195,0.006813812535256147
51245,nan,-0.12460245192050934,inf,9.378564834594727,-0.12080039829015732
51250,nan,-0.11198685318231583,inf,9.920980453491211,0.10367880016565323
51296,nan,0.0861097201704979,inf,8.520801544189453,4.642757415771484
51345,nan,-0.12063496559858322,inf,17.75271987915039,-0.006884551141411066
51363,nan,-0.12035238742828369,inf,17.85186767578125,0.0001565933198435232
51372,nan,-0.12026381492614746,inf,14.853944778442383,0.00581626920029521
51377,nan,-0.12010350078344345,inf,12.123286247253418,0.004870796110481024
51457,nan,-0.12031426280736923,inf,18.157333374023438,-0.00025501250638626516
51480,nan,0.020771997049450874,inf,6.7765936851501465,4.396356105804443
51481,nan,0.4405081272125244,inf,3.2306594848632812,4.142899990081787
51486,nan,-0.12035776674747467,inf,19.47815704345703,4.398822784423828e-05
51512,nan,-0.023340335115790367,inf,7.409363746643066,1.290706992149353
51568,nan,-0.0056327935308218,inf,5.856200218200684,3.6764073371887207
51631,nan,-0.1852472871541977,inf,13.949427604675293,-1.6913061141967773
51668,nan,-0.00604481203481555,inf,7.386599063873291,1.4456279277801514
51686,nan,-0.12035391479730606,inf,18.778581619262695,0.00012855530076194555
51688,nan,-0.05563768371939659,inf,5.537226676940918,4.434102535247803
51704,nan,-0.12010665237903595,inf,17.03137969970703,0.011445999145507812
51705,nan,-0.13139943778514862,inf,8.406569480895996,-0.12446718662977219
51734,nan,-0.11989636719226837,inf,16.22818374633789,0.015270075760781765
51741,nan,-0.1204051524400711,inf,15.630739212036133,-0.0010220528347417712
51763,nan,-0.12036710232496262,inf,13.042279243469238,0.00030050278292037547
51786,nan,-0.12035868316888809,inf,20.48689079284668,5.4359438763640355e-06
51795,nan,-0.07875143736600876,inf,8.749075889587402,-0.10614003986120224
51838,nan,-0.04062559828162193,inf,9.783865928649902,2.162205457687378
51888,nan,-0.1202668696641922,inf,15.171711921691895,0.0013214111095294356
51935,nan,-0.004182178061455488,inf,8.149229049682617,3.0745620727539062
51952,nan,-0.108528271317482,inf,6.596751689910889,-0.18708859384059906
51965,nan,-0.11874693632125854,inf,17.54977798461914,0.0666930228471756
52003,nan,-0.18158255517482758,inf,6.684890270233154,-0.5744945406913757
52018,nan,-0.12035738676786423,inf,16.141977310180664,2.002716064453125e-05
52049,nan,-0.10774143785238266,inf,9.095861434936523,0.5172699689865112
52129,nan,-0.1316361278295517,inf,8.332963943481445,-0.20539413392543793
52173,nan,0.7313775420188904,inf,6.530096530914307,22.709644317626953
52179,nan,-0.11984564363956451,inf,13.998465538024902,0.0154185239225626
52196,nan,-0.053445350378751755,inf,8.962729454040527,2.3523898124694824
52249,nan,-0.15637092292308807,inf,8.00710391998291,-1.3003243207931519
52315,nan,-0.05969040468335152,inf,9.320903778076172,1.7173988819122314
52356,nan,-0.12034385651350021,inf,19.511804580688477,0.0005470276228152215
52396,nan,-0.10349779576063156,inf,9.661555290222168,0.5550857782363892
52400,nan,-0.12007873505353928,inf,10.54277229309082,0.011137890629470348
52455,nan,-0.12031131237745285,inf,21.57350730895996,0.0021509171929210424
52459,nan,-0.11999481171369553,inf,16.0233097076416,0.00969915371388197
52496,nan,1.4155144691467285,inf,4.037745952606201,37.78974533081055
52499,nan,-0.12034344673156738,inf,16.284000396728516,0.0003909110964741558
52532,nan,-0.11879231035709381,inf,11.638936996459961,0.04437847062945366
52589,nan,-0.12035907804965973,inf,24.842941284179688,-8.225440979003906e-06
52631,nan,1.261057734489441,inf,3.0025079250335693,48.278472900390625
52641,nan,-0.10507406294345856,inf,10.124104499816895,0.06656449288129807
52650,nan,-0.1203538328409195,inf,16.64408302307129,0.00017814636521507055
52668,nan,0.6793540716171265,inf,5.089896202087402,16.167993545532227
52708,nan,-0.12034999579191208,inf,31.50974464416504,0.0002080917329294607
52748,nan,-0.12033909559249878,inf,16.12327766418457,0.0007201015832833946
52791,nan,-0.12019071727991104,inf,21.282453536987305,0.007821273989975452
52792,nan,-0.12035902589559555,inf,25.691730499267578,4.57763690064894e-06
52809,nan,-0.11273912340402603,inf,12.650031089782715,0.2586570680141449
52833,nan,-0.08435206860303879,inf,7.650887966156006,0.9748827219009399
52871,nan,-0.12172297388315201,inf,9.111146926879883,-0.009328395128250122
52881,nan,-0.12035917490720749,inf,20.191482543945312,2.86102294921875e-06
52894,nan,0.014730927534401417,inf,11.210089683532715,6.2526984214782715
52897,nan,-0.09863555431365967,inf,9.827420234680176,0.9313117861747742
52913,nan,-0.11906182765960693,inf,12.786776542663574,0.04585409164428711
52926,nan,0.02304820530116558,inf,7.5548624992370605,1.8695669174194336
52955,nan,-0.08654531836509705,inf,9.362675666809082,0.6597602963447571
52957,nan,-0.11998254060745239,inf,16.031991958618164,0.017259597778320312
52971,nan,-0.12319298833608627,inf,8.717734336853027,0.02696087397634983
52981,nan,-0.11916643381118774,inf,8.995170593261719,0.06827105581760406
52990,nan,-0.12130659818649292,inf,11.719531059265137,-0.0008822918171063066
52993,nan,0.3617720305919647,inf,4.8817901611328125,10.292173385620117
53038,nan,-0.10269393026828766,inf,9.341007232666016,0.3913971185684204
53042,nan,-0.11896635591983795,inf,14.691263198852539,0.02519664727151394
53099,nan,0.9584364891052246,inf,3.6442253589630127,24.277637481689453
53114,nan,-0.1012185737490654,inf,14.561182975769043,0.46489381790161133
53143,nan,-0.12553495168685913,inf,11.503568649291992,-0.047428131103515625
53151,nan,-0.06540419906377792,inf,9.750965118408203,0.41955873370170593
53198,nan,-0.07137142866849899,inf,8.127135276794434,0.9797091484069824
53209,nan,-0.11778070777654648,inf,14.33183765411377,0.08914723247289658
53231,nan,-0.12022373825311661,inf,18.21767807006836,0.005614900495857
53248,nan,-0.027078500017523766,inf,5.50595235824585,2.2630691528320312
53270,nan,0.4705057144165039,inf,4.820924282073975,14.607080459594727
53272,nan,-0.12014354765415192,inf,11.128730773925781,0.008233821950852871
53347,nan,-0.06282570958137512,inf,9.241990089416504,2.2447643280029297
53393,nan,-0.0881475880742073,inf,8.268858909606934,1.225847601890564
53420,nan,0.8857977986335754,inf,4.044360160827637,15.91259479522705
53425,nan,-0.12035898119211197,inf,23.82387924194336,9.626150131225586e-06
53432,nan,-0.12035830318927765,inf,17.722789764404297,8.664131019031629e-05
53486,nan,-0.12031801789999008,inf,17.61552619934082,0.0017647743225097656
53529,nan,-0.12035689502954483,inf,17.785646438598633,5.645752025884576e-05
53588,nan,-0.12036817520856857,inf,18.70675277709961,-9.098053124034777e-05
53625,nan,-0.11766030639410019,inf,13.55783748626709,0.10187969356775284
53639,nan,0.12317180633544922,inf,7.330090522766113,6.761170864105225
53656,nan,-0.04582438990473747,inf,8.345796585083008,1.356115698814392
53776,nan,-0.12041059881448746,inf,17.736692428588867,-0.0028100968338549137
53785,nan,1.1099803447723389,inf,1.1691114902496338,39.578426361083984
53869,nan,-0.11832449585199356,inf,10.761531829833984,0.052327513694763184
53917,nan,-0.12034052610397339,inf,19.311704635620117,0.0006561637273989618
53919,nan,-0.12035907804965973,inf,22.09315299987793,4.291534423828125e-06
53923,nan,-0.12036210298538208,inf,36.815284729003906,-0.00013580323138739914
53930,nan,-0.1202840805053711,inf,18.31281280517578,0.002012920333072543
53943,nan,-0.12043716013431549,inf,15.120699882507324,-0.001003244542516768
53975,nan,-0.12033960968255997,inf,17.501977920532227,0.0005790710565634072
53987,nan,-0.141022190451622,inf,6.897120952606201,0.057591795921325684
54008,nan,-0.039182648062705994,inf,7.396241664886475,1.5667980909347534
54056,nan,-0.12033218145370483,inf,20.68505096435547,0.0013175964122638106
54135,nan,-0.1199798509478569,inf,12.917322158813477,0.009552383795380592
54161,nan,1.0402106046676636,inf,4.487311363220215,19.16858673095703
54255,nan,0.9581542015075684,inf,5.455637454986572,26.504404067993164
54268,nan,0.08413464576005936,inf,8.141556739807129,3.588984727859497
54273,nan,-0.12007275968790054,inf,12.280736923217773,0.011639940552413464
54279,nan,-0.26082396507263184,inf,5.517504692077637,-3.1687235832214355
54310,nan,-0.11909864097833633,inf,11.878989219665527,0.03922681882977486
54343,nan,-0.116728775203228,inf,14.320151329040527,0.04838278517127037
54363,nan,-0.12035904079675674,inf,21.93324851989746,5.7220458984375e-06
54376,nan,0.110725037753582,inf,5.570830821990967,3.6883976459503174
54436,nan,0.18639880418777466,inf,3.9966094493865967,6.920370578765869
54487,nan,0.006698265206068754,inf,6.821042537689209,4.573007106781006
54490,nan,-0.06847147643566132,inf,8.273357391357422,0.6930243372917175
54556,nan,-0.11904730647802353,inf,12.010000228881836,0.017882276326417923
54598,nan,0.6631472110748291,inf,3.5059852600097656,15.647903442382812
54634,nan,-0.12035950273275375,inf,24.074491500854492,-1.296997106692288e-05
54789,nan,-0.1203538179397583,inf,18.902320861816406,0.00016822815814521164
54844,nan,-0.12038916349411011,inf,15.496490478515625,-0.0013462066417559981
54862,nan,-0.1204291507601738,inf,14.256224632263184,0.0008977890247479081
54878,nan,-0.12005122750997543,inf,14.162257194519043,0.011222124099731445
54913,nan,-0.11642123758792877,inf,11.717391014099121,0.05545919016003609
54919,nan,-0.12091322243213654,inf,10.376509666442871,0.011824536137282848
54959,nan,-0.12010516971349716,inf,12.59682559967041,0.0028177262283861637
55013,nan,-0.12039945274591446,inf,19.684682846069336,-0.002779388567432761
55016,nan,-0.11390320211648941,inf,14.021693229675293,0.14940804243087769
55026,nan,-0.1126779317855835,inf,10.130701065063477,0.388028621673584
55056,nan,-0.10638890415430069,inf,10.274471282958984,0.2325391322374344
55119,nan,-0.10616796463727951,inf,9.97067928314209,0.1287967711687088
55166,nan,0.0816706120967865,inf,5.936753273010254,4.843235969543457
55177,nan,-0.12040796130895615,inf,12.60368537902832,-0.0011517048114910722
55197,nan,-0.1196632906794548,inf,12.453277587890625,0.01787881925702095
55224,nan,0.09318923205137253,inf,5.378247261047363,6.4666032791137695
55237,nan,0.05229159817099571,inf,4.903310298919678,1.5914769172668457
55258,nan,-0.1206149011850357,inf,14.33855152130127,-0.00857467669993639
55290,nan,-0.12034443765878677,inf,18.77882194519043,2.1409989130916074e-05
55337,nan,-0.11996984481811523,inf,11.606585502624512,0.06835184246301651
55357,nan,-0.024648679420351982,inf,4.67419958114624,2.354735851287842
55406,nan,-0.12031503766775131,inf,13.57487678527832,0.0019254684448242188
55413,nan,0.6519674062728882,inf,4.426238059997559,18.607128143310547
55444,nan,0.6930609941482544,inf,4.087254047393799,13.990260124206543
55504,nan,-0.12034529447555542,inf,10.977317810058594,-0.0007674217340536416
55526,nan,-0.12031775712966919,inf,17.286823272705078,0.0007013321155682206
55584,nan,-0.0005935292574577034,inf,7.563088893890381,4.128247261047363
55644,nan,-0.06354402005672455,inf,7.991328716278076,2.8724822998046875
55671,nan,-0.12043791264295578,inf,13.688719749450684,-0.0015399456024169922
55764,nan,-0.1274775266647339,inf,12.8289155960083,-0.07157059013843536
55773,nan,-0.12035887688398361,inf,21.541975021362305,4.911422820441658e-06
55828,nan,-0.12035921961069107,inf,26.899274826049805,2.6226044269606064e-07
55830,nan,-0.12035901844501495,inf,25.121524810791016,6.3896181927702855e-06
55894,nan,-0.11818882077932358,inf,12.824991226196289,0.07831039279699326
55948,nan,-0.12030871957540512,inf,16.96991539001465,0.00235576624982059
55989,nan,-0.12036031484603882,inf,21.773069381713867,-4.7397614252986386e-05
56049,nan,-0.09730056673288345,inf,8.918961524963379,0.392050176858902
56059,nan,-0.12034260481595993,inf,16.701135635375977,0.0003857612609863281
56072,nan,-0.12034665793180466,inf,18.75704574584961,0.00043697358341887593
56077,nan,-0.1241050586104393,inf,8.700152397155762,-0.08288164436817169
56088,nan,0.21519199013710022,inf,8.02506160736084,3.8084819316864014
56171,nan,-0.12035953998565674,inf,21.06230926513672,-1.724362482491415e-05
56174,nan,-0.1205640360713005,inf,12.684321403503418,-0.00030729771242477
56175,nan,-0.10887067764997482,inf,12.318986892700195,0.3040207326412201
56208,nan,-0.018089523538947105,inf,4.777595043182373,3.281951904296875
56224,nan,-0.10962318629026413,inf,9.682753562927246,0.31241947412490845
56313,nan,-0.1200319156050682,inf,14.257028579711914,0.005346155259758234
56337,nan,-0.120172418653965,inf,13.330855369567871,0.0018548965454101562
56348,nan,-0.10121973603963852,inf,8.836954116821289,0.34529444575309753
56349,nan,0.11989585310220718,inf,8.690156936645508,0.7271479964256287
56357,nan,-0.12033268064260483,inf,17.104543685913086,0.00108594901394099
56361,nan,-0.09654640406370163,inf,10.009088516235352,0.6516616940498352
56381,nan,-0.10800265520811081,inf,8.065195083618164,0.2735356390476227
56385,nan,-0.12027931213378906,inf,14.003039360046387,0.002994585083797574
56413,nan,0.0003910914238076657,inf,5.196028232574463,4.4618072509765625
56446,nan,0.5850268602371216,inf,4.229415416717529,16.283889770507812
56526,nan,-0.11731036007404327,inf,12.718206405639648,0.10151361674070358
56544,nan,-0.07637279480695724,inf,7.1508941650390625,1.0078234672546387
56550,nan,-0.11831005662679672,inf,13.419448852539062,0.03373737260699272
56634,nan,-0.12034033983945847,inf,15.279135704040527,0.0005266189691610634
56653,nan,-0.0019795706029981375,inf,7.020555019378662,3.0243892669677734
56718,nan,-0.11366357654333115,inf,12.422527313232422,0.024555040523409843
56731,nan,0.22129090130329132,inf,5.86381721496582,4.134519577026367
56751,nan,0.0563446581363678,inf,6.944545745849609,3.440432071685791
56765,nan,-0.09769169241189957,inf,10.355731964111328,0.5950382351875305
56815,nan,-0.049397554248571396,inf,12.129659652709961,1.1228808164596558
56816,nan,-0.12035917490720749,inf,28.025510787963867,2.4795533590804553e-06
56883,nan,0.4822748303413391,inf,4.187267303466797,14.193901062011719
56911,nan,-0.034821752458810806,inf,6.629505157470703,2.485748052597046
56912,nan,-0.11786302179098129,inf,10.628897666931152,0.05614013597369194
56941,nan,-0.12032373249530792,inf,16.5230655670166,0.0012983322376385331
56978,nan,-0.15568019449710846,inf,8.611844062805176,-0.15331803262233734
56981,nan,-0.1055077463388443,inf,8.254922866821289,0.5115875005722046
57004,nan,-0.11534863710403442,inf,13.951083183288574,0.11673164367675781
57027,nan,-0.10979013890028,inf,13.5365629196167,0.44003555178642273
57030,nan,0.5696915984153748,inf,3.9204063415527344,20.333066940307617
57031,nan,-0.12102631479501724,inf,11.546379089355469,-0.013739585876464844
57070,nan,0.08795361965894699,inf,4.957443714141846,5.225307941436768
57179,nan,-0.12065085023641586,inf,9.558881759643555,-0.002272492740303278
57216,nan,-0.12035863846540451,inf,20.90957260131836,1.761913335940335e-05
57252,nan,-0.12035923451185226,inf,35.32045364379883,0.0
57284,nan,-0.10099780559539795,inf,11.091079711914062,0.536361038684845
57294,nan,-0.11946950107812881,inf,12.378928184509277,0.04874107241630554
57303,nan,-0.05958138778805733,inf,8.710136413574219,1.394548773765564
57320,nan,-0.12030080705881119,inf,16.933401107788086,0.002091312548145652
57323,nan,-0.11984294652938843,inf,13.071232795715332,0.009953975677490234
57374,nan,-0.11194267123937607,inf,16.076181411743164,0.1899069845676422
57393,nan,-0.12035951763391495,inf,19.341970443725586,-1.316070574830519e-05
57415,nan,-0.02285568229854107,inf,8.02707290649414,2.430250883102417
57456,nan,-0.1203395277261734,inf,19.947437286376953,0.00015215874009300023
57465,nan,-0.1203533187508583,inf,20.4257869720459,0.00027555227279663086
57492,nan,0.549588143825531,inf,4.347456455230713,14.096356391906738
57499,nan,0.24995897710323334,inf,4.269922733306885,8.288835525512695
57530,nan,-0.12024631351232529,inf,14.299616813659668,0.005417943000793457
57568,nan,-0.11141679435968399,inf,9.751360893249512,0.4695751368999481
57630,nan,-0.10623693466186523,inf,7.346713542938232,0.6082882285118103
57646,nan,-0.06341507285833359,inf,10.308248519897461,2.200472354888916
57666,nan,-0.09221707284450531,inf,8.411664009094238,1.017343282699585
57670,nan,0.027899695560336113,inf,7.646188259124756,4.345654010772705
57771,nan,-0.08978887647390366,inf,8.813163757324219,0.3985458314418793
57788,nan,-0.12047731876373291,inf,11.549273490905762,0.010933423414826393
57844,nan,-0.08721213042736053,inf,12.953442573547363,0.7402405738830566
57882,nan,-0.12025894224643707,inf,13.461580276489258,0.00478329649195075
57885,nan,-0.12025400251150131,inf,16.348834991455078,0.0025224685668945312
57914,nan,-0.1189899817109108,inf,11.712546348571777,0.09591545909643173
58013,nan,-0.12035900354385376,inf,20.87589454650879,1.2779236385540571e-05
58061,nan,-0.12036211788654327,inf,18.56829261779785,-0.0001195073127746582
58091,nan,-0.5182076692581177,inf,3.1423072814941406,-6.053237438201904
58176,nan,-0.11601152271032333,inf,13.362586975097656,0.10919763892889023
58191,nan,0.16592463850975037,inf,6.690270900726318,3.6314666271209717
58216,nan,0.034472543746232986,inf,4.877804279327393,2.2978107929229736
58228,nan,-0.02851135842502117,inf,5.949514389038086,2.3912789821624756
58313,nan,-0.12047038227319717,inf,11.633893013000488,-0.0005483627319335938
58336,nan,-0.0891803428530693,inf,8.521469116210938,0.6140241026878357
58375,nan,-0.12021449953317642,inf,15.724505424499512,0.006633289158344269
58405,nan,-0.12025734037160873,inf,13.13162899017334,0.0031871795654296875
58420,nan,-0.12035912275314331,inf,22.786136627197266,6.818771453254158e-06
58446,nan,-0.10237552225589752,inf,8.061209678649902,0.6949989795684814
58453,nan,0.10418901592493057,inf,4.6612396240234375,4.064666271209717
58458,nan,-0.12121512740850449,inf,11.959961891174316,-0.009261059574782848
58481,nan,-0.12047746032476425,inf,13.192944526672363,-0.0014836312038823962
58506,nan,-0.12035923451185226,inf,27.738554000854492,0.0
58519,nan,-0.11559106409549713,inf,11.09553337097168,0.11913826316595078
58593,nan,-0.12035828828811646,inf,22.279388427734375,-2.5451183773839148e-06
58630,nan,0.3264148235321045,inf,3.633819580078125,6.091811656951904
58656,nan,0.008077065460383892,inf,5.491782188415527,2.9079651832580566
58666,nan,-0.09987068176269531,inf,7.961248874664307,0.4770178496837616
58679,nan,-0.1262795776128769,inf,15.721092224121094,-0.014772797003388405
58711,nan,-0.11809974908828735,inf,8.042664527893066,0.1890944540500641
58747,nan,0.44604283571243286,inf,9.31734848022461,25.56353759765625
58775,nan,-0.0920458510518074,inf,7.705239295959473,0.7245334386825562
58777,nan,-0.11983033269643784,inf,11.482098579406738,0.014272356405854225
58811,nan,-0.12035747617483139,inf,20.753652572631836,4.8160552978515625e-05
58852,nan,0.42341348528862,inf,6.5081095695495605,5.723137378692627
58859,nan,-0.11351390182971954,inf,12.844993591308594,0.291056364774704
58870,nan,-0.11966504901647568,inf,18.120031356811523,0.01615123823285103
58876,nan,-0.12340662628412247,inf,10.86085033416748,-0.020933199673891068
58883,nan,-0.1265447437763214,inf,9.231184959411621,-0.016417741775512695
58908,nan,-0.12028481811285019,inf,17.828092575073242,0.0033018828835338354
58952,nan,-0.1594063937664032,inf,6.226365089416504,0.3923037648200989
59150,nan,-0.11748259514570236,inf,9.569579124450684,0.05661049112677574
59153,nan,-0.12034328281879425,inf,19.13611602783203,0.00072054861811921
59175,nan,-0.11645250767469406,inf,10.07800006866455,0.1138458251953125
59182,nan,-0.09275630861520767,inf,7.28462553024292,0.5168949365615845
59217,nan,-0.12040229141712189,inf,13.263407707214355,-0.0004581451357807964
59283,nan,-0.1216469332575798,inf,18.08859634399414,-0.04142255708575249
59332,nan,-0.22706913948059082,inf,5.372520923614502,1.2151554822921753
59342,nan,-0.08479422330856323,inf,6.651715278625488,0.4023696482181549
59393,nan,-0.12035699188709259,inf,21.900022506713867,0.00011367798288119957
59411,nan,-0.09234356880187988,inf,8.469090461730957,0.9902462363243103
59449,nan,-0.051356106996536255,inf,10.988534927368164,1.5905182361602783
59459,nan,-0.00672540906816721,inf,7.5708770751953125,3.061283826828003
59463,nan,-0.1198970302939415,inf,15.050129890441895,0.012570417486131191
59482,nan,-0.10080204159021378,inf,9.81587028503418,0.700916588306427
59524,nan,-0.12045250087976456,inf,16.924318313598633,-0.0003510475216899067
59557,nan,-0.11948148161172867,inf,10.30169677734375,0.03898198530077934
59560,nan,-0.08564924448728561,inf,13.48900318145752,0.9194076657295227
59604,nan,0.08251378685235977,inf,5.284373760223389,5.131185531616211
59632,nan,-0.12011417001485825,inf,20.194944381713867,0.011563769541680813
59644,nan,-0.07297419011592865,inf,12.518558502197266,1.219544529914856
59691,nan,-0.12034829705953598,inf,17.775304794311523,0.0005175113910809159
59693,nan,-0.12037923187017441,inf,14.32432746887207,-0.00023493767366744578
59695,nan,-0.11204695701599121,inf,14.892196655273438,0.3878936767578125
59748,nan,-0.12035707384347916,inf,21.798559188842773,7.808208465576172e-05
59775,nan,-0.17780901491641998,inf,4.834718704223633,1.9419540166854858
59784,nan,-0.11721708625555038,inf,12.14368724822998,0.13614331185817719
59789,nan,-0.11536817997694016,inf,11.094743728637695,0.164637953042984
59803,nan,-0.120346300303936,inf,17.51366424560547,0.0004505157412495464
59818,nan,0.07650914043188095,inf,6.194675445556641,2.311209201812744
59825,nan,-0.12035616487264633,inf,19.30818748474121,7.5292591645848e-05
59852,nan,-0.0717744305729866,inf,6.695979595184326,0.7707109451293945
59862,nan,-0.12035834044218063,inf,21.60724639892578,4.948675723426277e-06
59912,nan,-0.12039311230182648,inf,16.9857120513916,-0.00043911935063079
59971,nan,-0.10255070775747299,inf,8.177057266235352,0.44044229388237
60023,nan,0.22097590565681458,inf,4.969598293304443,9.574342727661133
60047,nan,-0.11771267652511597,inf,11.837496757507324,0.09182824939489365
60070,nan,-0.12034906446933746,inf,21.929914474487305,0.0002529621124267578
60094,nan,-0.12028459459543228,inf,15.755789756774902,0.0036118985153734684
60110,nan,-0.1185305044054985,inf,10.719698905944824,0.07254152745008469
60113,nan,-0.12035880237817764,inf,22.486312866210938,1.195073127746582e-05
60149,nan,-0.12031757086515427,inf,13.709004402160645,0.0012981019681319594
60153,nan,-0.12035723775625229,inf,17.480348587036133,4.848241951549426e-05
60202,nan,-0.10907136648893356,inf,11.92308521270752,0.4900169372558594
60250,nan,0.12738904356956482,inf,6.214299201965332,6.9003801345825195
60333,nan,-0.010877754539251328,inf,7.175853252410889,3.0414814949035645
60347,nan,0.47686558961868286,inf,5.946051597595215,14.525538444519043
60395,nan,-0.12016277760267258,inf,15.142155647277832,0.005395412445068359
60401,nan,-0.11451417207717896,inf,10.144567489624023,0.20619797706604004
60473,nan,-0.12035801261663437,inf,20.619504928588867,6.3848499848973e-05
60485,nan,0.019073864445090294,inf,7.709084510803223,1.2220810651779175
60528,nan,-0.12036044895648956,inf,19.454227447509766,-1.3732910701946821e-05
60547,nan,-0.05200610309839249,inf,5.434667110443115,0.9474107623100281
60568,nan,0.004485310520976782,inf,5.4408369064331055,1.6948219537734985
60569,nan,1.2719734907150269,inf,3.113370656967163,41.67694091796875
60597,nan,-0.11296593397855759,inf,11.132105827331543,0.21240468323230743
60620,nan,-0.12029719352722168,inf,13.731953620910645,0.0021195888984948397
60624,nan,-0.12031211704015732,inf,14.382990837097168,0.0012547493679448962
60635,nan,-0.09297749400138855,inf,7.860179901123047,-0.04494209215044975
60670,nan,-0.11869467794895172,inf,13.835738182067871,0.07847032696008682
60747,nan,-0.12250647693872452,inf,11.184579849243164,-0.03345070034265518
60874,nan,-0.11938858032226562,inf,14.45875072479248,0.021600468084216118
60912,nan,-0.11661744117736816,inf,9.90073299407959,0.31345662474632263
60923,nan,-0.12000266462564468,inf,14.837890625,0.00810694694519043
60928,nan,-0.11352813243865967,inf,10.371886253356934,0.19958367943763733
60944,nan,-0.10178494453430176,inf,8.386690139770508,0.23850193619728088
60960,nan,-0.12228294461965561,inf,13.56449031829834,-0.04291399195790291
60977,nan,-0.09009508788585663,inf,8.48204231262207,1.2703875303268433
60978,nan,-0.12031567096710205,inf,17.76482582092285,0.0017399787902832031
61119,nan,-0.12026633322238922,inf,16.835573196411133,0.0033594847191125154
61143,nan,0.2625143826007843,inf,8.660128593444824,4.415059566497803
61289,nan,-0.12035919725894928,inf,25.986425399780273,5.006790502193326e-07
61316,nan,0.6127621531486511,inf,3.98063063621521,7.5330810546875
61318,nan,0.11198759078979492,inf,7.1503190994262695,7.19814395904541
61348,nan,-0.03254489600658417,inf,7.41522216796875,2.8165571689605713
61351,nan,-0.12034978717565536,inf,15.228423118591309,8.206367783714086e-05
61419,nan,-0.10134859383106232,inf,11.691033363342285,0.47729453444480896
61439,nan,0.09399329870939255,inf,9.53398323059082,1.1855000257492065
61452,nan,-0.12032335251569748,inf,16.39826774597168,0.0007133722538128495
61462,nan,-0.12035882472991943,inf,18.380008697509766,1.220703143189894e-05
61468,nan,-0.12036215513944626,inf,16.231531143188477,-0.00011248588998569176
61478,nan,-0.13360236585140228,inf,15.211897850036621,-0.1791873276233673
61501,nan,-0.11890099197626114,inf,11.851431846618652,0.048879146575927734
61506,nan,-0.1183754950761795,inf,10.87272834777832,0.019185734912753105
61518,nan,-0.12031419575214386,inf,14.476068496704102,0.0014089584583416581
61522,nan,-0.12035175412893295,inf,17.20926856994629,0.0003178596671205014
61527,nan,-0.12089740484952927,inf,18.491392135620117,-0.012177062220871449
61556,nan,-0.1112188920378685,inf,12.02812385559082,0.12391304969787598
61560,nan,-0.1250705122947693,inf,7.337210178375244,-0.2625381648540497
61562,nan,-0.12036190181970596,inf,18.92206573486328,-5.826950291520916e-05
61570,nan,-0.12035101652145386,inf,15.943982124328613,0.0002631187380757183
61580,nan,-0.11766985803842545,inf,10.33207893371582,0.07599439471960068
61672,nan,-0.12035975605249405,inf,27.77119255065918,-2.47955322265625e-05
61679,nan,0.03487944230437279,inf,7.323705196380615,4.125675678253174
61728,nan,-0.12041115760803223,inf,13.300333976745605,-0.00031685829162597656
61736,nan,-0.12034106254577637,inf,16.1084041595459,0.0007770538213662803
61764,nan,-0.10755932331085205,inf,8.984160423278809,0.4113485813140869
61826,nan,-0.053223103284835815,inf,7.1945953369140625,2.099945306777954
61842,nan,-0.1198316141963005,inf,15.977803230285645,0.017473220825195312
61851,nan,-0.10660623759031296,inf,10.522611618041992,0.161335751414299
61867,nan,-0.12035895884037018,inf,25.265291213989258,6.10351571594947e-06
61877,nan,-0.11308269947767258,inf,14.049346923828125,0.1689138412475586
61936,nan,-0.11722362041473389,inf,15.968342781066895,0.09327482432126999
61943,nan,-0.12029629945755005,inf,12.417642593383789,0.004214882850646973
62002,nan,-0.11432816833257675,inf,12.419291496276855,0.23604576289653778
62086,nan,-0.10997992753982544,inf,8.51387882232666,0.3294123709201813
62196,nan,-0.10269232839345932,inf,8.29499340057373,0.2964301109313965
62243,nan,-0.06742510199546814,inf,10.466315269470215,1.7964270114898682
62245,nan,0.05400797724723816,inf,5.108334064483643,4.112982273101807
62282,nan,0.8168210387229919,inf,4.009814739227295,27.650075912475586
62325,nan,-0.12035675346851349,inf,19.542593002319336,2.4271012080134824e-05
62331,nan,-0.06718035787343979,inf,10.64449691772461,1.6385796070098877
62348,nan,-0.12028651684522629,inf,14.171996116638184,0.0026251792442053556
62407,nan,-0.10792722553014755,inf,11.934958457946777,0.3320688307285309
62421,nan,-0.12024608999490738,inf,16.1176815032959,0.0032558441162109375
62459,nan,-0.10103314369916916,inf,8.935548782348633,0.4473430812358856
62487,nan,-0.12014410644769669,inf,14.525781631469727,0.002408790634945035
62513,nan,0.08638852089643478,inf,6.016581058502197,3.0802414417266846
62585,nan,-0.10266943275928497,inf,11.131157875061035,0.26678991317749023
62593,nan,-0.12039919942617416,inf,17.02774429321289,-0.0008413791656494141
62643,nan,-0.1190480962395668,inf,9.320635795593262,0.03417224436998367
62691,nan,-0.09584464877843857,inf,8.83488941192627,0.6410102844238281
62749,nan,-0.12002482265233994,inf,16.6505184173584,0.008763027377426624
62756,nan,-0.12036239355802536,inf,19.4910945892334,3.3855437777674524e-06
62781,nan,0.028329569846391678,inf,6.652411937713623,2.4714901447296143
62789,nan,-0.1207592710852623,inf,13.024500846862793,-0.00912103708833456
62847,nan,-0.12017747014760971,inf,14.533034324645996,0.0060807703994214535
62887,nan,-0.12001537531614304,inf,13.019902229309082,0.01374044455587864
62889,nan,-0.12040624767541885,inf,10.487067222595215,0.027359534054994583
62921,nan,-0.11783193796873093,inf,9.836952209472656,0.07342614978551865
62987,nan,-0.11970923095941544,inf,12.561163902282715,0.028895700350403786
62988,nan,0.7655161023139954,inf,3.994875431060791,18.9009952545166
63075,nan,1.0330449342727661,inf,3.9745452404022217,39.67095947265625
63105,nan,-0.10690491646528244,inf,15.63554859161377,0.3405422270298004
63106,nan,-0.11919542402029037,inf,13.251276016235352,0.052543915808200836
63118,nan,-0.12030111998319626,inf,17.533164978027344,0.0009859547717496753
63120,nan,-0.08723585307598114,inf,9.836149215698242,0.8073052763938904
63145,nan,-0.10243380069732666,inf,10.418871879577637,0.4539617598056793
63161,nan,-0.12031655758619308,inf,14.125152587890625,0.0014895678032189608
63186,nan,-0.1199735552072525,inf,16.371671676635742,0.018116140738129616
63211,nan,-0.12029089778661728,inf,19.374792098999023,0.0028232098557054996
63224,nan,-0.016287649050354958,inf,6.965346813201904,3.7516438961029053
63244,nan,-0.12022451311349869,inf,13.286147117614746,0.0031249523162841797
63268,nan,-0.12035920470952988,inf,23.6582088470459,5.841255301675119e-07
63294,nan,-0.08496243506669998,inf,9.43543529510498,1.546707034111023
63409,nan,-0.11444603651762009,inf,11.543304443359375,0.18299798667430878
63433,nan,-0.09970258921384811,inf,13.349517822265625,0.8584746718406677
63434,nan,-0.11951927095651627,inf,16.117637634277344,0.019394492730498314
63438,nan,-0.11026229709386826,inf,7.508978366851807,0.9415761828422546
63449,nan,-0.12031352519989014,inf,18.193462371826172,0.0013032436836510897
63487,nan,-0.11697901785373688,inf,11.916850090026855,0.07670831680297852
63533,nan,-0.11891811341047287,inf,12.721766471862793,0.03762665018439293
63546,nan,-0.054152537137269974,inf,7.481224060058594,1.4542649984359741
63593,nan,-0.12035361677408218,inf,19.461278915405273,0.00020644665346480906
63609,nan,2.2604544162750244,inf,3.4927003383636475,61.554359436035156
63637,nan,-0.12016583979129791,inf,15.972975730895996,0.006688499357551336
63665,nan,-0.02582789957523346,inf,7.6953444480896,0.8288155794143677
63679,nan,-0.12030785530805588,inf,15.543562889099121,0.0010046005481854081
63750,nan,0.6523118615150452,inf,5.04434871673584,12.178474426269531
63757,nan,-0.10464795678853989,inf,8.052852630615234,0.4240671694278717
63779,nan,-0.12034223228693008,inf,19.820476531982422,0.0004006385861430317
63904,nan,-0.12035606056451797,inf,17.266813278198242,0.0003121763584204018
63907,nan,-0.11522883176803589,inf,8.951430320739746,0.19195914268493652
63913,nan,-0.12035421282052994,inf,18.86144256591797,0.0002090930938720703
63914,nan,0.23433242738246918,inf,4.958611965179443,6.901185512542725
63945,nan,0.0816035345196724,inf,7.475213527679443,4.285648345947266
64005,nan,-0.12026766687631607,inf,15.52243709564209,0.003462624503299594
64048,nan,-0.1203480139374733,inf,18.34203338623047,0.000404167192755267
64050,nan,-0.11872430145740509,inf,8.711509704589844,0.06999101489782333
64060,nan,-0.11973167955875397,inf,8.505623817443848,-0.031034542247653008
64064,nan,-0.05717272311449051,inf,4.9058356285095215,3.0350749492645264
64067,nan,-0.12035927921533585,inf,26.478178024291992,8.397102646995336e-05
64107,nan,-0.12033256143331528,inf,14.935693740844727,0.0017957687377929688
64138,nan,-0.12022248655557632,inf,15.292891502380371,0.0069956304505467415
64141,nan,-0.12014766782522202,inf,20.811370849609375,0.0026443481910973787
64163,nan,0.048407185822725296,inf,3.2980639934539795,3.6573874950408936
64181,nan,-0.11674932390451431,inf,15.811810493469238,0.08265361934900284
64222,nan,-0.09598168730735779,inf,10.346138000488281,1.1439396142959595
64304,nan,-0.003683685092255473,inf,10.017232894897461,2.556169271469116
64313,nan,-0.10966529697179794,inf,8.820314407348633,0.2850217819213867
64371,nan,-0.12016327679157257,inf,11.705462455749512,0.006062166299670935
64384,nan,-0.10580863803625107,inf,13.760611534118652,0.319366991519928
64396,nan,-0.11699225753545761,inf,10.235477447509766,0.09954960644245148
64397,nan,0.059746164828538895,inf,7.264983654022217,6.282585144042969
64407,nan,-0.12032430619001389,inf,16.977285385131836,0.0004851818084716797
64446,nan,-0.09749192744493484,inf,6.694779396057129,0.3870181441307068
64479,nan,-0.11806761473417282,inf,11.374496459960938,0.07596011459827423
64520,nan,0.008911140263080597,inf,6.6422953605651855,1.7318689823150635
64531,nan,-0.11967521160840988,inf,11.945887565612793,0.025014305487275124
64547,nan,-0.12031040340662003,inf,12.047560691833496,-0.0024980187881737947
64569,nan,-0.07235037535429001,inf,9.775699615478516,0.182229146361351
64570,nan,-0.01607244834303856,inf,7.453016757965088,2.7101237773895264
64602,nan,-0.120338074862957,inf,15.51953125,0.0005878448719158769
64618,nan,0.20674757659435272,inf,4.72971248626709,4.473196983337402
64640,nan,-0.1203845888376236,inf,14.754521369934082,-0.0002449035819154233
64708,nan,-0.12035923451185226,inf,26.001697540283203,0.0
64713,nan,-0.113144151866436,inf,14.5220308303833,0.16342602670192719
64719,nan,-0.08659545332193375,inf,7.0842790603637695,0.7380823493003845
64770,nan,0.020236453041434288,inf,6.867044925689697,3.0794663429260254
64788,nan,-0.12036847323179245,inf,17.28138542175293,-0.00010204315185546875
64830,nan,0.5820664763450623,inf,3.363431930541992,23.284103393554688
64856,nan,0.13440637290477753,inf,4.760359287261963,2.308115243911743
64871,nan,-0.11607624590396881,inf,10.733468055725098,0.09723086655139923
64891,nan,0.23820562660694122,inf,4.913175582885742,9.9846830368042
64945,nan,-0.12035705894231796,inf,23.040279388427734,8.850097947288305e-05
64993,nan,-0.12198467552661896,inf,16.76201629638672,-0.07687129825353622
65093,nan,-0.12024406343698502,inf,16.41523551940918,0.002635747194290161
65181,nan,-0.12035311758518219,inf,19.187578201293945,0.0001316070556640625
65201,nan,0.06307997554540634,inf,6.679023265838623,2.489872932434082
65217,nan,0.021481890231370926,inf,5.110271453857422,3.130876302719116
65258,nan,-0.12035894393920898,inf,16.548389434814453,9.72747802734375e-05
65281,nan,-0.12032299488782883,inf,20.53255844116211,0.0010124206310138106
65282,nan,-0.12014402449131012,inf,15.68381404876709,0.004591590259224176
65288,nan,-0.12061827629804611,inf,10.636564254760742,-0.03312263637781143
65311,nan,-0.11984741687774658,inf,13.628369331359863,0.006199741270393133
65366,nan,-0.12032555788755417,inf,14.378046989440918,0.0014464855194091797
65379,nan,-0.12035923451185226,inf,28.341840744018555,0.0
65399,nan,-0.12068933248519897,inf,10.596992492675781,0.0010070562129840255
65442,nan,-0.07311196625232697,inf,12.842520713806152,1.4904470443725586
65503,nan,-0.12034543603658676,inf,19.91436004638672,0.0004820823669433594
65516,nan,0.02933971956372261,inf,13.287150382995605,0.9837152361869812
65564,nan,-0.061432141810655594,inf,8.248377799987793,2.098881483078003
65599,nan,-0.14876480400562286,inf,9.065512657165527,-0.3043469488620758
65620,nan,0.15310727059841156,inf,5.393256664276123,8.773945808410645
65696,nan,-0.1196909099817276,inf,14.312311172485352,0.015215522609651089
65700,nan,-0.01581602171063423,inf,11.331175804138184,0.7972620129585266
65729,nan,-0.12025336176156998,inf,16.85276222229004,0.003211069153621793
65770,nan,-0.11210975795984268,inf,14.750398635864258,0.025127053260803223
65784,nan,-0.11921105533838272,inf,13.008715629577637,0.029676198959350586
65796,nan,-0.03082515299320221,inf,8.343620300292969,2.756269693374634
65827,nan,-0.05211241915822029,inf,10.660969734191895,2.7539539337158203
65846,nan,-0.08544780313968658,inf,8.982699394226074,0.816317081451416
65862,nan,-0.11927451938390732,inf,12.438600540161133,0.02311103418469429
65883,nan,-0.016192138195037842,inf,7.002499580383301,1.3690212965011597
65900,nan,-0.09870599210262299,inf,7.278833866119385,0.6945021748542786
65921,nan,0.19414015114307404,inf,9.411032676696777,8.52216911315918
65923,nan,-0.12035546451807022,inf,17.726909637451172,0.00016794205293990672
65946,nan,-0.1224042996764183,inf,14.026715278625488,-0.05179578810930252
65977,nan,-0.12035967409610748,inf,16.61282730102539,-3.376007225597277e-05
66001,nan,-0.12058734893798828,inf,16.405437469482422,-0.005103492643684149
66039,nan,-0.11967340856790543,inf,10.528376579284668,0.04689684137701988
66053,nan,-0.08947522938251495,inf,10.348917007446289,0.8266460299491882
66069,nan,-0.0999971553683281,inf,12.127615928649902,0.23857365548610687
66075,nan,-0.08634466677904129,inf,8.270297050476074,0.9040809869766235
66107,nan,-0.12033634632825851,inf,17.724212646484375,0.0006697654607705772
66130,nan,-0.11754786968231201,inf,14.588168144226074,0.07469916343688965
66198,nan,-0.12036247551441193,inf,13.850712776184082,0.0001678466796875
66205,nan,-0.09734653681516647,inf,10.825834274291992,0.5412383675575256
66228,nan,-0.12034840881824493,inf,14.65471363067627,0.0007134675979614258
66245,nan,-0.11832832545042038,inf,9.812841415405273,0.027596473693847656
66262,nan,2.390824794769287,inf,3.3825504779815674,52.0638542175293
66313,nan,-0.12023355066776276,inf,20.387531280517578,0.008612346835434437
66314,nan,0.29854506254196167,inf,5.1408610343933105,6.196496963500977
66359,nan,-0.12034918367862701,inf,21.522972106933594,0.00045168399810791016
66378,nan,-0.12105359137058258,inf,11.342844009399414,0.001354730105958879
66427,nan,-0.1188230887055397,inf,9.672755241394043,0.10925684124231339
66433,nan,-0.1587122529745102,inf,15.534031867980957,-0.40053367614746094
66442,nan,-0.12072526663541794,inf,16.272172927856445,-0.004472494125366211
66458,nan,-0.0880657508969307,inf,8.997397422790527,0.77059006690979
66519,nan,0.03319748863577843,inf,5.234367847442627,2.790677070617676
66573,nan,-0.12027572840452194,inf,16.98761558532715,0.0006532669067382812
66581,nan,-0.11841005086898804,inf,12.3711519241333,0.07202320545911789
66613,nan,-0.12035117298364639,inf,18.757352828979492,0.00018043517775367945
66632,nan,-0.07111413031816483,inf,8.012839317321777,1.2919249534606934
66804,nan,-0.1202375665307045,inf,20.228986740112305,0.002731275511905551
66844,nan,-0.10403794050216675,inf,8.19365119934082,0.31242045760154724
66881,nan,-0.12053593248128891,inf,10.682765007019043,-0.07756347954273224
66884,nan,-0.12015094608068466,inf,13.15054988861084,0.006851959507912397
66893,nan,-0.10088294744491577,inf,12.422930717468262,0.1694689840078354
66949,nan,-0.10069295018911362,inf,10.821660995483398,0.6026091575622559
66954,nan,-0.0626886710524559,inf,13.387475967407227,1.5361511707305908
66955,nan,-0.1203545331954956,inf,21.804304122924805,0.00021457672119140625
66968,nan,-0.11614437401294708,inf,12.331212997436523,0.1529034674167633
66973,nan,-0.11462004482746124,inf,5.016348361968994,0.5875321626663208
67008,nan,-0.07475393265485764,inf,8.9215669631958,1.5529745817184448
67047,nan,-0.07057393342256546,inf,6.13912296295166,1.4603501558303833
67074,nan,-0.03801164776086807,inf,7.371971130371094,2.5604259967803955
67098,nan,-0.007935406640172005,inf,8.94505786895752,0.45886945724487305
67113,nan,-0.12024837732315063,inf,15.785284996032715,0.001896762871183455
67157,nan,0.1356247514486313,inf,2.535734176635742,9.736445426940918
67225,nan,-0.12029629200696945,inf,13.721223831176758,0.0020511627662926912
67298,nan,-0.11946945637464523,inf,10.959917068481445,0.051412392407655716
67306,nan,-0.12076970189809799,inf,11.155542373657227,-0.006894969847053289
67346,nan,-0.11144818365573883,inf,10.400362014770508,0.13962212204933167
67358,nan,-0.11285089701414108,inf,11.394362449645996,0.30235224962234497
67394,nan,-0.11995311826467514,inf,17.349323272705078,0.010223579593002796
67400,nan,-0.12035822123289108,inf,24.425762176513672,3.662109520519152e-05
67422,nan,-0.12163235992193222,inf,17.972484588623047,-0.027702519670128822
67483,nan,0.0661381259560585,inf,8.404257774353027,4.706784725189209
67495,nan,-0.006556879263371229,inf,5.70655632019043,2.6168487071990967
67560,nan,-0.11165807396173477,inf,9.131104469299316,0.30117449164390564
67566,nan,-0.12035677582025528,inf,19.288307189941406,4.9078465963248163e-05
67574,nan,-0.07886642217636108,inf,8.346243858337402,1.5864721536636353
67591,nan,-0.11904487758874893,inf,12.287556648254395,0.025268936529755592
67611,nan,-0.09132891148328781,inf,8.18017292022705,0.25789257884025574
67614,nan,-0.1201271340250969,inf,12.399375915527344,0.008573588915169239
67662,nan,-0.12035762518644333,inf,20.8917293548584,4.46796439064201e-05
67667,nan,1.5004204511642456,inf,2.6103224754333496,40.42169952392578
67674,nan,-0.12261196225881577,inf,15.611128807067871,-0.05128664895892143
67684,nan,-0.09640076011419296,inf,9.188530921936035,0.6561346650123596
67688,nan,-0.0823422223329544,inf,10.027641296386719,1.430651307106018
67807,nan,-0.11780798435211182,inf,11.498583793640137,0.05128936842083931
67823,nan,-0.11601249128580093,inf,8.900517463684082,0.2933846414089203
67833,nan,0.06613993644714355,inf,6.005275726318359,2.6460585594177246
67837,nan,-0.11972160637378693,inf,11.889422416687012,0.010860872454941273
67864,nan,-0.11842735856771469,inf,12.300750732421875,0.08352717757225037
67868,nan,0.4276314675807953,inf,3.557866334915161,14.709601402282715
67881,nan,-0.12034489214420319,inf,21.499271392822266,0.00048381686792708933
67886,nan,-0.11994042247533798,inf,13.791664123535156,0.009476757608354092
67931,nan,-0.16608816385269165,inf,6.813421726226807,-0.33458366990089417
68006,nan,-0.07539926469326019,inf,9.127927780151367,1.130130648612976
68037,nan,-0.11963097006082535,inf,14.906379699707031,0.00714375963434577
68120,nan,-0.12484883517026901,inf,15.005681037902832,-0.11663579940795898
68153,nan,1.38423490524292,inf,3.6965560913085938,40.671443939208984
68182,nan,-0.12035921961069107,inf,24.5473575592041,3.814697322468419e-07
68197,nan,-0.09834020584821701,inf,6.010366916656494,-1.0196977853775024
68256,nan,-0.12023986876010895,inf,12.216785430908203,0.00439109792932868
68289,nan,-0.1203865185379982,inf,13.939872741699219,0.0015046120388433337
68296,nan,0.24917975068092346,inf,4.700636386871338,7.4080047607421875
68336,nan,-0.10470711439847946,inf,10.91333293914795,0.5370891690254211
68416,nan,-0.02556653879582882,inf,6.970130920410156,1.689133644104004
68441,nan,-0.12024679034948349,inf,13.888079643249512,0.002672052476555109
68480,nan,-0.002744153141975403,inf,6.045474529266357,3.2748916149139404
68485,nan,-0.12035908550024033,inf,22.05757713317871,3.790855544139049e-06
68490,nan,-0.1020733118057251,inf,7.827441692352295,0.8614818453788757
68514,nan,-0.120363250374794,inf,19.878076553344727,5.264282299322076e-05
68529,nan,-0.11927010118961334,inf,13.738688468933105,0.03496396541595459
68629,nan,-0.12036009132862091,inf,20.811922073364258,-1.659393274167087e-05
68702,nan,-0.12035844475030899,inf,21.277387619018555,2.8252601623535156e-05
68731,nan,-0.09578906744718552,inf,10.864242553710938,0.7852706909179688
68743,nan,-0.0038849711418151855,inf,4.232804775238037,1.2916297912597656
68799,nan,-0.11803125590085983,inf,12.871176719665527,0.05725843459367752
68825,nan,-0.11714007705450058,inf,10.22909164428711,0.13901594281196594
68829,nan,0.0038870282005518675,inf,6.021749019622803,3.331900119781494
68852,nan,-0.11749253422021866,inf,11.588142395019531,0.09306202083826065
68864,nan,0.5063742995262146,inf,4.728332996368408,14.517622947692871
68868,nan,-0.12068932503461838,inf,10.331348419189453,0.004242134280502796
68878,nan,-0.12035935372114182,inf,20.81205940246582,-2.9087066195643274e-06
68886,nan,0.1405535191297531,inf,6.866710186004639,6.0890421867370605
68889,nan,1.6007736921310425,inf,4.8019208908081055,27.832651138305664
68898,nan,0.07521086931228638,inf,3.5043957233428955,4.6473236083984375
68933,nan,0.5376368761062622,inf,3.6948704719543457,19.236474990844727
68989,nan,-0.05401744320988655,inf,10.181188583374023,0.26981058716773987
69009,nan,-0.12036190181970596,inf,21.136993408203125,-4.787445141118951e-05
69041,nan,0.7023395299911499,inf,5.669485092163086,16.304590225219727
69103,nan,0.062034156173467636,inf,7.092772960662842,3.911569356918335
69146,nan,-0.12035787105560303,inf,21.153661727905273,4.215240551275201e-05
69150,nan,-0.12028255313634872,inf,15.409367561340332,0.002024102257564664
69151,nan,-0.11997216194868088,inf,13.051918029785156,0.013032913208007812
69173,nan,0.0023479030933231115,inf,9.890095710754395,3.635902166366577
69203,nan,2.22896671295166,inf,1.0762697458267212,50.76508331298828
69207,nan,-0.11440243571996689,inf,12.059090614318848,0.16791963577270508
69284,nan,0.3337602913379669,inf,3.8765408992767334,4.067965030670166
69308,nan,-0.12023953348398209,inf,20.637920379638672,0.0026767731178551912
69349,nan,-0.1205567866563797,inf,11.494275093078613,0.0013867855304852128
69365,nan,-0.12035942077636719,inf,20.47307586669922,-1.010894811770413e-05
69368,nan,-0.12031926214694977,inf,22.228240966796875,0.001338958740234375
69391,nan,0.08063171803951263,inf,4.292625427246094,5.590251445770264
69399,nan,-0.1203225776553154,inf,20.050336837768555,0.0005908012390136719
69418,nan,-0.11992891877889633,inf,17.408870697021484,0.014408028684556484
69452,nan,-0.11391071230173111,inf,12.366545677185059,0.2695770263671875
69461,nan,-0.1193547174334526,inf,11.307034492492676,0.018436361104249954
69537,nan,-0.12035802751779556,inf,17.869504928588867,6.504059274448082e-05
69558,nan,0.20106291770935059,inf,3.896027088165283,11.082595825195312
69584,nan,-0.12035971134901047,inf,21.05658531188965,-1.2695789337158203e-05
69593,nan,-0.12034358084201813,inf,18.64283561706543,0.0003947257937397808
69616,nan,-0.11864717304706573,inf,11.701265335083008,0.040317464619874954
69628,nan,-0.12044389545917511,inf,18.586902618408203,-0.001676106476224959
69634,nan,-0.09948202222585678,inf,8.936627388000488,0.9092607498168945
69652,nan,0.12122044712305069,inf,5.043604850769043,6.233554840087891
69669,nan,-0.12027185410261154,inf,17.143144607543945,0.0030748366843909025
69686,nan,-0.03908640518784523,inf,8.440823554992676,2.8428738117218018
69709,nan,0.2712585926055908,inf,4.752639293670654,13.120094299316406
69723,nan,-0.12015648186206818,inf,12.808801651000977,0.005201411433517933
69748,nan,0.04622596129775047,inf,6.10039758682251,2.267808198928833
69759,nan,-0.12035878747701645,inf,18.24787712097168,4.3594838643912226e-05
69771,nan,-0.11930730193853378,inf,16.842422485351562,0.025101376697421074
69780,nan,-0.10074009001255035,inf,13.428885459899902,0.5952097773551941
69793,nan,-0.12034391611814499,inf,14.871533393859863,-9.274482727050781e-05
69810,nan,-0.12030678987503052,inf,18.860755920410156,0.002443075180053711
69886,nan,-0.11249832063913345,inf,9.408358573913574,0.11616437882184982
69887,nan,-0.12012690305709839,inf,16.369173049926758,0.008806610479950905
69899,nan,-0.12035294622182846,inf,19.649150848388672,0.00013952255540061742
69915,nan,-0.5075027942657471,inf,1.7490962743759155,5.543941497802734
69929,nan,-0.12035942077636719,inf,19.914735794067383,-1.5258789289873675e-06
69933,nan,-0.010442822240293026,inf,6.590420722961426,2.6880366802215576
69938,nan,-0.10990225523710251,inf,12.356731414794922,0.26035767793655396
69950,nan,-0.10694398730993271,inf,8.433813095092773,0.2223234921693802
69983,nan,-0.12011696398258209,inf,14.565057754516602,0.010552806779742241
69986,nan,-0.006370385177433491,inf,6.502044677734375,2.9640414714813232
69995,nan,-0.11975870281457901,inf,15.254602432250977,0.02194519154727459
70013,nan,-0.12024406343698502,inf,13.804883003234863,0.0030350089073181152
70023,nan,-0.1202990934252739,inf,17.504690170288086,0.0014396191108971834
70030,nan,-0.03247006982564926,inf,5.475565433502197,1.5631192922592163
70043,nan,-0.12014532089233398,inf,13.396695137023926,0.005932998843491077
70050,nan,-0.11273284256458282,inf,4.810256481170654,2.0843141078948975
70141,nan,-0.1204761266708374,inf,15.799426078796387,-0.003023338271304965
70187,nan,-0.11536431312561035,inf,10.073158264160156,0.2090512365102768
70218,nan,3.4292008876800537,inf,1.1737812757492065,60.62640380859375
70250,nan,-0.11972560733556747,inf,16.043249130249023,0.016529632732272148
70256,nan,0.29699453711509705,inf,5.074216842651367,6.411844730377197
70303,nan,-0.12036269903182983,inf,14.837859153747559,0.0002820015070028603
70329,nan,-0.11090190708637238,inf,9.49585247039795,0.21684575080871582
70416,nan,-0.11911874264478683,inf,12.618919372558594,0.0393717885017395
70428,nan,-0.09910338371992111,inf,10.016907691955566,0.6041995286941528
70483,nan,-0.12035921961069107,inf,29.531187057495117,3.814697322468419e-07
70485,nan,-0.11948086321353912,inf,13.258331298828125,0.021754074841737747
70511,nan,-0.12035927921533585,inf,22.4077205657959,9.679794857220259e-06
70515,nan,0.296663373708725,inf,6.328625679016113,6.044589519500732
70523,nan,-0.12203117460012436,inf,10.314387321472168,-0.012666702270507812
70525,nan,-0.07304388284683228,inf,6.758930206298828,0.21805770695209503
70559,nan,-0.120174340903759,inf,12.5519437789917,0.004901313688606024
70585,nan,-0.11715509742498398,inf,17.750198364257812,0.07242679595947266
70595,nan,-0.10779048502445221,inf,10.231757164001465,0.1000756248831749
70638,nan,-0.15781329572200775,inf,5.358380317687988,-0.10341067612171173
70664,nan,1.249763011932373,inf,4.636729717254639,24.26512908935547
70752,nan,-0.12039384990930557,inf,12.877578735351562,-0.00018267631821800023
70767,nan,-0.12023862451314926,inf,13.017578125,0.004554939456284046
70775,nan,-0.11717796325683594,inf,19.490392684936523,0.14996547996997833
70820,nan,0.05640825256705284,inf,6.848028659820557,5.067584037780762
70830,nan,0.08856695145368576,inf,6.66309118270874,7.299180507659912
70876,nan,-0.11778920143842697,inf,13.786088943481445,0.0671752467751503
70906,nan,-0.1200219988822937,inf,13.867144584655762,0.010789001360535622
70914,nan,-0.11529325693845749,inf,16.899749755859375,0.2383987009525299
70937,nan,-0.12194434553384781,inf,15.57353687286377,-0.03445186838507652
70966,nan,0.021759580820798874,inf,5.818979740142822,1.5425642728805542
71004,nan,-0.12427560240030289,inf,6.943562984466553,-0.05615520477294922
71006,nan,-0.12035926431417465,inf,20.574960708618164,4.7683716530855236e-08
71066,nan,-0.12577693164348602,inf,9.395750999450684,-0.10390181839466095
71100,nan,-0.11870371550321579,inf,9.01523494720459,0.04753253608942032
71101,nan,-0.11657154560089111,inf,9.932503700256348,0.0748165175318718
71116,nan,0.7936827540397644,inf,2.75596284866333,19.347620010375977
71128,nan,-0.12032121419906616,inf,17.342130661010742,0.0012734413612633944
71130,nan,-0.12035445123910904,inf,22.865447998046875,0.00022055953741073608
71136,nan,0.14541108906269073,inf,5.450286388397217,6.595335483551025
71208,nan,-0.011295718140900135,inf,6.469642162322998,2.067188262939453
71233,nan,-0.14149944484233856,inf,10.025595664978027,-0.18979983031749725
71236,nan,1.747652292251587,inf,3.216876745223999,51.211463928222656
71269,nan,-0.12052837759256363,inf,18.52349090576172,-0.003806686494499445
71300,nan,0.015848716720938683,inf,8.566205024719238,4.165645122528076
71357,nan,-0.12040889263153076,inf,18.880802154541016,-0.00025413036928512156
71417,nan,1.186280369758606,inf,2.6400182247161865,25.652362823486328
71453,nan,-0.1203143373131752,inf,15.207605361938477,0.0015741586685180664
71556,nan,-0.06989499181509018,inf,8.78946590423584,0.718025803565979
71586,nan,-0.08974498510360718,inf,9.196974754333496,1.8411575555801392
71673,nan,-0.059602346271276474,inf,7.900912761688232,2.385941505432129
71706,nan,-0.09106787294149399,inf,8.559507369995117,1.1208432912826538
71719,nan,-0.08349822461605072,inf,6.840859413146973,0.16717229783535004
71733,nan,0.25623950362205505,inf,7.877060890197754,4.9408698081970215
71748,nan,-0.13275288045406342,inf,8.169331550598145,0.0193652156740427
71783,nan,-0.11844221502542496,inf,12.299276351928711,0.08103380352258682
71789,nan,-0.12035564333200455,inf,17.570674896240234,0.00014390946307685226
71823,nan,-0.07888884097337723,inf,8.575274467468262,1.061646580696106
71832,nan,-0.12033484131097794,inf,13.691906929016113,0.0014935017097741365
71864,nan,-0.12009008973836899,inf,16.982952117919922,0.0020050525199621916
71900,nan,-0.12010594457387924,inf,15.43177318572998,0.0059833824634552
71936,nan,-0.12035756558179855,inf,16.261693954467773,0.00011882781836902723
71959,nan,0.14107602834701538,inf,6.249207973480225,10.183944702148438
71992,nan,-0.10717608779668808,inf,10.325736999511719,0.35792848467826843
71994,nan,-0.07439200580120087,inf,9.14709758758545,1.1757543087005615
72028,nan,-0.11789941787719727,inf,12.137967109680176,0.11260099709033966
72078,nan,-0.04687989875674248,inf,6.8575758934021,2.1579108238220215
72118,nan,-0.0998816192150116,inf,9.690503120422363,0.5413031578063965
72133,nan,0.778938889503479,inf,3.2257962226867676,23.05881118774414
72203,nan,-0.11692937463521957,inf,11.929569244384766,0.08616848289966583
72253,nan,-0.1202927753329277,inf,18.842884063720703,0.0005323886871337891
72336,nan,-0.009054578840732574,inf,5.46026086807251,3.7749364376068115
72337,nan,-0.099314384162426,inf,8.219951629638672,0.6411101818084717
72340,nan,-0.12926630675792694,inf,6.274447917938232,-0.04891018941998482
72366,nan,-0.11372914165258408,inf,9.271689414978027,0.18290117383003235
72367,nan,-0.12023475021123886,inf,13.669273376464844,0.004180240910500288
72389,nan,-0.08834488689899445,inf,10.123396873474121,1.1162554025650024
72533,nan,-0.12036623805761337,inf,15.936665534973145,0.0006111144903115928
72534,nan,-0.12031073868274689,inf,19.522789001464844,0.002293205354362726
72572,nan,-0.1203625425696373,inf,14.983813285827637,6.663799285888672e-05
72580,nan,-0.025632334873080254,inf,7.210753917694092,3.0180206298828125
72604,nan,-0.11926782131195068,inf,9.720290184020996,0.09669619053602219
72631,nan,-0.12036401033401489,inf,18.06020164489746,-5.1784514653263614e-05
72661,nan,0.18800140917301178,inf,5.345852851867676,7.8328680992126465
72693,nan,0.9241104125976562,inf,4.539622783660889,17.998491287231445
72727,nan,-0.12024565041065216,inf,16.073774337768555,0.0027262212242931128
72740,nan,-0.12064850330352783,inf,15.608675956726074,-0.003020673990249634
72762,nan,-0.12038900703191757,inf,10.55066967010498,0.002789115998893976
72791,nan,-0.10612138360738754,inf,8.122941970825195,0.2872956395149231
72796,nan,-0.12034589052200317,inf,18.574642181396484,0.00031499864417128265
72814,nan,-0.1149766817688942,inf,15.172711372375488,0.05540619045495987
72815,nan,-0.14908790588378906,inf,20.780454635620117,-0.7484962344169617
72845,nan,-0.1202903538942337,inf,14.984721183776855,0.003191661788150668
72873,nan,-0.1059533953666687,inf,8.324589729309082,0.35931792855262756
72887,nan,-0.12197382748126984,inf,9.125959396362305,0.020351862534880638
72892,nan,-0.1056949645280838,inf,9.758994102478027,0.23599135875701904
72945,nan,-0.12036055326461792,inf,28.976720809936523,-4.0531158447265625e-05
72964,nan,-0.17056523263454437,inf,9.27552318572998,-0.6208826899528503
73038,nan,-0.0733589306473732,inf,11.126726150512695,0.9003086090087891
73164,nan,0.03956097364425659,inf,5.398231029510498,3.3494622707366943
73246,nan,-0.08037029951810837,inf,4.7263054847717285,3.0700409412384033
73254,nan,-0.12035935372114182,inf,21.4486026763916,-6.3896181927702855e-06
