train_idx,x_rm,y_a,d_raw,m_raw,a_raw
78,nan,-0.13304033875465393,inf,11.924410820007324,0.04526272043585777
79,nan,-0.134547159075737,inf,17.21114158630371,0.007706069853156805
105,nan,1.1505317687988281,inf,4.3747076988220215,27.02036476135254
111,nan,-0.12087903171777725,inf,13.12785816192627,0.4158268868923187
151,nan,-0.07929256558418274,inf,7.019723415374756,1.551766037940979
193,nan,-0.13479556143283844,inf,22.448169708251953,0.0010639190440997481
213,nan,0.1936931610107422,inf,6.518908977508545,7.133194923400879
250,nan,-0.13507673144340515,inf,9.723398208618164,-0.009189468808472157
262,nan,-0.13336613774299622,inf,13.481767654418945,0.08477897942066193
277,nan,0.5265917181968689,inf,3.8261940479278564,24.020288467407227
305,nan,-0.1345360428094864,inf,18.599777221679688,0.013375473208725452
329,nan,-0.13401225209236145,inf,17.276153564453125,0.05610242113471031
467,nan,-0.13281787931919098,inf,12.564818382263184,0.030791282653808594
473,nan,-0.13479289412498474,inf,16.85088539123535,0.0006283760303631425
478,nan,0.15469451248645782,inf,2.8342912197113037,5.842484474182129
546,nan,-0.13380557298660278,inf,12.321623802185059,0.01709049940109253
555,nan,-0.13218048214912415,inf,11.690752983093262,0.05341305956244469
565,nan,2.419450283050537,inf,2.148787260055542,84.00402069091797
601,nan,-0.13034342229366302,inf,10.726938247680664,0.04370150715112686
613,nan,-0.09488948434591293,inf,7.302989482879639,1.1108635663986206
614,nan,-0.12549912929534912,inf,9.545129776000977,0.4398214817047119
616,nan,-0.13457073271274567,inf,11.07971477508545,0.002685165498405695
625,nan,-0.13454274833202362,inf,16.347929000854492,0.018674438819289207
673,nan,-0.1346549540758133,inf,14.357866287231445,0.007515478413552046
675,nan,-0.24506154656410217,inf,4.648129940032959,-2.417785882949829
714,nan,0.23864726722240448,inf,4.609170436859131,7.878279209136963
728,nan,0.818692684173584,inf,3.673225164413452,20.689611434936523
733,nan,0.35769206285476685,inf,5.104842185974121,7.045285701751709
745,nan,-0.1347813457250595,inf,15.903193473815918,0.0007694244268350303
796,nan,-0.1344148814678192,inf,18.556596755981445,0.009737968444824219
799,nan,-0.08475829660892487,inf,7.32867431640625,1.5245798826217651
806,nan,-0.14554230868816376,inf,8.919478416442871,0.09037532657384872
818,nan,0.14961989223957062,inf,5.2091569900512695,4.421975612640381
829,nan,-0.15851502120494843,inf,10.174177169799805,0.020533323287963867
864,nan,0.3429875075817108,inf,4.591553688049316,5.569086074829102
889,nan,-0.13475845754146576,inf,14.053749084472656,0.002314615296199918
908,nan,-0.13038389384746552,inf,6.402211666107178,-1.6332311630249023
920,nan,-0.12331598252058029,inf,14.323729515075684,0.28241166472435
937,nan,-0.13478516042232513,inf,15.772468566894531,0.0010308980708941817
948,nan,-0.13312391936779022,inf,17.641271591186523,0.11475496739149094
994,nan,-0.13479295372962952,inf,16.57256507873535,0.0004741668817587197
1021,nan,-0.13498401641845703,inf,13.312601089477539,-0.005345082376152277
1026,nan,-0.13007211685180664,inf,12.959434509277344,0.1509333699941635
1034,nan,-0.1315622180700302,inf,10.386853218078613,0.3314354121685028
1047,nan,-0.1348085254430771,inf,15.401376724243164,0.00026073455228470266
1049,nan,-0.13175393640995026,inf,12.575972557067871,0.09305991977453232
1076,nan,-0.13470695912837982,inf,17.368574142456055,0.007232856936752796
1151,nan,-0.0920826718211174,inf,6.115058898925781,0.47597742080688477
1156,nan,0.0375107116997242,inf,6.42473840713501,2.145902395248413
1168,nan,0.04716747999191284,inf,4.948563575744629,2.0670325756073
1185,nan,-0.13479863107204437,inf,19.45850372314453,0.0003997206804342568
1218,nan,-0.03383631631731987,inf,9.517390251159668,1.7932287454605103
1223,nan,-0.134804368019104,inf,19.624359130859375,7.743835885776207e-05
1235,nan,-0.09035604447126389,inf,8.400324821472168,0.9059950113296509
1278,nan,-0.13471725583076477,inf,15.920367240905762,0.0023033618927001953
1286,nan,-0.038183629512786865,inf,4.387658596038818,1.427894949913025
1303,nan,-0.13472218811511993,inf,14.6034517288208,0.0021283626556396484
1350,nan,-0.031238233670592308,inf,7.839649200439453,1.6149895191192627
1387,nan,-0.13463591039180756,inf,17.424863815307617,0.0022731067147105932
1445,nan,-0.13481156527996063,inf,19.29164695739746,1.33514404296875e-05
1454,nan,-0.1347091645002365,inf,14.582951545715332,0.0031585574615746737
1457,nan,-0.13509134948253632,inf,14.699536323547363,-0.006380104925483465
1477,nan,-0.13480357825756073,inf,22.087881088256836,0.00028438569279387593
1500,nan,0.5765095353126526,inf,4.482001781463623,14.207287788391113
1526,nan,-0.1350819319486618,inf,13.961756706237793,0.012302368879318237
1545,nan,-0.13325434923171997,inf,9.564801216125488,0.035822439938783646
1569,nan,-0.0343305729329586,inf,5.263771057128906,6.344025611877441
1617,nan,-0.13477195799350739,inf,16.21369743347168,0.0011083603603765368
1792,nan,-0.13339543342590332,inf,12.523265838623047,0.019648492336273193
1806,nan,0.13025759160518646,inf,5.9334845542907715,7.236049175262451
1808,nan,-0.13478343188762665,inf,15.652603149414062,0.000912827264983207
1825,nan,-0.13481009006500244,inf,19.72563934326172,6.446838233387098e-05
1869,nan,-0.1343666911125183,inf,13.7359619140625,0.007257938385009766
1928,nan,-0.1347530335187912,inf,15.90903377532959,0.002108931541442871
1961,nan,0.18393270671367645,inf,5.69880485534668,2.904794692993164
1986,nan,-0.13218170404434204,inf,17.194913864135742,0.18625512719154358
1993,nan,-0.1265544295310974,inf,12.813743591308594,0.5577818751335144
2039,nan,-0.13465386629104614,inf,13.064335823059082,0.005311012268066406
2056,nan,-0.07959108054637909,inf,9.589483261108398,1.4816609621047974
2091,nan,2.9597370624542236,inf,2.9721570014953613,48.72379684448242
2096,nan,-0.24356327950954437,inf,6.502774715423584,-2.246152877807617
2145,nan,-0.13474850356578827,inf,16.4746150970459,0.0023017884232103825
2176,nan,-0.12985830008983612,inf,9.082640647888184,0.11668892204761505
2269,nan,-0.08205506205558777,inf,11.588220596313477,1.3145086765289307
2276,nan,-0.14809550344944,inf,4.140537261962891,4.059825420379639
2280,nan,-0.13481202721595764,inf,22.751968383789062,1.4687329894513823e-05
2342,nan,1.1385868787765503,inf,3.9211819171905518,18.45378875732422
2346,nan,-0.13481222093105316,inf,35.7431526184082,0.0
2380,nan,-0.1335887312889099,inf,13.092782974243164,0.08601861447095871
2414,nan,-0.13370826840400696,inf,14.478816032409668,0.07322974503040314
2423,nan,-0.13478811085224152,inf,17.164100646972656,0.0009153365972451866
2448,nan,-0.13481198251247406,inf,19.766616821289062,6.496906280517578e-06
2521,nan,-0.13301199674606323,inf,11.767601013183594,0.021512126550078392
2571,nan,-0.1289648860692978,inf,11.007018089294434,0.10382228344678879
2576,nan,1.06654691696167,inf,2.9722483158111572,35.625083923339844
2600,nan,-0.1346423476934433,inf,13.2630033493042,0.008054399862885475
2653,nan,0.0845969095826149,inf,6.821689128875732,5.594376087188721
2654,nan,-0.13204003870487213,inf,13.401626586914062,0.05398894473910332
2704,nan,-0.13225729763507843,inf,12.680750846862793,0.020966148003935814
2724,nan,-0.11448036879301071,inf,8.525331497192383,0.6661680340766907
2743,nan,0.6902446150779724,inf,4.041724681854248,20.749862670898438
2763,nan,-0.13004769384860992,inf,12.773850440979004,0.28522586822509766
2843,nan,-0.1292218565940857,inf,11.31390380859375,0.1707386076450348
2853,nan,-0.12922148406505585,inf,11.169842720031738,0.43627628684043884
2866,nan,-0.0239033754914999,inf,6.534002780914307,3.574735641479492
2889,nan,-0.1342257559299469,inf,13.221246719360352,0.008687401190400124
2908,nan,-0.1355246901512146,inf,12.891474723815918,0.01069254893809557
2909,nan,-0.1347694993019104,inf,12.033297538757324,0.001955413958057761
2912,nan,-0.12254592031240463,inf,13.418156623840332,0.8297855257987976
2945,nan,-0.13477236032485962,inf,17.874204635620117,0.0010538101196289062
2962,nan,-0.13460658490657806,inf,15.468238830566406,0.003346014069393277
2965,nan,-0.13481181859970093,inf,20.30805015563965,3.547668529790826e-05
2995,nan,-0.13481445610523224,inf,19.410968780517578,-7.841586921131238e-05
3020,nan,-0.06962499767541885,inf,9.874427795410156,1.5586910247802734
3104,nan,-0.11534770578145981,inf,11.509759902954102,0.1701173633337021
3163,nan,-0.02499198168516159,inf,5.986510753631592,3.4447810649871826
3266,nan,-0.13453929126262665,inf,16.30830192565918,0.01718597486615181
3278,nan,-0.012652258388698101,inf,7.25344181060791,2.061967134475708
3286,nan,-0.10013946145772934,inf,8.866318702697754,0.34762826561927795
3297,nan,-0.125893235206604,inf,9.254721641540527,0.09298687428236008
3357,nan,-0.04023287817835808,inf,7.194457530975342,2.1797702312469482
3475,nan,-0.13462954759597778,inf,14.634551048278809,0.005560684483498335
3478,nan,0.19342806935310364,inf,7.034771919250488,5.075771331787109
3579,nan,-0.13455413281917572,inf,15.17285442352295,0.007476711180061102
3580,nan,-0.1348090022802353,inf,15.05876350402832,2.067387140414212e-05
3589,nan,-0.13473473489284515,inf,17.862411499023438,0.0021049499046057463
3597,nan,-0.11650701612234116,inf,9.288073539733887,0.2602716386318207
3615,nan,-0.12122010439634323,inf,11.401740074157715,0.6388543844223022
3636,nan,-0.12184277921915054,inf,9.163673400878906,0.26503029465675354
3645,nan,-0.13480909168720245,inf,20.962167739868164,7.934570749057457e-05
3664,nan,-0.12876774370670319,inf,12.636343955993652,0.2392047941684723
3714,nan,-0.1331666111946106,inf,10.563923835754395,0.014765167608857155
3748,nan,-0.14857271313667297,inf,7.644738674163818,-0.29163214564323425
3764,nan,-0.11696868389844894,inf,7.445193767547607,0.5133925676345825
3778,nan,-0.09656397253274918,inf,6.712896823883057,0.983115017414093
3845,nan,-0.09513814002275467,inf,7.4818949699401855,0.7020249962806702
3848,nan,-0.09193398803472519,inf,9.512473106384277,1.043619155883789
3890,nan,0.11366114765405655,inf,5.810834884643555,9.08210277557373
3916,nan,-0.1318754404783249,inf,9.757895469665527,0.07833097130060196
3933,nan,-0.1348053514957428,inf,21.688016891479492,0.00017461777315475047
3948,nan,-0.032809365540742874,inf,8.058485984802246,4.197299480438232
3969,nan,1.1259045600891113,inf,3.842400312423706,11.463068962097168
3980,nan,-0.04923808574676514,inf,7.540988922119141,0.9498448371887207
4018,nan,-0.1347387135028839,inf,12.718523979187012,0.0017178535927087069
4067,nan,-0.13381680846214294,inf,18.256898880004883,0.07044930756092072
4068,nan,-0.1348438858985901,inf,18.84910011291504,-0.0026332854758948088
4112,nan,-0.13257119059562683,inf,12.267858505249023,0.05683276802301407
4116,nan,-0.025965720415115356,inf,6.072189807891846,2.446866035461426
4193,nan,-0.1337313950061798,inf,11.386344909667969,0.05976257473230362
4201,nan,-0.12706854939460754,inf,11.315347671508789,0.18929775059223175
4211,nan,2.54795241355896,inf,1.078171730041504,55.03859329223633
4222,nan,-0.13404683768749237,inf,11.797968864440918,0.018816757947206497
4268,nan,-0.08798447251319885,inf,4.972731113433838,0.29920676350593567
4391,nan,-0.07704353332519531,inf,6.634494781494141,3.012829542160034
4402,nan,-0.13443885743618011,inf,24.44637107849121,0.005665636155754328
4405,nan,1.0998584032058716,inf,3.557462692260742,30.28705406188965
4416,nan,-0.030209362506866455,inf,6.169040679931641,2.2487714290618896
4429,nan,-0.13470618426799774,inf,15.154036521911621,0.002121186349540949
4433,nan,-0.1349516212940216,inf,15.259814262390137,-0.0034832002129405737
4443,nan,-0.13468152284622192,inf,14.277478218078613,0.008130574598908424
4446,nan,-0.13159127533435822,inf,15.345664978027344,0.06730295717716217
4458,nan,-0.09038397669792175,inf,7.280595302581787,0.7254873514175415
4516,nan,0.19168083369731903,inf,5.613759517669678,5.3694658279418945
4525,nan,-0.13487504422664642,inf,18.5049991607666,-0.001558348536491394
4635,nan,-0.13463245332241058,inf,12.330790519714355,0.007149505894631147
4674,nan,-0.13454553484916687,inf,11.50042724609375,-0.0016878604656085372
4736,nan,-0.12899109721183777,inf,10.179072380065918,0.11437328159809113
4782,nan,-0.11189788579940796,inf,7.838165283203125,0.4451209008693695
4798,nan,-0.09044229239225388,inf,7.7221999168396,1.8968803882598877
4802,nan,-0.1347123235464096,inf,16.956083297729492,0.003055572509765625
4823,nan,0.27128860354423523,inf,5.362319469451904,14.318341255187988
4829,nan,-0.1278858631849289,inf,11.02891731262207,0.284505158662796
4855,nan,-0.13481132686138153,inf,17.902456283569336,2.765655517578125e-05
4918,nan,0.7597503066062927,inf,3.957612991333008,17.203828811645508
4976,nan,-0.12379670143127441,inf,11.436663627624512,0.6086894869804382
5008,nan,-0.06899164617061615,inf,9.742637634277344,0.8318726420402527
5025,nan,0.3708626627922058,inf,4.85022497177124,13.241726875305176
5028,nan,-0.09359567612409592,inf,8.17789363861084,0.7226024866104126
5065,nan,-0.13353164494037628,inf,14.037752151489258,0.048046257346868515
5107,nan,1.0504168272018433,inf,4.8303303718566895,18.783061981201172
5134,nan,-0.1303434818983078,inf,10.178415298461914,0.08854804188013077
5178,nan,-0.013522165827453136,inf,5.110301494598389,2.1237168312072754
5180,nan,-0.13466762006282806,inf,14.388208389282227,0.007348918821662664
5229,nan,-0.13478659093379974,inf,16.61302947998047,0.0005692839622497559
5230,nan,-0.020341522991657257,inf,7.502754211425781,1.718281626701355
5235,nan,-0.13040810823440552,inf,14.844879150390625,0.11127281188964844
5243,nan,-0.0844629555940628,inf,7.540571689605713,0.2038135528564453
5293,nan,1.5614323616027832,inf,2.6801018714904785,44.95383834838867
5307,nan,-0.13451828062534332,inf,15.283477783203125,0.006325054448097944
5312,nan,-0.11678843945264816,inf,9.308063507080078,1.1965807676315308
5320,nan,-0.13421018421649933,inf,13.285234451293945,0.024401385337114334
5373,nan,-0.11327258497476578,inf,9.979813575744629,0.3385787904262543
5443,nan,0.0750088021159172,inf,6.008544921875,7.977398872375488
5531,nan,-0.13423611223697662,inf,13.834540367126465,0.030921602621674538
5585,nan,-0.13480086624622345,inf,15.664596557617188,0.0004528045828919858
5626,nan,0.08443433791399002,inf,4.918625831604004,4.746466636657715
5640,nan,-0.13561365008354187,inf,13.291075706481934,-0.01724720001220703
5648,nan,-0.13415668904781342,inf,12.177946090698242,0.01778287999331951
5675,nan,0.22658565640449524,inf,5.0994696617126465,8.799789428710938
5714,nan,-0.1323305070400238,inf,11.105454444885254,0.06852831691503525
5738,nan,6.011970520019531,inf,-0.5283141732215881,143.33856201171875
5824,nan,-0.13480950891971588,inf,25.964096069335938,0.00010981559898937121
5829,nan,0.3163270652294159,inf,4.724379539489746,5.587360858917236
5837,nan,-0.12632517516613007,inf,9.42263126373291,0.18342189490795135
5839,nan,2.656956672668457,inf,3.372447967529297,32.61331558227539
5855,nan,-0.13466985523700714,inf,13.495587348937988,0.004670191090553999
5857,nan,-0.1097809225320816,inf,10.988930702209473,0.6560694575309753
5863,nan,0.18029555678367615,inf,6.096228122711182,8.29161262512207
5907,nan,-0.1723121851682663,inf,7.75075626373291,-0.29851847887039185
5913,nan,0.07276897877454758,inf,5.98634672164917,2.7888286113739014
5943,nan,0.06914535164833069,inf,7.073023319244385,2.9585976600646973
5999,nan,0.003963449038565159,inf,4.902781963348389,9.026595115661621
6036,nan,-0.1348065435886383,inf,16.445125579833984,0.0001358270674245432
6069,nan,-0.1346570998430252,inf,13.301318168640137,-0.0026160539127886295
6092,nan,-0.13451050221920013,inf,15.115880012512207,0.009895944967865944
6130,nan,0.6743563413619995,inf,3.4171180725097656,20.44684410095215
6135,nan,-0.1334051936864853,inf,15.348947525024414,0.09174728393554688
6232,nan,-0.13470439612865448,inf,21.82847023010254,0.006707716267555952
6261,nan,-0.1290813833475113,inf,15.5693998336792,0.14312744140625
6319,nan,-0.1304716169834137,inf,13.265896797180176,0.1747196912765503
6347,nan,-0.08285065740346909,inf,10.807806968688965,0.5494937896728516
6377,nan,-0.12894177436828613,inf,11.704936981201172,0.1267869919538498
6380,nan,-0.13462214171886444,inf,16.22153091430664,0.004730034153908491
6384,nan,-0.13481169939041138,inf,20.845563888549805,1.5735626220703125e-05
6421,nan,-0.1353268176317215,inf,15.58646297454834,-0.012916184030473232
6469,nan,-0.12859748303890228,inf,8.276595115661621,0.33059221506118774
6488,nan,-0.13831540942192078,inf,9.071414947509766,0.17925472557544708
6546,nan,-0.13213513791561127,inf,15.304107666015625,0.029920101165771484
6573,nan,-0.1340828537940979,inf,14.762489318847656,0.013810730539262295
6590,nan,-0.1315423995256424,inf,12.607078552246094,0.07165354490280151
6612,nan,-0.13517925143241882,inf,10.990854263305664,0.07355179637670517
6672,nan,-0.1348101943731308,inf,25.80421257019043,4.425048973644152e-05
6680,nan,-0.038549572229385376,inf,7.292344570159912,2.8415210247039795
6769,nan,-0.1262827068567276,inf,9.632094383239746,0.14372216165065765
6776,nan,-0.08542148023843765,inf,10.501402854919434,1.1190749406814575
6789,nan,-0.1306881308555603,inf,10.70942211151123,0.10995026677846909
6831,nan,-0.12028386443853378,inf,8.876083374023438,0.3527112603187561
6832,nan,1.66256844997406,inf,2.2773590087890625,45.889915466308594
6844,nan,-0.012349684722721577,inf,10.035482406616211,2.4724462032318115
6864,nan,-0.09230615943670273,inf,9.132125854492188,0.275992214679718
6943,nan,-0.0945722684264183,inf,12.374892234802246,0.18381881713867188
6952,nan,-0.009848752990365028,inf,7.0559282302856445,2.7369353771209717
7024,nan,-0.3054318130016327,inf,6.8334527015686035,2.2382469177246094
7047,nan,-0.10579171031713486,inf,7.142116069793701,0.4938790500164032
7071,nan,-0.13097839057445526,inf,10.452364921569824,0.1765931099653244
7089,nan,0.1774020940065384,inf,6.248885154724121,13.781643867492676
7115,nan,0.12060095369815826,inf,7.305530071258545,5.548709392547607
7191,nan,-0.12969531118869781,inf,8.78366756439209,0.21622076630592346
7233,nan,-0.12484639883041382,inf,9.556070327758789,0.30301472544670105
7249,nan,-0.13481220602989197,inf,23.41450309753418,7.629394644936838e-07
7258,nan,-0.13301479816436768,inf,13.466107368469238,0.04452858120203018
7287,nan,-0.134776309132576,inf,17.287487030029297,0.002018547151237726
7418,nan,0.6588004231452942,inf,4.571176052093506,19.202465057373047
7450,nan,-0.12685929238796234,inf,12.513032913208008,0.06087718531489372
7459,nan,-0.14653979241847992,inf,6.7815775871276855,-0.18438386917114258
7464,nan,-0.13480554521083832,inf,24.1616268157959,0.0005451560136862099
7486,nan,-0.13440389931201935,inf,16.351530075073242,0.009066104888916016
7530,nan,-0.1314665526151657,inf,10.884224891662598,0.10187673568725586
7533,nan,-0.13481181859970093,inf,21.6790828704834,9.918213436321821e-06
7548,nan,-0.1342950016260147,inf,12.150318145751953,0.008219480514526367
7624,nan,-0.08429155498743057,inf,6.250637054443359,1.1123470067977905
7693,nan,-0.13478560745716095,inf,17.057910919189453,0.0005916595691815019
7704,nan,-0.1342426836490631,inf,9.059735298156738,0.05265998840332031
7711,nan,-0.09402330964803696,inf,9.315707206726074,0.9229539036750793
7745,nan,-0.1347990483045578,inf,17.420827865600586,0.0005388975259847939
7766,nan,0.31752970814704895,inf,5.570346355438232,10.554651260375977
7825,nan,-0.041397497057914734,inf,9.510114669799805,2.0310349464416504
7867,nan,-0.13386985659599304,inf,15.130058288574219,0.026946544647216797
7931,nan,-0.09364008158445358,inf,5.9008469581604,0.5524901151657104
7944,nan,-0.11063753813505173,inf,6.277947902679443,0.76581871509552
8000,nan,-0.12126290053129196,inf,12.396906852722168,0.9820960164070129
8001,nan,-0.13473394513130188,inf,15.258631706237793,0.004078579135239124
8051,nan,-0.1074347272515297,inf,9.029074668884277,0.6265066266059875
8056,nan,-0.13384194672107697,inf,10.398431777954102,0.0362001433968544
8104,nan,-0.13480781018733978,inf,18.606122970581055,8.440017700195312e-05
8107,nan,0.23091335594654083,inf,5.986299991607666,20.454687118530273
8108,nan,-0.08080023527145386,inf,9.583308219909668,1.334496021270752
8148,nan,-0.13473592698574066,inf,18.36083221435547,0.0019780516158789396
8151,nan,-0.13448373973369598,inf,11.71059513092041,0.011882401071488857
8247,nan,-0.05190783739089966,inf,4.89436674118042,0.15627680718898773
8255,nan,-0.13457833230495453,inf,12.838935852050781,0.015122932381927967
8263,nan,-0.11802535504102707,inf,9.661739349365234,0.3225858807563782
8359,nan,-0.134673073887825,inf,16.646530151367188,0.007981396280229092
8360,nan,-0.13483108580112457,inf,19.19757080078125,-0.00046868325443938375
8426,nan,-0.13480933010578156,inf,21.58724594116211,9.440183930564672e-05
8430,nan,0.024782106280326843,inf,4.479379653930664,4.762058734893799
8431,nan,-0.13357996940612793,inf,13.337213516235352,0.03390178829431534
8433,nan,-0.1338062882423401,inf,12.712889671325684,0.01738147810101509
8596,nan,-0.13481172919273376,inf,20.333932876586914,3.0517578125e-05
8597,nan,0.01217032503336668,inf,6.160838603973389,1.2976112365722656
8629,nan,-0.1345466673374176,inf,17.78944969177246,0.006782567594200373
8632,nan,-0.13480520248413086,inf,15.297171592712402,2.665519787115045e-05
8638,nan,-0.13552914559841156,inf,16.222429275512695,0.006426882930099964
8641,nan,-0.13397787511348724,inf,12.137202262878418,0.029068613424897194
8645,nan,-0.13818849623203278,inf,10.239336967468262,-0.06344728916883469
8681,nan,-0.00653559435158968,inf,6.8483147621154785,5.69868803024292
8695,nan,-0.13481564819812775,inf,20.73551368713379,-0.00012054443504894152
8700,nan,-0.13470867276191711,inf,17.005260467529297,0.002582073211669922
8709,nan,-0.12339848279953003,inf,10.103133201599121,0.12115273624658585
8758,nan,-0.13478629291057587,inf,16.860681533813477,0.0009195327875204384
8813,nan,-0.13483382761478424,inf,14.924234390258789,-0.0004713892994914204
8821,nan,0.10072784870862961,inf,5.011322975158691,6.335456848144531
8823,nan,-0.10476743429899216,inf,9.584933280944824,0.729131281375885
8834,nan,-0.13478688895702362,inf,17.50339698791504,0.00079345703125
8849,nan,-0.1333315521478653,inf,12.67669677734375,0.019548797979950905
8885,nan,-0.04903566837310791,inf,4.160229206085205,5.106225490570068
8891,nan,0.04380156472325325,inf,6.2994585037231445,1.0077604055404663
8897,nan,-0.12488075345754623,inf,10.290376663208008,0.273204505443573
8908,nan,-0.13662442564964294,inf,11.381392478942871,0.0062917801551520824
8912,nan,-0.10632842034101486,inf,9.188780784606934,0.7211160659790039
8991,nan,-0.12527123093605042,inf,12.850638389587402,0.49190422892570496
8996,nan,-0.09085442870855331,inf,9.180400848388672,0.9944087862968445
9015,nan,-0.13342595100402832,inf,10.63265609741211,0.0354442372918129
9027,nan,-0.13393935561180115,inf,11.496617317199707,0.014017149806022644
9078,nan,-0.07744266837835312,inf,9.241050720214844,1.9383243322372437
9111,nan,-0.11105115711688995,inf,9.170419692993164,0.527470052242279
9116,nan,-0.13332323729991913,inf,13.60184383392334,0.020226288586854935
9126,nan,-0.13432452082633972,inf,13.761980056762695,0.014110708609223366
9156,nan,-0.08040962368249893,inf,7.834517955780029,0.5929163098335266
9198,nan,-0.13481225073337555,inf,25.87876319885254,-7.629394644936838e-07
9202,nan,-0.13478593528270721,inf,16.746540069580078,0.0006791591877117753
9231,nan,-0.0005249921232461929,inf,5.443003177642822,4.662804126739502
9264,nan,-0.13332341611385345,inf,14.114588737487793,0.04117889329791069
9337,nan,-0.13480950891971588,inf,23.73520278930664,0.0001885771780507639
9394,nan,-0.13340134918689728,inf,9.148224830627441,0.05297556146979332
9422,nan,1.5481618642807007,inf,3.2528655529022217,22.49323272705078
9475,nan,-0.12143216282129288,inf,9.058122634887695,0.2806987762451172
9489,nan,-0.12229027599096298,inf,9.789237022399902,0.5035256743431091
9495,nan,-0.1206856369972229,inf,9.783215522766113,0.15232768654823303
9510,nan,-0.13481174409389496,inf,22.944963455200195,2.3698807126493193e-05
9516,nan,0.05078091844916344,inf,8.680766105651855,4.66224479675293
9547,nan,-0.1338137984275818,inf,12.70068645477295,0.023666847497224808
9564,nan,0.21413488686084747,inf,4.504573822021484,9.010469436645508
9613,nan,-0.1337231546640396,inf,13.848215103149414,0.08225708454847336
9626,nan,-0.13481222093105316,inf,25.290695190429688,0.0
9650,nan,-0.1347285509109497,inf,18.076091766357422,0.0020929337479174137
9651,nan,-0.13419540226459503,inf,11.28795337677002,0.0105123994871974
9662,nan,0.06390341371297836,inf,5.594817638397217,4.102217197418213
9688,nan,-0.13004305958747864,inf,10.91208267211914,0.28828564286231995
9694,nan,-0.13416434824466705,inf,14.05156135559082,0.012689209543168545
9711,nan,0.43531885743141174,inf,3.617323398590088,12.15678882598877
9763,nan,-0.11969945579767227,inf,7.874025821685791,0.5785509347915649
9836,nan,-0.12128981202840805,inf,9.258540153503418,0.356881707906723
9859,nan,-0.13477689027786255,inf,16.530920028686523,0.0011030196910724044
9873,nan,-0.07718231528997421,inf,11.114200592041016,0.4123210906982422
9887,nan,-0.13487453758716583,inf,17.81459617614746,-0.0012592315906658769
9903,nan,0.006418142002075911,inf,6.449293613433838,3.1243984699249268
9915,nan,-0.13445401191711426,inf,14.230900764465332,0.00700721750035882
10039,nan,-0.00865186657756567,inf,5.91329288482666,4.867995738983154
10049,nan,-0.1347576230764389,inf,18.80659294128418,0.0037799240089952946
10052,nan,-0.1331445574760437,inf,12.161419868469238,0.029619431123137474
10088,nan,-0.13082583248615265,inf,14.421266555786133,0.11482229083776474
10096,nan,-0.13495241105556488,inf,10.483964920043945,0.0035792291164398193
10099,nan,5.177763938903809,inf,1.417183518409729,91.4493179321289
10197,nan,-0.1343737244606018,inf,14.191093444824219,0.011025095358490944
10241,nan,-0.0230118278414011,inf,4.064339637756348,8.12448787689209
10309,nan,-0.13456420600414276,inf,16.458499908447266,0.007977056317031384
10376,nan,0.2637130916118622,inf,5.573089122772217,10.449983596801758
10392,nan,-0.13423272967338562,inf,13.536531448364258,0.012145543470978737
10438,nan,-0.12999872863292694,inf,10.860427856445312,0.053067732602357864
10539,nan,-0.13441281020641327,inf,17.316614151000977,0.023237228393554688
10583,nan,-0.10690690577030182,inf,10.593412399291992,0.264134019613266
10586,nan,0.04673058167099953,inf,7.224605083465576,4.259862422943115
10635,nan,-0.1258530616760254,inf,10.070094108581543,0.14937038719654083
10658,nan,0.09273269772529602,inf,5.727636814117432,2.5451390743255615
10663,nan,-0.11873891204595566,inf,13.718193054199219,0.4069940745830536
10692,nan,-0.08908812701702118,inf,8.646907806396484,2.222944498062134
10764,nan,-0.13131289184093475,inf,10.51401424407959,0.029502391815185547
10777,nan,-0.13436974585056305,inf,7.040463924407959,-0.2868408262729645
10781,nan,0.6864035725593567,inf,5.336414813995361,13.534927368164062
10895,nan,-0.13414494693279266,inf,16.82784080505371,0.01634235493838787
10918,nan,-0.1433388888835907,inf,10.580644607543945,-0.2295665740966797
10937,nan,-0.1304442137479782,inf,17.597169876098633,0.1130126491189003
10986,nan,0.4445820748806,inf,4.951082229614258,19.504947662353516
10994,nan,-0.04006341099739075,inf,6.120471954345703,1.5801187753677368
11010,nan,-0.07722014933824539,inf,9.587882041931152,0.8438929915428162
11013,nan,-0.13445627689361572,inf,18.50635528564453,0.011742591857910156
11109,nan,-0.1324428766965866,inf,11.796674728393555,0.052001953125
11119,nan,-0.09404020756483078,inf,11.665264129638672,1.0493897199630737
11217,nan,-0.13481177389621735,inf,22.547863006591797,2.212524486822076e-05
11302,nan,-0.13463549315929413,inf,15.83777904510498,0.0012557030422613025
11307,nan,-0.13479751348495483,inf,20.616844177246094,0.0007125854608602822
11332,nan,-0.13159766793251038,inf,12.64334774017334,0.2171538919210434
11353,nan,-0.1332201212644577,inf,15.424527168273926,0.012193823233246803
11364,nan,-0.06104433536529541,inf,8.776122093200684,2.6203882694244385
11404,nan,-0.07540231198072433,inf,7.4737067222595215,1.2647485733032227
11414,nan,1.042490839958191,inf,3.0424952507019043,15.85179615020752
11463,nan,-0.1348046362400055,inf,19.44516944885254,0.0005047917366027832
11472,nan,-0.1347423791885376,inf,16.468585968017578,0.0022073269356042147
11475,nan,-0.13466817140579224,inf,15.474871635437012,0.0030838237144052982
11478,nan,-0.12669770419597626,inf,10.519723892211914,0.20495975017547607
11489,nan,0.11322657018899918,inf,3.4325363636016846,2.477041721343994
11537,nan,-0.13468366861343384,inf,15.46446418762207,0.001642513321712613
11547,nan,-0.13480888307094574,inf,18.398550033569336,0.00015544891357421875
11600,nan,-0.1348022073507309,inf,18.02951431274414,0.0007292986265383661
11613,nan,-0.13480804860591888,inf,16.172117233276367,0.00017042159743141383
11624,nan,-0.0841517224907875,inf,10.288330078125,1.204359531402588
11683,nan,-0.07263504713773727,inf,11.340665817260742,1.6055513620376587
11692,nan,1.1170891523361206,inf,3.1948776245117188,28.207189559936523
11738,nan,-0.12620770931243896,inf,8.877782821655273,0.13795916736125946
11748,nan,-0.13481107354164124,inf,20.92828941345215,6.785392906749621e-05
11774,nan,0.046860046684741974,inf,4.592141151428223,3.491107702255249
11794,nan,-0.12032017856836319,inf,14.135475158691406,0.2603849470615387
11820,nan,-0.11212127655744553,inf,7.98358678817749,0.8316372036933899
11827,nan,-0.12782765924930573,inf,14.07768726348877,0.18335233628749847
11831,nan,-0.13484160602092743,inf,17.709692001342773,-0.00013791471428703517
11929,nan,-0.12525710463523865,inf,11.648256301879883,0.28101202845573425
11976,nan,-0.133661687374115,inf,19.509916305541992,0.08163776248693466
11986,nan,-0.10492875427007675,inf,7.6566009521484375,2.3219659328460693
12060,nan,-0.12458042055368423,inf,10.429834365844727,0.12182054668664932
12134,nan,-0.13481120765209198,inf,9.385998725891113,0.06485658138990402
12137,nan,0.23518233001232147,inf,4.98447847366333,10.685723304748535
12166,nan,-0.039678316563367844,inf,4.708419322967529,5.467392921447754
12171,nan,-0.09240484237670898,inf,9.046278953552246,0.554228663444519
12181,nan,-0.1296813040971756,inf,10.89336109161377,0.1115972027182579
12182,nan,-0.045973099768161774,inf,9.965408325195312,2.380030870437622
12191,nan,-0.0071590617299079895,inf,6.700419902801514,2.6436002254486084
12193,nan,-0.13401813805103302,inf,15.734315872192383,0.02400033175945282
12238,nan,-0.06497061252593994,inf,7.706535339355469,1.1989036798477173
12243,nan,-0.0362250842154026,inf,7.862501621246338,2.033060073852539
12254,nan,-0.13476912677288055,inf,14.746005058288574,0.0013194084167480469
12259,nan,-0.13450247049331665,inf,10.211079597473145,0.019311904907226562
12262,nan,-0.1339365690946579,inf,16.46869468688965,0.04986710473895073
12266,nan,-0.13064220547676086,inf,8.781378746032715,0.10626395046710968
12276,nan,-0.13481192290782928,inf,23.722904205322266,1.926422191900201e-05
12304,nan,0.1238824650645256,inf,5.3273820877075195,6.568835735321045
12320,nan,-0.0810505822300911,inf,7.445984840393066,1.2053570747375488
12326,nan,-0.027978822588920593,inf,5.394881725311279,2.3758704662323
12332,nan,-0.13453029096126556,inf,13.905486106872559,0.005343818571418524
12335,nan,-0.11728093773126602,inf,8.969874382019043,0.6975235939025879
12351,nan,-0.1338685005903244,inf,12.557063102722168,0.030550194904208183
12376,nan,-0.1090344786643982,inf,9.121668815612793,0.6042122840881348
12385,nan,-0.1347770392894745,inf,17.81336212158203,0.0008331299177370965
12433,nan,-0.13465061783790588,inf,15.921136856079102,0.004638385958969593
12510,nan,-0.13480859994888306,inf,22.78958511352539,0.00021122694306541234
12540,nan,-0.08306527882814407,inf,7.240058898925781,0.7488362789154053
12557,nan,-0.1346590369939804,inf,14.460965156555176,0.009795928373932838
12574,nan,-0.13479970395565033,inf,24.128097534179688,0.0008724212530069053
12576,nan,-0.134811133146286,inf,18.005094528198242,-5.602836608886719e-05
12665,nan,-0.1377425342798233,inf,10.392928123474121,-0.04526367411017418
12716,nan,-0.08227836340665817,inf,6.347406387329102,1.0450619459152222
12722,nan,-0.13481350243091583,inf,21.588708877563477,-2.9778480893583037e-05
12734,nan,2.5649735927581787,inf,2.0219342708587646,83.85738372802734
12747,nan,-0.13478335738182068,inf,21.425403594970703,0.0020385743118822575
12759,nan,0.08306393772363663,inf,5.076170921325684,4.632883071899414
12768,nan,-0.13481281697750092,inf,24.51405906677246,-1.487731969973538e-05
12916,nan,-0.13320200145244598,inf,16.468278884887695,0.04192924499511719
12938,nan,-0.08869849890470505,inf,6.971595287322998,0.7068098187446594
12949,nan,-0.13247768580913544,inf,11.794894218444824,0.06262626498937607
13001,nan,0.5547868609428406,inf,4.7892889976501465,14.662033081054688
13003,nan,-0.13313497602939606,inf,10.359786987304688,0.0204602237790823
13051,nan,-0.11462073773145676,inf,10.046167373657227,0.30844545364379883
13076,nan,-0.13447263836860657,inf,17.90788459777832,0.02342681959271431
13095,nan,-0.1305258423089981,inf,12.01027774810791,0.10689888149499893
13099,nan,-0.10763505846261978,inf,8.062933921813965,1.0005788803100586
13109,nan,0.483903706073761,inf,4.793816089630127,8.570719718933105
13127,nan,-0.06321253627538681,inf,7.705742835998535,1.9267164468765259
13131,nan,-0.13077044486999512,inf,12.633373260498047,0.10585277527570724
13150,nan,-0.05812838673591614,inf,5.881002902984619,0.9539865851402283
13259,nan,-0.13477455079555511,inf,15.310043334960938,0.00936269760131836
13290,nan,-0.09945329278707504,inf,7.774058818817139,0.24062786996364594
13312,nan,0.23308387398719788,inf,4.642189025878906,2.9459826946258545
13383,nan,-0.11064670234918594,inf,9.522550582885742,0.4244260787963867
13414,nan,0.043639544397592545,inf,7.2835588455200195,4.717863082885742
13432,nan,-0.1334226429462433,inf,14.731770515441895,0.017174268141388893
13436,nan,-0.1348053216934204,inf,19.749418258666992,0.000179290771484375
13441,nan,-0.13464795053005219,inf,12.06006908416748,0.012312316335737705
13450,nan,0.7074400186538696,inf,4.442336559295654,29.77198600769043
13452,nan,-0.10027054697275162,inf,10.55974006652832,0.940830647945404
13501,nan,-0.13468734920024872,inf,15.508417129516602,0.0038564682472497225
13513,nan,-0.13449536263942719,inf,13.53288459777832,0.008044123649597168
13539,nan,-0.13339698314666748,inf,11.482436180114746,0.02504878118634224
13576,nan,-0.1348150223493576,inf,19.67340087890625,0.0003360748232807964
13591,nan,0.5695279836654663,inf,3.450207233428955,12.459973335266113
13593,nan,-0.13058462738990784,inf,9.885961532592773,0.08566134423017502
13594,nan,-0.13420549035072327,inf,14.201888084411621,0.015210297890007496
13610,nan,-0.08730389177799225,inf,14.554875373840332,1.2087563276290894
13682,nan,-0.11727454513311386,inf,8.291418075561523,0.1883724182844162
13722,nan,-0.10056532919406891,inf,8.59765338897705,0.28356727957725525
13733,nan,-0.1347532570362091,inf,15.931182861328125,0.0035598755348473787
13746,nan,-0.13558652997016907,inf,12.647027015686035,-0.01647796668112278
13784,nan,1.585673213005066,inf,2.8578357696533203,38.465641021728516
13790,nan,-0.12314172089099884,inf,10.18138599395752,0.39960822463035583
13829,nan,-0.1313166618347168,inf,4.573318004608154,-1.1918748617172241
13839,nan,-0.11945539712905884,inf,8.435976028442383,0.38148996233940125
13853,nan,-0.13498330116271973,inf,14.696476936340332,-0.005342293065041304
13868,nan,-0.13479332625865936,inf,18.751842498779297,0.0008283138158731163
13884,nan,-0.1347939521074295,inf,17.853120803833008,0.001590728759765625
13973,nan,-0.13467340171337128,inf,14.642572402954102,0.0013833284610882401
14029,nan,-0.1338600367307663,inf,11.788973808288574,0.0122855668887496
14055,nan,-0.13353322446346283,inf,12.75745677947998,0.04883403703570366
14074,nan,0.006839747074991465,inf,5.636693000793457,4.37917947769165
14128,nan,0.10733123868703842,inf,6.289328098297119,4.11359167098999
14143,nan,-0.13439667224884033,inf,12.207951545715332,0.01512765884399414
14158,nan,-0.13240499794483185,inf,4.1323676109313965,3.636474609375
14174,nan,-0.13474686443805695,inf,15.450377464294434,0.0010938644409179688
14210,nan,-0.13431593775749207,inf,13.00830364227295,0.0017855048645287752
14288,nan,-0.13372229039669037,inf,12.810080528259277,0.03033905103802681
14337,nan,-0.13461755216121674,inf,16.625715255737305,0.0024641037452965975
14396,nan,-0.13479231297969818,inf,18.05048179626465,0.0006664276006631553
14442,nan,-0.07895920425653458,inf,8.865296363830566,1.275787353515625
14466,nan,-0.13184760510921478,inf,11.507122993469238,0.08288297802209854
14467,nan,-0.13479545712471008,inf,19.130126953125,0.0010081290965899825
14600,nan,-0.13476797938346863,inf,16.95183753967285,0.0011130452621728182
14677,nan,-0.13462196290493011,inf,13.596219062805176,0.005636024754494429
14708,nan,-0.05144551023840904,inf,7.007674694061279,1.6024388074874878
14716,nan,-0.13475969433784485,inf,13.93077278137207,0.002195668173953891
14801,nan,-0.13479135930538177,inf,18.279943466186523,0.00048313141451217234
14817,nan,1.0014384984970093,inf,3.5918450355529785,23.352102279663086
14847,nan,-0.13473747670650482,inf,18.444686889648438,0.005124390125274658
14917,nan,-0.13455359637737274,inf,12.08300495147705,0.011381149291992188
15017,nan,-0.12985867261886597,inf,12.554705619812012,0.12540583312511444
15090,nan,1.330085039138794,inf,4.693896293640137,19.457393646240234
15101,nan,0.9977001547813416,inf,4.756913661956787,18.952579498291016
15205,nan,-0.13431210815906525,inf,13.065164566040039,0.022225571796298027
15244,nan,0.21176567673683167,inf,4.079661846160889,15.678929328918457
15278,nan,-0.13498742878437042,inf,10.940360069274902,0.00937275867909193
15325,nan,0.1460796445608139,inf,5.27948522567749,8.669036865234375
15385,nan,-0.13451814651489258,inf,11.927191734313965,0.0073703289963305
15396,nan,-0.13354311883449554,inf,11.165546417236328,0.02307739295065403
15468,nan,-0.04916674271225929,inf,7.2724833488464355,1.7627028226852417
15476,nan,-0.13480041921138763,inf,22.23777961730957,0.000938034092541784
15493,nan,-0.13482162356376648,inf,18.089107513427734,-0.00024271011352539062
15608,nan,-0.1348073035478592,inf,24.584627151489258,0.00034780503483489156
15635,nan,-0.13475926220417023,inf,18.61000633239746,0.0013324738247320056
15660,nan,-0.13478992879390717,inf,18.017179489135742,0.0005432605976238847
15676,nan,-0.1347236931324005,inf,17.634214401245117,0.0013669967884197831
15689,nan,-0.12326836585998535,inf,8.009029388427734,0.1906484216451645
15712,nan,-0.0990944430232048,inf,5.926167011260986,1.120008111000061
15716,nan,-0.1304023116827011,inf,12.340699195861816,0.13838544487953186
15730,nan,-0.13481293618679047,inf,21.19929313659668,3.9672853745287284e-05
15732,nan,-0.13478223979473114,inf,16.118547439575195,0.00044841767521575093
15750,nan,-0.12723331153392792,inf,14.729545593261719,0.07342328876256943
15779,nan,-0.13478507101535797,inf,18.624242782592773,0.0007120490190573037
15864,nan,-0.13475088775157928,inf,15.6311616897583,-0.0004634857177734375
15907,nan,-0.12277080118656158,inf,11.033340454101562,0.7600181698799133
15915,nan,0.19818803668022156,inf,4.750871181488037,12.115516662597656
15991,nan,0.1452135294675827,inf,5.3393073081970215,4.825024604797363
16169,nan,0.16879871487617493,inf,5.515954494476318,7.4293694496154785
16188,nan,-0.13292498886585236,inf,11.584785461425781,0.026135683059692383
16218,nan,-0.13481052219867706,inf,13.429618835449219,-0.003442954970523715
16224,nan,0.06112467870116234,inf,4.875372409820557,10.725526809692383
16232,nan,-0.134796142578125,inf,15.356531143188477,0.0003177642938680947
16279,nan,0.03771377354860306,inf,5.762450218200684,2.9761459827423096
16304,nan,-0.13335181772708893,inf,13.865656852722168,0.02905886247754097
16330,nan,-0.1348123401403427,inf,18.966720581054688,2.670288040462765e-06
16363,nan,-0.0803021714091301,inf,7.232370853424072,0.7211076021194458
16378,nan,-0.13454346358776093,inf,13.245475769042969,0.006253397557884455
16395,nan,-0.12459263950586319,inf,10.670123100280762,0.17219124734401703
16409,nan,-0.1337464302778244,inf,10.517191886901855,0.015325975604355335
16426,nan,-0.10042978823184967,inf,9.062676429748535,1.7224620580673218
16448,nan,-0.13481222093105316,inf,37.77193069458008,0.0
16453,nan,-0.13481061160564423,inf,25.819204330444336,0.00011177063424838707
16465,nan,-0.13476119935512543,inf,15.48228645324707,0.0023294449783861637
16467,nan,-0.07376933842897415,inf,7.584535121917725,1.5602030754089355
16496,nan,-0.13480839133262634,inf,22.68214225769043,0.0002681732294149697
16561,nan,-0.13477374613285065,inf,17.19350814819336,0.0009692788007669151
16589,nan,-0.027597147971391678,inf,6.186603546142578,1.733673095703125
16618,nan,-0.12162154912948608,inf,8.9509916305542,0.2136518806219101
16642,nan,0.0990128293633461,inf,7.764510631561279,5.06689977645874
16650,nan,-0.13477125763893127,inf,17.26642417907715,0.0015080630546435714
16652,nan,-0.13478690385818481,inf,17.25136375427246,0.00041065216646529734
16729,nan,1.9151149988174438,inf,3.261843204498291,36.0756950378418
16758,nan,-0.07847770303487778,inf,8.313122749328613,0.8128477931022644
16783,nan,-0.13357679545879364,inf,17.449560165405273,0.0311140064150095
16789,nan,-0.13500511646270752,inf,13.457931518554688,-0.002664721105247736
16792,nan,-0.13303923606872559,inf,13.423158645629883,0.18221206963062286
16804,nan,-0.13480769097805023,inf,18.343311309814453,0.00017309188842773438
16812,nan,-0.10390206426382065,inf,9.816009521484375,0.1974872648715973
16871,nan,-0.13178971409797668,inf,11.19611644744873,0.08204164355993271
16884,nan,-0.13391165435314178,inf,11.067687034606934,0.0163713451474905
16889,nan,-0.07710343599319458,inf,8.45923900604248,1.8593577146530151
16891,nan,-0.1350325495004654,inf,17.58677864074707,-0.006342196371406317
17009,nan,-0.13385072350502014,inf,10.559447288513184,0.03732147440314293
17015,nan,0.18962536752223969,inf,7.807570934295654,14.365495681762695
17049,nan,-0.1234922930598259,inf,10.20398998260498,0.662065863609314
17063,nan,-0.13474027812480927,inf,16.095094680786133,0.0020374716259539127
17067,nan,-0.13397285342216492,inf,11.584582328796387,0.027412114664912224
17082,nan,-0.10690756887197495,inf,13.489320755004883,0.5794052481651306
17102,nan,-0.11317499727010727,inf,8.664237976074219,0.5042555928230286
17109,nan,-0.11553528159856796,inf,15.640353202819824,0.4163331091403961
17131,nan,-0.13442176580429077,inf,12.533515930175781,0.01410675048828125
17152,nan,-0.13481241464614868,inf,22.42031478881836,6.055831818230217e-06
17175,nan,-0.13482952117919922,inf,17.280052185058594,-0.0004243373987264931
17176,nan,-0.13375867903232574,inf,14.277320861816406,0.02190246619284153
17181,nan,-0.09452532976865768,inf,6.76703405380249,0.27480220794677734
17256,nan,-0.13283349573612213,inf,10.466933250427246,0.05175042152404785
17297,nan,-0.12210426479578018,inf,11.01718807220459,0.337051123380661
17298,nan,-0.13120229542255402,inf,9.377628326416016,0.06400241702795029
17300,nan,-0.13476374745368958,inf,14.943964004516602,0.0012429237831383944
17310,nan,-0.1347014605998993,inf,17.78502655029297,0.0013852119445800781
17315,nan,-0.13481071591377258,inf,22.840194702148438,0.00010848045349121094
17316,nan,-0.13485419750213623,inf,13.989877700805664,0.0015195846790447831
17375,nan,-0.0962313711643219,inf,13.2002534866333,0.24350658059120178
17424,nan,0.08511289954185486,inf,5.267883777618408,2.921630620956421
17438,nan,-0.13480469584465027,inf,18.567750930786133,0.0007031440618447959
17546,nan,-0.13480854034423828,inf,18.992610931396484,8.96453857421875e-05
17578,nan,-0.12983177602291107,inf,10.736654281616211,0.12834130227565765
17697,nan,0.27600112557411194,inf,4.604104042053223,8.122697830200195
17711,nan,-0.1344543844461441,inf,15.476702690124512,0.00803146418184042
17725,nan,-0.1346580535173416,inf,14.08185863494873,0.0017756462329998612
17733,nan,-0.13479064404964447,inf,15.932293891906738,0.0008077025413513184
17785,nan,-0.08774299919605255,inf,10.894232749938965,1.1269848346710205
17794,nan,-0.12378155440092087,inf,9.325383186340332,0.23507213592529297
17861,nan,-0.134824737906456,inf,23.200428009033203,-0.00032253266545012593
17973,nan,-0.1345224827528,inf,13.134745597839355,0.002988922642543912
17978,nan,-0.1347888559103012,inf,16.163999557495117,0.0006449222564697266
17983,nan,0.04038141667842865,inf,6.034258842468262,4.22368049621582
18017,nan,1.9145395755767822,inf,3.76581072807312,43.7269287109375
18018,nan,0.12787578999996185,inf,7.888072490692139,10.620091438293457
18049,nan,-0.13480709493160248,inf,19.21722412109375,0.00015478134446311742
18065,nan,-0.018705738708376884,inf,8.392204284667969,0.7051262259483337
18083,nan,-0.10864951461553574,inf,12.130777359008789,0.5298730731010437
18120,nan,1.375409483909607,inf,3.492274522781372,32.41103744506836
18138,nan,-0.13482919335365295,inf,20.00788688659668,-0.00035371779813431203
18146,nan,-0.13432204723358154,inf,16.136985778808594,0.007360649295151234
18158,nan,-0.07649416476488113,inf,7.747297763824463,1.303938627243042
18162,nan,-0.13401737809181213,inf,19.20850944519043,0.00946807861328125
18166,nan,-0.11674179136753082,inf,7.884408473968506,1.1697231531143188
18257,nan,-0.13449743390083313,inf,11.820883750915527,0.0004715919494628906
18329,nan,-0.11383544653654099,inf,8.106205940246582,0.21728697419166565
18383,nan,-0.11291461437940598,inf,12.033907890319824,0.5302683115005493
18398,nan,-0.13479916751384735,inf,20.220121383666992,0.0004409789980854839
18400,nan,-0.13489916920661926,inf,19.291358947753906,-0.0003639221249613911
18411,nan,-0.13440166413784027,inf,14.206872940063477,0.010585904121398926
18452,nan,0.2542538046836853,inf,6.726861476898193,4.939716339111328
18462,nan,-0.13228999078273773,inf,15.094050407409668,0.015114212408661842
18523,nan,0.11650776863098145,inf,5.872352123260498,5.063625335693359
18527,nan,-0.13462328910827637,inf,11.98073673248291,0.010005712509155273
18586,nan,-0.1346912682056427,inf,12.815879821777344,0.009270668029785156
18713,nan,0.02059136889874935,inf,9.014554023742676,1.005393624305725
18721,nan,-0.12834389507770538,inf,17.968456268310547,0.4329662322998047
18774,nan,-0.12293801456689835,inf,11.158953666687012,0.2897427976131439
18806,nan,-0.13477151095867157,inf,17.570465087890625,0.0032207488548010588
18831,nan,-0.1344209760427475,inf,14.637738227844238,0.010419845581054688
18852,nan,-0.13452410697937012,inf,14.354782104492188,0.006851577665656805
18903,nan,-0.1347324699163437,inf,14.364468574523926,0.0031088830437511206
18906,nan,0.604826807975769,inf,4.370748043060303,17.5642032623291
18912,nan,-0.12849372625350952,inf,10.753565788269043,0.17113061249256134
18924,nan,0.7654653787612915,inf,4.447206020355225,11.407021522521973
19006,nan,-0.12272059172391891,inf,10.41486644744873,0.3295455873012543
19034,nan,-0.13362522423267365,inf,10.885736465454102,0.05050954967737198
19035,nan,-0.13481202721595764,inf,23.3836727142334,1.659393274167087e-05
19084,nan,-0.13481204211711884,inf,19.455829620361328,1.2135506040067412e-05
19124,nan,-0.12930206954479218,inf,13.238879203796387,0.1403927057981491
19187,nan,0.22642819583415985,inf,6.344481945037842,7.669816017150879
19206,nan,-0.1338520646095276,inf,16.078472137451172,0.031941723078489304
19238,nan,-0.13476769626140594,inf,17.302928924560547,0.0011780739296227694
19245,nan,-0.13459065556526184,inf,18.21291160583496,0.015408373437821865
19298,nan,-0.12732379138469696,inf,11.792402267456055,0.380383163690567
19304,nan,0.09720741212368011,inf,5.569962978363037,4.141508102416992
19309,nan,-0.09661658853292465,inf,9.759490013122559,0.973159909248352
19365,nan,-0.1341857761144638,inf,13.68500804901123,0.0179800633341074
19375,nan,-0.1338050216436386,inf,11.025288581848145,0.032799746841192245
19398,nan,-0.1346830278635025,inf,16.688980102539062,0.005573082249611616
19446,nan,0.09753745049238205,inf,6.048801422119141,6.12875509262085
19453,nan,-0.1329520344734192,inf,10.709466934204102,0.043477632105350494
19472,nan,-0.13217930495738983,inf,9.485504150390625,0.10058432072401047
19496,nan,-0.1330334097146988,inf,12.543912887573242,0.0663638636469841
19533,nan,-0.1347866952419281,inf,16.24616813659668,0.0010338783031329513
19541,nan,1.1179097890853882,inf,2.6485049724578857,10.367999076843262
19559,nan,-0.11493045091629028,inf,10.01672077178955,0.28968390822410583
19596,nan,-0.11992456018924713,inf,10.559341430664062,0.25611719489097595
19603,nan,-0.13446883857250214,inf,15.365157127380371,0.009657980874180794
19611,nan,-0.1327076405286789,inf,13.1179780960083,0.05664653703570366
19742,nan,-0.1347743570804596,inf,16.129892349243164,0.0008748054387979209
19767,nan,-0.13216547667980194,inf,11.182981491088867,0.06628131866455078
19825,nan,-0.1346665769815445,inf,12.38125991821289,0.002042627427726984
19831,nan,-0.12929044663906097,inf,8.967907905578613,0.09748630970716476
19883,nan,-0.13175256550312042,inf,14.461970329284668,0.06005516275763512
19896,nan,-0.14447201788425446,inf,10.49047565460205,-0.14263878762722015
19992,nan,-0.13656851649284363,inf,9.679617881774902,0.04069248586893082
20002,nan,-0.13480965793132782,inf,19.773426055908203,0.0001047134428517893
20006,nan,0.3607648015022278,inf,4.397281169891357,11.076476097106934
20007,nan,-0.12130092829465866,inf,9.982786178588867,0.23469209671020508
20035,nan,-0.11651846021413803,inf,12.765978813171387,0.10386329144239426
20037,nan,-0.1350928544998169,inf,13.657243728637695,0.008805847726762295
20039,nan,-0.13354812562465668,inf,14.227371215820312,0.04980840906500816
20063,nan,-0.13238778710365295,inf,12.320783615112305,0.10801038891077042
20098,nan,0.2724083960056305,inf,6.585261821746826,8.93607234954834
20110,nan,0.13099664449691772,inf,5.624603748321533,9.453239440917969
20125,nan,-0.009182212874293327,inf,5.893649578094482,3.9426681995391846
20130,nan,-0.134907066822052,inf,15.49753475189209,-0.0013587952125817537
20190,nan,0.8082001805305481,inf,3.087054967880249,25.77097511291504
20201,nan,-0.13103872537612915,inf,16.645559310913086,0.02725677564740181
20263,nan,-0.12622013688087463,inf,10.556914329528809,0.29926201701164246
20308,nan,-0.13437174260616302,inf,14.408957481384277,0.0044397651217877865
20347,nan,0.6931681036949158,inf,4.605823993682861,17.648147583007812
20396,nan,-0.13467758893966675,inf,15.952722549438477,0.005060097668319941
20410,nan,-0.13475407660007477,inf,16.298566818237305,0.0015219033230096102
20448,nan,-0.13478749990463257,inf,19.89186668395996,0.0017913341289386153
20459,nan,-0.12422491610050201,inf,10.488741874694824,0.2614956200122833
20466,nan,-0.13381235301494598,inf,15.560953140258789,0.06893064081668854
20494,nan,-0.12770800292491913,inf,12.780658721923828,0.1776595115661621
20553,nan,-0.1391250640153885,inf,9.745972633361816,-0.10943975299596786
20566,nan,-0.1340714693069458,inf,11.99985122680664,0.013885688968002796
20589,nan,-0.1348111927509308,inf,20.43857765197754,0.000181102761416696
20612,nan,2.3421742916107178,inf,3.140745162963867,40.818214416503906
20615,nan,-0.13463355600833893,inf,14.496004104614258,0.008566773496568203
20630,nan,0.5023213028907776,inf,3.566587448120117,26.535825729370117
20635,nan,-0.10393323004245758,inf,7.1269707679748535,0.4249825179576874
20660,nan,-0.11163926124572754,inf,11.060835838317871,0.2706032395362854
20666,nan,-0.1366323083639145,inf,16.53289794921875,-0.23608779907226562
20718,nan,-0.11110763996839523,inf,7.3482208251953125,0.6224117875099182
20748,nan,-0.13400769233703613,inf,14.06029987335205,0.04572737216949463
20775,nan,-0.10725843906402588,inf,4.690097808837891,4.981424808502197
20850,nan,-0.11942789703607559,inf,10.107733726501465,0.3691001534461975
20854,nan,-0.13436979055404663,inf,13.09715461730957,0.01564769819378853
20859,nan,-0.03761754557490349,inf,8.472142219543457,1.8480656147003174
20860,nan,-0.13440264761447906,inf,14.154797554016113,0.013917780481278896
20863,nan,-0.13409559428691864,inf,11.45913314819336,0.015510844998061657
20867,nan,-0.13481293618679047,inf,15.345680236816406,0.0008479952812194824
20901,nan,-0.11569946259260178,inf,9.048148155212402,0.08828134834766388
20913,nan,-0.13480280339717865,inf,19.75205421447754,0.00024337768263649195
20944,nan,-0.1299096792936325,inf,8.720267295837402,0.08009994029998779
21062,nan,-0.13346682488918304,inf,16.545120239257812,0.09502582997083664
21075,nan,-0.014150897040963173,inf,6.266907215118408,3.5861802101135254
21079,nan,-0.13481007516384125,inf,22.668733596801758,6.790161569369957e-05
21095,nan,-0.14822331070899963,inf,5.08251428604126,-1.0227574110031128
21133,nan,-0.13474461436271667,inf,16.126184463500977,0.003145408583804965
21135,nan,-0.13493363559246063,inf,13.987425804138184,-0.0015339971287176013
21155,nan,-0.07784204930067062,inf,6.074517726898193,1.0097506046295166
21164,nan,-0.09883876889944077,inf,8.472975730895996,0.6666274070739746
21165,nan,0.019418634474277496,inf,6.8893914222717285,4.743082046508789
21219,nan,-0.13480684161186218,inf,19.631622314453125,0.0003452778037171811
21250,nan,-0.13476242125034332,inf,14.651965141296387,0.0028859616722911596
21311,nan,-0.1304740160703659,inf,12.413143157958984,0.10889597237110138
21316,nan,-0.05477870628237724,inf,6.549375057220459,2.335949420928955
21403,nan,-0.13339510560035706,inf,10.911627769470215,0.013035393320024014
21433,nan,-0.13318753242492676,inf,16.127225875854492,0.04116706922650337
21522,nan,-0.13481222093105316,inf,29.233062744140625,0.0
21564,nan,0.595193088054657,inf,4.783334732055664,15.793533325195312
21602,nan,-0.058370161801576614,inf,6.258666038513184,1.510786533355713
21604,nan,-0.13107703626155853,inf,9.850143432617188,0.08224010467529297
21666,nan,-0.13445228338241577,inf,17.74833106994629,0.009424591436982155
21706,nan,-0.13496530055999756,inf,16.248464584350586,-0.0034986615646630526
21757,nan,0.26894325017929077,inf,7.272552013397217,9.467062950134277
21805,nan,-0.1348378211259842,inf,18.922229766845703,-0.000523686408996582
21815,nan,-0.0565561018884182,inf,6.91839599609375,1.4717180728912354
21829,nan,-0.03096594288945198,inf,7.202450752258301,2.0616207122802734
21835,nan,-0.1340993046760559,inf,13.742655754089355,0.017720794305205345
21850,nan,-0.1344231814146042,inf,12.973971366882324,0.008831691928207874
21853,nan,1.0909149646759033,inf,3.114678144454956,24.163681030273438
21890,nan,-0.1343950480222702,inf,13.301152229309082,0.011034584604203701
21916,nan,-0.13400326669216156,inf,8.881407737731934,0.15736941993236542
21952,nan,-0.13481661677360535,inf,18.8701229095459,-0.00010948181443382055
22012,nan,-0.11730141937732697,inf,8.793692588806152,0.43903252482414246
22037,nan,-0.13366475701332092,inf,14.189600944519043,0.05098581314086914
22045,nan,-0.1353624165058136,inf,12.858194351196289,-0.014315003529191017
22050,nan,-0.0796724334359169,inf,8.744037628173828,1.2523717880249023
22097,nan,-0.1331464946269989,inf,12.093727111816406,0.03111853636801243
22109,nan,-0.13208448886871338,inf,9.686774253845215,0.02800159528851509
22248,nan,-0.13420544564723969,inf,13.178934097290039,0.023338794708251953
22254,nan,-0.13223682343959808,inf,15.388925552368164,0.06675396114587784
22274,nan,-0.10433649271726608,inf,9.453695297241211,0.3256104290485382
22363,nan,-0.04019881412386894,inf,6.339791774749756,1.8456707000732422
22385,nan,-0.13481073081493378,inf,19.438535690307617,3.948211815441027e-05
22421,nan,-0.08287453651428223,inf,8.702518463134766,1.6407346725463867
22446,nan,-0.13153664767742157,inf,12.22751522064209,0.06163540109992027
22458,nan,-0.1028195172548294,inf,7.581577301025391,0.37548136711120605
22475,nan,-0.13336633145809174,inf,12.276179313659668,0.036826372146606445
22490,nan,-0.13486285507678986,inf,15.628775596618652,-0.001195287681184709
22523,nan,-0.13444438576698303,inf,14.14618968963623,0.012140179052948952
22530,nan,-0.13481180369853973,inf,21.55954360961914,3.223419116693549e-05
22587,nan,-0.1348109394311905,inf,20.515039443969727,8.604526374256238e-05
22696,nan,-0.07827483862638474,inf,8.03635311126709,0.6299260258674622
22702,nan,0.29806801676750183,inf,6.986240386962891,1.6380869150161743
22706,nan,-0.133844792842865,inf,12.810172080993652,0.0542597770690918
22754,nan,0.11400105059146881,inf,5.454553604125977,6.609283447265625
22773,nan,-0.13477478921413422,inf,18.592618942260742,0.001086115837097168
22778,nan,-0.1348707526922226,inf,17.219589233398438,-0.0012505054473876953
22839,nan,-0.13481222093105316,inf,24.258514404296875,-7.718801384726248e-07
22872,nan,0.034143611788749695,inf,5.605033874511719,2.685702085494995
22881,nan,-0.14897520840168,inf,9.166732788085938,0.09842419624328613
22901,nan,-0.09852799773216248,inf,7.212179660797119,0.9548012018203735
22909,nan,-0.04589424654841423,inf,7.582798004150391,1.8806663751602173
22926,nan,0.0966804102063179,inf,7.7281928062438965,3.6026322841644287
22983,nan,-0.12180645763874054,inf,8.399846076965332,0.2897437810897827
23022,nan,-0.10340441763401031,inf,8.314865112304688,0.8303605914115906
23037,nan,-0.13247519731521606,inf,10.278820991516113,0.039864469319581985
23088,nan,0.03905193880200386,inf,6.7039690017700195,2.1531150341033936
23093,nan,-0.1258312165737152,inf,15.817558288574219,0.0355825200676918
23127,nan,-0.12693729996681213,inf,9.22480297088623,0.20599234104156494
23150,nan,-0.1330072283744812,inf,17.3632755279541,0.04106616973876953
23180,nan,-0.13464008271694183,inf,11.608243942260742,0.006576252169907093
23183,nan,-0.09615553915500641,inf,11.42691707611084,0.3152671754360199
23250,nan,-0.09785401821136475,inf,7.695361614227295,0.9005380868911743
23304,nan,-0.13175247609615326,inf,15.600374221801758,0.07655411213636398
23305,nan,-0.13420352339744568,inf,16.156652450561523,0.020253563299775124
23308,nan,-0.13172277808189392,inf,11.1537504196167,0.19746501743793488
23321,nan,0.20980672538280487,inf,6.15042781829834,11.292719841003418
23346,nan,-0.06777314841747284,inf,6.557961463928223,2.979483127593994
23362,nan,0.17620588839054108,inf,6.396633625030518,5.678468704223633
23405,nan,-0.11218570917844772,inf,9.877833366394043,0.23134012520313263
23409,nan,-0.13463063538074493,inf,16.169937133789062,0.005966472905129194
23430,nan,-0.0525582917034626,inf,6.527366638183594,1.5191653966903687
23488,nan,-0.12807698547840118,inf,11.580977439880371,0.18422691524028778
23506,nan,-0.11750876903533936,inf,13.141173362731934,0.1251746267080307
23590,nan,-0.08221407979726791,inf,10.54233455657959,0.5747833847999573
23641,nan,0.026420388370752335,inf,10.151150703430176,2.983424663543701
23675,nan,-0.1344916969537735,inf,15.816858291625977,0.008180302567780018
23791,nan,-0.09715528786182404,inf,10.428706169128418,1.0744996070861816
23802,nan,-0.1348111480474472,inf,20.86686134338379,2.9373170036706142e-05
23804,nan,-0.13475507497787476,inf,16.862213134765625,0.002528810640797019
23819,nan,-0.13170726597309113,inf,12.68622875213623,0.0773085355758667
23837,nan,-0.1350575089454651,inf,18.485477447509766,-0.020943451672792435
23866,nan,-0.1340000480413437,inf,13.133624076843262,0.018966948613524437
23884,nan,-0.13421308994293213,inf,13.722834587097168,0.010981345549225807
23885,nan,-0.13482791185379028,inf,17.10070037841797,0.001224905252456665
23925,nan,-0.13480864465236664,inf,22.94722557067871,0.00024337768263649195
23951,nan,-0.1347663700580597,inf,14.178009033203125,0.004514980595558882
23956,nan,-0.16028673946857452,inf,6.223710536956787,0.2790706753730774
23975,nan,-0.13398227095603943,inf,11.141692161560059,0.012702370062470436
24014,nan,0.4089931547641754,inf,6.822618007659912,12.561585426330566
24018,nan,0.9417986273765564,inf,2.9679410457611084,27.003347396850586
24027,nan,-0.13160179555416107,inf,10.920524597167969,0.10351762920618057
24038,nan,-0.13090203702449799,inf,10.054259300231934,0.07309608906507492
24072,nan,-0.129555344581604,inf,16.814884185791016,0.3713650703430176
24087,nan,-0.1295757293701172,inf,10.2277250289917,0.1277112066745758
24145,nan,0.5258927345275879,inf,4.0215840339660645,9.17198371887207
24146,nan,-0.12039119005203247,inf,7.880351543426514,0.2615763247013092
24204,nan,-0.12279893457889557,inf,10.692591667175293,0.29365283250808716
24211,nan,-0.1277884691953659,inf,14.441327095031738,0.19086742401123047
24227,nan,-0.13479171693325043,inf,18.638370513916016,0.0012757302029058337
24234,nan,-0.13174813985824585,inf,14.042512893676758,0.0938134714961052
24266,nan,0.06017204001545906,inf,7.014294624328613,2.7868869304656982
24281,nan,-0.13425621390342712,inf,12.246149063110352,0.007423752453178167
24285,nan,3.822969436645508,inf,3.0108730792999268,62.20064163208008
24302,nan,-0.1241835504770279,inf,10.258848190307617,0.08909416198730469
24307,nan,0.3597854673862457,inf,6.251587867736816,6.296937465667725
24316,nan,-0.13474975526332855,inf,17.098600387573242,0.004440117161720991
24324,nan,-0.1347874402999878,inf,18.88405990600586,0.0008028268930502236
24349,nan,-0.13482265174388885,inf,22.03143310546875,0.0001686334580881521
24404,nan,-0.10448435693979263,inf,8.797675132751465,1.1626795530319214
24486,nan,-0.13432085514068604,inf,13.251190185546875,0.020025992766022682
24487,nan,-0.13313166797161102,inf,11.298299789428711,0.04646364599466324
24495,nan,-0.13481245934963226,inf,19.85552978515625,3.0231476557673886e-05
24519,nan,-0.13057799637317657,inf,10.549132347106934,0.056448794901371
24527,nan,-0.1282147318124771,inf,14.586714744567871,0.16850034892559052
24538,nan,-0.13762010633945465,inf,12.23682975769043,-0.025250911712646484
24552,nan,-0.13633733987808228,inf,14.924880027770996,-0.039736222475767136
24590,nan,-0.1197013258934021,inf,8.564468383789062,0.32713350653648376
24605,nan,-0.13483864068984985,inf,13.978889465332031,-0.0009001970174722373
24606,nan,-0.13481226563453674,inf,19.770248413085938,3.5762786865234375e-06
24609,nan,-0.11686848849058151,inf,11.310511589050293,0.13114707171916962
24634,nan,0.3271370232105255,inf,4.841833114624023,8.614509582519531
24636,nan,0.015678646042943,inf,7.948462963104248,3.301983594894409
24637,nan,-0.13480016589164734,inf,17.716581344604492,0.00020141601271461695
24642,nan,-0.11580248177051544,inf,7.001527309417725,0.5721553564071655
24659,nan,-0.1346060335636139,inf,16.038663864135742,0.007078337948769331
24674,nan,-0.13475292921066284,inf,15.34479808807373,0.001646328018978238
24693,nan,-0.12620289623737335,inf,9.687289237976074,0.1349559873342514
24767,nan,-0.1337515413761139,inf,11.233928680419922,0.017011165618896484
24779,nan,-0.09860505908727646,inf,9.464214324951172,0.8210967183113098
24780,nan,-0.13458822667598724,inf,12.704268455505371,0.003489947412163019
24798,nan,-0.08258464187383652,inf,7.972960948944092,0.3752574920654297
24814,nan,-0.11920219659805298,inf,9.643948554992676,0.23067794740200043
24816,nan,-0.14589691162109375,inf,16.171377182006836,-0.28820323944091797
24858,nan,-0.04666655510663986,inf,9.226777076721191,5.270638942718506
24863,nan,-0.13413582742214203,inf,9.7484769821167,0.021580904722213745
24894,nan,-0.12241804599761963,inf,10.631730079650879,0.3993682861328125
24944,nan,-0.1347724050283432,inf,17.170860290527344,0.0009179115295410156
24951,nan,0.0746743381023407,inf,5.694519996643066,2.5285096168518066
24956,nan,-0.1730184108018875,inf,7.843984127044678,-0.7508384585380554
24967,nan,-0.13460804522037506,inf,13.497153282165527,0.006360817234963179
25048,nan,-0.07168888300657272,inf,5.852065086364746,1.1909629106521606
25072,nan,-0.13220807909965515,inf,8.818656921386719,0.09552460163831711
25080,nan,-0.13276810944080353,inf,13.714398384094238,0.05280456691980362
25192,nan,-0.141535684466362,inf,8.566781997680664,0.9195091128349304
25203,nan,-0.13496920466423035,inf,10.136183738708496,0.01376419048756361
25204,nan,-0.13530056178569794,inf,11.100662231445312,-0.0018262863159179688
25267,nan,-0.13480089604854584,inf,26.472476959228516,0.0008026123396120965
25291,nan,-0.10457350313663483,inf,10.370976448059082,0.6422868967056274
25319,nan,-0.10362780094146729,inf,7.9678053855896,0.8800018429756165
25324,nan,-0.13476069271564484,inf,19.95777130126953,0.0029630661010742188
25333,nan,-0.1347648948431015,inf,18.22234344482422,0.003575587412342429
25339,nan,5.428600788116455,inf,0.2214922159910202,123.8304672241211
25351,nan,-0.13380517065525055,inf,14.711377143859863,0.009819221682846546
25373,nan,-0.13471762835979462,inf,15.387410163879395,0.004159986972808838
25388,nan,-0.10491899400949478,inf,12.903816223144531,0.5056812167167664
25402,nan,-0.131443053483963,inf,11.325339317321777,0.08096234500408173
25412,nan,-0.07534634321928024,inf,8.89521312713623,3.688647508621216
25423,nan,-0.09663204848766327,inf,8.861830711364746,1.1502437591552734
25439,nan,-0.0025172911118716,inf,7.7282257080078125,4.472596168518066
25441,nan,-0.1347128003835678,inf,17.07381820678711,0.003606557846069336
25478,nan,-0.1347488909959793,inf,16.254011154174805,0.003064918564632535
25545,nan,-0.13358019292354584,inf,12.709185600280762,0.009908581152558327
25581,nan,-0.1084091067314148,inf,9.7083158493042,1.121627688407898
25598,nan,-0.13091465830802917,inf,9.4500150680542,0.14293308556079865
25635,nan,-0.1053476333618164,inf,8.335009574890137,0.6119503378868103
25645,nan,-0.13464543223381042,inf,15.78166675567627,0.003918790724128485
25689,nan,-0.13481228053569794,inf,24.114519119262695,8.39233416627394e-06
25706,nan,-0.13479679822921753,inf,16.56908416748047,0.00010557175119174644
25794,nan,-0.06089666113257408,inf,8.553353309631348,2.0579993724823
25857,nan,-0.1390351504087448,inf,9.008814811706543,-0.21372173726558685
25875,nan,-0.13343118131160736,inf,10.192145347595215,0.04388284683227539
25895,nan,-0.1281452625989914,inf,7.687077522277832,0.3877865970134735
25897,nan,0.4070797860622406,inf,5.793035507202148,11.541885375976562
25956,nan,0.8079336285591125,inf,3.752918004989624,19.571950912475586
25965,nan,-0.061546649783849716,inf,5.885056495666504,1.3450828790664673
25998,nan,0.16576939821243286,inf,5.426570415496826,6.384119987487793
26025,nan,-0.13337217271327972,inf,9.049725532531738,0.015209007076919079
26056,nan,-0.13228556513786316,inf,12.073792457580566,0.06162414699792862
26113,nan,0.4197196066379547,inf,4.774876117706299,9.260578155517578
26162,nan,-0.13397575914859772,inf,13.35435962677002,0.03247890621423721
26188,nan,-0.08054109662771225,inf,8.587369918823242,0.6805429458618164
26194,nan,-0.1331709623336792,inf,11.95970344543457,0.05188408121466637
26210,nan,0.9336664080619812,inf,3.8365089893341064,19.08443260192871
26211,nan,-0.13481073081493378,inf,19.54354476928711,3.075599670410156e-05
26238,nan,-0.0543997697532177,inf,10.43709945678711,0.5765450596809387
26274,nan,-0.1348031759262085,inf,21.686405181884766,0.0006514072301797569
26276,nan,-0.13342316448688507,inf,17.07221031188965,0.09527130424976349
26337,nan,-0.13468734920024872,inf,15.462106704711914,0.0019525528186932206
26346,nan,-0.12767288088798523,inf,12.19086742401123,0.3613448739051819
26359,nan,-0.1342410296201706,inf,13.145914077758789,0.012251853942871094
26386,nan,-0.11102139949798584,inf,10.88903522491455,0.3833548128604889
26398,nan,-0.14685335755348206,inf,7.991307735443115,0.35244712233543396
26408,nan,-0.13148947060108185,inf,10.864334106445312,0.07606878131628036
26425,nan,0.35464152693748474,inf,4.90880823135376,10.787003517150879
26522,nan,0.3978371322154999,inf,4.645451545715332,9.882101058959961
26543,nan,-0.12495968490839005,inf,10.533456802368164,0.14651861786842346
26615,nan,-0.13481217622756958,inf,21.951017379760742,-6.258487701416016e-06
26617,nan,-0.1345684677362442,inf,17.21851921081543,0.006843662355095148
26645,nan,-0.13480886816978455,inf,18.65285301208496,0.0001255035458598286
26718,nan,-0.13479292392730713,inf,15.003302574157715,0.0011713028652593493
26762,nan,-0.13479648530483246,inf,14.912039756774902,0.0003342628479003906
26767,nan,-0.13479197025299072,inf,15.455451965332031,0.0009531021350994706
26835,nan,-0.028961515054106712,inf,5.300525665283203,2.863645315170288
26839,nan,-0.13481222093105316,inf,37.03513717651367,0.0
26853,nan,-0.13082155585289001,inf,13.084965705871582,0.09822734445333481
26869,nan,-0.04244245961308479,inf,4.756350040435791,1.7610710859298706
26879,nan,-0.13480818271636963,inf,21.72711181640625,0.00020489096641540527
26880,nan,-0.13105842471122742,inf,9.53445053100586,0.13908158242702484
26894,nan,-0.05416107922792435,inf,5.630401611328125,1.4725638628005981
26902,nan,-0.13474144041538239,inf,14.91351318359375,0.0014630317455157638
27009,nan,-0.1347980797290802,inf,19.41786003112793,0.0009681701776571572
27015,nan,-0.04939905181527138,inf,8.802102088928223,0.8328517079353333
27026,nan,-0.07463162392377853,inf,7.061477184295654,1.2610849142074585
27029,nan,-0.13475222885608673,inf,15.986480712890625,0.0015527248615399003
27165,nan,-0.13257046043872833,inf,12.657557487487793,0.03375188633799553
27236,nan,-0.13481204211711884,inf,20.383169174194336,5.34653690920095e-06
27280,nan,-0.13417446613311768,inf,21.14472198486328,0.014490032568573952
27281,nan,-0.13407360017299652,inf,14.196382522583008,0.010710111819207668
27282,nan,-0.10991957038640976,inf,6.041025161743164,0.7321926355361938
27290,nan,-0.08481890708208084,inf,6.876745700836182,1.1307011842727661
27302,nan,-0.12799909710884094,inf,14.243708610534668,0.1761176884174347
27339,nan,-0.13471804559230804,inf,22.4500789642334,0.0025530101265758276
27358,nan,0.26013994216918945,inf,4.777315616607666,7.773419380187988
27375,nan,0.10788533836603165,inf,7.966989994049072,6.14105749130249
27434,nan,-0.12825219333171844,inf,7.148584842681885,0.18552963435649872
27493,nan,-0.13474878668785095,inf,13.782856941223145,0.002413171576336026
27500,nan,-0.13393932580947876,inf,15.852328300476074,0.008441544137895107
27530,nan,-0.13274657726287842,inf,14.928006172180176,0.05214477702975273
27547,nan,-0.13472382724285126,inf,14.975418090820312,0.0033468722831457853
27596,nan,-0.1348116248846054,inf,22.869787216186523,1.2421608516888227e-05
27618,nan,-0.13204070925712585,inf,15.685879707336426,0.097747802734375
27620,nan,0.16655801236629486,inf,5.6359100341796875,5.140069484710693
27708,nan,-0.12636606395244598,inf,13.555663108825684,0.27765846252441406
27736,nan,-0.04503015801310539,inf,11.045262336730957,5.7660441398620605
27743,nan,-0.13438722491264343,inf,13.163530349731445,0.010939371772110462
27765,nan,-0.13428430259227753,inf,13.392743110656738,0.016718102619051933
27766,nan,0.3958486318588257,inf,5.383315086364746,7.987158298492432
27829,nan,-0.12032171338796616,inf,7.2725725173950195,0.38188818097114563
27846,nan,-0.1348116099834442,inf,21.305004119873047,2.0229816072969697e-05
27865,nan,0.2227058857679367,inf,6.335134983062744,15.099159240722656
27871,nan,0.22598576545715332,inf,5.9884185791015625,7.632033824920654
27872,nan,-0.07570230215787888,inf,8.71332836151123,1.465736746788025
27905,nan,-0.1332961469888687,inf,11.052508354187012,0.03670560196042061
27907,nan,-0.1345948427915573,inf,18.37784194946289,0.005589294712990522
27935,nan,-0.07645028829574585,inf,7.20916223526001,1.9759289026260376
27946,nan,-0.1326347142457962,inf,8.752361297607422,0.32468605041503906
28032,nan,-0.1313627064228058,inf,8.285052299499512,0.1138288751244545
28059,nan,-0.027023006230592728,inf,6.420241832733154,0.6950206160545349
28088,nan,-0.130248561501503,inf,9.464422225952148,0.10504703968763351
28157,nan,-0.12869876623153687,inf,9.916718482971191,0.14105302095413208
28159,nan,-0.13505421578884125,inf,18.917387008666992,-0.006136608310043812
28231,nan,-0.13456858694553375,inf,17.218244552612305,0.005587399005889893
28235,nan,-0.12804058194160461,inf,11.7625093460083,0.1417049914598465
28236,nan,-0.07781299203634262,inf,8.592439651489258,2.116431951522827
28249,nan,0.4086131155490875,inf,4.244639873504639,8.18282699584961
28303,nan,-0.13460825383663177,inf,14.872283935546875,0.0056410073302686214
28332,nan,0.03682790696620941,inf,9.141623497009277,3.679536819458008
28338,nan,-0.12576906383037567,inf,7.091403484344482,0.4062938690185547
28392,nan,-0.13484489917755127,inf,12.195024490356445,0.004854226019233465
28460,nan,-0.041854191571474075,inf,13.293173789978027,2.393364429473877
28482,nan,-0.09732562303543091,inf,7.731372833251953,0.6134877800941467
28511,nan,-0.10094457864761353,inf,9.86435604095459,0.8354436159133911
28512,nan,0.07686217874288559,inf,4.638037204742432,9.459477424621582
28596,nan,-0.10879021883010864,inf,8.33912181854248,0.38840827345848083
28637,nan,-0.11529938131570816,inf,10.9527587890625,0.5198494791984558
28690,nan,0.4161747992038727,inf,4.780555725097656,18.62059211730957
28711,nan,-0.1237998828291893,inf,10.200705528259277,0.2062607854604721
28714,nan,-0.12385188788175583,inf,10.625991821289062,0.24415068328380585
28733,nan,-0.03998594358563423,inf,8.821921348571777,0.6563810706138611
28881,nan,-0.1343391239643097,inf,12.166247367858887,0.018099356442689896
28890,nan,-0.1348094940185547,inf,19.662687301635742,0.0001655578671488911
28933,nan,-0.1481192260980606,inf,8.306645393371582,-0.03494634851813316
28950,nan,-0.13480578362941742,inf,21.48373794555664,0.0002633094845805317
28960,nan,-0.13482658565044403,inf,19.071950912475586,-0.0003581047058105469
28964,nan,-0.12972961366176605,inf,11.527091026306152,0.08419018238782883
29010,nan,-0.13479988276958466,inf,17.900449752807617,0.0005608559004031122
29019,nan,-0.1332201212644577,inf,13.3470458984375,0.041015539318323135
29058,nan,-0.1306115686893463,inf,10.157318115234375,0.19058923423290253
29079,nan,2.7519290447235107,inf,1.5311226844787598,52.42692947387695
29100,nan,-0.15113875269889832,inf,8.209534645080566,-0.32027122378349304
29110,nan,-0.13480760157108307,inf,23.475893020629883,0.00033464431180618703
29176,nan,-0.13460171222686768,inf,11.93191146850586,-0.00387744908221066
29203,nan,-0.13479076325893402,inf,17.035470962524414,0.0011278152232989669
29218,nan,-0.13476955890655518,inf,16.297252655029297,0.0015713333850726485
29221,nan,-0.029388034716248512,inf,5.70601749420166,2.138051986694336
29381,nan,0.9258273243904114,inf,5.2119832038879395,41.039485931396484
29432,nan,-0.13464729487895966,inf,14.868308067321777,0.011704427190124989
29443,nan,-0.13233591616153717,inf,10.16153621673584,0.03408559784293175
29460,nan,-0.014382274821400642,inf,6.881462097167969,0.9603188633918762
29481,nan,0.5238097310066223,inf,4.605628967285156,11.182488441467285
29482,nan,-0.1348085254430771,inf,19.395795822143555,2.5844574338407256e-05
29509,nan,-0.04255865514278412,inf,6.79320764541626,2.3543355464935303
29512,nan,-0.13473428785800934,inf,16.38249969482422,0.002002286957576871
29522,nan,-0.13423500955104828,inf,12.046648979187012,0.02642512321472168
29544,nan,-0.1332351416349411,inf,12.563265800476074,0.034890539944171906
29554,nan,-0.12198952585458755,inf,8.861430168151855,0.12381906807422638
29572,nan,0.2487284243106842,inf,4.817537307739258,2.4386181831359863
29618,nan,-0.13433152437210083,inf,12.77109432220459,0.012398147955536842
29657,nan,-0.09892181307077408,inf,8.87248706817627,0.3957318365573883
29666,nan,0.2823815643787384,inf,5.2236857414245605,7.122488498687744
29673,nan,-0.13477902114391327,inf,17.520565032958984,0.0009893298847600818
29748,nan,0.521216094493866,inf,4.9514479637146,14.603529930114746
29784,nan,-0.13345924019813538,inf,12.102499961853027,0.033252716064453125
29786,nan,-0.1347990483045578,inf,20.023075103759766,0.0009012222290039062
29810,nan,-0.13389326632022858,inf,12.043306350708008,0.016516828909516335
29819,nan,-0.1347365826368332,inf,15.187291145324707,0.0018998325103893876
29856,nan,-0.12940897047519684,inf,12.380389213562012,0.12661705911159515
29865,nan,-0.10733389854431152,inf,7.272061824798584,0.5820484161376953
29895,nan,-0.1218920573592186,inf,7.513741493225098,0.7015830874443054
29900,nan,1.4558724164962769,inf,2.959796667098999,27.266559600830078
30083,nan,-0.13201290369033813,inf,12.384530067443848,0.066259004175663
30142,nan,-0.1495862454175949,inf,7.518148899078369,0.13054239749908447
30145,nan,-0.13480141758918762,inf,18.231977462768555,0.0006727218860760331
30149,nan,-0.10515620559453964,inf,8.299700736999512,0.6871508359909058
30151,nan,-0.13355658948421478,inf,10.427177429199219,0.03055206499993801
30164,nan,-0.006611826363950968,inf,7.409951686859131,1.1132471561431885
30193,nan,-0.1353267878293991,inf,10.6890287399292,-0.036209333688020706
30221,nan,-0.11622071266174316,inf,9.64126968383789,0.6294791102409363
30316,nan,-0.05507295951247215,inf,6.570578098297119,1.7276630401611328
30328,nan,-0.1345837563276291,inf,15.324258804321289,0.006124484818428755
30334,nan,-0.11657855659723282,inf,11.462611198425293,0.3475341796875
30340,nan,-0.1199565902352333,inf,12.961687088012695,0.766918957233429
30357,nan,2.2710916996002197,inf,2.89909029006958,39.91132354736328
30371,nan,0.017231006175279617,inf,7.205448150634766,2.0571656227111816
30387,nan,-0.14074398577213287,inf,8.573872566223145,0.1549386978149414
30393,nan,-0.13286392390727997,inf,10.679414749145508,0.0630955696105957
30440,nan,-0.13481111824512482,inf,20.868318557739258,4.750490188598633e-05
30451,nan,-0.1238960549235344,inf,12.536735534667969,0.2555685043334961
30512,nan,-0.13311873376369476,inf,9.735068321228027,0.2445354461669922
30532,nan,-0.1266927868127823,inf,10.397686958312988,0.25428903102874756
30553,nan,-0.12740306556224823,inf,8.960780143737793,0.155775785446167
30576,nan,-0.0758589431643486,inf,7.396283149719238,1.0132368803024292
30594,nan,-0.13476166129112244,inf,15.742828369140625,0.0012450218200683594
30615,nan,0.14578202366828918,inf,8.582222938537598,6.116962432861328
30709,nan,-0.11064717918634415,inf,8.26795482635498,0.29750585556030273
30774,nan,-0.024841297417879105,inf,9.877842903137207,1.400329828262329
30800,nan,-0.13475613296031952,inf,12.868704795837402,-0.0025698423851281404
30846,nan,-0.13480886816978455,inf,21.493484497070312,0.00019655228243209422
30862,nan,-0.13462121784687042,inf,14.088305473327637,0.0029909133445471525
30909,nan,-0.13481006026268005,inf,18.77921485900879,0.00010833740088855848
30957,nan,-0.13470463454723358,inf,15.857562065124512,0.0019462585914880037
30984,nan,-0.13474492728710175,inf,15.293028831481934,0.004275321960449219
31050,nan,-0.13481199741363525,inf,26.249032974243164,1.487731969973538e-05
31156,nan,-0.13466165959835052,inf,12.993803977966309,0.004670906346291304
31177,nan,-0.1347343772649765,inf,16.950931549072266,0.005226898472756147
31213,nan,-0.134661003947258,inf,14.95398998260498,0.0075543406419456005
31232,nan,-0.13028493523597717,inf,9.866909980773926,0.13628678023815155
31250,nan,-0.1347726434469223,inf,15.897048950195312,0.0016704679001122713
31259,nan,-0.08714798092842102,inf,8.382832527160645,1.2321112155914307
31297,nan,-0.13013185560703278,inf,13.095210075378418,0.07671725004911423
31361,nan,-0.13481223583221436,inf,23.04654312133789,9.5367431640625e-07
31410,nan,-0.13472191989421844,inf,15.115748405456543,0.0027115107513964176
31437,nan,-0.057865679264068604,inf,9.816588401794434,1.6306465864181519
31477,nan,0.0003425076720304787,inf,6.474796295166016,2.5775084495544434
31481,nan,-0.13175396621227264,inf,9.614428520202637,0.11068091541528702
31506,nan,-0.13430099189281464,inf,14.011858940124512,0.010619449429214
31508,nan,-0.13483229279518127,inf,14.205513000488281,-0.00043931006803177297
31601,nan,-0.1352827101945877,inf,11.618029594421387,-0.024801183491945267
31607,nan,2.380484104156494,inf,2.2531368732452393,45.847434997558594
31635,nan,-0.13062210381031036,inf,15.106085777282715,0.17766037583351135
31690,nan,1.9461921453475952,inf,3.171555757522583,25.380695343017578
31701,nan,-0.13463734090328217,inf,14.01523494720459,0.00812606792896986
31703,nan,-0.13477948307991028,inf,15.89487361907959,0.0004029273986816406
31753,nan,-0.134809672832489,inf,17.6426944732666,0.00010772943642223254
31773,nan,-0.13491611182689667,inf,17.516725540161133,0.0001277923583984375
31809,nan,-0.1347900927066803,inf,17.10637664794922,0.0008580207941122353
31820,nan,-0.13481222093105316,inf,24.17829704284668,2.8610230629055877e-07
31829,nan,1.6488500833511353,inf,4.623946666717529,49.350830078125
31904,nan,-0.0718470960855484,inf,8.324972152709961,1.4905283451080322
32018,nan,-0.12603788077831268,inf,11.089092254638672,0.37872514128685
32027,nan,-0.07389859855175018,inf,9.477084159851074,0.48675599694252014
32043,nan,-0.043057192116975784,inf,7.751336574554443,1.138857126235962
32077,nan,-0.1336982101202011,inf,11.840258598327637,0.021985763683915138
32151,nan,-0.1119176372885704,inf,9.298600196838379,0.5869240164756775
32179,nan,-0.13205838203430176,inf,9.531859397888184,0.13768592476844788
32198,nan,-0.1436886042356491,inf,5.986146450042725,2.1014492511749268
32251,nan,-0.13477319478988647,inf,18.2603816986084,0.0016710282070562243
32267,nan,0.6887852549552917,inf,5.390054225921631,18.62747573852539
32269,nan,-0.13183660805225372,inf,18.364273071289062,0.19159546494483948
32307,nan,-0.12744450569152832,inf,11.065279960632324,0.16431017220020294
32324,nan,-0.13445733487606049,inf,16.06356430053711,0.00951948668807745
32357,nan,0.23935937881469727,inf,4.861493110656738,6.796730041503906
32362,nan,-0.13481110334396362,inf,16.943017959594727,8.220673043979332e-05
32388,nan,-0.12423858791589737,inf,10.405031204223633,0.2334195226430893
32404,nan,0.11938565224409103,inf,10.579197883605957,14.767386436462402
32422,nan,0.005650855600833893,inf,7.161866188049316,2.091398239135742
32481,nan,-0.11933066695928574,inf,7.438640117645264,0.34919148683547974
32517,nan,-0.13440373539924622,inf,10.460604667663574,0.08410044014453888
32558,nan,-0.17493143677711487,inf,6.154407978057861,0.2670423686504364
32560,nan,-0.13479642570018768,inf,19.758155822753906,0.0006071091047488153
32577,nan,-0.09064694494009018,inf,7.171199798583984,1.8504682779312134
32586,nan,0.06018451973795891,inf,5.636359214782715,4.387855529785156
32589,nan,-0.13476388156414032,inf,21.57330894470215,0.0009662628290243447
32628,nan,-0.13491018116474152,inf,17.38496208190918,-0.0014050484169274569
32666,nan,-0.13184812664985657,inf,11.681960105895996,0.06015453487634659
32675,nan,-0.13422690331935883,inf,11.304481506347656,0.010162937454879284
32685,nan,-0.13480864465236664,inf,19.785741806030273,0.00015296936908271164
32686,nan,-0.13478131592273712,inf,14.568002700805664,0.0011404037941247225
32688,nan,-0.13418900966644287,inf,16.490036010742188,0.014985275454819202
32733,nan,-0.13479506969451904,inf,18.062833786010742,0.00046846867189742625
32738,nan,-0.13347837328910828,inf,10.927857398986816,0.058244407176971436
32768,nan,-0.1288173943758011,inf,9.768930435180664,-0.18961401283740997
32775,nan,-0.10551448166370392,inf,9.672618865966797,0.1867809295654297
32793,nan,1.0888699293136597,inf,3.738917589187622,23.619237899780273
32848,nan,-0.13168953359127045,inf,18.362598419189453,0.20448188483715057
32857,nan,-0.1346016824245453,inf,16.12909698486328,0.014602375216782093
32871,nan,-0.12609238922595978,inf,15.324447631835938,0.2182047814130783
32902,nan,-0.1347620040178299,inf,23.199871063232422,0.00019683838763739914
32965,nan,0.004527573008090258,inf,5.392554759979248,2.505528211593628
33016,nan,-0.13035406172275543,inf,7.830994606018066,0.554577648639679
33094,nan,-0.08252964168787003,inf,11.001139640808105,1.2945737838745117
33117,nan,-0.13470937311649323,inf,18.214948654174805,0.0027582168113440275
33146,nan,-0.13144981861114502,inf,14.24127197265625,0.07304035127162933
33256,nan,-0.09529536217451096,inf,12.337210655212402,0.19488218426704407
33344,nan,-0.1297919601202011,inf,11.344181060791016,0.16842012107372284
33378,nan,-0.12339295446872711,inf,10.41867446899414,0.7083355784416199
33388,nan,-0.13479624688625336,inf,17.686119079589844,0.00023620128922630101
33405,nan,0.05770289525389671,inf,7.947385311126709,3.2797420024871826
33412,nan,-0.11728458851575851,inf,10.603058815002441,0.3858667314052582
33416,nan,-0.13307595252990723,inf,12.166300773620605,0.05286908149719238
33430,nan,-0.07094129174947739,inf,7.455402374267578,1.7026127576828003
33431,nan,-0.10046123713254929,inf,8.670561790466309,0.36817771196365356
33463,nan,-0.13476453721523285,inf,15.65799617767334,0.002530860947445035
33465,nan,-0.13487496972084045,inf,17.44724464416504,-0.0012897491687908769
33571,nan,-0.13328443467617035,inf,13.734468460083008,0.03427974507212639
33575,nan,0.24263480305671692,inf,6.918819427490234,16.21225357055664
33641,nan,-0.13248497247695923,inf,10.93845272064209,0.06654596328735352
33645,nan,-0.13537630438804626,inf,11.185942649841309,0.05721912533044815
33655,nan,-0.05133163928985596,inf,5.99957799911499,1.8539718389511108
33674,nan,-0.18092046678066254,inf,5.843040466308594,-0.12210970371961594
33694,nan,0.38942235708236694,inf,6.009822845458984,17.792434692382812
33732,nan,-0.03447158634662628,inf,6.644753932952881,3.274836778640747
33762,nan,0.2696588337421417,inf,6.335484981536865,6.469174385070801
33784,nan,-0.1348118782043457,inf,21.826419830322266,8.684396561875474e-06
33814,nan,-0.12713250517845154,inf,9.105388641357422,0.17832611501216888
33899,nan,-0.13455504179000854,inf,17.3659725189209,0.00185308454092592
33971,nan,0.020791731774806976,inf,7.675313472747803,4.723947048187256
34017,nan,-0.10025753080844879,inf,8.125791549682617,2.0203700065612793
34024,nan,-0.13348336517810822,inf,16.32733154296875,0.0882134661078453
34086,nan,-0.12153998762369156,inf,10.81298542022705,1.3218904733657837
34117,nan,-0.1347821056842804,inf,19.864965438842773,0.0021335601340979338
34150,nan,0.19562752544879913,inf,5.938196182250977,4.962103366851807
34180,nan,-0.13471278548240662,inf,17.62264060974121,0.0028907775413244963
34201,nan,-0.14150524139404297,inf,13.019932746887207,-0.15180984139442444
34207,nan,-0.1341555416584015,inf,19.336578369140625,0.040299225598573685
34226,nan,-0.12772388756275177,inf,8.533437728881836,0.124247245490551
34240,nan,0.8514038324356079,inf,5.308374881744385,16.33428382873535
34246,nan,2.7552404403686523,inf,2.1515748500823975,37.82518768310547
34247,nan,0.009575922973453999,inf,8.723451614379883,3.574657917022705
34373,nan,-0.13481222093105316,inf,26.245237350463867,1.9073486612342094e-07
34425,nan,-0.13461756706237793,inf,14.599902153015137,0.004045820329338312
34428,nan,-0.025157321244478226,inf,8.042367935180664,1.6499404907226562
34453,nan,0.948886513710022,inf,3.4193997383117676,22.570280075073242
34467,nan,-0.12252499163150787,inf,9.623842239379883,0.3395116329193115
34477,nan,-0.12006431818008423,inf,7.69789981842041,0.41266441345214844
34493,nan,-0.1462155133485794,inf,6.223508358001709,0.07103424519300461
34500,nan,-0.13481131196022034,inf,23.10025978088379,5.855560448253527e-05
34547,nan,-0.13462238013744354,inf,13.407719612121582,0.0069886683486402035
34568,nan,-0.1268264651298523,inf,12.860661506652832,0.11008968204259872
34593,nan,-0.1348312497138977,inf,15.55603313446045,-0.0004166126309428364
34610,nan,-0.0640888512134552,inf,9.143135070800781,3.151524782180786
34633,nan,-0.10477828979492188,inf,8.358613967895508,0.4667799174785614
34635,nan,-0.1341477632522583,inf,14.053336143493652,0.03931741788983345
34657,nan,-0.11167162656784058,inf,7.6169891357421875,0.24100342392921448
34685,nan,-0.13481184840202332,inf,22.960418701171875,2.593994213384576e-05
34695,nan,0.14624179899692535,inf,6.348930358886719,14.071881294250488
34723,nan,-0.1344767063856125,inf,13.407259941101074,0.008203625679016113
34816,nan,-0.13439999520778656,inf,13.452919006347656,0.021778810769319534
34897,nan,-0.13291119039058685,inf,13.005607604980469,0.045311667025089264
34929,nan,-0.1170681044459343,inf,8.478372573852539,0.11405026912689209
34937,nan,0.8465469479560852,inf,4.683914661407471,11.084280967712402
35005,nan,-0.07011786848306656,inf,10.436644554138184,0.4366113841533661
35027,nan,-0.13481079041957855,inf,14.652493476867676,0.00031657220097258687
35085,nan,0.010570157319307327,inf,6.7407450675964355,3.667896270751953
35099,nan,-0.1348099261522293,inf,18.982030868530273,0.00010223389108432457
35171,nan,-0.13473613560199738,inf,18.38738250732422,0.0019584656693041325
35201,nan,-0.16253742575645447,inf,6.905497074127197,0.04306991025805473
35202,nan,-0.04850773140788078,inf,7.18454122543335,1.7372692823410034
35213,nan,-0.13472183048725128,inf,18.17063331604004,0.003804922103881836
35246,nan,-0.13475464284420013,inf,16.775272369384766,0.002248573349788785
35303,nan,-0.13450203835964203,inf,13.876452445983887,0.01176376361399889
35328,nan,-0.12861697375774384,inf,8.196819305419922,0.18405699729919434
35339,nan,-0.13421110808849335,inf,17.231586456298828,0.015528774820268154
35345,nan,-0.1347675621509552,inf,17.083471298217773,0.0009046584600582719
35366,nan,-0.13481219112873077,inf,27.40369987487793,1.144409225162235e-06
35383,nan,-0.08384750038385391,inf,9.20131778717041,0.9831436276435852
35417,nan,-0.1310858279466629,inf,14.04917049407959,0.029944850131869316
35420,nan,-0.12959317862987518,inf,11.879012107849121,0.1266251504421234
35455,nan,-0.12306266278028488,inf,10.378569602966309,0.0983860045671463
35457,nan,-0.12065320461988449,inf,9.125398635864258,0.5285066962242126
35488,nan,-0.13300707936286926,inf,10.53434944152832,0.07915077358484268
35489,nan,-0.13270215690135956,inf,9.460801124572754,0.04988374933600426
35538,nan,-0.13316726684570312,inf,11.279446601867676,0.029674340039491653
35553,nan,0.039592012763023376,inf,6.6069254875183105,9.381477355957031
35562,nan,-0.13481205701828003,inf,27.706491470336914,3.051757857974735e-06
35574,nan,-0.1347358673810959,inf,16.329910278320312,0.0019872665870934725
35609,nan,-0.13381852209568024,inf,11.840925216674805,0.04507264122366905
35658,nan,-0.13480350375175476,inf,18.79404640197754,0.0007181167602539062
35672,nan,-0.13424204289913177,inf,14.009390830993652,0.01691255532205105
35686,nan,-0.02595687285065651,inf,7.261657238006592,2.0447986125946045
35696,nan,-0.1330101042985916,inf,11.275980949401855,0.06304364651441574
35733,nan,-0.13371405005455017,inf,13.973065376281738,0.041307639330625534
35747,nan,-0.13314341008663177,inf,12.18368148803711,0.038431357592344284
35763,nan,-0.13479483127593994,inf,17.657630920410156,0.0007481575012207031
35811,nan,-0.13480867445468903,inf,17.19230842590332,0.00012431145296432078
35834,nan,0.3656335175037384,inf,4.54957389831543,13.875106811523438
35854,nan,0.2997515797615051,inf,4.4452643394470215,8.885318756103516
35919,nan,-0.11899510771036148,inf,13.753303527832031,0.425558477640152
35964,nan,-0.13443425297737122,inf,12.969279289245605,0.012479019351303577
35985,nan,-0.13165538012981415,inf,12.576529502868652,0.16139917075634003
35990,nan,-0.13337688148021698,inf,18.13656234741211,0.10144634544849396
36049,nan,-0.13138993084430695,inf,11.779751777648926,0.09702890366315842
36116,nan,-0.04177302122116089,inf,6.36655855178833,2.2037265300750732
36179,nan,0.06636431068181992,inf,7.24231481552124,8.015557289123535
36181,nan,-0.1393103450536728,inf,10.110152244567871,-0.08609785884618759
36192,nan,-0.13481324911117554,inf,16.05739402770996,-0.0002860069216694683
36209,nan,-0.12962643802165985,inf,10.272025108337402,0.12038679420948029
36238,nan,-0.11629153788089752,inf,9.547125816345215,0.4156876504421234
36245,nan,-0.1348014920949936,inf,12.703622817993164,-0.0005627155187539756
36250,nan,-0.13481156527996063,inf,23.722225189208984,2.326965295651462e-05
36270,nan,-0.13477544486522675,inf,14.704035758972168,0.003447675844654441
36276,nan,-0.13594147562980652,inf,25.276653289794922,-0.004394340794533491
36325,nan,-0.1271214783191681,inf,13.718192100524902,0.1728660613298416
36329,nan,0.10771489143371582,inf,6.386089324951172,5.334023475646973
36424,nan,0.2512296736240387,inf,7.923703193664551,9.551634788513184
36445,nan,-0.13453882932662964,inf,14.120076179504395,0.0067611695267260075
36463,nan,-0.13346515595912933,inf,11.957194328308105,0.06942778080701828
36518,nan,-0.13289134204387665,inf,11.472739219665527,0.14994469285011292
36519,nan,0.038171060383319855,inf,6.293050289154053,5.261193752288818
36552,nan,-0.11768263578414917,inf,14.8998384475708,0.4402543008327484
36593,nan,-0.13164381682872772,inf,10.990758895874023,0.18238253891468048
36594,nan,-0.1348884552717209,inf,15.192458152770996,-0.00034983159275725484
36618,nan,-0.13481180369853973,inf,21.560976028442383,2.2983551389188506e-05
36757,nan,0.0058561949990689754,inf,8.629149436950684,4.229593753814697
36762,nan,0.040291909128427505,inf,5.377511024475098,2.664780855178833
36835,nan,-0.06981086730957031,inf,9.297139167785645,1.7628135681152344
36869,nan,0.15065602958202362,inf,6.942254543304443,13.337384223937988
36880,nan,-0.1348121464252472,inf,26.71906089782715,4.57763690064894e-06
36889,nan,-0.1346604824066162,inf,12.730097770690918,0.0038302899338304996
36912,nan,-0.13474011421203613,inf,13.77849006652832,0.0010200738906860352
36928,nan,-0.12925167381763458,inf,14.885026931762695,0.1348421573638916
36938,nan,-0.1348121613264084,inf,17.08722496032715,3.795623706537299e-05
36939,nan,-0.1347697377204895,inf,17.062253952026367,0.0009016990661621094
36958,nan,-0.13432927429676056,inf,11.419987678527832,0.030936479568481445
37081,nan,-0.1347884237766266,inf,17.198781967163086,0.0006325006834231317
37173,nan,-0.01243057381361723,inf,7.042847633361816,2.0616652965545654
37269,nan,-0.10674506425857544,inf,14.33655071258545,0.21654176712036133
37286,nan,-0.13200505077838898,inf,11.350703239440918,0.04844694212079048
37342,nan,-0.09626901894807816,inf,9.08389663696289,0.2556909918785095
37404,nan,-0.11951290816068649,inf,10.019343376159668,0.32516083121299744
37446,nan,-0.12834195792675018,inf,10.744564056396484,0.25568827986717224
37456,nan,-0.1164480447769165,inf,14.140372276306152,0.4790817201137543
37495,nan,-0.12573759257793427,inf,14.88514232635498,0.05542421340942383
37558,nan,-0.13481174409389496,inf,22.197011947631836,4.138946678722277e-05
37577,nan,0.04411716386675835,inf,7.598513126373291,1.9903725385665894
37605,nan,-0.13468849658966064,inf,13.405505180358887,0.0035449506249278784
37637,nan,0.08973129093647003,inf,6.502199649810791,2.510284900665283
37679,nan,-0.1313263177871704,inf,10.128744125366211,0.1762130707502365
37712,nan,-0.14317350089550018,inf,7.031726837158203,-0.5601253509521484
37734,nan,-0.13478565216064453,inf,17.376327514648438,0.0012636184692382812
37747,nan,-0.11741027981042862,inf,11.337726593017578,0.437084436416626
37752,nan,-0.043983493000268936,inf,12.447179794311523,2.383977174758911
37770,nan,-0.11100812256336212,inf,8.079285621643066,0.14190049469470978
37807,nan,-0.1331249624490738,inf,12.926924705505371,0.0953560397028923
37871,nan,-0.1344892829656601,inf,13.593162536621094,0.009410477243363857
37937,nan,0.04669398069381714,inf,6.475747108459473,2.8206028938293457
37972,nan,0.8652107119560242,inf,4.115516662597656,14.234801292419434
38001,nan,0.5784329771995544,inf,4.652379512786865,19.83627700805664
38024,nan,-0.1230243444442749,inf,11.462869644165039,0.19824473559856415
38029,nan,0.4607639014720917,inf,5.01006555557251,26.414392471313477
38030,nan,-0.13480620086193085,inf,22.353137969970703,0.0004150390741415322
38036,nan,-0.11719900369644165,inf,9.524120330810547,1.1253812313079834
38132,nan,0.2931656539440155,inf,5.044412612915039,8.595866203308105
38148,nan,-0.13378894329071045,inf,12.587777137756348,0.042855072766542435
38168,nan,-0.14545004069805145,inf,7.383452892303467,-0.10836353152990341
38177,nan,-0.08826259523630142,inf,9.789999961853027,0.4644961357116699
38180,nan,0.9579483866691589,inf,3.5680534839630127,18.181869506835938
38222,nan,-0.10138310492038727,inf,11.73633861541748,1.1256933212280273
38281,nan,-0.13460539281368256,inf,14.755404472351074,0.00874033011496067
38287,nan,-0.03144500032067299,inf,9.294024467468262,0.7731940746307373
38301,nan,0.31667229533195496,inf,4.505297660827637,10.81400203704834
38348,nan,-0.1351691335439682,inf,13.08686351776123,-0.00954437255859375
38416,nan,0.5937255620956421,inf,4.035310745239258,11.907295227050781
38421,nan,-0.133453831076622,inf,11.42691707611084,0.01508395653218031
38437,nan,-0.1374959647655487,inf,14.725638389587402,-0.053534794598817825
38447,nan,-0.13481037318706512,inf,20.53136444091797,4.463195728021674e-05
38517,nan,-0.13479886949062347,inf,21.327136993408203,0.0002933502255473286
38527,nan,-0.13477925956249237,inf,17.30708885192871,0.0022916793823242188
38540,nan,-0.053147900849580765,inf,5.7841267585754395,2.010422468185425
38561,nan,-0.13389834761619568,inf,18.844465255737305,0.024007797241210938
38634,nan,-0.06672460585832596,inf,7.589695930480957,5.004335403442383
38639,nan,0.961331844329834,inf,4.539351940155029,18.497800827026367
38650,nan,0.04986712709069252,inf,4.719693183898926,2.7816975116729736
38659,nan,-0.11252852529287338,inf,8.874544143676758,0.6880043148994446
38665,nan,-0.12231399118900299,inf,11.06485366821289,0.2471647560596466
38741,nan,-0.13494166731834412,inf,14.659754753112793,-0.00027561187744140625
38757,nan,-0.13080811500549316,inf,10.28801155090332,0.07162375003099442
38781,nan,-0.13464516401290894,inf,15.08836841583252,0.009455680847167969
38803,nan,-0.13373127579689026,inf,13.546141624450684,0.11505422741174698
38810,nan,-0.1675780862569809,inf,7.161008358001709,0.12835493683815002
38867,nan,-0.12401439249515533,inf,10.444938659667969,0.11630421131849289
38890,nan,0.12585651874542236,inf,5.775359630584717,5.1769208908081055
38930,nan,-0.11133372038602829,inf,9.94244384765625,0.5887700319290161
38960,nan,-0.13482621312141418,inf,14.805015563964844,-2.9468536013155244e-05
38970,nan,-0.12027306854724884,inf,7.729640960693359,0.3571157157421112
38973,nan,-0.11323729902505875,inf,8.7180814743042,0.41482383012771606
39094,nan,-0.13456319272518158,inf,16.01449203491211,0.014921617694199085
39107,nan,-0.13457787036895752,inf,14.362823486328125,0.004452228546142578
39123,nan,-0.12349515408277512,inf,9.199797630310059,0.19010770320892334
39161,nan,-0.1345113068819046,inf,13.366569519042969,0.005441999528557062
39166,nan,-0.13423843681812286,inf,11.265289306640625,0.025072192773222923
39168,nan,-0.05121198296546936,inf,7.126655578613281,1.6284523010253906
39183,nan,-0.1347326785326004,inf,15.338469505310059,0.002573203993961215
39212,nan,-0.1347808837890625,inf,15.332199096679688,0.000701904296875
39223,nan,0.2059343159198761,inf,6.087388515472412,3.090726137161255
39249,nan,-0.1142989918589592,inf,7.440126895904541,0.443503201007843
39330,nan,-0.1347246915102005,inf,18.49941062927246,0.005103659816086292
39338,nan,-0.13841967284679413,inf,7.460903167724609,0.09744773060083389
39394,nan,-0.06068059429526329,inf,5.833723068237305,2.0152242183685303
39462,nan,-0.03405627980828285,inf,8.906952857971191,1.7908824682235718
39470,nan,-0.13481222093105316,inf,30.059906005859375,0.0
39502,nan,0.32109376788139343,inf,7.07039213180542,8.956307411193848
39550,nan,2.381929874420166,inf,1.9107685089111328,44.68224334716797
39577,nan,-0.13480941951274872,inf,21.172033309936523,0.0001308917999267578
39587,nan,0.07854324579238892,inf,5.884533405303955,5.249087810516357
39627,nan,-0.12775006890296936,inf,10.730203628540039,0.18603551387786865
39646,nan,-0.1348128318786621,inf,22.287296295166016,-1.0013580322265625e-05
39670,nan,-0.13481315970420837,inf,23.504281997680664,-2.288818359375e-05
39715,nan,-0.13481144607067108,inf,20.767459869384766,3.4856795537052676e-05
39720,nan,-0.002450259868055582,inf,4.560094356536865,5.68749475479126
39805,nan,-0.06908386200666428,inf,7.271470069885254,0.3556567132472992
39813,nan,-0.08695902675390244,inf,7.342947483062744,1.0990397930145264
39829,nan,-0.13473263382911682,inf,13.73835277557373,0.0031011581886559725
39831,nan,-0.0821089893579483,inf,8.082695007324219,1.9821960926055908
39864,nan,-0.1356123685836792,inf,10.459877014160156,-0.014068461023271084
39865,nan,-0.11588392406702042,inf,8.728388786315918,0.34974145889282227
39905,nan,-0.07444114983081818,inf,11.787703514099121,0.24848870933055878
39930,nan,-0.09351231902837753,inf,8.156881332397461,1.0921013355255127
40005,nan,-0.13455192744731903,inf,17.084915161132812,0.004324436187744141
40021,nan,-0.1340997964143753,inf,13.691214561462402,0.01831035688519478
40023,nan,-0.13449816405773163,inf,12.485701560974121,0.020225906744599342
40035,nan,0.1269311159849167,inf,4.543182373046875,5.336723804473877
40094,nan,-0.1967288702726364,inf,6.637130260467529,-1.9444681406021118
40116,nan,-0.13481050729751587,inf,17.99471664428711,2.899169885495212e-05
40157,nan,-0.1348024606704712,inf,16.387582778930664,0.00032901763916015625
40159,nan,-0.13492393493652344,inf,15.655000686645508,-0.0003566741943359375
40161,nan,-0.131930410861969,inf,11.585371017456055,0.0288238525390625
40212,nan,-0.09141088277101517,inf,6.81300687789917,0.622327446937561
40306,nan,-0.11262106150388718,inf,10.51410961151123,0.6031090021133423
40341,nan,0.27991601824760437,inf,5.868565559387207,10.508856773376465
40377,nan,-0.13481098413467407,inf,24.91900634765625,2.784729076665826e-05
40392,nan,0.016916435211896896,inf,9.620108604431152,3.5971839427948
40418,nan,0.02054368332028389,inf,6.436110019683838,3.043311834335327
40430,nan,-0.1292244791984558,inf,13.774884223937988,0.13412384688854218
40494,nan,-0.13370974361896515,inf,12.28052043914795,0.01138994935899973
40585,nan,-0.13023410737514496,inf,13.714468955993652,0.07067640870809555
40619,nan,-0.13475078344345093,inf,14.791348457336426,0.001248250948265195
40667,nan,-0.12430864572525024,inf,8.058327674865723,0.2872602045536041
40686,nan,1.1698198318481445,inf,5.067409992218018,19.019798278808594
40687,nan,-0.11831053346395493,inf,8.639447212219238,0.5824483036994934
40727,nan,-0.11315830796957016,inf,8.598186492919922,0.48764973878860474
40740,nan,-0.13471777737140656,inf,14.709759712219238,0.006714534945785999
40765,nan,-0.13615642488002777,inf,9.009275436401367,0.011833560653030872
40803,nan,-0.13155947625637054,inf,11.859308242797852,0.08690281212329865
40822,nan,-0.013553312979638577,inf,7.765809059143066,1.4724177122116089
40867,nan,0.15224233269691467,inf,5.7455644607543945,7.451539039611816
40877,nan,-0.1348121613264084,inf,24.65326499938965,3.790855544139049e-06
40894,nan,-0.12500984966754913,inf,9.021806716918945,0.20455320179462433
40954,nan,-0.06847001612186432,inf,7.232283115386963,2.926762342453003
40967,nan,-0.06265446543693542,inf,5.761139392852783,1.6110032796859741
40982,nan,-0.028124967589974403,inf,8.756845474243164,3.8577849864959717
41032,nan,-0.1347806751728058,inf,15.447833061218262,0.0015516997082158923
41065,nan,-0.07838047295808792,inf,8.443160057067871,1.2765767574310303
41149,nan,-0.13473598659038544,inf,15.447303771972656,0.003852367401123047
41249,nan,-0.13470718264579773,inf,17.258214950561523,0.0038281441666185856
41280,nan,-0.1260242909193039,inf,11.005409240722656,0.21748724579811096
41307,nan,0.09872087091207504,inf,5.605275630950928,4.554169178009033
41327,nan,-0.1347765326499939,inf,16.878215789794922,0.001107168267481029
41331,nan,-0.13281869888305664,inf,11.185979843139648,0.14669112861156464
41351,nan,-0.028912484645843506,inf,7.293577671051025,2.8211212158203125
41356,nan,2.355544328689575,inf,2.6373648643493652,58.31173324584961
41372,nan,0.0372609868645668,inf,5.232207775115967,1.779793381690979
41518,nan,-0.13465984165668488,inf,14.345191955566406,0.0038420080672949553
41547,nan,-0.13481022417545319,inf,20.65028953552246,0.00014121532149147242
41585,nan,-0.13480012118816376,inf,19.49315643310547,0.0002883911074604839
41589,nan,-0.13418813049793243,inf,12.342435836791992,0.023120522499084473
41616,nan,-0.1343218833208084,inf,13.91881275177002,0.013972473330795765
41643,nan,0.967228889465332,inf,3.652860403060913,24.002906799316406
41654,nan,-0.12965336441993713,inf,10.049287796020508,0.07593021541833878
41680,nan,-0.1321111023426056,inf,10.076030731201172,0.04578552395105362
41696,nan,-0.07348539680242538,inf,7.043724060058594,0.9944238066673279
41739,nan,0.10217104107141495,inf,5.403832912445068,10.10722827911377
41809,nan,-0.13483889400959015,inf,17.081262588500977,-0.0007043838850222528
41818,nan,-0.11421962827444077,inf,9.297829627990723,0.2993447780609131
41826,nan,-0.12195201218128204,inf,12.853912353515625,0.2772212028503418
41837,nan,-0.1106499582529068,inf,9.557971000671387,0.5495077967643738
41838,nan,-0.11966144293546677,inf,9.834800720214844,0.33756300806999207
41908,nan,-0.1177026778459549,inf,9.883708000183105,0.594314694404602
41926,nan,-0.10994573682546616,inf,10.351641654968262,0.541120707988739
41939,nan,-0.13481222093105316,inf,37.07239532470703,0.0
41986,nan,-0.17023985087871552,inf,15.791757583618164,-1.0024006366729736
42030,nan,-0.0015977555885910988,inf,6.680811405181885,2.956946849822998
42131,nan,0.017598247155547142,inf,8.724639892578125,3.4299919605255127
42141,nan,-0.11864892393350601,inf,7.246729373931885,-0.07770603150129318
42147,nan,-0.2411189079284668,inf,6.708972454071045,-2.6013131141662598
42169,nan,-0.00035257937270216644,inf,6.365601539611816,5.384912014007568
42214,nan,0.017069458961486816,inf,8.21882152557373,2.9050681591033936
42266,nan,-0.06407805532217026,inf,9.252994537353516,3.110283851623535
42318,nan,-0.12608245015144348,inf,13.394915580749512,0.4426441192626953
42437,nan,-0.13481217622756958,inf,23.484329223632812,1.5258789289873675e-06
42473,nan,0.7235288619995117,inf,3.6534173488616943,22.144386291503906
42474,nan,-0.13485340774059296,inf,16.492963790893555,-0.0009618237963877618
42477,nan,-0.13356493413448334,inf,15.243356704711914,0.07932231575250626
42482,nan,-0.08113261312246323,inf,7.066638946533203,1.7129157781600952
42490,nan,-0.13478489220142365,inf,17.74134063720703,0.00037517547025345266
42516,nan,-0.13477832078933716,inf,16.384613037109375,0.0014904022682458162
42587,nan,-0.13478808104991913,inf,17.588640213012695,0.0005746841779910028
42605,nan,-0.12341395765542984,inf,9.666936874389648,0.18930187821388245
42641,nan,-0.10542160272598267,inf,7.871635437011719,0.6973938941955566
42650,nan,-0.13480031490325928,inf,15.677337646484375,0.00030040740966796875
42706,nan,-0.13480515778064728,inf,16.841039657592773,0.00018663406081032008
42712,nan,-0.13493433594703674,inf,10.727354049682617,-0.006145954132080078
42734,nan,-0.12817177176475525,inf,8.781786918640137,0.19411079585552216
42772,nan,-0.13481222093105316,inf,45.27358627319336,0.0
42783,nan,-0.11282425373792648,inf,8.998196601867676,0.7053823471069336
42832,nan,-0.11904077976942062,inf,9.837896347045898,0.14663639664649963
42836,nan,-0.13480639457702637,inf,18.471397399902344,0.00021028518676757812
42842,nan,-0.4619064927101135,inf,4.880190372467041,-8.229403495788574
42893,nan,-0.13481055200099945,inf,19.03226661682129,8.449554297840223e-05
42918,nan,0.07379169017076492,inf,7.933596134185791,4.935819149017334
42938,nan,-0.13480834662914276,inf,26.108816146850586,7.972717139637098e-05
42955,nan,-0.13358180224895477,inf,13.002921104431152,0.07994480431079865
42996,nan,0.4641222655773163,inf,3.909637212753296,12.811575889587402
43083,nan,-0.1346089094877243,inf,19.47146987915039,0.014497756958007812
43112,nan,0.019631510600447655,inf,8.984808921813965,2.7381668090820312
43178,nan,-0.13037191331386566,inf,10.945940971374512,0.11189925670623779
43179,nan,-0.13386966288089752,inf,14.7093505859375,0.021338140591979027
43190,nan,0.07984086126089096,inf,5.934573650360107,7.207014560699463
43226,nan,-0.1320238560438156,inf,12.001550674438477,0.06336011737585068
43256,nan,0.10818972438573837,inf,3.94553542137146,3.9029202461242676
43257,nan,-0.1342248171567917,inf,10.78769588470459,0.0507250539958477
43259,nan,-0.13244281709194183,inf,12.296445846557617,0.10014398396015167
43284,nan,-0.04041338711977005,inf,13.151178359985352,2.436192274093628
43375,nan,-0.134674534201622,inf,14.600829124450684,0.00428695697337389
43387,nan,-0.18439337611198425,inf,11.57710075378418,-1.0219382047653198
43389,nan,-0.13162028789520264,inf,9.07248306274414,0.6380032896995544
43443,nan,-0.1331305354833603,inf,12.456074714660645,0.06778397411108017
43522,nan,-0.07367650419473648,inf,7.057697296142578,0.9427556395530701
43551,nan,-0.11258306354284286,inf,11.02929973602295,0.40827104449272156
43559,nan,-0.13463559746742249,inf,12.842416763305664,-0.03350543975830078
43620,nan,-0.12772062420845032,inf,15.190322875976562,0.18680401146411896
43643,nan,-0.13457313179969788,inf,16.45716667175293,0.006203842349350452
43651,nan,0.21087877452373505,inf,7.981603145599365,7.364247798919678
43690,nan,0.047313179820775986,inf,7.084608554840088,1.8011646270751953
43716,nan,0.20325599610805511,inf,3.761526107788086,11.985150337219238
43820,nan,-0.09347221255302429,inf,7.235675811767578,0.9469518661499023
43850,nan,-0.1341157704591751,inf,11.54638957977295,0.015023923479020596
43877,nan,2.848238706588745,inf,3.431028366088867,36.59371566772461
43884,nan,-0.13463549315929413,inf,13.509142875671387,0.0049551487900316715
43909,nan,-0.13481062650680542,inf,22.078088760375977,7.324219041038305e-05
43978,nan,-0.12035415321588516,inf,9.597890853881836,0.1727760285139084
43983,nan,0.03643817827105522,inf,6.059089183807373,2.208799123764038
44045,nan,-0.13776199519634247,inf,10.766746520996094,-0.06716127693653107
44053,nan,0.1653652787208557,inf,5.638491630554199,7.695451259613037
44094,nan,-0.13246916234493256,inf,10.070640563964844,0.06847188621759415
44227,nan,-0.08866303414106369,inf,6.1070051193237305,1.844070315361023
44259,nan,-0.08429604023694992,inf,8.390094757080078,0.8121122717857361
44272,nan,-0.1072535291314125,inf,11.109304428100586,0.3716338574886322
44288,nan,0.09137576073408127,inf,5.369073390960693,4.820573329925537
44320,nan,-0.027962280437350273,inf,8.63306713104248,3.6426713466644287
44348,nan,-0.13279597461223602,inf,9.469164848327637,0.0430268757045269
44390,nan,-0.13400046527385712,inf,10.400603294372559,0.016785336658358574
44396,nan,-0.008367734961211681,inf,6.835414409637451,2.4908711910247803
44399,nan,-0.1330433040857315,inf,13.341511726379395,0.07528629153966904
44416,nan,-0.13456374406814575,inf,14.637904167175293,0.01358113344758749
44428,nan,-0.13468317687511444,inf,18.737632751464844,0.004153585527092218
44448,nan,-0.13475872576236725,inf,15.2732572555542,0.0027364850975573063
44457,nan,-0.136572927236557,inf,9.945374488830566,-0.03635982424020767
44468,nan,-0.1337965577840805,inf,8.043237686157227,0.03655966743826866
44471,nan,-0.06300495564937592,inf,7.130623817443848,2.085723638534546
44557,nan,-0.07602963596582413,inf,10.784834861755371,0.691912829875946
44581,nan,-0.13515202701091766,inf,10.491304397583008,0.0014939308166503906
44598,nan,-0.1348123401403427,inf,21.95660972595215,-7.62939453125e-06
44649,nan,1.523460030555725,inf,3.8159987926483154,18.28883171081543
44650,nan,-0.1348142921924591,inf,16.178041458129883,-9.779930405784398e-05
44737,nan,-0.12952564656734467,inf,12.00787353515625,0.2724616229534149
44796,nan,-0.04141459986567497,inf,7.7436041831970215,1.3681429624557495
44799,nan,-0.13481174409389496,inf,16.400705337524414,-0.0006126165390014648
44819,nan,-0.13279132544994354,inf,12.494903564453125,0.11453838646411896
44832,nan,-0.1298932284116745,inf,10.874945640563965,0.106664277613163
44878,nan,-0.12602141499519348,inf,10.188529968261719,0.3840019404888153
44930,nan,-0.12986741960048676,inf,9.182859420776367,0.046716123819351196
44946,nan,-0.13517549633979797,inf,14.233428955078125,0.021751267835497856
44967,nan,-0.13480041921138763,inf,18.514652252197266,0.0005024910205975175
44980,nan,-0.13370127975940704,inf,14.3970947265625,0.07176037132740021
45042,nan,-0.1013844832777977,inf,7.483545780181885,1.154150366783142
45076,nan,-0.13466785848140717,inf,17.59008026123047,0.00601153401657939
45086,nan,-0.07910337299108505,inf,8.216108322143555,0.707030713558197
45134,nan,-0.12432336807250977,inf,8.743502616882324,0.18533384799957275
45223,nan,-0.1345415711402893,inf,13.952753067016602,0.0067841531708836555
45252,nan,-0.13481222093105316,inf,29.996448516845703,0.0
45353,nan,-0.13287241756916046,inf,15.799267768859863,0.015317154116928577
45365,nan,-0.13480685651302338,inf,13.822580337524414,0.0003798961697611958
45370,nan,-0.1346377581357956,inf,15.633837699890137,0.008488612249493599
45395,nan,-0.1348118633031845,inf,22.72999382019043,2.5306642783107236e-05
45406,nan,-0.13436762988567352,inf,14.029559135437012,0.011165440082550049
45411,nan,-0.053481221199035645,inf,5.696773052215576,2.405632257461548
45420,nan,-0.13474141061306,inf,15.3355712890625,0.0036215304862707853
45469,nan,-0.1318373829126358,inf,19.734045028686523,0.152252197265625
45547,nan,-0.1290673464536667,inf,8.91849422454834,0.05418210104107857
45566,nan,-0.13268017768859863,inf,12.395279884338379,0.07686930149793625
45595,nan,-0.10967662185430527,inf,5.122079372406006,-0.5523605346679688
45612,nan,-0.12039512395858765,inf,9.491888999938965,0.3520221412181854
45619,nan,-0.13158045709133148,inf,10.66040325164795,0.09684591740369797
45643,nan,-0.13221843540668488,inf,15.618216514587402,0.05903453752398491
45653,nan,-0.12335684150457382,inf,8.380396842956543,0.3427184522151947
45669,nan,0.5461241006851196,inf,3.7484023571014404,22.070837020874023
45716,nan,-0.003619690192863345,inf,5.852515697479248,3.8851234912872314
45728,nan,-0.13481469452381134,inf,17.776647567749023,-2.6035309929284267e-05
45838,nan,-0.13473035395145416,inf,18.172409057617188,0.005549526307731867
45874,nan,-0.12177910655736923,inf,9.016352653503418,0.0900958999991417
45884,nan,-0.13542823493480682,inf,13.719525337219238,-0.008716225624084473
45896,nan,1.6306501626968384,inf,3.4782397747039795,33.94517135620117
45972,nan,-0.1312476545572281,inf,9.327169418334961,0.037255384027957916
46033,nan,-0.13462600111961365,inf,15.008890151977539,0.005619335453957319
46037,nan,-0.13372011482715607,inf,9.964726448059082,0.0014395475154742599
46039,nan,-0.13480804860591888,inf,18.093416213989258,0.00011501312110340223
46094,nan,-0.09823571145534515,inf,7.935789585113525,0.7890174984931946
46162,nan,-0.13455528020858765,inf,13.3222074508667,0.007763958070427179
46168,nan,-0.12861184775829315,inf,8.973730087280273,0.15243549644947052
46209,nan,2.0871310234069824,inf,4.433753490447998,45.026004791259766
46213,nan,-0.13480977714061737,inf,22.890806198120117,5.645752025884576e-05
46254,nan,-0.16303323209285736,inf,5.973964214324951,0.2542891800403595
46268,nan,-0.13478751480579376,inf,16.499723434448242,0.0007064819219522178
46310,nan,-0.11494185775518417,inf,10.260215759277344,0.5006785988807678
46325,nan,-0.13187643885612488,inf,11.158110618591309,0.05267219617962837
46346,nan,-0.045648153871297836,inf,8.61205768585205,2.352421998977661
46353,nan,0.10964657366275787,inf,5.175262451171875,5.839192867279053
46362,nan,-0.13142834603786469,inf,12.800137519836426,0.13386332988739014
46366,nan,-0.13480691611766815,inf,17.774282455444336,0.00022283048019744456
46417,nan,-0.030954018235206604,inf,10.637876510620117,2.7244274616241455
46424,nan,-0.13400419056415558,inf,11.737768173217773,0.04930086061358452
46441,nan,-0.04166969284415245,inf,8.817628860473633,2.870887041091919
46442,nan,-0.13477981090545654,inf,16.81635856628418,0.0019289255142211914
46463,nan,-0.13455432653427124,inf,14.687273979187012,0.006925344467163086
46476,nan,-0.13481228053569794,inf,21.014875411987305,-8.583069188716763e-07
46481,nan,-0.12833695113658905,inf,17.24909019470215,0.16503678262233734
46579,nan,-0.13481198251247406,inf,22.207197189331055,5.53131121705519e-06
46596,nan,-0.11651219427585602,inf,7.45778226852417,0.09983930736780167
46606,nan,0.19162969291210175,inf,4.93052864074707,8.872123718261719
46607,nan,0.13961583375930786,inf,6.839569091796875,5.21904182434082
46612,nan,-0.13477833569049835,inf,14.713998794555664,0.0012515544658526778
46624,nan,-0.11706499010324478,inf,11.747127532958984,0.1807994544506073
46756,nan,-0.1257002055644989,inf,9.853808403015137,0.2088116705417633
46798,nan,-0.1344595104455948,inf,13.086946487426758,0.006988573353737593
46803,nan,-0.11232228577136993,inf,12.784117698669434,0.5421362519264221
46876,nan,-0.13349385559558868,inf,10.889021873474121,0.019884109497070312
46906,nan,-0.13391081988811493,inf,12.467026710510254,0.02647181786596775
46915,nan,-0.13478314876556396,inf,23.520475387573242,0.0020708085503429174
46916,nan,-0.13480399549007416,inf,18.60458755493164,0.0001933574676513672
46940,nan,-0.1307794451713562,inf,9.444917678833008,0.06369505077600479
46977,nan,-0.13473980128765106,inf,14.198877334594727,0.0027534961700439453
47028,nan,-0.133244588971138,inf,13.18505573272705,0.01974811591207981
47039,nan,-0.13434211909770966,inf,15.419160842895508,0.0031579972710460424
47079,nan,-0.1302071362733841,inf,11.979865074157715,0.22769589722156525
47081,nan,-0.1347096711397171,inf,13.805450439453125,0.004317379090934992
47121,nan,0.06993325054645538,inf,5.470302104949951,10.479828834533691
47130,nan,-0.13421529531478882,inf,15.418082237243652,0.014136815443634987
47131,nan,-0.13479511439800262,inf,17.469585418701172,0.00077056884765625
47158,nan,-0.13532418012619019,inf,12.887184143066406,-0.009655380621552467
47178,nan,-0.13468460738658905,inf,15.191080093383789,0.0027965547051280737
47198,nan,-0.13401609659194946,inf,14.580065727233887,0.03566901758313179
47239,nan,-0.13475069403648376,inf,15.09464168548584,0.00266282563097775
47259,nan,-0.04253435134887695,inf,9.974217414855957,1.5894441604614258
47262,nan,-0.1348106414079666,inf,28.638364791870117,0.00011138916306663305
47278,nan,-0.13473282754421234,inf,8.687057495117188,0.0346379280090332
47310,nan,-0.037288349121809006,inf,9.152851104736328,1.7274980545043945
47325,nan,-0.13479354977607727,inf,16.04737663269043,0.0002995610411744565
47371,nan,-0.13456563651561737,inf,14.448399543762207,0.010205745697021484
47383,nan,-0.13448075950145721,inf,13.994295120239258,0.005013942718505859
47384,nan,-0.11053144186735153,inf,9.759800910949707,0.7508775591850281
47415,nan,0.5203303694725037,inf,2.0333786010742188,10.31186580657959
47419,nan,-0.1344497948884964,inf,11.563068389892578,0.00698199262842536
47498,nan,-0.11620079725980759,inf,8.320649147033691,0.4889410138130188
47499,nan,-0.13580380380153656,inf,11.308772087097168,0.0050834654830396175
47542,nan,-0.1351262331008911,inf,14.766199111938477,-0.006812953855842352
47551,nan,-0.12659642100334167,inf,8.459895133972168,0.2379847764968872
47582,nan,-0.1025424599647522,inf,7.259215831756592,0.6189627051353455
47586,nan,-0.1345686912536621,inf,13.566360473632812,0.006315899081528187
47601,nan,0.89239501953125,inf,4.9432454109191895,17.403217315673828
47610,nan,-0.1347953975200653,inf,17.108692169189453,0.00030040740966796875
47621,nan,-0.12669925391674042,inf,10.72812557220459,0.12126465141773224
47638,nan,-0.12946312129497528,inf,10.282564163208008,0.1101803109049797
47648,nan,-0.13480280339717865,inf,18.6263484954834,0.0006410598871298134
47658,nan,-0.13481037318706512,inf,21.3279972076416,6.531178951263428e-05
47670,nan,-0.12100275605916977,inf,9.36279582977295,0.29304906725883484
47697,nan,-0.1348121017217636,inf,20.816116333007812,1.9073486328125e-06
47711,nan,-0.11919577419757843,inf,8.138306617736816,0.5890587568283081
47757,nan,-0.1348121613264084,inf,25.367612838745117,2.6941299893223913e-06
47817,nan,-0.13430415093898773,inf,11.646319389343262,0.007581567857414484
47821,nan,-0.13479910790920258,inf,14.988916397094727,0.0007682763389311731
47901,nan,-0.13641111552715302,inf,14.118739128112793,-0.022942161187529564
47938,nan,0.18662381172180176,inf,5.4174604415893555,5.848916530609131
47941,nan,-0.13621167838573456,inf,9.87136173248291,0.0007110118749551475
47976,nan,-0.13480742275714874,inf,17.562780380249023,9.89913969533518e-05
47979,nan,-0.13481228053569794,inf,26.011066436767578,-1.3828278042637976e-06
48043,nan,-0.13480061292648315,inf,19.888507843017578,0.0006591796991415322
48055,nan,-0.1346200406551361,inf,11.409411430358887,0.005217170808464289
48057,nan,-0.13435135781764984,inf,13.320767402648926,0.012232208624482155
48105,nan,-0.13463859260082245,inf,13.897480964660645,0.010316777043044567
48171,nan,-0.12868964672088623,inf,11.888137817382812,0.1343461126089096
48206,nan,-0.12377673387527466,inf,10.80371379852295,0.3305938243865967
48220,nan,-0.13281145691871643,inf,12.91491413116455,0.042725540697574615
48264,nan,0.6745194792747498,inf,4.058678150177002,14.430560111999512
48265,nan,-0.1347539871931076,inf,13.987329483032227,0.001905679702758789
48286,nan,-0.13481035828590393,inf,17.772018432617188,4.847049785894342e-05
48324,nan,-0.13465279340744019,inf,22.372291564941406,0.011309432797133923
48416,nan,-0.05228053405880928,inf,10.01273250579834,1.4510573148727417
48466,nan,-0.13201025128364563,inf,11.221991539001465,0.19437037408351898
48535,nan,0.5798966288566589,inf,4.17173433303833,9.573115348815918
48552,nan,-0.13487489521503448,inf,14.992812156677246,-0.0025659562088549137
48568,nan,1.8779054880142212,inf,3.127789258956909,38.02053451538086
48595,nan,-0.13374295830726624,inf,15.529878616333008,0.0318782813847065
48608,nan,0.02956194058060646,inf,6.103573322296143,5.118537902832031
48643,nan,-0.13478080928325653,inf,22.538068771362305,0.0008130073547363281
48650,nan,-0.134233757853508,inf,11.441438674926758,0.016550064086914062
48684,nan,-0.133938267827034,inf,12.564911842346191,0.026068449020385742
48694,nan,-0.1175733134150505,inf,14.999162673950195,0.455191045999527
48746,nan,-0.13264058530330658,inf,11.385514259338379,0.020197344943881035
48769,nan,-0.1265915185213089,inf,11.58188533782959,0.09942028671503067
48778,nan,-0.10475120693445206,inf,8.478178024291992,0.8199706077575684
48837,nan,-0.12122080475091934,inf,9.458134651184082,0.15509405732154846
48893,nan,-0.13211728632450104,inf,13.08117389678955,0.02825341187417507
48900,nan,-0.1347571611404419,inf,17.30829429626465,0.0021093368995934725
48953,nan,0.6329784393310547,inf,5.3323140144348145,12.773228645324707
48957,nan,-0.13388557732105255,inf,10.90674877166748,0.04883313179016113
48979,nan,-0.08112802356481552,inf,4.9359130859375,3.7984237670898438
49031,nan,-0.1340748369693756,inf,11.70337963104248,0.0211228858679533
49088,nan,-0.13346700370311737,inf,19.824386596679688,0.03384676203131676
49134,nan,-0.145672008395195,inf,14.228218078613281,-0.28031110763549805
49154,nan,0.04437321051955223,inf,7.20828104019165,3.743521213531494
49190,nan,-0.1344854086637497,inf,15.668184280395508,0.022006798535585403
49194,nan,-0.12940381467342377,inf,11.176733016967773,0.20174650847911835
49213,nan,0.16665762662887573,inf,7.0116286277771,6.725174903869629
49230,nan,-0.13049334287643433,inf,8.202311515808105,0.07655753940343857
49308,nan,-0.13481110334396362,inf,23.98286247253418,3.0183791750459932e-05
49320,nan,-0.13478438556194305,inf,16.66107749938965,0.0010888100368902087
49357,nan,-0.06453769654035568,inf,11.967485427856445,1.6843489408493042
49364,nan,-0.1348072737455368,inf,17.071714401245117,0.00013780593872070312
49376,nan,-0.13081969320774078,inf,10.96319580078125,0.09926223754882812
49378,nan,-0.13494181632995605,inf,16.501689910888672,-0.0026816369500011206
49427,nan,-0.13481080532073975,inf,17.529340744018555,8.668899681651965e-05
49443,nan,-0.09545411169528961,inf,10.693464279174805,0.7666625380516052
49455,nan,0.38725516200065613,inf,2.105787754058838,12.102001190185547
49469,nan,-0.12473779916763306,inf,8.38178539276123,-0.050362229347229004
49513,nan,-0.12219613790512085,inf,13.473902702331543,0.34816357493400574
49519,nan,-0.06976211816072464,inf,8.375879287719727,2.450216054916382
49539,nan,-0.13071125745773315,inf,11.10342025756836,0.08760855346918106
49547,nan,-0.13481195271015167,inf,27.53885841369629,5.578994660027092e-06
49649,nan,-0.1347789764404297,inf,18.04615592956543,0.0012933731777593493
49694,nan,-0.13038058578968048,inf,12.029762268066406,0.05978803709149361
49696,nan,-0.13481149077415466,inf,20.7015323638916,1.7833710444392636e-05
49699,nan,-0.1347321718931198,inf,17.883005142211914,0.0042282105423510075
49726,nan,-0.13464900851249695,inf,17.43084144592285,0.00316200265660882
49735,nan,-0.10655627399682999,inf,9.1279878616333,0.5122580528259277
49747,nan,-0.1347390115261078,inf,16.570371627807617,0.002661132952198386
49751,nan,-0.13355296850204468,inf,10.443804740905762,0.0650755912065506
49768,nan,-0.1287619024515152,inf,11.722966194152832,0.15334320068359375
49801,nan,-0.12413189560174942,inf,8.547093391418457,0.09993477165699005
49825,nan,-0.13478495180606842,inf,14.31395149230957,0.0013537406921386719
49839,nan,-0.13391514122486115,inf,15.054430961608887,0.023494435474276543
49851,nan,-0.10293634235858917,inf,8.997244834899902,0.7183918356895447
49870,nan,0.13536816835403442,inf,5.866427898406982,2.2248847484588623
50019,nan,-0.13528673350811005,inf,14.40563678741455,-0.02353200875222683
50033,nan,-0.132595956325531,inf,10.47432804107666,0.06249380111694336
50034,nan,0.24238801002502441,inf,4.910762786865234,5.120809078216553
50090,nan,-0.13183467090129852,inf,13.874037742614746,0.07218742370605469
50121,nan,-0.13741959631443024,inf,8.61115550994873,0.11319388449192047
50162,nan,0.4371466636657715,inf,5.716039180755615,11.04200553894043
50183,nan,-0.13480286300182343,inf,18.737424850463867,0.00011844635446323082
50190,nan,-0.13262051343917847,inf,12.409489631652832,0.09966307133436203
50258,nan,-0.13397084176540375,inf,15.436836242675781,-0.004859733860939741
50283,nan,-0.13349416851997375,inf,17.04481315612793,0.03299522399902344
50290,nan,-0.13162991404533386,inf,11.408623695373535,0.07364118099212646
50304,nan,0.041552748531103134,inf,6.34641170501709,5.576419830322266
50311,nan,-0.13472138345241547,inf,15.695467948913574,0.0021259307395666838
50331,nan,0.4874975383281708,inf,4.973409175872803,16.407522201538086
50428,nan,-0.1347675770521164,inf,28.604459762573242,0.000858306884765625
50510,nan,-0.12816986441612244,inf,10.800958633422852,0.14764051139354706
50515,nan,-0.059986717998981476,inf,6.8652801513671875,1.554455041885376
50521,nan,-0.13478022813796997,inf,17.52058982849121,0.0024106979835778475
50523,nan,-0.13144901394844055,inf,13.30945110321045,0.09298401325941086
50527,nan,0.3639795780181885,inf,3.7915875911712646,5.416844844818115
50541,nan,-0.04902299493551254,inf,5.473429203033447,2.4912288188934326
50554,nan,-0.1347663402557373,inf,23.517587661743164,0.0008895873907022178
50570,nan,-0.13391108810901642,inf,10.765875816345215,0.03594818338751793
50607,nan,0.03523404151201248,inf,5.449552059173584,3.819131851196289
50614,nan,-0.13478586077690125,inf,18.903167724609375,0.0011381149524822831
50645,nan,-0.1348116248846054,inf,23.33930206298828,4.18663039454259e-05
50665,nan,-0.13462969660758972,inf,13.327717781066895,0.007378959562629461
50749,nan,-0.09719940274953842,inf,9.626151084899902,1.4700311422348022
50816,nan,-0.14520898461341858,inf,7.764842510223389,-0.13590094447135925
50829,nan,-0.13475944101810455,inf,14.032197952270508,0.0008129835478030145
50842,nan,-0.1348017007112503,inf,20.144704818725586,0.00075616838876158
50852,nan,-0.1268814653158188,inf,10.455109596252441,0.237998828291893
50859,nan,-0.13460148870944977,inf,13.551426887512207,0.008854723535478115
50888,nan,-0.13369904458522797,inf,11.4179105758667,0.04971332475543022
50897,nan,-0.1096816286444664,inf,11.28072452545166,0.31820055842399597
50952,nan,-0.1341097354888916,inf,13.024626731872559,0.026181984692811966
50959,nan,-0.12726649641990662,inf,8.973190307617188,0.2154887169599533
50962,nan,0.43571335077285767,inf,5.452280521392822,9.14387035369873
51000,nan,-0.13479845225811005,inf,19.000028610229492,0.0003390312194824219
51048,nan,-0.134797602891922,inf,20.471078872680664,0.0009576797601766884
51083,nan,0.0631910115480423,inf,7.4523234367370605,2.490596294403076
51146,nan,-0.12733086943626404,inf,10.026236534118652,0.20332975685596466
51152,nan,-0.27152279019355774,inf,3.8963112831115723,2.6656100749969482
51161,nan,-0.13234931230545044,inf,16.68410873413086,0.06938748806715012
51199,nan,-0.13440316915512085,inf,14.460342407226562,0.009722280316054821
51209,nan,-0.13465280830860138,inf,17.600969314575195,0.0036262988578528166
51245,nan,-0.12980122864246368,inf,9.378564834594727,0.1571844071149826
51250,nan,-0.13157275319099426,inf,9.920980453491211,0.0555865541100502
51296,nan,0.11300668865442276,inf,8.520801544189453,4.574510097503662
51345,nan,-0.13469760119915009,inf,17.75271987915039,0.0031080245971679688
51363,nan,-0.13480401039123535,inf,17.85186767578125,0.00019760131544899195
51372,nan,-0.1343437135219574,inf,14.853944778442383,0.015452670864760876
51377,nan,-0.1346316784620285,inf,12.123286247253418,0.008819008246064186
51457,nan,-0.13478904962539673,inf,18.157333374023438,8.502006676280871e-05
51480,nan,-0.062307216227054596,inf,6.7765936851501465,2.03462815284729
51481,nan,1.0736581087112427,inf,3.2306594848632812,24.55059242248535
51486,nan,-0.13481250405311584,inf,19.47815704345703,6.765127182006836e-06
51512,nan,-0.01801067590713501,inf,7.409363746643066,1.8563021421432495
51568,nan,0.019199885427951813,inf,5.856200218200684,4.798496246337891
51631,nan,-0.1317933052778244,inf,13.949427604675293,0.0735192820429802
51668,nan,-0.07183163613080978,inf,7.386599063873291,0.339987188577652
51686,nan,-0.1348067969083786,inf,18.778581619262695,0.0001286983460886404
51688,nan,0.09111770242452621,inf,5.537226676940918,5.991103649139404
51704,nan,-0.13443610072135925,inf,17.03137969970703,0.019191360101103783
51705,nan,-0.12277882546186447,inf,8.406569480895996,0.08741378784179688
51734,nan,-0.13290530443191528,inf,16.22818374633789,0.04884815216064453
51741,nan,-0.13477838039398193,inf,15.630739212036133,0.0010374784469604492
51763,nan,-0.13490180671215057,inf,13.042279243469238,-0.0012077331775799394
51786,nan,-0.13480757176876068,inf,20.48689079284668,0.0003509521484375
51795,nan,-0.15005207061767578,inf,8.749075889587402,-0.3632490336894989
51838,nan,-0.02552294172346592,inf,9.783865928649902,3.1978161334991455
51888,nan,-0.13472017645835876,inf,15.171711921691895,0.001350832055322826
51935,nan,-0.10684245824813843,inf,8.149229049682617,0.7918655276298523
51952,nan,-0.11471184343099594,inf,6.596751689910889,0.06092558056116104
51965,nan,-0.13374841213226318,inf,17.54977798461914,0.029976440593600273
52003,nan,0.08045922964811325,inf,6.684890270233154,6.706142425537109
52018,nan,-0.1347900778055191,inf,16.141977310180664,0.0002244949428131804
52049,nan,-0.10305797308683395,inf,9.095861434936523,1.2065889835357666
52129,nan,-0.11776828020811081,inf,8.332963943481445,0.7662741541862488
52173,nan,0.9904239773750305,inf,6.530096530914307,25.01473045349121
52179,nan,-0.13441786170005798,inf,13.998465538024902,0.012909173965454102
52196,nan,-0.05105968192219734,inf,8.962729454040527,3.5560905933380127
52249,nan,-0.10001478344202042,inf,8.00710391998291,0.4564800262451172
52315,nan,-0.018622180446982384,inf,9.320903778076172,5.239333629608154
52356,nan,-0.134784996509552,inf,19.511804580688477,0.0007462024805136025
52396,nan,-0.11805597692728043,inf,9.661555290222168,0.42462024092674255
52400,nan,-0.13317619264125824,inf,10.54277229309082,0.039184629917144775
52455,nan,-0.13470807671546936,inf,21.57350730895996,0.007139837834984064
52459,nan,-0.13467353582382202,inf,16.0233097076416,0.0031727314926683903
52496,nan,1.2721951007843018,inf,4.037745952606201,29.091907501220703
52499,nan,-0.13479743897914886,inf,16.284000396728516,0.0004216194211039692
52532,nan,-0.13223537802696228,inf,11.638936996459961,0.060054510831832886
52589,nan,-0.13481128215789795,inf,24.842941284179688,1.0871887752728071e-05
52631,nan,1.4211180210113525,inf,3.0025079250335693,60.62825393676758
52641,nan,-0.12237446755170822,inf,10.124104499816895,0.10123877972364426
52650,nan,-0.13480417430400848,inf,16.64408302307129,0.0002501062990631908
52668,nan,0.2653389275074005,inf,5.089896202087402,7.586178779602051
52708,nan,-0.13480599224567413,inf,31.50974464416504,0.0001581192045705393
52748,nan,-0.13476622104644775,inf,16.12327766418457,0.0022094727028161287
52791,nan,-0.13451062142848969,inf,21.282453536987305,0.021248627454042435
52792,nan,-0.13481204211711884,inf,25.691730499267578,3.814697265625e-06
52809,nan,-0.12879398465156555,inf,12.650031089782715,0.23725643754005432
52833,nan,-0.11316575855016708,inf,7.650887966156006,0.5621609091758728
52871,nan,-0.13102369010448456,inf,9.111146926879883,0.03992679342627525
52881,nan,-0.13481178879737854,inf,20.191482543945312,8.39233416627394e-06
52894,nan,-0.0033175647258758545,inf,11.210089683532715,8.84775447845459
52897,nan,-0.12912867963314056,inf,9.827420234680176,0.2693246901035309
52913,nan,-0.12782149016857147,inf,12.786776542663574,0.16823244094848633
52926,nan,0.0358126200735569,inf,7.5548624992370605,2.7087693214416504
52955,nan,-0.08171496540307999,inf,9.362675666809082,0.9372782111167908
52957,nan,-0.13437296450138092,inf,16.031991958618164,0.029141902923583984
52971,nan,-0.1187756285071373,inf,8.717734336853027,0.2867112159729004
52981,nan,-0.11981923878192902,inf,8.995170593261719,0.2646573483943939
52990,nan,-0.13404035568237305,inf,11.719531059265137,0.009456443600356579
52993,nan,0.08222353458404541,inf,4.8817901611328125,7.369071960449219
53038,nan,-0.12859030067920685,inf,9.341007232666016,0.20896172523498535
53042,nan,-0.1349969059228897,inf,14.691263198852539,-0.005361986346542835
53099,nan,1.200646996498108,inf,3.6442253589630127,23.933822631835938
53114,nan,-0.11232786625623703,inf,14.561182975769043,0.5776979923248291
53143,nan,-0.11051294952630997,inf,11.503568649291992,0.18685702979564667
53151,nan,-0.06200743466615677,inf,9.750965118408203,0.6201633810997009
53198,nan,-0.0583224855363369,inf,8.127135276794434,1.9429396390914917
53209,nan,-0.13107363879680634,inf,14.33183765411377,0.19145230948925018
53231,nan,-0.13460783660411835,inf,18.21767807006836,0.00573997525498271
53248,nan,0.01441541314125061,inf,5.50595235824585,3.999293088912964
53270,nan,0.573894739151001,inf,4.820924282073975,15.573086738586426
53272,nan,-0.1340380162000656,inf,11.128730773925781,0.019103288650512695
53347,nan,-0.13260971009731293,inf,9.241990089416504,0.10072117298841476
53393,nan,-0.09764403104782104,inf,8.268858909606934,1.5044993162155151
53420,nan,0.5661540627479553,inf,4.044360160827637,12.040820121765137
53425,nan,-0.134812131524086,inf,23.82387924194336,4.5299530029296875e-06
53432,nan,-0.1348060667514801,inf,17.722789764404297,0.000275838392553851
53486,nan,-0.13476254045963287,inf,17.61552619934082,0.002908897353336215
53529,nan,-0.13480637967586517,inf,17.785646438598633,0.00014533997455146164
53588,nan,-0.13480113446712494,inf,18.70675277709961,0.00015125275240279734
53625,nan,-0.1321258395910263,inf,13.55783748626709,0.07542926073074341
53639,nan,0.03557911142706871,inf,7.330090522766113,5.238918781280518
53656,nan,-0.013468406163156033,inf,8.345796585083008,2.69991397857666
53776,nan,-0.13478823006153107,inf,17.736692428588867,0.0003757953818421811
53785,nan,0.7555784583091736,inf,1.1691114902496338,30.542877197265625
53869,nan,-0.1321541666984558,inf,10.761531829833984,0.055005528032779694
53917,nan,-0.13479439914226532,inf,19.311704635620117,0.0006122589111328125
53919,nan,-0.1348121464252472,inf,22.09315299987793,1.8119811784345075e-06
53923,nan,-0.13479922711849213,inf,36.815284729003906,0.0009216308826580644
53930,nan,-0.13476423919200897,inf,18.31281280517578,0.0013677120441570878
53943,nan,-0.13481847941875458,inf,15.120699882507324,6.866455078125e-05
53975,nan,-0.13480399549007416,inf,17.501977920532227,0.00024840832338668406
53987,nan,-0.12766413390636444,inf,6.897120952606201,0.1004505380988121
54008,nan,-0.053609561175107956,inf,7.396241664886475,2.0879790782928467
54056,nan,-0.13477690517902374,inf,20.68505096435547,0.002534246537834406
54135,nan,-0.1340731829404831,inf,12.917322158813477,0.015844060108065605
54161,nan,0.2471415102481842,inf,4.487311363220215,8.632637023925781
54255,nan,0.9335547685623169,inf,5.455637454986572,21.791431427001953
54268,nan,0.054117318242788315,inf,8.141556739807129,4.175665378570557
54273,nan,-0.13263925909996033,inf,12.280736923217773,0.06900978088378906
54279,nan,-0.05258100852370262,inf,5.517504692077637,2.161684274673462
54310,nan,-0.13273508846759796,inf,11.878989219665527,0.05088415369391441
54343,nan,-0.13066820800304413,inf,14.320151329040527,0.05485258251428604
54363,nan,-0.1348118633031845,inf,21.93324851989746,1.4424324035644531e-05
54376,nan,0.02738093212246895,inf,5.570830821990967,1.831368088722229
54436,nan,0.39571413397789,inf,3.9966094493865967,9.819296836853027
54487,nan,0.03824735805392265,inf,6.821042537689209,2.1086206436157227
54490,nan,-0.12543818354606628,inf,8.273357391357422,0.8157297968864441
54556,nan,-0.13454197347164154,inf,12.010000228881836,-0.007643604185432196
54598,nan,0.8902036547660828,inf,3.5059852600097656,17.644506454467773
54634,nan,-0.13481150567531586,inf,24.074491500854492,4.936456753057428e-05
54789,nan,-0.13481098413467407,inf,18.902320861816406,1.6999245417537168e-05
54844,nan,-0.13484062254428864,inf,15.496490478515625,-0.0016832754481583834
54862,nan,-0.13485804200172424,inf,14.256224632263184,-0.002572393510490656
54878,nan,-0.13409583270549774,inf,14.162257194519043,0.018818527460098267
54913,nan,-0.12757492065429688,inf,11.717391014099121,0.09004335850477219
54919,nan,-0.1285136491060257,inf,10.376509666442871,0.16286054253578186
54959,nan,-0.1345961093902588,inf,12.59682559967041,0.005527996923774481
55013,nan,-0.1344607174396515,inf,19.684682846069336,0.015543365851044655
55016,nan,-0.12837770581245422,inf,14.021693229675293,0.13067321479320526
55026,nan,-0.11650776118040085,inf,10.130701065063477,0.7259036302566528
55056,nan,-0.10273974388837814,inf,10.274471282958984,0.4079919755458832
55119,nan,-0.11939381808042526,inf,9.97067928314209,0.14698785543441772
55166,nan,0.043481629341840744,inf,5.936753273010254,6.399731636047363
55177,nan,-0.1346469670534134,inf,12.60368537902832,0.00348663330078125
55197,nan,-0.13511954247951508,inf,12.453277587890625,-0.007718801498413086
55224,nan,0.11561240255832672,inf,5.378247261047363,6.901422023773193
55237,nan,0.1552136391401291,inf,4.903310298919678,4.1827826499938965
55258,nan,-0.13382907211780548,inf,14.33855152130127,0.020456934347748756
55290,nan,-0.1348264217376709,inf,18.77882194519043,0.00022420883760787547
55337,nan,-0.12558193504810333,inf,11.606585502624512,0.12537793815135956
55357,nan,0.1556100696325302,inf,4.67419958114624,3.63670015335083
55406,nan,-0.13472025096416473,inf,13.57487678527832,0.003076147986575961
55413,nan,0.5410231947898865,inf,4.426238059997559,17.60365104675293
55444,nan,0.7230888605117798,inf,4.087254047393799,18.887187957763672
55504,nan,-0.13469140231609344,inf,10.977317810058594,0.004453015513718128
55526,nan,-0.13461695611476898,inf,17.286823272705078,0.005380291026085615
55584,nan,0.023342644795775414,inf,7.563088893890381,3.733720064163208
55644,nan,-0.07904880493879318,inf,7.991328716278076,3.8241772651672363
55671,nan,-0.13463298976421356,inf,13.688719749450684,0.003985023591667414
55764,nan,-0.09258069097995758,inf,12.8289155960083,0.49532875418663025
55773,nan,-0.1348113715648651,inf,21.541975021362305,9.34600848268019e-06
55828,nan,-0.13481222093105316,inf,26.899274826049805,0.0
55830,nan,-0.13481219112873077,inf,25.121524810791016,3.623962356869015e-06
55894,nan,-0.134232759475708,inf,12.824991226196289,0.027094459161162376
55948,nan,-0.13479074835777283,inf,16.96991539001465,0.0013216733932495117
55989,nan,-0.13481073081493378,inf,21.773069381713867,7.156133506214246e-05
56049,nan,-0.12182917445898056,inf,8.918961524963379,0.25434112548828125
56059,nan,-0.13480515778064728,inf,16.701135635375977,0.000196361550479196
56072,nan,-0.13480417430400848,inf,18.75704574584961,0.00023181438155006617
56077,nan,-0.1264704018831253,inf,8.700152397155762,0.22086158394813538
56088,nan,0.09051855653524399,inf,8.02506160736084,2.934762477874756
56171,nan,-0.1348084807395935,inf,21.06230926513672,0.00020103454880882055
56174,nan,-0.13437943160533905,inf,12.684321403503418,0.009560155682265759
56175,nan,-0.11816462129354477,inf,12.318986892700195,0.4448619484901428
56208,nan,0.35872402787208557,inf,4.777595043182373,10.29879379272461
56224,nan,-0.12538109719753265,inf,9.682753562927246,0.20728789269924164
56313,nan,-0.13486677408218384,inf,14.257028579711914,-0.0028019906021654606
56337,nan,-0.134736567735672,inf,13.330855369567871,0.00236854562535882
56348,nan,-0.12398026138544083,inf,8.836954116821289,0.3645378053188324
56349,nan,-0.018937062472105026,inf,8.690156936645508,0.7196762561798096
56357,nan,-0.13477477431297302,inf,17.104543685913086,0.0011884690029546618
56361,nan,-0.1155853271484375,inf,10.009088516235352,0.5144634246826172
56381,nan,-0.015977321192622185,inf,8.065195083618164,1.23524808883667
56385,nan,-0.13461467623710632,inf,14.003039360046387,0.007965278811752796
56413,nan,0.044761382043361664,inf,5.196028232574463,5.565140247344971
56446,nan,0.8282802700996399,inf,4.229415416717529,22.17268943786621
56526,nan,-0.12872034311294556,inf,12.718206405639648,0.1572919636964798
56544,nan,-0.09502773731946945,inf,7.1508941650390625,1.2589091062545776
56550,nan,-0.13208147883415222,inf,13.419448852539062,0.04023860767483711
56634,nan,-0.13479147851467133,inf,15.279135704040527,0.0009273052564822137
56653,nan,-0.0567355640232563,inf,7.020555019378662,3.1677632331848145
56718,nan,-0.13614922761917114,inf,12.422527313232422,-0.002602815628051758
56731,nan,0.39060935378074646,inf,5.86381721496582,7.6817626953125
56751,nan,0.21731530129909515,inf,6.944545745849609,6.243953704833984
56765,nan,-0.12393698841333389,inf,10.355731964111328,0.23637285828590393
56815,nan,-0.04087231680750847,inf,12.129659652709961,2.1359236240386963
56816,nan,-0.1348121613264084,inf,28.025510787963867,3.051757857974735e-06
56883,nan,1.1716364622116089,inf,4.187267303466797,23.311763763427734
56911,nan,-0.056677140295505524,inf,6.629505157470703,3.187732696533203
56912,nan,-0.13282710313796997,inf,10.628897666931152,0.04300661012530327
56941,nan,-0.1347818821668625,inf,16.5230655670166,0.0015300750965252519
56978,nan,-0.10252741724252701,inf,8.611844062805176,0.1215798407793045
56981,nan,-0.12441227585077286,inf,8.254922866821289,0.563234806060791
57004,nan,-0.13033680617809296,inf,13.951083183288574,0.10425777733325958
57027,nan,-0.1483202427625656,inf,13.5365629196167,-0.38117438554763794
57030,nan,0.824916660785675,inf,3.9204063415527344,28.01555824279785
57031,nan,-0.0941842719912529,inf,11.546379089355469,0.8856019973754883
57070,nan,0.02845286764204502,inf,4.957443714141846,3.807243824005127
57179,nan,-0.13470134139060974,inf,9.558881759643555,0.012377453036606312
57216,nan,-0.1348121166229248,inf,20.90957260131836,4.291534423828125e-06
57252,nan,-0.13481222093105316,inf,35.32045364379883,0.0
57284,nan,-0.11876628547906876,inf,11.091079711914062,0.5385479927062988
57294,nan,-0.13368578255176544,inf,12.378928184509277,0.08005227148532867
57303,nan,-0.03805304691195488,inf,8.710136413574219,2.304190158843994
57320,nan,-0.13472861051559448,inf,16.933401107788086,0.002225172473117709
57323,nan,-0.1345788538455963,inf,13.071232795715332,0.005980403628200293
57374,nan,-0.13486649096012115,inf,16.076181411743164,-0.0014713287819176912
57393,nan,-0.13480500876903534,inf,19.341970443725586,0.00016013384447433054
57415,nan,-0.014296201057732105,inf,8.02707290649414,2.6472811698913574
57456,nan,-0.13476215302944183,inf,19.947437286376953,0.00025496483431197703
57465,nan,-0.13480162620544434,inf,20.4257869720459,0.0006596028688363731
57492,nan,0.34640514850616455,inf,4.347456455230713,8.533090591430664
57499,nan,0.3982456624507904,inf,4.269922733306885,11.359335899353027
57530,nan,-0.13431569933891296,inf,14.299616813659668,0.024390501901507378
57568,nan,-0.1247137188911438,inf,9.751360893249512,0.32865601778030396
57630,nan,-0.10609978437423706,inf,7.346713542938232,0.8415889739990234
57646,nan,-0.07162084430456161,inf,10.308248519897461,2.913952112197876
57666,nan,-0.11661269515752792,inf,8.411664009094238,0.5688254237174988
57670,nan,0.009344931691884995,inf,7.646188259124756,5.497476577758789
57771,nan,-0.1115851178765297,inf,8.813163757324219,0.5231742858886719
57788,nan,-0.1344669759273529,inf,11.549273490905762,0.017945099622011185
57844,nan,-0.03789801150560379,inf,12.953442573547363,1.8978191614151
57882,nan,-0.13459329307079315,inf,13.461580276489258,0.008181333541870117
57885,nan,-0.13477228581905365,inf,16.348834991455078,0.0011216759448871017
57914,nan,-0.12969082593917847,inf,11.712546348571777,0.1552416831254959
58013,nan,-0.13480409979820251,inf,20.87589454650879,0.0005775452009402215
58061,nan,-0.13481631875038147,inf,18.56829261779785,-0.00017897486395668238
58091,nan,0.796636700630188,inf,3.1423072814941406,10.440192222595215
58176,nan,-0.1309799998998642,inf,13.362586975097656,0.09365244209766388
58191,nan,-0.015642661601305008,inf,6.690270900726318,3.333913564682007
58216,nan,0.08203905075788498,inf,4.877804279327393,3.796185255050659
58228,nan,0.0037727467715740204,inf,5.949514389038086,3.450275421142578
58313,nan,-0.13467586040496826,inf,11.633893013000488,0.007684755604714155
58336,nan,-0.1002466008067131,inf,8.521469116210938,0.9546582102775574
58375,nan,-0.13472042977809906,inf,15.724505424499512,0.004040461964905262
58405,nan,-0.13453362882137299,inf,13.13162899017334,0.006735754199326038
58420,nan,-0.1348121166229248,inf,22.786136627197266,5.054474058852065e-06
58446,nan,-0.12279603630304337,inf,8.061209678649902,0.6020634174346924
58453,nan,-0.2097891867160797,inf,4.6612396240234375,-3.1886749267578125
58458,nan,-0.13400380313396454,inf,11.959961891174316,0.0351744182407856
58481,nan,-0.1347905695438385,inf,13.192944526672363,0.0011207342613488436
58506,nan,-0.13481222093105316,inf,27.738554000854492,0.0
58519,nan,-0.13315169513225555,inf,11.09553337097168,0.051177408546209335
58593,nan,-0.13481107354164124,inf,22.279388427734375,4.501342846197076e-05
58630,nan,0.47776803374290466,inf,3.633819580078125,9.411948204040527
58656,nan,0.21205775439739227,inf,5.491782188415527,7.3719635009765625
58666,nan,-0.12618125975131989,inf,7.961248874664307,0.21314655244350433
58679,nan,-0.136633038520813,inf,15.721092224121094,-0.002525377320125699
58711,nan,-0.1620916724205017,inf,8.042664527893066,-0.08114057034254074
58747,nan,0.36094480752944946,inf,9.31734848022461,34.0228271484375
58775,nan,-0.10752596706151962,inf,7.705239295959473,0.6406621336936951
58777,nan,-0.13231317698955536,inf,11.482098579406738,0.057755280286073685
58811,nan,-0.13481079041957855,inf,20.753652572631836,3.089904930675402e-05
58852,nan,0.22286882996559143,inf,6.5081095695495605,5.698119640350342
58859,nan,-0.12585201859474182,inf,12.844993591308594,0.4216677248477936
58870,nan,-0.13523326814174652,inf,18.120031356811523,-0.008166885934770107
58876,nan,-0.1324988454580307,inf,10.86085033416748,0.13296151161193848
58883,nan,-0.14010100066661835,inf,9.231184959411621,0.003607463790103793
58908,nan,-0.13473843038082123,inf,17.828092575073242,0.005032157991081476
58952,nan,-0.30898964405059814,inf,6.226365089416504,-1.227547526359558
59150,nan,-0.13161657750606537,inf,9.569579124450684,0.04314932972192764
59153,nan,-0.13478372991085052,inf,19.13611602783203,0.0018781662220135331
59175,nan,-0.12669894099235535,inf,10.07800006866455,0.43518581986427307
59182,nan,-0.11403902620077133,inf,7.28462553024292,0.23063431680202484
59217,nan,-0.13473834097385406,inf,13.263407707214355,0.0018536329735070467
59283,nan,-0.12007144838571548,inf,18.08859634399414,0.38016998767852783
59332,nan,-0.019560450688004494,inf,5.372520923614502,2.728226661682129
59342,nan,-0.10020210593938828,inf,6.651715278625488,0.652631402015686
59393,nan,-0.13480940461158752,inf,21.900022506713867,0.00019803048053290695
59411,nan,-0.10523243993520737,inf,8.469090461730957,0.7377453446388245
59449,nan,-0.06014259532094002,inf,10.988534927368164,1.3221323490142822
59459,nan,-0.022386565804481506,inf,7.5708770751953125,3.4888503551483154
59463,nan,-0.13438580930233002,inf,15.050129890441895,0.0104971406981349
59482,nan,-0.1078120693564415,inf,9.81587028503418,0.5584333539009094
59524,nan,-0.1346987634897232,inf,16.924318313598633,0.00032639503479003906
59557,nan,-0.1344674676656723,inf,10.30169677734375,0.03625068813562393
59560,nan,-0.08827173709869385,inf,13.48900318145752,1.1043232679367065
59604,nan,0.17388257384300232,inf,5.284373760223389,5.1177191734313965
59632,nan,-0.1341397613286972,inf,20.194944381713867,0.04764585569500923
59644,nan,-0.07859446853399277,inf,12.518558502197266,1.1405457258224487
59691,nan,-0.1347452849149704,inf,17.775304794311523,0.004744791891425848
59693,nan,-0.13435958325862885,inf,14.32432746887207,0.011603332124650478
59695,nan,-0.12692700326442719,inf,14.892196655273438,0.5438458323478699
59748,nan,-0.1348055601119995,inf,21.798559188842773,0.00030984877957962453
59775,nan,0.21764464676380157,inf,4.834718704223633,4.467708110809326
59784,nan,-0.13140814006328583,inf,12.14368724822998,0.11747665703296661
59789,nan,-0.13148504495620728,inf,11.094743728637695,0.10477500408887863
59803,nan,-0.13480697572231293,inf,17.51366424560547,0.000363576429663226
59818,nan,0.24990366399288177,inf,6.194675445556641,3.3590176105499268
59825,nan,-0.13481467962265015,inf,19.30818748474121,-4.973411705577746e-05
59852,nan,-0.08324117213487625,inf,6.695979595184326,0.9677882194519043
59862,nan,-0.13481126725673676,inf,21.60724639892578,7.62939453125e-06
59912,nan,-0.13480935990810394,inf,16.9857120513916,8.180141594493762e-05
59971,nan,-0.124017633497715,inf,8.177057266235352,0.13088952004909515
60023,nan,0.5498108863830566,inf,4.969598293304443,14.535693168640137
60047,nan,-0.13309548795223236,inf,11.837496757507324,0.0707969218492508
60070,nan,-0.13480618596076965,inf,21.929914474487305,0.000146770486026071
60094,nan,-0.13465936481952667,inf,15.755789756774902,0.00958949327468872
60110,nan,-0.13173805177211761,inf,10.719698905944824,0.1371971219778061
60113,nan,-0.13481146097183228,inf,22.486312866210938,1.673698534432333e-05
60149,nan,-0.13471101224422455,inf,13.709004402160645,0.003247928572818637
60153,nan,-0.13481071591377258,inf,17.480348587036133,3.545284198480658e-05
60202,nan,-0.12746864557266235,inf,11.92308521270752,0.1848566085100174
60250,nan,0.10266216099262238,inf,6.214299201965332,9.775054931640625
60333,nan,-0.025117412209510803,inf,7.175853252410889,2.6215381622314453
60347,nan,0.3734681308269501,inf,5.946051597595215,13.103044509887695
60395,nan,-0.1345295011997223,inf,15.142155647277832,0.0063893795013427734
60401,nan,-0.12972070276737213,inf,10.144567489624023,0.19776277244091034
60473,nan,-0.13481241464614868,inf,20.619504928588867,1.9359589714440517e-05
60485,nan,0.07261774688959122,inf,7.709084510803223,1.5123025178909302
60528,nan,-0.13481354713439941,inf,19.454227447509766,-3.058910442632623e-05
60547,nan,0.04878583177924156,inf,5.434667110443115,3.579749345779419
60568,nan,0.1122782751917839,inf,5.4408369064331055,3.104820728302002
60569,nan,0.7506043910980225,inf,3.113370656967163,30.602924346923828
60597,nan,-0.11851470917463303,inf,11.132105827331543,0.36475110054016113
60620,nan,-0.13476911187171936,inf,13.731953620910645,0.0015057921409606934
60624,nan,-0.1347358077764511,inf,14.382990837097168,0.0021539689041674137
60635,nan,-0.007643492426723242,inf,7.860179901123047,2.883679151535034
60670,nan,-0.13226835429668427,inf,13.835738182067871,0.1669025421142578
60747,nan,-0.22000356018543243,inf,11.184579849243164,-1.6667299270629883
60874,nan,-0.13251514732837677,inf,14.45875072479248,0.04466572031378746
60912,nan,-0.11973036825656891,inf,9.90073299407959,0.4783230423927307
60923,nan,-0.13425076007843018,inf,14.837890625,0.010949659161269665
60928,nan,-0.11989400535821915,inf,10.371886253356934,0.362173467874527
60944,nan,-0.12013807147741318,inf,8.386690139770508,0.20500539243221283
60960,nan,-0.140750914812088,inf,13.56449031829834,-0.15053920447826385
60977,nan,-0.12717778980731964,inf,8.48204231262207,0.2686821222305298
60978,nan,-0.13478843867778778,inf,17.76482582092285,0.0014243125915527344
61119,nan,-0.13476134836673737,inf,16.835573196411133,0.0019224643474444747
61143,nan,0.3225541412830353,inf,8.660128593444824,6.105967998504639
61289,nan,-0.13481225073337555,inf,25.986425399780273,-7.152557373046875e-07
61316,nan,0.4820152223110199,inf,3.98063063621521,9.863329887390137
61318,nan,0.16061846911907196,inf,7.1503190994262695,10.121235847473145
61348,nan,-0.03442838042974472,inf,7.41522216796875,4.562490940093994
61351,nan,-0.13478848338127136,inf,15.228423118591309,0.0006325721624307334
61419,nan,-0.10805318504571915,inf,11.691033363342285,0.5300650000572205
61439,nan,-0.047048572450876236,inf,9.53398323059082,0.39640647172927856
61452,nan,-0.13479119539260864,inf,16.39826774597168,0.00029120445833541453
61462,nan,-0.13480553030967712,inf,18.380008697509766,0.0003562927304301411
61468,nan,-0.13482926785945892,inf,16.231531143188477,-0.00048694611177779734
61478,nan,-0.1299644112586975,inf,15.211897850036621,0.07924385368824005
61501,nan,-0.13277727365493774,inf,11.851431846618652,0.06278200447559357
61506,nan,-0.13227327167987823,inf,10.87272834777832,0.029970336705446243
61518,nan,-0.1347680538892746,inf,14.476068496704102,0.0014124751323834062
61522,nan,-0.13479205965995789,inf,17.20926856994629,0.0009454727405682206
61527,nan,-0.13534490764141083,inf,18.491392135620117,-0.013511300086975098
61556,nan,-0.11470979452133179,inf,12.02812385559082,0.25302019715309143
61560,nan,-0.07002901285886765,inf,7.337210178375244,0.7578181624412537
61562,nan,-0.13480529189109802,inf,18.92206573486328,0.00010795593698276207
61570,nan,-0.13477177917957306,inf,15.943982124328613,0.0010792255634441972
61580,nan,-0.14461809396743774,inf,10.33207893371582,-0.2254568189382553
61672,nan,-0.13481228053569794,inf,27.77119255065918,-4.243850980856223e-06
61679,nan,-0.009818436577916145,inf,7.323705196380615,2.599159002304077
61728,nan,-0.13475541770458221,inf,13.300333976745605,0.0023086697328835726
61736,nan,-0.13477365672588348,inf,16.1084041595459,0.0023639679420739412
61764,nan,-0.11941394954919815,inf,8.984160423278809,0.4440403878688812
61826,nan,-0.12720350921154022,inf,7.1945953369140625,0.8480173349380493
61842,nan,-0.13427285850048065,inf,15.977803230285645,0.02657346799969673
61851,nan,-0.1325923055410385,inf,10.522611618041992,0.021485043689608574
61867,nan,-0.13481317460536957,inf,25.265291213989258,-2.441406286379788e-05
61877,nan,-0.13271580636501312,inf,14.049346923828125,0.05485584959387779
61936,nan,-0.13232938945293427,inf,15.968342781066895,0.09096616506576538
61943,nan,-0.13462691009044647,inf,12.417642593383789,0.00749893207103014
62002,nan,-0.13463780283927917,inf,12.419291496276855,-0.0062208655290305614
62086,nan,-0.13015200197696686,inf,8.51387882232666,0.10006685554981232
62196,nan,-0.12389912456274033,inf,8.29499340057373,0.1208837553858757
62243,nan,-0.0883178636431694,inf,10.466315269470215,1.7998002767562866
62245,nan,6.713569018756971e-05,inf,5.108334064483643,4.374148845672607
62282,nan,0.6895668506622314,inf,4.009814739227295,33.89252853393555
62325,nan,-0.1348079890012741,inf,19.542593002319336,5.4931642807787284e-05
62331,nan,-0.12271075695753098,inf,10.64449691772461,1.1147536039352417
62348,nan,-0.13449187576770782,inf,14.171996116638184,0.01587085798382759
62407,nan,-0.1239316463470459,inf,11.934958457946777,0.23190288245677948
62421,nan,-0.13469643890857697,inf,16.1176815032959,0.0027856826782226562
62459,nan,-0.10976574569940567,inf,8.935548782348633,0.39342936873435974
62487,nan,-0.13463863730430603,inf,14.525781631469727,0.0016604423290118575
62513,nan,-0.006068918853998184,inf,6.016581058502197,1.908664345741272
62585,nan,-0.0892733708024025,inf,11.131157875061035,0.6471434235572815
62593,nan,-0.13485008478164673,inf,17.02774429321289,-0.0009979248279705644
62643,nan,-0.13232292234897614,inf,9.320635795593262,0.058904923498630524
62691,nan,-0.12571410834789276,inf,8.83488941192627,0.32266274094581604
62749,nan,-0.13430041074752808,inf,16.6505184173584,0.0133910421282053
62756,nan,-0.13480637967586517,inf,19.4910945892334,0.00016064643568824977
62781,nan,0.010324395261704922,inf,6.652411937713623,1.9133446216583252
62789,nan,-0.1359087973833084,inf,13.024500846862793,-0.027588844299316406
62847,nan,-0.13468796014785767,inf,14.533034324645996,0.0037126541137695312
62887,nan,-0.13417090475559235,inf,13.019902229309082,0.03578591346740723
62889,nan,-0.13162736594676971,inf,10.487067222595215,0.1015741378068924
62921,nan,-0.13071654736995697,inf,9.836952209472656,0.10430262237787247
62987,nan,-0.13435202836990356,inf,12.561163902282715,0.012346267700195312
62988,nan,0.7416619062423706,inf,3.994875431060791,15.616769790649414
63075,nan,1.3392952680587769,inf,3.9745452404022217,65.29411315917969
63105,nan,-0.12301504611968994,inf,15.63554859161377,0.3098200559616089
63106,nan,-0.13233762979507446,inf,13.251276016235352,0.14828148484230042
63118,nan,-0.13483089208602905,inf,17.533164978027344,0.000869107258040458
63120,nan,-0.08968838304281235,inf,9.836149215698242,0.8970226645469666
63145,nan,-0.12061170488595963,inf,10.418871879577637,0.527599036693573
63161,nan,-0.1347396820783615,inf,14.125152587890625,0.0027332305908203125
63186,nan,-0.13522230088710785,inf,16.371671676635742,-0.011352634988725185
63211,nan,-0.1347251534461975,inf,19.374792098999023,0.002473259111866355
63224,nan,0.012654440477490425,inf,6.965346813201904,6.846665859222412
63244,nan,-0.13436155021190643,inf,13.286147117614746,0.005085635464638472
63268,nan,-0.13481220602989197,inf,23.6582088470459,3.814697322468419e-07
63294,nan,-0.05559282377362251,inf,9.43543529510498,3.158747434616089
63409,nan,-0.13023513555526733,inf,11.543304443359375,0.2531184256076813
63433,nan,-0.1164538636803627,inf,13.349517822265625,0.5264901518821716
63434,nan,-0.13472290337085724,inf,16.117637634277344,0.001506042550317943
63438,nan,-0.060865022242069244,inf,7.508978366851807,2.3278284072875977
63449,nan,-0.13479748368263245,inf,18.193462371826172,0.0006446242332458496
63487,nan,-0.1329982429742813,inf,11.916850090026855,0.04803836718201637
63533,nan,-0.133466437458992,inf,12.721766471862793,0.026667404919862747
63546,nan,-0.0719018504023552,inf,7.481224060058594,2.1783607006073
63593,nan,-0.13480818271636963,inf,19.461278915405273,0.00020036697969771922
63609,nan,2.563786745071411,inf,3.4927003383636475,75.10617065429688
63637,nan,-0.13473866879940033,inf,15.972975730895996,0.007294702809303999
63665,nan,-0.04596921429038048,inf,7.6953444480896,0.8746994137763977
63679,nan,-0.13474152982234955,inf,15.543562889099121,0.0009688377613201737
63750,nan,0.5209671854972839,inf,5.04434871673584,9.55578899383545
63757,nan,-0.10229920595884323,inf,8.052852630615234,0.8764764070510864
63779,nan,-0.13479498028755188,inf,19.820476531982422,0.0004137039359193295
63904,nan,-0.1347973793745041,inf,17.266813278198242,0.0016126156551763415
63907,nan,-0.12570981681346893,inf,8.951430320739746,0.5046519637107849
63913,nan,-0.13480837643146515,inf,18.86144256591797,0.0002468109305482358
63914,nan,0.12888938188552856,inf,4.958611965179443,3.79179048538208
63945,nan,-0.045185387134552,inf,7.475213527679443,2.714078903198242
64005,nan,-0.1347627490758896,inf,15.52243709564209,0.002962565515190363
64048,nan,-0.13479116559028625,inf,18.34203338623047,0.000850677490234375
64050,nan,-0.1267387717962265,inf,8.711509704589844,0.1498458832502365
64060,nan,-0.11476366966962814,inf,8.505623817443848,0.5761135220527649
64064,nan,0.11015472561120987,inf,4.9058356285095215,7.957707405090332
64067,nan,-0.1348058134317398,inf,26.478178024291992,0.0004478454648051411
64107,nan,-0.1347089409828186,inf,14.935693740844727,0.005056309979408979
64138,nan,-0.1348726749420166,inf,15.292891502380371,0.00278456206433475
64141,nan,-0.13473761081695557,inf,20.811370849609375,0.0012087345821782947
64163,nan,0.16078601777553558,inf,3.2980639934539795,3.9280076026916504
64181,nan,-0.13281260430812836,inf,15.811810493469238,0.05089535936713219
64222,nan,-0.08564893156290054,inf,10.346138000488281,1.3302263021469116
64304,nan,-0.06035540625452995,inf,10.017232894897461,1.456011414527893
64313,nan,-0.12154590338468552,inf,8.820314407348633,0.45769426226615906
64371,nan,-0.13452957570552826,inf,11.705462455749512,0.00754470843821764
64384,nan,-0.12418196350336075,inf,13.760611534118652,0.19788546860218048
64396,nan,-0.13005223870277405,inf,10.235477447509766,0.13090923428535461
64397,nan,0.10213619470596313,inf,7.264983654022217,12.513224601745605
64407,nan,-0.1347726434469223,inf,16.977285385131836,0.0009041309240274131
64446,nan,-0.05045906826853752,inf,6.694779396057129,1.1762949228286743
64479,nan,-0.1309477537870407,inf,11.374496459960938,0.1998843252658844
64520,nan,-0.049097370356321335,inf,6.6422953605651855,0.5499006509780884
64531,nan,-0.1345135122537613,inf,11.945887565612793,0.02594153955578804
64547,nan,-0.13264335691928864,inf,12.047560691833496,0.044654037803411484
64569,nan,-0.09707745909690857,inf,9.775699615478516,0.2551173269748688
64570,nan,-0.0707269236445427,inf,7.453016757965088,2.6308181285858154
64602,nan,-0.13479404151439667,inf,15.51953125,0.00080618861829862
64618,nan,0.1663425713777542,inf,4.72971248626709,6.312612056732178
64640,nan,-0.1341734379529953,inf,14.754521369934082,0.016033267602324486
64708,nan,-0.13481222093105316,inf,26.001697540283203,5.9604645663569045e-09
64713,nan,-0.12674196064472198,inf,14.5220308303833,0.20344029366970062
64719,nan,-0.10445039719343185,inf,7.0842790603637695,0.6921843886375427
64770,nan,0.026048889383673668,inf,6.867044925689697,3.687364339828491
64788,nan,-0.13481266796588898,inf,17.28138542175293,7.534027190558845e-06
64830,nan,1.52069091796875,inf,3.363431930541992,23.58881950378418
64856,nan,0.6442970633506775,inf,4.760359287261963,8.093289375305176
64871,nan,-0.1340603083372116,inf,10.733468055725098,0.013324260711669922
64891,nan,0.490513414144516,inf,4.913175582885742,17.26681137084961
64945,nan,-0.13481098413467407,inf,23.040279388427734,8.277893357444555e-05
64993,nan,-0.13514141738414764,inf,16.76201629638672,-0.023318195715546608
65093,nan,-0.13458405435085297,inf,16.41523551940918,0.006437850184738636
65181,nan,-0.13480615615844727,inf,19.187578201293945,0.0001451492280466482
65201,nan,-0.0480186901986599,inf,6.679023265838623,0.9821125268936157
65217,nan,-0.14279155433177948,inf,5.110271453857422,-0.02090759389102459
65258,nan,-0.1348082423210144,inf,16.548389434814453,0.00011548995826160535
65281,nan,-0.134785458445549,inf,20.53255844116211,0.0007155537605285645
65282,nan,-0.1346476525068283,inf,15.68381404876709,0.005726337432861328
65288,nan,-0.13233120739459991,inf,10.636564254760742,0.04398546367883682
65311,nan,-0.13382092118263245,inf,13.628369331359863,0.007063627243041992
65366,nan,-0.13457606732845306,inf,14.378046989440918,0.006698227021843195
65379,nan,-0.13481222093105316,inf,28.341840744018555,0.0
65399,nan,-0.13221554458141327,inf,10.596992492675781,0.0624576099216938
65442,nan,-0.08540665358304977,inf,12.842520713806152,1.2702232599258423
65503,nan,-0.13477973639965057,inf,19.91436004638672,0.0008686065557412803
65516,nan,-0.0536019504070282,inf,13.287150382995605,0.5596398711204529
65564,nan,-0.06493876874446869,inf,8.248377799987793,3.6378581523895264
65599,nan,-0.14017121493816376,inf,9.065512657165527,-0.13127627968788147
65620,nan,0.3057551383972168,inf,5.393256664276123,13.964019775390625
65696,nan,-0.13407616317272186,inf,14.312311172485352,0.014408349990844727
65700,nan,-0.012845813296735287,inf,11.331175804138184,0.5204048156738281
65729,nan,-0.13472025096416473,inf,16.85276222229004,0.0025714016519486904
65770,nan,-0.12167036533355713,inf,14.750398635864258,0.12036099284887314
65784,nan,-0.1343321055173874,inf,13.008715629577637,0.014329910278320312
65796,nan,0.027445698156952858,inf,8.343620300292969,3.4578709602355957
65827,nan,-0.07548519223928452,inf,10.660969734191895,1.634217619895935
65846,nan,-0.08002472668886185,inf,8.982699394226074,2.0571885108947754
65862,nan,-0.1342865526676178,inf,12.438600540161133,0.016953660175204277
65883,nan,-0.06653936952352524,inf,7.002499580383301,1.0076115131378174
65900,nan,-0.10485460609197617,inf,7.278833866119385,1.23959219455719
65921,nan,0.325804203748703,inf,9.411032676696777,13.440350532531738
65923,nan,-0.13481059670448303,inf,17.726909637451172,5.65648078918457e-05
65946,nan,-0.13346920907497406,inf,14.026715278625488,0.030942250043153763
65977,nan,-0.13481184840202332,inf,16.61282730102539,8.130074093060102e-06
66001,nan,-0.13491907715797424,inf,16.405437469482422,-0.0026561261620372534
66039,nan,-0.13241182267665863,inf,10.528376579284668,0.08281815052032471
66053,nan,-0.05748779699206352,inf,10.348917007446289,1.6705029010772705
66069,nan,-0.13376614451408386,inf,12.127615928649902,0.0320802703499794
66075,nan,-0.11170172691345215,inf,8.270297050476074,0.5144805312156677
66107,nan,-0.13479134440422058,inf,17.724212646484375,0.000843048095703125
66130,nan,-0.1316743940114975,inf,14.588168144226074,0.07075157016515732
66198,nan,-0.13479483127593994,inf,13.850712776184082,0.0007659018156118691
66205,nan,-0.11118569225072861,inf,10.825834274291992,0.6145421862602234
66228,nan,-0.13481731712818146,inf,14.65471363067627,0.0015692710876464844
66245,nan,-0.132584348320961,inf,9.812841415405273,0.023552512750029564
66262,nan,2.4878814220428467,inf,3.3825504779815674,59.1777458190918
66313,nan,-0.13456681370735168,inf,20.387531280517578,0.012601804919540882
66314,nan,0.3294812738895416,inf,5.1408610343933105,4.444056987762451
66359,nan,-0.13480083644390106,inf,21.522972106933594,0.0007888794061727822
66378,nan,-0.1336723268032074,inf,11.342844009399414,0.020550822839140892
66427,nan,-0.1291399598121643,inf,9.672755241394043,0.19999480247497559
66433,nan,-0.14297817647457123,inf,15.534031867980957,-0.09246420860290527
66442,nan,-0.13406553864479065,inf,16.272172927856445,0.01294641476124525
66458,nan,-0.1347702443599701,inf,8.997397422790527,0.46048274636268616
66519,nan,0.43984293937683105,inf,5.234367847442627,5.774987697601318
66573,nan,-0.13475356996059418,inf,16.98761558532715,0.00045909881009720266
66581,nan,-0.1351892203092575,inf,12.3711519241333,0.03332478925585747
66613,nan,-0.13480257987976074,inf,18.757352828979492,0.00022664071002509445
66632,nan,-0.11129292100667953,inf,8.012839317321777,0.5306965708732605
66804,nan,-0.1347973346710205,inf,20.228986740112305,0.0004055023309774697
66844,nan,-0.12345661967992783,inf,8.19365119934082,0.22919273376464844
66881,nan,-0.12212707102298737,inf,10.682765007019043,0.10440559685230255
66884,nan,-0.1344837099313736,inf,13.15054988861084,0.010194010101258755
66893,nan,-0.12562111020088196,inf,12.422930717468262,0.11959590762853622
66949,nan,-0.08605845272541046,inf,10.821660995483398,0.7075876593589783
66954,nan,-0.07829942554235458,inf,13.387475967407227,1.2921020984649658
66955,nan,-0.13480059802532196,inf,21.804304122924805,0.0007061362266540527
66968,nan,-0.13127058744430542,inf,12.331212997436523,0.19768933951854706
66973,nan,-0.101060651242733,inf,5.016348361968994,0.904096782207489
67008,nan,-0.10366971790790558,inf,8.9215669631958,0.7744426131248474
67047,nan,-0.07666371017694473,inf,6.13912296295166,1.1191505193710327
67074,nan,-0.08589386194944382,inf,7.371971130371094,1.6053987741470337
67098,nan,-0.11124956607818604,inf,8.94505786895752,0.24224261939525604
67113,nan,-0.13483119010925293,inf,15.785284996032715,4.787445141118951e-05
67157,nan,1.5219613313674927,inf,2.535734176635742,34.76110076904297
67225,nan,-0.13475964963436127,inf,13.721223831176758,0.0021102309692651033
67298,nan,-0.13323833048343658,inf,10.959917068481445,0.08038473129272461
67306,nan,-0.1337420642375946,inf,11.155542373657227,0.019003963097929955
67346,nan,-0.11569073051214218,inf,10.400362014770508,0.20183275640010834
67358,nan,-0.12337086349725723,inf,11.394362449645996,0.636818528175354
67394,nan,-0.12991537153720856,inf,17.349323272705078,0.12424740940332413
67400,nan,-0.13481108844280243,inf,24.425762176513672,4.806518700206652e-05
67422,nan,-0.13698932528495789,inf,17.972484588623047,-0.03910484537482262
67483,nan,0.05530635267496109,inf,8.404257774353027,4.49780797958374
67495,nan,-0.03114187717437744,inf,5.70655632019043,2.2412469387054443
67560,nan,-0.13618457317352295,inf,9.131104469299316,-0.01312478817999363
67566,nan,-0.13480792939662933,inf,19.288307189941406,8.7738037109375e-05
67574,nan,-0.12406791746616364,inf,8.346243858337402,0.5702592730522156
67591,nan,-0.13413193821907043,inf,12.287556648254395,0.013350391760468483
67611,nan,-0.11691155284643173,inf,8.18017292022705,0.28596067428588867
67614,nan,-0.1343029886484146,inf,12.399375915527344,0.012246585451066494
67662,nan,-0.13480310142040253,inf,20.8917293548584,0.0001992233155760914
67667,nan,0.8660545349121094,inf,2.6103224754333496,33.956886291503906
67674,nan,-0.13766925036907196,inf,15.611128807067871,-0.07330606132745743
67684,nan,-0.11930489540100098,inf,9.188530921936035,0.33390042185783386
67688,nan,-0.07356994599103928,inf,10.027641296386719,1.5999823808670044
67807,nan,-0.13334544003009796,inf,11.498583793640137,0.030321216210722923
67823,nan,-0.1325119584798813,inf,8.900517463684082,0.20679636299610138
67833,nan,0.02782280743122101,inf,6.005275726318359,2.3832714557647705
67837,nan,-0.1342453807592392,inf,11.889422416687012,0.012381982989609241
67864,nan,-0.13194823265075684,inf,12.300750732421875,0.18800850212574005
67868,nan,0.8336990475654602,inf,3.557866334915161,20.39240837097168
67881,nan,-0.13480329513549805,inf,21.499271392822266,0.0005420685047283769
67886,nan,-0.13478033244609833,inf,13.791664123535156,0.0008943557622842491
67931,nan,-0.1294129490852356,inf,6.813421726226807,0.2258441299200058
68006,nan,-0.11669021844863892,inf,9.127927780151367,0.4559924304485321
68037,nan,-0.1338067501783371,inf,14.906379699707031,0.00555950403213501
68120,nan,-0.11458807438611984,inf,15.005681037902832,0.4163864254951477
68153,nan,2.2073848247528076,inf,3.6965560913085938,55.30802536010742
68182,nan,-0.1348121464252472,inf,24.5473575592041,1.9073486328125e-06
68197,nan,-0.08650881797075272,inf,6.010366916656494,0.6413113474845886
68256,nan,-0.13469114899635315,inf,12.216785430908203,0.005199432373046875
68289,nan,-0.13482414186000824,inf,13.939872741699219,0.002573943231254816
68296,nan,0.4442670941352844,inf,4.700636386871338,13.181309700012207
68336,nan,-0.11041577905416489,inf,10.91333293914795,0.6863258481025696
68416,nan,0.13541454076766968,inf,6.970130920410156,3.687347888946533
68441,nan,-0.1349128931760788,inf,13.888079643249512,-0.0038595199584960938
68480,nan,0.01252115797251463,inf,6.045474529266357,3.7155282497406006
68485,nan,-0.13481169939041138,inf,22.05757713317871,1.3470649719238281e-05
68490,nan,-0.10039746761322021,inf,7.827441692352295,1.2313214540481567
68514,nan,-0.13481192290782928,inf,19.878076553344727,1.258850079466356e-05
68529,nan,-0.1362125724554062,inf,13.738688468933105,-0.017372703179717064
68629,nan,-0.13481557369232178,inf,20.811922073364258,-8.430481102550402e-05
68702,nan,-0.13480794429779053,inf,21.277387619018555,9.936094284057617e-05
68731,nan,-0.10638769716024399,inf,10.864242553710938,0.7418727278709412
68743,nan,0.0182039737701416,inf,4.232804775238037,2.7651469707489014
68799,nan,-0.12994080781936646,inf,12.871176719665527,0.08921747654676437
68825,nan,-0.13109678030014038,inf,10.22909164428711,0.2399669736623764
68829,nan,-0.09084121137857437,inf,6.021749019622803,0.0807761698961258
68852,nan,-0.13321198523044586,inf,11.588142395019531,0.038893796503543854
68864,nan,0.32399341464042664,inf,4.728332996368408,12.57572078704834
68868,nan,-0.13223282992839813,inf,10.331348419189453,0.05830874666571617
68878,nan,-0.13481222093105316,inf,20.81205940246582,-7.629394644936838e-07
68886,nan,0.09852311760187149,inf,6.866710186004639,5.781028747558594
68889,nan,1.068679690361023,inf,4.8019208908081055,26.247297286987305
68898,nan,0.1991405189037323,inf,3.5043957233428955,6.3539581298828125
68933,nan,1.3350058794021606,inf,3.6948704719543457,34.943660736083984
68989,nan,-0.0756787583231926,inf,10.181188583374023,0.5726987719535828
69009,nan,-0.13480763137340546,inf,21.136993408203125,0.0001436099410057068
69041,nan,0.9592168927192688,inf,5.669485092163086,24.08958625793457
69103,nan,-0.03344788774847984,inf,7.092772960662842,2.2519261837005615
69146,nan,-0.13481056690216064,inf,21.153661727905273,8.850097947288305e-05
69150,nan,-0.1347513049840927,inf,15.409367561340332,0.0026565820444375277
69151,nan,-0.13451024889945984,inf,13.051918029785156,0.01164102554321289
69173,nan,0.18835455179214478,inf,9.890095710754395,4.96482515335083
69203,nan,2.5111403465270996,inf,1.0762697458267212,39.45609664916992
69207,nan,-0.1288762390613556,inf,12.059090614318848,0.14064756035804749
69284,nan,0.27281516790390015,inf,3.8765408992767334,8.128512382507324
69308,nan,-0.13420319557189941,inf,20.637920379638672,0.013367366977036
69349,nan,-0.13473133742809296,inf,11.494275093078613,-0.0052131651900708675
69365,nan,-0.13481251895427704,inf,20.47307586669922,-1.7833710444392636e-05
69368,nan,-0.134755939245224,inf,22.228240966796875,0.0014410018920898438
69391,nan,0.4654630720615387,inf,4.292625427246094,8.331512451171875
69399,nan,-0.13477753102779388,inf,20.050336837768555,0.00054168701171875
69418,nan,-0.1347913295030594,inf,17.408870697021484,0.01254196185618639
69452,nan,-0.12923364341259003,inf,12.366545677185059,-0.04129543527960777
69461,nan,-0.13458360731601715,inf,11.307034492492676,0.0019125938415527344
69537,nan,-0.13481172919273376,inf,17.869504928588867,7.03811674611643e-05
69558,nan,0.16619698703289032,inf,3.896027088165283,9.816326141357422
69584,nan,-0.1348123550415039,inf,21.05658531188965,1.3844925206285552e-06
69593,nan,-0.13477914035320282,inf,18.64283561706543,0.0008754730224609375
69616,nan,-0.13327716290950775,inf,11.701265335083008,0.0332704558968544
69628,nan,-0.13484874367713928,inf,18.586902618408203,0.0006331920740194619
69634,nan,-0.09273742884397507,inf,8.936627388000488,1.4882370233535767
69652,nan,-0.007187824230641127,inf,5.043604850769043,3.0323073863983154
69669,nan,-0.13469158113002777,inf,17.143144607543945,0.005827713292092085
69686,nan,-0.0172994714230299,inf,8.440823554992676,3.199240207672119
69709,nan,0.07633179426193237,inf,4.752639293670654,4.755124568939209
69723,nan,-0.13480374217033386,inf,12.808801651000977,0.0036729814019054174
69748,nan,-0.009065291844308376,inf,6.10039758682251,2.5499942302703857
69759,nan,-0.13481086492538452,inf,18.24787712097168,0.00010995865159202367
69771,nan,-0.13420931994915009,inf,16.842422485351562,0.010561609640717506
69780,nan,-0.10501109808683395,inf,13.428885459899902,1.5929765701293945
69793,nan,-0.13469155132770538,inf,14.871533393859863,0.0045528411865234375
69810,nan,-0.13479559123516083,inf,18.860755920410156,0.0011530399788171053
69886,nan,-0.12677496671676636,inf,9.408358573913574,0.10078620910644531
69887,nan,-0.13451263308525085,inf,16.369173049926758,0.013802719302475452
69899,nan,-0.13481426239013672,inf,19.649150848388672,-5.4931642807787284e-05
69915,nan,1.7882450819015503,inf,1.7490962743759155,33.62282943725586
69929,nan,-0.1348119080066681,inf,19.914735794067383,9.34600848268019e-06
69933,nan,0.027028074488043785,inf,6.590420722961426,3.916689395904541
69938,nan,-0.1292339712381363,inf,12.356731414794922,0.20338578522205353
69950,nan,-0.12956036627292633,inf,8.433813095092773,0.030412793159484863
69983,nan,-0.13409164547920227,inf,14.565057754516602,0.025120973587036133
69986,nan,-0.03286410868167877,inf,6.502044677734375,2.202254056930542
69995,nan,-0.1342751383781433,inf,15.254602432250977,0.02467823028564453
70013,nan,-0.1345970332622528,inf,13.804883003234863,0.005500358529388905
70023,nan,-0.13471448421478271,inf,17.504690170288086,0.00272369384765625
70030,nan,0.0014038624940440059,inf,5.475565433502197,2.3789401054382324
70043,nan,-0.13478508591651917,inf,13.396695137023926,0.0007982969400472939
70050,nan,-0.059526968747377396,inf,4.810256481170654,0.33905431628227234
70141,nan,-0.13440513610839844,inf,15.799426078796387,0.009668350219726562
70187,nan,-0.12235774844884872,inf,10.073158264160156,0.1019861251115799
70218,nan,8.657453536987305,inf,1.1737812757492065,114.77294921875
70250,nan,-0.13376425206661224,inf,16.043249130249023,0.024649430066347122
70256,nan,0.4013662040233612,inf,5.074216842651367,7.8049187660217285
70303,nan,-0.1347435563802719,inf,14.837859153747559,0.0033016204833984375
70329,nan,-0.125295951962471,inf,9.49585247039795,0.23313622176647186
70416,nan,-0.13493140041828156,inf,12.618919372558594,-0.0036058903206139803
70428,nan,-0.11020845174789429,inf,10.016907691955566,0.6133272051811218
70483,nan,-0.1348121017217636,inf,29.531187057495117,7.24792471373803e-06
70485,nan,-0.13549411296844482,inf,13.258331298828125,-0.0178969856351614
70511,nan,-0.1348136067390442,inf,22.4077205657959,-2.09808349609375e-05
70515,nan,0.035419147461652756,inf,6.328625679016113,2.9823544025421143
70523,nan,-0.13393466174602509,inf,10.314387321472168,0.017109442502260208
70525,nan,-0.10459177941083908,inf,6.758930206298828,1.006134033203125
70559,nan,-0.13469509780406952,inf,12.5519437789917,0.0028370858635753393
70585,nan,-0.13236089050769806,inf,17.750198364257812,0.06208095699548721
70595,nan,-0.12410684674978256,inf,10.231757164001465,0.13829480111598969
70638,nan,-0.018060771748423576,inf,5.358380317687988,3.679068088531494
70664,nan,1.0356191396713257,inf,4.636729717254639,19.598880767822266
70752,nan,-0.13471576571464539,inf,12.877578735351562,0.002400946570560336
70767,nan,-0.13468234241008759,inf,13.017578125,0.004057788755744696
70775,nan,-0.1324051469564438,inf,19.490392684936523,0.17088107764720917
70820,nan,0.06788768619298935,inf,6.848028659820557,5.980676651000977
70830,nan,0.17180675268173218,inf,6.66309118270874,11.429059028625488
70876,nan,-0.1331055611371994,inf,13.786088943481445,0.03357047960162163
70906,nan,-0.134119912981987,inf,13.867144584655762,0.02005331590771675
70914,nan,-0.1301417052745819,inf,16.899749755859375,0.31477150321006775
70937,nan,-0.13682115077972412,inf,15.57353687286377,-0.05011570453643799
70966,nan,0.12349996715784073,inf,5.818979740142822,1.9606996774673462
71004,nan,-0.1113513857126236,inf,6.943562984466553,0.251257985830307
71006,nan,-0.13481232523918152,inf,20.574960708618164,-9.5367431640625e-07
71066,nan,-0.12326212972402573,inf,9.395750999450684,0.29269537329673767
71100,nan,-0.135444775223732,inf,9.01523494720459,-0.014607811346650124
71101,nan,-0.1327296942472458,inf,9.932503700256348,0.043550875037908554
71116,nan,1.0631788969039917,inf,2.75596284866333,29.34356689453125
71128,nan,-0.13480286300182343,inf,17.342130661010742,0.00042095183744095266
71130,nan,-0.13480092585086823,inf,22.865447998046875,0.0007179260137490928
71136,nan,-0.04778704047203064,inf,5.450286388397217,1.872667670249939
71208,nan,0.008140853606164455,inf,6.469642162322998,2.9868314266204834
71233,nan,-0.15246477723121643,inf,10.025595664978027,-0.3216382563114166
71236,nan,0.9319162368774414,inf,3.216876745223999,30.803220748901367
71269,nan,-0.13489441573619843,inf,18.52349090576172,-0.0020784379448741674
71300,nan,0.012416533194482327,inf,8.566205024719238,5.419677257537842
71357,nan,-0.1346622258424759,inf,18.880802154541016,0.0013349533546715975
71417,nan,1.511212944984436,inf,2.6400182247161865,25.14063835144043
71453,nan,-0.13461774587631226,inf,15.207605361938477,0.007405757904052734
71556,nan,-0.05701366811990738,inf,8.78946590423584,1.376356601715088
71586,nan,-0.08734043687582016,inf,9.196974754333496,2.6300048828125
71673,nan,-0.03855491429567337,inf,7.900912761688232,5.6913981437683105
71706,nan,-0.11961966007947922,inf,8.559507369995117,0.5272378921508789
71719,nan,-0.07145977765321732,inf,6.840859413146973,2.2231616973876953
71733,nan,0.47681713104248047,inf,7.877060890197754,5.46291446685791
71748,nan,-0.12565132975578308,inf,8.169331550598145,1.1267865896224976
71783,nan,-0.1305641233921051,inf,12.299276351928711,0.26963844895362854
71789,nan,-0.13481029868125916,inf,17.570674896240234,3.62396240234375e-05
71823,nan,-0.09763572365045547,inf,8.575274467468262,1.1602193117141724
71832,nan,-0.13444148004055023,inf,13.691906929016113,0.010168028064072132
71864,nan,-0.13471095263957977,inf,16.982952117919922,0.001300811767578125
71900,nan,-0.13507722318172455,inf,15.43177318572998,-0.00666046142578125
71936,nan,-0.13480818271636963,inf,16.261693954467773,0.00019998550124000758
71959,nan,0.015426360070705414,inf,6.249207973480225,8.914519309997559
71992,nan,-0.13805560767650604,inf,10.325736999511719,0.06980996578931808
71994,nan,0.0010054633021354675,inf,9.14709758758545,3.597442626953125
72028,nan,-0.12944218516349792,inf,12.137967109680176,0.24044327437877655
72078,nan,-0.10325898230075836,inf,6.8575758934021,0.31058987975120544
72118,nan,-0.10528504103422165,inf,9.690503120422363,0.6606343388557434
72133,nan,0.8180093169212341,inf,3.2257962226867676,16.916248321533203
72203,nan,-0.13000543415546417,inf,11.929569244384766,0.12905387580394745
72253,nan,-0.13474731147289276,inf,18.842884063720703,0.0005604744073934853
72336,nan,0.06497862190008163,inf,5.46026086807251,4.158192157745361
72337,nan,-0.12060066312551498,inf,8.219951629638672,0.6662184596061707
72340,nan,-0.11722220480442047,inf,6.274447917938232,0.8484529852867126
72366,nan,-0.12058203667402267,inf,9.271689414978027,0.3917582035064697
72367,nan,-0.13417820632457733,inf,13.669273376464844,0.015496253967285156
72389,nan,-0.10013576596975327,inf,10.123396873474121,1.0497829914093018
72533,nan,-0.13472609221935272,inf,15.936665534973145,0.004231167025864124
72534,nan,-0.13473433256149292,inf,19.522789001464844,0.005385971162468195
72572,nan,-0.13479666411876678,inf,14.983813285827637,0.00045680999755859375
72580,nan,0.049867089837789536,inf,7.210753917694092,9.89352035522461
72604,nan,-0.12632988393306732,inf,9.720290184020996,0.18034829199314117
72631,nan,-0.1348108947277069,inf,18.06020164489746,0.00010533333261264488
72661,nan,-0.01875542663037777,inf,5.345852851867676,8.221576690673828
72693,nan,0.4457571506500244,inf,4.539622783660889,5.283179759979248
72727,nan,-0.1347428262233734,inf,16.073774337768555,-0.004393196199089289
72740,nan,-0.13451705873012543,inf,15.608675956726074,0.005491924472153187
72762,nan,-0.13701342046260834,inf,10.55066967010498,-0.01500015240162611
72791,nan,-0.1021844670176506,inf,8.122941970825195,0.668975830078125
72796,nan,-0.13479392230510712,inf,18.574642181396484,0.0004666328604798764
72814,nan,-0.12852607667446136,inf,15.172711372375488,0.04267578199505806
72815,nan,-0.15632744133472443,inf,20.780454635620117,-0.4439631402492523
72845,nan,-0.13464117050170898,inf,14.984721183776855,0.009289664216339588
72873,nan,-0.12055861204862595,inf,8.324589729309082,0.7150251269340515
72887,nan,-0.12498529255390167,inf,9.125959396362305,0.235646054148674
72892,nan,-0.11318501085042953,inf,9.758994102478027,0.41236457228660583
72945,nan,-0.13481298089027405,inf,28.976720809936523,-2.574920654296875e-05
72964,nan,-0.1362520307302475,inf,9.27552318572998,0.13377216458320618
73038,nan,-0.12441827356815338,inf,11.126726150512695,0.2433360368013382
73164,nan,-0.11062785238027573,inf,5.398231029510498,-0.08692474663257599
73246,nan,0.010320164263248444,inf,4.7263054847717285,4.26026725769043
73254,nan,-0.13480989634990692,inf,21.4486026763916,5.4645537602482364e-05
