train_idx,x_rm,y_a,d_raw,m_raw,a_raw
40,-0.4136652946472168,-0.08466242998838425,0.002429050160571933,8.960770606994629,0.7627002596855164
51,-0.9984198808670044,-0.22128033638000488,0.002348523586988449,11.86075496673584,0.6971513628959656
70,-0.004346489906311035,-0.16312836110591888,0.0028308590408414602,10.58825397491455,0.5724716186523438
107,0.856776237487793,-0.051598187536001205,0.0030752611346542835,7.908333778381348,1.0912208557128906
128,0.561068058013916,0.11621302366256714,0.0028191772289574146,7.295804500579834,1.4554576873779297
173,0.9806358218193054,0.06657404452562332,0.0031512074638158083,7.811280727386475,2.867055654525757
195,0.33367618918418884,-0.14877815544605255,0.0028459904715418816,8.985353469848633,1.121834635734558
217,0.28523457050323486,-0.18043343722820282,0.003026355756446719,11.100852012634277,0.3371520936489105
239,-2.890735626220703,-0.2802063226699829,0.001859657117165625,18.477697372436523,0.015327072702348232
260,1.9642308950424194,0.3416101634502411,0.0035580743569880724,6.004299163818359,3.3949124813079834
277,-0.3640933930873871,-0.22222398221492767,0.00255797803401947,9.934466361999512,0.23731385171413422
285,-0.43374013900756836,-0.0593733973801136,0.002388095250353217,8.46728801727295,0.9105537533760071
297,-1.2487163543701172,-0.2751673758029938,0.002415035618469119,13.848052978515625,-0.12868157029151917
305,-0.6495178937911987,-0.1722751408815384,0.0023163266014307737,8.87000560760498,0.4088164269924164
324,-2.499380588531494,-0.27998387813568115,0.0023542537819594145,20.9033203125,0.0022827149368822575
339,-1.2747957706451416,-0.2594832479953766,0.002229053759947419,12.005915641784668,0.33299389481544495
462,-1.7549136877059937,-0.27164146304130554,0.0021079459693282843,14.01539134979248,0.07696204632520676
491,1.8121225833892822,0.11177587509155273,0.0035241132136434317,6.715394496917725,1.825294852256775
515,2.2234890460968018,-0.09566545486450195,0.003975980449467897,8.399456024169922,1.2820930480957031
542,1.3284794092178345,-0.06654050946235657,0.0034242139663547277,8.364212036132812,1.1904118061065674
573,-0.8615992665290833,-0.18900297582149506,0.002150610787793994,9.149842262268066,2.2238104343414307
607,-0.03353048115968704,-0.2568213641643524,0.002867043251171708,11.445265769958496,0.1887892186641693
624,-0.20395588874816895,-0.178450807929039,0.0025226965080946684,8.741246223449707,1.3710304498672485
670,1.4248417615890503,0.2825659215450287,0.0033411059994250536,6.409221172332764,1.9992107152938843
726,-0.7360005378723145,-0.1614009290933609,0.0024295183829963207,11.20524787902832,0.9076833724975586
732,0.7738937735557556,0.8353254199028015,0.0027459950651973486,5.0153985023498535,12.673367500305176
734,0.0007873773574829102,-0.043548017740249634,0.0024665328674018383,6.999579906463623,1.6615227460861206
750,0.7634568214416504,0.368164598941803,0.002887240145355463,6.550136089324951,18.355566024780273
762,1.9329646825790405,0.05028538778424263,0.003518459154292941,5.688605308532715,6.477328777313232
767,1.0638359785079956,0.8378682136535645,0.003023942932486534,6.222424507141113,3.1845436096191406
814,-0.8122949004173279,-0.2681124806404114,0.002454497152939439,11.494433403015137,0.6034013628959656
817,0.22562161087989807,-0.17842845618724823,0.0028432030230760574,9.185656547546387,0.32784080505371094
852,1.1068745851516724,-0.14796453714370728,0.0033840008545666933,9.22840404510498,0.3720947206020355
875,-0.9568385481834412,-0.280579537153244,0.002906831679865718,17.351964950561523,0.001676797866821289
908,-0.7164222598075867,-0.2786107659339905,0.003023996949195862,16.504192352294922,0.0063606263138353825
918,2.593597412109375,0.6564470529556274,0.003939747344702482,5.938427925109863,4.360891342163086
984,-1.3450192213058472,-0.11842198669910431,0.0021756128408014774,12.038423538208008,0.19615136086940765
993,2.2229511737823486,-0.2323216199874878,0.004039263818413019,8.70158576965332,1.0650558471679688
999,0.8434611558914185,0.17549721896648407,0.003064023330807686,7.500803470611572,1.4614427089691162
1015,-3.494035482406616,-0.2806834578514099,0.0018501788144931197,21.584686279296875,-0.00091552734375
1081,-0.13398823142051697,-0.16815100610256195,0.002618019934743643,8.984060287475586,3.77636456489563
1088,1.3143091201782227,0.1278521865606308,0.003315127221867442,7.399872779846191,9.976978302001953
1091,1.0018205642700195,-0.18304578959941864,0.00315553299151361,8.120552062988281,0.4301025867462158
1093,-0.8599956631660461,-0.22795744240283966,0.002508424688130617,12.402360916137695,0.392429918050766
1096,-2.923215627670288,-0.28066638112068176,0.0027515506371855736,27.321847915649414,4.501342846197076e-05
1111,-1.6036531925201416,-0.275896817445755,0.002224376890808344,14.460184097290039,0.1386467069387436
1156,0.3551400303840637,-0.2794892489910126,0.003309467574581504,12.970952033996582,0.01058585662394762
1172,-2.491907835006714,-0.2805700898170471,0.0022285201121121645,19.339147567749023,0.0002094268857035786
1193,1.6993801593780518,-0.289298951625824,0.003482596715912223,6.892981052398682,0.07673916965723038
1198,2.074207067489624,0.3579896092414856,0.003701658919453621,6.598202705383301,11.472416877746582
1206,-1.315182089805603,-0.27849718928337097,0.0023249781224876642,13.492444038391113,0.008243775926530361
1244,0.0492551289498806,-0.27657589316368103,0.0028578757774084806,10.453887939453125,0.04512839391827583
1272,0.3530086278915405,0.5716181397438049,0.002749406499788165,7.460219860076904,9.591568946838379
1274,-1.636997103691101,-0.28071725368499756,0.002392819384112954,15.9583101272583,-0.0015825271839275956
1331,0.5947179198265076,-0.22104516625404358,0.002820502733811736,7.269724369049072,0.2898533344268799
1344,1.1777437925338745,-0.10989195108413696,0.003314355853945017,8.239606857299805,0.5247311592102051
1411,-0.5586156249046326,0.05451492592692375,0.0025198140647262335,10.844473838806152,0.9083650708198547
1423,-1.600881576538086,-0.2752036452293396,0.002225756412371993,14.013461112976074,0.023171616718173027
1482,0.6278626918792725,-0.04692051187157631,0.0030057933181524277,8.33825969696045,0.9027416110038757
1486,-1.1191414594650269,-0.2624976336956024,0.002229278674349189,10.826193809509277,0.05751762539148331
1513,0.4630187451839447,0.2681780457496643,0.0027962762396782637,7.528330326080322,15.288736343383789
1517,-0.9941872954368591,-0.21344728767871857,0.0022765479516237974,11.107958793640137,0.3421260118484497
1519,-1.46181058883667,-0.23780079185962677,0.0020412856247276068,11.461122512817383,0.39827653765678406
1521,-0.22672048211097717,-0.1030488833785057,0.002790832659229636,11.488136291503906,2.170130491256714
1580,2.6939194202423096,0.7044402956962585,0.003889327170327306,5.365209579467773,5.66223669052124
1588,-2.267756462097168,-0.2806500494480133,0.0029202261939644814,24.473936080932617,0.0006256103515625
1591,0.4360227584838867,-0.1976448893547058,0.0029610206838697195,9.316302299499512,0.43748053908348083
1600,-1.1109875440597534,-0.28060394525527954,0.003263043239712715,21.254344940185547,0.0021408081520348787
1647,-0.5266085267066956,-0.10646399110555649,0.0023940640967339277,8.985247611999512,0.4057345390319824
1661,-3.019737958908081,-0.2806181013584137,0.002119929064065218,21.458358764648438,0.0003364563162904233
1691,-2.7949023246765137,-0.28047245740890503,0.002309391973540187,21.893688201904297,0.009187317453324795
1713,-2.0579073429107666,-0.20046232640743256,0.0015961368335410953,10.54013729095459,1.6136661767959595
1719,-1.1918195486068726,-0.2805514633655548,0.0027222922071814537,16.230716705322266,0.002351188799366355
1754,0.010299617424607277,-0.051415640860795975,0.002821674570441246,10.722868919372559,4.084980487823486
1786,-2.9769115447998047,-0.2771492004394531,0.0019447848899289966,19.578453063964844,0.012925433926284313
1805,-2.3181087970733643,-0.2781555652618408,0.0021267652045935392,17.286548614501953,0.12408828735351562
1847,0.5198653936386108,-0.22820496559143066,0.0031986087560653687,10.962370872497559,2.234632968902588
1848,-1.4296677112579346,-0.28049176931381226,0.00261177821084857,16.72601318359375,0.0007626533624716103
1849,-2.7478532791137695,-0.2801501452922821,0.002277353312820196,20.820289611816406,0.00742683419957757
1865,1.0095323324203491,-0.07735446840524673,0.0031383060850203037,6.915283203125,1.0516544580459595
1873,1.9625118970870972,-0.14487189054489136,0.003773970529437065,7.84114408493042,0.6441518664360046
1942,0.9894441962242126,-0.21656794846057892,0.003401974681764841,10.093169212341309,0.22109070420265198
1943,1.0378273725509644,0.35921940207481384,0.0031029728706926107,6.702897548675537,3.1336581707000732
1949,0.858033299446106,0.28798556327819824,0.0030110301449894905,6.821872711181641,2.820105791091919
1976,-1.5365780591964722,-0.016600927338004112,0.001989116193726659,11.262450218200684,0.9505311846733093
1983,2.1035354137420654,1.2048529386520386,0.0035855346359312534,5.44679594039917,10.861144065856934
1986,-1.3777192831039429,-0.2734515368938446,0.0024220396298915148,15.004440307617188,0.03969268873333931
1991,1.3350496292114258,0.26244768500328064,0.003207692876458168,6.663914680480957,5.347944736480713
1993,1.3507617712020874,0.20457695424556732,0.0031985570676624775,5.934317111968994,1.9607340097427368
1998,1.8921197652816772,-0.08206875622272491,0.0037280258256942034,8.165324211120605,3.2335548400878906
2028,0.006865430623292923,-0.2249257117509842,0.0027972946409136057,10.602714538574219,0.24290123581886292
2054,-0.9353289604187012,-0.25685548782348633,0.002346260705962777,11.39087200164795,0.08490157127380371
2064,-0.8493627905845642,-0.2182539701461792,0.0021717913914471865,8.85214900970459,0.24939432740211487
2071,-0.6079123616218567,-0.26790690422058105,0.002677719807252288,12.416985511779785,0.08019790798425674
2073,0.4664033353328705,0.015608245506882668,0.0028764198068529367,7.826866149902344,1.3276344537734985
2081,-1.5683790445327759,-0.2642963230609894,0.0026647073682397604,18.05093765258789,0.04377594217658043
2104,1.2213385105133057,-0.2419971525669098,0.0036143020261079073,10.825068473815918,0.13581886887550354
2117,-0.8538572192192078,-0.23941540718078613,0.0021538895089179277,8.79679012298584,0.2778981328010559
2120,-1.8002758026123047,-0.23042936623096466,0.001741694868542254,10.54011058807373,0.22214622795581818
2147,1.2142924070358276,-0.21555642783641815,0.003465194720774889,9.558836936950684,0.1784440129995346
2148,0.2398327887058258,0.10806305706501007,0.0025964053347706795,6.483105659484863,3.522024631500244
2167,0.5855945348739624,-0.18393902480602264,0.0031680737156420946,10.42689037322998,0.329136461019516
2188,-0.22905194759368896,-0.06547442078590393,0.0026869657449424267,10.152435302734375,0.6055962443351746
2236,-2.696352958679199,-0.27857890725135803,0.0018576637376099825,16.467103958129883,0.005386471748352051
2240,-1.145979881286621,-0.2668088972568512,0.0023663246538490057,12.990490913391113,0.08680763095617294
2242,-1.2120851278305054,-0.17602179944515228,0.002091968199238181,10.351669311523438,0.7539705038070679
2260,1.7815828323364258,0.9373916983604431,0.003454155521467328,6.490353584289551,8.928397178649902
2261,0.07114189863204956,-0.24554555118083954,0.0029239270370453596,11.244772911071777,0.9658493399620056
2271,1.8846864700317383,0.4985402524471283,0.0035057608038187027,6.230073928833008,7.221225738525391
2294,-0.7365593910217285,-0.26961803436279297,0.0028764288872480392,15.142356872558594,0.5149261355400085
2305,-1.0136865377426147,-0.2974381148815155,0.002417138544842601,12.05467414855957,0.11167798191308975
2314,0.2391425371170044,-0.11128710955381393,0.002910731825977564,9.374109268188477,0.5544507503509521
2334,0.5481125116348267,-0.1835346221923828,0.0029304500203579664,8.423824310302734,0.37888088822364807
2335,0.031858205795288086,0.13832290470600128,0.0025514194276183844,7.534649848937988,3.5013813972473145
2361,1.8161048889160156,0.056131135672330856,0.0036251184064894915,7.586272716522217,4.188835144042969
2367,-0.7004761099815369,-0.029869085177779198,0.002197499852627516,8.527766227722168,1.8930126428604126
2371,2.9321296215057373,1.3499834537506104,0.004027483519166708,5.01381254196167,7.049137115478516
2373,-2.3384432792663574,-0.2806384265422821,0.0027067994233220816,23.04535675048828,0.0009109497186727822
2384,-1.0317152738571167,-0.22699566185474396,0.0022460396867245436,10.679880142211914,0.7085526585578918
2457,0.014444503001868725,-0.17178966104984283,0.0028054770082235336,10.418184280395508,1.969143271446228
2482,1.680224061012268,0.08905744552612305,0.003493025666102767,6.998092174530029,6.540951728820801
2500,0.05708670616149902,-0.17226716876029968,0.0027177336160093546,8.890459060668945,2.271552801132202
2509,0.22237785160541534,-0.24007777869701385,0.0029440356884151697,10.418848991394043,0.1723865568637848
2516,0.8841910362243652,-0.2782994210720062,0.003785802749916911,14.317395210266113,0.0070098876021802425
2522,2.751598358154297,1.852399468421936,0.00401252880692482,5.716785430908203,7.673319339752197
2549,0.29295673966407776,-0.2716502249240875,0.0030244914814829826,10.296747207641602,0.061263468116521835
2604,0.3173294961452484,-0.2098083347082138,0.002748870989307761,7.849040985107422,0.3099230229854584
2634,0.6239191889762878,-0.19155891239643097,0.0028853535186499357,7.236550331115723,2.157823324203491
2685,-0.4407167434692383,-0.28005096316337585,0.0031046669464558363,15.660853385925293,0.005224611144512892
2686,-1.3393515348434448,-0.2797720432281494,0.0027223550714552402,17.42213249206543,0.0058113099075853825
2688,0.8632954955101013,-0.0940263569355011,0.0032054155599325895,9.425142288208008,1.0224357843399048
2711,-0.009028165601193905,-0.2572948932647705,0.002846901537850499,10.4976167678833,0.05647587776184082
2747,-3.4191110134124756,-0.27962979674339294,0.0017482683761045337,20.30420684814453,0.00302886962890625
2748,1.0289758443832397,-0.14929714798927307,0.0034261196851730347,10.225691795349121,1.7929039001464844
2763,-2.450645685195923,-0.2806243896484375,0.002365837572142482,20.199617385864258,0.0006042480817995965
2806,-0.7990626692771912,-0.1859007179737091,0.0022672712802886963,9.61467456817627,0.9487547278404236
2850,1.3518248796463013,0.5789815187454224,0.003293028101325035,6.6965203285217285,6.758023738861084
2877,0.28937992453575134,-0.25070491433143616,0.0029586844611912966,9.959189414978027,0.1313900500535965
2901,0.7169651389122009,0.09971209615468979,0.002948158420622349,7.123256206512451,4.358422756195068
2906,-0.3370315134525299,-0.25732654333114624,0.0029047485440969467,12.792099952697754,0.1383322775363922
2940,0.5188900828361511,-0.12326648086309433,0.0027706704568117857,6.835707187652588,1.011871099472046
2963,0.040057722479104996,-0.19440355896949768,0.0028787737246602774,11.034300804138184,1.0072683095932007
3005,-0.8430188298225403,-0.26179879903793335,0.0025052253622561693,12.6994047164917,0.12072153389453888
3028,-0.5666106939315796,-0.2634894549846649,0.0025494168512523174,11.316137313842773,0.09062500298023224
3055,-0.27987346053123474,-0.11553356796503067,0.002389743225648999,7.864036560058594,0.8803252577781677
3107,-2.381911039352417,-0.2806127369403839,0.0026486150454729795,23.376422882080078,0.0026901245582848787
3124,1.0934181213378906,-0.19639864563941956,0.0029886860866099596,6.4066925048828125,0.2029534876346588
3132,-0.9162729382514954,-0.14151421189308167,0.002239419613033533,10.149988174438477,1.5472996234893799
3148,0.29822105169296265,-0.2207479029893875,0.002890200586989522,9.142505645751953,0.2544673979282379
3152,-2.13684344291687,-0.2789081037044525,0.0023963330313563347,19.19007682800293,0.08736496418714523
3158,-0.3917229175567627,-0.12675705552101135,0.002385959029197693,8.60833740234375,1.3714344501495361
3162,0.7093191146850586,-0.23379679024219513,0.003099402878433466,9.334750175476074,0.14335504174232483
3163,-0.021359791979193687,-0.2524740993976593,0.003142267232760787,14.122044563293457,0.4283004701137543
3173,-2.1738314628601074,-0.2803979814052582,0.0027006014715880156,22.319438934326172,0.004046631045639515
3229,1.3091813325881958,-0.15197919309139252,0.0034566433168947697,8.433816909790039,0.4501231610774994
3249,0.4433383643627167,-0.26391130685806274,0.002940492471680045,8.741984367370605,0.43267908692359924
3270,0.7726877927780151,-0.11620620638132095,0.003013700246810913,7.410592079162598,0.9928222894668579
3271,2.039198160171509,-0.10510148108005524,0.0038593930657953024,8.885173797607422,0.694622814655304
3278,-0.643843948841095,-0.2776337265968323,0.0028210885357111692,14.303805351257324,0.052121639251708984
3280,0.13304458558559418,-0.004368979018181562,0.0025400735903531313,6.882021427154541,2.8568947315216064
3282,-0.9788204431533813,-0.1704227477312088,0.0020316073205322027,8.443706512451172,1.6489008665084839
3293,1.2253451347351074,-0.2507662773132324,0.003493727883324027,9.646138191223145,0.15429019927978516
3356,0.2411281168460846,0.1386696994304657,0.002892780350521207,9.482563018798828,10.932059288024902
3367,-4.038234710693359,-0.28068625926971436,0.0017137740505859256,23.608997344970703,-0.0012035369873046875
3370,-1.624860405921936,-0.28017592430114746,0.0026743297930806875,18.99018096923828,0.0024597167503088713
3396,1.8925575017929077,2.9060168266296387,0.00324931344948709,3.5960755348205566,24.607746124267578
3420,-0.7760557532310486,-0.2722141444683075,0.0024402146227657795,11.092475891113281,0.015140987001359463
3421,0.023996025323867798,-0.2635289430618286,0.0028467976953834295,9.979218482971191,0.2904464304447174
3426,-1.1376553773880005,-0.20160730183124542,0.002489630598574877,13.959009170532227,3.699165105819702
3448,1.355574131011963,0.6173349618911743,0.0032005885150283575,6.157758712768555,7.190174102783203
3451,-0.10377402603626251,-0.2619643807411194,0.0028206941206008196,10.66296672821045,0.2423635572195053
3453,0.8251466751098633,-0.12456171959638596,0.0030503880698233843,7.889892578125,0.4629862904548645
3459,-1.037720799446106,-0.14753317832946777,0.0021304849069565535,10.23639965057373,0.2960788905620575
3492,0.2682924270629883,-0.2574903666973114,0.0032634378876537085,12.860783576965332,0.13911210000514984
3495,-1.0978866815567017,-0.1506698876619339,0.00212084106169641,9.970359802246094,0.7241111993789673
3496,0.48284369707107544,-0.1931414008140564,0.003100580768659711,10.84473705291748,0.8614273071289062
3499,0.4382396638393402,0.022964930161833763,0.002855470171198249,8.363091468811035,2.138327121734619
3547,2.0163469314575195,0.773758590221405,0.003621452022343874,6.282437801361084,6.404994487762451
3557,-0.0818362832069397,-0.19482989609241486,0.002635515294969082,9.312219619750977,0.5854286551475525
3562,-0.974219799041748,-0.2514635920524597,0.00218714727088809,9.784829139709473,0.17106933891773224
3576,0.17910921573638916,0.11417802423238754,0.002650909824296832,7.695641994476318,2.3353848457336426
3580,-4.1805949211120605,-0.28066718578338623,0.0022326516918838024,29.41750144958496,7.629394644936838e-07
3595,-1.0620203018188477,-0.26396894454956055,0.0028504477813839912,17.174949645996094,0.8703007102012634
3604,-0.6511160731315613,0.03770424425601959,0.0022713125217705965,8.652579307556152,1.330054521560669
3616,0.9569916129112244,-0.12052662670612335,0.003054398111999035,6.54464054107666,2.5519251823425293
3632,-0.0299686286598444,-0.20270276069641113,0.002746403217315674,9.858002662658691,0.2873062193393707
3667,-0.6420395970344543,-0.2730296850204468,0.0024935402907431126,11.16090202331543,-0.0840580016374588
3714,-0.5592709183692932,-0.13235265016555786,0.0023564237635582685,9.097054481506348,0.687616765499115
3746,0.4634312689304352,0.6184778809547424,0.00280746235512197,7.711255073547363,10.24205493927002
3751,0.7472348213195801,-0.0032566972076892853,0.0030119556467980146,7.5200395584106445,3.213874101638794
3752,1.0107704401016235,0.034899886697530746,0.003219320671632886,7.9413676261901855,1.4447749853134155
3767,-1.0154763460159302,-0.28015246987342834,0.003145481226965785,19.880229949951172,0.0015979766612872481
3790,1.5323630571365356,0.14586500823497772,0.0033279978670179844,6.086789608001709,3.8129067420959473
3799,-0.353244811296463,-0.21994583308696747,0.002414623973891139,8.44507884979248,2.4870517253875732
3803,-0.5483767986297607,0.6858384013175964,0.0021741269156336784,7.189208507537842,10.847535133361816
3810,0.9651400446891785,-0.0016142830718308687,0.003073324915021658,7.377170562744141,3.366391897201538
3853,0.376787394285202,-0.10617966949939728,0.0030828588642179966,10.733187675476074,0.6235765814781189
3867,-0.10442893952131271,-0.15003180503845215,0.002833703299984336,11.1355562210083,0.4770309627056122
3894,0.5505155324935913,0.2876094579696655,0.0027135752607136965,5.728635787963867,3.973273515701294
3896,0.5125205516815186,0.4116002023220062,0.002808044431731105,6.840922832489014,3.786553144454956
3917,-0.6002816557884216,-0.2547849118709564,0.002598439110442996,11.559953689575195,0.22256317734718323
3960,-3.4429192543029785,-0.2806670665740967,0.002487219637259841,27.922597885131836,6.8664553509734105e-06
3966,-1.203033208847046,-0.27813711762428284,0.0029228441417217255,18.575775146484375,0.008600616827607155
3968,-0.17316220700740814,-0.26318269968032837,0.0028180095832794905,11.398530006408691,0.09227323532104492
3993,-1.3424736261367798,-0.27874934673309326,0.0026159314438700676,16.407089233398438,0.00925216730684042
3995,1.123215913772583,-0.12226082384586334,0.00326541974209249,8.018355369567871,0.489536851644516
4019,-1.4161807298660278,-0.2638053894042969,0.002088206121698022,11.174543380737305,0.3226878345012665
4042,0.3665235936641693,-0.17897984385490417,0.0028291174676269293,8.383208274841309,0.3602707087993622
4044,-1.2071685791015625,-0.26059040427207947,0.002271366538479924,12.262774467468262,0.04763660579919815
4067,2.8086297512054443,0.9856257438659668,0.003920047078281641,4.583383560180664,6.8479156494140625
4074,0.4107811450958252,0.39478790760040283,0.002606660593301058,5.635298728942871,4.323754787445068
4120,-0.6793023943901062,-0.2761717438697815,0.002504953881725669,11.635507583618164,1.1843065023422241
4135,1.899057388305664,-0.016246875748038292,0.0034913828130811453,5.937788486480713,1.8563507795333862
4153,0.6340956091880798,-0.27988722920417786,0.003770588431507349,16.156742095947266,0.002661132952198386
4160,-0.542182207107544,-0.2292950600385666,0.002390421461313963,9.398608207702637,0.8325729370117188
4255,-3.194977283477783,-0.2806640565395355,0.002242274349555373,24.062952041625977,2.7465821403893642e-05
4259,0.39152979850769043,0.13922959566116333,0.0026717481669038534,6.9042887687683105,3.089998245239258
4260,-0.19768518209457397,0.039118994027376175,0.0024677107576280832,7.823606014251709,1.9133538007736206
4275,0.08057345449924469,-0.037479132413864136,0.0027345209382474422,8.660591125488281,0.9308235049247742
4312,-0.2159302681684494,-0.1481602042913437,0.00253316736780107,9.0377779006958,0.39932289719581604
4316,1.497692346572876,-0.09129434823989868,0.003592433873564005,9.032946586608887,0.7532867789268494
4355,-0.4839266836643219,-0.27146807312965393,0.0027646361850202084,12.884262084960938,0.028164958581328392
4406,-1.054193377494812,-0.27611154317855835,0.00259937415830791,14.417899131774902,0.07087967544794083
4424,-0.42954301834106445,-0.23513472080230713,0.0025953585281968117,10.79288387298584,0.07958783954381943
4463,-2.377870798110962,-0.280666321516037,0.002989232074469328,26.613096237182617,4.57763690064894e-06
4467,1.652427077293396,0.10327285528182983,0.003478677710518241,7.283468723297119,1.8889378309249878
4479,2.073718786239624,-0.11293339729309082,0.0038398492615669966,8.013078689575195,0.8420429229736328
4487,1.493142008781433,0.280551552772522,0.003406330943107605,6.879727363586426,9.79726791381836
4495,0.3710154592990875,0.5125293731689453,0.0027539588045328856,7.528336524963379,5.752053737640381
4512,-2.225203037261963,-0.27497002482414246,0.002046065405011177,15.63291072845459,0.016880035400390625
4529,-1.3080410957336426,-0.280394047498703,0.002656487748026848,16.611616134643555,0.0026153207290917635
4548,1.5678648948669434,0.6096551418304443,0.0033453640062361956,6.415230751037598,10.30148696899414
4626,-0.8119616508483887,-0.279369592666626,0.0031541273929178715,18.324234008789062,0.008037186227738857
4627,-0.7033640742301941,-0.15167878568172455,0.0023468821309506893,9.801811218261719,0.6275558471679688
4635,1.696860909461975,-0.1097034364938736,0.003696413477882743,8.63398551940918,0.7883194088935852
4639,2.2722394466400146,0.7147981524467468,0.0037297417875379324,5.659945964813232,6.390417098999023
4641,-0.047379203140735626,-0.17209908366203308,0.0028897589072585106,11.337630271911621,1.3105686902999878
4692,0.3187442719936371,0.15714406967163086,0.0027252945583313704,7.3279266357421875,2.932464599609375
4699,1.7673367261886597,-0.11213003844022751,0.0034054082352668047,5.580102443695068,1.2597557306289673
4702,1.9750460386276245,-0.07662108540534973,0.003829107852652669,8.99966049194336,2.3605191707611084
4716,1.0381560325622559,0.48451176285743713,0.0031306555029004812,7.257612705230713,5.635689735412598
4814,-0.6645470857620239,-0.2801109850406647,0.0030880651902407408,16.63306427001953,0.0013733626110479236
4849,2.228637456893921,0.9531592726707458,0.003620184725150466,4.994138240814209,8.24240779876709
4850,-2.0928573608398438,-0.28024402260780334,0.0025502219796180725,20.33796501159668,-0.003255748888477683
4874,-1.9333600997924805,-0.2805027365684509,0.0027179797179996967,20.6387939453125,0.0002700805780477822
4890,0.827723503112793,-0.11046409606933594,0.00332193193025887,10.157541275024414,1.6267197132110596
4893,-0.7924180030822754,-0.24832704663276672,0.0024015456438064575,11.37077808380127,1.7022087574005127
4920,0.26488539576530457,0.062035173177719116,0.002653888426721096,7.45796537399292,6.475301265716553
4922,0.18605583906173706,-0.22905652225017548,0.0027635933365672827,8.702658653259277,0.2673332393169403
4960,1.9330259561538696,2.1397149562835693,0.0034170527942478657,4.755377292633057,17.06534194946289
4997,1.0798391103744507,0.1179671436548233,0.00308095826767385,6.455239295959473,4.039890289306641
5036,-0.6007282137870789,-0.11409252882003784,0.0023955877404659986,10.010675430297852,0.6542213559150696
5057,0.9852839708328247,0.9348245859146118,0.0030580393504351377,6.472104072570801,5.250127792358398
5090,1.2635993957519531,0.011961065232753754,0.0033000146504491568,7.4593071937561035,6.2214179039001465
5098,-0.8711698651313782,-0.08295661211013794,0.002121336990967393,8.958725929260254,1.0356353521347046
5136,1.2441662549972534,0.9302215576171875,0.003105450188741088,5.781856060028076,16.164060592651367
5156,-1.0171356201171875,-0.2624121904373169,0.002610784722492099,14.641520500183105,0.06369858235120773
5175,2.6411502361297607,3.716789722442627,0.0037692927289754152,3.7418110370635986,23.71257209777832
5201,0.9461541175842285,0.07437526434659958,0.0032696158159524202,8.285375595092773,1.0949252843856812
5208,-0.7714407444000244,-0.08517615497112274,0.002144954167306423,8.963034629821777,1.8274635076522827
5233,0.1133071780204773,-0.08218252658843994,0.0025752994697541,7.225114345550537,1.7573044300079346
5265,-2.4226109981536865,-0.18079791963100433,0.0014533797511830926,11.026129722595215,0.3716205656528473
5305,-0.45883774757385254,-0.16739623248577118,0.002609871095046401,10.89859676361084,0.5765606164932251
5367,0.09389238804578781,-0.2765037715435028,0.0030767859425395727,12.222967147827148,0.014584732241928577
5372,1.0529450178146362,0.037166472524404526,0.0030463726725429296,6.014614582061768,1.6929527521133423
5399,0.36457809805870056,-0.24181413650512695,0.0032140780240297318,12.268767356872559,0.21395568549633026
5411,-0.4346254765987396,-0.002440511481836438,0.0023115607909858227,7.829561710357666,4.285775184631348
5413,-0.8591519594192505,-0.27985939383506775,0.0028108719270676374,15.483413696289062,0.004508399870246649
5431,-0.20389778912067413,-0.11906079202890396,0.0027765589766204357,11.34484577178955,1.246974229812622
5439,-0.9940905570983887,-0.28024351596832275,0.0030223780777305365,17.93855857849121,0.005727958865463734
5458,-1.3380452394485474,-0.2599254548549652,0.0023271271493285894,13.85843563079834,0.7143206000328064
5467,0.04983648285269737,-0.26493704319000244,0.003230838570743799,14.376187324523926,0.20258598029613495
5500,0.6210113763809204,-0.12536942958831787,0.0030948370695114136,9.819071769714355,1.5752018690109253
5503,0.21577508747577667,-0.07438628375530243,0.002705561462789774,8.167880058288574,0.5100159049034119
5504,0.11793942749500275,-0.2123550921678543,0.002738137263804674,8.909997940063477,0.30735358595848083
5505,1.7671581506729126,0.3735846281051636,0.003448804607614875,6.009028911590576,3.8666210174560547
5509,-0.2627440392971039,-0.25178754329681396,0.002871762728318572,12.611361503601074,0.08740081638097763
5510,-0.15339525043964386,-0.07987798750400543,0.0027599658351391554,10.74864673614502,0.6335762143135071
5517,-2.9777944087982178,-0.26697617769241333,0.0019800642039626837,19.626935958862305,0.057373046875
5547,1.557076334953308,0.5885918736457825,0.003359633032232523,6.9549560546875,5.795730113983154
5555,0.12975353002548218,-0.16742561757564545,0.0025904481299221516,6.9993205070495605,1.2436541318893433
5593,-0.429483562707901,-0.2658151090145111,0.002863879082724452,13.139981269836426,0.1799195259809494
5606,-1.1564348936080933,-0.25592920184135437,0.002233652165159583,11.606215476989746,0.21889038383960724
5613,-0.9790956377983093,-0.280416876077652,0.0028923198115080595,17.15406608581543,0.0071923257783055305
5645,-0.9540619254112244,0.25388118624687195,0.0020422327797859907,8.1445951461792,15.319253921508789
5646,-0.29071733355522156,-0.2712501585483551,0.002799943322315812,11.675443649291992,0.061028312891721725
5651,-2.7798802852630615,-0.2806470990180969,0.0021514021791517735,20.402393341064453,0.0001405716029694304
5670,-2.4829089641571045,-0.28042957186698914,0.0023105356376618147,19.895639419555664,0.000636673008557409
5681,1.1685881614685059,0.15893645584583282,0.003129577962681651,6.7405595779418945,3.0057976245880127
5695,2.4475467205047607,1.0689977407455444,0.0036938388366252184,4.743079662322998,9.459663391113281
5700,-0.3064505457878113,-0.23685400187969208,0.0025093434378504753,9.29437255859375,0.17747001349925995
5749,1.6847137212753296,0.25473853945732117,0.003364487085491419,5.9867353439331055,2.6254212856292725
5751,-0.07067978382110596,0.13796769082546234,0.0024070078507065773,7.244149208068848,4.229659557342529
5760,0.17238958179950714,-0.15226301550865173,0.002607508562505245,7.708159923553467,0.6728633642196655
5780,-1.886705756187439,-0.2804059684276581,0.002484315074980259,17.931873321533203,0.0009239196660928428
5808,-0.7401060461997986,-0.13285811245441437,0.0021126363426446915,8.207440376281738,0.8484355807304382
5830,-3.399290084838867,-0.2762815058231354,0.002381943166255951,26.533660888671875,0.014033508487045765
5832,-0.0980726033449173,-0.08789975196123123,0.0031481552869081497,14.132197380065918,1.400045394897461
5840,-0.8850370645523071,-0.28056737780570984,0.0026739805471152067,14.375365257263184,0.0003718614752870053
5850,-0.3451976478099823,-0.26382976770401,0.0028349743224680424,12.874231338500977,0.1490776091814041
5886,-1.1622718572616577,-0.2804567515850067,0.0027223145589232445,16.25982666015625,0.00086212158203125
5899,0.14246004819869995,-0.2741219699382782,0.003148446325212717,13.018263816833496,0.037418365478515625
5961,-0.41079139709472656,-0.21905617415905,0.0027231525164097548,11.663105010986328,0.11703415215015411
5962,1.3299278020858765,-0.16408677399158478,0.003407465061172843,8.105402946472168,3.2446651458740234
5965,-2.369352340698242,-0.2802775800228119,0.0021600748877972364,18.041526794433594,0.01285552978515625
5970,-2.9893269538879395,-0.28055688738822937,0.0021498040296137333,21.612380981445312,0.0025894164573401213
5993,2.6490204334259033,0.37489286065101624,0.004025736358016729,6.304835319519043,10.886260032653809
6017,2.068887710571289,-0.24362468719482422,0.004202281590551138,11.792630195617676,0.2547615170478821
6024,-1.1451647281646729,-0.27514922618865967,0.0026320188771933317,15.266676902770996,0.014474868774414062
6033,1.4846981763839722,-0.22538529336452484,0.0034520854242146015,7.812419414520264,0.35803014039993286
6037,-1.4954001903533936,-0.26639196276664734,0.0019580393563956022,10.496853828430176,0.41913652420043945
6047,-0.2557316720485687,0.15674296021461487,0.0024631500709801912,8.262340545654297,2.1167192459106445
6048,1.3848130702972412,0.38334891200065613,0.003120964393019676,4.909228801727295,9.699544906616211
6058,0.8773245811462402,-0.30836522579193115,0.003122729016467929,8.235212326049805,1.0916436910629272
6065,0.5827773213386536,-0.11377743631601334,0.0030314393807202578,9.212187767028809,0.7525766491889954
6082,0.44102317094802856,0.23940841853618622,0.0027684075757861137,7.2869133949279785,4.018826961517334
6091,1.4742764234542847,0.2399396449327469,0.003402281552553177,7.2627153396606445,2.329166889190674
6094,0.6255170702934265,0.04065021872520447,0.0028198016807436943,6.676577091217041,2.3100335597991943
6100,0.7392790913581848,0.3003345727920532,0.0028401680756360292,6.136784553527832,4.736764430999756
6102,0.6810042262077332,-0.2730264961719513,0.003527781693264842,13.353764533996582,0.017879772931337357
6131,1.902145266532898,-0.03588250279426575,0.0036438077222555876,6.762324810028076,1.6955028772354126
6140,-0.28309860825538635,-0.2553381621837616,0.002875532489269972,12.65780258178711,0.1784263700246811
6220,-0.7797653079032898,-0.2695292532444,0.002596737816929817,13.049835205078125,0.09653816372156143
6222,-1.0376440286636353,0.12352114170789719,0.0020445266272872686,8.770049095153809,2.0790717601776123
6248,-1.5250182151794434,-0.28056758642196655,0.0031020822934806347,22.160425186157227,0.0024963379837572575
6279,-0.8196608424186707,-0.27057623863220215,0.0026261419989168644,13.074389457702637,0.041080474853515625
6333,2.4183566570281982,1.420711874961853,0.003696352941915393,5.045064926147461,23.368669509887695
6338,-0.3873840868473053,-0.17760801315307617,0.0025795914698392153,10.807631492614746,0.8118511438369751
6345,0.25832444429397583,-0.14006954431533813,0.002931291703134775,9.751875877380371,0.903598427772522
6352,-0.6882089972496033,-0.195942685008049,0.002364247338846326,10.220633506774902,0.42572060227394104
6355,1.4221372604370117,-0.32804012298583984,0.00325649487785995,6.148940086364746,0.44566676020622253
6358,1.2357120513916016,-0.12544851005077362,0.0034565781243145466,9.205049514770508,1.3357750177383423
6377,-2.06589937210083,-0.2534124255180359,0.001687985728494823,11.54025936126709,0.1553792953491211
6419,0.4658876359462738,-0.23961825668811798,0.002955947071313858,9.17081356048584,0.5149734616279602
6436,1.2268632650375366,0.29884636402130127,0.0032734328415244818,7.664486885070801,5.373608589172363
6519,-2.6400818824768066,-0.28072813153266907,0.0020486610010266304,18.285131454467773,0.00012969970703125
6530,1.6580332517623901,1.0274800062179565,0.003411743091419339,6.046276092529297,13.538652420043945
6533,-1.568498134613037,-0.2784266769886017,0.002454360481351614,16.434423446655273,0.018477488309144974
6561,-1.0205600261688232,-0.15235090255737305,0.002090742578729987,9.078057289123535,0.5781580209732056
6575,1.9790948629379272,0.11966647207736969,0.003624323522672057,6.479759216308594,2.05277419090271
6604,-0.2580348551273346,-0.08910588175058365,0.002378540113568306,7.777689456939697,0.8612298965454102
6622,0.5170915722846985,0.13670849800109863,0.0027824759017676115,7.080619812011719,5.302877902984619
6675,-1.4789541959762573,-0.28004392981529236,0.0025020726025104523,16.024892807006836,0.00358908181078732
6707,-2.1750986576080322,-0.2802118957042694,0.0023041150998324156,18.217283248901367,0.0035719871520996094
6723,2.696848154067993,0.10549753159284592,0.004092996008694172,7.135414123535156,1.184003472328186
6730,-0.9697198271751404,-0.2731013000011444,0.002571109216660261,13.10014533996582,0.0415460579097271
6794,-1.873644232749939,-0.27731892466545105,0.0021364071872085333,15.146921157836914,0.009867477230727673
6797,0.4656847417354584,0.0686497911810875,0.002740687457844615,6.920935153961182,2.0417349338531494
6807,0.5628844499588013,-0.01782219298183918,0.002880021696910262,7.089264869689941,1.899496078491211
6815,-3.70115065574646,-0.2806900441646576,0.0019043738720938563,23.268234252929688,4.9591067181609105e-06
6853,3.0208451747894287,0.6067665815353394,0.004242044407874346,6.063960552215576,3.1760544776916504
6873,0.08035054057836533,-0.2251245230436325,0.002681028563529253,8.097372055053711,1.456408143043518
6874,-5.582596302032471,-0.2806672155857086,0.0020791413262486458,36.739261627197266,9.536743306171047e-08
6958,1.5644890069961548,0.19444869458675385,0.0033729427959769964,6.449727535247803,4.474956035614014
6965,1.9800924062728882,0.2078944444656372,0.0038955137133598328,9.1361665725708,7.4789934158325195
6982,0.7278923392295837,0.17732985317707062,0.0029895342886447906,7.908496856689453,7.649223327636719
7000,-1.339994192123413,-0.28059807419776917,0.0027923823799937963,18.2485294342041,0.0007865905645303428
7031,-0.47113582491874695,-0.1581302285194397,0.0025990039575845003,10.846162796020508,2.0268714427948
7032,2.1941750049591064,1.5811611413955688,0.003588774474337697,4.938902378082275,29.6501407623291
7057,-0.16169828176498413,-0.26595696806907654,0.003135559381917119,14.182621955871582,0.06884384155273438
7072,-0.8954977989196777,-0.2286539375782013,0.0022095513995736837,9.647738456726074,0.15313683450222015
7090,1.0400679111480713,1.3792473077774048,0.003050103085115552,6.596167087554932,26.068262100219727
7103,0.4253256320953369,-0.15940138697624207,0.002695999341085553,6.352384090423584,3.4562013149261475
7105,-0.3421173095703125,-0.22540830075740814,0.002706363098695874,11.561482429504395,0.26160889863967896
7113,0.50393146276474,0.0866769477725029,0.002796319080516696,7.040012359619141,2.072801113128662
7117,0.052944596856832504,-0.22655422985553741,0.0027086338959634304,8.441699028015137,0.4605327546596527
7158,0.20547406375408173,0.42973899841308594,0.002828272059559822,9.333072662353516,2.192570209503174
7181,1.8152378797531128,0.22173145413398743,0.0034491100814193487,5.696065902709961,2.7607710361480713
7195,1.9346452951431274,1.1675411462783813,0.0035771771799772978,6.154083251953125,6.224921703338623
7236,0.06416808813810349,0.04807613044977188,0.002575840801000595,7.561164379119873,3.3510901927948
7246,0.023423660546541214,-0.2211826592683792,0.003095718100667,12.521780967712402,0.1915111541748047
7266,2.4264512062072754,0.2880741059780121,0.003757992759346962,5.530656337738037,3.4039673805236816
7270,1.3057239055633545,-0.13860160112380981,0.0033814453054219484,8.40742015838623,0.47463661432266235
7319,-5.9002156257629395,-0.2806672155857086,0.0020146144088357687,37.65902328491211,0.0
7345,0.8909784555435181,-0.20347900688648224,0.0030119360890239477,7.065837383270264,0.39481601119041443
7354,-0.5534712672233582,-0.23641832172870636,0.0024142623879015446,9.95141315460205,0.35840415954589844
7364,2.2202107906341553,2.2607438564300537,0.003647355129942298,5.2079176902771,20.42316246032715
7406,0.9705778360366821,0.4636875092983246,0.0030142960604280233,6.468842506408691,7.842999458312988
7417,-2.1369338035583496,-0.2806031107902527,0.0024477625265717506,19.751405715942383,0.0032951354514807463
7425,-1.2229307889938354,-0.17906785011291504,0.0021399424877017736,11.31069278717041,3.4516475200653076
7429,-0.3897291123867035,-0.2786653935909271,0.00316468789242208,16.279752731323242,0.005235481541603804
7435,-0.6374425292015076,-0.27075865864753723,0.002486933721229434,11.497838020324707,0.03685493394732475
7446,1.9249343872070312,0.8510250449180603,0.0035656155087053776,5.983744144439697,10.767366409301758
7510,-0.38950586318969727,-0.17059634625911713,0.0027157473377883434,11.975142478942871,5.289003849029541
7562,-0.14407216012477875,-0.22592554986476898,0.002546461299061775,8.341012954711914,0.64571613073349
7578,0.8767163157463074,-0.01790209673345089,0.0032792326528578997,9.109667778015137,1.1391193866729736
7590,2.5452911853790283,0.6651225686073303,0.003852394176647067,5.669801235198975,0.4991922378540039
7620,-0.06503232568502426,0.23417524993419647,0.0025365352630615234,7.666512489318848,2.7871227264404297
7677,0.15260031819343567,-0.03191705793142319,0.0028421466704458,9.638774871826172,1.34494149684906
7679,0.2944476306438446,-0.20026257634162903,0.0029184489976614714,9.537078857421875,0.2710125148296356
7724,2.164872884750366,-0.06245705112814903,0.003808812005445361,6.9081878662109375,1.0318702459335327
7726,-1.777042031288147,-0.24336384236812592,0.0017849858850240707,10.371004104614258,0.0939260944724083
7729,-1.238162875175476,-0.27812960743904114,0.0026144804432988167,15.443137168884277,0.021863555535674095
7773,1.1139720678329468,0.02177737094461918,0.0031628215219825506,7.503749370574951,1.9278385639190674
7776,-0.4369637072086334,-0.2951420247554779,0.002689348068088293,11.884750366210938,-0.02258319966495037
7870,-1.1876875162124634,-0.2766263782978058,0.002559917513281107,14.950830459594727,0.01868145540356636
7901,0.29361042380332947,-0.14493069052696228,0.0027569306548684835,7.983577251434326,1.6072113513946533
7921,-0.8593530058860779,0.015381894074380398,0.0022858399897813797,10.26685619354248,3.0772855281829834
7926,1.2120219469070435,0.12096107006072998,0.0031759426929056644,6.512065410614014,3.3167922496795654
7935,0.8225448727607727,-0.2564147412776947,0.0033423155546188354,10.843140602111816,0.2859610617160797
7981,0.18508069217205048,-0.20708663761615753,0.0027649307157844305,9.025410652160645,0.8616549372673035
8039,0.9166731834411621,-0.27713119983673096,0.00361867668107152,12.909247398376465,0.02661743201315403
8050,0.29911354184150696,0.17025166749954224,0.0026036486960947514,6.450586795806885,1.9176597595214844
8140,-1.7777928113937378,-0.2728830873966217,0.0021753578912466764,14.472142219543457,0.19065819680690765
8154,-0.6584726572036743,-0.15496881306171417,0.002409321255981922,10.006229400634766,0.7702255249023438
8156,1.2572829723358154,-0.06748883426189423,0.0032468356657773256,7.171783447265625,2.4277825355529785
8167,1.7275151014328003,0.731309175491333,0.0034551196731626987,6.479457855224609,9.697551727294922
8188,-0.10094157606363297,-0.26955485343933105,0.0030993015971034765,13.594443321228027,0.03721923753619194
8196,0.4547159671783447,0.806191086769104,0.002815738320350647,7.646768093109131,21.211124420166016
8230,1.8161700963974,0.28195104002952576,0.0034013979602605104,5.322052955627441,3.096261501312256
8240,-0.8860309720039368,-0.16193334758281708,0.0023204179015010595,10.440550804138184,1.309169888496399
8252,-2.1854922771453857,-0.17586326599121094,0.002639191225171089,21.83487892150879,0.254476934671402
8261,0.5523490905761719,-0.08296766132116318,0.002705969614908099,6.403709411621094,0.8744948506355286
8265,-0.5774487853050232,-0.2239968627691269,0.002501104027032852,10.76310920715332,0.2289562225341797
8320,-1.3881022930145264,-0.26514992117881775,0.002323264954611659,13.786885261535645,0.049808502197265625
8328,-1.080275058746338,-0.2672451436519623,0.0022911066189408302,11.451416969299316,0.055184174329042435
8334,-1.3132095336914062,-0.24998430907726288,0.002079450059682131,10.875182151794434,0.1073918342590332
8373,-3.195345401763916,-0.28066718578338623,0.002664543455466628,28.033349990844727,1.5258789289873675e-06
8398,1.1225290298461914,-0.25055694580078125,0.003243975108489394,7.661464691162109,0.11560618877410889
8400,-0.802908718585968,-0.21815739572048187,0.0021718263160437346,8.577555656433105,0.6596590876579285
8407,-0.111994169652462,-0.2791655957698822,0.00336435972712934,15.92735481262207,0.005283355712890625
8412,0.6185333728790283,-0.2233060896396637,0.00306486408226192,9.068146705627441,0.3766457438468933
8457,-0.02456987276673317,-0.12733614444732666,0.0026952174957841635,9.052718162536621,0.5479421615600586
8463,-0.3040466010570526,-0.1967679262161255,0.0026800609193742275,10.894671440124512,0.2601095736026764
8464,-2.0664336681365967,-0.2804678976535797,0.002328674541786313,18.13938331604004,0.0010131836170330644
8494,0.3324533998966217,-0.1521238088607788,0.002895039040595293,9.487937927246094,1.4792842864990234
8496,2.899500608444214,0.23409144580364227,0.0040545095689594746,5.90950870513916,1.7474392652511597
8497,1.1241658926010132,0.03207055851817131,0.0030784558039158583,6.325077056884766,2.810445547103882
8579,0.40532007813453674,-0.12588462233543396,0.0027381768450140953,7.3630571365356445,0.4682907164096832
8586,0.10521149635314941,-0.13639932870864868,0.0028063373174518347,9.458341598510742,3.1866700649261475
8590,0.11048724502325058,-0.20928283035755157,0.002919115126132965,10.943537712097168,0.2278456687927246
8671,-0.7816780209541321,-0.19595055282115936,0.0021513437386602163,8.739398002624512,1.0539339780807495
8755,-0.7777978777885437,-0.2146526426076889,0.0024257488548755646,10.971555709838867,0.2622789144515991
8756,-0.62458735704422,-0.28022152185440063,0.00309380772523582,16.813846588134766,0.0030143738258630037
8768,0.7132732272148132,0.4489527642726898,0.0027636722661554813,6.022237777709961,7.036921977996826
8795,1.4656978845596313,-0.19168098270893097,0.003522713202983141,8.766989707946777,0.5402698516845703
8805,1.2853082418441772,0.22351954877376556,0.003292623208835721,7.3525919914245605,1.8838497400283813
8836,-0.7006797194480896,-0.27095499634742737,0.0026701735332608223,13.47844123840332,0.04205295071005821
8851,0.5071179866790771,0.6920610070228577,0.002824380761012435,7.720662593841553,13.561426162719727
8894,-1.624764323234558,-0.22127318382263184,0.0019409990636631846,11.078444480895996,0.4647333323955536
8917,-0.910798192024231,-0.2570936977863312,0.0022119958885014057,9.426691055297852,0.11694469302892685
8923,-1.4627573490142822,-0.22993646562099457,0.0023701360914856195,15.216211318969727,2.2639050483703613
8928,-0.9195858836174011,-0.25065934658050537,0.00245423405431211,11.932079315185547,0.14358292520046234
8948,-0.3034606873989105,0.10556033998727798,0.00233591441065073,7.5597243309021,1.499139428138733
8954,-1.3583755493164062,-0.2625124156475067,0.0019017060985788703,9.373621940612793,0.232960507273674
8985,1.50963294506073,0.021525492891669273,0.0033839219249784946,6.343317985534668,4.016864776611328
9030,-0.38909387588500977,-0.16752947866916656,0.002526778494939208,10.1494722366333,2.7625153064727783
9134,-0.8871273398399353,0.005924838129431009,0.002196328015998006,9.799914360046387,2.087372303009033
9174,1.4510914087295532,0.3171502649784088,0.003213980933651328,6.005702972412109,3.2719216346740723
9190,-0.1060490757226944,-0.0007820487371645868,0.0025859081652015448,8.815619468688965,1.3869822025299072
9196,0.631889283657074,0.2724333703517914,0.0028390861116349697,6.486328125,5.285462379455566
9205,-0.5889254212379456,-0.27031978964805603,0.0025115790776908398,10.903802871704102,0.1750236600637436
9235,-0.49087950587272644,-0.0880107656121254,0.002035330981016159,5.635430812835693,13.266357421875
9264,-0.08330732583999634,-0.273066908121109,0.0029295100830495358,12.050565719604492,0.005601692479103804
9280,0.3102714717388153,-0.19268740713596344,0.002938405377790332,9.820168495178223,0.6741352081298828
9295,2.259603500366211,1.179449439048767,0.003610742511227727,4.2502760887146,5.760804176330566
9301,3.0107715129852295,0.9062561392784119,0.004253103863447905,6.809070110321045,6.560801029205322
9337,-1.4875893592834473,-0.27989113330841064,0.002603652887046337,16.91560173034668,0.012578392401337624
9355,1.779329538345337,0.19211989641189575,0.0034024857450276613,5.127903461456299,2.5444440841674805
9388,-0.6949774026870728,-0.27551838755607605,0.0027241231873631477,13.780633926391602,0.07389407604932785
9391,0.2108221799135208,-0.23039153218269348,0.003012408036738634,11.199806213378906,0.2672084867954254
9450,0.21374645829200745,-0.06368386000394821,0.002696731360629201,7.949981689453125,1.1480668783187866
9460,-1.356920838356018,-0.2805139124393463,0.0026064978446811438,16.58468246459961,0.0009359359974041581
9531,-1.334374189376831,-0.2405097931623459,0.002370248083025217,13.759828567504883,0.060146331787109375
9563,-0.003301285207271576,-0.27882009744644165,0.0028970183338969946,11.345499992370605,0.008079242892563343
9586,0.6140509843826294,1.0567448139190674,0.002647192683070898,5.154336452484131,17.93501091003418
9594,0.4187011420726776,0.5574573278427124,0.0027061013970524073,6.216559410095215,3.040015935897827
9605,0.595448911190033,-0.15330950915813446,0.002971450798213482,8.3255033493042,1.1488542556762695
9622,0.2497432976961136,-0.19811896979808807,0.002878450555726886,9.065574645996094,0.7266772985458374
9641,1.9642728567123413,0.7776200771331787,0.003663546172901988,7.310683727264404,4.535245418548584
9642,-0.7565235495567322,-0.27647528052330017,0.0025342958979308605,11.820788383483887,0.1614219695329666
9649,-0.9433510899543762,-0.27765583992004395,0.0024079065769910812,12.231219291687012,0.014270210638642311
9677,-1.2910233736038208,-0.19413746893405914,0.0019688259344547987,9.826605796813965,3.0171239376068115
9698,-1.0887030363082886,-0.25283655524253845,0.002444349927827716,12.870915412902832,0.08769413083791733
9703,2.3019418716430664,-0.23228894174098969,0.003921023570001125,7.8150506019592285,0.2832701802253723
9707,-0.047308407723903656,-0.2923800051212311,0.0028163071256130934,10.164219856262207,0.047919321805238724
9729,-0.5500468611717224,-0.2986772656440735,0.0025508520193398,11.159543991088867,-0.0236418005079031
9746,-0.07613630592823029,-0.03447908163070679,0.002642134204506874,8.838671684265137,3.423006057739258
9772,2.5537500381469727,0.9905207753181458,0.003833084600046277,5.16066312789917,5.288903713226318
9811,2.828002691268921,-0.04644254595041275,0.004009192809462547,5.1255927085876465,2.9555599689483643
9815,-2.456089735031128,-0.2717302441596985,0.0021406379528343678,18.243871688842773,0.0666317492723465
9835,0.8325595855712891,0.5962590575218201,0.002960590412840247,7.003203868865967,4.188897609710693
9867,0.6663511395454407,-0.18694357573986053,0.002996329218149185,8.522604942321777,0.19871202111244202
10014,-1.2043086290359497,-0.27703145146369934,0.0027163680642843246,16.448171615600586,0.09133853763341904
10072,0.05460522323846817,-0.25604507327079773,0.0030418948736041784,11.666976928710938,0.11272206157445908
10082,0.8809306025505066,0.4121815264225006,0.0029758575838059187,6.784663677215576,11.56644344329834
10181,0.14517830312252045,-0.19029951095581055,0.002749900333583355,8.748760223388672,1.5830203294754028
10201,0.6136245131492615,0.9791173934936523,0.0028261260595172644,6.4845781326293945,17.805561065673828
10242,2.145557165145874,0.36123496294021606,0.003576332703232765,5.302204608917236,7.6963210105896
10258,2.6406190395355225,-0.012783953920006752,0.003995688632130623,7.184110164642334,3.025487184524536
10315,1.5720325708389282,0.28059956431388855,0.003325653960928321,6.163004398345947,11.045814514160156
10318,3.5960419178009033,0.6845575571060181,0.004447873681783676,5.443389415740967,5.311089515686035
10319,-3.024256706237793,-0.28062960505485535,0.002336784265935421,24.158105850219727,0.00019187926955055445
10324,0.03811535984277725,-0.2677482068538666,0.0028853542171418667,10.399489402770996,0.2956671714782715
10382,-4.256183624267578,-0.2785925269126892,0.0019840057939291,27.7219181060791,0.00501937884837389
10413,-0.022046569734811783,-0.2816582918167114,0.003150339936837554,13.57879638671875,-0.009534597396850586
10432,-2.4012763500213623,-0.26790881156921387,0.002177454298362136,18.37401008605957,0.03410978242754936
10471,2.5157806873321533,-0.20841538906097412,0.004235805943608284,9.602075576782227,0.8847801089286804
10509,0.7005181312561035,-0.27317795157432556,0.0036025475710630417,14.38336181640625,0.05544319376349449
10515,1.2358837127685547,-0.2540600299835205,0.0035866964608430862,10.252579689025879,0.11219038814306259
10542,-1.170119047164917,-0.13774091005325317,0.002093974035233259,9.77315902709961,1.198846459388733
10549,-1.6278187036514282,-0.280659943819046,0.002958750119432807,21.741849899291992,4.9591064453125e-05
10555,-0.11016006767749786,-0.2786342203617096,0.002763959812000394,10.741786003112793,0.007658767979592085
10597,-0.42903438210487366,-0.12589791417121887,0.0024330969899892807,8.778639793395996,2.1728627681732178
10632,0.40038490295410156,-0.08742997795343399,0.0031231457833200693,10.529950141906738,2.875492811203003
10657,2.7652251720428467,0.6978367567062378,0.0038792830891907215,4.682114124298096,15.720858573913574
10668,-1.3819401264190674,-0.272219717502594,0.0025298031978309155,15.436911582946777,0.3076217770576477
10670,-0.5580257177352905,0.01987493969500065,0.002229263074696064,7.670762538909912,1.0894407033920288
10709,-0.0028636993374675512,-0.22749772667884827,0.0027851054910570383,10.133814811706543,0.17019367218017578
10710,-1.9759424924850464,-0.28038260340690613,0.002837357809767127,22.454078674316406,0.000918960606213659
10726,-0.2552231550216675,0.29058393836021423,0.0023029360454529524,7.013360500335693,13.46374797821045
10740,0.415046751499176,-0.23759400844573975,0.0029851889703422785,9.47860050201416,0.28562241792678833
10760,-0.543646514415741,-0.17217540740966797,0.002591088181361556,11.818479537963867,4.613170623779297
10768,0.7060956358909607,-0.2656640410423279,0.0034004435874521732,11.779629707336426,0.16194382309913635
10780,-0.30632147192955017,0.030435267835855484,0.0024434674996882677,8.425762176513672,1.188575029373169
10800,1.4797172546386719,0.01556465309113264,0.003439062973484397,8.121026039123535,0.9164685606956482
10820,-1.0655581951141357,-0.24688947200775146,0.00294933351688087,18.39451789855957,0.1528671234846115
10835,-0.008341117762029171,-0.2881734073162079,0.0028109306003898382,10.424722671508789,0.22219876945018768
10862,0.2680113613605499,0.11245819181203842,0.002683488419279456,7.480429172515869,2.8550193309783936
10863,-0.4812060296535492,-0.21317394077777863,0.0023613807279616594,8.913026809692383,-1.1584770679473877
10878,-1.4757095575332642,-0.28036099672317505,0.0028894594870507717,20.165990829467773,0.0012392997741699219
10914,0.22932477295398712,-0.16095493733882904,0.0028167555574327707,8.738371849060059,0.3710830807685852
10921,0.33003246784210205,-0.16904114186763763,0.002850966528058052,8.509845733642578,0.5955840945243835
10945,1.1295818090438843,0.17718097567558289,0.00329208979383111,7.67614221572876,4.578357696533203
10971,-0.3183882534503937,-0.12162307649850845,0.0023635656107217073,7.457553863525391,0.7356902956962585
10978,1.0078541040420532,0.19872227311134338,0.002948678331449628,5.895686149597168,10.563693046569824
10995,2.0028839111328125,-0.15823160111904144,0.004223736003041267,11.99646282196045,0.2146710455417633
11016,-1.1538165807724,-0.27923351526260376,0.0027616959996521473,16.566852569580078,0.018378449603915215
11024,-1.2020560503005981,-0.26669731736183167,0.0023224984761327505,12.4793119430542,0.14342918992042542
11061,1.4399298429489136,-0.09684501588344574,0.003498905571177602,8.366260528564453,1.2461293935775757
11062,-1.4116226434707642,-0.2803562581539154,0.002701588673517108,17.913991928100586,0.007767391391098499
11071,-0.8496473431587219,-0.13181395828723907,0.0023770597763359547,11.118746757507324,0.6356426477432251
11077,-0.5028976202011108,-0.14616021513938904,0.0022993392776697874,8.388496398925781,0.7733864188194275
11083,-1.7517412900924683,-0.25110089778900146,0.0021245465613901615,14.107345581054688,0.119867704808712
11097,0.005503019783645868,0.11079837381839752,0.002632592339068651,8.30002498626709,2.6783852577209473
11143,-0.6868996620178223,-0.2647331655025482,0.002561179455369711,11.630154609680176,0.42514878511428833
11160,-0.6195834279060364,-0.26028570532798767,0.0026031420566141605,11.856613159179688,0.1646866798400879
11165,-1.1045359373092651,-0.2661987245082855,0.002572103403508663,14.755484580993652,0.10952673107385635
11174,0.7091862559318542,-0.03116106055676937,0.003189079463481903,9.35639476776123,4.051214694976807
11185,-0.05425463989377022,-0.11734209209680557,0.0026403784286230803,9.046406745910645,0.9108235239982605
11189,0.4273270070552826,-0.23475442826747894,0.003198108868673444,11.30438232421875,0.5530447363853455
11201,0.6260008811950684,-0.16749531030654907,0.0029049364384263754,7.18953800201416,1.4318710565567017
11217,0.4698619842529297,-0.2546020746231079,0.003065837314352393,9.856769561767578,0.11103134602308273
11259,-0.5593449473381042,-0.25565898418426514,0.002325647044926882,9.298916816711426,0.1475772112607956
11262,-1.1172940731048584,-0.2805354595184326,0.0027611665427684784,16.645971298217773,0.003196334931999445
11267,0.0879601463675499,-0.25809428095817566,0.0029423062223941088,11.58985710144043,0.1207786574959755
11269,-0.3047829866409302,-0.22326575219631195,0.0028769588097929955,12.272947311401367,0.643574595451355
11285,-2.5645391941070557,-0.2806607186794281,0.0022205158602446318,19.862394332885742,7.162093970691785e-05
11314,0.6889477968215942,-0.26247701048851013,0.0033950519282370806,11.46452522277832,0.09023895114660263
11322,-0.4616727828979492,-0.2799389362335205,0.002895542187616229,13.920063972473145,0.004532623570412397
11376,-2.097487211227417,-0.28040236234664917,0.002545146271586418,19.71769142150879,0.001230001449584961
11405,-2.914964437484741,-0.28066718578338623,0.002480678027495742,24.311439514160156,7.629394644936838e-07
11465,1.0793821811676025,0.15733765065670013,0.0031284864526242018,7.205352306365967,2.0719759464263916
11491,-0.8970276117324829,-0.2806541323661804,0.003221949329599738,19.765310287475586,0.0003189086855854839
11513,1.7662466764450073,0.9784641265869141,0.0034088720567524433,5.422486782073975,8.585912704467773
11523,-1.4919451475143433,-0.27979883551597595,0.0023506914731115103,14.588767051696777,0.003424358321353793
11530,0.27082639932632446,-0.25473523139953613,0.002727139974012971,7.728593349456787,-0.08176117390394211
11536,-1.0995147228240967,-0.2797372341156006,0.0025986540131270885,14.886215209960938,0.0064521790482103825
11551,-0.8890523910522461,-0.14012554287910461,0.0020898026414215565,8.93993854522705,0.5057567954063416
11560,0.34074637293815613,-0.23701219260692596,0.0030911234207451344,11.504816055297852,0.1914135068655014
11603,-0.9269286394119263,0.3767434358596802,0.0020559055265039206,8.353754997253418,3.677100419998169
11610,-0.8151771426200867,-0.21279139816761017,0.0023473205510526896,10.566163063049316,1.3082598447799683
11622,0.5622344017028809,-0.27007120847702026,0.0035454609896987677,14.302789688110352,0.3225669860839844
11636,-0.1380123496055603,-0.2249295562505722,0.002812569960951805,10.592940330505371,0.30103760957717896
11637,1.5971410274505615,-0.18820610642433167,0.0036193304695189,9.106823921203613,0.4107750952243805
11662,-1.3073397874832153,-0.27785882353782654,0.002627276349812746,15.952265739440918,0.03335380554199219
11701,-0.41308027505874634,-0.2686157822608948,0.0025153819005936384,9.603096008300781,0.11608829349279404
11712,-4.185439586639404,-0.2806672155857086,0.0021554469130933285,29.456701278686523,0.0
11722,0.5333660840988159,-0.22127078473567963,0.0031453766860067844,9.934111595153809,0.298220157623291
11723,0.5840727090835571,-0.02332388237118721,0.0028719480615109205,7.341286659240723,1.178468108177185
11770,1.323124647140503,-0.18792976438999176,0.0034340028651058674,8.564505577087402,0.40040141344070435
11826,0.42253121733665466,0.07447710633277893,0.00295065576210618,8.841503143310547,2.1950788497924805
11847,0.7257038950920105,-0.004878920502960682,0.002928186906501651,7.369760036468506,8.932123184204102
11852,0.11571347713470459,-0.25794902443885803,0.0030132136307656765,11.054322242736816,0.28153783082962036
11853,-0.32064828276634216,-0.14461106061935425,0.0025271731428802013,8.851773262023926,2.893226385116577
11854,-2.953981876373291,-0.2766452729701996,0.0017067091539502144,17.045215606689453,0.022598648443818092
11861,-3.0045716762542725,-0.2768042981624603,0.0025413106195628643,25.82293701171875,0.20908699929714203
11893,-2.3785526752471924,-0.2797309458255768,0.002417813753709197,20.533552169799805,0.0039691925048828125
11905,0.6322490572929382,-0.22220371663570404,0.002947665750980377,7.73742151260376,0.8425804376602173
11928,-0.4075063169002533,-0.19029851257801056,0.0025778994895517826,10.713560104370117,0.8985644578933716
11953,-0.13185086846351624,-0.22387364506721497,0.002749845152720809,10.318702697753906,0.7442631125450134
11988,0.5562977194786072,0.014925611205399036,0.0028121036011725664,7.2561354637146,4.52197790145874
11995,0.22577641904354095,-0.2639070153236389,0.0035586010199040174,15.602724075317383,0.02381439320743084
12005,-1.6987882852554321,-0.2737222909927368,0.002456295071169734,16.794965744018555,0.035703279078006744
12068,1.5654582977294922,-0.12040518969297409,0.0037338007241487503,9.559901237487793,2.034327745437622
12082,-0.16955775022506714,-0.11829196661710739,0.0027454127557575703,10.800503730773926,2.7907299995422363
12089,0.005734278354793787,-0.2505037486553192,0.002808671910315752,10.62028694152832,0.6619468927383423
12119,0.0036830082535743713,-0.1646214872598648,0.002552531659603119,7.92194128036499,2.3822410106658936
12144,-0.6801028847694397,-0.2208048403263092,0.002422122750431299,10.505096435546875,1.0940650701522827
12177,0.4563508629798889,0.02584519051015377,0.002867598319426179,8.327880859375,1.3009569644927979
12184,-1.1392796039581299,-0.16882844269275665,0.0021237593609839678,10.315369606018066,0.6002647280693054
12198,1.215928554534912,-0.08273065090179443,0.0033338831271976233,8.178885459899902,0.8886515498161316
12223,-0.24277524650096893,-0.23480866849422455,0.0027498137205839157,11.49216365814209,0.12802667915821075
12239,-2.385103464126587,-0.28064554929733276,0.0025592416059225798,21.88971519470215,9.918212890625e-05
12281,-5.4177422523498535,-0.2806672155857086,0.0021437557879835367,36.32032775878906,0.0
12290,-0.6753301620483398,-0.2766891419887543,0.002703916048631072,13.583029747009277,0.009726333431899548
12300,3.134848117828369,0.22504769265651703,0.004321758635342121,5.740355968475342,4.776782035827637
12310,-1.7057831287384033,-0.28041350841522217,0.0022593431640416384,15.259076118469238,0.0007034302107058465
12322,-1.7877200841903687,-0.2805823087692261,0.002796272514387965,21.05348777770996,0.00021476745314430445
12326,1.6653108596801758,0.15729093551635742,0.003462421242147684,7.143093109130859,1.4611190557479858
12330,0.6395997405052185,-0.1152121052145958,0.0030989591032266617,9.0801362991333,0.9551975131034851
12341,0.21326091885566711,-0.31253761053085327,0.002754243090748787,8.28754711151123,0.03621819242835045
12390,-1.4976524114608765,-0.28030797839164734,0.0027667037211358547,18.94005584716797,0.00813059788197279
12468,-0.39940115809440613,-0.21431267261505127,0.0026312002446502447,10.565751075744629,0.957095742225647
12480,-0.8374990820884705,-0.25185275077819824,0.002616872312501073,13.293551445007324,0.13462220132350922
12485,-0.1643272489309311,-0.11469514667987823,0.002479568822309375,7.970973491668701,0.7851530909538269
12488,2.3259103298187256,0.07690771669149399,0.0039774286560714245,7.8747477531433105,1.1848152875900269
12514,-0.5088092684745789,-0.28064975142478943,0.003301049116998911,18.553197860717773,0.00021438598923850805
12515,0.4408628046512604,-0.1412176489830017,0.003012611996382475,9.331367492675781,3.2364869117736816
12532,0.8498635292053223,2.533565044403076,0.0027283693198114634,4.459941864013672,22.155670166015625
12569,1.159955382347107,-0.03600067272782326,0.0031763517763465643,7.3773980140686035,1.9407633543014526
12571,-0.18512873351573944,-0.24220779538154602,0.0026716485153883696,9.577509880065918,0.8235435485839844
12573,1.2702887058258057,0.6985390782356262,0.0031266992446035147,5.789474010467529,5.16281795501709
12581,1.087976336479187,-0.24725352227687836,0.003637244226410985,12.188410758972168,0.16791915893554688
12593,-3.0832488536834717,-0.2806670367717743,0.002440368290990591,25.191795349121094,9.15527380129788e-06
12621,-0.010054719634354115,-0.28044289350509644,0.0036548045463860035,18.46259117126465,0.0010231018532067537
12630,-0.6947466731071472,-0.256076455116272,0.0027275923639535904,13.604208946228027,0.2560318112373352
12649,2.8445088863372803,1.4769009351730347,0.003890426130965352,4.556935787200928,8.728282928466797
12652,1.3076361417770386,0.7046064734458923,0.003144891234114766,5.775771617889404,10.956888198852539
12682,1.4487214088439941,-0.1692735105752945,0.003467424539849162,8.408231735229492,0.4763563275337219
12686,2.1547391414642334,0.00219796528108418,0.003811462549492717,7.927895545959473,2.2722465991973877
12687,0.19254028797149658,0.14061230421066284,0.0026164830196648836,7.543361186981201,4.132303714752197
12696,-1.9395017623901367,-0.28066298365592957,0.0027623509522527456,21.432518005371094,0.000225067138671875
12701,1.8952807188034058,1.887528419494629,0.003545523388311267,6.473163604736328,7.802574157714844
12728,-0.2565642297267914,-0.241552472114563,0.0025786322075873613,9.635029792785645,0.1207464262843132
12768,-1.320338249206543,-0.22648198902606964,0.0020236228592693806,10.307962417602539,0.4435160756111145
12791,2.010002851486206,1.1815229654312134,0.0036623820196837187,6.529506683349609,14.324884414672852
12825,0.4433906674385071,-0.14331857860088348,0.0028919726610183716,8.4853515625,4.754494667053223
12829,-2.652101755142212,-0.2807052433490753,0.00222435942851007,20.42593002319336,9.918213436321821e-06
12832,-0.6267180442810059,-0.19828762114048004,0.0025946178939193487,11.872374534606934,0.2686404287815094
12851,-1.3796690702438354,-0.2723023593425751,0.0024642646312713623,14.89916706085205,0.026976777240633965
12890,1.4702105522155762,1.2845849990844727,0.0032245994079858065,5.762416362762451,9.410996437072754
12908,1.1855599880218506,1.759952425956726,0.0032582846470177174,7.709020137786865,6.120416164398193
12913,1.0641037225723267,-0.23141911625862122,0.0033722021616995335,9.482580184936523,0.20085640251636505
12931,-4.862783908843994,-0.2806672155857086,0.0020693873520940542,32.28548049926758,-1.4305115314527939e-07
12937,-0.18558500707149506,0.1486578732728958,0.00244740373454988,7.778144359588623,1.8266334533691406
12962,-1.7565338611602783,-0.2788275480270386,0.002089804969727993,13.220793724060059,0.044870804995298386
12974,1.7759913206100464,0.11801987886428833,0.003595225512981415,7.262106418609619,2.353891134262085
13045,-0.003524068044498563,-0.15384553372859955,0.002619099337607622,8.461852073669434,0.5188507437705994
13048,0.3528250455856323,0.1349327117204666,0.002757568610832095,8.008933067321777,3.2023942470550537
13097,-0.26978635787963867,-0.24315214157104492,0.0025563742965459824,9.501533508300781,0.25185415148735046
13111,-0.0033893664367496967,-0.2775171995162964,0.0032898185309022665,15.115744590759277,0.03602905198931694
13112,-3.2662465572357178,-0.28066396713256836,0.0024609859101474285,26.376821517944336,0.00017547607421875
13142,-2.6596672534942627,-0.2806667983531952,0.002587095834314823,24.310087203979492,-3.3855437777674524e-06
13151,-0.41939836740493774,-0.18086189031600952,0.0026973928324878216,11.2290678024292,0.7552452087402344
13161,0.4494158923625946,-0.23145250976085663,0.002879633102566004,8.357034683227539,0.6566101312637329
13173,1.3433552980422974,0.095598004758358,0.0031834838446229696,5.916452407836914,1.5985666513442993
13187,0.06422019749879837,-0.20984935760498047,0.003050588769838214,12.438506126403809,0.2791588008403778
13203,0.7486361861228943,-0.17205742001533508,0.003245874075219035,10.422126770019531,0.4516623616218567
13246,0.7021284103393555,-0.012948370538651943,0.002824208466336131,6.239029884338379,1.6719334125518799
13249,-0.19725492596626282,-0.11791988462209702,0.0025403841864317656,8.594378471374512,1.2418498992919922
13257,0.8043875098228455,0.39881089329719543,0.002875206060707569,6.253329277038574,6.939062595367432
13283,0.023904306814074516,-0.20022892951965332,0.002564099384471774,7.467727184295654,0.9042677283287048
13285,0.37978675961494446,0.20255513489246368,0.002797719556838274,7.743642330169678,2.6066572666168213
13288,0.8043584227561951,0.7233173251152039,0.0028768281918019056,6.277865886688232,6.241710662841797
13345,1.6644645929336548,-0.06492539495229721,0.0035523436963558197,7.470578193664551,0.5437750220298767
13375,0.5482221245765686,-0.20357787609100342,0.0032112987246364355,11.150044441223145,2.9408280849456787
13387,1.528710961341858,0.08294670283794403,0.003367563709616661,6.721883296966553,3.047081708908081
13411,-0.450906366109848,-0.11756662279367447,0.0023698534350842237,8.510340690612793,1.3288242816925049
13456,-0.8554250597953796,-0.0944182351231575,0.0022293103393167257,9.336709976196289,2.6583778858184814
13532,1.7641105651855469,0.24740584194660187,0.0034858756698668003,6.126556396484375,2.2041213512420654
13548,-0.7580797076225281,-0.1445678174495697,0.002135254442691803,8.00556468963623,2.367685079574585
13592,0.6124224662780762,-0.2397637665271759,0.0030497987754642963,9.229007720947266,0.5060665011405945
13598,1.0652951002120972,-0.11329102516174316,0.003037470392882824,6.220370769500732,0.47877565026283264
13604,1.0637152194976807,0.4638690948486328,0.0031084157526493073,6.793656826019287,4.355157375335693
13610,-1.1835622787475586,-0.2637142539024353,0.002504636999219656,14.530847549438477,0.0548769012093544
13676,-0.6158307790756226,-0.23412933945655823,0.0028037456795573235,13.681109428405762,0.2294967621564865
13689,1.3117997646331787,-0.19150516390800476,0.0033446941524744034,7.81615686416626,1.6529639959335327
13721,-0.5705286860466003,-0.27847909927368164,0.002979669254273176,15.070378303527832,0.0071777342818677425
13773,-0.35371097922325134,-0.2614922821521759,0.0025944102089852095,10.263748168945312,0.4989004135131836
13792,-0.143441304564476,-0.26426973938941956,0.002789204940199852,11.210658073425293,0.3527570962905884
13842,-0.18857800960540771,-0.25882387161254883,0.0024761019740253687,8.082334518432617,2.0697410106658936
13885,-1.1518725156784058,-0.27792176604270935,0.0027114262338727713,15.685742378234863,0.02582550048828125
13911,0.9281473159790039,0.19740764796733856,0.0031016212888062,7.864789009094238,10.2591552734375
13926,1.3558162450790405,-0.12700048089027405,0.0031804076861590147,6.422475337982178,0.46801766753196716
13930,-0.7807047367095947,-0.2430947870016098,0.0023197028785943985,10.107717514038086,0.26115337014198303
13948,1.1014583110809326,0.35313066840171814,0.003170729149132967,7.102942943572998,2.596043348312378
13980,1.3803024291992188,-0.1988341510295868,0.00332312542013824,6.374522686004639,0.24180451035499573
13983,-3.2857449054718018,-0.28066644072532654,0.0022639259696006775,24.344078063964844,3.356933666509576e-05
13998,-1.1275506019592285,-0.2679428160190582,0.002588695613667369,15.277043342590332,0.052851106971502304
14015,-2.3675639629364014,-0.26228076219558716,0.001689302152954042,13.184816360473633,0.3411264419555664
14033,0.4440929591655731,-0.22889994084835052,0.003366899909451604,12.854887962341309,1.970117449760437
14034,-1.651931643486023,-0.19096766412258148,0.0017071561887860298,9.073442459106445,0.2902858853340149
14076,-2.5094475746154785,-0.28066280484199524,0.002625461434945464,23.22022819519043,2.4700164431123994e-05
14103,0.13448236882686615,-0.17992214858531952,0.0028627680148929358,9.941999435424805,1.7939475774765015
14119,1.6670223474502563,1.8271563053131104,0.0032936136703938246,5.243216037750244,15.477805137634277
14184,-1.0588821172714233,-0.2684188187122345,0.0024796845391392708,13.23680305480957,0.059004973620176315
14185,0.15751676261425018,-0.2544997036457062,0.0031260361429303885,12.485472679138184,0.10737838596105576
14223,-2.061685562133789,-0.2806635797023773,0.002670014975592494,21.45764923095703,-0.0014858245849609375
14246,-1.552348017692566,-0.26709550619125366,0.0022829892113804817,14.225916862487793,0.03824855759739876
14259,0.3573717176914215,-0.2602808177471161,0.003148504300042987,11.324653625488281,0.4601152539253235
14273,-0.3568742871284485,-0.19184796512126923,0.0025149655994027853,9.44010066986084,0.7392013669013977
14276,2.420189142227173,0.498700350522995,0.0039101773872971535,6.7820024490356445,4.358556270599365
14298,-2.1375110149383545,-0.2801385819911957,0.0024482531007379293,19.55810546875,0.002029037568718195
14320,-1.9163525104522705,-0.2803999185562134,0.0025309398770332336,18.857086181640625,0.0009687423589639366
14355,0.4075198173522949,-0.12482693046331406,0.0027625139337033033,7.165643215179443,4.166115760803223
14366,-2.558586835861206,-0.2804652452468872,0.0024307002313435078,21.974609375,0.000568389892578125
14465,-0.48712682723999023,-0.15428350865840912,0.0023012678138911724,8.263849258422852,3.8559348583221436
14530,0.24046888947486877,-0.06759297102689743,0.0029887629207223654,10.463508605957031,2.278154134750366
14533,2.1765198707580566,0.16620048880577087,0.0038531494792550802,7.214527130126953,2.3236076831817627
14570,0.26561224460601807,0.13188694417476654,0.0027462684083729982,7.4182353019714355,4.459949016571045
14579,0.3824741840362549,-0.5381143093109131,0.002979852957651019,9.301970481872559,-0.2728765606880188
14632,0.9878684282302856,0.30289164185523987,0.003100232919678092,7.4292426109313965,8.157644271850586
14650,-2.719843626022339,-0.2507437765598297,0.001569380983710289,13.917985916137695,0.22892780601978302
14669,-1.159392237663269,-0.25329074263572693,0.0022491919808089733,11.6011381149292,0.15277080237865448
14673,2.1729190349578857,0.06324677169322968,0.003653306979686022,5.446834087371826,2.2053115367889404
14681,1.4674468040466309,0.15082968771457672,0.003298672614619136,5.9554572105407715,2.050300359725952
14707,-1.2303892374038696,-0.13675734400749207,0.002219660673290491,11.669638633728027,4.921933650970459
14724,0.9450978636741638,0.46347782015800476,0.0030694480519741774,7.1889190673828125,6.591257572174072
14734,0.6917738318443298,0.2882634103298187,0.0029408123809844255,7.14398717880249,2.144686222076416
14748,-0.2555534243583679,-0.1855890452861786,0.0025602916721254587,9.408621788024902,0.3939417898654938
14750,-2.0831081867218018,-0.19928650557994843,0.002288075862452388,17.669296264648438,0.10845775902271271
14760,0.07118679583072662,-0.1817742884159088,0.0027439789846539497,8.9559907913208,0.6451858878135681
14762,-1.0757111310958862,-0.27674707770347595,0.0024250762071460485,12.934961318969727,0.011745071969926357
14791,0.2632034718990326,0.37522241473197937,0.0026036915369331837,6.364660739898682,2.4648044109344482
14792,-1.012261152267456,-0.2587771415710449,0.00264488416723907,14.672273635864258,0.13830390572547913
14797,-0.25213339924812317,-0.2740776240825653,0.0031134074088186026,14.374567031860352,0.045058440417051315
14841,-0.6491991877555847,-0.1596333533525467,0.0023923562839627266,9.53821849822998,1.8232345581054688
14875,0.4255753457546234,0.11728093773126602,0.002659316873177886,7.065429210662842,1.2138385772705078
14896,-1.0502675771713257,-0.2786822021007538,0.0026488625444471836,14.88098430633545,0.006138801574707031
14908,0.37859389185905457,0.3762805163860321,0.002676901873201132,6.882763862609863,1.56256103515625
14929,0.21615071594715118,0.2539418041706085,0.0026161312125623226,6.913453578948975,3.276398181915283
14931,-1.3431096076965332,-0.22614958882331848,0.0020697193685919046,10.631983757019043,0.33963438868522644
14932,-3.220050573348999,-0.2806670367717743,0.0023391349241137505,24.728403091430664,8.39233416627394e-06
14961,0.5045480132102966,-0.18072400987148285,0.0031420669984072447,10.601142883300781,2.8892998695373535
14963,2.6376912593841553,0.07829010486602783,0.003829431952908635,4.6603684425354,3.9501659870147705
14965,-1.293517827987671,-0.2705220878124237,0.0021127599757164717,11.638041496276855,0.07876133173704147
14975,-0.3198481500148773,-0.13997100293636322,0.0031008170917630196,14.914918899536133,0.40376970171928406
14992,2.1680333614349365,-0.15566082298755646,0.0038757917936891317,7.767183780670166,0.8013057708740234
15019,-2.9175422191619873,-0.2806210517883301,0.0019625970162451267,19.210792541503906,0.0017728329403325915
15089,0.19455550611019135,-0.19904778897762299,0.00306144542992115,11.151756286621094,0.2657966613769531
15130,-0.25513559579849243,-0.24675880372524261,0.00281139905564487,11.458579063415527,0.1651085466146469
15166,0.5108165144920349,-0.26777419447898865,0.003231015056371689,11.350306510925293,0.03641357645392418
15213,2.1646227836608887,0.4893980920314789,0.0036599263548851013,5.5589728355407715,5.2985358238220215
15233,-1.3866524696350098,-0.2079671174287796,0.0020408553536981344,11.038386344909668,0.3838428556919098
15257,-0.37745699286460876,-0.07111936062574387,0.0023562877904623747,7.753578186035156,2.9573163986206055
15293,0.19790224730968475,-0.11943326145410538,0.0031577215995639563,12.468857765197754,2.773825168609619
15340,0.6581248641014099,-0.2126479595899582,0.0031205997802317142,9.338488578796387,0.37235990166664124
15362,0.022973734885454178,-0.23460303246974945,0.0029196825344115496,11.36888313293457,0.346414178609848
15370,-0.7857447862625122,-0.26189613342285156,0.0025274050422012806,12.455340385437012,0.525525689125061
15393,-1.9264856576919556,-0.22339120507240295,0.0017243645852431655,11.384706497192383,0.21548405289649963
15431,3.5707764625549316,3.487145185470581,0.004403932951390743,4.732995510101318,14.182608604431152
15475,-0.5534889101982117,-0.26657915115356445,0.0023848095443099737,9.117387771606445,0.08966618031263351
15485,-1.1560825109481812,-0.21200254559516907,0.002299034968018532,11.974609375,0.1802225112915039
15488,-0.6268022060394287,-0.1820056438446045,0.002333325333893299,9.373506546020508,3.1644039154052734
15527,0.4428229331970215,-0.2947959005832672,0.002725252415984869,6.621344089508057,0.47525081038475037
15549,1.093504786491394,-0.18790388107299805,0.00318841147236526,7.336266994476318,0.2884860932826996
15556,-2.5065438747406006,-0.28052863478660583,0.002166885882616043,18.493751525878906,0.0006393432850018144
15575,-0.6898559927940369,-0.19258847832679749,0.0025728761684149504,12.427505493164062,0.6158558130264282
15591,-0.3346908986568451,-0.12996630370616913,0.0027730835136026144,11.953211784362793,2.5799431800842285
15606,0.4027869403362274,-0.2580164670944214,0.003079861169680953,10.837448120117188,0.10450916737318039
15672,0.5857720375061035,0.10526330769062042,0.0028520773630589247,7.407857418060303,1.7780296802520752
15701,0.14040066301822662,-0.07172858715057373,0.0026198462583124638,7.522886753082275,0.7055476307868958
15709,1.5331798791885376,0.09016728401184082,0.0035331323742866516,8.059435844421387,2.2198898792266846
15713,-0.6709197759628296,-0.03085516393184662,0.0023544065188616514,9.665247917175293,1.0815166234970093
15724,0.5448685884475708,0.1994263380765915,0.0028850804083049297,7.946798801422119,1.7276623249053955
15728,-1.0587087869644165,-0.2745745778083801,0.0029167241882532835,17.68837547302246,0.1676986664533615
15736,1.9575632810592651,0.06090231612324715,0.00368232699111104,7.13262939453125,3.8947346210479736
15774,0.8271891474723816,0.2620312571525574,0.002991265384480357,6.790657043457031,4.421111583709717
15775,-0.859231173992157,-0.2652248442173004,0.0023036326747387648,9.9857816696167,0.2933168411254883
15808,-0.18054042756557465,-0.07962208241224289,0.002608825219795108,9.089523315429688,1.5381263494491577
15862,0.8635595440864563,0.11839840561151505,0.0029918053187429905,7.532836437225342,4.287293910980225
15898,2.9792733192443848,1.2805269956588745,0.00411033583804965,5.677461624145508,14.420619010925293
15939,0.36347779631614685,-0.29487890005111694,0.0029819996561855078,9.613032341003418,0.007075405213981867
15952,0.0003966301737818867,-0.11960827559232712,0.0025974991731345654,7.869608402252197,1.0288597345352173
15968,-0.9087050557136536,-0.08562184870243073,0.0022913352586328983,10.49759578704834,0.7535966038703918
15973,-1.1220659017562866,-0.15642531216144562,0.002017203951254487,9.178845405578613,0.6099796295166016
15980,-1.4276868104934692,-0.2805348336696625,0.0027930561918765306,18.82328224182129,0.000434684770880267
15985,1.935015320777893,0.8858561515808105,0.0035507676657289267,6.466216564178467,5.617149353027344
15987,-1.9857748746871948,-0.17865970730781555,0.0016315631801262498,10.903532981872559,0.3506889343261719
15989,0.33243146538734436,-0.20571215450763702,0.0028052262496203184,8.587104797363281,0.31587982177734375
16047,1.002539873123169,-0.17953157424926758,0.003354458836838603,10.052855491638184,1.080987572669983
16079,2.1261003017425537,-0.06620394438505173,0.003979834727942944,9.059725761413574,1.9121206998825073
16098,-0.25099071860313416,0.6256451606750488,0.002367599867284298,7.44539737701416,4.588188171386719
16168,0.41131526231765747,-0.168318971991539,0.002949385903775692,8.934815406799316,0.8605659604072571
16185,1.7758384943008423,0.10450484603643417,0.0034828197676688433,7.16335916519165,2.5456855297088623
16188,-0.8505212664604187,-0.27174240350723267,0.002983784768730402,16.77777862548828,0.01402358990162611
16199,-3.4836437702178955,-0.2806640565395355,0.0023282200563699007,26.489795684814453,0.00017089843458961695
16236,-0.6486017107963562,-0.09264834970235825,0.0026545776054263115,12.272214889526367,1.3547508716583252
16269,-0.9854942560195923,-0.2509786784648895,0.0024725014809519053,12.85020923614502,0.06569614261388779
16270,2.545766592025757,2.080206871032715,0.003799848724156618,4.88189697265625,24.27505874633789
16277,0.6717255115509033,-0.26081159710884094,0.0031494833528995514,9.537542343139648,0.09623737633228302
16291,-1.160760760307312,-0.2800731658935547,0.0024071107618510723,13.011329650878906,0.0033888816833496094
16351,-0.7499011754989624,-0.15732578933238983,0.00258832611143589,12.854174613952637,0.22591248154640198
16377,0.3911535441875458,-0.27904340624809265,0.003476400626823306,14.364794731140137,0.015699004754424095
16403,0.24510245025157928,-0.07489293068647385,0.00280431448481977,8.74047565460205,1.4564926624298096
16419,-2.0950818061828613,-0.27729806303977966,0.0023454157635569572,17.942224502563477,0.18038025498390198
16436,-1.4604703187942505,-0.2787385880947113,0.0024785727728158236,15.531389236450195,0.012431335635483265
16444,-1.653047800064087,-0.2800273001194,0.0024067729245871305,16.366456985473633,0.011973190121352673
16453,1.0176899433135986,-0.21431556344032288,0.003383836941793561,9.820649147033691,0.24878349900245667
16459,2.082383871078491,0.8802828788757324,0.003593257861211896,5.254546642303467,15.391669273376465
16494,1.3009800910949707,0.38431674242019653,0.003101819194853306,5.643857479095459,9.067561149597168
16510,1.4329235553741455,-0.01803918555378914,0.0033561475574970245,6.920973300933838,0.9830434918403625
16534,1.189590573310852,0.15836898982524872,0.003293912159278989,7.8386077880859375,3.960306167602539
16544,-2.4063541889190674,-0.2799270749092102,0.002190349157899618,18.44820213317871,0.0032647133339196444
16560,1.6186500787734985,0.5248457789421082,0.003324127523228526,6.1775288581848145,11.925979614257812
16566,2.6921615600585938,0.7416859269142151,0.00394973112270236,5.8321380615234375,6.436151027679443
16580,-1.0210884809494019,-0.2766917645931244,0.002542787929996848,13.4437255859375,0.01316909771412611
16610,-1.3466790914535522,-0.2804737091064453,0.002798498375341296,18.380447387695312,0.0004875183221884072
16623,1.011026382446289,-0.03771347925066948,0.0031926126684993505,7.723160743713379,0.9704128503799438
16658,-0.26049426198005676,-0.1972014456987381,0.0025040332693606615,8.831801414489746,0.29711204767227173
16698,3.7173409461975098,1.184482216835022,0.004654295276850462,6.226674556732178,11.939900398254395
16701,-1.4885486364364624,-0.28060588240623474,0.0030067136976867914,21.186948776245117,0.0031021118629723787
16741,-1.4247907400131226,-0.2538139522075653,0.002453809604048729,14.85973834991455,0.07799482345581055
16748,-2.3014369010925293,-0.2806641757488251,0.0025880951434373856,22.10934829711914,3.986358569818549e-05
16767,-0.42282724380493164,-0.14935971796512604,0.0023613579105585814,8.237154006958008,0.9130958914756775
16771,0.3246414363384247,0.12670786678791046,0.002619030885398388,6.30286169052124,3.571991443634033
16781,-2.900381088256836,-0.2768670618534088,0.0023622922599315643,22.994421005249023,0.010382890701293945
16798,0.7376700043678284,-0.23265652358531952,0.0029904998373240232,7.599910736083984,0.21831189095973969
16799,-0.36376282572746277,-0.27404701709747314,0.0029129479080438614,13.782618522644043,0.026147842407226562
16859,-2.174257278442383,-0.27952709794044495,0.002497338457033038,19.981048583984375,0.0068916319869458675
16873,0.8669309616088867,-0.08593329787254333,0.0032560396939516068,9.560575485229492,0.42817455530166626
16886,-1.6545065641403198,-0.27313223481178284,0.002000818494707346,12.280585289001465,0.03740349039435387
16899,0.20022700726985931,-0.1441078633069992,0.0028296017553657293,9.21677303314209,0.5074657797813416
16931,-0.11016762256622314,-0.26788341999053955,0.002761027542874217,10.436990737915039,0.13007965683937073
16933,0.12294299900531769,-0.2640492022037506,0.0030975842382758856,12.617621421813965,0.21931342780590057
16934,-0.16852308809757233,-0.2549801766872406,0.002806997625157237,11.505837440490723,1.3349908590316772
16949,0.09411514550447464,-0.2801709771156311,0.0028199912048876286,10.063941955566406,-0.07157373428344727
16969,-0.42184993624687195,-0.1812906563282013,0.0027356622740626335,11.824838638305664,0.5460641980171204
16979,0.26327309012413025,0.38714009523391724,0.002614125842228532,6.6283159255981445,8.928043365478516
17006,1.0013903379440308,-0.1586107313632965,0.00322475447319448,8.565925598144531,0.6445151567459106
17027,-0.6030091643333435,-0.2509699761867523,0.002404607366770506,10.251700401306152,0.3326433300971985
17055,1.4685566425323486,-0.26576122641563416,0.0036213172134011984,9.609700202941895,0.056121062487363815
17065,2.665403127670288,2.29185152053833,0.0037801736034452915,3.82163667678833,16.889371871948242
17094,-0.3859676420688629,-0.17243100702762604,0.002397263655439019,8.771468162536621,0.3566405475139618
17102,-2.912066698074341,-0.28056591749191284,0.002133731497451663,21.355077743530273,0.005160522647202015
17141,-0.608092188835144,0.4221780002117157,0.0021829481702297926,7.781655311584473,19.44319725036621
17148,-1.2915422916412354,-0.2801562249660492,0.0027941835578531027,17.6923885345459,0.0038635253440588713
17152,1.807415246963501,0.019660403952002525,0.0036169830709695816,7.3163299560546875,1.2320903539657593
17175,-2.1542131900787354,-0.2628921568393707,0.0016456990269944072,12.47767162322998,0.0641917958855629
17189,-1.6096619367599487,-0.2794828414916992,0.0026152662467211485,17.819398880004883,0.01576031558215618
17259,1.895888328552246,0.92491215467453,0.003516118973493576,5.7193498611450195,5.539950847625732
17306,0.5495522618293762,-0.23686333000659943,0.0027501448057591915,6.50011682510376,-2.0544753074645996
17315,-0.41984573006629944,-0.17912767827510834,0.002438081195577979,9.005024909973145,0.5108553171157837
17358,-0.6081967353820801,-0.0034842013847082853,0.0021917035337537527,7.956809997558594,10.97156810760498
17368,0.37124428153038025,-0.16665957868099213,0.002935240976512432,9.12209701538086,1.581071376800537
17376,-0.6727458238601685,-0.27156805992126465,0.0026768683455884457,12.493334770202637,0.02548055723309517
17388,-0.2170184701681137,0.22942698001861572,0.002444252837449312,7.614046573638916,2.8625435829162598
17392,1.199468970298767,-0.02395908534526825,0.0030244444496929646,5.481631755828857,2.4932913780212402
17399,-2.4344940185546875,-0.28065943717956543,0.002481714589521289,21.62500762939453,6.561279587913305e-05
17493,1.8350136280059814,-0.12016496807336807,0.0036937191616743803,7.9970245361328125,0.5440972447395325
17495,0.4389722943305969,-0.2723059356212616,0.003034611465409398,9.718934059143066,0.17664757370948792
17508,0.6849609613418579,-0.24192486703395844,0.003514656098559499,13.338653564453125,0.11558341979980469
17518,-0.38034331798553467,-0.22870014607906342,0.0025124240200966597,9.78806209564209,1.0663155317306519
17527,-1.5617965459823608,-0.27830299735069275,0.002391067100688815,15.61948299407959,0.01821058988571167
17528,-0.12698575854301453,-0.13247455656528473,0.0025501686614006758,8.785476684570312,0.8526790738105774
17591,1.9838508367538452,0.5920318961143494,0.003613461973145604,6.331368446350098,6.8576836585998535
17595,-2.672055959701538,-0.280674010515213,0.0025783684104681015,23.697458267211914,-8.39233416627394e-06
17599,-1.372622013092041,0.04002070054411888,0.0019784080795943737,10.224422454833984,3.7073135375976562
17612,-1.114434003829956,-0.18039080500602722,0.0021298504434525967,10.21844482421875,0.2822166383266449
17619,-1.8245776891708374,-0.28055739402770996,0.0025317277759313583,18.29778480529785,0.00020141601271461695
17659,-1.1363236904144287,-0.2804034650325775,0.0030100320000201464,18.8848876953125,0.0022308349143713713
17670,0.08550476282835007,-0.17856763303279877,0.002804820192977786,9.796551704406738,1.4696788787841797
17733,-0.0276106595993042,-0.10519473999738693,0.0025450848042964935,7.9172258377075195,1.723117470741272
17780,1.6274582147598267,0.1529814898967743,0.003420943161472678,7.1038818359375,1.4621832370758057
17794,-0.5854130387306213,-0.28066039085388184,0.0033258020412176847,19.21225929260254,-0.00023746490478515625
17830,-1.5901085138320923,-0.21008947491645813,0.0023446367122232914,15.143671035766602,0.1568307876586914
17833,-0.23480351269245148,-0.1597626656293869,0.002533615566790104,9.037749290466309,0.5300674438476562
17855,-0.16868673264980316,-0.17909862101078033,0.0028865996282547712,11.861922264099121,0.41091442108154297
17871,1.1603304147720337,0.09088867902755737,0.0032451413571834564,7.446958065032959,3.746708631515503
17889,-0.0443570502102375,0.36993882060050964,0.0024346027057617903,6.906396389007568,5.1622138023376465
17921,2.016420364379883,0.29207155108451843,0.003634695429354906,5.993984699249268,4.980609893798828
17934,-0.9620671272277832,-0.2808833420276642,0.0029518594965338707,17.645294189453125,-0.008951759897172451
18004,0.9995214343070984,0.34123700857162476,0.0032954595517367125,8.68221664428711,1.470481276512146
18038,-1.5380988121032715,-0.2688274085521698,0.0021158442832529545,12.535990715026855,0.03577270731329918
18059,0.3869623839855194,-0.019006503745913506,0.0028171611484140158,7.591869354248047,6.339017391204834
18061,-0.4318978488445282,-0.2048107236623764,0.002383674494922161,8.732680320739746,0.2877922058105469
18074,-2.9368183612823486,-0.2718696892261505,0.0017305515939369798,16.423276901245117,0.07018585503101349
18077,-0.4421329200267792,-0.015472883358597755,0.0023905106354504824,8.642865180969238,4.5629730224609375
18121,0.5207273364067078,-0.20463357865810394,0.002999115502461791,8.664518356323242,0.5420450568199158
18128,0.5682530999183655,0.05401511862874031,0.0028148258570581675,6.980809688568115,1.2944647073745728
18131,0.3186165392398834,-0.2603439688682556,0.0031950518023222685,12.08591079711914,0.08403473347425461
18150,0.8526789546012878,-0.27442467212677,0.003108629258349538,8.489851951599121,0.07115192711353302
18151,0.0895315632224083,0.2072478085756302,0.0025095611345022917,6.783420562744141,2.8233871459960938
18156,-2.902716875076294,-0.2786439061164856,0.0018629931146278977,18.47858238220215,0.08279342949390411
18170,-0.4823490083217621,-0.2597518861293793,0.002666074549779296,11.212484359741211,0.06614074856042862
18176,2.421994686126709,1.0686638355255127,0.003841396188363433,5.800357341766357,5.952004909515381
18199,4.023298263549805,0.779127836227417,0.004700797609984875,5.404330730438232,3.7896344661712646
18212,0.6683099865913391,0.6722199320793152,0.002831545192748308,6.347610950469971,6.2689008712768555
18229,0.5078989267349243,-0.04948234558105469,0.0027791985776275396,7.208795070648193,1.7807778120040894
18262,0.22030524909496307,-0.27868908643722534,0.0033003760036081076,13.615730285644531,0.016339873895049095
18267,-0.8997244238853455,-0.17931194603443146,0.0023156367242336273,10.91291332244873,0.9561027884483337
18280,0.4388371407985687,-0.08439270406961441,0.002830339130014181,7.636237621307373,1.1399033069610596
18288,-0.34931597113609314,-0.25068899989128113,0.002570717129856348,9.727770805358887,0.328805536031723
18346,0.21604911983013153,-0.210519477725029,0.002902316628023982,10.15595531463623,0.28538647294044495
18347,-0.4879085123538971,-0.258125364780426,0.0026978019159287214,11.899045944213867,0.10634155571460724
18416,-2.34833025932312,-0.28060558438301086,0.0014569098129868507,11.024263381958008,0.11291384696960449
18440,0.43848714232444763,-0.27199316024780273,0.003479595063254237,13.948229789733887,0.027734756469726562
18463,1.048632025718689,-0.22563408315181732,0.0033947776537388563,9.853419303894043,0.2802126407623291
18478,2.436779022216797,1.0044171810150146,0.003790138754993677,5.591662883758545,6.4882493019104
18511,-3.070965051651001,-0.28105589747428894,0.0023457880597561598,23.977697372436523,-0.00289325718767941
18521,-0.21989457309246063,-0.25938206911087036,0.0028815921396017075,12.289528846740723,0.1451248675584793
18552,0.7660229802131653,0.2565493881702423,0.002810957608744502,5.9059624671936035,2.654637098312378
18568,-1.5995444059371948,-0.2684175968170166,0.002425329526886344,17.062244415283203,0.10902252048254013
18569,0.30117955803871155,-0.19259555637836456,0.0029944339767098427,10.471392631530762,1.0305938720703125
18574,0.660486102104187,1.296618103981018,0.002790227998048067,6.075659275054932,8.877718925476074
18581,1.9915388822555542,0.34450221061706543,0.0035645400639623404,5.4583563804626465,1.057976484298706
18587,2.3796708583831787,0.6827606558799744,0.003845101222395897,6.32037878036499,8.202592849731445
18600,0.3598717153072357,-0.2798130214214325,0.0034925825893878937,14.824121475219727,0.00898666400462389
18613,0.5336598753929138,-0.21777307987213135,0.0029679248109459877,8.656718254089355,0.2597021162509918
18626,0.26857420802116394,-0.11853878945112228,0.002669584471732378,7.5385870933532715,2.7877166271209717
18632,2.7776222229003906,0.3386351764202118,0.003944437485188246,4.773530006408691,8.986953735351562
18634,-1.5409228801727295,-0.2701532244682312,0.00261576846241951,17.42982292175293,0.13610534369945526
18643,-1.579891562461853,-0.2772662043571472,0.002703731181100011,18.429443359375,0.18293380737304688
18685,4.129417419433594,0.7403537631034851,0.004616996739059687,3.5313327312469482,7.458661079406738
18687,-1.6100921630859375,-0.2656566798686981,0.0020244226325303316,11.856063842773438,0.06400322169065475
18708,0.6860207319259644,-0.07647991925477982,0.0029798352625221014,7.524581432342529,0.8905590176582336
18714,-0.29337120056152344,-0.24853025376796722,0.00248501799069345,8.66354751586914,0.5041735172271729
18729,-0.7945377230644226,-0.2566189467906952,0.002347118454053998,10.407008171081543,0.12837238609790802
18748,1.0245354175567627,-0.1745026707649231,0.003312240121886134,9.181479454040527,0.6100829839706421
18758,0.8898841738700867,-0.21905536949634552,0.003147230250760913,8.142045021057129,0.4825018048286438
18762,-0.5265435576438904,0.04024939239025116,0.0023092522751539946,8.704363822937012,8.782122611999512
18773,-1.1279288530349731,-0.19805781543254852,0.002088466426357627,9.489741325378418,0.3796215057373047
18799,1.5910760164260864,0.848626434803009,0.003331819549202919,5.708253383636475,6.504094123840332
18815,-0.6553025841712952,-0.21428723633289337,0.002531306818127632,11.294625282287598,0.22670598328113556
18845,-3.043195962905884,-0.28052064776420593,0.0021128745283931494,20.981483459472656,0.0007614135975018144
18852,0.6160137057304382,0.14334915578365326,0.002827625023201108,6.629615306854248,1.918691635131836
18856,-2.0911664962768555,-0.2725422978401184,0.001755263889208436,12.571593284606934,0.05465126037597656
18873,0.54124516248703,0.1564394235610962,0.0028552485164254904,7.351563930511475,3.308927297592163
18919,-0.5030166506767273,-0.2801203429698944,0.003115640254691243,15.649248123168945,0.003735160920768976
18921,0.672312319278717,-0.17782112956047058,0.003024245845153928,8.452816009521484,1.0650759935379028
18945,-1.0951963663101196,-0.22976742684841156,0.0022064384538680315,11.099377632141113,0.24377766251564026
18946,-1.5409783124923706,-0.2691621482372284,0.001961106201633811,11.60017204284668,0.03867454454302788
18958,-2.6108670234680176,-0.2732205092906952,0.0021734090987592936,19.896913528442383,0.016452789306640625
18962,-1.455404281616211,-0.27169519662857056,0.0020654601976275444,11.458369255065918,0.19009080529212952
18966,-3.8383731842041016,-0.2806672155857086,0.002072308911010623,26.17010498046875,1.9073486612342094e-07
18971,-0.8607683181762695,-0.28060442209243774,0.003101015230640769,17.721559524536133,0.0047473907470703125
19022,-0.12069454044103622,-0.14831651747226715,0.0028583393432199955,11.631457328796387,0.3659372329711914
19096,2.299248456954956,1.2694672346115112,0.0037361003924161196,5.79714298248291,15.938095092773438
19150,0.7479524612426758,-0.04774342104792595,0.0028827625792473555,6.54628324508667,1.5377289056777954
19154,-0.8714748620986938,-0.16264985501766205,0.0021626094821840525,8.806999206542969,0.4959556758403778
19156,6.654250621795654,3.913637161254883,0.006141116376966238,3.6632938385009766,35.104156494140625
19176,0.2079390287399292,-0.2560592591762543,0.0031521476339548826,12.5408296585083,0.23904533684253693
19177,-3.5360848903656006,-0.28066715598106384,0.0024117662105709314,27.5548038482666,3.814697265625e-06
19201,-0.937242329120636,-0.1518661081790924,0.0021774275228381157,9.494219779968262,1.7323859930038452
19209,0.6183475852012634,0.443047434091568,0.0027745249681174755,6.453033447265625,4.665274620056152
19240,-0.12309535592794418,-0.20908868312835693,0.0028888850938528776,11.952619552612305,0.7386625409126282
19252,0.05935237929224968,-0.20412960648536682,0.0028030495159327984,9.991264343261719,2.626025915145874
19271,2.1687123775482178,0.8345555663108826,0.003803480416536331,6.599433422088623,3.8645355701446533
19316,-0.07135068625211716,0.02508600987493992,0.002544820075854659,7.8368096351623535,6.033189296722412
19319,1.3830974102020264,0.3476749658584595,0.0033225086517632008,6.346468925476074,2.953101873397827
19334,-1.5378024578094482,-0.28057098388671875,0.0027690038550645113,18.78103256225586,0.0006450653309002519
19335,-0.34769657254219055,-0.24052290618419647,0.002656291238963604,11.10788631439209,0.09379901736974716
19338,1.3460873365402222,0.8597593307495117,0.0030752760358154774,4.820696830749512,11.534428596496582
19350,0.16663040220737457,-0.042386457324028015,0.0025693329516798258,7.007545471191406,2.489732503890991
19368,0.8304095268249512,0.47066107392311096,0.003163892775774002,8.714177131652832,4.697678565979004
19401,-0.238949254155159,-0.16274914145469666,0.0025444997008889914,8.955267906188965,0.6616978049278259
19423,-0.30355045199394226,-0.2784422039985657,0.0029650756623595953,13.933670043945312,0.009056473150849342
19434,1.6271250247955322,0.5619092583656311,0.0035182784777134657,7.6352996826171875,11.14197826385498
19459,-2.1331944465637207,-0.27934157848358154,0.002467568963766098,19.66641616821289,0.06485100090503693
19476,0.4197167456150055,-0.2587531507015228,0.0030510418582707644,10.147929191589355,0.24381914734840393
19483,0.0028182805981487036,0.4276323914527893,0.0023872461169958115,6.222353935241699,7.560306072235107
19491,3.971235990524292,2.3569676876068115,0.004676776472479105,4.920051097869873,11.09711742401123
19524,-0.7649261355400085,-0.13679900765419006,0.002407488878816366,10.904955863952637,1.205438256263733
19537,0.514348566532135,0.03682969883084297,0.002687592525035143,6.002713203430176,0.16289396584033966
19561,1.2064026594161987,0.39585763216018677,0.0031566170509904623,6.781222820281982,2.797124147415161
19583,-1.6556494235992432,-0.26553940773010254,0.0022241089027374983,14.164230346679688,0.08722839504480362
19595,1.7858352661132812,0.7662917971611023,0.0036246106028556824,7.138546943664551,3.22833514213562
19610,-0.10767234861850739,-0.10651234537363052,0.002752558793872595,10.894614219665527,0.6013752818107605
19612,3.7850396633148193,0.8618537783622742,0.004516349174082279,4.36816930770874,9.162949562072754
19623,2.012385368347168,0.19562499225139618,0.0036929664202034473,6.979663372039795,3.5961976051330566
19635,0.6122007369995117,-0.11114627122879028,0.002986560110002756,8.440954208374023,1.4987684488296509
19652,0.8359069228172302,-0.7240780591964722,0.0030443386640399694,7.599735260009766,-0.20754490792751312
19693,2.7071688175201416,1.7257473468780518,0.003905249061062932,5.335885524749756,18.00773048400879
19698,-0.867719292640686,-0.2710738182067871,0.002804109128192067,15.938224792480469,0.03878936916589737
19708,-3.149958372116089,-0.28042662143707275,0.002002449706196785,21.018823623657227,0.012925720773637295
19756,-0.6257009506225586,-0.1125248447060585,0.0022195742931216955,8.034130096435547,1.41958487033844
19757,0.6834468841552734,-0.02517298422753811,0.0030196874868124723,8.098831176757812,3.598695755004883
19819,-0.9243653416633606,-0.2619951367378235,0.0025012153200805187,12.69117259979248,0.1989128142595291
19825,1.7253963947296143,-0.2543624937534332,0.003878247458487749,10.49720287322998,0.04797433689236641
19863,-0.5237714648246765,-0.16978751122951508,0.002756451489403844,12.730206489562988,0.30459100008010864
19889,-0.04885344207286835,0.004545940551906824,0.002642904408276081,8.412398338317871,0.7416084408760071
19892,-0.6787136793136597,-0.28061550855636597,0.0032826464157551527,19.018795013427734,0.0008827209821902215
19896,1.4135346412658691,0.36415642499923706,0.0031682122498750687,5.461110591888428,3.1247599124908447
19908,0.9263432621955872,-0.131137415766716,0.003041498828679323,7.471753120422363,1.8244974613189697
19925,0.48450756072998047,-0.23133225739002228,0.003056982532143593,9.763274192810059,0.23351745307445526
19933,1.5401809215545654,-0.2173902541399002,0.003641892923042178,9.432799339294434,1.1201107501983643
19938,0.28142744302749634,-0.2762323021888733,0.0032581433188170195,12.992207527160645,0.015264177694916725
19965,1.9117017984390259,0.03822295740246773,0.003605926875025034,6.581265449523926,2.2786037921905518
19993,-1.1080621480941772,-0.18407288193702698,0.002299308544024825,11.811821937561035,0.8310913443565369
20001,-0.7578230500221252,-0.28052395582199097,0.0029991804622113705,16.5313663482666,-0.00010452270362293348
20053,1.1896998882293701,-0.1861170530319214,0.0033603047486394644,8.683341979980469,0.594738781452179
20066,-0.9948717355728149,-0.21142089366912842,0.002073666313663125,8.728071212768555,0.6650516390800476
20075,-0.5101136565208435,-0.07384428381919861,0.0022772648371756077,8.31466293334961,2.006679058074951
20076,-1.0654592514038086,-0.2166854590177536,0.0021483495365828276,9.701916694641113,0.15684738755226135
20083,-1.6647570133209229,-0.2663513720035553,0.0022096934262663126,14.689546585083008,0.09656238555908203
20084,2.0356993675231934,0.02845451794564724,0.003816446987912059,7.466500759124756,0.9264503717422485
20092,-2.8494789600372314,-0.2740640342235565,0.0016481562051922083,15.63437557220459,0.2245735228061676
20122,0.023408332839608192,-0.045503731817007065,0.002554400125518441,7.6207594871521,3.7273850440979004
20126,-0.2247808277606964,0.017924264073371887,0.002352232811972499,7.03429651260376,0.6809315085411072
20156,-0.012589015066623688,-0.19267769157886505,0.0028101508505642414,11.08857250213623,0.40947839617729187
20164,-0.2712976634502411,-0.2519727945327759,0.0026875564362853765,10.264297485351562,0.1589631587266922
20171,0.7146902084350586,0.6176984310150146,0.00286959414370358,6.504566192626953,4.2461137771606445
20201,0.21830348670482635,-0.2354673445224762,0.0028648716397583485,9.165947914123535,0.2871434688568115
20207,2.1842212677001953,0.5399150252342224,0.003760442603379488,6.544049263000488,10.240839004516602
20277,-0.32589271664619446,0.7026113867759705,0.002199803711846471,6.3144426345825195,10.700161933898926
20279,1.7670835256576538,0.8682567477226257,0.003353793639689684,5.544275760650635,5.926768779754639
20315,1.1396933794021606,1.9361908435821533,0.003047619480639696,5.412969589233398,18.900182723999023
20322,2.434777021408081,0.2773221433162689,0.0038357905577868223,5.464349269866943,3.9196789264678955
20348,0.15646640956401825,-0.21260486543178558,0.0027431845664978027,8.874176025390625,0.19503651559352875
20382,-1.982150673866272,-0.2804996073246002,0.0023919062223285437,17.74799919128418,0.0005113601800985634
20394,0.21886174380779266,-0.3998214602470398,0.002677828073501587,7.796288967132568,-7.468055725097656
20445,-0.08370579779148102,-0.26089775562286377,0.0028370872605592012,11.151061058044434,0.3281448483467102
20451,0.6100873351097107,-0.24913029372692108,0.0032089680898934603,10.489474296569824,0.9566801190376282
20477,0.5434635281562805,-0.021097848191857338,0.0030384042765945196,9.095088005065918,1.8211402893066406
20512,-0.4774656295776367,-0.06338150054216385,0.00247136945836246,9.644930839538574,2.63458251953125
20644,1.267717719078064,-0.12817399203777313,0.003427767427638173,9.117583274841309,0.6226467490196228
20647,0.8766045570373535,0.40884310007095337,0.0031003158073872328,8.065584182739258,2.331935167312622
20669,1.0575019121170044,-0.14993804693222046,0.0033003378193825483,9.077335357666016,0.51345294713974
20688,-0.7986257076263428,-0.16789567470550537,0.0024023992009460926,11.038836479187012,0.29895326495170593
20715,1.616771936416626,-0.19586317241191864,0.0037251717876642942,10.09729290008545,0.3973587155342102
20732,-0.5668841004371643,-0.28065162897109985,0.0034106632228940725,19.90888023376465,4.572868419927545e-05
20733,-0.07103074342012405,-0.005174485966563225,0.0026595054659992456,9.084501266479492,4.242602825164795
20794,0.03411974385380745,-0.03067842125892639,0.002693873131647706,8.633523941040039,1.1834503412246704
20801,-1.6165752410888672,-0.12652842700481415,0.0018737942446023226,10.734511375427246,1.1956493854522705
20807,-1.3685530424118042,-0.19699527323246002,0.002201662864536047,12.06511116027832,0.31934356689453125
20809,1.0360482931137085,-0.09192977100610733,0.0032493695616722107,8.618877410888672,1.1703979969024658
20837,0.589793860912323,-0.18964771926403046,0.0028534187003970146,6.9813361167907715,0.5013986825942993
20860,0.708013117313385,-0.12845075130462646,0.00323146372102201,9.859923362731934,0.9579601287841797
20905,0.401306688785553,-0.1448550671339035,0.002766741206869483,7.122284889221191,0.9132553339004517
20938,-1.1878920793533325,-0.26906153559684753,0.002551716985180974,15.006543159484863,0.1918594390153885
20939,-1.201337218284607,-0.20996394753456116,0.0019902416970580816,9.213200569152832,0.4150124490261078
20940,-0.3084869384765625,0.19624143838882446,0.002388456603512168,7.894423961639404,2.2117698192596436
20982,2.0604734420776367,0.05357278510928154,0.0035738360602408648,5.317951202392578,2.84867262840271
20991,0.42386865615844727,-0.26298534870147705,0.003211644245311618,11.530820846557617,0.02038116566836834
21006,0.22891171276569366,0.017806459218263626,0.002731016371399164,8.738517761230469,1.9907721281051636
21009,1.7970211505889893,0.009447301737964153,0.003671142039820552,7.801806926727295,1.5426385402679443
21011,1.5218873023986816,-0.04303443059325218,0.003568050218746066,9.122610092163086,1.137269377708435
21035,1.238853096961975,0.7156628966331482,0.003093134379014373,6.421761512756348,7.105130195617676
21059,-1.7660974264144897,-0.2739621102809906,0.0027498076669871807,20.383695602416992,0.01506881695240736
21077,1.9087225198745728,2.1174464225769043,0.0035136134829372168,5.7340312004089355,27.17963981628418
21089,0.1475142538547516,-0.29957887530326843,0.002603748580440879,7.28046178817749,-0.013753104023635387
21124,1.9697824716567993,1.7442454099655151,0.0035035822074860334,5.39870548248291,7.81386137008667
21127,-1.8500984907150269,-0.2069193422794342,0.001714358921162784,10.752938270568848,1.4279907941818237
21130,4.817605018615723,0.9652318954467773,0.005086924415081739,4.726852893829346,12.251524925231934
21179,-3.2690999507904053,-0.28066134452819824,0.0023678995203226805,25.770343780517578,0.0002868652518372983
21214,0.11172133684158325,-0.08439866453409195,0.002663626568391919,8.478730201721191,1.5513534545898438
21233,1.998800277709961,0.6220056414604187,0.003644325537607074,7.078777313232422,4.967903137207031
21258,-0.3311852216720581,-0.2636667490005493,0.002807582961395383,12.08419418334961,-0.04586810991168022
21261,3.1820716857910156,2.2197482585906982,0.004290505778044462,6.135278224945068,13.177515029907227
21265,1.1716760396957397,0.6202270984649658,0.0031263758428394794,6.701879024505615,4.762507438659668
21266,-1.085471272468567,-0.2716935873031616,0.0022011185064911842,10.681086540222168,0.2632361352443695
21271,-1.332619071006775,-0.27877673506736755,0.002437835792079568,14.650590896606445,0.01003875769674778
21279,2.1007792949676514,0.5134877562522888,0.0036592676769942045,6.068241119384766,16.276046752929688
21286,-0.15648792684078217,-0.27699190378189087,0.0030562025494873524,14.082324028015137,0.0442325584590435
21320,0.27451422810554504,-0.2606940269470215,0.0033176348078995943,13.614043235778809,0.39504241943359375
21356,1.4537670612335205,0.3962949514389038,0.003316054120659828,6.566764831542969,3.494432210922241
21370,-0.10514688491821289,-0.20345154404640198,0.0027601865585893393,10.175322532653809,0.2973507046699524
21379,0.501778781414032,0.07767233997583389,0.0027184966020286083,6.558921813964844,2.899324893951416
21428,-1.2307533025741577,-0.24557526409626007,0.0021440063137561083,10.982248306274414,0.5410637259483337
21502,0.817203938961029,0.32256394624710083,0.0028668066952377558,6.026586055755615,3.9292409420013428
21543,-0.7640041708946228,-0.2822704613208771,0.002891689771786332,15.693811416625977,-0.00839309673756361
21569,-1.4553728103637695,-0.2806306481361389,0.002646863693371415,17.163724899291992,0.004647254943847656
21595,0.03146907314658165,-0.20750513672828674,0.0027112008538097143,9.117809295654297,0.5870464444160461
21610,0.007069069426506758,-0.1282430738210678,0.0026206858456134796,8.634955406188965,-0.2218547910451889
21669,-0.5354374647140503,-0.18168699741363525,0.0021564969792962074,7.2360711097717285,0.7134524583816528
21678,1.3928682804107666,-0.19872531294822693,0.003436121391132474,8.204697608947754,0.4133148193359375
21682,-3.5831222534179688,-0.2806302309036255,0.002140610944479704,25.326494216918945,0.002002191497012973
21737,1.0380827188491821,-0.2763109803199768,0.003717925166711211,13.112706184387207,0.1537870466709137
21740,-1.0367183685302734,-0.2624848484992981,0.002527861623093486,14.351582527160645,0.060455322265625
21797,0.09474104642868042,-0.19955269992351532,0.0031621602829545736,13.173047065734863,3.722438097000122
21809,-1.7417696714401245,-0.2805061936378479,0.0026785889640450478,19.22205924987793,0.0061241150833666325
21810,-1.1528303623199463,-0.23784764111042023,0.0026558467652648687,15.728469848632812,0.21652069687843323
21834,-3.4301071166992188,-0.2799416184425354,0.0019606146961450577,22.56348991394043,0.010539245791733265
21910,-1.895164132118225,-0.28002452850341797,0.0024302087258547544,17.876148223876953,0.005635452456772327
21916,-0.04557554051280022,-0.21349525451660156,0.0026369590777903795,8.692947387695312,0.20408296585083008
21920,1.881734848022461,0.07961679250001907,0.003489917842671275,6.1367058753967285,1.8494724035263062
21928,0.04038834571838379,-0.23872239887714386,0.0029248280916363,11.118399620056152,0.11155962944030762
21977,-0.1120699793100357,-0.09661337733268738,0.002613482531160116,8.83444881439209,0.543021023273468
21986,-0.63545823097229,-0.2804825007915497,0.003488728776574135,21.150165557861328,0.006350708194077015
22021,0.4929373860359192,0.2012036293745041,0.0027286484837532043,6.251425266265869,0.9237813949584961
22047,0.14947716891765594,0.6383867859840393,0.0027373561169952154,8.637332916259766,5.659275054931641
22059,2.069119691848755,0.05912381038069725,0.00360612734220922,5.7738518714904785,3.237234592437744
22061,0.3914051949977875,0.17753393948078156,0.0027209275867789984,6.977591037750244,14.935553550720215
22073,-1.8714851140975952,-0.28362342715263367,0.0022295983508229256,16.062807083129883,-0.0014709591632708907
22083,0.46400460600852966,0.44612613320350647,0.00261477567255497,5.589332580566406,13.643936157226562
22099,-2.5341389179229736,-0.28031599521636963,0.002135815331712365,18.962310791015625,0.0008969306945800781
22103,0.6471391320228577,0.06174304708838463,0.002882410539314151,7.2698798179626465,2.0674996376037598
22174,1.8389240503311157,0.2956271767616272,0.0036257044412195683,6.620941162109375,3.623514175415039
22184,-0.5853245854377747,-0.27864548563957214,0.0030545962508767843,16.434555053710938,0.0032684325706213713
22224,1.32480788230896,0.6566352844238281,0.0032290450762957335,6.449023723602295,4.168535232543945
22232,-0.6463815569877625,-0.2612392008304596,0.0024524189066141844,10.62056827545166,0.04440155252814293
22289,-0.5416942834854126,-0.27118274569511414,0.0028461692854762077,14.03247356414795,0.05437050014734268
22305,1.1496771574020386,0.34905630350112915,0.003116114530712366,6.245276927947998,3.634354829788208
22336,0.09081820398569107,-0.18299496173858643,0.002620985498651862,7.722532749176025,0.5323851704597473
22338,0.7605647444725037,-0.18283481895923615,0.00342930038459599,11.755348205566406,0.22933654487133026
22342,0.4749471843242645,0.1740257292985916,0.0029287596698850393,8.51288890838623,3.554828643798828
22357,-0.646784245967865,-0.1241971030831337,0.002129571745172143,7.519719123840332,1.5670242309570312
22387,0.247981458902359,-0.18514558672904968,0.0027037865947932005,8.168761253356934,0.01540374755859375
22390,0.6339934468269348,0.05745040252804756,0.0029338165186345577,7.361413478851318,3.2381303310394287
22392,-0.8954913020133972,-0.23432806134223938,0.002541356021538377,13.121417045593262,0.9794875979423523
22407,-0.34189605712890625,-0.14265809953212738,0.0024398069363087416,8.774896621704102,1.435346245765686
22423,-0.01812453381717205,-0.25240564346313477,0.0028249770402908325,10.171201705932617,0.3869154155254364
22427,0.7395795583724976,-0.16363076865673065,0.0032754724379628897,10.827546119689941,0.461416631937027
22430,1.2380362749099731,0.22778311371803284,0.003406505798920989,8.684865951538086,1.8527663946151733
22445,2.670525074005127,1.2184072732925415,0.003985184710472822,6.023336887359619,6.259973049163818
22469,1.5257292985916138,0.4397905468940735,0.0033442906569689512,6.676729679107666,7.533048152923584
22470,-4.103279113769531,-0.2806670665740967,0.0020872734021395445,27.59075355529785,6.8664553509734105e-06
22478,-1.016048789024353,-0.262870192527771,0.0022154487669467926,10.096193313598633,0.23180902004241943
22483,1.7195345163345337,0.9937030076980591,0.0033642144408077,6.2549004554748535,4.611302375793457
22487,0.8212801218032837,0.4510215222835541,0.002905086847022176,6.140621662139893,7.66394567489624
22547,-0.055437833070755005,-0.1689917892217636,0.002933593699708581,11.402493476867676,0.4343254268169403
22630,1.608298897743225,1.5006080865859985,0.0034218274522572756,6.4678778648376465,13.528914451599121
22681,0.9912123084068298,-0.08016308397054672,0.003016123315319419,6.608323574066162,2.6949431896209717
22731,1.333511233329773,0.12136701494455338,0.0033576437272131443,8.03996753692627,3.908660888671875
22737,1.2795523405075073,-0.10333224385976791,0.0033277433831244707,8.002039909362793,4.711585998535156
22757,-0.2239208221435547,-0.22307197749614716,0.0026967108715325594,10.604098320007324,0.3312869966030121
22766,-0.3355778753757477,-0.2711391746997833,0.0026736550498753786,11.042451858520508,0.15160827338695526
22771,0.6128031611442566,-0.16738800704479218,0.003153975820168853,9.765114784240723,0.4381706416606903
22834,0.37257805466651917,0.05213630944490433,0.0027099966537207365,6.891944885253906,4.555651664733887
22853,1.1036624908447266,-0.28070536255836487,0.003136227373033762,6.623324871063232,1.4366183280944824
22870,-1.2618221044540405,-0.28051576018333435,0.00272973719984293,16.854537963867188,0.0003993988211732358
22876,0.37476271390914917,0.061931248754262924,0.002562154084444046,5.594487190246582,6.868016242980957
22879,3.401672840118408,1.4843732118606567,0.004245855379849672,4.845540523529053,11.164251327514648
22895,-0.20716546475887299,-0.19360347092151642,0.002755202120169997,11.059306144714355,0.45196533203125
22911,-1.1222929954528809,-0.21142292022705078,0.0027106076013296843,15.641512870788574,0.1952604353427887
22961,-0.268501341342926,-0.2676575779914856,0.0027896936517208815,12.025485038757324,0.12767677009105682
22999,3.225057601928711,-0.10380184650421143,0.004528956953436136,7.6156768798828125,0.40591755509376526
23039,-0.6184161901473999,-0.23709335923194885,0.002547962125390768,11.762578964233398,0.123693086206913
23046,0.4682212471961975,-0.07238661497831345,0.002945315558463335,8.71976089477539,1.3182404041290283
23090,2.832162857055664,0.40115484595298767,0.004088033922016621,6.159585952758789,3.3399598598480225
23092,-0.36983880400657654,-0.061232518404722214,0.0022474087309092283,7.315976142883301,3.8069496154785156
23093,-0.7533330917358398,-0.27048417925834656,0.002491358667612076,11.557439804077148,0.1187618300318718
23121,-1.4158514738082886,-0.26994794607162476,0.002293003024533391,13.819803237915039,0.22286835312843323
23146,1.1493414640426636,-0.09496790170669556,0.0032520198728889227,7.561920166015625,2.0196807384490967
23162,-0.7243818640708923,-0.26909035444259644,0.0026823803782463074,13.421385765075684,0.06314315646886826
23207,0.6158056259155273,1.1786442995071411,0.002680160803720355,4.8270697593688965,21.053165435791016
23227,-1.6554635763168335,-0.28007328510284424,0.0025478003080934286,17.538013458251953,0.0014696837170049548
23234,1.8164914846420288,0.08765383064746857,0.003459236351773143,6.09784460067749,6.419188022613525
23268,-0.949892520904541,-0.27485209703445435,0.002012526383623481,8.066280364990234,0.027037953957915306
23285,-0.1567278355360031,-0.2356540709733963,0.0025087897665798664,8.312857627868652,-0.2712368071079254
23392,1.289481520652771,0.10756688565015793,0.003191706957295537,6.320840358734131,1.4246097803115845
23432,0.6297518014907837,0.9516579508781433,0.00278310920111835,6.492433071136475,8.946263313293457
23437,-0.08180670440196991,-0.27655211091041565,0.0027253006119281054,9.429694175720215,0.01423183735460043
23448,-0.5933374762535095,-0.021059025079011917,0.0022302300203591585,8.2278470993042,1.858144760131836
23457,0.4942322373390198,0.017969505861401558,0.002805169206112623,7.247413158416748,4.427543640136719
23510,2.316842794418335,0.1596505492925644,0.0038338054437190294,6.642765045166016,2.928596258163452
23515,1.8303354978561401,0.10332739353179932,0.0035665936302393675,6.717389106750488,3.260648727416992
23554,0.1417989730834961,-0.1309375762939453,0.002775743370875716,9.048185348510742,0.4397377073764801
23587,1.508529782295227,-0.11100707203149796,0.0033072398509830236,6.294134616851807,2.4710257053375244
23614,-1.3401744365692139,-0.28018149733543396,0.002678555203601718,16.44681739807129,0.019277190789580345
23619,0.5579573512077332,-0.06730244308710098,0.0029920004308223724,8.761385917663574,3.4355392456054688
23639,0.20967327058315277,-0.2506521940231323,0.0031705775763839483,12.277546882629395,0.3115295469760895
23661,1.8994410037994385,1.787652611732483,0.003392197657376528,4.655403137207031,20.83187484741211
23665,0.29958364367485046,-0.22406163811683655,0.002957698190584779,9.934799194335938,0.9908594489097595
23694,-1.2352728843688965,-0.28057366609573364,0.002918827347457409,18.68438720703125,0.0003461361047811806
23721,-0.2983444631099701,-0.12182033061981201,0.0024307738058269024,8.240288734436035,0.8597637414932251
23733,-1.6437132358551025,-0.28070545196533203,0.0026041006203740835,18.094324111938477,-0.004969215486198664
23756,-0.2632710337638855,-0.19183555245399475,0.0026874076575040817,10.53679084777832,0.19889222085475922
23774,-0.8104040026664734,-0.22592821717262268,0.0023808160331100225,11.0855131149292,0.881692111492157
23777,-0.2501034140586853,0.02098623290657997,0.002508443081751466,8.687594413757324,8.787800788879395
23800,1.1062391996383667,1.346060872077942,0.0030298600904643536,6.099128246307373,19.530885696411133
23801,2.3485565185546875,0.06996164470911026,0.0038284079637378454,6.31979513168335,3.5084502696990967
23831,-0.33724871277809143,-0.2772206962108612,0.003015975235030055,14.156448364257812,0.04475707933306694
23849,0.5354233384132385,-0.016750385984778404,0.0029486403800547123,8.162918090820312,0.727215588092804
23874,2.1560871601104736,-0.1368754357099533,0.0038196430541574955,7.450594425201416,0.7109147906303406
23902,1.1171683073043823,0.17761993408203125,0.0031925837974995375,7.435312747955322,1.9406448602676392
23914,-1.0569531917572021,-0.23377560079097748,0.002117531606927514,9.6341552734375,0.3213340938091278
23916,0.9056320190429688,0.047116395086050034,0.003079746849834919,7.486243724822998,6.836802959442139
23947,-1.2760194540023804,-0.23909293115139008,0.0022770899813622236,12.160155296325684,0.42452889680862427
23949,-0.4962351322174072,-0.261601060628891,0.002735242247581482,12.620462417602539,0.27685263752937317
23967,0.06042136624455452,-0.04335149750113487,0.0026966824661940336,9.041647911071777,0.7982025146484375
23981,-0.8520001769065857,-0.25690072774887085,0.0023256842978298664,10.43435001373291,0.32956334948539734
24006,0.0941842794418335,-0.17652973532676697,0.00311602302826941,12.381134033203125,0.2132057249546051
24015,-0.4986218512058258,-0.25911056995391846,0.0026757291052490473,12.1686429977417,0.049205780029296875
24023,0.6230022311210632,-0.07989291101694107,0.0030392480548471212,8.617915153503418,1.1279926300048828
24028,0.5288575291633606,-0.16442029178142548,0.0028280362021178007,7.210970401763916,0.9112481474876404
24037,-0.08952372521162033,-0.27181026339530945,0.002782421885058284,10.65455150604248,0.037129975855350494
24056,-0.9654588103294373,-0.1393551081418991,0.0021658625919371843,9.500024795532227,0.27401429414749146
24098,-0.031198561191558838,-0.2471897453069687,0.002998120617121458,12.052946090698242,0.35737839341163635
24105,0.5578157901763916,-0.06324391067028046,0.002887268317863345,7.466739177703857,1.4058144092559814
24120,2.216024875640869,0.5329058170318604,0.0035911917220801115,4.810241222381592,8.493760108947754
24126,-0.391557902097702,-0.2049180269241333,0.002515528118237853,9.489548683166504,0.4421093165874481
24128,-1.0840705633163452,-0.2675267159938812,0.002413258422166109,13.148673057556152,0.01878499984741211
24130,3.5515148639678955,4.205593585968018,0.004305829294025898,4.529952049255371,30.531614303588867
24160,-1.840139389038086,-0.27915796637535095,0.0025304590817540884,18.624448776245117,0.03703460842370987
24190,0.038576360791921616,-0.17472964525222778,0.0026503915432840586,8.758601188659668,0.7835773229598999
24226,-1.9882091283798218,-0.28064218163490295,0.002536742715165019,19.543067932128906,0.00116815569344908
24244,1.5039479732513428,-0.16100583970546722,0.0036908050533384085,9.477816581726074,0.38490065932273865
24274,0.8648661971092224,-0.049338292330503464,0.003175689373165369,8.416678428649902,3.1277968883514404
24283,-2.884857416152954,-0.28060245513916016,0.0021274390164762735,21.28889274597168,0.0033672333229333162
24302,0.2172628492116928,1.0576717853546143,0.002444335725158453,5.47084379196167,11.558568000793457
24303,-1.798702597618103,-0.280991792678833,0.0026037967763841152,18.97414207458496,-0.00033397675724700093
24309,-1.6507676839828491,-0.28066664934158325,0.0031304422300308943,23.120023727416992,-7.62939453125e-06
24323,1.881105661392212,0.4133302867412567,0.003730855183675885,8.678750991821289,1.686218500137329
24326,-0.1276472806930542,0.3187548816204071,0.0024664641823619604,7.372287750244141,5.590672492980957
24339,-1.2345194816589355,-0.2565794289112091,0.00245570857077837,13.572482109069824,0.071630097925663
24340,-0.28962424397468567,-0.2736089825630188,0.0031399806030094624,14.937150955200195,0.017926407977938652
24344,0.49415022134780884,0.10762959718704224,0.002805977128446102,7.163730144500732,4.38135290145874
24352,0.5702742338180542,1.3110460042953491,0.002827836899086833,7.18975305557251,5.290345668792725
24363,0.46171948313713074,0.05920708179473877,0.002759865950793028,6.989361763000488,4.425960063934326
24378,1.2165971994400024,0.014432355761528015,0.003183280350640416,6.759389400482178,1.528505563735962
24415,1.6281957626342773,-0.12494411319494247,0.003372595412656665,5.809837818145752,3.0694682598114014
24433,-2.2334327697753906,-0.2799898684024811,0.0019119990756735206,14.737215995788574,-0.016257047653198242
24440,2.4439218044281006,0.5310243964195251,0.0038530726451426744,5.86212682723999,8.576289176940918
24452,-1.2614954710006714,-0.2576882541179657,0.0026437959168106318,16.25745391845703,0.8941581845283508
24459,-0.18296948075294495,-0.21990910172462463,0.0027871313504874706,11.143985748291016,0.3211192786693573
24473,-3.110954999923706,-0.2806648015975952,0.002159934025257826,22.466245651245117,9.059906005859375e-06
24487,0.5825130343437195,-0.26523569226264954,0.0032301940955221653,11.242514610290527,0.06203954294323921
24489,-0.9031277894973755,-0.23042471706867218,0.0020705449860543013,8.620889663696289,0.20850153267383575
24495,-0.4947880804538727,-0.16058264672756195,0.0022740806452929974,8.143157005310059,2.3742759227752686
24503,-3.544142961502075,-0.28064343333244324,0.0020274121779948473,23.537235260009766,0.000118255615234375
24506,1.0244544744491577,-0.13641776144504547,0.003387907287105918,9.753776550292969,2.4685630798339844
24516,0.14162476360797882,0.05458694323897362,0.00254167802631855,6.7021708488464355,6.071969985961914
24546,-3.2645580768585205,-0.28064045310020447,0.0023408234119415283,24.829174041748047,0.00017852782912086695
24553,0.715694010257721,-0.02730203978717327,0.0030548556242138147,8.734073638916016,1.6096500158309937
24585,-1.7017252445220947,-0.19628150761127472,0.0018687340198084712,11.105834007263184,0.2759067714214325
24628,-0.575300395488739,-0.07637221366167068,0.002300288761034608,8.785398483276367,5.826908111572266
24651,-1.141584038734436,-0.23016726970672607,0.0024036830291152,13.048901557922363,1.567156195640564
24662,0.15125040709972382,1.0765037536621094,0.002451087813824415,5.623701572418213,14.501849174499512
24663,-0.4143901765346527,-0.22765028476715088,0.0025334663223475218,10.179527282714844,0.11595731228590012
24687,-0.12010311335325241,-0.2720905542373657,0.0032628122717142105,15.213937759399414,0.20294952392578125
24744,-0.7213982343673706,-0.02354544773697853,0.0025094521697610617,11.483009338378906,0.9819999933242798
24763,-2.730187177658081,-0.28065255284309387,0.0021386791486293077,19.730947494506836,0.00010910034325206652
24819,1.2906445264816284,0.20349274575710297,0.0030955933034420013,5.603031158447266,8.955101013183594
24838,0.21261656284332275,0.15648554265499115,0.0026729321107268333,7.4961066246032715,11.210501670837402
24867,0.15277868509292603,0.04213603213429451,0.00263294973410666,7.6879119873046875,9.979426383972168
24875,-0.5818001627922058,-0.15448656678199768,0.002288256073370576,8.86272144317627,0.7137197852134705
24890,0.9356722831726074,-0.01837700419127941,0.003033663844689727,6.6382951736450195,2.322070837020874
24914,-2.135180711746216,-0.2806244194507599,0.0024546768981963396,19.523759841918945,0.00023193359083961695
24937,0.41145429015159607,0.3683730363845825,0.002748388098552823,7.149912357330322,8.110281944274902
24947,-0.463196337223053,-0.20613355934619904,0.0025686677545309067,10.333354949951172,1.036476492881775
24952,0.45888763666152954,-0.13762681186199188,0.0029173875227570534,8.779618263244629,0.5048007965087891
24953,0.7267430424690247,0.16189418733119965,0.0031741918064653873,9.596073150634766,1.2903000116348267
25015,1.6239359378814697,0.06348064541816711,0.0035976008512079716,8.573541641235352,2.4797134399414062
25053,-2.3880953788757324,-0.2804318070411682,0.0024919542483985424,21.565364837646484,0.0018249511485919356
25056,-0.8494734764099121,-0.23343530297279358,0.0022616246715188026,9.932488441467285,0.5621291995048523
25057,-1.8540922403335571,-0.26531359553337097,0.0023298324085772038,16.871461868286133,0.03946533426642418
25075,-0.13199883699417114,-0.1561429798603058,0.002604264300316572,8.739558219909668,0.4824409484863281
25087,1.8982235193252563,-0.16495631635189056,0.003585226135328412,7.0042009353637695,0.3862175941467285
25141,-2.8523848056793213,-0.26318538188934326,0.0022033127024769783,21.485082626342773,0.034308623522520065
25170,-2.326153516769409,-0.2806643545627594,0.0025542564690113068,21.74763298034668,2.3651124138268642e-05
25202,0.4930359423160553,0.09560924023389816,0.002758575603365898,6.3849101066589355,1.6582024097442627
25204,-0.3480932414531708,-0.22712944447994232,0.002683964790776372,11.053454399108887,0.38392335176467896
25260,-0.5870460867881775,-0.25895610451698303,0.002602081745862961,11.73706340789795,0.15006008744239807
25262,1.2326630353927612,0.5110553503036499,0.0031684529967606068,6.029721736907959,6.342443943023682
25265,1.0051673650741577,0.5191267728805542,0.0029828764963895082,6.1414666175842285,9.230669975280762
25272,3.0932700634002686,0.4745391011238098,0.0042639123275876045,6.161248207092285,3.5880799293518066
25333,-0.5691081881523132,-0.19215281307697296,0.0023671207018196583,8.996512413024902,0.32631587982177734
25353,0.4743961989879608,-0.30557844042778015,0.0029352717101573944,8.806448936462402,0.7269824147224426
25390,-1.3381108045578003,-0.26746606826782227,0.0020766654051840305,10.853255271911621,0.10577946156263351
25394,-2.1578214168548584,-0.2793465852737427,0.0021460524294525385,16.39008903503418,0.012249374762177467
25408,-1.147519588470459,-0.2863018214702606,0.0025969387497752905,14.946342468261719,-0.008684540167450905
25425,-0.8753342628479004,-0.12464457005262375,0.0021549693774431944,8.702033042907715,0.5766786932945251
25432,1.3331711292266846,0.25810328125953674,0.0031841136515140533,5.710966110229492,4.188346862792969
25445,0.4449164867401123,0.017223261296749115,0.0027564603369683027,7.222517490386963,0.975681483745575
25465,-0.4815590977668762,-0.2806999385356903,0.0034567161928862333,19.586238861083984,-0.00016946792311500758
25505,4.700196266174316,1.3338702917099,0.005105652846395969,5.142363548278809,5.617269039154053
25515,0.9523901343345642,-0.048791658133268356,0.0033528723288327456,9.528132438659668,1.1415046453475952
25517,0.8336642384529114,0.30215007066726685,0.002893032506108284,6.411079406738281,6.257068157196045
25552,0.10291864722967148,-0.27498069405555725,0.003151550656184554,13.002952575683594,0.027828598394989967
25583,1.7527271509170532,0.09514819085597992,0.003540951060131192,6.728739261627197,4.262136459350586
25589,0.5186495184898376,0.20152893662452698,0.002901495201513171,7.939879894256592,1.5960251092910767
25607,-1.3040064573287964,-0.2766536772251129,0.002556011313572526,15.49183177947998,0.0220931526273489
25655,-0.570152223110199,-0.2789885401725769,0.002959188539534807,15.058740615844727,0.00820007361471653
25656,1.127213716506958,0.044260527938604355,0.0031583320815116167,7.672821044921875,5.282933712005615
25677,-0.1688942313194275,-0.1103881374001503,0.0026682259049266577,9.432272911071777,2.5851762294769287
25693,0.1867796629667282,-0.19240786135196686,0.002881590975448489,10.150075912475586,0.6424282193183899
25702,0.20357675850391388,-0.07335138320922852,0.0026892160531133413,8.222325325012207,0.7369804382324219
25707,1.4638217687606812,0.2531822919845581,0.0032866024412214756,6.83843994140625,2.9887447357177734
25727,0.09428610652685165,-0.22654440999031067,0.0025790794752538204,7.591940402984619,2.586205244064331
25730,0.8971229791641235,0.11017034202814102,0.0030552977696061134,7.250068187713623,2.7243478298187256
25735,-0.43939849734306335,0.006450979504734278,0.0022406247444450855,7.327926158905029,2.918154001235962
25751,2.071439504623413,0.3186004161834717,0.003623081836849451,6.2181549072265625,2.9998459815979004
25777,0.07169950008392334,-0.07221584767103195,0.0026196991093456745,8.323092460632324,5.966974258422852
25805,-1.5034006834030151,-0.21518635749816895,0.0018186550587415695,9.21530532836914,1.0051637887954712
25821,-0.30396267771720886,-0.06439181417226791,0.0025811956729739904,9.682886123657227,0.6062893271446228
25824,3.861441135406494,2.8871448040008545,0.004416412208229303,3.920994281768799,20.647350311279297
25845,0.5927064418792725,-0.26040977239608765,0.0033819356467574835,12.822415351867676,0.10888977348804474
25849,-1.5217194557189941,-0.22018113732337952,0.0021107434295117855,12.300450325012207,0.29723531007766724
25854,-0.5396311283111572,-0.24619534611701965,0.0027029032353311777,12.659421920776367,0.09005451202392578
25870,1.1866261959075928,-0.18721400201320648,0.0032775283325463533,7.786451816558838,1.1101056337356567
25894,0.44622746109962463,-0.04039391875267029,0.0029973448254168034,9.166254997253418,2.3399455547332764
25919,1.2485642433166504,-0.19226489961147308,0.0034805969335138798,9.4679594039917,1.128424882888794
25925,-0.7978248000144958,-0.28039926290512085,0.002801579190418124,14.972750663757324,-0.003643166972324252
25980,-0.3762533664703369,-0.17391632497310638,0.0025796820409595966,10.199470520019531,2.663212299346924
25981,1.9032166004180908,0.23686420917510986,0.003603594843298197,7.154618263244629,1.6784954071044922
26010,1.3620671033859253,-0.24588127434253693,0.0037110529374331236,10.702625274658203,0.42860642075538635
26014,1.1956043243408203,-0.20545807480812073,0.0034703456331044436,9.316840171813965,0.3524477183818817
26052,1.2252157926559448,-0.29500555992126465,0.0033668235410004854,7.976783275604248,0.22205781936645508
26079,1.5193535089492798,0.6705158352851868,0.0032667366322129965,6.06332540512085,17.849943161010742
26102,-1.6697921752929688,-0.24987922608852386,0.002242104150354862,14.715746879577637,0.4894203245639801
26125,-0.3308403193950653,-0.19933858513832092,0.0023864347022026777,8.221536636352539,2.144315242767334
26138,0.15434055030345917,0.1315409392118454,0.002763692755252123,8.856841087341309,2.202552318572998
26153,-3.4209976196289062,-0.28066718578338623,0.00230458308942616,25.526233673095703,7.629394644936838e-07
26167,0.9196077585220337,-0.1945701688528061,0.0033021331764757633,9.491117477416992,0.326339453458786
26173,-3.4749832153320312,-0.2806659936904907,0.002486974000930786,28.0907039642334,6.561279587913305e-05
26174,-1.1270291805267334,-0.13103516399860382,0.002569919917732477,13.882247924804688,0.5134315490722656
26185,-0.5090808272361755,0.04198102280497551,0.002277491381391883,8.085641860961914,1.4348052740097046
26221,-0.2677627503871918,-0.21684816479682922,0.0026313443668186665,10.52852725982666,0.32102543115615845
26236,0.8034890294075012,-0.1631719172000885,0.0031307281460613012,8.826136589050293,0.32625600695610046
26237,-1.1898077726364136,-0.23793430626392365,0.0021818135865032673,11.132223129272461,0.15217380225658417
26251,0.027717819437384605,-0.2278558313846588,0.0028244226705282927,10.82553482055664,0.1643536537885666
26255,-2.5163822174072266,-0.2806626856327057,0.002300214720889926,20.181543350219727,4.3487551010912284e-05
26280,1.1197832822799683,-0.09931793063879013,0.003427826566621661,9.696813583374023,1.4743804931640625
26281,1.425512671470642,0.09196951240301132,0.003497820347547531,8.661324501037598,2.3640427589416504
26303,-1.1252007484436035,-0.2675454020500183,0.002495940774679184,13.70871639251709,0.2341945618391037
26330,-3.1028635501861572,-0.2604692578315735,0.0019591976888477802,20.28786277770996,0.10218391567468643
26354,-0.3220483958721161,-0.25976860523223877,0.0026017276104539633,10.075342178344727,0.08636493980884552
26365,0.8061155676841736,0.5631930232048035,0.002856620354577899,6.073615074157715,4.32448148727417
26382,0.6046580672264099,-0.23279979825019836,0.0028058949392288923,6.2421369552612305,0.16095581650733948
26388,-0.48185306787490845,-0.19694846868515015,0.0023003157693892717,7.751170635223389,0.340842068195343
26486,4.431849956512451,1.8765615224838257,0.004887019284069538,4.9641547203063965,13.106228828430176
26503,-0.19382448494434357,-0.20819978415966034,0.0025283596478402615,8.70891284942627,0.5886083841323853
26504,1.932721495628357,0.7367183566093445,0.003531868103891611,5.794283866882324,7.180829048156738
26545,0.6153100728988647,-0.028531301766633987,0.0029114438220858574,7.500490665435791,2.201159954071045
26548,0.3793692886829376,-0.2252349704504013,0.0030149060767143965,9.899823188781738,-1.437908411026001
26676,3.2351529598236084,2.4231715202331543,0.004193279892206192,4.992875576019287,10.867050170898438
26680,1.9808300733566284,1.7920604944229126,0.0034723677672445774,5.122687816619873,13.5848388671875
26686,-0.9198490381240845,-0.2793138325214386,0.0029904877301305532,17.4936466217041,0.00525589007884264
26700,0.9786912798881531,-0.14166545867919922,0.0032964234706014395,9.260910034179688,0.4732801914215088
26731,-1.1329129934310913,0.0015646826941519976,0.0021300686057657003,9.787562370300293,0.8231514096260071
26735,-0.8496384024620056,-0.2454686015844345,0.0022476930171251297,9.914361953735352,0.13733315467834473
26738,-1.913515329360962,-0.2410641461610794,0.0019621942192316055,12.917140007019043,0.0511959083378315
26739,-2.306063175201416,-0.25079405307769775,0.002055991208180785,16.152952194213867,0.07267334312200546
26751,-1.3242124319076538,-0.2805459797382355,0.0026009308639913797,16.557188034057617,0.0028335570823401213
26753,1.0229476690292358,0.11752516031265259,0.00313298380933702,7.06182861328125,-1.2444266080856323
26755,1.537299394607544,0.7391268014907837,0.003385564312338829,6.090970993041992,26.65262222290039
26804,-0.00041416287422180176,-0.27667900919914246,0.0031163294333964586,13.089123725891113,0.15930405259132385
26808,1.2192553281784058,0.33161771297454834,0.003123875940218568,6.240876197814941,14.032251358032227
26836,-0.47793179750442505,-0.030121752992272377,0.0023739298339933157,8.964930534362793,0.9660362601280212
26845,-0.7180768847465515,-0.2614024579524994,0.002778483321890235,14.626997947692871,0.063959501683712
26857,1.5253381729125977,1.7377735376358032,0.003191385418176651,4.806668758392334,28.90030288696289
26871,1.3715866804122925,0.6897077560424805,0.003177577629685402,5.930331230163574,5.373682498931885
26884,2.636117696762085,-0.1384832262992859,0.004201797768473625,8.448736190795898,1.1443214416503906
26889,1.8928965330123901,-0.12593799829483032,0.0036960970610380173,7.906837463378906,1.0667409896850586
26909,2.834825277328491,0.35663092136383057,0.004011854529380798,5.678491115570068,3.6789557933807373
26933,0.7606085538864136,0.779994785785675,0.0027743950486183167,5.479524612426758,13.688201904296875
26949,-0.2970260679721832,-0.07607964426279068,0.00253150868229568,9.4060697555542,0.8114013671875
26954,-2.507847309112549,-0.28297436237335205,0.0019883683416992426,17.313581466674805,-0.17940564453601837
26958,-0.24487419426441193,-0.1777615249156952,0.002719063311815262,11.019181251525879,2.53704833984375
26962,-0.2146829217672348,-0.27729031443595886,0.003280939534306526,15.899258613586426,0.011827230453491211
27032,0.4598054885864258,-0.19550292193889618,0.0029525922145694494,8.74901294708252,1.3086880445480347
27053,0.3172083795070648,0.017117327079176903,0.0026527501177042723,6.803261756896973,1.1725314855575562
27065,0.5276479125022888,0.3694363832473755,0.002786889672279358,6.902019023895264,4.783434867858887
27066,0.11559279263019562,-0.2604084014892578,0.003262347774580121,14.089197158813477,0.8868156671524048
27092,0.15346024930477142,-0.2733306288719177,0.0030804662965238094,12.09000301361084,0.035567473620176315
27094,-0.2597753703594208,0.07050736248493195,0.002496042987331748,8.472277641296387,1.326379418373108
27125,0.7227716445922852,-0.09619293361902237,0.002945627784356475,7.4569878578186035,0.7054028511047363
27141,-0.5933191776275635,-0.18830278515815735,0.0027514914982020855,12.900888442993164,0.2396060973405838
27207,1.5417221784591675,-0.2768823802471161,0.004056334029883146,13.62235164642334,0.026429271325469017
27219,1.4997093677520752,0.28319215774536133,0.003368143690750003,6.473452091217041,3.343017578125
27223,0.615704357624054,-0.06890057027339935,0.0035147119779139757,13.173632621765137,0.5967125296592712
27224,-0.259504497051239,-0.10653126239776611,0.002412215108051896,8.08004093170166,1.875810980796814
27225,-1.8333758115768433,-0.28064998984336853,0.002621152438223362,19.731849670410156,0.00038909912109375
27257,1.254944920539856,0.1893983781337738,0.003316383808851242,7.38015079498291,2.5862464904785156
27269,-0.8119107484817505,-0.29373085498809814,0.002251424826681614,9.50500774383545,0.19775107502937317
27283,-0.18367372453212738,0.2703229486942291,0.002365297172218561,6.950692176818848,6.3369951248168945
27289,-2.072453022003174,-0.16165924072265625,0.001698401989415288,11.936890602111816,4.550931453704834
27316,0.41502293944358826,-0.21062472462654114,0.0029579163528978825,9.367426872253418,0.4040139615535736
27348,-0.39813706278800964,-0.19174979627132416,0.0027427629102021456,11.732120513916016,0.3469711244106293
27349,1.8375943899154663,-0.11268404871225357,0.003773208474740386,8.403185844421387,0.5894960761070251
27387,0.4593084752559662,-0.22956521809101105,0.003039001487195492,9.973520278930664,0.4083115756511688
27397,-1.1036416292190552,-0.2698547840118408,0.0021987035870552063,10.670775413513184,0.030703211203217506
27408,-1.0142592191696167,-0.2460387498140335,0.0023256686981767416,10.781713485717773,0.19170455634593964
27422,1.6770986318588257,0.5551593899726868,0.0034274128265678883,6.630313396453857,10.732714653015137
27443,3.6771399974823,0.09622453153133392,0.004720538388937712,7.602904796600342,0.8959428668022156
27459,0.212503582239151,-0.15021592378616333,0.002986451843753457,10.624671936035156,3.033924102783203
27462,-2.776373863220215,-0.2806468904018402,0.0022071441635489464,20.89008903503418,0.0005270481342449784
27463,1.1286696195602417,-0.180372416973114,0.003266936866566539,8.161468505859375,0.5000361800193787
27472,-2.3593149185180664,-0.2806468605995178,0.002257289132103324,19.07588768005371,-0.00012645722017623484
27520,1.6278022527694702,-0.04860256239771843,0.003526870859786868,7.782369136810303,2.4771950244903564
27528,0.13030044734477997,0.08973516523838043,0.0026402149815112352,7.631544589996338,6.8595709800720215
27590,-1.1639572381973267,0.0975850373506546,0.002131258836016059,10.428278923034668,9.287410736083984
27598,-3.0270209312438965,-0.2804855406284332,0.0017735619330778718,18.431629180908203,0.006749534513801336
27653,-2.098083019256592,-0.2779271602630615,0.001996521605178714,14.889595031738281,0.04093284532427788
27664,0.08612989634275436,-0.2727595269680023,0.0032699808944016695,14.638928413391113,0.023969650268554688
27671,0.013504537753760815,-0.26701441407203674,0.0030087658669799566,11.9508695602417,0.04520053789019585
27679,-0.5068491101264954,0.3651526868343353,0.002313476987183094,8.366276741027832,4.10010290145874
27690,-2.085347890853882,-0.2755497097969055,0.0018015347886830568,13.1781005859375,-0.6023025512695312
27691,-0.6839846968650818,-0.20562957227230072,0.0024252182338386774,10.532552719116211,0.3133903443813324
27711,-1.1270188093185425,-0.2772650420665741,0.002468288643285632,13.52292537689209,0.0565338134765625
27713,-0.28253260254859924,-0.23089979588985443,0.0027618531603366137,10.804534912109375,0.41602078080177307
27720,-0.08474762737751007,0.12882356345653534,0.002514610532671213,7.8717522621154785,2.8955094814300537
27732,-3.4926578998565674,-0.2806175649166107,0.002061022212728858,23.236570358276367,0.00011720657494151965
27770,-0.4031882882118225,-0.22953779995441437,0.0025767406914383173,10.394133567810059,0.521901547908783
27771,-2.4352004528045654,-0.28066688776016235,0.002867303788661957,25.47073745727539,1.754760705807712e-05
27776,-2.916165828704834,-0.2801670730113983,0.0021813022904098034,21.79110336303711,0.0014837265480309725
27804,0.15349964797496796,-0.13760103285312653,0.0028030727989971638,8.82431697845459,2.8936049938201904
27805,-2.440398931503296,-0.28065189719200134,0.002464358927682042,21.494794845581055,4.501342846197076e-05
27819,1.5778545141220093,-0.08770990371704102,0.00343904085457325,7.147911071777344,2.9967422485351562
27828,0.12491653114557266,0.2243068665266037,0.0026525973808020353,7.775547981262207,5.924503326416016
27844,1.301335096359253,0.5892919301986694,0.0032094286289066076,6.362216472625732,7.3598222732543945
27879,1.5555795431137085,-0.08762043714523315,0.0038683272432535887,11.164339065551758,0.7933101058006287
27890,1.888871431350708,2.2730772495269775,0.003455026540905237,5.675410747528076,30.923095703125
27892,0.7828419804573059,0.1573721319437027,0.0028854997362941504,6.404186248779297,2.80363130569458
27893,1.0132179260253906,-0.19668994843959808,0.0033551175147295,9.105478286743164,0.2053922712802887
27918,-1.0401397943496704,-0.23911061882972717,0.002378673292696476,12.519081115722656,0.18335457146167755
27925,0.09608892351388931,-0.23183761537075043,0.0028843702748417854,10.822043418884277,0.3566024899482727
27943,-0.9515894055366516,-0.27665066719055176,0.0026372165884822607,14.324027061462402,0.010644531808793545
27945,-1.8925161361694336,-0.2763981521129608,0.002092725830152631,14.480990409851074,0.04547614976763725
27947,-0.5771166682243347,-0.2653226852416992,0.0027449275366961956,12.760032653808594,0.03516845777630806
27950,2.3243300914764404,0.42232194542884827,0.003774226875975728,5.803478240966797,4.722900390625
27974,0.28126585483551025,-0.25262245535850525,0.0029761779587715864,10.24619197845459,0.15354691445827484
27991,-1.7139772176742554,-0.2806663513183594,0.0032869346905499697,25.25068473815918,1.659393274167087e-05
28047,1.9236825704574585,-0.061420317739248276,0.003646380500867963,6.937143802642822,0.7051265835762024
28070,-0.46752652525901794,-0.2347422093153,0.0027577742002904415,12.676112174987793,0.18136978149414062
28079,-1.3032833337783813,-0.2026599496603012,0.0022128205746412277,11.970190048217773,0.17369365692138672
28094,-0.6058080196380615,-0.08597928285598755,0.0022439355961978436,8.257479667663574,2.106929063796997
28130,-0.20438019931316376,-0.13731954991817474,0.002537850057706237,8.50107479095459,1.1332283020019531
28147,1.8525011539459229,0.6104078888893127,0.003532456699758768,6.521377086639404,2.5356900691986084
28172,-0.8818573951721191,-0.23305447399616241,0.0026728413067758083,14.173781394958496,0.8326652646064758
28217,2.0806305408477783,0.1792723536491394,0.003696595085784793,7.028079986572266,5.72809362411499
28218,1.8134030103683472,0.24065332114696503,0.00351964239962399,6.3659772872924805,1.0273940563201904
28221,0.8069654703140259,0.018891025334596634,0.0031568079721182585,9.046414375305176,1.096808671951294
28241,-4.00140380859375,-0.2806672155857086,0.002160248113796115,27.645009994506836,0.0
28286,-1.0402144193649292,-0.2824959456920624,0.002565280068665743,13.857584953308105,0.004227757453918457
28294,3.1994428634643555,1.556136965751648,0.0041401744820177555,4.8990478515625,21.366926193237305
28299,-0.04295450448989868,-0.270101398229599,0.0031363365706056356,13.771147727966309,0.057851411402225494
28306,0.42650046944618225,-0.14129413664340973,0.0029345115181058645,8.99769115447998,1.707027792930603
28321,-2.297539710998535,-0.2731895446777344,0.0015624426305294037,11.678831100463867,0.03299560770392418
28336,3.1290836334228516,0.5144209265708923,0.004202451556921005,5.2143778800964355,5.140527725219727
28339,-0.04185805842280388,-0.15048079192638397,0.0026615532115101814,9.018522262573242,1.22161865234375
28340,1.6425427198410034,0.46344366669654846,0.0034152257721871138,6.191131591796875,8.575535774230957
28389,-0.06313503533601761,-0.27353164553642273,0.0030480509158223867,12.982928276062012,0.045706748962402344
28404,0.4798474907875061,0.2738744914531708,0.002847666386514902,7.9438347816467285,6.6068620681762695
28409,0.417587012052536,0.014344966970384121,0.0028201949317008257,7.9078369140625,1.2205169200897217
28411,-0.33981963992118835,-0.2758049964904785,0.002748847706243396,11.720839500427246,0.022902583703398705
28430,0.747832715511322,-0.22819757461547852,0.003247880144044757,9.730656623840332,0.160579115152359
28442,0.933630645275116,-0.1372145265340805,0.003036803798750043,7.403034210205078,0.9463276267051697
28460,-0.36174407601356506,0.14749902486801147,0.002347774337977171,7.5957231521606445,2.6142261028289795
28471,1.3309963941574097,0.5172796845436096,0.0031901635229587555,6.263905048370361,8.802146911621094
28475,1.70610773563385,0.3346821963787079,0.003403485519811511,5.69609260559082,10.017508506774902
28505,-1.8985445499420166,-0.278976172208786,0.0021402768325060606,15.139777183532715,0.006851768586784601
28508,0.6106672286987305,-0.2262323945760727,0.0031415082048624754,9.571075439453125,0.5599527359008789
28531,-1.3245439529418945,-0.2798859775066376,0.00255404319614172,16.01044273376465,0.0053253173828125
28550,-1.493216872215271,-0.27476567029953003,0.0022359706927090883,13.290336608886719,0.14286164939403534
28632,-1.2415045499801636,-0.27512744069099426,0.0025033855345100164,14.439352989196777,0.12093200534582138
28652,-0.5537580847740173,-0.2668869197368622,0.0028003747574985027,13.232695579528809,0.08389606326818466
28677,0.35767486691474915,0.229697585105896,0.0027729186695069075,7.9455413818359375,1.893243432044983
28693,2.080220937728882,-0.14818556606769562,0.004045108798891306,10.165701866149902,6.237561225891113
28718,-1.1161435842514038,-0.27160677313804626,0.00264962506480515,15.558064460754395,0.09907074272632599
28720,-0.5470089912414551,-0.014994638971984386,0.002280153101310134,8.267370223999023,1.5759403705596924
28723,-0.21002431213855743,-0.1504518836736679,0.0026306197978556156,9.508295059204102,0.3592967092990875
28730,1.133219599723816,-0.12260661274194717,0.0030660105403512716,6.298283576965332,0.3690972328186035
28740,0.7243937253952026,-0.06106698513031006,0.00281345983967185,5.893540382385254,1.7453041076660156
28746,0.6146013140678406,0.08862320333719254,0.0029082365799695253,8.372727394104004,0.8270735144615173
28758,-0.29792138934135437,-0.23939919471740723,0.0025106631219387054,9.117587089538574,0.20521818101406097
28825,0.5655013918876648,0.056602466851472855,0.0028720831032842398,7.641664028167725,5.3957343101501465
28831,-0.19527511298656464,-0.26598188281059265,0.002506143180653453,8.687224388122559,0.6963096857070923
28843,0.7475126385688782,-0.23695945739746094,0.003312973305583,10.346041679382324,0.2576431334018707
28845,1.032121181488037,0.36947500705718994,0.003064159071072936,6.613114833831787,4.788720607757568
28851,-0.6516950130462646,0.013750443235039711,0.002487296937033534,11.28764533996582,0.858747124671936
28854,-2.235405445098877,-0.2803838849067688,0.0026411032304167747,22.13260841369629,0.0015502929454669356
28870,0.6990231871604919,0.05632242187857628,0.0030437414534389973,8.529878616333008,3.551652669906616
28877,3.5053908824920654,5.915843963623047,0.004218047950416803,3.0231401920318604,64.5912094116211
28900,-1.2845622301101685,-0.2798623740673065,0.0027339442167431116,17.315946578979492,0.004175758454948664
28902,-3.4600472450256348,-0.24429093301296234,0.0015817824751138687,18.789249420166016,0.18782702088356018
28947,0.0027779669035226107,-0.27664825320243835,0.003131697652861476,13.449414253234863,0.014839745126664639
28973,0.15644489228725433,-0.14444111287593842,0.002538070548325777,6.780292510986328,0.6613602042198181
28982,-0.5501306056976318,-0.05711381509900093,0.0024726332630962133,10.52462100982666,0.7634105682373047
28995,-1.2823266983032227,-0.2183462232351303,0.0023133442737162113,12.948925971984863,0.2689880430698395
28997,1.0002648830413818,-0.2907746732234955,0.00355250621214509,11.887121200561523,0.2738872468471527
28999,1.4129393100738525,-0.04130309447646141,0.003316115587949753,6.872737407684326,1.4780921936035156
29022,2.803161382675171,1.6450073719024658,0.0039090607315301895,4.75636625289917,19.83903694152832
29032,-0.9094902276992798,-0.25129082798957825,0.0024072614032775164,11.49499225616455,0.1512855589389801
29040,1.9742450714111328,0.0913022980093956,0.00372129469178617,7.441821575164795,1.3094924688339233
29061,1.314017653465271,-0.04315785691142082,0.0034411780070513487,8.691776275634766,3.2660605907440186
29077,-0.3312114477157593,-0.26795998215675354,0.002933737589046359,13.325448989868164,0.2710988223552704
29110,-1.4752320051193237,-0.1419253647327423,0.002179036382585764,12.68042278289795,0.32757195830345154
29127,-0.49401959776878357,-0.03907284513115883,0.002251195488497615,7.430111885070801,3.880094289779663
29145,0.8046082854270935,-0.11365548521280289,0.002830903045833111,5.870477676391602,2.9503514766693115
29251,-0.6932476162910461,-0.27735501527786255,0.0027667542453855276,13.870333671569824,0.03921327739953995
29256,1.2973755598068237,0.41128969192504883,0.00324151455424726,6.651477813720703,1.9836281538009644
29268,0.3054032623767853,-0.24119558930397034,0.003045271849259734,10.689656257629395,0.15260353684425354
29342,1.2569836378097534,-0.1656501144170761,0.0032787376549094915,7.792189121246338,2.4649693965911865
29358,-0.667361855506897,-0.27941855788230896,0.0028012727852910757,14.033488273620605,0.015305710025131702
29373,-0.001927128410898149,-0.09906221926212311,0.002571966266259551,7.686361789703369,1.1255772113800049
29386,-0.31923535466194153,-0.2613525092601776,0.0028386253397911787,12.843482971191406,0.04845781251788139
29390,-0.2807061970233917,0.5946169495582581,0.0022088598925620317,6.462314128875732,8.683960914611816
29392,-0.09263937920331955,-0.16780227422714233,0.0027156786527484655,9.825274467468262,0.3634849488735199
29393,-0.43503448367118835,-0.2615126073360443,0.002462230157107115,9.304923057556152,0.07745566219091415
29432,0.03364101052284241,0.2781864106655121,0.002489969599992037,7.078349590301514,7.260000705718994
29454,-1.330841302871704,-0.24168486893177032,0.002058793557807803,10.939181327819824,0.2887313961982727
29463,1.5441462993621826,0.3916221261024475,0.003312099492177367,6.196220397949219,5.662053108215332
29482,-1.6129220724105835,-0.17122767865657806,0.0018124677008017898,9.94831657409668,0.9250378012657166
29491,-0.6242942810058594,-0.19754047691822052,0.002329591428861022,9.102709770202637,1.1396236419677734
29521,-0.9745498895645142,-0.28026390075683594,0.002950874390080571,17.48383903503418,0.016144275665283203
29549,0.249154195189476,0.002832801779732108,0.0027308238204568624,8.161043167114258,1.0032669305801392
29566,-0.7327834963798523,-0.22890225052833557,0.0023842938244342804,10.595043182373047,0.14635543525218964
29575,-3.1204910278320312,-0.28064635396003723,0.0022869231179356575,23.867048263549805,0.0009811401832848787
29577,0.29834359884262085,-0.18057142198085785,0.002815293613821268,8.362486839294434,2.5856122970581055
29603,-0.7816235423088074,-0.2859031558036804,0.0028443115297704935,15.151240348815918,-0.03544788435101509
29608,2.130995988845825,0.5201746225357056,0.0036550534423440695,6.0323591232299805,3.9751617908477783
29624,3.1212689876556396,0.20742379128932953,0.004242912866175175,5.733290672302246,2.6619579792022705
29660,0.39070188999176025,-0.2320338487625122,0.00328538054600358,12.742883682250977,0.19323424994945526
29712,0.5388761162757874,0.06590604037046432,0.0027484537567943335,6.274331092834473,1.4024051427841187
29713,-0.4543517529964447,-0.10898349434137344,0.0024514547549188137,9.699477195739746,0.9141361117362976
29755,1.3203343152999878,0.26156336069107056,0.003261096077039838,6.433531284332275,4.4705986976623535
29757,0.24899616837501526,-0.1404104083776474,0.0026750804390758276,8.246603965759277,1.1022404432296753
29758,-0.26600608229637146,0.12937550246715546,0.002435856033116579,8.46017074584961,1.3087753057479858
29760,1.5385689735412598,1.749939203262329,0.0032507372088730335,5.289004802703857,28.108707427978516
29775,-0.030030032619833946,-0.02361105941236019,0.0027912473306059837,10.243392944335938,1.6865133047103882
29785,2.5902202129364014,0.7580941319465637,0.003897368675097823,5.363221645355225,6.5240631103515625
29795,0.531520664691925,-0.24296966195106506,0.0027988215442746878,6.522120952606201,0.5358421206474304
29817,0.5046127438545227,0.29882439970970154,0.002887089503929019,7.879370212554932,2.649909257888794
29832,-1.9555902481079102,-0.27907028794288635,0.0024873630609363317,18.72254753112793,0.01236572302877903
29842,0.7847651839256287,0.08376001566648483,0.0029909980949014425,7.898991584777832,3.6063179969787598
29857,1.067656397819519,-0.19556398689746857,0.003352394327521324,9.424941062927246,0.5056800842285156
29883,0.8824084401130676,0.024831369519233704,0.002961566438898444,6.851507663726807,10.324694633483887
29890,1.4149315357208252,-0.15563808381557465,0.0034384464379400015,8.248668670654297,0.35425111651420593
29896,0.7082299590110779,-0.1152636781334877,0.003106847172603011,9.201970100402832,0.4834701716899872
29961,-2.6447315216064453,-0.27963024377822876,0.002148842439055443,19.365297317504883,0.0028579712379723787
29969,-0.7876909971237183,-0.26823073625564575,0.0028793446253985167,15.4465913772583,0.041345980018377304
29970,-2.867418050765991,-0.2765643000602722,0.0014301813207566738,13.993178367614746,0.044962264597415924
30016,-0.9402586817741394,-0.28019702434539795,0.003136418526992202,19.092533111572266,0.006573486607521772
30042,0.46545180678367615,-0.2662096321582794,0.0029824909288436174,9.190343856811523,0.053467560559511185
30054,-0.26604270935058594,-0.22575266659259796,0.002526630414649844,8.953112602233887,1.6083545684814453
30090,-1.5431410074234009,-0.25378867983818054,0.0022127924021333456,13.557741165161133,0.1558918058872223
30098,-0.38471636176109314,-0.27324414253234863,0.0026559606194496155,10.878816604614258,0.04789629206061363
30099,-1.2089473009109497,-0.27403363585472107,0.002656327560544014,16.527942657470703,0.16043777763843536
30112,0.9197514653205872,0.9204654693603516,0.0029197153635323048,6.190418243408203,10.737639427185059
30129,0.7212043404579163,-0.04876265674829483,0.002910950221121311,7.3176703453063965,0.9084920883178711
30137,1.1817454099655151,-0.23900368809700012,0.0033290886785835028,8.812535285949707,0.1949535459280014
30155,0.5432173013687134,-0.13462357223033905,0.0030709081329405308,9.518464088439941,3.387220859527588
30201,-1.851729393005371,-0.2799857556819916,0.002418779768049717,17.538734436035156,0.0021354674827307463
30207,0.6941120028495789,-0.11292586475610733,0.003166381036862731,9.664422035217285,0.7034347653388977
30279,-0.10083147138357162,-0.15666046738624573,0.002652712631970644,8.803900718688965,2.547281265258789
30283,0.030619336292147636,-0.08471374958753586,0.002800640417262912,10.047114372253418,0.6654824614524841
30308,1.3611568212509155,-0.00036156774149276316,0.003247966291382909,6.59844446182251,0.8527005314826965
30310,0.8368372321128845,-0.27971312403678894,0.0031577979680150747,9.087697982788086,-0.030422544106841087
30349,-0.6762713193893433,-0.27650007605552673,0.0030421779956668615,16.441665649414062,0.01172714214771986
30359,0.5369341969490051,-0.18009121716022491,0.0029280302114784718,8.491336822509766,2.0354576110839844
30370,0.7449199557304382,0.03634151443839073,0.003092884784564376,8.409202575683594,1.6700981855392456
30375,1.621665358543396,0.9591450095176697,0.003319978481158614,5.532516002655029,12.678152084350586
30381,0.348470538854599,0.07719593495130539,0.002718127565458417,7.1549811363220215,3.268549680709839
30387,0.31073448061943054,0.0880688726902008,0.0030034256633371115,10.437178611755371,7.738168239593506
30393,-0.04421424865722656,-0.1226256862282753,0.0028721755370497704,11.45822811126709,0.3293336033821106
30395,-2.5206387042999268,-0.27761489152908325,0.0018768837908282876,16.082918167114258,0.017055725678801537
30477,-0.053163476288318634,-0.09263288229703903,0.002600903157144785,8.511576652526855,0.9252089858055115
30519,-0.6027625203132629,-0.262369841337204,0.002702840603888035,12.310355186462402,0.0760723128914833
30523,0.0888424664735794,0.8949406743049622,0.002410102868452668,5.767011642456055,11.270683288574219
30554,-4.401836395263672,-0.28066691756248474,0.002116830786690116,29.626081466674805,1.6021729607018642e-05
30579,0.32726773619651794,-0.11841019243001938,0.002598634222522378,6.67604923248291,1.7247934341430664
30590,-0.5662059783935547,-0.23433248698711395,0.002565485192462802,10.905564308166504,0.14133892953395844
30629,0.28061580657958984,0.22523227334022522,0.0025947836693376303,6.759377956390381,3.760514497756958
30642,-0.33895954489707947,-0.17422497272491455,0.0022340414579957724,6.78631067276001,5.42909574508667
30684,0.1845710277557373,0.2051645815372467,0.0026378699112683535,7.202067852020264,5.649791717529297
30698,0.51750648021698,0.2753422260284424,0.002907718298956752,8.127727508544922,1.678483247756958
30701,1.0998084545135498,0.29317012429237366,0.0031385307665914297,6.900311470031738,2.694828510284424
30703,-2.425321340560913,-0.2791576385498047,0.002045803237706423,17.117544174194336,0.0047467234544456005
30723,0.3747089207172394,-0.18897752463817596,0.0030640210025012493,10.605671882629395,2.3512425422668457
30735,4.863549709320068,9.650811195373535,0.0049234856851398945,2.0759129524230957,48.22858810424805
30742,0.3994671404361725,-0.2817825973033905,0.0032515153288841248,12.272382736206055,0.020663071423768997
30757,0.7052803039550781,1.3029555082321167,0.0027648466639220715,5.5124969482421875,14.999536514282227
30819,-2.161410331726074,-0.2794934809207916,0.0022080109920352697,16.777494430541992,0.00777435302734375
30831,-3.7232539653778076,-0.2806600332260132,0.0022465642541646957,27.00162124633789,3.509521411615424e-05
30847,-0.5299767255783081,-0.25892797112464905,0.0026908114086836576,12.354840278625488,0.1454637497663498
30889,-0.5776028633117676,-0.2672887444496155,0.0024383498821407557,9.985907554626465,0.782477080821991
30927,-0.1496656984090805,-0.250479131937027,0.002682832768186927,10.039023399353027,0.2624571919441223
30965,-0.9543265700340271,-0.28036174178123474,0.0027357067447155714,15.070490837097168,0.0013040542835369706
30994,0.12856131792068481,-0.05590386316180229,0.0025572157464921474,7.090455532073975,1.1930007934570312
31021,-0.5201646685600281,-0.2713794410228729,0.002787401434034109,13.138203620910645,0.187907412648201
31031,0.7675911784172058,-0.020198512822389603,0.0031581714283674955,8.937346458435059,1.5132393836975098
31038,-2.113715648651123,-0.2804184854030609,0.002232237486168742,17.935558319091797,0.0012025833129882812
31043,0.639488160610199,-0.2627948224544525,0.0032542217522859573,10.955339431762695,0.07566773146390915
31044,-0.31769388914108276,-0.15500958263874054,0.002492155646905303,8.760449409484863,0.7648603916168213
31047,-1.0805836915969849,-0.27787595987319946,0.002450613770633936,13.413009643554688,0.008135491982102394
31111,-0.5627577304840088,-0.16992385685443878,0.002444690326228738,9.342692375183105,0.4540482461452484
31129,0.2354591339826584,0.22431211173534393,0.0026151188649237156,6.880873203277588,1.564378261566162
31132,-2.3214452266693115,-0.27962741255760193,0.0022563107777386904,18.332311630249023,0.007782745640724897
31145,-2.7361092567443848,-0.2806607186794281,0.002342367311939597,22.12417221069336,0.00012893676466774195
31149,-1.4531469345092773,-0.11474943161010742,0.001855946029536426,9.738993644714355,2.908529043197632
31180,-2.930222272872925,-0.2806672155857086,0.0027164991479367018,27.159088134765625,0.0
31190,-0.4022720456123352,-0.2800683081150055,0.0029518313240259886,14.541450500488281,0.029253769665956497
31200,0.44885608553886414,-0.264651358127594,0.003178357845172286,11.282649040222168,0.19215677678585052
31226,-0.466004341840744,-0.0759606882929802,0.0023008380085229874,8.192900657653809,0.7959138751029968
31248,-3.8982632160186768,-0.27934882044792175,0.002161947777494788,27.47967529296875,0.07137451320886612
31273,-0.5447344779968262,-0.2493218034505844,0.0025047538802027702,10.690014839172363,0.1088104248046875
31292,-1.0911167860031128,-0.24498343467712402,0.0021437425166368484,10.331390380859375,0.8461082577705383
31302,-5.559262275695801,-0.2806672155857086,0.0020482337567955256,36.463924407958984,0.0
31309,-1.5892328023910522,-0.2781918942928314,0.0026376834139227867,17.520471572875977,0.00855102576315403
31347,-0.6989185214042664,-0.07283756881952286,0.002333159325644374,9.947701454162598,5.855103015899658
31355,0.6221261620521545,0.8856086134910583,0.0028542724903672934,6.864441871643066,21.38083839416504
31376,-2.436269998550415,-0.2805776298046112,0.002141183940693736,18.00995445251465,0.0006528854719363153
31439,1.0776143074035645,-0.20477266609668732,0.0034636983182281256,10.143115043640137,0.6310634613037109
31543,2.498570680618286,0.03489483892917633,0.0038886673282831907,6.182319641113281,1.5737240314483643
31551,1.9645061492919922,0.34800267219543457,0.0034813471138477325,5.346556186676025,1.430765151977539
31555,-1.2085555791854858,-0.23855677247047424,0.001954382285475731,9.516944885253906,0.3224521577358246
31574,-1.1012462377548218,-0.2821616232395172,0.0029559421818703413,17.93902015686035,-0.0038553238846361637
31578,1.3060153722763062,0.08350807428359985,0.0032397161703556776,6.754038333892822,2.703284502029419
31592,-1.8039392232894897,-0.24766980111598969,0.0020524340216070414,13.14892292022705,0.20411376655101776
31611,-0.09377165883779526,0.21443064510822296,0.0024677827022969723,7.465979099273682,3.173090696334839
31620,1.7509253025054932,0.9672850966453552,0.003405184019356966,6.006838321685791,8.504915237426758
31631,0.9238333106040955,-0.11825250834226608,0.0032858164049685,8.66963005065918,0.8985560536384583
31646,0.7730844616889954,0.12580515444278717,0.0029047199059277773,6.79449462890625,4.319723606109619
31647,2.734119176864624,0.16441656649112701,0.004178063478320837,7.1960039138793945,1.4786862134933472
31650,0.6277686953544617,-0.07980326563119888,0.00298345391638577,8.136590957641602,1.3570812940597534
31708,-1.1394031047821045,-0.2749052941799164,0.002400917001068592,12.415984153747559,0.19182853400707245
31793,0.1659787893295288,-0.25208333134651184,0.0028980737552046776,10.217204093933105,0.10974521934986115
31801,-3.718634843826294,-0.28056949377059937,0.0016246046870946884,20.621191024780273,0.00016326904005836695
31836,0.3581894338130951,0.13228045403957367,0.0026673139072954655,6.895198345184326,10.48967456817627
31856,-2.3583574295043945,-0.2806183397769928,0.002371870679780841,20.239107131958008,0.0006946325302124023
31877,-1.583495020866394,-0.184771329164505,0.002040529390797019,12.356393814086914,0.35689353942871094
31883,1.8003877401351929,0.48123955726623535,0.0034199897199869156,5.909553050994873,4.284099102020264
31901,-1.6861944198608398,-0.23760008811950684,0.001993409590795636,12.71769905090332,2.111363649368286
31922,-0.22971828281879425,-0.17039620876312256,0.0023764511570334435,7.413743495941162,0.37674275040626526
31960,-0.34080249071121216,-0.22462932765483856,0.002610058756545186,10.250019073486328,0.8330985903739929
31973,0.9984488487243652,0.07754864543676376,0.0029911913443356752,6.256280899047852,1.2804033756256104
31977,0.9480226635932922,-0.006853264756500721,0.003109506331384182,7.432055950164795,7.557866096496582
31994,1.985455870628357,0.0343766026198864,0.003916689660400152,9.140727043151855,2.1571240425109863
31995,-0.7226325869560242,-0.2805362641811371,0.0032436237670481205,19.214872360229492,0.0038330077659338713
32001,0.47216859459877014,0.06969373673200607,0.0027111759409308434,6.580605983734131,2.537142276763916
32012,2.6289117336273193,-0.22420096397399902,0.004404716193675995,10.330946922302246,0.21060943603515625
32031,-0.8110066652297974,-0.28253236413002014,0.0022816630080342293,9.742947578430176,0.019851302728056908
32079,-0.4764173924922943,0.025433355942368507,0.00217754696495831,6.834845066070557,2.203958034515381
32093,-2.6257197856903076,-0.28061607480049133,0.002735614310950041,25.25284767150879,0.002767944475635886
32118,0.6308640837669373,0.2553119957447052,0.002897907281294465,7.345569133758545,2.528118133544922
32199,-1.0734483003616333,-0.21401606500148773,0.0021856294479221106,10.2853422164917,1.4023380279541016
32227,-0.20621275901794434,0.20427803695201874,0.0024895090609788895,8.076464653015137,5.789483547210693
32238,0.18202200531959534,0.18766574561595917,0.0026944868732243776,7.989234447479248,6.605007171630859
32272,-2.980642318725586,-0.2800371050834656,0.002133005065843463,21.376972198486328,0.00548133859410882
32342,1.9220476150512695,-0.1740393489599228,0.003746234579011798,7.838622570037842,0.5189701914787292
32364,-0.29017433524131775,-0.2801459729671478,0.0031223881524056196,15.228525161743164,0.002328634262084961
32393,-0.3368696868419647,-0.1601618230342865,0.0026088503655046225,10.05831527709961,1.2807472944259644
32425,-3.2135226726531982,-0.28066009283065796,0.002220730995759368,23.855466842651367,2.517700158932712e-05
32427,-0.973976731300354,-0.17323926091194153,0.0023779969196766615,11.741890907287598,0.3077663481235504
32452,1.3829964399337769,0.6367146372795105,0.003418925916776061,7.596551418304443,4.590461730957031
32481,0.9483880400657654,0.002142984652891755,0.0029802981298416853,6.587887763977051,7.5013933181762695
32511,4.6386613845825195,4.250428676605225,0.005021331831812859,4.041745662689209,24.899194717407227
32516,3.8046112060546875,1.7872787714004517,0.004527166020125151,4.757823467254639,15.541010856628418
32529,-4.237895488739014,-0.2806672155857086,0.0020504104904830456,28.34022331237793,0.0
32554,-0.2901763617992401,-0.11291120201349258,0.0025666463188827038,9.155929565429688,0.8924957513809204
32556,1.6430580615997314,0.35662218928337097,0.0034910310059785843,7.351806163787842,5.170648097991943
32625,-0.26739123463630676,-0.0014623262686654925,0.0024170014075934887,8.1231050491333,1.1143921613693237
32636,-0.3699440062046051,-0.2670036256313324,0.0028492582496255636,13.025280952453613,0.125041201710701
32667,0.2585216462612152,-0.21683326363563538,0.0029956037178635597,10.547389030456543,0.29072076082229614
32677,-1.3676426410675049,-0.2806597650051117,0.003063308773562312,21.0404109954834,3.9672853745287284e-05
32719,2.180069923400879,0.5953837633132935,0.0036910921335220337,5.95933198928833,4.591399669647217
32751,2.850288152694702,0.05793857201933861,0.004099215380847454,6.320517539978027,1.7885090112686157
32769,1.3345576524734497,0.978036105632782,0.003133017336949706,5.402924537658691,12.645139694213867
32770,-0.097018763422966,-0.2647652328014374,0.0027256456669420004,9.460410118103027,0.18579530715942383
32773,-0.7085223197937012,-0.2738454341888428,0.0026827380061149597,13.2145414352417,0.0721934363245964
32780,-1.0271073579788208,-0.2574380040168762,0.0022670808248221874,10.7870454788208,0.34111595153808594
32782,-0.11051537841558456,-0.2410293072462082,0.002876804443076253,11.152067184448242,0.12590466439723969
32785,0.4573942720890045,-0.27973178029060364,0.0035852508153766394,15.584307670593262,0.01437225379049778
32788,-0.07927955687046051,-0.19869181513786316,0.0026921627577394247,9.537582397460938,1.468762993812561
32796,-2.651292085647583,-0.28036999702453613,0.0018600824987515807,16.58253288269043,0.00650787353515625
32801,0.3374527394771576,-0.21422246098518372,0.0031467347871512175,11.607989311218262,0.2532486021518707
32821,-0.46029940247535706,-0.28035175800323486,0.002983138896524906,15.114415168762207,0.00461997976526618
32845,1.4946469068527222,-0.0013625376159325242,0.003409974044188857,6.7624993324279785,0.7881515622138977
32862,1.1730035543441772,0.5104604363441467,0.0030233797151595354,5.834019184112549,7.529603004455566
32877,-1.0015486478805542,-0.22940754890441895,0.0023573150392621756,11.372882843017578,0.3565485179424286
32889,1.762603759765625,0.09203419834375381,0.0034411288797855377,6.102846622467041,2.622929096221924
32895,-0.4824179708957672,-0.27974072098731995,0.0031862983014434576,17.048202514648438,0.007101822178810835
32906,-1.997277855873108,-0.2666812241077423,0.0021740884985774755,15.963292121887207,0.02106180228292942
32910,-3.1616806983947754,-0.2743194103240967,0.0013849841197952628,15.628990173339844,0.1262565702199936
32912,-2.7033472061157227,-0.28063926100730896,0.002633095486089587,24.93170928955078,7.362366159213707e-05
32919,-0.03519893437623978,-0.2764962613582611,0.002528454875573516,7.291506290435791,0.47051626443862915
32926,1.2036226987838745,-0.07260268181562424,0.0033204685896635056,8.04249095916748,5.107840061187744
33017,0.8311232924461365,0.05267767980694771,0.0029666044283658266,7.010138034820557,1.8754169940948486
33064,0.011484271846711636,-0.2011806219816208,0.0027625816874206066,9.442076683044434,0.30170556902885437
33067,0.9840297698974609,-0.0619814395904541,0.003491082461550832,11.502229690551758,0.5451934933662415
33079,0.25731027126312256,-0.14452557265758514,0.002650006441399455,7.318766117095947,4.625495910644531
33142,0.5149751305580139,-0.24676933884620667,0.0030928875785320997,10.144911766052246,0.9812192320823669
33154,0.4437711238861084,-0.2327970266342163,0.0031555399764329195,11.422479629516602,0.1719619780778885
33166,-1.0164954662322998,-0.24748969078063965,0.002397865755483508,12.21321964263916,0.9178592562675476
33172,-0.47736644744873047,0.13356022536754608,0.002457175636664033,9.498905181884766,1.3926604986190796
33193,-0.4616971015930176,-0.22991549968719482,0.002751006977632642,12.201953887939453,0.3888847529888153
33246,-0.756089448928833,-0.2381632775068283,0.0025086202658712864,12.050028800964355,0.2526102066040039
33259,1.0563403367996216,-0.03640497475862503,0.0032311142422258854,7.507510662078857,2.0502119064331055
33289,2.0841360092163086,0.7447215914726257,0.0036138154100626707,5.6213788986206055,6.07428503036499
33294,-1.400500774383545,-0.23424863815307617,0.002207634737715125,12.63567066192627,0.3020668029785156
33295,-3.485097885131836,-0.2806672155857086,0.0024653635919094086,27.615894317626953,0.0
33297,1.9978115558624268,0.06506087630987167,0.0038737268187105656,8.485392570495605,3.327348470687866
33304,-1.1793231964111328,-0.21423621475696564,0.0022422822657972574,11.257261276245117,0.567857563495636
33313,1.519921898841858,0.6993668675422668,0.003254196373745799,6.187779426574707,4.505570411682129
33320,-0.601457953453064,-0.15014055371284485,0.0022765276953577995,8.528435707092285,1.8074073791503906
33333,1.2878806591033936,0.528435230255127,0.0032697946298867464,6.738288402557373,13.717460632324219
33338,-0.5849654078483582,-0.15259245038032532,0.0023119293618947268,8.89130687713623,0.36409178376197815
33394,1.9955343008041382,0.19982582330703735,0.0037113588768988848,7.577220439910889,4.983638763427734
33429,-1.9196913242340088,-0.27999740839004517,0.00227025686763227,16.287464141845703,0.031450655311346054
33455,-0.0015336930518969893,-0.21222582459449768,0.0026815123856067657,9.232138633728027,1.0571975708007812
33464,1.0847225189208984,-0.22933848202228546,0.003358682384714484,9.319938659667969,0.4819315969944
33476,-0.038331497460603714,-0.1219862699508667,0.002537655411288142,7.677404880523682,0.48783227801322937
33477,-0.7775844931602478,-0.22653737664222717,0.002746873302385211,14.344627380371094,2.8109917640686035
33504,0.7025501132011414,0.29729607701301575,0.002858170308172703,6.803771495819092,2.3567826747894287
33534,1.5472410917282104,0.5830061435699463,0.003212329465895891,5.348548412322998,16.275440216064453
33552,-1.086458444595337,-0.062246959656476974,0.0020130861084908247,8.578200340270996,4.296472072601318
33567,-0.32101404666900635,-0.2160693258047104,0.002590656979009509,9.85388469696045,0.7266632318496704
33576,0.5189744830131531,0.22743229568004608,0.002739190822467208,5.958204746246338,14.621757507324219
33578,1.4790756702423096,-0.27308711409568787,0.003765120403841138,11.237053871154785,0.0405462272465229
33606,-1.4862045049667358,-0.2775890529155731,0.0026973718777298927,18.342988967895508,0.07963257282972336
33622,0.9948695302009583,-0.05046525225043297,0.0031327405013144016,7.90181303024292,1.1629265546798706
33631,0.9319402575492859,-0.2567424476146698,0.0033350829035043716,9.708250999450684,0.12024956196546555
33702,-0.6749685406684875,-0.19959451258182526,0.0023556258529424667,9.641277313232422,0.7281560897827148
33707,2.5664117336273193,0.5876083970069885,0.0038143103010952473,5.081947326660156,8.37098503112793
33710,-1.0328093767166138,-0.27724888920783997,0.0028589011635631323,16.703800201416016,-0.029413605108857155
33720,0.6736433506011963,-0.24426983296871185,0.0030412832275032997,8.138898849487305,0.21216849982738495
33723,2.1638104915618896,-0.09102156013250351,0.003719538217410445,6.283641815185547,0.2381308525800705
33747,1.1851857900619507,-0.15295438468456268,0.0034104890655726194,9.137736320495605,1.9354389905929565
33757,0.1702704131603241,-0.2086482048034668,0.00264478730969131,7.342901706695557,3.028681516647339
33765,-0.7241302132606506,-0.2316623032093048,0.002360826125368476,10.340786933898926,0.12101402133703232
33768,0.0653328225016594,-0.040080416947603226,0.0027000249829143286,8.30813217163086,2.6613786220550537
33820,-3.3003182411193848,-0.28066718578338623,0.002630299888551235,28.04452896118164,7.629394644936838e-07
33835,-2.0322628021240234,-0.2762927711009979,0.002486723242327571,19.25423812866211,0.023407746106386185
33912,0.456536203622818,-0.04931904748082161,0.00290190358646214,9.125431060791016,4.932673454284668
33927,-0.8004679679870605,-0.28065359592437744,0.003228614805266261,19.515310287475586,0.0001274108944926411
33957,-3.010218381881714,-0.2806416153907776,0.002139856806024909,21.778833389282227,0.0003196716425009072
33962,0.7648224234580994,0.07535820454359055,0.0031302066054195166,8.952725410461426,1.7884159088134766
33997,0.7634751796722412,-0.15155740082263947,0.0031693167984485626,9.165273666381836,1.3078800439834595
34003,-0.2332000732421875,0.13854603469371796,0.0023391784634441137,6.883401393890381,7.658977508544922
34007,2.1733181476593018,-0.12592776119709015,0.0039718435145914555,9.117026329040527,0.7467422485351562
34027,0.8573850989341736,-0.19840072095394135,0.003205980872735381,8.92654037475586,0.33336612582206726
34048,-1.7368395328521729,-0.280614972114563,0.0024201683700084686,16.722749710083008,0.0003818511904682964
34054,-0.7528764009475708,-0.21514073014259338,0.002455236157402396,11.33225154876709,0.32240715622901917
34057,0.2817232310771942,1.4343163967132568,0.0024456086102873087,5.041759014129639,23.962451934814453
34059,-0.9774156808853149,-0.08474545925855637,0.0021731394808739424,9.875205039978027,6.019753932952881
34074,0.23079638183116913,0.40045809745788574,0.0026573077775537968,7.449221134185791,1.9190483093261719
34112,0.25320562720298767,-0.2640610635280609,0.003255168441683054,13.2066068649292,0.0704246535897255
34117,-0.3683905005455017,-0.24686460196971893,0.0026345679070800543,10.516128540039062,0.2604568600654602
34133,-1.0507581233978271,-0.28065335750579834,0.003208200680091977,20.12531280517578,0.00054168701171875
34183,0.7427166104316711,0.09455594420433044,0.002907355083152652,6.786762237548828,4.54709005355835
34186,-0.24869084358215332,-0.20091043412685394,0.0025205803103744984,9.636004447937012,0.27500054240226746
34188,0.5214871764183044,-0.028557121753692627,0.0029927759896963835,8.576777458190918,2.6582043170928955
34216,0.24193310737609863,-0.1516191065311432,0.0028464661445468664,9.02673053741455,1.3782612085342407
34220,0.07699708640575409,-0.20339243113994598,0.002799873473122716,9.505208969116211,0.2846035063266754
34221,-4.718496322631836,-0.28066691756248474,0.002401177305728197,34.597312927246094,1.6021729607018642e-05
34299,1.6560640335083008,0.36861512064933777,0.0034062645863741636,6.669284343719482,10.603645324707031
34302,-1.5431957244873047,-0.26042547821998596,0.002277316292747855,13.580230712890625,0.04024171829223633
34303,1.0948370695114136,0.707920253276825,0.0030716366600245237,6.407007694244385,6.304096221923828
34323,0.25596243143081665,-0.06910063326358795,0.0028181979432702065,8.869526863098145,1.1416130065917969
34374,-1.7758797407150269,-0.19097915291786194,0.0019134044414386153,11.526537895202637,0.2904317080974579
34382,1.3403347730636597,0.7786137461662292,0.003263904247432947,6.824354648590088,3.866894483566284
34476,-1.2395347356796265,-0.21440570056438446,0.0022563692182302475,11.914987564086914,0.20677414536476135
34494,-0.3348011076450348,0.00982669647783041,0.0024327680002897978,8.543039321899414,1.7754684686660767
34516,0.704544723033905,-0.02580898441374302,0.002913419622927904,7.09429931640625,11.517630577087402
34541,-0.20656244456768036,-0.20435845851898193,0.0024893470108509064,8.553528785705566,0.24096989631652832
34565,1.6758047342300415,-0.20956683158874512,0.0038814793806523085,11.545122146606445,0.518389880657196
34626,0.3646824359893799,-0.029807357117533684,0.002754409331828356,7.562694072723389,1.3605338335037231
34634,0.8592301607131958,-0.12035558372735977,0.0031063200440257788,8.19922161102295,1.9279571771621704
34635,3.228469133377075,2.6023261547088623,0.004191315732896328,4.957204818725586,13.547607421875
34687,-0.09254784882068634,-0.24736662209033966,0.0028274673968553543,10.832775115966797,0.13722717761993408
34702,0.4324377477169037,0.4656131863594055,0.0027317171916365623,7.22676944732666,2.729130506515503
34728,1.4251806735992432,0.34463977813720703,0.0033765826374292374,7.23480749130249,5.6266374588012695
34736,2.5909841060638428,1.324181318283081,0.003881063312292099,5.291296005249023,10.457916259765625
34755,2.613746404647827,-0.18677270412445068,0.004405440296977758,10.584959983825684,0.483773797750473
34797,1.1091558933258057,-0.2124129831790924,0.0033344596158713102,9.000470161437988,0.1890159696340561
34803,0.5208370089530945,-0.1778143048286438,0.002796316286548972,7.176207065582275,0.44229623675346375
34812,1.2663551568984985,0.12308280915021896,0.003328858409076929,7.536153316497803,3.2341179847717285
34818,0.8051294684410095,0.06909050792455673,0.002955384086817503,7.200401306152344,4.019406318664551
34833,-1.4544012546539307,-0.27676498889923096,0.0025587468408048153,16.62745475769043,0.052387237548828125
34837,-1.6871837377548218,-0.2796742916107178,0.002497693058103323,17.051708221435547,0.00255584716796875
34839,0.04086649417877197,-0.3227190673351288,0.002819573972374201,9.545004844665527,-0.35472288727760315
34854,1.3937996625900269,0.5045259594917297,0.0032675310503691435,6.998640537261963,4.934751033782959
34879,0.3353658616542816,-0.05442988872528076,0.0030117041897028685,10.44847297668457,0.8601981997489929
34884,-0.577303409576416,-0.25482049584388733,0.0023512649349868298,8.838536262512207,-1.239593505859375
34888,-0.16394507884979248,-0.2526376247406006,0.002824918134137988,11.31734848022461,0.08367233723402023
34891,-2.479862928390503,-0.2805396020412445,0.0025399792939424515,22.26582145690918,0.006527710240334272
34931,0.042720694094896317,-0.1675366759300232,0.0028037261217832565,9.914336204528809,1.303767204284668
34935,-0.2504068911075592,-0.0806964561343193,0.0024340073578059673,7.998486518859863,2.23569655418396
34941,-3.1487772464752197,-0.2806672155857086,0.0023508023004978895,24.830320358276367,-2.8610230629055877e-07
34945,2.1783082485198975,1.1482343673706055,0.003610655665397644,4.807878017425537,7.225934028625488
34954,2.2201449871063232,-0.0036301352083683014,0.00378068583086133,6.394631385803223,3.063032865524292
35000,1.1773016452789307,0.18899986147880554,0.00316501478664577,6.445170879364014,5.434710502624512
35055,-1.6850244998931885,-0.1631607562303543,0.0021731839515268803,13.768465042114258,0.3234790861606598
35125,0.4804266393184662,-0.12426711618900299,0.0030493647791445255,9.451645851135254,1.6884933710098267
35155,-0.3284339904785156,-0.043326884508132935,0.0025333331432193518,9.187437057495117,2.869230031967163
35166,-3.971043825149536,-0.2806672155857086,0.00244046188890934,30.568815231323242,0.0
35189,-0.43042221665382385,-0.011039583943784237,0.0024156589061021805,8.756964683532715,0.618098258972168
35227,-0.12168214470148087,-0.16346411406993866,0.002500058151781559,7.7916741371154785,0.5630844235420227
35237,0.698910653591156,-0.26747268438339233,0.003546062158420682,13.225398063659668,0.0406225211918354
35247,-0.5767742991447449,-0.20944944024085999,0.0024629980325698853,10.004867553710938,1.0042363405227661
35265,1.5905808210372925,-0.006408873479813337,0.003517479170113802,7.365450382232666,3.596332550048828
35273,2.7734787464141846,-0.09819215536117554,0.0038943530526012182,4.789182662963867,1.467793345451355
35289,-0.19688792526721954,0.2255285084247589,0.002453702036291361,8.136994361877441,7.585657596588135
35386,-0.22012875974178314,-0.24900555610656738,0.002462984761223197,8.110418319702148,-0.45463916659355164
35409,1.8083940744400024,-0.1168089285492897,0.003653679508715868,7.970603942871094,0.7644554376602173
35438,1.822638750076294,0.1730753481388092,0.0035171795170754194,6.261117458343506,2.1334474086761475
35445,-0.5199477672576904,-0.22494161128997803,0.0025352356024086475,10.6348237991333,0.42864617705345154
35471,0.037139005959033966,-0.2738396227359772,0.0031424127519130707,13.364928245544434,0.0637413039803505
35487,0.5666408538818359,-0.18520857393741608,0.002923945663496852,8.397687911987305,0.24767999351024628
35497,0.7780770659446716,-0.07598312944173813,0.0032050504814833403,9.675936698913574,0.8265945315361023
35513,-0.31516537070274353,0.11868681758642197,0.002609221963211894,10.273680686950684,2.6083438396453857
35547,-1.5430705547332764,-0.2806544005870819,0.0031002736650407314,22.576154708862305,0.0005168914794921875
35552,-0.12229035049676895,-0.2711038291454315,0.0030377923976629972,13.535507202148438,0.038100626319646835
35580,0.23678278923034668,-0.22197659313678741,0.002908611437305808,9.637595176696777,0.40999260544776917
35609,-0.4650844633579254,-0.27654141187667847,0.0027664736844599247,12.762548446655273,0.0030700683128088713
35652,-2.502254009246826,-0.2806129455566406,0.0023354259319603443,20.387548446655273,0.0002811432059388608
35660,0.6571522951126099,-0.0915943905711174,0.0029643268790096045,7.608922004699707,1.0040801763534546
35680,-0.65771484375,-0.2766017019748688,0.002662865910679102,12.621115684509277,0.027589036151766777
35748,-0.0535619854927063,-0.18330055475234985,0.0026820150669664145,9.392218589782715,0.9873217940330505
35751,-1.5638703107833862,-0.2764246463775635,0.002598291030153632,17.02556610107422,0.009939193725585938
35775,-0.6914889216423035,-0.14012569189071655,0.0022849251981824636,9.352555274963379,0.43648988008499146
35801,-1.243157148361206,-0.2559368312358856,0.0021012243814766407,11.320090293884277,0.12162647396326065
35819,2.6216864585876465,-0.17286844551563263,0.004338611848652363,10.625967025756836,0.6171222925186157
35867,-0.8220149874687195,-0.17598694562911987,0.0023803457152098417,10.911162376403809,0.7444373965263367
35879,0.2617762088775635,-0.07947821170091629,0.00265686959028244,6.743409633636475,1.1325498819351196
35892,0.06041693314909935,-0.18522833287715912,0.002678812248632312,8.751386642456055,0.4528658092021942
35898,0.4071006774902344,-0.13609695434570312,0.0029681462328881025,9.660715103149414,0.5292205810546875
35918,0.5724261403083801,-0.1162101998925209,0.00297651719301939,8.401867866516113,0.7920301556587219
35989,-2.44354510307312,-0.280571311712265,0.002592479344457388,22.76459312438965,0.00032951831235550344
36002,-0.12117528915405273,0.1323617547750473,0.002427060157060623,6.720555782318115,1.1764557361602783
36016,-1.682917833328247,-0.28005996346473694,0.0025829544756561518,18.0561466217041,0.0016908406978473067
36030,-0.45326098799705505,0.08363883197307587,0.002364277606830001,8.371176719665527,5.065115928649902
36035,0.13534872233867645,-0.19455145299434662,0.00304173375479877,11.427142143249512,0.2064460813999176
36041,1.0697277784347534,-0.1111738458275795,0.00330594670958817,8.422968864440918,1.4467228651046753
36048,-1.0495342016220093,-0.27024102210998535,0.002361919730901718,12.093276977539062,0.03624572977423668
36056,0.5842151641845703,-0.2676616907119751,0.003471644362434745,13.89276123046875,0.04114494472742081
36073,0.6635273098945618,1.0174826383590698,0.0028753106016665697,6.612340450286865,19.318572998046875
36082,3.132709503173828,1.1087379455566406,0.004166620783507824,5.015290260314941,4.66098165512085
36121,0.3974962532520294,1.2792925834655762,0.002600741805508733,5.987611770629883,5.690421104431152
36139,-2.236325979232788,-0.28014543652534485,0.0024593810085207224,19.5535831451416,0.027919769287109375
36150,-0.7096953392028809,0.49193844199180603,0.0021786154247820377,8.476049423217773,4.357576847076416
36191,3.5432050228118896,0.9938099980354309,0.004473278298974037,5.169554233551025,9.213302612304688
36196,-2.0548441410064697,-0.2817879021167755,0.0023910854943096638,18.64008140563965,-0.06145477294921875
36217,-0.05297553539276123,-0.20294879376888275,0.002738235518336296,10.103668212890625,2.0944390296936035
36233,-0.027506306767463684,-0.21846333146095276,0.0026021648664027452,8.253440856933594,0.3190158009529114
36246,-1.9379360675811768,-0.2806667685508728,0.0028774139937013388,22.555967330932617,2.021789623540826e-05
36301,-2.777763843536377,-0.27809828519821167,0.0018652165308594704,17.16228485107422,0.011536789126694202
36362,0.49590012431144714,-0.18780897557735443,0.003054381813853979,10.1361665725708,0.4472316801548004
36378,0.47687870264053345,-0.11765942722558975,0.0029900020454078913,9.331961631774902,0.5264961123466492
36411,-0.04469963535666466,0.07513242214918137,0.0025554948952049017,7.975321292877197,1.5215702056884766
36421,-0.04601219296455383,-0.26192012429237366,0.0029480636585503817,12.434815406799316,-0.015843963250517845
36439,-0.9870039224624634,-0.27942225337028503,0.002590917283669114,13.974603652954102,0.034078218042850494
36528,-0.36053895950317383,-0.27324238419532776,0.0028399431612342596,12.816805839538574,0.01228408794850111
36532,2.007281541824341,0.0191003680229187,0.003666259814053774,6.460882663726807,1.2856464385986328
36540,-0.024148719385266304,-0.2784253656864166,0.003270628396421671,14.812758445739746,0.07721405476331711
36556,1.7563871145248413,-0.04145442321896553,0.0035094828344881535,6.544938564300537,2.8313796520233154
36587,-1.9901264905929565,-0.2782178223133087,0.002153188455849886,15.549606323242188,0.0066928863525390625
36603,2.3068530559539795,-0.09151952713727951,0.0039062597788870335,7.486672878265381,0.949743390083313
36617,-0.06949140131473541,-0.27159327268600464,0.003153675002977252,13.961915969848633,0.08839493244886398
36653,0.9095911383628845,-0.053777724504470825,0.0032064944971352816,8.866718292236328,0.9264114499092102
36660,0.38521313667297363,-0.012804411351680756,0.0027445871382951736,7.6515703201293945,2.0315096378326416
36669,-4.444265365600586,-0.2806672155857086,0.002183083910495043,30.64517593383789,0.0
36757,1.5244157314300537,0.5605955123901367,0.0032106691505759954,5.542994499206543,2.8476104736328125
36810,2.5604031085968018,0.36630555987358093,0.0038374983705580235,5.451554775238037,5.534260272979736
36830,0.7147908210754395,1.6760023832321167,0.0028017195872962475,5.758905410766602,22.24150848388672
36851,-1.7875896692276,-0.24725459516048431,0.002088551875203848,13.661951065063477,0.5186939239501953
36854,-1.8025330305099487,-0.25147947669029236,0.0019826677162200212,12.919089317321777,0.2305828183889389
36869,-1.3638204336166382,-0.24176935851573944,0.0022843664046376944,13.003087043762207,0.3816215693950653
36871,0.6798753142356873,-0.414363294839859,0.003062686650082469,8.794136047363281,-0.20016637444496155
36899,-2.291419744491577,-0.28058144450187683,0.0024554769042879343,20.189167022705078,0.0011811137665063143
36952,0.46961426734924316,0.00406802911311388,0.00285691418685019,7.845977306365967,4.808811187744141
36956,0.8229209184646606,-0.19143937528133392,0.0032919812947511673,10.302790641784668,0.2952720820903778
36958,0.01761854998767376,-0.028568033128976822,0.0024939486756920815,7.179738521575928,1.6135929822921753
36962,-0.8594059348106384,-0.2000901699066162,0.0026614891830831766,13.767146110534668,0.6534965634346008
36964,0.19386336207389832,-0.3121906816959381,0.0026322484482079744,7.576783657073975,-0.17826353013515472
36988,0.9837843179702759,-0.2160828560590744,0.0035390995908528566,11.111991882324219,0.1853683441877365
36997,4.460614204406738,1.0711275339126587,0.005031444597989321,6.0743937492370605,3.921618700027466
37003,0.8689598441123962,-0.0860755518078804,0.0031794884707778692,8.35881519317627,1.1872398853302002
37006,1.8457657098770142,0.1944170892238617,0.003672321094200015,7.567145824432373,1.9819778203964233
37056,-1.9264261722564697,-0.2809063494205475,0.0024187867529690266,18.185298919677734,0.00328407296910882
37059,1.3430274724960327,0.006386794149875641,0.0033359627705067396,6.9913482666015625,2.5478837490081787
37086,-1.818941354751587,-0.2804425358772278,0.0027482686564326286,20.458721160888672,0.009196472354233265
37099,-1.5691066980361938,-0.2800251245498657,0.0023115037474781275,14.732474327087402,0.00239734654314816
37101,0.12086772918701172,-0.014751717448234558,0.0028316748794168234,9.87708568572998,4.050065994262695
37114,1.3796552419662476,0.1567426174879074,0.0032261491287499666,6.549321174621582,2.799647331237793
37125,0.5067175030708313,0.0305305365473032,0.002798945875838399,7.334693431854248,1.225897192955017
37152,0.39180025458335876,0.04616863653063774,0.0028049598913639784,7.99013090133667,1.3535164594650269
37184,0.7341019511222839,-0.29035723209381104,0.003413077909499407,11.692366600036621,-0.0012646674877032638
37196,0.19857947528362274,-0.2679775655269623,0.0032809835392981768,13.592203140258789,0.05487404018640518
37210,0.1360662281513214,0.28660500049591064,0.0026695788837969303,7.723201274871826,10.192399978637695
37272,0.5087367296218872,0.0964038223028183,0.002731447806581855,6.426026344299316,4.749247074127197
37291,-2.328596830368042,-0.27961084246635437,0.002383151091635227,20.247509002685547,0.00901107769459486
37312,1.055230975151062,0.15282706916332245,0.0031053340062499046,7.035426616668701,2.0481514930725098
37317,-0.4663759768009186,-0.26557621359825134,0.0028256159275770187,13.243880271911621,0.023769378662109375
37366,1.1665555238723755,0.8153567314147949,0.0031354159582406282,6.110837459564209,5.4204421043396
37369,3.993314027786255,0.8227047920227051,0.004602924454957247,4.235942363739014,3.221691131591797
37381,1.478323221206665,-0.20520126819610596,0.0035704716574400663,9.615862846374512,0.44947680830955505
37396,1.0886290073394775,2.198855400085449,0.003078112844377756,6.577674865722656,5.972156524658203
37419,-2.906982660293579,-0.2775510251522064,0.0017909267917275429,17.624296188354492,0.009722232818603516
37451,1.3413054943084717,-0.14355170726776123,0.003319737035781145,7.293736457824707,1.818665862083435
37470,2.185624599456787,3.040597438812256,0.0034697249066084623,4.131338596343994,37.915828704833984
37471,0.9537671208381653,-0.1547289937734604,0.003211568808183074,8.978371620178223,1.6161110401153564
37501,-0.4979008138179779,-0.2604622542858124,0.002421102486550808,9.196245193481445,0.4841775894165039
37508,-0.38213014602661133,-0.2791481912136078,0.003068255726248026,15.294577598571777,0.037923432886600494
37531,-2.488804578781128,-0.2806672155857086,0.003008704399690032,27.373014450073242,0.0
37541,-0.032129377126693726,0.9172344207763672,0.0026919643860310316,9.195674896240234,5.227331638336182
37622,0.0860060378909111,0.18743176758289337,0.002557702362537384,6.992081642150879,3.437309741973877
37623,-1.6981449127197266,-0.2804144620895386,0.002758471993729472,19.943979263305664,0.0035725354682654142
37685,2.109898328781128,2.723088026046753,0.0035025470424443483,4.67921781539917,23.11724281311035
37708,-1.301660418510437,-0.15865229070186615,0.002294121077284217,12.512059211730957,0.4377708435058594
37736,-0.016780346632003784,0.7203038334846497,0.0024634923320263624,6.801429271697998,8.032357215881348
37740,-0.3408477008342743,0.09186282753944397,0.0024038036353886127,7.942018985748291,3.7203209400177
37746,-1.889686942100525,-0.2800813615322113,0.0024270883295685053,18.124500274658203,0.0013630390167236328
37749,1.1278828382492065,0.22878490388393402,0.0032785728108137846,7.851719856262207,5.1944661140441895
37750,1.3667148351669312,0.5576047897338867,0.0031889774836599827,5.454192161560059,5.003272533416748
37784,-0.5849999785423279,0.007521510124206543,0.002258960623294115,8.362109184265137,1.8936378955841064
37813,-5.412539005279541,-0.2806672155857086,0.0019481976050883532,34.15607833862305,-3.814697322468419e-07
37815,1.5535707473754883,0.8827625513076782,0.003327453276142478,5.893424034118652,6.764775276184082
37834,-0.21164150536060333,-0.24176977574825287,0.0027322806417942047,10.761558532714844,1.3811966180801392
37860,0.8599783182144165,0.17175458371639252,0.003079904243350029,7.9404754638671875,3.000452995300293
37868,-2.174921751022339,-0.2806296944618225,0.002517889253795147,20.422452926635742,0.00024108887009788305
37874,3.1231465339660645,2.770676612854004,0.004148873966187239,5.392341136932373,14.603385925292969
37880,0.27408620715141296,-0.007666698191314936,0.0027898806147277355,8.240205764770508,3.973459005355835
37899,0.3143582344055176,-0.09057893604040146,0.0027076108381152153,7.57238245010376,3.3990159034729004
37911,1.275175929069519,0.47068125009536743,0.003129424527287483,6.481143474578857,3.312518835067749
37921,1.1020147800445557,0.4530652165412903,0.0031032017432153225,6.519872188568115,5.3533854484558105
37946,1.0603705644607544,-0.21463313698768616,0.003281518118456006,8.43985652923584,0.8516517877578735
38004,0.013897242955863476,-0.25476375222206116,0.0026020847726613283,8.087292671203613,0.5674581527709961
38013,0.19687321782112122,-0.25254592299461365,0.002704261802136898,8.263696670532227,0.8254144787788391
38059,2.1012189388275146,2.1940183639526367,0.0035599058028310537,4.908217906951904,27.956378936767578
38074,0.8017656207084656,-0.1338302493095398,0.0029792801942676306,7.168631076812744,1.0673874616622925
38079,-0.9590660333633423,-0.27462515234947205,0.002507079392671585,12.957608222961426,0.06838881969451904
38099,1.3587619066238403,0.06858120113611221,0.0032332700211554766,6.893113136291504,6.363532543182373
38106,0.27769705653190613,0.303788959980011,0.0026242006570100784,6.993624210357666,6.392786502838135
38114,3.3644778728485107,0.8984953165054321,0.004199798684567213,4.179666042327881,6.274613857269287
38118,1.0955722332000732,-0.17416943609714508,0.003310053376480937,8.984512329101562,0.8501564264297485
38140,-0.4493256211280823,-0.1681017130613327,0.0024660578928887844,9.34439468383789,2.6364033222198486
38160,1.7523075342178345,-0.019414011389017105,0.003590670181438327,7.2545084953308105,1.2708851099014282
38210,3.4912643432617188,0.880321204662323,0.004406543914228678,4.90016508102417,14.440106391906738
38295,0.5181669592857361,-0.09172867983579636,0.0028577365446835756,7.6727800369262695,2.9873874187469482
38302,2.041863203048706,-0.16814659535884857,0.003656175686046481,6.7486772537231445,0.6811826229095459
38303,-0.1241927295923233,-0.11297593265771866,0.0025919629260897636,9.077048301696777,0.34766045212745667
38313,0.5229566693305969,0.05560040473937988,0.0028678763192147017,7.3864665031433105,9.742385864257812
38343,1.0481637716293335,-0.16053691506385803,0.0032594730146229267,8.176421165466309,0.436122328042984
38346,1.5698614120483398,-0.09102100878953934,0.0038214547093957663,10.641487121582031,3.2311763763427734
38359,0.9001225829124451,0.3060930669307709,0.003049941034987569,7.229132175445557,1.7091255187988281
38361,-2.112081527709961,-0.2745477855205536,0.002282507484778762,17.577075958251953,0.03604850918054581
38373,1.2126144170761108,-0.10328562557697296,0.0033251382410526276,7.590159893035889,1.2148056030273438
38392,2.095472812652588,0.48423510789871216,0.003766341833397746,7.314157962799072,2.9258735179901123
38417,-5.306865215301514,-0.2806672155857086,0.0021856646053493023,35.760162353515625,0.0
38427,0.10227807611227036,-0.2791783809661865,0.0034263860434293747,16.09781837463379,0.00923843402415514
38437,1.595250129699707,1.01398503780365,0.003266572253778577,5.040877342224121,7.066082954406738
38447,-4.161628246307373,-0.28066667914390564,0.0018224051455035806,24.82151985168457,2.7465821403893642e-05
38471,-1.114266037940979,-0.2797885835170746,0.0027490637730807066,16.514305114746094,0.0040420531295239925
38489,-1.673132300376892,-0.28060439229011536,0.0029175144154578447,21.05031394958496,8.850097947288305e-05
38498,2.3562886714935303,0.1623205691576004,0.003826736006885767,5.846583366394043,1.4877309799194336
38503,0.6526790261268616,-0.1678423136472702,0.002978361677378416,8.421671867370605,0.6430423855781555
38507,0.49385973811149597,-0.145745649933815,0.0030039779376238585,8.832079887390137,1.328147292137146
38529,0.774627149105072,-0.1443159133195877,0.0032738782465457916,9.753462791442871,1.6860069036483765
38555,-1.1362419128417969,-0.19118404388427734,0.00224150437861681,11.72578239440918,2.2777106761932373
38564,1.4391082525253296,-0.2521781921386719,0.003965065814554691,13.24992847442627,0.1372852325439453
38582,-0.5409871935844421,-0.19578802585601807,0.0025640514213591814,10.848315238952637,0.22950096428394318
38600,-0.5791342258453369,-0.05724203214049339,0.002394262468442321,9.470425605773926,0.7524082064628601
38672,0.039568934589624405,0.01779383048415184,0.0026755572762340307,8.548356056213379,1.3948835134506226
38680,0.5106611251831055,-0.14230704307556152,0.002855595899745822,7.457275390625,0.5481593012809753
38695,-1.329092264175415,-0.19278499484062195,0.0019276461098343134,9.635375022888184,0.574091374874115
38696,0.2205919474363327,-0.06525170058012009,0.0028519784100353718,9.14416790008545,3.4476354122161865
38717,-2.612884521484375,-0.28062742948532104,0.0022275689989328384,20.0929012298584,0.0004951477167196572
38739,-2.0445544719696045,-0.28046610951423645,0.002595574129372835,20.36966323852539,0.0009860516292974353
38775,0.34274595975875854,0.6132985353469849,0.0026196660473942757,6.551558017730713,5.239138126373291
38792,0.17282839119434357,-0.1992320716381073,0.0027301961090415716,9.11413860321045,0.338227242231369
38807,0.7723821997642517,0.19761255383491516,0.0030327686108648777,7.735532283782959,1.8100223541259766
38819,0.007813796401023865,-0.26759472489356995,0.002730827545747161,10.396373748779297,0.34307366609573364
38839,-0.15442977845668793,-0.11561351269483566,0.002668816363438964,9.685373306274414,3.009845495223999
38851,-0.09260531514883041,-0.24517472088336945,0.0028020560275763273,11.286539077758789,0.31578561663627625
38882,-0.6967716813087463,-0.13885916769504547,0.0021931312512606382,8.048598289489746,4.015465259552002
38888,-0.4408395290374756,-0.20453345775604248,0.0026051749009639025,11.249739646911621,1.7350090742111206
38924,0.1593523770570755,0.19716830551624298,0.0026604512240737677,8.2343111038208,5.195062160491943
38966,1.9915632009506226,0.6239097714424133,0.0035178777761757374,5.662409782409668,5.17665958404541
38990,0.8801762461662292,-0.07168315351009369,0.003237971803173423,9.051825523376465,0.5586876273155212
39029,-1.5985645055770874,-0.27839726209640503,0.0023711263202130795,15.932563781738281,0.018390655517578125
39042,-0.6556107401847839,0.024661758914589882,0.002620335901156068,12.017715454101562,0.6158739328384399
39090,0.402370423078537,0.596563994884491,0.002854524878785014,8.036459922790527,5.509693622589111
39116,-0.7416890859603882,-0.2643798887729645,0.0024665596429258585,11.489583015441895,0.07958254963159561
39131,0.8721351623535156,-0.05917617306113243,0.003353205742314458,10.991896629333496,0.9540863037109375
39157,-1.3235375881195068,-0.2687469720840454,0.002261430025100708,12.960095405578613,0.06753327697515488
39176,-0.1536228209733963,-0.2811644971370697,0.00252060079947114,8.608640670776367,0.27833959460258484
39214,-0.18559882044792175,-0.18992571532726288,0.0025769597850739956,9.0338773727417,0.6127376556396484
39225,-0.034864794462919235,0.42379528284072876,0.002411806955933571,6.876867771148682,13.564760208129883
39282,0.7243862152099609,0.08684932440519333,0.0029135234653949738,7.247918128967285,1.0298175811767578
39285,0.17453864216804504,-0.08905794471502304,0.002728548366576433,8.867260932922363,0.6364677548408508
39318,0.3628113269805908,-0.05658266693353653,0.002767525613307953,7.524238586425781,1.723227858543396
39332,1.983654260635376,1.894992709159851,0.003517999080941081,5.121193885803223,15.7635498046875
39414,0.03467778116464615,0.002896151039749384,0.002717183902859688,9.289474487304688,0.7716915011405945
39445,-4.746297359466553,-0.2806672155857086,0.0026199794374406338,36.644344329833984,0.0
39446,0.7075256705284119,0.3143412470817566,0.0028686958830803633,6.48601770401001,2.7032666206359863
39458,-2.080798864364624,-0.2718043029308319,0.0021076982375234365,15.988571166992188,0.15577459335327148
39475,1.4801017045974731,-0.0677834004163742,0.0034224819391965866,7.2798752784729,0.6656589508056641
39479,-2.2211320400238037,-0.280609667301178,0.0026035099290311337,21.377981185913086,0.000270843505859375
39539,0.8745288252830505,0.038721777498722076,0.0030597923323512077,7.839491367340088,1.6472851037979126
39551,3.2269890308380127,0.34146133065223694,0.004308971576392651,5.694187641143799,2.830526113510132
39569,1.6048096418380737,-0.028616636991500854,0.0033702675718814135,6.014331340789795,1.5867103338241577
39591,1.2591527700424194,0.016981689259409904,0.0032695785630494356,7.103033542633057,1.3884973526000977
39624,-0.34352588653564453,-0.06970174610614777,0.002488088561221957,8.808527946472168,2.4850876331329346
39645,-0.5497318506240845,-0.10592681169509888,0.0022135807666927576,7.685940742492676,3.872443914413452
39647,-1.3359063863754272,-0.278805136680603,0.002507053082808852,15.083346366882324,0.02788543701171875
39649,0.6184629797935486,0.304130882024765,0.0027475394308567047,5.704159259796143,8.274653434753418
39660,-0.041314590722322464,-0.2635509669780731,0.0030149889644235373,12.988359451293945,0.07359275966882706
39669,-3.668377637863159,-0.28065475821495056,0.002022250322625041,24.42030143737793,0.00010185241990257055
39677,-0.7535492181777954,-0.2861440181732178,0.0025236986111849546,11.64124584197998,0.00971756037324667
39695,-0.1722143143415451,-0.2724693715572357,0.002738346578553319,10.000052452087402,0.04038286209106445
39706,0.4546029269695282,0.007248817477375269,0.0028502075001597404,7.536895751953125,1.9544140100479126
39714,-0.5261289477348328,-0.27026990056037903,0.0028279644902795553,13.300768852233887,0.05417671427130699
39742,-1.3214877843856812,-0.2782053053379059,0.002420944394543767,14.572036743164062,0.01220703125
39757,1.876237154006958,0.3373149037361145,0.0035628501791507006,6.618266582489014,12.459745407104492
39790,1.6595178842544556,-0.028320426121354103,0.0033781658858060837,5.694362640380859,0.9397836923599243
39817,-0.29587408900260925,-0.1585748940706253,0.002386281965300441,7.655673503875732,1.7179632186889648
39846,0.7616747617721558,0.2304926961660385,0.002884853398427367,6.840768337249756,1.9916824102401733
39869,-0.10834651440382004,-0.2601015269756317,0.002850963268429041,11.006956100463867,0.09186612814664841
39893,-0.4307386875152588,-0.24000988900661469,0.0030685130041092634,15.42484188079834,2.090177297592163
39920,-1.2204480171203613,-0.2781679332256317,0.0023589355405420065,12.982696533203125,0.01346435584127903
39923,-1.2734347581863403,-0.27772843837738037,0.002640377962961793,16.210561752319336,0.0711822509765625
39929,0.6834508180618286,-0.21343998610973358,0.0035218726843595505,12.919258117675781,0.49369850754737854
40002,-1.6790062189102173,-0.19380228221416473,0.0018190909177064896,10.357203483581543,0.9538490176200867
40014,-0.563335657119751,-0.2770322561264038,0.0025770191568881273,11.130457878112793,-0.021913815289735794
40051,0.3992058038711548,-0.1451830118894577,0.00270310346968472,7.0457305908203125,0.3452930450439453
40053,-1.146971583366394,-0.2783508598804474,0.002350707072764635,12.499464988708496,0.0071964263916015625
40069,-1.8887453079223633,-0.2804907262325287,0.0024170035030692816,17.284337997436523,0.003356552217155695
40151,-0.015253627672791481,-0.2795999348163605,0.003238220466300845,14.515498161315918,0.020609665662050247
40154,-4.102463722229004,-0.268957257270813,0.0010619740933179855,17.66036605834961,0.037981417030096054
40161,3.033362865447998,-0.19623713195323944,0.004102605860680342,4.6689558029174805,0.46741923689842224
40180,1.555087924003601,-0.08813057094812393,0.003424112917855382,7.15155553817749,2.30265212059021
40214,-0.8361648917198181,-0.24860702455043793,0.002492208732292056,12.097121238708496,0.09764528274536133
40247,0.33204278349876404,-0.2260831594467163,0.0030814670026302338,11.15710735321045,0.21204529702663422
40269,1.8986555337905884,0.8422147035598755,0.0037545952945947647,8.255107879638672,3.316052198410034
40331,-0.03602815791964531,0.14706549048423767,0.0025338453706353903,7.629129886627197,1.536756992340088
40405,-1.992266058921814,-0.2806672155857086,0.0027884971350431442,22.642547607421875,0.0
40417,-1.2015879154205322,-0.2696824073791504,0.0022737260442227125,12.495627403259277,0.36944085359573364
40419,0.7101262211799622,-0.08033212274312973,0.002893076976761222,6.621800899505615,3.8276565074920654
40421,0.26834923028945923,-0.26964160799980164,0.0029261140152812004,10.024369239807129,0.008212089538574219
40456,-1.2062410116195679,-0.28040045499801636,0.00273670325987041,16.970176696777344,0.00077056884765625
40467,0.9701439738273621,1.3151878118515015,0.002842093352228403,4.711256504058838,19.775266647338867
40477,-0.2329998016357422,-0.18920515477657318,0.002557385480031371,9.114812850952148,0.49167177081108093
40481,-0.13091878592967987,-0.2366434782743454,0.002801912371069193,10.971382141113281,0.4625382423400879
40489,-0.05198943614959717,-0.27914974093437195,0.0030049055349081755,12.88767147064209,0.015184545889496803
40528,0.8638580441474915,-0.01130941417068243,0.003164159832522273,8.453112602233887,2.264267683029175
40536,0.03848530724644661,0.4622051417827606,0.002411620458588004,6.111841201782227,7.202230930328369
40538,0.03055598773062229,-0.09579616785049438,0.0025933508295565844,8.058581352233887,6.704795837402344
40616,0.1268390268087387,0.08857551217079163,0.0025511335115879774,7.288488864898682,1.6933872699737549
40632,0.7906262278556824,0.2363879531621933,0.003178408369421959,8.867447853088379,3.042179822921753
40681,-0.056534525007009506,-0.325723797082901,0.0025728929322212934,8.362150192260742,0.5839743614196777
40686,-0.3338010311126709,-0.14521925151348114,0.0022833794355392456,7.110174655914307,0.8171585202217102
40771,0.2907116115093231,-0.23802195489406586,0.003217757912352681,12.498735427856445,0.12483444064855576
40772,2.0620946884155273,1.0802072286605835,0.0035027225967496634,4.919292449951172,8.365828514099121
40773,-0.1331593245267868,-0.2551132142543793,0.0028207406867295504,11.77005386352539,0.7874130606651306
40776,0.34943509101867676,-0.2609488368034363,0.0029632735531777143,9.290982246398926,0.06565394252538681
40783,1.6097307205200195,-0.037268493324518204,0.0035337035078555346,7.715906620025635,2.3550491333007812
40831,-1.0771368741989136,-0.2741711437702179,0.0027517303824424744,16.274396896362305,0.034113314002752304
40857,-1.923309326171875,-0.28020086884498596,0.002269515534862876,16.3359317779541,0.003281974932178855
40871,-1.585031509399414,-0.30013155937194824,0.0020970108453184366,12.888379096984863,-1.2157344818115234
40878,-1.2024366855621338,-0.2033652514219284,0.00206681527197361,9.95314884185791,0.3737960457801819
40887,-0.12364723533391953,-0.2763058841228485,0.002998914336785674,12.729521751403809,0.031041478738188744
40932,-0.4726022183895111,-0.21620845794677734,0.0026149963960051537,10.730866432189941,0.19845466315746307
40934,0.8801445960998535,-0.14265167713165283,0.003161892294883728,8.20065975189209,0.9784706234931946
40938,1.0782381296157837,-0.13382837176322937,0.0030523575842380524,6.260235786437988,0.5972718000411987
40940,0.9039735198020935,-0.1487448364496231,0.003010359825566411,6.790232181549072,1.532099723815918
40944,1.1821494102478027,-0.15933899581432343,0.003306677332147956,8.36687183380127,0.5191721320152283
40969,-0.04951489716768265,0.16566726565361023,0.0025424647610634565,7.864741802215576,5.495873928070068
40989,0.16528631746768951,-0.15787266194820404,0.0026827703695744276,8.081049919128418,0.707575798034668
40997,-1.0656168460845947,-0.2785360515117645,0.00274680252186954,16.245075225830078,0.008075714111328125
41025,-3.1850059032440186,-0.28066694736480713,0.0022790853399783373,24.056203842163086,1.33514404296875e-05
41062,-0.4875738322734833,-0.30337831377983093,0.002554534701630473,10.676380157470703,0.09617767482995987
41069,-1.4449992179870605,-0.2313435822725296,0.0024682285729795694,15.628321647644043,2.2945854663848877
41081,1.7863283157348633,0.5935794711112976,0.003456955077126622,5.788003444671631,4.416629314422607
41082,-0.05791633203625679,-0.273877888917923,0.003023552242666483,12.937024116516113,0.012185382656753063
41113,-3.857867956161499,-0.28064048290252686,0.0019769184291362762,25.167984008789062,0.0006687164423055947
41190,-0.9736060500144958,-0.23358972370624542,0.0024823735002428293,12.720076560974121,1.696222186088562
41232,-0.028007427230477333,-0.017209259793162346,0.0026149582117795944,8.219643592834473,2.063932180404663
41339,0.4001103937625885,-0.2083381861448288,0.00289770751260221,8.814740180969238,0.530247151851654
41358,1.1000009775161743,-0.13310067355632782,0.0034751035273075104,10.049051284790039,0.6446245312690735
41360,0.49923714995384216,-0.08896695822477341,0.0028928720857948065,8.370317459106445,1.0222901105880737
41400,-1.4830809831619263,-0.12122859060764313,0.0019335144897922873,10.259442329406738,1.1905030012130737
41406,-1.1702549457550049,-0.2844400107860565,0.002525097457692027,14.799652099609375,-0.004891824908554554
41420,1.5271836519241333,0.3176496624946594,0.003277130890637636,6.036671161651611,3.87361216545105
41425,-1.5194634199142456,-0.22132857143878937,0.00207505258731544,12.45391845703125,2.7282660007476807
41442,-0.23214490711688995,-0.1016446128487587,0.0025477574672549963,9.174766540527344,0.47935667634010315
41501,-1.3584455251693726,-0.28059491515159607,0.0030305450782179832,20.7880802154541,0.0002499580441508442
41531,0.1147492453455925,0.04527132585644722,0.0026208392810076475,7.420650005340576,2.5966222286224365
41565,1.9955109357833862,-0.03892829641699791,0.0038777159061282873,9.084602355957031,0.3333222568035126
41587,1.032731533050537,0.3139116168022156,0.0031052830163389444,7.2950873374938965,3.3378779888153076
41638,0.5916823744773865,0.32485640048980713,0.0027999712619930506,6.62191104888916,5.040360927581787
41646,-1.3103822469711304,-0.27782270312309265,0.0024568357039242983,14.538660049438477,0.0047512054443359375
41687,-0.24709954857826233,-0.20609812438488007,0.0025179290678352118,8.971060752868652,1.4720677137374878
41697,0.7356993556022644,0.03397493436932564,0.0029740436002612114,7.15835428237915,4.079888820648193
41708,1.1354926824569702,-0.19721534848213196,0.0034696508664637804,9.93022632598877,0.4606002867221832
41720,-0.9206885695457458,-0.2805788218975067,0.0032259225845336914,20.227720260620117,0.0007022857898846269
41728,-1.4057598114013672,-0.2775860130786896,0.002701094141229987,17.704845428466797,0.010754394344985485
41743,-2.6139557361602783,-0.264349102973938,0.0022166382987052202,19.68372917175293,0.04468650743365288
41759,-1.2713655233383179,-0.1872563362121582,0.002929958049207926,18.867284774780273,0.18336792290210724
41793,1.8244507312774658,-0.2028549164533615,0.00360664539039135,7.301732540130615,0.40103021264076233
41875,0.8646071553230286,-0.16458280384540558,0.0031574394088238478,8.682779312133789,1.3692129850387573
41886,-1.7556736469268799,-0.27814221382141113,0.0022303590085357428,15.482566833496094,0.00849990826100111
41928,2.318701982498169,-0.08433973044157028,0.003608680097386241,4.758215427398682,9.841086387634277
42001,1.385184645652771,0.13057519495487213,0.00327916257083416,7.082744598388672,4.160038471221924
42005,-0.4413761794567108,-0.2416801005601883,0.0025634276680648327,10.281195640563965,0.2087860107421875
42016,4.002837657928467,3.1719448566436768,0.004544189665466547,3.8923394680023193,21.679929733276367
42033,0.6547464728355408,-0.07784987986087799,0.0027577884029597044,6.340657711029053,7.1045074462890625
42054,0.43938812613487244,0.15668508410453796,0.0026519543025642633,6.14398717880249,8.814013481140137
42064,-4.517403602600098,-0.2806616723537445,0.0019918251782655716,28.9809627532959,1.220703143189894e-05
42088,0.5316557288169861,-0.21072302758693695,0.003077208995819092,9.301294326782227,0.306854248046875
42089,1.077553153038025,-0.0542866475880146,0.003180167870596051,7.816717624664307,2.4608614444732666
42100,1.9273576736450195,0.4371516704559326,0.003504366846755147,5.6016387939453125,9.74121379852295
42111,2.8507094383239746,2.235031843185425,0.003914134111255407,4.015179634094238,17.47938346862793
42115,-0.6301340460777283,-0.28661975264549255,0.0027028671465814114,12.913055419921875,-0.017055252566933632
42170,-1.8463413715362549,-0.2804345488548279,0.0025793910026550293,18.807653427124023,0.0025178908836096525
42178,-0.3091406524181366,-0.16783727705478668,0.0025227193254977465,9.451644897460938,0.3887098431587219
42194,1.864512324333191,-0.3015156090259552,0.0038735722191631794,9.564640045166016,0.4186294674873352
42222,1.9026657342910767,0.1866839975118637,0.0034070208203047514,4.669848442077637,2.431262493133545
42242,0.313519686460495,-0.11270890384912491,0.0028433145489543676,8.794222831726074,0.4881887435913086
42256,1.4565234184265137,0.07958339154720306,0.003434862708672881,7.807110786437988,5.949110507965088
42273,2.1416258811950684,-0.11446093767881393,0.0039160908199846745,9.375473022460938,0.9526237845420837
42274,-0.31797295808792114,-0.27194151282310486,0.002884557703509927,12.805871963500977,0.08163147419691086
42286,1.6171534061431885,0.1631779819726944,0.003496601013466716,7.657765865325928,4.0312113761901855
42293,-0.6463825106620789,-0.2447328120470047,0.0026084266137331724,12.591891288757324,0.11386566609144211
42377,2.2531251907348633,-0.1065581664443016,0.004060068633407354,9.349529266357422,0.8669143915176392
42384,-0.126191183924675,-0.02440778724849224,0.0023485852871090174,6.4383225440979,1.244399070739746
42393,1.360449194908142,0.3266965448856354,0.0031801052391529083,6.244776248931885,8.697726249694824
42396,0.5368717908859253,0.1921580731868744,0.002634507603943348,5.6875834465026855,12.20683479309082
42397,-0.9799358248710632,-0.27983710169792175,0.0027642601635307074,15.77198314666748,0.006832003593444824
42405,-4.107572078704834,-0.2806668281555176,0.002540505025535822,31.979787826538086,9.15527380129788e-06
42451,1.5525726079940796,0.11247604340314865,0.0034335877280682325,7.022618293762207,6.923072814941406
42461,1.5572521686553955,-0.23956671357154846,0.003280355827882886,5.928086757659912,0.8561809659004211
42491,-0.0959707498550415,-0.0495167151093483,0.0022825163323432207,6.0567851066589355,0.5927383303642273
42503,-3.2931020259857178,-0.2806476056575775,0.002009195741266012,21.818498611450195,0.00014572143845725805
42505,1.293951392173767,1.8766263723373413,0.003114493563771248,5.303017616271973,22.358549118041992
42511,-0.38806235790252686,-0.11922295391559601,0.0022840641904622316,7.405582427978516,1.2176742553710938
42513,2.842236280441284,0.4212370812892914,0.004031358752399683,5.700416088104248,7.187689304351807
42518,0.39182475209236145,0.2532185912132263,0.0027563360054045916,7.264350414276123,3.7946197986602783
42524,-0.17094652354717255,-0.1843223124742508,0.0024691694416105747,8.617600440979004,1.0178457498550415
42537,0.2784494161605835,0.01610756851732731,0.0025491751730442047,6.572587490081787,2.6476049423217773
42538,-0.1381870061159134,-0.24289122223854065,0.002685006707906723,9.845616340637207,0.3334583342075348
42578,-0.9222840666770935,-0.27436375617980957,0.002512010047212243,12.734899520874023,0.03918970748782158
42582,-0.4688793122768402,-0.13617990911006927,0.002747031394392252,12.099186897277832,3.538583755493164
42623,-0.6145801544189453,-0.2364518940448761,0.002571114571765065,11.521968841552734,0.26195070147514343
42642,1.998687744140625,0.4109518229961395,0.003652500454336405,6.535435676574707,6.637218475341797
42686,-1.269679307937622,-0.2308432161808014,0.002228951547294855,12.376612663269043,0.3610397279262543
42698,-1.2043524980545044,0.28404730558395386,0.0019606968853622675,9.005036354064941,5.677539348602295
42731,0.06446950882673264,-0.13652731478214264,0.002768053440377116,9.716168403625488,1.2553898096084595
42745,0.9307236671447754,0.2001669853925705,0.002924941247329116,5.8827104568481445,6.045267581939697
42782,-1.3674719333648682,-0.23335519433021545,0.0021500959992408752,12.129822731018066,1.31036376953125
42813,-0.49596071243286133,-0.21844613552093506,0.003111323108896613,16.418142318725586,0.31558457016944885
42817,1.1956526041030884,0.09071283787488937,0.0032512389589101076,7.314599514007568,1.2463276386260986
42818,1.376361608505249,-0.28256434202194214,0.003550764871761203,9.200007438659668,0.6080812811851501
42862,-1.0371217727661133,-0.1268165111541748,0.0020133776124566793,8.463242530822754,0.4795997738838196
42866,-1.0740560293197632,-0.256743460893631,0.0024770682211965322,13.878618240356445,0.2455275058746338
42919,1.2524974346160889,1.5479568243026733,0.003093870123848319,5.654806613922119,16.967687606811523
42932,-0.3788725733757019,0.050126511603593826,0.0023831669241189957,8.608858108520508,3.124941110610962
42940,1.3238961696624756,-0.00033088898635469377,0.0031370248179882765,5.596705913543701,4.064892768859863
42943,1.6534470319747925,0.16055092215538025,0.003484518965706229,6.640174865722656,1.7520984411239624
42987,1.1812994480133057,0.9719430804252625,0.0031521215569227934,6.5533342361450195,11.032977104187012
42989,-1.6856176853179932,-0.27620092034339905,0.00249298638664186,17.445783615112305,0.035494234412908554
43038,0.1868479996919632,-0.18413273990154266,0.003231388283893466,13.008049011230469,0.434862345457077
43053,2.848507881164551,0.023810308426618576,0.004092358518391848,5.836279392242432,1.3606486320495605
43056,1.885374903678894,-0.227645143866539,0.0036952353548258543,7.509366512298584,0.6699088215827942
43058,-0.3112744987010956,-0.18100129067897797,0.0024810892064124346,8.819896697998047,2.323467969894409
43071,2.5195207595825195,1.6396522521972656,0.003619084833189845,3.5082058906555176,23.639638900756836
43075,-0.5622676014900208,0.013064265251159668,0.0023958757519721985,9.643524169921875,1.01165771484375
43088,-1.0006235837936401,-0.16867272555828094,0.0022993895690888166,10.365076065063477,0.20721855759620667
43093,2.0722274780273438,0.047155335545539856,0.00398695282638073,9.498652458190918,1.5558990240097046
43103,-1.0941566228866577,-0.224622443318367,0.002514200983569026,13.649016380310059,2.7235162258148193
43140,-0.49521327018737793,-0.13225381076335907,0.002343887696042657,8.599526405334473,0.8092495203018188
43142,1.1709777116775513,0.12213120609521866,0.003162224544212222,6.965724945068359,1.8414745330810547
43153,-1.0928624868392944,-0.27007538080215454,0.0024670143611729145,12.868990898132324,0.05950775370001793
43181,0.3207203447818756,-0.20660129189491272,0.0028090602718293667,8.100421905517578,0.8514000177383423
43189,-4.641122341156006,-0.2806513011455536,0.0014868605649098754,24.54334259033203,9.5367431640625e-05
43209,1.000459909439087,1.1309527158737183,0.0029741188045591116,5.7611541748046875,20.888267517089844
43213,-1.149155855178833,-0.28004366159439087,0.0026540362741798162,15.620013236999512,0.0021589279640465975
43221,1.5333313941955566,0.6319143176078796,0.0032526457216590643,5.513185977935791,3.3382554054260254
43248,0.21422982215881348,-0.18412266671657562,0.0030297457706183195,11.383951187133789,0.6667618155479431
43259,-0.36330923438072205,-0.19154980778694153,0.002448122249916196,9.094817161560059,0.7752929925918579
43275,1.4293248653411865,-0.009882254526019096,0.0034464874770492315,8.203468322753906,3.526721954345703
43307,0.9459357261657715,-0.2576569616794586,0.002963583916425705,6.313878536224365,1.541274905204773
43315,0.09636653959751129,-0.055933889001607895,0.0025768016930669546,7.678138256072998,3.9185776710510254
43321,-2.3453195095062256,-0.27973973751068115,0.0022343883756548166,18.431610107421875,0.007939529605209827
43340,0.21459007263183594,-0.3479810655117035,0.0029501733370125294,10.461637496948242,-0.22822915017604828
43345,0.8735212683677673,0.16877196729183197,0.0031034457497298717,7.684443950653076,4.57941198348999
43387,-1.2996385097503662,-0.26373910903930664,0.0022347753401845694,12.458765983581543,0.31709596514701843
43395,0.36818215250968933,0.403268963098526,0.0026259005535393953,6.358832359313965,2.9677960872650146
43397,0.4083804190158844,0.8529203534126282,0.0026627746410667896,6.380893230438232,3.8821163177490234
43399,0.3420313000679016,-0.2617659568786621,0.0030746080446988344,10.664673805236816,0.7085815072059631
43404,1.402565360069275,-0.17463062703609467,0.0033478382974863052,7.2293548583984375,0.4819065034389496
43425,0.7113887667655945,-0.24968424439430237,0.003391220001503825,12.235319137573242,0.18873290717601776
43433,-1.0438685417175293,-0.2791782319545746,0.0026195356622338295,14.764691352844238,0.0067424774169921875
43535,-0.4090784192085266,0.045109111815690994,0.0024015570525079966,8.850028038024902,1.6766363382339478
43543,1.0587695837020874,-0.2180946320295334,0.0034537699539214373,10.218284606933594,0.28986358642578125
43599,-0.763504147529602,-0.22380860149860382,0.00269949808716774,14.045477867126465,0.2538639008998871
43613,0.967535138130188,-0.18604156374931335,0.0031779923010617495,7.939218044281006,0.5227489471435547
43651,1.678492546081543,-0.13031740486621857,0.003736266167834401,9.066940307617188,0.9676597714424133
43653,-0.29471448063850403,-0.25929611921310425,0.0028696777299046516,12.537534713745117,0.29803466796875
43654,0.9140222668647766,-0.19391465187072754,0.0030991635285317898,7.991058349609375,0.8706903457641602
43686,2.9795706272125244,-0.07118251919746399,0.004467315506190062,8.956515312194824,3.1026644706726074
43693,0.054944880306720734,0.11929965019226074,0.0028233369812369347,10.128275871276855,1.0810394287109375
43703,-2.5086021423339844,-0.28021007776260376,0.002422083867713809,21.3947696685791,0.0014968871837481856
43753,-0.24463795125484467,-0.28045445680618286,0.0032906834967434406,16.661619186401367,0.000503158604260534
43759,0.3171544671058655,-0.1873851865530014,0.0027865010779350996,7.804229259490967,1.4371675252914429
43796,-0.1821407824754715,-0.23714350163936615,0.002647663466632366,9.62259292602539,0.0065069557167589664
43798,-0.025638967752456665,-0.254862904548645,0.0028746153693646193,10.833227157592773,1.2909189462661743
43809,-0.35570430755615234,-0.24482153356075287,0.002491746796295047,9.354681015014648,0.2062664031982422
43819,1.4938067197799683,-0.18785110116004944,0.003340051742270589,6.501532077789307,0.7423202395439148
43840,-1.011345386505127,-0.27278146147727966,0.0023749754764139652,11.919672966003418,0.032987214624881744
43851,-0.8162122964859009,-0.22479164600372314,0.0025045322254300117,12.06769847869873,0.33931875228881836
43868,-1.532617449760437,-0.2712828814983368,0.002514975843951106,16.377897262573242,0.06916695088148117
43878,-0.11435066908597946,-0.2509062588214874,0.0030642335768789053,13.57736873626709,0.10611877590417862
43920,0.21575160324573517,-0.08862650394439697,0.002666679909452796,7.841656684875488,3.3357512950897217
43979,0.4348903298377991,0.03890499845147133,0.0027769021689891815,7.733462810516357,3.3586349487304688
43991,3.1842727661132812,2.854463577270508,0.004037915728986263,3.313391923904419,28.42641258239746
43994,0.6180509328842163,-0.1817777007818222,0.002989462111145258,8.575900077819824,1.8203601837158203
43999,0.8945257067680359,0.7743839621543884,0.0029956756625324488,6.608432769775391,3.8116493225097656
44033,1.614619493484497,-0.1772550791501999,0.0036682847421616316,9.31884479522705,1.8294181823730469
44046,-0.09861074388027191,-0.13852596282958984,0.002671037334948778,9.6610746383667,0.7721419334411621
44089,-0.45733189582824707,-0.20079663395881653,0.0023738297168165445,8.54089069366455,0.6387352347373962
44106,-0.34630951285362244,-0.20308271050453186,0.003163058077916503,15.789093017578125,1.892390489578247
44119,0.5356637239456177,0.24331378936767578,0.002877847757190466,7.551548957824707,6.266547679901123
44150,0.20986786484718323,-0.2695578634738922,0.002966427942737937,10.5875883102417,-0.03905134275555611
44160,-1.1139932870864868,-0.28017643094062805,0.003053433960303664,19.298818588256836,0.0029209137428551912
44179,1.212092638015747,-0.06829514354467392,0.0031957600731402636,7.051987648010254,3.275674819946289
44196,-1.8383969068527222,-0.2806645333766937,0.0028555504977703094,21.713394165039062,8.296966552734375e-05
44211,0.754708468914032,0.019987717270851135,0.00333486869931221,10.693107604980469,2.3879411220550537
44214,-0.1101539134979248,-0.1650598794221878,0.0026825859677046537,9.647299766540527,0.5174838900566101
44227,-0.08625820279121399,-0.14036241173744202,0.002583904191851616,8.28454875946045,1.452693223953247
44237,0.27078530192375183,-0.21620436012744904,0.0028738088440150023,9.1324462890625,0.1881197988986969
44260,1.4767917394638062,0.5803665518760681,0.003286536782979965,6.531872749328613,8.340333938598633
44284,-1.96358323097229,-0.27558237314224243,0.002148750703781843,15.341079711914062,0.00888824462890625
44290,0.8258737921714783,-0.2716676890850067,0.0033961643930524588,10.792323112487793,0.05346660688519478
44293,-0.8873798251152039,-0.2805779278278351,0.003004875499755144,17.731645584106445,0.0006776810041628778
44306,0.35464993119239807,-0.22447018325328827,0.003037437330931425,9.885601043701172,2.296783924102783
44325,3.0989954471588135,0.8540289998054504,0.004313284065574408,6.233409404754639,5.004329204559326
44330,2.0342979431152344,0.38156113028526306,0.0035898832138627768,6.055128574371338,2.442162275314331
44345,-1.7778090238571167,-0.2779812812805176,0.002498688641935587,17.275623321533203,0.01921539381146431
44349,0.39959391951560974,-0.2323283702135086,0.0029316984582692385,9.152743339538574,0.8326148986816406
44361,0.7769408822059631,-0.05705421790480614,0.0029366796370595694,6.546639442443848,1.6058940887451172
44371,2.8800816535949707,-0.05713818222284317,0.004134704824537039,6.568542003631592,3.591747999191284
44407,-0.4426288604736328,-0.270913690328598,0.0028419396840035915,13.047677993774414,0.033362578600645065
44421,-1.0306482315063477,-0.27566614747047424,0.002467655809596181,12.936363220214844,0.029379844665527344
44434,2.2995707988739014,-0.07884251326322556,0.003889412386342883,7.350488185882568,4.146146774291992
44437,0.4155139625072479,-0.13150833547115326,0.002902351086959243,8.91289234161377,0.5801726579666138
44439,-0.022688420489430428,-0.2313995659351349,0.0026351837441325188,8.922221183776855,0.4723336696624756
44445,-1.4437960386276245,-0.25980862975120544,0.0022621469106525183,13.680018424987793,0.08258264511823654
44459,-2.427493095397949,-0.2806161344051361,0.0026860712096095085,23.809839248657227,0.00012321471876930445
44485,-0.07381005585193634,-0.21444402635097504,0.0026708596851676702,9.265809059143066,0.23535886406898499
44497,-0.3511562943458557,-0.2659047544002533,0.002593382727354765,10.443306922912598,0.08484109491109848
44551,-1.1319959163665771,-0.20942063629627228,0.0022998349741101265,12.191161155700684,0.763275146484375
44583,0.37330228090286255,-0.16827242076396942,0.002841238398104906,8.475099563598633,0.5470911264419556
44665,1.1573560237884521,0.2882463037967682,0.0031712655909359455,6.65737771987915,13.100764274597168
44687,-3.707441806793213,-0.28066715598106384,0.0021919235587120056,26.226530075073242,2.28881845032447e-06
44734,-0.8242608904838562,-0.24594441056251526,0.002683991566300392,13.41484260559082,1.4357661008834839
44738,-1.4108275175094604,-0.1984240561723709,0.0019338339334353805,10.057974815368652,0.2594086825847626
44740,-0.4342275559902191,-0.2214714139699936,0.0028522552456706762,13.553873062133789,0.31630268692970276
44748,0.3254918158054352,0.3396774232387543,0.002718323143199086,7.462162971496582,6.4176926612854
44788,0.9890865683555603,0.6195958256721497,0.0029363345820456743,5.462674617767334,5.179985046386719
44791,0.9480507969856262,0.061877526342868805,0.0030029420740902424,6.4254326820373535,1.4240169525146484
44792,2.245542287826538,0.9820896983146667,0.003683059010654688,5.188540935516357,13.277735710144043
44813,-0.6979041695594788,-0.08599068969488144,0.0024497401900589466,10.904572486877441,0.9826286435127258
44821,-0.07684434950351715,-0.16731339693069458,0.002368272515013814,6.394282817840576,0.47459450364112854
44823,0.9302389025688171,-0.003337195608764887,0.003226867411285639,8.746164321899414,0.8502529263496399
44832,2.2558789253234863,1.0181480646133423,0.003779992461204529,6.510854244232178,4.271587371826172
44838,1.6209982633590698,0.012370539829134941,0.003534527262672782,7.572801113128662,3.564150333404541
44853,-4.596205711364746,-0.2806641757488251,0.001960478024557233,29.4130802154541,0.000164031982421875
44903,1.7920194864273071,0.03360111266374588,0.003723056288436055,8.513808250427246,1.5902782678604126
44904,0.5680281519889832,-0.15523384511470795,0.0029541021212935448,8.172873497009277,0.4168106019496918
44929,0.6930162906646729,-0.1421717256307602,0.0029949562158435583,7.912129878997803,2.550374746322632
44955,1.8028782606124878,-0.10052382946014404,0.0037555103190243244,9.127635955810547,1.005316138267517
44988,-0.8125686049461365,-0.22433578968048096,0.0026657916605472565,13.125964164733887,1.6417906284332275
45125,-1.834617257118225,-0.28019067645072937,0.0026227477937936783,19.167390823364258,0.001220703125
45129,0.4968898296356201,-0.27892735600471497,0.003537804586812854,14.848846435546875,0.011109924875199795
45134,-2.181755542755127,-0.24927125871181488,0.0020351822022348642,15.510424613952637,0.04333343729376793
45142,0.14673395454883575,-0.20033016800880432,0.002795988693833351,9.706823348999023,0.650866687297821
45153,1.206937551498413,-0.23664581775665283,0.003406297881156206,9.183717727661133,0.3446371257305145
45179,-0.13607586920261383,-0.18426428735256195,0.002649305621162057,9.671244621276855,0.575274646282196
45206,2.1752865314483643,1.268893837928772,0.0037223384715616703,6.160762310028076,13.23520565032959
45219,-3.432077407836914,-0.2806222140789032,0.002377123571932316,26.203933715820312,0.0024368285667151213
45257,-0.6815571784973145,-0.2806600034236908,0.0028396816924214363,14.571800231933594,0.002079010009765625
45269,0.5229156613349915,-0.15569783747196198,0.0029434727039188147,8.201412200927734,0.8196197748184204
45271,-2.9651505947113037,-0.2806602418422699,0.0019015315920114517,19.221630096435547,0.0010955811012536287
45273,-0.269356906414032,-0.2766958475112915,0.0026724026538431644,9.865019798278809,0.049111511558294296
45421,-1.6357837915420532,-0.27598488330841064,0.002827472984790802,20.425861358642578,0.11774139851331711
45422,1.1612803936004639,0.05949605628848076,0.0031268876045942307,6.424386501312256,7.201685428619385
45436,-1.5256962776184082,-0.2796081602573395,0.0027148080989718437,18.266698837280273,0.00301704416051507
45469,0.2682628631591797,-0.029959721490740776,0.002757300389930606,7.6659674644470215,1.332241415977478
45501,-3.160616159439087,-0.28051990270614624,0.002500148257240653,26.13997459411621,0.0036895752418786287
45519,1.3874529600143433,0.39252376556396484,0.003236203221604228,5.411348819732666,2.0563418865203857
45531,-0.22043929994106293,-0.21281154453754425,0.003054103348404169,14.449149131774902,0.1798786222934723
45554,0.2995411455631256,-0.0944715142250061,0.0025668248999863863,6.15301513671875,5.936872959136963
45557,1.1144746541976929,0.050179582089185715,0.0032520999666303396,8.010485649108887,1.7055931091308594
45587,0.5024877786636353,0.003412515390664339,0.00285078096203506,7.9224534034729,4.2205963134765625
45664,0.6937009692192078,0.4448328912258148,0.002933653537184,6.957444190979004,6.0236496925354
45678,-0.7911376357078552,-0.2702654004096985,0.0026316712610423565,13.3817777633667,0.03438873216509819
45742,0.0910293459892273,-0.09675268828868866,0.002806703792884946,9.667425155639648,4.71969747543335
45746,-1.165069580078125,-0.20749631524085999,0.0020690723322331905,9.867400169372559,1.4519299268722534
45772,-0.9984229207038879,-0.2698543667793274,0.0023836106993258,12.073701858520508,0.06606674194335938
45819,-0.017816632986068726,0.390256404876709,0.00246208137832582,7.19040060043335,10.274133682250977
45831,-2.684518575668335,-0.2803380489349365,0.002210464561358094,19.775800704956055,0.0009360790136270225
45884,0.1758623570203781,-0.06349152326583862,0.0026485444977879524,7.911721229553223,5.3360114097595215
45887,-1.1550885438919067,-0.1966785043478012,0.002342212712392211,12.751073837280273,0.9178253412246704
45903,-1.6468620300292969,-0.27455073595046997,0.0022359720896929502,14.41019344329834,0.08087120205163956
45915,-0.45086365938186646,-0.2569461464881897,0.002242011483758688,7.678732395172119,1.0971218347549438
45952,1.5306614637374878,-0.1307351291179657,0.0032943792175501585,5.9177656173706055,1.7308021783828735
45973,1.6631507873535156,0.13730105757713318,0.0034134190063923597,6.42212438583374,4.654077053070068
45983,-0.8257638812065125,-0.2654059827327728,0.00261880736798048,13.3772554397583,0.04167671129107475
45986,-1.6132620573043823,-0.27346479892730713,0.0024450167547911406,16.400646209716797,0.1183314323425293
45991,0.2859208881855011,-0.04582202434539795,0.0027071305084973574,7.255610942840576,1.2331554889678955
46006,-1.1833003759384155,-0.2667109966278076,0.0022642367985099554,11.964577674865723,0.05033149942755699
46010,1.0886471271514893,-0.24437586963176727,0.0034335756208747625,9.5000638961792,0.20975685119628906
46035,3.4145123958587646,1.992763876914978,0.004236829932779074,4.102782249450684,15.357182502746582
46063,2.994201898574829,0.8955815434455872,0.004121905658394098,4.843543529510498,13.073508262634277
46065,2.1211726665496826,0.24397186934947968,0.0037720378022640944,7.164236545562744,2.982773542404175
46071,-0.9663034677505493,-0.2735259532928467,0.002740240655839443,15.595250129699707,0.3386175334453583
46095,0.30658823251724243,-0.2553362250328064,0.0032877617049962282,12.781185150146484,0.07503719627857208
46096,-0.7388765215873718,-0.23501716554164886,0.002624905901029706,12.733885765075684,0.36548539996147156
46143,-1.229432225227356,-0.2713617980480194,0.002766793593764305,17.052888870239258,0.022841453552246094
46146,1.585126280784607,0.6151060461997986,0.003374819178134203,5.927816867828369,4.466090679168701
46169,0.032426368445158005,0.052741266787052155,0.002589161740615964,7.885969638824463,2.1518077850341797
46201,-3.449244260787964,-0.28065815567970276,0.0020459245424717665,23.194429397583008,5.798339770990424e-05
46239,-2.0238890647888184,-0.27933087944984436,0.002497525652870536,19.429000854492188,0.06637649983167648
46247,1.0355967283248901,-0.09291193634271622,0.00307514239102602,6.561830043792725,5.435185432434082
46264,1.2039483785629272,-0.13140183687210083,0.0031048927921801805,6.301621437072754,0.7703148126602173
46267,-0.6020990014076233,-0.24063675105571747,0.002481004223227501,10.29427719116211,0.39548760652542114
46275,-3.1025466918945312,-0.28066718578338623,0.0026692042592912912,27.108570098876953,3.814697322468419e-07
46288,-0.8348075747489929,-0.24501605331897736,0.0023213785607367754,10.105584144592285,0.3047676086425781
46310,-1.1397433280944824,-0.2738369405269623,0.0023553865030407906,12.580802917480469,-0.01521224994212389
46316,0.6596262454986572,-0.16842085123062134,0.0028004285413771868,6.510711669921875,0.14471903443336487
46318,0.17396540939807892,0.05298345908522606,0.0026574742514640093,7.460235118865967,4.00991678237915
46329,0.655665934085846,-0.19830963015556335,0.0030411395709961653,8.288226127624512,1.7267801761627197
46350,1.283190369606018,-0.009601692669093609,0.003349205246195197,7.91616153717041,1.570556640625
46360,1.0049570798873901,0.012001392431557178,0.003034060588106513,6.706573009490967,7.6407623291015625
46361,-2.3370659351348877,-0.2806435525417328,0.0025314893573522568,21.603694915771484,0.00011329651169944555
46381,-1.1573474407196045,-0.2787891626358032,0.002709595952183008,16.327251434326172,0.09079170227050781
46393,-2.3062660694122314,-0.2804856300354004,0.002638004021719098,22.372665405273438,0.00021972657123114914
46471,1.4772928953170776,-0.03412216156721115,0.0034613360185176134,7.366898536682129,1.578670620918274
46482,1.168576955795288,-0.08598162978887558,0.0033421737607568502,8.665931701660156,0.5616787075996399
46483,-0.4708772301673889,-0.18628408014774323,0.002654325682669878,11.340353965759277,0.4196312129497528
46487,-0.4483344256877899,0.241986945271492,0.002297268947586417,7.985160827636719,1.5964109897613525
46489,1.586980938911438,-0.11207365989685059,0.0035395787563174963,7.876621246337891,0.7533554434776306
46532,-1.2842952013015747,-0.24780280888080597,0.002337273908779025,13.422159194946289,0.6004570126533508
46546,0.15108168125152588,-0.22177575528621674,0.0027752674650400877,9.483185768127441,0.6409420371055603
46597,1.7417501211166382,2.3205792903900146,0.0034339812118560076,6.075236797332764,24.982999801635742
46628,1.3730381727218628,0.4728568196296692,0.0032369482796639204,6.353797435760498,3.555067539215088
46669,-0.8640343546867371,-0.2362246811389923,0.002458208240568638,11.850314140319824,0.13324947655200958
46684,-0.5976821780204773,-0.2640560567378998,0.0026380789931863546,11.991423606872559,0.09038877487182617
46700,-0.6515285968780518,-0.17651711404323578,0.0025263328570872545,11.584317207336426,0.8617386221885681
46708,0.817476749420166,0.1706622689962387,0.003021976910531521,7.252536773681641,6.202511310577393
46715,0.17846621572971344,-0.01295916736125946,0.002616509096696973,6.982875823974609,9.794047355651855
46762,0.3227759897708893,-0.20297065377235413,0.0029075199272483587,9.492024421691895,0.38260385394096375
46767,-0.38953861594200134,-0.27453017234802246,0.00284180766902864,12.88713550567627,0.023970795795321465
46793,0.8736802339553833,0.3859676420688629,0.0030316521879285574,7.608088970184326,1.9615592956542969
46809,0.3910965025424957,0.08348237723112106,0.002830283483490348,7.752706050872803,2.0755889415740967
46811,1.0456359386444092,0.015345892868936062,0.0031750325579196215,7.268789768218994,1.543322205543518
46820,1.4553195238113403,0.09934712946414948,0.0034891951363533735,8.579081535339355,0.8261297345161438
46842,0.7088763117790222,-0.26052871346473694,0.0031628888100385666,10.025415420532227,0.07183456420898438
46853,-0.23066358268260956,-0.49361124634742737,0.0023830838035792112,7.408532619476318,-1.0844634771347046
46867,1.009968638420105,0.1824873834848404,0.003082159673795104,6.890321254730225,2.498936414718628
46890,0.2592400908470154,-0.2134667932987213,0.002787424484267831,8.383315086364746,0.2563766539096832
46899,-0.6038119196891785,0.03274267166852951,0.0023320221807807684,8.85254955291748,1.7516037225723267
46903,-0.9091281890869141,-0.2670801281929016,0.002583899302408099,13.19153118133545,0.2766750454902649
46911,-1.2344739437103271,-0.27978357672691345,0.002796211978420615,17.2054443359375,0.00957489013671875
46918,-0.45386162400245667,-0.446798712015152,0.002474765060469508,9.366604804992676,0.09090433269739151
46924,0.1348816156387329,-0.1347569078207016,0.0027233955916017294,8.70734691619873,2.6350884437561035
46925,0.7517488598823547,0.8177725672721863,0.0028454402927309275,6.3616132736206055,3.624957323074341
46929,0.9314275979995728,0.7092972993850708,0.0030053311493247747,6.392554759979248,10.23869800567627
46980,0.805402934551239,-0.1713530272245407,0.002984097460284829,7.1985087394714355,0.5380512475967407
46984,1.4690417051315308,-0.2719753682613373,0.003540121717378497,8.741992950439453,0.020599383860826492
46997,0.7833903431892395,-0.2231304943561554,0.0032612245995551348,9.972896575927734,0.6660431027412415
47011,0.6672598123550415,0.4012100398540497,0.002832591300830245,6.683777809143066,2.7935214042663574
47024,1.1759884357452393,-0.20939265191555023,0.0037449137307703495,12.368965148925781,2.8757102489471436
47037,-0.7592013478279114,-0.2694019377231598,0.0024997133295983076,12.007286071777344,0.05108604580163956
47038,0.7560605406761169,1.411615014076233,0.0027165075298398733,4.925626277923584,16.249406814575195
47043,-0.6019381284713745,-0.13424062728881836,0.002322954824194312,8.842716217041016,0.37248191237449646
47057,1.9204199314117432,-0.08424346148967743,0.003598129842430353,6.5231499671936035,3.3016858100891113
47080,0.8099554181098938,0.9137404561042786,0.003384208772331476,11.383454322814941,5.494686126708984
47090,0.9848804473876953,-0.03532258793711662,0.0029491963796317577,5.767024517059326,2.465578556060791
47095,-2.539645195007324,-0.28059831261634827,0.0019504389492794871,16.850210189819336,0.0017961025005206466
47111,0.9759978652000427,-0.08696203678846359,0.0030205685179680586,6.008893966674805,2.0078718662261963
47160,2.578519821166992,0.5039142966270447,0.003977230284363031,6.29581880569458,5.31233549118042
47192,0.7622867822647095,0.09830091148614883,0.0031760886777192354,9.500005722045898,1.3342777490615845
47203,-0.07414387911558151,0.2245831936597824,0.002520557027310133,7.535462856292725,4.76638126373291
47218,1.2992008924484253,0.008831034414470196,0.0032971135806292295,7.3992919921875,2.19979190826416
47223,0.7096246480941772,0.03745157644152641,0.003236287971958518,10.879883766174316,1.9571453332901
47258,0.03704984113574028,0.10707409679889679,0.002526434836909175,7.3639349937438965,5.850501537322998
47268,1.8496330976486206,0.0883624479174614,0.0035965689457952976,7.224874973297119,2.4233977794647217
47333,1.6222513914108276,0.1375563144683838,0.003385811345651746,6.65730619430542,1.681068778038025
47351,-0.4051179885864258,-0.27512285113334656,0.0024183345958590508,8.636019706726074,0.15964965522289276
47357,-1.5227960348129272,-0.28060075640678406,0.0027086061891168356,18.332578659057617,0.00014762878709007055
47386,0.4910915791988373,-0.2074565440416336,0.0029908844735473394,9.160079002380371,0.2656707763671875
47416,0.49748021364212036,-0.2942722737789154,0.0030347963329404593,9.112494468688965,-0.0008109092595987022
47424,-1.5056625604629517,-0.2704872786998749,0.0022827647626399994,13.897147178649902,0.02184389904141426
47463,0.16301949322223663,-0.2440323680639267,0.002758284332230687,9.048657417297363,0.5377222299575806
47477,1.8213995695114136,0.05111752077937126,0.003621902782469988,8.003233909606934,2.515079975128174
47480,-0.02802879922091961,-0.26412656903266907,0.0034282077103853226,16.6934871673584,0.12640228867530823
47485,0.10082311928272247,-0.20069657266139984,0.0028598238714039326,9.828729629516602,0.29066774249076843
47489,-0.04966718703508377,-0.2525552213191986,0.002707092557102442,9.80559253692627,0.25195276737213135
47493,-0.2078312486410141,-0.034378182142972946,0.0025448768865317106,8.891353607177734,1.2819263935089111
47496,2.5793473720550537,3.552385091781616,0.003767523216083646,4.900613307952881,17.630779266357422
47505,1.0457643270492554,-0.2257898896932602,0.003348043654114008,9.111465454101562,0.23316390812397003
47509,2.4253342151641846,2.225550413131714,0.003709927899762988,4.1756272315979,28.983747482299805
47524,-1.4308747053146362,-0.28047633171081543,0.0027503015007823706,18.532506942749023,0.001540374825708568
47528,-1.1593825817108154,-0.16909515857696533,0.0021685510873794556,11.00831127166748,0.4086402952671051
47620,-1.4197266101837158,-0.27953827381134033,0.002663475228473544,17.075359344482422,0.050280001014471054
47621,-1.840984582901001,-0.2805701196193695,0.002278379164636135,16.225208282470703,0.001968860626220703
47647,0.04505572095513344,-0.27528759837150574,0.0033367350697517395,15.014511108398438,0.014088058844208717
47659,0.4307560920715332,1.4283745288848877,0.002697431482374668,6.572218418121338,21.856464385986328
47662,0.8277265429496765,-0.2358313649892807,0.003458874998614192,11.024104118347168,0.29453253746032715
47688,-0.7885496616363525,-0.22740037739276886,0.0023719919845461845,10.64087963104248,0.1957857608795166
47732,0.4091399610042572,-0.20185254514217377,0.002866236260160804,8.377493858337402,0.464181512594223
47739,-2.012725591659546,-0.28019100427627563,0.0025202862452715635,19.43207550048828,0.022884750738739967
47757,0.21060144901275635,-0.2164372056722641,0.003189774928614497,13.344271659851074,0.2614475190639496
47768,-1.6425701379776,-0.35569897294044495,0.0018441092688590288,10.559660911560059,-0.1523217260837555
47773,-2.554489850997925,-0.28430792689323425,0.0020979924593120813,18.56374168395996,-0.0031448365189135075
47781,0.8336784243583679,-0.2780683636665344,0.003149731084704399,8.360588073730469,-0.1363021433353424
47810,-0.8464058041572571,-0.26349905133247375,0.0023312040138989687,10.655223846435547,0.3105541169643402
47815,0.49823465943336487,-0.27821823954582214,0.003410099074244499,13.609478950500488,0.009883880615234375
47847,-0.06168544292449951,-0.2440851926803589,0.00265572895295918,8.627467155456543,0.13885214924812317
47899,-1.8647161722183228,-0.2542659640312195,0.0019695127848535776,12.7676420211792,0.12235794216394424
47919,-0.8935419321060181,-0.2805553674697876,0.0029419853817671537,17.123640060424805,0.0013085365062579513
47920,-1.0329904556274414,-0.2803184986114502,0.0026795982848852873,15.007781028747559,0.0014604538446292281
47949,-0.962802529335022,-0.2665877640247345,0.0026096950750797987,13.993542671203613,0.08798294514417648
47952,-1.9964971542358398,-0.2742839455604553,0.002173354849219322,15.941723823547363,0.014106369577348232
47954,-1.0596250295639038,-0.3099408447742462,0.002115243813022971,9.751686096191406,0.11135178059339523
47964,-0.4166547358036041,-0.26663801074028015,0.0027934552635997534,12.910367012023926,0.028482723981142044
47988,-0.42214709520339966,-0.17259375751018524,0.002517038956284523,9.919426918029785,0.623373806476593
48004,-1.7145280838012695,-0.2548080384731293,0.00216576992534101,14.373793601989746,0.41424283385276794
48006,-0.28539687395095825,-0.10093704611063004,0.0025310188066214323,9.148092269897461,2.160881280899048
48011,-2.5914978981018066,-0.28063932061195374,0.002679616678506136,24.571836471557617,0.0002662658807821572
48056,-0.7919822335243225,-0.26106807589530945,0.002599922241643071,12.786008834838867,0.13388405740261078
48110,-1.4837331771850586,-0.15329065918922424,0.0018967358628287911,10.022275924682617,2.8384788036346436
48139,0.03322847560048103,0.10816537588834763,0.0023829161655157804,5.928837776184082,3.690664052963257
48181,0.0023613483645021915,-0.27310070395469666,0.0032458938658237457,14.546875,0.2122264951467514
48189,-1.1269701719284058,-0.2712385356426239,0.002429936546832323,13.678459167480469,0.07966690510511398
48199,1.2920690774917603,-0.251508891582489,0.0035573362838476896,10.32724666595459,0.0706813856959343
48208,0.2716198265552521,-0.24079199135303497,0.003018926829099655,10.71512222290039,0.8172241449356079
48240,1.3845206499099731,-0.09364403039216995,0.003366730874404311,7.6446051597595215,0.7112442255020142
48302,2.482637405395508,0.2755485773086548,0.003865472273901105,5.8634934425354,6.294097900390625
48303,-0.33325180411338806,-0.20560136437416077,0.0025300616398453712,9.595911026000977,0.6367382407188416
48328,0.8830016255378723,0.051759134978055954,0.0029283983167260885,6.235759735107422,1.4957069158554077
48356,1.282591700553894,-0.06690239161252975,0.003364159259945154,8.272064208984375,1.6265296936035156
48381,1.3201930522918701,-0.1454966962337494,0.0034972429275512695,8.601678848266602,0.4489692747592926
48383,-0.7584649324417114,-0.25953760743141174,0.0026110983453691006,13.005537986755371,0.060187529772520065
48395,-1.182568907737732,-0.27086499333381653,0.0023831052239984274,12.938455581665039,0.03198294714093208
48398,-3.8612008094787598,-0.2806476056575775,0.0019590517040342093,25.369359970092773,0.0009719848749227822
48403,0.10406848043203354,-0.04747210443019867,0.0027286901604384184,8.707890510559082,1.1315574645996094
48411,2.813585042953491,3.1800432205200195,0.0038957842625677586,3.913424253463745,24.711179733276367
48418,-0.8142078518867493,-0.27569159865379333,0.002814606996253133,15.246376037597656,0.054584503173828125
48454,-0.20450149476528168,-0.227524995803833,0.002864931942895055,12.54171371459961,0.6539627313613892
48474,-0.5559319853782654,-0.25429555773735046,0.002477819100022316,10.418879508972168,0.0769779235124588
48477,0.8132316470146179,-0.2646983861923218,0.0031271607149392366,8.880520820617676,0.0473199263215065
48510,-1.010848045349121,-0.28052669763565063,0.0031392425298690796,19.80244255065918,0.007576370146125555
48535,-0.3555760085582733,-0.17582331597805023,0.0025217325892299414,9.41734504699707,0.34662649035453796
48555,0.1974366158246994,-0.17109501361846924,0.002921144478023052,9.913104057312012,0.31826019287109375
48566,-0.7168866991996765,-0.27680668234825134,0.0028427415527403355,14.745132446289062,0.011866546235978603
48571,0.9594360589981079,-0.17591342329978943,0.0031243215780705214,7.595912456512451,0.555698573589325
48573,0.08278027921915054,-0.24841423332691193,0.002560222055763006,6.900538921356201,0.7317911982536316
48624,-1.0084686279296875,-0.23741267621517181,0.0023398585617542267,11.681856155395508,0.894765317440033
48630,-0.18771791458129883,-0.2065805196762085,0.0024607812520116568,8.070831298828125,0.44463053345680237
48660,-1.7012776136398315,-0.2715514898300171,0.0022956677712500095,15.630142211914062,0.025305939838290215
48666,-1.4995731115341187,-0.27712464332580566,0.0022374570835381746,13.35576057434082,0.010164499282836914
48673,0.011379457078874111,-0.12398763000965118,0.0026109765749424696,8.36461067199707,3.858602523803711
48693,0.8687095642089844,0.5868808627128601,0.003050778992474079,7.591441631317139,15.651934623718262
48701,2.5486927032470703,0.6247869729995728,0.0038436956238001585,5.226720333099365,5.813678741455078
48708,-0.03828180953860283,-0.08218654245138168,0.0026066701393574476,8.364933967590332,1.9476858377456665
48715,-1.169840693473816,-0.24750982224941254,0.0023161261342465878,11.93117904663086,0.299063116312027
48724,1.6987298727035522,-0.2397770881652832,0.0037666212301701307,10.448222160339355,0.16394367814064026
48775,-0.40812239050865173,-0.28281721472740173,0.002752679632976651,12.18265438079834,-0.09552812576293945
48797,0.44523197412490845,0.03941595181822777,0.002760594477877021,7.089336395263672,4.620532512664795
48817,0.4494422972202301,0.14210006594657898,0.0027499624993652105,7.11043119430542,4.331480503082275
48832,-2.513328790664673,-0.2805733382701874,0.0021708053536713123,18.851259231567383,0.0010738372802734375
48843,0.6649854779243469,-0.2056208699941635,0.0029630803037434816,8.153230667114258,0.5266289114952087
48900,1.925989031791687,-0.2553654909133911,0.004042035434395075,10.579587936401367,0.09356193989515305
48910,-0.9411706924438477,-0.21763324737548828,0.0023450793232768774,11.036601066589355,0.7374140024185181
48935,-1.0836533308029175,-0.2624478042125702,0.0026196406688541174,14.797221183776855,0.1373443603515625
48967,0.011695722118020058,0.05743137747049332,0.0025550115387886763,7.453017711639404,4.556007385253906
48991,0.08909854292869568,0.10140707343816757,0.0026345246005803347,8.142207145690918,2.0376579761505127
49005,2.2188615798950195,1.0357064008712769,0.0036383892875164747,5.362900733947754,7.158236026763916
49033,0.2906867563724518,-0.24804472923278809,0.0033059343695640564,13.47668743133545,0.16298770904541016
49070,-1.5075126886367798,-0.2772420346736908,0.0023233136162161827,14.869697570800781,0.10178051143884659
49105,-0.8614382147789001,-0.28032630681991577,0.0025812990497797728,13.513023376464844,-0.0030100822914391756
49113,0.6350452899932861,0.35073667764663696,0.002850536024197936,7.184581279754639,3.882087469100952
49118,0.6278122067451477,0.2686856687068939,0.0029484827537089586,7.48353910446167,3.173625946044922
49120,0.3991037905216217,-0.08127404749393463,0.0028034800197929144,7.79927921295166,1.6936153173446655
49155,0.5161413550376892,-0.12041191011667252,0.003021995071321726,9.003291130065918,1.8970192670822144
49185,1.5565589666366577,0.21265871822834015,0.0034085181541740894,6.954422950744629,3.608107089996338
49188,3.4228971004486084,0.018283365294337273,0.004522970411926508,6.6541008949279785,1.2791622877120972
49215,0.5360730290412903,-0.06524427980184555,0.00310463341884315,10.224987983703613,5.427166938781738
49242,0.4054126441478729,-0.05677729845046997,0.0026805480010807514,6.975366115570068,2.006626844406128
49254,-0.38672301173210144,0.33323031663894653,0.002487130230292678,8.91901683807373,19.546998977661133
49271,-1.0545858144760132,-0.23230579495429993,0.002464377786964178,13.560266494750977,0.15823249518871307
49288,-0.3550630211830139,-0.19598990678787231,0.0023336552549153566,7.780543804168701,0.6062235236167908
49294,1.3888849020004272,0.5468931198120117,0.0032176957465708256,6.161348819732666,5.895562171936035
49301,-0.1688225269317627,-0.19754289090633392,0.0027588368393480778,10.568278312683105,1.0478276014328003
49304,-1.8597357273101807,-0.28065937757492065,0.002807729644700885,20.845172882080078,0.0001753807155182585
49315,1.2421435117721558,-0.0637214332818985,0.0032707899808883667,7.228298187255859,1.1197099685668945
49316,2.489196538925171,1.5040699243545532,0.0036486934404820204,3.618305206298828,9.885372161865234
49333,-0.22075627744197845,-0.2788526713848114,0.0032511509489268064,15.994295120239258,0.017440462484955788
49399,0.6367156505584717,-0.18578653037548065,0.0031178712379187346,9.662800788879395,0.36287766695022583
49431,2.0707411766052246,0.598621666431427,0.0035850517451763153,5.49317741394043,9.621585845947266
49437,0.6716952323913574,-0.21059350669384003,0.003197384299710393,10.433424949645996,0.041276074945926666
49452,1.874353289604187,0.41759157180786133,0.003492650343105197,6.119468688964844,6.236079692840576
49455,-0.8639193773269653,-0.23492638766765594,0.0028483860660344362,16.160036087036133,0.11506881564855576
49472,-0.5236117243766785,-0.040041010826826096,0.0023097486700862646,8.327507019042969,1.2978447675704956
49474,-0.6345633864402771,-0.27349066734313965,0.0029535433277487755,15.292798042297363,0.04431972652673721
49482,0.4606260359287262,-0.2825067639350891,0.0030103465542197227,9.559019088745117,0.3139467239379883
49522,1.4848136901855469,-0.07870995253324509,0.0036554739344865084,9.90404224395752,1.0793449878692627
49541,0.5683221220970154,-0.03972630575299263,0.0028640292584896088,7.361854076385498,1.086588740348816
49548,-0.15831305086612701,-0.2461935579776764,0.0024055831599980593,7.541258335113525,0.1875734031200409
49565,0.7568228840827942,0.3004024028778076,0.002825570059940219,6.0633463859558105,2.9951698780059814
49577,2.855252504348755,1.1309303045272827,0.003984399605542421,4.833657741546631,10.479168891906738
49612,0.819938600063324,0.2407628744840622,0.003139873268082738,8.770430564880371,4.357025146484375
49638,-0.6284710168838501,-0.2448270171880722,0.002586492570117116,11.758055686950684,1.1814634799957275
49647,1.2890124320983887,0.02590622380375862,0.0032769516110420227,6.895294189453125,1.5875608921051025
49661,0.22565923631191254,-0.1856229454278946,0.002753118984401226,8.480518341064453,0.3358803689479828
49680,0.8489246368408203,0.009240723215043545,0.0029985536821186543,7.009376525878906,2.50529146194458
49682,-0.7848357558250427,-0.24654050171375275,0.00252468790858984,12.41627311706543,0.20477314293384552
49703,0.25684285163879395,-0.20136892795562744,0.003123030299320817,11.458674430847168,0.5248991250991821
49709,-0.048411525785923004,-0.018175587058067322,0.002708954270929098,9.673879623413086,1.140658974647522
49714,-0.459788054227829,-0.14809976518154144,0.0025152284651994705,10.55155086517334,1.7638412714004517
49720,1.2681567668914795,-0.30401942133903503,0.0035854154266417027,10.408576011657715,-0.1859714537858963
49722,-0.8972465395927429,-0.2744286060333252,0.002573475008830428,13.566672325134277,0.047978974878787994
49729,0.8872373700141907,0.29684674739837646,0.0029011028818786144,5.732669353485107,4.432899475097656
49753,-1.4824646711349487,-0.27514684200286865,0.0024013686925172806,15.364789009094238,0.08083648979663849
49797,0.34267473220825195,0.06820555776357651,0.002824860392138362,8.008255004882812,1.1393834352493286
49810,-0.32384026050567627,-0.27857765555381775,0.0032439162023365498,16.579448699951172,0.00862960796803236
49848,3.1013596057891846,2.910749673843384,0.0041407253593206406,4.385284423828125,29.08322525024414
49866,2.553084135055542,-0.07674667984247208,0.004245635587722063,9.214373588562012,1.2310470342636108
49884,0.8535746932029724,-0.23594032227993011,0.0033659767359495163,10.502725601196289,0.5178909301757812
49920,1.6786670684814453,0.42954903841018677,0.003695311490446329,8.371316909790039,1.800408959388733
49938,-0.4813001751899719,-0.19747382402420044,0.002483463380485773,9.954195976257324,1.0708712339401245
49964,-2.346332311630249,-0.27880650758743286,0.0019571492448449135,15.417689323425293,0.02557668648660183
49980,-0.8092140555381775,-0.2784019410610199,0.002609686693176627,12.99885082244873,0.01841125451028347
49988,0.19027160108089447,0.14981001615524292,0.0025850944221019745,6.791480541229248,2.880613088607788
