candidate_index,selector_score,selector_rank,boundary_score,target_relevance,distance_term,heldout_gradient_utility,in_correlation_sample,in_random,in_greedy,in_dpp,target_index
27,-1.8847907781600952,291,-0.5780407786369324,0.3343857526779175,-1.3067502975463867,0.4578937292098999,1,0,0,0,8252
40,-0.6060874462127686,1633,-0.28532513976097107,0.29058194160461426,-0.32076236605644226,3.254648981965147e-05,1,0,0,0,8252
51,-0.7789223194122314,1354,0.18140514194965363,0.3193998336791992,-0.9603274464607239,-3.287540550900303e-07,1,0,0,0,8252
56,-0.08237328380346298,2558,-0.4200354516506195,0.26086652278900146,0.3376622498035431,1.731207251548767,1,0,0,0,8252
70,0.6708511114120483,3675,-0.02068345621228218,0.24441862106323242,0.6915344595909119,0.13267919421195984,1,0,0,0,8252
81,-1.3423460721969604,656,-0.3585899770259857,0.3207358717918396,-0.9837560653686523,0.03323584422469139,1,0,0,0,8252
83,-0.5121958255767822,1804,-0.6355218291282654,0.27027133107185364,0.1233258992433548,0.0731491670012474,1,0,0,0,8252
107,-1.8040603399276733,327,-0.4683345854282379,0.33717215061187744,-1.3357256650924683,0.0026964517310261726,1,0,0,0,8252
128,-1.1706584692001343,830,-0.5705596804618835,0.30286553502082825,-0.6000987887382507,0.0020494612399488688,1,0,0,0,8252
148,-0.17940263450145721,2385,0.032148607075214386,0.2860557734966278,-0.211551234126091,-1.4492436548607657e-06,1,0,0,0,8252
156,-1.2598963975906372,739,-0.5499579906463623,0.30741387605667114,-0.7099383473396301,0.39450567960739136,1,0,0,0,8252
157,0.20396676659584045,3013,-0.9819860458374023,0.2220643311738968,1.1859530210494995,0.13264890015125275,1,0,0,0,8252
167,-2.205050230026245,155,-0.3546404242515564,0.35905808210372925,-1.8504095077514648,0.009323046542704105,1,0,1,1,8252
173,0.043361831456422806,2760,-0.48955297470092773,0.25248655676841736,0.5329148173332214,0.012392748147249222,1,0,0,0,8252
177,-1.7612898349761963,351,-0.7058016657829285,0.3241390287876129,-1.0554879903793335,0.050237514078617096,1,0,0,0,8252
182,0.6061504483222961,3585,0.4496905505657196,0.2693687975406647,0.1564599573612213,1.4931538105010986,1,0,0,0,8252
183,0.3506312370300293,3217,-0.41509777307510376,0.24101625382900238,0.7657289505004883,5.842456340789795,1,0,0,0,8252
195,-0.3347415626049042,2131,-0.30035001039505005,0.277309775352478,-0.03439157083630562,0.24272014200687408,1,0,0,0,8252
198,0.8416830897331238,3880,-0.30868420004844666,0.22274331748485565,1.150367259979248,0.4345758557319641,1,0,0,0,8252
215,0.14857442677021027,2907,-0.8632528185844421,0.23043060302734375,1.0118271112442017,0.16166414320468903,1,0,0,0,8252
217,-0.8474920392036438,1262,0.06289489567279816,0.31806647777557373,-0.9103869795799255,0.00015755058848299086,1,0,0,0,8252
239,1.4435410499572754,4377,1.2796744108200073,0.2674911916255951,0.16386659443378448,0.0056938729248940945,1,0,0,0,8252
260,-1.792764663696289,331,-0.783776581287384,0.32171860337257385,-1.0089880228042603,1.3921040296554565,1,0,0,0,8252
277,0.1946149617433548,2994,-0.11962658166885376,0.26128268241882324,0.31424155831336975,0.00019871187396347523,1,0,0,0,8252
285,-0.3388214409351349,2120,-0.3632892668247223,0.27428919076919556,0.024467846378684044,0.006457823794335127,1,0,0,0,8252
297,0.051839429885149,2776,0.5189518928527832,0.2962959110736847,-0.4671125113964081,-0.004881618544459343,1,0,0,0,8252
305,0.23592832684516907,3060,-0.3000297546386719,0.2512087821960449,0.5359581708908081,0.09941315650939941,1,0,0,0,8252
324,2.399075508117676,4761,1.7231525182724,0.24448683857917786,0.6759228706359863,-4.13066456039779e-11,1,0,0,0,8252
337,-2.1114468574523926,192,-0.6768035888671875,0.3409862220287323,-1.4346433877944946,3.872741460800171,1,0,1,1,8252
339,1.0566051006317139,4077,0.21481075882911682,0.23879635334014893,0.8417943120002747,0.021175367757678032,1,1,0,0,8252
359,-0.860577404499054,1245,-0.6197798848152161,0.28719088435173035,-0.2407975196838379,0.2772893011569977,1,0,0,0,8252
374,3.7890536785125732,4958,2.0711491107940674,0.19692371785640717,1.7179046869277954,-1.796439619283774e-06,1,0,0,0,8252
380,-0.9016703963279724,1185,-0.356799453496933,0.3001609742641449,-0.5448708534240723,0.14856818318367004,1,0,0,0,8252
424,-0.6832286715507507,1508,0.00047667400212958455,0.3065478801727295,-0.6837053894996643,0.021968306973576546,1,0,0,0,8252
426,0.355111300945282,3224,0.9054651260375977,0.30019915103912354,-0.5503538250923157,-6.334378213068703e-07,1,0,0,0,8252
431,-0.16126887500286102,2415,-0.18811355531215668,0.27352529764175415,0.026844674721360207,2.3012490272521973,1,1,0,0,8252
450,-0.38676032423973083,2023,-0.4824950695037842,0.271260142326355,0.09573476761579514,0.08623115718364716,1,1,0,0,8252
462,1.1709810495376587,4177,0.5450870990753174,0.24713297188282013,0.6258939504623413,2.0392798205648432e-07,1,0,0,0,8252
471,0.1917080283164978,2989,0.14155279099941254,0.2741888463497162,0.05015524849295616,-9.673881322669331e-06,1,0,0,0,8252
491,-0.5489773154258728,1740,-0.6747370362281799,0.2703232765197754,0.12575969099998474,2.115783452987671,1,1,0,0,8252
500,0.18968087434768677,2986,0.21361671388149261,0.27637672424316406,-0.02393585443496704,9.138412133324891e-05,1,0,0,0,8252
515,0.9917457699775696,4025,-0.3882462978363037,0.21291518211364746,1.379991888999939,3.1280500888824463,1,0,0,0,8252
534,5.862919807434082,4998,5.423751354217529,0.25501665472984314,0.43916842341423035,5.206513532820763e-16,1,0,0,0,8252
535,1.0624290704727173,4081,-0.38664159178733826,0.20907719433307648,1.449070692062378,1.099940299987793,1,1,0,0,8252
542,-0.1018066555261612,2525,-0.3661012649536133,0.2642727792263031,0.2642946243286133,0.05253995209932327,1,0,0,0,8252
569,-1.9803497791290283,250,-0.7321246266365051,0.332700252532959,-1.248225212097168,0.9526439905166626,1,0,0,0,8252
573,-0.5053806304931641,1814,-0.283812552690506,0.2859170436859131,-0.22156810760498047,0.15647275745868683,1,0,0,0,8252
607,-0.5233840942382812,1786,0.11678142845630646,0.304337739944458,-0.6401654481887817,0.04370670020580292,1,0,0,0,8252
624,-0.831710934638977,1285,-0.34143367409706116,0.29656726121902466,-0.49027714133262634,0.02792208455502987,1,0,0,0,8252
653,1.0485713481903076,4068,0.75773024559021,0.2633145749568939,0.29084107279777527,-2.4073191440265873e-08,1,0,0,0,8252
670,0.6651308536529541,3666,-0.7094242572784424,0.213510662317276,1.3745553493499756,2.473017454147339,1,0,0,0,8252
675,0.7270585894584656,3750,1.135813593864441,0.2954312264919281,-0.4087548851966858,4.454379904927919e-06,1,0,0,0,8252
681,-1.0769431591033936,953,-0.24659202992916107,0.31421902775764465,-0.8303510546684265,0.023243684321641922,1,0,0,0,8252
686,0.067320816218853,2798,-0.45593252778053284,0.25143489241600037,0.5232533812522888,0.05705401301383972,1,0,0,0,8252
697,-2.3434696197509766,118,-0.4209602475166321,0.3633013069629669,-1.9225090742111206,0.025200895965099335,1,0,1,1,8252
726,0.35438331961631775,3222,0.06861783564090729,0.26121264696121216,0.28576552867889404,0.0016231691697612405,1,0,0,0,8252
729,-0.8440781831741333,1268,-0.3306271731853485,0.29936596751213074,-0.513451099395752,0.005776668433099985,1,0,0,0,8252
732,-1.2091444730758667,787,-0.9644802212715149,0.2869839668273926,-0.24466443061828613,0.18408572673797607,1,0,0,0,8252
734,-0.9689383506774902,1093,-0.630288302898407,0.29015761613845825,-0.3386499583721161,0.07772368937730789,1,0,0,0,8252
750,-1.109904408454895,913,-0.7171160578727722,0.29457196593284607,-0.3927883505821228,1.2473328113555908,1,0,0,0,8252
751,0.8227855563163757,3860,-0.4071051776409149,0.21947181224822998,1.2298905849456787,2.540888453950174e-05,1,0,0,0,8252
762,-1.516979455947876,494,-0.8517560958862305,0.3051220178604126,-0.6652233004570007,1.2518274784088135,1,0,0,0,8252
767,-2.372361898422241,114,-0.7382442951202393,0.3506222665309906,-1.6341174840927124,0.0065650856122374535,1,0,1,1,8252
784,1.8668253421783447,4595,1.7581055164337158,0.27060478925704956,0.10871976613998413,-7.633807364015865e-09,1,0,0,0,8252
813,-0.436282217502594,1938,-0.6391026973724365,0.26739323139190674,0.2028205245733261,0.9889163374900818,1,0,0,0,8252
814,1.0580347776412964,4078,0.11667168140411377,0.23387984931468964,0.9413630366325378,0.0023910647723823786,1,0,0,0,8252
817,-0.4268247187137604,1954,-0.2486552745103836,0.2845969796180725,-0.1781693994998932,0.14272131025791168,1,0,0,0,8252
839,-0.18945877254009247,2366,0.06826474517583847,0.2871440351009369,-0.25772351026535034,0.49444785714149475,1,0,0,0,8252
851,-0.5144902467727661,1799,-0.44937190413475037,0.27897128462791443,-0.06511824578046799,0.04654712229967117,1,0,0,0,8252
852,0.24709872901439667,3069,-0.2273917943239212,0.25428470969200134,0.4744904935359955,0.0023400995414704084,1,0,0,0,8252
853,-0.17973749339580536,2384,-0.3948912024497986,0.2661309242248535,0.21515369415283203,0.017017271369695663,1,0,0,0,8252
875,1.7258509397506714,4531,1.108672022819519,0.2461443394422531,0.6171787977218628,0.0002442011027596891,1,0,0,0,8252
894,-1.4592045545578003,541,-0.24216683208942413,0.33169132471084595,-1.2170377969741821,0.0021135949064046144,1,0,0,0,8252
908,-0.20716767013072968,2345,0.9915615916252136,0.3297390043735504,-1.198729395866394,8.564708764424722e-08,1,0,0,0,8252
918,0.6316675543785095,3624,-0.8025704622268677,0.21049630641937256,1.434238076210022,0.0022565308026969433,1,0,0,0,8252
919,1.0464504957199097,4064,-0.08402471989393234,0.2241814136505127,1.1304750442504883,0.033587731420993805,1,0,0,0,8252
928,-0.05610997602343559,2603,-0.6780816316604614,0.24761421978473663,0.6219715476036072,0.12286178767681122,1,0,0,0,8252
932,0.9010940790176392,3950,-0.5631250143051147,0.20992200076580048,1.4642189741134644,0.06760277599096298,1,0,0,0,8252
944,-0.3775751292705536,2037,-0.33753177523612976,0.2770232856273651,-0.04004328325390816,4.21120548248291,1,0,0,0,8252
981,-0.6415097117424011,1564,-0.24891941249370575,0.2939191460609436,-0.39259016513824463,-0.2196456342935562,1,0,0,0,8252
984,0.4917142987251282,3421,0.2098395824432373,0.2631116807460785,0.28187474608421326,0.008198261260986328,1,0,0,0,8252
988,-2.4911599159240723,85,-0.38953885436058044,0.3699330985546112,-2.10162091255188,0.2646986246109009,1,0,1,1,8252
993,0.36141884326934814,3239,-0.3415451943874359,0.24312789738178253,0.7029640078544617,0.20459486544132233,1,0,0,0,8252
996,0.2997279167175293,3133,-0.03801320493221283,0.26119887828826904,0.33774110674858093,0.03434204310178757,1,0,0,0,8252
999,-0.9068097472190857,1179,-0.5190577507019043,0.2932884395122528,-0.38775190711021423,0.032381873577833176,1,0,0,0,8252
1015,2.793210744857788,4846,1.7968963384628296,0.23058703541755676,0.9963144659996033,7.3189603426726535e-06,1,0,0,0,8252
1033,1.2350150346755981,4220,0.6706344485282898,0.2505689263343811,0.564380407333374,-5.755670713369909e-07,1,0,0,0,8252
1061,1.6489158868789673,4497,1.1961958408355713,0.25598400831222534,0.45271992683410645,0.0005514421500265598,1,0,0,0,8252
1066,0.21025924384593964,3018,-0.3276044726371765,0.251937597990036,0.5378636717796326,0.0002540475979913026,1,0,0,0,8252
1072,-1.420063853263855,577,-0.31920474767684937,0.3261663615703583,-1.1008590459823608,0.19590607285499573,1,0,0,0,8252
1081,0.31928613781929016,3162,-0.30428609251976013,0.24724343419075012,0.6235722899436951,-0.05198119208216667,1,0,0,0,8252
1088,-0.8853477835655212,1206,-0.5633564591407776,0.2892818748950958,-0.32199111580848694,0.037092868238687515,1,0,0,0,8252
1091,0.04089907929301262,2748,-0.4365970194339752,0.2545138895511627,0.4774962067604065,0.07616394013166428,1,0,0,0,8252
1093,-0.24877014756202698,2274,0.27632376551628113,0.29955241084098816,-0.5250939130783081,0.025731632485985756,1,0,0,0,8252
1096,2.8625025749206543,4859,2.752500534057617,0.26963895559310913,0.11000210046768188,-2.9128463530092574e-11,1,0,0,0,8252
1111,1.3982619047164917,4351,0.6185025572776794,0.2406325340270996,0.7797592878341675,3.217419219936346e-08,1,0,0,0,8252
1133,0.7515785694122314,3779,-0.4455452859401703,0.22086453437805176,1.1971238851547241,0.00599660724401474,1,0,0,0,8252
1134,0.10288619995117188,2846,0.005215157754719257,0.2723312973976135,0.09767106175422668,0.001654079183936119,1,0,0,0,8252
1136,-0.8358045816421509,1276,-0.2129526436328888,0.30409011244773865,-0.6228518486022949,0.015593625605106354,1,0,0,0,8252
1152,-0.8609854578971863,1243,0.11803586781024933,0.31964048743247986,-0.9790214896202087,0.7914968729019165,1,0,0,0,8252
1156,-1.9892122745513916,244,0.4009213447570801,0.38369253277778625,-2.3901336193084717,6.214159839146305e-06,1,0,1,0,8252
1157,-0.08565378189086914,2551,-0.21794024109840393,0.2698911428451538,0.1322864443063736,0.0008978346595540643,1,0,0,0,8252
1172,1.315396785736084,4290,1.4579147100448608,0.28248366713523865,-0.1425178200006485,-5.614311446300313e-11,1,0,0,0,8252
1193,-0.3103468716144562,2182,-0.6246991753578186,0.26333531737327576,0.31435227394104004,0.039268579334020615,1,0,0,0,8252
1198,0.9116314053535461,3961,-0.7050120234489441,0.20229487121105194,1.6166433095932007,0.1687062382698059,1,0,0,0,8252
1199,-0.39445021748542786,2005,0.3918161690235138,0.31007903814315796,-0.7862663865089417,0.00022542693477589637,1,0,0,0,8252
1204,-0.8706831932067871,1228,-0.7203232645988464,0.28250858187675476,-0.1503598839044571,0.0301072858273983,1,0,0,0,8252
1206,-0.3644413948059082,2058,0.472282737493515,0.3131174147129059,-0.8367242217063904,0.00015956719289533794,1,1,0,0,8252
1224,-0.3172956705093384,2167,-0.5249983072280884,0.26616495847702026,0.20770259201526642,0.5837068557739258,1,0,0,0,8252
1244,0.34922662377357483,3212,-0.050548043102025986,0.25716134905815125,0.3997746407985687,0.0002608200302347541,1,0,0,0,8252
1272,-0.6933247447013855,1490,-0.550580620765686,0.28247782588005066,-0.14274421334266663,0.31886351108551025,1,0,0,0,8252
1274,1.0173274278640747,4044,0.8588786125183105,0.2680305540561676,0.15844878554344177,-3.950818006082102e-10,1,0,0,0,8252
1280,-0.45244741439819336,1905,-0.5151714086532593,0.2722901403903961,0.06272396445274353,0.0031945009250193834,1,0,0,0,8252
1298,0.9012809991836548,3951,0.006564314942806959,0.23433442413806915,0.8947166800498962,0.016766658052802086,1,0,0,0,8252
1330,-0.2102116197347641,2337,-0.12104000896215439,0.28018030524253845,-0.08917167037725449,0.00041565741412341595,1,0,0,0,8252
1331,-0.9841079711914062,1070,-0.5865057706832886,0.29448628425598145,-0.3976021707057953,0.05212076008319855,1,0,0,0,8252
1344,0.7724714875221252,3807,-0.4060685634613037,0.22194603085517883,1.1785399913787842,0.0006426511099562049,1,0,0,0,8252
1346,-0.4799480438232422,1855,0.13459165394306183,0.30408427119255066,-0.6145397424697876,0.025011597201228142,1,0,0,0,8252
1355,-1.0427778959274292,993,-0.08736378699541092,0.319039523601532,-0.9554144144058228,0.10876826196908951,1,0,0,0,8252
1401,-0.7475521564483643,1404,-0.6903735399246216,0.279500812292099,-0.057178616523742676,0.7325121164321899,1,0,0,0,8252
1411,-0.2850402295589447,2225,0.02671695128083229,0.2905290126800537,-0.3117571771144867,1.2983896732330322,1,0,0,0,8252
1417,0.42470693588256836,3338,0.21092437207698822,0.2660178244113922,0.21378254890441895,0.00021273328457027674,1,0,0,0,8252
1419,-0.7477571368217468,1403,-0.08286051452159882,0.3068450689315796,-0.6648966670036316,0.04706898704171181,1,0,0,0,8252
1423,1.5331857204437256,4429,0.5565114617347717,0.23202598094940186,0.9766741991043091,4.6054386970695305e-09,1,0,0,0,8252
1460,1.3933005332946777,4345,0.5838934183120728,0.23877321183681488,0.8094070553779602,1.11779786493571e-06,1,0,0,0,8252
1474,0.5785617232322693,3534,-0.15047745406627655,0.2430463284254074,0.729039192199707,0.0013844523346051574,1,0,0,0,8252
1482,-0.5002958178520203,1825,-0.39632317423820496,0.2802335321903229,-0.10397263616323471,0.35272884368896484,1,0,0,0,8252
1486,1.2628679275512695,4246,0.024142080917954445,0.21937017142772675,1.2387257814407349,0.17674964666366577,1,0,0,0,8252
1503,2.432539701461792,4768,2.132087469100952,0.2621716558933258,0.3004522919654846,3.273640473283601e-12,1,0,0,0,8252
1513,1.5462926626205444,4434,-0.5555421710014343,0.18074016273021698,2.101834774017334,1.2904889583587646,1,0,0,0,8252
1517,-0.49538516998291016,1830,0.06746558845043182,0.301090270280838,-0.5628507137298584,0.042111750692129135,1,0,0,0,8252
1519,0.3874300420284271,3279,0.11075443029403687,0.2641083002090454,0.27667567133903503,-8.282322596642189e-06,1,0,0,0,8252
1521,-1.2133324146270752,786,0.10874030739068985,0.3361315131187439,-1.3220723867416382,0.11463110893964767,1,0,0,0,8252
1525,-1.4163473844528198,579,-0.7627527117729187,0.30573713779449463,-0.6535944938659668,3.918595790863037,1,0,0,0,8252
1538,0.08858567476272583,2829,-0.5710004568099976,0.24743162095546722,0.6595861315727234,1.6504632234573364,1,0,0,0,8252
1545,1.446306824684143,4380,0.7637163400650024,0.24512211978435516,0.6825905442237854,0.030251968652009964,1,0,0,0,8252
1567,1.0370620489120483,4059,0.4553801119327545,0.24957361817359924,0.5816819071769714,-4.372353032522369e-06,1,0,0,0,8252
1580,-0.3887002468109131,2016,-0.89846271276474,0.252869576215744,0.5097624659538269,3.446676015853882,1,0,0,0,8252
1588,2.135376453399658,4686,2.2691497802734375,0.2821460962295532,-0.13377393782138824,-1.2013222416840108e-08,1,0,0,0,8252
1591,-0.6535841822624207,1543,-0.23315082490444183,0.2951264977455139,-0.42043337225914,0.014375349506735802,1,0,0,0,8252
1600,1.7671514749526978,4556,1.7530262470245361,0.2738439738750458,0.014124849811196327,1.5870710967647028e-06,1,0,0,0,8252
1618,-0.244552880525589,2284,-0.6293165683746338,0.2591777741909027,0.3847636580467224,0.042642705142498016,1,0,0,0,8252
1634,2.1912972927093506,4703,2.122974157333374,0.2717050015926361,0.06832361221313477,-3.1094447017210314e-09,1,0,0,0,8252
1636,-0.9364611506462097,1133,-0.5308241844177246,0.29468226432800293,-0.4056369960308075,1.1235368251800537,1,0,0,0,8252
1647,-0.1222827360033989,2488,-0.27880555391311646,0.26905879378318787,0.15652282536029816,0.03719346597790718,1,0,0,0,8252
1653,1.263646125793457,4248,0.40866509079933167,0.236931711435318,0.8549811244010925,0.0033501144498586655,1,0,0,0,8252
1656,1.393646478652954,4347,0.3468489348888397,0.22782988846302032,1.046797513961792,4.877139872405678e-05,1,0,0,0,8252
1661,2.752697229385376,4839,1.7956275939941406,0.23142865300178528,0.9570698142051697,-1.0690942575664053e-09,1,0,0,0,8252
1662,1.212887167930603,4201,1.2501804828643799,0.27783188223838806,-0.037293076515197754,1.7786481176784719e-09,1,0,0,0,8252
1691,2.1704964637756348,4698,1.8317235708236694,0.2606933116912842,0.3387727737426758,-3.680924315352385e-11,1,0,0,0,8252
1713,0.6347039341926575,3629,-0.06540124863386154,0.2433890551328659,0.7001051306724548,0.00012558457092382014,1,0,0,0,8252
1717,-0.6783025860786438,1512,-0.5090596675872803,0.2839510440826416,-0.1692430078983307,0.3901493549346924,1,0,0,0,8252
1719,1.1299974918365479,4141,0.9170781970024109,0.26568150520324707,0.212919220328331,-4.0234127141047793e-07,1,0,0,0,8252
1726,-0.6624206900596619,1536,-1.146213412284851,0.2548142671585083,0.4837926924228668,1.9847817420959473,1,0,0,0,8252
1750,0.3573024272918701,3232,-0.4781107008457184,0.2379920929670334,0.8354131579399109,0.17726653814315796,1,0,0,0,8252
1754,-0.8142868280410767,1309,-0.01939324103295803,0.3131989538669586,-0.7948936223983765,0.07778151333332062,1,0,0,0,8252
1779,-2.174461841583252,166,-0.6576307415962219,0.3438352048397064,-1.5168308019638062,1.1822919845581055,1,0,1,1,8252
1780,-0.5700823664665222,1705,-0.27747753262519836,0.2882716655731201,-0.29260486364364624,0.10779692232608795,1,0,0,0,8252
1786,1.60296630859375,4470,1.4723495244979858,0.26772341132164,0.13061703741550446,-2.3694787434626286e-15,1,0,0,0,8252
1801,0.2505064904689789,3075,-0.28557735681533813,0.25207191705703735,0.5360838770866394,0.0022437460720539093,1,0,0,0,8252
1805,1.679748773574829,4509,1.0953500270843506,0.24852930009365082,0.5843988656997681,-2.755140258159372e-07,1,0,0,0,8252
1810,-1.1940566301345825,801,-0.6995941996574402,0.2996724545955658,-0.49446234107017517,0.05993032455444336,1,0,0,0,8252
1847,0.6833109259605408,3691,0.03097347915172577,0.24584782123565674,0.6523374319076538,0.010974597185850143,1,0,0,0,8252
1848,2.3125016689300537,4734,1.0276082754135132,0.21668539941310883,1.2848933935165405,0.001426623435690999,1,0,0,0,8252
1849,2.5983500480651855,4809,1.6827038526535034,0.23339469730854034,0.9156460762023926,7.803231483194395e-08,1,0,0,0,8252
1860,0.5109982490539551,3447,0.5061148405075073,0.27622324228286743,0.004883441608399153,1.5058451197091927e-07,1,0,0,0,8252
1865,-0.5166346430778503,1793,-0.6426636576652527,0.27015581727027893,0.12602901458740234,0.21635589003562927,1,0,0,0,8252
1873,-0.23401060700416565,2301,-0.4733913838863373,0.2657523453235626,0.2393808215856552,0.08085723966360092,1,0,0,0,8252
1875,0.3426238000392914,3201,-0.053465116769075394,0.2582240402698517,0.39608898758888245,0.15781410038471222,1,0,0,0,8252
1886,-1.4046831130981445,593,-0.371711403131485,0.32343336939811707,-1.0329716205596924,0.00457890797406435,1,0,0,0,8252
1911,3.620450973510742,4942,2.3312127590179443,0.21749842166900635,1.2892382144927979,1.3184196573021167e-12,1,1,0,0,8252
1922,-1.189602255821228,808,-0.5179251432418823,0.307782918214798,-0.6716771125793457,6.23737907409668,1,0,0,0,8252
1928,1.3693640232086182,4329,0.18442970514297485,0.22046616673469543,1.184934377670288,0.005789310671389103,1,0,0,0,8252
1942,-0.8693674206733704,1230,-0.1018766537308693,0.3112991452217102,-0.767490804195404,0.005589176435023546,1,0,0,0,8252
1943,-0.9055878520011902,1180,-0.6734351515769958,0.28584083914756775,-0.2321528196334839,0.1967889666557312,1,0,0,0,8252
1949,0.024871347472071648,2723,-0.6555856466293335,0.24439387023448944,0.6804569363594055,0.11096271872520447,1,0,0,0,8252
1976,0.813561737537384,3852,0.08822248876094818,0.24220362305641174,0.7253391742706299,0.6100552082061768,1,0,0,0,8252
1979,0.09513713419437408,2837,-0.05407563969492912,0.26845529675483704,0.1492127627134323,-3.678803750517545e-08,1,0,0,0,8252
1983,-2.110588788986206,194,-0.893937885761261,0.3313794434070587,-1.2166513204574585,4.029115200042725,1,0,1,1,8252
1986,0.8008731007575989,3836,0.7185198664665222,0.27205562591552734,0.08235334604978561,0.0021324607077986,1,0,0,0,8252
1991,-2.923192024230957,38,-0.6895252466201782,0.37784343957901,-2.23366641998291,15.052916526794434,1,0,1,1,8252
1993,-1.364977240562439,638,-0.7960290312767029,0.3013096749782562,-0.5689483880996704,0.13404500484466553,1,0,0,0,8252
1998,0.6146594285964966,3597,-0.4368818700313568,0.2283720225095749,1.0515412092208862,0.0003301432589069009,1,0,0,0,8252
2009,-2.068537950515747,209,-0.7566460967063904,0.336243212223053,-1.3118916749954224,5.3776702880859375,1,0,1,1,8252
2013,-0.890729546546936,1198,-0.484790563583374,0.2946464419364929,-0.40593892335891724,0.3142828941345215,1,0,0,0,8252
2017,-0.7545698285102844,1395,-0.8539820909500122,0.2707782983779907,0.09941216558218002,4.64760160446167,1,0,0,0,8252
2026,-0.9648047685623169,1097,-0.22526119649410248,0.30911096930503845,-0.7395433783531189,2.0667991638183594,1,0,0,0,8252
2028,0.6154257655143738,3600,-0.013426201418042183,0.24788613617420197,0.6288519501686096,0.0425262525677681,1,1,0,0,8252
2054,-0.25099506974220276,2270,0.12322491407394409,0.2930252254009247,-0.37421998381614685,7.553250179626048e-05,1,0,0,0,8252
2059,-2.2523133754730225,145,-0.5184828042984009,0.35485780239105225,-1.7338306903839111,6.230042457580566,1,0,1,1,8252
2064,-0.8172196745872498,1305,-0.297026127576828,0.2981731593608856,-0.5201935768127441,19.223461151123047,1,0,0,0,8252
2071,0.7411237955093384,3769,0.2696830928325653,0.2540016770362854,0.47144070267677307,0.00024785264395177364,1,0,0,0,8252
2073,-0.5542212724685669,1729,-0.47686073184013367,0.28002551198005676,-0.077360600233078,0.5704619884490967,1,1,0,0,8252
2081,0.5987415909767151,3570,1.2462257146835327,0.3050037622451782,-0.6474840641021729,-1.2174233233963605e-05,1,0,0,0,8252
2089,-0.47434529662132263,1867,0.4263001084327698,0.31682905554771423,-0.90064537525177,0.006302572321146727,1,0,0,0,8252
2095,0.8400570750236511,3878,0.8759863972663879,0.2764942944049835,-0.03592956066131592,0.08061423152685165,1,0,0,0,8252
2104,-0.6802895069122314,1510,0.02635188214480877,0.30721527338027954,-0.706641435623169,0.05161953717470169,1,1,0,0,8252
2108,2.2808380126953125,4724,2.0666778087615967,0.26586011052131653,0.21416059136390686,-1.2406009552989872e-10,1,0,0,0,8252
2117,-0.3877355456352234,2021,-0.3197954595088959,0.2796732485294342,-0.06794004887342453,2.1548681259155273,1,0,0,0,8252
2120,0.7176457643508911,3740,-0.030238855630159378,0.2415544092655182,0.7478845715522766,0.0009810193441808224,1,0,0,0,8252
2125,-1.7124006748199463,373,-0.6378553509712219,0.323912650346756,-1.0745455026626587,0.7951512336730957,1,0,0,0,8252
2147,1.300514817237854,4278,-0.1829722374677658,0.20944595336914062,1.4834870100021362,0.35370802879333496,1,0,0,0,8252
2148,-1.976871132850647,254,-0.7205712795257568,0.3333751857280731,-1.2562998533248901,0.47430044412612915,1,0,0,1,8252
2167,-0.3902343213558197,2013,-0.035172056406736374,0.29187244176864624,-0.3550623059272766,0.03863522410392761,1,0,0,0,8252
2182,-0.9517995715141296,1118,-0.05124035105109215,0.3163796067237854,-0.9005593657493591,0.00045803841203451157,1,0,0,0,8252
2183,-0.6039506793022156,1641,-0.604764997959137,0.2760387063026428,0.0008143186569213867,0.023187557235360146,1,0,0,0,8252
2188,0.07381788641214371,2803,-0.067748062312603,0.268581360578537,0.1415659487247467,0.8277881145477295,1,0,0,0,8252
2194,0.9672431945800781,4002,-0.6192879676818848,0.20432360470294952,1.5865312814712524,0.005038067698478699,1,0,0,0,8252
2231,1.252444863319397,4236,-0.6537370085716248,0.18942175805568695,1.9061819314956665,0.026182446628808975,1,0,0,0,8252
2236,1.330868124961853,4304,0.9830016493797302,0.2598656117916107,0.347866415977478,5.567582607269287,1,0,0,0,8252
2240,0.9744149446487427,4010,0.37931933999061584,0.24832527339458466,0.5950955748558044,-4.3720315261452924e-06,1,0,0,0,8252
2242,0.8573136329650879,3902,-0.0655449777841568,0.23489587008953094,0.922858715057373,0.10994923859834671,1,0,0,0,8252
2246,-0.8868905901908875,1202,-0.1669890284538269,0.3067266345024109,-0.7199015617370605,1.9322756998008117e-05,1,0,0,0,8252
2260,-0.5673438906669617,1707,-0.7113084197044373,0.2695137858390808,0.14396442472934723,0.961921215057373,1,0,0,0,8252
2261,-0.1289922446012497,2475,0.06516291946172714,0.28414565324783325,-0.19415517151355743,-6.464532731342842e-08,1,0,0,0,8252
2266,-0.8393811583518982,1273,-1.14313805103302,0.2622844874858856,0.3037569224834442,1.0426946878433228,1,0,0,0,8252
2271,-2.314417839050293,124,-0.7593953013420105,0.34590110182762146,-1.5550228357315063,0.0056915669701993465,1,0,1,1,8252
2292,-0.5844401717185974,1679,-0.06270920485258102,0.2995726764202118,-0.521730899810791,1.9863613843917847,1,0,0,0,8252
2294,1.1605358123779297,4169,0.7099463939666748,0.2553863227367401,0.45058947801589966,-3.2862781940146135e-10,1,1,0,0,8252
2305,1.1827739477157593,4182,0.22289960086345673,0.23192428052425385,0.9598743319511414,0.0034763403236865997,1,0,0,0,8252
2314,-1.0594673156738281,973,-0.2171185314655304,0.3139650821685791,-0.8423487544059753,1.6133066415786743,1,0,0,0,8252
2316,1.318428635597229,4294,0.771266758441925,0.25061243772506714,0.5471619963645935,0.0005396080086939037,1,0,0,0,8252
2334,-0.6677638292312622,1527,-0.37897586822509766,0.2901822030544281,-0.28878799080848694,0.04199996218085289,1,0,0,0,8252
2335,0.7705939412117004,3803,-0.5383116602897644,0.21741531789302826,1.3089054822921753,-0.00588228227570653,1,0,0,0,8252
2361,0.04066866263747215,2745,-0.5282295346260071,0.25017887353897095,0.5688981413841248,8.798026084899902,1,0,0,0,8252
2367,0.4243859350681305,3336,-0.3799268305301666,0.23914459347724915,0.8043128252029419,0.013516857288777828,1,0,0,0,8252
2371,-0.9352973103523254,1134,-0.9520279169082642,0.27508097887039185,0.01673051156103611,2.3587486743927,1,0,0,0,8252
2373,2.5376763343811035,4792,2.0417816638946533,0.25351473689079285,0.49589475989341736,-2.6702119271249103e-07,1,0,0,0,8252
2374,-0.5460821986198425,1745,-0.569267749786377,0.2725205719470978,0.023185549303889275,6.0757880210876465,1,0,0,0,8252
2384,0.36607953906059265,3252,0.005573109723627567,0.25926047563552856,0.36050644516944885,5.554906368255615,1,0,0,0,8252
2398,0.18738706409931183,2979,-0.24603067338466644,0.25529465079307556,0.4334177076816559,0.008792644366621971,1,0,0,0,8252
2410,0.019344685599207878,2711,-0.4445389211177826,0.25549134612083435,0.4638836085796356,0.04514745995402336,1,0,0,0,8252
2416,-1.3812685012817383,623,-0.54268479347229,0.3126949667930603,-0.8385836482048035,0.005432488396763802,1,0,0,0,8252
2440,0.41757842898368835,3328,0.5249149799346924,0.280225932598114,-0.10733654350042343,-1.2771981346304528e-05,1,0,0,0,8252
2457,-0.12425923347473145,2486,-0.0671778991818428,0.27759015560150146,-0.05708133801817894,0.0694245994091034,1,0,0,0,8252
2482,-2.5610806941986084,74,-0.6365262269973755,0.36414438486099243,-1.924554467201233,0.108767569065094,1,0,1,1,8252
2500,-0.4450792968273163,1918,-0.3078235387802124,0.2834646701812744,-0.1372557133436203,-0.25111082196235657,1,0,0,0,8252
2509,0.6766706705093384,3682,-0.04823322221636772,0.24311189353466034,0.7249037623405457,0.05567697808146477,1,0,0,0,8252
2516,-0.030276333913207054,2641,0.6200604438781738,0.3053492605686188,-0.650336742401123,1.3860457329428755e-05,1,0,0,0,8252
2522,-0.728281557559967,1432,-0.8309009671211243,0.27126070857048035,0.10261943191289902,0.22102141380310059,1,0,0,0,8252
2532,-0.024665141478180885,2650,-0.25459226965904236,0.26626458764076233,0.22992713749408722,0.004579974338412285,1,0,0,0,8252
2549,-0.649674117565155,1551,-0.0619625449180603,0.3017841577529907,-0.58771151304245,0.020234428346157074,1,0,0,0,8252
2555,0.9060422778129578,3956,-0.29744094610214233,0.22141467034816742,1.2034833431243896,0.0822187215089798,1,0,0,0,8252
2579,0.25886020064353943,3083,0.3393741548061371,0.27882519364356995,-0.0805138573050499,0.0007721425499767065,1,0,0,0,8252
2604,-0.4402015209197998,1930,-0.46893754601478577,0.2756263017654419,0.028736000880599022,0.18054647743701935,1,0,0,0,8252
2621,1.197464942932129,4193,0.6161484122276306,0.24850086867809296,0.5813165307044983,0.001495945849455893,1,0,0,0,8252
2634,0.08068029582500458,2812,-0.5883066058158875,0.2458791583776474,0.6689869165420532,0.04368460178375244,1,0,0,0,8252
2657,0.4863930642604828,3414,0.23023509979248047,0.26418739557266235,0.25615793466567993,0.007960519753396511,1,0,0,0,8252
2685,0.7640875577926636,3794,0.8165287375450134,0.2786347568035126,-0.05244126915931702,2.725481635934557e-07,1,0,0,0,8252
2686,1.8534830808639526,4590,1.1316627264022827,0.24325226247310638,0.7218203544616699,0.012302150949835777,1,1,0,0,8252
2688,-0.9936466217041016,1058,-0.22308114171028137,0.3108251094818115,-0.7705656886100769,0.0021126552019268274,1,0,0,0,8252
2709,0.5953682661056519,3562,0.04984692856669426,0.25071951746940613,0.5455213785171509,0.04720240458846092,1,0,0,0,8252
2711,-0.7863219976425171,1342,-0.011002711951732635,0.3108803927898407,-0.7753192782402039,5.5371906455548014e-06,1,0,0,0,8252
2717,0.6058539152145386,3583,1.1784828901290894,0.3025829493999481,-0.5726290941238403,7.440021818183595e-06,1,0,0,0,8252
2722,0.8853462338447571,3936,0.24598458409309387,0.24681870639324188,0.6393614411354065,7.149342127377167e-05,1,0,0,0,8252
2726,1.2019180059432983,4195,0.37527233362197876,0.23832745850086212,0.8266456723213196,0.01457966584712267,1,0,0,0,8252
2730,-0.016100315377116203,2655,0.4681788980960846,0.29782724380493164,-0.48427915573120117,0.003422254230827093,1,0,0,0,8252
2733,-1.9460433721542358,267,-0.6694337725639343,0.3336426913738251,-1.2766094207763672,0.14582818746566772,1,0,0,0,8252
2736,1.6318838596343994,4485,-0.0793343037366867,0.19779199361801147,1.711218237876892,0.00012177035387139767,1,0,0,0,8252
2745,0.181001216173172,2965,-0.7632910013198853,0.23239687085151672,0.9442921876907349,2.494769334793091,1,0,0,0,8252
2747,2.762312650680542,4842,1.6160815954208374,0.22309158742427826,1.146230936050415,-1.0902225788811393e-08,1,0,0,0,8252
2748,-0.27615904808044434,2239,-0.08244908601045609,0.2843583822250366,-0.19370995461940765,1.7671804926067125e-06,1,0,0,0,8252
2755,0.22202365100383759,3037,-0.22378908097743988,0.255654513835907,0.44581276178359985,0.2641489505767822,1,0,0,0,8252
2763,1.350974440574646,4321,1.5927919149398804,0.2863903045654297,-0.24181735515594482,2.3318261810345575e-05,1,0,0,0,8252
2788,-0.6554977297782898,1542,-0.7025577425956726,0.2735099494457245,0.04705996438860893,0.4024929702281952,1,0,0,0,8252
2794,0.5450463891029358,3485,0.8206230401992798,0.28875839710235596,-0.275576651096344,0.1664431393146515,1,0,0,0,8252
2806,-0.07954025268554688,2563,-0.194413423538208,0.27012836933135986,0.11487318575382233,0.00011697965965140611,1,0,0,0,8252
2843,0.7089598774909973,3725,-0.1993677318096161,0.23416094481945038,0.9083277583122253,-0.004230826627463102,1,0,0,0,8252
2850,-1.1632081270217896,840,-0.6753197312355042,0.2983736991882324,-0.48788824677467346,4.438276290893555,1,0,0,0,8252
2864,0.14835260808467865,2906,-0.6680263876914978,0.2401171177625656,0.8163788914680481,0.0009560678154230118,1,0,0,0,8252
2877,-0.08259834349155426,2557,-0.12130217999219894,0.27393269538879395,0.03870381414890289,0.20972400903701782,1,0,0,0,8252
2884,-2.1391165256500244,181,-0.7084376811981201,0.34137603640556335,-1.4306786060333252,-0.0014999888371676207,1,0,1,1,8252
2901,-0.40530768036842346,1988,-0.6047633290290833,0.2688257694244385,0.1994556486606598,0.1484678089618683,1,0,0,0,8252
2906,-1.3759640455245972,629,0.3400251567363739,0.3529300093650818,-1.7159889936447144,0.005641891621053219,1,0,0,0,8252
2916,-0.17223083972930908,2392,-0.4240489900112152,0.26554733514785767,0.2518181800842285,0.024428633973002434,1,0,0,0,8252
2940,-0.3500799834728241,2092,-0.6432605385780334,0.2633356750011444,0.2931804656982422,1.021056890487671,1,0,0,0,8252
2945,0.013395057991147041,2704,-0.4585193693637848,0.2531808316707611,0.47191449999809265,0.028532270342111588,1,0,0,0,8252
2963,0.3331042528152466,3186,0.041335877031087875,0.2621951401233673,0.2917684018611908,0.0010042812209576368,1,0,0,0,8252
2984,0.17120353877544403,2945,-0.3210039734840393,0.2537950575351715,0.49220749735832214,0.016404621303081512,1,0,0,0,8252
3002,-0.4297557771205902,1951,-0.3687017560005188,0.2786722779273987,-0.0610540471971035,0.0012919523287564516,1,0,0,0,8252
3005,0.2984583079814911,3128,0.31240296363830566,0.27589142322540283,-0.013944736681878567,0.001230273162946105,1,0,0,0,8252
3008,-0.7493463754653931,1400,-0.5174733996391296,0.28603458404541016,-0.23187294602394104,0.39404839277267456,1,0,0,0,8252
3015,0.8891110420227051,3940,-0.5875691175460815,0.20849059522151947,1.476680040359497,0.0019133605528622866,1,0,0,0,8252
3017,-0.11561118811368942,2503,0.558347761631012,0.3064103424549103,-0.6739590167999268,5.036507211286789e-09,1,0,0,0,8252
3021,0.14944930374622345,2909,-0.2049335241317749,0.2613740861415863,0.35438284277915955,0.005408640019595623,1,0,0,0,8252
3022,-0.9022043347358704,1184,-0.1972079575061798,0.30771562457084656,-0.7049963474273682,0.019354967400431633,1,0,0,0,8252
3028,-0.1180158406496048,2498,0.09670459479093552,0.28413957357406616,-0.21472039818763733,-3.8307545764837414e-05,1,0,0,0,8252
3031,-1.0945817232131958,928,-0.6871713995933533,0.2951262295246124,-0.4074103832244873,1.3821537494659424,1,0,0,0,8252
3040,-0.8641625642776489,1236,-0.4010430872440338,0.29755982756614685,-0.46311935782432556,0.20167061686515808,1,0,0,0,8252
3047,-0.5212410688400269,1788,-0.09745953232049942,0.2951297163963318,-0.4237816035747528,0.053292468190193176,1,0,0,0,8252
3055,-1.3405593633651733,659,-0.4805537760257721,0.31450968980789185,-0.8600056767463684,0.0018334873020648956,1,0,0,0,8252
3060,2.8573250770568848,4858,2.5326004028320312,0.26025453209877014,0.3247249126434326,-4.801550268496158e-10,1,0,0,0,8252
3069,0.5590261816978455,3508,0.17982588708400726,0.2575126588344574,0.3792002201080322,-2.150503860320896e-06,1,0,0,0,8252
3080,-2.18381929397583,164,-0.9725929498672485,0.331138014793396,-1.2112263441085815,11.667657852172852,1,0,1,1,8252
3082,2.5402231216430664,4793,1.7798233032226562,0.24076206982135773,0.760400116443634,5.5084661671985814e-15,1,0,0,0,8252
3107,2.364935874938965,4748,2.0789639949798584,0.2638048827648163,0.28597211837768555,2.8993867999815848e-06,1,0,0,0,8252
3124,1.2147607803344727,4203,-0.7246774435043335,0.18710941076278687,1.9394387006759644,0.0063305143266916275,1,0,0,0,8252
3132,-0.4531920552253723,1901,-0.11579515784978867,0.290841281414032,-0.3373969495296478,3.1107406616210938,1,0,0,0,8252
3148,0.3689291477203369,3256,-0.2749845087528229,0.24677474796772003,0.6439136862754822,-4.776888999913353e-07,1,0,0,0,8252
3152,2.62412691116333,4818,1.3830803632736206,0.21961171925067902,1.2410461902618408,-4.5476980403691414e-07,1,0,0,0,8252
3153,2.251136541366577,4718,1.9109938144683838,0.2603376507759094,0.34014278650283813,7.180520924521261e-07,1,0,0,0,8252
3156,-2.4808897972106934,88,-0.7707287669181824,0.3535343408584595,-1.7101610898971558,3.955265522003174,1,0,1,1,8252
3158,0.4740356504917145,3401,-0.3617003560066223,0.23799271881580353,0.835736095905304,0.037635624408721924,1,1,0,0,8252
3162,-0.30258676409721375,2190,-0.21482713520526886,0.27802833914756775,-0.08775962889194489,0.03907855972647667,1,0,0,0,8252
3163,0.6068018078804016,3588,0.5553085803985596,0.2738066613674164,0.05149322748184204,0.0013296246761456132,1,0,0,0,8252
3167,-2.0266687870025635,227,-0.7415114045143127,0.33314594626426697,-1.285157561302185,2.9344654083251953,1,0,1,1,8252
3171,2.886618137359619,4865,1.9782228469848633,0.2339531034231186,0.9083952307701111,-1.7300234161909955e-11,1,0,0,0,8252
3173,1.8040112257003784,4566,1.9191598892211914,0.2808167040348053,-0.11514893919229507,-2.9695354248487904e-13,1,0,0,0,8252
3174,-1.156346321105957,849,0.6652677655220032,0.35848942399024963,-1.821614146232605,0.0028999410569667816,1,0,0,0,8252
3187,1.0085593461990356,4039,-0.6570641994476318,0.2001657485961914,1.665623664855957,2.384594202041626,1,0,0,0,8252
3195,0.5124417543411255,3448,0.7218478918075562,0.2835577130317688,-0.20940612256526947,0.004056280944496393,1,0,0,0,8252
3198,1.5347951650619507,4430,1.1415183544158936,0.2569532096385956,0.3932769000530243,0.04198186844587326,1,0,0,0,8252
3206,0.46250462532043457,3381,-0.2454620599746704,0.24280579388141632,0.707966685295105,2.3044581413269043,1,0,0,0,8252
3221,0.5045389533042908,3441,1.5531026124954224,0.32249462604522705,-1.0485637187957764,4.528568808837008e-08,1,0,0,0,8252
3229,-1.194830298423767,800,-0.36840295791625977,0.31343141198158264,-0.8264274597167969,0.6273770332336426,1,0,0,0,8252
3249,-0.20790599286556244,2343,-0.32965153455734253,0.27000778913497925,0.12174554914236069,0.0017765883821994066,1,0,0,0,8252
3264,0.6693395376205444,3672,-0.4319527745246887,0.2258378267288208,1.101292371749878,0.32622799277305603,1,0,0,0,8252
3265,-0.03905501961708069,2629,-0.599714457988739,0.25009140372276306,0.5606594085693359,0.2049909383058548,1,0,0,0,8252
3270,0.20161204040050507,3008,-0.5293852686882019,0.24279938638210297,0.7309972643852234,0.8046125173568726,1,0,0,0,8252
3271,-1.3768022060394287,628,-0.29400092363357544,0.32588377594947815,-1.082801342010498,0.4259159564971924,1,0,0,0,8252
3278,1.6073799133300781,4474,0.5766096115112305,0.22875361144542694,1.030770182609558,2.5970234870910645,1,0,0,0,8252
3280,0.970198929309845,4006,-0.6445391774177551,0.20192527770996094,1.6147381067276,0.1116303876042366,1,0,0,0,8252
3282,0.6426295638084412,3639,-0.3904224932193756,0.22897537052631378,1.0330519676208496,3.325083017349243,1,0,0,0,8252
3293,-0.6841804385185242,1505,-0.16471166908740997,0.2991395890712738,-0.5194688439369202,0.0013336424017325044,1,0,0,0,8252
3356,1.0660403966903687,4083,-0.23036789894104004,0.21721072494983673,1.2964081764221191,6.887801647186279,1,0,0,0,8252
3367,3.900254011154175,4962,2.1310806274414062,0.19669967889785767,1.7691738605499268,0.00013169166049920022,1,0,0,0,8252
3370,0.9630946516990662,3999,1.3812360763549805,0.2936011552810669,-0.4181414544582367,4.913504270120939e-09,1,0,0,0,8252
3388,-0.7756211161613464,1361,-0.4565383493900299,0.28960981965065,-0.3190827965736389,0.012275464832782745,1,0,0,0,8252
3394,1.1593576669692993,4167,1.048805832862854,0.2699717581272125,0.11055178940296173,1.91948092833627e-05,1,0,0,0,8252
3396,-1.3651145696640015,637,-1.2159324884414673,0.28260111808776855,-0.14918188750743866,11.52946662902832,1,0,0,0,8252
3410,-0.49083882570266724,1837,-0.12421413511037827,0.29204031825065613,-0.366624653339386,0.0010965528199449182,1,0,0,0,8252
3420,0.41732606291770935,3327,0.05550747737288475,0.2591492533683777,0.3618186116218567,6.786157608032227,1,0,0,0,8252
3421,0.42873939871788025,3348,-0.12402164191007614,0.2505577802658081,0.5527611970901489,1.6887373277540974e-08,1,0,0,0,8252
3426,0.12594042718410492,2875,0.49612027406692505,0.29147425293922424,-0.37017980217933655,0.37058407068252563,1,0,0,0,8252
3431,0.35066357254981995,3218,0.19973710179328918,0.26857423782348633,0.15092648565769196,0.051389727741479874,1,0,0,0,8252
3448,-1.0786983966827393,951,-0.7758690714836121,0.2890652120113373,-0.3028291165828705,2.182575225830078,1,0,0,0,8252
3451,0.603421151638031,3578,-0.007680180948227644,0.2474343627691269,0.6111013293266296,0.024394672363996506,1,0,0,0,8252
3453,-1.7493038177490234,357,-0.46787410974502563,0.3346078097820282,-1.281429648399353,2.9865288734436035,1,0,0,0,8252
3456,-1.0583609342575073,976,-0.9025856852531433,0.2833651602268219,-0.15577520430088043,0.2455826699733734,1,0,0,0,8252
3459,-0.5704809427261353,1703,-0.07299771159887314,0.2978152930736542,-0.4974832236766815,0.08123685419559479,1,0,0,0,8252
3471,1.1706279516220093,4176,0.4989790916442871,0.2448263019323349,0.6716489195823669,0.009564475156366825,1,0,0,0,8252
3491,0.654958188533783,3652,0.42036768794059753,0.2650061249732971,0.23459060490131378,0.09014992415904999,1,0,0,0,8252
3492,1.176134705543518,4180,0.3533075749874115,0.2383781522512436,0.8228272795677185,0.001990752760320902,1,0,0,0,8252
3495,-0.5417836904525757,1750,-0.13175182044506073,0.29306715726852417,-0.41003188490867615,0.003598935669288039,1,0,0,0,8252
3496,0.9786874651908875,4017,0.01278494019061327,0.23218047618865967,0.9659024477005005,0.09641124308109283,1,0,0,0,8252
3498,1.7277179956436157,4532,1.3733502626419067,0.25977623462677,0.35436758399009705,-2.1751027645677823e-09,1,0,0,0,8252
3499,-3.0071206092834473,33,-0.4072180390357971,0.39361393451690674,-2.599902868270874,0.40780773758888245,1,0,1,1,8252
3502,-1.826523780822754,317,-0.5719423294067383,0.3331128656864166,-1.254581093788147,0.02237553894519806,1,0,0,0,8252
3547,-0.15601846575737,2424,-0.752711296081543,0.24954095482826233,0.5966929793357849,0.23896417021751404,1,0,0,0,8252
3557,-0.39110225439071655,2010,-0.2373073399066925,0.2822447717189789,-0.15379495918750763,0.3085884153842926,1,0,0,0,8252
3562,-0.20541051030158997,2347,-0.15040798485279083,0.27907702326774597,-0.05500248819589615,0.02166077122092247,1,0,0,0,8252
3572,-0.2754128575325012,2242,0.24612858891487122,0.29886865615844727,-0.5215415358543396,0.038117311894893646,1,0,0,0,8252
3576,-0.7474247813224792,1406,-0.4996239244937897,0.287312388420105,-0.2478008270263672,0.08041725307703018,1,0,0,0,8252
3580,2.871293544769287,4861,3.12115740776062,0.2863365709781647,-0.2498636543750763,1.3505225448162336e-14,1,0,0,0,8252
3595,2.6619436740875244,4824,1.0544664859771729,0.20298011600971222,1.6074774265289307,0.00029125940636731684,1,0,0,0,8252
3604,-0.6140621900558472,1620,-0.33284735679626465,0.2879839837551117,-0.2812148332595825,0.003152160905301571,1,0,0,0,8252
3616,1.4602359533309937,4392,-0.7033132314682007,0.17882241308689117,2.1635491847991943,0.06311678141355515,1,1,0,0,8252
3619,-0.45097509026527405,1909,-0.5181522369384766,0.27130553126335144,0.06717725098133087,0.005924243479967117,1,0,0,0,8252
3632,-0.7780864238739014,1355,-0.1535586416721344,0.3048956096172333,-0.6245277523994446,0.00015092243847902864,1,0,0,0,8252
3641,-0.8236002326011658,1298,-0.00814337283372879,0.31109973788261414,-0.8154568672180176,0.0008217246504500508,1,0,0,0,8252
3653,-0.28863558173179626,2217,-0.07860792428255081,0.28612783551216125,-0.21002769470214844,0.32900431752204895,1,0,0,0,8252
3660,0.05396491289138794,2778,-0.24024342000484467,0.2627071440219879,0.2942083477973938,0.18867763876914978,1,0,0,0,8252
3667,-1.145133376121521,866,0.08102833479642868,0.33116552233695984,-1.2261617183685303,0.001144950743764639,1,0,0,0,8252
3714,-0.5195350050926208,1789,-0.2657179832458496,0.28747785091400146,-0.25381696224212646,0.001057906192727387,1,0,0,0,8252
3746,1.6071481704711914,4473,-0.5146363973617554,0.17883002758026123,2.121784210205078,0.39731281995773315,1,0,0,0,8252
3747,-0.25065404176712036,2272,-0.5936878323554993,0.26073122024536133,0.3430337607860565,0.32008838653564453,1,0,0,0,8252
3748,-3.258514404296875,15,-1.1935961246490479,0.37006676197052,-2.0649187564849854,27.30712890625,1,0,1,1,8252
3751,-0.055719949305057526,2605,-0.5387058854103088,0.25404834747314453,0.4829859733581543,-0.01630396954715252,1,0,0,0,8252
3752,-1.6313955783843994,417,-0.45197412371635437,0.3296496272087097,-1.179421305656433,0.208262100815773,1,0,0,0,8252
3767,1.2182906866073608,4205,1.5388935804367065,0.28939974308013916,-0.32060280442237854,1.356338152902481e-09,1,0,0,0,8252
3778,0.7535673975944519,3782,1.1113406419754028,0.2907889485359192,-0.3577733039855957,-2.8069767722627148e-05,1,0,0,0,8252
3790,-0.38854464888572693,2019,-0.7742210626602173,0.2579791247844696,0.38567647337913513,0.1701776683330536,1,0,0,0,8252
3794,-0.44990238547325134,1910,-0.12160276621580124,0.29033464193344116,-0.3282996416091919,0.0005196435959078372,1,0,0,0,8252
3799,-0.004108193796128035,2670,-0.386307954788208,0.25987717509269714,0.38219982385635376,-0.01884525828063488,1,1,0,0,8252
3803,1.3005098104476929,4277,-0.6038393378257751,0.18788370490074158,1.9043492078781128,0.5305657982826233,1,0,0,0,8252
3810,-0.26101717352867126,2258,-0.5632556080818176,0.2623536288738251,0.30223843455314636,0.16751110553741455,1,0,0,0,8252
3828,1.4799693822860718,4401,-0.006426583509892225,0.20699094235897064,1.486396074295044,0.0009996977169066668,1,0,0,0,8252
3837,1.2532137632369995,4237,-0.500089704990387,0.1960662603378296,1.7533035278320312,0.005936868488788605,1,0,0,0,8252
3853,-2.9490394592285156,37,0.01520125288516283,0.4096853733062744,-2.964240789413452,0.05547701567411423,1,0,1,1,8252
3867,-0.48440733551979065,1846,0.06662338227033615,0.30073314905166626,-0.5510307550430298,0.04763751104474068,1,0,0,0,8252
3894,-1.0670974254608154,958,-0.8361650705337524,0.28630396723747253,-0.230932354927063,4.181195259094238,1,0,0,0,8252
3896,-0.7329574227333069,1426,-0.6495587825775146,0.2795381546020508,-0.08339866250753403,0.0026620773132890463,1,0,0,0,8252
3902,-3.878387212753296,1,-0.8618728518486023,0.41266846656799316,-3.0165138244628906,1.3122920989990234,1,0,1,1,8252
3916,0.5135523080825806,3449,-0.33336764574050903,0.23823921382427216,0.8469198346138,0.056315526366233826,1,0,0,0,8252
3917,1.241192102432251,4224,0.13290278613567352,0.2253531962633133,1.1082894802093506,-5.227997235124349e-07,1,0,0,0,8252
3949,0.12642064690589905,2879,-0.913305401802063,0.2288960963487625,1.0397260189056396,2.2071890830993652,1,0,0,0,8252
3959,1.6216557025909424,4479,0.7553278803825378,0.23652105033397675,0.8663277626037598,0.20694351196289062,1,0,0,0,8252
3960,4.045293807983398,4970,2.865022897720337,0.22051261365413666,1.1802706718444824,7.933868406001521e-13,1,0,0,0,8252
3965,0.27000489830970764,3096,0.40385332703590393,0.28114253282546997,-0.1338484287261963,0.0006968395900912583,1,0,0,0,8252
3966,2.165942907333374,4696,1.3091570138931274,0.23604872822761536,0.8567857146263123,6.178310640869711e-10,1,0,0,0,8252
3968,-0.14918796718120575,2436,0.13066250085830688,0.28789523243904114,-0.27985048294067383,0.32963502407073975,1,0,0,0,8252
3993,2.310821056365967,4733,0.9710838198661804,0.21621263027191162,1.3397375345230103,-2.1421935336718434e-09,1,0,0,0,8252
3995,-0.9683486223220825,1094,-0.45507144927978516,0.2994635999202728,-0.5132771730422974,0.003328629769384861,1,0,0,0,8252
4000,1.4214799404144287,4365,0.43719562888145447,0.23029053211212158,0.9842842221260071,0.05753708258271217,1,0,0,0,8252
4002,-1.1065788269042969,921,-0.8602092862129211,0.2871905565261841,-0.2463693618774414,0.013695046305656433,1,0,0,0,8252
4004,-0.7450836300849915,1411,0.345736026763916,0.3252301514148712,-1.0908197164535522,0.003819528268650174,1,0,0,0,8252
4009,-3.314126968383789,10,-0.8692961931228638,0.38569846749305725,-2.444831132888794,1.7992126941680908,1,0,1,1,8252
4019,-0.38864216208457947,2018,0.06760387122631073,0.2955588698387146,-0.45624595880508423,0.0044376542791724205,1,0,0,0,8252
4042,-0.4777138829231262,1860,-0.3789314329624176,0.2796904742717743,-0.098782479763031,4.632367199519649e-05,1,1,0,0,8252
4044,0.7866671681404114,3824,0.2617221772670746,0.2505456805229187,0.5249449014663696,0.00017146414029411972,1,0,0,0,8252
4067,-0.6389641761779785,1567,-1.0265662670135498,0.25866660475730896,0.3876020610332489,8.012014389038086,1,0,0,0,8252
4074,-0.6049749851226807,1638,-0.8543292880058289,0.26402026414871216,0.24935424327850342,0.0003546475782059133,1,0,0,0,8252
4120,0.9179766774177551,3967,0.140911266207695,0.23982933163642883,0.7770654559135437,0.016387682408094406,1,0,0,0,8252
4125,-0.5517070293426514,1736,-0.7788066267967224,0.26737233996391296,0.22709952294826508,10.582359313964844,1,0,0,0,8252
4127,-0.3571242094039917,2073,-0.39074546098709106,0.27324703335762024,0.03362124413251877,0.15685826539993286,1,0,0,0,8252
4135,-1.542126178741455,477,-0.8032752871513367,0.31014931201934814,-0.7388509511947632,0.07542961835861206,1,0,0,0,8252
4153,0.49790769815444946,3434,0.9190109372138977,0.2944568395614624,-0.421103298664093,7.79915154680566e-08,1,0,0,0,8252
4160,0.5544537305831909,3502,-0.22252121567726135,0.24126096069812775,0.7769750356674194,0.07999597489833832,1,0,0,0,8252
4161,3.3150696754455566,4916,2.3333375453948975,0.22977685928344727,0.9817314147949219,-3.119217037439448e-11,1,0,0,0,8252
4188,-0.9453433156013489,1125,-0.37580370903015137,0.3019004166126251,-0.5695396661758423,0.0006868209457024932,1,0,0,0,8252
4203,-0.8791821599006653,1212,-0.5375041961669922,0.29107755422592163,-0.3416779339313507,2.4541361331939697,1,0,0,0,8252
4255,3.200629472732544,4905,2.206270933151245,0.2310362309217453,0.9943585395812988,-1.0947760710131038e-12,1,0,0,0,8252
4259,-1.6212564706802368,425,-0.6452115774154663,0.3208857476711273,-0.9760448336601257,0.004648527130484581,1,0,0,0,8252
4260,-0.71731036901474,1453,-0.4853309094905853,0.28783291578292847,-0.2319795936346054,-0.07318282127380371,1,0,0,0,8252
4275,-0.589084804058075,1665,-0.341810405254364,0.2870257794857025,-0.24727454781532288,0.0001230781781487167,1,0,0,0,8252
4312,0.15677836537361145,2921,-0.2704777419567108,0.255136638879776,0.42725610733032227,0.0003196229226887226,1,0,0,0,8252
4316,-2.5042550563812256,83,-0.2816832959651947,0.37700048089027405,-2.2225711345672607,0.1891375333070755,1,0,1,1,8252
4319,-1.1042784452438354,922,-0.7300731539726257,0.2933732271194458,-0.37420520186424255,2.919844627380371,1,0,0,0,8252
4330,-0.0981038361787796,2532,-0.13293267786502838,0.274140328168869,0.034828830510377884,0.026718486100435257,1,0,0,0,8252
4347,0.22512634098529816,3046,-0.5918363928794861,0.23923484981060028,0.8169626593589783,0.0955992043018341,1,0,0,0,8252
4355,1.2676446437835693,4253,0.359967440366745,0.23494069278240204,0.907677173614502,1.8757842781269574e-06,1,0,0,0,8252
4362,0.7896938920021057,3826,0.8080646395683289,0.2762739658355713,-0.01837087981402874,-2.3005506832873834e-08,1,0,0,0,8252
4366,-0.8123887181282043,1314,-0.7667576670646667,0.27759429812431335,-0.04563096910715103,0.057504039257764816,1,0,0,0,8252
4406,1.045519471168518,4063,0.6052994132041931,0.2557785212993622,0.44022002816200256,-1.1067266314057633e-05,1,0,0,0,8252
4419,-1.3038311004638672,696,-0.2734433710575104,0.32229727506637573,-1.0303877592086792,1.9607446193695068,1,0,0,0,8252
4424,-0.2567199468612671,2262,0.014484765939414501,0.28851503133773804,-0.2712046802043915,0.011104912497103214,1,0,0,0,8252
4448,-0.706275999546051,1474,-0.604583203792572,0.28029388189315796,-0.10169284790754318,0.0069547914899885654,1,0,0,0,8252
4451,0.21916036307811737,3033,-0.7139425277709961,0.23386144638061523,0.9331027865409851,0.8360451459884644,1,0,0,0,8252
4456,-0.3439204692840576,2104,-0.4539200961589813,0.2710643410682678,0.1099996343255043,0.5961104035377502,1,1,0,0,8252
4463,3.1977508068084717,4904,2.6747472286224365,0.2502850592136383,0.5230037569999695,-1.6550018300254266e-11,1,0,0,0,8252
4467,-1.479673981666565,520,-0.5743054747581482,0.31715232133865356,-0.9053682684898376,0.019056063145399094,1,0,0,0,8252
4479,0.13724283874034882,2894,-0.42343583703041077,0.24962857365608215,0.5606786608695984,1.4236538410186768,1,0,0,0,8252
4486,0.7232467532157898,3744,-0.5861304402351379,0.21746377646923065,1.3093773126602173,9.255361557006836,1,0,0,0,8252
4487,-0.5957610011100769,1652,-0.6567538976669312,0.2731335163116455,0.06099291518330574,2.947977304458618,1,0,0,0,8252
4494,-0.24804942309856415,2277,0.3935783803462982,0.30408403277397156,-0.641627848148346,0.012457508593797684,1,0,0,0,8252
4495,-1.3534047603607178,646,-0.5314245820045471,0.31455668807029724,-0.8219801187515259,0.08148662745952606,1,0,0,0,8252
4512,1.4849306344985962,4405,0.8231369853019714,0.24468529224395752,0.6617938876152039,-1.6383613354875592e-09,1,0,0,0,8252
4529,1.5204081535339355,4423,0.9582858085632324,0.2501600384712219,0.5621223449707031,-6.724460490659112e-06,1,0,0,0,8252
4532,1.3362317085266113,4311,-0.008875775150954723,0.21425814926624298,1.3451075553894043,0.036162104457616806,1,1,0,0,8252
4534,0.7737928628921509,3808,-0.18497371673583984,0.23283739387989044,0.9587665796279907,-6.857553671579808e-06,1,0,0,0,8252
4535,1.256987452507019,4240,1.39097261428833,0.2809431850910187,-0.13398528099060059,-1.6358027821183896e-08,1,0,0,0,8252
4547,-2.9580419063568115,36,-0.7681552767753601,0.37516650557518005,-2.1898868083953857,2.418374538421631,1,0,1,1,8252
4548,-0.15815435349941254,2419,-0.7301222681999207,0.25002604722976685,0.5719678401947021,0.625123143196106,1,0,0,0,8252
4572,1.4460622072219849,4379,1.444484829902649,0.2756645679473877,0.0015774936182424426,7.711627176831826e-07,1,0,0,0,8252
4579,-0.42231130599975586,1963,0.019798126071691513,0.2950948476791382,-0.4421095550060272,2.7235012112214463e-06,1,0,0,0,8252
4600,1.6986099481582642,4520,1.8165435791015625,0.28144702315330505,-0.11793351173400879,2.2420232426156872e-07,1,0,0,0,8252
4610,-0.36048945784568787,2065,0.2940419614315033,0.3054320216178894,-0.6545314788818359,0.006736255716532469,1,0,0,0,8252
4626,0.9628822207450867,3997,1.266229271888733,0.2896938920021057,-0.30334699153900146,-3.0916615934017955e-09,1,0,0,0,8252
4627,0.685161292552948,3692,-0.16157327592372894,0.2361634075641632,0.8467344641685486,0.021744541823863983,1,0,0,0,8252
4632,0.08014356344938278,2809,-0.3461940288543701,0.2562176585197449,0.4263375699520111,0.1501874327659607,1,0,0,0,8252
4635,0.6066295504570007,3587,-0.344672828912735,0.23327112197875977,0.9513023495674133,0.03569306805729866,1,0,0,0,8252
4639,-1.1529285907745361,854,-0.843422532081604,0.2898513972759247,-0.30950602889060974,4.927862167358398,1,0,0,0,8252
4641,0.6949132084846497,3706,0.11783542484045029,0.2493382692337036,0.5770778059959412,0.0894002690911293,1,0,0,0,8252
4662,0.4366520345211029,3357,-0.24775786697864532,0.2450675517320633,0.6844099760055542,0.017073484137654305,1,0,0,0,8252
4692,0.4547320306301117,3374,-0.5739357471466064,0.23029470443725586,1.02866792678833,3.3798553943634033,1,0,0,0,8252
4694,-0.5364699959754944,1760,-0.44797173142433167,0.28068670630455017,-0.08849834650754929,0.6116182804107666,1,0,0,0,8252
4698,0.856916069984436,3901,-0.33242282271385193,0.22376587986946106,1.1893389225006104,0.09109848737716675,1,0,0,0,8252
4699,-1.9116653203964233,283,-0.8651594519615173,0.32293111085891724,-1.0465058088302612,5.364312648773193,1,0,0,0,8252
4702,-1.2673344612121582,726,-0.29191017150878906,0.3203257620334625,-0.9754241108894348,8.82766253198497e-05,1,0,0,0,8252
4716,-0.47724467515945435,1862,-0.5880038142204285,0.27025172114372253,0.11075913161039352,0.5297355055809021,1,0,0,0,8252
4728,-0.9765524864196777,1081,0.040086790919303894,0.3215777575969696,-1.0166393518447876,0.006508428603410721,1,0,0,0,8252
4733,-2.4118404388427734,106,-0.38110944628715515,0.3678572475910187,-2.030730962753296,0.0008777447510510683,1,0,1,1,8252
4740,0.848526120185852,3888,0.49018344283103943,0.25855597853660583,0.3583426773548126,0.005428952630609274,1,0,0,0,8252
4788,2.8561055660247803,4857,1.6270935535430908,0.2182368040084839,1.2290118932724,-4.4624704287343775e-07,1,0,0,0,8252
4802,-3.175647497177124,18,-0.842623233795166,0.3824908137321472,-2.333024263381958,3.952043056488037,1,0,1,1,8252
4808,-0.6996093988418579,1482,-0.7463260889053345,0.2739241123199463,0.04671662673354149,0.14523246884346008,1,0,0,0,8252
4814,1.811846137046814,4571,1.0012739896774292,0.23834724724292755,0.8105721473693848,0.00030259345658123493,1,0,0,0,8252
4817,-0.31873956322669983,2163,-0.24322675168514252,0.2804830074310303,-0.0755128338932991,0.0007817487930878997,1,0,0,0,8252
4822,-0.13945738971233368,2452,0.7739771008491516,0.3175661563873291,-0.9134344458580017,0.03435661643743515,1,0,0,0,8252
4838,-1.0082812309265137,1040,-0.4648009240627289,0.2995249927043915,-0.5434800982475281,0.08109116554260254,1,0,0,0,8252
4844,-0.07832293957471848,2564,-0.18608081340789795,0.2716377079486847,0.10775788128376007,0.0007372621912509203,1,0,0,0,8252
4849,0.5999590754508972,3573,-0.9634952545166016,0.20527635514736176,1.563454508781433,0.0579642690718174,1,0,0,0,8252
4850,1.3285378217697144,4303,1.590662956237793,0.28742605447769165,-0.2621253430843353,-1.049048137247155e-07,1,0,0,0,8252
4862,-1.9557617902755737,263,-0.7954861521720886,0.32938387989997864,-1.1602755784988403,0.12743669748306274,1,0,0,0,8252
4874,1.3157891035079956,4292,1.673828125,0.29053518176078796,-0.3580392599105835,-3.299637540976619e-08,1,0,0,0,8252
4878,2.1334736347198486,4685,0.11009285598993301,0.18326108157634735,2.0233805179595947,0.016387630254030228,1,0,0,0,8252
4882,-0.28837960958480835,2219,-0.39937612414360046,0.27046501636505127,0.11099656671285629,0.028231803327798843,1,0,0,0,8252
4884,-1.6073007583618164,431,-0.6457774639129639,0.32049641013145447,-0.9615234732627869,0.07796710729598999,1,0,0,0,8252
4890,0.08805390447378159,2828,-0.07942058891057968,0.268583744764328,0.16747449338436127,0.00215668766759336,1,0,0,0,8252
4893,-0.3238913118839264,2156,0.08241668343544006,0.29425039887428284,-0.40630802512168884,0.0005090733175165951,1,0,0,0,8252
4920,-3.1048848628997803,24,-0.5588474273681641,0.39137110114097595,-2.5460376739501953,0.6024362444877625,1,0,1,1,8252
4922,-0.7946149706840515,1332,-0.3260316848754883,0.29727742075920105,-0.468583345413208,0.28530988097190857,1,1,0,0,8252
4956,-0.3562411367893219,2076,-0.7928656339645386,0.2568452060222626,0.43662452697753906,2.593945026397705,1,0,0,0,8252
4960,-2.145852565765381,177,-1.0202200412750244,0.32710593938827515,-1.1256325244903564,5.773603439331055,1,0,1,1,8252
4961,0.43744131922721863,3359,-0.15149103105068207,0.24920307099819183,0.5889322757720947,0.0027948704082518816,1,0,0,0,8252
4968,0.06606892496347427,2793,-0.4649524688720703,0.2507079839706421,0.5310213565826416,0.589381754398346,1,0,0,0,8252
4990,0.1941925585269928,2993,0.39943358302116394,0.28452035784721375,-0.20524106919765472,6.821870179862799e-09,1,0,0,0,8252
4997,-0.899420440196991,1187,-0.7238773703575134,0.2839203476905823,-0.17554304003715515,1.3138355016708374,1,0,0,0,8252
5004,0.2429281324148178,3065,-0.41955405473709106,0.24562899768352509,0.6624822616577148,0.10069132596254349,1,0,0,0,8252
5036,-0.8330658078193665,1282,-0.10424460470676422,0.3086315095424652,-0.7288212776184082,0.3120573163032532,1,0,0,0,8252
5039,0.729498565196991,3758,0.8737398386001587,0.2820287346839905,-0.14424116909503937,0.0007723859744146466,1,0,0,0,8252
5043,-1.1460936069488525,863,-0.9320066571235657,0.2864192724227905,-0.2140868902206421,21.531295776367188,1,0,0,0,8252
5049,-0.7100867629051208,1465,-0.133943110704422,0.3019425570964813,-0.5761435627937317,-0.00029506086139008403,1,0,0,0,8252
5057,-0.4960995614528656,1829,-0.7140413522720337,0.26664236187934875,0.2179417908191681,3.1052207946777344,1,0,0,0,8252
5068,-0.4396149814128876,1931,-0.6329439282417297,0.2665311098098755,0.19332897663116455,0.01406463049352169,1,0,0,0,8252
5090,-0.33014288544654846,2141,-0.554222047328949,0.2649323344230652,0.2240792065858841,0.012531681917607784,1,0,0,0,8252
5098,0.18930983543395996,2982,-0.28671932220458984,0.25440871715545654,0.4760291576385498,0.07587911933660507,1,0,0,0,8252
5100,-0.57857745885849,1689,-0.3917848765850067,0.28321388363838196,-0.1867924928665161,0.8231112360954285,1,0,0,0,8252
5108,-0.9864377975463867,1068,-0.7252058982849121,0.28871262073516846,-0.2612319886684418,0.9849499464035034,1,0,0,0,8252
5135,1.6797555685043335,4510,0.6703377962112427,0.23127245903015137,1.0094177722930908,0.00014222643221728504,1,0,0,0,8252
5136,0.2635575532913208,3092,-0.8365671038627625,0.22582991421222687,1.100124716758728,14.215811729431152,1,0,0,0,8252
5152,0.04669957607984543,2762,-0.4870425760746002,0.2500157058238983,0.5337421894073486,0.8352437615394592,1,0,0,0,8252
5156,0.9474188685417175,3985,0.6556727290153503,0.2613617777824402,0.2917461395263672,0.00042784796096384525,1,0,0,0,8252
5175,-2.368722677230835,115,-1.1766096353530884,0.330646812915802,-1.1921128034591675,13.074259757995605,1,0,1,1,8252
5201,0.18005362153053284,2962,-0.39287281036376953,0.24956905841827393,0.5729264616966248,3.6260201930999756,1,0,0,0,8252
5205,-0.6214635968208313,1601,1.1132235527038574,0.35491448640823364,-1.7346872091293335,0.005208298563957214,1,0,0,0,8252
5208,1.646182894706726,4492,-0.3007862865924835,0.18657955527305603,1.9469692707061768,0.0026080829557031393,1,0,0,0,8252
5233,-1.4092602729797363,589,-0.5963354706764221,0.3125463128089905,-0.812924861907959,2.2646827697753906,1,0,0,0,8252
5265,0.5900939702987671,3554,0.043630968779325485,0.24977877736091614,0.5464630722999573,0.0026824581436812878,1,1,0,0,8252
5267,-0.9098909497261047,1173,-0.23087485134601593,0.30805709958076477,-0.6790160536766052,0.0013692632783204317,1,0,0,0,8252
5270,-0.9176769256591797,1161,-0.6286627054214478,0.289134681224823,-0.2890142500400543,0.028073003515601158,1,0,0,0,8252
5288,0.2887211740016937,3119,0.10403835773468018,0.2677379548549652,0.18468283116817474,-0.0024036699905991554,1,0,0,0,8252
5303,-0.1732170134782791,2390,-0.25938281416893005,0.27056044340133667,0.08616577833890915,0.2504117786884308,1,0,0,0,8252
5305,0.5394965410232544,3477,0.025806546211242676,0.25303277373313904,0.5136899948120117,0.48340585827827454,1,1,0,0,8252
5335,-1.2383501529693604,763,-0.23038510978221893,0.32052960991859436,-1.0079649686813354,0.13297820091247559,1,0,0,0,8252
5367,-0.9167567491531372,1162,0.264286607503891,0.32938089966773987,-1.1810433864593506,4.090420588909183e-06,1,0,0,0,8252
5369,-1.1337593793869019,877,0.10375791043043137,0.33209702372550964,-1.237517237663269,0.006317710503935814,1,0,0,0,8252
5372,-0.5402896404266357,1753,-0.791425883769989,0.2647264897823334,0.2511361837387085,0.8925301432609558,1,0,0,0,8252
5379,-0.5767124891281128,1692,-0.5889932513237,0.27582865953445435,0.012280816212296486,3.4700253009796143,1,0,0,0,8252
5393,-1.2400412559509277,760,-0.712657630443573,0.30029329657554626,-0.52738356590271,15.108599662780762,1,0,0,0,8252
5399,0.08052360266447067,2811,0.27234721183776855,0.28458988666534424,-0.19182360172271729,0.007237609475851059,1,0,0,0,8252
5411,-1.7783682346343994,341,-0.49612775444984436,0.33357498049736023,-1.2822405099868774,0.00845574401319027,1,0,0,0,8252
5413,0.4936346113681793,3423,0.7903037071228027,0.2884902060031891,-0.29666903614997864,0.00839297752827406,1,0,0,0,8252
5421,2.054741621017456,4665,0.14527800679206848,0.1876443773508072,1.909463882446289,0.0019390922971069813,1,0,0,0,8252
5431,-0.3514595627784729,2088,0.09891737997531891,0.2956046462059021,-0.4503769874572754,0.025716885924339294,1,1,0,0,8252
5439,2.2851643562316895,4727,1.1944302320480347,0.22564862668514252,1.0907342433929443,-1.3114104149281047e-06,1,0,0,0,8252
5448,-0.33210888504981995,2136,0.0384918749332428,0.2928535044193268,-0.37060078978538513,0.0005132636288180947,1,0,0,0,8252
5458,1.4704347848892212,4398,0.5102197527885437,0.2323991358280182,0.9602147936820984,9.646666148910299e-05,1,0,0,0,8252
5467,1.2454274892807007,4228,0.5950533151626587,0.24594251811504364,0.6503743529319763,0.017679911106824875,1,0,0,0,8252
5500,-0.24427202343940735,2285,-0.18145297467708588,0.27715304493904114,-0.06281906366348267,0.0004246623138897121,1,0,0,0,8252
5503,-0.42999884486198425,1949,-0.4136367738246918,0.2773442566394806,-0.016362031921744347,0.7926799058914185,1,1,0,0,8252
5504,-0.6271905303001404,1592,-0.31402525305747986,0.29032623767852783,-0.3131652772426605,0.00877147726714611,1,0,0,0,8252
5505,-1.4891074895858765,514,-0.7940176725387573,0.3069400489330292,-0.6950899362564087,1.9960689544677734,1,0,0,0,8252
5509,0.3517948091030121,3220,0.3195711076259613,0.2738243043422699,0.03222377225756645,0.057361289858818054,1,0,0,0,8252
5510,0.9629197120666504,3998,-0.006270415615290403,0.23208950459957123,0.9691901206970215,0.003088359721004963,1,0,0,0,8252
5517,1.8043063879013062,4567,1.5064152479171753,0.26151329278945923,0.2978912591934204,-7.341665053672841e-09,1,0,0,0,8252
5544,-1.2170379161834717,780,-0.8143704533576965,0.29522719979286194,-0.40266743302345276,1.3415054082870483,1,0,0,0,8252
5547,0.02649705484509468,2726,-0.6251813769340515,0.24736039340496063,0.6516785025596619,0.026965612545609474,1,0,0,0,8252
5555,-1.371403455734253,633,-0.6237001419067383,0.30978140234947205,-0.7477033734321594,0.008230291306972504,1,0,0,0,8252
5561,0.12917840480804443,2885,-0.04090316966176033,0.2682982087135315,0.17008158564567566,0.2847253084182739,1,0,0,0,8252
5565,0.1747853308916092,2955,-0.1979845017194748,0.25935888290405273,0.3727697730064392,0.001423378475010395,1,0,0,0,8252
5593,0.740541398525238,3767,0.3968091309070587,0.2600618302822113,0.34373220801353455,0.0001448054681532085,1,0,0,0,8252
5606,0.10117524862289429,2845,0.1383483111858368,0.27667564153671265,-0.037173058837652206,0.0012764855055138469,1,0,0,0,8252
5613,1.0781570672988892,4101,1.0586378574371338,0.27514776587486267,0.01951921358704567,4.847362689019974e-08,1,0,0,0,8252
5626,-1.4041084051132202,595,-0.8009086847305298,0.30353590846061707,-0.6031997799873352,15.33523941040039,1,0,0,0,8252
5645,1.4244269132614136,4368,-0.4468823969364166,0.1906367987394333,1.8713091611862183,4.054656028747559,1,0,0,0,8252
5646,1.350546956062317,4319,0.16730985045433044,0.22177700698375702,1.1832374334335327,0.0008476669900119305,1,0,0,0,8252
5651,1.318658471107483,4295,1.6098812818527222,0.2882642149925232,-0.2912224233150482,0.0075021302327513695,1,0,0,0,8252
5655,-0.991745114326477,1060,-0.292706698179245,0.30767908692359924,-0.6990382671356201,0.03535771369934082,1,0,0,0,8252
5670,3.236043691635132,4909,1.5344338417053223,0.19835439324378967,1.701609492301941,-3.4911615265365015e-11,1,0,0,0,8252
5681,-1.5645586252212524,462,-0.6667798161506653,0.31670746207237244,-0.8977789878845215,0.6936989426612854,1,0,0,0,8252
5690,-0.3601777255535126,2067,-0.8650687336921692,0.25294211506843567,0.5048909187316895,1.2877941131591797,1,0,0,0,8252
5695,-1.519696831703186,490,-0.995489239692688,0.30048972368240356,-0.5242074728012085,0.15303421020507812,1,0,0,0,8252
5698,1.2871814966201782,4267,-0.11324899643659592,0.21234169602394104,1.40043044090271,0.009504446759819984,1,0,0,0,8252
5700,0.0622456930577755,2787,-0.21875713765621185,0.2619798183441162,0.28100284934043884,0.02163637802004814,1,0,0,0,8252
5729,0.5791310667991638,3536,-0.811922013759613,0.21208135783672333,1.3910530805587769,0.026557112112641335,1,0,0,0,8252
5734,-1.297342300415039,700,0.5553019046783447,0.36080533266067505,-1.8526443243026733,0.06412391364574432,1,0,0,0,8252
5736,1.235838532447815,4221,1.4896739721298218,0.28567057847976685,-0.253835529088974,-1.2914307845335316e-08,1,0,0,0,8252
5749,-1.903399109840393,285,-0.7914172410964966,0.32709944248199463,-1.1119818687438965,8.506307601928711,1,0,0,0,8252
5751,0.5393542647361755,3476,-0.6035219430923462,0.22509340941905975,1.142876148223877,0.09776809066534042,1,0,0,0,8252
5755,-0.5049812197685242,1815,-0.035540640354156494,0.29639706015586853,-0.4694405198097229,0.0024782735854387283,1,0,0,0,8252
5760,-0.14952124655246735,2435,-0.5058456063270569,0.2589145004749298,0.35632437467575073,0.009003621526062489,1,0,0,0,8252
5780,1.3077389001846313,4282,1.2270829677581787,0.27080535888671875,0.0806557908654213,-2.975825807993715e-08,1,0,0,0,8252
5808,0.036587536334991455,2738,-0.4265231788158417,0.25449424982070923,0.4631107747554779,0.04798739776015282,1,1,0,0,8252
5830,3.7478668689727783,4956,2.632598876953125,0.22533540427684784,1.1152681112289429,-5.5222130037127504e-14,1,0,0,0,8252
5832,0.8809217810630798,3930,0.5599892735481262,0.2609506845474243,0.3209325075149536,6.337476952467114e-05,1,0,0,0,8252
5837,-0.78703373670578,1341,0.003396320389583707,0.31064602732658386,-0.7904300093650818,-5.916402869843296e-07,1,0,0,0,8252
5840,2.172879457473755,4699,0.6387208700180054,0.20577886700630188,1.5341585874557495,0.0013319007121026516,1,0,0,0,8252
5849,0.40869221091270447,3312,-0.162618950009346,0.2502194941043854,0.5713111758232117,2.624427080154419,1,0,0,0,8252
5850,-0.5559360384941101,1726,0.3412722051143646,0.3159070909023285,-0.8972081542015076,0.002789740450680256,1,1,0,0,8252
5853,0.15588490664958954,2916,-0.7433320879936218,0.23581574857234955,0.8992169499397278,0.190354585647583,1,0,0,0,8252
5872,-0.5561996102333069,1723,-0.18225271999835968,0.2923741042613983,-0.373946875333786,0.057276174426078796,1,0,0,0,8252
5886,0.9028566479682922,3954,0.9410831332206726,0.276337593793869,-0.038226474076509476,6.521032628370449e-05,1,0,0,0,8252
5899,0.7258679866790771,3748,0.38393402099609375,0.25978797674179077,0.341933935880661,0.0003306478902231902,1,0,0,0,8252
5905,-0.24320821464061737,2287,0.01618064194917679,0.2870195806026459,-0.25938880443573,0.0046006436459720135,1,0,0,0,8252
5920,0.3722769320011139,3262,-0.36660343408584595,0.24204802513122559,0.7388803362846375,0.034190911799669266,1,0,0,0,8252
5960,-0.5943027138710022,1657,-0.1625421941280365,0.2958715856075287,-0.4317604601383209,1.1917510032653809,1,1,0,0,8252
5961,0.2608931362628937,3087,0.1799784004688263,0.27257999777793884,0.080914705991745,6.546972872456536e-05,1,0,0,0,8252
5962,-0.523561418056488,1784,-0.45050492882728577,0.2798534631729126,-0.07305661588907242,0.000429188075941056,1,0,0,0,8252
5965,1.755520224571228,4549,1.2100306749343872,0.2513957917690277,0.5454896092414856,1.2973823404482943e-10,1,0,0,0,8252
5970,2.1822402477264404,4702,1.8156145811080933,0.2579350471496582,0.3666253089904785,2.7409188807503426e-10,1,0,0,0,8252
5981,-1.3299574851989746,667,-0.6292247176170349,0.3069934844970703,-0.7007327079772949,1.0561068058013916,1,0,0,0,8252
5993,-1.2804638147354126,715,-0.7424586415290833,0.2995385527610779,-0.5380050539970398,1.5873703956604004,1,0,0,0,8252
6001,-0.3934866786003113,2008,-0.3747883439064026,0.27682504057884216,-0.018698349595069885,0.03575364500284195,1,0,0,0,8252
6017,-0.961871325969696,1102,0.1746528148651123,0.3265720307826996,-1.1365243196487427,-8.605572475062218e-06,1,0,0,0,8252
6024,-0.3646979033946991,2057,0.763123095035553,0.32699623703956604,-1.1278209686279297,4.4442631406127475e-06,1,1,0,0,8252
6029,0.5438355803489685,3484,0.01014393288642168,0.25212928652763367,0.5336917042732239,0.000770713435485959,1,0,0,0,8252
6033,-0.1070273146033287,2515,-0.47217926383018494,0.2593182623386383,0.3651520013809204,0.009619144722819328,1,0,0,0,8252
6037,-0.5981963276863098,1650,-0.035712674260139465,0.2994805574417114,-0.5624836087226868,0.009281420148909092,1,0,0,0,8252
6042,-0.7956655621528625,1330,-0.6479935646057129,0.282245010137558,-0.14767204225063324,-2.4689361453056335e-06,1,0,0,0,8252
6047,-0.1306859254837036,2470,-0.40225300192832947,0.2638354003429413,0.27156707644462585,0.7333491444587708,1,0,0,0,8252
6048,-2.8109147548675537,42,-0.9879627227783203,0.3578168451786041,-1.8229519128799438,1.165186882019043,1,0,1,1,8252
6053,-0.6892061233520508,1496,-0.7174888253211975,0.2746596038341522,0.02828272618353367,4.1955461502075195,1,0,0,0,8252
6058,-0.5402592420578003,1754,-0.4182297885417938,0.28200802206993103,-0.12202942371368408,0.00073389639146626,1,0,0,0,8252
6065,-2.2546913623809814,143,-0.24029429256916046,0.3665459454059601,-2.014397382736206,0.43454310297966003,1,0,1,1,8252
6082,-0.5655695796012878,1709,-0.5783230066299438,0.27573442459106445,0.012753394432365894,13.956757545471191,1,0,0,0,8252
6088,0.9993168115615845,4031,-0.037824153900146484,0.22809544205665588,1.0371407270431519,0.745299220085144,1,0,0,0,8252
6091,0.7474714517593384,3777,-0.5697121024131775,0.21577440202236176,1.3171833753585815,0.21628981828689575,1,0,0,0,8252
6092,-1.114890694618225,909,-0.5589408278465271,0.3008172810077667,-0.555949866771698,10.744552612304688,1,1,0,0,8252
6094,-0.7257099151611328,1435,-0.6856273412704468,0.27847757935523987,-0.040082626044750214,5.282870292663574,1,0,0,0,8252
6100,0.5402513146400452,3480,-0.7735977172851562,0.2180355340242386,1.3138493299484253,1.4153389930725098,1,0,0,0,8252
6102,0.9902146458625793,4023,0.46066781878471375,0.2515726089477539,0.5295466780662537,0.030322160571813583,1,0,0,0,8252
6104,-0.48781895637512207,1841,-0.604814350605011,0.2716306149959564,0.11699531227350235,0.9987220764160156,1,0,0,0,8252
6105,-2.1643893718719482,171,-0.4159643352031708,0.3551695942878723,-1.7484251260757446,0.0014834972098469734,1,1,1,1,8252
6131,-0.9227245450019836,1154,-0.6654838919639587,0.2882116734981537,-0.2572406530380249,2.732034921646118,1,0,0,0,8252
6140,-0.12423890084028244,2487,0.3195613920688629,0.2970457375049591,-0.44380027055740356,-3.2841794563864823e-06,1,0,0,0,8252
6154,-0.5489119291305542,1742,-0.46801114082336426,0.2781873643398285,-0.08090087026357651,0.03298655524849892,1,0,0,0,8252
6155,-0.6233500242233276,1600,-0.8962737321853638,0.26403528451919556,0.2729235887527466,0.9995139241218567,1,1,0,0,8252
6184,-1.3911527395248413,614,-0.7518951892852783,0.304760605096817,-0.6392577886581421,3.4289536476135254,1,0,0,0,8252
6202,-1.9939457178115845,239,-0.9810927510261536,0.32323190569877625,-1.0128530263900757,1.9018785953521729,1,0,1,1,8252
6215,0.9354419708251953,3979,0.24427221715450287,0.24515719711780548,0.6911696791648865,0.037586282938718796,1,0,0,0,8252
6220,0.76957768201828,3802,0.39193740487098694,0.2576899528503418,0.37764012813568115,4.272183673492691e-08,1,0,0,0,8252
6222,0.32107117772102356,3166,-0.3228040039539337,0.2470514327287674,0.643875241279602,0.16346493363380432,1,0,0,0,8252
6232,-0.07221157848834991,2578,-0.6362883448600769,0.2498737871646881,0.5640767812728882,0.54189133644104,1,0,0,0,8252
6248,1.8530733585357666,4588,1.9163745641708374,0.2777702212333679,-0.06330138444900513,-1.7493061932327691e-07,1,0,0,0,8252
6253,-0.2047189474105835,2349,-0.7540568113327026,0.25126537680625916,0.5493379235267639,0.8774891495704651,1,0,0,0,8252
6259,-0.19698156416416168,2358,-0.44032716751098633,0.2652105987071991,0.24334561824798584,0.16215106844902039,1,0,0,0,8252
6279,0.4331705570220947,3353,0.42002254724502563,0.2748877704143524,0.013148016296327114,0.004586660303175449,1,0,0,0,8252
6333,-0.6989043951034546,1483,-0.9610224962234497,0.2635232210159302,0.2621181011199951,7.557009696960449,1,0,0,0,8252
6338,0.03988824039697647,2744,0.01500917412340641,0.27417072653770447,0.024879122152924538,0.0010546999983489513,1,0,0,0,8252
6340,0.8779487013816833,3926,0.8458352088928223,0.2739471197128296,0.03211352229118347,0.0012149703688919544,1,1,0,0,8252
6345,-1.2754796743392944,720,-0.16124729812145233,0.3271656930446625,-1.1142323017120361,-4.108827340587595e-07,1,0,0,0,8252
6352,0.016937976703047752,2706,-0.08265916258096695,0.2708370089530945,0.09959711879491806,8.884463022695854e-05,1,0,0,0,8252
6355,-0.15752068161964417,2422,-0.758840024471283,0.24905987083911896,0.6013193130493164,0.1554720550775528,1,0,0,0,8252
6358,0.3617282509803772,3240,-0.25398826599121094,0.24657988548278809,0.6157165169715881,3.6422972679138184,1,0,0,0,8252
6377,1.816878318786621,4573,0.13264499604701996,0.19893814623355865,1.68423330783844,-5.816334578412352e-07,1,0,0,0,8252
6419,-0.3121277987957001,2177,-0.25537726283073425,0.27792027592658997,-0.05675046518445015,0.00031371714430861175,1,0,0,0,8252
6424,-0.46834802627563477,1875,-0.8374094367027283,0.25878316164016724,0.36906132102012634,0.0015498078428208828,1,0,0,0,8252
6436,-1.499228835105896,509,-0.5229352712631226,0.32078975439071655,-0.9762935638427734,1.7647430896759033,1,0,0,0,8252
6443,0.43835821747779846,3360,1.2798737287521362,0.3128986954689026,-0.8415156602859497,3.5990531443985674e-08,1,0,0,0,8252
6444,-1.2608225345611572,735,-0.24282024800777435,0.32114577293395996,-1.0180023908615112,1.643736481666565,1,0,0,0,8252
6455,0.13049037754535675,2887,0.008150259964168072,0.2708578109741211,0.1223401203751564,0.18046432733535767,1,0,0,0,8252
6476,1.4956996440887451,4408,-0.042597413063049316,0.2059890776872635,1.5382970571517944,0.0236121267080307,1,0,0,0,8252
6483,3.738147497177124,4955,1.9807261228561401,0.19486744701862335,1.7574211359024048,-3.5006138432436273e-07,1,0,0,0,8252
6519,2.7031750679016113,4832,1.2502467632293701,0.21016626060009003,1.4529279470443726,-5.485256338033651e-07,1,0,0,0,8252
6530,-2.4501991271972656,97,-0.7930557727813721,0.35072195529937744,-1.657143235206604,0.8124342560768127,1,0,1,1,8252
6533,-0.10195417702198029,2524,0.9402972459793091,0.32352522015571594,-1.042251467704773,1.7669029572786599e-09,1,0,0,0,8252
6561,-0.9439878463745117,1127,-0.24626584351062775,0.30758556723594666,-0.6977221369743347,-1.1749890518331085e-06,1,0,0,0,8252
6575,-0.9218143820762634,1155,-0.7176283001899719,0.2842469811439514,-0.20418618619441986,0.11665838211774826,1,1,0,0,8252
6577,-1.4545835256576538,547,-0.8122780919075012,0.305603563785553,-0.6423053741455078,0.8669279217720032,1,0,0,0,8252
6580,0.213912233710289,3026,-1.0862863063812256,0.21665559709072113,1.3001985549926758,1.4128633737564087,1,0,0,0,8252
6604,-0.872065544128418,1224,-0.4831296503543854,0.2941504716873169,-0.3889358639717102,1.0284545421600342,1,0,0,0,8252
6615,-0.4855877459049225,1844,-0.6485093235969543,0.26932471990585327,0.16292154788970947,0.0021663845982402563,1,0,0,0,8252
6622,-1.4352718591690063,566,-0.6257715225219727,0.3135068714618683,-0.8095001578330994,0.6161288022994995,1,0,0,0,8252
6642,1.0492960214614868,4070,0.4346736967563629,0.24837493896484375,0.6146223545074463,-4.805545472663653e-07,1,0,0,0,8252
6675,-0.33275216817855835,2133,0.8921775817871094,0.33085325360298157,-1.224929690361023,0.00013746318290941417,1,0,0,0,8252
6689,-0.2927761971950531,2204,-0.3196042776107788,0.27565813064575195,0.02682804875075817,0.8809881210327148,1,0,0,0,8252
6694,0.1734095811843872,2950,-0.9939484000205994,0.22224855422973633,1.1673580408096313,5.834207057952881,1,0,0,0,8252
6697,0.46507498621940613,3385,-0.43108925223350525,0.23481862246990204,0.8961642384529114,0.00016618338122498244,1,0,0,0,8252
6698,-1.2162827253341675,782,0.11026354134082794,0.33537399768829346,-1.3265460729599,-0.0730743259191513,1,0,0,0,8252
6707,0.5181490778923035,3457,1.259569764137268,0.3084976077079773,-0.7414206266403198,0.0014592711813747883,1,0,0,0,8252
6723,-1.7682504653930664,345,-0.588394284248352,0.3285897970199585,-1.1798561811447144,1.8227092027664185,1,0,0,0,8252
6730,1.7405807971954346,4541,0.39760762453079224,0.2147914171218872,1.3429731130599976,0.001296083559282124,1,0,0,0,8252
6760,-1.2262730598449707,776,-0.7417788505554199,0.29862716794013977,-0.4844941794872284,0.6654258370399475,1,0,0,0,8252
6771,0.5487727522850037,3493,0.6711906790733337,0.282475084066391,-0.12241791933774948,0.026313312351703644,1,0,0,0,8252
6778,-0.6193189024925232,1611,-0.31982070207595825,0.28953051567077637,-0.2994982898235321,8.40288121253252e-05,1,0,0,0,8252
6781,-0.27019497752189636,2248,0.005913573782891035,0.28872159123420715,-0.2761085629463196,0.00947044137865305,1,0,0,0,8252
6794,1.0828282833099365,4106,0.738381028175354,0.258598268032074,0.34444722533226013,-1.6031388838655403e-07,1,0,0,0,8252
6797,-1.2788876295089722,718,-0.6455817222595215,0.30555883049964905,-0.6333059668540955,0.01858663186430931,1,0,0,0,8252
6807,-1.6541715860366821,408,-0.6189472079277039,0.3213485777378082,-1.0352243185043335,2.385643243789673,1,0,0,0,8252
6815,2.7667906284332275,4843,2.077669620513916,0.24307771027088165,0.6891209483146667,9.093434449880533e-09,1,0,0,0,8252
6853,-0.6561383605003357,1541,-0.7675358057022095,0.27052411437034607,0.1113974079489708,2.966618061065674,1,0,0,0,8252
6866,0.5830599665641785,3541,0.7479936480522156,0.2833481729030609,-0.16493375599384308,-1.7417350894888273e-10,1,0,0,0,8252
6873,0.6402458548545837,3631,-0.4442092478275299,0.22641165554523468,1.0844552516937256,0.0007605971768498421,1,0,0,0,8252
6874,4.686697959899902,4990,4.322988033294678,0.2589089274406433,0.36370983719825745,-2.113139004056297e-11,1,0,0,0,8252
6878,1.2647716999053955,4251,1.3681480884552002,0.280158132314682,-0.10337605327367783,-5.6140461168752154e-08,1,0,0,0,8252
6957,1.5220797061920166,4424,1.0886144638061523,0.25527796149253845,0.43346521258354187,-4.026602709927829e-06,1,0,0,0,8252
6958,-0.9747576713562012,1084,-0.721841037273407,0.2879204750061035,-0.25291675329208374,20.96660041809082,1,0,0,0,8252
6965,0.8882234692573547,3939,-0.2643454074859619,0.2222338765859604,1.1525686979293823,2.102647066116333,1,0,0,0,8252
6978,1.9032913446426392,4609,0.3490650951862335,0.20500372350215912,1.554226279258728,0.000262834713794291,1,0,0,0,8252
6982,0.3653887212276459,3249,-0.475917249917984,0.2389484941959381,0.8413060307502747,2.3955163955688477,1,0,0,0,8252
7000,1.403969168663025,4356,1.25799560546875,0.26824164390563965,0.14597372710704803,5.852163909025876e-08,1,0,0,0,8252
7017,-1.0487524271011353,987,-0.5295889973640442,0.29913458228111267,-0.5191633105278015,1.0141973495483398,1,0,0,0,8252
7021,-0.8285075426101685,1290,0.20945338904857635,0.3227848708629608,-1.0379610061645508,0.020244527608156204,1,1,0,0,8252
7031,0.034280430525541306,2733,0.010989195667207241,0.27393537759780884,0.023291224613785744,0.016294395551085472,1,0,0,0,8252
7032,-0.5630425810813904,1714,-0.985892117023468,0.2566841244697571,0.42284947633743286,5.577342510223389,1,0,0,0,8252
7057,1.1317802667617798,4145,0.5734116435050964,0.24942123889923096,0.5583686232566833,0.0018139370949938893,1,0,0,0,8252
7072,0.4275270402431488,3347,-0.16300658881664276,0.24931883811950684,0.5905336737632751,-0.011834703385829926,1,0,0,0,8252
7082,-0.634028434753418,1578,-0.20891571044921875,0.29584604501724243,-0.4251127243041992,0.0009910014923661947,1,0,0,0,8252
7090,-2.0461366176605225,219,-0.7023801207542419,0.3371823728084564,-1.3437564373016357,0.4816524386405945,1,1,1,1,8252
7094,-2.156609296798706,175,-0.6888571977615356,0.3440229892730713,-1.4677520990371704,0.5557394623756409,1,0,1,1,8252
7103,-1.6971527338027954,381,-0.7415177226066589,0.319855660200119,-0.9556351900100708,0.0046331207267940044,1,0,0,0,8252
7105,-0.5862771272659302,1671,0.13841409981250763,0.30817291140556335,-0.7246912717819214,0.5129746794700623,1,0,0,0,8252
7113,-1.04804265499115,988,-0.6082662343978882,0.2969203591346741,-0.4397764801979065,0.1443455070257187,1,0,0,0,8252
7115,0.6814460158348083,3685,1.0172306299209595,0.2914292812347412,-0.3357846438884735,0.0011704063508659601,1,0,0,0,8252
7117,-0.20047186315059662,2353,-0.3725692629814148,0.2689802348613739,0.17209742963314056,0.10434793680906296,1,1,0,0,8252
7139,-0.5518835186958313,1735,-0.25466087460517883,0.29031306505203247,-0.2972225248813629,1.3941892385482788,1,0,0,0,8252
7140,-1.3525089025497437,647,-0.5928565859794617,0.31009742617607117,-0.7596525549888611,0.06280696392059326,1,1,0,0,8252
7150,1.7885913848876953,4561,0.9666833877563477,0.23831775784492493,0.8219081163406372,4.934048547511338e-08,1,0,0,0,8252
7157,2.388481855392456,4757,1.5773404836654663,0.23946459591388702,0.8111414909362793,2.8984749178562197e-07,1,0,0,0,8252
7158,-0.5149744153022766,1797,-0.23212945461273193,0.2890431880950928,-0.2828449606895447,0.26780182123184204,1,0,0,0,8252
7160,1.9971164464950562,4638,0.7395682334899902,0.2184397280216217,1.2575483322143555,6.346934924295056e-07,1,0,0,0,8252
7162,-0.7474936842918396,1405,-1.0211347341537476,0.2631090581417084,0.2736409604549408,0.35766881704330444,1,0,0,0,8252
7164,-1.502149224281311,506,-0.7607340216636658,0.3093911111354828,-0.7414153218269348,0.8703563213348389,1,0,0,0,8252
7181,-1.2150843143463135,784,-0.838313102722168,0.29317769408226013,-0.3767712116241455,0.21983474493026733,1,0,0,0,8252
7189,1.5826143026351929,4456,0.697388768196106,0.23533916473388672,0.8852257132530212,0.022165555506944656,1,0,0,0,8252
7192,-1.0186855792999268,1030,-0.59554523229599,0.2952329218387604,-0.4231405258178711,0.1540772020816803,1,0,0,0,8252
7195,-1.6650718450546265,398,-0.7621378302574158,0.3173756003379822,-0.9029340744018555,2.1455607414245605,1,0,0,0,8252
7208,1.149384617805481,4156,0.0593264102935791,0.22623848915100098,1.0900580883026123,0.0019671290647238493,1,0,0,0,8252
7227,-1.0339921712875366,1007,-0.2778297960758209,0.31100672483444214,-0.7561623454093933,0.03456483036279678,1,0,0,0,8252
7229,0.538382887840271,3474,1.0084606409072876,0.29677847027778625,-0.4700777232646942,3.157762648697826e-06,1,0,0,0,8252
7236,-1.045339584350586,990,-0.5316141247749329,0.2998201549053192,-0.5137255787849426,0.03262987360358238,1,0,0,0,8252
7241,0.6060453653335571,3584,0.08584153652191162,0.25262612104415894,0.5202038288116455,8.405090920859948e-05,1,0,0,0,8252
7246,0.9261151552200317,3975,0.3172116279602051,0.24806347489356995,0.6089035868644714,0.0006849628407508135,1,0,0,0,8252
7260,1.6891695261001587,4515,-0.22579239308834076,0.19020752608776093,1.9149620532989502,0.6041626334190369,1,0,0,0,8252
7266,-0.9351000785827637,1135,-0.8650252223014832,0.2783980071544647,-0.07007484138011932,0.2261616587638855,1,0,0,0,8252
7270,0.4697098731994629,3394,-0.3840372860431671,0.23760345578193665,0.8537471890449524,0.02017434872686863,1,0,0,0,8252
7280,-0.290370374917984,2210,-0.3912821412086487,0.27164334058761597,0.10091177374124527,1.4467560052871704,1,0,0,0,8252
7293,1.5902239084243774,4461,1.5620485544204712,0.2732674777507782,0.028175462037324905,-7.139507651743315e-09,1,0,0,0,8252
7305,-0.502835214138031,1819,-0.47806569933891296,0.27680039405822754,-0.024769527837634087,1.681889295578003,1,0,0,0,8252
7319,4.4338202476501465,4981,4.521111965179443,0.2785525321960449,-0.08729100227355957,-2.64321632073225e-13,1,0,0,0,8252
7345,-0.35883232951164246,2068,-0.6069116592407227,0.2651249170303345,0.24807937443256378,4.338253498077393,1,0,0,0,8252
7351,-0.8748438954353333,1220,-1.0185272693634033,0.26810675859451294,0.14368334412574768,2.8152036666870117,1,0,0,0,8252
7354,-0.729235827922821,1431,-0.14247070252895355,0.30242177844047546,-0.5867651700973511,0.11953531205654144,1,0,0,0,8252
7364,-1.0936765670776367,929,-0.9314621090888977,0.28375279903411865,-0.1622144877910614,18.122709274291992,1,0,0,0,8252
7398,-0.8309288024902344,1288,-0.648237943649292,0.28464871644973755,-0.18269093334674835,17.84613800048828,1,0,0,0,8252
7406,-0.3525178134441376,2083,-0.72402024269104,0.2594088912010193,0.3715023100376129,0.35283684730529785,1,0,0,0,8252
7417,1.937944769859314,4620,1.4861201047897339,0.2547907531261444,0.4518246352672577,6.174401789849071e-08,1,0,0,0,8252
7425,0.08256746083498001,2818,0.07509829849004745,0.2751198410987854,0.007469154894351959,-4.9984915676759556e-05,1,0,0,0,8252
7429,0.5892896056175232,3550,0.9338337182998657,0.290454626083374,-0.34454405307769775,1.920746399264317e-06,1,0,0,0,8252
7435,-0.5181834697723389,1790,0.11387153714895248,0.3044728636741638,-0.6320550441741943,2.1018459796905518,1,0,0,0,8252
7446,-2.0328006744384766,224,-0.7968432307243347,0.33304816484451294,-1.235957145690918,1.311737298965454,1,0,1,1,8252
7454,0.10364202409982681,2847,-0.014459448866546154,0.26935330033302307,0.11810147017240524,0.004422793164849281,1,0,0,0,8252
7472,0.365269273519516,3247,-0.11801031976938248,0.25371789932250977,0.4832795560359955,0.11270871758460999,1,0,0,0,8252
7476,-1.1132451295852661,911,-0.0467134527862072,0.32430022954940796,-1.0665315389633179,0.05888184905052185,1,0,0,0,8252
7510,0.529538094997406,3466,0.2015797346830368,0.2612980008125305,0.3279583156108856,2.4053428173065186,1,0,0,0,8252
7515,0.5632728934288025,3511,-0.9628860354423523,0.2069654017686844,1.5261588096618652,0.1901136040687561,1,0,0,0,8252
7518,-0.005939060356467962,2667,-0.8230119943618774,0.2382454127073288,0.8170730471611023,1.7496771812438965,1,0,0,0,8252
7545,0.7177571654319763,3741,-0.6602325439453125,0.21328358352184296,1.3779898881912231,0.226393923163414,1,0,0,0,8252
7560,-0.5437088012695312,1748,-0.3649686872959137,0.2846982777118683,-0.17874017357826233,0.054700784385204315,1,0,0,0,8252
7562,0.4228183329105377,3333,-0.38802891969680786,0.2398831844329834,0.8108472228050232,0.7098687291145325,1,0,0,0,8252
7578,-1.993720293045044,240,-0.2764239013195038,0.3538267910480499,-1.7172962427139282,0.006685694679617882,1,0,1,0,8252
7590,-1.6190098524093628,426,-0.8493112921714783,0.3114085793495178,-0.7696983814239502,1.7872004508972168,1,0,0,0,8252
7601,-1.5069100856781006,502,-0.8343791961669922,0.3062147796154022,-0.6725308299064636,0.6669304966926575,1,0,0,0,8252
7620,-1.4619319438934326,538,-0.5093764066696167,0.3184896409511566,-0.9525553584098816,0.06807607412338257,1,0,0,0,8252
7677,-0.45635396242141724,1893,-0.1826993227005005,0.2880937159061432,-0.2736546993255615,0.034026116132736206,1,0,0,0,8252
7679,-0.5409952402114868,1752,-0.18207110464572906,0.2925878167152405,-0.35892412066459656,0.4655982255935669,1,0,0,0,8252
7685,0.04744383692741394,2764,-0.33502474427223206,0.2594185173511505,0.38246864080429077,1.325010061264038,1,0,0,0,8252
7697,-0.28672561049461365,2221,-0.028594328090548515,0.2888711988925934,-0.2581312358379364,0.00020176060206722468,1,0,0,0,8252
7699,0.03620000183582306,2736,-0.21145585179328918,0.26517218351364136,0.24765582382678986,0.0769103392958641,1,0,0,0,8252
7724,-0.3821108937263489,2030,-0.6330749988555908,0.26466986536979675,0.25096413493156433,2.4324612617492676,1,0,0,0,8252
7726,2.022782564163208,4647,-0.04336446151137352,0.18134377896785736,2.0661468505859375,0.007229669950902462,1,0,0,0,8252
7729,2.139559507369995,4688,0.7859706282615662,0.2147485464811325,1.3535889387130737,0.0029167132452130318,1,0,0,0,8252
7742,0.15651975572109222,2919,0.12758813798427582,0.2735658288002014,0.02893165312707424,7.88642282714136e-05,1,0,0,0,8252
7750,0.996949315071106,4029,1.1623295545578003,0.2834443151950836,-0.16538038849830627,3.47986137683165e-08,1,0,0,0,8252
7755,-0.6619967818260193,1537,-0.6237995028495789,0.2769826054573059,-0.038197439163923264,0.008207486942410469,1,0,0,0,8252
7769,-0.8724550604820251,1222,-0.03860245272517204,0.31404682993888855,-0.8338524699211121,0.021589960902929306,1,0,0,0,8252
7773,-0.3684041500091553,2052,-0.5377506613731384,0.26887503266334534,0.16934645175933838,0.06604168564081192,1,0,0,0,8252
7776,0.024557679891586304,2721,0.20288482308387756,0.2846764028072357,-0.17832714319229126,0.007753082551062107,1,0,0,0,8252
7779,-1.0321987867355347,1011,-0.0281368475407362,0.3214375376701355,-1.0040618181228638,1.2530114650726318,1,0,0,0,8252
7780,0.17118515074253082,2944,-0.34531816840171814,0.25219035148620605,0.5165033936500549,0.03070881962776184,1,0,0,0,8252
7785,1.2672133445739746,4252,1.458971619606018,0.2840592563152313,-0.19175831973552704,0.0035463436506688595,1,0,0,0,8252
7815,4.03236722946167,4969,4.185329437255859,0.2817721366882324,-0.15296193957328796,2.3934310089401833e-10,1,0,0,0,8252
7846,-0.9276580810546875,1144,-0.3595304787158966,0.30065059661865234,-0.5681275725364685,0.7151390910148621,1,0,0,0,8252
7864,-0.3125462532043457,2176,-0.07552333921194077,0.2874452769756317,-0.23702290654182434,0.024613814428448677,1,0,0,0,8252
7870,-0.881131649017334,1211,0.7139727473258972,0.34805575013160706,-1.5951042175292969,0.002323918743059039,1,0,0,0,8252
7873,2.514564275741577,4787,2.4266128540039062,0.2712737023830414,0.08795153349637985,-3.767026157674991e-08,1,0,0,0,8252
7901,-0.2809005379676819,2228,-0.4665449261665344,0.26772990822792053,0.18564435839653015,0.39725592732429504,1,0,0,0,8252
7908,1.1623221635818481,4170,-0.3613255023956299,0.20683613419532776,1.523647665977478,0.6884061098098755,1,0,0,0,8252
7921,-0.31098297238349915,2180,-0.08532799035310745,0.28812333941459656,-0.22565491497516632,0.04751354455947876,1,0,0,0,8252
7926,-2.423530340194702,102,-0.7136831283569336,0.3523479402065277,-1.709847092628479,2.1621127128601074,1,0,1,1,8252
7935,-0.4861209988594055,1843,0.007991413585841656,0.2984876334667206,-0.49411240220069885,0.015522303059697151,1,0,0,0,8252
7938,-1.1357381343841553,873,-0.8462773561477661,0.289551705121994,-0.28946077823638916,6.72864294052124,1,1,0,0,8252
7978,0.5047836899757385,3442,0.524333655834198,0.27789419889450073,-0.01954994909465313,0.00014895301137585193,1,0,0,0,8252
7981,-0.8136642575263977,1311,-0.2746022641658783,0.30057665705680847,-0.539061963558197,0.04475861042737961,1,0,0,0,8252
8020,0.5500413775444031,3495,0.7066547870635986,0.28303155303001404,-0.15661343932151794,-1.968912879957152e-11,1,0,0,0,8252
8039,0.5413679480552673,3482,0.3644351065158844,0.26785963773727417,0.17693281173706055,0.17128100991249084,1,0,0,0,8252
8040,-0.6120708584785461,1623,0.673724353313446,0.33360329270362854,-1.285794973373413,-2.3965424134075874e-06,1,0,0,0,8252
8050,-0.7581681609153748,1393,-0.7105196714401245,0.2781446874141693,-0.04764842242002487,0.5535657405853271,1,0,0,0,8252
8051,-0.46514806151390076,1879,-0.5306518077850342,0.272866815328598,0.06550366431474686,0.003358050948008895,1,0,0,0,8252
8134,-0.0944836363196373,2538,0.31788527965545654,0.2945129871368408,-0.4123689830303192,0.07363209128379822,1,0,0,0,8252
8140,0.778371274471283,3815,0.6307368278503418,0.26962873339653015,0.14763440191745758,0.0009227037080563605,1,0,0,0,8252
8154,0.5502588152885437,3496,-0.12058212608098984,0.24485862255096436,0.6708409190177917,2.543072596949969e-08,1,0,0,0,8252
8156,-0.47955799102783203,1857,-0.5922232866287231,0.2701070308685303,0.11266527324914932,1.0819425582885742,1,1,0,0,8252
8167,-1.8503481149673462,308,-0.7222532033920288,0.3263316750526428,-1.1280947923660278,0.06506989896297455,1,1,0,0,8252
8188,0.49415284395217896,3426,0.48033663630485535,0.27631130814552307,0.013816306367516518,0.03112267144024372,1,0,0,0,8252
8196,-0.11067172139883041,2508,-0.5261435508728027,0.25891754031181335,0.41547179222106934,0.08100174367427826,1,0,0,0,8252
8198,-0.1821117252111435,2378,0.40694695711135864,0.30390629172325134,-0.5890586972236633,5.581607183557935e-06,1,1,0,0,8252
8204,-0.4198024868965149,1966,-0.4092993438243866,0.27533695101737976,-0.010503143072128296,0.5582102537155151,1,0,0,0,8252
8205,-1.2902830839157104,707,-0.7471176981925964,0.30133458971977234,-0.543165385723114,2.0546090602874756,1,0,0,0,8252
8223,-1.9836483001708984,249,-0.5727005004882812,0.3393808901309967,-1.4109479188919067,0.007525769993662834,1,0,1,1,8252
8230,-1.028031826019287,1018,-0.9157590270042419,0.2817077934741974,-0.11227258294820786,2.783461093902588,1,0,0,0,8252
8239,-1.3141473531723022,687,-0.6463975310325623,0.30678218603134155,-0.66774982213974,2.746783494949341,1,0,0,0,8252
8240,0.08210749179124832,2817,-0.04472772404551506,0.26941850781440735,0.12683521211147308,-3.0208917678464786e-07,1,1,0,0,8252
8243,-0.16333483159542084,2412,-1.0573219060897827,0.23449967801570892,0.8939871191978455,8.725610733032227,1,0,0,0,8252
8252,1.9249858856201172,4617,1.8236490488052368,0.27066245675086975,0.10133688896894455,-1.01805834873403e-08,1,0,0,0,8252
8261,-0.4240208566188812,1960,-0.7250235080718994,0.2631095349788666,0.30100274085998535,0.3308359682559967,1,0,0,0,8252
8265,1.652490496635437,4500,0.012164399959146976,0.20096389949321747,1.640325903892517,2.6676429115468636e-05,1,0,0,0,8252
8269,2.1451306343078613,4691,1.790808916091919,0.2588781714439392,0.35432177782058716,1.4057507762010868e-11,1,0,0,0,8252
8274,-0.08676331490278244,2550,-0.3918580710887909,0.2619856894016266,0.30509471893310547,0.005043818615376949,1,1,0,0,8252
8276,1.2497833967208862,4232,-0.21551251411437988,0.20968441665172577,1.465295672416687,5.145167506270809e-06,1,0,0,0,8252
8282,-0.10885846614837646,2511,-0.4086357057094574,0.26153597235679626,0.29977723956108093,0.09668338298797607,1,0,0,0,8252
8287,-1.5013657808303833,507,-0.5178958773612976,0.32060185074806213,-0.9834699034690857,3.595726728439331,1,1,0,0,8252
8291,-0.18361343443393707,2376,-0.3723994493484497,0.26741644740104675,0.18878602981567383,0.02985597774386406,1,0,0,0,8252
8320,0.4071069359779358,3309,0.5200743675231934,0.2803804278373718,-0.11296748369932175,0.004734147805720568,1,0,0,0,8252
8325,-1.399248719215393,602,-0.6732972264289856,0.3098239004611969,-0.725951611995697,3.175960063934326,1,0,0,0,8252
8326,0.8938115239143372,3943,0.6134064197540283,0.2631724774837494,0.28040510416030884,8.504269499098882e-05,1,0,0,0,8252
8328,0.092257559299469,2834,0.1267416924238205,0.27760839462280273,-0.0344841293990612,0.0010560108348727226,1,0,0,0,8252
8334,-0.42554256319999695,1958,0.01991209201514721,0.29572832584381104,-0.4454546868801117,0.016125284135341644,1,0,0,0,8252
8353,1.8102377653121948,4569,0.2869857847690582,0.20621030032634735,1.5232518911361694,0.0009776230435818434,1,0,0,0,8252
8373,3.1796815395355225,4901,2.8914005756378174,0.2622459828853607,0.28828054666519165,-1.3427891611128562e-12,1,0,0,0,8252
8398,-0.1758086085319519,2389,-0.5074488520622253,0.2617054581642151,0.33164021372795105,0.08846888691186905,1,0,0,0,8252
8400,0.8594995737075806,3905,-0.3629592955112457,0.22154827415943146,1.222458839416504,2.188721737184096e-07,1,0,0,0,8252
8407,0.6542395949363708,3650,0.8803101778030396,0.28507253527641296,-0.2260705977678299,0.00010552049207035452,1,0,0,0,8252
8412,0.5922762751579285,3558,-0.266369491815567,0.23626120388507843,0.8586457371711731,0.0005623797187581658,1,0,0,0,8252
8452,-1.0359350442886353,1003,-0.35798823833465576,0.30753037333488464,-0.6779467463493347,0.004972560331225395,1,0,0,0,8252
8457,-1.409842848777771,588,-0.26883962750434875,0.3280896246433258,-1.1410030126571655,0.03702067583799362,1,0,0,0,8252
8463,0.3880726993083954,3282,0.028887489810585976,0.2585636377334595,0.3591851592063904,0.00040071422699838877,1,0,0,0,8252
8464,1.4537214040756226,4385,1.2295916080474854,0.26478034257888794,0.2241298407316208,0.0001292448869207874,1,0,0,0,8252
8494,-0.04244003817439079,2624,-0.2214190512895584,0.2671116292476654,0.1789790242910385,0.5756269097328186,1,0,0,0,8252
8496,-0.514955997467041,1798,-0.8020351529121399,0.26202815771102905,0.28707918524742126,0.0621986947953701,1,0,0,0,8252
8497,-3.0402204990386963,28,-0.7412287592887878,0.38074979186058044,-2.2989916801452637,0.02919928729534149,1,0,1,1,8252
8500,1.6130861043930054,4478,1.295444369316101,0.26036176085472107,0.3176420032978058,1.4029541262061684e-06,1,1,0,0,8252
8502,0.7741338014602661,3809,1.4231960773468018,0.30459141731262207,-0.6490623354911804,-3.35546865244396e-05,1,0,0,0,8252
8511,-0.3721732497215271,2047,-0.21866078674793243,0.28138402104377747,-0.15351250767707825,0.00012798592797480524,1,0,0,0,8252
8579,-2.688798666000366,55,-0.56622713804245,0.37199872732162476,-2.1225717067718506,0.5969852805137634,1,1,1,1,8252
8584,0.9470646977424622,3984,0.0022910013794898987,0.23338928818702698,0.9447736740112305,0.0009262583334930241,1,0,0,0,8252
8586,-0.6749238967895508,1517,-0.2234816998243332,0.29654455184936523,-0.45144224166870117,4.545018672943115,1,0,0,0,8252
8590,-0.9729682207107544,1086,0.040999263525009155,0.3229057490825653,-1.013967514038086,0.0008883425034582615,1,0,0,0,8252
8591,-1.450799822807312,552,0.03694552183151245,0.3437025249004364,-1.4877455234527588,0.7758163809776306,1,0,0,0,8252
8601,0.12619797885417938,2877,-0.868097722530365,0.2307705134153366,0.9942955374717712,0.09404145181179047,1,0,0,0,8252
8621,-1.0026092529296875,1046,0.9492554664611816,0.36516818404197693,-1.9518646001815796,7.500930223613977e-05,1,0,0,0,8252
8662,1.6433066129684448,4491,0.4551319181919098,0.22102594375610352,1.1881747245788574,2.6767979832698074e-08,1,0,0,0,8252
8671,-1.1804691553115845,815,-0.3474801778793335,0.31428077816963196,-0.8329889178276062,0.005801052320748568,1,0,0,0,8252
8674,1.276513934135437,4262,0.12782208621501923,0.2234155237674713,1.1486918926239014,0.003190173301845789,1,0,0,0,8252
8675,-0.346175879240036,2100,-0.052633631974458694,0.2886265516281128,-0.29354220628738403,-4.218563844915479e-06,1,0,0,0,8252
8683,0.30185258388519287,3135,-0.2522870600223541,0.25105348229408264,0.5541396141052246,0.002235367428511381,1,0,0,0,8252
8684,-2.0261738300323486,228,-0.5697956681251526,0.3425728976726532,-1.4563783407211304,0.8113719820976257,1,0,1,1,8252
8691,-0.05507397651672363,2606,0.32728680968284607,0.29279106855392456,-0.38236069679260254,0.0002546688192524016,1,0,0,0,8252
8730,1.6318378448486328,4484,2.2076611518859863,0.3018570840358734,-0.5758230686187744,-2.2733554487786023e-06,1,0,0,0,8252
8731,-1.1650537252426147,837,-0.6975803971290588,0.2976227402687073,-0.4674733579158783,0.8729474544525146,1,0,0,0,8252
8742,0.2972061336040497,3126,-0.4044663608074188,0.24426667392253876,0.7016724348068237,-0.12923966348171234,1,0,0,0,8252
8747,1.8198168277740479,4574,0.44056496024131775,0.2129342406988144,1.3792518377304077,-2.9790225841708207e-10,1,0,0,0,8252
8755,0.8973757028579712,3946,0.03096236102283001,0.23518644273281097,0.8664132952690125,0.0002186065976275131,1,0,0,0,8252
8756,1.2209593057632446,4209,1.0324957370758057,0.26656195521354675,0.188463494181633,0.020315591245889664,1,0,0,0,8252
8768,-2.45184588432312,96,-0.7906454205513,0.34968632459640503,-1.6612008810043335,9.935579299926758,1,0,1,1,8252
8793,0.010293650440871716,2699,-0.32703715562820435,0.26024627685546875,0.33733075857162476,0.04682731255888939,1,0,0,0,8252
8795,-0.6844966411590576,1503,-0.3140244781970978,0.29269590973854065,-0.37047216296195984,0.6030778288841248,1,0,0,0,8252
8799,3.9542853832244873,4966,2.402707815170288,0.20428816974163055,1.5515780448913574,-1.3030387879808814e-10,1,0,0,0,8252
8805,-0.6072723865509033,1631,-0.5444199442863464,0.27912527322769165,-0.06285243481397629,4.0096917152404785,1,0,0,0,8252
8824,0.8941996693611145,3944,0.11194413155317307,0.24036863446235657,0.7822555899620056,9.681214578449726e-05,1,0,0,0,8252
8836,0.4251866340637207,3341,0.4597170948982239,0.27754589915275574,-0.0345304012298584,0.010541746392846107,1,0,0,0,8252
8847,2.0065088272094727,4641,0.7178397178649902,0.21807251870632172,1.288669228553772,-6.431686188079766e-07,1,0,0,0,8252
8851,-0.9390515685081482,1131,-0.523392379283905,0.29433199763298035,-0.4156592786312103,0.02256431058049202,1,0,0,0,8252
8866,2.0723061561584473,4673,2.46248459815979,0.29362794756889343,-0.39017897844314575,2.437163968901923e-13,1,0,0,0,8252
8878,-0.8710500001907349,1226,-0.4555841386318207,0.29550179839134216,-0.4154658913612366,0.110844187438488,1,0,0,0,8252
8894,0.8140993118286133,3853,0.07809571176767349,0.2427138388156891,0.7360035181045532,0.5725294351577759,1,0,0,0,8252
8902,-1.372048020362854,632,-0.21873202919960022,0.3292578160762787,-1.1533161401748657,-0.03491847589612007,1,0,0,0,8252
8917,0.3912721574306488,3286,-0.20656128227710724,0.2476591318845749,0.597833514213562,0.03584766387939453,1,0,0,0,8252
8923,0.48088788986206055,3408,0.7077330350875854,0.28564274311065674,-0.22684502601623535,0.006984169129282236,1,0,0,0,8252
8928,-0.24471716582775116,2283,0.20378302037715912,0.2949976623058319,-0.44850021600723267,0.0005555485840886831,1,0,0,0,8252
8929,-2.7183971405029297,52,-1.1841793060302734,0.3457322418689728,-1.5342177152633667,15.002635955810547,1,0,1,1,8252
8935,-0.3567287027835846,2075,-0.15469372272491455,0.284943163394928,-0.20203499495983124,0.0035036271438002586,1,0,0,0,8252
8948,-2.25305438041687,144,-0.5252438187599182,0.35493600368499756,-1.7278107404708862,0.05092988908290863,1,0,1,1,8252
8954,0.4130534827709198,3322,-0.22163639962673187,0.24771025776863098,0.6346898078918457,6.562576891155913e-05,1,0,0,0,8252
8960,-1.2060316801071167,789,-0.603559672832489,0.30383819341659546,-0.6024720072746277,0.002019316889345646,1,0,0,0,8252
8964,-1.018720269203186,1029,-0.5894908308982849,0.2952219545841217,-0.4292294979095459,0.5950665473937988,1,0,0,0,8252
8985,0.4128662049770355,3320,-0.7326421141624451,0.2237377166748047,1.1455081701278687,0.37255772948265076,1,0,0,0,8252
8989,-0.5314947962760925,1767,-1.0206904411315918,0.2543676495552063,0.4891955554485321,3.4845776557922363,1,0,0,0,8252
8993,-0.619764506816864,1608,-0.07564454525709152,0.29961130023002625,-0.5441201329231262,0.006365024484694004,1,0,0,0,8252
9030,-0.8339051604270935,1280,-0.10443023592233658,0.3097703158855438,-0.7294749617576599,0.3207947313785553,1,0,0,0,8252
9035,0.5808514356613159,3539,-0.5310813784599304,0.22727163136005402,1.111932635307312,0.670604944229126,1,0,0,0,8252
9099,-1.54826021194458,472,-0.4343077838420868,0.3255898058414459,-1.1139522790908813,0.9653468132019043,1,0,0,0,8252
9104,-0.11060278862714767,2509,-0.6812252998352051,0.2495143711566925,0.5706225037574768,2.087556838989258,1,0,0,0,8252
9132,-1.7271474599838257,365,-0.5567646026611328,0.3297765851020813,-1.170383095741272,0.161392480134964,1,0,0,0,8252
9134,-2.520873785018921,81,-0.1640884429216385,0.38241660594940186,-2.356785535812378,0.019409865140914917,1,0,1,1,8252
9167,0.6644456386566162,3662,0.4352457523345947,0.26491349935531616,0.2291998416185379,0.00012451285147108138,1,0,0,0,8252
9174,-1.520943522453308,489,-0.803205132484436,0.3097696304321289,-0.7177382707595825,0.18028682470321655,1,0,0,0,8252
9178,1.8566426038742065,4592,1.5771719217300415,0.26169002056121826,0.27947089076042175,-3.893967459589476e-08,1,0,0,0,8252
9190,-1.806585669517517,326,-0.30650463700294495,0.3456014394760132,-1.500080943107605,4.9741902351379395,1,0,0,0,8252
9196,-0.5046241879463196,1817,-0.7086231112480164,0.2686089873313904,0.20399875938892365,0.003400215646252036,1,0,0,0,8252
9205,0.3935818076133728,3289,0.022960472851991653,0.25880229473114014,0.37062129378318787,0.009525963105261326,1,0,0,0,8252
9212,3.403843641281128,4930,1.6685945987701416,0.1965702474117279,1.735249400138855,1.7645681964495452e-06,1,0,0,0,8252
9235,-0.3631668984889984,2060,-0.8870247006416321,0.25308188796043396,0.5238578915596008,-8.678853988647461,1,0,0,0,8252
9264,0.3617866039276123,3241,0.2182435244321823,0.26861512660980225,0.14354307949543,0.04398157447576523,1,0,0,0,8252
9274,0.6425192952156067,3638,-0.15794290602207184,0.2384413778781891,0.8004622459411621,0.0060721454210579395,1,0,0,0,8252
9280,-0.7418123483657837,1416,-0.17281568050384521,0.30090412497520447,-0.5689966082572937,0.13984256982803345,1,0,0,0,8252
9284,-0.7774998545646667,1357,-0.44989973306655884,0.29251477122306824,-0.3276001513004303,0.0001282762095797807,1,0,0,0,8252
9286,0.6650251150131226,3665,1.0457628965377808,0.2926408052444458,-0.38073769211769104,0.015235360711812973,1,0,0,0,8252
9288,-2.28314471244812,132,-0.8703324198722839,0.3401707112789154,-1.412812352180481,0.9555246829986572,1,0,1,1,8252
9295,-2.280324697494507,134,-1.0822042226791382,0.3284178674221039,-1.1981207132339478,1.4703611135482788,1,1,1,1,8252
9301,0.10769152641296387,2854,-0.6527186632156372,0.24066965281963348,0.7604101300239563,2.1624186038970947,1,0,0,0,8252
9316,0.7999977469444275,3835,0.3422163426876068,0.25610610842704773,0.4577813744544983,1.703529953956604,1,0,0,0,8252
9337,1.2695138454437256,4254,1.0254895687103271,0.26326292753219604,0.2440241128206253,-1.4513600945065264e-05,1,0,0,0,8252
9355,-1.0868496894836426,937,-0.931645393371582,0.2827163636684418,-0.1552041620016098,0.39668944478034973,1,0,0,0,8252
9377,-0.0815746933221817,2560,-0.30947551131248474,0.265410453081131,0.22790084779262543,-0.03194370120763779,1,0,0,0,8252
9383,-0.9551401138305664,1111,-0.5094912052154541,0.29604214429855347,-0.4456489682197571,0.0010648942552506924,1,0,0,0,8252
9388,1.7928739786148071,4562,0.49541813135147095,0.21749888360500336,1.2974556684494019,6.667606066912413e-05,1,0,0,0,8252
9391,-0.14384004473686218,2446,0.07229461520910263,0.2857397198677063,-0.2161346673965454,0.012083582580089569,1,0,0,0,8252
9397,0.05230162292718887,2777,0.8907187581062317,0.31318211555480957,-0.8384169936180115,0.056316908448934555,1,0,0,0,8252
9433,-0.6849073767662048,1502,0.014238200150430202,0.3072524964809418,-0.699145495891571,0.2317090779542923,1,0,0,0,8252
9444,0.6552632451057434,3654,-0.3772602677345276,0.22869746387004852,1.032523512840271,9.177992615150288e-05,1,0,0,0,8252
9445,-0.10287538915872574,2522,-0.2306094914674759,0.2708093225955963,0.12773407995700836,0.0093164574354887,1,0,0,0,8252
9450,-2.0603187084198,215,-0.4776623249053955,0.3479022681713104,-1.5826560258865356,7.723530292510986,1,0,1,1,8252
9458,-0.07201717793941498,2579,-0.37474679946899414,0.26155170798301697,0.30272963643074036,0.010124178603291512,1,0,0,0,8252
9460,0.7591956257820129,3791,0.9812362790107727,0.2863177955150604,-0.22204065322875977,-3.4792753922374686e-07,1,0,0,0,8252
9470,-0.7166175842285156,1454,-0.5055248141288757,0.2857510447502136,-0.21109285950660706,2.4498729705810547,1,0,0,0,8252
9491,1.7365283966064453,4539,0.4743192195892334,0.21684901416301727,1.2622092962265015,0.0065156687051057816,1,0,0,0,8252
9531,0.6529648303985596,3648,0.5077911019325256,0.2686117887496948,0.14517375826835632,0.08432963490486145,1,0,0,0,8252
9537,3.7249398231506348,4954,2.611560583114624,0.22538764774799347,1.1133793592453003,-4.292895994240098e-08,1,1,0,0,8252
9547,1.0402590036392212,4060,0.7663217186927795,0.26518866419792175,0.27393728494644165,0.0005391188897192478,1,0,0,0,8252
9563,0.16184335947036743,2929,0.11858280748128891,0.27346667647361755,0.04326053336262703,0.005387668032199144,1,0,0,0,8252
9586,-0.6375765204429626,1571,-0.9545835852622986,0.26079607009887695,0.31700700521469116,0.37957894802093506,1,0,0,0,8252
9594,-0.8424980044364929,1269,-0.7401084303855896,0.28002119064331055,-0.10238965600728989,0.16589544713497162,1,1,0,0,8252
9605,-0.7504337430000305,1398,-0.3814856708049774,0.2926025092601776,-0.3689480721950531,0.0013688994804397225,1,0,0,0,8252
9607,0.8880988359451294,3938,0.45480766892433167,0.25631457567214966,0.43329110741615295,0.006599425338208675,1,0,0,0,8252
9622,-0.28053852915763855,2229,-0.2847959101200104,0.27645203471183777,0.00425739586353302,0.4221612215042114,1,0,0,0,8252
9634,1.3262518644332886,4302,1.0301220417022705,0.26180920004844666,0.29612985253334045,2.0340188200407283e-07,1,0,0,0,8252
9641,0.9211964011192322,3970,-0.5691838264465332,0.20800545811653137,1.490380048751831,4.2610015869140625,1,0,0,0,8252
9642,0.8836687207221985,3934,0.1665133684873581,0.2432137280702591,0.7171552777290344,0.0001472796284360811,1,0,0,0,8252
9649,-0.2976342439651489,2197,0.25454914569854736,0.3006588816642761,-0.5521833896636963,0.013326832093298435,1,0,0,0,8252
9665,-3.0934841632843018,25,-0.6162998080253601,0.3890422284603119,-2.477184534072876,0.6457096338272095,1,0,1,1,8252
9677,-0.40581846237182617,1985,-0.161765918135643,0.2862646281719208,-0.24405252933502197,0.7219730615615845,1,0,0,0,8252
9688,0.08149122446775436,2814,0.5937239527702332,0.29865702986717224,-0.5122327208518982,0.12153099477291107,1,0,0,0,8252
9698,0.7764577865600586,3811,0.3839246332645416,0.2573501765727997,0.39253315329551697,3.976770912572647e-09,1,0,0,0,8252
9703,-0.2109145224094391,2336,-0.4776380658149719,0.2642056941986084,0.2667236030101776,12.728681564331055,1,0,0,0,8252
9707,-1.2602959871292114,736,-0.06753068417310715,0.32858991622924805,-1.192765474319458,0.09596282988786697,1,0,0,0,8252
9729,0.32549580931663513,3170,0.06370311230421066,0.26452550292015076,0.26179268956184387,0.0005375153268687427,1,0,0,0,8252
9746,-0.1379512995481491,2456,-0.3279380202293396,0.26758918166160583,0.1899866759777069,0.18263769149780273,1,0,0,0,8252
9748,-1.060578465461731,969,-0.6580564379692078,0.292386531829834,-0.40252190828323364,0.04104679077863693,1,0,0,0,8252
9770,0.5724601745605469,3523,0.0883607491850853,0.2542017102241516,0.48409944772720337,0.0030105551704764366,1,0,0,0,8252
9772,-1.551100730895996,470,-0.9244070053100586,0.3054368495941162,-0.6266936659812927,3.600668430328369,1,0,0,0,8252
9793,1.7967270612716675,4563,0.28677627444267273,0.20650136470794678,1.5099505186080933,0.6828176975250244,1,0,0,0,8252
9804,-0.6308454871177673,1583,-0.8118254542350769,0.2677878439426422,0.1809798777103424,0.22838866710662842,1,0,0,0,8252
9811,-1.0542325973510742,982,-0.941514790058136,0.28159406781196594,-0.11271780729293823,0.06583523005247116,1,0,0,0,8252
9815,1.7454636096954346,4542,1.2603739500045776,0.2535192668437958,0.48508983850479126,-4.1839022912881774e-08,1,0,0,0,8252
9832,0.7957597970962524,3831,0.44212594628334045,0.259448379278183,0.35363397002220154,0.0001108274664147757,1,0,0,0,8252
9835,-2.3624894618988037,116,-0.6264542937278748,0.35554182529449463,-1.7360352277755737,1.3729896545410156,1,0,1,1,8252
9867,-0.22421734035015106,2316,-0.36445352435112,0.2702098786830902,0.14023622870445251,0.0210214015096426,1,0,0,0,8252
9871,1.3245861530303955,4299,0.48757439851760864,0.2380860596895218,0.8370117545127869,-1.3188664524932392e-05,1,0,0,0,8252
9875,-0.9626045227050781,1100,-0.6303936243057251,0.29077398777008057,-0.3322110176086426,0.8730631470680237,1,0,0,0,8252
9879,-0.5248393416404724,1780,-0.5366355180740356,0.27568286657333374,0.011796245351433754,0.5972524881362915,1,0,0,0,8252
9899,-0.8859082460403442,1205,-0.611491858959198,0.2888403534889221,-0.27441635727882385,3.6130690574645996,1,0,0,0,8252
9929,2.20902419090271,4707,1.7112642526626587,0.25190261006355286,0.49775978922843933,5.015412564424171e-12,1,0,0,0,8252
9948,-2.1723597049713135,167,-0.7522751688957214,0.3413703143596649,-1.4200844764709473,1.8111486434936523,1,0,1,1,8252
9987,-1.0071269273757935,1043,-0.4710264205932617,0.29949164390563965,-0.5361006855964661,0.6427356004714966,1,0,0,0,8252
9999,0.6248955130577087,3617,-0.6263894438743591,0.21926705539226532,1.2512848377227783,2.7096731662750244,1,0,0,0,8252
10014,1.0563454627990723,4076,0.9512154459953308,0.2704854905605316,0.1051301509141922,0.11638954281806946,1,0,0,0,8252
10033,-0.7551121711730957,1394,-0.19512324035167694,0.3019338548183441,-0.5599889159202576,0.7749910950660706,1,0,0,0,8252
10060,1.4242348670959473,4367,0.6456310153007507,0.2396485060453415,0.7786039113998413,-2.7767973733716644e-06,1,0,0,0,8252
10072,-0.5326855778694153,1764,0.15268345177173615,0.30676424503326416,-0.6853689551353455,1.155375361442566,1,0,0,0,8252
10082,-0.07130896300077438,2580,-0.6739043593406677,0.2482273429632187,0.6025953888893127,2.335855484008789,1,0,0,0,8252
10091,-1.9838062524795532,248,-0.8582127690315247,0.3266338109970093,-1.125593662261963,16.93144989013672,1,0,1,1,8252
10104,-0.7105340361595154,1463,0.23061881959438324,0.3186686933040619,-0.9411527514457703,0.0024870645720511675,1,0,0,0,8252
10119,-0.5501863360404968,1739,0.0777139961719513,0.30296850204467773,-0.6279003620147705,1.101714849472046,1,0,0,0,8252
10175,2.0325064659118652,4656,1.881675362586975,0.2688044607639313,0.1508311629295349,-1.199420840425347e-10,1,0,0,0,8252
10181,-0.8049823641777039,1318,-0.33912965655326843,0.29699820280075073,-0.46585264801979065,0.005289921071380377,1,0,0,0,8252
10194,0.7706859111785889,3805,-0.36319461464881897,0.22431550920009613,1.1338807344436646,1.1286170482635498,1,0,0,0,8252
10201,-1.4102121591567993,587,-0.72078537940979,0.30729779601097107,-0.6894268989562988,0.15428002178668976,1,0,0,0,8252
10206,0.22425304353237152,3043,0.6214710474014282,0.29263556003570557,-0.39721792936325073,1.5109843332083983e-07,1,0,0,0,8252
10221,-1.316579818725586,682,-0.9898537993431091,0.29150286316871643,-0.32672610878944397,0.6745786070823669,1,0,0,0,8252
10223,-2.8593270778656006,39,-0.5457131266593933,0.38073059916496277,-2.3136136531829834,0.1583859622478485,1,0,1,1,8252
10230,-0.23463094234466553,2300,-0.11441657692193985,0.2810596227645874,-0.12021436542272568,-0.028821732848882675,1,0,0,0,8252
10242,-3.514566421508789,5,-0.9173757433891296,0.3946705460548401,-2.5971906185150146,26.439985275268555,1,0,1,1,8252
10258,-0.15457578003406525,2428,-0.5972492694854736,0.25535133481025696,0.44267353415489197,0.0984835997223854,1,0,0,0,8252
10270,-0.508773922920227,1810,-0.5357925891876221,0.2740115225315094,0.02701861970126629,0.08849512785673141,1,0,0,0,8252
10294,-0.26387855410575867,2255,-0.7833694815635681,0.2525152564048767,0.5194909572601318,5.501357078552246,1,0,0,0,8252
10315,-1.261644721031189,733,-0.7887925505638123,0.29657503962516785,-0.47285205125808716,4.549777507781982,1,0,0,0,8252
10318,-1.3297176361083984,668,-0.8874155282974243,0.29569631814956665,-0.4423021376132965,11.916468620300293,1,0,0,0,8252
10319,2.5797927379608154,4801,2.228405714035034,0.2598346769809723,0.3513869345188141,-1.1472429228831516e-08,1,0,0,0,8252
10324,-0.44217944145202637,1925,-0.05537958815693855,0.2926444113254547,-0.3867999017238617,0.047739896923303604,1,0,0,0,8252
10366,-0.48551106452941895,1845,0.058097030967473984,0.299744576215744,-0.5436081290245056,0.08469899743795395,1,0,0,0,8252
10382,3.9371559619903564,4965,2.84061598777771,0.22606132924556732,1.0965403318405151,0.0001764910266501829,1,0,0,0,8252
10397,1.7514848709106445,4545,-0.8200274705886841,0.16012391448020935,2.5715126991271973,1.0195448398590088,1,0,0,0,8252
10407,-0.7173705697059631,1451,-0.6719080805778503,0.2768186032772064,-0.04546242952346802,0.185385599732399,1,0,0,0,8252
10410,1.6401411294937134,4488,0.8533770442008972,0.2399524450302124,0.7867640256881714,-3.348177415318787e-07,1,0,0,0,8252
10413,1.0496240854263306,4071,0.4670523703098297,0.2509663999080658,0.5825715661048889,7.375521818175912e-05,1,0,0,0,8252
10423,-1.056165099143982,978,-0.46621790528297424,0.30260759592056274,-0.5899471640586853,0.9916293621063232,1,0,0,0,8252
10424,1.7980200052261353,4564,1.480390191078186,0.26160573959350586,0.3176296353340149,-3.367643053309166e-09,1,0,0,0,8252
10429,0.1620239019393921,2930,-0.13358889520168304,0.2627495229244232,0.29561278223991394,0.9618668556213379,1,0,0,0,8252
10432,1.0508114099502563,4072,1.2979787588119507,0.2866237163543701,-0.24716751277446747,-4.384180556371575e-06,1,0,0,0,8252
10471,0.0905202329158783,2832,-0.1986907571554184,0.26189902424812317,0.2892109751701355,0.0011709074024111032,1,0,0,0,8252
10482,-0.8613288998603821,1242,-0.2258155643939972,0.3046489953994751,-0.635513424873352,-0.0002730771666392684,1,0,0,0,8252
10484,0.23119686543941498,3052,-0.38144978880882263,0.24783463776111603,0.6126466393470764,0.0019395172130316496,1,0,0,0,8252
10503,-0.44157788157463074,1926,-0.7171037197113037,0.26376873254776,0.2755259573459625,0.8607363700866699,1,0,0,0,8252
10509,0.7824946641921997,3821,0.6180539131164551,0.26801103353500366,0.16444078087806702,0.0008922441629692912,1,0,0,0,8252
10514,0.2243734449148178,3045,-0.18572916090488434,0.257750004529953,0.4101026654243469,0.08076601475477219,1,0,0,0,8252
10515,0.7777509689331055,3814,-0.05039554834365845,0.23934586346149445,0.8281465768814087,-5.661372028953338e-07,1,0,0,0,8252
10521,0.4298950135707855,3349,-0.4025237262248993,0.23798108100891113,0.8324187397956848,0.0007150807650759816,1,0,0,0,8252
10541,1.1037672758102417,4125,0.2689052224159241,0.23700888454914093,0.8348621726036072,0.03273523226380348,1,0,0,0,8252
10542,-0.5862380266189575,1672,-0.16258841753005981,0.29238200187683105,-0.4236496388912201,0.09215701371431351,1,0,0,0,8252
10549,2.608497381210327,4813,1.8546838760375977,0.2419971078634262,0.7538136839866638,1.759993518112013e-12,1,0,0,0,8252
10555,0.27649784088134766,3102,0.011991655454039574,0.2633863389492035,0.26450619101524353,0.0019338810816407204,1,0,0,0,8252
10556,-0.33185210824012756,2137,-0.17744287848472595,0.28222349286079407,-0.15440919995307922,0.7550051212310791,1,0,0,0,8252
10566,0.08534160256385803,2822,-0.4017755687236786,0.25415778160095215,0.48711714148521423,0.2644130289554596,1,0,0,0,8252
10586,1.2507482767105103,4233,-0.21758213639259338,0.20882181823253632,1.4683306217193604,0.001744740759022534,1,0,0,0,8252
10597,-0.6697160005569458,1525,-0.3334197998046875,0.2909565269947052,-0.3362961709499359,0.019915325567126274,1,0,0,0,8252
10599,-0.15086494386196136,2434,-0.4884099066257477,0.2600341737270355,0.3375449478626251,0.02004566788673401,1,0,0,0,8252
10603,-1.1813958883285522,812,-0.09817510098218918,0.32419660687446594,-1.0832208395004272,2.7000885009765625,1,0,0,0,8252
10632,0.7288760542869568,3756,-0.006132294423878193,0.24287009239196777,0.7350084185600281,0.02535013109445572,1,0,0,0,8252
10657,-1.7085059881210327,375,-1.0236070156097412,0.30803442001342773,-0.6848987340927124,0.9308640956878662,1,0,0,0,8252
10668,1.6770738363265991,4508,0.7640762329101562,0.2339371293783188,0.912997841835022,0.02098158933222294,1,0,0,0,8252
10669,0.34350863099098206,3204,0.368728369474411,0.2771325409412384,-0.02521972358226776,0.01251697726547718,1,0,0,0,8252
10670,-0.7209007143974304,1445,-0.5186693072319031,0.2859441637992859,-0.20223136246204376,0.05527222529053688,1,0,0,0,8252
10691,-0.5000290870666504,1826,-0.789872944355011,0.2638475298881531,0.2898437976837158,0.25093451142311096,1,0,0,0,8252
10692,-0.3340972363948822,2132,-0.5143498182296753,0.2683952748775482,0.18025264143943787,0.139115571975708,1,0,0,0,8252
10696,2.7603137493133545,4841,1.7488359212875366,0.22913478314876556,1.011478066444397,-5.32536068931222e-06,1,0,0,0,8252
10703,0.8201496005058289,3858,0.4380713999271393,0.2577570676803589,0.3820781707763672,8.756470748494394e-08,1,0,0,0,8252
10709,0.041226089000701904,2751,-0.09120847284793854,0.2694181203842163,0.13243454694747925,-9.393632353749126e-06,1,0,0,0,8252
10710,2.3459739685058594,4741,1.9715391397476196,0.25825628638267517,0.37443509697914124,1.8999034290256844e-10,1,0,0,0,8252
10715,-0.6676667332649231,1528,-0.7597120404243469,0.2720282971858978,0.0920453816652298,0.9329754114151001,1,0,0,0,8252
10724,0.28168541193008423,3108,0.3666397035121918,0.27853184938430786,-0.0849544033408165,0.07969775795936584,1,0,0,0,8252
10726,-0.12548339366912842,2481,-0.6393144130706787,0.25168314576148987,0.5138309001922607,0.21992194652557373,1,0,0,0,8252
10737,-1.3511484861373901,650,-0.6454300880432129,0.3079519271850586,-0.7057182788848877,0.0007428893586620688,1,0,0,0,8252
10739,-2.1350576877593994,184,-0.9127998352050781,0.33227065205574036,-1.2222577333450317,1.8251569271087646,1,0,1,1,8252
10740,0.5552299618721008,3503,-0.2031305879354477,0.24160094559192657,0.7583605051040649,0.0006459795404225588,1,0,0,0,8252
10744,0.41661712527275085,3326,-0.3635844886302948,0.24100367724895477,0.7802015542984009,0.17903146147727966,1,0,0,0,8252
10758,-2.0903427600860596,200,-0.49061018228530884,0.3491477966308594,-1.5997323989868164,0.38116106390953064,1,0,1,0,8252
10759,2.846414804458618,4854,2.2911202907562256,0.25004321336746216,0.5552948713302612,-1.3319439995385096e-10,1,0,0,0,8252
10760,0.16935856640338898,2941,0.154493048787117,0.2744801342487335,0.014865516684949398,0.038414694368839264,1,0,0,0,8252
10768,-0.11859766393899918,2494,0.17577122151851654,0.28929921984672546,-0.2943688929080963,0.00022192177129909396,1,0,0,0,8252
10780,-1.7851475477218628,337,-0.38402706384658813,0.3395947813987732,-1.4011205434799194,0.026527848094701767,1,0,0,0,8252
10800,-1.5516566038131714,469,-0.42807283997535706,0.32685109972953796,-1.1235836744308472,0.05205381661653519,1,0,0,0,8252
10803,2.3453104496002197,4740,2.0473039150238037,0.2627621591091156,0.29800641536712646,-4.3417242068244377e-07,1,0,0,0,8252
10820,2.583970785140991,4804,1.2921700477600098,0.21679233014583588,1.291800618171692,0.00022408663062378764,1,0,0,0,8252
10831,-2.101389169692993,197,-0.9015008807182312,0.3301946520805359,-1.1998883485794067,2.099348783493042,1,1,1,1,8252
10835,-0.7162483334541321,1455,-0.041991349309682846,0.30574068427085876,-0.6742569804191589,1.538827657699585,1,0,0,0,8252
10844,-0.3358030915260315,2129,-0.7850853800773621,0.25640177726745605,0.44928237795829773,0.0007857744349166751,1,0,0,0,8252
10862,-1.3583645820617676,643,-0.5464482307434082,0.3129672110080719,-0.8119163513183594,0.015178986825048923,1,0,0,0,8252
10863,-0.72536700963974,1437,-0.32271823287010193,0.2938099801540375,-0.40264883637428284,0.12062576413154602,1,0,0,0,8252
10878,1.0482362508773804,4067,1.5874282121658325,0.2993438243865967,-0.5391916632652283,-8.034309757931624e-06,1,0,0,0,8252
10880,0.41152364015579224,3317,-0.4552634358406067,0.23688779771327972,0.8667871356010437,2.6751999855041504,1,0,0,0,8252
10897,0.292314738035202,3121,-0.05497394874691963,0.2615908682346344,0.34728869795799255,0.004371237941086292,1,0,0,0,8252
10907,0.8648373484611511,3911,-0.12108906358480453,0.2314000129699707,0.9859264492988586,-0.015611577779054642,1,0,0,0,8252
10914,-0.32244712114334106,2159,-0.3233964145183563,0.2755635678768158,0.0009493009420111775,0.0703393965959549,1,0,0,0,8252
10921,-0.34026628732681274,2116,-0.3722829222679138,0.2743054926395416,0.03201668709516525,1.1577880382537842,1,0,0,0,8252
10924,-0.5216715335845947,1787,0.5992011427879333,0.3257625699043274,-1.1208728551864624,-1.0619843124004547e-05,1,0,0,0,8252
10945,-1.1244604587554932,894,-0.50253826379776,0.3032394349575043,-0.6219223141670227,0.020415522158145905,1,0,0,0,8252
10971,0.07182428985834122,2801,-0.5367304682731628,0.24846318364143372,0.6085547804832458,1.241990566253662,1,0,0,0,8252
10978,-0.23475514352321625,2299,-0.8361390233039856,0.24758005142211914,0.6013838648796082,0.19199302792549133,1,0,0,0,8252
10995,0.2866806387901306,3115,0.22390654683113098,0.2727589011192322,0.06277408450841904,1.1121544957859442e-05,1,0,0,0,8252
11004,-0.7315088510513306,1428,-0.4478156566619873,0.28903210163116455,-0.2836931645870209,4.842597263632342e-06,1,0,0,0,8252
11016,0.1895522028207779,2983,0.9724809527397156,0.31077373027801514,-0.7829288244247437,-2.2256648662732914e-05,1,1,0,0,8252
11024,-0.9836966395378113,1071,0.2869441509246826,0.33416348695755005,-1.2706407308578491,1.1947568655014038,1,0,0,0,8252
11032,-0.9023327827453613,1183,-0.2872212827205658,0.30338335037231445,-0.6151114702224731,2.7700846195220947,1,0,0,0,8252
11034,-0.1182592436671257,2496,-0.38506990671157837,0.2644452750682831,0.2668106257915497,1.2769759893417358,1,0,0,0,8252
11043,0.6129068732261658,3595,-0.29000595211982727,0.23464250564575195,0.9029127359390259,0.1175982803106308,1,0,0,0,8252
11061,-0.8767656683921814,1214,-0.3981078565120697,0.2980104684829712,-0.47865772247314453,0.37850287556648254,1,0,0,0,8252
11062,1.1844676733016968,4184,1.186144232749939,0.27457481622695923,-0.0016765982145443559,0.00021228904370218515,1,0,0,0,8252
11071,0.47826701402664185,3406,0.05627308040857315,0.2570635676383972,0.4219938814640045,0.0065339310094714165,1,0,0,0,8252
11072,-0.9899760484695435,1063,-0.4869091212749481,0.298961877822876,-0.5030670166015625,1.485421895980835,1,0,0,0,8252
11077,-0.48958560824394226,1838,-0.38375207781791687,0.2800668179988861,-0.10583341121673584,0.0001418519823346287,1,0,0,0,8252
11083,-0.2425314486026764,2289,0.5532292723655701,0.3117964565753937,-0.7957607507705688,0.006633632350713015,1,0,0,0,8252
11094,0.019766569137573242,2712,-0.21410594880580902,0.265817254781723,0.23387253284454346,-3.460642346908571e-06,1,0,0,0,8252
11097,0.21947450935840607,3034,-0.4108305871486664,0.24763484299182892,0.6303052306175232,0.2888294458389282,1,0,0,0,8252
11112,0.46406111121177673,3384,0.18343454599380493,0.26291725039482117,0.2806266248226166,7.96703970991075e-05,1,0,0,0,8252
11121,1.6062443256378174,4472,0.13182297348976135,0.20729874074459076,1.4744210243225098,-9.849384641213987e-10,1,0,0,0,8252
11142,-0.23581841588020325,2297,-0.6459382772445679,0.25817057490348816,0.41011983156204224,0.3285647928714752,1,0,0,0,8252
11143,-0.2801947593688965,2231,0.14575088024139404,0.29656824469566345,-0.4259456694126129,0.16215741634368896,1,0,0,0,8252
11145,0.11514242738485336,2867,0.6171032190322876,0.2987380921840668,-0.501960813999176,0.011510522104799747,1,1,0,0,8252
11153,-0.8130804896354675,1313,-0.5051524043083191,0.29018568992614746,-0.30792805552482605,0.1828794777393341,1,0,0,0,8252
11155,-0.6275237798690796,1591,-0.2615323066711426,0.292570561170578,-0.3659915626049042,0.15140748023986816,1,0,0,0,8252
11160,0.740908682346344,3768,0.18282590806484222,0.2518349587917328,0.5580827593803406,0.0002842489047907293,1,0,0,0,8252
11164,0.21607966721057892,3028,-0.3009410798549652,0.2515029013156891,0.5170208215713501,0.00010734663374023512,1,0,0,0,8252
11165,-0.6206376552581787,1603,0.6621627807617188,0.33250629901885986,-1.2828004360198975,-8.308033372372847e-09,1,0,0,0,8252
11166,-0.6146491169929504,1616,-0.5504348874092102,0.277421772480011,-0.06421424448490143,0.03138037025928497,1,0,0,0,8252
11174,0.2786877155303955,3104,-0.23877790570259094,0.2525329887866974,0.5174655914306641,0.030904404819011688,1,0,0,0,8252
11185,-1.5193052291870117,491,-0.27772435545921326,0.33133426308631897,-1.241580843925476,0.00022466605878435075,1,0,0,0,8252
11186,-0.9092332124710083,1175,-0.5076899528503418,0.2947638928890228,-0.40154314041137695,9.736320495605469,1,0,0,0,8252
11189,1.187980055809021,4187,0.0833243653178215,0.22525301575660706,1.1046557426452637,0.0059952219016849995,1,0,0,0,8252
11201,-1.3113161325454712,691,-0.6012332439422607,0.3083723485469818,-0.7100830078125,0.029822949320077896,1,0,0,0,8252
11217,-0.8192585110664368,1303,-0.13478900492191315,0.3074359595775604,-0.68446946144104,0.7563206553459167,1,0,0,0,8252
11245,-1.7598743438720703,353,-0.6808172464370728,0.325300931930542,-1.0790570974349976,1.600516438484192,1,0,0,0,8252
11247,-1.4295750856399536,572,-0.5224557518959045,0.31875723600387573,-0.9071192741394043,0.4982559084892273,1,0,0,0,8252
11259,0.8050715327262878,3841,-0.2492985725402832,0.2285606414079666,1.0543702840805054,0.0006497211870737374,1,0,0,0,8252
11262,1.368883490562439,4328,0.9792082905769348,0.25732654333114624,0.38967522978782654,0.00016267929458990693,1,0,0,0,8252
11267,0.2030654400587082,3010,0.14514295756816864,0.273845374584198,0.05792253836989403,0.0016438773600384593,1,1,0,0,8252
11269,-1.6881303787231445,384,0.2577761113643646,0.36403176188468933,-1.9459065198898315,1.5626030290150084e-05,1,0,0,0,8252
11274,0.0035727142821997404,2685,0.09382764250040054,0.2807362973690033,-0.09025492519140244,0.049330540001392365,1,0,0,0,8252
11285,1.734876275062561,4537,1.5321154594421387,0.2654573917388916,0.20276077091693878,-3.5080239513263223e-07,1,0,0,0,8252
11298,-1.0883471965789795,935,-0.7852045893669128,0.2896730303764343,-0.30314239859580994,0.3710327744483948,1,0,0,0,8252
11314,-0.5854792594909668,1673,0.13484035432338715,0.308297723531723,-0.7203195095062256,0.08363613486289978,1,0,0,0,8252
11317,1.2587944269180298,4243,0.08050718158483505,0.22280775010585785,1.1782870292663574,0.00569350179284811,1,0,0,0,8252
11322,1.0471012592315674,4066,0.5234798789024353,0.2504824697971344,0.5236212015151978,0.00037830803194083273,1,0,0,0,8252
11328,0.3452669382095337,3209,-0.09164858609437943,0.25563523173332214,0.43691548705101013,0.03571093827486038,1,0,0,0,8252
11330,1.1845804452896118,4185,-0.4137379229068756,0.20378179848194122,1.5983182191848755,0.009455597959458828,1,0,0,0,8252
11341,0.7900218963623047,3828,0.6556925177574158,0.2690880000591278,0.13432934880256653,0.0018778450321406126,1,0,0,0,8252
11347,-0.8520312309265137,1257,-0.7159361839294434,0.28288936614990234,-0.1360950618982315,0.019792992621660233,1,0,0,0,8252
11351,-0.38869738578796387,2017,-0.2930469214916229,0.2792544960975647,-0.09565044939517975,0.02493422105908394,1,0,0,0,8252
11365,-1.3997019529342651,600,-0.1543988436460495,0.3328387141227722,-1.2453032732009888,0.045120906084775925,1,0,0,0,8252
11375,-0.7007162570953369,1480,-0.4913594722747803,0.28630322217941284,-0.20935678482055664,0.1155148446559906,1,0,0,0,8252
11376,1.7551201581954956,4548,1.5031120777130127,0.26458361744880676,0.2520081400871277,1.0734923705513211e-07,1,0,0,0,8252
11396,-0.7911127209663391,1336,-0.08617233484983444,0.3086187243461609,-0.7049404382705688,0.007337532937526703,1,0,0,0,8252
11405,2.59086537361145,4808,2.283308744430542,0.26081162691116333,0.30755674839019775,-1.9403040596444043e-07,1,0,0,0,8252
11437,-0.05099719762802124,2612,-0.44070789217948914,0.2587980031967163,0.38971075415611267,-0.1225278303027153,1,0,0,0,8252
11441,0.6724014282226562,3677,-0.22341184318065643,0.2347438633441925,0.8958132863044739,0.04139842838048935,1,0,0,0,8252
11442,-0.6153140664100647,1614,-0.6513356566429138,0.2740330398082733,0.03602166473865509,9.646129608154297,1,0,0,0,8252
11450,-0.17010067403316498,2397,-0.3649742901325226,0.2677311599254608,0.19487358629703522,0.03855925053358078,1,0,0,0,8252
11462,-0.6360955238342285,1574,-0.2930314242839813,0.2919991612434387,-0.3430640697479248,0.02890116721391678,1,0,0,0,8252
11463,0.03954235464334488,2743,0.2727515399456024,0.2873131036758423,-0.23320916295051575,0.00046943294000811875,1,0,0,0,8252
11465,-0.9724030494689941,1088,-0.5816896557807922,0.2936009466648102,-0.3907133936882019,0.03346514329314232,1,0,0,0,8252
11491,1.3731428384780884,4331,1.5067838430404663,0.2818855941295624,-0.13364098966121674,4.0247516153613105e-05,1,0,0,0,8252
11493,0.33669519424438477,3192,0.6102404594421387,0.28808027505874634,-0.27354520559310913,4.630333205568604e-05,1,0,0,0,8252
11494,-1.017556071281433,1031,-0.473161906003952,0.29994794726371765,-0.5443942546844482,0.18474054336547852,1,0,0,0,8252
11495,-1.6508302688598633,410,-0.6650870442390442,0.3194446563720703,-0.9857433438301086,0.1585511863231659,1,0,0,0,8252
11496,-0.2983342111110687,2196,0.09625542908906937,0.2927705943584442,-0.3945896327495575,0.01279209554195404,1,0,0,0,8252
11507,0.851112961769104,3893,0.4728637635707855,0.2572408616542816,0.37824901938438416,0.02592635154724121,1,0,0,0,8252
11513,-1.2591804265975952,741,-0.8894347548484802,0.29327091574668884,-0.36974582076072693,5.585552215576172,1,1,0,0,8252
11519,4.6102519035339355,4986,3.286351442337036,0.21409307420253754,1.323900580406189,-2.3830575286400623e-15,1,0,0,0,8252
11523,0.5834304094314575,3543,0.6760053634643555,0.27884697914123535,-0.09257492423057556,0.012444794178009033,1,0,0,0,8252
11525,-0.7037087082862854,1476,-0.5537319779396057,0.2825967073440552,-0.1499766856431961,0.12494543939828873,1,0,0,0,8252
11530,-0.8458870053291321,1266,-0.5013313889503479,0.2899684011936188,-0.34455570578575134,2.2158796787261963,1,0,0,0,8252
11536,0.29414185881614685,3123,0.7053499817848206,0.29573723673820496,-0.41120806336402893,4.3150270357728004e-05,1,0,0,0,8252
11551,0.8027114272117615,3838,-0.2892833650112152,0.22575727105140686,1.0919947624206543,0.0013011125847697258,1,0,0,0,8252
11560,-0.5953046679496765,1654,0.12902116775512695,0.3079746663570404,-0.7243258953094482,8.470671309623867e-05,1,0,0,0,8252
11575,-1.935464859008789,271,-0.8985058665275574,0.3235315978527069,-1.0369590520858765,16.017658233642578,1,0,0,0,8252
11600,0.2619401812553406,3088,0.07141707092523575,0.2671535313129425,0.19052311778068542,1.567563533782959,1,0,0,0,8252
11603,-0.44489559531211853,1919,-0.41336962580680847,0.27848103642463684,-0.03152603283524513,0.07915978878736496,1,0,0,0,8252
11610,0.5489248633384705,3494,-0.038251932710409164,0.24965155124664307,0.5871766805648804,0.16945724189281464,1,0,0,0,8252
11622,1.0742223262786865,4096,0.5677833557128906,0.2518404424190521,0.5064391493797302,0.046839646995067596,1,0,0,0,8252
11624,0.10825828462839127,2857,-0.9494708180427551,0.2275702953338623,1.0577290058135986,0.29680320620536804,1,0,0,0,8252
11636,-0.012387404218316078,2661,-0.03672952577471733,0.27386781573295593,0.024342132732272148,5.942589268670417e-06,1,0,0,0,8252
11637,-0.9347540140151978,1136,-0.2607311010360718,0.307127982378006,-0.674022912979126,0.25983476638793945,1,1,0,0,8252
11662,1.1560399532318115,4165,0.8677307367324829,0.2625320851802826,0.2883091866970062,6.040466541890055e-05,1,0,0,0,8252
11694,-0.3939734399318695,2006,-0.1954422891139984,0.2851862609386444,-0.1985311210155487,0.31199079751968384,1,0,0,0,8252
11701,-0.6891233921051025,1498,-0.1902317851781845,0.29702267050743103,-0.4988916516304016,0.29423588514328003,1,0,0,0,8252
11712,5.02766227722168,4992,3.1415953636169434,0.18788546323776245,1.8860667943954468,-2.1453313030130733e-13,1,0,0,0,8252
11722,0.06301538646221161,2788,-0.1280619353055954,0.2674024701118469,0.191077321767807,1.325791597366333,1,0,0,0,8252
11723,-0.476377010345459,1863,-0.5522601008415222,0.27180367708206177,0.07588323205709457,0.014484644867479801,1,0,0,0,8252
11725,0.4994174540042877,3435,0.06546246260404587,0.2557586133480072,0.43395495414733887,0.559669017791748,1,0,0,0,8252
11735,1.1226621866226196,4136,1.302641749382019,0.2833620309829712,-0.17997950315475464,0.0008626197231933475,1,0,0,0,8252
11737,0.3386949300765991,3198,0.16204845905303955,0.2674356698989868,0.17664647102355957,7.841100887162611e-05,1,0,0,0,8252
11740,-1.0514318943023682,983,-0.6821700930595398,0.2936312258243561,-0.36926180124282837,1.3221213817596436,1,0,0,0,8252
11753,-1.7389154434204102,361,-0.598727822303772,0.32746002078056335,-1.1401876211166382,0.2709563672542572,1,0,0,0,8252
11770,0.11019174009561539,2859,-0.35172221064567566,0.2555798292160034,0.46191391348838806,0.48870599269866943,1,0,0,0,8252
11790,-0.9502134323120117,1119,-0.7026450634002686,0.2881697416305542,-0.24756844341754913,3.654423952102661,1,0,0,0,8252
11795,0.24896715581417084,3073,-0.11950846016407013,0.2591334283351898,0.36847564578056335,2.858220338821411,1,0,0,0,8252
11818,3.5688469409942627,4939,3.449894666671753,0.27024292945861816,0.1189524456858635,-5.643615999875728e-13,1,0,0,0,8252
11819,-0.4053288400173187,1987,0.11329936236143112,0.30004289746284485,-0.5186282992362976,-5.828522944284487e-07,1,0,0,0,8252
11826,-1.4755680561065674,523,-0.319728285074234,0.3278696537017822,-1.1558396816253662,0.2845604419708252,1,0,0,0,8252
11847,-1.133126139640808,881,-0.5721045732498169,0.30132564902305603,-0.5610216856002808,0.7796590328216553,1,0,0,0,8252
11852,-0.32929739356040955,2145,0.05341307073831558,0.29337772727012634,-0.38271045684814453,0.030410945415496826,1,0,0,0,8252
11853,0.18744629621505737,2980,-0.314992219209671,0.2535882294178009,0.502438485622406,0.0001542512618470937,1,0,0,0,8252
11854,1.4690464735031128,4397,1.0534316301345825,0.25557494163513184,0.41561469435691833,2.334443749418824e-10,1,0,0,0,8252
11861,2.9652836322784424,4875,2.481978178024292,0.2533316910266876,0.4833059012889862,3.913310918802343e-13,1,0,0,0,8252
11880,-1.3113596439361572,689,-0.44123324751853943,0.3162263333797455,-0.8701264262199402,11.138070106506348,1,0,0,0,8252
11893,2.037152051925659,4658,1.6373233795166016,0.25661972165107727,0.39982807636260986,0.00025801482843235135,1,0,0,0,8252
11899,0.05992864444851875,2784,-0.21797886490821838,0.26276737451553345,0.27790749073028564,0.024045372381806374,1,0,0,0,8252
11905,-2.1930758953094482,160,-0.4773121774196625,0.35482990741729736,-1.715764045715332,0.10709439218044281,1,0,1,1,8252
11922,0.3608454167842865,3237,0.21894541382789612,0.269070029258728,0.14190004765987396,0.005731493234634399,1,0,0,0,8252
11924,0.467679500579834,3392,0.02655022405087948,0.2543443739414215,0.44112929701805115,0.005469445139169693,1,0,0,0,8252
11928,0.06587760895490646,2792,-0.021684914827346802,0.2712242305278778,0.08756249397993088,0.7526215314865112,1,0,0,0,8252
11933,1.7192261219024658,4527,1.7079113721847534,0.2751619517803192,0.011314782314002514,1.0680827333686693e-09,1,0,0,0,8252
11947,-1.4743529558181763,526,-0.7535161972045898,0.3087114989757538,-0.720836877822876,4.924637794494629,1,0,0,0,8252
11949,-0.1309734433889389,2468,-0.5536248087882996,0.2572270631790161,0.42265138030052185,-0.09121517091989517,1,0,0,0,8252
11953,0.11609777063131332,2869,-0.07616137713193893,0.26679083704948425,0.19225913286209106,3.189415842541621e-09,1,0,0,0,8252
11980,0.21061502397060394,3020,0.24652300775051117,0.27800822257995605,-0.035907961428165436,0.18449369072914124,1,0,0,0,8252
11988,-1.6392282247543335,414,-0.5951022505760193,0.3243063986301422,-1.0441261529922485,0.23684509098529816,1,0,0,0,8252
11995,1.526288628578186,4426,0.8401757478713989,0.2443765252828598,0.6861128211021423,0.00023525700089521706,1,0,0,0,8252
12005,0.4399174153804779,3361,1.020029067993164,0.3024240732192993,-0.5801118612289429,9.45961510296911e-05,1,0,0,0,8252
12012,-1.5540517568588257,467,-0.16680827736854553,0.33863750100135803,-1.3872435092926025,0.07045714557170868,1,0,0,0,8252
12015,-0.5786300301551819,1688,-0.9343901872634888,0.259213387966156,0.35576021671295166,0.857562243938446,1,0,0,0,8252
12051,0.31062883138656616,3149,-0.3266555368900299,0.24701464176177979,0.6372843980789185,0.00547564122825861,1,0,0,0,8252
12053,0.02725164406001568,2727,-0.6188854575157166,0.24710988998413086,0.6461370587348938,0.07789462804794312,1,0,0,0,8252
12068,-0.34389635920524597,2105,-0.20396137237548828,0.28169307112693787,-0.1399349421262741,0.0566723458468914,1,0,0,0,8252
12069,-0.6941162943840027,1489,-0.2661623954772949,0.29582831263542175,-0.4279538691043854,0.0017564792651683092,1,0,0,0,8252
12082,0.6827875971794128,3690,-0.003368079662322998,0.24415278434753418,0.6861556172370911,0.2506917715072632,1,0,0,0,8252
12088,-0.6962822079658508,1486,-0.5375449657440186,0.2844891846179962,-0.15873725712299347,4.437173843383789,1,0,0,0,8252
12089,0.8897703289985657,3941,-0.0308204498142004,0.2339080572128296,0.920590877532959,0.12217147648334503,1,0,0,0,8252
12098,-0.49441424012184143,1832,-0.7554023861885071,0.26360902190208435,0.26098814606666565,5.824085712432861,1,0,0,0,8252
12119,-1.1543554067611694,852,-0.4827921390533447,0.30698493123054504,-0.6715633273124695,0.0157388336956501,1,0,0,0,8252
12135,-1.0333244800567627,1008,-0.5747784972190857,0.29703477025032043,-0.4585460126399994,0.0007956112967804074,1,0,0,0,8252
12144,0.08984283357858658,2831,-0.05403945595026016,0.26976868510246277,0.14388228952884674,0.004292859695851803,1,0,0,0,8252
12177,-2.032254934310913,225,-0.40051698684692383,0.35016798973083496,-1.6317379474639893,1.4445412158966064,1,0,1,1,8252
12184,-0.7452571392059326,1410,-0.05962812528014183,0.30830419063568115,-0.6856289505958557,0.08825930953025818,1,0,0,0,8252
12198,-2.7746641635894775,45,-0.41747385263442993,0.3823746144771576,-2.3571906089782715,0.17304834723472595,1,0,1,1,8252
12202,0.32802096009254456,3174,-0.4501129686832428,0.24112676084041595,0.7781340479850769,0.017576754093170166,1,0,0,0,8252
12205,0.7278779745101929,3753,-0.6546198725700378,0.21335510909557343,1.3824976682662964,0.0008241680916398764,1,0,0,0,8252
12223,0.2569582164287567,3080,0.1347377598285675,0.27076441049575806,0.1222204715013504,0.0006790239131078124,1,0,0,0,8252
12235,0.8636345267295837,3909,1.3196356296539307,0.2954278886318207,-0.4560011327266693,-3.488018762709544e-09,1,0,0,0,8252
12239,2.533953905105591,4790,1.8586809635162354,0.2450275421142578,0.6752728819847107,-9.713101434272176e-10,1,0,0,0,8252
12242,0.7285730838775635,3755,1.4341249465942383,0.307645320892334,-0.7055517435073853,-2.121104958341391e-10,1,0,0,0,8252
12246,-0.06173793599009514,2597,-0.09583846479654312,0.2743960916996002,0.03410051390528679,0.0003429300559218973,1,0,0,0,8252
12256,1.364953875541687,4326,0.9782788157463074,0.2583048641681671,0.3866749703884125,0.0005573236849159002,1,0,0,0,8252
12274,0.5778660178184509,3530,-0.24051885306835175,0.23737739026546478,0.8183849453926086,0.0011502981651574373,1,0,0,0,8252
12281,4.258864402770996,4976,4.246168613433838,0.2742939889431,0.012694882228970528,8.177127032617457e-18,1,0,0,0,8252
12290,-1.2679799795150757,724,0.4705182611942291,0.35511454939842224,-1.7384980916976929,3.5855729579925537,1,0,0,0,8252
12300,-0.823445737361908,1299,-0.8345701098442078,0.27542009949684143,0.01112440973520279,1.5598535537719727,1,0,0,0,8252
12310,1.1544296741485596,4164,0.7999659776687622,0.2596869170665741,0.3544635772705078,6.634196125787639e-08,1,1,0,0,8252
12322,2.2294118404388428,4712,1.724068284034729,0.2520676553249359,0.5053433179855347,7.12159788918143e-08,1,0,0,0,8252
12326,-0.6333179473876953,1581,-0.5791494250297546,0.2789207398891449,-0.05416854843497276,0.35004985332489014,1,0,0,0,8252
12330,-0.06453412026166916,2593,-0.26984474062919617,0.2664121985435486,0.20531056821346283,0.002000153763219714,1,0,0,0,8252
12341,1.024156928062439,4049,-0.40822649002075195,0.210633784532547,1.432383418083191,0.36823931336402893,1,0,0,0,8252
12349,-0.9643559455871582,1098,-0.629078209400177,0.29031631350517273,-0.3352777659893036,0.38479262590408325,1,0,0,0,8252
12352,0.1639726161956787,2935,-0.6399077773094177,0.23905959725379944,0.8038802146911621,9.483901977539062,1,0,0,0,8252
12357,-1.3001865148544312,698,0.15597586333751678,0.3408118784427643,-1.4561625719070435,3.80147248506546e-05,1,0,0,0,8252
12371,-0.6093401312828064,1627,-0.5235114693641663,0.2788573205471039,-0.0858287587761879,6.903980255126953,1,0,0,0,8252
12390,0.6851643919944763,3693,1.3609278202056885,0.3067333400249481,-0.6757634878158569,4.911258955075937e-09,1,0,0,0,8252
12431,-0.03381729498505592,2635,0.6431407332420349,0.3051190972328186,-0.6769580841064453,9.986647637560964e-05,1,0,0,0,8252
12468,0.6403180360794067,3632,-0.03701067715883255,0.24598351120948792,0.6773287057876587,0.00011056514631491154,1,0,0,0,8252
12480,-0.7895004749298096,1337,0.43588170409202576,0.3311605453491211,-1.2253822088241577,1.1235776753437676e-08,1,0,0,0,8252
12485,0.3308318555355072,3179,-0.4624672532081604,0.23890690505504608,0.79329913854599,0.054086264222860336,1,0,0,0,8252
12488,-1.3419370651245117,657,-0.46389397978782654,0.31660404801368713,-0.8780431151390076,4.895847320556641,1,0,0,0,8252
12496,1.8359516859054565,4583,1.234822392463684,0.24878528714179993,0.601129412651062,-9.386772603647842e-08,1,0,0,0,8252
12514,1.2119419574737549,4199,1.3043729066848755,0.2809060215950012,-0.09243088215589523,5.3426475687956554e-08,1,0,0,0,8252
12515,-0.7878568768501282,1339,-0.24352042376995087,0.30072125792503357,-0.5443363785743713,0.004351012408733368,1,0,0,0,8252
12518,-1.1620558500289917,841,-0.121958427131176,0.3223288357257843,-1.0400973558425903,0.4483160078525543,1,0,0,0,8252
12532,0.1266794502735138,2880,-1.0709232091903687,0.22126081585884094,1.19760262966156,0.21253104507923126,1,0,0,0,8252
12545,1.2643605470657349,4250,-0.4172295033931732,0.19920407235622406,1.6815900802612305,0.1833558976650238,1,0,0,0,8252
12556,0.6878387928009033,3699,1.6018861532211304,0.31719970703125,-0.914047360420227,2.2389302102965303e-05,1,0,0,0,8252
12559,3.4922382831573486,4934,1.7524152994155884,0.19605983793735504,1.7398227453231812,-2.4474836762301833e-13,1,0,0,0,8252
12564,0.30636200308799744,3141,0.25681236386299133,0.2724305987358093,0.04954961687326431,8.883107511792332e-05,1,1,0,0,8252
12567,-0.3491576910018921,2093,-0.6152964234352112,0.26414045691490173,0.2661387622356415,0.0264536514878273,1,0,0,0,8252
12569,0.13467943668365479,2893,-0.5517438054084778,0.24328462779521942,0.6864232420921326,0.4179474711418152,1,0,0,0,8252
12571,0.011431037448346615,2702,-0.18445883691310883,0.26655313372612,0.19588987529277802,0.001179583603516221,1,0,0,0,8252
12573,-1.2795323133468628,716,-0.814487874507904,0.2970612049102783,-0.4650443494319916,0.02603563852608204,1,0,0,0,8252
12578,-1.657511591911316,404,-0.10055728256702423,0.34680014848709106,-1.5569541454315186,7.740495493635535e-05,1,0,0,0,8252
12581,0.623126208782196,3612,0.24531157314777374,0.2596515119075775,0.3778146207332611,0.19431987404823303,1,0,0,0,8252
12593,2.053258180618286,4664,2.4100444316864014,0.29010048508644104,-0.356786847114563,-2.0515366486506537e-05,1,0,0,0,8252
12621,0.2625868320465088,3089,1.3024252653121948,0.3219989240169525,-1.0398383140563965,1.6510254274848535e-09,1,0,0,0,8252
12630,-1.5357125997543335,480,0.4669899642467499,0.36722323298454285,-2.0027029514312744,0.005115250125527382,1,0,0,0,8252
12649,-2.0229010581970215,230,-1.0330784320831299,0.32112184166908264,-0.9898226857185364,4.08581018447876,1,0,1,1,8252
12652,-1.4748194217681885,524,-0.840425431728363,0.3054707646369934,-0.6343939900398254,2.356692314147949,1,0,0,0,8252
12655,0.28135499358177185,3106,0.39509397745132446,0.2802349627017975,-0.11373896896839142,0.0012798807583749294,1,0,0,0,8252
12661,1.0730537176132202,4094,1.5226110219955444,0.29505500197410583,-0.4495573043823242,2.487457795297132e-09,1,0,0,0,8252
12682,-2.6522634029388428,60,-0.37168821692466736,0.3792358338832855,-2.2805747985839844,4.91607666015625,1,0,1,1,8252
12686,-0.4283807873725891,1952,-0.48359426856040955,0.27263179421424866,0.055213481187820435,0.3073844909667969,1,0,0,0,8252
12687,-1.0973036289215088,925,-0.5435512661933899,0.30133920907974243,-0.5537522435188293,0.9700939655303955,1,1,0,0,8252
12696,1.9777538776397705,4630,1.7772858142852783,0.2651858627796173,0.20046845078468323,-6.449159956067874e-11,1,0,0,0,8252
12701,-1.864418864250183,302,-0.7055482268333435,0.3280981779098511,-1.1588704586029053,0.01713867299258709,1,0,0,0,8252
12716,-0.0502975694835186,2614,-0.48113131523132324,0.2560133635997772,0.4308338165283203,4.123174667358398,1,0,0,0,8252
12726,-1.2672109603881836,727,-0.34053850173950195,0.3177478015422821,-0.9266725778579712,0.0015249938005581498,1,0,0,0,8252
12728,0.2598415017127991,3086,-0.16974002122879028,0.25523483753204346,0.42958149313926697,0.31800705194473267,1,0,0,0,8252
12734,-1.0347989797592163,1006,-0.853040337562561,0.2851291298866272,-0.1817583590745926,16.019338607788086,1,0,0,0,8252
12768,0.9652730822563171,4001,-0.08065442740917206,0.22789545357227325,1.0459275245666504,0.004649474751204252,1,0,0,0,8252
12769,-0.08698605746030807,2549,0.6233192682266235,0.3082811236381531,-0.7103052735328674,0.022913668304681778,1,0,0,0,8252
12791,-2.273273229598999,135,-0.7057363390922546,0.34745556116104126,-1.5675369501113892,1.4748210906982422,1,0,1,1,8252
12825,-0.6843745708465576,1504,-0.3782896399497986,0.28987711668014526,-0.3060849905014038,30.995357513427734,1,0,0,0,8252
12829,1.8802961111068726,4602,1.634841799736023,0.2650100886821747,0.24545469880104065,-2.3232415991003563e-10,1,0,0,0,8252
12832,0.9371358156204224,3980,0.18489566445350647,0.24150435626506805,0.7522401213645935,-2.369151097525446e-09,1,0,0,0,8252
12833,2.699291229248047,4830,2.4200336933135986,0.26318180561065674,0.2792574465274811,-1.8934402934434047e-09,1,0,0,0,8252
12839,2.2812294960021973,4725,1.6048675775527954,0.24438941478729248,0.676362156867981,-8.160170494875274e-08,1,0,0,0,8252
12851,0.919162392616272,3968,0.7047064900398254,0.26534029841423035,0.21445579826831818,0.06796302646398544,1,0,0,0,8252
12884,1.8351162672042847,4581,0.6713346838951111,0.22303266823291779,1.1637816429138184,1.592297077178955,1,0,0,0,8252
12890,-0.48114481568336487,1854,-0.8306632041931152,0.2601149380207062,0.3495185077190399,0.6409592032432556,1,0,0,0,8252
12908,-0.22462432086467743,2313,-0.4982878863811493,0.2624616026878357,0.2736634910106659,2.015901565551758,1,0,0,0,8252
12912,-0.5893952250480652,1664,-0.5511462092399597,0.2775646150112152,-0.03824896737933159,3.540344715118408,1,0,0,0,8252
12913,0.30924808979034424,3146,-0.20806661248207092,0.2523341178894043,0.5173146724700928,0.5086976289749146,1,0,0,0,8252
12931,3.321211576461792,4917,3.5963878631591797,0.2874393165111542,-0.2751769721508026,-9.529288165846528e-13,1,0,0,0,8252
12937,-0.841620922088623,1270,-0.4925712049007416,0.29252785444259644,-0.34904974699020386,0.0032645799219608307,1,0,0,0,8252
12947,-0.528789222240448,1774,-0.5644664168357849,0.27297428250312805,0.03567725047469139,0.3180224299430847,1,0,0,0,8252
12962,-0.38034430146217346,2032,0.4152827858924866,0.31067150831222534,-0.7956269979476929,0.31882551312446594,1,0,0,0,8252
12974,-2.378523588180542,112,-0.5744812488555908,0.35713687539100647,-1.804041862487793,0.10609786212444305,1,0,1,1,8252
12987,0.7534955739974976,3781,-0.2205919474363327,0.23265741765499115,0.9740872383117676,0.4619549512863159,1,0,0,0,8252
13045,-0.8765994310379028,1216,-0.3721158504486084,0.29841580986976624,-0.5044835209846497,-0.0006336196092888713,1,0,0,0,8252
13048,0.03445914387702942,2734,-0.4639216959476471,0.2526555061340332,0.49838075041770935,0.032420821487903595,1,0,0,0,8252
13050,0.11664610356092453,2870,0.2609008848667145,0.28158891201019287,-0.14425484836101532,0.22709131240844727,1,0,0,0,8252
13057,1.7199457883834839,4528,-0.17293189465999603,0.19061431288719177,1.892877459526062,0.00247329194098711,1,0,0,0,8252
13067,-0.7356706261634827,1423,-0.0783969908952713,0.30607447028160095,-0.6572736501693726,2.7009551217815897e-07,1,0,0,0,8252
13073,-0.1519029289484024,2433,-0.11778692156076431,0.2773677408695221,-0.0341159924864769,0.003764617256820202,1,0,0,0,8252
13087,-0.761815071105957,1385,-0.5673364996910095,0.28414997458457947,-0.1944785714149475,0.028549665585160255,1,0,0,0,8252
13097,0.7828369140625,3822,-0.18796949088573456,0.23322628438472748,0.9708065390586853,0.23728330433368683,1,0,0,0,8252
13100,-0.028796924278140068,2644,-0.44228991866111755,0.2573316693305969,0.41349300742149353,0.07075855135917664,1,0,0,0,8252
13103,-0.5368221998214722,1759,-0.000950801360886544,0.30047929286956787,-0.5358714461326599,0.002090028952807188,1,0,0,0,8252
13104,1.5488003492355347,4436,1.4575198888778687,0.27074211835861206,0.09128055721521378,1.377970761495817e-06,1,0,0,0,8252
13111,2.2893879413604736,4728,0.7432682514190674,0.20472465455532074,1.5461198091506958,1.0267122707574572e-09,1,0,0,0,8252
13112,2.330371618270874,4738,2.6054162979125977,0.28759631514549255,-0.27504459023475647,2.028125445363571e-10,1,0,0,0,8252
13121,0.2746332585811615,3099,0.4574196934700012,0.28428754210472107,-0.18278633058071136,0.0006182388169690967,1,0,0,0,8252
13142,2.514984130859375,4788,2.275843858718872,0.2653946578502655,0.2391403466463089,-2.6959041665719496e-09,1,0,0,0,8252
13150,-0.8237141966819763,1297,-0.8762075304985046,0.27379801869392395,0.05249328166246414,-0.07456925511360168,1,0,0,0,8252
13151,-0.33682698011398315,2124,0.09283967316150665,0.2960016429424286,-0.429666668176651,0.025128301233053207,1,0,0,0,8252
13159,-1.044475793838501,991,0.10245358198881149,0.32816973328590393,-1.146929144859314,2.809296120176441e-07,1,0,0,0,8252
13161,-0.6109241843223572,1625,-0.39543887972831726,0.28506386280059814,-0.21548528969287872,0.011432835832238197,1,0,0,0,8252
13173,-0.04436985403299332,2621,-0.8127772212028503,0.240935280919075,0.7684074640274048,15.165509223937988,1,0,0,0,8252
13187,0.13761746883392334,2896,0.27738890051841736,0.2827346920967102,-0.1397714465856552,0.024379538372159004,1,0,0,0,8252
13190,0.22995567321777344,3049,0.32920247316360474,0.2788500487804413,-0.0992467924952507,-2.7915546525036916e-05,1,0,0,0,8252
13203,-1.6481258869171143,411,-0.047355469316244125,0.3485274016857147,-1.6007702350616455,0.0036196757573634386,1,0,0,0,8252
13236,0.4054599702358246,3304,0.3415306806564331,0.2724017798900604,0.06392933428287506,0.008545741438865662,1,0,0,0,8252
13245,-0.18730635941028595,2372,-0.3640804886817932,0.26712918281555176,0.17677412927150726,0.0363980308175087,1,0,0,0,8252
13246,-0.021908512338995934,2651,-0.7435538172721863,0.24358199536800385,0.7216452956199646,0.1166422888636589,1,0,0,0,8252
13249,-0.8272671103477478,1292,-0.35045695304870605,0.2970223128795624,-0.4768102169036865,1.10348379611969,1,0,0,0,8252
13251,-0.894376277923584,1194,-0.6611239314079285,0.2869100272655487,-0.23325221240520477,0.4097558856010437,1,0,0,0,8252
13252,1.2195602655410767,4207,0.15287624299526215,0.2276378870010376,1.0666840076446533,0.2011929601430893,1,0,0,0,8252
13256,-3.271127462387085,14,-0.5544109344482422,0.3992425203323364,-2.7167158126831055,0.00047509901924058795,1,0,1,1,8252
13257,-1.3661905527114868,636,-0.7506768107414246,0.30351734161376953,-0.6155137419700623,2.0713717937469482,1,0,0,0,8252
13283,-1.6698837280273438,395,-0.545141875743866,0.3261227607727051,-1.1247421503067017,1.3868098258972168,1,0,0,0,8252
13285,-0.21725161373615265,2329,-0.4958468973636627,0.26417073607444763,0.2785953879356384,0.08561663329601288,1,1,0,0,8252
13288,-0.04751914367079735,2618,-0.7469262480735779,0.2450563907623291,0.6994070410728455,0.027876920998096466,1,0,0,0,8252
13316,-1.5343029499053955,481,-0.2872103750705719,0.331773966550827,-1.247092604637146,0.002174563705921173,1,0,0,0,8252
13345,-0.6700733304023743,1524,-0.5382348299026489,0.2830507457256317,-0.13183854520320892,17.41642951965332,1,0,0,0,8252
13352,2.9746155738830566,4876,2.3656346797943115,0.24669396877288818,0.6089805960655212,-1.0272795236687671e-07,1,0,0,0,8252
13356,-1.3830043077468872,618,-0.7169924974441528,0.3054962754249573,-0.6660118103027344,0.044316258281469345,1,0,0,0,8252
13359,-1.4518072605133057,550,-0.5898134112358093,0.31448084115982056,-0.8619940876960754,0.025101007893681526,1,0,0,0,8252
13360,0.33531466126441956,3189,0.13015241920948029,0.26572251319885254,0.20516231656074524,0.09094950556755066,1,0,0,0,8252
13361,-3.0730531215667725,27,-0.8576739430427551,0.37684112787246704,-2.2153797149658203,3.154916763305664,1,0,1,1,8252
13375,2.054948329925537,4666,0.06726109981536865,0.18501462042331696,1.987687110900879,2.155224323272705,1,0,0,0,8252
13387,-1.7498180866241455,356,-0.6798692345619202,0.3230432868003845,-1.0699490308761597,11.13097858428955,1,0,0,0,8252
13392,-0.44766125082969666,1914,-0.7378409504890442,0.26299741864204407,0.2901797592639923,0.020223937928676605,1,0,0,0,8252
13405,-0.737052321434021,1420,-0.531291663646698,0.28573349118232727,-0.20576070249080658,0.24959272146224976,1,0,0,0,8252
13411,-1.2217804193496704,779,-0.3736395537853241,0.3128435015678406,-0.8481408357620239,0.06481891125440598,1,0,0,0,8252
13456,0.6328637003898621,3626,-0.23485735058784485,0.23670144379138947,0.8677210807800293,0.0007132672471925616,1,0,0,0,8252
13461,0.7098869681358337,3728,1.4593180418014526,0.30925989151000977,-0.7494311928749084,0.00039944195304997265,1,0,0,0,8252
13499,-1.9578357934951782,261,-0.6017946600914001,0.3378446102142334,-1.3560413122177124,0.24016007781028748,1,0,0,0,8252
13517,1.2998788356781006,4276,-0.17518742382526398,0.2085113525390625,1.475066065788269,0.07477857172489166,1,0,0,0,8252
13527,0.6761152148246765,3679,-0.5766008496284485,0.21904106438159943,1.252716302871704,0.4049832224845886,1,0,0,0,8252
13528,-0.1875034123659134,2370,0.27138203382492065,0.29696792364120483,-0.4588854908943176,5.938225626778149e-07,1,0,0,0,8252
13532,-0.6039895415306091,1640,-0.76714026927948,0.26817744970321655,0.16315077245235443,0.40367960929870605,1,0,0,0,8252
13548,-0.5608354806900024,1717,-0.4545978009700775,0.28125837445259094,-0.10623758286237717,0.03948872908949852,1,0,0,0,8252
13551,1.3779296875,4335,1.072490930557251,0.26162680983543396,0.3054389953613281,-1.0814797946068211e-07,1,0,0,0,8252
13579,0.2806271016597748,3105,0.11687379330396652,0.2685645520687103,0.16375333070755005,0.0011195680126547813,1,0,0,0,8252
13592,0.43415960669517517,3355,-0.25129902362823486,0.24468930065631866,0.6854586005210876,0.024039704352617264,1,0,0,0,8252
13598,-0.4537988305091858,1895,-0.7524936199188232,0.2633833587169647,0.29869481921195984,0.2867722511291504,1,0,0,0,8252
13604,-2.3573732376098633,117,-0.6579375863075256,0.35349878668785095,-1.699435830116272,1.9775866270065308,1,0,1,1,8252
13610,-0.12831299006938934,2477,0.6257680654525757,0.31001049280166626,-0.7540810704231262,2.052684635600599e-07,1,0,0,0,8252
13618,-0.5085479021072388,1811,-0.8659073114395142,0.26053348183631897,0.35735946893692017,0.3324406147003174,1,0,0,0,8252
13624,0.33746472001075745,3196,-0.5341885685920715,0.23606319725513458,0.8716533780097961,0.1510763019323349,1,0,0,0,8252
13644,-0.5460406541824341,1746,-0.6129644513130188,0.27312955260276794,0.06692387908697128,1.591720461845398,1,0,0,0,8252
13651,0.09250404685735703,2835,0.4084504246711731,0.28967922925949097,-0.31594640016555786,2.3276577394426567e-06,1,0,0,0,8252
13658,-0.7067516446113586,1473,-0.7874864935874939,0.2725611925125122,0.08073488622903824,10.72133731842041,1,0,0,0,8252
13673,-1.499834656715393,508,-0.7633151412010193,0.30964019894599915,-0.736519455909729,0.22625386714935303,1,0,0,0,8252
13676,1.1053961515426636,4127,0.5045633912086487,0.2484564334154129,0.6008328795433044,0.09178443253040314,1,0,0,0,8252
13679,2.4531049728393555,4773,2.1436574459075928,0.26124486327171326,0.30944761633872986,1.790538745917447e-13,1,0,0,0,8252
13680,-0.9696747660636902,1091,-0.8613554239273071,0.28150832653045654,-0.10831936448812485,7.351624488830566,1,0,0,0,8252
13685,1.6969950199127197,4519,-0.10465319454669952,0.19308753311634064,1.8016483783721924,0.00018904627359006554,1,0,0,0,8252
13689,-0.5250486731529236,1779,-0.4833454191684723,0.2767883241176605,-0.04170326143503189,0.031685229390859604,1,0,0,0,8252
13721,-0.015719223767518997,2656,0.746902585029602,0.30991825461387634,-0.7626218199729919,0.0032651214860379696,1,0,0,0,8252
13758,-0.2933999001979828,2203,-0.5070778131484985,0.26515695452690125,0.21367786824703217,0.22264467179775238,1,0,0,0,8252
13765,0.0018436536192893982,2682,-0.021915122866630554,0.27434927225112915,0.023758770897984505,0.018004290759563446,1,1,0,0,8252
13773,0.5052451491355896,3443,-0.08436793088912964,0.24809622764587402,0.589613139629364,0.008090116083621979,1,0,0,0,8252
13781,-0.34111443161964417,2115,-1.0687652826309204,0.2425663024187088,0.7276507616043091,1.1461563110351562,1,0,0,0,8252
13792,0.8451502919197083,3884,0.06774044036865234,0.24055472016334534,0.7774097323417664,0.0417247973382473,1,0,0,0,8252
13805,-1.278293251991272,719,-0.8066051602363586,0.29741960763931274,-0.47168809175491333,3.8659348487854004,1,0,0,0,8252
13829,0.48429685831069946,3410,-0.5250474214553833,0.2303261011838913,1.009344220161438,0.05149613320827484,1,0,0,0,8252
13840,1.1760238409042358,4179,-0.015563438646495342,0.222321555018425,1.1915873289108276,2.3901660824776627e-05,1,0,0,0,8252
13842,-0.5909173488616943,1661,-0.4591177999973297,0.28156089782714844,-0.13179950416088104,0.0027103074826300144,1,0,0,0,8252
13865,-2.1342735290527344,185,-0.6758607625961304,0.3420449197292328,-1.4584126472473145,3.466817855834961,1,0,1,1,8252
13872,0.06687208265066147,2796,0.09458587318658829,0.27627015113830566,-0.02771379053592682,0.0005239880410954356,1,0,0,0,8252
13885,1.4085588455200195,4359,0.8169223070144653,0.2476142942905426,0.5916364192962646,0.00588669627904892,1,0,0,0,8252
13911,-1.2719746828079224,722,-0.49643179774284363,0.31147268414497375,-0.7755427956581116,0.07076168060302734,1,0,0,0,8252
13926,0.11071357876062393,2861,-0.7207933068275452,0.23882512748241425,0.8315068483352661,0.8290871977806091,1,0,0,0,8252
13930,0.5764524340629578,3528,-0.09766794741153717,0.24434565007686615,0.6741202473640442,1.6625752449035645,1,0,0,0,8252
13948,-1.4238395690917969,575,-0.600724995136261,0.3121579587459564,-0.8231146931648254,0.041855018585920334,1,0,0,0,8252
13960,-0.06716294586658478,2587,-0.5440942645072937,0.25473538041114807,0.47693130373954773,0.013731813058257103,1,0,0,0,8252
13980,-0.1685982495546341,2401,-0.7257880568504333,0.2504625916481018,0.5571898818016052,0.6085613965988159,1,0,0,0,8252
13983,3.3686301708221436,4923,2.268833637237549,0.22484050691127777,1.0997964143753052,1.9068423284807068e-07,1,0,0,0,8252
13990,-0.23163683712482452,2304,-0.8978418707847595,0.24640420079231262,0.6662048697471619,0.07368511706590652,1,0,0,0,8252
13998,1.3338483572006226,4306,0.75135737657547,0.2488861083984375,0.5824910402297974,0.00012395987869240344,1,0,0,0,8252
14001,-0.3512779176235199,2090,-0.6268072128295898,0.26264020800590515,0.2755292057991028,0.28126832842826843,1,0,0,0,8252
14004,-0.08856546133756638,2545,-0.2348630279302597,0.26861461997032166,0.1462976187467575,1.9866459410877724e-07,1,1,0,0,8252
14015,1.3367270231246948,4312,0.4041585624217987,0.23303189873695374,0.9325682520866394,1.5269264963535534e-08,1,0,0,0,8252
14026,0.6243405938148499,3614,0.583467960357666,0.27459579706192017,0.04087262600660324,0.0003836386022157967,1,0,0,0,8252
14033,0.9844614863395691,4020,0.3441328704357147,0.2465391457080841,0.6403287649154663,0.0012419529957696795,1,0,0,0,8252
14034,-0.0903627946972847,2544,-0.26697683334350586,0.2672698497772217,0.17661404609680176,0.01723494566977024,1,0,0,0,8252
14076,2.706780195236206,4833,2.108555555343628,0.24728719890117645,0.5982250571250916,-1.0786573023668922e-10,1,1,0,0,8252
14093,0.34335193037986755,3203,0.9112201929092407,0.30129772424697876,-0.5678682327270508,1.655966030966738e-08,1,0,0,0,8252
14103,-0.3760194480419159,2041,-0.15022264420986176,0.28618666529655457,-0.22579680383205414,-5.90425699442676e-08,1,0,0,0,8252
14119,-1.2040824890136719,791,-0.9201974868774414,0.2890416383743286,-0.2838849425315857,2.1339142322540283,1,0,0,0,8252
14121,-0.863263726234436,1237,-0.1596422642469406,0.30809950828552246,-0.7036214470863342,7.288217602763325e-07,1,0,0,0,8252
14140,-0.4189308285713196,1969,0.47898221015930176,0.31596487760543823,-0.8979129791259766,-8.09140328783542e-06,1,1,0,0,8252
14159,-0.7961013317108154,1329,-0.7216026186943054,0.2775875926017761,-0.07449869066476822,0.4263171851634979,1,0,0,0,8252
14160,-1.67324697971344,391,-0.014924513176083565,0.35085898637771606,-1.6583226919174194,0.000830715405754745,1,0,0,0,8252
14184,-0.3254941403865814,2151,0.42011553049087524,0.30889806151390076,-0.745609700679779,0.1154007539153099,1,0,0,0,8252
14185,1.5655547380447388,4444,0.2854759097099304,0.21653226017951965,1.2800788879394531,0.0011353400768712163,1,0,0,0,8252
14221,0.9540955424308777,3992,0.2139996588230133,0.24337346851825714,0.7400959134101868,0.16019238531589508,1,0,0,0,8252
14223,2.0396857261657715,4659,1.7761701345443726,0.2635112702846527,0.26351577043533325,-1.768752477815383e-09,1,0,0,0,8252
14227,-0.06968425959348679,2582,-0.35906487703323364,0.26241371035575867,0.2893805503845215,0.010027382522821426,1,0,0,0,8252
14246,1.9889307022094727,4633,0.5979831218719482,0.21228523552417755,1.3909475803375244,1.5445795042978716e-07,1,0,0,0,8252
14259,0.00557352602481842,2688,0.10386057198047638,0.28106361627578735,-0.09828706085681915,0.010534295812249184,1,0,0,0,8252
14273,-1.9538906812667847,264,-0.22108955681324005,0.35342904925346375,-1.732800841331482,0.0020653968676924706,1,0,0,0,8252
14276,0.847011387348175,3885,-0.6591951251029968,0.20671959221363068,1.5062063932418823,0.03889523074030876,1,0,0,0,8252
14298,3.279836416244507,4912,1.4693931341171265,0.193360835313797,1.8104435205459595,-1.6314781987603055e-06,1,0,0,0,8252
14320,-0.9254321455955505,1149,1.3759663105010986,0.3797556161880493,-2.301398515701294,0.02336536906659603,1,0,0,0,8252
14322,0.019806189462542534,2713,-0.12522394955158234,0.2689130902290344,0.14503012597560883,0.0010574717307463288,1,0,0,0,8252
14331,-1.4977893829345703,510,-0.6618192791938782,0.31410470604896545,-0.8359700441360474,2.6260149478912354,1,0,0,0,8252
14337,-0.6265243887901306,1593,-0.27687665820121765,0.2914367914199829,-0.3496476709842682,0.3496512174606323,1,0,0,0,8252
14346,0.9813877940177917,4019,0.2615204453468323,0.24250276386737823,0.7198674082756042,3.7283483834471554e-05,1,0,0,0,8252
14355,-0.7893571853637695,1338,-0.6064570546150208,0.2853969931602478,-0.18290013074874878,0.08018721640110016,1,1,0,0,8252
14366,1.9216108322143555,4616,1.864302635192871,0.2721967101097107,0.05730820819735527,2.9389824043402415e-15,1,0,0,0,8252
14391,-0.8488468527793884,1260,-0.2670867145061493,0.30277761816978455,-0.5817601680755615,0.06216553598642349,1,0,0,0,8252
14405,-1.1748679876327515,825,-0.9822166562080383,0.28551793098449707,-0.19265136122703552,14.881210327148438,1,0,0,0,8252
14408,0.6666089296340942,3669,-0.08805065602064133,0.24128387868404388,0.7546595931053162,8.955058001447469e-05,1,0,0,0,8252
14432,-1.2565354108810425,745,-0.3715146481990814,0.3153991997241974,-0.8850206732749939,0.1794223040342331,1,0,0,0,8252
14437,0.2839585542678833,3110,-0.15578028559684753,0.25534939765930176,0.43973883986473083,1.2970474017492961e-05,1,0,0,0,8252
14453,-0.461606502532959,1885,-0.5392367243766785,0.2714320123195648,0.07763023674488068,0.07004082202911377,1,0,0,0,8252
14465,0.03673907741904259,2739,-0.4293830394744873,0.25400176644325256,0.46612221002578735,0.04781243950128555,1,0,0,0,8252
14477,1.5902137756347656,4460,0.6192557215690613,0.2315221130847931,0.9709581732749939,-1.0805410965986084e-06,1,1,0,0,8252
14495,-0.9777553677558899,1079,-0.18950589001178741,0.3120497763156891,-0.7882495522499084,6.4504899978637695,1,0,0,0,8252
14504,0.9020814299583435,3952,-0.3196203410625458,0.22117137908935547,1.221701741218567,0.00012038365821354091,1,0,0,0,8252
14522,-0.9977090954780579,1053,-0.3502222001552582,0.30580222606658936,-0.6474868655204773,0.01666669175028801,1,0,0,0,8252
14530,-0.012760916724801064,2660,-0.06459658592939377,0.2726972997188568,0.05183565244078636,2.5024621663760627e-07,1,0,0,0,8252
14533,0.17271816730499268,2948,-0.5915012359619141,0.24120183289051056,0.7642192840576172,0.00025049044052138925,1,1,0,0,8252
14570,-0.743660032749176,1414,-0.5482676029205322,0.2840011417865753,-0.19539229571819305,0.08280682563781738,1,0,0,0,8252
14579,0.2314557582139969,3053,-0.22696974873542786,0.2558055520057678,0.45842549204826355,0.0005717756575904787,1,0,0,0,8252
14627,-1.0600460767745972,971,-0.6951115727424622,0.29178866744041443,-0.36493441462516785,0.6607424020767212,1,0,0,0,8252
14632,0.12622573971748352,2878,-0.5649223327636719,0.2453819364309311,0.6911481022834778,0.06876707077026367,1,0,0,0,8252
14650,2.3568859100341797,4745,0.5154832601547241,0.19109085202217102,1.8414028882980347,-9.158447937807068e-07,1,0,0,0,8252
14657,-0.534838855266571,1762,-0.32405170798301697,0.2848498821258545,-0.21078722178936005,1.6133663654327393,1,0,0,0,8252
14663,1.1004558801651,4117,-0.15843497216701508,0.2195284217596054,1.258890986442566,-0.002705613151192665,1,0,0,0,8252
14669,0.7657396197319031,3798,0.15218211710453033,0.24754641950130463,0.6135575175285339,0.00032158696558326483,1,0,0,0,8252
14673,-0.5048224329948425,1816,-0.8805693984031677,0.25909754633903503,0.37574687600135803,1.9422392845153809,1,0,0,0,8252
14677,0.7003446221351624,3712,0.7434634566307068,0.27864131331443787,-0.04311884567141533,6.9109100664377365e-09,1,0,0,0,8252
14681,0.8305643200874329,3865,-0.7921428084373474,0.20358005166053772,1.6227070093154907,0.2346399426460266,1,0,0,0,8252
14682,0.08560740202665329,2824,-0.9051843881607056,0.23239031434059143,0.9907917976379395,0.12515045702457428,1,0,0,0,8252
14691,2.094254493713379,4676,2.1555044651031494,0.27674636244773865,-0.061249732971191406,-1.413878042422212e-11,1,0,0,0,8252
14696,2.8044309616088867,4848,2.436282157897949,0.25827187299728394,0.36814889311790466,9.681856738552597e-08,1,0,0,0,8252
14700,-0.6005675196647644,1647,0.028629524633288383,0.3051663637161255,-0.6291970610618591,0.0002393906906945631,1,0,0,0,8252
14707,0.6017531752586365,3576,0.15114925801753998,0.25593361258506775,0.4506039619445801,0.014284087345004082,1,0,0,0,8252
14724,-1.120951533317566,899,-0.5920236110687256,0.2992214560508728,-0.5289279818534851,0.027179542928934097,1,0,0,0,8252
14734,0.025675777345895767,2724,-0.5770548582077026,0.2478036731481552,0.6027306318283081,0.5386925935745239,1,0,0,0,8252
14748,-1.1923524141311646,804,-0.20419500768184662,0.3213545083999634,-0.9881575703620911,0.07298130542039871,1,0,0,0,8252
14750,0.7465044260025024,3775,1.16532564163208,0.29478979110717773,-0.4188212454319,0.001494979951530695,1,0,0,0,8252
14759,-0.5851868987083435,1675,-0.3084920346736908,0.28821876645088196,-0.27669477462768555,0.006199958734214306,1,0,0,0,8252
14760,-0.8591748476028442,1248,-0.2904725968837738,0.3015320301055908,-0.5687022805213928,0.027073834091424942,1,0,0,0,8252
14762,0.5063391327857971,3444,0.3643978238105774,0.27124494314193726,0.1419413536787033,0.047456588596105576,1,0,0,0,8252
14763,0.04276758059859276,2757,-0.16724669933319092,0.2674642503261566,0.21001426875591278,3.755399703979492,1,0,0,0,8252
14791,-0.020179806277155876,2653,-0.7368011474609375,0.24357981979846954,0.7166213393211365,0.014740806072950363,1,0,0,0,8252
14792,1.117233157157898,4131,0.6601774096488953,0.254487007856369,0.4570557773113251,0.6925976276397705,1,0,0,0,8252
14797,-0.7069823741912842,1471,0.6037045121192932,0.3342285752296448,-1.310686707496643,6.36496115475893e-05,1,0,0,0,8252
14802,-1.871909737586975,298,-0.7832475304603577,0.32592466473579407,-1.0886621475219727,0.6230226755142212,1,0,0,0,8252
14841,-0.5532450675964355,1732,-0.21161241829395294,0.29003337025642395,-0.3416326940059662,0.10117150098085403,1,0,0,0,8252
14850,0.3947465121746063,3290,-0.09457220137119293,0.25294238328933716,0.48931869864463806,0.00298453401774168,1,0,0,0,8252
14875,0.1277466118335724,2882,-0.596477746963501,0.2421209067106247,0.7242243885993958,0.13339418172836304,1,0,0,0,8252
14881,-1.0289841890335083,1015,0.2887531518936157,0.33585354685783386,-1.3177372217178345,0.024635758250951767,1,0,0,0,8252
14896,0.8354239463806152,3871,0.7031528353691101,0.2690366208553314,0.13227103650569916,6.801914196330472e-07,1,0,0,0,8252
14908,-1.4612207412719727,540,-0.6268409490585327,0.31277552247047424,-0.8343798518180847,4.145196914672852,1,0,0,0,8252
14929,-2.433659315109253,99,-0.643172562122345,0.3567470908164978,-1.7904869318008423,0.3164903223514557,1,0,1,1,8252
14931,1.6606523990631104,4503,-0.022587290033698082,0.19861039519309998,1.6832395792007446,0.06957684457302094,1,0,0,0,8252
14932,2.7193214893341064,4835,2.355353593826294,0.2589443325996399,0.363967627286911,-5.078381812295696e-11,1,0,0,0,8252
14952,-1.9854555130004883,247,-0.7147141695022583,0.3339542746543884,-1.27074134349823,1.3670287132263184,1,0,1,1,8252
14960,-0.12834826111793518,2476,-0.5710965991020203,0.2560290992259979,0.44274836778640747,0.3064572811126709,1,0,0,0,8252
14961,-0.1305062621831894,2471,-0.035536352545022964,0.28018948435783386,-0.09496992081403732,0.0860561728477478,1,0,0,0,8252
14963,-1.0489215850830078,986,-1.01194167137146,0.2775287330150604,-0.03698005527257919,0.3772096335887909,1,0,0,0,8252
14965,2.6530253887176514,4822,0.14916706085205078,0.1611568182706833,2.5038583278656006,0.026124197989702225,1,0,0,0,8252
14975,-0.07773484289646149,2566,0.7152702212333679,0.31193047761917114,-0.7930049896240234,0.03535863757133484,1,0,0,0,8252
14987,0.108071468770504,2856,-0.5795649886131287,0.24536418914794922,0.6876364946365356,0.00044464675011113286,1,0,0,0,8252
14992,-1.9723786115646362,256,-0.4914315342903137,0.34291985630989075,-1.4809465408325195,0.0012181811034679413,1,0,0,0,8252
15006,-0.12178690731525421,2491,-0.16799719631671906,0.2733721435070038,0.04621029645204544,0.0007373275584541261,1,0,0,0,8252
15017,0.15027642250061035,2910,0.26364681124687195,0.2816208302974701,-0.11337035894393921,7.297196589206578e-07,1,0,0,0,8252
15019,2.736097574234009,4836,1.398238182067871,0.21454253792762756,1.3378591537475586,-1.6177791906102357e-07,1,0,0,0,8252
15029,-1.8919658660888672,289,-0.8191391825675964,0.32466718554496765,-1.0728263854980469,0.1588638573884964,1,0,0,0,8252
15032,0.7040614485740662,3716,-0.43145424127578735,0.22369670867919922,1.135515809059143,0.024579007178544998,1,0,0,0,8252
15074,0.4955120086669922,3430,-0.6661302447319031,0.22399070858955383,1.16164231300354,2.953885078430176,1,0,0,0,8252
15089,-0.24867868423461914,2275,0.09194137156009674,0.2909303307533264,-0.3406200110912323,0.0011889147572219372,1,0,0,0,8252
15103,-0.22020892798900604,2323,-0.19538408517837524,0.2782450318336487,-0.024824833497405052,0.12246167659759521,1,0,0,0,8252
15130,0.8755451440811157,3923,0.12211177498102188,0.24212466180324554,0.7534335255622864,1.7767486572265625,1,0,0,0,8252
15133,0.11308261007070541,2863,0.2359120398759842,0.28178128600120544,-0.12282948940992355,0.00011164249735884368,1,0,0,0,8252
15166,-0.28046658635139465,2230,0.1158158928155899,0.29390865564346313,-0.39628246426582336,0.020797714591026306,1,0,0,0,8252
15177,-0.7609561085700989,1386,-0.06347837299108505,0.3076707422733307,-0.6974777579307556,0.16997592151165009,1,0,0,0,8252
15186,-0.34259194135665894,2108,-0.7799381613731384,0.2558215260505676,0.4373461902141571,3.691786289215088,1,0,0,0,8252
15207,0.7245089411735535,3746,-0.5696818232536316,0.21706297993659973,1.294190764427185,0.2537844181060791,1,0,0,0,8252
15213,-1.345868468284607,653,-0.8684931993484497,0.2974332571029663,-0.477375328540802,5.144715785980225,1,0,0,0,8252
15219,-0.6441377997398376,1559,0.06172356754541397,0.30865517258644104,-0.7058612704277039,0.0005926924641244113,1,1,0,0,8252
15229,-0.7720206379890442,1367,-0.16763007640838623,0.30387353897094727,-0.6043904423713684,0.10949944704771042,1,0,0,0,8252
15233,0.11517327278852463,2868,0.05230952426791191,0.27236613631248474,0.06286375969648361,1.6578807844780385e-05,1,0,0,0,8252
15242,0.14307215809822083,2900,-0.6012906432151794,0.24293716251850128,0.7443628907203674,0.010654378682374954,1,0,0,0,8252
15257,1.022713303565979,4048,-0.49893003702163696,0.20702698826789856,1.5216431617736816,0.07929294556379318,1,0,0,0,8252
15293,0.44422388076782227,3365,0.28332656621932983,0.2666582465171814,0.160897359251976,0.034996382892131805,1,0,0,0,8252
15301,-2.6063687801361084,67,-0.8646703958511353,0.35565125942230225,-1.7416982650756836,0.795632004737854,1,0,1,1,8252
15312,1.2641687393188477,4249,-0.28815025091171265,0.20579782128334045,1.552319049835205,0.21952472627162933,1,0,0,0,8252
15319,-0.6439180374145508,1562,-0.478689968585968,0.28312763571739197,-0.16522808372974396,0.19055712223052979,1,0,0,0,8252
15320,1.229560375213623,4215,0.24720945954322815,0.23089654743671417,0.9823510050773621,0.034618526697158813,1,0,0,0,8252
15336,0.8401605486869812,3879,1.0184985399246216,0.2841033637523651,-0.1783379316329956,-4.075535020575671e-09,1,0,0,0,8252
15340,-1.6255266666412354,421,-0.20855394005775452,0.3386007249355316,-1.4169727563858032,0.0009101839968934655,1,0,0,0,8252
15347,-1.3979213237762451,604,-0.7029812932014465,0.30851122736930847,-0.6949400901794434,3.0747568607330322,1,0,0,0,8252
15354,-0.2324940264225006,2303,-1.018591046333313,0.2390144169330597,0.7860970497131348,3.355907440185547,1,0,0,0,8252
15362,-0.6950225830078125,1487,0.10777465254068375,0.31248238682746887,-0.802797257900238,0.06390078365802765,1,0,0,0,8252
15365,-0.5535444021224976,1731,-0.17408066987991333,0.2933586835861206,-0.37946367263793945,0.5759604573249817,1,0,0,0,8252
15370,0.9037778973579407,3955,0.2908914089202881,0.2476392239332199,0.6128864884376526,0.007634302601218224,1,0,0,0,8252
15371,-3.2996318340301514,12,-0.8440431952476501,0.38776490092277527,-2.4555890560150146,0.02007656916975975,1,0,1,1,8252
15378,-0.5629206895828247,1715,-0.22983895242214203,0.28990551829338074,-0.3330816924571991,0.01654927246272564,1,0,0,0,8252
15393,-0.2793876826763153,2232,0.10767614096403122,0.2934080958366394,-0.38706380128860474,0.17766904830932617,1,0,0,0,8252
15403,1.2514675855636597,4234,1.240229606628418,0.27567094564437866,0.01123801525682211,-5.0830784914523974e-08,1,0,0,0,8252
15408,-0.20750699937343597,2344,-0.09569286555051804,0.2817702293395996,-0.11181410402059555,7.974695472512394e-05,1,0,0,0,8252
15431,-1.6257803440093994,420,-1.0009196996688843,0.30476143956184387,-0.624860942363739,22.825904846191406,1,0,0,0,8252
15432,0.9951891303062439,4027,1.1964161396026611,0.2845490872859955,-0.201227068901062,1.0422716513858177e-05,1,0,0,0,8252
15449,-0.11980408430099487,2493,-0.6125815510749817,0.253595232963562,0.49277743697166443,2.3169760704040527,1,0,0,0,8252
15450,-0.8723533749580383,1223,-1.1128597259521484,0.26615437865257263,0.2405063956975937,0.24684226512908936,1,0,0,0,8252
15475,-0.1723860800266266,2391,-0.26332712173461914,0.2712753713130951,0.09094107151031494,0.0015978614101186395,1,0,0,0,8252
15476,-0.9999745488166809,1050,-0.02607107162475586,0.32005515694618225,-0.9739036560058594,0.00552037637680769,1,0,0,0,8252
15485,0.9681475758552551,4004,0.22148585319519043,0.2411024570465088,0.7466616034507751,1.3457977843245317e-07,1,0,0,0,8252
15488,0.11667423695325851,2871,-0.23501013219356537,0.26034072041511536,0.3516843914985657,0.006409028545022011,1,0,0,0,8252
15499,-0.859950840473175,1246,-0.5198872685432434,0.29001474380493164,-0.3400636613368988,0.3662182688713074,1,0,0,0,8252
15510,0.3193524181842804,3163,-0.5139643549919128,0.23768194019794464,0.8333168029785156,41.56106185913086,1,0,0,0,8252
15527,-1.7095359563827515,374,-0.6879910826683044,0.32268354296684265,-1.0215450525283813,0.1464364230632782,1,0,0,0,8252
15544,1.9976379871368408,4639,0.9718196988105774,0.22963300347328186,1.0258182287216187,1.3252663393359398e-06,1,0,0,0,8252
15549,-0.9874205589294434,1067,-0.550629198551178,0.2961202561855316,-0.4367915093898773,10.859773635864258,1,0,0,0,8252
15556,1.649690866470337,4498,1.3088659048080444,0.2593255639076233,0.34082505106925964,0.0002715697919484228,1,0,0,0,8252
15575,0.18120063841342926,2966,0.2775498032569885,0.28107282519340515,-0.09634921699762344,0.0010080616921186447,1,0,0,0,8252
15591,1.241213321685791,4225,0.1903098225593567,0.2286740094423294,1.0509034395217896,1.168724429589929e-05,1,0,0,0,8252
15602,-0.31065747141838074,2181,-0.7060220837593079,0.25777778029441833,0.39536455273628235,0.183898463845253,1,0,0,0,8252
15606,0.7090466022491455,3726,0.034110140055418015,0.24437879025936127,0.6749364733695984,0.9285111427307129,1,0,0,0,8252
15653,0.8069457411766052,3844,0.6109315156936646,0.2663058936595917,0.1960141807794571,-4.090153709057631e-07,1,0,0,0,8252
15672,-2.1960580348968506,157,-0.5488820672035217,0.35038498044013977,-1.6471760272979736,0.06728995591402054,1,0,1,1,8252
15685,-1.6474602222442627,412,-0.8603304028511047,0.31142470240592957,-0.7871299386024475,0.30148041248321533,1,0,0,0,8252
15686,3.014504909515381,4884,2.0796494483947754,0.23365770280361176,0.9348556399345398,-8.349157809561802e-08,1,0,0,0,8252
15701,-0.7593992948532104,1390,-0.5239882469177246,0.2855471670627594,-0.23541121184825897,0.10275574028491974,1,1,0,0,8252
15708,-0.12541955709457397,2482,-0.5454056859016418,0.2570047080516815,0.41998615860939026,0.9816824793815613,1,0,0,0,8252
15709,-0.7839409708976746,1348,-0.42265865206718445,0.2904312014579773,-0.3612823486328125,0.042112383991479874,1,0,0,0,8252
15713,-1.0627292394638062,965,-0.16848847270011902,0.316036194562912,-0.89424067735672,0.01962597295641899,1,0,0,0,8252
15724,-0.21266356110572815,2334,-0.4609118103981018,0.26438748836517334,0.24824821949005127,0.22391897439956665,1,0,0,0,8252
15728,1.1465133428573608,4155,1.1510943174362183,0.27576717734336853,-0.004581061657518148,0.002585243433713913,1,0,0,0,8252
15733,-1.98810613155365,246,-0.9342470169067383,0.3234904706478119,-1.0538592338562012,0.5038248896598816,1,0,1,1,8252
15736,-0.25406691431999207,2265,-0.6070268154144287,0.25961580872535706,0.35295984148979187,0.002693986287340522,1,0,0,0,8252
15747,-1.3738512992858887,631,-0.5978060960769653,0.31180211901664734,-0.7760452628135681,0.17261001467704773,1,0,0,0,8252
15761,2.078964948654175,4674,1.433801531791687,0.2466905564069748,0.6451635956764221,-7.70766384050603e-09,1,0,0,0,8252
15764,-0.19345127046108246,2361,-0.9415701031684875,0.2422102987766266,0.7481188178062439,1.9923415184020996,1,0,0,0,8252
15774,0.3757875859737396,3266,-0.6501646637916565,0.22903107106685638,1.0259522199630737,1.8134475946426392,1,0,0,0,8252
15775,-0.24111059308052063,2291,-0.12256912142038345,0.2826892137527466,-0.11854145675897598,0.14700600504875183,1,0,0,0,8252
15786,-1.3631956577301025,641,-0.020894508808851242,0.33563122153282166,-1.3423012495040894,0.00023946596775203943,1,0,0,0,8252
15798,0.7797519564628601,3817,0.7017435431480408,0.2720717787742615,0.07800846546888351,-5.586639595378529e-09,1,0,0,0,8252
15808,0.425447940826416,3343,-0.2793402373790741,0.243848517537117,0.704788327217102,0.05069150775671005,1,0,0,0,8252
15815,0.8689126372337341,3913,0.019059419631958008,0.23780260980129242,0.8498531579971313,0.028793204575777054,1,0,0,0,8252
15845,-1.4587857723236084,543,-0.16999803483486176,0.336002379655838,-1.2887877225875854,0.29733967781066895,1,0,0,0,8252
15849,2.8741891384124756,4863,1.8318437337875366,0.22860534489154816,1.0423458814620972,-4.2423087265319737e-10,1,0,0,0,8252
15861,0.16038505733013153,2928,-0.651721715927124,0.23999957740306854,0.8121067881584167,1.8524096012115479,1,0,0,0,8252
15862,-0.692095935344696,1492,-0.5379229784011841,0.28403088450431824,-0.15417294204235077,0.2773996889591217,1,0,0,0,8252
15894,-1.3643330335617065,640,-0.506098210811615,0.315176397562027,-0.8582348823547363,0.011499153450131416,1,0,0,0,8252
15898,-0.9555536508560181,1110,-0.8554767966270447,0.279939204454422,-0.1000768169760704,4.2242207527160645,1,0,0,0,8252
15908,-0.7762461304664612,1359,-0.24932895600795746,0.3006511628627777,-0.5269171595573425,0.00019347805937286466,1,1,0,0,8252
15915,-1.4713480472564697,528,-0.26835155487060547,0.33027276396751404,-1.2029966115951538,0.19166402518749237,1,0,0,0,8252
15939,1.0014756917953491,4032,-0.16903746128082275,0.22189806401729584,1.1705131530761719,0.24020344018936157,1,0,0,0,8252
15943,-1.455522060394287,545,-0.7117016315460205,0.31052932143211365,-0.7438203692436218,0.8531593084335327,1,0,0,0,8252
15952,-0.9819566607475281,1074,-0.48151594400405884,0.29824206233024597,-0.5004409551620483,0.5560672283172607,1,0,0,0,8252
15968,-0.013047886081039906,2659,-0.03276188299059868,0.27438056468963623,0.01971399411559105,0.00203758105635643,1,0,0,0,8252
15973,-0.9082192778587341,1176,-0.2651912569999695,0.30387693643569946,-0.6430278420448303,0.0841253250837326,1,1,0,0,8252
15980,1.9776127338409424,4629,1.3839839696884155,0.2488299161195755,0.5936288833618164,-1.6679510395078978e-07,1,0,0,0,8252
15985,0.4943091571331024,3427,-0.7069928050041199,0.22019334137439728,1.2013019323349,0.0258171483874321,1,0,0,0,8252
15987,1.0156325101852417,4042,0.030668362975120544,0.22890444099903107,0.9849640727043152,0.08243092894554138,1,0,0,0,8252
15989,0.40775489807128906,3310,-0.3564564883708954,0.24070386588573456,0.7642113566398621,0.9236965179443359,1,0,0,0,8252
16009,-0.6287394762039185,1589,-0.3562326431274414,0.28862228989601135,-0.2725067734718323,0.00040560655179433525,1,0,0,0,8252
16043,0.5434905886650085,3483,0.06840087473392487,0.25504547357559204,0.4750896394252777,0.6992451548576355,1,0,0,0,8252
16047,-0.4189412295818329,1968,-0.10792901366949081,0.28903329372406006,-0.3110122084617615,0.04471537470817566,1,0,0,0,8252
16079,-0.31733205914497375,2166,-0.2935192584991455,0.27637794613838196,-0.023812811821699142,0.1831919550895691,1,0,0,0,8252
16081,-0.6442468166351318,1558,-0.6157569289207458,0.27658912539482117,-0.028489941731095314,3.8411014080047607,1,0,0,0,8252
16098,-1.7124767303466797,372,-0.5506896376609802,0.32802173495292664,-1.1617872714996338,0.04910330846905708,1,0,0,0,8252
16110,-1.702061653137207,378,-0.4456251561641693,0.33297422528266907,-1.2564365863800049,0.11433516442775726,1,0,0,0,8252
16134,2.0257017612457275,4649,2.2213845252990723,0.2826891243457794,-0.19568276405334473,-3.8348840704534315e-14,1,0,0,0,8252
16150,0.5156046748161316,3453,-0.37792760133743286,0.23578892648220062,0.893532395362854,2.3420748710632324,1,0,0,0,8252
16166,-1.0808970928192139,948,-0.5737183690071106,0.29861801862716675,-0.5071786642074585,1.2667593955993652,1,0,0,0,8252
16168,-0.2215801328420639,2320,-0.30374011397361755,0.2724326550960541,0.08216002583503723,2.9745967822236707e-06,1,0,0,0,8252
16185,-1.0969038009643555,927,-0.5925957560539246,0.29873600602149963,-0.5043079853057861,0.7638756036758423,1,0,0,0,8252
16188,0.811034619808197,3846,1.0263702869415283,0.28414395451545715,-0.21533571183681488,0.0004289597272872925,1,1,0,0,8252
16199,2.9294545650482178,4872,2.633476972579956,0.2621024549007416,0.2959776222705841,9.254061927113316e-17,1,0,0,0,8252
16204,0.5397051572799683,3478,-0.644622802734375,0.22204993665218353,1.1843279600143433,3.4719178676605225,1,0,0,0,8252
16210,-1.957696557044983,262,-0.18779908120632172,0.35420629382133484,-1.7698968648910522,0.00028232860495336354,1,1,0,1,8252
16212,-0.9003145098686218,1186,-0.8381993174552917,0.27861735224723816,-0.06211518868803978,0.033904075622558594,1,0,0,0,8252
16236,0.15790055692195892,2925,0.2503999173641205,0.2793745696544647,-0.09249939769506454,4.053510451740294e-07,1,0,0,0,8252
16247,1.4638622999191284,4393,0.6928010582923889,0.24130959808826447,0.77106112241745,4.721137884189375e-05,1,0,0,0,8252
16269,0.8112431764602661,3847,0.3569095730781555,0.255008727312088,0.454333633184433,0.10769534111022949,1,0,0,0,8252
16270,-1.0091825723648071,1038,-0.993243396282196,0.27704158425331116,-0.01593898981809616,0.8228359818458557,1,0,0,0,8252
16277,-0.80897456407547,1315,-0.18879272043704987,0.30404624342918396,-0.6201817393302917,0.027519509196281433,1,0,0,0,8252
16280,1.1519618034362793,4160,-0.5049334764480591,0.20111499726772308,1.6568955183029175,0.0693521574139595,1,0,0,0,8252
16282,0.3694421648979187,3257,-0.48886677622795105,0.2364577054977417,0.8583089709281921,0.6187281012535095,1,0,0,0,8252
16291,0.30699992179870605,3144,0.4037047326564789,0.2804163694381714,-0.09670477360486984,0.0017901473911479115,1,0,0,0,8252
16311,-0.3394830524921417,2118,0.04912552610039711,0.29311850666999817,-0.38860857486724854,0.0006729800370521843,1,0,0,0,8252
16321,0.36587557196617126,3251,0.7028942108154297,0.2897437810897827,-0.33701857924461365,-7.260372058226494e-06,1,0,0,0,8252
16351,-0.014088481664657593,2658,0.349474161863327,0.2929762005805969,-0.36356258392333984,0.010172316804528236,1,0,0,0,8252
16358,-0.7682733535766602,1376,-0.1715727001428604,0.30348989367485046,-0.5967007279396057,0.0004710203502327204,1,0,0,0,8252
16361,-1.4505209922790527,553,-0.3143807649612427,0.32749810814857483,-1.13614022731781,0.0042973957024514675,1,0,0,0,8252
16374,1.7312275171279907,4534,1.1156237125396729,0.24732927978038788,0.6156041026115417,-9.02004671843315e-07,1,1,0,0,8252
16377,0.5178203582763672,3456,0.5955536365509033,0.27984437346458435,-0.07773315906524658,0.037051089107990265,1,0,0,0,8252
16403,-1.1184489727020264,904,-0.3364008367061615,0.31117361783981323,-0.7820481061935425,0.1155359148979187,1,0,0,0,8252
16408,-0.23484757542610168,2298,-0.10588312149047852,0.28174713253974915,-0.1289644092321396,0.06338560581207275,1,0,0,0,8252
16419,3.072819471359253,4892,1.185795545578003,0.19022110104560852,1.88702392578125,-1.736953549880127e-06,1,0,0,0,8252
16431,-0.5581348538398743,1721,-0.28061443567276,0.2877260446548462,-0.27752038836479187,0.18375533819198608,1,0,0,0,8252
16436,0.9291645884513855,3976,0.7943522334098816,0.26878803968429565,0.1348123997449875,5.098570545669645e-05,1,0,0,0,8252
16444,0.5016542077064514,3440,0.9480592012405396,0.29482901096343994,-0.4464050233364105,6.534537533298135e-07,1,0,0,0,8252
16453,-1.707041621208191,377,-0.13579998910427094,0.3466998040676117,-1.5712414979934692,0.340187132358551,1,1,0,0,8252
16459,-0.9980691075325012,1052,-0.9263378977775574,0.27998262643814087,-0.07173122465610504,0.48075929284095764,1,0,0,0,8252
16469,0.37566742300987244,3265,0.38773640990257263,0.2758084833621979,-0.01206901390105486,0.013680257834494114,1,0,0,0,8252
16470,2.435131788253784,4769,0.8362472653388977,0.20293794572353363,1.5988844633102417,1.697746483841911e-06,1,0,0,0,8252
16494,-0.5257214307785034,1778,-0.8595240712165833,0.260090172290802,0.3338026702404022,0.5025210380554199,1,0,0,0,8252
16496,-2.6217284202575684,63,-0.9140362739562988,0.35535600781440735,-1.7076923847198486,7.517590522766113,1,0,1,1,8252
16510,0.4299663007259369,3350,-0.617710292339325,0.2281203269958496,1.04767644405365,0.001744912937283516,1,0,0,0,8252
16524,0.6621090769767761,3658,-0.1801830679178238,0.23672960698604584,0.8422921299934387,0.008402667939662933,1,0,0,0,8252
16534,-1.041413426399231,997,-0.47850847244262695,0.30127546191215515,-0.5629048347473145,1.7208454608917236,1,0,0,0,8252
16540,-0.20979295670986176,2338,-0.8501389622688293,0.24690833687782288,0.6403459310531616,2.574345111846924,1,0,0,0,8252
16544,1.7310079336166382,4533,1.3098856210708618,0.2559994161128998,0.42112255096435547,0.016959864646196365,1,0,0,0,8252
16556,-1.5789846181869507,454,-0.23137152194976807,0.3384978473186493,-1.3476132154464722,0.010314874351024628,1,0,0,0,8252
16560,-2.264435291290283,139,-0.7848172783851624,0.3426990509033203,-1.479617953300476,0.7457401752471924,1,0,1,1,8252
16566,0.8810381293296814,3931,-0.8173522353172302,0.19923511147499084,1.6983903646469116,0.24543103575706482,1,0,0,0,8252
16578,0.9252033233642578,3974,0.6769015192985535,0.2645297348499298,0.24830196797847748,0.001489719725213945,1,0,0,0,8252
16580,0.9454717636108398,3983,0.46966859698295593,0.253078430891037,0.4758032262325287,-1.0206745173491072e-06,1,1,0,0,8252
16610,0.7899495363235474,3827,1.2881619930267334,0.29827210307121277,-0.49821266531944275,4.488635241273187e-09,1,0,0,0,8252
16623,-0.155227929353714,2426,-0.5029916763305664,0.2597269117832184,0.3477637767791748,0.08829014748334885,1,0,0,0,8252
16626,-0.43741971254348755,1936,-0.8417666554450989,0.2577340304851532,0.40434694290161133,0.5096930265426636,1,0,0,0,8252
16643,-2.681433916091919,58,-0.7975426912307739,0.3605855107307434,-1.8838913440704346,0.0003454458783380687,1,0,1,1,8252
16653,-1.721231460571289,367,-0.29456210136413574,0.34081634879112244,-1.4266691207885742,0.07219932973384857,1,1,0,0,8252
16658,0.8542691469192505,3898,-0.3034524917602539,0.2241107076406479,1.1577215194702148,0.14144358038902283,1,1,0,0,8252
16698,-1.3959296941757202,607,-0.7607601284980774,0.30532726645469666,-0.6351696848869324,2.187596559524536,1,0,0,0,8252
16701,1.9516090154647827,4622,1.730186104774475,0.2658243179321289,0.22142282128334045,5.671168423759809e-08,1,0,0,0,8252
16741,1.6230791807174683,4480,0.7053298354148865,0.23435568809509277,0.9177491068840027,2.458740254951408e-06,1,0,0,0,8252
16748,2.48249888420105,4779,1.8905575275421143,0.24802663922309875,0.5919411778450012,1.9220702807132284e-10,1,0,0,0,8252
16767,-0.28630778193473816,2222,-0.39400234818458557,0.2723771035671234,0.1076945811510086,0.00013517358456738293,1,0,0,0,8252
16771,-0.7924097180366516,1334,-0.749137818813324,0.27924737334251404,-0.043271955102682114,0.3050546944141388,1,0,0,0,8252
16781,2.909627676010132,4867,2.0496771335601807,0.23548726737499237,0.859950065612793,0.00018393057689536363,1,0,0,0,8252
16795,1.293861746788025,4272,1.1558889150619507,0.26837384700775146,0.13797292113304138,-6.744508651655018e-14,1,0,0,0,8252
16797,1.5630759000778198,4442,0.09095035493373871,0.2073344737291336,1.47212553024292,0.0015838872641324997,1,0,0,0,8252
16798,-1.241909384727478,759,-0.5345826148986816,0.30883967876434326,-0.7073267102241516,0.0033005811274051666,1,0,0,0,8252
16799,-0.27272728085517883,2245,0.5345465540885925,0.31266096234321594,-0.807273805141449,4.410546171129681e-05,1,0,0,0,8252
16812,-2.2353453636169434,147,-0.5627080798149109,0.35084596276283264,-1.6726372241973877,0.19849926233291626,1,0,1,1,8252
16823,0.8561137318611145,3900,0.7145721316337585,0.2693024277687073,0.14154152572155,1.4779183175051003e-06,1,0,0,0,8252
16835,0.6948525309562683,3705,0.1293460875749588,0.2486599236726761,0.5655064582824707,7.894941518316045e-06,1,0,0,0,8252
16852,-1.1274573802947998,888,-0.3421243131160736,0.3118390440940857,-0.7853328585624695,1.617655873298645,1,0,0,0,8252
16859,2.0260019302368164,4650,1.5543292760849,0.2539992928504944,0.47167283296585083,-1.6345269582274113e-10,1,0,0,0,8252
16873,0.2237834483385086,3041,-0.18669132888317108,0.2571604549884796,0.4104747474193573,0.03642383962869644,1,0,0,0,8252
16886,0.8386958241462708,3877,0.25454381108283997,0.24897544085979462,0.5841521620750427,-1.0666872185538523e-06,1,0,0,0,8252
16896,0.10784681141376495,2855,-0.40764424204826355,0.2518061697483063,0.5154909491539001,0.1317698061466217,1,1,0,0,8252
16899,-1.2826223373413086,713,-0.25166046619415283,0.3238822817802429,-1.0309618711471558,0.10062048584222794,1,0,0,0,8252
16931,0.028536668047308922,2729,-0.06106569245457649,0.27222561836242676,0.08960237354040146,0.08182555437088013,1,0,0,0,8252
16933,0.8829092979431152,3933,0.2964197099208832,0.2490292638540268,0.5864896774291992,0.0027686841785907745,1,0,0,0,8252
16934,-0.034411847591400146,2634,0.12185101956129074,0.28380894660949707,-0.1562628298997879,-0.002048129215836525,1,0,0,0,8252
16935,1.6932449340820312,4517,1.849286437034607,0.28215232491493225,-0.1560414582490921,1.4423045513467514e-07,1,0,0,0,8252
16949,-1.0316402912139893,1014,-0.10170402377843857,0.31864461302757263,-0.929936408996582,0.0005476050428114831,1,0,0,0,8252
16955,1.1311001777648926,4144,0.5386951565742493,0.24875293672084808,0.5924051403999329,0.004727925639599562,1,0,0,0,8252
16957,2.301013469696045,4730,1.9288456439971924,0.25925251841545105,0.37216803431510925,-5.614988474178517e-10,1,0,0,0,8252
16969,-0.8524218797683716,1256,0.21138377487659454,0.3235428035259247,-1.0638055801391602,4.2583172898957855e-07,1,0,0,0,8252
16976,-1.573346495628357,458,-0.8065635561943054,0.3108517825603485,-0.7667828798294067,1.2746857404708862,1,0,0,0,8252
16979,-0.8465883135795593,1263,-0.6954526305198669,0.28241166472435,-0.15113572776317596,0.17964401841163635,1,0,0,0,8252
17006,-2.4779934883117676,90,-0.36873292922973633,0.37076839804649353,-2.1092605590820312,0.02719670906662941,1,0,1,1,8252
17009,0.955936074256897,3993,0.13144968450069427,0.2384267896413803,0.8244864344596863,0.00010152252798434347,1,0,0,0,8252
17027,-0.10175478458404541,2526,-0.0892997533082962,0.2766050398349762,-0.012455028481781483,0.002363350708037615,1,0,0,0,8252
17055,-0.11804711818695068,2497,-0.17883966863155365,0.2740444242954254,0.06079251691699028,0.05519828200340271,1,0,0,0,8252
17065,-1.1209262609481812,900,-1.1548330783843994,0.27362754940986633,0.03390706703066826,7.69953727722168,1,0,0,0,8252
17079,-0.585260808467865,1674,-0.7853603363037109,0.2667279839515686,0.20009969174861908,3.7524495124816895,1,0,0,0,8252
17094,0.4122547209262848,3318,-0.31756913661956787,0.24216222763061523,0.7298238277435303,0.09955903142690659,1,0,0,0,8252
17102,2.569101333618164,4798,1.7606614828109741,0.23821862041950226,0.8084399104118347,9.262322896511077e-13,1,0,0,0,8252
17121,-1.7909300327301025,335,-0.5083377957344055,0.333861380815506,-1.2825921773910522,0.013636810705065727,1,0,0,0,8252
17141,1.1027902364730835,4122,-0.5393080115318298,0.200134739279747,1.642098069190979,0.007459123618900776,1,0,0,0,8252
17148,0.8133333325386047,3851,1.154763102531433,0.29118967056274414,-0.3414297103881836,8.712622366147116e-05,1,0,0,0,8252
17152,-1.1144206523895264,910,-0.5663272738456726,0.30102846026420593,-0.5480933785438538,0.2336426079273224,1,0,0,0,8252
17165,2.954272508621216,4873,2.5323798656463623,0.25594109296798706,0.4218928813934326,3.9037911792050295e-11,1,0,0,0,8252
17175,2.291071653366089,4729,0.3048006594181061,0.18396994471549988,1.9862712621688843,1.9615476958279032e-06,1,0,0,0,8252
17186,-1.1401360034942627,870,-0.5596689581871033,0.3026120662689209,-0.5804671049118042,0.49287256598472595,1,0,0,0,8252
17189,1.9457006454467773,4621,1.1989983320236206,0.2421572208404541,0.7467026710510254,0.0001336962595814839,1,0,0,0,8252
17190,0.8612853288650513,3907,-0.6272410750389099,0.2079942524433136,1.488526463508606,0.025816168636083603,1,0,0,0,8252
17236,3.2619340419769287,4911,2.8731751441955566,0.257691353559494,0.3887587785720825,-4.015121124467669e-09,1,0,0,0,8252
17259,-3.3527615070343018,8,-0.8277776837348938,0.39030489325523376,-2.5249834060668945,1.043442964553833,1,0,1,1,8252
17265,1.6733421087265015,4507,1.5347659587860107,0.26976796984672546,0.13857640326023102,1.8025089048023801e-06,1,0,0,0,8252
17278,0.5641419291496277,3513,0.17529714107513428,0.25715336203575134,0.3888448476791382,0.012863068841397762,1,0,0,0,8252
17293,3.059579610824585,4891,2.14095401763916,0.23410017788410187,0.9186256527900696,-5.1595689001260325e-06,1,0,0,0,8252
17297,3.625657796859741,4943,2.5451724529266357,0.22566752135753632,1.080485224723816,3.4229880215008723e-12,1,0,0,0,8252
17305,-0.10810661315917969,2512,-0.5461920499801636,0.25617682933807373,0.4380854070186615,0.2407401204109192,1,1,0,0,8252
17306,-0.8408002257347107,1271,-0.7251560091972351,0.28218725323677063,-0.1156441941857338,0.9531934857368469,1,0,0,0,8252
17315,-0.5713412165641785,1702,-0.29227492213249207,0.28798696398735046,-0.2790662348270416,0.11248662322759628,1,0,0,0,8252
17332,-0.8233183026313782,1300,0.4530232846736908,0.33435389399528503,-1.2763415575027466,0.001934102619998157,1,0,0,0,8252
17343,-1.5992107391357422,435,-0.2704899311065674,0.33611029386520386,-1.3287209272384644,0.002722680801525712,1,0,0,0,8252
17346,-0.1445915848016739,2445,-0.5816491842269897,0.25443601608276367,0.4370575547218323,0.6987231969833374,1,0,0,0,8252
17354,0.4879266321659088,3417,-0.3710290789604187,0.23701496422290802,0.8589555621147156,-0.19171033799648285,1,0,0,0,8252
17358,-0.45306792855262756,1902,-0.4771697521209717,0.27401256561279297,0.024101832881569862,1.3434656858444214,1,0,0,0,8252
17368,-1.2242095470428467,778,-0.2763504385948181,0.3187783658504486,-0.9478591084480286,0.0015657361363992095,1,0,0,0,8252
17375,-1.4129170179367065,583,-0.751093327999115,0.30624592304229736,-0.6618239283561707,4.016654968261719,1,0,0,0,8252
17376,1.5139495134353638,4418,0.3147573173046112,0.22205717861652374,1.1991920471191406,-5.398458597483113e-06,1,0,0,0,8252
17388,0.9779738783836365,4014,-0.5147333145141602,0.20777857303619385,1.4927072525024414,0.06205175071954727,1,0,0,0,8252
17392,-0.6359184384346008,1575,-0.8949263691902161,0.26389947533607483,0.25900793075561523,0.0947599858045578,1,0,0,0,8252
17399,2.359502077102661,4747,1.8132189512252808,0.25065577030181885,0.546282947063446,-3.457217800928447e-08,1,0,0,0,8252
17400,-0.16418986022472382,2411,-0.7431403994560242,0.25104233622550964,0.5789505243301392,3.515772819519043,1,0,0,0,8252
17425,0.008345792070031166,2693,0.47706490755081177,0.2960735559463501,-0.46871909499168396,0.0027900957502424717,1,0,0,0,8252
17431,-0.5446264147758484,1747,-0.5932797193527222,0.2740360498428345,0.04865330085158348,0.6569294929504395,1,0,0,0,8252
17445,-2.610884428024292,66,-0.6355045437812805,0.36644771695137024,-1.9753799438476562,0.06534097343683243,1,0,1,1,8252
17493,-2.136054754257202,183,-0.4548566937446594,0.3523857295513153,-1.681198000907898,0.6981751918792725,1,0,1,1,8252
17495,1.3759195804595947,4334,-0.13935409486293793,0.20740346610546112,1.5152738094329834,0.0066926134750247,1,1,0,0,8252
17501,3.3253448009490967,4919,2.400845766067505,0.23347511887550354,0.9244993329048157,-3.418150636667894e-13,1,0,0,0,8252
17508,0.9540572166442871,3991,0.45985135436058044,0.25322845578193665,0.49420592188835144,0.00046073528937995434,1,0,0,0,8252
17518,-0.5820028185844421,1682,-0.16240786015987396,0.29604285955429077,-0.41959497332572937,0.1327357292175293,1,0,0,0,8252
17527,1.961445689201355,4626,0.8438825607299805,0.22544951736927032,1.117563009262085,-4.945588938376488e-10,1,0,0,0,8252
17528,-0.31134530901908875,2179,-0.3219364583492279,0.27497202157974243,0.010591131635010242,0.1582101434469223,1,0,0,0,8252
17547,3.384378433227539,4925,1.6244109869003296,0.19519704580307007,1.7599674463272095,-2.933769565061084e-07,1,0,0,0,8252
17591,-1.919977068901062,280,-0.7457573413848877,0.329828143119812,-1.1742197275161743,5.232549667358398,1,1,0,0,8252
17595,1.9356707334518433,4619,2.179835557937622,0.286664217710495,-0.24416474997997284,-7.153307080790677e-14,1,0,0,0,8252
17599,0.756773054599762,3786,-0.10901923477649689,0.23619292676448822,0.8657922744750977,0.00022727545001544058,1,1,0,0,8252
17611,0.5455917716026306,3487,-0.5925959944725037,0.22394847869873047,1.1381877660751343,0.1563541740179062,1,0,0,0,8252
17612,-1.1580651998519897,848,-0.0506729781627655,0.32556477189064026,-1.1073923110961914,0.0037596612237393856,1,0,0,0,8252
17619,0.4200908839702606,3331,1.271050214767456,0.31420621275901794,-0.8509594202041626,-3.904715413227677e-06,1,0,0,0,8252
17638,0.597551703453064,3567,0.012338670901954174,0.24818578362464905,0.5852130651473999,0.008688965812325478,1,0,0,0,8252
17642,-0.4881630539894104,1839,-1.130174994468689,0.24781377613544464,0.6420117616653442,13.007894515991211,1,0,0,0,8252
17645,-1.5093625783920288,498,-0.8946998715400696,0.3048195242881775,-0.6146628260612488,1.1328966617584229,1,0,0,0,8252
17656,1.566164493560791,4445,1.2133376598358154,0.257255494594574,0.3528268337249756,0.0001390812249155715,1,0,0,0,8252
17659,1.407185435295105,4357,1.3745397329330444,0.2739189565181732,0.032645683735609055,-5.42198144160011e-08,1,0,0,0,8252
17665,0.551557719707489,3498,0.056314535439014435,0.25429898500442505,0.4952431619167328,0.00165036681573838,1,0,0,0,8252
17670,0.7346255779266357,3762,-0.15169735252857208,0.23581591248512268,0.8863229155540466,2.2386229829862714e-05,1,0,0,0,8252
17708,0.38227328658103943,3273,-0.25433290004730225,0.24629798531532288,0.6366062760353088,0.620255708694458,1,0,0,0,8252
17710,2.462542772293091,4775,1.4117395877838135,0.2267366498708725,1.050803303718567,0.49630188941955566,1,0,0,0,8252
17711,-1.860984206199646,303,-0.7367145419120789,0.32673975825309753,-1.124269723892212,0.350798636674881,1,0,0,0,8252
17721,0.8839462399482727,3935,0.15448372066020966,0.24248650670051575,0.7294625639915466,1.5243709583501186e-07,1,0,0,0,8252
17733,-1.1752785444259644,824,-0.47278085350990295,0.306751549243927,-0.7024974822998047,0.3138733208179474,1,0,0,0,8252
17740,-1.4361705780029297,565,-0.5777493715286255,0.3152388036251068,-0.8584213256835938,0.07393346726894379,1,0,0,0,8252
17756,-0.049888044595718384,2615,-0.24773958325386047,0.26674386858940125,0.1978515386581421,0.045415088534355164,1,0,0,0,8252
17773,0.7140766978263855,3733,0.060464151203632355,0.246100053191185,0.6536127328872681,0.006674709729850292,1,0,0,0,8252
17778,0.28759416937828064,3118,0.30570587515830994,0.2764450013637543,-0.018111715093255043,-3.091356484219432e-05,1,0,0,0,8252
17780,-1.3829307556152344,619,-0.6171455383300781,0.3114074766635895,-0.7657853960990906,2.152519702911377,1,0,0,0,8252
17794,1.7566769123077393,4551,1.4011141061782837,0.2587732672691345,0.3555627763271332,-8.309436452691443e-06,1,0,0,0,8252
17795,-0.6765455603599548,1516,-0.14021530747413635,0.29986485838890076,-0.5363303422927856,9.021892547607422,1,0,0,0,8252
17797,0.9238559007644653,3971,-0.23808693885803223,0.2237352877855301,1.1619428396224976,0.04256708174943924,1,0,0,0,8252
17809,1.2776546478271484,4263,0.9376789331436157,0.2604421377182007,0.3399756848812103,0.0006769995670765638,1,0,0,0,8252
17811,4.663193702697754,4988,4.602633953094482,0.2723675072193146,0.060559749603271484,1.5105881873563893e-20,1,0,0,0,8252
17825,-0.38744309544563293,2022,-0.5694096684455872,0.267611563205719,0.18196657299995422,12.606002807617188,1,0,0,0,8252
17830,1.3168435096740723,4293,0.7588481307029724,0.25123268365859985,0.5579952597618103,0.004742152988910675,1,0,0,0,8252
17833,-1.8243273496627808,318,-0.2703779339790344,0.34690529108047485,-1.553949236869812,0.09390179067850113,1,0,0,0,8252
17855,-1.116263747215271,908,0.19846202433109283,0.33548927307128906,-1.3147257566452026,-2.53946018347051e-06,1,0,0,0,8252
17868,0.48432523012161255,3411,0.26650747656822205,0.2658701241016388,0.21781770884990692,0.0020889868028461933,1,0,0,0,8252
17871,-1.4758046865463257,522,-0.5471026301383972,0.3194654583930969,-0.9287020564079285,4.956404209136963,1,1,0,0,8252
17880,2.909745693206787,4868,2.3779914379119873,0.24930405616760254,0.5317544341087341,-1.0895721824777382e-11,1,0,0,0,8252
17882,1.2330626249313354,4216,0.25934869050979614,0.23234879970550537,0.9737138748168945,0.0012162734055891633,1,0,0,0,8252
17889,0.15814976394176483,2926,-0.645194947719574,0.23948732018470764,0.8033447265625,0.008628563955426216,1,0,0,0,8252
17898,0.49174758791923523,3422,-0.5922012329101562,0.22582601010799408,1.0839488506317139,0.0008216780843213201,1,0,0,0,8252
17916,-0.673209547996521,1519,-0.6545767784118652,0.2759671211242676,-0.018632767722010612,1.0677084922790527,1,0,0,0,8252
17921,0.19249926507472992,2991,-0.7919202446937561,0.23104515671730042,0.9844195246696472,1.9679126739501953,1,0,0,0,8252
17931,1.070817470550537,4087,1.5867559909820557,0.29809603095054626,-0.5159386396408081,8.725796215003356e-05,1,0,0,0,8252
17934,1.8003472089767456,4565,1.1630929708480835,0.24672137200832367,0.6372541785240173,0.00386464549228549,1,0,0,0,8252
17971,0.7411817312240601,3770,-0.43981701135635376,0.2222708761692047,1.180998682975769,2.7809231281280518,1,0,0,0,8252
18001,-0.6090437769889832,1628,0.11942563205957413,0.3081788718700409,-0.7284695506095886,-4.0584109228802845e-07,1,0,0,0,8252
18003,-1.6662044525146484,397,-0.7647644877433777,0.3176199793815613,-0.9014399647712708,0.03182172775268555,1,0,0,0,8252
18004,-1.5534439086914062,468,-0.32350656390190125,0.3311940133571625,-1.2299374341964722,0.1375182867050171,1,0,0,0,8252
18016,-0.6822797656059265,1509,-0.7020339369773865,0.27480509877204895,0.019754184409976006,0.6173533797264099,1,0,0,0,8252
18038,-0.553605318069458,1730,0.3039133548736572,0.31394922733306885,-0.8575186729431152,1.6708163457224146e-05,1,0,0,0,8252
18059,0.14897853136062622,2908,-0.5310655832290649,0.2441539317369461,0.6800440549850464,2.1845781803131104,1,0,0,0,8252
18061,-0.040065158158540726,2626,-0.3350474536418915,0.26135727763175964,0.29498228430747986,0.09247374534606934,1,0,0,0,8252
18064,-1.1921055316925049,805,-0.5602124929428101,0.3049602210521698,-0.63189297914505,0.0029970169998705387,1,0,0,0,8252
18074,2.366661787033081,4749,0.9471689462661743,0.21019676327705383,1.419492483139038,0.0028720765840262175,1,0,0,0,8252
18077,-0.8501909375190735,1258,-0.35618382692337036,0.2980212867259979,-0.4940069615840912,0.11637501418590546,1,0,0,0,8252
18082,-2.0239903926849365,229,-0.785927414894104,0.33226102590560913,-1.2380629777908325,1.3385497331619263,1,0,1,1,8252
18083,1.5932327508926392,4463,0.8978153467178345,0.24347221851348877,0.6954174041748047,-1.4818123617033052e-08,1,0,0,0,8252
18087,1.1021350622177124,4120,0.3726911246776581,0.24291276931762695,0.7294438481330872,0.00014323164941743016,1,0,0,0,8252
18096,0.9164977073669434,3965,-0.07544136792421341,0.2298261970281601,0.9919390082359314,0.00033040018752217293,1,0,0,0,8252
18121,-0.9206576347351074,1156,-0.34651607275009155,0.3019402325153351,-0.5741415023803711,0.0010345743503421545,1,0,0,0,8252
18128,-0.6344245672225952,1577,-0.6173300743103027,0.2766283452510834,-0.017094498500227928,0.12200333178043365,1,0,0,0,8252
18131,0.6523908972740173,3647,0.23734617233276367,0.25836288928985596,0.41504478454589844,0.02755458652973175,1,0,0,0,8252
18137,1.5270169973373413,4427,0.3655095100402832,0.2236717939376831,1.1615077257156372,0.0010022744536399841,1,0,0,0,8252
18150,0.21632631123065948,3029,-0.3573000133037567,0.2491685003042221,0.5736262202262878,0.0028578012716025114,1,0,0,0,8252
18151,-0.6772860884666443,1514,-0.6557185649871826,0.2768968641757965,-0.021567411720752716,1.8069519996643066,1,0,0,0,8252
18156,1.5482980012893677,4435,1.2536290884017944,0.2621534764766693,0.29466864466667175,3.195826866431162e-05,1,0,0,0,8252
18167,-2.7050914764404297,53,-0.6254426836967468,0.3692288100719452,-2.079648733139038,0.0254823025316,1,0,1,1,8252
18170,0.5829927921295166,3540,0.11570947617292404,0.2549491822719574,0.4672832190990448,0.0778011754155159,1,0,0,0,8252
18174,0.31390997767448425,3153,-0.5398036241531372,0.23626668751239777,0.8537135124206543,0.23912623524665833,1,0,0,0,8252
18176,-0.9109086394309998,1170,-0.8117343187332153,0.2803490459918976,-0.09917428344488144,37.950218200683594,1,0,0,0,8252
18189,-0.5264801383018494,1777,-0.12973348796367645,0.2940005660057068,-0.3967467248439789,6.741047968716884e-07,1,0,0,0,8252
18194,0.8142269253730774,3855,-0.07200635224580765,0.23610620200634003,0.8862332701683044,0.00010501013457542285,1,0,0,0,8252
18199,0.15765991806983948,2924,-0.8710516095161438,0.22928352653980255,1.0287116765975952,12.188251495361328,1,0,0,0,8252
18202,-1.575942873954773,457,-0.5501509308815002,0.3231056034564972,-1.0257920026779175,0.01226451899856329,1,0,0,0,8252
18212,0.3768506944179535,3267,-0.7392200827598572,0.22484712302684784,1.1160706281661987,2.626915454864502,1,1,0,0,8252
18229,-0.34350940585136414,2106,-0.5970496535301208,0.2650577425956726,0.25354036688804626,0.0026509421877563,1,0,0,0,8252
18230,-0.6661178469657898,1530,-0.9274368286132812,0.2638285160064697,0.26131904125213623,6.610333442687988,1,0,0,0,8252
18237,-0.5616198778152466,1716,0.20238585770130157,0.31064003705978394,-0.7640058398246765,0.004342089407145977,1,0,0,0,8252
18243,0.2863140106201172,3113,-0.6504183411598206,0.23318830132484436,0.9367324113845825,0.44245645403862,1,0,0,0,8252
18245,1.9676140546798706,4627,2.4274535179138184,0.29601871967315674,-0.45983919501304626,4.0813519556169575e-13,1,0,0,0,8252
18262,-0.529043972492218,1773,0.4807193875312805,0.32128211855888367,-1.009763240814209,-5.69968783281638e-08,1,0,0,0,8252
18267,0.34240949153900146,3200,0.033594194799661636,0.2617824971675873,0.3088153004646301,0.01714477129280567,1,0,0,0,8252
18277,-2.389716386795044,109,-0.9802910685539246,0.3408878743648529,-1.4094252586364746,2.294945240020752,1,0,1,1,8252
18278,0.2972838580608368,3127,-0.29381200671195984,0.2495308220386505,0.5910958647727966,0.004497108049690723,1,0,0,0,8252
18280,-0.9818329811096191,1075,-0.5212112069129944,0.29561492800712585,-0.46062183380126953,0.3000146448612213,1,0,0,0,8252
18281,-1.16182541847229,843,-0.639031171798706,0.3001071810722351,-0.5227941870689392,0.5323184132575989,1,0,0,0,8252
18288,-0.3160073161125183,2171,-0.17013545334339142,0.28287646174430847,-0.1458718627691269,0.004762500990182161,1,0,0,0,8252
18294,-0.07299834489822388,2576,0.8172666430473328,0.31588003039360046,-0.8902651071548462,3.725976398527564e-07,1,0,0,0,8252
18317,0.39894160628318787,3298,0.4390345513820648,0.2767176330089569,-0.04009299725294113,-2.1531127458729316e-06,1,0,0,0,8252
18318,0.7776095271110535,3813,0.8899866342544556,0.28000542521476746,-0.11237722635269165,4.924593667965382e-06,1,0,0,0,8252
18319,-0.31158316135406494,2178,-0.9556722044944763,0.2457657903432846,0.6440890431404114,10.308690071105957,1,0,0,0,8252
18346,-1.1599406003952026,847,-0.08279360830783844,0.32617589831352234,-1.0771470069885254,0.000813446007668972,1,0,0,0,8252
18347,0.6224583983421326,3610,0.19958943128585815,0.2562260627746582,0.4228689670562744,0.08977728337049484,1,1,0,0,8252
18399,0.34452110528945923,3207,0.7781029343605042,0.29403752088546753,-0.4335816502571106,0.0003243828541599214,1,0,0,0,8252
18416,0.447810560464859,3370,0.05659031495451927,0.25767379999160767,0.39122021198272705,0.0005243814666755497,1,1,0,0,8252
18427,1.0721362829208374,4091,0.2986776828765869,0.2399912178516388,0.7734585404396057,0.7376866936683655,1,0,0,0,8252
18440,1.2879642248153687,4268,0.5639284253120422,0.24248161911964417,0.7240356802940369,0.00047524686669930816,1,1,0,0,8252
18441,-0.439241886138916,1932,0.3796956241130829,0.3126330077648163,-0.8189374208450317,0.006357315927743912,1,0,0,0,8252
18459,-2.6173884868621826,64,-1.019997239112854,0.34793397784233093,-1.597391128540039,2.371004581451416,1,0,1,1,8252
18463,-0.5120928883552551,1805,-0.14060841500759125,0.29290375113487244,-0.3714844584465027,2.8504819056252018e-06,1,0,0,0,8252
18470,-1.7635366916656494,349,-0.6911012530326843,0.3249860405921936,-1.0724352598190308,0.4592210650444031,1,0,0,0,8252
18472,-0.7282256484031677,1433,-0.705044686794281,0.276876300573349,-0.023180855438113213,15.747255325317383,1,0,0,0,8252
18475,-1.9717298746109009,257,-1.078865647315979,0.31700679659843445,-0.8928642272949219,9.729293823242188,1,0,0,0,8252
18478,-0.5871023535728455,1667,-0.8533234596252441,0.2641346752643585,0.2662210464477539,0.2180595099925995,1,0,0,0,8252
18511,2.8229782581329346,4851,2.2111947536468506,0.2475065439939499,0.611783504486084,2.6264734948023248e-14,1,0,0,0,8252
18516,-0.6210910677909851,1602,-0.4192059636116028,0.2851954698562622,-0.20188510417938232,0.12627968192100525,1,0,0,0,8252
18521,0.7652521729469299,3797,0.2844577729701996,0.25455591082572937,0.4807942807674408,0.001070735277608037,1,0,0,0,8252
18541,2.6207337379455566,4816,2.4263038635253906,0.2666536271572113,0.19443003833293915,1.7521212258841956e-09,1,0,0,0,8252
18552,-1.0105103254318237,1036,-0.7976114153862,0.28596124053001404,-0.21289880573749542,8.30624771118164,1,0,0,0,8252
18563,0.5900010466575623,3553,1.2494863271713257,0.3062131106853485,-0.6594854593276978,-6.977917337280815e-07,1,0,0,0,8252
18568,2.3738677501678467,4753,1.0207818746566772,0.2134092152118683,1.353085994720459,5.074331510535046e-10,1,0,0,0,8252
18569,-0.6012129187583923,1644,-0.04826661944389343,0.30062082409858704,-0.5529462695121765,2.2756526470184326,1,0,0,0,8252
18574,-0.36169371008872986,2062,-0.7803635001182556,0.257586807012558,0.4186699092388153,0.7555238604545593,1,0,0,0,8252
18575,-0.5771415829658508,1691,0.28265008330345154,0.31522276997566223,-0.8597916960716248,-6.976560143812094e-06,1,0,0,0,8252
18576,-1.2847980260849,712,-0.6497051119804382,0.3042756915092468,-0.6350928544998169,0.20079070329666138,1,0,0,0,8252
18581,-0.1261131316423416,2479,-0.8799201250076294,0.24178151786327362,0.7538071274757385,1.7086049318313599,1,0,0,0,8252
18587,-2.1957666873931885,158,-0.7355194687843323,0.3438313901424408,-1.4602473974227905,10.583744049072266,1,0,1,1,8252
18598,-0.9909483194351196,1061,0.9195234179496765,0.3633933961391449,-1.910471796989441,0.0009728440782055259,1,0,0,0,8252
18600,1.571535587310791,4450,0.6935504674911499,0.2358359396457672,0.8779851794242859,0.536529004573822,1,0,0,0,8252
18608,-1.6925146579742432,383,-0.4906919598579407,0.3304242491722107,-1.2018226385116577,0.14551100134849548,1,0,0,0,8252
18613,-1.0197913646697998,1026,-0.3246425986289978,0.30730611085891724,-0.6951486468315125,0.0510275773704052,1,0,0,0,8252
18626,-1.154420256614685,851,-0.5409713983535767,0.30363741517066956,-0.6134488582611084,0.07891246676445007,1,0,0,0,8252
18629,2.049227714538574,4662,-0.1408747434616089,0.1760205328464508,2.1901023387908936,0.0053217168897390366,1,0,0,0,8252
18632,-0.56655353307724,1708,-0.9966031908988953,0.2566676735877991,0.43004971742630005,3.5031347274780273,1,0,0,0,8252
18634,1.272748589515686,4257,1.0975027084350586,0.26756224036216736,0.17524583637714386,-2.9957696767723974e-08,1,1,0,0,8252
18643,0.7771151661872864,3812,1.258001685142517,0.2981252074241638,-0.48088645935058594,1.3186748901716783e-06,1,0,0,0,8252
18685,-1.0624648332595825,967,-1.2089853286743164,0.2702654302120209,0.1465204954147339,4.6868486404418945,1,0,0,0,8252
18687,1.3154492378234863,4291,0.19517022371292114,0.22381766140460968,1.1202791929244995,0.008631986565887928,1,0,0,0,8252
18708,0.02745657041668892,2728,-0.5300121307373047,0.2505680024623871,0.5574687123298645,1.3538795709609985,1,0,0,0,8252
18714,0.5616756677627563,3510,-0.3519662916660309,0.23412783443927765,0.9136419296264648,5.345586776733398,1,0,0,0,8252
18721,3.058858871459961,4889,1.6219533681869507,0.2104213535785675,1.4369056224822998,2.39192829293842e-15,1,0,0,0,8252
18729,0.8540238738059998,3897,-0.04430689662694931,0.23562712967395782,0.898330807685852,-0.0037210017908364534,1,0,0,0,8252
18731,2.61753249168396,4815,1.397900104522705,0.2200535386800766,1.2196322679519653,0.0009994256542995572,1,0,0,0,8252
18732,0.7943907380104065,3830,0.2736707925796509,0.2518925368785858,0.5207200050354004,0.00011858829384436831,1,0,0,0,8252
18743,1.0651754140853882,4082,-0.3364143371582031,0.21213296055793762,1.4015895128250122,0.012338929809629917,1,0,0,0,8252
18748,-2.459970235824585,95,-0.2575756907463074,0.3760232627391815,-2.202394723892212,0.14494657516479492,1,0,1,1,8252
18758,-1.9776884317398071,253,-0.42314568161964417,0.34710052609443665,-1.5545426607131958,3.1282622814178467,1,0,0,0,8252
18762,-0.7963207364082336,1328,-0.3602255582809448,0.295371413230896,-0.43609514832496643,0.06933396309614182,1,0,0,0,8252
18764,2.112405300140381,4680,1.3336504697799683,0.23947058618068695,0.7787546515464783,-2.2150254963548832e-08,1,0,0,0,8252
18770,0.17436373233795166,2953,0.11533062905073166,0.2726021409034729,0.05903312563896179,0.0002617959398776293,1,0,0,0,8252
18772,0.11420929431915283,2865,0.039441149681806564,0.271152138710022,0.07476814091205597,0.008824296295642853,1,0,0,0,8252
18773,0.49977609515190125,3436,-0.21584287285804749,0.24284754693508148,0.7156189680099487,-5.280566256260499e-06,1,0,0,0,8252
18799,-1.6663841009140015,396,-0.8446391224861145,0.31375810503959656,-0.8217450380325317,2.041889190673828,1,0,0,0,8252
18815,0.8501697778701782,3891,0.1032729297876358,0.24217326939105988,0.7468968629837036,1.8176355361938477,1,0,0,0,8252
18830,-0.7239231467247009,1441,-0.6993886828422546,0.27681028842926025,-0.024534380063414574,0.08711888641119003,1,0,0,0,8252
18845,3.2820732593536377,4913,1.71212899684906,0.20361831784248352,1.569944143295288,-2.2250739029061606e-09,1,0,0,0,8252
18852,-1.8071556091308594,325,-0.6857317090034485,0.3270183503627777,-1.1214240789413452,1.2530674934387207,1,0,0,0,8252
18856,-0.0036300718784332275,2671,0.3132989704608917,0.29002633690834045,-0.31692901253700256,4.018193067167886e-06,1,0,0,0,8252
18873,-0.34827494621276855,2098,-0.5529465675354004,0.266571044921875,0.20467160642147064,0.07581189274787903,1,0,0,0,8252
18883,0.40914788842201233,3314,-0.04943358525633812,0.2557740807533264,0.45858144760131836,0.1881120651960373,1,0,0,0,8252
18894,3.259998083114624,4910,2.2134525775909424,0.2279035598039627,1.0465456247329712,1.7105911132020424e-10,1,0,0,0,8252
18913,1.5068833827972412,4414,0.23177488148212433,0.21698807179927826,1.2751083374023438,0.0004921581712551415,1,0,0,0,8252
18915,1.3914769887924194,4343,0.1683771163225174,0.22022810578346252,1.223099946975708,0.0020928876474499702,1,0,0,0,8252
18919,1.565152883529663,4443,0.8197868466377258,0.24149595201015472,0.7453658580780029,-8.360321999134612e-07,1,0,0,0,8252
18921,-0.7720114588737488,1368,-0.39034605026245117,0.2919193208217621,-0.38166531920433044,0.029181376099586487,1,0,0,0,8252
18928,1.0064326524734497,4037,-0.14949698746204376,0.2243509739637375,1.155929684638977,0.0767279788851738,1,0,0,0,8252
18934,0.7450787425041199,3774,-0.9585235714912415,0.19788794219493866,1.7036024332046509,1.7159109115600586,1,0,0,0,8252
18939,-1.2600985765457153,738,-0.7986981272697449,0.2979952096939087,-0.46140050888061523,0.0002709931577555835,1,0,0,0,8252
18945,-0.40705499053001404,1984,0.05614732578396797,0.2971808612346649,-0.4632023274898529,1.1791122233262286e-05,1,0,0,0,8252
18946,1.6378055810928345,4487,0.17167949676513672,0.20873112976551056,1.4661262035369873,0.017338087782263756,1,0,0,0,8252
18958,0.21472011506557465,3027,1.5336320400238037,0.3343730568885803,-1.3189119100570679,-1.236498860635038e-06,1,0,0,0,8252
18962,1.5153964757919312,4422,0.13058359920978546,0.21207907795906067,1.3848129510879517,0.014814846217632294,1,0,0,0,8252
18966,2.4025418758392334,4762,2.594827890396118,0.284468412399292,-0.19228613376617432,-4.47262608893606e-11,1,0,0,0,8252
18971,1.7637453079223633,4554,1.165802001953125,0.24962280690670013,0.5979433059692383,1.0839504938076061e-07,1,0,0,0,8252
18981,0.6302360892295837,3623,-1.1338636875152588,0.19608472287654877,1.7640994787216187,0.8766021728515625,1,0,0,0,8252
18983,-1.2629514932632446,732,-0.7202906012535095,0.29970937967300415,-0.5426610112190247,0.5332285165786743,1,0,0,0,8252
18985,-1.197123408317566,796,-0.5564517378807068,0.30512261390686035,-0.6406717896461487,16.92526626586914,1,0,0,0,8252
18986,-1.0585168600082397,975,-0.5740024447441101,0.2983996570110321,-0.4845143258571625,0.08605773001909256,1,0,0,0,8252
19003,-0.5801788568496704,1685,-0.45540672540664673,0.28120219707489014,-0.12477218359708786,0.001529552391730249,1,0,0,0,8252
19007,-1.5930585861206055,438,-0.8696551322937012,0.31008586287498474,-0.7234036326408386,7.02468204498291,1,0,0,0,8252
19012,1.7123790979385376,4525,0.5549359321594238,0.22205062210559845,1.1574432849884033,0.007442810107022524,1,0,0,0,8252
19021,0.3745621144771576,3264,-0.0546148307621479,0.2559369206428528,0.42917701601982117,0.023993847891688347,1,0,0,0,8252
19022,0.4672434329986572,3390,0.13781659305095673,0.26010915637016296,0.3294267952442169,0.005940490402281284,1,0,0,0,8252
19023,0.24324718117713928,3067,-0.31043174862861633,0.24997678399085999,0.5536789894104004,0.04895937070250511,1,0,0,0,8252
19024,0.013307075016200542,2703,-0.38968899846076965,0.25925564765930176,0.4029960334300995,0.05264130234718323,1,0,0,0,8252
19029,-0.8174238204956055,1304,-0.5138007402420044,0.2891640365123749,-0.3036230206489563,0.000479759881272912,1,0,0,0,8252
19042,-0.8651523590087891,1235,-0.562904953956604,0.2894364595413208,-0.3022474944591522,1.9149020910263062,1,0,0,0,8252
19071,2.08506178855896,4675,1.0616730451583862,0.22840192914009094,1.0233885049819946,0.06346327811479568,1,0,0,0,8252
19083,0.8127416968345642,3848,-0.12837429344654083,0.23356769979000092,0.9411159753799438,1.6035680770874023,1,0,0,0,8252
19096,-1.0851353406906128,940,-0.8352039456367493,0.28613045811653137,-0.24993133544921875,10.381248474121094,1,0,0,0,8252
19105,0.8353333473205566,3870,0.5050855278968811,0.2596774697303772,0.3302478492259979,0.08105555921792984,1,0,0,0,8252
19150,-0.6059687733650208,1634,-0.7022385597229004,0.2719396650791168,0.0962698683142662,6.277711868286133,1,0,0,0,8252
19154,-1.758518099784851,354,-0.3186805844306946,0.3401775062084198,-1.4398375749588013,0.0014562992146238685,1,0,0,0,8252
19156,-0.6629788279533386,1534,-1.1824406385421753,0.25168725848197937,0.5194618105888367,0.4717884063720703,1,1,0,0,8252
19160,-0.3537895381450653,2081,0.3189179599285126,0.30643996596336365,-0.6727074384689331,0.004599011968821287,1,0,0,0,8252
19169,3.6313493251800537,4944,2.098980665206909,0.20588941872119904,1.5323681831359863,1.4993524644069112e-08,1,0,0,0,8252
19176,0.7569565176963806,3787,0.3054639995098114,0.25572773814201355,0.4514925479888916,0.0019070296548306942,1,0,0,0,8252
19177,3.5571095943450928,4938,2.8102612495422363,0.2422068864107132,0.7468485236167908,-4.208847354837675e-13,1,0,0,0,8252
19182,-1.0589169263839722,974,-0.44699224829673767,0.3047153651714325,-0.6119247674942017,0.024744704365730286,1,0,0,0,8252
19191,-0.9819693565368652,1073,0.048693057149648666,0.320862352848053,-1.0306624174118042,8.446892738342285,1,0,0,0,8252
19201,0.08151077479124069,2815,-0.20500783622264862,0.2631208598613739,0.2865186631679535,1.0221845514024608e-05,1,0,0,0,8252
19209,-0.3514414429664612,2089,-0.7084634304046631,0.2602517604827881,0.35702192783355713,0.019699659198522568,1,0,0,0,8252
19211,0.6227842569351196,3611,0.28056100010871887,0.26138585805892944,0.34222322702407837,0.008742688223719597,1,0,0,0,8252
19222,-0.6012004017829895,1645,-0.8574033975601196,0.26498472690582275,0.2562030255794525,0.0039369044825434685,1,0,0,0,8252
19240,-1.4381698369979858,562,0.20066332817077637,0.3500227630138397,-1.6388334035873413,0.0015657551120966673,1,0,0,0,8252
19252,0.7234430313110352,3745,-0.12750105559825897,0.23743803799152374,0.8509440422058105,0.015363167971372604,1,0,0,0,8252
19271,-0.4391692578792572,1933,-0.6881484389305115,0.26529282331466675,0.24897925555706024,0.5059619545936584,1,0,0,0,8252
19274,-0.7710173726081848,1371,-0.18086783587932587,0.30164527893066406,-0.5901495814323425,4.87870979309082,1,0,0,0,8252
19293,-1.5726726055145264,459,-0.3385262191295624,0.33080965280532837,-1.2341463565826416,0.0009314638446085155,1,0,0,0,8252
19316,0.4658542573451996,3387,-0.49779221415519714,0.23256491124629974,0.963646411895752,3.619372000684962e-05,1,0,0,0,8252
19319,-0.606704592704773,1632,-0.737981915473938,0.27098438143730164,0.13127738237380981,0.031186670064926147,1,0,0,0,8252
19320,-0.5602957010269165,1720,-0.3824116587638855,0.2838455140590668,-0.1778840273618698,0.059119269251823425,1,0,0,0,8252
19334,2.558446168899536,4797,1.3543047904968262,0.22026239335536957,1.2041414976119995,-3.08723491215801e-09,1,0,0,0,8252
19335,0.5293670892715454,3465,0.06320864707231522,0.2544914186000824,0.4661584496498108,0.00024352977925445884,1,1,0,0,8252
19338,-0.6781393885612488,1513,-1.0010364055633545,0.26114121079444885,0.3228970766067505,10.176907539367676,1,0,0,0,8252
19350,-1.8144187927246094,321,-0.6275892853736877,0.32853516936302185,-1.186829686164856,0.07533509284257889,1,0,0,0,8252
19362,-0.10805746167898178,2513,-0.37705233693122864,0.26425185799598694,0.26899489760398865,0.12119471281766891,1,0,0,0,8252
19368,1.8704261779785156,4597,-0.33333107829093933,0.1761428415775299,2.2037572860717773,-0.00010642347479006276,1,0,0,0,8252
19397,-1.5558750629425049,466,-0.368456095457077,0.3302907347679138,-1.187418818473816,0.2685852646827698,1,1,0,0,8252
19401,0.3562851846218109,3227,-0.2975800931453705,0.24548517167568207,0.6538652777671814,0.1535528004169464,1,0,0,0,8252
19404,-0.07741372287273407,2567,-0.5909643173217773,0.253571480512619,0.5135506391525269,0.8624359369277954,1,0,0,0,8252
19423,-0.22502124309539795,2312,0.5433695912361145,0.31097710132598877,-0.7683908939361572,1.694046545708261e-06,1,0,0,0,8252
19434,-0.6907106041908264,1493,-0.5310415625572205,0.28397175669670105,-0.15966914594173431,0.37991863489151,1,0,0,0,8252
19437,0.048090383410453796,2767,-0.3828522562980652,0.2561430037021637,0.4309426248073578,0.016439499333500862,1,0,0,0,8252
19459,1.2120217084884644,4200,1.4784871339797974,0.28796741366386414,-0.26646533608436584,-5.582211359822509e-10,1,0,0,0,8252
19476,-1.0902541875839233,933,-0.08782555907964706,0.3220230042934418,-1.0024287700653076,0.04628986865282059,1,0,0,0,8252
19483,-2.1853983402252197,163,-0.7599067687988281,0.3400082290172577,-1.4254915714263916,9.826648712158203,1,0,1,1,8252
19487,-0.25269049406051636,2266,-0.5546920895576477,0.26132723689079285,0.30200159549713135,0.2902333438396454,1,0,0,0,8252
19491,-2.740790367126465,49,-0.9636732339859009,0.3563697040081024,-1.777117133140564,10.740447998046875,1,0,1,1,8252
19506,1.1031988859176636,4123,0.6539842486381531,0.2550726532936096,0.44921478629112244,0.0006798164686188102,1,0,0,0,8252
19515,0.46028515696525574,3378,-0.7361995577812195,0.2204935997724533,1.1964848041534424,0.0650336891412735,1,0,0,0,8252
19524,-0.29113852977752686,2208,0.027673358097672462,0.2896058261394501,-0.31881189346313477,1.8084869225276634e-05,1,0,0,0,8252
19537,-1.29074227809906,705,-0.7976488471031189,0.298857182264328,-0.49309346079826355,10.363950729370117,1,0,0,0,8252
19540,-0.5489603877067566,1741,-0.8473834991455078,0.26320719718933105,0.29842305183410645,4.1461591720581055,1,0,0,0,8252
19561,-1.586556315422058,445,-0.6525599956512451,0.318085253238678,-0.933996319770813,2.4851160049438477,1,0,0,0,8252
19583,1.1195141077041626,4132,0.5630381107330322,0.24888019263744354,0.5564760565757751,-1.1206363614846282e-10,1,0,0,0,8252
19595,-0.0657360702753067,2592,-0.5720404982566833,0.2524453103542328,0.5063044428825378,0.011337713338434696,1,0,0,0,8252
19596,-1.9206088781356812,279,-0.33847683668136597,0.3482149839401245,-1.5821317434310913,1.1564700603485107,1,0,0,0,8252
19602,-1.028222918510437,1017,-0.24761627614498138,0.3105987012386322,-0.7806066870689392,0.06178825721144676,1,0,0,0,8252
19606,0.08543206006288528,2823,-0.3333829939365387,0.2566046416759491,0.4188149869441986,1.0859723091125488,1,0,0,0,8252
19610,-0.6349056959152222,1576,0.04411914199590683,0.3058397173881531,-0.6790248155593872,0.006230606231838465,1,0,0,0,8252
19612,-1.191957712173462,806,-1.0645461082458496,0.28179410099983215,-0.12741155922412872,1.7072935104370117,1,0,0,0,8252
19623,-0.8060187697410583,1317,-0.6202358603477478,0.28374072909355164,-0.1857827603816986,8.162033081054688,1,0,0,0,8252
19624,0.16463026404380798,2937,0.09154754877090454,0.27194610238075256,0.07308270782232285,0.6218061447143555,1,0,0,0,8252
19635,-0.5987500548362732,1649,-0.38477715849876404,0.28593340516090393,-0.21397288143634796,0.8202075362205505,1,1,0,0,8252
19652,-0.2784152925014496,2235,-0.521894633769989,0.26464274525642395,0.24347935616970062,0.17098785936832428,1,0,0,0,8252
19663,-3.397545337677002,7,-0.8930971026420593,0.3895125091075897,-2.504448175430298,16.746780395507812,1,1,1,1,8252
19683,0.5958475470542908,3563,0.30977100133895874,0.2618184983730316,0.28607651591300964,0.0007161606918089092,1,1,0,0,8252
19690,-1.4720789194107056,527,-0.9563081860542297,0.2997797429561615,-0.5157708525657654,1.140209674835205,1,0,0,0,8252
19693,-1.8773949146270752,295,-0.9055472612380981,0.32038769125938416,-0.9718475341796875,7.208580493927002,1,0,0,0,8252
19698,1.4566428661346436,4387,0.8548555374145508,0.2474914789199829,0.6017871499061584,-5.933997613283282e-07,1,0,0,0,8252
19708,3.3306167125701904,4920,1.6908600330352783,0.20082633197307587,1.6397571563720703,-1.0260745511914138e-05,1,1,0,0,8252
19723,-1.3993457555770874,601,-0.11962902545928955,0.33320340514183044,-1.2797167301177979,0.0021102125756442547,1,0,0,0,8252
19735,-2.7612664699554443,46,-0.8120512962341309,0.3639676868915558,-1.9492151737213135,0.18533092737197876,1,0,1,1,8252
19754,0.14700351655483246,2904,0.4890184998512268,0.29122328758239746,-0.34201493859291077,-1.928959818542353e-07,1,0,0,0,8252
19756,-0.43473783135414124,1942,-0.44680729508399963,0.27606886625289917,0.012069428339600563,0.0041955881752073765,1,0,0,0,8252
19757,0.12850910425186157,2883,-0.44872766733169556,0.25031664967536926,0.5772367119789124,0.2965708374977112,1,0,0,0,8252
19786,0.12619765102863312,2876,-0.32369428873062134,0.2548484802246094,0.4498920142650604,0.06838703155517578,1,0,0,0,8252
19800,0.61057049036026,3591,0.18123720586299896,0.2561936378479004,0.4293332099914551,0.06801458448171616,1,0,0,0,8252
19809,3.5036990642547607,4935,2.675074338912964,0.23798339068889618,0.8286251425743103,-8.907166670901745e-12,1,0,0,0,8252
19819,0.030476707965135574,2730,0.32559826970100403,0.28946542739868164,-0.29512158036231995,0.02349020168185234,1,0,0,0,8252
19825,0.1318971812725067,2889,-0.024178430438041687,0.2687285244464874,0.1560756266117096,8.727007298148237e-06,1,1,0,0,8252
19835,-1.329668641090393,669,-0.7623429894447327,0.301984578371048,-0.5673256516456604,0.15268640220165253,1,0,0,0,8252
19856,-1.0426576137542725,995,-0.5339294672012329,0.29960617423057556,-0.5087280869483948,0.03918289393186569,1,0,0,0,8252
19861,-0.9236205220222473,1153,0.028639907017350197,0.3176162838935852,-0.9522604942321777,5.9554346080403775e-05,1,0,0,0,8252
19863,-0.8613508343696594,1241,0.3615655303001404,0.3307349979877472,-1.2229162454605103,-1.2895814052171772e-06,1,0,0,0,8252
19889,-0.16467948257923126,2410,-0.37358054518699646,0.26501622796058655,0.2089010775089264,0.25040173530578613,1,1,0,0,8252
19892,2.57572865486145,4799,1.3795201778411865,0.22097495198249817,1.1962083578109741,1.780314437538344e-11,1,0,0,0,8252
19896,-1.0548640489578247,981,-0.8701260685920715,0.2841947376728058,-0.1847379058599472,0.04189760982990265,1,0,0,0,8252
19900,-3.2169735431671143,17,-0.7837220430374146,0.3870590627193451,-2.43325138092041,2.773820161819458,1,0,1,1,8252
19908,-0.40727630257606506,1983,-0.5497221946716309,0.269503653049469,0.1424458920955658,0.008106826804578304,1,0,0,0,8252
19925,0.6274520754814148,3619,-0.15213990211486816,0.2402878999710083,0.779591977596283,0.005146318580955267,1,0,0,0,8252
19933,0.3430076241493225,3202,-0.21374593675136566,0.2498423308134079,0.5567535161972046,0.45455366373062134,1,1,0,0,8252
19938,1.2250350713729858,4212,0.3885352909564972,0.2378222793340683,0.8364996910095215,0.004563165828585625,1,0,0,0,8252
19958,0.156098872423172,2918,-0.6613089442253113,0.2388467788696289,0.8174079060554504,2.245964527130127,1,0,0,0,8252
19965,-1.1446019411087036,867,-0.6922499537467957,0.2967637777328491,-0.45235204696655273,0.10582786798477173,1,0,0,0,8252
19972,-0.6949893832206726,1488,-0.39556851983070374,0.28987857699394226,-0.2994208335876465,0.22215045988559723,1,0,0,0,8252
19993,-0.8663345575332642,1234,0.17281818389892578,0.321914941072464,-1.0391525030136108,0.014490030705928802,1,0,0,0,8252
19999,-1.4401872158050537,561,-0.48398834466934204,0.319936603307724,-0.9561988711357117,1.3621609210968018,1,0,0,0,8252
20001,2.238118886947632,4714,0.9686917662620544,0.2173689901828766,1.2694276571273804,-1.7793432505186502e-08,1,0,0,0,8252
20020,-1.1685110330581665,834,-0.6507200598716736,0.3000451624393463,-0.5177911520004272,0.0827699676156044,1,0,0,0,8252
20031,3.9550061225891113,4967,2.6092755794525146,0.21346305310726166,1.3457304239273071,8.58512066770345e-07,1,0,0,0,8252
20037,-0.09783647209405899,2533,-0.5965510606765747,0.2532295882701874,0.49871474504470825,4.266580581665039,1,0,0,0,8252
20043,0.007802008185535669,2691,-0.3394433259963989,0.259590744972229,0.34724533557891846,0.4851408004760742,1,0,0,0,8252
20053,-0.6198023557662964,1606,-0.35206490755081177,0.2883429527282715,-0.26773732900619507,0.74753737449646,1,0,0,0,8252
20059,-0.14248250424861908,2448,0.13312093913555145,0.2888087034225464,-0.27560344338417053,0.008550096303224564,1,0,0,0,8252
20066,-0.4626208245754242,1884,-0.3310428559780121,0.28073304891586304,-0.13157795369625092,0.004326083697378635,1,0,0,0,8252
20075,-1.2480188608169556,752,-0.4268176555633545,0.31358516216278076,-0.8212012648582458,0.1266343891620636,1,0,0,0,8252
20076,0.9973027110099792,4030,-0.1596827358007431,0.22517402470111847,1.1569852828979492,9.466080518905073e-05,1,0,0,0,8252
20083,2.0685431957244873,4672,0.65267014503479,0.21138612926006317,1.4158728122711182,-6.892385044920957e-07,1,0,0,0,8252
20084,-1.2509377002716064,750,-0.5268519520759583,0.3074919879436493,-0.7240857481956482,4.537442684173584,1,0,0,0,8252
20087,-2.2162582874298096,153,-0.6269094347953796,0.34785109758377075,-1.5893486738204956,2.602247714996338,1,0,1,1,8252
20090,0.33699607849121094,3194,-0.466203510761261,0.2383178025484085,0.8031994700431824,0.00028009447851218283,1,1,0,0,8252
20092,1.8274911642074585,4578,0.7917227745056152,0.22828376293182373,1.0357683897018433,1.3815613897349976e-07,1,0,0,0,8252
20101,-0.724336564540863,1439,-0.8183480501174927,0.27296867966651917,0.09401144087314606,0.8891865015029907,1,0,0,0,8252
20122,-0.9532541632652283,1115,-0.537102222442627,0.2957209646701813,-0.41615191102027893,0.12814772129058838,1,0,0,0,8252
20126,-0.7113904356956482,1461,-0.6198667287826538,0.2808440625667572,-0.09152369946241379,-0.27121174335479736,1,0,0,0,8252
20140,2.5989532470703125,4810,0.5810949802398682,0.1840452402830124,2.0178582668304443,3.0387254810193554e-05,1,0,0,0,8252
20156,0.33772122859954834,3197,0.053628113120794296,0.2624732255935669,0.28409311175346375,0.00029118842212483287,1,0,0,0,8252
20164,-1.7616417407989502,350,-0.06060997396707535,0.35205498337745667,-1.7010316848754883,1.8097200393676758,1,0,0,0,8252
20171,-0.8354188203811646,1278,-0.7046056985855103,0.28267592191696167,-0.13081325590610504,0.36082956194877625,1,0,0,0,8252
20178,-0.3571169972419739,2074,-0.8674786686897278,0.2526351511478424,0.5103617310523987,4.3547492027282715,1,0,0,0,8252
20185,-1.1074156761169434,918,-0.3194074332714081,0.31074392795562744,-0.7880082726478577,0.002412937581539154,1,0,0,0,8252
20200,1.7216743230819702,4529,0.9456610083580017,0.23980705440044403,0.7760133147239685,-3.277608811913524e-06,1,0,0,0,8252
20201,-1.464121699333191,536,-0.25149232149124146,0.33131006360054016,-1.2126293182373047,0.0001503702369518578,1,0,0,0,8252
20207,-0.8354949355125427,1277,-0.7121676802635193,0.28098487854003906,-0.12332718819379807,18.172359466552734,1,0,0,0,8252
20277,-0.20956368744373322,2339,-0.7468544840812683,0.25078484416007996,0.5372909307479858,2.1046478748321533,1,0,0,0,8252
20279,-0.1712479591369629,2396,-0.8599836230278015,0.24431443214416504,0.6887356638908386,2.078557014465332,1,0,0,0,8252
20292,0.7693321108818054,3801,0.48633328080177307,0.2631729543209076,0.2829987704753876,-1.4033382740308298e-06,1,0,0,0,8252
20315,-0.9146317839622498,1166,-0.8918486833572388,0.2775399386882782,-0.02278316579759121,1.1361751556396484,1,0,0,0,8252
20320,-0.6052524447441101,1637,-0.7040594816207886,0.2703635096549988,0.09880702942609787,1.5204474925994873,1,0,0,0,8252
20322,-0.41700974106788635,1972,-0.8842580914497375,0.2551034986972809,0.46724840998649597,2.5298027992248535,1,0,0,0,8252
20348,0.5213559865951538,3460,-0.30988404154777527,0.23810975253582,0.8312401175498962,0.0003023120225407183,1,0,0,0,8252
20361,1.4805134534835815,4402,1.8194280862808228,0.290656715631485,-0.33891457319259644,4.3187753817619523e-07,1,0,0,0,8252
20365,-1.2302751541137695,773,-0.49287912249565125,0.3098110854625702,-0.7373961806297302,0.5052047967910767,1,0,0,0,8252
20382,1.6077717542648315,4475,1.1812361478805542,0.2567306458950043,0.42653536796569824,1.8070347778120777e-06,1,0,0,0,8252
20387,-2.333082914352417,119,-0.8449326753616333,0.34256964921951294,-1.4881501197814941,1.8089945316314697,1,0,1,1,8252
20394,-1.6588484048843384,402,-0.5005933046340942,0.32765406370162964,-1.1582554578781128,0.004969174973666668,1,0,0,0,8252
20414,-1.0251305103302002,1021,-0.7861171960830688,0.28768181800842285,-0.2390131801366806,0.4018027186393738,1,0,0,0,8252
20415,-0.2659246623516083,2252,-0.46585890650749207,0.26599857211112976,0.19993416965007782,1.427791714668274,1,0,0,0,8252
20416,-1.0971587896347046,926,-0.45275312662124634,0.30415260791778564,-0.644405722618103,0.09459087252616882,1,0,0,0,8252
20421,-1.3792861700057983,625,-0.8556316494941711,0.30086857080459595,-0.5236546397209167,3.246095657348633,1,0,0,0,8252
20422,0.0546635165810585,2780,-0.06601401418447495,0.2713344991207123,0.12067752331495285,8.94730692380108e-06,1,0,0,0,8252
20445,-0.2507268488407135,2271,0.06302231550216675,0.29026633501052856,-0.31374916434288025,0.007137815002351999,1,0,0,0,8252
20451,-0.021728262305259705,2652,-0.06422729790210724,0.27434876561164856,0.04249904304742813,0.10043281316757202,1,0,0,0,8252
20460,-0.5741875767707825,1699,-0.31057438254356384,0.2874610424041748,-0.26361319422721863,0.0016201520338654518,1,1,0,0,8252
20477,0.8442930579185486,3883,-0.28593650460243225,0.22413082420825958,1.1302295923233032,0.04277752339839935,1,0,0,0,8252
20478,0.4851398169994354,3413,-0.11947669833898544,0.24762658774852753,0.6046165227890015,1.3108490293234354e-07,1,0,0,0,8252
20483,-2.7417306900024414,48,-0.8775777816772461,0.3613370358943939,-1.8641529083251953,0.3795020878314972,1,0,1,1,8252
20484,0.3175549805164337,3159,-0.7345708012580872,0.22946467995643616,1.0521258115768433,0.6116562485694885,1,0,0,0,8252
20493,1.1660047769546509,4172,1.8064520359039307,0.3054693341255188,-0.6404473185539246,6.359600346339533e-11,1,0,0,0,8252
20495,0.0011020780075341463,2679,-0.37168949842453003,0.25880709290504456,0.3727916181087494,0.040787264704704285,1,0,0,0,8252
20512,0.3121210038661957,3150,-0.1970762014389038,0.25149157643318176,0.5091971755027771,0.001351504004560411,1,0,0,0,8252
20542,-0.3695770502090454,2049,0.07078399509191513,0.29479628801345825,-0.44036102294921875,0.000977087183855474,1,0,0,0,8252
20562,0.46215367317199707,3379,0.30594998598098755,0.2696114480495453,0.15620368719100952,-0.047731950879096985,1,0,0,0,8252
20603,1.5993337631225586,4465,1.0516198873519897,0.25057053565979004,0.5477138161659241,2.9696304864046397e-06,1,0,0,0,8252
20615,1.7253082990646362,4530,1.4402244091033936,0.26291537284851074,0.2850838899612427,0.00019410529057495296,1,0,0,0,8252
20627,0.09767349809408188,2840,-0.4630524814128876,0.25000980496406555,0.56072598695755,0.0989082008600235,1,0,0,0,8252
20644,-0.7158559560775757,1456,-0.25737854838371277,0.29751646518707275,-0.4584774672985077,0.20704901218414307,1,0,0,0,8252
20647,-0.39972007274627686,2000,-0.43439874053001404,0.2745829224586487,0.034678634256124496,0.09115546941757202,1,0,0,0,8252
20669,-1.8734577894210815,296,-0.26532837748527527,0.34839990735054016,-1.6081291437149048,1.6909751892089844,1,0,0,0,8252
20672,0.45006808638572693,3372,0.037747859954833984,0.2572217583656311,0.4123202860355377,0.0015727522550150752,1,0,0,0,8252
20684,-1.4018096923828125,597,-0.5911933779716492,0.31369248032569885,-0.8106164336204529,0.0014780138153582811,1,0,0,0,8252
20688,0.19914256036281586,3002,0.07151398807764053,0.2696612775325775,0.12762856483459473,0.010443668812513351,1,0,0,0,8252
20692,-0.40834012627601624,1980,-0.26522010564804077,0.28255125880241394,-0.14312005043029785,1.416778564453125,1,0,0,0,8252
20715,0.06617317348718643,2795,-0.10341179370880127,0.26843443512916565,0.1695849746465683,0.0021972849499434233,1,0,0,0,8252
20732,2.257073163986206,4721,1.5271495580673218,0.24228668212890625,0.7299237847328186,0.0014521863777190447,1,0,0,0,8252
20733,-0.4307560622692108,1947,-0.27569741010665894,0.2831885814666748,-0.1550586223602295,0.07255179435014725,1,0,0,0,8252
20747,0.5554069876670837,3504,-0.04377691075205803,0.2489633411169052,0.5991839170455933,0.012333345599472523,1,0,0,0,8252
20768,0.010947269387543201,2701,-0.2743847072124481,0.26272574067115784,0.28533196449279785,0.01861804723739624,1,0,0,0,8252
20776,0.21117980778217316,3022,0.16127388179302216,0.2728999853134155,0.049905892461538315,6.769572792109102e-05,1,0,0,0,8252
20794,-1.172806739807129,826,-0.33269914984703064,0.31402841210365295,-0.8401074409484863,0.5515570640563965,1,0,0,0,8252
20801,-0.19442035257816315,2360,-0.00121210515499115,0.2854052782058716,-0.1932082325220108,0.1783326268196106,1,0,0,0,8252
20807,0.31037288904190063,3148,0.22606010735034943,0.2718249559402466,0.08431275933980942,0.05250023305416107,1,0,0,0,8252
20809,-0.777793824672699,1356,-0.35451722145080566,0.2934648096561432,-0.42327648401260376,1.5216039419174194,1,0,0,0,8252
20836,-0.6143479943275452,1617,-0.027664247900247574,0.30221864581108093,-0.5866836309432983,0.00032524665584787726,1,0,0,0,8252
20837,-0.00327395205385983,2673,-0.6190032958984375,0.2482401579618454,0.6157293915748596,0.02290143072605133,1,0,0,0,8252
20860,-0.932341992855072,1140,-0.158026322722435,0.3116174340248108,-0.774315595626831,0.0033822485711425543,1,0,0,0,8252
20861,0.28687456250190735,3116,-0.22606265544891357,0.2522796094417572,0.5129373073577881,0.010937470011413097,1,0,0,0,8252
20899,-0.7767893075942993,1358,-0.27908676862716675,0.2986755967140198,-0.4977024495601654,0.6239994168281555,1,0,0,0,8252
20905,0.024224696680903435,2720,-0.5970892310142517,0.2475486546754837,0.6213139891624451,0.22324584424495697,1,0,0,0,8252
20922,1.154131293296814,4163,0.6574503779411316,0.2524244487285614,0.49668094515800476,-1.6364584780603764e-06,1,0,0,0,8252
20938,0.6532613039016724,3649,0.7020028829574585,0.27767086029052734,-0.04874161630868912,-1.907921216570685e-07,1,1,0,0,8252
20939,0.24308155477046967,3066,-0.23846927285194397,0.2547527253627777,0.48155078291893005,0.6800087690353394,1,0,0,0,8252
20940,0.7155482172966003,3736,-0.47173771262168884,0.22144494950771332,1.1872860193252563,0.0005384717951528728,1,0,0,0,8252
20952,-0.8153136372566223,1308,-0.5267001986503601,0.2895524203777313,-0.28861352801322937,0.007827689871191978,1,0,0,0,8252
20982,-0.3486131727695465,2096,-0.9082469344139099,0.24990415573120117,0.5596337914466858,7.140369892120361,1,1,0,0,8252
20991,0.5949699282646179,3561,0.13121679425239563,0.2560586929321289,0.4637531340122223,0.00023535071522928774,1,0,0,0,8252
21006,-1.856175422668457,306,-0.33087044954299927,0.3441981375217438,-1.525305151939392,0.012697452679276466,1,0,0,0,8252
21009,-1.4799898862838745,519,-0.49873635172843933,0.3206099569797516,-0.9812536239624023,0.035585153847932816,1,0,0,0,8252
21011,-0.399679958820343,2001,-0.24951301515102386,0.2823248505592346,-0.15016688406467438,0.006162107922136784,1,0,0,0,8252
21029,-0.9452285766601562,1126,-0.47833380103111267,0.2975955903530121,-0.4668947756290436,1.9137063026428223,1,0,0,0,8252
21035,0.03639165684580803,2737,-0.7177219986915588,0.24038603901863098,0.7541137337684631,0.6557988524436951,1,0,0,0,8252
21046,0.4523807168006897,3373,-0.4335608184337616,0.23665538430213928,0.8859414458274841,-0.006798598915338516,1,0,0,0,8252
21059,1.7767975330352783,4558,1.6087541580200195,0.26769736409187317,0.16804325580596924,-2.468046886860975e-07,1,0,0,0,8252
21061,-0.4497898519039154,1911,0.45898985862731934,0.3171252906322479,-0.9087797999382019,2.1017653942108154,1,0,0,0,8252
21062,-0.044089425355196,2622,-0.09860425442457199,0.27356430888175964,0.05451483279466629,0.00644725002348423,1,0,0,0,8252
21075,-1.518976092338562,492,-0.37369582056999207,0.3277529776096344,-1.1452802419662476,0.015240723267197609,1,0,0,0,8252
21077,-2.9588489532470703,35,-0.8470535278320312,0.3719753623008728,-2.1117959022521973,0.014685656875371933,1,0,1,1,8252
21089,0.20107220113277435,3007,-0.5778605341911316,0.24200491607189178,0.7789327502250671,2.313229560852051,1,1,0,0,8252
21124,-0.16288506984710693,2414,-0.8907391428947449,0.24308548867702484,0.7278539538383484,0.03442923724651337,1,0,0,0,8252
21126,1.0226397514343262,4047,1.15542733669281,0.2801162600517273,-0.13278764486312866,-1.2605983812363775e-08,1,0,0,0,8252
21127,0.4333225190639496,3354,-0.016881141811609268,0.2543141543865204,0.45020362734794617,0.0004291782679501921,1,0,0,0,8252
21128,-0.785648763179779,1345,-0.05712441727519035,0.3086772561073303,-0.728524386882782,0.009852902963757515,1,0,0,0,8252
21130,0.04327047988772392,2758,-1.0126557350158691,0.22817878425121307,1.0559262037277222,7.887527942657471,1,0,0,0,8252
21148,-0.6034188270568848,1643,-0.08712198585271835,0.3005901277065277,-0.5162968039512634,0.00045786952250637114,1,0,0,0,8252
21179,2.396901845932007,4760,2.4967708587646484,0.28111812472343445,-0.09986899048089981,-1.8179403538098882e-09,1,0,0,0,8252
21186,0.8990371823310852,3949,1.1102789640426636,0.2857775390148163,-0.21124187111854553,4.234683729009703e-05,1,0,0,0,8252
21190,1.5991078615188599,4464,1.4820574522018433,0.2693120241165161,0.1170504093170166,-1.6642049160964234e-07,1,0,0,0,8252
21198,-0.08493109047412872,2552,-0.3593312203884125,0.26350900530815125,0.2744002044200897,0.005890773143619299,1,0,0,0,8252
21214,0.494419664144516,3428,-0.3796943724155426,0.23665480315685272,0.8741140365600586,0.20951911807060242,1,1,0,0,8252
21220,-0.49761316180229187,1828,-0.09143360704183578,0.2946436107158661,-0.4061795771121979,1.6179945987460087e-06,1,0,0,0,8252
21233,0.06489866226911545,2791,-0.6099494695663452,0.24478664994239807,0.6748480200767517,0.08487558364868164,1,0,0,0,8252
21235,0.6223822832107544,3609,0.6716302633285522,0.2779056131839752,-0.04924799129366875,6.496928790511447e-07,1,0,0,0,8252
21258,-0.11131453514099121,2507,0.22232352197170258,0.29173728823661804,-0.3336379826068878,-5.817153578391299e-06,1,0,0,0,8252
21261,-2.162503242492676,172,-0.7609233856201172,0.3403817117214203,-1.4015802145004272,0.7267863750457764,1,0,1,1,8252
21265,-1.1287673711776733,886,-0.6762609481811523,0.2960952818393707,-0.4525064527988434,0.905741274356842,1,0,0,0,8252
21266,-0.34533023834228516,2102,-0.004844769835472107,0.29089322686195374,-0.34048548340797424,0.00034909657551907003,1,0,0,0,8252
21271,-0.4640568196773529,1880,0.6856964230537415,0.32728806138038635,-1.149753451347351,0.0007172506302595139,1,0,0,0,8252
21278,-0.5310768485069275,1769,0.28207045793533325,0.31327953934669495,-0.8131473660469055,0.0005489269969984889,1,0,0,0,8252
21279,0.10761717706918716,2853,-0.789482057094574,0.23595598340034485,0.8970993161201477,0.3818688988685608,1,0,0,0,8252
21286,0.8380991220474243,3875,0.5448644757270813,0.2617499530315399,0.2932347357273102,1.334995985031128,1,0,0,0,8252
21318,0.5848583579063416,3544,-0.4230104386806488,0.23172007501125336,1.007868766784668,0.18210828304290771,1,0,0,0,8252
21320,-1.1168948411941528,906,0.486899197101593,0.3489234745502472,-1.603793978691101,4.8204474449157715,1,0,0,0,8252
21325,0.1832905262708664,2971,0.05140811204910278,0.2706148028373718,0.1318824589252472,4.81601095199585,1,0,0,0,8252
21352,-0.42519792914390564,1959,0.09710624068975449,0.2996768653392792,-0.5223042368888855,0.07518403977155685,1,0,0,0,8252
21356,-1.3371635675430298,665,-0.6933364868164062,0.3050520122051239,-0.6438270807266235,0.10816697776317596,1,0,0,0,8252
21370,-0.9166378378868103,1163,-0.09063070267438889,0.3135674297809601,-0.826007068157196,0.0027836053632199764,1,0,0,0,8252
21379,-0.7588120698928833,1391,-0.6949755549430847,0.278544545173645,-0.06383644789457321,0.030701452866196632,1,0,0,0,8252
21421,-0.80488121509552,1319,-0.6959695219993591,0.2808689475059509,-0.10891157388687134,2.5686419010162354,1,0,0,0,8252
21428,1.0720043182373047,4090,0.06156237795948982,0.22904551029205322,1.0104420185089111,0.007136347703635693,1,0,0,0,8252
21436,-2.4321696758270264,100,-0.558431088924408,0.36112794280052185,-1.8737385272979736,0.40460777282714844,1,0,1,1,8252
21449,0.6827511787414551,3689,0.2343890219926834,0.2549310624599457,0.44836217164993286,0.006290425080806017,1,0,0,0,8252
21450,0.8480038642883301,3886,0.27093029022216797,0.2491113245487213,0.5770736932754517,0.00023648454225622118,1,0,0,0,8252
21465,2.026310682296753,4651,0.5929749608039856,0.21002097427845,1.4333360195159912,0.014029448851943016,1,0,0,0,8252
21494,-1.1687573194503784,833,-0.7226091027259827,0.2972753047943115,-0.44614821672439575,0.06409263610839844,1,0,0,0,8252
21502,-1.4263596534729004,574,-0.7863554358482361,0.30500632524490356,-0.640004575252533,0.3716338574886322,1,0,0,0,8252
21534,0.3134300708770752,3152,-0.8247876167297363,0.22443394362926483,1.1382179260253906,0.6677290201187134,1,0,0,0,8252
21543,-0.1720414012670517,2394,0.8228607177734375,0.3204379677772522,-0.9949020743370056,0.0003508639056235552,1,1,0,0,8252
21548,0.4754857122898102,3402,-0.2853872776031494,0.24206207692623138,0.760873019695282,0.004311619326472282,1,0,0,0,8252
21554,0.6212539076805115,3607,0.4028937816619873,0.26540252566337585,0.21836011111736298,0.0024720877408981323,1,0,0,0,8252
21556,1.2763588428497314,4261,0.7455222010612488,0.2509874999523163,0.5308364629745483,5.96277686781832e-07,1,0,0,0,8252
21561,0.14778175950050354,2905,0.13302244246006012,0.2749321162700653,0.014759321697056293,3.2890093848436663e-07,1,0,0,0,8252
21569,1.0776787996292114,4100,1.0726490020751953,0.27500709891319275,0.005029711406677961,9.431452285824093e-10,1,0,0,0,8252
21586,-1.1498644351959229,857,-0.527675449848175,0.3042627274990082,-0.6221890449523926,0.07646975666284561,1,0,0,0,8252
21595,-1.5299568176269531,484,-0.2669552266597748,0.33452025055885315,-1.2630016803741455,0.5595511794090271,1,0,0,0,8252
21598,-1.5788358449935913,455,-0.6300068497657776,0.3194195628166199,-0.9488289952278137,0.08806918561458588,1,0,0,0,8252
21610,-3.337585210800171,9,-0.3461987376213074,0.4119710624217987,-2.9913864135742188,0.1729699671268463,1,0,1,1,8252
21616,0.5531358122825623,3501,-0.05051771551370621,0.24875716865062714,0.6036534905433655,-2.4968128855107352e-05,1,0,0,0,8252
21669,0.3192611634731293,3161,-0.593431830406189,0.23473592102527618,0.9126928448677063,-0.053990401327610016,1,0,0,0,8252
21670,-0.2052067518234253,2348,-0.18622855842113495,0.2769520580768585,-0.018978197127580643,0.05540408566594124,1,0,0,0,8252
21677,-2.110750913619995,193,-0.7070252895355225,0.339097261428833,-1.4037259817123413,0.5165899395942688,1,0,1,1,8252
21678,-1.0430184602737427,992,-0.4079696834087372,0.30542540550231934,-0.6350487470626831,0.005287366919219494,1,0,0,0,8252
21682,3.0172119140625,4886,2.4029107093811035,0.24740298092365265,0.6143015027046204,5.5761419787137e-12,1,0,0,0,8252
21689,1.0927361249923706,4112,1.4420613050460815,0.2908957004547119,-0.3493255078792572,-2.097086735375342e-06,1,0,0,0,8252
21705,1.4189404249191284,4364,-0.3216245174407959,0.19637568295001984,1.7405647039413452,0.0001527438871562481,1,0,0,0,8252
21707,-1.1711307764053345,829,-0.1612859070301056,0.320758193731308,-1.0098448991775513,0.43179798126220703,1,0,0,0,8252
21709,0.16895219683647156,2940,-0.5118393301963806,0.24391333758831024,0.6807914972305298,0.662480890750885,1,0,0,0,8252
21726,-1.1336663961410522,878,-0.7347453236579895,0.2943607270717621,-0.3989209830760956,1.2273879051208496,1,0,0,0,8252
21734,-0.46980103850364685,1872,0.8512272238731384,0.3344905376434326,-1.3210281133651733,2.2065144378302648e-08,1,0,0,0,8252
21737,1.0827746391296387,4105,0.39270803332328796,0.24349582195281982,0.6900666952133179,0.0015828678151592612,1,0,0,0,8252
21740,1.4404535293579102,4375,0.5852146744728088,0.23600701987743378,0.8552388548851013,0.00020256506104487926,1,0,0,0,8252
21767,-2.477748394012451,91,-0.7699569463729858,0.35412800312042236,-1.7077912092208862,10.32217788696289,1,0,1,1,8252
21776,-0.48202523589134216,1852,-0.1343235969543457,0.2914142310619354,-0.3477016091346741,0.0001342608593404293,1,0,0,0,8252
21780,-2.22507643699646,150,-0.7476506233215332,0.34314990043640137,-1.4774259328842163,8.798002243041992,1,0,1,1,8252
21792,-0.6114118695259094,1624,-0.45289549231529236,0.2838241755962372,-0.15851636230945587,0.009678782895207405,1,0,0,0,8252
21797,0.3573746383190155,3233,0.38638782501220703,0.27643221616744995,-0.029013244435191154,-1.4962947147978412e-07,1,0,0,0,8252
21804,2.1413676738739014,4690,0.4624743163585663,0.20019856095314026,1.6788936853408813,0.056690629571676254,1,0,0,0,8252
21809,1.847756266593933,4587,1.399155616760254,0.254520982503891,0.4486006796360016,6.889869109727442e-05,1,0,0,0,8252
21810,1.481697916984558,4403,0.8403693437576294,0.24625007808208466,0.6413283944129944,-1.2359667380223982e-05,1,0,0,0,8252
21834,2.922783374786377,4870,1.9457701444625854,0.23074714839458466,0.977013111114502,0.0003495578421279788,1,0,0,0,8252
21839,0.3032958209514618,3137,0.18089835345745087,0.2702387273311615,0.12239747494459152,-3.1033187042339705e-06,1,0,0,0,8252
21855,-0.3616325259208679,2063,-0.6536688208580017,0.26224952936172485,0.2920363247394562,0.19973473250865936,1,0,0,0,8252
21858,-0.535703182220459,1761,-0.4671342074871063,0.279142826795578,-0.06856895983219147,0.0008329919073730707,1,0,0,0,8252
21879,0.8320332765579224,3866,-0.3044474720954895,0.2249884158372879,1.1364808082580566,3.4953320026397705,1,0,0,0,8252
21889,1.3258814811706543,4301,0.8132740259170532,0.25202319025993347,0.5126075148582458,2.6146234483048758e-11,1,0,0,0,8252
21910,0.6119224429130554,3594,1.206865668296814,0.3025737702846527,-0.5949430465698242,-1.3109688268286845e-07,1,0,0,0,8252
21911,-0.677114725112915,1515,-0.2104380875825882,0.29755663871765137,-0.4666765630245209,-7.002335564720852e-07,1,0,0,0,8252
21915,0.8130481839179993,3849,0.6592819094657898,0.26876959204673767,0.15376633405685425,8.946316665969789e-05,1,0,0,0,8252
21916,-1.2615331411361694,734,-0.32046613097190857,0.31774434447288513,-0.9410670399665833,0.22382795810699463,1,0,0,0,8252
21920,0.1976330727338791,2997,-0.7701451778411865,0.23217983543872833,0.967778205871582,3.5582265853881836,1,0,0,0,8252
21928,-0.0364999882876873,2631,0.05476222187280655,0.2808026969432831,-0.09126218408346176,6.101519147705403e-07,1,0,0,0,8252
21944,-0.2894771099090576,2214,0.022574489936232567,0.2883142828941345,-0.31205159425735474,0.9790400266647339,1,1,0,0,8252
21957,0.9111678004264832,3959,-0.2471092939376831,0.22434118390083313,1.1582770347595215,0.05745279788970947,1,0,0,0,8252
21961,-1.1397345066070557,872,-0.974096417427063,0.2842654883861542,-0.16563807427883148,2.1642091274261475,1,0,0,0,8252
21977,-0.12081148475408554,2492,-0.30323266983032227,0.26743897795677185,0.18242119252681732,0.07968106865882874,1,0,0,0,8252
21986,2.130187511444092,4683,1.7264469861984253,0.2575482130050659,0.4037405550479889,-8.174645405034653e-10,1,0,0,0,8252
21996,-0.4171633720397949,1971,-0.5652281641960144,0.26948845386505127,0.1480647623538971,0.013723846524953842,1,0,0,0,8252
22003,-0.01905013993382454,2654,-0.5408979654312134,0.2527240514755249,0.5218477845191956,0.8312782645225525,1,0,0,0,8252
22021,-0.7797173857688904,1353,-0.7539588212966919,0.2770234942436218,-0.025758644565939903,8.167606353759766,1,0,0,0,8252
22047,0.06398510187864304,2790,-0.3665182292461395,0.2568241357803345,0.43050333857536316,0.06754717230796814,1,0,0,0,8252
22059,-0.6300346255302429,1584,-0.8324736952781677,0.2675960958003998,0.2024390548467636,1.5467214584350586,1,0,0,0,8252
22061,-1.271748423576355,723,-0.6482900977134705,0.30471161007881165,-0.6234583258628845,1.8814655542373657,1,0,0,0,8252
22073,1.3952367305755615,4349,0.8965556025505066,0.2525811195373535,0.49868088960647583,4.97490646012011e-07,1,0,0,0,8252
22079,2.4706437587738037,4777,1.2281666994094849,0.21846897900104523,1.2424768209457397,7.591216126456857e-05,1,1,0,0,8252
22083,0.3875691890716553,3280,-0.8759576678276062,0.21844767034053802,1.2635269165039062,0.09029705077409744,1,0,0,0,8252
22086,-0.03344601020216942,2636,-0.5857700109481812,0.25096386671066284,0.5523239374160767,0.23501059412956238,1,1,0,0,8252
22099,1.0300681591033936,4054,1.3648377656936646,0.29026493430137634,-0.3347695469856262,-2.33006738903363e-11,1,0,0,0,8252
22103,0.19173789024353027,2990,-0.5877997279167175,0.23909111320972443,0.7795376777648926,0.02656453475356102,1,0,0,0,8252
22119,-0.6151424646377563,1615,-0.5956909656524658,0.2770128548145294,-0.019451463595032692,1.1609891653060913,1,0,0,0,8252
22131,-2.0998127460479736,198,-0.4362851679325104,0.34985706210136414,-1.6635273694992065,0.06365643441677094,1,0,1,1,8252
22158,-0.7608759999275208,1387,-0.2680891454219818,0.2974153757095337,-0.49278679490089417,0.0033644423820078373,1,0,0,0,8252
22174,-1.112586259841919,912,-0.6861915588378906,0.2935654819011688,-0.4263947606086731,1.0723068714141846,1,0,0,0,8252
22184,2.1528778076171875,4693,0.9641727805137634,0.22085845470428467,1.188705325126648,-5.4874080888112076e-06,1,0,0,0,8252
22188,-1.1719759702682495,827,-0.5701417326927185,0.30351531505584717,-0.6018344163894653,0.272765189409256,1,0,0,0,8252
22224,-2.071995258331299,206,-0.7193509936332703,0.3371991813182831,-1.3526442050933838,0.8255484104156494,1,0,1,1,8252
22225,1.5048433542251587,4413,0.5349079966545105,0.23033414781093597,0.9699353575706482,0.010194802656769753,1,0,0,0,8252
22229,0.41559240221977234,3325,-0.6057286858558655,0.22938644886016846,1.0213210582733154,2.667821168899536,1,0,0,0,8252
22232,-0.9139894843101501,1167,0.007082709576934576,0.3174898326396942,-0.9210721850395203,0.006028307601809502,1,0,0,0,8252
22235,-0.4134465754032135,1976,-0.047068506479263306,0.2927541434764862,-0.3663780689239502,0.005076918751001358,1,0,0,0,8252
22289,0.7423195242881775,3771,0.5641182661056519,0.268716424703598,0.17820130288600922,4.005682058050297e-06,1,0,0,0,8252
22301,-0.4519657790660858,1906,-0.2180671989917755,0.28607937693595886,-0.23389866948127747,0.029486147686839104,1,0,0,0,8252
22305,-1.655035376548767,406,-0.7545565962791443,0.3168894350528717,-0.9004784822463989,2.411327838897705,1,0,0,0,8252
22321,-0.08353505283594131,2553,-0.4756031036376953,0.25788840651512146,0.39206814765930176,8.053171768551692e-05,1,0,0,0,8252
22336,-0.721145510673523,1444,-0.49469566345214844,0.2868403196334839,-0.2264498472213745,0.4619235098361969,1,0,0,0,8252
22338,-0.13294212520122528,2464,0.1878141611814499,0.2900620102882385,-0.3207562267780304,0.010593591257929802,1,0,0,0,8252
22342,0.33040881156921387,3176,-0.38160622119903564,0.24344010651111603,0.7120150923728943,0.036170314997434616,1,0,0,0,8252
22355,0.8627578616142273,3908,0.025762690231204033,0.2370939552783966,0.8369953036308289,0.004558664746582508,1,0,0,0,8252
22357,-0.007547116372734308,2665,-0.5449971556663513,0.2506820559501648,0.5374500155448914,0.6719387769699097,1,0,0,0,8252
22387,-0.2916162610054016,2207,-0.42592811584472656,0.2697690427303314,0.13431179523468018,0.010483000427484512,1,0,0,0,8252
22390,-0.3558517098426819,2078,-0.5656784176826477,0.2656654417514801,0.20982681214809418,0.35697469115257263,1,0,0,0,8252
22392,0.1721135675907135,2947,0.3872012197971344,0.28564009070396423,-0.21508769690990448,0.0005420063389465213,1,0,0,0,8252
22407,-0.33929118514060974,2119,-0.3377610743045807,0.2751448154449463,-0.001530128763988614,0.24769240617752075,1,0,0,0,8252
22412,-0.28998619318008423,2211,0.6988997459411621,0.3203304409980774,-0.9888859987258911,8.764213998802006e-05,1,0,0,0,8252
22416,0.699118435382843,3711,-0.39250174164772034,0.22527293860912323,1.0916202068328857,4.880183219909668,1,0,0,0,8252
22423,-0.7507384419441223,1396,-0.10346215963363647,0.3064715564250946,-0.6472762823104858,0.005728818476200104,1,0,0,0,8252
22424,0.45966997742652893,3377,-0.126577228307724,0.24886956810951233,0.5862472057342529,0.009233932010829449,1,0,0,0,8252
22427,0.7646225094795227,3796,0.011931470595300198,0.24118340015411377,0.7526909708976746,0.01988290622830391,1,0,0,0,8252
22430,-0.2778134346008301,2237,-0.3443240225315094,0.27276766300201416,0.06651061773300171,2.6188764572143555,1,0,0,0,8252
22434,-0.5792027711868286,1687,-0.3489740192890167,0.2861955761909485,-0.23022866249084473,0.0006226024124771357,1,0,0,0,8252
22436,2.1649606227874756,4695,1.342293620109558,0.2381402552127838,0.8226664662361145,-1.824742801304069e-09,1,0,0,0,8252
22445,-0.24261735379695892,2288,-0.774899959564209,0.2521001100540161,0.5322825908660889,0.7488213181495667,1,0,0,0,8252
22469,-0.20954661071300507,2340,-0.684678316116333,0.2554175555706024,0.4751315712928772,5.369338035583496,1,0,0,0,8252
22470,2.211606740951538,4709,2.8134970664978027,0.3021058440208435,-0.6018907427787781,-1.1267336618835805e-13,1,0,0,0,8252
22473,-0.7188850045204163,1450,-0.5774805545806885,0.28179097175598145,-0.1414044201374054,12.489551544189453,1,0,0,0,8252
22478,1.1405444145202637,4151,-0.10299761593341827,0.21909789741039276,1.2435420751571655,0.5441087484359741,1,0,0,0,8252
22483,-0.7698686718940735,1372,-0.7464777827262878,0.27782970666885376,-0.02339096926152706,14.312182426452637,1,0,0,0,8252
22487,-0.37382936477661133,2044,-0.7850881814956665,0.2574024498462677,0.41125884652137756,0.21685650944709778,1,0,0,0,8252
22493,-0.3676759600639343,2054,0.08692558109760284,0.2973991334438324,-0.4546014964580536,0.0008346823742613196,1,0,0,0,8252
22547,-0.3072770833969116,2186,0.1426868736743927,0.29541441798210144,-0.4499639570713043,0.015854839235544205,1,0,0,0,8252
22558,-0.22432951629161835,2315,-0.09759853780269623,0.2827639579772949,-0.12673096358776093,2.9250899387989193e-05,1,0,0,0,8252
22590,-0.23596186935901642,2296,-0.31172260642051697,0.27261900901794434,0.07576077431440353,1.4382011890411377,1,0,0,0,8252
22613,-0.4016842842102051,1997,-0.6861047148704529,0.26330456137657166,0.2844204604625702,0.00020781162311322987,1,0,0,0,8252
22630,-1.4133142232894897,582,-0.7189947962760925,0.307111918926239,-0.6943192481994629,0.6422836184501648,1,0,0,0,8252
22632,0.6115726828575134,3593,-0.07284440100193024,0.24358950555324554,0.6844171285629272,0.192590594291687,1,0,0,0,8252
22650,0.6586568355560303,3657,-0.4060046672821045,0.22620411217212677,1.0646617412567139,0.014370094053447247,1,0,0,0,8252
22657,-0.14587371051311493,2442,-0.2662133574485779,0.2713495194911957,0.12033964693546295,0.00010911369463428855,1,0,0,0,8252
22666,1.3099571466445923,4285,0.017907485365867615,0.21686387062072754,1.292049765586853,9.919678996084258e-05,1,0,0,0,8252
22671,0.8011013865470886,3837,0.8669376373291016,0.2788301706314087,-0.06583627313375473,0.06181030720472336,1,0,0,0,8252
22679,-1.2641096115112305,730,0.10517026484012604,0.33721187710762024,-1.3692798614501953,0.010508185252547264,1,0,0,0,8252
22681,-1.1076955795288086,915,-0.6898115873336792,0.29481133818626404,-0.4178841710090637,0.5383594036102295,1,0,0,0,8252
22707,0.5932625532150269,3559,0.11539606004953384,0.2549859583377838,0.4778665006160736,0.09290064871311188,1,0,0,0,8252
22715,1.0318933725357056,4056,0.35160085558891296,0.24482129514217377,0.6802926063537598,-5.5320915635093115e-06,1,1,0,0,8252
22722,-0.5951683521270752,1655,-0.566704511642456,0.27864423394203186,-0.028463756665587425,0.2810783088207245,1,0,0,0,8252
22731,-0.7385097146034241,1419,-0.4593517780303955,0.2891469895839691,-0.27915793657302856,0.5627859830856323,1,1,0,0,8252
22737,0.04792633280158043,2765,-0.4711335599422455,0.2525821626186371,0.5190598964691162,0.018137354403734207,1,0,0,0,8252
22742,0.048145782202482224,2768,-0.8676767349243164,0.23465661704540253,0.915822446346283,1.3273335695266724,1,0,0,0,8252
22757,-0.42095088958740234,1964,-0.013620510697364807,0.29389098286628723,-0.4073304235935211,0.007862595841288567,1,0,0,0,8252
22766,0.4870762825012207,3415,0.04483235627412796,0.2555251717567444,0.44224390387535095,0.0023601646535098553,1,0,0,0,8252
22771,-0.08311312645673752,2555,-0.15147332847118378,0.27145740389823914,0.06836018711328506,0.011634944006800652,1,0,0,0,8252
22775,0.7551049590110779,3784,-0.08458142727613449,0.23614688217639923,0.8396863341331482,0.004224798642098904,1,0,0,0,8252
22779,-0.9696806073188782,1090,-1.1402547359466553,0.26918768882751465,0.1705741435289383,1.217352271080017,1,0,0,0,8252
22814,0.35062411427497864,3216,-0.14428959786891937,0.25333502888679504,0.494913786649704,0.013935522176325321,1,0,0,0,8252
22819,-0.2681421935558319,2249,0.017461206763982773,0.28890880942344666,-0.285603404045105,0.00021733967878390104,1,0,0,0,8252
22830,-1.594840168952942,437,-0.35538601875305176,0.33300715684890747,-1.2394541501998901,0.29971981048583984,1,0,0,0,8252
22834,-1.8607219457626343,304,-0.6583799719810486,0.33025139570236206,-1.2023417949676514,2.738862991333008,1,0,0,0,8252
22840,0.8063176274299622,3843,1.3892114162445068,0.30101874470710754,-0.5828937888145447,4.5753019151106855e-08,1,0,0,0,8252
22848,-0.001225140760652721,2677,-0.6044103503227234,0.24747304618358612,0.60318523645401,0.7153964638710022,1,0,0,0,8252
22853,-0.3861219882965088,2025,-0.6961025595664978,0.26187849044799805,0.3099806308746338,8.75754451751709,1,1,0,0,8252
22870,2.1221911907196045,4682,1.0269755125045776,0.22559504210948944,1.0952153205871582,-1.522215775651148e-08,1,0,0,0,8252
22876,-1.0635572671890259,964,-0.8698108792304993,0.28441759943962097,-0.1937464326620102,0.06598284095525742,1,0,0,0,8252
22879,-0.15812857449054718,2420,-0.9861804246902466,0.2384122908115387,0.8280518651008606,0.5638325810432434,1,0,0,0,8252
22890,-0.9122058153152466,1169,-0.7389087080955505,0.2837757170200348,-0.17329710721969604,0.013874142430722713,1,0,0,0,8252
22893,-2.1427202224731445,180,-0.44628000259399414,0.3517387807369232,-1.69644033908844,0.6161155700683594,1,0,1,1,8252
22895,0.0896785631775856,2830,0.061397433280944824,0.27359816431999207,0.028281157836318016,5.18792585353367e-05,1,0,0,0,8252
22908,-1.900738000869751,286,-1.1416574716567993,0.31058269739151,-0.7590808272361755,-2.22931170463562,1,0,0,0,8252
22911,1.8909248113632202,4607,0.8241443634033203,0.22742605209350586,1.0667805671691895,5.174642865313217e-05,1,0,0,0,8252
22912,-0.32423338294029236,2154,-0.7159931063652039,0.25624483823776245,0.39175960421562195,1.4270884990692139,1,0,0,0,8252
22932,1.7056750059127808,4521,0.6544665098190308,0.22757048904895782,1.0512083768844604,0.00016776242409832776,1,0,0,0,8252
22937,1.1998121738433838,4194,-0.3368760645389557,0.20594637095928192,1.536688208580017,0.0002470647159498185,1,0,0,0,8252
22941,0.6818232536315918,3686,0.3732318580150604,0.2618565261363983,0.308591365814209,0.00027683001826517284,1,0,0,0,8252
22961,0.5307751893997192,3467,0.2161436527967453,0.26265618205070496,0.31463149189949036,0.10456599295139313,1,0,0,0,8252
22978,-0.8746702075004578,1221,0.3063415586948395,0.32881730794906616,-1.1810117959976196,5.657273868564516e-05,1,0,0,0,8252
22999,-0.6362802982330322,1573,-0.5067456364631653,0.2811923921108246,-0.12953470647335052,1.537337303161621,1,0,0,0,8252
23007,-0.9161993861198425,1164,-0.3628537058830261,0.3011508882045746,-0.5533456802368164,5.20176887512207,1,0,0,0,8252
23039,0.2353525608778,3058,0.16078846156597137,0.2720507085323334,0.0745641365647316,0.0006405215244740248,1,0,0,0,8252
23042,1.3341833353042603,4307,1.3037419319152832,0.2742287218570709,0.030441245064139366,8.07857114537569e-11,1,0,0,0,8252
23044,-1.2301768064498901,774,-0.6263520121574402,0.30366045236587524,-0.6038245558738708,0.008916959166526794,1,0,0,0,8252
23046,-0.17848961055278778,2386,-0.3391035497188568,0.27003735303878784,0.16061387956142426,0.07896210253238678,1,0,0,0,8252
23055,0.48479557037353516,3412,0.9140780568122864,0.29399317502975464,-0.42928242683410645,0.0002539010311011225,1,0,0,0,8252
23059,-0.4057624936103821,1986,-0.8862258791923523,0.25417953729629517,0.4804634749889374,7.139768600463867,1,0,0,0,8252
23067,-1.079474687576294,950,-0.4855116903781891,0.3029995858669281,-0.5939628481864929,0.04459294676780701,1,0,0,0,8252
23090,-0.7108831405639648,1462,-0.7566567659378052,0.27370813488960266,0.04577343910932541,12.432146072387695,1,0,0,0,8252
23092,-2.611846446990967,65,-0.5724177360534668,0.3692636489868164,-2.039428949356079,0.024513907730579376,1,0,1,1,8252
23093,-1.5920162200927734,440,0.14118683338165283,0.3548828959465027,-1.7332029342651367,2.1497301077033626e-06,1,0,0,0,8252
23119,-0.3761950731277466,2040,0.5062844753265381,0.31484246253967285,-0.8824794888496399,1.7314471278950805e-06,1,0,0,0,8252
23121,1.9169660806655884,4613,0.5013017654418945,0.2120981514453888,1.4156643152236938,-0.02959560416638851,1,0,0,0,8252
23146,-1.7010841369628906,379,-0.531192421913147,0.3292481601238251,-1.169891595840454,0.30627620220184326,1,0,0,0,8252
23150,-1.7692569494247437,344,-0.33299487829208374,0.34049364924430847,-1.4362620115280151,0.2917502522468567,1,0,0,0,8252
23162,1.107680320739746,4129,0.4562205374240875,0.2448657751083374,0.651459813117981,4.986852582078427e-05,1,0,0,0,8252
23173,-1.1762762069702148,823,-0.42299148440361023,0.3098273277282715,-0.7532846927642822,5.761794090270996,1,0,0,0,8252
23174,-2.2710306644439697,136,-0.7561204433441162,0.3441251814365387,-1.514910340309143,6.536989212036133,1,0,1,1,8252
23176,1.7761999368667603,4557,1.8732467889785767,0.27897366881370544,-0.09704671800136566,2.5067770081932395e-10,1,0,0,0,8252
23184,0.767552375793457,3800,0.6988500356674194,0.2724383771419525,0.06870239973068237,1.0234677574771922e-05,1,0,0,0,8252
23185,-1.1660363674163818,836,-0.22497008740901947,0.3183160424232483,-0.9410662055015564,1.0659494400024414,1,0,0,0,8252
23206,1.248045802116394,4231,1.376510500907898,0.28012141585350037,-0.12846475839614868,-9.839107306675032e-11,1,0,0,0,8252
23207,-0.3398817479610443,2117,-1.000785231590271,0.24561868607997894,0.6609033942222595,7.758068084716797,1,0,0,0,8252
23227,1.1633414030075073,4171,1.1751161813735962,0.2766454815864563,-0.011774751357734203,-4.168273790128296e-06,1,0,0,0,8252
23233,-0.030803609639406204,2640,-0.048235487192869186,0.2751612365245819,0.01743188500404358,0.01984306424856186,1,0,0,0,8252
23234,-1.611519455909729,427,-0.78125,0.3143731653690338,-0.8302696347236633,0.22573795914649963,1,0,0,0,8252
23238,-2.5150487422943115,82,-0.8843922019004822,0.3497510552406311,-1.6306568384170532,1.9875200986862183,1,0,1,1,8252
23249,-0.7103638052940369,1464,-0.6267772912979126,0.2780248820781708,-0.08358652889728546,0.4681449830532074,1,0,0,0,8252
23268,0.009320080280303955,2696,-0.4494587481021881,0.25454673171043396,0.45877885818481445,0.9511014223098755,1,0,0,0,8252
23273,1.9612903594970703,4625,1.4627262353897095,0.25096553564071655,0.4985637664794922,4.540222107607406e-06,1,0,0,0,8252
23285,-0.6300029754638672,1586,-0.40943440794944763,0.28529101610183716,-0.22056864202022552,0.5974395275115967,1,0,0,0,8252
23316,-1.0113039016723633,1035,-0.42659950256347656,0.3028050363063812,-0.584704577922821,0.0006473152316175401,1,0,0,0,8252
23318,0.6806248426437378,3684,0.24413569271564484,0.25458601117134094,0.43648916482925415,0.0007727849297225475,1,0,0,0,8252
23335,-0.2988632619380951,2195,0.500882625579834,0.311815470457077,-0.7997459769248962,0.0029781723860651255,1,0,0,0,8252
23349,2.318807363510132,4736,1.1228480339050293,0.221358060836792,1.195959210395813,0.0001698381529422477,1,0,0,0,8252
23360,1.875588297843933,4600,-0.16402336955070496,0.1834518015384674,2.039611577987671,0.07329864799976349,1,1,0,0,8252
23369,0.201014444231987,3006,-0.688450038433075,0.2356984168291092,0.8894644975662231,1.9109227657318115,1,0,0,0,8252
23385,-1.452331781387329,549,-0.6148049235343933,0.31283655762672424,-0.8375267386436462,0.2709317207336426,1,0,0,0,8252
23392,-0.5158352255821228,1795,-0.7333849668502808,0.2663561999797821,0.21754978597164154,2.06494402885437,1,0,0,0,8252
23404,-0.45368772745132446,1896,-0.15618079900741577,0.28872108459472656,-0.2975069582462311,5.2101593017578125,1,0,0,0,8252
23432,0.3653666377067566,3248,-0.7248461246490479,0.227194145321846,1.0902127027511597,0.061160407960414886,1,0,0,0,8252
23437,1.3390812873840332,4313,-0.19095514714717865,0.20642638206481934,1.530036211013794,-0.003728030249476433,1,0,0,0,8252
23448,-2.095397710800171,199,-0.41636428236961365,0.35266661643981934,-1.6790335178375244,0.027601582929491997,1,0,1,1,8252
23457,-0.288655161857605,2215,-0.5902923941612244,0.2616446912288666,0.3016372323036194,0.7740516662597656,1,0,0,0,8252
23459,0.5328189730644226,3471,-0.2350696325302124,0.2405184507369995,0.7678886651992798,0.4870888888835907,1,0,0,0,8252
23482,-0.9937321543693542,1057,-0.45206448435783386,0.30063483119010925,-0.5416677594184875,0.05939183011651039,1,0,0,0,8252
23488,0.1142595186829567,2866,0.5221357345581055,0.29468801617622375,-0.4078761637210846,0.005084863863885403,1,0,0,0,8252
23494,-0.16577227413654327,2409,-0.1524767279624939,0.27692076563835144,-0.013295513577759266,0.004550842568278313,1,0,0,0,8252
23503,-1.3835489749908447,616,-0.6174488663673401,0.31172043085098267,-0.7661000490188599,0.11136279255151749,1,0,0,0,8252
23510,-0.9782260060310364,1078,-0.6893157958984375,0.2892647087574005,-0.2889101505279541,0.0716189295053482,1,0,0,0,8252
23515,0.25354835391044617,3077,-0.675887405872345,0.23464994132518768,0.9294357299804688,1.461999773979187,1,0,0,0,8252
23518,2.3747355937957764,4754,1.3398563861846924,0.22867928445339203,1.0348795652389526,2.180775481974706e-06,1,1,0,0,8252
23523,-0.7748866677284241,1362,-0.8157150149345398,0.27372807264328003,0.04082846641540527,0.17244577407836914,1,0,0,0,8252
23544,-0.3669417202472687,2055,-0.4379967153072357,0.27310022711753845,0.07105504721403122,1.1875234842300415,1,1,0,0,8252
23554,1.0432599782943726,4061,-0.2621336877346039,0.21697011590003967,1.3053935766220093,0.22469212114810944,1,0,0,0,8252
23556,0.31686216592788696,3156,-0.14427928626537323,0.2550772726535797,0.461141437292099,0.010161963291466236,1,0,0,0,8252
23557,0.21076427400112152,3021,-0.09985727071762085,0.26164111495018005,0.31062158942222595,-2.4492888428540027e-07,1,0,0,0,8252
23587,-1.3285716772079468,671,-0.7414183616638184,0.30223003029823303,-0.5871531963348389,0.6599394679069519,1,0,0,0,8252
23614,0.9380852580070496,3982,0.9465503692626953,0.2754037082195282,-0.008465050719678402,-1.7653465533840063e-07,1,0,0,0,8252
23619,-0.16696925461292267,2404,-0.3222689628601074,0.26863789558410645,0.15529964864253998,0.41368868947029114,1,0,0,0,8252
23623,0.875442624092102,3922,-0.6893079876899719,0.20437483489513397,1.5647505521774292,0.49031776189804077,1,0,0,0,8252
23639,0.481133371591568,3409,0.25497862696647644,0.26475417613983154,0.22615472972393036,0.001710801268927753,1,0,0,0,8252
23641,-0.7812568545341492,1351,-0.21618632972240448,0.30013322830200195,-0.565070390701294,0.41065940260887146,1,0,0,0,8252
23661,-1.9282106161117554,276,-1.0219358205795288,0.31741905212402344,-0.9062750935554504,1.4685806035995483,1,0,0,0,8252
23663,-1.505210518836975,503,-0.462226003408432,0.3236463963985443,-1.0429843664169312,0.15444612503051758,1,0,0,0,8252
23665,0.15415486693382263,2914,-0.1290983408689499,0.2633657157421112,0.2832532525062561,0.1928049623966217,1,0,0,0,8252
23668,-1.246685266494751,753,-0.5071682333946228,0.30919310450553894,-0.739517092704773,5.118107318878174,1,0,0,0,8252
23689,1.005436658859253,4035,0.4105260372161865,0.24867723882198334,0.5949106216430664,-2.6276455173501745e-05,1,0,0,0,8252
23694,2.045372247695923,4661,1.3338953256607056,0.24347756803035736,0.7114772200584412,-5.6797780700890144e-08,1,0,0,0,8252
23712,-1.0152812004089355,1032,-0.4652106463909149,0.30030131340026855,-0.5500704646110535,0.23645925521850586,1,0,0,0,8252
23721,0.20335225760936737,3012,-0.39298397302627563,0.2484598606824875,0.5963362455368042,1.798408031463623,1,0,0,0,8252
23724,1.120261311531067,4135,1.2200767993927002,0.2803152799606323,-0.0998154878616333,5.741255336033646e-06,1,0,0,0,8252
23733,1.8828245401382446,4604,1.2147189378738403,0.24531176686286926,0.6681059002876282,-1.1663116765703307e-06,1,0,0,0,8252
23741,1.8874772787094116,4606,1.3075478076934814,0.2490396797657013,0.579929530620575,0.00033454439835622907,1,0,0,0,8252
23756,-0.8774089217185974,1213,-0.018885351717472076,0.3151029944419861,-0.8585234880447388,6.218181169970194e-07,1,0,0,0,8252
23769,-1.0287872552871704,1016,-0.4225270748138428,0.30262094736099243,-0.6062602400779724,0.0012671625008806586,1,0,0,0,8252
23774,-0.3468833863735199,2099,0.04409739002585411,0.2926656901836395,-0.3909808099269867,0.00010717973054852337,1,0,0,0,8252
23777,0.39900124073028564,3299,-0.3531635105609894,0.24150709807872772,0.7521647810935974,0.0005025621503591537,1,0,0,0,8252
23782,-0.049390751868486404,2616,0.36028367280960083,0.2945527136325836,-0.40967437624931335,0.002163094934076071,1,0,0,0,8252
23800,-1.1411513090133667,869,-0.7844617366790771,0.2926836311817169,-0.35668960213661194,2.0015687942504883,1,0,0,0,8252
23801,-0.10344540327787399,2519,-0.7394556403160095,0.2467348873615265,0.6360103487968445,0.15357142686843872,1,0,0,0,8252
23802,1.5142096281051636,4419,0.7689248919487,0.24173681437969208,0.7452846765518188,9.827337635215372e-05,1,0,0,0,8252
23803,-0.9565063714981079,1108,-0.5116226077079773,0.2948833405971527,-0.4448837339878082,0.0016349147772416472,1,0,0,0,8252
23810,-0.35155075788497925,2087,0.5185613036155701,0.31417685747146606,-0.8701121211051941,0.00024860852863639593,1,0,0,0,8252
23831,-0.503264844417572,1818,0.5850700736045837,0.32406532764434814,-1.0883349180221558,4.621820153261069e-06,1,0,0,0,8252
23849,1.0929298400878906,4113,-0.4123484194278717,0.2069396823644638,1.505278468132019,0.09755020588636398,1,0,0,0,8252
23874,-0.7330068945884705,1425,-0.5386118292808533,0.2856387197971344,-0.194395050406456,0.09616225957870483,1,0,0,0,8252
23898,-1.43368661403656,568,-0.8745741248130798,0.3027692437171936,-0.5591126084327698,3.540785312652588,1,0,0,0,8252
23902,0.34378790855407715,3206,-0.5289070010185242,0.23569932579994202,0.8726949691772461,0.06818649917840958,1,0,0,0,8252
23906,-0.08844559639692307,2546,-0.44774577021598816,0.25930461287498474,0.3593001067638397,0.5216597318649292,1,0,0,0,8252
23914,-1.4306074380874634,571,-0.17608760297298431,0.33200380206108093,-1.2545198202133179,1.2155892848968506,1,0,0,0,8252
23916,-1.325219988822937,675,-0.5526408553123474,0.3115553855895996,-0.7725788354873657,0.08747317641973495,1,1,0,0,8252
23941,-1.6821165084838867,387,-0.4458220601081848,0.3314095437526703,-1.2362946271896362,0.9830930233001709,1,0,0,0,8252
23947,-0.38899314403533936,2014,0.22554437816143036,0.3034821152687073,-0.6145375370979309,4.888507100986317e-05,1,0,0,0,8252
23949,-0.866493821144104,1233,0.30528178811073303,0.3290238678455353,-1.1717755794525146,8.94060758582782e-06,1,0,0,0,8252
23967,-0.026732463389635086,2645,-0.27191245555877686,0.2644916772842407,0.24517999589443207,0.009750633500516415,1,0,0,0,8252
23971,-0.5848063230514526,1676,-0.9536885619163513,0.2588184177875519,0.3688822090625763,1.7825579643249512,1,0,0,0,8252
23976,-0.4549601078033447,1894,-0.33263155817985535,0.2812594771385193,-0.12232851982116699,0.2719768285751343,1,0,0,0,8252
23981,1.1946965456008911,4191,-0.057576633989810944,0.21922710537910461,1.252273440361023,1.6105724573135376,1,0,0,0,8252
24006,0.6246727108955383,3616,0.28951865434646606,0.2601240277290344,0.33515405654907227,-1.568193965795217e-06,1,0,0,0,8252
24015,0.7013500332832336,3714,0.24160900712013245,0.25458088517189026,0.4597409665584564,0.34159055352211,1,0,0,0,8252
24023,-1.8022133111953735,328,-0.3549623191356659,0.3416942059993744,-1.4472510814666748,0.009375860914587975,1,0,0,0,8252
24028,-0.826653778553009,1294,-0.5860486030578613,0.2878500521183014,-0.2406051605939865,0.10023590922355652,1,0,0,0,8252
24037,-0.20902621746063232,2342,-0.001241711201146245,0.2861981689929962,-0.2077844887971878,0.0011177746346220374,1,0,0,0,8252
24056,0.00930140633136034,2695,-0.19831176102161407,0.2650752365589142,0.20761315524578094,9.770064207259566e-05,1,0,0,0,8252
24098,-0.0765085220336914,2569,0.2170603722333908,0.2891899645328522,-0.29356881976127625,1.172227144241333,1,0,0,0,8252
24105,-0.4472501277923584,1915,-0.5600716471672058,0.27029475569725037,0.11282140016555786,0.023983197286725044,1,0,0,0,8252
24120,-1.624536395072937,422,-1.0026878118515015,0.3043192923069,-0.6218486428260803,8.772698402404785,1,0,0,0,8252
24126,-1.0666230916976929,959,-0.19124600291252136,0.31504735350608826,-0.8753771185874939,7.503197593905497e-06,1,0,0,0,8252
24128,1.2043098211288452,4197,0.44175001978874207,0.2406376600265503,0.7625595927238464,0.10116150230169296,1,0,0,0,8252
24130,-1.6086170673370361,429,-1.0382955074310303,0.3026220500469208,-0.5703213810920715,3.63167142868042,1,0,0,0,8252
24153,0.49382883310317993,3424,1.0226324796676636,0.29935795068740845,-0.5288036465644836,-1.1420184819144197e-05,1,0,0,0,8252
24160,1.4344080686569214,4371,1.2997419834136963,0.2688539922237396,0.13466612994670868,5.344479303559524e-10,1,0,0,0,8252
24190,-1.1325559616088867,882,-0.33101025223731995,0.31343701481819153,-0.8015457987785339,1.375983476638794,1,0,0,0,8252
24196,-1.8369076251983643,312,-0.5472257137298584,0.3345349431037903,-1.2896817922592163,0.0020196079276502132,1,0,0,0,8252
24209,0.18322360515594482,2970,1.3918858766555786,0.33112844824790955,-1.2086623907089233,2.0825922320000245e-07,1,0,0,0,8252
24226,0.5154792666435242,3452,1.4727891683578491,0.3191164433956146,-0.9573098421096802,-3.5751290852203965e-05,1,0,0,0,8252
24238,-1.3514155149459839,649,-0.6077016592025757,0.3092649281024933,-0.7437136173248291,0.017629452049732208,1,0,0,0,8252
24243,0.9087817072868347,3958,-0.5941169857978821,0.20755134522914886,1.5028985738754272,0.003921732306480408,1,0,0,0,8252
24244,-0.12453053146600723,2485,-0.19185292720794678,0.2730882465839386,0.06732236593961716,1.1797689199447632,1,0,0,0,8252
24274,-1.1456459760665894,865,-0.3905598819255829,0.3100050389766693,-0.755085825920105,0.03728008270263672,1,0,0,0,8252
24283,2.326573133468628,4737,1.7316207885742188,0.24892699718475342,0.5949524641036987,1.5784799245466274e-08,1,0,0,0,8252
24287,1.8708038330078125,4599,1.3018049001693726,0.24932554364204407,0.5689988136291504,-3.121224381175125e-06,1,0,0,0,8252
24295,0.3811441957950592,3272,-0.41546425223350525,0.2391282618045807,0.796608567237854,0.08462894707918167,1,1,0,0,8252
24302,-1.3991328477859497,603,-0.8815599679946899,0.2988380789756775,-0.5175728797912598,3.8565449714660645,1,0,0,0,8252
24303,2.0679678916931152,4671,1.3690074682235718,0.244090273976326,0.698960542678833,4.66364058482327e-09,1,0,0,0,8252
24309,3.183021306991577,4902,2.062608003616333,0.2235395461320877,1.1204134225845337,1.2304504637405955e-10,1,0,0,0,8252
24314,-1.871895432472229,299,-0.06279896944761276,0.3583129346370697,-1.809096336364746,0.3174808621406555,1,0,0,0,8252
24323,0.13918425142765045,2897,-0.32269158959388733,0.25385957956314087,0.46187588572502136,0.002177343936637044,1,0,0,0,8252
24326,-1.0657609701156616,960,-0.5738846063613892,0.29747289419174194,-0.4918765723705292,0.005912700667977333,1,0,0,0,8252
24339,1.0845218896865845,4110,0.4967016875743866,0.24811065196990967,0.5878202319145203,-2.1465839381562546e-06,1,0,0,0,8252
24340,0.10544460266828537,2850,0.7142290472984314,0.3026069104671478,-0.6087844371795654,1.2418695405358449e-06,1,0,0,0,8252
24344,-0.4613264501094818,1888,-0.6057655215263367,0.26961928606033325,0.14443905651569366,0.002700929529964924,1,0,0,0,8252
24352,-1.311326503753662,690,-0.5832207202911377,0.30936098098754883,-0.7281057238578796,0.05433256924152374,1,0,0,0,8252
24353,-1.492685079574585,513,-0.27238622307777405,0.3321218490600586,-1.2202988862991333,0.001072283135727048,1,0,0,0,8252
24357,1.0529001951217651,4073,0.060588669031858444,0.23091280460357666,0.9923115968704224,0.008182371035218239,1,0,0,0,8252
24363,-0.2641772925853729,2254,-0.6356865763664246,0.258864164352417,0.37150928378105164,0.04768376424908638,1,0,0,0,8252
24378,-0.7194251418113708,1447,-0.6577698588371277,0.2781420648097992,-0.061655301600694656,0.5810260772705078,1,0,0,0,8252
24380,-1.2165558338165283,781,-0.4058457016944885,0.3132030665874481,-0.810710072517395,0.018973693251609802,1,0,0,0,8252
24415,-0.689022421836853,1499,-0.8341671228408813,0.26949435472488403,0.14514465630054474,2.8855011463165283,1,0,0,0,8252
24433,1.6478503942489624,4495,0.6530296206474304,0.2297820895910263,0.9948210120201111,0.0006854948005639017,1,0,0,0,8252
24440,-0.16623465716838837,2407,-0.8141290545463562,0.24728146195411682,0.6478945016860962,0.1594334840774536,1,0,0,0,8252
24442,-0.16913416981697083,2400,-0.06916485726833344,0.27981698513031006,-0.0999693050980568,0.001326548750512302,1,0,0,0,8252
24452,2.3944365978240967,4759,0.8878979086875916,0.20707125961780548,1.50653874874115,-6.131327268121822e-07,1,1,0,0,8252
24459,-0.4325808584690094,1945,0.05428410694003105,0.29734188318252563,-0.4868648946285248,1.0114872455596924,1,0,0,0,8252
24473,2.9283018112182617,4871,1.9901068210601807,0.23315177857875824,0.9381951689720154,-1.1957759227243514e-09,1,0,0,0,8252
24482,-3.1342933177948,21,-0.8453801274299622,0.3808062970638275,-2.2889130115509033,4.156927108764648,1,0,1,1,8252
24487,1.0434002876281738,4062,0.1027672216296196,0.23170533776283264,0.940633237361908,0.0005123071605339646,1,0,0,0,8252
24489,0.67755126953125,3683,-0.36359331011772156,0.2272874414920807,1.041144609451294,0.011175539344549179,1,1,0,0,8252
24495,-0.804689347743988,1320,-0.44432106614112854,0.2915394604206085,-0.3603682518005371,0.29321348667144775,1,0,0,0,8252
24503,3.5132453441619873,4936,2.1448142528533936,0.2134535312652588,1.3684314489364624,-2.962747269741328e-10,1,0,0,0,8252
24506,-1.1256978511810303,892,-0.18181724846363068,0.31923767924308777,-0.9438807368278503,2.036974547081627e-05,1,0,0,0,8252
24516,-0.1530287116765976,2432,-0.6779208183288574,0.2522915005683899,0.5248922109603882,0.6700904369354248,1,0,0,0,8252
24532,0.04154409095644951,2753,-0.03890550881624222,0.27240189909935,0.08044958114624023,1.525950312614441,1,0,0,0,8252
24546,3.0225508213043213,4888,2.353140354156494,0.24547885358333588,0.6694103479385376,-3.0047107024699926e-09,1,0,0,0,8252
24553,-0.13795050978660583,2457,-0.3351556658744812,0.26547786593437195,0.19720511138439178,0.49470871686935425,1,0,0,0,8252
24558,0.1316680610179901,2888,0.1334340125322342,0.2752928137779236,-0.0017659388249740005,0.0003468266222625971,1,0,0,0,8252
24575,-0.7359505295753479,1422,0.6563168168067932,0.3379386365413666,-1.3922672271728516,-2.165052819691482e-06,1,0,0,0,8252
24585,1.5399616956710815,4433,0.06181013584136963,0.20781593024730682,1.4781516790390015,1.2659980058670044,1,0,0,0,8252
24628,-1.291775107383728,703,-0.33950522541999817,0.31859925389289856,-0.9522697329521179,0.18190185725688934,1,0,0,0,8252
24637,0.5014610290527344,3439,0.01419794000685215,0.25382107496261597,0.48726317286491394,0.7845550179481506,1,0,0,0,8252
24648,0.3998909592628479,3300,0.06586452573537827,0.26058825850486755,0.3340264558792114,0.00011960809206357226,1,0,0,0,8252
24650,0.5894142389297485,3551,-0.9825313687324524,0.20505821704864502,1.5719455480575562,0.4300387501716614,1,0,0,0,8252
24651,0.42673546075820923,3346,0.37404945492744446,0.27238360047340393,0.052685994654893875,0.04257984459400177,1,0,0,0,8252
24656,1.1403735876083374,4150,0.34865179657936096,0.24092264473438263,0.791721761226654,-5.638157318799131e-08,1,0,0,0,8252
24662,-1.8695510625839233,300,-0.8655155301094055,0.32119837403297424,-1.0040353536605835,0.049935273826122284,1,0,0,0,8252
24663,-0.9619237184524536,1101,-0.08225783705711365,0.3162690997123718,-0.8796658515930176,0.0004202667623758316,1,0,0,0,8252
24687,0.8366191983222961,3872,0.7384917736053467,0.2702968716621399,0.09812746196985245,-4.990739821408852e-09,1,0,0,0,8252
24702,0.5633822679519653,3512,0.4778869152069092,0.27202674746513367,0.08549542725086212,0.03820238262414932,1,1,0,0,8252
24703,0.6439865231513977,3641,1.2023649215698242,0.30096015334129333,-0.5583785176277161,0.0028068965766578913,1,0,0,0,8252
24711,-0.5160210728645325,1794,0.18661145865917206,0.30754947662353516,-0.702632486820221,0.06134708970785141,1,0,0,0,8252
24714,-0.3262190818786621,2149,-0.46045589447021484,0.27109166979789734,0.13423679769039154,0.0948910340666771,1,0,0,0,8252
24741,-1.2341126203536987,769,-0.9079985022544861,0.2915706932544708,-0.3261141777038574,0.8748403787612915,1,0,0,0,8252
24744,0.49408265948295593,3425,0.1193184033036232,0.2582430839538574,0.3747642934322357,0.0038163866847753525,1,0,0,0,8252
24754,0.6029199957847595,3577,-0.6687857508659363,0.2183033525943756,1.2717057466506958,0.09629036486148834,1,0,0,0,8252
24763,3.0202736854553223,4887,1.5245546102523804,0.2082933485507965,1.4957189559936523,-1.453330164546962e-11,1,0,0,0,8252
24796,0.04108477756381035,2749,-0.36890900135040283,0.25756922364234924,0.4099937975406647,0.01631912589073181,1,0,0,0,8252
24813,0.19052179157733917,2988,0.06165766343474388,0.2710310220718384,0.128864124417305,0.26629436016082764,1,0,0,0,8252
24819,-1.0073237419128418,1042,-0.8789178729057312,0.28234776854515076,-0.12840601801872253,0.0558406300842762,1,0,0,0,8252
24822,0.9028334617614746,3953,-0.36076870560646057,0.21876922249794006,1.2636021375656128,0.0031354178208857775,1,0,0,0,8252
24826,-0.03197380527853966,2638,-0.6391505599021912,0.24692074954509735,0.6071767210960388,0.021621907129883766,1,0,0,0,8252
24831,-0.31670254468917847,2168,-0.6560812592506409,0.2602268159389496,0.33937880396842957,1.53606116771698,1,0,0,0,8252
24832,0.5349003076553345,3473,0.36522671580314636,0.26792144775390625,0.16967366635799408,0.12161564826965332,1,0,0,0,8252
24838,-0.28995004296302795,2212,-0.5571911931037903,0.262146919965744,0.2672411799430847,0.01775534823536873,1,0,0,0,8252
24840,0.3330080509185791,3185,-0.7182051539421082,0.2289140671491623,1.0512131452560425,0.06675887107849121,1,0,0,0,8252
24867,-0.46732088923454285,1876,-0.5233669281005859,0.27306342124938965,0.05604605749249458,1.423409104347229,1,0,0,0,8252
24875,-0.7253524661064148,1438,-0.3114943504333496,0.2947065532207489,-0.41385799646377563,0.02588014490902424,1,0,0,0,8252
24877,-0.3938959538936615,2007,-1.0124640464782715,0.24671399593353271,0.6185681819915771,4.7770209312438965,1,0,0,0,8252
24890,-0.5283895134925842,1775,-0.6946983933448792,0.26889631152153015,0.1663089245557785,0.690453290939331,1,0,0,0,8252
24899,-1.2648829221725464,728,-0.9412376284599304,0.289798766374588,-0.32364532351493835,2.050705671310425,1,0,0,0,8252
24909,-0.5395354628562927,1756,-0.6894422173500061,0.27006086707115173,0.14990675449371338,1.1611149311065674,1,0,0,0,8252
24914,1.5573235750198364,4439,1.4786478281021118,0.27254217863082886,0.07867572456598282,-7.109121291648535e-09,1,0,0,0,8252
24937,0.051765818148851395,2775,-0.6053327322006226,0.2465764284133911,0.6570985317230225,0.26523375511169434,1,0,0,0,8252
24947,-0.7440401315689087,1413,-0.062284596264362335,0.30508652329444885,-0.681755542755127,0.005944265518337488,1,0,0,0,8252
24951,2.3703765869140625,4751,1.1412386894226074,0.21808429062366486,1.2291382551193237,3.535799351084279e-07,1,0,0,0,8252
24952,-1.3772106170654297,626,-0.31657692790031433,0.3245725929737091,-1.060633659362793,0.013079730793833733,1,0,0,0,8252
24953,-0.8938061594963074,1196,-0.16293327510356903,0.30957934260368347,-0.7308729290962219,0.3401048481464386,1,0,0,0,8252
24959,2.8948276042938232,4866,1.9509077072143555,0.2317477911710739,0.9439203143119812,3.2662244393577566e-06,1,0,0,0,8252
24969,0.7706722021102905,3804,1.106747031211853,0.2901289463043213,-0.3360747992992401,1.559701673370384e-11,1,0,0,0,8252
24981,-0.9617207646369934,1103,-0.327615350484848,0.3041283190250397,-0.6341052651405334,0.009845759719610214,1,0,0,0,8252
24998,1.5348056554794312,4431,0.30941176414489746,0.21985800564289093,1.2253936529159546,0.0010164057603105903,1,0,0,0,8252
25012,-0.32005003094673157,2162,-0.7037332057952881,0.25868433713912964,0.3836831748485565,2.6974642276763916,1,0,0,0,8252
25015,-2.193016529083252,161,-0.3668036460876465,0.3588222563266754,-1.8262131214141846,2.207531213760376,1,0,1,1,8252
25026,1.4783381223678589,4400,1.1036100387573242,0.258105605840683,0.3747280538082123,-1.3782010199747674e-08,1,0,0,0,8252
25053,2.986863851547241,4877,1.782090187072754,0.22070200741291046,1.2047733068466187,-4.0127281408786075e-07,1,0,0,0,8252
25056,1.2462666034698486,4229,-0.13544048368930817,0.21245847642421722,1.3817070722579956,0.039295587688684464,1,0,0,0,8252
25057,0.7962298393249512,3833,1.0309051275253296,0.28698012232780457,-0.2346753180027008,-1.6027423832554177e-09,1,0,0,0,8252
25065,-0.25161609053611755,2268,-0.5551145672798157,0.26109322905540466,0.3034984767436981,5.965400695800781,1,0,0,0,8252
25075,0.6173613667488098,3602,-0.31561025977134705,0.2337017059326172,0.9329716563224792,0.36818382143974304,1,0,0,0,8252
25087,0.6647867560386658,3663,-0.6027243733406067,0.21839535236358643,1.267511010169983,0.4699549674987793,1,0,0,0,8252
25127,0.018329938873648643,2709,-0.3789736330509186,0.2574174106121063,0.3973035514354706,0.0022353297099471092,1,0,0,0,8252
25141,2.7562530040740967,4840,1.8310822248458862,0.2331383228302002,0.9251708388328552,0.18089523911476135,1,0,0,0,8252
25157,2.535949468612671,4791,1.390420913696289,0.22241127490997314,1.145528793334961,-1.1673312201310182e-06,1,0,0,0,8252
25170,0.9799171686172485,4018,1.8438116312026978,0.31488165259361267,-0.8638946413993835,-9.335489714601408e-09,1,0,0,0,8252
25171,-2.4612691402435303,94,-0.2829759120941162,0.37474554777145386,-2.1782937049865723,0.09799668192863464,1,0,1,1,8252
25180,0.597834050655365,3568,0.6093991994857788,0.2763715386390686,-0.0115651935338974,-2.0027091522933915e-06,1,0,0,0,8252
25193,-0.5867900252342224,1668,-0.6212673783302307,0.2740572690963745,0.034477390348911285,10.783293724060059,1,0,0,0,8252
25202,-0.3423083424568176,2110,-0.7282493710517883,0.2590331733226776,0.3859410881996155,0.03746696189045906,1,0,0,0,8252
25204,0.5981824994087219,3569,0.05144822224974632,0.25036677718162537,0.5467342734336853,-5.757036625197998e-09,1,0,0,0,8252
25205,-0.0034615665208548307,2672,-0.20866678655147552,0.26657968759536743,0.20520523190498352,3.861138105392456,1,0,0,0,8252
25230,-1.9305943250656128,275,-0.47988706827163696,0.34070199728012085,-1.4507073163986206,0.02789464220404625,1,0,0,0,8252
25233,0.7817184329032898,3820,0.10624150186777115,0.24524889886379242,0.6754769682884216,1.4347548926707532e-07,1,0,0,0,8252
25240,-0.5552062392234802,1728,-0.5693243741989136,0.27575942873954773,0.014118164777755737,0.09297951310873032,1,0,0,0,8252
25248,-1.4957278966903687,512,-0.45980748534202576,0.32348886132240295,-1.0359203815460205,0.0002280496119055897,1,1,0,0,8252
25249,-0.45194026827812195,1907,-0.44200870394706726,0.27662575244903564,-0.009931591339409351,0.08586875349283218,1,0,0,0,8252
25252,-0.7603973150253296,1388,-0.9426881670951843,0.26837989687919617,0.1822909712791443,3.352532386779785,1,0,0,0,8252
25260,1.0968999862670898,4114,0.17443135380744934,0.2341674119234085,0.9224686622619629,0.008398396894335747,1,0,0,0,8252
25262,-0.8588836789131165,1250,-0.7695383429527283,0.27925121784210205,-0.08934514224529266,1.7514400482177734,1,0,0,0,8252
25265,-2.536299467086792,79,-0.7688168287277222,0.3578815162181854,-1.7674823999404907,15.380805969238281,1,0,1,1,8252
25272,-3.037963390350342,29,-0.757632315158844,0.378558874130249,-2.2803308963775635,6.398322582244873,1,0,1,1,8252
25284,3.2194488048553467,4908,1.7955683469772339,0.2111140489578247,1.4238803386688232,-4.9126875012461824e-08,1,0,0,0,8252
25287,0.6001848578453064,3574,-0.34781935811042786,0.23347719013690948,0.948004424571991,0.6787651181221008,1,0,0,0,8252
25311,-2.3219540119171143,120,-0.7042535543441772,0.3497762978076935,-1.617700457572937,0.006806120742112398,1,0,1,1,8252
25333,-1.8020298480987549,329,-0.28067001700401306,0.3448665142059326,-1.5213595628738403,0.6326587200164795,1,0,0,0,8252
25353,-0.6797595024108887,1511,-0.33978480100631714,0.29132547974586487,-0.3399747312068939,0.2199026346206665,1,0,0,0,8252
25356,2.1929333209991455,4704,1.7275761365890503,0.25381067395210266,0.46535736322402954,0.0001240394776687026,1,0,0,0,8252
25372,0.5332390666007996,3472,-0.1902667135000229,0.24301639199256897,0.7235057950019836,0.00012358192179817706,1,0,0,0,8252
25390,0.8383728861808777,3876,0.027406765148043633,0.23891761898994446,0.8109661340713501,-1.3434458878691657e-06,1,0,0,0,8252
25394,2.0289173126220703,4653,0.9484091997146606,0.22617493569850922,1.0805082321166992,0.0581909716129303,1,0,0,0,8252
25408,0.0750899538397789,2804,0.723385751247406,0.3049205541610718,-0.6482957601547241,0.0014836376067250967,1,0,0,0,8252
25418,-1.4458898305892944,556,-0.8698364496231079,0.3018110692501068,-0.5760533213615417,9.2518949508667,1,0,0,0,8252
25425,-0.9465818405151367,1124,-0.3377712666988373,0.3032131493091583,-0.6088104248046875,7.090515613555908,1,0,0,0,8252
25432,-0.9530166983604431,1116,-0.8454334139823914,0.2802003026008606,-0.10758312046527863,0.05935968458652496,1,0,0,0,8252
25445,-0.8707906007766724,1227,-0.5849722027778625,0.28950434923171997,-0.28581833839416504,0.1122182160615921,1,0,0,0,8252
25452,-2.2634873390197754,140,-0.4615677297115326,0.35925355553627014,-1.8019198179244995,3.6885626316070557,1,0,1,1,8252
25465,2.689873456954956,4829,1.4758872985839844,0.2205459177494049,1.2139862775802612,-1.261642523786577e-07,1,0,0,0,8252
25505,-0.5997011065483093,1648,-0.9249382019042969,0.2606204152107239,0.3252370059490204,4.902498722076416,1,0,0,0,8252
25515,0.9171130061149597,3966,-0.19463935494422913,0.22492973506450653,1.1117523908615112,0.05107269436120987,1,0,0,0,8252
25517,-0.7964484691619873,1327,-0.7333076596260071,0.27776336669921875,-0.06314077228307724,1.0943443775177002,1,0,0,0,8252
25522,0.06201716884970665,2785,-0.38548216223716736,0.25591492652893066,0.4474993348121643,0.006100349128246307,1,0,0,0,8252
25550,0.7272894382476807,3751,0.3961639106273651,0.2589314877986908,0.3311255872249603,5.923000812530518,1,0,0,0,8252
25552,1.1671310663223267,4174,0.38453933596611023,0.24061360955238342,0.7825916409492493,0.010846773162484169,1,0,0,0,8252
25555,0.3572423458099365,3230,-0.2572711706161499,0.24838915467262268,0.6145135164260864,0.1747603416442871,1,0,0,0,8252
25583,-0.6840817332267761,1506,-0.6716961860656738,0.27653008699417114,-0.01238560676574707,0.039409391582012177,1,0,0,0,8252
25588,-0.10740891844034195,2514,0.3647402226924896,0.29729700088500977,-0.472149133682251,0.013676237314939499,1,0,0,0,8252
25589,-0.37262389063835144,2046,-0.43668457865715027,0.27226725220680237,0.06406071037054062,0.168410986661911,1,0,0,0,8252
25597,0.6867712140083313,3697,0.5239455103874207,0.2678200602531433,0.1628257930278778,-1.9244262148276903e-06,1,0,0,0,8252
25603,-2.3093574047088623,125,-0.7879330515861511,0.3454607427120209,-1.5214241743087769,4.1580328941345215,1,1,1,1,8252
25606,0.09858161211013794,2841,-0.06369321048259735,0.26917001605033875,0.16227483749389648,0.0006031794473528862,1,0,0,0,8252
25607,1.5859049558639526,4457,0.8116168975830078,0.23990552127361298,0.7742881178855896,-8.02235035735066e-07,1,0,0,0,8252
25610,-0.4574378430843353,1891,-0.2840910851955414,0.2839430272579193,-0.17334678769111633,0.004901273176074028,1,0,0,0,8252
25634,0.3281427025794983,3175,-0.08037769049406052,0.2586916387081146,0.4085204303264618,0.5538045167922974,1,0,0,0,8252
25655,-0.21632753312587738,2330,0.7174226641654968,0.3183443248271942,-0.9337500929832458,0.005228343885391951,1,0,0,0,8252
25656,-0.4798412322998047,1856,-0.5209661722183228,0.27498024702072144,0.04112500697374344,0.22458086907863617,1,0,0,0,8252
25658,1.0727524757385254,4093,-0.3519034683704376,0.21095435321331024,1.4246559143066406,0.013674399815499783,1,0,0,0,8252
25661,-1.0319535732269287,1012,-0.6726653575897217,0.29212793707847595,-0.3592880666255951,0.39654362201690674,1,0,0,0,8252
25662,0.18985335528850555,2987,-0.5784296989440918,0.240313321352005,0.7682831287384033,0.35212868452072144,1,0,0,0,8252
25670,-0.46152982115745544,1886,-0.5133163928985596,0.273538202047348,0.05178653821349144,3.8701717853546143,1,0,0,0,8252
25677,0.28154659271240234,3107,-0.22141657769680023,0.2526918351650238,0.502963125705719,0.010514589957892895,1,0,0,0,8252
25693,-0.07431817799806595,2572,-0.09373040497303009,0.2748813331127167,0.019412212073802948,0.47174105048179626,1,0,0,0,8252
25698,-0.6049498915672302,1639,-0.7195183634757996,0.2713838219642639,0.11456842720508575,0.012918381951749325,1,0,0,0,8252
25699,0.34526553750038147,3208,0.09614455699920654,0.2649288475513458,0.24912099540233612,3.188952541677281e-05,1,0,0,0,8252
25702,-0.8766957521438599,1215,-0.4212013781070709,0.2962208688259125,-0.45549431443214417,0.16186116635799408,1,0,0,0,8252
25707,-1.132206916809082,883,-0.6559341549873352,0.2962048053741455,-0.47627267241477966,0.5648655891418457,1,0,0,0,8252
25720,-0.7308256030082703,1430,-0.26358315348625183,0.2982149124145508,-0.467242568731308,0.43954524397850037,1,0,0,0,8252
25722,-1.4647704362869263,535,-0.9028499722480774,0.30260828137397766,-0.5619204044342041,1.7165133953094482,1,0,0,0,8252
25727,-2.1427650451660156,179,-0.5322986841201782,0.3495556116104126,-1.6104665994644165,0.3447672724723816,1,0,1,1,8252
25730,-0.30997559428215027,2184,-0.577924370765686,0.26414424180984497,0.26794877648353577,0.5667380094528198,1,0,0,0,8252
25732,1.457282304763794,4390,0.3541732728481293,0.2250562459230423,1.1031091213226318,-1.8968263475471758e-06,1,0,0,0,8252
25733,-1.9928823709487915,242,-0.6503158807754517,0.33565622568130493,-1.342566728591919,-0.006187095772475004,1,0,1,1,8252
25735,-2.304231643676758,126,-0.576021134853363,0.355268657207489,-1.728210687637329,10.210844993591309,1,0,1,1,8252
25740,-0.9204665422439575,1157,-0.4100383222103119,0.299445241689682,-0.510428249835968,0.032274845987558365,1,0,0,0,8252
25751,-1.9611485004425049,260,-0.7501564621925354,0.3304281234741211,-1.2109918594360352,1.7002171277999878,1,0,0,0,8252
25774,-0.16106444597244263,2417,-0.05879921838641167,0.281538188457489,-0.10226525366306305,0.035243723541498184,1,0,0,0,8252
25775,0.8772954344749451,3925,-0.502666711807251,0.2119944542646408,1.3799622058868408,0.16827650368213654,1,0,0,0,8252
25777,0.6465473175048828,3642,-0.4137895703315735,0.22790513932704926,1.060336947441101,0.12204119563102722,1,0,0,0,8252
25805,-0.2028236836194992,2352,-0.2698511779308319,0.2729393243789673,0.06702744215726852,-6.755796988500151e-08,1,0,0,0,8252
25821,-0.342425674200058,2109,-0.13028950989246368,0.28468212485313416,-0.2121361792087555,0.23962411284446716,1,0,0,0,8252
25824,-1.0935231447219849,930,-1.1411395072937012,0.27358973026275635,0.047616343945264816,0.6426758766174316,1,0,0,0,8252
25826,1.077583909034729,4099,-0.2952946722507477,0.21324585378170013,1.3728785514831543,0.5945937633514404,1,0,0,0,8252
25840,-0.5135554671287537,1802,0.23319445550441742,0.3084285855293274,-0.7467498779296875,0.1902638077735901,1,0,0,0,8252
25845,-0.8864261507987976,1204,0.33762770891189575,0.33167746663093567,-1.2240540981292725,2.1502121398953022e-06,1,0,0,0,8252
25849,1.0733150243759155,4095,0.25465163588523865,0.23847012221813202,0.8186632990837097,0.5998045802116394,1,0,0,0,8252
25854,1.4841643571853638,4404,0.3168673813343048,0.22309254109859467,1.1672972440719604,0.02028437703847885,1,0,0,0,8252
25858,0.19346950948238373,2992,-0.07652969658374786,0.26359543204307556,0.269999235868454,0.00222939089871943,1,0,0,0,8252
25864,-0.33144959807395935,2139,-0.3157823979854584,0.27523884177207947,-0.015667203813791275,0.1708422303199768,1,0,0,0,8252
25870,-0.13831739127635956,2455,-0.5059781670570374,0.25907406210899353,0.367660790681839,0.21868035197257996,1,0,0,0,8252
25875,0.8326430320739746,3867,-0.1533600240945816,0.23137937486171722,0.9860029220581055,0.0009451218065805733,1,0,0,0,8252
25886,-1.4041169881820679,594,-0.890795886516571,0.29931315779685974,-0.5133212208747864,0.18729916214942932,1,0,0,0,8252
25894,-0.6143239140510559,1618,-0.26645299792289734,0.29140210151672363,-0.3478710353374481,0.0003263706457801163,1,0,0,0,8252
25903,3.1112470626831055,4896,2.2203662395477295,0.2353866547346115,0.8908812403678894,-1.1885631368002691e-12,1,0,0,0,8252
25918,0.30460941791534424,3138,-0.34922441840171814,0.2465309351682663,0.65383380651474,-0.00048613999388180673,1,0,0,0,8252
25919,-0.7857038378715515,1344,-0.20836131274700165,0.30314120650291443,-0.577342689037323,0.027015089988708496,1,0,0,0,8252
25925,0.08110182732343674,2813,0.6802978515625,0.30252334475517273,-0.5991960763931274,0.0006883642636239529,1,0,0,0,8252
25980,-2.1966912746429443,156,-0.09844856709241867,0.3712823688983917,-2.0982425212860107,2.5570420802978333e-07,1,0,1,1,8252
25981,-0.7635371088981628,1384,-0.5906304717063904,0.284536749124527,-0.17290665209293365,0.5357860326766968,1,0,0,0,8252
26010,-0.10234743356704712,2523,-0.0030205026268959045,0.2805205285549164,-0.09932692348957062,0.00039998069405555725,1,0,0,0,8252
26014,-0.21927228569984436,2326,-0.24026452004909515,0.27487143874168396,0.020992262288928032,0.0248948335647583,1,0,0,0,8252
26024,-0.2921047508716583,2206,-0.7616081237792969,0.255657434463501,0.46950337290763855,0.014866214245557785,1,0,0,0,8252
26028,0.12174129486083984,2873,-0.26160940527915955,0.2577786147594452,0.3833507001399994,0.312164843082428,1,0,0,0,8252
26030,2.832693576812744,4852,2.2837584018707275,0.24974611401557922,0.5489347577095032,-8.821831265493074e-09,1,0,0,0,8252
26033,-0.1141001358628273,2506,-0.29155540466308594,0.2677464187145233,0.17745527625083923,1.122157335281372,1,0,0,0,8252
26052,0.9380654692649841,3981,-0.460847944021225,0.21134765446186066,1.3989136219024658,4.275715764379129e-05,1,0,0,0,8252
26071,1.6423225402832031,4490,-0.4783795475959778,0.17960534989833832,2.120702028274536,-0.0008800106588751078,1,0,0,0,8252
26072,-1.8430767059326172,309,-0.48536068201065063,0.33823293447494507,-1.3577157258987427,0.024971242994070053,1,0,0,0,8252
26073,0.5275558233261108,3463,-0.15972891449928284,0.24466204643249512,0.6872847676277161,0.03188076615333557,1,0,0,0,8252
26079,-2.0610945224761963,213,-0.7896766066551208,0.33480021357536316,-1.2714179754257202,6.243736267089844,1,0,1,1,8252
26095,2.2841293811798096,4726,1.4353210926055908,0.23652736842632294,0.8488084673881531,-8.990499509309302e-07,1,0,0,0,8252
26102,1.0702672004699707,4086,0.6410593390464783,0.2549324333667755,0.42920804023742676,8.111942588584498e-05,1,1,0,0,8252
26125,-0.6075229048728943,1630,-0.4303368628025055,0.28335151076316833,-0.17718610167503357,7.426168918609619,1,0,0,0,8252
26134,-0.7173391580581665,1452,-0.1483190804719925,0.30189046263694763,-0.5690199732780457,1.088694453239441,1,0,0,0,8252
26138,-0.21296127140522003,2333,-0.3067002296447754,0.2718556523323059,0.09373896569013596,-6.586851668544114e-06,1,0,0,0,8252
26143,1.0997567176818848,4115,0.6873213648796082,0.2583307921886444,0.4124353528022766,0.00013959674106445163,1,0,0,0,8252
26153,3.6728997230529785,4950,2.468946695327759,0.22009435296058655,1.2039531469345093,-3.930564207443865e-11,1,0,0,0,8252
26167,0.6766459345817566,3681,-0.18124614655971527,0.2361692190170288,0.8578921556472778,0.03472482040524483,1,0,0,0,8252
26171,0.3558635115623474,3225,-0.5114789009094238,0.23539724946022034,0.867342472076416,1.1135993003845215,1,0,0,0,8252
26173,3.478041172027588,4933,2.8830854892730713,0.24865160882472992,0.5949550271034241,-2.11942127666424e-14,1,0,0,0,8252
26174,1.6081346273422241,4476,0.5540392994880676,0.22717943787574768,1.0540955066680908,4.8296751629095525e-05,1,0,0,0,8252
26179,-0.3274328410625458,2148,0.27932605147361755,0.3028126358985901,-0.6067589521408081,0.0011650456581264734,1,0,0,0,8252
26185,-2.126325845718384,189,-0.42525383830070496,0.35154518485069275,-1.701072096824646,0.0024487075861543417,1,0,1,1,8252
26194,0.9700368046760559,4005,0.4533642828464508,0.2521902322769165,0.5166724324226379,0.2542387545108795,1,0,0,0,8252
26221,-1.5815423727035522,450,-0.030164634808897972,0.3456730544567108,-1.5513776540756226,1.2580172551679425e-05,1,0,0,0,8252
26236,0.40679389238357544,3307,-0.3078872859477997,0.24348001182079315,0.7146812677383423,0.001836583949625492,1,0,0,0,8252
26237,0.7152488231658936,3735,0.07308690249919891,0.24556224048137665,0.6421619057655334,0.024117127060890198,1,0,0,0,8252
26251,0.7291682362556458,3757,0.026134485378861427,0.24336497485637665,0.7030336260795593,1.6277141571044922,1,0,0,0,8252
26255,1.456455111503601,4386,1.5934553146362305,0.2817528247833252,-0.13700006902217865,3.451625790740209e-11,1,0,0,0,8252
26277,-1.5580803155899048,464,-0.1481541395187378,0.33878791332244873,-1.4099260568618774,0.00026042910758405924,1,1,0,0,8252
26278,1.2244200706481934,4211,0.06138230487704277,0.22370830178260803,1.163037657737732,0.06943369656801224,1,0,0,0,8252
26280,-1.0651718378067017,961,-0.17548441886901855,0.3159447908401489,-0.8896874785423279,0.6320176720619202,1,0,0,0,8252
26281,-1.7285254001617432,364,-0.3478163182735443,0.3392602503299713,-1.380709171295166,0.0022021490149199963,1,0,0,0,8252
26303,1.235987901687622,4222,0.4784918427467346,0.2402655929327011,0.7574959397315979,1.9522617549228016e-06,1,0,0,0,8252
26313,-1.5301125049591064,483,-0.39561501145362854,0.3263916075229645,-1.1344972848892212,5.1871185302734375,1,0,0,0,8252
26325,-0.1461823731660843,2440,-0.05613992363214493,0.2790558934211731,-0.09004240483045578,0.2671654224395752,1,0,0,0,8252
26330,1.6481401920318604,4496,1.565863013267517,0.27252617478370667,0.0822773352265358,-4.269372055887288e-08,1,0,0,0,8252
26349,0.3890094459056854,3283,0.0041103544645011425,0.2576911747455597,0.3848990499973297,5.410307757358623e-09,1,0,0,0,8252
26354,0.16304023563861847,2933,-0.10415315628051758,0.26378971338272095,0.26719337701797485,0.06465107202529907,1,0,0,0,8252
26363,2.739076614379883,4837,1.0877257585525513,0.2008390724658966,1.6513508558273315,-7.073396979251356e-09,1,0,0,0,8252
26365,-3.2275567054748535,16,-0.7754274010658264,0.3871074616909027,-2.4521291255950928,1.9217798709869385,1,0,1,1,8252
26370,0.4626449644565582,3382,0.22491393983364105,0.26497510075569153,0.23773102462291718,0.008090026676654816,1,0,0,0,8252
26377,1.0184797048568726,4045,1.3323084115982056,0.29013606905937195,-0.3138286769390106,1.0163589649891946e-06,1,0,0,0,8252
26382,-2.040863037109375,221,-0.7589025497436523,0.3337842524051666,-1.2819606065750122,0.3733944296836853,1,0,1,1,8252
26388,-0.7812873721122742,1350,-0.47623515129089355,0.2891562283039093,-0.305052250623703,4.113316059112549,1,0,0,0,8252
26410,1.2032049894332886,4196,1.0145812034606934,0.2676820158958435,0.18862347304821014,-2.67867452663495e-08,1,0,0,0,8252
26418,-0.336623877286911,2125,-0.08323231339454651,0.286651611328125,-0.2533915042877197,0.033914610743522644,1,0,0,0,8252
26443,-0.7133338451385498,1459,-0.612726628780365,0.2808515727519989,-0.10060729831457138,0.013937698677182198,1,0,0,0,8252
26473,0.6738080978393555,3678,0.3160749077796936,0.2596769332885742,0.35773324966430664,0.0002503228606656194,1,0,0,0,8252
26479,-1.65176522731781,409,-0.8018289804458618,0.31258130073547363,-0.8499366044998169,4.62553071975708,1,0,0,0,8252
26486,-0.31364595890045166,2174,-0.9575182199478149,0.2471204549074173,0.6438722014427185,5.1409149169921875,1,0,0,0,8252
26501,-0.7150828838348389,1458,-0.6112415194511414,0.2797045409679413,-0.10384135693311691,0.11012480407953262,1,0,0,0,8252
26503,-1.5819822549819946,449,-0.3420930802822113,0.33178284764289856,-1.239889144897461,0.2706959545612335,1,0,0,0,8252
26504,-0.9438557624816895,1128,-0.8235689401626587,0.2814207077026367,-0.12028685957193375,6.027622222900391,1,0,0,0,8252
26520,-1.0242979526519775,1023,-0.8728982210159302,0.2826164662837982,-0.15139973163604736,0.08940374851226807,1,0,0,0,8252
26529,0.5795368552207947,3537,0.05305128172039986,0.2524130046367645,0.5264856219291687,5.6626167861395516e-06,1,0,0,0,8252
26543,-2.1583011150360107,174,-0.1761913299560547,0.3649146258831024,-1.9821096658706665,0.19694536924362183,1,0,1,1,8252
26545,-1.0848428010940552,942,-0.5534823536872864,0.3003234565258026,-0.5313605070114136,4.216723918914795,1,0,0,0,8252
26548,0.8419689536094666,3881,-0.15164552628993988,0.2310800403356552,0.9936144948005676,0.0011749330442398787,1,0,0,0,8252
26560,-2.3827998638153076,111,-0.7386552691459656,0.35108262300491333,-1.6441444158554077,0.06973975896835327,1,0,1,1,8252
26581,0.06204723194241524,2786,0.3059940040111542,0.28577670454978943,-0.24394674599170685,-1.6423868487436266e-07,1,0,0,0,8252
26587,1.879844069480896,4601,0.47043314576148987,0.21233618259429932,1.409411072731018,-5.995843110895294e-08,1,0,0,0,8252
26589,-0.4942795932292938,1833,-0.563710629940033,0.272704154253006,0.06943105906248093,3.2237634658813477,1,0,0,0,8252
26591,1.1012390851974487,4119,0.2524579167366028,0.23617373406887054,0.8487811088562012,3.260398884208371e-08,1,0,0,0,8252
26640,0.8537113070487976,3896,-0.5327772498130798,0.21390537917613983,1.3864885568618774,0.22634407877922058,1,0,0,0,8252
26676,-1.7824047803878784,338,-0.9508994221687317,0.31478381156921387,-0.8315054178237915,23.98933982849121,1,0,0,0,8252
26679,0.40642163157463074,3306,-0.03385145589709282,0.25483211874961853,0.4402730464935303,0.7878912687301636,1,0,0,0,8252
26680,-1.5425996780395508,474,-0.9515018463134766,0.3032761216163635,-0.5910980105400085,3.101437568664551,1,0,0,0,8252
26682,1.6654947996139526,4505,0.25973156094551086,0.2110143005847931,1.4057632684707642,7.168027514126152e-05,1,0,0,0,8252
26686,0.5888375639915466,3548,1.1231141090393066,0.2998232841491699,-0.5342766642570496,-4.932747987851371e-09,1,0,0,0,8252
26700,-1.662439227104187,399,-0.23217244446277618,0.34076619148254395,-1.4302667379379272,0.007281526457518339,1,0,0,0,8252
26705,0.8051454424858093,3842,0.06857721507549286,0.24196754395961761,0.7365682125091553,0.001399845932610333,1,0,0,0,8252
26728,0.1996202915906906,3003,-0.3026582896709442,0.2525293529033661,0.5022786259651184,0.5281781554222107,1,0,0,0,8252
26731,1.3075867891311646,4281,-0.13405610620975494,0.21008311212062836,1.4416429996490479,0.06762996315956116,1,0,0,0,8252
26735,0.04211237281560898,2755,-0.12037324160337448,0.26785042881965637,0.16248559951782227,-4.4677042751573026e-05,1,0,0,0,8252
26738,0.7106918692588806,3729,0.39177021384239197,0.2611818015575409,0.31892168521881104,0.11389290541410446,1,0,0,0,8252
26739,0.12451773136854172,2874,0.9273489117622375,0.3132067620754242,-0.8028309941291809,2.5972127559725777e-07,1,0,0,0,8252
26747,-0.3014388680458069,2191,0.005921384785324335,0.28892332315444946,-0.3073602020740509,0.0029182767029851675,1,0,0,0,8252
26751,2.099118232727051,4677,0.972442626953125,0.2235402911901474,1.1266756057739258,-1.0226563972537406e-05,1,0,0,0,8252
26753,-0.7483025789260864,1402,-0.6282998323440552,0.28126025199890137,-0.12000278383493423,0.055324286222457886,1,0,0,0,8252
26755,-1.1234874725341797,897,-0.7945120930671692,0.29092127084732056,-0.32897552847862244,0.6144416928291321,1,0,0,0,8252
26775,0.041195329278707504,2750,-0.4341774582862854,0.2540908455848694,0.4753727912902832,3.4939472675323486,1,0,0,0,8252
26785,-1.238733172416687,762,-0.21269340813159943,0.32282504439353943,-1.0260398387908936,0.001446682377718389,1,1,0,0,8252
26791,2.0203745365142822,4644,0.8807241320610046,0.22412820160388947,1.1396504640579224,2.4613861171474127e-08,1,0,0,0,8252
26799,-0.1990550011396408,2354,0.42104098200798035,0.3037543296813965,-0.6200959086418152,8.699032605363755e-07,1,0,0,0,8252
26804,-0.3361756503582001,2127,0.3823213577270508,0.30756837129592896,-0.7184970378875732,0.0003657856141217053,1,0,0,0,8252
26808,0.19463999569416046,2995,-0.7597131729125977,0.2325899600982666,0.9543532729148865,-0.05378901958465576,1,0,0,0,8252
26827,-1.1020466089248657,924,-0.8491644859313965,0.28722184896469116,-0.252882182598114,14.235335350036621,1,0,0,0,8252
26836,-0.5681973099708557,1706,-0.28706735372543335,0.2891242504119873,-0.28113001585006714,0.278788298368454,1,0,0,0,8252
26845,0.6669492125511169,3670,0.6358307600021362,0.2734029293060303,0.03111843578517437,-6.259346264414489e-06,1,0,0,0,8252
26857,-1.1168807744979858,907,-1.0082128047943115,0.28180620074272156,-0.1086680069565773,1.9379581212997437,1,0,0,0,8252
26867,0.5749576091766357,3527,0.08482632786035538,0.25393688678741455,0.49013128876686096,1.884195910406561e-07,1,0,0,0,8252
26871,-1.8798598051071167,293,-0.8031535148620605,0.324717253446579,-1.0767062902450562,14.237716674804688,1,0,0,0,8252
26874,-0.3132967948913574,2175,-0.46947383880615234,0.26792436838150024,0.1561770886182785,1.5733401775360107,1,0,0,0,8252
26884,-0.5531817674636841,1733,-0.3815777599811554,0.2833763360977173,-0.17160406708717346,0.034032389521598816,1,0,0,0,8252
26889,-1.0395798683166504,1000,-0.4748111367225647,0.30157023668289185,-0.5647687315940857,0.11041805148124695,1,0,0,0,8252
26896,-0.17653371393680573,2388,-0.5587524771690369,0.2586231529712677,0.38221877813339233,1.6905467510223389,1,0,0,0,8252
26909,0.8525172472000122,3894,-0.8431604504585266,0.19881008565425873,1.6956777572631836,2.5877699851989746,1,0,0,0,8252
26914,0.04912897199392319,2769,0.15595832467079163,0.28055593371391296,-0.10682936012744904,0.004540270194411278,1,0,0,0,8252
26917,-2.1174511909484863,190,-0.5209781527519226,0.3489656448364258,-1.5964728593826294,-3.1672630029788706e-06,1,0,1,1,8252
26920,1.6957552433013916,4518,0.25002244114875793,0.210378959774971,1.445732831954956,0.022237036377191544,1,0,0,0,8252
26933,-1.611159324645996,428,-0.881962239742279,0.3102916181087494,-0.729197084903717,0.3447437286376953,1,0,0,0,8252
26949,-0.3136645257472992,2173,-0.22636215388774872,0.2791304886341095,-0.08730237931013107,0.21255473792552948,1,0,0,0,8252
26954,3.009357213973999,4882,1.049131989479065,0.18663416802883148,1.9602251052856445,0.007634223438799381,1,0,0,0,8252
26958,-1.001427412033081,1047,0.029089951887726784,0.32244521379470825,-1.0305174589157104,0.0005031873006373644,1,0,0,0,8252
26962,1.1303868293762207,4143,0.8675215840339661,0.26223665475845337,0.262865275144577,0.0002827039861585945,1,0,0,0,8252
26969,-0.6400336623191833,1565,-1.0045112371444702,0.25900042057037354,0.36447766423225403,6.131429672241211,1,0,0,0,8252
26971,1.1510714292526245,4159,0.15908555686473846,0.23068714141845703,0.9919859170913696,0.30353236198425293,1,0,0,0,8252
26987,1.5147662162780762,4421,-0.36061805486679077,0.1914413422346115,1.8753842115402222,0.29739266633987427,1,0,0,0,8252
26996,-1.2420446872711182,758,-0.1638653725385666,0.32274994254112244,-1.0781793594360352,-7.11687505372538e-07,1,0,0,0,8252
26998,-1.9787524938583374,251,-0.6797975897789001,0.3360428512096405,-1.2989548444747925,4.05147647857666,1,0,0,0,8252
27016,-1.5033577680587769,505,-0.27551308274269104,0.33113381266593933,-1.227844476699829,0.47300997376441956,1,0,0,0,8252
27032,0.27478137612342834,3100,-0.3380946218967438,0.24899859726428986,0.6128759384155273,0.005110197234898806,1,0,0,0,8252
27053,-0.8975812196731567,1190,-0.6559495329856873,0.28643426299095154,-0.24163173139095306,0.2271736115217209,1,0,0,0,8252
27065,-2.1771183013916016,165,-0.6412531733512878,0.3469298779964447,-1.5358649492263794,1.8598074913024902,1,0,1,1,8252
27066,0.16296811401844025,2932,0.555791437625885,0.29316017031669617,-0.39282333850860596,0.002940587466582656,1,0,0,0,8252
27092,2.040797233581543,4660,0.23381368815898895,0.19372902810573578,1.8069833517074585,0.001004761434160173,1,0,0,0,8252
27093,-0.4362379014492035,1939,-0.541598379611969,0.27086663246154785,0.1053605005145073,0.005989566445350647,1,0,0,0,8252
27094,-1.2861921787261963,711,-0.37018394470214844,0.3169783055782318,-0.9160082936286926,0.05680401623249054,1,0,0,0,8252
27107,-2.006087064743042,236,-1.2587710618972778,0.30955034494400024,-0.7473155856132507,5.600976943969727,1,0,1,0,8252
27109,-0.16664300858974457,2406,-0.5402968525886536,0.25800755620002747,0.3736538589000702,2.5734219551086426,1,0,0,0,8252
27125,1.2294821739196777,4214,-0.540428102016449,0.1953890174627304,1.769910216331482,0.005930138286203146,1,0,0,0,8252
27140,-1.026262640953064,1019,-0.6624523997306824,0.2923879027366638,-0.363810271024704,4.48593807220459,1,0,0,0,8252
27141,0.6952925324440002,3707,0.37443241477012634,0.2609414756298065,0.3208601474761963,0.001234864117577672,1,0,0,0,8252
27150,-0.059223342686891556,2600,-0.4230520725250244,0.2589009702205658,0.36382874846458435,0.009042236022651196,1,0,0,0,8252
27158,0.51633620262146,3454,-0.24076662957668304,0.24156709015369415,0.7571027278900146,0.45122140645980835,1,0,0,0,8252
27159,-1.5791276693344116,453,-0.597275972366333,0.3201160430908203,-0.9818515777587891,0.8028756976127625,1,0,0,0,8252
27188,-0.8164157271385193,1307,-0.678156316280365,0.28195664286613464,-0.1382594108581543,6.7141547203063965,1,0,0,0,8252
27207,0.7168110609054565,3739,0.4753294587135315,0.26429328322410583,0.24148158729076385,2.125182163581485e-06,1,0,0,0,8252
27219,-0.23627233505249023,2295,-0.7203022241592407,0.25411364436149597,0.4840298593044281,0.035003527998924255,1,0,0,0,8252
27223,1.0842071771621704,4108,0.39138075709342957,0.2438407987356186,0.6928264498710632,0.00427642185240984,1,0,0,0,8252
27224,-1.082484483718872,945,-0.4495699405670166,0.30494949221611023,-0.632914662361145,0.0015785780269652605,1,0,0,0,8252
27225,2.147512674331665,4692,1.4922291040420532,0.24459777772426605,0.6552838683128357,0.0002756532630883157,1,0,0,0,8252
27257,0.35836806893348694,3235,-0.560783326625824,0.23351196944713593,0.9191513061523438,1.1257085800170898,1,0,0,0,8252
27265,-0.3218541443347931,2160,-0.7006673812866211,0.2592667043209076,0.37881332635879517,7.367342948913574,1,0,0,0,8252
27269,-1.042383074760437,996,-0.22090211510658264,0.31235119700431824,-0.821480929851532,0.061648957431316376,1,0,0,0,8252
27279,1.7849518060684204,4560,1.214321494102478,0.2496492713689804,0.5706303715705872,-4.106623237021267e-06,1,0,0,0,8252
27283,-0.8606650233268738,1244,-0.6355178952217102,0.28629860281944275,-0.22514723241329193,0.011260543949902058,1,0,0,0,8252
27289,2.540862560272217,4794,0.17644022405147552,0.16734261810779572,2.36442232131958,3.226245826226659e-05,1,0,0,0,8252
27290,-0.27219274640083313,2246,-0.42533907294273376,0.26947835087776184,0.15314635634422302,0.0005573781672865152,1,0,0,0,8252
27292,-0.2196165770292282,2325,-0.5624335408210754,0.25930091738700867,0.34281691908836365,0.3546607494354248,1,0,0,0,8252
27300,-0.35580974817276,2079,-0.21304750442504883,0.2832489013671875,-0.14276224374771118,-5.098243855172768e-05,1,0,0,0,8252
27305,0.9867362380027771,4022,0.8505868315696716,0.2683812975883484,0.13614945113658905,0.21242350339889526,1,0,0,0,8252
27316,-1.7206226587295532,368,-0.22190935909748077,0.34343600273132324,-1.4987133741378784,0.008472336456179619,1,0,0,0,8252
27345,1.6554062366485596,4502,1.827006220817566,0.2835749089717865,-0.17159979045391083,0.012175796553492546,1,0,0,0,8252
27347,1.84359610080719,4584,1.089470386505127,0.241847425699234,0.7541257739067078,-1.558163376103039e-08,1,0,0,0,8252
27348,-0.8619470596313477,1239,0.1825861930847168,0.32209131121635437,-1.0445332527160645,0.005383054260164499,1,0,0,0,8252
27349,0.440186470746994,3363,-0.37648239731788635,0.2379390448331833,0.8166689276695251,0.00042302769725210965,1,0,0,0,8252
27355,1.1137250661849976,4130,0.504220187664032,0.2471742182970047,0.6095049381256104,-3.9738988562021405e-06,1,0,0,0,8252
27359,0.1979222148656845,2998,0.006051774602383375,0.26659342646598816,0.19187048077583313,0.01162245124578476,1,0,0,0,8252
27377,1.186566710472107,4186,0.18199478089809418,0.2297123670578003,1.0045721530914307,0.00012577322195284069,1,0,0,0,8252
27383,-0.22115495800971985,2321,-0.8048725128173828,0.25029176473617554,0.5837175846099854,6.642507076263428,1,0,0,0,8252
27387,0.7625334858894348,3793,-0.11003106832504272,0.2362786829471588,0.872564435005188,3.405834197998047,1,0,0,0,8252
27392,-1.5413672924041748,478,-0.4564066529273987,0.32407253980636597,-1.0849605798721313,1.1180490255355835,1,0,0,0,8252
27397,-0.6516329646110535,1546,-0.016902662813663483,0.30504274368286133,-0.6347302794456482,2.3427212238311768,1,0,0,0,8252
27401,-2.4776360988616943,92,-0.3311203420162201,0.37390583753585815,-2.1465156078338623,0.12470676004886627,1,1,1,1,8252
27408,-0.3371601700782776,2123,0.015046387910842896,0.291888564825058,-0.35220658779144287,0.5715838670730591,1,0,0,0,8252
27422,-1.9511280059814453,265,-0.6919562220573425,0.33320698142051697,-1.259171962738037,1.4477940797805786,1,0,0,0,8252
27443,-0.07320480793714523,2575,-0.5081225037574768,0.2553028166294098,0.4349176585674286,0.050552550703287125,1,0,0,0,8252
27445,-0.1454552263021469,2443,-0.5253881812095642,0.2581866383552551,0.37993285059928894,0.8032607436180115,1,0,0,0,8252
27456,3.449524402618408,4931,2.470914125442505,0.23170165717601776,0.9786104559898376,-3.1339681072495296e-07,1,0,0,0,8252
27459,-0.30016300082206726,2193,-0.026766885071992874,0.28912481665611267,-0.2733961045742035,0.0005761760985478759,1,0,0,0,8252
27462,1.5270811319351196,4428,1.6814985275268555,0.28244805335998535,-0.15441732108592987,-1.008802552604493e-08,1,1,0,0,8252
27463,0.3964371979236603,3294,-0.4278213679790497,0.2381097376346588,0.8242585062980652,0.00271190470084548,1,0,0,0,8252
27472,1.0106903314590454,4040,1.373989462852478,0.29211094975471497,-0.36329928040504456,0.0053437924943864346,1,0,0,0,8252
27495,-0.405301570892334,1989,0.04887150973081589,0.2965497076511383,-0.45417308807373047,1.8196313381195068,1,0,0,0,8252
27514,-0.6618289351463318,1538,-0.27678653597831726,0.29319602251052856,-0.385042279958725,0.36590954661369324,1,0,0,0,8252
27520,0.004016959574073553,2686,-0.4964843690395355,0.25239431858062744,0.5005013346672058,0.2808743417263031,1,0,0,0,8252
27528,0.27184802293777466,3098,-0.5258865356445312,0.24056652188301086,0.7977344989776611,0.04243624955415726,1,0,0,0,8252
27530,0.8184205889701843,3857,-0.20173369348049164,0.22893337905406952,1.020154356956482,0.018573390319943428,1,0,0,0,8252
27590,2.3155877590179443,4735,-0.07835043966770172,0.16644109785556793,2.3939385414123535,0.025759123265743256,1,0,0,0,8252
27598,2.0318171977996826,4655,1.2924175262451172,0.24209602177143097,0.7393995523452759,-8.841531666803348e-07,1,0,0,0,8252
27633,-1.5425939559936523,475,-0.6461355686187744,0.3160683512687683,-0.8964584469795227,0.029100172221660614,1,1,0,0,8252
27653,0.8768624663352966,3924,0.6649214029312134,0.26662373542785645,0.21194107830524445,-6.938798841060745e-11,1,0,0,0,8252
27664,0.5766230821609497,3529,0.652319610118866,0.2789466977119446,-0.07569650560617447,-6.999162849297136e-08,1,0,0,0,8252
27666,-1.243048906326294,757,-0.5010207891464233,0.309863418340683,-0.7420279383659363,0.007480866275727749,1,0,0,0,8252
27671,0.07005195319652557,2799,0.21082711219787598,0.2817411422729492,-0.1407751739025116,0.001522851176559925,1,0,0,0,8252
27677,0.5646398663520813,3514,-0.4061488211154938,0.23222218453884125,0.9707886576652527,0.004683246836066246,1,0,0,0,8252
27679,-0.2877640426158905,2220,-0.3979378640651703,0.27092188596725464,0.11017387360334396,2.748610496520996,1,1,0,0,8252
27689,-1.0645602941513062,962,0.0874108299612999,0.3287939727306366,-1.1519711017608643,0.030664827674627304,1,0,0,0,8252
27690,1.8246999979019165,4576,0.3902975916862488,0.2087029069662094,1.4344024658203125,3.199987497204404e-10,1,0,0,0,8252
27691,0.41290560364723206,3321,-0.030355190858244896,0.25504395365715027,0.44326087832450867,8.918606181396171e-05,1,0,0,0,8252
27701,-1.6871092319488525,385,-0.5635552406311035,0.3261600434780121,-1.1235541105270386,0.010230950079858303,1,0,0,0,8252
27711,1.0330679416656494,4057,0.45563098788261414,0.24830105900764465,0.5774368643760681,1.4101797205512412e-06,1,0,0,0,8252
27713,-0.5423963665962219,1749,0.014598031528294086,0.30081722140312195,-0.5569943785667419,0.8275788426399231,1,0,0,0,8252
27720,-0.9527875781059265,1117,-0.4760701358318329,0.2974870800971985,-0.47671744227409363,0.03911054879426956,1,0,0,0,8252
27732,3.698373556137085,4951,2.124201536178589,0.2040577232837677,1.574172019958496,-2.7358768028840075e-11,1,0,0,0,8252
27770,-0.43432196974754333,1943,-0.07764784246683121,0.29289883375167847,-0.3566741347312927,0.23794348537921906,1,0,0,0,8252
27771,2.16623592376709,4697,2.456479787826538,0.2879289984703064,-0.29024359583854675,-9.445773940797153e-09,1,0,0,0,8252
27776,1.3470988273620605,4317,1.8547128438949585,0.29820016026496887,-0.5076141953468323,1.1283193129818514e-11,1,0,0,0,8252
27797,0.6981279253959656,3709,-0.13248230516910553,0.23848970234394073,0.8306102752685547,0.13588769733905792,1,0,0,0,8252
27804,0.8503624796867371,3892,-0.33573126792907715,0.22097532451152802,1.1860936880111694,0.06889709830284119,1,0,0,0,8252
27805,1.1377778053283691,4147,1.8228962421417236,0.3062312602996826,-0.6851183772087097,-7.262440215177746e-12,1,0,0,0,8252
27806,-0.08774634450674057,2547,0.14919303357601166,0.2874714136123657,-0.23693938553333282,7.2822558649932034e-06,1,0,0,0,8252
27819,-1.293845534324646,702,-0.6029641032218933,0.30843907594680786,-0.6908814907073975,0.17077767848968506,1,0,0,0,8252
27828,-0.551331102848053,1737,-0.5022731423377991,0.2782670259475708,-0.04905787110328674,0.7299332618713379,1,0,0,0,8252
27833,1.40383780002594,4355,0.2523678243160248,0.2224738895893097,1.1514699459075928,0.007299325428903103,1,0,0,0,8252
27835,1.136064887046814,4146,-0.18889370560646057,0.21577636897563934,1.3249585628509521,0.6082828640937805,1,0,0,0,8252
27838,0.3685423731803894,3254,0.17367655038833618,0.26567280292510986,0.19486583769321442,0.0632210448384285,1,0,0,0,8252
27844,-2.407879590988159,108,-0.7289910316467285,0.3512168228626251,-1.6788883209228516,20.504539489746094,1,0,1,1,8252
27859,-0.9888654947280884,1065,0.16958414018154144,0.32672950625419617,-1.158449649810791,0.10858231037855148,1,0,0,0,8252
27869,-1.294351577758789,701,-0.704009473323822,0.30226948857307434,-0.5903419852256775,2.465514659881592,1,0,0,0,8252
27879,-0.2885732352733612,2218,0.06995758414268494,0.2917030453681946,-0.35853078961372375,0.004543909803032875,1,0,0,0,8252
27885,4.536660194396973,4985,3.013188362121582,0.20580676198005676,1.5234713554382324,-4.326076563643255e-08,1,0,0,0,8252
27890,-1.4004719257354736,599,-0.8655979037284851,0.30138418078422546,-0.5348737835884094,0.3084641098976135,1,0,0,0,8252
27892,-0.577588677406311,1690,-0.7251906991004944,0.26979348063468933,0.14760196208953857,0.012179344892501831,1,1,0,0,8252
27893,-0.09574268758296967,2535,-0.25414565205574036,0.2674754559993744,0.1584029644727707,0.013037260621786118,1,0,0,0,8252
27903,0.4568272531032562,3375,0.274291455745697,0.2671225965023041,0.1825358271598816,-3.891389876997664e-09,1,0,0,0,8252
27912,1.358199119567871,4323,-0.11601085960865021,0.20894436538219452,1.4742097854614258,1.6006133556365967,1,0,0,0,8252
27918,0.6632534265518188,3661,0.2990095317363739,0.25869470834732056,0.3642439544200897,0.00018579668540041894,1,0,0,0,8252
27922,-0.04715728387236595,2619,-0.1618001013994217,0.27185478806495667,0.11464285850524902,0.012416969984769821,1,0,0,0,8252
27925,-0.8461828231811523,1264,0.014821509830653667,0.31501883268356323,-0.8610042929649353,0.10687115788459778,1,0,0,0,8252
27941,-1.3934179544448853,611,-0.423382967710495,0.3213655948638916,-0.9700350165367126,0.007816656492650509,1,0,0,0,8252
27943,1.1915525197982788,4189,0.5958477854728699,0.2486204355955124,0.5957047343254089,0.36170968413352966,1,0,0,0,8252
27945,1.1054922342300415,4128,0.6196766495704651,0.2533457279205322,0.4858156144618988,6.303234385995893e-06,1,0,0,0,8252
27947,0.4970046579837799,3431,0.3679327964782715,0.2689938247203827,0.12907186150550842,0.005538993515074253,1,0,0,0,8252
27950,-3.468127489089966,6,-0.82414311170578,0.3954826295375824,-2.643984079360962,0.3991870582103729,1,0,1,1,8252
27956,-0.510840654373169,1806,0.4233890473842621,0.3186337649822235,-0.9342296719551086,0.00029057281790301204,1,0,0,0,8252
27968,-0.2286444902420044,2308,-0.6580285429954529,0.25718018412590027,0.4293840527534485,0.045358866453170776,1,0,0,0,8252
27974,-1.7904843091964722,336,-0.07868403196334839,0.3534991443157196,-1.7117999792099,2.0777037143707275,1,0,0,0,8252
27977,0.2006468027830124,3005,-0.2415361851453781,0.25589802861213684,0.4421830177307129,0.026747092604637146,1,0,0,0,8252
27991,2.588167667388916,4807,2.418412923812866,0.26625844836235046,0.16975528001785278,-1.3633891793318753e-09,1,1,0,0,8252
27999,-1.3257993459701538,674,-0.21487610042095184,0.3264472186565399,-1.110923171043396,0.001489944290369749,1,0,0,0,8252
28007,-1.3951905965805054,609,-0.12882773578166962,0.33438748121261597,-1.2663630247116089,0.017238914966583252,1,0,0,0,8252
28022,-0.4982365071773529,1827,-0.5086019039154053,0.2753685712814331,0.010365316644310951,0.062446512281894684,1,0,0,0,8252
28047,-1.6611597537994385,400,-0.6289679408073425,0.3225797712802887,-1.0321916341781616,0.578819990158081,1,0,0,0,8252
28062,-0.41954728960990906,1967,-0.21950757503509521,0.2846280038356781,-0.20003972947597504,0.006231248844414949,1,0,0,0,8252
28069,3.669469118118286,4949,2.848254919052124,0.23764553666114807,0.821214497089386,-1.5642561690398793e-09,1,0,0,0,8252
28070,0.287213534116745,3117,0.31553056836128235,0.27649959921836853,-0.02831701934337616,0.0011085707228630781,1,0,0,0,8252
28079,-0.23029513657093048,2306,0.21489255130290985,0.29540279507637024,-0.44518765807151794,0.011755229905247688,1,0,0,0,8252
28090,2.412166118621826,4765,0.3583444058895111,0.18242602050304413,2.053821325302124,4.0078651863950654e-07,1,0,0,0,8252
28093,0.5174938440322876,3455,0.06182621791958809,0.25476619601249695,0.4556675851345062,0.013503883965313435,1,0,0,0,8252
28094,1.3738173246383667,4332,-0.4184024930000305,0.19378994405269623,1.7922197580337524,0.28524741530418396,1,0,0,0,8252
28099,-0.4536302089691162,1897,-0.24531786143779755,0.28534945845603943,-0.20831234753131866,3.824822425842285,1,1,0,0,8252
28130,0.5784285068511963,3533,-0.37481847405433655,0.23234903812408447,0.9532470703125,1.8399016857147217,1,0,0,0,8252
28144,-1.2363324165344238,766,-0.7657522559165955,0.2973378598690033,-0.47058019042015076,1.9081015586853027,1,0,0,0,8252
28147,-2.5884249210357666,70,-0.6955193877220154,0.3623872995376587,-1.8929051160812378,0.07937800139188766,1,0,1,1,8252
28172,-0.3003617525100708,2192,0.5620110034942627,0.31489577889442444,-0.8623726963996887,-5.729025815526256e-06,1,0,0,0,8252
28217,-1.879394769668579,294,-0.6245906949043274,0.33269426226615906,-1.2548038959503174,2.170689821243286,1,0,0,0,8252
28218,-0.4922749102115631,1834,-0.7292101979255676,0.26533517241477966,0.23693524301052094,0.2737182378768921,1,0,0,0,8252
28221,-0.8671917915344238,1232,-0.2770615220069885,0.3020833432674408,-0.5901303291320801,0.3275323510169983,1,0,0,0,8252
28241,3.6364669799804688,4947,2.8333916664123535,0.23876352608203888,0.8030756115913391,-5.545573494771666e-14,1,0,0,0,8252
28247,1.140811800956726,4152,0.9414358139038086,0.26782742142677307,0.1993759721517563,-6.534287777526515e-09,1,0,0,0,8252
28251,2.3679749965667725,4750,2.5133557319641113,0.2825903296470642,-0.14538095891475677,7.434321958044166e-08,1,0,0,0,8252
28263,-1.2905653715133667,706,-0.4157705307006836,0.31514209508895874,-0.8747949600219727,1.9161007404327393,1,0,0,0,8252
28282,0.7433561682701111,3772,-0.11474857479333878,0.23670876026153564,0.8581046462059021,0.00024318396754097193,1,0,0,0,8252
28283,-1.4634908437728882,537,-0.6942632794380188,0.3105011284351349,-0.7692276239395142,0.19257119297981262,1,0,0,0,8252
28286,1.1237831115722656,4137,0.532173752784729,0.24885021150112152,0.5916094779968262,1.7448176095058443e-06,1,0,0,0,8252
28294,0.3736267387866974,3263,-0.9912018775939941,0.21500734984874725,1.3648285865783691,0.0896017774939537,1,0,0,0,8252
28299,0.8685088157653809,3912,0.5155037045478821,0.25927266478538513,0.3530051112174988,-6.083737957851554e-08,1,0,0,0,8252
28306,-1.4713271856307983,530,-0.30106309056282043,0.3286426067352295,-1.1702641248703003,0.09844335913658142,1,0,0,0,8252
28321,2.241417169570923,4716,0.17334063351154327,0.18159644305706024,2.0680766105651855,0.004023981746286154,1,0,0,0,8252
28336,-1.8284088373184204,316,-0.9172703623771667,0.3162248134613037,-0.9111383557319641,0.5088061094284058,1,0,0,0,8252
28339,0.3565951883792877,3228,-0.28506413102149963,0.24751196801662445,0.6416592597961426,0.3861353397369385,1,0,0,0,8252
28340,0.16377553343772888,2934,-0.7582444548606873,0.23364566266536713,0.9220199584960938,8.240001678466797,1,0,0,0,8252
28341,-1.1771650314331055,820,0.5118233561515808,0.35227206349372864,-1.6889885663986206,5.951661478320602e-06,1,1,0,0,8252
28342,-1.2592616081237793,740,-0.4721183478832245,0.31139788031578064,-0.7871432304382324,0.11371771991252899,1,0,0,0,8252
28350,-1.1619246006011963,842,-0.6130025386810303,0.3010801374912262,-0.5489220023155212,0.00013272589421831071,1,0,0,0,8252
28386,0.08280850946903229,2819,-0.4037812650203705,0.2545701861381531,0.4865897297859192,0.03340071439743042,1,0,0,0,8252
28389,0.02261480502784252,2717,0.3866889774799347,0.29147663712501526,-0.3640742301940918,-4.750981588586001e-06,1,0,0,0,8252
28404,-1.0768808126449585,954,-0.48081955313682556,0.302652508020401,-0.5960610508918762,0.0003614482411649078,1,0,0,0,8252
28409,-0.55522620677948,1727,-0.46329250931739807,0.28019389510154724,-0.09193366765975952,3.8563754558563232,1,0,0,0,8252
28411,0.6203946471214294,3606,0.16584110260009766,0.25552424788475037,0.4545535147190094,2.2560601792065427e-05,1,0,0,0,8252
28425,-3.090284824371338,26,-0.8360425233840942,0.3790263235569,-2.254242181777954,1.2895641326904297,1,0,1,1,8252
28427,-0.7678921818733215,1377,0.19886358082294464,0.3192211389541626,-0.9667558073997498,0.00011131703649880365,1,0,0,0,8252
28430,-1.6291370391845703,418,-0.16128307580947876,0.34159615635871887,-1.4678539037704468,0.2575139105319977,1,0,0,0,8252
28438,-1.5231608152389526,488,-0.796164333820343,0.3097238540649414,-0.7269966006278992,14.131254196166992,1,0,0,0,8252
28439,-0.35552117228507996,2080,-0.020051544532179832,0.29146870970726013,-0.3354696035385132,0.010775940492749214,1,0,0,0,8252
28440,0.3345142900943756,3187,-0.14943848550319672,0.2531195878982544,0.48395276069641113,0.08359942585229874,1,0,0,0,8252
28442,-1.0706602334976196,957,-0.5584363341331482,0.29913851618766785,-0.512224018573761,0.21582283079624176,1,0,0,0,8252
28460,-1.5911182165145874,442,-0.525452733039856,0.32350844144821167,-1.065665602684021,0.026934828609228134,1,0,0,0,8252
28471,-0.19162613153457642,2363,-0.7592806220054626,0.24885275959968567,0.5676544308662415,2.0167598724365234,1,0,0,0,8252
28475,-1.3048585653305054,695,-0.8507711291313171,0.2976674437522888,-0.4540874660015106,0.121355339884758,1,0,0,0,8252
28484,0.06721369177103043,2797,-0.7312308549880981,0.23907911777496338,0.7984444499015808,0.010511389933526516,1,0,0,0,8252
28505,1.5677392482757568,4446,0.734900176525116,0.2381284087896347,0.8328390121459961,9.411945939064026e-06,1,0,0,0,8252
28508,-0.49115830659866333,1836,-0.17367710173130035,0.2905825674533844,-0.31748130917549133,0.10992445051670074,1,0,0,0,8252
28510,-1.975576400756836,255,-0.9216418266296387,0.3245929181575775,-1.0539344549179077,2.9767961502075195,1,0,0,0,8252
28516,-1.3819979429244995,622,-0.8803064227104187,0.2989998757839203,-0.501691460609436,0.23570191860198975,1,0,0,0,8252
28519,-1.3978663682937622,605,-0.4546864926815033,0.31903699040412903,-0.943179726600647,1.7427937984466553,1,0,0,0,8252
28531,1.5143218040466309,4420,0.8810224533081055,0.24591563642024994,0.6332991719245911,0.003273993730545044,1,0,0,0,8252
28536,-0.5297971963882446,1770,-0.21233168244361877,0.29153358936309814,-0.31746557354927063,0.06017248332500458,1,0,0,0,8252
28550,-0.18759067356586456,2369,0.42511501908302307,0.30269548296928406,-0.6127057075500488,-1.3238503015600145e-05,1,0,0,0,8252
28575,-0.004647252149879932,2668,-0.5728222727775574,0.24920713901519775,0.5681750178337097,0.044739656150341034,1,0,0,0,8252
28595,-0.18053385615348816,2382,-0.3602904975414276,0.26736512780189514,0.17975667119026184,6.395608238563e-07,1,0,0,0,8252
28602,-0.1330394744873047,2463,-0.21390512585639954,0.2725480794906616,0.08086564391851425,0.008866186253726482,1,0,0,0,8252
28612,-1.0514297485351562,984,-0.4796261787414551,0.3012135624885559,-0.5718036890029907,0.008546924218535423,1,0,0,0,8252
28616,0.009988357312977314,2698,-0.775945782661438,0.2404969483613968,0.7859341502189636,1.7244703769683838,1,0,0,0,8252
28629,1.0559178590774536,4075,0.28921350836753845,0.241353377699852,0.7667042016983032,2.4483046531677246,1,0,0,0,8252
28632,-0.11415290087461472,2505,0.6175533533096313,0.3092576265335083,-0.7317062616348267,-1.0338853684288551e-07,1,0,0,0,8252
28633,-0.10697521269321442,2516,-0.949885368347168,0.23840396106243134,0.8429099917411804,1.125549077987671,1,0,0,0,8252
28652,-0.14019380509853363,2451,0.43057823181152344,0.30163782835006714,-0.5707719922065735,5.839216555614257e-06,1,0,0,0,8252
28659,-1.0128182172775269,1034,-0.8509460687637329,0.28360578417778015,-0.16187210381031036,0.99673992395401,1,0,0,0,8252
28660,0.7059261202812195,3719,0.2629340887069702,0.2552988529205322,0.4429919421672821,-0.000407638493925333,1,0,0,0,8252
28661,1.2787268161773682,4264,-0.10902241617441177,0.21196864545345306,1.3877490758895874,4.005856908406713e-07,1,1,0,0,8252
28677,-0.5823665857315063,1681,-0.45806264877319336,0.28179603815078735,-0.12430401891469955,0.03429240733385086,1,0,0,0,8252
28679,-0.43668898940086365,1937,-0.9041895270347595,0.2536449134349823,0.4675004482269287,0.035338371992111206,1,0,0,0,8252
28691,-0.26097041368484497,2260,-0.3143179714679718,0.274712473154068,0.05334750562906265,0.013593782670795918,1,0,0,0,8252
28693,-0.4533665180206299,1900,-0.11203043907880783,0.29228755831718445,-0.34133607149124146,7.628186225891113,1,0,0,0,8252
28718,0.3543502986431122,3221,0.7884647250175476,0.29535627365112305,-0.4341144263744354,0.023928748443722725,1,0,0,0,8252
28720,-1.3929332494735718,612,-0.3981114327907562,0.32153722643852234,-0.9948218464851379,4.374876499176025,1,0,0,0,8252
28723,-2.483435869216919,87,-0.17985253036022186,0.3804652988910675,-2.3035833835601807,0.078528493642807,1,0,1,1,8252
28726,-1.1873745918273926,810,-0.7014063596725464,0.2979406416416168,-0.48596832156181335,0.0701136589050293,1,0,0,0,8252
28730,-1.1613401174545288,845,-0.7477787733078003,0.29631394147872925,-0.4135611951351166,0.7051430940628052,1,0,0,0,8252
28736,1.241613745689392,4226,1.1831858158111572,0.27227962017059326,0.05842794105410576,0.46537041664123535,1,1,0,0,8252
28740,-0.8358755111694336,1275,-0.8046684265136719,0.27862486243247986,-0.03120708465576172,0.0006019725697115064,1,0,0,0,8252
28741,-0.09066843241453171,2543,-0.5549387335777283,0.25477972626686096,0.4642702043056488,0.11819510906934738,1,0,0,0,8252
28746,-0.3910696804523468,2011,-0.3798387944698334,0.27784463763237,-0.011230910196900368,0.1590724140405655,1,0,0,0,8252
28754,0.26418623328208923,3093,-0.29007425904273987,0.2501040995121002,0.5542604327201843,0.06994407624006271,1,0,0,0,8252
28756,0.5906557440757751,3555,0.013531766831874847,0.25023162364959717,0.5771240592002869,8.150028588715941e-05,1,0,0,0,8252
28757,-0.1303696483373642,2472,-0.833077609539032,0.24464388191699982,0.7027079463005066,1.525423288345337,1,0,0,0,8252
28758,1.3855782747268677,4339,-0.26923951506614685,0.2005089968442917,1.6548175811767578,1.468790884473492e-07,1,0,0,0,8252
28777,0.7053831219673157,3718,0.104305699467659,0.24749599397182465,0.6010774970054626,0.017495643347501755,1,0,0,0,8252
28779,0.9719231724739075,4009,0.6708528995513916,0.262532114982605,0.3010704219341278,0.006898903753608465,1,0,0,0,8252
28825,0.4917124807834625,3420,-0.5158994197845459,0.2307296246290207,1.0076117515563965,0.13447263836860657,1,1,0,0,8252
28831,0.23324739933013916,3055,-0.34588634967803955,0.24982433021068573,0.5791338682174683,2.8003268241882324,1,0,0,0,8252
28843,-0.0013296976685523987,2676,-0.062233902513980865,0.27284741401672363,0.06090419366955757,1.774327415660082e-06,1,0,0,0,8252
28845,-0.1547602266073227,2427,-0.6848506331443787,0.25122684240341187,0.5300903916358948,0.0003809176851063967,1,0,0,0,8252
28851,0.2448861449956894,3068,0.08481418341398239,0.2686724364757538,0.16007192432880402,0.0008718166500329971,1,0,0,0,8252
28852,1.931583285331726,4618,1.3712234497070312,0.24998998641967773,0.5603600144386292,-2.213576821841201e-10,1,0,0,0,8252
28854,2.6245102882385254,4819,1.902597427368164,0.24314503371715546,0.7219128012657166,-7.643662369716253e-10,1,0,0,0,8252
28857,0.39783650636672974,3295,-0.17935335636138916,0.24965322017669678,0.5771898627281189,0.010497629642486572,1,0,0,0,8252
28870,-0.7192002534866333,1449,-0.3824821710586548,0.2913910448551178,-0.33671805262565613,0.06000754237174988,1,0,0,0,8252
28877,-0.0458948090672493,2620,-1.295293927192688,0.21988140046596527,1.249398946762085,12.921133995056152,1,0,0,0,8252
28889,-0.9831236004829407,1072,-0.4930949807167053,0.2980758845806122,-0.4900286793708801,0.0038220928981900215,1,0,0,0,8252
28900,1.6924022436141968,4516,1.105945110321045,0.24867914617061615,0.5864572525024414,-2.808652789099142e-05,1,0,0,0,8252
28902,0.3878905773162842,3281,1.337759256362915,0.3175993859767914,-0.9498686194419861,0.0002886670990847051,1,0,0,0,8252
28909,1.1760038137435913,4178,1.4135349988937378,0.2862802743911743,-0.23753109574317932,-4.02841626723216e-09,1,0,0,0,8252
28946,-0.7638323903083801,1383,0.05234144255518913,0.31205594539642334,-0.8161737322807312,0.0005598390707746148,1,0,0,0,8252
28947,0.8814699053764343,3932,0.4795718193054199,0.2571653723716736,0.40189823508262634,0.0003488205256871879,1,0,0,0,8252
28952,2.2060866355895996,4706,0.45773768424987793,0.19627974927425385,1.748348593711853,1.1212054396025906e-08,1,0,0,0,8252
28961,1.822678565979004,4575,1.2587378025054932,0.24934566020965576,0.5639408230781555,-1.1070632188747709e-09,1,0,0,0,8252
28967,0.5526968240737915,3500,0.33764931559562683,0.2661709487438202,0.21504750847816467,-2.4633135353724356e-07,1,0,0,0,8252
28973,-0.9591661691665649,1107,-0.6680623292922974,0.2887914776802063,-0.29110392928123474,1.243609070777893,1,0,0,0,8252
28976,-0.2862136662006378,2223,-0.7875632643699646,0.2527836263179779,0.5013496279716492,7.162073135375977,1,0,0,0,8252
28982,0.18689945340156555,2978,-0.03269379958510399,0.2650754153728485,0.21959321200847626,2.0391104044392705e-05,1,0,0,0,8252
28995,1.2233179807662964,4210,0.37991926074028015,0.23685836791992188,0.8433987498283386,10.076850891113281,1,0,0,0,8252
28997,-1.685097575187683,386,0.18835270404815674,0.3602602481842041,-1.8734501600265503,0.0001344542542938143,1,0,0,0,8252
28999,-0.4325160086154938,1946,-0.639352023601532,0.26601171493530273,0.2068360149860382,0.7172807455062866,1,0,0,0,8252
29006,2.1812379360198975,4701,0.6821122765541077,0.20755831897258759,1.4991257190704346,0.0007350742816925049,1,0,0,0,8252
29020,-1.191340684890747,807,-0.6845030188560486,0.29919153451919556,-0.506837785243988,0.07691624015569687,1,1,0,0,8252
29022,-1.824168086051941,319,-1.0081499814987183,0.3128100633621216,-0.8160181045532227,10.153141021728516,1,0,0,0,8252
29031,0.5995017290115356,3572,1.1328824758529663,0.2993296682834625,-0.5333806872367859,0.000662843813188374,1,0,0,0,8252
29032,0.36572858691215515,3250,0.11889686435461044,0.2631305456161499,0.2468317300081253,-1.9880679246853106e-05,1,0,0,0,8252
29037,0.959058403968811,3996,-0.16527660191059113,0.22565822303295135,1.1243349313735962,0.13419762253761292,1,0,0,0,8252
29040,0.6099984049797058,3590,-0.5464855432510376,0.2238369733095169,1.1564838886260986,0.2127743363380432,1,0,0,0,8252
29061,0.6240088939666748,3613,-0.3490927815437317,0.2315765619277954,0.9731016159057617,0.21051962673664093,1,0,0,0,8252
29077,0.010467144660651684,2700,0.42082133889198303,0.29449301958084106,-0.41035422682762146,1.3376981087276363e-06,1,1,0,0,8252
29110,1.1238528490066528,4138,0.3367166817188263,0.24029898643493652,0.7871363162994385,0.016306482255458832,1,0,0,0,8252
29127,-2.2674009799957275,138,-0.5568863153457642,0.35375139117240906,-1.7105144262313843,2.4924979209899902,1,0,1,1,8252
29132,-2.410729169845581,107,-0.7421388030052185,0.34984344244003296,-1.6685901880264282,0.8668701648712158,1,0,1,1,8252
29144,1.2899277210235596,4271,-0.24331286549568176,0.20657818019390106,1.5332404375076294,0.05595913901925087,1,0,0,0,8252
29145,-0.5756986141204834,1696,-0.8292686343193054,0.2643696963787079,0.25356999039649963,0.913908839225769,1,0,0,0,8252
29204,1.0757921934127808,4098,0.3295638859272003,0.24130721390247345,0.7462283968925476,-1.4539288883952395e-08,1,0,0,0,8252
29242,-0.2253090888261795,2311,-0.5588476061820984,0.2612910866737366,0.3335385322570801,-9.369384765625,1,0,0,0,8252
29251,1.468147873878479,4396,0.519122302532196,0.23252132534980774,0.9490252733230591,0.01046481542289257,1,0,0,0,8252
29256,-0.11578881740570068,2501,-0.660097599029541,0.25193801522254944,0.5443087816238403,0.0107114277780056,1,0,0,0,8252
29266,2.7184197902679443,4834,2.1808323860168457,0.251033753156662,0.5375872850418091,-4.754121402106293e-11,1,0,0,0,8252
29268,-0.3692455291748047,2051,0.00821142178028822,0.2919197082519531,-0.3774569034576416,-1.6409202885370178e-08,1,0,0,0,8252
29271,-1.2568687200546265,744,-0.6671643257141113,0.3036090135574341,-0.5897043347358704,1.085585355758667,1,0,0,0,8252
29276,1.2144275903701782,4202,0.924961507320404,0.26219290494918823,0.2894662022590637,-6.183890377542411e-07,1,0,0,0,8252
29302,-0.8228398561477661,1301,-0.610174834728241,0.2856396436691284,-0.21266508102416992,0.22299505770206451,1,1,0,0,8252
29304,1.1684560775756836,4175,0.6991230249404907,0.25314950942993164,0.46933308243751526,5.621436139335856e-05,1,0,0,0,8252
29321,1.350569486618042,4320,0.06955873966217041,0.21756379306316376,1.2810108661651611,0.6526170372962952,1,0,0,0,8252
29342,-1.3500688076019287,651,-0.5011631846427917,0.313995361328125,-0.8489055633544922,0.07466080039739609,1,0,0,0,8252
29358,-0.03562348708510399,2632,0.5559966564178467,0.30307385325431824,-0.5916202664375305,0.0030775927007198334,1,0,0,0,8252
29373,-0.2580181360244751,2261,-0.5058107376098633,0.265652596950531,0.2477925568819046,0.46933144330978394,1,0,0,0,8252
29382,-0.9248283505439758,1150,-0.3399367034435272,0.30293169617652893,-0.584891676902771,0.6121606826782227,1,0,0,0,8252
29386,0.7064499855041504,3721,0.38407865166664124,0.26080644130706787,0.32237133383750916,6.653490345343016e-06,1,0,0,0,8252
29390,-0.5413435697555542,1751,-0.7244883179664612,0.26761695742607117,0.18314479291439056,0.027317922562360764,1,0,0,0,8252
29392,0.14521019160747528,2903,-0.1435430496931076,0.2616197466850281,0.2887532114982605,0.3470776677131653,1,0,0,0,8252
29393,0.21165743470191956,3023,-0.2316982001066208,0.2554192841053009,0.44335564970970154,1.0897976160049438,1,0,0,0,8252
29398,4.502241611480713,4983,3.130863904953003,0.21207904815673828,1.3713778257369995,-4.317939755749123e-11,1,0,0,0,8252
29402,-1.3676292896270752,635,-0.5590742230415344,0.3125549852848053,-0.8085550665855408,0.024529915302991867,1,0,0,0,8252
29411,-0.4731692373752594,1869,-0.09260585904121399,0.29235029220581055,-0.3805634081363678,5.852854201293667e-08,1,0,0,0,8252
29422,0.13390572369098663,2890,-0.15729056298732758,0.2635992467403412,0.2911962866783142,0.23621883988380432,1,0,0,0,8252
29425,0.073331318795681,2802,0.2546162009239197,0.2848023474216461,-0.18128487467765808,-9.707395065561286e-08,1,0,0,0,8252
29432,0.17499536275863647,2956,-0.6184659600257874,0.2396727353334427,0.7934614419937134,0.02701837755739689,1,0,0,0,8252
29450,-0.4198414385318756,1965,-0.1556195467710495,0.2886207401752472,-0.2642219364643097,0.0013455196749418974,1,0,0,0,8252
29452,3.3466274738311768,4921,1.435318946838379,0.18861888349056244,1.9113088846206665,6.456060873460956e-06,1,0,0,0,8252
29454,-0.19045303761959076,2365,0.037591565400362015,0.2854764759540558,-0.22804461419582367,0.04728854447603226,1,0,0,0,8252
29459,1.5904356241226196,4462,0.9572917222976685,0.24635441601276398,0.6331437230110168,3.771457704715431e-05,1,0,0,0,8252
29463,-1.635118842124939,416,-0.7591215968132019,0.3165343701839447,-0.8759971857070923,0.0038809748366475105,1,0,0,0,8252
29474,-0.7424167990684509,1415,-0.6113079190254211,0.28271791338920593,-0.1311088651418686,0.6530413031578064,1,0,0,0,8252
29482,0.4571194350719452,3376,-0.141933873295784,0.24786551296710968,0.5990533232688904,0.06065794453024864,1,0,0,0,8252
29491,0.5274993181228638,3462,-0.2883370816707611,0.2380518764257431,0.8158362507820129,0.005431909579783678,1,0,0,0,8252
29508,-2.554851770401001,76,-0.45366308093070984,0.37064477801322937,-2.1011884212493896,0.06729110330343246,1,0,1,1,8252
29509,-0.9693120121955872,1092,-0.4448980391025543,0.2993175685405731,-0.5244140028953552,0.07941000163555145,1,0,0,0,8252
29521,0.3803417980670929,3271,1.1112391948699951,0.30821970105171204,-0.7308974266052246,-1.044958897189474e-09,1,0,0,0,8252
29549,0.2566014528274536,3078,-0.41817784309387207,0.24462711811065674,0.6747792959213257,0.00015901628648862243,1,0,0,0,8252
29554,0.49099811911582947,3419,0.6852571964263916,0.28417977690696716,-0.19425907731056213,0.0010241729905828834,1,0,0,0,8252
29558,-0.5863768458366394,1669,-0.7140876054763794,0.27106019854545593,0.1277107447385788,0.023540733382105827,1,0,0,0,8252
29562,0.33190691471099854,3183,-0.5332650542259216,0.23775389790534973,0.8651720285415649,0.3774874210357666,1,0,0,0,8252
29566,0.4800742268562317,3407,-0.003032359527423978,0.25327393412590027,0.4831065833568573,0.0008115569362416863,1,0,0,0,8252
29575,3.3932888507843018,4927,2.1885838508605957,0.22080646455287933,1.2047051191329956,-2.6067669978147023e-07,1,0,0,0,8252
29577,0.11318389326334,2864,-0.40243783593177795,0.2523789405822754,0.5156217813491821,0.0015847956528887153,1,0,0,0,8252
29579,-1.397064208984375,606,0.1739712804555893,0.3475120961666107,-1.5710355043411255,0.27633583545684814,1,0,0,0,8252
29603,2.2645857334136963,4722,0.7236509919166565,0.20636585354804993,1.540934681892395,0.4284685254096985,1,0,0,0,8252
29608,-0.8616547584533691,1240,-0.785760223865509,0.27949950098991394,-0.0758945643901825,5.476828098297119,1,0,0,0,8252
29615,1.4338711500167847,4370,0.20607633888721466,0.21986787021160126,1.2277950048446655,0.5826356410980225,1,0,0,0,8252
29624,-1.5502594709396362,471,-0.8368396162986755,0.30927029252052307,-0.7134199738502502,36.314727783203125,1,0,0,0,8252
29630,-1.3771336078643799,627,-0.4011094272136688,0.32117781043052673,-0.9760240912437439,0.1084926575422287,1,0,0,0,8252
29631,0.21018926799297333,3017,-0.07094237208366394,0.2627093493938446,0.2811316251754761,0.6965646743774414,1,0,0,0,8252
29649,-0.13875380158424377,2454,-0.5369510054588318,0.2582019567489624,0.398197203874588,0.26305636763572693,1,0,0,0,8252
29660,0.24750018119812012,3071,0.33778995275497437,0.28027063608169556,-0.09028974920511246,1.198482664221956e-06,1,1,0,0,8252
29683,-1.7671107053756714,346,-0.8945417404174805,0.3170833885669708,-0.8725687265396118,19.649799346923828,1,0,0,0,8252
29712,0.7138058543205261,3732,-0.7391940355300903,0.2097281962633133,1.4529999494552612,0.4358089566230774,1,0,0,0,8252
29713,1.1898263692855835,4188,-0.13813254237174988,0.21501369774341583,1.3279588222503662,0.6610384583473206,1,0,0,0,8252
29755,-1.1250535249710083,893,-0.7286033034324646,0.29405197501182556,-0.3964501619338989,0.5950837135314941,1,0,0,0,8252
29757,-0.39044514298439026,2012,-0.42164212465286255,0.2751968801021576,0.03119693137705326,0.7957834005355835,1,0,0,0,8252
29758,-0.5008816123008728,1824,-0.36158767342567444,0.2808600962162018,-0.13929396867752075,0.14943547546863556,1,0,0,0,8252
29760,0.7167317271232605,3738,-0.9115347862243652,0.20098410546779633,1.6282665729522705,0.09726148098707199,1,1,0,0,8252
29769,1.8451683521270752,4586,0.7954466938972473,0.22824876010417938,1.0497214794158936,0.15216872096061707,1,0,0,0,8252
29774,2.8033547401428223,4847,2.394287347793579,0.2556069493293762,0.4090676009654999,1.0111637221976721e-11,1,0,0,0,8252
29775,-0.6036720275878906,1642,-0.08420727401971817,0.29854616522789,-0.5194647908210754,0.11497393995523453,1,0,0,0,8252
29785,-1.656577467918396,405,-0.8943576812744141,0.30993735790252686,-0.7622198462486267,0.23703810572624207,1,0,0,0,8252
29795,0.7279059290885925,3754,-0.6923709511756897,0.21032746136188507,1.4202769994735718,-0.07498258352279663,1,1,0,0,8252
29796,-1.412341833114624,584,-0.4982259273529053,0.3178245723247528,-0.9141160249710083,6.897867202758789,1,0,0,0,8252
29804,-0.9055191278457642,1181,-0.0053840577602386475,0.3162044286727905,-0.9001350402832031,0.0022515361197292805,1,0,0,0,8252
29816,-0.1809060275554657,2381,0.3382513225078583,0.2991689145565033,-0.519157350063324,4.224056127100084e-08,1,0,0,0,8252
29817,-0.9729010462760925,1087,-0.47524920105934143,0.29811257123947144,-0.4976519048213959,1.3453962802886963,1,0,0,0,8252
29818,-1.0573500394821167,977,-0.8061124682426453,0.2867068946361542,-0.25123730301856995,0.47043412923812866,1,0,0,0,8252
29832,2.3829479217529297,4755,1.3322010040283203,0.22828662395477295,1.0507471561431885,1.1069040795064211e-08,1,0,0,0,8252
29836,-0.00069513323251158,2678,-1.0976617336273193,0.22660279273986816,1.0969666242599487,2.7312114238739014,1,0,0,0,8252
29842,-0.7048298716545105,1475,-0.48357391357421875,0.28752371668815613,-0.22125600278377533,0.020248988643288612,1,0,0,0,8252
29857,-0.37777000665664673,2036,-0.1944967359304428,0.2834930419921875,-0.18327324092388153,0.4945088326931,1,0,0,0,8252
29858,0.641986608505249,3636,0.7584239840507507,0.2798902988433838,-0.1164374127984047,0.22221776843070984,1,0,0,0,8252
29883,-0.4534810483455658,1899,-0.6582754850387573,0.26678407192230225,0.20479433238506317,0.011858951300382614,1,0,0,0,8252
29890,-1.1643187999725342,838,-0.3996703624725342,0.3107430040836334,-0.7646483182907104,0.8970865607261658,1,0,0,0,8252
29896,-0.055808939039707184,2604,-0.22400115430355072,0.26828843355178833,0.16819219291210175,0.00413074204698205,1,0,0,0,8252
29921,-0.9467178583145142,1122,-0.7628375887870789,0.2845165431499481,-0.18388034403324127,5.914827346801758,1,0,0,0,8252
29945,-1.8557195663452148,307,-0.05202839523553848,0.3576827347278595,-1.8036915063858032,-7.840675607440062e-06,1,0,0,0,8252
29946,1.8672552108764648,4596,0.4803360402584076,0.21274033188819885,1.3869189023971558,0.8488473296165466,1,1,0,0,8252
29955,-0.47598305344581604,1865,0.28088808059692383,0.31118008494377136,-0.7568710446357727,-4.635951142972772e-07,1,0,0,0,8252
29961,2.5069797039031982,4784,1.4801303148269653,0.22958289086818695,1.026849389076233,-1.5573925793432863e-07,1,0,0,0,8252
29969,0.7546416521072388,3783,0.7798338532447815,0.2762972414493561,-0.025192076340317726,0.4236409366130829,1,0,0,0,8252
29970,1.9547370672225952,4623,0.5466974377632141,0.20990529656410217,1.4080398082733154,0.02368142083287239,1,0,0,0,8252
29996,3.2944228649139404,4914,1.2029790878295898,0.18109937012195587,2.0914437770843506,0.003170221345499158,1,0,0,0,8252
30010,-0.3583460748195648,2069,-0.2538072466850281,0.28132954239845276,-0.10453887283802032,0.007265330292284489,1,0,0,0,8252
30016,1.993251085281372,4635,1.382059931755066,0.24796810746192932,0.6111912727355957,-2.319637637526739e-08,1,0,0,0,8252
30017,-1.6212996244430542,424,-0.6282302141189575,0.3211115598678589,-0.9930692911148071,1.7208096981048584,1,0,0,0,8252
30028,1.4569218158721924,4388,0.16799627244472504,0.21876752376556396,1.2889254093170166,0.0006973273120820522,1,0,0,0,8252
30042,0.391171932220459,3285,-0.24596276879310608,0.24749837815761566,0.6371347308158875,0.009119650349020958,1,1,0,0,8252
30046,-0.6835002899169922,1507,-0.5598042607307434,0.2814517319202423,-0.12369611114263535,0.016451017931103706,1,0,0,0,8252
30054,0.6627539992332458,3660,-0.29481494426727295,0.23302507400512695,0.9575688242912292,0.015027705579996109,1,0,0,0,8252
30063,0.5554831027984619,3505,-0.20242102444171906,0.24180351197719574,0.757904052734375,0.03229165077209473,1,0,0,0,8252
30072,0.5716760754585266,3522,-0.1759408712387085,0.2419457733631134,0.7476169466972351,0.3092842400074005,1,0,0,0,8252
30085,1.6473783254623413,4494,2.048480987548828,0.29343724250793457,-0.4011023938655853,-1.4547083537763683e-09,1,0,0,0,8252
30090,0.6890288591384888,3700,0.4815966784954071,0.2659650444984436,0.2074321061372757,0.0004016691818833351,1,0,0,0,8252
30095,-0.9489688277244568,1120,-0.7827782034873962,0.2835301458835602,-0.16619060933589935,20.419628143310547,1,0,0,0,8252
30098,0.16647517681121826,2938,0.02356225997209549,0.26990509033203125,0.14291290938854218,0.06401943415403366,1,0,0,0,8252
30099,1.3948346376419067,4348,0.9639789462089539,0.2562834918498993,0.43085548281669617,7.855435768533425e-08,1,0,0,0,8252
30105,2.670820951461792,4825,2.7443745136260986,0.2794155180454254,-0.07355382293462753,3.3577637198467514e-12,1,0,0,0,8252
30107,0.9313248991966248,3978,-0.5729284286499023,0.20820800960063934,1.5042531490325928,0.05222935974597931,1,0,0,0,8252
30112,-1.941209077835083,269,-0.7743033766746521,0.3284430205821991,-1.1669057607650757,41.938758850097656,1,0,0,0,8252
30124,-0.24767659604549408,2278,0.0761510580778122,0.2901521623134613,-0.32382771372795105,8.558559784432873e-05,1,0,0,0,8252
30126,1.5041378736495972,4412,0.05674440786242485,0.20933084189891815,1.4473932981491089,0.002050047041848302,1,0,0,0,8252
30129,-0.6580817103385925,1540,-0.5574325919151306,0.2816225588321686,-0.10064897686243057,0.07838237285614014,1,0,0,0,8252
30133,1.3694370985031128,4330,0.9628241658210754,0.25626298785209656,0.40661269426345825,5.359518695513543e-07,1,0,0,0,8252
30134,-0.3359176814556122,2128,-0.6452078223228455,0.26212725043296814,0.30929023027420044,0.0773848444223404,1,0,0,0,8252
30137,-1.2559281587600708,746,-0.3240005373954773,0.3181302547454834,-0.9319276213645935,1.3296797275543213,1,0,0,0,8252
30140,0.21664607524871826,3030,0.3667971193790436,0.28282007575035095,-0.15015101432800293,0.0004598527157213539,1,0,0,0,8252
30155,0.28473564982414246,3112,-0.2096283882856369,0.2537347674369812,0.49436402320861816,0.00499338936060667,1,0,0,0,8252
30162,-0.3946393132209778,2004,-0.3142823874950409,0.2806973159313202,-0.08035686612129211,0.0033285757526755333,1,0,0,0,8252
30188,-1.0409339666366577,999,-0.3634733557701111,0.3069601058959961,-0.6774606108665466,0.3705816864967346,1,0,0,0,8252
30189,-0.8750260472297668,1219,-0.38501009345054626,0.2986219823360443,-0.4900158941745758,0.013170226477086544,1,0,0,0,8252
30196,-1.4417126178741455,559,-0.3812990188598633,0.32524940371513367,-1.0604134798049927,0.0443374328315258,1,0,0,0,8252
30201,0.8499024510383606,3890,1.1482582092285156,0.28895804286003113,-0.29835575819015503,3.970476427639369e-07,1,0,0,0,8252
30207,0.7086982131004333,3723,-0.17953598499298096,0.23543326556682587,0.8882340788841248,0.1765443980693817,1,0,0,0,8252
30231,-0.13122908771038055,2467,-0.010225591249763966,0.28118881583213806,-0.12100348621606827,0.01617111638188362,1,0,0,0,8252
30235,0.624546229839325,3615,-0.3602636158466339,0.23085950314998627,0.9848098754882812,1.135110855102539,1,0,0,0,8252
30248,1.918099045753479,4614,1.2264184951782227,0.24414122104644775,0.691680371761322,2.163861552162416e-07,1,0,0,0,8252
30260,0.526810348033905,3461,0.2452191561460495,0.2629619538784027,0.2815912365913391,-2.812708999044844e-06,1,0,0,0,8252
30275,-0.18135130405426025,2380,0.33859333395957947,0.2986701428890228,-0.5199446082115173,0.0027907073963433504,1,0,0,0,8252
30279,-2.195246458053589,159,-0.3211377263069153,0.36063626408576965,-1.8741086721420288,0.012394404038786888,1,0,1,1,8252
30283,0.22048936784267426,3035,-0.1218380481004715,0.2611559331417084,0.3423274755477905,0.3881206214427948,1,0,0,0,8252
30290,-0.5295417904853821,1771,0.1110730692744255,0.30523934960365295,-0.6406148076057434,0.005749723874032497,1,0,0,0,8252
30301,0.3500293791294098,3214,-0.2081780880689621,0.24929355084896088,0.5582075119018555,0.0007854520808905363,1,0,0,0,8252
30308,-1.061646580696106,968,-0.6849564909934998,0.29316675662994385,-0.37669017910957336,1.6278029680252075,1,0,0,0,8252
30310,-0.3458777368068695,2101,-0.2643545866012573,0.2803347110748291,-0.08152314275503159,0.002173201646655798,1,0,0,0,8252
30337,0.4251995086669922,3342,-0.6697273850440979,0.22751584649085999,1.0949269533157349,0.9899488687515259,1,1,0,0,8252
30342,2.955434560775757,4874,1.2621972560882568,0.1988077014684677,1.6932373046875,1.3560610412355345e-09,1,0,0,0,8252
30349,0.30107423663139343,3134,0.9717735648155212,0.30714961886405945,-0.6706992983818054,-3.12972474603157e-07,1,0,0,0,8252
30356,-0.2854747474193573,2224,-0.5224325060844421,0.2652279734611511,0.23695778846740723,0.2585145831108093,1,0,0,0,8252
30359,-1.0099314451217651,1037,-0.38090214133262634,0.3049721419811249,-0.6290294528007507,0.11877821385860443,1,0,0,0,8252
30370,0.5210208892822266,3459,-0.3892388939857483,0.23453779518604279,0.9102597236633301,1.3247082233428955,1,0,0,0,8252
30372,2.699796676635742,4831,2.7225663661956787,0.27654823660850525,-0.022770246490836143,-3.339428440085612e-05,1,0,0,0,8252
30375,-0.1798039823770523,2383,-0.869458794593811,0.24417324364185333,0.6896548271179199,1.0109330415725708,1,0,0,0,8252
30381,-2.4945600032806396,84,-0.5999560356140137,0.3624414801597595,-1.8946037292480469,0.08416718244552612,1,0,1,1,8252
30387,-0.1298496425151825,2473,-0.05967806652188301,0.27812737226486206,-0.07017152011394501,0.022479265928268433,1,0,0,0,8252
30393,-0.7086732387542725,1467,0.1282283514738083,0.3142060339450836,-0.8369016647338867,0.0030593513511121273,1,0,0,0,8252
30395,1.6008929014205933,4468,0.8907794952392578,0.2427230179309845,0.7101134657859802,0.00039549643406644464,1,0,0,0,8252
30441,-0.2926565408706665,2205,-0.13327860832214355,0.28279468417167664,-0.15937788784503937,0.0037382200825959444,1,0,0,0,8252
30456,-0.2185298651456833,2327,-0.5877880454063416,0.2588922083377838,0.3692581355571747,0.05096159130334854,1,0,0,0,8252
30473,3.4643325805664062,4932,1.1867097616195679,0.17246113717556,2.277622938156128,-1.5544177358606248e-06,1,0,0,0,8252
30477,-1.8915157318115234,290,-0.36638545989990234,0.34437036514282227,-1.5251301527023315,0.07779165357351303,1,0,0,0,8252
30482,-0.03215464577078819,2637,-0.2071414291858673,0.2683158814907074,0.17498679459095,1.2414554357528687,1,0,0,0,8252
30500,-2.6872310638427734,56,-0.8379915356636047,0.3597903549671173,-1.8492399454116821,0.11745218187570572,1,0,1,1,8252
30502,1.4399744272232056,4374,1.232404351234436,0.2650098502635956,0.20757019519805908,0.00021898972045164555,1,0,0,0,8252
30506,-0.32994702458381653,2142,-0.17354148626327515,0.2836611866950989,-0.15640556812286377,0.010855691507458687,1,0,0,0,8252
30519,-0.14540231227874756,2444,0.27557191252708435,0.29489776492118835,-0.4209742546081543,0.011433023028075695,1,0,0,0,8252
30523,-0.6645187735557556,1532,-0.8445626497268677,0.2671153247356415,0.1800438016653061,0.00866113230586052,1,0,0,0,8252
30540,-0.692317008972168,1491,-0.8068512082099915,0.27027028799057007,0.11453413218259811,2.871335029602051,1,0,0,0,8252
30543,1.2880909442901611,4269,1.375191569328308,0.27949413657188416,-0.08710086345672607,0.0010733429808169603,1,0,0,0,8252
30554,2.4569666385650635,4774,3.1378657817840576,0.3065687119960785,-0.6808986067771912,6.809077832934381e-19,1,0,0,0,8252
30567,-0.7692569494247437,1373,0.04925895482301712,0.31350117921829224,-0.818515956401825,0.5122712850570679,1,0,0,0,8252
30579,0.07740702480077744,2807,-0.6891152858734131,0.2407960742712021,0.7665223479270935,0.005513572599738836,1,0,0,0,8252
30590,0.967254638671875,4003,0.056790292263031006,0.23503366112709045,0.9104642868041992,1.8141970940632746e-05,1,0,0,0,8252
30618,0.3983498513698578,3297,-0.28373095393180847,0.24516968429088593,0.6820807456970215,0.025395134463906288,1,0,0,0,8252
30622,0.36126312613487244,3238,-0.2213195115327835,0.24865511059761047,0.5825826525688171,0.004133447073400021,1,0,0,0,8252
30629,-0.7068063616752625,1472,-0.6682081818580627,0.27763307094573975,-0.038598138839006424,0.04623105749487877,1,0,0,0,8252
30642,-1.5292500257492065,485,-0.6666005253791809,0.3152730166912079,-0.8626494407653809,0.33431920409202576,1,0,0,0,8252
30657,-0.29085245728492737,2209,-0.5386711955070496,0.26404228806495667,0.2478187382221222,0.07577409595251083,1,0,0,0,8252
30662,0.2223006933927536,3038,-0.0720776915550232,0.2645464241504669,0.2943783700466156,0.04775707423686981,1,0,0,0,8252
30684,0.043360624462366104,2759,-0.5960257649421692,0.24723759293556213,0.6393864154815674,2.6814427375793457,1,0,0,0,8252
30689,-0.8975993990898132,1189,-0.4551200866699219,0.29619190096855164,-0.44247937202453613,0.005082721821963787,1,0,0,0,8252
30698,-1.58250892162323,448,-0.4144355356693268,0.32945188879966736,-1.1680735349655151,0.1069825068116188,1,1,0,0,8252
30701,-1.5564078092575073,465,-0.6381840705871582,0.3186262547969818,-0.9182236790657043,21.22382164001465,1,0,0,0,8252
30703,1.6419426202774048,4489,1.0481945276260376,0.24751174449920654,0.5937483906745911,0.04522063955664635,1,0,0,0,8252
30711,1.1503604650497437,4158,0.5009526610374451,0.24669741094112396,0.6494078040122986,0.916435718536377,1,0,0,0,8252
30713,0.9767595529556274,4013,-0.23292791843414307,0.22078251838684082,1.2096874713897705,0.08183667808771133,1,1,0,0,8252
30718,2.588029623031616,4806,1.415287733078003,0.22167621552944183,1.1727416515350342,-4.7223292654052784e-07,1,0,0,0,8252
30723,-0.2519190311431885,2267,-0.035421159118413925,0.284566730260849,-0.21649785339832306,1.8350505828857422,1,0,0,0,8252
30732,0.40680208802223206,3308,-0.6343595385551453,0.22829587757587433,1.0411614179611206,0.5594728589057922,1,0,0,0,8252
30735,-0.43545374274253845,1940,-1.459707260131836,0.23034028708934784,1.0242536067962646,20.304800033569336,1,0,0,0,8252
30742,-0.9466893076896667,1123,0.2577042281627655,0.330989807844162,-1.2043935060501099,0.17840296030044556,1,0,0,0,8252
30757,-0.46892109513282776,1873,-0.8849081993103027,0.25738632678985596,0.4159870743751526,10.81936264038086,1,0,0,0,8252
30763,-0.9719554781913757,1089,-0.21318843960762024,0.31010550260543823,-0.7587671279907227,0.032458413392305374,1,0,0,0,8252
30766,5.280559062957764,4993,3.193521499633789,0.180767223238945,2.087036371231079,-9.95632179132122e-13,1,0,0,0,8252
30793,-0.6505178213119507,1548,-0.41763970255851746,0.286372572183609,-0.23287811875343323,0.054725125432014465,1,0,0,0,8252
30819,1.9960826635360718,4636,1.021449089050293,0.23057770729064941,0.974633514881134,0.0002524850715417415,1,0,0,0,8252
30831,4.294582843780518,4977,2.6925857067108154,0.20333527028560638,1.6019976139068604,-7.346737801450232e-12,1,0,0,0,8252
30847,1.5999749898910522,4467,0.2910793721675873,0.21562893688678741,1.308895230293274,0.0002710245316848159,1,0,0,0,8252
30867,0.6009554266929626,3575,0.4352937638759613,0.2669156491756439,0.16566158831119537,0.00010052155994344503,1,0,0,0,8252
30871,0.4721379280090332,3397,0.8215241432189941,0.2917681634426117,-0.34938618540763855,0.00037431117380037904,1,0,0,0,8252
30889,0.17938312888145447,2960,-0.1413731575012207,0.2621336579322815,0.3207562565803528,0.7458035349845886,1,0,0,0,8252
30927,-0.1977548897266388,2356,-0.11801730841398239,0.280281662940979,-0.07973756641149521,0.04837622493505478,1,0,0,0,8252
30931,-3.0366568565368652,31,-0.6388514637947083,0.38434943556785583,-2.3978049755096436,0.13850897550582886,1,0,1,1,8252
30952,1.6288360357284546,4481,1.103967547416687,0.25254392623901367,0.5248686671257019,0.0012610330013558269,1,0,0,0,8252
30965,-0.22111959755420685,2322,0.7271227240562439,0.31834685802459717,-0.9482421875,2.2942262489777931e-07,1,0,0,0,8252
30978,-0.22960031032562256,2307,-0.15053696930408478,0.2798025608062744,-0.07906333357095718,0.012585947290062904,1,0,0,0,8252
30989,-0.06871020793914795,2585,-0.3122251629829407,0.26506638526916504,0.24351488053798676,0.9066133499145508,1,0,0,0,8252
30994,-3.1381192207336426,20,-0.6056162714958191,0.3911276161670685,-2.5325028896331787,0.07518866658210754,1,0,1,1,8252
31017,-0.6495274901390076,1552,-0.5090361833572388,0.28231480717658997,-0.1404912769794464,0.48130613565444946,1,0,0,0,8252
31021,0.6148194670677185,3598,0.39421311020851135,0.26529595255851746,0.22060640156269073,0.00021933029347565025,1,0,0,0,8252
31028,-1.171437382698059,828,-0.6842997074127197,0.2974408268928528,-0.4871376156806946,0.09191974252462387,1,0,0,0,8252
31031,-0.7073217034339905,1470,-0.2873742878437042,0.2933041453361511,-0.41994744539260864,3.4219136238098145,1,0,0,0,8252
31038,2.6589763164520264,4823,1.2263540029525757,0.20888479053974152,1.4326221942901611,-3.5362379691150636e-09,1,0,0,0,8252
31043,-0.02618393301963806,2647,0.03650660440325737,0.27846214175224304,-0.06269051879644394,0.2585979998111725,1,0,0,0,8252
31044,-0.36827054619789124,2053,-0.31924840807914734,0.276754230260849,-0.049022126942873,0.05748173967003822,1,1,0,0,8252
31047,0.9581247568130493,3995,0.49239063262939453,0.2551681697368622,0.4657340943813324,6.260756345000118e-05,1,0,0,0,8252
31055,-0.9943831562995911,1055,-0.6081149578094482,0.2942189872264862,-0.38626810908317566,0.006515088956803083,1,0,0,0,8252
31059,0.5964983105659485,3564,-0.562640905380249,0.22304542362689972,1.1591391563415527,6.873872756958008,1,0,0,0,8252
31062,-1.578320860862732,456,-0.8474153876304626,0.3074992597103119,-0.7309054136276245,2.3430709838867188,1,0,0,0,8252
31064,1.9968292713165283,4637,2.2533183097839355,0.28630760312080383,-0.256489098072052,-7.0020803391579456e-12,1,0,0,0,8252
31091,0.05110446736216545,2773,-0.29391494393348694,0.2595869302749634,0.3450193405151367,0.050566766411066055,1,0,0,0,8252
31109,-0.2620140612125397,2257,0.12400706112384796,0.29384440183639526,-0.38602107763290405,0.00010065304377349094,1,0,0,0,8252
31111,-1.5792772769927979,452,-0.22930216789245605,0.3373696506023407,-1.3499749898910522,0.1672317385673523,1,0,0,0,8252
31116,-1.3822840452194214,620,-0.6215819120407104,0.3105829358100891,-0.7607018947601318,0.0007409622194245458,1,0,0,0,8252
31120,5.849210262298584,4997,4.645617961883545,0.22019925713539124,1.2035926580429077,2.3080088742661144e-16,1,1,0,0,8252
31129,-1.1536731719970703,853,-0.6366965770721436,0.29952770471572876,-0.5169766545295715,0.14433811604976654,1,0,0,0,8252
31132,2.1138198375701904,4681,1.2643110752105713,0.23706090450286865,0.8495088815689087,-1.661400119701284e-06,1,0,0,0,8252
31137,-2.216651439666748,152,-0.4897402226924896,0.3548188805580139,-1.726911187171936,2.277477741241455,1,0,1,1,8252
31145,1.8838757276535034,4605,1.9096300601959229,0.2763303816318512,-0.025754541158676147,0.004140221513807774,1,0,0,0,8252
31149,0.5518947243690491,3499,-0.1724265068769455,0.24223485589027405,0.7243213057518005,0.00407484732568264,1,0,0,0,8252
31155,2.355175018310547,4744,0.9206743240356445,0.2108016014099121,1.4345005750656128,-1.0137572559187902e-08,1,0,0,0,8252
31180,3.152543306350708,4899,2.758333206176758,0.25683102011680603,0.3942100405693054,1.7449484565612572e-11,1,0,0,0,8252
31185,0.1559661477804184,2917,0.06723164767026901,0.27097779512405396,0.08873450011014938,0.02531052753329277,1,0,0,0,8252
31190,2.5099072456359863,4786,0.6332265138626099,0.19063954055309296,1.8766807317733765,6.809814658481628e-05,1,1,0,0,8252
31200,-0.9411918520927429,1130,0.09323437511920929,0.3233204483985901,-1.034426212310791,0.0015720888040959835,1,0,0,0,8252
31218,2.1621997356414795,4694,1.2737030982971191,0.2353455126285553,0.8884965777397156,-3.2077051059786754e-07,1,0,0,0,8252
31221,-0.06964162737131119,2583,-0.44356709718704224,0.2597845494747162,0.37392550706863403,2.575765371322632,1,0,0,0,8252
31222,1.3787988424301147,4336,0.1543704718351364,0.22089646756649017,1.2244282960891724,-5.5995908041950315e-05,1,0,0,0,8252
31225,-0.9633720517158508,1099,-0.22596541047096252,0.30945533514022827,-0.7374066710472107,1.7029610872268677,1,0,0,0,8252
31226,-0.8945885896682739,1193,-0.4126547873020172,0.2976343333721161,-0.4819338023662567,17.931310653686523,1,0,0,0,8252
31234,0.363467276096344,3242,0.228395015001297,0.269252747297287,0.13507221639156342,9.034020331455395e-05,1,0,0,0,8252
31240,-0.0668218731880188,2589,0.23454725742340088,0.2888151705265045,-0.3013691306114197,0.004547630436718464,1,0,0,0,8252
31243,-0.10013134777545929,2527,0.3516986072063446,0.2952471673488617,-0.4518298804759979,0.001871101325377822,1,1,0,0,8252
31248,3.325214147567749,4918,2.7724854946136475,0.24971309304237366,0.5527281165122986,-6.173415667554139e-10,1,0,0,0,8252
31255,-1.1260584592819214,890,-0.9080494046211243,0.28602370619773865,-0.21800918877124786,0.734052300453186,1,0,0,0,8252
31264,0.33677107095718384,3193,0.3491012156009674,0.2755416929721832,-0.01233020331710577,0.0004889844567514956,1,0,0,0,8252
31273,-1.3454669713974,654,0.013721692375838757,0.33722567558288574,-1.3591886758804321,0.001220127334818244,1,0,0,0,8252
31292,0.15353143215179443,2913,-0.07961227744817734,0.2650381028652191,0.23314368724822998,0.0016603029798716307,1,0,0,0,8252
31302,4.680166721343994,4989,4.293300151824951,0.25646519660949707,0.3868665397167206,-1.4357940834527905e-12,1,0,0,0,8252
31303,1.263238549232483,4247,-0.14048612117767334,0.21130286157131195,1.4037246704101562,0.9047425389289856,1,0,0,0,8252
31309,0.8328656554222107,3868,1.1352989673614502,0.2885759174823761,-0.3024333417415619,-3.175565765900501e-08,1,0,0,0,8252
31330,0.20326760411262512,3011,-0.4380496144294739,0.2460876703262329,0.6413171887397766,0.6735198497772217,1,0,0,0,8252
31347,-0.6504138112068176,1549,-0.14180390536785126,0.2978694438934326,-0.5086100101470947,0.0017932916525751352,1,0,0,0,8252
31355,-0.3620465397834778,2061,-0.660991907119751,0.26236772537231445,0.2989453673362732,3.6804044246673584,1,0,0,0,8252
31376,2.5781848430633545,4800,1.223551630973816,0.21460221707820892,1.3546335697174072,0.0004786214849445969,1,0,0,0,8252
31409,3.311108112335205,4915,3.4047226905822754,0.2804875075817108,-0.09361440688371658,-1.860669143717228e-14,1,0,0,0,8252
31439,0.41949206590652466,3330,-0.10777776688337326,0.25230923295021057,0.5272698402404785,0.007971650920808315,1,0,0,0,8252
31442,-1.233333706855774,770,-0.12168033421039581,0.32697877287864685,-1.111653208732605,0.358620285987854,1,0,0,0,8252
31474,0.9909605383872986,4024,-0.3811544179916382,0.21367068588733673,1.372115135192871,0.08841325342655182,1,0,0,0,8252
31485,0.1855953484773636,2976,0.7142502665519714,0.2988261580467224,-0.528654932975769,0.002850963966920972,1,0,0,0,8252
31494,0.3955443203449249,3292,0.07978730648756027,0.26057371497154236,0.31575703620910645,0.017526745796203613,1,0,0,0,8252
31516,-0.7820447683334351,1349,-0.7173183560371399,0.2787149250507355,-0.06472641229629517,1.9944071769714355,1,0,0,0,8252
31525,0.842380702495575,3882,0.3016091585159302,0.2506513297557831,0.540771484375,-3.023184717676486e-06,1,0,0,0,8252
31543,-0.5106498599052429,1808,-0.7571856379508972,0.2648867964744568,0.24653565883636475,0.9899067282676697,1,0,0,0,8252
31548,3.080462694168091,4893,1.9829676151275635,0.22472500801086426,1.0974950790405273,-1.9126203198993608e-07,1,0,0,0,8252
31551,-1.090948224067688,932,-0.8858593106269836,0.28676536679267883,-0.20508895814418793,0.41232824325561523,1,0,0,0,8252
31555,0.49736496806144714,3432,-0.21747718751430511,0.24188938736915588,0.7148421406745911,0.21187153458595276,1,0,0,0,8252
31557,-1.8723201751708984,297,-0.6903308033943176,0.3290436565876007,-1.181989312171936,0.05522580072283745,1,0,0,0,8252
31559,-2.3869125843048096,110,-0.392861545085907,0.36666151881217957,-1.9940509796142578,0.013085238635540009,1,0,1,1,8252
31561,1.1023975610733032,4121,0.9478806853294373,0.26806697249412537,0.15451692044734955,-8.642351531307213e-06,1,0,0,0,8252
31568,-1.9446535110473633,268,-0.4841737449169159,0.3406873345375061,-1.460479974746704,1.1463427543640137,1,0,0,0,8252
31574,1.4478309154510498,4382,1.2044509649276733,0.2650560140609741,0.24337998032569885,-2.0060681436007144e-06,1,0,0,0,8252
31578,-0.49442559480667114,1831,-0.6735599040985107,0.2678455412387848,0.17913435399532318,3.4766573905944824,1,0,0,0,8252
31582,0.09321191161870956,2836,-0.5515265464782715,0.2470129281282425,0.644738495349884,0.03472740203142166,1,0,0,0,8252
31592,0.2187102884054184,3032,0.4143953025341034,0.28499114513397217,-0.19568496942520142,7.93795334175229e-06,1,0,0,0,8252
31611,-0.7240745425224304,1440,-0.5512910485267639,0.2838505208492279,-0.17278358340263367,0.2977440059185028,1,0,0,0,8252
31620,-1.5848331451416016,446,-0.793708086013794,0.31239596009254456,-0.7911251187324524,1.642345666885376,1,0,0,0,8252
31631,-0.9243268966674805,1152,-0.3383086025714874,0.3024829626083374,-0.5860182642936707,1.5338443517684937,1,0,0,0,8252
31641,-0.4031739830970764,1995,-0.39255815744400024,0.2778598368167877,-0.010615852661430836,0.12104471027851105,1,0,0,0,8252
31646,-1.6576318740844727,403,-0.665010392665863,0.3205428719520569,-0.9926214218139648,3.7574753761291504,1,0,0,0,8252
31647,0.06361184269189835,2789,-0.5834295153617859,0.24522297084331512,0.6470412611961365,1.657609224319458,1,0,0,0,8252
31650,0.42502766847610474,3340,-0.42517223954200745,0.23828183114528656,0.8501998782157898,0.01999504677951336,1,0,0,0,8252
31667,-0.18850043416023254,2368,-0.40716123580932617,0.265289843082428,0.21866083145141602,0.7810330986976624,1,0,0,0,8252
31673,0.2695520222187042,3095,-0.3411553204059601,0.24869227409362793,0.6107074022293091,0.19986002147197723,1,0,0,0,8252
31688,1.1499316692352295,4157,-0.00940608512610197,0.22326286137104034,1.1593377590179443,0.2945217490196228,1,0,0,0,8252
31696,1.7374975681304932,4540,1.3682725429534912,0.26030614972114563,0.3692251145839691,0.01429146621376276,1,0,0,0,8252
31708,0.8488807678222656,3889,0.2743273377418518,0.2506345212459564,0.5745535492897034,6.337590548355365e-06,1,0,0,0,8252
31710,-0.7649885416030884,1380,0.1791868358850479,0.32003968954086304,-0.9441755414009094,0.05319458991289139,1,0,0,0,8252
31716,-1.477220058441162,521,-0.7532820105552673,0.3095614016056061,-0.7239379286766052,4.117974758148193,1,0,0,0,8252
31729,0.27813801169395447,3103,0.21158121526241302,0.27155300974845886,0.06655678898096085,-1.299883365390997e-07,1,0,0,0,8252
31781,-1.2585972547531128,742,-0.5723594427108765,0.3068700134754181,-0.6862379312515259,1.6992477178573608,1,0,0,0,8252
31782,0.4320344030857086,3352,-0.632891833782196,0.22729526460170746,1.064926266670227,0.0019611711613833904,1,0,0,0,8252
31791,0.8734350204467773,3920,-0.045392245054244995,0.23308353126049042,0.9188273549079895,0.02622363716363907,1,0,0,0,8252
31793,0.6859702467918396,3694,-0.07480332255363464,0.24087558686733246,0.7607734799385071,0.12114459276199341,1,0,0,0,8252
31801,2.582063913345337,4803,1.665895700454712,0.23322759568691254,0.9161683917045593,-1.892188265628647e-05,1,0,0,0,8252
31817,-0.7870954871177673,1340,-0.07938456535339355,0.30686086416244507,-0.7077110409736633,0.0410030223429203,1,0,0,0,8252
31833,4.398829936981201,4980,3.1471149921417236,0.21769610047340393,1.2517156600952148,-6.121172362386074e-14,1,0,0,0,8252
31836,-1.8347980976104736,314,-0.6625704169273376,0.3293766379356384,-1.1722279787063599,0.009560894221067429,1,0,0,0,8252
31856,2.2052879333496094,4705,1.5872284173965454,0.24691171944141388,0.6180593967437744,-1.822907620407932e-07,1,0,0,0,8252
31864,0.8041966557502747,3840,0.9802237749099731,0.2839977443218231,-0.17602716386318207,0.003915068693459034,1,0,0,0,8252
31867,1.2807821035385132,4266,0.9683157205581665,0.26195842027664185,0.31246626377105713,1.0554558684816584e-05,1,0,0,0,8252
31875,-2.719738245010376,51,-0.609765887260437,0.3722768723964691,-2.1099722385406494,0.8163944482803345,1,0,1,1,8252
31877,0.24898946285247803,3074,0.2738507390022278,0.2773115634918213,-0.02486126497387886,9.625877282815054e-06,1,0,0,0,8252
31883,-1.0863243341445923,938,-0.801794171333313,0.2890188694000244,-0.2845301628112793,3.2117531299591064,1,0,0,0,8252
31892,2.3720016479492188,4752,0.5287548303604126,0.19123323261737823,1.8432470560073853,1.1860602171509527e-05,1,0,0,0,8252
31901,0.7961622476577759,3832,0.3074759244918823,0.25421690940856934,0.48868629336357117,0.00016240817785728723,1,0,0,0,8252
31922,-0.7986907958984375,1325,-0.5544182062149048,0.28769323229789734,-0.2442726194858551,0.5165634155273438,1,0,0,0,8252
31949,1.735089898109436,4538,0.8809123039245605,0.23777209222316742,0.8541776537895203,0.001776677556335926,1,0,0,0,8252
31960,-0.47249990701675415,1870,-0.08767743408679962,0.2933306396007538,-0.3848225772380829,6.020145519869402e-06,1,0,0,0,8252
31973,-1.0368849039077759,1002,-0.7417413592338562,0.2895708382129669,-0.2951434552669525,5.155137062072754,1,0,0,0,8252
31977,-0.5722572207450867,1701,-0.5632350444793701,0.27645814418792725,-0.009022209793329239,1.8952502012252808,1,0,0,0,8252
31994,0.34564968943595886,3210,-0.2522805333137512,0.24805612862110138,0.5979301929473877,0.08773952722549438,1,0,0,0,8252
31995,1.6061939001083374,4471,1.3981183767318726,0.26594337821006775,0.20807568728923798,0.00017818444757722318,1,0,0,0,8252
32001,-1.4068223237991333,592,-0.6891766786575317,0.3076144754886627,-0.7176458835601807,0.0905052050948143,1,0,0,0,8252
32012,0.024739891290664673,2722,-0.06669565290212631,0.27170661091804504,0.09143552929162979,0.40319257974624634,1,0,0,0,8252
32015,0.2062704861164093,3015,-0.7395517230033875,0.23276400566101074,0.9458221793174744,1.7121638059616089,1,0,0,0,8252
32031,-0.8713411688804626,1225,-0.13839702308177948,0.31001731753349304,-0.7329441905021667,0.03779849410057068,1,0,0,0,8252
32044,0.5702194571495056,3520,-0.9086455702781677,0.2091914862394333,1.4788650274276733,6.281552314758301,1,1,0,0,8252
32048,-0.41591891646385193,1973,-0.7483826875686646,0.2592388391494751,0.33246365189552307,0.033595338463783264,1,0,0,0,8252
32055,-0.6745131015777588,1518,-0.6972396373748779,0.27549025416374207,0.022726399824023247,10.640361785888672,1,0,0,0,8252
32079,-0.4760499894618988,1864,-0.6591855883598328,0.2683182656764984,0.18313561379909515,2.1540260314941406,1,0,0,0,8252
32093,2.483102321624756,4781,2.3979949951171875,0.2718415856361389,0.08510741591453552,-7.405168389595929e-08,1,0,0,0,8252
32118,0.47134119272232056,3395,-0.5685283541679382,0.22943735122680664,1.0398696660995483,0.04589814692735672,1,0,0,0,8252
32122,-0.26212331652641296,2256,0.3528931140899658,0.30377671122550964,-0.6150164008140564,-4.053508746437728e-06,1,1,0,0,8252
32124,-1.019604206085205,1027,-0.7647207379341125,0.2866637706756592,-0.25488340854644775,6.203266143798828,1,0,0,0,8252
32137,-0.5399603247642517,1755,-0.6008337140083313,0.27261602878570557,0.060873400419950485,0.9183745980262756,1,0,0,0,8252
32184,3.0851492881774902,4894,1.7149412631988525,0.21300660073757172,1.3702081441879272,0.01262694876641035,1,0,0,0,8252
32195,0.49536824226379395,3429,-0.6851264834403992,0.2217370718717575,1.180494785308838,0.36174777150154114,1,0,0,0,8252
32196,1.3453724384307861,4315,0.6006631851196289,0.24358637630939484,0.7447090148925781,0.13713091611862183,1,0,0,0,8252
32199,-0.5564727783203125,1722,-0.0928502306342125,0.29581084847450256,-0.4636225700378418,0.02413182146847248,1,0,0,0,8252
32216,-0.7022653222084045,1477,-0.6301431059837341,0.27930352091789246,-0.07212214916944504,0.349936842918396,1,0,0,0,8252
32227,1.0168343782424927,4043,-0.4518933892250061,0.21012289822101593,1.468727707862854,0.5053598880767822,1,0,0,0,8252
32231,-1.8288118839263916,315,-0.28252312541007996,0.3464321792125702,-1.5462887287139893,0.0001400439941789955,1,0,0,0,8252
32238,0.18961608409881592,2984,-0.4660056531429291,0.24601803719997406,0.6556217670440674,0.2643736004829407,1,0,0,0,8252
32255,-0.8328534960746765,1283,-0.9844014048576355,0.2681761682033539,0.1515478491783142,1.81318998336792,1,0,0,0,8252
32272,1.599369764328003,4466,1.7379487752914429,0.2821904122829437,-0.13857924938201904,-9.502167941377593e-10,1,0,0,0,8252
32277,-0.40103965997695923,1998,-0.34707769751548767,0.2793770730495453,-0.053961921483278275,0.1651468425989151,1,0,0,0,8252
32324,-0.0935794785618782,2541,-0.32084766030311584,0.2645718455314636,0.22726817429065704,0.34782546758651733,1,0,0,0,8252
32333,1.3213447332382202,4296,-0.023139730095863342,0.21453475952148438,1.344484567642212,0.029414601624011993,1,0,0,0,8252
32336,-0.3251790404319763,2152,0.4321674406528473,0.3092418909072876,-0.7573465704917908,-6.250400588214688e-07,1,0,0,0,8252
32342,-0.37496235966682434,2043,-0.4621586501598358,0.27139946818351746,0.0871962234377861,3.5575287342071533,1,0,0,0,8252
32352,0.11033795028924942,2860,-0.586395263671875,0.2448645830154419,0.6967332363128662,1.0906049013137817,1,0,0,0,8252
32364,1.4452661275863647,4378,0.7612152695655823,0.2440222054719925,0.6840507984161377,-9.016074997703072e-09,1,0,0,0,8252
32386,1.6466363668441772,4493,0.4802754521369934,0.22268114984035492,1.166360855102539,-1.0700783604988828e-05,1,0,0,0,8252
32393,-0.4614708423614502,1887,-0.11666768044233322,0.2900826930999756,-0.344803124666214,0.04465940222144127,1,0,0,0,8252
32425,2.2527732849121094,4720,2.2044739723205566,0.27285870909690857,0.04829978942871094,3.242000445879967e-08,1,0,0,0,8252
32427,0.8976733088493347,3947,0.19940270483493805,0.24403326213359833,0.6982707381248474,5.615737336484017e-06,1,0,0,0,8252
32431,-0.06693515926599503,2588,-0.14872345328330994,0.2730165123939514,0.08178829401731491,0.03359977900981903,1,0,0,0,8252
32452,0.7198201417922974,3742,-0.5267113447189331,0.2180611938238144,1.2465312480926514,0.19365787506103516,1,0,0,0,8252
32468,2.030928611755371,4654,1.1918063163757324,0.23654544353485107,0.8391224145889282,0.001123214140534401,1,0,0,0,8252
32481,-1.7337559461593628,362,-0.7076905965805054,0.3226071298122406,-1.0260652303695679,0.6426464319229126,1,0,0,0,8252
32511,-0.9904567003250122,1062,-1.121505856513977,0.2694720923900604,0.1310492604970932,18.73871612548828,1,0,0,0,8252
32516,-1.8947399854660034,288,-1.0044852495193481,0.3173925578594208,-0.8902547955513,0.15126366913318634,1,0,0,0,8252
32529,3.982905626296997,4968,2.9952380657196045,0.2297067940235138,0.9876670837402344,2.458791156789708e-11,1,0,0,0,8252
32530,0.626760721206665,3618,0.8279982805252075,0.2854538857936859,-0.2012375146150589,1.879391129477881e-05,1,0,0,0,8252
32548,4.314576148986816,4978,3.963085174560547,0.25989413261413574,0.35149064660072327,1.599156397580348e-11,1,0,0,0,8252
32554,-0.4031592309474945,1996,-0.2719995677471161,0.2818208634853363,-0.13115964829921722,0.025488683953881264,1,0,0,0,8252
32556,-1.4971674680709839,511,-0.5688431859016418,0.3184204697608948,-0.9283240437507629,0.010000834241509438,1,0,0,0,8252
32559,1.2580584287643433,4241,0.41564735770225525,0.23742759227752686,0.8424110412597656,0.0006602306966669858,1,0,0,0,8252
32566,0.31259939074516296,3151,0.32302647829055786,0.27609941363334656,-0.010427023284137249,0.00012582569615915418,1,0,0,0,8252
32576,-2.4210269451141357,103,0.2101091891527176,0.39493969082832336,-2.6311357021331787,0.05942711979150772,1,0,1,1,8252
32598,-3.0257480144500732,32,-0.9647060632705688,0.3698900640010834,-2.061041831970215,2.1863417625427246,1,0,1,1,8252
32625,-0.1029660701751709,2521,-0.4309704899787903,0.2621701657772064,0.3280043303966522,0.003931140061467886,1,0,0,0,8252
32636,-0.36151060461997986,2064,0.3773230016231537,0.3090835213661194,-0.7388336062431335,0.003974138293415308,1,0,0,0,8252
32641,1.5080634355545044,4415,1.5560214519500732,0.27775681018829346,-0.04795818030834198,0.00014035598724149168,1,0,0,0,8252
32656,-1.149017333984375,859,-0.6664009094238281,0.2974223494529724,-0.48261648416519165,3.345318078994751,1,1,0,0,8252
32658,0.3696224093437195,3258,1.3283348083496094,0.31958669424057007,-0.9587125182151794,6.115838573350629e-07,1,0,0,0,8252
32667,0.003325778292492032,2684,-0.01915583573281765,0.2743254601955414,0.02248159609735012,0.0005770969437435269,1,0,0,0,8252
32677,2.6812679767608643,4826,1.7479108572006226,0.23241972923278809,0.9333569407463074,-8.228474568383604e-10,1,0,0,0,8252
32719,-1.4470573663711548,554,-0.7934609651565552,0.30619579553604126,-0.6535964608192444,1.151671290397644,1,0,0,0,8252
32747,-0.859658420085907,1247,-0.5591206550598145,0.28909847140312195,-0.30053791403770447,0.6635308861732483,1,0,0,0,8252
32751,-0.7586871981620789,1392,-0.7329891920089722,0.27721264958381653,-0.025697877630591393,1.4046826362609863,1,0,0,0,8252
32753,1.0801178216934204,4102,0.9713461995124817,0.27167418599128723,0.10877174139022827,-2.2509495920530753e-06,1,0,0,0,8252
32758,0.6718317270278931,3676,-0.04084981605410576,0.2432311773300171,0.7126815319061279,0.5506399273872375,1,0,0,0,8252
32764,-2.128329038619995,188,-0.24909400939941406,0.36159467697143555,-1.8792352676391602,7.320284843444824,1,0,1,1,8252
32769,-2.021123170852661,231,-0.9011301398277283,0.32602325081825256,-1.1199934482574463,4.311461448669434,1,0,1,1,8252
32770,0.3307144343852997,3177,-0.20924608409404755,0.25039371848106384,0.5399604439735413,0.0008785355603322387,1,0,0,0,8252
32773,0.4726143479347229,3398,0.4109954833984375,0.2721818685531616,0.06161884590983391,0.03380611911416054,1,0,0,0,8252
32780,1.251839518547058,4235,0.005319871008396149,0.21918551623821259,1.2465198040008545,0.00827743113040924,1,0,0,0,8252
32782,0.634197473526001,3628,0.09284292906522751,0.25093233585357666,0.5413544178009033,0.0013654159847646952,1,0,0,0,8252
32785,0.23010829091072083,3050,0.8212414979934692,0.30268147587776184,-0.591133177280426,8.621282887588677e-08,1,0,0,0,8252
32788,0.8809072375297546,3929,-0.21990220248699188,0.22586575150489807,1.1008094549179077,0.0005793169257231057,1,0,0,0,8252
32795,1.9980581998825073,4640,2.142836332321167,0.2807128429412842,-0.14477837085723877,-4.9038477271945435e-12,1,1,0,0,8252
32796,1.8127974271774292,4572,0.9613053202629089,0.23682914674282074,0.8514918684959412,-1.1351121429470368e-06,1,0,0,0,8252
32798,2.049722671508789,4663,1.6218992471694946,0.25588685274124146,0.4278233051300049,-7.345165031757972e-10,1,0,0,0,8252
32801,0.3193915784358978,3164,0.14891715347766876,0.26808103919029236,0.17047445476055145,0.012769544497132301,1,1,0,0,8252
32804,-1.7146542072296143,371,-1.070550560951233,0.3049791753292084,-0.6441037058830261,27.056175231933594,1,0,0,0,8252
32805,1.438822627067566,4373,-0.7297852039337158,0.17819717526435852,2.1686079502105713,0.014113731682300568,1,0,0,0,8252
32817,-2.016353130340576,233,0.154931902885437,0.37432605028152466,-2.1712851524353027,9.212356235366315e-05,1,1,1,0,8252
32821,0.08195089548826218,2816,0.7244331240653992,0.3048761188983917,-0.6424821615219116,-1.8547219315934171e-09,1,0,0,0,8252
32824,-2.301342248916626,128,-0.5800263285636902,0.35524532198905945,-1.7213159799575806,2.7625648975372314,1,0,1,1,8252
32833,0.9765265583992004,4012,0.40829309821128845,0.2500433921813965,0.5682334899902344,0.0002600195584818721,1,0,0,0,8252
32835,-0.4137541353702545,1975,-0.11416704952716827,0.29074689745903015,-0.29958710074424744,0.6643646955490112,1,0,0,0,8252
32845,-0.5561413168907166,1724,-0.6390706896781921,0.2724741995334625,0.08292936533689499,0.5418883562088013,1,0,0,0,8252
32849,-1.795559287071228,330,-0.3919124901294708,0.34029099345207214,-1.4036468267440796,1.1502506732940674,1,0,0,0,8252
32862,-0.3382926881313324,2121,-0.8251064419746399,0.2543489933013916,0.48681363463401794,3.029642105102539,1,0,0,0,8252
32863,-2.014167070388794,234,-0.44740214943885803,0.34693989157676697,-1.5667649507522583,0.0020019025541841984,1,0,1,1,8252
32864,-0.5962269902229309,1651,-0.561331570148468,0.27669090032577515,-0.03489543870091438,2.1913418769836426,1,0,0,0,8252
32877,0.016512347385287285,2705,0.10423282533884048,0.2794496417045593,-0.08772049099206924,0.054572708904743195,1,0,0,0,8252
32889,-1.196000099182129,798,-0.7620887160301208,0.29597359895706177,-0.43391153216362,0.07129931449890137,1,0,0,0,8252
32891,1.3083962202072144,4283,0.639229953289032,0.24576906859874725,0.6691662669181824,6.665559340035543e-05,1,0,0,0,8252
32895,1.3134554624557495,4289,1.0569947957992554,0.263068288564682,0.25646069645881653,-1.7272980130655924e-06,1,0,0,0,8252
32900,0.5003923773765564,3437,-0.07328914105892181,0.2494436502456665,0.5736814141273499,-4.232709670759505e-06,1,0,0,0,8252
32906,0.3705609142780304,3260,0.8888208270072937,0.29794207215309143,-0.5182598233222961,-7.726637818450399e-08,1,0,0,0,8252
32910,2.4928576946258545,4782,0.811219334602356,0.19722406566143036,1.6816383600234985,0.0025970120914280415,1,0,0,0,8252
32912,2.10628342628479,4678,2.3711440563201904,0.2876534163951874,-0.26486051082611084,8.618062860565878e-12,1,0,0,0,8252
32919,-0.6498719453811646,1550,-0.5866713523864746,0.2799619436264038,-0.06320066750049591,0.9422115087509155,1,0,0,0,8252
32924,-0.039980825036764145,2627,-0.20708203315734863,0.26774632930755615,0.16710114479064941,0.03981318697333336,1,0,0,0,8252
32926,-1.1200675964355469,902,-0.4490755498409271,0.3069887161254883,-0.6709919571876526,0.026097578927874565,1,0,0,0,8252
32935,0.1058594137430191,2851,-0.5096365213394165,0.24695299565792084,0.6154958605766296,0.43379417061805725,1,0,0,0,8252
32942,1.5132321119308472,4417,1.3575267791748047,0.2677028775215149,0.15570537745952606,1.0471855603100266e-05,1,0,0,0,8252
32944,-2.103040933609009,195,-0.9352856874465942,0.3286477029323578,-1.1677552461624146,1.8918185234069824,1,0,1,1,8252
32946,1.0121656656265259,4041,1.3624293804168701,0.29107633233070374,-0.3502635657787323,0.0020476211793720722,1,1,0,0,8252
32950,-0.856651246547699,1252,-0.689187228679657,0.28413769602775574,-0.16746394336223602,0.7511552572250366,1,0,0,0,8252
32957,0.22244925796985626,3039,-0.0628085732460022,0.26409223675727844,0.28525781631469727,0.00011476547661004588,1,0,0,0,8252
32976,-0.06077628210186958,2598,0.019996484741568565,0.2780834436416626,-0.0807727798819542,-0.011983538046479225,1,0,0,0,8252
32978,-0.007700481917709112,2663,-0.864081084728241,0.23731660842895508,0.8563805818557739,1.0164567232131958,1,0,0,0,8252
32999,1.4680230617523193,4395,-0.35630255937576294,0.19176940619945526,1.824325442314148,0.0011965988669544458,1,0,0,0,8252
33001,-1.5670772790908813,460,-0.4844364821910858,0.3252244293689728,-1.0826407670974731,0.009881031699478626,1,0,0,0,8252
33006,0.9195188879966736,3969,1.7948306798934937,0.31579524278640747,-0.8753121495246887,3.6767161537554216e-10,1,0,0,0,8252
33017,-1.9506365060806274,266,-0.6125733256340027,0.3360465168952942,-1.3380632400512695,0.02672278694808483,1,0,0,1,8252
33035,0.8284292221069336,3862,0.09167298674583435,0.24123191833496094,0.7367562651634216,2.1390808342403034e-06,1,0,0,0,8252
33039,-3.1180131435394287,23,-0.9872044920921326,0.37220653891563416,-2.1308083534240723,6.525831699371338,1,0,1,1,8252
33056,-0.15733642876148224,2423,-0.6420990824699402,0.25322845578193665,0.4847627282142639,5.480513572692871,1,0,0,0,8252
33064,0.7571156024932861,3789,-0.2050902098417282,0.23184505105018616,0.9622060060501099,0.02602349780499935,1,0,0,0,8252
33067,-0.155496284365654,2425,0.142527237534523,0.2884882390499115,-0.2980235517024994,1.417882685927907e-06,1,0,0,0,8252
33079,-0.7194758057594299,1446,-0.5757940411567688,0.28268343210220337,-0.14368179440498352,-0.0037683011032640934,1,0,0,0,8252
33116,-0.09452968835830688,2537,0.33208051323890686,0.2949090898036957,-0.42661020159721375,4.0700491808820516e-05,1,0,0,0,8252
33125,-0.524385392665863,1782,-0.361346572637558,0.28403428196907043,-0.16303874552249908,0.35065150260925293,1,0,0,0,8252
33136,-0.7470182776451111,1408,-0.41536960005760193,0.2906712293624878,-0.33164867758750916,2.452578544616699,1,0,0,0,8252
33138,1.4508192539215088,4384,0.6567720770835876,0.23959985375404358,0.7940471768379211,0.0012709383154287934,1,1,0,0,8252
33142,0.6652085185050964,3667,-0.10844933986663818,0.23974569141864777,0.7736577391624451,1.080819845199585,1,1,0,0,8252
33154,-0.09379207342863083,2540,0.12076536566019058,0.28555846214294434,-0.2145574390888214,3.217419362044893e-06,1,0,0,0,8252
33161,-0.4226320683956146,1962,-0.272253155708313,0.28257763385772705,-0.15037895739078522,0.09903740882873535,1,0,0,0,8252
33163,-0.43503066897392273,1941,-0.5055327415466309,0.27338114380836487,0.07050201296806335,3.437732219696045,1,1,0,0,8252
33166,-0.3240179717540741,2155,0.23748598992824554,0.3025069832801819,-0.5615039467811584,1.9546916484832764,1,0,0,0,8252
33172,-0.7079965472221375,1469,-0.19963835179805756,0.2987419366836548,-0.5083582401275635,0.0009374329820275307,1,0,0,0,8252
33193,1.399153470993042,4353,0.23501653969287872,0.22211404144763947,1.1641370058059692,0.000950493267737329,1,0,0,0,8252
33199,0.023440111428499222,2718,-0.06916933506727219,0.2712448835372925,0.09260942786931992,0.0005313006113283336,1,0,0,0,8252
33246,-1.1342270374298096,876,0.2202126532793045,0.3371705114841461,-1.3544397354125977,0.011733787134289742,1,0,0,0,8252
33259,-0.14668817818164825,2439,-0.5415785908699036,0.2587640583515167,0.39489051699638367,12.489686965942383,1,0,0,0,8252
33269,-1.0080479383468628,1041,-0.390917032957077,0.3047409951686859,-0.6171308755874634,3.6499760150909424,1,0,0,0,8252
33283,-1.018964409828186,1028,-0.2020391970872879,0.31291714310646057,-0.8169254660606384,0.5719002485275269,1,0,0,0,8252
33289,-0.010156989097595215,2662,-0.8654996156692505,0.23720772564411163,0.8553425073623657,2.0833282470703125,1,0,0,0,8252
33294,0.7125890254974365,3731,0.319447785615921,0.2577269375324249,0.3931412994861603,-1.8105733579076855e-09,1,0,0,0,8252
33295,3.354426145553589,4922,2.83208966255188,0.25201475620269775,0.5223361849784851,-2.2346527406291727e-10,1,0,0,0,8252
33297,-0.6891254782676697,1497,-0.37759625911712646,0.2902149558067322,-0.3115292191505432,0.8275636434555054,1,0,0,0,8252
33304,0.2841969430446625,3111,0.08118685334920883,0.2654823958873749,0.20301006734371185,3.183252192684449e-05,1,0,0,0,8252
33306,1.442881464958191,4376,0.7823392748832703,0.24458818137645721,0.6605421900749207,-3.751268309315492e-07,1,0,0,0,8252
33311,-0.38375160098075867,2029,0.8215128779411316,0.33077603578567505,-1.2052645683288574,9.557319572195411e-05,1,0,0,0,8252
33313,-0.6251924633979797,1597,-0.7588154673576355,0.2702420651912689,0.1336228996515274,0.2918795943260193,1,0,0,0,8252
33319,0.47615739703178406,3404,0.4882616698741913,0.27585193514823914,-0.012104267254471779,-6.797256901336368e-06,1,0,0,0,8252
33320,-0.19253315031528473,2362,-0.3664666712284088,0.2675858736038208,0.17393355071544647,0.4464483857154846,1,0,0,0,8252
33331,0.6279833316802979,3620,0.36152514815330505,0.2644472122192383,0.266458123922348,-2.479120269072155e-07,1,0,0,0,8252
33333,0.6982097625732422,3710,-0.6710130572319031,0.21387827396392822,1.3692227602005005,0.5009126663208008,1,0,0,0,8252
33338,-0.3353782892227173,2130,-0.2912501096725464,0.2784973084926605,-0.044128239154815674,0.012019496411085129,1,0,0,0,8252
33354,-2.0337202548980713,223,-0.2985081374645233,0.35443323850631714,-1.7352122068405151,0.008843548595905304,1,0,1,1,8252
33394,0.2586689889431,3082,-0.5314679145812988,0.2399086207151413,0.7901369333267212,0.5741342902183533,1,0,0,0,8252
33423,-0.09857454150915146,2530,-0.2040027230978012,0.26973751187324524,0.10542817413806915,1.3719127309741452e-06,1,0,0,0,8252
33424,-0.1713295727968216,2395,0.1651073694229126,0.2908209562301636,-0.3364369571208954,0.2884652018547058,1,0,0,0,8252
33429,0.8965110182762146,3945,0.9216669201850891,0.27663496136665344,-0.025155866518616676,0.00024455523816868663,1,0,0,0,8252
33430,2.846177577972412,4853,2.335334062576294,0.25116005539894104,0.5108435750007629,-6.8287884028017665e-12,1,0,0,0,8252
33435,-1.9643001556396484,259,-0.9073030352592468,0.3243272304534912,-1.0569971799850464,5.901830673217773,1,0,0,1,8252
33454,0.40544167160987854,3303,-0.36025533080101013,0.2409043312072754,0.7656970024108887,0.021349817514419556,1,0,0,0,8252
33455,0.32121625542640686,3167,-0.2581271231174469,0.24858656525611877,0.579343318939209,0.00018234446179121733,1,0,0,0,8252
33464,0.2184261828660965,3031,-0.2266196757555008,0.2557171881198883,0.4450458586215973,0.5928962230682373,1,0,0,0,8252
33467,-0.2895430624485016,2213,0.27734413743019104,0.3012443780899048,-0.5668871402740479,-1.1845371545859962e-06,1,0,0,0,8252
33476,-1.055280089378357,980,-0.4847078323364258,0.3015574812889099,-0.5705722570419312,0.3672574758529663,1,0,0,0,8252
33477,1.1535955667495728,4162,0.5827311873435974,0.24999777972698212,0.5708644390106201,0.0003794239601120353,1,0,0,0,8252
33494,-0.3286069631576538,2146,-0.7288411855697632,0.2581370770931244,0.400234192609787,0.2524077892303467,1,0,0,0,8252
33504,-2.5598301887512207,75,-0.6593863368034363,0.36141887307167053,-1.9004439115524292,4.623353004455566,1,0,1,1,8252
33534,-0.3324548006057739,2134,-0.9142579436302185,0.2497849464416504,0.5818030834197998,8.236165046691895,1,0,0,0,8252
33552,0.08605042845010757,2826,-0.3782055377960205,0.25529393553733826,0.4642559587955475,0.17261673510074615,1,0,0,0,8252
33555,-1.4885717630386353,515,-0.7193233370780945,0.3104870021343231,-0.7692485451698303,3.450608253479004,1,1,0,0,8252
33567,-1.7445110082626343,358,-0.15568232536315918,0.3483392000198364,-1.5888288021087646,5.134371576787089e-07,1,0,0,0,8252
33576,-1.1401056051254272,871,-0.8148080706596375,0.29132941365242004,-0.3252975642681122,0.0056939986534416676,1,0,0,0,8252
33578,1.1271482706069946,4139,0.0810621902346611,0.2277369350194931,1.0460859537124634,0.30464422702789307,1,0,0,0,8252
33579,-0.7219610214233398,1443,-0.24186097085475922,0.2983716130256653,-0.48010000586509705,7.430604934692383,1,0,0,0,8252
33606,1.581203579902649,4455,1.2377688884735107,0.2602085471153259,0.343434602022171,0.003366227261722088,1,0,0,0,8252
33609,-0.5955309271812439,1653,-0.7273315191268921,0.2691393494606018,0.1318005621433258,0.13705912232398987,1,0,0,0,8252
33622,-1.1259435415267944,891,-0.46430978178977966,0.3060491979122162,-0.6616336703300476,0.09021458029747009,1,0,0,0,8252
33628,0.3053482472896576,3139,0.37250393629074097,0.2785739600658417,-0.06715568900108337,0.005419992841780186,1,0,0,0,8252
33629,-1.3711727857589722,634,-0.27030572295188904,0.3241357207298279,-1.1008670330047607,0.9516297578811646,1,0,0,0,8252
33631,0.9513007998466492,3988,-0.16938281059265137,0.22454173862934113,1.1206835508346558,0.026799364015460014,1,0,0,0,8252
33634,-0.4259997010231018,1956,0.09363331645727158,0.2986593544483185,-0.5196330547332764,0.0001707517949398607,1,0,0,0,8252
33645,1.853346824645996,4589,0.24706149101257324,0.2032703012228012,1.6062854528427124,0.013553064316511154,1,0,0,0,8252
33682,-0.5760164856910706,1695,-0.24489927291870117,0.2911613881587982,-0.3311172425746918,0.12814626097679138,1,0,0,0,8252
33702,0.1531883180141449,2912,-0.1840638965368271,0.2603953778743744,0.3372522294521332,0.1288931667804718,1,0,0,0,8252
33706,-0.7096416354179382,1466,-0.22027488052845,0.29739901423454285,-0.48936668038368225,0.00017957165255211294,1,0,0,0,8252
33707,-0.1273476928472519,2478,-0.9508832097053528,0.23910675942897797,0.8235355615615845,8.421615600585938,1,0,0,0,8252
33710,1.3933213949203491,4346,0.9631791114807129,0.2562509775161743,0.4301423728466034,3.7226559612690835e-08,1,0,0,0,8252
33720,-0.6106763482093811,1626,-0.432645708322525,0.28376540541648865,-0.1780305951833725,0.04284266382455826,1,0,0,0,8252
33723,-0.3225923776626587,2158,-0.733538031578064,0.25826922059059143,0.4109456539154053,0.4177665412425995,1,0,0,0,8252
33737,2.991061210632324,4879,2.0054051876068115,0.23017458617687225,0.9856562614440918,-6.949164854663792e-11,1,0,0,0,8252
33747,-0.6667988896369934,1529,-0.265682190656662,0.2953435778617859,-0.4011166989803314,0.6306232213973999,1,0,0,0,8252
33757,-0.7979848980903625,1326,-0.5742597579956055,0.28493255376815796,-0.22372503578662872,0.12684491276741028,1,0,0,0,8252
33765,-1.2870904207229614,709,-0.058684803545475006,0.329698771238327,-1.2284055948257446,-3.453828583133145e-07,1,0,0,0,8252
33768,0.8732606768608093,3919,-0.40755733847618103,0.21803918480873108,1.2808181047439575,0.0022714040242135525,1,1,0,0,8252
33795,-0.6053035855293274,1636,-0.3171292841434479,0.2879406213760376,-0.2881743013858795,0.34964531660079956,1,0,0,0,8252
33800,-1.1690691709518433,832,-0.5497066378593445,0.3028089702129364,-0.6193627119064331,1.0191971063613892,1,0,0,0,8252
33818,-0.5142601132392883,1800,-0.22517943382263184,0.28840911388397217,-0.28908073902130127,0.0014251702232286334,1,0,0,0,8252
33820,3.830099582672119,4959,2.8975207805633545,0.23279039561748505,0.9325788617134094,1.0478382744816273e-10,1,0,0,0,8252
33835,1.8110069036483765,4570,1.4112739562988281,0.2575792074203491,0.3997330963611603,-4.5037623408461513e-08,1,0,0,0,8252
33837,0.5399025082588196,3479,0.13214512169361115,0.2566171884536743,0.407757431268692,0.030367542058229446,1,0,0,0,8252
33853,-1.418258547782898,578,-0.8962253928184509,0.29927393794059753,-0.5220330953598022,0.24912269413471222,1,0,0,0,8252
33873,1.2997664213180542,4275,1.6051079034805298,0.2903793454170227,-0.30534133315086365,-1.2956875252712052e-05,1,0,0,0,8252
33875,0.5005984902381897,3438,-0.5359065532684326,0.22837363183498383,1.0365049839019775,3.172491744862782e-07,1,0,0,0,8252
33878,0.28380903601646423,3109,0.41723567247390747,0.2836225926876068,-0.13342665135860443,-0.004596898332238197,1,0,0,0,8252
33889,-0.7404703497886658,1417,-0.36620911955833435,0.2931188642978668,-0.3742612302303314,1.9739137887954712,1,0,0,0,8252
33891,0.7089595198631287,3724,-0.26938775181770325,0.2314399927854538,0.9783472418785095,2.067157745361328,1,0,0,0,8252
33912,0.20753999054431915,3016,-0.28516268730163574,0.25351330637931824,0.4927026927471161,0.0016084061935544014,1,0,0,0,8252
33918,0.03691611438989639,2741,-0.6169210076332092,0.24641337990760803,0.6538371443748474,0.06389656662940979,1,0,0,0,8252
33927,2.3505759239196777,4742,1.4708722829818726,0.23516280949115753,0.87970370054245,-5.927996227228505e-08,1,0,0,0,8252
33931,-1.6735581159591675,390,-0.6241909861564636,0.3231395184993744,-1.0493671894073486,0.02134256809949875,1,0,0,0,8252
33957,1.1201878786087036,4134,1.8329403400421143,0.3078436851501465,-0.7127522826194763,-4.5029091779724695e-06,1,0,0,0,8252
33962,-0.6705074310302734,1523,-0.3061757981777191,0.2919441759586334,-0.3643316328525543,0.01614513248205185,1,0,0,0,8252
33965,0.8290969729423523,3863,0.048532404005527496,0.24119479954242706,0.7805646061897278,0.028824500739574432,1,0,0,0,8252
33986,-2.4158811569213867,105,-0.7225304245948792,0.35259148478507996,-1.6933507919311523,1.0748002529144287,1,0,1,1,8252
33989,0.31432244181632996,3154,0.40190139412879944,0.2808693051338196,-0.08757898956537247,-8.56289807416033e-06,1,0,0,0,8252
33997,-1.0328922271728516,1009,-0.250243216753006,0.31069183349609375,-0.7826488018035889,0.0021584792993962765,1,0,0,0,8252
34003,-2.835602045059204,41,-0.659839391708374,0.3738965690135956,-2.17576265335083,2.002004384994507,1,0,1,1,8252
34007,-0.5010474920272827,1822,-0.2670803368091583,0.28590625524520874,-0.23396717011928558,0.1642446517944336,1,0,0,0,8252
34008,2.3848273754119873,4756,1.2762330770492554,0.2248040735721588,1.1085944175720215,1.6317390105768936e-08,1,0,0,0,8252
34027,-0.6241680979728699,1599,-0.28760048747062683,0.290261447429657,-0.33656761050224304,0.38556772470474243,1,0,0,0,8252
34048,0.22434578835964203,3044,1.0125216245651245,0.31003251671791077,-0.7881760001182556,0.0009915416594594717,1,0,0,0,8252
34054,-0.25621557235717773,2263,0.10153669118881226,0.29239553213119507,-0.3577522933483124,0.00020270075765438378,1,0,0,0,8252
34057,-3.589557409286499,4,-0.9681900143623352,0.39462971687316895,-2.6213672161102295,2.3544161319732666,1,0,1,1,8252
34059,-1.4005459547042847,598,-0.15461145341396332,0.33283621072769165,-1.2459346055984497,0.20918968319892883,1,0,0,0,8252
34074,-0.9072360992431641,1177,-0.5466921329498291,0.29098957777023315,-0.36054396629333496,0.0006492242682725191,1,0,0,0,8252
34084,0.5646890997886658,3515,-0.255646288394928,0.23861025273799896,0.820335328578949,5.689066410064697,1,0,0,0,8252
34095,-0.5704683065414429,1704,-0.28008484840393066,0.2887076735496521,-0.2903834581375122,-9.495643098489381e-06,1,0,0,0,8252
34105,-0.7396859526634216,1418,-0.5517938733100891,0.28361034393310547,-0.18789224326610565,0.41684532165527344,1,0,0,0,8252
34111,1.3747029304504395,4333,0.2881491482257843,0.2263127565383911,1.086553931236267,0.013682663440704346,1,0,0,0,8252
34112,1.3473812341690063,4318,0.41389092803001404,0.2331434041261673,0.9334902167320251,0.24003833532333374,1,1,0,0,8252
34117,0.07564521580934525,2805,-0.03702705726027489,0.27068671584129333,0.11267226934432983,2.334089756011963,1,0,0,0,8252
34122,-0.9347000122070312,1137,-0.5239416360855103,0.29433536529541016,-0.41075846552848816,5.458046913146973,1,0,0,0,8252
34132,-0.9202276468276978,1158,-0.32495400309562683,0.3023792505264282,-0.5952736139297485,0.5308259129524231,1,0,0,0,8252
34133,2.3931877613067627,4758,1.5741044282913208,0.23798279464244843,0.8190835118293762,0.0011672162218019366,1,0,0,0,8252
34180,-0.327435165643692,2147,-0.8058069348335266,0.2543729245662689,0.4783717095851898,0.07689796388149261,1,0,0,0,8252
34183,-1.2912635803222656,704,-0.6609552502632141,0.3048573434352875,-0.6303083300590515,0.0020033943001180887,1,0,0,0,8252
34186,0.9579523205757141,3994,-0.1921519637107849,0.22399258613586426,1.1501044034957886,0.002731140237301588,1,0,0,0,8252
34188,-1.2321808338165283,771,-0.366159588098526,0.31583043932914734,-0.8660212755203247,0.14161112904548645,1,1,0,0,8252
34192,0.5699507594108582,3519,0.48945069313049316,0.27290457487106323,0.08050000667572021,-7.550565896963235e-07,1,0,0,0,8252
34207,-1.6416078805923462,413,-0.8737794756889343,0.31098923087120056,-0.7678284645080566,12.300416946411133,1,0,0,0,8252
34216,-0.5863266587257385,1670,-0.2905934751033783,0.2888396680355072,-0.29573315382003784,0.000419652700657025,1,0,0,0,8252
34220,0.38566699624061584,3278,-0.1883590668439865,0.2500227987766266,0.5740260481834412,0.0078095258213579655,1,0,0,0,8252
34221,3.633272171020508,4946,3.9613873958587646,0.29038599133491516,-0.32811468839645386,-2.6730294965741633e-19,1,1,0,0,8252
34237,-0.9433701634407043,1129,-0.9887250065803528,0.2735665738582611,0.04535483941435814,5.443107604980469,1,0,0,0,8252
34252,-1.4106627702713013,586,-0.8000127673149109,0.30455267429351807,-0.6106497645378113,2.470588445663452,1,1,0,0,8252
34299,-0.8887753486633301,1199,-0.6864213943481445,0.2845988869667053,-0.20235395431518555,0.20648689568042755,1,0,0,0,8252
34302,1.8306316137313843,4579,0.4862612187862396,0.2142859548330307,1.3443701267242432,0.0034600249491631985,1,0,0,0,8252
34303,-1.0602489709854126,970,-0.7263773083686829,0.2913040816783905,-0.33387160301208496,5.4838457107543945,1,0,0,0,8252
34312,-3.6155343055725098,3,-0.9713587760925293,0.3962787091732025,-2.6441752910614014,84.81291961669922,1,0,1,1,8252
34323,0.2597311735153198,3085,-0.3205982446670532,0.25043734908103943,0.5803294777870178,0.03776763379573822,1,0,0,0,8252
34353,-0.27295228838920593,2244,-0.6731249690055847,0.25744447112083435,0.40017271041870117,0.11469902098178864,1,0,0,0,8252
34374,0.8369765281677246,3873,0.14445775747299194,0.24328838288784027,0.6925187110900879,0.03693421930074692,1,0,0,0,8252
34382,-0.3781108856201172,2034,-0.6365134716033936,0.26374223828315735,0.25840264558792114,0.22642037272453308,1,0,0,0,8252
34383,-0.16713622212409973,2403,-0.36891159415245056,0.2667454779148102,0.20177535712718964,0.21734049916267395,1,0,0,0,8252
34389,-0.6393896341323853,1566,-0.49466225504875183,0.2831888496875763,-0.14472730457782745,1.685063362121582,1,0,0,0,8252
34391,0.6438894867897034,3640,-0.4871351718902588,0.22405444085597992,1.1310245990753174,0.541710615158081,1,0,0,0,8252
34403,-0.8315542340278625,1287,-0.7247409820556641,0.28100284934043884,-0.10681318491697311,0.7929369807243347,1,0,0,0,8252
34411,0.5797114968299866,3538,0.46475693583488464,0.27089807391166687,0.11495458334684372,-2.3227156020766415e-07,1,0,0,0,8252
34424,0.5913130044937134,3556,-0.0993843600153923,0.24467220902442932,0.690697193145752,0.0076462337747216225,1,0,0,0,8252
34436,0.17521192133426666,2957,-0.1399010568857193,0.2619432210922241,0.31511297821998596,0.0007362868636846542,1,0,0,0,8252
34444,1.101233959197998,4118,-0.2543962895870209,0.21491992473602295,1.3556303977966309,0.3647976517677307,1,0,0,0,8252
34451,2.503263235092163,4783,1.33450448513031,0.22197043895721436,1.1687589883804321,3.550027383170118e-09,1,0,0,0,8252
34458,-0.05878366902470589,2601,0.5556687116622925,0.3035731017589569,-0.6144524812698364,0.00033036648528650403,1,1,0,0,8252
34472,-1.1807005405426025,814,-0.3253532946109772,0.31531962752342224,-0.8553472757339478,0.01194834429770708,1,0,0,0,8252
34476,-0.116130530834198,2500,0.2070043832063675,0.2900959551334381,-0.3231348693370819,0.1675027459859848,1,0,0,0,8252
34478,0.6763434410095215,3680,-0.20506010949611664,0.23674200475215912,0.8814034461975098,0.33617502450942993,1,0,0,0,8252
34494,-0.2557891309261322,2264,-0.3752771317958832,0.27010712027549744,0.1194879561662674,0.18535774946212769,1,0,0,0,8252
34512,2.5076093673706055,4785,1.1202532052993774,0.2123873233795166,1.387356162071228,4.3067679200703424e-08,1,0,0,0,8252
34516,-1.3938100337982178,610,-0.6211351752281189,0.3116978704929352,-0.7726748585700989,0.09259819984436035,1,0,0,0,8252
34524,-0.49203768372535706,1835,-0.2694227397441864,0.2851010262966156,-0.22261498868465424,0.07963573932647705,1,0,0,0,8252
34531,-0.4387604296207428,1934,-0.17403216660022736,0.2880691587924957,-0.26472827792167664,0.26186007261276245,1,0,0,0,8252
34534,-0.05272957310080528,2609,-0.03278617188334465,0.2769412696361542,-0.019943399354815483,0.10973070561885834,1,0,0,0,8252
34541,-0.1408468782901764,2450,-0.35871198773384094,0.26574942469596863,0.21786510944366455,1.5048632621765137,1,0,0,0,8252
34551,-1.3001527786254883,699,-0.8782493472099304,0.2952234447002411,-0.4219035804271698,6.371001243591309,1,0,0,0,8252
34565,0.5666961669921875,3518,0.13967403769493103,0.25660547614097595,0.42702218890190125,0.0758567675948143,1,0,0,0,8252
34626,-1.1460673809051514,864,-0.5273053050041199,0.30360183119773865,-0.6187620162963867,1.3558318614959717,1,0,0,0,8252
34634,-0.5107316374778748,1807,-0.4196769893169403,0.2803649604320526,-0.09105468541383743,0.6193481683731079,1,0,0,0,8252
34635,-1.316691517829895,681,-0.9594379663467407,0.2925616204738617,-0.3572534918785095,2.641082286834717,1,0,0,0,8252
34659,-2.0695137977600098,208,-0.8174577951431274,0.3334464430809021,-1.2520557641983032,3.332176685333252,1,0,1,1,8252
34660,0.18368759751319885,2973,-0.8129916191101074,0.23025842010974884,0.9966791272163391,0.7293254137039185,1,0,0,0,8252
34687,-0.4467705190181732,1917,0.031271010637283325,0.2986273467540741,-0.47804155945777893,0.04874071478843689,1,0,0,0,8252
34702,-1.1351066827774048,874,-0.5893347859382629,0.3003009259700775,-0.5457718372344971,15.687017440795898,1,0,0,0,8252
34704,-0.5895780920982361,1663,-0.5556921362876892,0.2791458070278168,-0.03388597071170807,0.012115603312849998,1,0,0,0,8252
34728,-3.0377328395843506,30,-0.5883509516716003,0.3867689073085785,-2.4493815898895264,0.01339535228908062,1,0,1,1,8252
34732,-0.9878930449485779,1066,-0.1740933507680893,0.31205472350120544,-0.8137996792793274,0.002930437447503209,1,0,0,0,8252
34736,-0.9596145749092102,1106,-0.9116511344909668,0.2781926393508911,-0.04796360433101654,5.499487400054932,1,0,0,0,8252
34738,0.3365875482559204,3191,-0.7852384448051453,0.22541402280330658,1.121826171875,0.03613944724202156,1,0,0,0,8252
34739,0.170578271150589,2943,0.781585156917572,0.30281975865364075,-0.6110069751739502,0.0008080920088104904,1,0,0,0,8252
34755,1.9109855890274048,4610,-0.012211613357067108,0.18802250921726227,1.9231971502304077,4.293502934160642e-05,1,0,0,0,8252
34757,-0.34210947155952454,2111,-0.4380664527416229,0.27194395661354065,0.0959569439291954,0.052106648683547974,1,0,0,0,8252
34763,0.3202205300331116,3165,-0.3593728840351105,0.243682861328125,0.6795934438705444,0.0003354435320943594,1,0,0,0,8252
34790,-1.1953496932983398,799,-0.3929615020751953,0.3124023973941803,-0.8023883104324341,0.00133422645740211,1,0,0,0,8252
34797,-0.8553350567817688,1253,-0.2940925657749176,0.30125412344932556,-0.5612423419952393,0.03656156361103058,1,0,0,0,8252
34803,-1.6226516962051392,423,-0.5811488628387451,0.3245941400527954,-1.041502833366394,0.23414228856563568,1,1,0,0,8252
34812,-2.053849697113037,216,-0.5333537459373474,0.3446996510028839,-1.5204957723617554,1.014167070388794,1,0,1,1,8252
34818,-0.2999677360057831,2194,-0.5904937386512756,0.26194387674331665,0.29052600264549255,0.7054015398025513,1,0,0,0,8252
34833,0.3647634983062744,3246,0.9789800047874451,0.3030925691127777,-0.6142164468765259,2.1378682157902062e-10,1,0,0,0,8252
34837,0.619132399559021,3604,1.0645191669464111,0.2952882945537567,-0.4453866481781006,-2.671361354344981e-09,1,0,0,0,8252
34838,1.0715618133544922,4089,-0.1705448180437088,0.2185734510421753,1.2421067953109741,6.409634806914255e-06,1,0,0,0,8252
34839,-0.4568919241428375,1892,-0.21473371982574463,0.2861970067024231,-0.2421582043170929,0.016068972647190094,1,0,0,0,8252
34841,-1.1336201429367065,879,-0.20536752045154572,0.3180604875087738,-0.9282526969909668,0.023227926343679428,1,0,0,0,8252
34846,5.010698318481445,4991,2.900977373123169,0.17810344696044922,2.1097209453582764,-1.3667281282409016e-12,1,0,0,0,8252
34854,-1.3271244764328003,672,-0.6192288398742676,0.3074619472026825,-0.7078956961631775,0.019298596307635307,1,0,0,0,8252
34859,0.23832455277442932,3061,0.7656489610671997,0.299505352973938,-0.5273244380950928,0.0001289530482608825,1,0,0,0,8252
34877,-2.0756945610046387,204,-0.43766552209854126,0.34935373067855835,-1.6380290985107422,0.0025521062780171633,1,0,1,1,8252
34879,-0.0737091526389122,2574,-0.05105365440249443,0.2781108319759369,-0.022655481472611427,0.01649123802781105,1,0,0,0,8252
34880,-2.7010509967803955,54,-0.9121710062026978,0.3574431836605072,-1.7888802289962769,2.2165567874908447,1,0,1,1,8252
34884,-1.5831364393234253,447,-0.3411884605884552,0.33264845609664917,-1.2419476509094238,-4.818446086574113e-06,1,0,0,0,8252
34887,-0.0514654703438282,2610,-0.4013320505619049,0.26032787561416626,0.3498665690422058,0.5474333167076111,1,0,0,0,8252
34888,1.3254590034484863,4300,0.13113676011562347,0.221231609582901,1.1943222284317017,0.002517424989491701,1,0,0,0,8252
34891,2.2410686016082764,4715,1.8939663171768188,0.25926992297172546,0.3471023738384247,-2.2816244893419935e-07,1,0,0,0,8252
34924,1.4979686737060547,4411,0.4868957996368408,0.22955356538295746,1.0110727548599243,-1.1653349929474643e-06,1,0,0,0,8252
34931,-1.4308973550796509,570,-0.13886438310146332,0.3337247669696808,-1.2920325994491577,0.009556074626743793,1,0,0,0,8252
34935,-0.2045557051897049,2350,-0.45948097109794617,0.2636075019836426,0.2549251914024353,0.06527652591466904,1,0,0,0,8252
34941,2.449047803878784,4772,2.3647587299346924,0.27194201946258545,0.08428894728422165,5.5951998589875984e-09,1,0,0,0,8252
34945,-0.42781615257263184,1953,-0.9882851839065552,0.2505750358104706,0.5604690313339233,0.04638145491480827,1,0,0,0,8252
34954,-0.795118510723114,1331,-0.7205724120140076,0.2792143225669861,-0.07454615831375122,4.9624433517456055,1,0,0,0,8252
34972,-0.21982207894325256,2324,-0.8552293181419373,0.2468535155057907,0.6354071497917175,8.45124626159668,1,0,0,0,8252
34988,-1.914268136024475,281,-0.537294328212738,0.3391042649745941,-1.3769738674163818,9.092718124389648,1,0,0,0,8252
35000,-0.8461640477180481,1265,-0.7197384834289551,0.2810928523540497,-0.12642548978328705,0.3774338662624359,1,0,0,0,8252
35015,0.5891255736351013,3549,-0.48893147706985474,0.22605256736278534,1.0780569314956665,0.14039726555347443,1,0,0,0,8252
35029,0.037901200354099274,2742,-0.2423868477344513,0.26257583498954773,0.28028807044029236,0.11577635258436203,1,0,0,0,8252
35034,0.051231056451797485,2774,-0.16482065618038177,0.2665841281414032,0.21605169773101807,-1.6923661405598978e-06,1,0,0,0,8252
35044,-2.244683265686035,146,-0.4650977551937103,0.3564441502094269,-1.7795854806900024,0.07110234349966049,1,0,1,1,8252
35049,1.05357825756073,4074,0.10800530016422272,0.23380033671855927,0.9455729722976685,0.0026685961056500673,1,0,0,0,8252
35052,-1.5986837148666382,436,-0.8389440774917603,0.31104135513305664,-0.759739875793457,0.3310375213623047,1,0,0,0,8252
35053,-0.3294425308704376,2143,-0.5057929158210754,0.26794904470443726,0.17635031044483185,0.0012422777945175767,1,0,0,0,8252
35055,2.0214478969573975,4645,0.517338752746582,0.20653949677944183,1.5041091442108154,8.19192769174748e-11,1,0,0,0,8252
35061,-0.11565220355987549,2502,-0.3472476899623871,0.26523733139038086,0.2315954715013504,0.026418255642056465,1,0,0,0,8252
35112,0.7351377010345459,3763,-0.2565406262874603,0.2314465343952179,0.9916783571243286,0.030680522322654724,1,0,0,0,8252
35125,-0.6427896022796631,1563,-0.21274125576019287,0.2950691878795624,-0.43004828691482544,0.00016453560965601355,1,0,0,0,8252
35152,0.6690807938575745,3671,-0.7759539484977722,0.21015258133411407,1.4450348615646362,3.134387969970703,1,0,0,0,8252
35155,1.2710665464401245,4255,-0.26631632447242737,0.2060670107603073,1.5373830795288086,0.04640692472457886,1,0,0,0,8252
35165,-0.5846989750862122,1677,-0.5211473107337952,0.2782122790813446,-0.06355170905590057,0.19480489194393158,1,0,0,0,8252
35166,4.512519359588623,4984,3.3105924129486084,0.22070232033729553,1.2019275426864624,-2.1871790674161257e-13,1,0,0,0,8252
35189,-1.315398097038269,684,-0.3168106973171234,0.32157567143440247,-0.998587429523468,-0.002091650851070881,1,0,0,0,8252
35190,1.360253930091858,4324,0.44147583842277527,0.23360732197761536,0.9187778830528259,0.275188148021698,1,0,0,0,8252
35193,0.19677825272083282,2996,0.5786570906639099,0.29213085770606995,-0.3818788230419159,3.399689740035683e-05,1,0,0,0,8252
35194,-2.0134871006011963,235,-0.5697187781333923,0.3410699963569641,-1.4437682628631592,0.523009181022644,1,0,1,1,8252
35200,-2.06091570854187,214,-0.49620291590690613,0.34778308868408203,-1.564712643623352,0.5701333284378052,1,0,1,1,8252
35227,-0.4113825857639313,1979,-0.46614065766334534,0.2732107937335968,0.05475807934999466,0.015142509713768959,1,0,0,0,8252
35232,-0.05962032079696655,2599,-0.1803615242242813,0.26971369981765747,0.12074124068021774,1.72586806002073e-05,1,0,0,0,8252
35234,1.2602101564407349,4244,0.4983592629432678,0.2415999174118042,0.7618508338928223,0.002108293352648616,1,0,0,0,8252
35237,0.6052803993225098,3581,0.43815264105796814,0.2672061622142792,0.16712765395641327,0.0009430722566321492,1,0,0,0,8252
35247,-0.17731885612010956,2387,-0.13367964327335358,0.2769804000854492,-0.043639201670885086,0.018581734970211983,1,0,0,0,8252
35254,-1.7393264770507812,360,-0.5729054808616638,0.3289320170879364,-1.1664211750030518,2.7887210845947266,1,0,0,0,8252
35265,1.3455557823181152,4316,-0.5678055882453918,0.18852047622203827,1.9133611917495728,0.7331019043922424,1,0,0,0,8252
35273,-0.0976814404129982,2534,-0.9936663508415222,0.23683889210224152,0.8959850668907166,5.502297878265381,1,0,0,0,8252
35289,-1.3291813135147095,670,-0.4447169303894043,0.3162521719932556,-0.8844642639160156,0.04547504335641861,1,0,0,0,8252
35328,-1.310793399810791,692,-0.26485374569892883,0.3231155574321747,-1.0459396839141846,0.00021042668959125876,1,1,0,0,8252
35334,0.09186724573373795,2833,0.08539759367704391,0.27601131796836853,0.006469650659710169,-1.7600996216060594e-05,1,0,0,0,8252
35386,-0.9750332236289978,1083,-0.44344383478164673,0.30047935247421265,-0.5315894484519958,0.9423000812530518,1,0,0,0,8252
35389,0.019900288432836533,2714,-0.7152497172355652,0.24221459031105042,0.7351500988006592,1.3716299533843994,1,0,0,0,8252
35390,0.09720214456319809,2839,-0.6252188086509705,0.24397973716259003,0.722420871257782,0.0001396398147335276,1,0,0,0,8252
35394,-2.187664270401001,162,-1.087755560874939,0.32575881481170654,-1.0999089479446411,1.0507270097732544,1,1,1,1,8252
35409,-1.6010572910308838,434,-0.45418602228164673,0.327002614736557,-1.1468709707260132,0.0007193800993263721,1,0,0,0,8252
35410,1.3092752695083618,4284,0.8013340830802917,0.2535092234611511,0.5079410672187805,-9.695294238554197e-07,1,0,0,0,8252
35424,-2.1584384441375732,173,-0.7513740658760071,0.3400000035762787,-1.407064437866211,-2.2923078536987305,1,1,1,1,8252
35438,-0.7496727108955383,1399,-0.7444161772727966,0.27608898282051086,-0.005256682634353638,0.03322408348321915,1,0,0,0,8252
35445,0.528740406036377,3464,-0.024118661880493164,0.2502110004425049,0.5528590083122253,0.021115684881806374,1,0,0,0,8252
35452,-4.049877166748047,0,-0.7867286801338196,0.4239256978034973,-3.263148546218872,7.570651531219482,1,0,1,1,8252
35469,0.12972190976142883,2886,0.10182123631238937,0.2760283350944519,0.027900656685233116,0.038312625139951706,1,0,0,0,8252
35471,-0.44230160117149353,1924,0.44175034761428833,0.3155364692211151,-0.8840519189834595,0.1658003032207489,1,0,0,0,8252
35487,-0.7507311701774597,1397,-0.3773197531700134,0.2930688261985779,-0.3734114468097687,0.04697991535067558,1,0,0,0,8252
35495,-1.1769753694534302,822,-0.6461812257766724,0.29981574416160583,-0.5307943224906921,0.003224743762984872,1,0,0,0,8252
35497,-0.6247672438621521,1598,-0.17559115588665009,0.296581894159317,-0.44917604327201843,0.10109671950340271,1,0,0,0,8252
35501,0.05541729927062988,2781,0.0069931684993207455,0.27376484870910645,0.0484241358935833,0.000193856714759022,1,0,0,0,8252
35507,-1.931170105934143,274,-0.4652796685695648,0.342181533575058,-1.4658904075622559,0.21828433871269226,1,0,0,0,8252
35510,1.864850401878357,4594,0.855273425579071,0.2300954908132553,1.0095770359039307,-1.3382126518024506e-09,1,0,0,0,8252
35513,-0.2065647691488266,2346,-0.0860089510679245,0.2815263271331787,-0.12055577337741852,0.0002842389512807131,1,1,0,0,8252
35534,2.688465118408203,4828,1.6590750217437744,0.22874434292316437,1.0293900966644287,-1.403613336670162e-11,1,0,0,0,8252
35543,-1.4839286804199219,517,-1.081176519393921,0.2940960228443146,-0.4027523696422577,0.38531363010406494,1,0,0,0,8252
35547,2.2214348316192627,4711,1.9569101333618164,0.26366308331489563,0.26452508568763733,-2.8221411412232555e-06,1,0,0,0,8252
35552,0.7392377853393555,3765,0.4724419116973877,0.2638233006000519,0.26679593324661255,-3.5847337130689994e-05,1,0,0,0,8252
35580,0.8212665915489197,3859,-0.17799320816993713,0.23002247512340546,0.999259889125824,1.4079484939575195,1,0,0,0,8252
35590,-0.6999467015266418,1481,-0.4267992079257965,0.2879381477832794,-0.27314749360084534,3.9854910373687744,1,0,0,0,8252
35602,0.22861897945404053,3048,-0.880170464515686,0.22720709443092346,1.1087895631790161,16.349529266357422,1,0,0,0,8252
35604,0.5454529523849487,3486,-0.30722156167030334,0.23704829812049866,0.852674663066864,2.0643105506896973,1,0,0,0,8252
35606,0.34230363368988037,3199,-0.3803609311580658,0.24305462837219238,0.7226645350456238,0.008647110313177109,1,0,0,0,8252
35609,-0.3778421878814697,2035,0.33830195665359497,0.30898743867874146,-0.7161442637443542,0.00552932545542717,1,1,0,0,8252
35627,0.1733841896057129,2949,0.1383170634508133,0.2746516466140747,0.035067107528448105,0.0004078271158505231,1,0,0,0,8252
35639,0.04803553596138954,2766,0.0169037114828825,0.2741473317146301,0.0311318039894104,0.43691474199295044,1,0,0,0,8252
35640,-1.474471926689148,525,-0.20416975021362305,0.33296990394592285,-1.270302176475525,0.0004048898699693382,1,0,0,0,8252
35652,2.8167617321014404,4850,1.6105833053588867,0.22112035751342773,1.2061783075332642,-2.4015577082536765e-07,1,0,0,0,8252
35660,-1.2398964166641235,761,-0.5177964568138123,0.30850276350975037,-0.7221001982688904,8.892189979553223,1,1,0,0,8252
35680,1.3655563592910767,4327,0.33646687865257263,0.22927320003509521,1.029089331626892,0.045789726078510284,1,0,0,0,8252
35684,-2.1385879516601562,182,-0.6149498224258423,0.3459077775478363,-1.5236382484436035,0.17321287095546722,1,0,1,1,8252
35695,0.181597039103508,2968,-0.8183194994926453,0.23019306361675262,0.9999165534973145,0.38298672437667847,1,1,0,0,8252
35712,-0.2447839230298996,2282,-0.6702658534049988,0.25646713376045227,0.4254818856716156,2.9582691192626953,1,0,0,0,8252
35735,0.15654341876506805,2920,-0.8941017389297485,0.22867369651794434,1.0506452322006226,0.24891768395900726,1,0,0,0,8252
35748,-0.9254701733589172,1148,-0.19830818474292755,0.3080785274505615,-0.7271618843078613,0.1474452018737793,1,0,0,0,8252
35751,2.6863977909088135,4827,1.061837911605835,0.20201459527015686,1.624559760093689,1.630076695846583e-07,1,0,0,0,8252
35752,1.8443201780319214,4585,1.710978388786316,0.2695010006427765,0.13334167003631592,3.231721557028777e-09,1,0,0,0,8252
35762,1.3976409435272217,4350,0.3692372739315033,0.22983069717884064,1.028403639793396,0.04326944053173065,1,0,0,0,8252
35775,0.5654287934303284,3517,-0.22301633656024933,0.23911643028259277,0.7884451150894165,0.5610243678092957,1,0,0,0,8252
35786,0.19828011095523834,2999,0.6991384625434875,0.2984533905982971,-0.5008584260940552,6.230912674709543e-09,1,0,0,0,8252
35801,-0.24739733338356018,2279,0.09819996356964111,0.2922130227088928,-0.3455972671508789,0.00018571839609649032,1,0,0,0,8252
35802,3.400820255279541,4928,0.9538484811782837,0.16498640179634094,2.4469714164733887,-3.534799134286004e-06,1,0,0,0,8252
35819,0.6143860220909119,3596,-0.016952216625213623,0.24710014462471008,0.6313382983207703,0.0019754746463149786,1,0,0,0,8252
35821,-1.761247992515564,352,-0.8414598703384399,0.3182806670665741,-0.9197883605957031,0.1834058314561844,1,0,0,0,8252
35822,1.3542436361312866,4322,1.2512658834457397,0.27056512236595154,0.1029781699180603,6.368190383909678e-07,1,0,0,0,8252
35842,1.4922208786010742,4407,0.6637877821922302,0.23747923970222473,0.8284330368041992,0.0006321610417217016,1,0,0,0,8252
35867,0.24110376834869385,3063,0.039949581027030945,0.26648956537246704,0.20115423202514648,0.003125087358057499,1,0,0,0,8252
35879,1.0040737390518188,4034,-0.6582477688789368,0.19990013539791107,1.6623213291168213,0.9565199613571167,1,0,0,0,8252
35892,-0.23796036839485168,2293,-0.329192191362381,0.27109426259994507,0.09123189747333527,0.008526397868990898,1,0,0,0,8252
35898,0.6923080086708069,3703,-0.1573117971420288,0.23701079189777374,0.8496198058128357,0.2971299886703491,1,0,0,0,8252
35902,-0.4718087315559387,1871,-0.3921841084957123,0.27950260043144226,-0.07962469011545181,0.0916629508137703,1,0,0,0,8252
35905,-1.1810500621795654,813,0.34855949878692627,0.34500548243522644,-1.5296095609664917,-3.109456088168372e-07,1,0,0,0,8252
35906,-0.4238853454589844,1961,-0.17404966056346893,0.2873177230358124,-0.24983568489551544,9.522046457277611e-05,1,0,0,0,8252
35918,-2.046436071395874,218,-0.3918580412864685,0.35142505168914795,-1.6545780897140503,0.02325458452105522,1,1,1,1,8252
35932,0.3827314078807831,3274,-0.42281800508499146,0.23875604569911957,0.8055493235588074,0.0028495313599705696,1,0,0,0,8252
35941,1.3987358808517456,4352,1.149997591972351,0.2635534107685089,0.24873821437358856,0.0006936328718438745,1,0,0,0,8252
35944,-0.3764669895172119,2039,-0.5039042830467224,0.26960664987564087,0.12743720412254333,0.5095887184143066,1,0,0,0,8252
35949,0.317412793636322,3158,-0.2407785952091217,0.2504149079322815,0.5581914186477661,1.9729688167572021,1,0,0,0,8252
35964,1.5872195959091187,4458,0.5461714267730713,0.22773995995521545,1.0410481691360474,0.00010988888971041888,1,0,0,0,8252
35989,1.9732952117919922,4628,2.0027027130126953,0.2765965461730957,-0.029407773166894913,1.2474598634071299e-06,1,0,0,0,8252
35993,-0.4838549792766571,1847,-0.6830011606216431,0.2669786214828491,0.19914624094963074,0.022538460791110992,1,0,0,0,8252
36002,-2.0019514560699463,237,-0.6476032137870789,0.33742842078208923,-1.354348063468933,1.4932664632797241,1,0,1,1,8252
36016,1.5552979707717896,4437,1.20927095413208,0.2600448429584503,0.34602686762809753,-3.7865943340875674e-06,1,0,0,0,8252
36022,0.8692719340324402,3914,0.6716117262840271,0.2664735019207001,0.19766025245189667,7.294501847354695e-05,1,0,0,0,8252
36030,-0.5747362971305847,1698,-0.39980754256248474,0.28388237953186035,-0.17492876946926117,0.0018196182791143656,1,0,0,0,8252
36035,-1.628037691116333,419,0.13316155970096588,0.35515645146369934,-1.7611992359161377,0.008692312054336071,1,0,0,0,8252
36041,0.7027291059494019,3715,-0.3681815564632416,0.22667236626148224,1.0709105730056763,0.06413156539201736,1,0,0,0,8252
36048,1.5732107162475586,4451,0.24123604595661163,0.21491606533527374,1.3319745063781738,-3.983860369771719e-05,1,0,0,0,8252
36056,0.9139029383659363,3962,0.5317452549934387,0.2579001784324646,0.38215765357017517,-2.4919117436184024e-07,1,0,0,0,8252
36057,-0.4128732681274414,1977,-0.6859601140022278,0.26517391204833984,0.27308687567710876,0.46430838108062744,1,0,0,0,8252
36073,0.9495167136192322,3987,-0.6972283124923706,0.20087574422359467,1.646744966506958,3.9598917961120605,1,0,0,0,8252
36075,0.3095410466194153,3147,0.4909140169620514,0.2833671569824219,-0.1813729703426361,4.642023654355398e-08,1,0,0,0,8252
36082,-1.471331238746643,529,-0.9405495524406433,0.3005497455596924,-0.5307816863059998,1.456013560295105,1,0,0,0,8252
36093,-1.6609281301498413,401,-0.32691359519958496,0.33702903985977173,-1.3340144157409668,0.29010874032974243,1,0,0,0,8252
36103,1.6513477563858032,4499,1.0366461277008057,0.24780583381652832,0.6147015690803528,0.00116576231084764,1,0,0,0,8252
36104,-1.5312894582748413,482,-0.4305751919746399,0.32784414291381836,-1.100714087486267,0.00778360478579998,1,0,0,0,8252
36120,0.04074534401297569,2746,0.26490461826324463,0.28625065088272095,-0.22415927052497864,0.0033942698501050472,1,0,0,0,8252
36121,-2.738192558288574,50,-0.7919312715530396,0.36409279704093933,-1.9462614059448242,1.2796939611434937,1,0,1,1,8252
36123,-0.31468677520751953,2172,-0.5381231904029846,0.26680463552474976,0.22343628108501434,0.2141219973564148,1,0,0,0,8252
36126,-0.2246141880750656,2314,-0.06692057847976685,0.2827461361885071,-0.15769360959529877,0.013036299496889114,1,1,0,0,8252
36127,-0.9271265864372253,1145,-0.6318718791007996,0.2885720729827881,-0.2952546775341034,3.0343708992004395,1,0,0,0,8252
36132,-0.2774507701396942,2238,-0.3360431492328644,0.2727676331996918,0.058592356741428375,0.39855265617370605,1,0,0,0,8252
36139,2.6001317501068115,4811,1.456864833831787,0.2227761596441269,1.1432666778564453,-1.3068608695210315e-10,1,0,0,0,8252
36150,-1.0820691585540771,946,-0.36522743105888367,0.3088756203651428,-0.7168416976928711,8.847113349474967e-05,1,0,0,0,8252
36166,-1.2162818908691406,783,-0.5087578892707825,0.30731937289237976,-0.7075240612030029,0.3134263753890991,1,0,0,0,8252
36171,0.13391640782356262,2891,0.6601095199584961,0.2990390360355377,-0.5261930227279663,4.603531488100998e-05,1,0,0,0,8252
36191,-2.165156126022339,170,-0.9324190020561218,0.3321569859981537,-1.2327369451522827,11.206296920776367,1,0,1,1,8252
36196,1.6828876733779907,4511,1.2875183820724487,0.25723177194595337,0.3953695595264435,-2.8780391403415706e-08,1,0,0,0,8252
36202,5.978979587554932,4999,4.580870628356934,0.21209588646888733,1.3981088399887085,-8.337681571904138e-15,1,0,0,0,8252
36206,-0.7658787369728088,1379,-0.03280807286500931,0.3102007210254669,-0.7330706119537354,0.005456386599689722,1,0,0,0,8252
36207,1.9134418964385986,4611,1.625526785850525,0.262340247631073,0.28791531920433044,-9.222648686413315e-12,1,0,0,0,8252
36217,-0.7155914306640625,1457,-0.11240138858556747,0.3038969933986664,-0.6031899452209473,0.32591724395751953,1,0,0,0,8252
36224,-0.09208327531814575,2542,-0.3685353398323059,0.2642938792705536,0.27645206451416016,0.03884085640311241,1,0,0,0,8252
36227,1.9582842588424683,4624,0.4662184417247772,0.20744608342647552,1.492065668106079,0.002232491970062256,1,0,0,0,8252
36233,-0.3102265000343323,2183,-0.4049704670906067,0.2710982859134674,0.09474402666091919,0.7732592225074768,1,1,0,0,8252
36235,1.4961470365524292,4409,1.2635555267333984,0.26490911841392517,0.23259137570858002,2.983399749467708e-09,1,0,0,0,8252
36246,1.0296984910964966,4053,1.9672651290893555,0.31764349341392517,-0.9375665783882141,3.2970493002437706e-09,1,0,0,0,8252
36259,-0.4047912657260895,1993,0.47875261306762695,0.3170289993286133,-0.8835439085960388,1.1218288875625149e-07,1,0,0,0,8252
36301,0.7082003355026245,3722,1.1213598251342773,0.29362574219703674,-0.4131596088409424,-1.7662698155618273e-05,1,0,0,0,8252
36308,0.574607253074646,3526,0.7797371745109558,0.2845252752304077,-0.20513001084327698,1.152649588220811e-06,1,0,0,0,8252
36332,0.2991028428077698,3129,0.690445065498352,0.2929457128047943,-0.3913422226905823,-8.228416845668107e-06,1,0,0,0,8252
36335,1.414065957069397,4362,1.1773117780685425,0.2653799057006836,0.23675410449504852,1.1701691619236954e-05,1,0,0,0,8252
36347,-3.280672788619995,13,-1.0690363645553589,0.3763633668422699,-2.2116363048553467,0.08532530069351196,1,0,1,1,8252
36350,-2.288025379180908,131,-0.5426064729690552,0.356198251247406,-1.7454191446304321,0.17232957482337952,1,0,1,1,8252
36354,1.5735195875167847,4452,1.6129190921783447,0.27694815397262573,-0.039399273693561554,-9.047039384313393e-08,1,0,0,0,8252
36362,-0.24682842195034027,2280,-0.10159202665090561,0.28215712308883667,-0.14523640275001526,-3.3335031730530318e-06,1,0,0,0,8252
36378,0.6514642834663391,3644,-0.22743502259254456,0.2356787770986557,0.8788992762565613,0.040376193821430206,1,0,0,0,8252
36387,-0.08234214782714844,2559,-0.46655914187431335,0.2600519061088562,0.38421696424484253,0.24787162244319916,1,0,0,0,8252
36392,0.14342117309570312,2901,0.2670629918575287,0.2808944880962372,-0.12364178895950317,0.022049959748983383,1,0,0,0,8252
36411,0.5742238759994507,3524,-0.46181541681289673,0.22933082282543182,1.0360393524169922,0.03905319422483444,1,0,0,0,8252
36416,-1.3143380880355835,686,-0.3165337145328522,0.3222663104534149,-0.9978043437004089,3.092667579650879,1,0,0,0,8252
36421,0.3186275362968445,3160,0.2701532542705536,0.27484622597694397,0.04847428947687149,0.12713050842285156,1,0,0,0,8252
36435,-0.4795246124267578,1858,-0.04690743610262871,0.2952606678009033,-0.4326171576976776,0.000566525966860354,1,0,0,0,8252
36439,-0.5604719519615173,1718,0.5395334362983704,0.32515767216682434,-1.1000052690505981,-1.2051174053340219e-05,1,0,0,0,8252
36453,0.10052797943353653,2843,0.8441111445426941,0.30987322330474854,-0.7435831427574158,2.7293863240629435e-05,1,0,0,0,8252
36454,-1.446847915649414,555,-0.7540538311004639,0.3083152770996094,-0.6927940845489502,4.2304534912109375,1,0,0,0,8252
36471,1.0685786008834839,4084,0.8551797270774841,0.26658496260643005,0.21339884400367737,-1.831806230256916e-06,1,0,0,0,8252
36487,0.657922089099884,3655,-0.5963736176490784,0.2198515385389328,1.2542957067489624,0.6527743339538574,1,0,0,0,8252
36528,-0.06617136299610138,2591,0.39170631766319275,0.29670462012290955,-0.4578775465488434,0.0004647526075132191,1,0,0,0,8252
36532,-3.308704137802124,11,-0.6985787749290466,0.39439675211906433,-2.6101253032684326,0.4833284616470337,1,0,1,1,8252
36540,-0.15443933010101318,2429,0.6701599359512329,0.31237682700157166,-0.8245992660522461,0.0003812392824329436,1,0,0,0,8252
36556,-2.529902696609497,80,-0.6985592246055603,0.3580596446990967,-1.8313432931900024,4.458386421203613,1,0,1,1,8252
36587,0.7499164342880249,3778,0.8289567232131958,0.2787381410598755,-0.07904025912284851,0.009415855631232262,1,0,0,0,8252
36603,-1.2894904613494873,708,-0.5314807295799255,0.31073078513145447,-0.7580097913742065,0.03871583938598633,1,0,0,0,8252
36617,1.312703013420105,4287,0.5506531000137329,0.24060654640197754,0.7620500326156616,0.0032048930879682302,1,0,0,0,8252
36629,0.7120929956436157,3730,-0.08966398984193802,0.2389780580997467,0.8017568588256836,0.00023103917192202061,1,0,0,0,8252
36653,0.12885765731334686,2884,-0.30630427598953247,0.25619128346443176,0.4351619780063629,0.038528043776750565,1,0,0,0,8252
36660,-1.4586408138275146,544,-0.523436963558197,0.3183770179748535,-0.9352041482925415,0.000819023756776005,1,0,0,0,8252
36669,3.8993453979492188,4961,3.338613271713257,0.24947765469551086,0.5607323050498962,-1.641943176160103e-18,1,0,0,0,8252
36673,-0.19893471896648407,2355,-0.8874155879020691,0.243254616856575,0.6884809732437134,0.6699150204658508,1,0,0,0,8252
36692,-1.2320705652236938,772,-0.43178215622901917,0.313031941652298,-0.8002886176109314,1.8998253345489502,1,0,0,0,8252
36757,-0.6199330687522888,1605,-0.8546718955039978,0.2660693824291229,0.23473893105983734,0.17973840236663818,1,0,0,0,8252
36769,0.9482149481773376,3986,1.2397525310516357,0.2893785536289215,-0.2915375232696533,-2.447715132802841e-07,1,0,0,0,8252
36782,0.03679735213518143,2740,-1.1229349374771118,0.22209464013576508,1.1597323417663574,12.801146507263184,1,0,0,0,8252
36796,0.6518528461456299,3645,-0.022728655487298965,0.2458125352859497,0.6745815277099609,0.03968753293156624,1,0,0,0,8252
36810,-0.6156795024871826,1613,-0.8849959373474121,0.2643406093120575,0.26931631565093994,34.024131774902344,1,0,0,0,8252
36814,-0.24923281371593475,2273,0.14681462943553925,0.2933420240879059,-0.396047443151474,0.007610440719872713,1,0,0,0,8252
36830,-0.9783008694648743,1077,-0.8387070894241333,0.2814825475215912,-0.13959376513957977,2.746389389038086,1,0,0,0,8252
36840,0.22121413052082062,3036,0.11208007484674454,0.27064022421836853,0.10913405567407608,5.0025814601895036e-09,1,0,0,0,8252
36851,0.8593190312385559,3904,0.48800674080848694,0.2589881122112274,0.3713122308254242,0.5225687026977539,1,0,0,0,8252
36854,0.7398347854614258,3766,0.35023561120033264,0.25783324241638184,0.3895992338657379,0.0002786563418339938,1,0,0,0,8252
36857,-0.07824265211820602,2565,-0.31101810932159424,0.2641848027706146,0.23277543485164642,0.24190211296081543,1,0,0,0,8252
36869,-0.33176857233047485,2138,0.3660072982311249,0.30630621314048767,-0.6977757811546326,-3.024310402111041e-08,1,0,0,0,8252
36871,-0.9941989183425903,1056,-0.3084122836589813,0.30760666728019714,-0.6857865452766418,-0.011289121583104134,1,0,0,0,8252
36899,2.9175431728363037,4869,1.5758224725723267,0.21453534066677094,1.3417211771011353,-4.1731698274816154e-07,1,0,0,0,8252
36912,0.39320802688598633,3288,-0.4559539258480072,0.2369159311056137,0.8491619229316711,0.01572146825492382,1,0,0,0,8252
36944,0.4627341330051422,3383,-0.13903455436229706,0.24797527492046356,0.6017687320709229,0.03607242554426193,1,0,0,0,8252
36952,-0.241311714053154,2290,-0.48720431327819824,0.26580366492271423,0.24589259922504425,2.106949806213379,1,0,0,0,8252
36954,0.7806843519210815,3818,-0.1966407746076584,0.23100081086158752,0.9773251414299011,0.7531726360321045,1,1,0,0,8252
36956,-0.4049243927001953,1992,-0.055916089564561844,0.2909042537212372,-0.3490082919597626,0.18160702288150787,1,0,0,0,8252
36958,-0.4775967299938202,1861,-0.5977705717086792,0.26968178153038025,0.12017382681369781,0.035010043531656265,1,0,0,0,8252
36962,1.0186208486557007,4046,0.4987773597240448,0.2520996332168579,0.519843578338623,1.1483941307233181e-05,1,0,0,0,8252
36964,0.18551945686340332,2975,-0.5366238951683044,0.2428191900253296,0.7221433520317078,0.0468413271009922,1,0,0,0,8252
36988,0.5515326261520386,3497,0.064564548432827,0.2542116641998291,0.4869680404663086,-1.3385379133978859e-05,1,0,0,0,8252
36997,-0.5099929571151733,1809,-0.7661007046699524,0.26452532410621643,0.25610774755477905,0.42186933755874634,1,0,0,0,8252
37003,-0.6679514050483704,1526,-0.39884912967681885,0.2875875234603882,-0.2691022455692291,0.06389264017343521,1,0,0,0,8252
37006,-0.4052656292915344,1990,-0.5265487432479858,0.27065855264663696,0.12128304690122604,1.3349063396453857,1,0,0,0,8252
37011,-0.1913049966096878,2364,0.11734224855899811,0.2902493178844452,-0.3086472153663635,0.0007718047127127647,1,0,0,0,8252
37046,1.6317121982574463,4483,-0.3872525691986084,0.18334750831127167,2.0189647674560547,0.17943257093429565,1,0,0,0,8252
37056,2.357117176055908,4746,1.2353146076202393,0.2255442887544632,1.121802568435669,0.0017505366122350097,1,0,0,0,8252
37059,-0.2142406553030014,2331,-0.6204918026924133,0.25730782747268677,0.4062512516975403,6.056204319000244,1,0,0,0,8252
37085,0.5896072387695312,3552,-0.5373223423957825,0.22471196949481964,1.1269296407699585,0.041177235543727875,1,0,0,0,8252
37086,2.3407773971557617,4739,1.5959231853485107,0.2420378029346466,0.7448541522026062,1.6019016113588691e-09,1,0,0,0,8252
37096,0.36473971605300903,3245,-0.3110503852367401,0.24486985802650452,0.6757902503013611,0.07887063920497894,1,0,0,0,8252
37099,1.226022720336914,4213,0.6981422305107117,0.252360999584198,0.5278804898262024,0.001995396800339222,1,0,0,0,8252
37101,-0.5560166835784912,1725,-0.1446877419948578,0.2948518693447113,-0.4113290011882782,0.23335295915603638,1,0,0,0,8252
37108,0.8141183853149414,3854,0.25527459383010864,0.24986092746257782,0.5588439106941223,0.0014393171295523643,1,0,0,0,8252
37114,-1.8091366291046143,324,-0.7056980133056641,0.32622846961021423,-1.1034386157989502,2.8934993743896484,1,0,0,0,8252
37125,-1.441861867904663,558,-0.5626317858695984,0.31542620062828064,-0.8792300224304199,0.6539648771286011,1,0,0,0,8252
37151,-0.5805822014808655,1684,-0.75053471326828,0.2694796621799469,0.16995243728160858,3.4488136768341064,1,0,0,0,8252
37152,-0.8755963444709778,1218,-0.45086032152175903,0.2957066595554352,-0.4247360825538635,0.027342798188328743,1,0,0,0,8252
37169,-0.9889534115791321,1064,-0.7599223256111145,0.28619757294654846,-0.22903113067150116,1.301936388015747,1,0,0,0,8252
37174,-0.7736777663230896,1364,-0.1892644464969635,0.3014252483844757,-0.584413468837738,-5.663372576236725e-05,1,0,0,0,8252
37184,0.11075662821531296,2862,0.14683066308498383,0.27669426798820496,-0.03607403486967087,1.1529021263122559,1,0,0,0,8252
37196,0.4693218767642975,3393,0.49079447984695435,0.27747610211372375,-0.021472616121172905,-2.5012727178364e-07,1,0,0,0,8252
37210,0.6551873683929443,3653,-0.5085322260856628,0.22297851741313934,1.1637195348739624,9.682170867919922,1,0,0,0,8252
37216,1.3236103057861328,4297,-0.01722739078104496,0.2140761911869049,1.340837836265564,0.007333923596888781,1,0,0,0,8252
37218,-0.087206169962883,2548,-0.2418612688779831,0.26838988065719604,0.1546551138162613,0.0623447559773922,1,0,0,0,8252
37224,-2.581496477127075,73,-0.7573878169059753,0.35962796211242676,-1.8241084814071655,2.865654468536377,1,0,1,1,8252
37229,0.3794045150279999,3270,-0.4810147285461426,0.23744280636310577,0.8604192137718201,0.07703811675310135,1,0,0,0,8252
37252,0.5709187388420105,3521,0.1326192170381546,0.2553688585758209,0.4382995665073395,0.09522838890552521,1,0,0,0,8252
37272,-0.4299004077911377,1950,-0.731071412563324,0.26228874921798706,0.3011709451675415,0.08420459181070328,1,0,0,0,8252
37282,2.4092891216278076,4764,1.2566008567810059,0.2224849909543991,1.1526883840560913,0.000782567891292274,1,0,0,0,8252
37291,1.0602043867111206,4080,1.5880898237228394,0.30043137073516846,-0.5278855562210083,0.00012654438614845276,1,0,0,0,8252
37310,0.021015189588069916,2716,-0.4970467686653137,0.2524524927139282,0.5180619359016418,6.3792314529418945,1,0,0,0,8252
37312,-0.3364076018333435,2126,-0.6232750415802002,0.26298987865448,0.2868674397468567,7.878460884094238,1,0,0,0,8252
37316,0.507245659828186,3445,-0.5414479970932007,0.22893212735652924,1.0486935377120972,0.25398433208465576,1,0,0,0,8252
37317,0.815282940864563,3856,0.42828747630119324,0.2578343152999878,0.386995404958725,0.3403051197528839,1,1,0,0,8252
37331,0.8610822558403015,3906,0.5206630825996399,0.2599804699420929,0.3404192328453064,1.6939959095907398e-05,1,0,0,0,8252
37338,0.5566586256027222,3506,0.5140372514724731,0.27208685874938965,0.04262131080031395,-3.840778504127229e-07,1,0,0,0,8252
37341,-0.3999083936214447,1999,-0.7548757791519165,0.2597194314002991,0.3549673557281494,0.29996371269226074,1,0,0,0,8252
37359,-0.17213302850723267,2393,-0.4513419270515442,0.26309603452682495,0.27920886874198914,0.013089686632156372,1,0,0,0,8252
37360,0.1807776242494583,2964,-0.6722039580345154,0.23767471313476562,0.8529815077781677,1.7293550968170166,1,0,0,0,8252
37364,0.16250790655612946,2931,0.24553708732128143,0.2786656320095062,-0.08302918821573257,-9.068264262168668e-06,1,0,0,0,8252
37366,-2.1665403842926025,169,-0.7663606405258179,0.33917036652565,-1.4001797437667847,7.570849895477295,1,0,1,1,8252
37369,-1.4035555124282837,596,-1.0828585624694824,0.29052940011024475,-0.3206969201564789,15.958610534667969,1,0,0,0,8252
37375,-0.5149928331375122,1796,-0.6309437155723572,0.27164801955223083,0.11595095694065094,0.3470621407032013,1,0,0,0,8252
37381,0.331258088350296,3182,-0.18823987245559692,0.25203123688697815,0.5194980502128601,0.0005904019344598055,1,0,0,0,8252
37391,-2.2695300579071045,137,-0.5791754126548767,0.3531210720539093,-1.6903539896011353,0.05732206627726555,1,0,1,1,8252
37395,2.6462812423706055,4821,1.977554202079773,0.24445819854736328,0.6687268614768982,-6.904172789035101e-10,1,0,0,0,8252
37396,-0.2737925946712494,2243,-0.6819390654563904,0.2579732835292816,0.4081464409828186,3.591634750366211,1,0,0,0,8252
37402,-0.7366822957992554,1421,-0.22573700547218323,0.29984453320503235,-0.5109452605247498,0.6346228718757629,1,1,0,0,8252
37419,2.3026750087738037,4731,1.146559476852417,0.222389817237854,1.1561152935028076,-3.349953203723999e-07,1,0,0,0,8252
37434,1.6109298467636108,4477,1.0545392036437988,0.24980328977108002,0.5563909411430359,0.004692974500358105,1,0,0,0,8252
37436,-0.959827721118927,1105,0.1262035220861435,0.3247584104537964,-1.0860310792922974,0.003389740828424692,1,0,0,0,8252
37441,-1.4515633583068848,551,-0.5480440855026245,0.3171823024749756,-0.9035191535949707,0.05961191654205322,1,0,0,0,8252
37451,0.4311849772930145,3351,-0.5763965249061584,0.23028114438056946,1.0075815916061401,0.05877915769815445,1,0,0,0,8252
37462,0.4715820252895355,3396,-0.07353568077087402,0.2497820407152176,0.5451176762580872,0.0003997297026216984,1,0,0,0,8252
37470,-0.8984721302986145,1188,-1.109043836593628,0.2669025659561157,0.21057157218456268,3.8085060119628906,1,0,0,0,8252
37471,0.5647531151771545,3516,-0.29039761424064636,0.23624685406684875,0.8551506996154785,0.08846630901098251,1,0,0,0,8252
37484,0.07745742052793503,2808,0.20862363278865814,0.2813374102115631,-0.13116617500782013,0.004865719936788082,1,0,0,0,8252
37486,-1.1070395708084106,919,-0.27425727248191833,0.3144509494304657,-0.8327820897102356,1.3480281829833984,1,1,0,0,8252
37498,0.6188916563987732,3603,0.3046712577342987,0.2606554627418518,0.31422048807144165,0.9758790731430054,1,0,0,0,8252
37501,0.1825811266899109,2969,-0.261630117893219,0.254732608795166,0.4442112147808075,0.03561026602983475,1,0,0,0,8252
37508,0.271318644285202,3097,0.7476841807365417,0.29658183455467224,-0.47636547684669495,7.497269507439341e-06,1,0,0,0,8252
37521,-0.4793279767036438,1859,-0.5902913212776184,0.27188369631767273,0.1109633818268776,2.3620996475219727,1,0,0,0,8252
37527,4.487808704376221,4982,2.0794341564178467,0.16503797471523285,2.408374309539795,0.0001172505144495517,1,0,0,0,8252
37531,1.9194576740264893,4615,2.788344383239746,0.313891738653183,-0.868886411190033,-2.3131403042997434e-11,1,0,0,0,8252
37537,0.8035100102424622,3839,0.5084485411643982,0.26211732625961304,0.29506155848503113,0.007873790338635445,1,0,0,0,8252
37541,-0.8280181288719177,1291,-0.2596975564956665,0.30297526717185974,-0.5683205723762512,2.7683191299438477,1,0,0,0,8252
37559,0.18062619864940643,2963,0.20926733314990997,0.27657440304756165,-0.0286411102861166,0.10976479947566986,1,0,0,0,8252
37568,1.4245024919509888,4369,1.2499666213989258,0.26794248819351196,0.17453569173812866,-9.854070981418772e-08,1,0,0,0,8252
37589,-1.0840351581573486,944,-0.5117656588554382,0.30112704634666443,-0.5722692608833313,1.063157081604004,1,0,0,0,8252
37598,-1.1197642087936401,903,-0.03293349966406822,0.32545897364616394,-1.086830735206604,0.0032743660267442465,1,0,0,0,8252
37610,0.6324552297592163,3625,0.5434350371360779,0.27142173051834106,0.08902014791965485,0.0019496944732964039,1,0,0,0,8252
37612,0.39526596665382385,3291,0.20416788756847382,0.2666332423686981,0.19109809398651123,0.0011428408324718475,1,0,0,0,8252
37621,-0.38143113255500793,2031,-0.9471009373664856,0.2497434914112091,0.5656697750091553,3.392261028289795,1,0,0,0,8252
37622,-0.42669469118118286,1955,-0.6283054947853088,0.26554861664772034,0.20161087810993195,0.004900047555565834,1,0,0,0,8252
37623,1.5709998607635498,4449,1.5323888063430786,0.27428144216537476,0.03861096128821373,3.565772388469668e-08,1,0,0,0,8252
37632,1.3128535747528076,4288,1.0358048677444458,0.2623307704925537,0.27704891562461853,0.013698135502636433,1,0,0,0,8252
37676,-0.7990262508392334,1324,-0.41238853335380554,0.29279157519340515,-0.38663777709007263,0.9231857657432556,1,0,0,0,8252
37680,3.59309458732605,4941,2.9463050365448,0.246505007147789,0.6467902064323425,-4.342086246111876e-09,1,0,0,0,8252
37685,-2.5893797874450684,69,-1.0105689764022827,0.34788188338279724,-1.5788109302520752,24.204530715942383,1,0,1,1,8252
37706,0.6824583411216736,3688,-0.05260554701089859,0.24210484325885773,0.7350637912750244,-5.242124643700663e-06,1,0,0,0,8252
37708,0.7225593328475952,3743,0.3024718165397644,0.25660693645477295,0.4200875759124756,0.0007085074321366847,1,0,0,0,8252
37720,-1.6719719171524048,392,-0.5947019457817078,0.32445308566093445,-1.0772700309753418,0.006579154171049595,1,0,0,0,8252
37732,0.4875507354736328,3416,-0.29075369238853455,0.24029254913330078,0.7783044576644897,0.32811352610588074,1,0,0,0,8252
37736,-0.8821865916252136,1209,-0.6620101928710938,0.28699883818626404,-0.22017650306224823,1.3012338876724243,1,0,0,0,8252
37740,0.2991442084312439,3130,-0.47378888726234436,0.24067552387714386,0.7729329466819763,0.0786585807800293,1,0,0,0,8252
37746,1.6312092542648315,4482,1.258250117301941,0.25766876339912415,0.3729591369628906,0.0011003540130332112,1,0,0,0,8252
37749,-0.31615012884140015,2170,-0.4723198115825653,0.26805445551872253,0.15616974234580994,0.011067038401961327,1,0,0,0,8252
37750,-1.542251467704773,476,-0.8797629475593567,0.3057991862297058,-0.6624886393547058,0.5937352180480957,1,0,0,0,8252
37768,-1.5171664953231812,493,-0.3456552028656006,0.32940801978111267,-1.1715112924575806,12.441587448120117,1,0,0,0,8252
37784,-0.8371712565422058,1274,-0.3828285336494446,0.2964010238647461,-0.45434269309043884,0.6510364413261414,1,0,0,0,8252
37790,-0.9776515960693359,1080,-0.94261234998703,0.2773214876651764,-0.03503910452127457,3.6743004322052,1,0,0,0,8252
37795,-0.3490595519542694,2094,-0.398735910654068,0.2732863128185272,0.049676328897476196,0.07892560958862305,1,0,0,0,8252
37813,5.697326183319092,4996,3.883134126663208,0.19255505502223969,1.8141916990280151,-1.591125542023061e-18,1,0,0,0,8252
37815,-1.3588021993637085,642,-0.8129836916923523,0.301071435213089,-0.5458186268806458,0.24890285730361938,1,0,0,0,8252
37834,0.5918590426445007,3557,-0.005428689997643232,0.2484455555677414,0.5972878336906433,0.009476693347096443,1,1,0,0,8252
37852,-0.16111047565937042,2416,-0.055765118449926376,0.2798071801662445,-0.10534536838531494,0.009107720106840134,1,0,0,0,8252
37860,-1.5919660329818726,441,-0.4660891592502594,0.32673701643943787,-1.125876784324646,1.2931134700775146,1,0,0,0,8252
37868,2.1793956756591797,4700,1.6258955001831055,0.25091853737831116,0.5535001754760742,-5.8449977302643674e-08,1,0,0,0,8252
37874,-1.7168638706207275,370,-0.8958873748779297,0.31331679224967957,-0.8209764361381531,2.779472589492798,1,0,0,0,8252
37876,-0.12200629711151123,2489,-0.016747090965509415,0.2807833254337311,-0.10525920242071152,0.013457318767905235,1,0,0,0,8252
37880,-0.29551780223846436,2201,-0.42849984765052795,0.26991820335388184,0.1329820305109024,0.007923228666186333,1,0,0,0,8252
37885,0.4399300515651703,3362,0.24054639041423798,0.2669818103313446,0.1993837207555771,0.0003043931210413575,1,0,0,0,8252
37894,-0.32426950335502625,2153,0.39013370871543884,0.30780646204948425,-0.7144031524658203,0.05356818810105324,1,0,0,0,8252
37899,-1.7920162677764893,333,-0.544748067855835,0.3327125608921051,-1.247268557548523,0.0039049522019922733,1,0,0,0,8252
37900,-1.186470627784729,811,-0.1787477731704712,0.3229968547821045,-1.0077229738235474,0.03323831409215927,1,0,0,0,8252
37911,-0.16672740876674652,2405,-0.7117893099784851,0.2522822916507721,0.5450620055198669,0.2569808065891266,1,0,0,0,8252
37914,1.0035006999969482,4033,-0.3004971444606781,0.21655869483947754,1.3039979934692383,0.32223981618881226,1,0,0,0,8252
37915,-0.22833144664764404,2309,-0.4362061619758606,0.2652920186519623,0.20787473022937775,0.009737452492117882,1,0,0,0,8252
37921,-1.6980326175689697,380,-0.7055147886276245,0.321452796459198,-0.99251788854599,0.006989768706262112,1,0,0,0,8252
37936,-0.39146772027015686,2009,-0.4998508095741272,0.27219486236572266,0.10838305205106735,0.2165902853012085,1,0,0,0,8252
37946,0.2919609546661377,3120,-0.38269248604774475,0.24448910355567932,0.6746534705162048,0.5282250046730042,1,0,0,0,8252
37958,-0.18718302249908447,2373,0.3414091169834137,0.3005732595920563,-0.5285921096801758,0.0008313653524965048,1,0,0,0,8252
37986,2.521451234817505,4789,0.4011034667491913,0.1796366572380066,2.120347738265991,3.550936889951117e-05,1,0,0,0,8252
38004,-0.30760395526885986,2185,-0.44544440507888794,0.27010831236839294,0.13784043490886688,0.020136354491114616,1,0,0,0,8252
38013,-0.6513993144035339,1547,-0.41271519660949707,0.28633126616477966,-0.23868416249752045,2.2146573066711426,1,0,0,0,8252
38021,-0.4631097912788391,1882,-0.06146779656410217,0.2945149838924408,-0.40164199471473694,0.05781552195549011,1,0,0,0,8252
38059,-1.7787472009658813,340,-0.989942729473114,0.3117634057998657,-0.788804292678833,1.8084222078323364,1,0,0,0,8252
38074,-3.1466057300567627,19,-0.5966275930404663,0.3901449143886566,-2.549978017807007,0.8426122665405273,1,0,1,1,8252
38079,-0.7846584916114807,1346,0.36682450771331787,0.32847848534584045,-1.1514829397201538,0.00022260312107391655,1,0,0,0,8252
38099,-0.02631782367825508,2646,-0.6492165923118591,0.24745021760463715,0.6228987574577332,-0.12447580695152283,1,0,0,0,8252
38106,-1.5071333646774292,501,-0.6361708641052246,0.314962238073349,-0.8709626197814941,0.3258059024810791,1,0,0,0,8252
38108,-1.5873008966445923,444,-0.6345815062522888,0.31932327151298523,-0.9527193903923035,10.776182174682617,1,0,0,0,8252
38114,-1.2262654304504395,777,-1.1047590970993042,0.28198495507240295,-0.12150638550519943,1.3448296785354614,1,0,0,0,8252
38118,0.5484477877616882,3492,-0.29825761914253235,0.2365364283323288,0.8467052578926086,1.1378123760223389,1,0,0,0,8252
38140,-0.6583994626998901,1539,-0.24584662914276123,0.2939798831939697,-0.4125528037548065,0.053703807294368744,1,0,0,0,8252
38144,0.42104431986808777,3332,1.4410090446472168,0.3212728202342987,-1.0199648141860962,-8.445336163731554e-08,1,0,0,0,8252
38160,-1.723872184753418,366,-0.5740177035331726,0.3283635079860687,-1.1498544216156006,5.415735244750977,1,0,0,0,8252
38165,-1.0324560403823853,1010,0.03885630518198013,0.32433566451072693,-1.0713123083114624,3.173708915710449,1,0,0,0,8252
38172,0.9761063456535339,4011,0.4715087413787842,0.25114890933036804,0.5045977234840393,1.8249537561132456e-06,1,0,0,0,8252
38199,0.22248904407024384,3040,-0.02085130847990513,0.2663540542125702,0.2433403581380844,0.0036019529215991497,1,0,0,0,8252
38202,0.3327004909515381,3184,-0.4590897560119629,0.23901227116584778,0.791790246963501,0.6957876086235046,1,0,0,0,8252
38210,-1.7699638605117798,343,-0.9869754910469055,0.3105064332485199,-0.7829886674880981,5.951712608337402,1,0,0,0,8252
38240,0.14047738909721375,2898,0.06113226339221001,0.2715759873390198,0.07934510707855225,0.0021504932083189487,1,0,0,0,8252
38241,-0.35156524181365967,2086,-0.06405064463615417,0.28828194737434387,-0.28751465678215027,0.0006927442736923695,1,0,0,0,8252
38245,-0.5381823182106018,1757,-0.2636359632015228,0.28824153542518616,-0.2745462656021118,0.07343167066574097,1,0,0,0,8252
38253,1.025732159614563,4050,-0.268480509519577,0.21682105958461761,1.2942126989364624,0.3426297903060913,1,0,0,0,8252
38258,0.36632829904556274,3253,0.8044319152832031,0.2969112992286682,-0.43810367584228516,-3.4871236493927427e-06,1,0,0,0,8252
38272,0.9708407521247864,4007,0.26955631375312805,0.2437833845615387,0.7012844085693359,0.0005579960998147726,1,0,0,0,8252
38295,-0.22242596745491028,2317,-0.5168388485908508,0.2616880238056183,0.2944128215312958,0.18128281831741333,1,0,0,0,8252
38302,1.1459420919418335,4154,-0.662373960018158,0.19468586146831512,1.8083161115646362,0.04367784410715103,1,0,0,0,8252
38303,-1.1672476530075073,835,-0.2558392882347107,0.31787264347076416,-0.9114082455635071,0.12554936110973358,1,1,0,0,8252
38305,0.6585012674331665,3656,-0.16300947964191437,0.23887240886688232,0.8215107321739197,0.0005200788145884871,1,0,0,0,8252
38306,2.4154443740844727,4766,3.1023004055023193,0.3065987229347229,-0.6868561506271362,1.831204909930051e-10,1,0,0,0,8252
38313,-0.06955905258655548,2584,-0.571432888507843,0.2536333501338959,0.5018738508224487,0.1961502730846405,1,0,0,0,8252
38343,-1.0467596054077148,989,-0.41275086998939514,0.30452051758766174,-0.6340088248252869,0.20027250051498413,1,0,0,0,8252
38346,-0.5799033045768738,1686,-0.00010835677676368505,0.3020114004611969,-0.5797948837280273,0.00039306675898842514,1,0,0,0,8252
38359,0.5472039580345154,3490,-0.5764181613922119,0.22453860938549042,1.1236220598220825,0.8319883346557617,1,0,0,0,8252
38361,1.2807281017303467,4265,1.1177042722702026,0.26833483576774597,0.1630239188671112,0.013844277709722519,1,0,0,0,8252
38366,-0.30338841676712036,2188,0.24034129083156586,0.2996806204319,-0.5437297224998474,0.6095189452171326,1,0,0,0,8252
38369,-0.9324222803115845,1139,-0.8156613707542419,0.2814970016479492,-0.11676093190908432,1.0145971775054932,1,0,0,0,8252
38373,-1.6814264059066772,389,-0.5286325812339783,0.32784101366996765,-1.1527941226959229,2.7409589290618896,1,0,0,0,8252
38385,-2.804368734359741,43,-0.8755049109458923,0.3644185960292816,-1.9288641214370728,0.4164655804634094,1,0,1,1,8252
38392,-0.5899597406387329,1662,-0.5711114406585693,0.276007741689682,-0.018848204985260963,0.9874286651611328,1,1,0,0,8252
38403,-1.654214859008789,407,-0.9169706702232361,0.3081597089767456,-0.7372441291809082,5.3916192054748535,1,0,0,0,8252
38411,-1.1240466833114624,895,-0.5713675618171692,0.30056294798851013,-0.5526793003082275,1.523864507675171,1,0,0,0,8252
38417,5.664639472961426,4995,4.196629047393799,0.2079017609357834,1.4680107831954956,2.2014993994456944e-11,1,0,0,0,8252
38424,-1.9994407892227173,238,-0.7523050904273987,0.33261600136756897,-1.2471357583999634,0.04857518896460533,1,0,1,1,8252
38427,1.3920985460281372,4344,0.8854872584342957,0.25116264820098877,0.5066110491752625,-1.360763057789427e-09,1,0,0,0,8252
38437,-1.9330047369003296,273,-0.9493926167488098,0.31972891092300415,-0.9836120009422302,2.260418176651001,1,0,0,0,8252
38447,3.217799425125122,4907,2.3525588512420654,0.23615804314613342,0.8652408719062805,2.2925485430392092e-14,1,0,0,0,8252
38471,-0.36018380522727966,2066,0.9777976870536804,0.3369241952896118,-1.3379815816879272,0.001547723077237606,1,0,0,0,8252
38489,1.684072494506836,4513,1.7506107091903687,0.2780647575855255,-0.06653809547424316,6.5305549412642e-08,1,0,0,0,8252
38498,-0.14610730111598969,2441,-0.797082781791687,0.24551835656166077,0.6509755849838257,0.2134259194135666,1,0,0,0,8252
38503,-0.0023781806230545044,2674,-0.38384386897087097,0.25963732600212097,0.3814656436443329,0.31132158637046814,1,0,0,0,8252
38507,-1.4704872369766235,533,-0.33162426948547363,0.3264409303665161,-1.13886296749115,1.4994483876762388e-07,1,0,0,0,8252
38513,-0.44781580567359924,1913,0.21343331038951874,0.30611148476600647,-0.661249041557312,-1.0607591471867295e-09,1,0,0,0,8252
38529,0.7816224098205566,3819,-0.1701667606830597,0.23272819817066193,0.9517890810966492,0.015415787696838379,1,1,0,0,8252
38555,1.4861081838607788,4406,0.13701725006103516,0.21317613124847412,1.349090814590454,0.00030271694413386285,1,0,0,0,8252
38564,0.7148429155349731,3734,0.4076422154903412,0.26191040873527527,0.3072006404399872,0.00048113008961081505,1,0,0,0,8252
38570,1.0068782567977905,4038,-0.06610726565122604,0.22714219987392426,1.0729855298995972,0.08575928211212158,1,0,0,0,8252
38582,-1.407490611076355,590,0.033951710909605026,0.34142884612083435,-1.4414422512054443,0.07184213399887085,1,0,0,0,8252
38600,-0.5374844074249268,1758,-0.1978200525045395,0.2907905578613281,-0.33966439962387085,0.0022380512673407793,1,0,0,0,8252
38624,-0.06272754818201065,2596,-0.8746763467788696,0.23784470558166504,0.8119488954544067,0.49870410561561584,1,0,0,0,8252
38627,-0.9346952438354492,1138,-0.32666513323783875,0.3024408519268036,-0.6080300807952881,1.8185487985610962,1,0,0,0,8252
38629,-1.8127195835113525,322,-0.6058002710342407,0.33197587728500366,-1.206919550895691,1.0029609203338623,1,0,0,0,8252
38632,0.10721917450428009,2852,-0.841050922870636,0.2335284799337387,0.9482700228691101,1.3045697212219238,1,0,0,0,8252
38636,-1.0044411420822144,1045,-0.5214582681655884,0.2975381314754486,-0.4829828441143036,0.0018274644389748573,1,0,0,0,8252
38657,-0.8538655638694763,1255,-0.437204509973526,0.29522672295570374,-0.41666099429130554,0.07525599747896194,1,0,0,0,8252
38672,-0.9983102679252625,1051,-0.369860976934433,0.30435284972190857,-0.6284493803977966,0.29599976539611816,1,0,0,0,8252
38680,-0.3577292263507843,2070,-0.5384733080863953,0.26821789145469666,0.18074415624141693,2.9335129261016846,1,0,0,0,8252
38692,0.7010580897331238,3713,2.135340929031372,0.34050777554512024,-1.4342827796936035,-8.203227480407804e-06,1,0,0,0,8252
38695,0.5778895616531372,3531,-0.1797070950269699,0.24133610725402832,0.7575966119766235,0.077491395175457,1,0,0,0,8252
38696,-0.4736110270023346,1868,-0.2664056122303009,0.2856667935848236,-0.2072054147720337,0.014216477051377296,1,0,0,0,8252
38709,-1.008354902267456,1039,0.1349165439605713,0.3260240852832794,-1.143271565437317,0.008176486939191818,1,0,0,0,8252
38717,2.0675079822540283,4670,1.5666788816452026,0.2529507577419281,0.5008289813995361,-9.363332509337852e-08,1,0,0,0,8252
38739,2.4079625606536865,4763,1.6006921529769897,0.2386186122894287,0.8072704672813416,4.93145876134804e-07,1,0,0,0,8252
38758,-0.2680615484714508,2250,-0.6716291308403015,0.25824078917503357,0.4035676121711731,0.12598709762096405,1,0,0,0,8252
38775,-1.484084129333496,516,-0.7003980278968811,0.31098660826683044,-0.7836863398551941,0.1804305911064148,1,0,0,0,8252
38784,0.13753335177898407,2895,-0.18835949897766113,0.26101168990135193,0.3258928060531616,2.17305064201355,1,0,0,0,8252
38788,-0.9558375477790833,1109,-0.4272068440914154,0.29922014474868774,-0.5286307334899902,0.5916985869407654,1,0,0,0,8252
38790,-0.3433779776096344,2107,0.692090630531311,0.32397738099098206,-1.035468578338623,-2.60009574049036e-06,1,0,0,0,8252
38792,-1.4286866188049316,573,-0.27347463369369507,0.3279630243778229,-1.1552120447158813,0.8822934627532959,1,0,0,0,8252
38807,-1.1522969007492065,855,-0.48729830980300903,0.30599865317344666,-0.6649986505508423,0.18757805228233337,1,0,0,0,8252
38819,0.4078296720981598,3311,-0.06562968343496323,0.25310468673706055,0.47345930337905884,0.004244748502969742,1,0,0,0,8252
38839,-0.6333405375480652,1580,-0.1888205111026764,0.2972511053085327,-0.444519966840744,0.00014346209354698658,1,0,0,0,8252
38840,-1.0803359746932983,949,-0.5647021532058716,0.29862305521965027,-0.5156338810920715,1.2662752866744995,1,0,0,0,8252
38846,1.3238753080368042,4298,2.416788339614868,0.3246682286262512,-1.0929126739501953,7.90223702445969e-12,1,0,0,0,8252
38851,-1.0878113508224487,936,0.0922599658370018,0.32897883653640747,-1.180071234703064,0.0002224399067927152,1,0,0,0,8252
38854,0.30309244990348816,3136,-0.16912391781806946,0.254502534866333,0.4722164273262024,0.2432118058204651,1,0,0,0,8252
38859,1.048690676689148,4069,0.9253040552139282,0.270969420671463,0.12338650226593018,0.002842038869857788,1,0,0,0,8252
38860,1.4668735265731812,4394,0.5984610915184021,0.23796072602272034,0.8684123158454895,-1.948001454366022e-06,1,0,0,0,8252
38874,2.6061182022094727,4812,0.5070353150367737,0.18044276535511017,2.0990822315216064,0.0008499700925312936,1,0,0,0,8252
38882,0.3638118505477905,3243,-0.4584701657295227,0.2387264221906662,0.8222819566726685,0.10384456813335419,1,0,0,0,8252
38886,0.0459228977560997,2761,0.7087464928627014,0.3061006963253021,-0.6628236174583435,0.005588921718299389,1,0,0,0,8252
38888,-0.5315768718719482,1766,0.07861725240945816,0.30315467715263367,-0.6101940274238586,0.009607122279703617,1,0,0,0,8252
38896,0.6373470425605774,3630,1.070288062095642,0.296053022146225,-0.4329410195350647,1.0174757925085487e-08,1,0,0,0,8252
38924,-0.15402644872665405,2430,-0.44159993529319763,0.2631455361843109,0.2875734269618988,0.09100095927715302,1,0,0,0,8252
38944,0.3220873773097992,3169,0.28893575072288513,0.27383875846862793,0.033151548355817795,-1.5283421817002818e-05,1,0,0,0,8252
38954,-0.6142389178276062,1619,-0.7558928728103638,0.2701200544834137,0.14165398478507996,5.736822605133057,1,0,0,0,8252
38966,-0.33040520548820496,2140,-0.8507219552993774,0.25185585021972656,0.5203166604042053,0.1815890222787857,1,0,0,0,8252
38975,1.1381524801254272,4148,0.7583370208740234,0.2579040229320526,0.37981534004211426,0.003625816199928522,1,1,0,0,8252
38988,-0.4873502850532532,1842,-0.31540700793266296,0.2848764955997467,-0.1719432920217514,0.05251515656709671,1,0,0,0,8252
38990,-1.063616156578064,963,-0.2682446837425232,0.3107958436012268,-0.795371413230896,0.013761591166257858,1,0,0,0,8252
38997,2.4457128047943115,4771,1.0644925832748413,0.21316802501678467,1.3812198638916016,0.0006906696362420917,1,1,0,0,8252
39002,1.5569419860839844,4438,1.282768726348877,0.264270544052124,0.2741731107234955,1.9109105409143012e-09,1,0,0,0,8252
39004,-0.8695902824401855,1229,-0.703105628490448,0.28321507573127747,-0.16648462414741516,1.2285082340240479,1,0,0,0,8252
39018,-0.6462797522544861,1556,0.724408745765686,0.33780235052108765,-1.3706883192062378,-3.0197606974979863e-06,1,0,0,0,8252
39029,0.26308998465538025,3090,0.8651658892631531,0.3027711808681488,-0.6020757555961609,2.4800456799312087e-08,1,0,0,0,8252
39042,0.7312029004096985,3760,0.23146116733551025,0.2536972761154175,0.4997416138648987,0.0005440935492515564,1,0,0,0,8252
39066,-0.5641397833824158,1713,-0.38875898718833923,0.2844533622264862,-0.1753808557987213,0.002007482573390007,1,1,0,0,8252
39070,3.197133779525757,4903,2.442584753036499,0.24055670201778412,0.7545487284660339,-5.043860294706715e-13,1,0,0,0,8252
39090,-0.9189543128013611,1159,-0.45077863335609436,0.29626181721687317,-0.46817561984062195,0.007450410630553961,1,0,0,0,8252
39092,2.8812170028686523,4864,1.3433301448822021,0.2047610729932785,1.5378869771957397,7.090533671316734e-08,1,0,0,0,8252
39103,0.2931712567806244,3122,1.0712807178497314,0.3106721341609955,-0.778109610080719,0.000168419792316854,1,0,0,0,8252
39116,-0.24613741040229797,2281,0.12622182071208954,0.2925601303577423,-0.3723592162132263,0.15492665767669678,1,0,0,0,8252
39123,-0.6128739714622498,1622,-0.7139391303062439,0.27130404114723206,0.10106527805328369,1.7086952924728394,1,0,0,0,8252
39124,-0.4881574809551239,1840,-0.5345244407653809,0.2735714912414551,0.04636697843670845,0.7790185213088989,1,0,0,0,8252
39131,-0.8683792948722839,1231,0.05060281231999397,0.31778398156166077,-0.9189820289611816,0.00348192872479558,1,0,0,0,8252
39147,2.545347213745117,4796,1.3375234603881836,0.2206340879201889,1.2078237533569336,9.160671652352903e-06,1,0,0,0,8252
39157,-0.5920255184173584,1660,0.3688650131225586,0.3191540539264679,-0.9608905911445618,0.0005292556597851217,1,0,0,0,8252
39160,1.8820511102676392,4603,0.8673589825630188,0.2283237725496292,1.0146921873092651,0.003915153443813324,1,0,0,0,8252
39167,-0.6984757781028748,1484,-0.40744683146476746,0.2894258499145508,-0.2910290062427521,-0.00014633814862463623,1,0,0,0,8252
39176,-1.1205271482467651,901,-0.3490196168422699,0.3101881146430969,-0.7715074419975281,0.0006457912968471646,1,0,0,0,8252
39214,-0.9601792693138123,1104,-0.2874779999256134,0.3060556948184967,-0.6727012991905212,0.006400519050657749,1,0,0,0,8252
39216,1.260237455368042,4245,0.9793336987495422,0.2631950378417969,0.28090354800224304,6.225138804438757e-08,1,1,0,0,8252
39225,-1.3381376266479492,663,-0.6512126922607422,0.30845925211906433,-0.6869247555732727,0.6711748838424683,1,0,0,0,8252
39228,-1.3834238052368164,617,-0.7739023566246033,0.3029979169368744,-0.6095213294029236,10.028482437133789,1,0,0,0,8252
39229,0.6700316071510315,3673,-0.20907633006572723,0.23520326614379883,0.8791079521179199,0.0013377177529036999,1,0,0,0,8252
39282,-0.29729312658309937,2198,-0.5937521457672119,0.26298490166664124,0.2964589595794678,0.02896961010992527,1,0,0,0,8252
39285,-1.3382043838500977,662,-0.30265137553215027,0.3217059075832367,-1.0355530977249146,0.0002518701949156821,1,0,0,0,8252
39316,-0.663658618927002,1533,-0.5317610502243042,0.28075405955314636,-0.13189764320850372,0.005676034837961197,1,0,0,0,8252
39318,-2.1116883754730225,191,-0.532049834728241,0.34779438376426697,-1.5796383619308472,4.6847100257873535,1,0,1,1,8252
39332,-0.4259241223335266,1957,-0.947542130947113,0.2521606981754303,0.5216180682182312,0.7122604846954346,1,0,0,0,8252
39346,0.8644925951957703,3910,0.4996128976345062,0.2583881914615631,0.3648797273635864,0.022877207025885582,1,0,0,0,8252
39347,0.9940287470817566,4026,0.4332200586795807,0.2512911558151245,0.5608088374137878,1.442316897737328e-05,1,0,0,0,8252
39381,-0.8543137907981873,1254,-0.15394604206085205,0.30704423785209656,-0.7003676295280457,0.02901609241962433,1,0,0,0,8252
39394,-0.6197933554649353,1607,-0.8908819556236267,0.2640940546989441,0.27108877897262573,2.57261323928833,1,0,0,0,8252
39403,0.056637801229953766,2782,-0.300083190202713,0.2602085769176483,0.35672101378440857,0.3573843836784363,1,0,0,0,8252
39411,1.5604133605957031,4441,1.0785261392593384,0.2538895308971405,0.4818870723247528,0.012513307854533195,1,0,0,0,8252
39414,-0.924615204334259,1151,-0.24401669204235077,0.3069874942302704,-0.6805986166000366,0.2575308680534363,1,0,0,0,8252
39441,-0.04034794494509697,2625,-0.5793319344520569,0.25132498145103455,0.5389840006828308,0.0615144781768322,1,0,0,0,8252
39445,4.2278032302856445,4975,4.323948383331299,0.27953359484672546,-0.09614487737417221,-9.090799105856908e-16,1,0,0,0,8252
39446,-0.8939947485923767,1195,-0.7141045928001404,0.2841530740261078,-0.1798902153968811,0.20202241837978363,1,0,0,0,8252
39456,0.9786729216575623,4016,0.6591798067092896,0.2624683082103729,0.31949323415756226,0.019391074776649475,1,0,0,0,8252
39458,2.541456460952759,4795,0.8666824698448181,0.2004482001066208,1.6747740507125854,2.4805565601582202e-08,1,0,0,0,8252
39463,0.5146930813789368,3450,-0.1783290058374405,0.24371834099292755,0.6930220723152161,0.0015682863304391503,1,0,0,0,8252
39475,-0.9187424778938293,1160,-0.5585166215896606,0.2922757565975189,-0.3602258265018463,1.7816965579986572,1,0,0,0,8252
39479,1.4593017101287842,4391,1.7941668033599854,0.29017528891563416,-0.33486542105674744,-5.488452643476194e-07,1,0,0,0,8252
39487,-1.303369402885437,697,-0.5802932381629944,0.30860385298728943,-0.7230762243270874,0.8023104667663574,1,0,0,0,8252
39497,-0.5235349535942078,1785,-0.29684683680534363,0.2868365943431854,-0.22668807208538055,0.0008476021466776729,1,0,0,0,8252
39525,0.00156325101852417,2680,0.05662265047430992,0.2790575623512268,-0.055059414356946945,0.024610545486211777,1,0,0,0,8252
39538,2.1065261363983154,4679,1.4671376943588257,0.24596689641475677,0.6393885016441345,-3.3525186182714606e-08,1,0,0,0,8252
39539,-1.9264841079711914,277,-0.4842810332775116,0.34118524193763733,-1.442203164100647,0.04199192672967911,1,0,0,0,8252
39551,-0.35220715403556824,2085,-0.8332943916320801,0.25364160537719727,0.48108726739883423,0.13837945461273193,1,0,0,0,8252
39558,1.8705934286117554,4598,0.1636814922094345,0.19822067022323608,1.7069120407104492,0.0006427011685445905,1,0,0,0,8252
39569,-1.3807989358901978,624,-0.7861327528953552,0.3037678301334381,-0.5946661233901978,13.478727340698242,1,0,0,0,8252
39587,-0.929179310798645,1143,-0.795784056186676,0.2810826599597931,-0.1333952099084854,0.915439248085022,1,0,0,0,8252
39591,-0.5935441851615906,1658,-0.5901467204093933,0.27645841240882874,-0.003397531807422638,1.5289506912231445,1,0,0,0,8252
39602,0.5580461025238037,3507,-0.5013798475265503,0.22812406718730927,1.0594258308410645,0.9631694555282593,1,0,0,0,8252
39603,2.462932586669922,4776,1.6635363101959229,0.24010050296783447,0.7993962168693542,-2.327004420318163e-13,1,0,0,0,8252
39624,0.9522609710693359,3989,-0.3321889638900757,0.2169499695301056,1.2844499349594116,0.18608823418617249,1,0,0,0,8252
39642,-0.8323912024497986,1284,-0.36439067125320435,0.2986728250980377,-0.4680004119873047,0.03243492543697357,1,0,0,0,8252
39645,0.10422791540622711,2849,-0.5138089656829834,0.24761168658733368,0.6180368661880493,0.25283074378967285,1,0,0,0,8252
39647,1.4769538640975952,4399,0.7309310436248779,0.24198654294013977,0.746022641658783,0.020458504557609558,1,0,0,0,8252
39649,-1.3424309492111206,655,-0.8514578938484192,0.29814955592155457,-0.4909731447696686,0.009061649441719055,1,0,0,0,8252
39660,1.3350404500961304,4309,0.40868517756462097,0.23328180611133575,0.9263550639152527,0.10176295042037964,1,0,0,0,8252
39662,-0.3635639548301697,2059,-0.6641771197319031,0.2612055838108063,0.3006131649017334,-3.16873836517334,1,0,0,0,8252
39663,-1.440645694732666,560,-0.574662983417511,0.3141700029373169,-0.8659828305244446,0.01426352746784687,1,0,0,0,8252
39669,2.9997236728668213,4880,2.289165496826172,0.24272112548351288,0.710558295249939,-6.254688145190812e-08,1,0,0,0,8252
39677,-0.05106567218899727,2611,0.15240469574928284,0.2844935953617096,-0.2034703940153122,0.02823615074157715,1,0,0,0,8252
39682,1.4121092557907104,4361,-0.2488694190979004,0.2005174160003662,1.66097891330719,1.1924967765808105,1,0,0,0,8252
39694,0.33558762073516846,3190,-0.36364468932151794,0.24437855184078217,0.6992323398590088,0.253111869096756,1,0,0,0,8252
39695,0.4147771894931793,3324,-0.10135107487440109,0.2528098523616791,0.5161282420158386,0.054588377475738525,1,0,0,0,8252
39706,-0.8480349779129028,1261,-0.5348548293113708,0.2904300391674042,-0.3131801187992096,11.382437705993652,1,0,0,0,8252
39712,1.1050138473510742,4126,0.5985714793205261,0.2528842091560364,0.5064424872398376,7.270147034432739e-05,1,0,0,0,8252
39714,0.8302173614501953,3864,0.4402131140232086,0.2583087682723999,0.39000430703163147,0.001356532913632691,1,0,0,0,8252
39718,-1.2554856538772583,747,-0.8765588998794556,0.2918095290660858,-0.3789268434047699,0.6978060007095337,1,0,0,0,8252
39722,1.068768858909607,4085,0.9254816174507141,0.26984453201293945,0.14328734576702118,5.428362055681646e-05,1,0,0,0,8252
39730,0.09986483305692673,2842,0.016568750143051147,0.27132418751716614,0.08329606056213379,8.447888831142336e-05,1,0,0,0,8252
39733,-2.259650945663452,142,-0.6066588163375854,0.35194775462150574,-1.6529922485351562,0.08847178518772125,1,0,1,1,8252
39742,1.2964500188827515,4273,0.6446089148521423,0.24731874465942383,0.6518409252166748,0.00011640169395832345,1,0,0,0,8252
39748,0.7266490459442139,3749,0.26396897435188293,0.25531256198883057,0.4626801013946533,0.0009687448036856949,1,0,0,0,8252
39757,-0.2941068708896637,2202,-0.6920754313468933,0.25817233324050903,0.397968590259552,0.19857445359230042,1,0,0,0,8252
39779,0.33746394515037537,3195,-0.5239518284797668,0.2378406524658203,0.861415684223175,0.1759149730205536,1,0,0,0,8252
39783,0.0957709476351738,2838,-0.6814035177230835,0.23872911930084229,0.7771744728088379,9.234993934631348,1,0,0,0,8252
39788,-0.8864669799804688,1203,-0.43822184205055237,0.296563059091568,-0.4482451379299164,0.006890897639095783,1,0,0,0,8252
39790,0.31731319427490234,3157,-0.846500039100647,0.22326169908046722,1.1638132333755493,0.028686445206403732,1,0,0,0,8252
39817,-0.5010976791381836,1821,-0.5129815340042114,0.2750283181667328,0.01188382413238287,0.0587918795645237,1,0,0,0,8252
39845,-0.9320708513259888,1141,-0.47340986132621765,0.2967691123485565,-0.45866093039512634,0.382759153842926,1,0,0,0,8252
39846,-0.375174343585968,2042,-0.6468122601509094,0.26350265741348267,0.271637886762619,3.804673671722412,1,0,0,0,8252
39851,2.5859248638153076,4805,2.080005407333374,0.2526821792125702,0.5059195160865784,-2.343382606018185e-11,1,0,0,0,8252
39869,-0.3164418637752533,2169,0.06408347189426422,0.2927893102169037,-0.3805253803730011,0.002098760800436139,1,0,0,0,8252
39880,0.34787628054618835,3211,-0.8346814513206482,0.22284626960754395,1.1825575828552246,0.836216926574707,1,0,0,0,8252
39893,0.8377560973167419,3874,0.7528615593910217,0.271575003862381,0.08489447832107544,-0.003383627161383629,1,0,0,0,8252
39920,0.9640074968338013,4000,0.3839883506298065,0.24773059785366058,0.5800191760063171,-4.022418842453135e-09,1,0,0,0,8252
39923,-1.0202771425247192,1025,0.90724116563797,0.36359143257141113,-1.9275182485580444,0.21788844466209412,1,0,0,0,8252
39929,0.2595052421092987,3084,0.350714772939682,0.2804511785507202,-0.09120955318212509,-1.934702822836698e-06,1,0,0,0,8252
39967,-0.06388036161661148,2594,-0.18621695041656494,0.2694539725780487,0.12233655899763107,0.000219993875361979,1,0,0,0,8252
39973,-1.281491994857788,714,-0.4302898347377777,0.3156462609767914,-0.8512020111083984,0.006804921664297581,1,0,0,0,8252
39975,0.4228764474391937,3334,-0.4327409863471985,0.23711474239826202,0.8556174635887146,0.6161308884620667,1,0,0,0,8252
40002,1.388702154159546,4341,-0.07503329962491989,0.20835013687610626,1.4637352228164673,0.0613982230424881,1,0,0,0,8252
40004,-1.4804304838180542,518,-0.5627779364585876,0.3177344501018524,-0.9176525473594666,0.09889406710863113,1,0,0,0,8252
40014,0.5879409313201904,3546,0.08483722060918808,0.25399407744407654,0.5031036734580994,0.006421938538551331,1,0,0,0,8252
40044,-0.3202354609966278,2161,-0.5929788947105408,0.2619885206222534,0.27274343371391296,4.728824615478516,1,0,0,0,8252
40051,-0.40504369139671326,1991,-0.6235295534133911,0.2663896083831787,0.21848590672016144,2.7561612129211426,1,0,0,0,8252
40053,0.3848230838775635,3277,0.3076668977737427,0.2719194293022156,0.0771561786532402,0.010983935557305813,1,0,0,0,8252
40069,1.2057164907455444,4198,1.0978283882141113,0.27136868238449097,0.10788813978433609,1.6877383757218922e-07,1,0,0,0,8252
40091,-1.3226679563522339,678,0.2751765251159668,0.34766969084739685,-1.5978444814682007,0.11841051280498505,1,0,0,0,8252
40105,-0.5874380469322205,1666,-0.6522558331489563,0.27286726236343384,0.06481771916151047,0.14147350192070007,1,0,0,0,8252
40114,-0.7797746658325195,1352,-0.710494875907898,0.27961868047714233,-0.06927990913391113,0.0029559254180639982,1,0,0,0,8252
40140,-0.2280486673116684,2310,0.015217899344861507,0.2883337438106537,-0.24326656758785248,0.004550005309283733,1,0,0,0,8252
40151,-0.9536528587341309,1113,0.6449883580207825,0.34726762771606445,-1.5986411571502686,0.0006442484445869923,1,0,0,0,8252
40154,3.0983097553253174,4895,1.1440351009368896,0.18609808385372162,1.9542750120162964,0.0007088847341947258,1,0,0,0,8252
40161,0.23081627488136292,3051,-1.005555272102356,0.21996715664863586,1.2363715171813965,4.986357688903809,1,0,0,0,8252
40180,-0.6378576755523682,1569,-0.606540858745575,0.27644649147987366,-0.031316857784986496,1.1988987922668457,1,0,0,0,8252
40205,0.17175085842609406,2946,-0.3193543553352356,0.25275617837905884,0.49110516905784607,4.0279741287231445,1,0,0,0,8252
40214,0.5833925604820251,3542,0.23955486714839935,0.2607334852218628,0.3438377380371094,0.0007059249328449368,1,0,0,0,8252
40224,-2.1300954818725586,187,-0.9253481030464172,0.3315381705760956,-1.2047473192214966,0.1219336986541748,1,0,1,1,8252
40239,0.004631477873772383,2687,0.26090437173843384,0.28611764311790466,-0.2562728524208069,0.0003977938031312078,1,0,0,0,8252
40247,-0.002327144145965576,2675,0.07992924749851227,0.2798715829849243,-0.08225639164447784,0.002086811466142535,1,0,0,0,8252
40269,-0.6981642246246338,1485,-0.4105868339538574,0.2893480956554413,-0.28757739067077637,6.163687705993652,1,0,0,0,8252
40272,0.3781779110431671,3269,-0.5358507037162781,0.2354600727558136,0.9140285849571228,0.49610161781311035,1,0,0,0,8252
40310,-0.38574308156967163,2026,-1.1421946287155151,0.24219439923763275,0.7564515471458435,10.023819923400879,1,0,0,0,8252
40331,-0.4750231206417084,1866,-0.5145480036735535,0.27399584650993347,0.03952489420771599,3.1402759552001953,1,0,0,0,8252
40351,-0.4342300593852997,1944,0.6388736963272095,0.32522034645080566,-1.073103666305542,1.8762621039059013e-05,1,0,0,0,8252
40366,-1.7411733865737915,359,-0.4140286147594452,0.33572742342948914,-1.327144742012024,-0.016708720475435257,1,0,0,0,8252
40373,-0.9795355200767517,1076,-0.8927678465843201,0.2784448564052582,-0.08676762878894806,0.001195762655697763,1,1,0,0,8252
40380,-2.076930284500122,202,-0.6261937022209167,0.34321314096450806,-1.45073664188385,0.032983262091875076,1,0,1,1,8252
40382,0.8131930232048035,3850,0.3049473464488983,0.2520948052406311,0.5082456469535828,0.44332534074783325,1,0,0,0,8252
40405,3.0593793392181396,4890,2.0083959102630615,0.22729678452014923,1.05098295211792,2.138919626304414e-06,1,0,0,0,8252
40417,0.7303182482719421,3759,0.2748441696166992,0.25430700182914734,0.45547404885292053,-1.746741645547445e-06,1,0,0,0,8252
40419,-1.0924959182739258,931,-0.7043099999427795,0.29351839423179626,-0.3881860673427582,0.3366534113883972,1,0,0,0,8252
40421,0.24726882576942444,3070,-0.11551719903945923,0.2601819932460785,0.36278605461120605,3.7064160096633714e-06,1,0,0,0,8252
40430,-0.19774684309959412,2357,0.28637391328811646,0.29643183946609497,-0.4841206967830658,1.1457231044769287,1,0,0,0,8252
40434,-0.341858834028244,2112,-0.43372437357902527,0.2713626027107239,0.09186547994613647,0.02628200501203537,1,0,0,0,8252
40443,1.306447148323059,4280,0.00767339626327157,0.2167038917541504,1.2987736463546753,-1.1664880730677396e-05,1,0,0,0,8252
40456,0.4726710021495819,3399,1.028714656829834,0.3013908267021179,-0.5560434460639954,-1.4390874639502726e-05,1,0,0,0,8252
40467,-1.7187966108322144,369,-1.0203293561935425,0.30667051672935486,-0.6984673142433167,0.8409989476203918,1,0,0,0,8252
40471,-0.23648010194301605,2294,-0.37303420901298523,0.2694827616214752,0.13655413687229156,0.31476521492004395,1,0,0,0,8252
40477,-0.7727085947990417,1366,-0.26737359166145325,0.2977270781993866,-0.5053349733352661,0.6857296824455261,1,0,0,0,8252
40481,-0.13172006607055664,2465,0.05319232866168022,0.28434446454048157,-0.18491238355636597,1.997898817062378,1,0,0,0,8252
40489,1.3359909057617188,4310,0.3536531627178192,0.23181216418743134,0.9823375940322876,-2.1216052914496686e-08,1,0,0,0,8252
40490,-2.133023500442505,186,-0.9923178553581238,0.3278774917125702,-1.1407054662704468,2.046762466430664,1,0,1,1,8252
40503,-0.26771077513694763,2251,-0.33042633533477783,0.2725169062614441,0.06271559745073318,0.07258225977420807,1,0,0,0,8252
40528,-0.25156188011169434,2269,-0.37793102860450745,0.2699129283428192,0.1263691484928131,0.002091590780764818,1,0,0,0,8252
40536,-1.2082293033599854,788,-0.777635931968689,0.2967807352542877,-0.43059322237968445,0.11884379386901855,1,0,0,0,8252
40538,-1.2602182626724243,737,-0.4539869427680969,0.3127104938030243,-0.8062314391136169,-2.245229006803129e-05,1,0,0,0,8252
40543,0.5786718726158142,3535,0.3849988877773285,0.2661818265914917,0.1936730295419693,2.7559212867345195e-06,1,1,0,0,8252
40555,0.23537805676460266,3059,-0.4485188126564026,0.2442292422056198,0.6838969588279724,-2.104169197991723e-06,1,0,0,0,8252
40561,-0.15883465111255646,2418,-0.30095621943473816,0.26948282122612,0.1421215832233429,0.05615997314453125,1,0,0,0,8252
40572,-0.6296586394309998,1587,-0.6307919025421143,0.2746376395225525,0.0011332005960866809,2.791414260864258,1,0,0,0,8252
40600,1.2159829139709473,4204,0.3592056632041931,0.23597662150859833,0.8567773103713989,-1.4379253343577147e-08,1,0,0,0,8252
40608,0.08597841113805771,2825,-0.8963626027107239,0.23155665397644043,0.9823409914970398,1.3273141384124756,1,1,0,0,8252
40616,-0.6905218958854675,1494,-0.5721657872200012,0.28098854422569275,-0.11835620552301407,0.5056629776954651,1,0,0,0,8252
40620,-0.13538651168346405,2462,0.057195257395505905,0.2846492826938629,-0.19258177280426025,8.305929077323526e-05,1,0,0,0,8252
40632,-1.2342493534088135,768,-0.3006924092769623,0.31816908717155457,-0.9335569739341736,0.04823191091418266,1,0,0,0,8252
40657,2.021871566772461,4646,1.6089340448379517,0.2555104196071625,0.4129374921321869,-2.363020803336502e-12,1,0,0,0,8252
40662,-0.16960124671459198,2399,-0.05698355659842491,0.2798474431037903,-0.11261769384145737,0.0015339371748268604,1,0,0,0,8252
40681,-1.0596520900726318,972,-0.40276074409484863,0.3055191934108734,-0.6568912863731384,0.4901124835014343,1,0,0,0,8252
40686,0.007984804920852184,2692,-0.6074993014335632,0.24876292049884796,0.6154840588569641,2.6162071228027344,1,1,0,0,8252
40688,0.1583309769630432,2927,0.055842459201812744,0.2709835469722748,0.10248851031064987,0.003669660072773695,1,0,0,0,8252
40697,-0.07413160055875778,2573,0.8416964411735535,0.31648433208465576,-0.9158281683921814,2.6246274043018047e-09,1,0,0,0,8252
40717,-0.7128213047981262,1460,0.1509949415922165,0.31430932879447937,-0.8638160824775696,0.042681824415922165,1,0,0,0,8252
40721,-0.7914872765541077,1335,-0.5460613965988159,0.2875259816646576,-0.24542592465877533,0.06208103895187378,1,0,0,0,8252
40754,-2.648357391357422,62,-0.7098512053489685,0.3625563085079193,-1.9385063648223877,4.4116644859313965,1,0,1,1,8252
40763,-0.2306419163942337,2305,0.4394066035747528,0.3046872913837433,-0.6700484752655029,-4.51053756478359e-06,1,0,0,0,8252
40765,1.8352733850479126,4582,0.5905565619468689,0.21862946450710297,1.2447166442871094,0.00041072317981161177,1,0,0,0,8252
40771,-0.8814942240715027,1210,0.30778923630714417,0.330285906791687,-1.1892833709716797,0.016608357429504395,1,0,0,0,8252
40772,-2.4237067699432373,101,-0.9673189520835876,0.3427591025829315,-1.4563877582550049,0.10430294275283813,1,0,1,1,8252
40773,-0.5503338575363159,1738,0.17252583801746368,0.30834418535232544,-0.7228596806526184,0.5863184928894043,1,0,0,0,8252
40776,1.3063901662826538,4279,-0.22849790751934052,0.20668809115886688,1.5348881483078003,-0.0004027203540317714,1,0,0,0,8252
40779,3.1332690715789795,4897,1.1908941268920898,0.18755792081356049,1.942374587059021,-1.0364740887780499e-07,1,0,0,0,8252
40783,-0.18730928003787994,2371,-0.5101222991943359,0.261259526014328,0.3228130340576172,0.27017444372177124,1,0,0,0,8252
40799,-0.9535032510757446,1114,-0.7780318856239319,0.28328797221183777,-0.1754714697599411,2.0985422134399414,1,0,0,0,8252
40800,0.3267931044101715,3172,-0.2883760631084442,0.24764791131019592,0.615169107913971,1.180580973625183,1,0,0,0,8252
40813,0.4105982482433319,3316,0.1088365688920021,0.26281625032424927,0.30176159739494324,0.003741493448615074,1,0,0,0,8252
40831,0.9524067044258118,3990,0.9172487258911133,0.27487239241600037,0.03515806794166565,0.23959210515022278,1,0,0,0,8252
40857,1.5700699090957642,4448,0.936962902545929,0.24689243733882904,0.63310706615448,-5.337891906265213e-09,1,0,0,0,8252
40868,2.0647873878479004,4668,1.23381507396698,0.23828251659870148,0.8309723734855652,-1.4146822024940775e-07,1,0,0,0,8252
40871,0.4473282992839813,3369,0.33434468507766724,0.27036818861961365,0.1129835844039917,-1.1786951290559955e-06,1,1,0,0,8252
40878,0.11995077133178711,2872,-0.13521452248096466,0.26454415917396545,0.25516530871391296,0.0009922728640958667,1,0,0,0,8252
40887,1.5877131223678589,4459,0.3523029386997223,0.2198999971151352,1.235410213470459,0.00014289394312072545,1,0,0,0,8252
40889,-0.1258767992258072,2480,-0.49912548065185547,0.2599238455295563,0.3732485771179199,0.6402975916862488,1,0,0,0,8252
40904,-1.1212807893753052,898,-1.075984001159668,0.277011513710022,-0.04529700428247452,26.583740234375,1,0,0,0,8252
40905,-1.0765961408615112,955,-0.6777317523956299,0.2938252389431,-0.3988642990589142,0.015473622828722,1,0,0,0,8252
40932,0.8341873288154602,3869,0.020378515124320984,0.23841968178749084,0.8138088583946228,0.003999246750026941,1,0,0,0,8252
40934,-0.14733362197875977,2438,-0.42400142550468445,0.2633153796195984,0.2766678035259247,0.062192656099796295,1,1,0,0,8252
40938,-1.8116165399551392,323,-0.735504686832428,0.32485470175743103,-1.0761117935180664,0.014882121235132217,1,0,0,0,8252
40940,-1.1315736770629883,884,-0.6606698632240295,0.2974945902824402,-0.4709036946296692,5.818119049072266,1,1,0,0,8252
40944,-1.1419832706451416,868,-0.3982951045036316,0.30954715609550476,-0.7436880469322205,0.04508994519710541,1,0,0,0,8252
40951,1.1438482999801636,4153,0.39379408955574036,0.2427428811788559,0.7500541806221008,0.0011780541390180588,1,0,0,0,8252
40957,1.8064358234405518,4568,1.7791630029678345,0.2738170325756073,0.02727280557155609,1.1237796115892706e-06,1,0,0,0,8252
40969,-0.03819633275270462,2630,-0.4977497160434723,0.255381315946579,0.45955345034599304,0.004835979081690311,1,0,0,0,8252
40989,-1.3157668113708496,683,-0.4374353885650635,0.31705570220947266,-0.8783316016197205,0.0015895044198259711,1,0,0,0,8252
40992,0.24079027771949768,3062,0.13678209483623505,0.270969033241272,0.10400819033384323,0.01018017902970314,1,0,0,0,8252
40997,1.3343079090118408,4308,0.9363121390342712,0.25836455821990967,0.3979959785938263,2.4187784219975583e-06,1,0,0,0,8252
41022,2.7834670543670654,4845,2.94028639793396,0.2826575040817261,-0.15681886672973633,-4.717649881857966e-11,1,0,0,0,8252
41025,2.622047185897827,4817,2.225569248199463,0.25771474838256836,0.3964777886867523,4.049951485285419e-09,1,0,0,0,8252
41034,1.7508745193481445,4544,0.6252752542495728,0.2237386703491211,1.1255992650985718,1.9817530301224906e-06,1,0,0,0,8252
41037,-1.26487398147583,729,-0.45424699783325195,0.3124102056026459,-0.8106269836425781,1.9294333457946777,1,0,0,0,8252
41046,-2.320770502090454,121,-0.571513831615448,0.35538819432258606,-1.74925696849823,0.001595483161509037,1,0,1,1,8252
41062,0.8480349779129028,3887,-0.0020237062126398087,0.23687589168548584,0.8500586748123169,-0.024302873760461807,1,0,0,0,8252
41069,0.263292133808136,3091,0.7879816889762878,0.2990356385707855,-0.524689793586731,-6.732272339604606e-08,1,0,0,0,8252
41081,-1.160359501838684,846,-0.8263019919395447,0.2909700572490692,-0.3340575098991394,1.5612273216247559,1,0,0,0,8252
41082,1.273166537284851,4258,0.3800845146179199,0.23567672073841095,0.8930820822715759,0.011804298497736454,1,0,0,0,8252
41094,-0.006516140885651112,2666,0.013482469134032726,0.27657386660575867,-0.019998613744974136,3.765385918086395e-05,1,0,0,0,8252
41096,1.2198574542999268,4208,1.6699360609054565,0.2967664301395416,-0.450078547000885,1.6174946892988373e-07,1,0,0,0,8252
41098,-0.48294201493263245,1849,-0.36541226506233215,0.2808637320995331,-0.11752971261739731,0.08754132688045502,1,0,0,0,8252
41099,-0.601034939289093,1646,0.13691841065883636,0.3082588315010071,-0.7379533648490906,0.17295582592487335,1,0,0,0,8252
41113,1.8592222929000854,4593,2.4093472957611084,0.2999633252620697,-0.5501253008842468,3.55415160193176e-14,1,0,0,0,8252
41115,-1.7666893005371094,347,-0.7446550726890564,0.32119786739349365,-1.0220345258712769,0.0659480020403862,1,0,0,0,8252
41119,2.059062957763672,4667,1.4238808155059814,0.24610547721385956,0.6351823210716248,0.1417575627565384,1,0,0,0,8252
41130,0.29635241627693176,3125,-0.6313431262969971,0.23424986004829407,0.9276955723762512,0.027863912284374237,1,0,0,0,8252
41139,2.310389518737793,4732,1.584432601928711,0.2430107593536377,0.7259572148323059,8.092916345958656e-07,1,0,0,0,8252
41141,-1.3384182453155518,661,0.4306947886943817,0.3539552390575409,-1.7691129446029663,0.000578210805542767,1,0,0,0,8252
41175,-0.6195255517959595,1609,-0.6541425585746765,0.2745760381221771,0.03461705893278122,0.04189957678318024,1,0,0,0,8252
41176,1.3851326704025269,4338,0.32906752824783325,0.22790014743804932,1.0560649633407593,1.3103887113175006e-06,1,0,0,0,8252
41190,0.2995680272579193,3132,0.318435400724411,0.27662619948387146,-0.01886730082333088,1.4138327060209122e-05,1,0,0,0,8252
41206,-1.3149302005767822,685,-0.36297160387039185,0.31802842020988464,-0.9519586563110352,0.3389642536640167,1,0,0,0,8252
41210,-0.3990730941295624,2002,-0.36271727085113525,0.27764198184013367,-0.036355841904878616,0.5975592732429504,1,0,0,0,8252
41221,0.17344234883785248,2951,-0.4578981399536133,0.24807524681091309,0.6313404440879822,1.0865286588668823,1,0,0,0,8252
41232,-1.3645106554031372,639,-0.4250914752483368,0.3186893165111542,-0.9394192695617676,0.5389589667320251,1,0,0,0,8252
41318,-1.146543025970459,862,0.10670735687017441,0.3318309485912323,-1.2532504796981812,0.11875604093074799,1,0,0,0,8252
41339,-0.38879308104515076,2015,-0.31919607520103455,0.2790508568286896,-0.06959698349237442,1.2504115104675293,1,0,0,0,8252
41340,1.1574853658676147,4166,0.6318687796592712,0.25221219658851624,0.5256165266036987,-3.5862660752172815e-07,1,0,0,0,8252
41358,0.2648303508758545,3094,-0.10558880865573883,0.26016703248023987,0.37041914463043213,3.4603829383850098,1,1,0,0,8252
41360,0.06613896042108536,2794,-0.39527472853660583,0.2547338306903839,0.461413711309433,0.025616761296987534,1,0,0,0,8252
41365,-1.1931995153427124,802,0.17358653247356415,0.33640438318252563,-1.3667861223220825,0.01760805957019329,1,0,0,0,8252
41367,-1.3132823705673218,688,-0.002925008535385132,0.33510681986808777,-1.3103574514389038,2.4594852220616303e-05,1,0,0,0,8252
41371,0.18332849442958832,2972,-0.2606406807899475,0.25737521052360535,0.4439692199230194,0.13774949312210083,1,0,0,0,8252
41376,-1.3516687154769897,648,-0.8005257844924927,0.3012804687023163,-0.5511429309844971,0.6180177927017212,1,0,0,0,8252
41400,-0.10547889769077301,2517,-0.07693852484226227,0.27577269077301025,-0.028540370985865593,2.1413376331329346,1,0,0,0,8252
41406,-1.2015916109085083,792,0.6905750036239624,0.3616446256637573,-1.8921663761138916,0.00012911665544379503,1,0,0,0,8252
41420,-0.513587474822998,1801,-0.7810899615287781,0.26344314217567444,0.2675023674964905,0.1525910496711731,1,0,0,0,8252
41425,0.7570989727973938,3788,0.2555120587348938,0.2532351016998291,0.5015869736671448,1.0025614756159484e-06,1,0,0,0,8252
41442,-2.064332962036133,211,-0.25606057047843933,0.35899266600608826,-1.8082722425460815,0.009390024468302727,1,0,1,1,8252
41475,1.7593803405761719,4552,1.4360271692276,0.25986728072166443,0.32335326075553894,0.0001878244656836614,1,0,0,0,8252
41480,-0.46858152747154236,1874,-0.20894038677215576,0.28677868843078613,-0.25964102149009705,0.1308298259973526,1,0,0,0,8252
41499,1.601427435874939,4469,-0.326159805059433,0.18706545233726501,1.9275873899459839,0.3914656639099121,1,0,0,0,8252
41501,2.0652642250061035,4669,1.6809152364730835,0.25809964537620544,0.38434872031211853,2.9468782969388485e-09,1,0,0,0,8252
41531,-1.604020357131958,433,-0.5584108233451843,0.323039174079895,-1.0456093549728394,0.0029027299024164677,1,0,0,0,8252
41559,1.7550867795944214,4547,0.47224941849708557,0.21725383400917053,1.2828376293182373,0.06045828014612198,1,0,0,0,8252
41564,-0.5813769102096558,1683,-0.4338745176792145,0.28277599811553955,-0.1475023478269577,0.001795538584701717,1,0,0,0,8252
41565,-0.6193662285804749,1610,-0.261714369058609,0.2919198274612427,-0.35765179991722107,1.4925236701965332,1,0,0,0,8252
41566,-0.025766735896468163,2648,-0.17548321187496185,0.2700701355934143,0.14971649646759033,-2.5118256417044904e-06,1,1,0,0,8252
41583,-1.4372550249099731,563,-0.8159228563308716,0.30427154898643494,-0.6213322877883911,0.16030210256576538,1,0,0,0,8252
41587,-0.8490999341011047,1259,-0.5822617411613464,0.28828296065330505,-0.2668381929397583,2.3051207065582275,1,0,0,0,8252
41638,-1.1770484447479248,821,-0.695572555065155,0.2976706027984619,-0.48147568106651306,0.21848911046981812,1,1,0,0,8252
41646,1.103724718093872,4124,0.6491848826408386,0.2555077075958252,0.4545396864414215,8.402454841416329e-05,1,0,0,0,8252
41680,1.0820764303207397,4103,0.7448084354400635,0.26028597354888916,0.3372681438922882,-5.518709933483024e-09,1,0,0,0,8252
41687,0.1779327392578125,2958,-0.30450206995010376,0.2543030381202698,0.48243480920791626,0.004175775684416294,1,0,0,0,8252
41692,0.29953470826148987,3131,0.28752580285072327,0.27573713660240173,0.012008952908217907,0.06784125417470932,1,0,0,0,8252
41697,-1.0859724283218384,939,-0.6020281314849854,0.2972872257232666,-0.4839440882205963,2.596440553665161,1,0,0,0,8252
41703,-0.050689276307821274,2613,-0.6314423680305481,0.2503906190395355,0.5807531476020813,0.021835360676050186,1,0,0,0,8252
41708,-1.3167437314987183,680,-0.135055273771286,0.3298744857311249,-1.1816884279251099,0.20878592133522034,1,1,0,0,8252
41718,0.5310580134391785,3468,0.4112681448459625,0.2709660828113556,0.11978989094495773,0.00025475665461272,1,0,0,0,8252
41720,0.5745564699172974,3525,1.5980488061904907,0.3218952417373657,-1.023492455482483,1.365523303320515e-07,1,0,0,0,8252
41728,1.9924999475479126,4634,1.1710186004638672,0.23855839669704437,0.8214814066886902,-5.456389118307925e-08,1,0,0,0,8252
41743,3.0148427486419678,4885,1.4827214479446411,0.20573797821998596,1.5321215391159058,2.762371301651001,1,0,0,0,8252
41752,2.268902540206909,4723,1.3105119466781616,0.2336522340774536,0.9583908319473267,-1.0176041769227595e-06,1,0,0,0,8252
41759,1.762872338294983,4553,1.3861258029937744,0.2574957609176636,0.37674668431282043,0.00011406563135096803,1,0,0,0,8252
41789,0.6933246850967407,3704,-0.9521743655204773,0.2015569508075714,1.6454991102218628,0.8955509662628174,1,0,0,0,8252
41793,0.01927029900252819,2710,-0.5709730982780457,0.24869509041309357,0.5902432799339294,5.9767165184021,1,0,0,0,8252
41798,-0.029546642675995827,2642,0.2657100260257721,0.2886683940887451,-0.295256644487381,0.015922056511044502,1,0,0,0,8252
41812,0.17960204184055328,2961,0.45064255595207214,0.2877333164215088,-0.2710404694080353,0.06460738182067871,1,0,0,0,8252
41817,-0.8062284588813782,1316,-0.4765775203704834,0.2910463511943817,-0.3296509087085724,0.019619442522525787,1,0,0,0,8252
41828,-1.1777352094650269,818,-0.594216525554657,0.3031022846698761,-0.5835186243057251,0.008948173373937607,1,0,0,0,8252
41832,-0.5926938056945801,1659,-0.5676361918449402,0.27757325768470764,-0.025057664141058922,0.02056480012834072,1,0,0,0,8252
41875,0.21202237904071808,3024,-0.35507526993751526,0.25031518936157227,0.5670976638793945,0.03525311499834061,1,0,0,0,8252
41886,1.830713152885437,4580,0.8001064658164978,0.22739656269550323,1.030606746673584,-3.8724745632379154e-10,1,0,0,0,8252
41915,-0.3487757742404938,2095,-0.8319687843322754,0.2534157931804657,0.4831930100917816,0.5975837707519531,1,0,0,0,8252
41928,-1.3251008987426758,676,-1.004719614982605,0.29007062315940857,-0.32038143277168274,0.14469729363918304,1,0,0,0,8252
41938,-0.14867852628231049,2437,-0.5114368796348572,0.25812578201293945,0.3627583682537079,0.2933346629142761,1,0,0,0,8252
41942,0.5884321331977844,3547,1.1414674520492554,0.3016897141933441,-0.5530352592468262,5.891352117259885e-08,1,0,0,0,8252
41997,0.7527735233306885,3780,-0.21789191663265228,0.23137865960597992,0.9706652760505676,0.06832840293645859,1,0,0,0,8252
42001,-0.5241345763206482,1783,-0.6132412552833557,0.2720164954662323,0.0891065001487732,0.008441315032541752,1,0,0,0,8252
42005,-2.2596890926361084,141,-0.06995571404695511,0.37437495589256287,-2.1897332668304443,3.189538256265223e-05,1,0,1,1,8252
42016,-0.7942199110984802,1333,-1.1443816423416138,0.260494589805603,0.35016167163848877,28.726552963256836,1,0,0,0,8252
42033,-0.8828644156455994,1208,-0.7534800171852112,0.2822592854499817,-0.12938448786735535,0.002817975590005517,1,0,0,0,8252
42038,-0.6730372309684753,1520,-0.24602727591991425,0.295595645904541,-0.42701002955436707,0.08120565116405487,1,0,0,0,8252
42041,0.7360221147537231,3764,-0.13578926026821136,0.2370196133852005,0.8718113303184509,0.005124182906001806,1,0,0,0,8252
42054,-0.725376546382904,1436,-0.7831090092658997,0.2741144001483917,0.05773254856467247,3.3521316051483154,1,0,0,0,8252
42064,3.376649856567383,4924,3.053177833557129,0.25987139344215393,0.3234717547893524,-3.4121489989047404e-07,1,0,0,0,8252
42076,0.8577122092247009,3903,0.3223189115524292,0.2513798475265503,0.535393238067627,0.00013201776891946793,1,0,0,0,8252
42088,-0.6300331354141235,1585,-0.23188303411006927,0.2956606447696686,-0.39815017580986023,0.0006985838990658522,1,0,0,0,8252
42089,-0.22222493588924408,2319,-0.49730464816093445,0.26315805315971375,0.2750796377658844,12.513204574584961,1,0,0,0,8252
42092,-0.6624733805656433,1535,-0.5472895503044128,0.28058019280433655,-0.11518380790948868,0.03101673536002636,1,0,0,0,8252
42100,-0.45153769850730896,1908,-0.8696304559707642,0.2574709355831146,0.4180928170681,0.3861404061317444,1,0,0,0,8252
42111,-2.3777925968170166,113,-1.1361600160598755,0.3328828513622284,-1.2416325807571411,2.9350569248199463,1,0,1,1,8252
42115,1.234641432762146,4219,0.3634600341320038,0.2364717721939087,0.8711811900138855,-8.284747309517115e-06,1,0,0,0,8252
42152,-0.11454635858535767,2504,-0.6636111736297607,0.2511739432811737,0.5490647554397583,8.874857902526855,1,0,0,0,8252
42170,3.3878276348114014,4926,1.371825098991394,0.18466679751873016,2.0160024166107178,0.07480670511722565,1,0,0,0,8252
42174,0.6824497580528259,3687,0.1675865352153778,0.2524455189704895,0.5148633122444153,0.0016743616433814168,1,0,0,0,8252
42177,0.5097950100898743,3446,0.7294819951057434,0.28559598326683044,-0.21968691051006317,1.884971467802643e-08,1,0,0,0,8252
42178,-1.3079338073730469,693,-0.1994624137878418,0.3262799084186554,-1.108471393585205,0.05885844677686691,1,0,0,0,8252
42194,-0.6524655222892761,1544,-0.19458431005477905,0.29671362042427063,-0.45788121223449707,0.0749473124742508,1,0,0,0,8252
42212,0.6918500065803528,3702,-0.010293707251548767,0.2449939250946045,0.7021437287330627,7.699472917011008e-05,1,0,0,0,8252
42218,-1.1076847314834595,916,-0.11177913099527359,0.3224172592163086,-0.9959053993225098,0.10529639571905136,1,0,0,0,8252
42222,0.3547065258026123,3223,-1.0213921070098877,0.21306292712688446,1.3760986328125,0.07428430020809174,1,0,0,0,8252
42240,1.2463892698287964,4230,0.8265083432197571,0.25644052028656006,0.4198809564113617,1.41049014246164e-07,1,0,0,0,8252
42242,-0.141238734126091,2449,-0.31192800402641296,0.2679808735847473,0.17068926990032196,0.016554776579141617,1,0,0,0,8252
42243,-1.0890969038009644,934,-0.35294654965400696,0.3092804551124573,-0.7361504435539246,4.991729736328125,1,0,0,0,8252
42256,-0.4582589268684387,1890,-0.4685485363006592,0.27566802501678467,0.010289685800671577,0.07389892637729645,1,0,0,0,8252
42273,0.08025180548429489,2810,-0.21816802024841309,0.261909157037735,0.2984198331832886,0.08844772726297379,1,1,0,0,8252
42274,0.8854698538780212,3937,0.3580213487148285,0.2521606385707855,0.5274485349655151,0.022931255400180817,1,0,0,0,8252
42286,-0.12920890748500824,2474,-0.5212370157241821,0.258412629365921,0.3920280635356903,0.009180435910820961,1,0,0,0,8252
42293,0.11017489433288574,2858,0.3135250508785248,0.2838989496231079,-0.20335014164447784,0.15305545926094055,1,0,0,0,8252
42317,1.1303585767745972,4142,0.01686326041817665,0.2244008332490921,1.1134953498840332,1.4555916786193848,1,0,0,0,8252
42323,-2.1501948833465576,176,-0.9261731505393982,0.33207881450653076,-1.2240217924118042,2.513735294342041,1,0,1,1,8252
42337,0.054422713816165924,2779,-0.30261942744255066,0.26007163524627686,0.3570421636104584,0.005292873829603195,1,0,0,0,8252
42344,-1.5809286832809448,451,-0.8554821014404297,0.3091791570186615,-0.7254467010498047,0.2427564114332199,1,0,0,0,8252
42348,1.3811426162719727,4337,0.7084249258041382,0.24405966699123383,0.672717809677124,-4.720636206911877e-05,1,0,0,0,8252
42356,0.21039672195911407,3019,-0.4037229120731354,0.24819016456604004,0.6141195893287659,0.21286986768245697,1,0,0,0,8252
42363,-0.8957223892211914,1192,-0.2229519933462143,0.3066379129886627,-0.6727705001831055,0.24186840653419495,1,0,0,0,8252
42377,-1.3902438879013062,615,-0.23254089057445526,0.32809725403785706,-1.1577030420303345,0.1928715854883194,1,0,0,0,8252
42384,-0.44419723749160767,1921,-0.712598979473114,0.2640349566936493,0.2684018015861511,0.266787052154541,1,0,0,0,8252
42393,-1.9005892276763916,287,-0.7690133452415466,0.3251473605632782,-1.1315758228302002,0.2316998541355133,1,0,0,0,8252
42396,-1.562776803970337,463,-0.8789623379707336,0.3066423833370209,-0.6838146448135376,0.0001331206876784563,1,0,0,0,8252
42397,1.2333191633224487,4218,0.8456136584281921,0.2584974467754364,0.3877056837081909,-1.3098517683829414e-06,1,0,0,0,8252
42405,4.121067047119141,4973,3.5290284156799316,0.2481713593006134,0.5920385122299194,-2.7775745164168933e-14,1,0,0,0,8252
42409,3.7239620685577393,4953,2.7483737468719482,0.2301028072834015,0.975588321685791,-3.9485634317770746e-08,1,0,0,0,8252
42432,0.9164706468582153,3964,0.4683123230934143,0.25550150871276855,0.448158323764801,0.003487087320536375,1,0,0,0,8252
42451,-1.4649516344070435,534,-0.6218136548995972,0.31466928124427795,-0.8431380391120911,10.239654541015625,1,0,0,0,8252
42461,-0.9129654169082642,1168,-0.7975835204124451,0.2812291085720062,-0.11538179963827133,0.0748017430305481,1,0,0,0,8252
42491,-0.11710896342992783,2499,-0.7707847356796265,0.24618153274059296,0.6536757349967957,0.0005784393288195133,1,0,0,0,8252
42494,-1.8235384225845337,320,-0.6499794125556946,0.32881125807762146,-1.1735589504241943,0.23410016298294067,1,0,0,0,8252
42503,3.9006714820861816,4963,1.8412913084030151,0.18229307234287262,2.059380054473877,-3.1383463010570267e-06,1,0,0,0,8252
42505,-1.7924193143844604,332,-0.911938488483429,0.31603628396987915,-0.8804810643196106,8.855783462524414,1,0,0,0,8252
42511,-1.2455333471298218,755,-0.5654573440551758,0.3057747781276703,-0.6800759434700012,0.010757887735962868,1,0,0,0,8252
42513,-0.8975362181663513,1191,-0.8465458154678345,0.27728506922721863,-0.05099043995141983,0.43684151768684387,1,0,0,0,8252
42518,0.17386981844902039,2952,-0.5817497372627258,0.24153707921504974,0.7556195259094238,0.011747162789106369,1,0,0,0,8252
42520,-0.4413551390171051,1928,-0.755865752696991,0.2624630033969879,0.3145105540752411,0.28458452224731445,1,0,0,0,8252
42524,1.524155616760254,4425,-0.35863664746284485,0.19056163728237152,1.8827921152114868,0.2992406487464905,1,0,0,0,8252
42528,0.7902998328208923,3829,0.37048861384391785,0.255942702293396,0.4198111593723297,0.00033655407605692744,1,0,0,0,8252
42530,-0.6338968873023987,1579,-0.18638461828231812,0.2959863245487213,-0.44751229882240295,0.003404652001336217,1,0,0,0,8252
42533,0.5385436415672302,3475,-0.5250946879386902,0.2272372990846634,1.0636383295059204,0.00017335520533379167,1,0,0,0,8252
42537,-0.5180889964103699,1791,-0.6987888216972351,0.26858824491500854,0.18069986999034882,0.0004966498236171901,1,0,0,0,8252
42538,-1.2456620931625366,754,-0.1530473530292511,0.32594916224479675,-1.0926145315170288,0.050294823944568634,1,0,0,0,8252
42549,-0.5950362086296082,1656,-0.9908491969108582,0.2557624578475952,0.39581289887428284,2.891660690307617,1,0,0,0,8252
42578,0.35162830352783203,3219,0.3468617796897888,0.27557244896888733,0.004766543861478567,-0.002659993711858988,1,0,0,0,8252
42580,-0.3530321717262268,2082,-0.6648064255714417,0.26222848892211914,0.31177428364753723,0.010149933397769928,1,0,0,0,8252
42582,-0.44975993037223816,1912,0.21622510254383087,0.30677247047424316,-0.665985107421875,0.6008739471435547,1,0,0,0,8252
42613,-2.547100067138672,77,-0.425796240568161,0.37112879753112793,-2.1213037967681885,0.24989095330238342,1,1,1,1,8252
42620,0.41928359866142273,3329,-0.17818377912044525,0.24852366745471954,0.5974673628807068,0.028860509395599365,1,0,0,0,8252
42623,-0.804438591003418,1321,0.12999217212200165,0.318759024143219,-0.9344307780265808,1.5828056348254904e-05,1,0,0,0,8252
42635,-0.0254594087600708,2649,0.11615120619535446,0.2824244797229767,-0.14161060750484467,-1.2107395377825014e-05,1,1,0,0,8252
42642,-1.0819028615951538,947,-0.7093596458435059,0.29282402992248535,-0.3725432753562927,1.5679384469985962,1,0,0,0,8252
42645,-1.1994251012802124,794,-0.4168303608894348,0.3116324841976166,-0.782594621181488,0.022507745772600174,1,0,0,0,8252
42686,0.4667696952819824,3388,0.2629968225955963,0.2661494016647339,0.20377285778522491,0.044954702258110046,1,0,0,0,8252
42691,-1.1273387670516968,889,-0.40836164355278015,0.30897948145866394,-0.718977153301239,0.1352044641971588,1,0,0,0,8252
42698,-0.6722057461738586,1522,-0.31662338972091675,0.2929077446460724,-0.3555822968482971,0.3637833297252655,1,0,0,0,8252
42721,-1.5137057304382324,496,-1.1539689302444458,0.29343459010124207,-0.3597368896007538,3.945469379425049,1,0,0,0,8252
42728,-0.4042133390903473,1994,-0.7990730404853821,0.25764837861061096,0.3948597013950348,12.389249801635742,1,0,0,0,8252
42731,-1.257703423500061,743,-0.1652875542640686,0.3266657292842865,-1.0924159288406372,6.790713310241699,1,0,0,0,8252
42745,-1.0226775407791138,1024,-0.8194945454597473,0.2851284146308899,-0.20318292081356049,1.4902483224868774,1,0,0,0,8252
42772,-0.18441131711006165,2374,-0.23838527500629425,0.27234217524528503,0.0539739616215229,0.9786191582679749,1,0,0,0,8252
42776,1.6710013151168823,4506,1.9935530424118042,0.2908414304256439,-0.3225516974925995,-9.803213796288901e-12,1,0,0,0,8252
42782,0.6082695722579956,3589,0.22519873082637787,0.2577555477619171,0.38307085633277893,3.8321191823342815e-05,1,0,0,0,8252
42798,0.42627978324890137,3344,0.19981670379638672,0.26470300555229187,0.22646312415599823,0.0014713065465912223,1,0,0,0,8252
42813,0.9250637292861938,3973,0.971430242061615,0.2772650718688965,-0.04636656865477562,0.00038025318644940853,1,0,0,0,8252
42817,0.9079651832580566,3957,-0.5567378401756287,0.20868122577667236,1.464702844619751,0.3882167339324951,1,0,0,0,8252
42818,0.006255564279854298,2689,-0.25160449743270874,0.2644118368625641,0.2578600347042084,0.00018935944535769522,1,0,0,0,8252
42820,-0.08293947577476501,2556,-0.7842263579368591,0.24293473362922668,0.7012869119644165,0.002985239028930664,1,0,0,0,8252
42828,-0.8040267825126648,1322,-0.8336001634597778,0.27511677145957947,0.029573315754532814,0.17390036582946777,1,0,0,0,8252
42838,0.01782625913619995,2707,-0.09465997666120529,0.27127113938331604,0.11248624324798584,0.004168943502008915,1,0,0,0,8252
42846,-0.6318527460098267,1582,-0.2415754348039627,0.2945384085178375,-0.390277236700058,0.3110099732875824,1,0,0,0,8252
42862,0.4653404653072357,3386,-0.3564043343067169,0.23906338214874268,0.8217447400093079,0.01653209887444973,1,0,0,0,8252
42866,0.33104515075683594,3181,0.5013325214385986,0.28326940536499023,-0.1702873408794403,-3.0809263989795e-05,1,0,0,0,8252
42902,-1.2545839548110962,748,-0.7820556163787842,0.2974787950515747,-0.47252821922302246,1.241454005241394,1,0,0,0,8252
42919,-2.3199374675750732,123,-0.863821804523468,0.3417455852031708,-1.4561153650283813,7.586273670196533,1,0,1,1,8252
42924,-0.4075896441936493,1982,-0.25333550572395325,0.28197410702705383,-0.15425412356853485,0.001990129239857197,1,0,0,0,8252
42932,-1.0755330324172974,956,-0.37142452597618103,0.3090822994709015,-0.7041085958480835,0.28345268964767456,1,0,0,0,8252
42937,-1.5154939889907837,495,-0.24504657089710236,0.3335573375225067,-1.2704473733901978,0.07040552794933319,1,0,0,0,8252
42940,-0.45360955595970154,1898,-0.8597207069396973,0.2573026716709137,0.4061111509799957,5.893636703491211,1,0,0,0,8252
42943,0.32137569785118103,3168,-0.6826663017272949,0.23010431230068207,1.0040420293807983,0.01931091770529747,1,0,0,0,8252
42946,-3.1247403621673584,22,-0.936418354511261,0.37607842683792114,-2.188321828842163,0.6063097715377808,1,0,1,1,8252
42950,0.4891579747200012,3418,-0.17851312458515167,0.24421833455562592,0.6676711440086365,0.01613384485244751,1,0,0,0,8252
42961,-1.0004936456680298,1049,-0.941332995891571,0.27724501490592957,-0.059160616248846054,0.4524696469306946,1,0,0,0,8252
42966,0.30860576033592224,3145,-0.14897961914539337,0.254604697227478,0.45758533477783203,0.0004374865966383368,1,0,0,0,8252
42987,0.384491890668869,3276,-0.6981543898582458,0.2269149124622345,1.0826464891433716,0.5970967411994934,1,0,0,0,8252
42989,1.4973405599594116,4410,1.1066757440567017,0.2576776444911957,0.39066454768180847,0.006130588240921497,1,0,0,0,8252
43000,-1.1481465101242065,860,-0.022892450913786888,0.3273790776729584,-1.1252537965774536,0.001902832998894155,1,1,0,0,8252
43005,1.402765154838562,4354,-0.16046622395515442,0.20470105111598969,1.5632314682006836,1.1629081964492798,1,0,0,0,8252
43009,-1.4121294021606445,585,-0.5085972547531128,0.31756123900413513,-0.9035321474075317,2.39365553855896,1,0,0,0,8252
43011,-1.035826563835144,1005,-0.3259459137916565,0.30761465430259705,-0.7098808288574219,0.005813604220747948,1,0,0,0,8252
43025,0.3309952914714813,3180,-0.035935014486312866,0.25958219170570374,0.3669303357601166,0.002114192582666874,1,0,0,0,8252
43038,-0.3445264995098114,2103,0.38947436213493347,0.30846449732780457,-0.7340008616447449,0.014252682216465473,1,0,0,0,8252
43053,-1.8373243808746338,311,-0.8173897862434387,0.32237645983695984,-1.0199345350265503,0.7721811532974243,1,0,0,0,8252
43056,-0.09501320868730545,2536,-0.534579873085022,0.25546443462371826,0.4395666718482971,2.1973063945770264,1,0,0,0,8252
43058,-1.4527559280395508,548,-0.3287450969219208,0.3272736072540283,-1.1240110397338867,0.11094044148921967,1,0,0,0,8252
43063,-0.13720987737178802,2458,0.44374528527259827,0.30222076177597046,-0.5809552073478699,-1.20823542602011e-05,1,0,0,0,8252
43071,-2.291468620300293,130,-1.2295933961868286,0.3244877755641937,-1.0618752241134644,7.116535186767578,1,0,1,1,8252
43075,-0.5016240477561951,1820,-0.16683454811573029,0.29205122590065,-0.3347894847393036,1.968153953552246,1,0,0,0,8252
43087,-1.1278572082519531,887,-0.9694592356681824,0.28374359011650085,-0.15839789807796478,1.4405453205108643,1,1,0,0,8252
43088,0.34372109174728394,3205,-0.04118729382753372,0.25771743059158325,0.38490840792655945,0.1670239418745041,1,0,0,0,8252
43093,0.20272712409496307,3009,-0.21006779372692108,0.25609487295150757,0.41279488801956177,0.9824516177177429,1,0,0,0,8252
43103,1.7533771991729736,4546,0.48061132431030273,0.2174627035856247,1.2727655172348022,0.013270263560116291,1,0,0,0,8252
43107,-1.2379608154296875,764,-0.6660451292991638,0.302198588848114,-0.5719158053398132,1.922512412071228,1,0,0,0,8252
43115,0.695361316204071,3708,0.3440907597541809,0.25927868485450745,0.3512706160545349,0.023164253681898117,1,0,0,0,8252
43120,1.4109662771224976,4360,-0.14657378196716309,0.20435403287410736,1.557539939880371,0.3581022620201111,1,0,0,0,8252
43129,-0.6201335191726685,1604,0.4503951966762543,0.32400938868522644,-1.0705288648605347,8.685311331646517e-05,1,0,0,0,8252
43133,1.092734694480896,4111,0.6722704172134399,0.2561693787574768,0.42046427726745605,0.00017183259478770196,1,0,0,0,8252
43140,-0.5750337243080139,1697,-0.3512924909591675,0.28607088327407837,-0.22374120354652405,5.099634170532227,1,0,0,0,8252
43142,-0.564504861831665,1711,-0.6158687472343445,0.2737003564834595,0.051363881677389145,1.1783283948898315,1,0,0,0,8252
43153,1.7457408905029297,4543,0.38738444447517395,0.21371980011463165,1.3583568334579468,0.040918007493019104,1,0,0,0,8252
43156,-1.682029128074646,388,-0.21397462487220764,0.34203529357910156,-1.4680545330047607,0.05708223581314087,1,0,0,0,8252
43181,0.276242733001709,3101,-0.4407811164855957,0.24382169544696808,0.7170238494873047,0.03158411756157875,1,0,0,0,8252
43189,3.7700603008270264,4957,2.29719877243042,0.20815780758857727,1.4728621244430542,-1.1954394096846954e-07,1,0,0,0,8252
43208,-1.3261946439743042,673,-0.6925195455551147,0.30561918020248413,-0.633675217628479,0.941826581954956,1,1,0,0,8252
43209,-0.34129947423934937,2114,-0.8425137400627136,0.2542254328727722,0.5012144446372986,0.07185276597738266,1,0,0,0,8252
43213,0.2482345551252365,3072,0.831649899482727,0.3017321527004242,-0.5834153294563293,1.7350790585624054e-05,1,0,0,0,8252
43221,-1.8816331624984741,292,-0.8677358627319336,0.322974294424057,-1.013897180557251,1.5809273719787598,1,0,0,0,8252
43225,1.1297616958618164,4140,-0.06542789191007614,0.22123034298419952,1.1951894760131836,0.00030771357705816627,1,0,0,0,8252
43248,0.3275533616542816,3173,0.11488576978445053,0.2667458653450012,0.21266762912273407,0.11045578867197037,1,0,0,0,8252
43249,-0.907139003276825,1178,0.0048171295784413815,0.3175693452358246,-0.911956250667572,0.0011850218288600445,1,0,0,0,8252
43259,0.6520636081695557,3646,-0.27645665407180786,0.2334967851638794,0.9285203218460083,0.41465577483177185,1,0,0,0,8252
43273,-0.24359071254730225,2286,-0.2597076892852783,0.27596285939216614,0.016116993501782417,7.200636863708496,1,0,0,0,8252
43275,-1.6066532135009766,432,-0.435194730758667,0.3290599286556244,-1.1714584827423096,0.0237487331032753,1,0,0,0,8252
43307,-1.2503079175949097,751,-0.7426822781562805,0.29944801330566406,-0.5076257586479187,0.28527504205703735,1,0,0,0,8252
43315,-0.6730215549468994,1521,-0.5172657370567322,0.2826523184776306,-0.15575584769248962,0.04337945953011513,1,0,0,0,8252
43321,1.2553684711456299,4239,1.2827247381210327,0.2761707007884979,-0.027356112375855446,2.040672164582702e-08,1,0,0,0,8252
43323,-0.6377890706062317,1570,-0.7195001840591431,0.2717576026916504,0.08171098679304123,2.3396294116973877,1,0,0,0,8252
43330,-0.2610117495059967,2259,-0.7760701775550842,0.2531079351902008,0.5150584578514099,0.7118557095527649,1,0,0,0,8252
43338,-1.3250107765197754,677,-0.6320711970329285,0.3066970705986023,-0.6929394602775574,0.6404109001159668,1,0,0,0,8252
43340,0.19876216351985931,3001,-0.052394505590200424,0.26505762338638306,0.25115668773651123,0.316511332988739,1,0,0,0,8252
43345,-1.025608777999878,1020,-0.5123040080070496,0.29862987995147705,-0.5133048892021179,8.519050598144531,1,0,0,0,8252
43347,-0.18855725228786469,2367,-0.5386157631874084,0.2594521939754486,0.35005852580070496,0.048667535185813904,1,0,0,0,8252
43366,1.9157456159591675,4612,-0.23826394975185394,0.1785074919462204,2.1540095806121826,9.472856618231162e-06,1,0,0,0,8252
43387,1.152849555015564,4161,0.27229753136634827,0.23704420030117035,0.8805519938468933,4.179541519988561e-06,1,0,0,0,8252
43395,-0.12196718901395798,2490,-0.7343775629997253,0.24844375252723694,0.6124103665351868,0.09797064960002899,1,0,0,0,8252
43397,-1.6714681386947632,393,-0.7205231785774231,0.31992241740226746,-0.9509450793266296,0.9846794009208679,1,1,0,0,8252
43399,-0.6441270709037781,1560,-0.02201206050813198,0.30457139015197754,-0.6221150755882263,0.001996107865124941,1,0,0,0,8252
43404,-2.587498188018799,72,-0.5758327841758728,0.3668113648891449,-2.0116653442382812,0.013465382158756256,1,0,1,1,8252
43412,-0.7080247402191162,1468,-0.5540342330932617,0.28295812010765076,-0.15399065613746643,3.612515449523926,1,0,0,0,8252
43418,-0.11003752797842026,2510,0.1198180690407753,0.28576624393463135,-0.22985558211803436,0.01595320925116539,1,0,0,0,8252
43425,-0.9095779657363892,1174,0.2500937581062317,0.3288007378578186,-1.1596717834472656,0.0009168180986307561,1,0,0,0,8252
43433,-0.24853515625,2276,0.685846745967865,0.3185400068759918,-0.934381902217865,2.3254199277289445e-07,1,0,0,0,8252
43446,-0.44030752778053284,1929,0.016421908512711525,0.29727107286453247,-0.4567294120788574,0.08272098004817963,1,1,0,0,8252
43455,-0.19463588297367096,2359,0.7709835171699524,0.32001227140426636,-0.9656195044517517,2.618071803794919e-08,1,0,0,0,8252
43466,0.44624048471450806,3367,-0.7727369666099548,0.22104094922542572,1.218977451324463,-0.06529620289802551,1,0,0,0,8252
43467,0.7275897264480591,3752,0.5047449469566345,0.26482072472572327,0.22284482419490814,0.09648231416940689,1,0,0,0,8252
43468,-0.8292387127876282,1289,-0.014443697407841682,0.31324973702430725,-0.8147951364517212,0.015309715643525124,1,0,0,0,8252
43495,-1.4551533460617065,546,-0.6046726703643799,0.3147675693035126,-0.8504806756973267,0.0030109789222478867,1,0,0,0,8252
43526,0.041501838713884354,2752,0.005847956519573927,0.2742585241794586,0.03565389662981033,-9.182645953842439e-06,1,1,0,0,8252
43535,-0.5312792658805847,1768,-0.3298579156398773,0.2837248742580414,-0.20142142474651337,0.0768895149230957,1,0,0,0,8252
43543,-0.29619285464286804,2199,-0.07881272584199905,0.28578826785087585,-0.2173801213502884,0.003527318360283971,1,0,0,0,8252
43590,1.5582661628723145,4440,0.9361233711242676,0.248076394200325,0.6221427321434021,1.172668817162048e-06,1,0,0,0,8252
43599,-0.21121926605701447,2335,0.5421264171600342,0.31038495898246765,-0.7533456087112427,0.7013733386993408,1,1,0,0,8252
43613,-0.07618584483861923,2570,-0.4569154679775238,0.2585776746273041,0.38072964549064636,0.017315242439508438,1,0,0,0,8252
43615,1.710759162902832,4523,1.0802264213562012,0.24654875695705414,0.6305326819419861,9.842052531894296e-05,1,0,0,0,8252
43651,-0.6277961134910583,1590,-0.2788292467594147,0.2906470000743866,-0.34896692633628845,0.0002935210650321096,1,0,0,0,8252
43653,0.9305750727653503,3977,0.27178454399108887,0.2447076290845871,0.6587905883789062,0.001592323649674654,1,0,0,0,8252
43654,-1.8598226308822632,305,-0.4602421224117279,0.33964449167251587,-1.399580717086792,0.058982376009225845,1,0,0,0,8252
43686,-0.9260960817337036,1147,-0.28811830282211304,0.30552706122398376,-0.6379777193069458,0.33762186765670776,1,0,0,0,8252
43693,-0.2834862172603607,2226,-0.10646557062864304,0.2828185558319092,-0.17702063918113708,3.151203155517578,1,0,0,0,8252
43703,2.252533197402954,4719,1.773916244506836,0.25286945700645447,0.47861701250076294,-9.305267667514272e-08,1,0,0,0,8252
43753,0.8084174990653992,3845,1.014456033706665,0.28506457805633545,-0.20603854954242706,7.74703858041903e-06,1,1,0,0,8252
43759,-0.37895187735557556,2033,-0.5044420957565308,0.2695424556732178,0.1254902184009552,0.05664188042283058,1,0,0,0,8252
43770,1.707248568534851,4522,0.006212577223777771,0.19851210713386536,1.701035737991333,-8.78091850609053e-06,1,0,0,0,8252
43790,-0.8165653347969055,1306,-1.0030139684677124,0.26784491539001465,0.18644870817661285,10.345281600952148,1,0,0,0,8252
43796,0.6149957776069641,3599,-0.1921486109495163,0.23899772763252258,0.8071443438529968,0.10980015993118286,1,0,0,0,8252
43798,-0.6477439999580383,1554,0.007836609147489071,0.30577728152275085,-0.6555805802345276,0.00235005677677691,1,0,0,0,8252
43801,-0.4142169952392578,1974,-0.7405800819396973,0.26110348105430603,0.32636305689811707,1.2197339534759521,1,0,0,0,8252
43809,-0.2793247103691101,2233,-0.2230939120054245,0.2778080999851227,-0.05623074993491173,-0.20689202845096588,1,0,0,0,8252
43816,-1.2865756750106812,710,-0.776369571685791,0.2999942898750305,-0.5102059245109558,2.2475879192352295,1,0,0,0,8252
43819,-1.0395056009292603,1001,-0.7000081539154053,0.29064565896987915,-0.3394976556301117,0.26331236958503723,1,0,0,0,8252
43840,0.7661253809928894,3799,0.1985354870557785,0.24895453453063965,0.5675897598266602,6.614809535676613e-07,1,0,0,0,8252
43842,-0.33752086758613586,2122,-0.43931418657302856,0.2716829776763916,0.1017933264374733,0.3091393709182739,1,0,0,0,8252
43851,0.6865717172622681,3695,0.22263644635677338,0.2551058530807495,0.46393537521362305,0.054690778255462646,1,0,0,0,8252
43852,-2.034621238708496,222,-0.957159698009491,0.32550951838493347,-1.07746160030365,10.909525871276855,1,0,1,1,8252
43866,0.4093073010444641,3315,1.0702568292617798,0.3052370250225067,-0.6609496474266052,0.015560884959995747,1,0,0,0,8252
43868,1.0840784311294556,4107,0.9517715573310852,0.26906514167785645,0.1323070079088211,-3.365376528563502e-07,1,0,0,0,8252
43878,0.0706309825181961,2800,0.4738217890262604,0.29450494050979614,-0.40319085121154785,2.34761728279409e-06,1,0,0,0,8252
43879,0.03409166261553764,2731,-0.7411035895347595,0.23917964100837708,0.775195300579071,0.04214542731642723,1,0,0,0,8252
43881,1.8550529479980469,4591,0.24647687375545502,0.20263759791851044,1.6085760593414307,0.6981725692749023,1,0,0,0,8252
43886,-0.9759998321533203,1082,-0.8010216951370239,0.28424271941185,-0.17497816681861877,2.5911028385162354,1,0,0,0,8252
43890,1.7849444150924683,4559,1.2902015447616577,0.2541900873184204,0.49474263191223145,4.865099072048906e-06,1,0,0,0,8252
43920,-0.28865304589271545,2216,-0.4975352883338928,0.26538965106010437,0.208882138133049,0.05062329024076462,1,0,0,0,8252
43956,-1.2452696561813354,756,-0.4355578124523163,0.3124120235443115,-0.8097118735313416,0.054776523262262344,1,0,0,0,8252
43962,-2.5934629440307617,68,-0.8308752179145813,0.3572629690170288,-1.762587547302246,0.4943508803844452,1,0,1,1,8252
43979,-1.1311670541763306,885,-0.5127949118614197,0.3029356300830841,-0.6183723211288452,0.12222912162542343,1,0,0,0,8252
43991,-2.320280075073242,122,-1.2464827299118042,0.32537707686424255,-1.073797583580017,30.443986892700195,1,0,1,1,8252
43994,-0.7843400835990906,1347,-0.3683783710002899,0.2954629361629486,-0.41596171259880066,0.045851729810237885,1,0,0,0,8252
43999,-0.6087280511856079,1629,-0.689210057258606,0.27148911356925964,0.08048196882009506,0.011899828910827637,1,0,0,0,8252
44021,-2.802558183670044,44,-0.9240278601646423,0.36122187972068787,-1.8785303831100464,0.36101481318473816,1,0,1,1,8252
44024,-0.6130074858665466,1621,0.17108236253261566,0.31105563044548035,-0.7840897440910339,-2.4420972977168276e-07,1,0,0,0,8252
44033,-3.7061192989349365,2,-0.24334071576595306,0.43390583992004395,-3.4627785682678223,1.800175428390503,1,0,1,1,8252
44046,-0.03560994938015938,2633,-0.18470022082328796,0.26858216524124146,0.14909029006958008,0.49121132493019104,1,0,0,0,8252
44085,0.04971998929977417,2771,-0.5801982283592224,0.2486090511083603,0.6299182176589966,0.02433067560195923,1,0,0,0,8252
44087,1.1940891742706299,4190,0.8020650148391724,0.2586246430873871,0.39202389121055603,0.00016097945626825094,1,0,0,0,8252
44089,-0.32936984300613403,2144,-0.35545024275779724,0.2747606933116913,0.026080459356307983,0.3504960238933563,1,0,0,0,8252
44094,-2.467472791671753,93,-0.686999499797821,0.35556337237358093,-1.780472993850708,0.08413781225681305,1,0,1,1,8252
44104,-1.0139532089233398,1033,-0.7032023668289185,0.290210098028183,-0.3107508718967438,0.14354266226291656,1,0,0,0,8252
44106,-0.07051040232181549,2581,0.8234581351280212,0.3159746527671814,-0.8939685225486755,-2.1236492102616467e-06,1,0,0,0,8252
44112,0.19837364554405212,3000,-0.8834840655326843,0.2260380983352661,1.0818578004837036,1.6299912929534912,1,0,0,0,8252
44118,-0.6854062676429749,1501,0.7029616832733154,0.3387373387813568,-1.388368010520935,-8.565304483454383e-07,1,1,0,0,8252
44119,-0.6259922385215759,1594,-0.5282995700836182,0.28068286180496216,-0.09769268333911896,3.0848004817962646,1,0,0,0,8252
44150,-0.6456620693206787,1557,-0.02517000399529934,0.3043465316295624,-0.6204921007156372,0.3230395019054413,1,0,0,0,8252
44154,2.4162728786468506,4767,1.4074225425720215,0.2303258180618286,1.0088502168655396,-7.71079911032757e-09,1,0,0,0,8252
44160,0.7598363757133484,3792,1.4375747442245483,0.3056579530239105,-0.6777383685112,5.14823966568656e-07,1,0,0,0,8252
44164,2.866088390350342,4860,1.59537935256958,0.2185588926076889,1.2707089185714722,-2.083970684907399e-08,1,0,0,0,8252
44179,-0.702063262462616,1478,-0.622527539730072,0.27967819571495056,-0.07953575998544693,0.11246766149997711,1,0,0,0,8252
44189,-0.7473407983779907,1407,-0.7643318176269531,0.27642256021499634,0.016991019248962402,13.709161758422852,1,0,0,0,8252
44196,2.0174005031585693,4643,1.8264753818511963,0.26676425337791443,0.19092534482479095,-6.673723191852332e-07,1,0,0,0,8252
44211,-0.3522694706916809,2084,-0.020943671464920044,0.2907625436782837,-0.3313257694244385,0.023905953392386436,1,0,0,0,8252
44214,-1.1349061727523804,875,-0.18381398916244507,0.31814044713974,-0.9510920643806458,4.744988918304443,1,0,0,0,8252
44223,-0.13655376434326172,2459,-0.550696074962616,0.2571105659008026,0.4141422212123871,0.0009627692634239793,1,0,0,0,8252
44227,0.5994876027107239,3571,-0.39856359362602234,0.2293034791946411,0.9980512857437134,1.0053281784057617,1,0,0,0,8252
44229,0.732201874256134,3761,-0.0768047496676445,0.23837041854858398,0.8090066909790039,4.182531833648682,1,0,0,0,8252
44237,0.37115415930747986,3261,-0.2612672746181488,0.24710042774677277,0.6324213147163391,0.04779808223247528,1,0,0,0,8252
44260,-2.480456829071045,89,-0.700981080532074,0.35774096846580505,-1.7794755697250366,0.027039993554353714,1,0,1,1,8252
44265,-0.5064624547958374,1813,-0.7585777640342712,0.2647533118724823,0.2521153390407562,1.1619054079055786,1,1,0,0,8252
44268,-0.46712031960487366,1878,-0.29032668471336365,0.2845291495323181,-0.1767936795949936,0.00047766079660505056,1,0,0,0,8252
44284,-0.7314066290855408,1429,0.7772646546363831,0.34392255544662476,-1.5086714029312134,0.03842772915959358,1,0,0,0,8252
44290,0.0843266174197197,2821,0.024143055081367493,0.2736497223377228,0.0601835623383522,0.011743948794901371,1,0,0,0,8252
44293,1.5684058666229248,4447,1.1763523817062378,0.25744304060935974,0.3920536935329437,2.0927316654706374e-05,1,0,0,0,8252
44300,-1.3379082679748535,664,-0.5915213227272034,0.3101540207862854,-0.7463869452476501,0.08168578892946243,1,0,0,0,8252
44301,-2.8513665199279785,40,-0.6292089819908142,0.37686535716056824,-2.2221577167510986,-0.00012129859533160925,1,0,1,1,8252
44306,-0.4414627254009247,1927,-0.15181617438793182,0.28904271125793457,-0.28964659571647644,0.4552336037158966,1,0,0,0,8252
44312,0.5483083128929138,3491,0.2104814052581787,0.2608848214149475,0.33782684803009033,0.003759096609428525,1,0,0,0,8252
44325,-0.8569127917289734,1251,-0.7461490631103516,0.2802382707595825,-0.11076395958662033,1.2041218280792236,1,0,0,0,8252
44330,-1.7574204206466675,355,-0.7773521542549133,0.32110610604286194,-0.9800683259963989,0.1383768916130066,1,0,0,0,8252
44337,-1.4710735082626343,532,-0.5366386771202087,0.31834521889686584,-0.9344348311424255,0.18717370927333832,1,0,0,0,8252
44343,1.5370371341705322,4432,1.23651921749115,0.26123154163360596,0.3005179166793823,-1.0077063623211726e-16,1,0,0,0,8252
44345,0.7061426043510437,3720,1.082680344581604,0.2905655801296234,-0.3765377700328827,2.8970833227504045e-05,1,1,0,0,8252
44349,-1.4615625143051147,539,-0.2673749029636383,0.3294478952884674,-1.1941879987716675,0.0035266284830868244,1,0,0,0,8252
44358,-0.45261049270629883,1904,-0.5668100714683533,0.27123209834098816,0.11419963091611862,2.468106508255005,1,0,0,0,8252
44361,-2.0723605155944824,205,-0.6979197859764099,0.33862167596817017,-1.3744406700134277,0.835191011428833,1,0,1,1,8252
44371,-1.4309290647506714,569,-0.7083982825279236,0.3081492781639099,-0.7225308418273926,0.2557888627052307,1,0,0,0,8252
44377,0.46691304445266724,3389,0.30929702520370483,0.2683166265487671,0.15761597454547882,0.00012071485980413854,1,0,0,0,8252
44388,-0.007620692253112793,2664,0.15317240357398987,0.28288400173187256,-0.16079311072826385,0.06364119797945023,1,0,0,0,8252
44396,-0.7445492744445801,1412,-0.03370022028684616,0.30710214376449585,-0.7108489871025085,-0.1397247314453125,1,0,0,0,8252
44403,2.0100018978118896,4642,1.221806287765503,0.23994195461273193,0.788195788860321,8.975089826890326e-08,1,0,0,0,8252
44407,0.08703037351369858,2827,0.385621041059494,0.28926360607147217,-0.29859066009521484,-1.6062253052950837e-05,1,0,0,0,8252
44421,1.6606634855270386,4504,0.3710251450538635,0.21727900207042694,1.2896381616592407,1.5734741509731975e-06,1,0,0,0,8252
44432,-0.48270317912101746,1850,-0.9410864114761353,0.25487884879112244,0.45838338136672974,1.783474087715149,1,0,0,0,8252
44434,-1.0845226049423218,943,-0.575441300868988,0.2990042567253113,-0.5090813636779785,0.5669395923614502,1,0,0,0,8252
44435,0.5941368341445923,3560,0.9263335466384888,0.291561484336853,-0.3321966826915741,2.3667390269821453e-09,1,0,0,0,8252
44437,-0.9149872660636902,1165,-0.2972627282142639,0.3040902018547058,-0.6177245378494263,0.2531551122665405,1,0,0,0,8252
44439,-0.09938070923089981,2528,-0.3120022118091583,0.2660268545150757,0.21262149512767792,0.002051358111202717,1,1,0,0,8252
44441,-1.178473711013794,817,0.5029863715171814,0.3517453074455261,-1.6814600229263306,0.00016387640789616853,1,0,0,0,8252
44445,0.7743969559669495,3810,0.4771222770214081,0.26222988963127136,0.2972746789455414,-6.565412036252383e-08,1,0,0,0,8252
44452,-0.7638588547706604,1382,-0.4828794002532959,0.28857988119125366,-0.2809794247150421,1.9411741495132446,1,0,0,0,8252
44459,2.3548781871795654,4743,2.183187246322632,0.2665739953517914,0.17169086635112762,-9.398028145632398e-13,1,0,0,0,8252
44485,-0.8342763185501099,1279,-0.21804724633693695,0.3028406798839569,-0.6162290573120117,4.0695905685424805,1,0,0,0,8252
44496,0.5972871780395508,3566,-0.6923624873161316,0.2172030508518219,1.2896496057510376,0.2288493514060974,1,0,0,0,8252
44497,-1.0503020286560059,985,-0.048053305596113205,0.3222649395465851,-1.002248764038086,-4.2891022644653276e-07,1,0,0,0,8252
44506,0.662752091884613,3659,0.41825070977211,0.2651112973690033,0.24450130760669708,0.012300138361752033,1,0,0,0,8252
44532,-1.3757346868515015,630,-0.8384315371513367,0.29956063628196716,-0.53730309009552,0.08455453813076019,1,0,0,0,8252
44538,0.18144117295742035,2967,-0.6039462089538574,0.23976624011993408,0.785387396812439,0.019702155143022537,1,0,0,0,8252
44551,0.6421818137168884,3637,0.22276277840137482,0.25721144676208496,0.4194190502166748,0.011099755764007568,1,0,0,0,8252
44555,-1.4158719778060913,580,-0.41503578424453735,0.3199767768383026,-1.0008362531661987,0.32001957297325134,1,1,0,0,8252
44561,-0.6256667971611023,1595,0.24256567656993866,0.3152577579021454,-0.8682323694229126,-6.783141088817501e-07,1,1,0,0,8252
44581,-1.4458087682724,557,-0.44978711009025574,0.3220744729042053,-0.9960217475891113,-3.910715167876333e-05,1,0,0,0,8252
44583,-0.09923435002565384,2529,-0.37155312299728394,0.26381126046180725,0.2723187804222107,6.567699909210205,1,1,0,0,8252
44593,1.4361413717269897,4372,-0.30713704228401184,0.19664005935192108,1.7432781457901,0.0005055278306826949,1,0,0,0,8252
44596,1.9870344400405884,4632,0.5376049280166626,0.20955140888690948,1.4494293928146362,0.09940961003303528,1,0,0,0,8252
44603,0.17445409297943115,2954,-0.5079283714294434,0.2459174245595932,0.6823825240135193,0.2369852066040039,1,0,0,0,8252
44623,-0.5469136238098145,1743,-0.2639973759651184,0.288625568151474,-0.28291624784469604,0.04281719774007797,1,0,0,0,8252
44632,0.03546229004859924,2735,-0.2435559332370758,0.2635115087032318,0.27901822328567505,7.302899360656738,1,0,0,0,8252
44665,-0.8134073615074158,1312,-0.6932013630867004,0.28188356757164,-0.12020593881607056,0.30422165989875793,1,0,0,0,8252
44667,-1.5048692226409912,504,-0.46677491068840027,0.3228286802768707,-1.038094401359558,0.014903804287314415,1,0,0,0,8252
44676,-0.2131543904542923,2332,0.11145027726888657,0.2898494303226471,-0.3246046006679535,0.01625942252576351,1,0,0,0,8252
44687,3.5399880409240723,4937,2.597411870956421,0.23186729848384857,0.9425758719444275,-3.1387410032168717e-12,1,0,0,0,8252
44700,0.43435579538345337,3356,-0.3744272291660309,0.23962858319282532,0.8087829947471619,0.06241437792778015,1,0,0,0,8252
44706,-0.15791451930999756,2421,-0.38507363200187683,0.2653662860393524,0.22715914249420166,2.6554357646091375e-07,1,0,0,0,8252
44734,0.9967510104179382,4028,0.44251498579978943,0.2509828507900238,0.554236114025116,3.453936869846075e-06,1,0,0,0,8252
44738,0.8246409296989441,3861,-0.09319456666707993,0.23365440964698792,0.917835533618927,0.000269354204647243,1,0,0,0,8252
44740,1.0278656482696533,4051,0.4407899081707001,0.24887144565582275,0.5870757102966309,0.002567622810602188,1,0,0,0,8252
44748,0.5150551795959473,3451,-0.5493611097335815,0.22692668437957764,1.0644162893295288,0.9234148859977722,1,0,0,0,8252
44756,0.018286412581801414,2708,-0.9576530456542969,0.2305251806974411,0.9759393930435181,0.7089928388595581,1,0,0,0,8252
44781,-1.607513666152954,430,0.12615925073623657,0.35286420583724976,-1.7336724996566772,0.31934282183647156,1,0,0,0,8252
44788,-0.5280051231384277,1776,-0.8765270113945007,0.26025980710983276,0.348521888256073,0.3186798691749573,1,0,0,0,8252
44791,0.8693839311599731,3916,-0.7131732702255249,0.20333349704742432,1.582557201385498,0.29066964983940125,1,0,0,0,8252
44792,-0.7729484438896179,1365,-0.9318643808364868,0.2685992419719696,0.1589159518480301,0.10492465645074844,1,0,0,0,8252
44813,-0.9049037098884583,1182,0.017668982967734337,0.3173423409461975,-0.9225727319717407,0.16731490194797516,1,0,0,0,8252
44821,-2.027355670928955,226,-0.7100392580032349,0.3351183831691742,-1.3173162937164307,0.023574426770210266,1,0,1,1,8252
44823,0.006731766741722822,2690,-0.3203140199184418,0.2610536217689514,0.3270457983016968,0.07568299025297165,1,0,0,0,8252
44832,-2.4838356971740723,86,-0.6792330145835876,0.3582250773906708,-1.8046025037765503,5.5285797119140625,1,0,1,1,8252
44838,-1.507441520690918,500,-0.5182957053184509,0.32035261392593384,-0.9891458749771118,0.003724397160112858,1,0,0,0,8252
44847,-0.7685871720314026,1375,-0.7543622851371765,0.27715224027633667,-0.01422490831464529,0.317210853099823,1,0,0,0,8252
44848,0.5780660510063171,3532,0.2296912968158722,0.26117441058158875,0.34837472438812256,0.0006155951414257288,1,0,0,0,8252
44853,4.104334831237793,4972,3.0987789630889893,0.22977910935878754,1.0055559873580933,5.598943346712265e-14,1,0,0,0,8252
44899,-0.1530592292547226,2431,-0.39713868498802185,0.26475760340690613,0.24407945573329926,1.7756174802780151,1,0,0,0,8252
44903,-1.196254849433899,797,-0.3693918287754059,0.31397104263305664,-0.8268631100654602,0.3975706100463867,1,0,0,0,8252
44904,-0.7718874216079712,1369,-0.43033185601234436,0.29184070229530334,-0.34155550599098206,7.088664531707764,1,0,0,0,8252
44914,-0.3182421922683716,2164,-0.4693245589733124,0.2690221965312958,0.1510823667049408,-0.0008741680067032576,1,0,0,0,8252
44929,-0.9731985330581665,1085,-0.4764443337917328,0.29878857731819153,-0.49675431847572327,0.0055541242472827435,1,1,0,0,8252
44931,-1.3385599851608276,660,-0.8866972923278809,0.2954617142677307,-0.451862633228302,0.1772826611995697,1,0,0,0,8252
44933,-0.531875491142273,1765,-0.41264626383781433,0.28072115778923035,-0.11922923475503922,0.004822273273020983,1,0,0,0,8252
44934,-1.123491644859314,896,-0.2794993817806244,0.31554409861564636,-0.8439921736717224,2.3684518337249756,1,0,0,0,8252
44955,-0.32605794072151184,2150,-0.2554662823677063,0.2789645791053772,-0.07059163600206375,-1.4790458635616233e-06,1,0,0,0,8252
44979,0.08342241495847702,2820,-0.37589147686958313,0.2554420828819275,0.45931386947631836,0.34681281447410583,1,0,0,0,8252
44988,0.6410923004150391,3635,0.3889714181423187,0.2643202841281891,0.2521209120750427,0.17984512448310852,1,0,0,0,8252
44990,-0.35619476437568665,2077,-0.5942663550376892,0.26489078998565674,0.23807160556316376,0.028158850967884064,1,0,0,0,8252
44998,-1.978613257408142,252,-0.6907639503479004,0.3339851498603821,-1.2878495454788208,10.064704895019531,1,0,0,1,8252
45007,-1.2294002771377563,775,-0.4607284963130951,0.31126540899276733,-0.7686716318130493,0.03198343142867088,1,0,0,0,8252
45018,3.713486909866333,4952,2.3360788822174072,0.21277792751789093,1.3774079084396362,5.240462641609156e-08,1,0,0,0,8252
45032,-0.38807442784309387,2020,-0.40493032336235046,0.27489468455314636,0.016855863854289055,0.9049226641654968,1,0,0,0,8252
45043,-1.6700235605239868,394,0.12963472306728363,0.3575044274330139,-1.799658179283142,3.66230921144961e-08,1,0,0,0,8252
45051,0.38904476165771484,3284,-0.09301512688398361,0.2543122172355652,0.48205986618995667,-8.260617079258736e-09,1,0,0,0,8252
45083,1.5767091512680054,4453,1.236484408378601,0.2599843442440033,0.340224951505661,-6.058670232178542e-11,1,0,0,0,8252
45108,-1.062541127204895,966,-0.8265121579170227,0.2854943871498108,-0.2360290139913559,-0.20647168159484863,1,0,0,0,8252
45125,2.987034559249878,4878,1.4172914028167725,0.2041327953338623,1.5697438716888428,-3.0355458147113268e-09,1,0,0,0,8252
45129,0.3062642514705658,3140,0.6915727853775024,0.29297396540641785,-0.3853084444999695,0.0005763754015788436,1,0,0,0,8252
45134,1.2551389932632446,4238,0.8024216890335083,0.2562068700790405,0.4527173936367035,-1.352530853182543e-05,1,0,0,0,8252
45142,-0.7760694622993469,1360,-0.16151078045368195,0.30328741669654846,-0.6145586967468262,0.006493963301181793,1,0,0,0,8252
45153,-0.8590008020401001,1249,-0.2655438780784607,0.3029031455516815,-0.5934569239616394,6.221981720955228e-07,1,0,0,0,8252
45178,0.6548020243644714,3651,0.44167566299438477,0.26613950729370117,0.21312645077705383,0.0052522639743983746,1,0,0,0,8252
45179,0.37774133682250977,3268,-0.17742648720741272,0.24959848821163177,0.5551678538322449,0.009478257969021797,1,0,0,0,8252
45181,3.0131723880767822,4883,1.1640164852142334,0.19147998094558716,1.8491560220718384,0.0003134848375339061,1,0,0,0,8252
45184,0.6222058534622192,3608,0.6037845015525818,0.27477920055389404,0.018421435728669167,0.0006304678972810507,1,0,0,0,8252
45206,-0.2829134464263916,2227,-0.7714702486991882,0.25396695733070374,0.48855677247047424,0.037017881870269775,1,0,0,0,8252
45207,-0.6379222273826599,1568,0.05367911979556084,0.30636075139045715,-0.6916013956069946,0.0702160969376564,1,0,0,0,8252
45215,0.9247399568557739,3972,0.15799649059772491,0.24036625027656555,0.7667433619499207,9.662752563599497e-05,1,0,0,0,8252
45219,2.872030019760132,4862,2.5782859325408936,0.26186874508857727,0.2937433421611786,-5.51202963480768e-13,1,0,0,0,8252
45222,-2.043443202972412,220,-0.5322949290275574,0.34437471628189087,-1.5111483335494995,5.917665481567383,1,0,1,1,8252
45237,-1.1705718040466309,831,-0.3338673412799835,0.31426599621772766,-0.8367045521736145,0.20518651604652405,1,0,0,0,8252
45245,1.3321748971939087,4305,0.2181340903043747,0.22429180145263672,1.1140409708023071,0.00535143306478858,1,0,0,0,8252
45257,-0.40829649567604065,1981,0.6516708135604858,0.32320451736450195,-1.0599673986434937,1.653767611742296e-08,1,0,0,0,8252
45260,-2.687196731567383,57,-0.48943692445755005,0.37613925337791443,-2.1977598667144775,-0.003985569812357426,1,0,1,1,8252
45269,-0.13130919635295868,2466,-0.4276369512081146,0.26189887523651123,0.29632771015167236,0.28104186058044434,1,0,0,0,8252
45271,2.752225875854492,4838,1.4179632663726807,0.21514661610126495,1.3342623710632324,0.000357634766260162,1,0,0,0,8252
45273,0.25723618268966675,3081,-0.13757246732711792,0.256948858499527,0.39480865001678467,0.04008807986974716,1,0,0,0,8252
45278,-1.935066819190979,272,-0.4000457227230072,0.34629109501838684,-1.5350210666656494,0.5562593936920166,1,0,0,0,8252
45290,0.4091051518917084,3313,-0.7725798487663269,0.22258113324642181,1.1816850900650024,1.1991807222366333,1,0,0,0,8252
45312,0.47291049361228943,3400,-0.3561496436595917,0.2376684695482254,0.8290600180625916,0.24151575565338135,1,0,0,0,8252
45321,1.6543689966201782,4501,0.07969359308481216,0.20332148671150208,1.574675440788269,0.04893231391906738,1,0,0,0,8252
45326,1.046522617340088,4065,-0.20820274949073792,0.2191980928182602,1.2547255754470825,0.01737518236041069,1,0,0,0,8252
45331,2.8466739654541016,4855,1.8298320770263672,0.22883012890815735,1.0168415307998657,3.4206135701708718e-09,1,1,0,0,8252
45345,-0.6464702486991882,1555,0.43383461236953735,0.32511454820632935,-1.0803049802780151,0.0005916716763749719,1,0,0,0,8252
45368,-0.6157212257385254,1612,1.0917807817459106,0.3538135588169098,-1.7075022459030151,0.0007757604471407831,1,0,0,0,8252
45374,1.684230089187622,4514,1.1274628639221191,0.24939703941345215,0.556767463684082,0.00010718137491494417,1,0,0,0,8252
45417,-0.9262324571609497,1146,0.3847288489341736,0.3365047574043274,-1.3109612464904785,4.0618573393658153e-07,1,0,0,0,8252
45421,1.3647903203964233,4325,1.5872489213943481,0.285384863615036,-0.2224586457014084,0.004768915008753538,1,0,0,0,8252
45422,0.10403945297002792,2848,-0.7301270961761475,0.23858867585659027,0.8341665267944336,0.5325011014938354,1,0,0,0,8252
45436,1.2585649490356445,4242,1.269616961479187,0.27499547600746155,-0.011052057147026062,-4.556378061307265e-13,1,0,0,0,8252
45440,-1.133527159690857,880,-0.2610319256782532,0.3158055245876312,-0.8724951148033142,1.8757353245746344e-05,1,0,0,0,8252
45448,-1.2792608737945557,717,-0.12468814104795456,0.3278667628765106,-1.154572606086731,0.11551950126886368,1,0,0,0,8252
45450,0.3504992425441742,3215,-0.9585033655166626,0.21667014062404633,1.3090026378631592,4.507136821746826,1,0,0,0,8252
45469,0.35617005825042725,3226,-0.5005168318748474,0.23601321876049042,0.8566868901252747,0.0025210650637745857,1,0,0,0,8252
45473,0.16987967491149902,2942,0.2737831771373749,0.28035303950309753,-0.10390347242355347,0.10282711684703827,1,0,0,0,8252
45477,-0.5642625689506531,1712,-0.686152458190918,0.2717953026294708,0.12188990414142609,0.232634037733078,1,0,0,0,8252
45481,-0.5760928988456726,1694,-0.9274390339851379,0.26039621233940125,0.35134610533714294,0.7632585763931274,1,0,0,0,8252
45482,1.4497191905975342,4383,0.6773013472557068,0.2394590675830841,0.7724177241325378,-6.828970811056934e-08,1,0,0,0,8252
45492,-2.0648276805877686,210,-1.0861128568649292,0.32156166434288025,-0.9787148833274841,3.782118320465088,1,0,1,1,8252
45499,0.7252437472343445,3747,0.5099179744720459,0.2657543122768402,0.2153257429599762,2.049029603767849e-07,1,0,0,0,8252
45501,2.632664918899536,4820,2.56655216217041,0.27284541726112366,0.06611260026693344,-7.208666302771505e-11,1,1,0,0,8252
45503,-1.341731309890747,658,-0.8972342610359192,0.29610082507133484,-0.44449684023857117,4.990406036376953,1,0,0,0,8252
45504,-0.7746108174324036,1363,-0.5903012156486511,0.28467217087745667,-0.18430964648723602,0.2204480767250061,1,0,0,0,8252
45511,0.4757116436958313,3403,0.6070411205291748,0.28221938014030457,-0.1313294619321823,-3.000729066116037e-06,1,0,0,0,8252
45519,-0.29580157995224,2200,-0.8695589303970337,0.24944482743740082,0.5737572908401489,1.568905234336853,1,0,0,0,8252
45531,0.4496842920780182,3371,0.6510674953460693,0.28577274084091187,-0.20138326287269592,0.005639554932713509,1,0,0,0,8252
45544,-1.6369529962539673,415,-1.0143388509750366,0.3045244812965393,-0.622614324092865,16.552576065063477,1,0,0,0,8252
45545,1.1385650634765625,4149,1.8035787343978882,0.30675840377807617,-0.6650135517120361,4.40332269135979e-06,1,0,0,0,8252
45553,-0.38493484258651733,2027,-0.3323521316051483,0.27728885412216187,-0.052582692354917526,0.0014878951478749514,1,0,0,0,8252
45554,-0.13083040714263916,2469,-0.7740730047225952,0.2470063418149948,0.643242597579956,0.38266366720199585,1,0,0,0,8252
45557,-0.5078794956207275,1812,-0.44802209734916687,0.2798410952091217,-0.05985744670033455,0.032406359910964966,1,0,0,0,8252
45579,0.8915799260139465,3942,0.4427461624145508,0.2558266818523407,0.4488336145877838,0.08865198493003845,1,0,0,0,8252
45581,-2.062915802001953,212,-0.6090609431266785,0.3407329320907593,-1.4538549184799194,1.0890986919403076,1,0,1,1,8252
45583,-0.45973020792007446,1889,0.4141784608364105,0.317006915807724,-0.8739086985588074,5.395213065639837e-06,1,0,0,0,8252
45587,0.10102245956659317,2844,-0.4807383716106415,0.24982710182666779,0.581760823726654,0.258533239364624,1,1,0,0,8252
45627,-0.4443342387676239,1920,-0.325895756483078,0.28110143542289734,-0.11843838542699814,0.004081400111317635,1,1,0,0,8252
45629,-1.3188772201538086,679,-0.4878323972225189,0.31423327326774597,-0.8310447931289673,0.19069333374500275,1,0,0,0,8252
45633,-1.1497621536254883,858,0.26032131910324097,0.34045255184173584,-1.4100834131240845,0.0013503078371286392,1,0,0,0,8252
45636,1.059814691543579,4079,0.3120221793651581,0.24236074090003967,0.7477923631668091,2.2302183424471878e-06,1,0,0,0,8252
45653,1.3897956609725952,4342,0.5863986611366272,0.2401658296585083,0.8033968210220337,0.0062341233715415,1,0,0,0,8252
45664,-2.0697202682495117,207,-0.6401095390319824,0.3407744765281677,-1.4296106100082397,0.7216688394546509,1,0,1,1,8252
45674,-0.7460522651672363,1409,-0.8017246127128601,0.27356210350990295,0.05567241460084915,3.70556640625,1,0,0,0,8252
45678,-0.5647935271263123,1710,0.4675604999065399,0.32345303893089294,-1.0323541164398193,0.0005229444359429181,1,0,0,0,8252
45698,0.38396963477134705,3275,0.02792043425142765,0.25939127802848816,0.3560492694377899,0.8700456619262695,1,0,0,0,8252
45705,2.2154855728149414,4710,1.4221042394638062,0.23872065544128418,0.7933811545372009,-4.253087899996899e-05,1,0,0,0,8252
45728,-1.763545036315918,348,-0.3508741855621338,0.3400159776210785,-1.4126713275909424,0.0002581244916655123,1,0,0,0,8252
45731,1.3877253532409668,4340,2.488527774810791,0.3245415687561035,-1.1008020639419556,7.123964973487773e-09,1,0,0,0,8252
45742,-0.32280948758125305,2157,-0.18156486749649048,0.2824527323246002,-0.14124463498592377,0.773500919342041,1,0,0,0,8252
45746,-0.265360027551651,2253,-0.14972256124019623,0.28071466088294983,-0.11563751846551895,0.025203349068760872,1,0,0,0,8252
45762,-0.4124862849712372,1978,-0.23961925506591797,0.28326576948165894,-0.17286697030067444,0.7708792686462402,1,0,0,0,8252
45772,-0.37706905603408813,2038,0.2262786477804184,0.30265507102012634,-0.6033477187156677,0.0014552834909409285,1,0,0,0,8252
45814,-0.5604175925254822,1719,0.4681028425693512,0.3212358057498932,-1.0285205841064453,0.0006855478277429938,1,0,0,0,8252
45819,0.0020326822996139526,2683,-0.6140264868736267,0.24798129498958588,0.6160592436790466,0.1920391321182251,1,1,0,0,8252
45828,-0.9108749628067017,1171,-0.19955746829509735,0.30798372626304626,-0.7113175988197327,0.010399168357253075,1,0,0,0,8252
45831,2.7774274349212646,4844,1.494680643081665,0.21627669036388397,1.28274667263031,-9.930273563441006e-07,1,0,0,0,8252
45870,-1.1503745317459106,856,0.18109320104122162,0.3363805115222931,-1.331467628479004,8.278816743256812e-09,1,0,0,0,8252
45882,-1.1641566753387451,839,-0.8803707361221313,0.28853338956832886,-0.2837859094142914,2.5340802669525146,1,0,0,0,8252
45884,0.6869542598724365,3698,-0.4837717115879059,0.2216910868883133,1.1707261800765991,0.6359557509422302,1,0,0,0,8252
45887,1.457135796546936,4389,0.3086101710796356,0.22190795838832855,1.148525595664978,1.0953353643417358,1,0,0,0,8252
45891,0.3641057312488556,3244,-0.5986875295639038,0.2313823252916336,0.9627933502197266,1.4330627918243408,1,0,0,0,8252
45903,1.1844062805175781,4183,0.6091712117195129,0.2504313290119171,0.57523512840271,-1.1424838248785818e-06,1,0,0,0,8252
45915,0.24151018261909485,3064,-0.5129089951515198,0.24169020354747772,0.7544191479682922,0.004111167509108782,1,0,0,0,8252
45941,-1.3952988386154175,608,-0.7840368747711182,0.30411627888679504,-0.6112618446350098,0.29978397488594055,1,0,0,0,8252
45942,-0.7642653584480286,1381,0.2787606120109558,0.3228085935115814,-1.0430258512496948,2.0766695030260962e-08,1,0,0,0,8252
45952,0.3570318818092346,3229,-0.8063746690750122,0.2222338765859604,1.163406491279602,10.620941162109375,1,0,0,0,8252
45960,1.3412121534347534,4314,1.3547922372817993,0.2754422724246979,-0.01358003355562687,-1.582831821167474e-08,1,0,0,0,8252
45963,3.8372726440429688,4960,2.7550241947174072,0.22482220828533173,1.0822486877441406,-1.4344035941665778e-12,1,0,0,0,8252
45973,0.6329358220100403,3627,-0.7331621646881104,0.2137393057346344,1.366098165512085,0.0749611184000969,1,0,0,0,8252
45983,0.3307608962059021,3178,0.4537794291973114,0.28197911381721497,-0.12301858514547348,9.403257195117476e-08,1,0,0,0,8252
45986,-0.029421469196677208,2643,0.9467359781265259,0.3201192319393158,-0.9761574864387512,0.20322281122207642,1,0,0,0,8252
45989,-1.9886032342910767,245,-0.9467901587486267,0.3232203423976898,-1.0418131351470947,30.40764617919922,1,0,1,1,8252
45991,-0.8872780203819275,1201,-0.575183093547821,0.29069262742996216,-0.31209495663642883,0.004653759300708771,1,0,0,0,8252
45992,0.650763213634491,3643,-0.0786418691277504,0.2421371042728424,0.7294050455093384,4.097263336181641,1,0,0,0,8252
46006,0.15458297729492188,2915,0.21378913521766663,0.27837103605270386,-0.059206146746873856,0.04361193627119064,1,0,0,0,8252
46010,0.1896381825208664,2985,-0.19453230500221252,0.2584685981273651,0.38417044281959534,0.018381671980023384,1,0,0,0,8252
46017,0.869376003742218,3915,-0.1945122480392456,0.22786381840705872,1.0638881921768188,0.002379684243351221,1,0,0,0,8252
46022,1.1200724840164185,4133,0.3058035671710968,0.23880615830421448,0.8142688870429993,0.0036599962040781975,1,0,0,0,8252
46030,-1.5902832746505737,443,-0.6094484329223633,0.3208596110343933,-0.9808349609375,2.388345956802368,1,0,0,0,8252
46035,-1.7805317640304565,339,-1.1186422109603882,0.3067589998245239,-0.6618894934654236,1.0976146459579468,1,0,0,0,8252
46057,-2.9842567443847656,34,-0.9716596603393555,0.3681475818157196,-2.012596845626831,0.26242855191230774,1,0,1,1,8252
46063,0.40219148993492126,3301,-0.9924378395080566,0.212445929646492,1.3946294784545898,2.838801383972168,1,0,0,0,8252
46065,-0.7323087453842163,1427,-0.5916054248809814,0.2811643183231354,-0.14070330560207367,0.09023018181324005,1,0,0,0,8252
46069,-2.232133388519287,148,-0.5947803258895874,0.3508104681968689,-1.6373531818389893,1.4152261018753052,1,0,1,1,8252
46071,1.7564915418624878,4550,0.7809948325157166,0.23089849948883057,0.9754967093467712,-0.19446873664855957,1,0,0,0,8252
46074,-1.566705584526062,461,-0.6147293448448181,0.319578617811203,-0.9519762992858887,0.035384394228458405,1,0,0,0,8252
46083,-1.0561262369155884,979,-0.8650473952293396,0.28533220291137695,-0.19107888638973236,1.8120582103729248,1,0,0,0,8252
46084,-1.2140858173370361,785,-0.5465631484985352,0.3046261966228485,-0.6675225496292114,1.1902062892913818,1,0,0,0,8252
46087,0.05105338245630264,2772,-0.40522342920303345,0.2555222809314728,0.45627671480178833,0.12473329901695251,1,0,0,0,8252
46095,1.2725080251693726,4256,0.36462363600730896,0.23373036086559296,0.907884418964386,0.005665451288223267,1,0,0,0,8252
46096,0.3346734046936035,3188,0.3430585563182831,0.27554771304130554,-0.008385139517486095,-5.9971853261231445e-06,1,0,0,0,8252
46112,-2.143324136734009,178,-0.8686589598655701,0.333181232213974,-1.274665117263794,0.040638916194438934,1,0,1,1,8252
46130,-0.576562225818634,1693,-0.7669422030448914,0.2685341536998749,0.19037990272045135,0.026955565437674522,1,0,0,0,8252
46143,0.444892555475235,3366,1.0480399131774902,0.3020244538784027,-0.6031472086906433,8.060301479417831e-05,1,0,0,0,8252
46146,-0.7490598559379578,1401,-0.8071535229682922,0.27222350239753723,0.058093663305044174,3.6294238567352295,1,0,0,0,8252
46165,0.30664703249931335,3142,0.8249125480651855,0.29906323552131653,-0.5182656645774841,0.0005536771495826542,1,0,0,0,8252
46169,0.462433397769928,3380,-0.46340909600257874,0.23381304740905762,0.9258424639701843,22.079334259033203,1,0,0,0,8252
46187,-0.18423758447170258,2375,0.030690861865878105,0.2848939895629883,-0.2149284929037094,1.82388771463593e-06,1,0,0,0,8252
46201,3.6320958137512207,4945,2.0776755809783936,0.2041417807340622,1.5544201135635376,-4.5704862117190714e-09,1,0,0,0,8252
46203,1.3117154836654663,4286,1.5778192281723022,0.28641363978385925,-0.2661036550998688,1.633582868976191e-08,1,0,0,0,8252
46209,-1.4142236709594727,581,-0.6633219122886658,0.30997321009635925,-0.7509016394615173,0.1876736432313919,1,0,0,0,8252
46217,-0.1815989762544632,2379,-0.30018365383148193,0.2694319486618042,0.11858465522527695,0.05733601748943329,1,0,0,0,8252
46222,-0.33228737115859985,2135,-0.18715280294418335,0.2823292911052704,-0.1451345533132553,0.005644878372550011,1,0,0,0,8252
46239,0.6892772912979126,3701,1.4410383701324463,0.31009939312934875,-0.7517611384391785,6.187395911183557e-07,1,0,0,0,8252
46246,0.4246537685394287,3337,0.7630712389945984,0.29143425822257996,-0.3384173810482025,-2.0784396781436953e-07,1,0,0,0,8252
46247,0.1269504278898239,2881,-0.7044894099235535,0.23850081861019135,0.8314397931098938,0.09295599162578583,1,0,0,0,8252
46264,-0.8450808525085449,1267,-0.7355039715766907,0.2814253270626068,-0.10957703739404678,8.591265678405762,1,0,0,0,8252
46267,-1.03590726852417,1004,-0.07839515805244446,0.31929081678390503,-0.9575123190879822,0.36017894744873047,1,0,0,0,8252
46274,-1.0318536758422852,1013,-0.7795556783676147,0.28776219487190247,-0.25229811668395996,0.5240868926048279,1,0,0,0,8252
46275,3.1587507724761963,4900,2.737510919570923,0.2556283473968506,0.42123961448669434,-5.131338909336591e-09,1,0,0,0,8252
46288,-0.43017640709877014,1948,-0.09219949692487717,0.2919633090496063,-0.33797693252563477,0.29804667830467224,1,0,0,0,8252
46289,1.7141042947769165,4526,0.007725577335804701,0.19859224557876587,1.7063788175582886,0.0014519705437123775,1,0,0,0,8252
46310,-0.04299216344952583,2623,0.2997417151927948,0.2925160825252533,-0.34273388981819153,5.641536336042918e-05,1,0,0,0,8252
46316,-0.8315674662590027,1286,-0.7049097418785095,0.2825346887111664,-0.12665769457817078,0.04308231174945831,1,0,0,0,8252
46318,-0.8830142021179199,1207,-0.5546631813049316,0.28951919078826904,-0.3283509612083435,2.906967878341675,1,0,0,0,8252
46329,-0.30571478605270386,2187,-0.4261820316314697,0.2706010639667511,0.12046722322702408,3.051389694213867,1,0,0,0,8252
46350,-2.6637237071990967,59,-0.4621776044368744,0.3756963312625885,-2.2015459537506104,9.523668268229812e-06,1,0,1,1,8252
46360,-0.8271579146385193,1293,-0.6783397793769836,0.2839815616607666,-0.14881809055805206,0.18228380382061005,1,0,0,0,8252
46361,2.482553482055664,4780,1.8461977243423462,0.24713504314422607,0.6363556981086731,2.2042449809855924e-10,1,0,0,0,8252
46378,1.2331068515777588,4217,1.1347719430923462,0.2708169221878052,0.09833478927612305,-6.218102921451418e-09,1,0,0,0,8252
46381,1.765898585319519,4555,0.9086713790893555,0.23582737147808075,0.8572269678115845,2.3882714117462456e-07,1,0,0,0,8252
46393,2.2311418056488037,4713,1.9679603576660156,0.26399528980255127,0.2631814479827881,1.3123412827553693e-05,1,0,0,0,8252
46422,1.0821369886398315,4104,1.1201796531677246,0.27677348256111145,-0.03804267570376396,-7.6150372478878126e-06,1,0,0,0,8252
46428,0.1441725641489029,2902,-0.10698629915714264,0.264861136674881,0.25115886330604553,0.0001655035011935979,1,0,0,0,8252
46436,0.9114009737968445,3960,0.3935413062572479,0.2512119710445404,0.5178596377372742,0.5933669805526733,1,0,0,0,8252
46440,4.614577770233154,4987,3.237974166870117,0.2121349573135376,1.3766030073165894,8.341513244025656e-12,1,1,0,0,8252
46441,0.13429713249206543,2892,-0.5932045578956604,0.2411755621433258,0.7275017499923706,0.2205457091331482,1,0,0,0,8252
46471,-0.6901251077651978,1495,-0.569535493850708,0.28063714504241943,-0.12058957666158676,0.057013362646102905,1,0,0,0,8252
46482,-0.6522672772407532,1545,-0.3332662582397461,0.2901512384414673,-0.31900104880332947,0.010543549433350563,1,0,0,0,8252
46483,0.2324027270078659,3054,0.09423115849494934,0.2702394425868988,0.13817153871059418,-0.2613270580768585,1,0,0,0,8252
46487,-0.5292908549308777,1772,-0.44827648997306824,0.2801702916622162,-0.08101432770490646,0.3465553820133209,1,0,0,0,8252
46489,-1.905299186706543,284,-0.4764021337032318,0.3416667878627777,-1.4288966655731201,0.44480395317077637,1,0,0,0,8252
46494,0.5411801934242249,3481,-0.23280146718025208,0.2405037134885788,0.7739816308021545,-0.462940514087677,1,1,0,0,8252
46510,-0.6290569305419922,1588,-0.6286824941635132,0.27600908279418945,-0.00037439315929077566,0.0048333401791751385,1,0,0,0,8252
46525,2.037102222442627,4657,1.4666551351547241,0.2491111010313034,0.5704470276832581,-3.721607572515495e-05,1,0,0,0,8252
46532,0.8531877398490906,3895,0.4150691628456116,0.2562612295150757,0.4381185472011566,0.013856273144483566,1,1,0,0,8252
46534,-2.5456173419952393,78,-0.7045109868049622,0.35914745926856995,-1.8411064147949219,0.006297905929386616,1,0,1,1,8252
46536,-0.05502339079976082,2607,-0.13744090497493744,0.2720460593700409,0.08241753280162811,0.09685379266738892,1,0,0,0,8252
46546,-1.3820828199386597,621,-0.21747708320617676,0.3296590745449066,-1.1646056175231934,0.12109968066215515,1,0,0,0,8252
46565,-0.7009031176567078,1479,-0.5017676949501038,0.2853444218635559,-0.199135422706604,0.1429695188999176,1,0,0,0,8252
46597,-2.2220141887664795,151,-0.7947967052459717,0.34113848209381104,-1.4272173643112183,1.452897310256958,1,0,1,1,8252
46606,0.047326382249593735,2763,0.21311771869659424,0.2824012339115143,-0.16579130291938782,9.003262675832957e-05,1,0,0,0,8252
46608,0.3572774827480316,3231,-0.478067010641098,0.23755455017089844,0.8353444933891296,0.17948761582374573,1,0,0,0,8252
46621,0.25682157278060913,3079,0.10263166576623917,0.26981866359710693,0.1541898548603058,0.01228234264999628,1,0,0,0,8252
46628,-2.6496903896331787,61,-0.7263252139091492,0.3632897138595581,-1.9233654737472534,7.599386215209961,1,0,1,1,8252
46635,-0.9945988655090332,1054,-0.6072907447814941,0.29496854543685913,-0.38730815052986145,0.6248369216918945,1,1,0,0,8252
46638,0.049439456313848495,2770,-0.011704760603606701,0.27383002638816833,0.061144210398197174,1.1513969898223877,1,0,0,0,8252
46667,-0.5335621237754822,1763,-0.13055966794490814,0.29395291209220886,-0.40300247073173523,0.0006299229571595788,1,0,0,0,8252
46669,0.22414584457874298,3042,0.19667235016822815,0.2741931676864624,0.027473557740449905,8.183837053366005e-05,1,0,0,0,8252
46676,0.1425328552722931,2899,-0.4489555060863495,0.24831664562225342,0.5914884209632874,0.0254020057618618,1,0,0,0,8252
46684,0.2528963088989258,3076,0.2043512910604477,0.27191779017448425,0.04854504019021988,0.005477199796587229,1,0,0,0,8252
46690,-0.7192079424858093,1448,-0.49713602662086487,0.2850189507007599,-0.22207193076610565,0.002987500512972474,1,0,0,0,8252
46700,-0.18221421539783478,2377,0.1501668393611908,0.2915547788143158,-0.3323810398578644,0.004509848542511463,1,0,0,0,8252
46708,-0.16969558596611023,2398,-0.5897769331932068,0.256968230009079,0.42008134722709656,0.0446927584707737,1,0,0,0,8252
46715,-1.10664701461792,920,-0.6372212767601013,0.297655314207077,-0.46942606568336487,0.3794291913509369,1,1,0,0,8252
46716,0.6866976022720337,3696,0.022554965689778328,0.24522368609905243,0.6641425490379333,-3.5662942536873743e-06,1,0,0,0,8252
46720,0.6660637259483337,3668,-0.10549070686101913,0.24029074609279633,0.7715544700622559,0.00010283438314218074,1,0,0,0,8252
46734,1.074691653251648,4097,1.170223593711853,0.28044435381889343,-0.09553178399801254,0.0467216894030571,1,0,0,0,8252
46762,-0.6880506873130798,1500,-0.2043580859899521,0.2970838248729706,-0.48369255661964417,0.0010448175016790628,1,0,0,0,8252
46767,0.18871048092842102,2981,0.3813757002353668,0.2843796908855438,-0.1926652044057846,0.0015228195115923882,1,0,0,0,8252
46780,-0.07698827236890793,2568,0.46133142709732056,0.2993309199810028,-0.5383197069168091,0.35831162333488464,1,0,0,0,8252
46785,3.207927703857422,4906,2.1825714111328125,0.22907677292823792,1.0253561735153198,0.002675076713785529,1,0,0,0,8252
46793,-0.8193789720535278,1302,-0.5183371901512146,0.2888530194759369,-0.30104169249534607,0.03539978712797165,1,0,0,0,8252
46809,-1.9644367694854736,258,-0.4955473840236664,0.34193578362464905,-1.4688894748687744,0.05075427144765854,1,0,0,1,8252
46811,-0.5728859305381775,1700,-0.5790143609046936,0.27734601497650146,0.006128473673015833,0.12616057693958282,1,0,0,0,8252
46820,-1.2343764305114746,767,-0.34198686480522156,0.3159792125225067,-0.8923892378807068,0.04271800071001053,1,0,0,0,8252
46836,5.371998310089111,4994,4.812314510345459,0.24951553344726562,0.5596832633018494,-4.708015585120295e-16,1,0,0,0,8252
46842,0.2949369549751282,3124,-0.127389058470726,0.2561114728450775,0.42232605814933777,0.0025249188765883446,1,0,0,0,8252
46847,1.8962491750717163,4608,-0.03841793164610863,0.18731173872947693,1.934666633605957,8.045741992646072e-07,1,0,0,0,8252
46853,0.4126882255077362,3319,-0.5520514845848083,0.2318931668996811,0.9647397398948669,2.069197177886963,1,0,0,0,8252
46867,-2.420992374420166,104,-0.6361973285675049,0.3570583760738373,-1.784794807434082,7.68715690355748e-05,1,0,1,1,8252
46890,-0.6363899111747742,1572,-0.3786675035953522,0.2871668338775635,-0.2577224671840668,8.100630760192871,1,1,0,0,8252
46899,0.2041063755750656,3014,-0.31199607253074646,0.2518073320388794,0.5161024928092957,0.014190981164574623,1,0,0,0,8252
46901,-1.9212030172348022,278,-0.8386241793632507,0.324692964553833,-1.0825788974761963,0.15283168852329254,1,0,0,0,8252
46903,-0.4438815116882324,1922,0.39788705110549927,0.31408587098121643,-0.8417685627937317,0.005260883364826441,1,0,0,0,8252
46911,1.5113681554794312,4416,1.0803507566452026,0.25644129514694214,0.43101730942726135,0.0015194404404610395,1,0,0,0,8252
46916,2.5803537368774414,4802,1.7914918661117554,0.2404695749282837,0.7888616323471069,2.5940660634660162e-05,1,0,0,0,8252
46918,-0.10403132438659668,2518,-0.21786682307720184,0.2713278532028198,0.11383551359176636,0.009405195713043213,1,0,0,0,8252
46924,-2.0169854164123535,232,-0.34667322039604187,0.3517647385597229,-1.6703121662139893,0.2628496587276459,1,0,1,1,8252
46925,-0.8247833251953125,1296,-0.7209311723709106,0.28111347556114197,-0.10385217517614365,13.915850639343262,1,0,0,0,8252
46927,-0.9845677614212036,1069,-0.16212917864322662,0.3131708800792694,-0.822438657283783,0.010188303887844086,1,0,0,0,8252
46929,-1.1561998128890991,850,-0.730984628200531,0.2947121262550354,-0.42521530389785767,0.0885259211063385,1,0,0,0,8252
46930,1.6837090253829956,4512,0.5567895770072937,0.22457940876483917,1.1269196271896362,-2.4560083744518124e-08,1,0,0,0,8252
46961,-2.049692153930664,217,-0.6877026557922363,0.3363690674304962,-1.3619894981384277,5.6230387687683105,1,0,1,1,8252
46973,-1.3583643436431885,644,-1.0852174758911133,0.28752532601356506,-0.2731468677520752,8.703706741333008,1,0,0,0,8252
46980,0.9709821939468384,4008,-0.5802955627441406,0.20624640583992004,1.551277995109558,0.04978485405445099,1,0,0,0,8252
46984,0.20004306733608246,3004,-0.33103254437446594,0.251481294631958,0.531075656414032,0.00867643766105175,1,0,0,0,8252
46997,0.7555032968521118,3785,-0.12910684943199158,0.23562133312225342,0.884610116481781,0.00014445060514844954,1,0,0,0,8252
47011,-0.8626074194908142,1238,-0.6729105710983276,0.2847106456756592,-0.18969683349132538,0.22016730904579163,1,0,0,0,8252
47012,-0.2757786512374878,2240,-1.0485892295837402,0.23995272815227509,0.7728104591369629,2.5357961654663086,1,0,0,0,8252
47018,-1.1075215339660645,917,-0.767585813999176,0.29127737879753113,-0.3399358093738556,0.35267895460128784,1,0,0,0,8252
47024,-0.24061159789562225,2292,0.2636856734752655,0.29763710498809814,-0.5042972564697266,0.00015599907783325762,1,0,0,0,8252
47029,0.6299908757209778,3622,0.1746797114610672,0.2550109624862671,0.4553111493587494,0.0003409086784813553,1,0,0,0,8252
47037,0.7789261937141418,3816,0.2145017683506012,0.24904797971248627,0.5644245147705078,0.004791222512722015,1,0,0,0,8252
47038,-1.1086012125015259,914,-0.9823459982872009,0.28282222151756287,-0.12625516951084137,0.3112272322177887,1,0,0,0,8252
47043,-0.21766458451747894,2328,-0.31884101033210754,0.27125969529151917,0.1011764332652092,0.07508283108472824,1,0,0,0,8252
47054,0.5968267321586609,3565,0.7393783330917358,0.2833273112773895,-0.14255167543888092,0.009505939669907093,1,0,0,0,8252
47057,-0.10318267345428467,2520,-0.701907217502594,0.24820852279663086,0.5987244844436646,0.2589406371116638,1,0,0,0,8252
47059,-0.06798037886619568,2586,-1.0067331790924072,0.23289179801940918,0.9387527704238892,2.2134790420532227,1,0,0,0,8252
47065,-0.5169971585273743,1792,-0.1741819828748703,0.2914343774318695,-0.34281519055366516,0.03816623240709305,1,0,0,0,8252
47070,-0.8401040434837341,1272,-0.5956932902336121,0.2882153391838074,-0.24441073834896088,0.27097421884536743,1,1,0,0,8252
47080,-0.3712427318096161,2048,0.09855406731367111,0.29673948884010315,-0.4697968065738678,1.672438144683838,1,1,0,0,8252
47090,-0.4527723491191864,1903,-0.8385059237480164,0.25879496335983276,0.38573357462882996,0.03576170280575752,1,0,0,0,8252
47095,2.47760272026062,4778,1.0366886854171753,0.2106754034757614,1.440914511680603,4.539131737146818e-09,1,0,0,0,8252
47103,-0.9385323524475098,1132,-0.6640799045562744,0.2882528305053711,-0.27445244789123535,0.7109997868537903,1,0,0,0,8252
47107,-0.6651075482368469,1531,0.19395779073238373,0.3141069710254669,-0.8590653538703918,0.002109876833856106,1,0,0,0,8252
47111,0.7967323660850525,3834,-0.7998347878456116,0.2043829709291458,1.5965670347213745,0.07567302882671356,1,0,0,0,8252
47134,0.7435499429702759,3773,-0.09479527920484543,0.23704376816749573,0.8383452296257019,0.007612608373165131,1,0,0,0,8252
47157,-1.912447214126587,282,-0.9880795478820801,0.3174530267715454,-0.9243675470352173,1.202322006225586,1,0,0,0,8252
47158,4.164663791656494,4974,2.5094406604766846,0.20222394168376923,1.6552228927612305,-1.4970479469411657e-06,1,0,0,0,8252
47160,-1.7082054615020752,376,-0.7451874613761902,0.3198240399360657,-0.9630178809165955,0.07227979600429535,1,0,0,0,8252
47167,0.026392553001642227,2725,-0.3258429765701294,0.25869056582450867,0.3522355854511261,-0.0045410022139549255,1,0,0,0,8252
47173,4.393050193786621,4979,1.8692913055419922,0.16073857247829437,2.5237576961517334,-4.352451732358986e-11,1,0,0,0,8252
47183,1.4169669151306152,4363,0.7110872268676758,0.24347226321697235,0.7058799266815186,0.00011301745689706877,1,0,0,0,8252
47192,-0.09386052936315536,2539,-0.18984076380729675,0.27158838510513306,0.09598023444414139,0.06174429506063461,1,0,0,0,8252
47203,-0.14361390471458435,2447,-0.5482149124145508,0.2571348547935486,0.40460100769996643,0.08294421434402466,1,0,0,0,8252
47209,2.2102315425872803,4708,1.8207248449325562,0.2589380443096161,0.3895067870616913,-3.995666020273347e-09,1,0,0,0,8252
47211,0.7469155192375183,3776,1.845284342765808,0.3255135118961334,-1.0983686447143555,-7.682019713683985e-07,1,0,0,0,8252
47218,-1.421452283859253,576,-0.5598220229148865,0.31510668992996216,-0.861630380153656,2.1312780380249023,1,0,0,0,8252
47221,1.4082893133163452,4358,-0.3558109700679779,0.19646500051021576,1.7641000747680664,0.047134459018707275,1,0,0,0,8252
47223,0.4141606390476227,3323,0.06099435314536095,0.25951021909713745,0.3531663119792938,2.3858142412791494e-06,1,0,0,0,8252
47225,-0.35079851746559143,2091,-0.6729974150657654,0.2622394859790802,0.32219889760017395,0.3667581081390381,1,0,0,0,8252
47229,-1.177566647529602,819,-0.9685535430908203,0.28468817472457886,-0.20901313424110413,2.8576807975769043,1,0,0,0,8252
47230,0.3262890577316284,3171,-0.23227250576019287,0.2498275488615036,0.5585616230964661,0.011367960833013058,1,0,0,0,8252
47235,-1.041270136833191,998,-1.1494930982589722,0.2705487012863159,0.10822310298681259,5.698207855224609,1,0,0,0,8252
47258,-0.09837234020233154,2531,-0.5863792300224304,0.25421786308288574,0.4880068898200989,0.14004240930080414,1,0,0,0,8252
47261,-0.23313184082508087,2302,-0.48829784989356995,0.26492950320243835,0.2551659047603607,0.005528782028704882,1,0,0,0,8252
47268,-1.7753018140792847,342,-0.5870745182037354,0.32990261912345886,-1.1882271766662598,13.687786102294922,1,0,0,0,8252
47289,0.5458090901374817,3488,-0.3926932215690613,0.2342701405286789,0.938502311706543,0.06109730526804924,1,0,0,0,8252
47333,-1.1618115901947021,844,-0.6749004125595093,0.2981327176094055,-0.48691120743751526,4.437714576721191,1,0,0,0,8252
47334,3.9268157482147217,4964,2.7123570442199707,0.2203177958726883,1.2144583463668823,-5.1590520050437405e-12,1,0,0,0,8252
47351,-0.015075437724590302,2657,-0.32987964153289795,0.2612045407295227,0.31480416655540466,0.22596971690654755,1,0,0,0,8252
47357,2.0278241634368896,4652,1.295200228691101,0.2425728142261505,0.7326235175132751,-5.734216301789274e-07,1,0,0,0,8252
47358,-0.6486973166465759,1553,0.9791513681411743,0.349458783864975,-1.6278488636016846,1.2926775205812646e-08,1,0,0,0,8252
47359,1.1593681573867798,4168,0.845357358455658,0.2614753842353821,0.314010888338089,-3.366787751368783e-11,1,0,0,0,8252
47386,0.6064385771751404,3586,-0.2503893971443176,0.236337348818779,0.8568279147148132,0.17149144411087036,1,0,0,0,8252
47388,1.7314811944961548,4535,1.8836326599121094,0.2832041382789612,-0.15215151011943817,-1.0042888334282907e-06,1,0,0,0,8252
47416,0.04089067503809929,2747,-0.27851301431655884,0.26173654198646545,0.3194037079811096,0.039698246866464615,1,0,0,0,8252
47424,1.0843394994735718,4109,0.557113766670227,0.25085291266441345,0.5272258520126343,0.2409965842962265,1,0,0,0,8252
47440,3.6507134437561035,4948,1.25968337059021,0.1674371212720871,2.3910298347473145,0.0017209678189828992,1,1,0,0,8252
47447,-1.1925032138824463,803,-0.6270469427108765,0.3007299602031708,-0.5654565691947937,0.2769923210144043,1,0,0,0,8252
47463,-0.8019607663154602,1323,-0.2830280065536499,0.30049848556518555,-0.5189328193664551,0.09859888255596161,1,0,0,0,8252
47477,-2.168520450592041,168,-0.46178126335144043,0.3543585538864136,-1.7067393064498901,0.02659038081765175,1,0,1,1,8252
47480,1.1950854063034058,4192,0.9667966961860657,0.26527154445648193,0.2282886952161789,2.731086715357378e-05,1,0,0,0,8252
47485,-0.35727959871292114,2072,-0.1279992163181305,0.28679460287094116,-0.22928033769130707,0.10233049094676971,1,0,0,0,8252
47489,-1.0243916511535645,1022,-0.15647165477275848,0.31581684947013855,-0.8679201006889343,0.008967234753072262,1,0,0,0,8252
47493,-2.0764434337615967,203,-0.3119511008262634,0.3553704023361206,-1.7644922733306885,-2.3540185793535784e-05,1,0,1,1,8252
47496,-0.5843190550804138,1680,-0.9702515006065369,0.2588610351085663,0.3859325349330902,6.512144088745117,1,0,0,0,8252
47505,-0.27575281262397766,2241,-0.2579592764377594,0.27652809023857117,-0.017793510109186172,4.8109817726071924e-05,1,0,0,0,8252
47507,-0.12518763542175293,2483,-0.42365333437919617,0.26219281554222107,0.29846569895744324,0.5578148365020752,1,0,0,0,8252
47509,-0.16581971943378448,2408,-1.109960913658142,0.23355458676815033,0.9441413879394531,1.2937910556793213,1,0,0,0,8252
47524,0.603479266166687,3579,1.3062142133712769,0.3081890046596527,-0.7027348875999451,3.628009892508999e-07,1,0,0,0,8252
47528,-1.433901071548462,567,0.054925501346588135,0.3441984951496124,-1.4888263940811157,1.4600371400774748e-07,1,0,0,0,8252
47544,1.0306180715560913,4055,1.452745795249939,0.2947530150413513,-0.4221276342868805,4.081850925785526e-15,1,0,0,0,8252
47555,2.1401026248931885,4689,0.48679113388061523,0.19941489398479462,1.6533116102218628,0.00031806397601030767,1,0,0,0,8252
47602,-0.3976602256298065,2003,0.03164820000529289,0.2939750850200653,-0.4293084144592285,0.7896710634231567,1,0,0,0,8252
47620,1.0721547603607178,4092,1.0371993780136108,0.2734116017818451,0.034955140203237534,0.0009928375948220491,1,0,0,0,8252
47621,1.985158920288086,4631,0.9108907580375671,0.22599557042121887,1.074268102645874,-4.954356995767739e-07,1,0,0,0,8252
47625,-1.237949013710022,765,-0.41653671860694885,0.3131154477596283,-0.821412205696106,1.2680159670708235e-05,1,0,0,0,8252
47629,-0.3866705298423767,2024,-0.36572447419166565,0.2765083611011505,-0.020946068689227104,0.35225433111190796,1,0,0,0,8252
47647,0.358547180891037,3236,0.724862813949585,0.292633980512619,-0.36631569266319275,2.6191366487182677e-05,1,0,0,0,8252
47659,-0.7857264280319214,1343,-0.7070805430412292,0.27847084403038025,-0.07864583283662796,2.1507058143615723,1,0,0,0,8252
47661,-1.1989109516143799,795,0.25651654601097107,0.3425416052341461,-1.4554274082183838,0.007858891040086746,1,0,0,0,8252
47662,-1.2056796550750732,790,0.053580183535814285,0.33314985036849976,-1.259259581565857,2.507299257104023e-07,1,0,0,0,8252
47672,-0.7337802052497864,1424,-0.5179204940795898,0.28495752811431885,-0.21585968136787415,1.09083890914917,1,0,0,0,8252
47688,-0.08349857479333878,2554,-0.019244946539402008,0.27936798334121704,-0.06425364315509796,1.4945176189939957e-05,1,0,0,0,8252
47714,0.37010249495506287,3259,-0.27313780784606934,0.24662652611732483,0.6432402729988098,-1.4655417999165365e-06,1,0,0,0,8252
47720,-0.9650906920433044,1096,0.2569395899772644,0.33018359541893005,-1.2220304012298584,0.148376002907753,1,0,0,0,8252
47725,-1.8659870624542236,301,-0.7793468832969666,0.3258541226387024,-1.0866401195526123,1.5348021984100342,1,0,0,0,8252
47729,-0.44705185294151306,1916,-0.5633463263511658,0.27138909697532654,0.1162944957613945,-0.3933418393135071,1,0,0,0,8252
47732,-0.20920880138874054,2341,-0.3848440945148468,0.26876649260520935,0.17563532292842865,0.041626282036304474,1,0,0,0,8252
47739,1.289305329322815,4270,1.438640832901001,0.2829701602458954,-0.14933551847934723,0.0010465410305187106,1,0,0,0,8252
47753,0.5612958669662476,3509,-0.6040350198745728,0.2226324826478958,1.1653307676315308,7.010285377502441,1,0,0,0,8252
47757,0.15711043775081635,2923,0.4487614631652832,0.2880017161369324,-0.29165101051330566,0.012129362672567368,1,0,0,0,8252
47768,0.5321480631828308,3470,-0.02607651986181736,0.2503293454647064,0.5582244992256165,0.000393698166590184,1,0,0,0,8252
47769,-1.1998190879821777,793,-0.9281110763549805,0.28774183988571167,-0.27170807123184204,0.3115461766719818,1,0,0,0,8252
47773,1.274042010307312,4259,1.3183265924453735,0.2770687937736511,-0.044284600764513016,0.0005577435367740691,1,1,0,0,8252
47778,0.3497762680053711,3213,-0.8150637745857239,0.22370778024196625,1.1648402214050293,0.16850951313972473,1,0,0,0,8252
47781,0.8747957348823547,3921,-0.40071532130241394,0.21877852082252502,1.2755110263824463,0.009365793317556381,1,0,0,0,8252
47783,0.44682031869888306,3368,1.02226722240448,0.30143287777900696,-0.5754469633102417,0.001758836442604661,1,0,0,0,8252
47786,1.2418543100357056,4227,0.7896052002906799,0.254667729139328,0.4522489607334137,0.001827172702178359,1,0,0,0,8252
47810,0.3688650131225586,3255,-0.012314261868596077,0.25775524973869324,0.38117924332618713,0.036251649260520935,1,0,0,0,8252
47815,1.275423288345337,4260,0.49572011828422546,0.23954640328884125,0.7797031998634338,0.00071864970959723,1,0,0,0,8252
47820,-0.5844641327857971,1678,-0.6530247330665588,0.27275168895721436,0.06856060773134232,0.4851178228855133,1,0,0,0,8252
47847,0.4054837226867676,3305,-0.3445375859737396,0.24047736823558807,0.7500212788581848,0.03263141214847565,1,0,0,0,8252
47884,0.02395765483379364,2719,-0.431411474943161,0.2545740604400635,0.45536908507347107,0.02733437716960907,1,0,0,0,8252
47893,0.7645378112792969,3795,-0.0742628201842308,0.23689644038677216,0.8388006091117859,-1.4747529348824173e-06,1,0,0,0,8252
47899,0.42492684721946716,3339,0.33446794748306274,0.27211567759513855,0.09045884758234024,9.460640285396948e-05,1,0,0,0,8252
47905,-0.3839956820011139,2028,-0.14957650005817413,0.2853333652019501,-0.23441915214061737,0.1522887945175171,1,0,0,0,8252
47911,-1.4712380170822144,531,-0.828936755657196,0.30512627959251404,-0.6423013210296631,0.3858843445777893,1,0,0,0,8252
47913,-0.9301595091819763,1142,0.13034391403198242,0.32454678416252136,-1.0605034828186035,0.0442289300262928,1,1,0,0,8252
47919,2.4421579837799072,4770,1.0554240942001343,0.21289074420928955,1.3867340087890625,-6.672208030522597e-08,1,0,0,0,8252
47920,1.7109174728393555,4524,0.7275259494781494,0.23178903758525848,0.9833914041519165,0.00042144389590248466,1,0,0,0,8252
47929,0.23347122967243195,3056,0.3465835452079773,0.28054624795913696,-0.11311228573322296,1.3274693489074707,1,0,0,0,8252
47938,-0.48348885774612427,1848,-0.3543473482131958,0.2820083200931549,-0.12914147973060608,0.013088993728160858,1,0,0,0,8252
47949,-0.5008882880210876,1823,0.5394217371940613,0.323076456785202,-1.040310025215149,3.3988635550485924e-06,1,0,0,0,8252
47952,2.133183479309082,4684,0.8951188325881958,0.21876490116119385,1.2380644083023071,0.2293311059474945,1,0,0,0,8252
47954,-0.0800677165389061,2562,-0.16735678911209106,0.2711522877216339,0.08728907257318497,0.023889051750302315,1,0,0,0,8252
47964,-0.3661212921142578,2056,0.3512609004974365,0.30860817432403564,-0.7173821926116943,0.04126551002264023,1,0,0,0,8252
47977,-0.9488706588745117,1121,-0.46788105368614197,0.29818663001060486,-0.4809895157814026,0.01803940162062645,1,1,0,0,8252
47988,0.31571462750434875,3155,-0.12928272783756256,0.2551957070827484,0.44499731063842773,0.002977229654788971,1,0,0,0,8252
48004,0.7591168284416199,3790,0.5952751040458679,0.26697808504104614,0.16384175419807434,-8.40667235024739e-06,1,0,0,0,8252
48006,0.42665791511535645,3345,-0.2774920165538788,0.24383676052093506,0.7041499018669128,0.017108967527747154,1,0,0,0,8252
48010,0.4778994023799896,3405,0.1537812501192093,0.26106321811676025,0.32411816716194153,0.00020016230701003224,1,0,0,0,8252
48011,2.8159255981445312,4849,2.3009979724884033,0.25268325209617615,0.5149270296096802,-2.990146299453045e-07,1,0,0,0,8252
48048,-0.20333810150623322,2351,-0.2147512286901474,0.2751728296279907,0.01141307968646288,0.008385984227061272,1,0,0,0,8252
48050,0.9863402247428894,4021,0.08378814905881882,0.23449721932411194,0.9025521278381348,0.0009063359466381371,1,0,0,0,8252
48056,0.9160224199295044,3963,0.3446900546550751,0.24939918518066406,0.5713323950767517,5.950896024842223e-07,1,1,0,0,8252
48077,2.8544342517852783,4856,1.5271981954574585,0.21499279141426086,1.3272360563278198,-2.6515074580402143e-08,1,1,0,0,8252
48083,-1.5380847454071045,479,-0.5394865870475769,0.32009679079055786,-0.9985980987548828,0.31474560499191284,1,0,0,0,8252
48110,-0.03942443057894707,2628,-0.13844726979732513,0.27142003178596497,0.09902281314134598,0.037156105041503906,1,0,0,0,8252
48114,0.8731571435928345,3918,0.6726114153862,0.2664106786251068,0.20054569840431213,0.0005454890197142959,1,0,0,0,8252
48135,-0.6252071261405945,1596,0.5725677609443665,0.3294840455055237,-1.19777512550354,0.0012873230734840035,1,0,0,0,8252
48139,-2.2808666229248047,133,-0.812198281288147,0.3421601951122284,-1.4686683416366577,5.836285591125488,1,0,1,1,8252
48155,0.5310634970664978,3469,-0.200287863612175,0.24220775067806244,0.7313513159751892,0.7936893701553345,1,0,0,0,8252
48161,0.30665266513824463,3143,-0.8100592494010925,0.22472062706947327,1.116711974143982,0.02004479244351387,1,0,0,0,8252
48181,0.23443780839443207,3057,0.6383375525474548,0.2933514714241028,-0.40389981865882874,0.0002147877967217937,1,0,0,0,8252
48189,-0.3178918659687042,2165,0.4718661308288574,0.3120051622390747,-0.7897579073905945,0.009416425600647926,1,0,0,0,8252
48193,1.5768465995788574,4454,0.36166009306907654,0.2196672409772873,1.2151864767074585,0.004164188168942928,1,0,0,0,8252
48199,0.22595028579235077,3047,-0.053070563822984695,0.262475848197937,0.27902084589004517,0.18808582425117493,1,0,0,0,8252
48207,-0.27929553389549255,2234,-0.439577579498291,0.2690666615962982,0.16028206050395966,0.013959920033812523,1,0,0,0,8252
48208,0.6648281812667847,3664,-0.00582581153139472,0.2450038194656372,0.6706541180610657,0.0026415307074785233,1,0,0,0,8252
48220,0.6047860383987427,3580,-0.8306873440742493,0.21034984290599823,1.4354735612869263,1.005397081375122,1,0,0,0,8252
48240,-1.3915904760360718,613,-0.5104994177818298,0.31564921140670776,-0.8810912370681763,0.0159915778785944,1,0,0,0,8252
48245,-0.46320295333862305,1881,0.3779488205909729,0.3126939535140991,-0.8411517143249512,-7.870252375141717e-06,1,0,0,0,8252
48274,0.28649529814720154,3114,-0.33306705951690674,0.24845075607299805,0.6195623874664307,1.5624250693235808e-07,1,0,0,0,8252
48301,2.139490842819214,4687,0.5871149897575378,0.20523083209991455,1.5523759126663208,-7.424735493088974e-09,1,0,0,0,8252
48302,-0.07256980240345001,2577,-0.8180754780769348,0.24272799491882324,0.7455055117607117,0.49497318267822266,1,0,0,0,8252
48303,-0.8248364329338074,1295,-0.19125130772590637,0.3038453757762909,-0.6335850954055786,3.467086884256787e-08,1,0,0,0,8252
48319,0.0018208504188805819,2681,0.051905956119298935,0.2776463031768799,-0.050085123628377914,0.0004314141406212002,1,0,0,0,8252
48328,-2.231902837753296,149,-0.7508917450904846,0.3435189127922058,-1.481010913848877,0.6413196325302124,1,0,1,1,8252
48330,-0.07455958425998688,2571,-0.2315337210893631,0.26821383833885193,0.156974196434021,0.04116930067539215,1,0,0,0,8252
48341,0.15679721534252167,2922,-0.3678794503211975,0.25281381607055664,0.5246766209602356,0.013256758451461792,1,1,0,0,8252
48356,-2.446683645248413,98,-0.4087192714214325,0.3677215576171875,-2.0379645824432373,0.27335938811302185,1,1,1,1,8252
48362,3.1384103298187256,4898,2.713580369949341,0.2553679645061493,0.42483019828796387,-3.995492020461393e-14,1,0,0,0,8252
48381,0.6291124820709229,3621,-0.3401468098163605,0.23061911761760712,0.9692592024803162,0.45575422048568726,1,0,0,0,8252
48383,1.2376986742019653,4223,0.3918256461620331,0.23811867833137512,0.8458730578422546,1.217230192196439e-07,1,0,0,0,8252
48395,1.027908444404602,4052,0.3857056498527527,0.24638192355632782,0.6422029137611389,-0.0004882040957454592,1,1,0,0,8252
48397,0.6057625412940979,3582,-0.271477609872818,0.23551781475543976,0.8772403001785278,1.2454041242599487,1,0,0,0,8252
48398,3.5854732990264893,4940,2.413280725479126,0.2216210812330246,1.1721926927566528,-3.516339219800102e-08,1,0,0,0,8252
48403,0.42407432198524475,3335,-0.3367534577846527,0.24199722707271576,0.7608278393745422,0.1376846581697464,1,0,0,0,8252
48411,-2.587902069091797,71,-1.1536335945129395,0.3410317599773407,-1.434268832206726,27.6689453125,1,0,1,1,8252
48412,1.0054905414581299,4036,0.7571548819541931,0.26460179686546326,0.2483355551958084,8.285140893349308e-07,1,0,0,0,8252
48418,-0.6441136598587036,1561,0.7343515753746033,0.33876070380210876,-1.3784652948379517,3.383635703357868e-05,1,0,0,0,8252
48421,-0.35730624198913574,2071,0.20509441196918488,0.30074000358581543,-0.5624006986618042,0.00014308205572888255,1,0,0,0,8252
48422,-1.1890408992767334,809,-0.6462519764900208,0.3010129928588867,-0.5427889227867126,0.15578125417232513,1,0,0,0,8252
48437,0.16432522237300873,2936,0.041904203593730927,0.2710053324699402,0.12242100387811661,0.0022137011401355267,1,0,0,0,8252
48444,-1.254292368888855,749,-0.08629292249679565,0.3278689980506897,-1.167999267578125,0.00042297670734114945,1,0,0,0,8252
48454,-0.125022292137146,2484,0.2857169210910797,0.29480764269828796,-0.4107392430305481,0.15184348821640015,1,0,0,0,8252
48474,1.2189210653305054,4206,-0.04287854954600334,0.21921513974666595,1.2617994546890259,0.00017412632587365806,1,0,0,0,8252
48477,1.2983489036560059,4274,-0.28961026668548584,0.20372772216796875,1.5879595279693604,0.35729026794433594,1,0,0,0,8252
48495,-0.4188907742500305,1970,-0.5137157440185547,0.27108290791511536,0.09482498466968536,0.009085919708013535,1,0,0,0,8252
48510,2.249192953109741,4717,1.4929955005645752,0.240232452750206,0.7561973929405212,-6.167489630115597e-08,1,0,0,0,8252
48535,-1.2637628316879272,731,-0.17502076923847198,0.3242272138595581,-1.0887420177459717,0.06692369282245636,1,0,0,0,8252
48537,-0.6057995557785034,1635,-0.8314794898033142,0.26450273394584656,0.22567999362945557,1.280851125717163,1,1,0,0,8252
48555,-0.3027608096599579,2189,-0.13066831231117249,0.28408920764923096,-0.1720924973487854,0.030242037028074265,1,0,0,0,8252
48566,0.16755178570747375,2939,0.700632631778717,0.2995090186595917,-0.5330808758735657,-3.0965682071837364e-06,1,0,0,0,8252
48571,0.880013644695282,3928,-0.5241727232933044,0.21236784756183624,1.4041866064071655,0.0729360431432724,1,0,0,0,8252
48573,-0.8137430548667908,1310,-0.6448380351066589,0.28321948647499084,-0.16890497505664825,0.727670431137085,1,0,0,0,8252
48624,-0.3731946349143982,2045,0.16409189999103546,0.30068498849868774,-0.5372865796089172,0.0035790940746665,1,0,0,0,8252
48625,-0.5524325966835022,1734,-0.4696293771266937,0.27963531017303467,-0.08280334621667862,0.06572499126195908,1,0,0,0,8252
48630,0.4673444926738739,3391,-0.445206880569458,0.23502779006958008,0.9125514030456543,0.17040351033210754,1,0,0,0,8252
48632,-0.9548174738883972,1112,0.24266353249549866,0.32953083515167236,-1.1974807977676392,8.497058297507465e-05,1,0,0,0,8252
48645,0.07641281187534332,2806,0.056685056537389755,0.2755286693572998,0.019727742299437523,0.025036072358489037,1,0,0,0,8252
48660,1.0708415508270264,4088,0.8360576033592224,0.2645130157470703,0.2347838431596756,0.02622673474252224,1,0,0,0,8252
48666,0.8799857497215271,3927,0.4571823179721832,0.25542640686035156,0.42280349135398865,0.00015799194807186723,1,0,0,0,8252
48673,-1.0849616527557373,941,-0.41419798135757446,0.30467531085014343,-0.6707634925842285,0.7315492630004883,1,0,0,0,8252
48674,2.025387763977051,4648,-0.6671788096427917,0.15415595471858978,2.6925666332244873,1.2551829814910889,1,0,0,0,8252
48683,0.00897227507084608,2694,0.2279561311006546,0.2858622968196869,-0.21898387372493744,0.10130655765533447,1,0,0,0,8252
48685,-1.3346863985061646,666,-0.4685892164707184,0.3140259087085724,-0.8660972714424133,0.02270190417766571,1,0,0,0,8252
48693,0.3983463943004608,3296,-0.5384458899497986,0.23423276841640472,0.9367921948432922,0.22410805523395538,1,0,0,0,8252
48701,-1.4590134620666504,542,-0.9327020049095154,0.2998947203159332,-0.5263117551803589,4.161918640136719,1,0,0,0,8252
48704,0.8982909321784973,3948,1.5758763551712036,0.30696672201156616,-0.6775856614112854,-6.13417853401188e-07,1,0,0,0,8252
48708,-1.728745460510254,363,-0.4033874571323395,0.33678004145622253,-1.3253581523895264,0.23701977729797363,1,0,0,0,8252
48711,-2.2933764457702637,129,-0.6323105096817017,0.35181841254234314,-1.661065936088562,0.07137828320264816,1,0,1,1,8252
48715,-0.5465068221092224,1744,0.20433595776557922,0.3104959726333618,-0.750842809677124,1.915969960464281e-06,1,0,0,0,8252
48724,-1.5471147298812866,473,-0.050903547555208206,0.34430068731307983,-1.496211051940918,0.009519936516880989,1,0,0,0,8252
48730,-2.748966932296753,47,-1.1183314323425293,0.3500172793865204,-1.6306358575820923,1.8471176624298096,1,0,1,1,8252
48736,-2.3025598526000977,127,-0.6132057309150696,0.353481262922287,-1.6893543004989624,0.012722045183181763,1,0,1,1,8252
48750,0.4048570692539215,3302,-0.1281316876411438,0.25050362944602966,0.5329887866973877,0.23017829656600952,1,0,0,0,8252
48754,-1.4073445796966553,591,1.3378461599349976,0.39957401156425476,-2.7451910972595215,-1.0551360674071475e-08,1,0,0,0,8252
48775,-0.9921790361404419,1059,0.23415808379650116,0.3305094838142395,-1.2263373136520386,-5.1601978157123085e-06,1,0,0,0,8252
48785,-1.1478437185287476,861,-0.5633671879768372,0.3025820553302765,-0.5844764113426208,0.0014607708435505629,1,0,0,0,8252
48786,-1.1184414625167847,905,-0.5238084197044373,0.3023248016834259,-0.5946330428123474,0.6171616315841675,1,0,0,0,8252
48797,-0.1681932955980301,2402,-0.6232452392578125,0.2542688548564911,0.45505186915397644,0.20167912542819977,1,0,0,0,8252
48817,-1.3475886583328247,652,-0.6136192679405212,0.3095068037509918,-0.7339694499969482,6.5983967781066895,1,0,0,0,8252
48822,0.4415976107120514,3364,0.28101611137390137,0.2689419686794281,0.16058149933815002,0.001835696049965918,1,0,0,0,8252
48828,0.8713880777359009,3917,0.9669677019119263,0.2794172167778015,-0.09557953476905823,9.003712330013514e-05,1,0,0,0,8252
48832,1.180050015449524,4181,1.358730673789978,0.28425005078315735,-0.17868076264858246,0.004250827711075544,1,0,0,0,8252
48843,-0.7228173613548279,1442,-0.42945024371147156,0.28925105929374695,-0.29336708784103394,2.885403871536255,1,0,0,0,8252
48882,-0.8337538838386536,1281,-0.49384212493896484,0.29114341735839844,-0.3399117887020111,8.224295616149902,1,0,0,0,8252
48883,-1.6951287984848022,382,-0.7933951616287231,0.3177036941051483,-0.9017338752746582,1.6682525873184204,1,0,0,0,8252
48890,-0.03118470311164856,2639,-0.6930360198020935,0.24566996097564697,0.6618513464927673,0.22631850838661194,1,0,0,0,8252
48900,1.166274070739746,4173,-0.004943519830703735,0.2219313383102417,1.1712177991867065,0.08431830257177353,1,0,0,0,8252
48910,1.4234874248504639,4366,0.04522385075688362,0.2127845287322998,1.3782634735107422,0.00031778228003531694,1,0,0,0,8252
48934,-0.4673175811767578,1877,-0.08786330372095108,0.2924637496471405,-0.3794543445110321,0.012804591096937656,1,0,0,0,8252
48935,-1.0045228004455566,1044,0.6859899163246155,0.35248371958732605,-1.6905128955841064,0.00011244294000789523,1,0,0,0,8252
48967,0.00997945573180914,2697,-0.5643631815910339,0.24981127679347992,0.574342668056488,16.599483489990234,1,0,0,0,8252
48980,-0.2782811224460602,2236,-0.15176820755004883,0.281583309173584,-0.12651291489601135,0.010131951421499252,1,0,0,0,8252
48991,-0.767754316329956,1378,-0.43344932794570923,0.29059216380119324,-0.3343049883842468,6.54222297668457,1,0,0,0,8252
48992,-1.5080219507217407,499,-0.8180298209190369,0.3072861433029175,-0.6899920701980591,0.7976789474487305,1,0,0,0,8252
49005,-0.054630547761917114,2608,-0.894044816493988,0.2379145622253418,0.839414119720459,4.366939544677734,1,0,0,0,8252
49014,-0.7686392068862915,1374,-0.625524640083313,0.28188711404800415,-0.14311465620994568,7.943478584289551,1,0,0,0,8252
49017,-0.512574315071106,1803,-0.19649836421012878,0.29147815704345703,-0.3160758912563324,1.4354403018951416,1,1,0,0,8252
49033,0.5208612084388733,3458,0.4633280336856842,0.27421140670776367,0.05753316357731819,0.0001627794117666781,1,1,0,0,8252
49052,3.007863759994507,4881,2.495590925216675,0.2511574923992157,0.5122728943824768,8.7328685949295e-12,1,0,0,0,8252
49070,0.1527342051267624,2911,0.684473991394043,0.29972752928733826,-0.5317397117614746,0.04591954126954079,1,0,0,0,8252
49105,0.7715651392936707,3806,0.47414836287498474,0.2607872188091278,0.2974167466163635,-1.1208760042791255e-05,1,0,0,0,8252
49111,1.6325019598007202,4486,0.6727613806724548,0.23174703121185303,0.9597404599189758,0.005801619030535221,1,0,0,0,8252
49113,-1.2677638530731201,725,-0.5944633483886719,0.3071022927761078,-0.6733003854751587,0.026610512286424637,1,0,0,0,8252
49118,-0.2714174687862396,2247,-0.5375887751579285,0.26392534375190735,0.266171395778656,0.22258204221725464,1,0,0,0,8252
49120,-0.13594967126846313,2460,-0.4828742444515228,0.25897401571273804,0.3469246029853821,0.15530164539813995,1,0,0,0,8252
49155,-1.9929049015045166,241,-0.2765410244464874,0.3531853258609772,-1.7163639068603516,0.11481519043445587,1,0,1,0,8252
49172,-1.5236167907714844,487,-0.8126630187034607,0.30763930082321167,-0.7109540104866028,0.2085777074098587,1,0,0,0,8252
49185,-1.0008336305618286,1048,-0.636174738407135,0.2929038405418396,-0.36465880274772644,0.19646677374839783,1,0,0,0,8252
49188,-1.3549317121505737,645,-0.6778570413589478,0.30665943026542664,-0.6770747900009155,5.214320182800293,1,0,0,0,8252
49215,-0.9680734872817993,1095,-0.10541186481714249,0.31535443663597107,-0.8626616597175598,0.2846407890319824,1,1,0,0,8252
49242,-1.5261731147766113,486,-0.6303315758705139,0.31728485226631165,-0.8958415389060974,0.11168871819972992,1,0,0,0,8252
49254,1.099919319152832,4116,-0.31641122698783875,0.21188445389270782,1.4163305759429932,0.009479613043367863,1,1,0,0,8252
49259,4.074906349182129,4971,3.3338940143585205,0.2416820526123047,0.7410120964050293,2.197279896666255e-17,1,1,0,0,8252
49267,1.7344673871994019,4536,1.0419667959213257,0.24421687424182892,0.6925002932548523,-2.5662724510766566e-05,1,0,0,0,8252
49271,-0.05623842403292656,2602,0.46628567576408386,0.3001994490623474,-0.5225241780281067,2.7723717721528374e-05,1,0,0,0,8252
49288,-0.06298839300870895,2595,-0.49633246660232544,0.2551247775554657,0.4333439767360687,0.12706772983074188,1,0,0,0,8252
49294,-1.8357340097427368,313,-0.7699247598648071,0.3249126374721527,-1.0658092498779297,0.5001111626625061,1,0,0,0,8252
49301,0.7162171006202698,3737,-0.012850570492446423,0.2434520721435547,0.7290676236152649,0.011598999612033367,1,0,0,0,8252
49304,1.8274269104003906,4577,1.6790924072265625,0.26859429478645325,0.14833422005176544,-2.0430343283805996e-07,1,0,0,0,8252
49315,0.6154679656028748,3601,-0.5653195381164551,0.22245772182941437,1.1807875633239746,0.07373382151126862,1,0,0,0,8252
49316,-2.0846285820007324,201,-1.2191160917282104,0.3148990571498871,-0.865512490272522,1.9612244367599487,1,0,1,1,8252
49324,-0.4626973569393158,1883,0.030204934999346733,0.2988531291484833,-0.49290236830711365,-6.320517513813684e-07,1,0,0,0,8252
49327,0.497484415769577,3433,-0.054290033876895905,0.2507571876049042,0.5517744421958923,0.004010853357613087,1,0,0,0,8252
49333,1.0336027145385742,4058,0.8783270716667175,0.26815593242645264,0.15527568757534027,0.00010391289833933115,1,0,0,0,8252
49334,0.7095668911933899,3727,-0.7170332074165344,0.2106509953737259,1.4265999794006348,5.948306083679199,1,0,0,0,8252
49380,-0.5244199633598328,1781,0.014072013087570667,0.29925230145454407,-0.5384919047355652,0.0006964417989365757,1,0,0,0,8252
49399,-1.1793900728225708,816,-0.1652548909187317,0.3215104341506958,-1.0141352415084839,0.17499670386314392,1,0,0,0,8252
49422,-0.341513067483902,2113,0.6961538791656494,0.3224748969078064,-1.037666916847229,1.7611491680145264,1,0,0,0,8252
49428,0.6410264372825623,3634,0.5858866572380066,0.27327367663383484,0.05513978749513626,5.247095032245852e-05,1,0,0,0,8252
49431,-1.941177248954773,270,-0.8803560137748718,0.325193852186203,-1.0608210563659668,0.6287887692451477,1,0,0,0,8252
49437,0.6107208132743835,3592,-0.05255667492747307,0.24535997211933136,0.6632773876190186,0.1428934931755066,1,0,0,0,8252
49452,-2.2120378017425537,154,-0.7739051580429077,0.34045419096946716,-1.4381332397460938,1.1466357707977295,1,0,1,1,8252
49455,2.6097304821014404,4814,0.9081236720085144,0.19756102561950684,1.7016066312789917,0.2277270257472992,1,0,0,0,8252
49467,-0.9099170565605164,1172,-0.594955563545227,0.29068523645401,-0.3149617314338684,0.1615166962146759,1,0,0,0,8252
49472,0.3956051170825958,3293,-0.4080630838871002,0.23858396708965302,0.803668200969696,0.014006530866026878,1,0,0,0,8252
49474,0.3577812612056732,3234,0.7589899301528931,0.2938218116760254,-0.40120863914489746,0.12376300990581512,1,0,0,0,8252
49482,0.2127489596605301,3025,-0.19643111526966095,0.2569171190261841,0.4091801643371582,0.01203366369009018,1,0,0,0,8252
49484,0.1846480816602707,2974,-1.1204599142074585,0.21692250669002533,1.3051081895828247,0.8750579953193665,1,0,0,0,8252
49493,0.7858491539955139,3823,0.5409477353096008,0.26310595870018005,0.24490146338939667,0.000914941483642906,1,0,0,0,8252
49495,-0.4818054735660553,1853,0.42989206314086914,0.31800201535224915,-0.9116975665092468,0.0030065258033573627,1,0,0,0,8252
49508,1.4466041326522827,4381,1.845399260520935,0.29364362359046936,-0.39879509806632996,2.0721542537405213e-11,1,0,0,0,8252
49514,-1.9901577234268188,243,-0.768424928188324,0.33123311400413513,-1.2217329740524292,2.284715414047241,1,0,1,1,8252
49519,-1.0426946878433228,994,-0.39582082629203796,0.3054860532283783,-0.6468736529350281,0.2700185775756836,1,0,0,0,8252
49522,-0.8764707446098328,1217,-0.1402513086795807,0.3077748715877533,-0.7362195253372192,0.001954218838363886,1,0,0,0,8252
49523,-1.7917078733444214,334,-0.286506325006485,0.3438529670238495,-1.5052014589309692,0.4552030563354492,1,0,0,0,8252
49531,-1.273706316947937,721,0.3492703437805176,0.35012736916542053,-1.622976541519165,0.002600152278319001,1,0,0,0,8252
49541,-1.1030367612838745,923,-0.5630616545677185,0.2998581826686859,-0.539975106716156,1.4233853816986084,1,0,0,0,8252
49547,0.9782940745353699,4015,0.07912089675664902,0.23544907569885254,0.8991732597351074,-1.7477845837277073e-09,1,0,0,0,8252
49548,-0.438605397939682,1935,-0.5240032076835632,0.27208182215690613,0.08539778739213943,0.5658614635467529,1,0,0,0,8252
49552,0.5858657360076904,3545,0.6897934079170227,0.28097665309906006,-0.10392753034830093,-6.729988672304899e-05,1,0,0,0,8252
49565,-2.1023592948913574,196,-0.771273136138916,0.33687785267829895,-1.3310861587524414,9.515198707580566,1,0,1,1,8252
49577,-0.04863115772604942,2617,-0.9844970107078552,0.23236083984375,0.9358658194541931,1.1879483461380005,1,0,0,0,8252
49579,-1.5920360088348389,439,-0.13604025542736053,0.3419021964073181,-1.4559955596923828,1.8056058883666992,1,0,0,0,8252
49612,0.619774341583252,3605,-0.3288251459598541,0.23330990970134735,0.948599636554718,0.1355375349521637,1,1,0,0,8252
49638,-0.004188790917396545,2669,0.17607417702674866,0.2848223149776459,-0.1802629679441452,4.7132643885561265e-06,1,0,0,0,8252
49644,-0.7273930907249451,1434,-0.04682069644331932,0.30782315135002136,-0.6805723905563354,0.20670852065086365,1,0,0,0,8252
49647,0.034244757145643234,2732,-0.6411871314048767,0.24501481652259827,0.6754317879676819,0.011954104527831078,1,0,0,0,8252
49649,-0.3695714771747589,2050,-0.6611244082450867,0.26224467158317566,0.2915530502796173,0.7555845379829407,1,0,0,0,8252
49661,0.5464779734611511,3489,-0.35898810625076294,0.2336789220571518,0.9054660797119141,0.23753993213176727,1,0,0,0,8252
49665,0.17913617193698883,2959,-0.680290937423706,0.2361849844455719,0.8594271540641785,0.3148091435432434,1,0,0,0,8252
49675,-0.7603553533554077,1389,-0.563429057598114,0.28454580903053284,-0.19692637026309967,0.05558144301176071,1,0,0,0,8252
49680,-0.4430675506591797,1923,-0.6235071420669556,0.2683778703212738,0.1804395467042923,0.123585045337677,1,0,0,0,8252
49682,0.4373341500759125,3358,0.2774711549282074,0.26879870891571045,0.15986303985118866,0.00023736641742289066,1,0,0,0,8252
49703,-1.305498480796814,694,0.12330909073352814,0.34034642577171326,-1.4288076162338257,0.20293296873569489,1,0,0,0,8252
49707,-0.8873335719108582,1200,-0.7093990445137024,0.283538818359375,-0.17793475091457367,0.3309479355812073,1,0,0,0,8252
49709,-0.1182834655046463,2495,-0.18368719518184662,0.27238452434539795,0.06540374457836151,0.26824402809143066,1,0,0,0,8252
49714,0.04214959964156151,2756,-0.03609788417816162,0.2711915373802185,0.07824745029211044,1.2601186426763888e-05,1,0,0,0,8252
49715,-1.4368500709533691,564,-0.1970716118812561,0.3321652412414551,-1.2397783994674683,0.005892179906368256,1,0,0,0,8252
49720,-0.0662301704287529,2590,-0.04925914481282234,0.27555593848228455,-0.016971023753285408,0.00030663181678391993,1,0,0,0,8252
49722,-0.16307151317596436,2413,0.48486027121543884,0.304802268743515,-0.6479317545890808,1.0201424593958563e-08,1,0,0,0,8252
49729,-0.22239802777767181,2318,-0.8469942212104797,0.24696433544158936,0.6245962977409363,0.06324087828397751,1,1,0,0,8252
49753,0.39137396216392517,3287,0.7739331722259521,0.29278212785720825,-0.38255926966667175,0.00013289011258166283,1,0,0,0,8252
49797,0.020373472943902016,2715,-0.44045883417129517,0.25478559732437134,0.4608323276042938,0.48017418384552,1,0,0,0,8252
49803,0.7875690460205078,3825,0.45005854964256287,0.2604999542236328,0.3375106155872345,-9.89197815215448e-07,1,0,0,0,8252
49810,-0.482401043176651,1851,0.9839337468147278,0.34159380197525024,-1.4663348197937012,-2.3753011646476807e-06,1,0,0,0,8252
49826,-0.8925455212593079,1197,-0.7939803004264832,0.2816964089870453,-0.09856510907411575,1.5433015823364258,1,0,0,0,8252
49845,-0.13923780620098114,2453,0.026177508756518364,0.2841726243495941,-0.16541536152362823,2.5642136733949883e-06,1,0,0,0,8252
49848,-1.5112206935882568,497,-1.0706926584243774,0.29541417956352234,-0.4405277669429779,1.8352937698364258,1,1,0,0,8252
49859,0.1856580525636673,2977,0.9797689318656921,0.31137320399284363,-0.7941110730171204,0.002290712669491768,1,0,0,0,8252
49866,0.05842798948287964,2783,-0.2574829161167145,0.26059266924858093,0.3159109354019165,0.18262985348701477,1,0,0,0,8252
49867,0.8558245897293091,3899,-0.41368505358695984,0.21815679967403412,1.2695095539093018,0.007742791436612606,1,0,0,0,8252
49882,-0.1355271339416504,2461,0.009216481819748878,0.2829011082649231,-0.14474362134933472,7.921431541442871,1,0,0,0,8252
49883,0.04199378192424774,2754,-0.705249547958374,0.24269786477088928,0.747243344783783,0.6060734391212463,1,0,0,0,8252
49884,-0.34853461384773254,2097,-0.042337700724601746,0.2894746959209442,-0.3061968982219696,0.009681537747383118,1,0,0,0,8252
49890,0.6701915264129639,3674,0.7878559827804565,0.2811197340488434,-0.1176643893122673,-9.416281990248798e-12,1,0,0,0,8252
49920,-1.0774325132369995,952,-0.3758715093135834,0.3068583905696869,-0.7015609741210938,0.0632888600230217,1,0,0,0,8252
49927,0.6404658555984497,3633,-0.6457616090774536,0.21808366477489471,1.2862274646759033,0.41504010558128357,1,0,0,0,8252
49938,-0.08094005286693573,2561,-0.13926160335540771,0.27265486121177673,0.05832156166434288,0.05413158982992172,1,0,0,0,8252
49957,-0.7716100811958313,1370,-0.3673146069049835,0.2935834228992462,-0.404295414686203,0.54154372215271,1,0,0,0,8252
49964,3.400968313217163,4929,0.7797126173973083,0.15653033554553986,2.62125563621521,0.00017690096865408123,1,0,0,0,8252
49980,0.7042059302330017,3717,0.38699138164520264,0.26220235228538513,0.3172145187854767,0.35500818490982056,1,0,0,0,8252
49988,-1.8405500650405884,310,-0.6689969897270203,0.3297378122806549,-1.1715530157089233,0.7497645616531372,1,0,0,0,8252
