A_f32_vs_f64_max_rel,backend,class_pair,dataset,feat_dim,frac_A_of_gfull,frac_head_of_gfull,h_t_norm,has_bias,identity_max_abs_err,identity_max_rel_err,identity_scale,loss_t,model,n_candidates,overlap_paper_b1_vs_eq3,overlap_prod_b0_vs_eq3,overlap_prod_b0_vs_prod_b1,overlap_prod_b1_vs_eq3,overlap_prod_b1_vs_paper_b1,p_adv_t,pearson_A_vs_gfull,pearson_costb1_vs_eq3,pearson_dcos_vs_hTh,pearson_hTh_vs_A,pearson_hTh_vs_gfull,pearson_hTh_vs_ntktr,pearson_headW_vs_gfull,pearson_margin_vs_rdot,pearson_margin_vs_rnorm,pearson_ntktr_vs_A,r_t_norm,spearman_A_vs_gfull,spearman_costb1_vs_eq3,spearman_dcos_vs_hTh,spearman_hTh_vs_A,spearman_hTh_vs_gfull,spearman_hTh_vs_ntktr,spearman_headW_vs_gfull,spearman_margin_vs_rdot,spearman_margin_vs_rnorm,spearman_ntktr_vs_A,surrogate,target_idx,top_m,verify_n
1.9516809186520728e-05,jvp,dog-bird,CIFAR10,2048,0.7183946371078491,0.3162597417831421,21.2620792388916,True,1.8561541192951836e-13,4.474600469624685e-14,4.148200787747363,31.27273178100586,ConvNetBN,5000,,,,,,2.6207472132657068e-14,0.9991702655363889,,-0.7841378793158306,-0.07532845248502916,-0.07216650481817435,0.6969538181393667,0.9320702762938055,-0.3634395352492412,-0.39138530814588995,0.07227604844445855,1.4142135381698608,0.9910074942931221,,-0.7666943482509825,-0.04594022583444447,-0.045920996319044054,0.6704372576819428,0.985862203178488,-0.9929651173145254,-0.9988355744333111,0.1122430220056313,0,843,,8
0.00011798134935688897,jvp,dog-bird,CIFAR10,2048,1.5941238403320312,1.2373876571655273,17.39310073852539,True,1.1069118711903858e-13,8.842908402369658e-13,0.1251750918163716,19.46471405029297,ConvNetBN,5000,,,,,,3.5203180370757536e-09,0.9972629980382777,,-0.8356524354154297,0.0035038521327880037,-0.00015395333806023445,0.7834004411129827,0.8231606448924543,-0.36942091463145377,-0.3822441013127809,0.05495869812793086,1.4047839641571045,0.9388957930194339,,-0.8261276795115507,0.06351878107611665,0.059249699645363925,0.762991610380288,0.6378256961968747,-0.9950259926956343,-0.9991723175348927,0.12428614559341318,1,843,,8
2.1581181675555858e-05,jvp,dog-bird,CIFAR10,2048,0.8070623874664307,0.21036528050899506,20.817626953125,True,2.1061451194182013e-13,1.7258158732129813e-14,12.203764909736023,28.19634246826172,ConvNetBN,5000,,,,,,5.681775579538528e-13,0.9992262920465015,,-0.8174500077573861,-0.12220894077436206,-0.123278930234954,0.7061428606032858,0.8817566219779833,-0.33619895997410254,-0.3519900880092317,-0.013968766287981561,1.4142135381698608,0.9952565420019778,,-0.8101070186934936,-0.2756839977701647,-0.27874207902168313,0.6881066417812947,0.983104529436181,-0.9959079579886355,-0.999065597546579,-0.05392582205757695,2,843,,8
0.0002968931582394794,jvp,dog-bird,CIFAR10,2048,0.7789775133132935,0.32349032163619995,18.05780792236328,True,1.9794933988942671e-13,5.719696773665092e-13,0.3460836259726823,17.011505126953125,ConvNetBN,5000,,,,,,4.0925822730741857e-08,0.9991668792808255,,-0.7934481451657478,-0.05162735444940294,-0.050666639826641456,0.7703042997769367,0.9211941693926223,-0.3446074051416834,-0.36723618699398647,0.05403480158624751,1.414096474647522,0.990258541435547,,-0.780382024879656,-0.08096431422795897,-0.08627533742729593,0.7503326421013375,0.9573762107660254,-0.9946336549192364,-0.9989277023250565,0.07125551637137667,3,843,,8
0.0037345328121423773,jvp,dog-bird,CIFAR10,2048,0.7389782071113586,0.3569915294647217,21.35626792907715,True,2.884864995001714e-13,7.048773345326237e-14,4.092719191935082,11.856611251831055,ConvNetBN,5000,,,,,,7.091519819368841e-06,0.9988923421277743,,-0.8092917826652904,-0.04824101486647947,-0.04792693140641579,0.7600216290630659,0.9405320735550029,-0.35018516472831246,-0.35417098391352153,0.05081193163669855,1.4138752222061157,0.9857329783017528,,-0.7922527961752104,-0.07851603436818902,-0.09101449429657976,0.7263625553293676,0.9748516646580664,-0.9943866904353312,-0.9990910469555981,0.012675053024954142,4,843,,8
6.93215888628244e-05,jvp,dog-bird,CIFAR10,2048,0.8665878176689148,0.5214719176292419,20.377050399780273,True,2.8169133692301784e-13,3.2679356157333416e-13,0.8619855775824545,33.49859619140625,ConvNetBN,5000,,,,,,2.8297268008474616e-15,0.998512410570808,,-0.7897010563212243,-0.022183457776585796,-0.023019548936817784,0.622628388411572,0.8912015853074903,-0.3464169085410825,-0.3607500990204023,0.12162004609772499,1.4142135381698608,0.9742165268878205,,-0.7750804493310237,-0.09839492334382947,-0.10465551505524409,0.6041814339737577,0.8940500855274606,-0.9935991854716714,-0.9991010189320192,0.10875106004660438,5,843,,8
7.935834251052227e-06,jvp,dog-bird,CIFAR10,2048,0.9126524329185486,0.10329693555831909,12.781088829040527,True,3.2246948167280465e-13,5.82751328738595e-15,55.335692218979894,19.76899528503418,ConvNetBN,5000,,,,,,2.5967745731492187e-09,0.999642719346057,,-0.6832539129872908,-0.08408084076480593,-0.0806345370547245,0.581686096814092,0.9304510545739197,-0.6235618407187485,-0.6498008371803815,0.051598992423485965,1.4140353202819824,0.9992251010485286,,-0.6770086084093371,-0.13279324203141016,-0.13008240961929637,0.5620945817477832,0.9887749371829975,-0.9946204459592687,-0.9985628304784787,0.02030497365818602,6,843,,8
3.006402972099266e-05,jvp,dog-bird,CIFAR10,2048,0.8531782031059265,0.4817047417163849,20.787336349487305,True,1.1968204205459188e-13,4.738554231067029e-14,2.525707973751349,30.78162384033203,ConvNetBN,5000,,,,,,4.282630429756559e-14,0.9990932094896241,,-0.8351431096035387,-0.03473736205132541,-0.0334708518163932,0.7871314387928416,0.8846299987562952,-0.26517289089080415,-0.27457184713411087,0.012828568801169475,1.4142135381698608,0.9776478974054501,,-0.817412893825841,-0.0030371564057327756,-0.01245872128294687,0.777314209820535,0.9151460358058413,-0.9948340784745155,-0.9991406042215828,0.050842162634346995,7,843,,8
0.00010489279204262342,jvp,dog-bird,CIFAR10,2048,0.7382862567901611,0.3351838290691376,19.582408905029297,True,1.3711254354120683e-13,8.212839805223972e-14,1.6694900520766658,20.64557647705078,ConvNetBN,5000,,,,,,1.0807875705509673e-09,0.9991482313078571,,-0.7936454783152076,-0.050165462000710016,-0.04837744555763011,0.7479262752549403,0.9388364109131336,-0.3554533342612758,-0.36184850616586905,0.035505216820042144,1.4141991138458252,0.9901236373962445,,-0.785814129150284,-0.09655131468220707,-0.09851582338772608,0.7278774330904427,0.9809336245408874,-0.9935577864460857,-0.9990258548410341,0.0049955304802254165,8,843,,8
5.893312418608667e-05,jvp,dog-bird,CIFAR10,2048,0.7683849334716797,0.315662682056427,23.028278350830078,True,7.420730696594546e-13,2.9480240574647247e-13,2.5171879713140166,21.9528865814209,ConvNetBN,5000,,,,,,2.9240346255399174e-10,0.9991682192938711,,-0.8212902007102735,-0.03822235974497584,-0.03783671676978625,0.7913370743150142,0.9217224389552356,-0.37346171313540555,-0.3962805340731711,0.0506755628510446,1.4142135381698608,0.9896239882244958,,-0.8028645344189251,-0.12379999764145921,-0.13014075977187714,0.7654737891196942,0.9718019456560777,-0.9948623253386675,-0.9990663641546544,0.008720565690906007,9,843,,8
1.653106195280352e-05,jvp,dog-bird,CIFAR10,2048,0.7970730066299438,0.34843504428863525,18.767438888549805,True,2.0516921495072893e-13,5.06414141579441e-14,4.051411643261627,22.628725051879883,ConvNetBN,5000,,,,,,1.487543005440628e-10,0.9984882269993177,,-0.8103081387211615,-0.026318131159987903,-0.023757004145901074,0.7693611544303248,0.9254581728785135,-0.38845302491103567,-0.3976950308928295,0.04754462772165559,1.4142080545425415,0.9915210719684545,,-0.8017889349870152,-0.03688679362214196,-0.03689821189281403,0.7502289413551632,0.9812064030562561,-0.9953741349795302,-0.999100080412003,0.0373895423858858,10,843,,8
0.00015487758728072268,jvp,dog-bird,CIFAR10,2048,0.7346525192260742,0.28746747970581055,21.59905433654785,True,2.4525693975707696e-13,4.231770393602397e-13,0.5795610747876518,35.06576156616211,ConvNetBN,5000,,,,,,5.9038217599448415e-16,0.9992032498588784,,-0.7719901219815033,-0.0752148592349895,-0.07374610536439084,0.683848213808106,0.9447971385831391,-0.3523105528068273,-0.36262501115242046,0.06471559409967366,1.4142135381698608,0.9960993178236455,,-0.7548559789951715,-0.12224289259946589,-0.12182272203075636,0.6615813017107638,0.9914624477864977,-0.9944569926136052,-0.9990359976254398,0.04488070533180377,11,843,,8
0.0001591479704374378,jvp,dog-bird,CIFAR10,2048,1.106278657913208,0.8139365315437317,16.961315155029297,True,1.1627970721711511e-13,5.909840532902833e-13,0.19675608262140382,27.515180587768555,ConvNetBN,5000,,,,,,1.1228173339011827e-12,0.9969611983607914,,-0.7419683341032269,-0.0069269437659877425,-0.009163243119964887,0.6498742993207121,0.8695297820067212,-0.375121460904712,-0.3802171432809674,0.11412725278760213,1.4142072200775146,0.9440801099596522,,-0.7283673286111356,0.010510527987725473,-0.0037918233197639364,0.631489931882753,0.7754276334037156,-0.9950018560157863,-0.9990596029703388,0.1299873046920147,12,843,,8
3.100435348013742e-05,jvp,dog-bird,CIFAR10,2048,0.7612245082855225,0.32701003551483154,19.875316619873047,True,2.0644597142904786e-13,3.797159811549276e-14,5.436852323179308,33.24961471557617,ConvNetBN,5000,,,,,,3.629742431507333e-15,0.9995589088565218,,-0.783743320684044,-0.028257023571068178,-0.02900568882896643,0.7367536110863073,0.9532479122895393,-0.3265064181823089,-0.34211255380836786,-0.00028213135791808376,1.4142135381698608,0.9912074685438147,,-0.7697061992030857,-0.09907980600748123,-0.10386251762650069,0.7089194394158197,0.9757322877652913,-0.9940763129301106,-0.9991908212475551,-0.035367645227165415,13,843,,8
6.157393441639069e-05,jvp,dog-bird,CIFAR10,2048,0.7966710925102234,0.3048728108406067,20.956626892089844,True,3.153605848682517e-13,2.1983596598653273e-13,1.434526800257838,18.781309127807617,ConvNetBN,5000,,,,,,6.972375121705454e-09,0.9984441540805422,,-0.7882995647149568,-0.1054287083406449,-0.10374116576711404,0.6928798950394804,0.9068058911997803,-0.3819616888335316,-0.39811393973716214,0.03781528156884536,1.4141873121261597,0.9904665894305547,,-0.7698745877439376,-0.1315857456196196,-0.13336849810594079,0.6599993045438122,0.972541329333653,-0.9953760079705888,-0.9989754992870198,0.01597265862578214,14,843,,8
6.1090481482704306e-06,jvp,dog-bird,CIFAR10,2048,0.9635322093963623,0.43362104892730713,15.080214500427246,True,2.0400348077487251e-13,1.3108997004784263e-14,15.562096833222203,21.587251663208008,ConvNetBN,5000,,,,,,4.214784632416979e-10,0.99864507073464,,-0.7288189090724234,-0.06587912350984618,-0.06502194250509584,0.583019369473494,0.9009052305114296,-0.34367040477886485,-0.38240566926203484,0.047096839255507505,1.4142130613327026,0.9869424313766321,,-0.7231091383871386,-0.020481312976459887,-0.030145748647276933,0.5530597972662122,0.9516515095220602,-0.995849899700071,-0.9989508676060347,0.0739339442971971,15,843,,8
1.9880126532303298e-05,jvp,dog-bird,CIFAR10,2048,0.9874162077903748,0.5322535037994385,18.357337951660156,True,2.2708224189926796e-13,5.158923509529964e-14,4.401736941433305,8.859471321105957,ConvNetBN,5000,,,,,,0.00014203006867319345,0.9988757556859962,,-0.819090445274146,-0.005175357678160194,-0.0053114045453673655,0.7276453713711857,0.9219716197948368,-0.37045745741202335,-0.37525740070690955,0.06486542771824896,1.4139739274978638,0.9900104441601397,,-0.8057657193639822,-0.03625124954511258,-0.04052644616505784,0.702580755080954,0.9765268293010729,-0.994726929325945,-0.9988959601158384,-0.001950264945780264,16,843,,8
2.0991989174640743e-05,jvp,dog-bird,CIFAR10,2048,0.74196457862854,0.31082606315612793,20.988065719604492,True,1.9567680809018384e-13,3.582123394326363e-14,5.462592617555037,19.414079666137695,ConvNetBN,5000,,,,,,3.703156892242987e-09,0.9994445718250574,,-0.8081368624353711,-0.062484902730696804,-0.06120771868439909,0.7254963943302631,0.963106997891461,-0.3160537591174757,-0.3532256164646867,0.03218636976520385,1.3882553577423096,0.9926880731484696,,-0.7970980021075721,-0.11097526565674319,-0.11202625302773876,0.7077553932552018,0.9834651488426058,-0.9942432784442093,-0.9989952106557843,0.027625709906218213,17,843,,8
5.7880691015192966e-06,jvp,dog-bird,CIFAR10,2048,0.9165932536125183,0.4113953709602356,18.27016258239746,True,1.870169674364891e-13,1.2724130567970565e-14,14.69781895411007,16.892345428466797,ConvNetBN,5000,,,,,,4.6104911888278366e-08,0.9984347360524126,,-0.7972399989002135,-0.09398773959044347,-0.09082057498310614,0.7429777874345461,0.8955455426694177,-0.3851565185864372,-0.3938113822831923,0.0019741092557807108,1.4141980409622192,0.982726021768873,,-0.7847897284005989,-0.12454515046813876,-0.11663146920925875,0.7210707587948303,0.902653128202125,-0.9946765254514739,-0.9987664972946597,-0.007235877731491351,18,843,,8
1.9051366089686324e-05,jvp,dog-bird,CIFAR10,2048,0.827910840511322,0.4743582606315613,21.24498748779297,True,4.368042130782529e-13,1.362926113643129e-13,3.2049001681438654,16.027690887451172,ConvNetBN,5000,,,,,,1.0946163087055538e-07,0.9984847678651974,,-0.8111528918201851,-0.11567889591014008,-0.11513615491598131,0.8098775789154198,0.9093975231665091,-0.31692619842917163,-0.33891857985330787,-0.04367214638939341,1.4142100811004639,0.9812074466836401,,-0.8061563137543392,-0.18194564962382032,-0.1948562313829258,0.7991268546881487,0.9546094776952898,-0.9941088014591437,-0.9991028518840711,-0.0716902396914794,19,843,,8
,,dog-bird,CIFAR10,,,,,,,,,,ConvNetBN,5000,0.504,0.304,0.66,0.604,0.744,,,0.6953638055618039,,,,,,,,,,,0.7975796911275809,,,,,,,,,ENSEMBLE,843,250,
6.904232333203626e-05,jvp,dog-bird,CIFAR10,2048,0.7394721508026123,0.3142349123954773,20.025739669799805,True,5.018208071305708e-13,2.011539822959518e-13,2.494709781048515,18.562833786010742,ConvNetBN,5000,,,,,,8.674889251381046e-09,0.999218341842895,,-0.7656623500593359,-0.11988464604933584,-0.12106116947788632,0.6774179345976818,0.9082686705537627,-0.3634398299518917,-0.39138530814588995,-0.005749701649578886,1.414207100868225,0.9924358897738059,,-0.7433410545570028,-0.18238890221795032,-0.19287875207640823,0.6456052928626953,0.9753499750459989,-0.9930483580342298,-0.9988355744333111,-0.02531803895573643,0,1257,,8
2.386892354991534e-05,jvp,dog-bird,CIFAR10,2048,0.8054737448692322,0.3473573625087738,16.09889793395996,True,1.3491920254626866e-13,1.9595383870890068e-14,6.885254375990967,21.86739158630371,ConvNetBN,5000,,,,,,3.1850225234997254e-10,0.9991135605995938,,-0.7881866002155133,-0.08633462682425157,-0.08781272814071911,0.7414201333785391,0.8883126690263851,-0.3693206154799935,-0.3822441013127809,-0.03368265107877777,1.4142135381698608,0.9830323015404551,,-0.7731047803737364,-0.13255569892868924,-0.1464487550524945,0.7186152974363522,0.9367546172461846,-0.9948699790436617,-0.9991723175348927,-0.04808344803815616,1,1257,,8
1.23736476272704e-05,jvp,dog-bird,CIFAR10,2048,0.82700115442276,0.25807642936706543,13.676569938659668,True,3.375077994860476e-13,5.400542579239472e-14,6.249516498277047,15.409646034240723,ConvNetBN,5000,,,,,,2.0308404202751262e-07,0.9978642841623878,,-0.6895484297585288,-0.10312772796027984,-0.10728087225810469,0.6333483030667889,0.745294527142312,-0.33619906647571496,-0.3519900880092317,-0.03759958116454161,1.414208173751831,0.9909372315441254,,-0.6679427527339552,-0.16581850450004212,-0.17427450870316294,0.5961082883352513,0.9419522843980912,-0.9959637904567593,-0.999065597546579,-0.05482114466592942,2,1257,,8
5.368092321885431e-05,jvp,dog-bird,CIFAR10,2048,0.7911147475242615,0.34393128752708435,20.014440536499023,True,3.1626025583098016e-13,1.2193980344101063e-13,2.5935768871726417,18.545379638671875,ConvNetBN,5000,,,,,,8.827623076967939e-09,0.9992270177133146,,-0.7826797359760396,-0.048622800998660995,-0.048521912549442096,0.7227518432826877,0.9111328325729009,-0.344603251257852,-0.36723618699398647,-0.0005551816413211835,1.4142132997512817,0.985533018117382,,-0.7578874198850113,-0.1177216085063944,-0.12139005209199563,0.6940885184855151,0.9177864468795655,-0.9946091261371189,-0.9989277023250565,-0.009344200018903298,3,1257,,8
0.00018552389641985587,jvp,dog-bird,CIFAR10,2048,0.7935543656349182,0.3139309585094452,20.046142578125,True,5.046241202677493e-13,6.28622457701946e-13,0.8027459313377107,24.65159797668457,ConvNetBN,5000,,,,,,1.9676458379302986e-11,0.9996147623249237,,-0.8044078352794126,-0.08283363608569061,-0.08319036696230239,0.7785840327995035,0.9010357898046792,-0.35017976563608416,-0.35417098391352153,-0.008760449707196562,1.4142134189605713,0.9891130879128571,,-0.7832076582334793,-0.18900188492297537,-0.19470367620683862,0.7488653845104519,0.9502145892405833,-0.994190471068627,-0.9990910469555981,-0.0928891497661984,4,1257,,8
3.390034130563365e-05,jvp,dog-bird,CIFAR10,2048,0.760232150554657,0.3186585009098053,19.952598571777344,True,4.636291350834654e-13,1.7341284446081577e-13,2.673557062771245,6.9085283279418945,ConvNetBN,5000,,,,,,0.0009992270497605205,0.9993758173817431,,-0.7791315215730944,-0.06470309968886148,-0.06573167357509455,0.6853484111977052,0.9206128683417275,-0.34641988429656795,-0.3607500990204023,0.043053609569563896,1.4127081632614136,0.9894115167029915,,-0.7628780890386688,-0.19286718653015295,-0.20439723516170044,0.6472014349261886,0.9650063664082544,-0.9939730884287202,-0.9991010189320192,0.016676008793007735,5,1257,,8
7.098070202312979e-07,jvp,dog-bird,CIFAR10,2048,0.9097681641578674,0.13558998703956604,10.294732093811035,True,1.7763568394002505e-13,7.186676230689543e-16,247.17362830603176,12.873854637145996,ConvNetBN,5000,,,,,,2.5642229957156815e-06,0.9995394506527125,,-0.6345373355800009,-0.04606149003745347,-0.044511066736236865,0.5235757732509294,0.9135324616395712,-0.6235599347277374,-0.6498008371803815,-0.0021457747362648694,1.4140726327896118,0.9975064091686844,,-0.6305518342728729,-0.10883467351015626,-0.11049600140114386,0.5095906564645469,0.9734625768585029,-0.9946204331917846,-0.9985628304784787,-0.06434584897398629,6,1257,,8
9.266682874984509e-05,jvp,dog-bird,CIFAR10,2048,2.3907976150512695,2.071146011352539,18.964494705200195,True,1.5979040820683155e-13,1.5355802274414183e-13,1.0405865180556155,32.37970733642578,ConvNetBN,5000,,,,,,8.663069278591878e-15,0.9966506658121088,,-0.7775678308542083,-0.030630008184841642,-0.03899503015361934,0.7312430639357463,0.8191211877135691,-0.2651728909037291,-0.27457184713411087,0.006822364798360283,1.4142135381698608,0.9309627673722509,,-0.7517186469031172,-0.008261348675298744,-0.028155042745580314,0.6986294542507124,0.627099360664176,-0.9948438924596659,-0.9991406042215828,0.046318029594104165,7,1257,,8
1.027371706862571e-05,jvp,dog-bird,CIFAR10,2048,0.9313857555389404,0.5998802781105042,19.92169952392578,True,9.792630139518233e-14,4.909733709642723e-14,1.9945338624548,30.10099220275879,ConvNetBN,5000,,,,,,8.458729864550124e-14,0.9984264073741366,,-0.772307889665048,-0.04798055969171778,-0.05084422291282323,0.6463447011272552,0.8826625139389953,-0.35545311613310465,-0.36184850616586905,0.04326463576904784,1.4142134189605713,0.9716834803378231,,-0.7549640348171572,-0.10561708969767104,-0.12811264372572986,0.6112009224453747,0.8481517711027821,-0.9936316793373692,-0.9990258548410341,0.020394602889285234,8,1257,,8
3.214809236476346e-05,jvp,dog-bird,CIFAR10,2048,0.8265969753265381,0.3514430522918701,22.17378044128418,True,3.5372863109195293e-13,6.724867739341371e-14,5.260008743705001,27.5745849609375,ConvNetBN,5000,,,,,,1.0580597812823167e-12,0.9992770062097992,,-0.8045707907003397,-0.027817269686457667,-0.029559402599093166,0.7675110188705245,0.9098029807126348,-0.37451748104881305,-0.3962805340731711,0.0353415556954657,1.3878110647201538,0.9868444081811302,,-0.7882858347097033,-0.13648656389514646,-0.1479713368610587,0.7410105848155604,0.9534319729212788,-0.9952263896933663,-0.9990663641546544,-0.020938071453490775,9,1257,,8
2.3263871985669947e-05,jvp,dog-bird,CIFAR10,2048,0.7654608488082886,0.2886177599430084,18.079776763916016,True,3.5157987632317145e-13,9.55012686887724e-14,3.681415767040013,14.219120025634766,ConvNetBN,5000,,,,,,6.679051693936344e-07,0.9988249751995716,,-0.812151289265419,-0.04878839314658997,-0.04604065608676458,0.68287240017409,0.9149397723329744,-0.3885216841156273,-0.3976950308928295,0.01934186233542559,1.4123609066009521,0.9898676052817111,,-0.7943696128301089,-0.0868072264614834,-0.0940094866288919,0.6530484056572824,0.9665045953641838,-0.9956036171080296,-0.999100080412003,-0.002118360356440417,10,1257,,8
1.5069058375066021e-05,jvp,dog-bird,CIFAR10,2048,0.9932376742362976,0.584827184677124,16.64781951904297,True,2.884498195854235e-13,3.2324653362334343e-14,8.923523984994496,26.39462661743164,ConvNetBN,5000,,,,,,3.4431767333142904e-12,0.9984389734758277,,-0.7278167599245063,-0.1004543124672273,-0.10350376055380756,0.746559025531909,0.8328147751286679,-0.3523105528068273,-0.36262501115242046,-0.013550737530096104,1.4142135381698608,0.9829286810116645,,-0.7138038442274669,-0.1851033289546857,-0.19550059782748397,0.7237224037877429,0.8848790993951638,-0.9944642265985792,-0.9990359976254398,-0.02628739944606911,11,1257,,8
3.899434616166947e-05,jvp,dog-bird,CIFAR10,2048,0.8034446835517883,0.36716514825820923,17.02033042907715,True,2.1549428907974288e-13,8.761528688948656e-14,2.459551257893572,22.608945846557617,ConvNetBN,5000,,,,,,1.5172585410283546e-10,0.9989425559303186,,-0.75738832832954,-0.07054192045399699,-0.07009623503452041,0.6360933055152728,0.8897032409511236,-0.3751213834482756,-0.3802171432809674,0.020573057609718115,1.4142135381698608,0.9806423353279347,,-0.7356502884776008,-0.1268625356051409,-0.13643246691984742,0.604929026832716,0.9223866112634643,-0.9949829494969762,-0.9990596029703388,-0.02757491086897819,12,1257,,8
2.7982429709935475e-05,jvp,dog-bird,CIFAR10,2048,0.7849521040916443,0.33659887313842773,21.046157836914062,True,5.387270490819773e-13,1.6889047288958432e-13,3.1898012946780097,20.89699363708496,ConvNetBN,5000,,,,,,8.40525593570618e-10,0.9995831057086991,,-0.7772977384717861,-0.05556609067232873,-0.057790053777118065,0.7905891209993648,0.9298082763763174,-0.3265081169058057,-0.34211255380836786,-0.0026186132904899777,1.4141582250595093,0.9881528195993327,,-0.7549744551086497,-0.15959787125684918,-0.17753692677504238,0.7690883678687417,0.9574521528900859,-0.9942048193863134,-0.9991908212475551,-0.07253954532860947,13,1257,,8
0.00010420847518412117,jvp,dog-bird,CIFAR10,2048,0.8870422840118408,0.3519365191459656,17.818721771240234,True,3.353983757392598e-13,2.5756605821867954e-13,1.3021839059807283,28.0156192779541,ConvNetBN,5000,,,,,,6.807241402506659e-13,0.9990894478995886,,-0.818654595420217,-0.08971436415717014,-0.08994356435617493,0.701812811008367,0.8701860403704365,-0.3819610512845725,-0.39811393973716214,-0.03339049218194611,1.4142135381698608,0.9851012648718059,,-0.796512166279603,-0.1444194288340158,-0.14852350938450493,0.6752455046900261,0.9079367864192619,-0.9953513431399579,-0.9989754992870198,-0.06913914980266544,14,1257,,8
1.7619490339916665e-05,jvp,dog-bird,CIFAR10,2048,0.8714833855628967,0.26102325320243835,14.51757526397705,True,1.7071760671782954e-13,3.607948786926591e-15,47.31708147754899,11.969691276550293,ConvNetBN,5000,,,,,,6.333285000437172e-06,0.9988645403840838,,-0.6893335975626765,-0.10182977986761374,-0.10204423634806516,0.634327549332585,0.8864618744649093,-0.34401209255526466,-0.38240566926203484,0.0002571517674476461,1.4110896587371826,0.9919425169762005,,-0.6723759640635868,-0.10946300943040153,-0.11328988029431417,0.6059454286683599,0.9572454072818162,-0.9961127400045094,-0.9989508676060347,0.017128582079226476,15,1257,,8
9.248129462405135e-05,jvp,dog-bird,CIFAR10,2048,1.1703672409057617,0.7429977655410767,17.75349235534668,True,4.654610030740969e-14,5.299480442432671e-14,0.8783144086110295,25.056379318237305,ConvNetBN,5000,,,,,,1.3126610041991338e-11,0.9979910145343043,,-0.7905081242562881,-0.025451851938461886,-0.031720252042775295,0.6695482750139201,0.8343683207449366,-0.37045646745662003,-0.37525740070690955,0.03700699698213836,1.4142132997512817,0.9741614295775782,,-0.7710063931523222,-0.03811724950260274,-0.060779440693012464,0.6396610089777922,0.849185589740565,-0.9945282896181781,-0.9988959601158384,0.04857676621476476,16,1257,,8
2.192168328347432e-05,jvp,dog-bird,CIFAR10,2048,0.7594320178031921,0.2518947720527649,19.233930587768555,True,3.2208870986982774e-13,5.049494880804568e-14,6.378632268630151,18.117252349853516,ConvNetBN,5000,,,,,,1.3544951826816032e-08,0.9996594198092327,,-0.7935250482689998,-0.12086362291351513,-0.11989196812047352,0.7041580511067626,0.954531493063399,-0.3144676588162965,-0.3532256164646867,-0.05252231143702424,1.4142098426818848,0.9955899306137399,,-0.7754808422267376,-0.2465448032833219,-0.2513940573058627,0.6821009561175199,0.9864425873533781,-0.9943286530777963,-0.9989952106557843,-0.11478775984642889,17,1257,,8
1.537413446564548e-05,jvp,dog-bird,CIFAR10,2048,1.0149953365325928,0.5413193106651306,18.145498275756836,True,2.1316282072803006e-13,2.2503244727044574e-14,9.472537108030885,17.09547996520996,ConvNetBN,5000,,,,,,3.7629401816730024e-08,0.998208205258924,,-0.794217479315024,-0.08115497759203547,-0.08284907981821972,0.6866566620921633,0.8825555031771661,-0.38515787970356063,-0.3938113822831923,-0.023001685533358334,1.4140880107879639,0.9779235522501205,,-0.7675916265950425,-0.0959050344764647,-0.10203316670532665,0.6521656094939282,0.89636800391872,-0.9947150646104554,-0.9987664972946597,-0.03856400636851243,18,1257,,8
0.00011011338522818272,jvp,dog-bird,CIFAR10,2048,1.2086964845657349,0.8156675696372986,21.495939254760742,True,2.8554936193359026e-13,2.112198615510635e-13,1.3519058285366654,30.527225494384766,ConvNetBN,5000,,,,,,5.523245706282043e-14,0.9985902751727692,,-0.7773148208239351,-0.06951629544630353,-0.07267553171075686,0.7746104916521664,0.884865749744439,-0.31692610831812074,-0.33891857985330787,-0.009145612766783634,1.4142134189605713,0.9837676519110203,,-0.7572370814726992,-0.1536754639388184,-0.16838889765159723,0.7507431678417624,0.9065521179580847,-0.9940776368285369,-0.9991028518840711,-0.03151733486114594,19,1257,,8
,,dog-bird,CIFAR10,,,,,,,,,,ConvNetBN,5000,0.508,0.276,0.668,0.584,0.756,,,0.6987371084208929,,,,,,,,,,,0.7952009252499723,,,,,,,,,ENSEMBLE,1257,250,
8.40243958327854e-06,jvp,dog-bird,CIFAR10,2048,0.852383017539978,0.48187002539634705,18.171794891357422,True,1.9539925233402755e-13,3.273644428066554e-14,5.968859985488169,30.539306640625,ConvNetBN,5000,,,,,,5.456924381764747e-14,0.9991426830032185,,-0.7161696457893836,-0.06583704015908827,-0.06552855147095989,0.6400335077658796,0.9023460009648901,-0.3634636330613207,-0.39138530814588995,0.07854625138331894,1.4139659404754639,0.9798428990780613,,-0.7057507542667204,-0.0739608546219108,-0.07986150142229342,0.6256238736319699,0.9392552078967505,-0.9943112472037673,-0.9988355744333111,0.07924426840058353,0,8252,,8
1.3497403745364339e-05,jvp,dog-bird,CIFAR10,2048,0.8270529508590698,0.4027959406375885,14.289039611816406,True,1.8986803232076688e-13,2.6338674202919792e-14,7.208716386328926,24.50383758544922,ConvNetBN,5000,,,,,,2.2809629185438496e-11,0.9994420812495524,,-0.7246267576295872,-0.057017717406249405,-0.05778499444677876,0.7198732270680632,0.91146102098516,-0.3695730829230663,-0.3822441013127809,0.029956588708939712,1.409630537033081,0.9814495095986596,,-0.7178498133059618,-0.06078714383143562,-0.06594793915941408,0.709922373988162,0.94675225790209,-0.9960328454413137,-0.9991723175348927,0.009714125215706295,1,8252,,8
5.246516586944682e-05,jvp,dog-bird,CIFAR10,2048,0.7965500950813293,0.31926119327545166,12.909137725830078,True,1.8551826741486366e-13,1.1352572583140924e-13,1.6341517841547788,13.251571655273438,ConvNetBN,5000,,,,,,1.7575819128978765e-06,0.9985952635645574,,-0.6625659471422892,-0.08533990487886686,-0.08832341037687383,0.6168242034592417,0.8453115625208515,-0.343745516124099,-0.3519900880092317,0.021305595537953824,1.2875211238861084,0.9851887560245316,,-0.6459452413068258,-0.09927968226605621,-0.10333027071665062,0.5908542417334333,0.9672026184001046,-0.9975621654383694,-0.999065597546579,-0.013983518652367058,2,8252,,8
5.83092472162265e-05,jvp,dog-bird,CIFAR10,2048,0.956943154335022,0.5536251664161682,17.395849227905273,True,2.637889906509372e-13,2.607887598675956e-13,1.0115044482164985,25.37949562072754,ConvNetBN,5000,,,,,,9.502221058610427e-12,0.9992960805054613,,-0.7346278789707642,-0.06549769635390941,-0.0652112512179861,0.7517964216109475,0.9259306443406565,-0.34460745732513726,-0.36723618699398647,0.04362131607345411,1.4141474962234497,0.9790376442331973,,-0.7227042903776206,-0.058032905069555066,-0.06488446704649313,0.7279043957300546,0.9494714379468573,-0.9951429381477358,-0.9989277023250565,0.05458951037368537,3,8252,,8
2.8900034646454967e-05,jvp,dog-bird,CIFAR10,2048,0.6916582584381104,0.3259836733341217,15.642088890075684,True,3.1707221483795456e-13,1.1506799754187773e-13,2.755520401948071,11.973533630371094,ConvNetBN,5000,,,,,,6.308998308668379e-06,0.9986590840573335,,-0.7525150976362474,-0.04844573817926273,-0.049455476132298865,0.6817208097681138,0.9386734820996209,-0.3451727649819084,-0.35417098391352153,0.027670623114940507,1.2382079362869263,0.9921061543783644,,-0.7363630141542296,-0.08987568427100986,-0.09370414330016572,0.6618434761376233,0.9889256983730278,-0.9975204361566983,-0.9990910469555981,0.0069944965841843435,4,8252,,8
6.572560651260185e-05,jvp,dog-bird,CIFAR10,2048,2.034026861190796,1.8235570192337036,14.837448120117188,True,8.945882441196832e-14,1.1227851316670418e-13,0.7967581854165222,17.13090705871582,ConvNetBN,5000,,,,,,3.631966905004447e-08,0.9898787996994003,,-0.690656027090998,-0.03128818071961451,-0.041438147573936525,0.6507465376822922,0.8589378948753466,-0.3441505335818584,-0.3607500990204023,0.04305914266168903,1.4044257402420044,0.9353379175030427,,-0.681721321992466,-0.024526039695866496,-0.05059207244332553,0.6350470741188476,0.8251402326536093,-0.9958227046248079,-0.9991010189320192,0.04272010303784235,5,8252,,8
6.088402852078284e-06,jvp,dog-bird,CIFAR10,2048,0.9129435420036316,0.25058597326278687,9.406981468200684,True,1.199040866595169e-13,1.0829751790021744e-15,110.71729895969865,9.690866470336914,ConvNetBN,5000,,,,,,6.184577068779618e-05,0.9986023852590988,,-0.5686117640846892,-0.0311770154385548,-0.026251010854840606,0.535648859392526,0.8990335159220443,-0.6436369866769469,-0.6498008371803815,0.05278994461116101,1.2270938158035278,0.9953866341672598,,-0.5684253626866568,-0.031248864630677296,-0.027401020552698448,0.5270830388526216,0.9756900583236021,-0.9971521215100165,-0.9985628304784787,0.031901318410514884,6,8252,,8
9.136243979656536e-06,jvp,dog-bird,CIFAR10,2048,0.7540066838264465,0.27936846017837524,15.54382038116455,True,1.8252066524837574e-13,9.511920044767098e-15,19.188624840132874,24.220928192138672,ConvNetBN,5000,,,,,,3.0268031137037354e-11,0.9995072670745488,,-0.7017614843391231,-0.09286305486169054,-0.09228804413808375,0.710779118918106,0.9491993077549314,-0.2651965527704605,-0.27457184713411087,-0.004127095965311847,1.4109220504760742,0.9944532626436055,,-0.6849818073072285,-0.10716514973595821,-0.11099959174131167,0.6928195054414078,0.98241655018424,-0.9960949892435185,-0.9991406042215828,-0.045578940469107,7,8252,,8
0.0004267118141105177,jvp,dog-bird,CIFAR10,2048,0.7382714152336121,0.3240857422351837,16.96712875366211,True,2.1212198664244397e-13,1.458461714751149e-12,0.14544227283925476,23.0648193359375,ConvNetBN,5000,,,,,,9.617811408402233e-11,0.9993696408999517,,-0.6993157378114155,-0.06733172780955003,-0.06584569100138027,0.6182884638790057,0.9511014090802228,-0.35545378717639003,-0.36184850616586905,0.11007817493592834,1.414189338684082,0.9948388481833285,,-0.6849352936089192,-0.14978576553064005,-0.15125493130545745,0.6006035614609714,0.9860267830404005,-0.9941194046331283,-0.9990258548410341,0.12232353827755119,8,8252,,8
2.0529767582669283e-05,jvp,dog-bird,CIFAR10,2048,0.7893924117088318,0.29685890674591064,17.250938415527344,True,2.4513724383723456e-13,2.507635897860201e-14,9.775631464137733,35.052547454833984,ConvNetBN,5000,,,,,,5.982357596023076e-16,0.9996088834626699,,-0.7415631269263722,-0.011173639108370865,-0.011793033846164612,0.7565549511605083,0.9398613116497581,-0.3734679382248288,-0.3962805340731711,0.08200612969684053,1.414133071899414,0.9916814719247627,,-0.7268975328925746,-0.05729421224344613,-0.0592558039396543,0.7374140939765635,0.975369676453605,-0.9954318238323958,-0.9990663641546544,0.07413876315237798,9,8252,,8
1.9552360776099206e-05,jvp,dog-bird,CIFAR10,2048,1.0017743110656738,0.5942317843437195,13.412530899047852,True,7.16093850883226e-14,1.2758365621540964e-14,5.612739688806125,21.044464111328125,ConvNetBN,5000,,,,,,7.252793365886134e-10,0.9984855953797855,,-0.6943565860906584,-0.043246425356957344,-0.044200676561575086,0.6969821988194949,0.9087730235416338,-0.38846267723152306,-0.3976950308928295,0.06567021332264458,1.4138145446777344,0.980734428459752,,-0.6872134541499625,-0.003494517223762597,-0.01310062900465399,0.6742979532444675,0.9483916207836647,-0.9958103495671067,-0.999100080412003,0.10959833732991796,10,8252,,8
2.2771087742824487e-05,jvp,dog-bird,CIFAR10,2048,0.7726497650146484,0.28543075919151306,16.59745979309082,True,2.6911806116913795e-13,3.786098045905017e-14,7.1080584260149235,15.5686616897583,ConvNetBN,5000,,,,,,1.7322723522283923e-07,0.9995036764278429,,-0.7119172151698528,-0.09347769386793378,-0.09431092245655474,0.7268460526464045,0.9248004135925021,-0.35256665375132273,-0.36262501115242046,0.03701616185820642,1.4096568822860718,0.9945230047468524,,-0.697642518821418,-0.15052599862380955,-0.15430628254395465,0.7111455735828904,0.98166650256266,-0.9960313069452522,-0.9990359976254398,0.03858101204341044,11,8252,,8
6.184479347345658e-05,jvp,dog-bird,CIFAR10,2048,0.7719969749450684,0.2620425820350647,14.524174690246582,True,3.277378368693462e-13,8.963998485020529e-14,3.656156763268302,21.443683624267578,ConvNetBN,5000,,,,,,4.86548801248432e-10,0.9995469278554028,,-0.7178566806522363,-0.07041117483396403,-0.06978260979505012,0.578120525657033,0.9216870379997776,-0.3753881835256861,-0.3802171432809674,0.04080614006621313,1.3922733068466187,0.9926599535344091,,-0.7048292129364957,-0.10916042181820274,-0.11654758094990322,0.5658271213826647,0.9749235653009426,-0.9958945708994873,-0.9990596029703388,0.014160556342600468,12,8252,,8
0.00022426560139195232,jvp,dog-bird,CIFAR10,2048,0.7512708902359009,0.3485923707485199,17.535648345947266,True,5.304090500146685e-13,1.125617798888737e-12,0.4712159407378894,28.71292495727539,ConvNetBN,5000,,,,,,3.3894984258556193e-13,0.999424146726145,,-0.6976616138346747,-0.07558813302096992,-0.07711308982062061,0.7283928296149791,0.9443565106766003,-0.3265814183676649,-0.34211255380836786,0.01599916047150311,1.4117647409439087,0.9885885582630946,,-0.6801630329051126,-0.12216353014652193,-0.13082666164906645,0.7101883565536232,0.9566346731133868,-0.9945139058602083,-0.9991908212475551,-0.003957287834443625,13,8252,,8
2.314571002854722e-05,jvp,dog-bird,CIFAR10,2048,0.7843567728996277,0.25280287861824036,14.239873886108398,True,2.1727064591914313e-13,6.700578166824606e-14,3.2425656489596237,19.529037475585938,ConvNetBN,5000,,,,,,3.301010575995633e-09,0.9988759639648561,,-0.682685265811595,-0.10309688759346221,-0.10225288422755238,0.6555565806261927,0.9010145444460269,-0.3920647177735024,-0.39811393973716214,-0.019439216065597124,1.2491010427474976,0.9949528886744049,,-0.6653974567917157,-0.10585055365738512,-0.10314708086435875,0.634479215792851,0.977188455087538,-0.9975952621118103,-0.9989754992870198,-0.043368734562747785,14,8252,,8
9.871821710955278e-06,jvp,dog-bird,CIFAR10,2048,0.8289892673492432,0.25220829248428345,12.700080871582031,True,1.218526961190708e-13,8.329899231767642e-15,14.62835176377195,14.002057075500488,ConvNetBN,5000,,,,,,8.298202942569333e-07,0.9988302845518405,,-0.6961466475973728,-0.04346509436382959,-0.04269913212603725,0.6355726715962041,0.8992525929097538,-0.344032630746483,-0.38240566926203484,0.060402947044794014,1.4082850217819214,0.9917221733798097,,-0.6811638859296869,-0.010864855081906025,-0.01507527420373458,0.6148954253920895,0.9670713902348556,-0.9961036175320511,-0.9989508676060347,0.07996708782274607,15,8252,,8
2.895878501600897e-05,jvp,dog-bird,CIFAR10,2048,0.7746033072471619,0.23723183572292328,14.977923393249512,True,5.313607406588197e-13,1.5251109064896627e-13,3.484079343985868,17.65481185913086,ConvNetBN,5000,,,,,,2.150861355687539e-08,0.9995072349273557,,-0.7423393016225985,-0.0476672671362337,-0.048974952062474264,0.6527216165765174,0.926866996682491,-0.37067904115523614,-0.37525740070690955,0.05307157695060993,1.4003545045852661,0.9950453661679676,,-0.7378648078482624,-0.11418317004127791,-0.11844103174564126,0.6385982992225846,0.9826916009716639,-0.995930670933129,-0.9988959601158384,0.01725112476730984,16,8252,,8
2.8464462816170635e-05,jvp,dog-bird,CIFAR10,2048,0.7346128821372986,0.3027717173099518,15.851243019104004,True,1.9215878888090288e-13,8.951058994912287e-14,2.1467715606625366,16.32575225830078,ConvNetBN,5000,,,,,,8.124853678737054e-08,0.9994743394055546,,-0.7492218149608189,-0.07004686677148873,-0.07031616649535019,0.692997753682229,0.9486778792202476,-0.3242338570901813,-0.3532256164646867,0.023134214700880798,1.3076438903808594,0.9927125050788864,,-0.736029893547184,-0.14046505627906486,-0.1407860295101989,0.6722176734653731,0.9720067933442715,-0.9967631809504496,-0.9989952106557843,-0.00021671225548661554,17,8252,,8
1.7850452629046328e-05,jvp,dog-bird,CIFAR10,2048,0.8066037893295288,0.32025566697120667,14.35538101196289,True,1.6695983991502593e-13,3.724982529692708e-14,4.482164374843371,8.969609260559082,ConvNetBN,5000,,,,,,0.00012721789244096726,0.9985762892044321,,-0.7263414027995474,-0.07989033838421651,-0.07723560215542553,0.7148507262630948,0.8750396882863087,-0.3859890475706014,-0.3938113822831923,0.02773457050510379,1.3712722063064575,0.9848378979884004,,-0.7139844745364642,-0.020727919492654536,-0.016342235598081636,0.6933146586458655,0.9561581393663254,-0.9955994318239771,-0.9987664972946597,0.0850797774555036,18,8252,,8
1.8579241076749302e-05,jvp,dog-bird,CIFAR10,2048,1.028317928314209,0.6495303511619568,13.727409362792969,True,1.1091128016005314e-13,8.206195484236633e-14,1.3515554238636378,22.6046199798584,ConvNetBN,5000,,,,,,1.5238348083368436e-10,0.9991211745102193,,-0.6435495504555654,-0.09341395339048507,-0.09496297104989343,0.70604587926778,0.9030185143626009,-0.3169828179113245,-0.33891857985330787,-0.00463758524245249,1.4132916927337646,0.972900726507665,,-0.6315136474457965,-0.14080102735187905,-0.15695404319392864,0.6837890055123823,0.9005388354455532,-0.9956518938819714,-0.9991028518840711,-0.03139757049766151,19,8252,,8
,,dog-bird,CIFAR10,,,,,,,,,,ConvNetBN,5000,0.536,0.324,0.632,0.66,0.668,,,0.6998084523607944,,,,,,,,,,,0.8102596818817183,,,,,,,,,ENSEMBLE,8252,250,
4.699423224354698e-05,jvp,dog-bird,CIFAR10,2048,0.7811276316642761,0.4113880395889282,19.331295013427734,True,5.933031843596837e-13,2.310326285263257e-13,2.5680493190254206,16.84756851196289,ConvNetBN,5000,,,,,,4.8216346471008364e-08,0.9990486007061777,,-0.783302922425731,-0.025326803071208936,-0.025575738001798177,0.6998557539591284,0.906076680817949,-0.37746640599811715,-0.39138530814588995,0.0935395677600832,1.1920689344406128,0.9884554205032902,,-0.7699515873384578,-0.016268789407599918,-0.024240204154771693,0.6821307627419727,0.9702883527635341,-0.9966519775939183,-0.9988355744333111,0.13502657331806003,0,8730,,8
1.8558559246673267e-05,jvp,dog-bird,CIFAR10,2048,0.8933789134025574,0.5090477466583252,18.11652946472168,True,4.32692076612895e-13,3.20623211791494e-14,13.495344713042206,31.045944213867188,ConvNetBN,5000,,,,,,3.2878908607205173e-14,0.9978709456796488,,-0.797098309959805,-0.08156781871529602,-0.0835627279011653,0.7959990275954437,0.858305593425694,-0.3599546614519281,-0.3822441013127809,-0.011269828498030314,1.2261556386947632,0.9663603844071873,,-0.7839955417870851,-0.05079717104939451,-0.06844881149323799,0.7819563664413224,0.9072804371552174,-0.9958495440507413,-0.9991723175348927,0.07451560557457557,1,8730,,8
1.8633540269172752e-05,jvp,dog-bird,CIFAR10,2048,0.8325204849243164,0.24158376455307007,13.52177619934082,True,3.4609121124518083e-13,5.874862935658714e-14,5.891051672788952,12.237127304077148,ConvNetBN,5000,,,,,,4.847111540584592e-06,0.9989027091634841,,-0.65243223612548,-0.12107761108053657,-0.12300192027877711,0.6790096173957522,0.8330524892159467,-0.33670153608571757,-0.3519900880092317,-0.021548939662320653,1.3976547718048096,0.9936983734106004,,-0.6361944144688513,-0.12115785554097402,-0.1283491779370475,0.655242827921439,0.9692556843702272,-0.9965800372550372,-0.999065597546579,0.033208390419276625,2,8730,,8
4.155650560972357e-05,jvp,dog-bird,CIFAR10,2048,0.8096148371696472,0.29505589604377747,17.312156677246094,True,2.7711166694643907e-13,8.698452614594624e-14,3.185758194296416,25.653512954711914,ConvNetBN,5000,,,,,,7.224712147979595e-12,0.9995331252109214,,-0.7872865015481061,-0.06455925908512268,-0.06608714809411029,0.7053549729046243,0.9094624473245819,-0.3446115573798833,-0.36723618699398647,0.059034380824086415,1.4137952327728271,0.9902296076989565,,-0.7679915717718219,-0.05595657474351444,-0.06519784407991376,0.6854242197223194,0.9562223369688934,-0.9950358446470509,-0.9989277023250565,0.1319121102544511,3,8730,,8
0.000513471030888688,jvp,dog-bird,CIFAR10,2048,0.7687010765075684,0.322739839553833,15.935418128967285,True,1.0927370119873103e-13,1.5573835320562042e-12,0.07016492658969985,14.570887565612793,ConvNetBN,5000,,,,,,4.69833423721866e-07,0.9993385201317057,,-0.8033530848802168,-0.07244754614635747,-0.07278094751935335,0.7191164724739427,0.8855949432896435,-0.3514323095009146,-0.35417098391352153,0.04280986909502349,1.364310622215271,0.9868198557110737,,-0.7921214444679125,-0.06027832950314683,-0.07178201802500349,0.6984481505634517,0.931964106174564,-0.9947432804090925,-0.9990910469555981,0.12473138739303058,4,8730,,8
0.00011102987910014311,jvp,dog-bird,CIFAR10,2048,0.740203320980072,0.26528602838516235,17.691572189331055,True,4.3808012772927896e-13,2.645926636357403e-13,1.6556775297911341,14.766636848449707,ConvNetBN,5000,,,,,,3.863056576847157e-07,0.9996567121958959,,-0.7846054846974739,-0.028352543002134682,-0.029257208344990078,0.7309108114373314,0.9476714242659745,-0.34666241299816325,-0.3607500990204023,0.06725883531437815,1.4096770286560059,0.9950699279522874,,-0.7687830872731268,-0.03745750010030729,-0.04019515749677098,0.7131224435373577,0.9906186841687472,-0.9955901119507579,-0.9991010189320192,0.09900027023819616,5,8730,,8
1.1331221971272412e-06,jvp,dog-bird,CIFAR10,2048,0.9136192202568054,0.20988474786281586,9.813879013061523,True,2.6068036618198676e-13,2.7997877279753653e-15,93.10718936913649,14.212347030639648,ConvNetBN,5000,,,,,,6.724439458594134e-07,0.9993079360757497,,-0.5341830780784007,-0.05729173676321586,-0.054404472081616924,0.5144330391136603,0.9012526029459967,-0.6237177039589418,-0.6498008371803815,0.06880964832989349,1.411785364151001,0.9927434681708007,,-0.5328030764192722,-0.0724118901271606,-0.07197763248083276,0.5011031790161536,0.9568014629440584,-0.9946373225931068,-0.9985628304784787,0.09434461754188618,6,8730,,8
7.85900300199758e-05,jvp,dog-bird,CIFAR10,2048,0.8149506449699402,0.36633360385894775,17.802738189697266,True,3.517186542012496e-13,2.171984050613172e-13,1.6193427115726566,27.837921142578125,ConvNetBN,5000,,,,,,8.131011597529991e-13,0.9991872803119879,,-0.7831900593203037,-0.06994713852804482,-0.07210541957030948,0.8214203837843547,0.9003544324888602,-0.2651728287802698,-0.27457184713411087,0.004913063228188477,1.4142097234725952,0.98703222711993,,-0.7661456325001503,-0.0729871556456139,-0.08620082779230841,0.8098072867031624,0.921539457519929,-0.9949667615331584,-0.9991406042215828,0.038990079998059514,7,8730,,8
0.002134640161855848,jvp,dog-bird,CIFAR10,2048,0.7608525156974792,0.3695583641529083,19.23762321472168,True,3.9430958498343216e-13,5.022068310884678e-12,0.07851537664846524,25.011390686035156,ConvNetBN,5000,,,,,,1.373064596049689e-11,0.999027973676917,,-0.7853398474190827,-0.08239790431787951,-0.08177684513996523,0.74461721382382,0.9163111159274598,-0.35546656911686936,-0.36184850616586905,0.009980289651027,1.4135640859603882,0.9841095685011607,,-0.7789463752166338,-0.09298166070942802,-0.10264410746576429,0.7370988183176432,0.9313102299627607,-0.9949139285323128,-0.9990258548410341,0.0077916108599778355,8,8730,,8
1.973570427463348e-05,jvp,dog-bird,CIFAR10,2048,0.8854578137397766,0.49307236075401306,18.24945068359375,True,3.9523939676655573e-13,9.925189682437249e-14,3.9821848187540128,27.760793685913086,ConvNetBN,5000,,,,,,8.782943990148784e-13,0.9984565783771555,,-0.8342528406419301,-0.008545282553760832,-0.008941427311099264,0.7947147269910071,0.8872637394144154,-0.3768748989205085,-0.3962805340731711,0.04193338357820989,1.291311502456665,0.9764285288350995,,-0.8266343848964108,-0.025996540994797042,-0.039495758254674024,0.7907240337658935,0.9341785836711433,-0.9963020089553704,-0.9990663641546544,0.08882021618547412,9,8730,,8
5.776748866428445e-05,jvp,dog-bird,CIFAR10,2048,0.8496265411376953,0.3158114552497864,16.17475700378418,True,2.8137821933560403e-13,2.2296837306696204e-13,1.2619647148391773,8.945097923278809,ConvNetBN,5000,,,,,,0.00013037472672294825,0.999215808687628,,-0.7809745248650114,-0.10348676456303732,-0.10263857273369319,0.7130368327245162,0.9069581278953621,-0.3901907882387366,-0.3976950308928295,0.015010294536845345,1.3423233032226562,0.9938135393330091,,-0.7679541284103197,-0.15597815063628126,-0.16236645328255495,0.692413379875007,0.9747260612290424,-0.9965356055013411,-0.999100080412003,0.007403354724011808,10,8730,,8
0.002774509353304681,jvp,dog-bird,CIFAR10,2048,0.7418357133865356,0.267717570066452,17.117406845092773,True,4.68070027181966e-13,2.0157139572218997e-13,2.3221054034227664,26.01605796813965,ConvNetBN,5000,,,,,,5.0277056823366806e-12,0.999364350155672,,-0.740953371255232,-0.05133554986307213,-0.05230074988477556,0.7046381727838863,0.9219163842657221,-0.35231067850047587,-0.36262501115242046,0.05448800652917349,1.4141465425491333,0.9943847629041341,,-0.7328368864189445,-0.08398547654962825,-0.09062210143505899,0.6835405385260265,0.9792055673282226,-0.9951181944787524,-0.9990359976254398,0.1095951384907314,11,8730,,8
4.8194110404805964e-05,jvp,dog-bird,CIFAR10,2048,0.8462923765182495,0.3940732181072235,15.688932418823242,True,1.1457501614131615e-13,4.678898722752034e-14,2.4487603372172466,21.73284149169922,ConvNetBN,5000,,,,,,3.6437358685859067e-10,0.9988407336947346,,-0.7766969990685476,-0.059394470093789314,-0.06083690305417156,0.7073034079167835,0.8833344832544663,-0.3750973055801115,-0.3802171432809674,0.04112055798823018,1.4106494188308716,0.9855052839510743,,-0.7605432138502346,-0.05024354089000752,-0.05730086178003446,0.6937538633508046,0.9209091135045679,-0.995153337259366,-0.9990596029703388,0.09286194052628899,12,8730,,8
0.00027735342260938476,jvp,dog-bird,CIFAR10,2048,0.7492137551307678,0.2769404649734497,19.982500076293945,True,9.82283698824915e-13,1.1968717523000936e-12,0.8207092338316173,13.028059005737305,ConvNetBN,5000,,,,,,2.1977891719870968e-06,0.9995918164452936,,-0.785445751112324,-0.08308291614684825,-0.08376174546101205,0.7258866910773245,0.9253237683675082,-0.32706173977398045,-0.34211255380836786,0.0019500712958918425,1.3960459232330322,0.9908928478953185,,-0.7603493735542104,-0.11025678227024685,-0.1201002778177759,0.7062645606703837,0.9739594754703788,-0.995080507905213,-0.9991908212475551,0.017770999861099923,13,8730,,8
3.6521906579793673e-06,jvp,dog-bird,CIFAR10,2048,0.8215157985687256,0.21403756737709045,17.09605598449707,True,4.2099657093785936e-13,8.424540293349226e-15,49.972646135981584,28.89427947998047,ConvNetBN,5000,,,,,,2.827314391721375e-13,0.9996580764673105,,-0.8152806693193873,-0.08863489107889398,-0.08831854702913773,0.6635845872738293,0.9134739439956646,-0.3820843685498113,-0.39811393973716214,0.09139345191204615,1.4121013879776,0.9982368945321886,,-0.8018911856951197,-0.08459904420814404,-0.08774047441404206,0.6532251836633945,0.9826936739957468,-0.995915577380525,-0.9989754992870198,0.11689285353034791,14,8730,,8
1.0258234713736547e-05,jvp,dog-bird,CIFAR10,2048,1.069624423980713,0.48331302404403687,13.31264591217041,True,2.602362769721367e-13,4.848241946695772e-15,53.676421233370135,15.349264144897461,ConvNetBN,5000,,,,,,2.157244978207018e-07,0.9981891608402023,,-0.7230217613438005,-0.09269147437589625,-0.09335656354317207,0.6933632078278992,0.8413499593093734,-0.34367957209869565,-0.38240566926203484,0.014473020388026567,1.4140161275863647,0.9874162151956607,,-0.712964982411044,-0.03559752736889389,-0.03946240578744333,0.6749574697026969,0.9077898006955919,-0.9959283568042547,-0.9989508676060347,0.09465347544012169,15,8730,,8
0.0005232182317877118,jvp,dog-bird,CIFAR10,2048,0.8653926849365234,0.4104010760784149,17.83933448791504,True,9.928169397710462e-14,3.369850239646789e-13,0.29461752575542,25.748090744018555,ConvNetBN,5000,,,,,,6.572735411491948e-12,0.9988038097839695,,-0.8120785286646122,-0.05282731270443968,-0.05470594723144891,0.7464554431187537,0.8892129228844567,-0.3704672941625823,-0.37525740070690955,0.0642703247809911,1.4133566617965698,0.983883759235258,,-0.8027068674013346,-0.09024754985761697,-0.10421400349656013,0.7314457708273855,0.9567616736304668,-0.9950286823231815,-0.9988959601158384,0.10403505130618232,16,8730,,8
2.7717918217263172e-05,jvp,dog-bird,CIFAR10,2048,0.7533650398254395,0.2764802873134613,18.440397262573242,True,2.6373347949970594e-13,1.0772422052812904e-13,2.4482282462265728,25.53154945373535,ConvNetBN,5000,,,,,,8.161858341959594e-12,0.9993063967615922,,-0.7886826586066945,-0.09045692479947151,-0.09012400480109276,0.7778193578405417,0.9230497792112229,-0.3147011730299347,-0.3532256164646867,-0.004869189888040053,1.4115676879882812,0.9931428477691837,,-0.780491534982784,-0.09854803143438294,-0.09944310004172399,0.7708363040039523,0.985790177831607,-0.9953527518938872,-0.9989952106557843,0.04202752865113821,17,8730,,8
9.658335914323575e-06,jvp,dog-bird,CIFAR10,2048,0.8366662859916687,0.27997303009033203,15.253267288208008,True,3.8941072588727366e-13,4.151493322718738e-14,9.380015710401182,15.488234519958496,ConvNetBN,5000,,,,,,1.8773494048218708e-07,0.9991033788061927,,-0.7707668544392232,-0.05293881144442513,-0.05532459193390665,0.7267462193781363,0.8534003506830916,-0.385317213590968,-0.3938113822831923,0.021450420504749716,1.4005845785140991,0.9915460662574134,,-0.7627308578716787,-0.020206827570021742,-0.028218758041427573,0.7079787203711149,0.940522401684896,-0.9949305551331006,-0.9987664972946597,0.04192917022560727,18,8730,,8
2.4739050895828006e-05,jvp,dog-bird,CIFAR10,2048,0.9289038777351379,0.4510956108570099,18.142099380493164,True,4.6074255521944e-13,4.937337725982307e-14,9.331801484731795,16.80476188659668,ConvNetBN,5000,,,,,,5.032505612234672e-08,0.9996169116951827,,-0.7660008563482466,-0.10256772496432578,-0.10304970180232201,0.7987178096217431,0.9306472324392004,-0.31692987303415837,-0.33891857985330787,-0.022374306124266757,1.4140807390213013,0.993318264752177,,-0.7517453782601086,-0.14532008550823292,-0.15490778952802936,0.7854075499151517,0.9869396419415856,-0.9944629465941471,-0.9991028518840711,-0.02246462300044306,19,8730,,8
,,dog-bird,CIFAR10,,,,,,,,,,ConvNetBN,5000,0.5,0.208,0.572,0.624,0.652,,,0.684212028807927,,,,,,,,,,,0.8135608838453119,,,,,,,,,ENSEMBLE,8730,250,
0.0002927253111083226,jvp,dog-bird,CIFAR10,2048,0.7617343664169312,0.39117705821990967,16.2106990814209,True,2.4349966487591246e-13,1.0489664601195353e-12,0.23213293668909527,17.104228973388672,ConvNetBN,5000,,,,,,3.7301660427147e-08,0.9984847056589574,,-0.7857285950202861,0.02121772025383902,0.026869586953618664,0.7349349238533159,0.9237846035993659,-0.36706348870718913,-0.39138530814588995,0.14442972664429077,1.313893437385559,0.9865448474064447,,-0.7675582241432787,0.006636851819330849,0.00952101882929776,0.697090031647252,0.969590602175624,-0.9937972001791889,-0.9988355744333111,0.13513690679464616,0,8055,,8
2.6310352151974723e-05,jvp,dog-bird,CIFAR10,2048,2.0692625045776367,1.6683777570724487,12.853575706481934,True,8.978234822265563e-14,5.087853469184908e-14,1.7646409977494708,21.523452758789062,ConvNetBN,5000,,,,,,4.4924458597606076e-10,0.9980016429028603,,-0.7705134242094192,0.02277912904460548,0.02301402268998101,0.6921042545586883,0.8362795059520368,-0.36932127539262677,-0.3822441013127809,0.08909375967389176,1.414167046546936,0.9640951539801348,,-0.7588641719904817,0.012749030982466398,0.00862153340127517,0.662571178918749,0.8346480361419529,-0.9949318383168543,-0.9991723175348927,0.09350410872515225,1,8055,,8
5.495069674116032e-05,jvp,dog-bird,CIFAR10,2048,0.8046903610229492,0.30080413818359375,10.838927268981934,True,5.5523294295589665e-14,6.418612668591156e-14,0.8650357509074725,21.543926239013672,ConvNetBN,5000,,,,,,4.401408126852857e-10,0.9983898633949502,,-0.6993758791151823,-0.025983528300681808,-0.0260482974342679,0.6591572168513408,0.8649441513704682,-0.3361989614816732,-0.3519900880092317,0.06895710428600921,1.4142134189605713,0.9867942672879146,,-0.6760661453797737,-0.06036021041431811,-0.06181650881311115,0.6167046901181921,0.955246777057871,-0.9959231387684988,-0.999065597546579,0.07990964694060929,2,8055,,8
4.6456240660165316e-05,jvp,dog-bird,CIFAR10,2048,1.2829519510269165,0.9620876908302307,14.00850772857666,True,1.2434497875801753e-13,5.083059931787156e-14,2.446262299219026,9.105121612548828,ConvNetBN,5000,,,,,,0.00011109530896646902,0.9975874084905416,,-0.7805787061312918,0.02587379374455274,0.023507108608058297,0.7537351892913021,0.870673639303277,-0.34465456690213725,-0.36723618699398647,0.08729705003800767,1.4126614332199097,0.9435900287602826,,-0.7607947745413456,0.014656479697336184,0.014500721428724894,0.7144083812974811,0.711109234509436,-0.994717725260788,-0.9989277023250565,0.10715285682559343,3,8055,,8
8.79863265686399e-06,jvp,dog-bird,CIFAR10,2048,0.8265019655227661,0.4441621005535126,13.35904598236084,True,1.2731346676759943e-13,4.743278535526627e-14,2.6840816075639617,17.782936096191406,ConvNetBN,5000,,,,,,1.892206924480888e-08,0.9986598623741756,,-0.8222654011442172,0.025734679234818078,0.029464706545931137,0.6634253979339639,0.8923144446601193,-0.35017984753697895,-0.35417098391352153,0.09344881948176921,1.4142088890075684,0.9749496238227546,,-0.8108464534833819,-0.013575524916777151,-0.00450669680524132,0.6298984793212918,0.8880064148481296,-0.9945365309051402,-0.9990910469555981,0.08683811313026431,4,8055,,8
0.00015179846575893757,jvp,dog-bird,CIFAR10,2048,0.8870009779930115,0.5213783979415894,13.032554626464844,True,8.704148513061227e-14,6.363218651144327e-13,0.13678845550114674,11.336902618408203,ConvNetBN,5000,,,,,,1.192465606436599e-05,0.9986563093848879,,-0.8209642934605469,0.05076947503798074,0.04894513270063825,0.745886420601955,0.8791790541610862,-0.3464177688120913,-0.3607500990204023,0.13990859497791439,1.414170265197754,0.9721165031244059,,-0.8094248365986981,0.03667200653814048,0.0298543198988893,0.7165311973664447,0.8792258636432375,-0.9940136702513952,-0.9991010189320192,0.16848156062463468,5,8055,,8
2.5895663907694354e-06,jvp,dog-bird,CIFAR10,2048,0.8603428602218628,0.14416052401065826,8.980130195617676,True,1.0298706332179108e-13,1.2749973847723092e-15,80.77433299220661,12.162178993225098,ConvNetBN,5000,,,,,,5.224355845712125e-06,0.999389939861351,,-0.5039929577024956,-0.025030757213659847,-0.023071653390331345,0.4550622559588178,0.9327451503050589,-0.6345254479811283,-0.6498008371803815,0.10213724387335117,1.22649085521698,0.9971904676757953,,-0.5050597928831204,-0.06060299052947484,-0.06234727550488367,0.43037451146429634,0.9868814105472562,-0.995676193546944,-0.9985628304784787,0.07249749460062867,6,8055,,8
5.4192126401702916e-06,jvp,dog-bird,CIFAR10,2048,0.9152534008026123,0.4829782247543335,12.357041358947754,True,5.475751643810697e-14,9.186143884581625e-15,5.9608816415355825,17.2823429107666,ConvNetBN,5000,,,,,,3.1215755313951377e-08,0.9995535023670882,,-0.7859797656571824,0.020198351856510664,0.019972433593572807,0.7517635616802186,0.9412676018170042,-0.26517257988212656,-0.27457184713411087,0.10558951977324402,1.4141825437545776,0.9786715567824745,,-0.7576870854864061,0.034115735154334456,0.0202865554999491,0.7057246693828616,0.8790739499789579,-0.9950348338053346,-0.9991406042215828,0.13441739063384836,7,8055,,8
0.0002463098239195151,jvp,dog-bird,CIFAR10,2048,0.9859943389892578,0.6547237038612366,15.702601432800293,True,1.114462526170118e-13,1.7280667539028537e-12,0.06449186778537894,28.56173324584961,ConvNetBN,5000,,,,,,3.9427293895000215e-13,0.9983808655687486,,-0.8064258157395352,0.06772288066592189,0.06756174185000316,0.7604034736492394,0.9105162459312798,-0.35545360597891223,-0.36184850616586905,0.13943887864478138,1.4141840934753418,0.9733624871193572,,-0.798695015787644,0.08083518668847636,0.0726564401097451,0.7401844902864372,0.8587341193733645,-0.9937495313225444,-0.9990258548410341,0.16778605374642078,8,8055,,8
0.0002546818288201798,jvp,dog-bird,CIFAR10,2048,0.7770398259162903,0.3073800802230835,14.66923713684082,True,6.467049118441537e-14,3.8513166821297707e-13,0.16791787464398464,19.901779174804688,ConvNetBN,5000,,,,,,2.2738793070686825e-09,0.9989745346326762,,-0.8181895085173766,0.09325260617818146,0.09581713458030737,0.7907807059185644,0.9037115126821356,-0.37350165636317134,-0.3962805340731711,0.16503569757734138,1.4130644798278809,0.9900511532942643,,-0.8003688798035905,0.030369992171571165,0.025055880330235213,0.760649682732243,0.9516663877946554,-0.995226705178882,-0.9990663641546544,0.11309402356165028,9,8055,,8
2.1261747118484827e-05,jvp,dog-bird,CIFAR10,2048,0.8761175870895386,0.4600509703159332,13.985835075378418,True,1.0391687510491465e-13,4.347126665237806e-14,2.3904726755697134,19.856521606445312,ConvNetBN,5000,,,,,,2.3791522085758743e-09,0.9980683900900993,,-0.8044924438511458,0.02278443312315556,0.021699092162792772,0.6728339834123371,0.9056115022689145,-0.3884528919367873,-0.3976950308928295,0.11442647649964953,1.4142135381698608,0.9736995987333993,,-0.785997488819947,0.010159962843848146,-0.00192115337293835,0.618994832421505,0.9165873582634941,-0.9954498964520369,-0.999100080412003,0.1603986236321858,10,8055,,8
2.863654715131211e-05,jvp,dog-bird,CIFAR10,2048,1.3664473295211792,1.0712666511535645,14.478814125061035,True,7.640589549939847e-14,9.037743050013326e-14,0.8454090260873904,14.78670883178711,ConvNetBN,5000,,,,,,3.7862892554585414e-07,0.9960710523194335,,-0.7985935990255986,0.036607589520587534,0.03420342907770729,0.7986420774678943,0.8053011359218412,-0.3523144412759585,-0.36262501115242046,0.10040837375627996,1.4139866828918457,0.9281477351870341,,-0.7867301820378518,0.04606117167106291,0.02337128897077794,0.778839861177671,0.655289158993928,-0.9948709200732282,-0.9990359976254398,0.10764682610323917,11,8055,,8
2.519195795584172e-05,jvp,dog-bird,CIFAR10,2048,0.8218398690223694,0.35672304034233093,13.107211112976074,True,1.2717604747081168e-13,4.976245067559739e-14,2.555662869175704,23.798952102661133,ConvNetBN,5000,,,,,,4.6157948990765973e-11,0.9993481462148528,,-0.7545044157330648,0.009409906575239694,0.008906654618940985,0.6547879957571283,0.9309118724893004,-0.3751232914857823,-0.3802171432809674,0.1041171841805801,1.414053201675415,0.9889547368629827,,-0.7425595116616662,-0.06713995116359661,-0.07077266361660509,0.626959423651518,0.9403324932518679,-0.99505255986211,-0.9990596029703388,0.07593446843771287,12,8055,,8
0.00020590857889353078,jvp,dog-bird,CIFAR10,2048,0.7818716168403625,0.340968519449234,14.693073272705078,True,1.8865464745942973e-13,7.321031353046534e-13,0.2576886211270274,19.567472457885742,ConvNetBN,5000,,,,,,3.176540586125043e-09,0.9996308747165865,,-0.7630247455086314,-0.02846879064122669,-0.029744547827383453,0.771599521955993,0.9422377482366991,-0.3265151450301891,-0.34211255380836786,0.06853236292552602,1.4124504327774048,0.9882460934432921,,-0.7629143688756742,-0.10472541271087323,-0.11281448390999443,0.759698468698637,0.9579759379350373,-0.9942959380114746,-0.9991908212475551,0.0183540574299732,13,8055,,8
1.1452536550748162e-05,jvp,dog-bird,CIFAR10,2048,0.8716652393341064,0.35815608501434326,11.30270004272461,True,2.059940759635559e-13,3.1800404752002014e-14,6.47771868219971,17.293739318847656,ConvNetBN,5000,,,,,,3.086204358737632e-08,0.9986408160822692,,-0.7457441126134489,0.0018388894363369913,0.003924992844376984,0.6342137617088993,0.8736188790339628,-0.38196144402030546,-0.39811393973716214,0.11776484510941397,1.4141950607299805,0.9838892244087224,,-0.7340790123152501,-0.014825947724487032,-0.016552842903702788,0.6037731574439072,0.9010722509661414,-0.9954009827678659,-0.9989754992870198,0.05855246876853723,14,8055,,8
2.3260973702625603e-05,jvp,dog-bird,CIFAR10,2048,7.496974945068359,6.933235168457031,11.400656700134277,True,9.975950187451899e-14,5.800611752496883e-14,1.719810015410484,13.901693344116211,ConvNetBN,5000,,,,,,9.174268598144408e-07,0.9977100383570013,,-0.6944280963027522,0.021115533180095302,0.01956794236386855,0.6375071608326118,0.8727314770698661,-0.34373354669066575,-0.38240566926203484,0.11984876003496162,1.4137052297592163,0.9451149171186355,,-0.6725934915763088,0.08130872139014382,0.07967878600506373,0.5820737196308884,0.7377543926781757,-0.9960257154489333,-0.9989508676060347,0.18305042710053188,15,8055,,8
9.859613502533984e-06,jvp,dog-bird,CIFAR10,2048,0.7752351760864258,0.3319839835166931,12.745314598083496,True,1.2612133559741778e-13,1.1208907569061542e-14,11.251884701550555,11.34069538116455,ConvNetBN,5000,,,,,,1.1879506928380579e-05,0.9985887328293599,,-0.7980693709931131,0.013057289522654773,0.012285158200289492,0.6289838236686539,0.9210486718923018,-0.3704590707350123,-0.37525740070690955,0.12618207487757319,1.413939356803894,0.9869028211301811,,-0.7889856027858451,-0.029814130263502808,-0.0416111090264417,0.5997528667869029,0.97347041533018,-0.9946729007010737,-0.9988959601158384,0.09631276123887322,16,8055,,8
5.546891124077379e-05,jvp,dog-bird,CIFAR10,2048,0.9388502240180969,0.5249312520027161,13.906503677368164,True,1.4477308241112041e-13,7.963976269225015e-14,1.8178492441089162,12.97390079498291,ConvNetBN,5000,,,,,,2.3200977921078447e-06,0.9991862540316994,,-0.8158526449725618,0.0021565437895092127,0.002299540512054139,0.768453498590663,0.9113580682303425,-0.3359887295730443,-0.3532256164646867,0.09757931114318262,1.2347888946533203,0.9778801489036879,,-0.8030079050679493,-0.04640936133824496,-0.05275483987272582,0.7395548325794412,0.8833096565803861,-0.9955557035555616,-0.9989952106557843,0.09975821464500921,17,8055,,8
1.0318249108870952e-05,jvp,dog-bird,CIFAR10,2048,1.0247191190719604,0.6556013822555542,13.356352806091309,True,1.1274526729146106e-13,3.405808324965737e-14,3.31038204543103,16.1026611328125,ConvNetBN,5000,,,,,,1.0155536500633389e-07,0.9971511406166889,,-0.756478339746546,0.025984704892774154,0.024915419588339087,0.679483816132829,0.8754549864047534,-0.38516816475792887,-0.3938113822831923,0.08396706770252092,1.4131523370742798,0.9577427833373656,,-0.7440596218695293,0.09539871820445923,0.08625895036649843,0.6724267245774838,0.8513897968760252,-0.9947401462749549,-0.9987664972946597,0.11431896636733391,18,8055,,8
1.4680791651848744e-05,jvp,dog-bird,CIFAR10,2048,0.9545010924339294,0.5741363167762756,12.553642272949219,True,1.1368683772161603e-13,1.7137601333122287e-14,6.633766039468459,17.1517391204834,ConvNetBN,5000,,,,,,3.557086003525001e-08,0.9989135143472749,,-0.7613878883772359,-0.04922210036391167,-0.05013015839814428,0.7241361453031248,0.8952369243972412,-0.3169273541996816,-0.33891857985330787,0.07168006528319791,1.4141244888305664,0.9702912697307385,,-0.7611013947136545,-0.08135314177810904,-0.09127036109300492,0.6996318020508546,0.8390095429043816,-0.9946695043759061,-0.9991028518840711,0.093613921189799,19,8055,,8
,,dog-bird,CIFAR10,,,,,,,,,,ConvNetBN,5000,0.556,0.364,0.712,0.64,0.696,,,0.7313819718271337,,,,,,,,,,,0.8272716328388462,,,,,,,,,ENSEMBLE,8055,250,
6.170243696154319e-05,jvp,dog-bird,CIFAR10,2048,0.7160208821296692,0.29351896047592163,17.29065704345703,True,2.7951252423719097e-13,1.0923468287636632e-13,2.558825794858104,3.660202980041504,ConvNetBN,5000,,,,,,0.0257272906601429,0.9992468009467105,,-0.7801021442669243,-0.07360584255085836,-0.07249580676294416,0.7466135564593552,0.9350948852676393,-0.3791426499245456,-0.39138530814588995,0.03734848334589227,1.2049016952514648,0.9928787393854478,,-0.7702036939676025,-0.09235179106960517,-0.09122049792300921,0.7253686070975621,0.9865423254776929,-0.9972033496799997,-0.9988355744333111,0.013985821770615652,0,5859,,8
4.9091450793730274e-05,jvp,dog-bird,CIFAR10,2048,0.9802579879760742,0.5053531527519226,14.815925598144531,True,1.3912135332638798e-13,1.303746408837336e-13,1.0670890625919696,23.229063034057617,ConvNetBN,5000,,,,,,8.16104475664936e-11,0.9995074640512178,,-0.7947152012740594,-0.04742027919378009,-0.04683945945707401,0.7003709062584897,0.9265669804150947,-0.3693177471956646,-0.3822441013127809,0.04577512224986784,1.413230061531067,0.9887509547875444,,-0.7819259257791668,-0.07068821594870678,-0.06956873409808866,0.6703681752629046,0.9331457950858316,-0.995183171235304,-0.9991723175348927,0.05476132629149904,1,5859,,8
1.0366789953264859e-05,jvp,dog-bird,CIFAR10,2048,0.8079318404197693,0.21273134648799896,13.54397964477539,True,2.8729331298649446e-13,1.5877764252226813e-14,18.094065916503475,17.87394905090332,ConvNetBN,5000,,,,,,1.7275970876085012e-08,0.9991905127895437,,-0.6446808571082392,-0.12788177843712348,-0.12909092089181426,0.6268735825569118,0.8668047735393629,-0.3361989951361189,-0.3519900880092317,-0.0021859881667019286,1.4142093658447266,0.9960122441914087,,-0.6288993396945352,-0.19289446775862523,-0.19503431797541518,0.6030990385193846,0.9832725038344987,-0.9959790478575544,-0.999065597546579,-0.008138296802605438,2,5859,,8
0.00015358768115913637,jvp,dog-bird,CIFAR10,2048,0.7793847918510437,0.24770024418830872,14.910143852233887,True,2.965058754078598e-13,2.966904608517243e-13,0.9993778517740859,14.888314247131348,ConvNetBN,5000,,,,,,3.420483380978112e-07,0.999589807771807,,-0.7979137892626148,-0.054302733722067134,-0.05148733063296228,0.7981943266660554,0.9454480208887442,-0.34526386964853784,-0.36723618699398647,0.03823835554396737,1.3964502811431885,0.9972293346137132,,-0.7930416710998649,-0.05696111405854337,-0.052979345479173816,0.7834975622839024,0.9919893341115732,-0.9951709340537943,-0.9989277023250565,0.05170015490596944,3,5859,,8
9.023735810372735e-05,jvp,dog-bird,CIFAR10,2048,0.763845682144165,0.3057003319263458,16.31770133972168,True,3.183009411600324e-13,1.8135370120602145e-13,1.755138930406698,21.192218780517578,ConvNetBN,5000,,,,,,6.256573592544612e-10,0.9993645341727891,,-0.7926762467241866,-0.06834952845808336,-0.06775586348452069,0.7075454414507574,0.9219250009081152,-0.350180119996333,-0.35417098391352153,0.026880541661992184,1.4141991138458252,0.9908673572364299,,-0.7757056449636293,-0.15541763505725065,-0.16023558052849715,0.6817601749525806,0.9699425766609818,-0.9946567079090598,-0.9990910469555981,-0.008171090004458197,4,5859,,8
2.44799467875648e-05,jvp,dog-bird,CIFAR10,2048,0.8970991969108582,0.6125698685646057,16.067028045654297,True,6.461498003318411e-14,4.472564880803153e-14,1.4446963153183143,19.647972106933594,ConvNetBN,5000,,,,,,2.9308551141582484e-09,0.9962413931158444,,-0.7752340211831213,-0.018296054763839,-0.0212114003137547,0.7218598652595442,0.856426143495361,-0.34642038209856657,-0.3607500990204023,0.03696986202961398,1.414106011390686,0.9502337781708001,,-0.758112562591476,-0.03640946975853341,-0.0499805313708105,0.701761555000989,0.8370364532793245,-0.9940446455087796,-0.9991010189320192,0.03936520541915027,5,5859,,8
5.646004130147692e-06,jvp,dog-bird,CIFAR10,2048,0.9162306785583496,0.08904656022787094,9.808317184448242,True,2.2026824808563106e-13,2.7634742971915944e-15,79.70700082482426,9.999228477478027,ConvNetBN,5000,,,,,,4.543496106634848e-05,0.999759375270285,,-0.5907473309701168,-0.07268734202469025,-0.07132375824805627,0.5065241524869248,0.933765691525133,-0.6354584003311761,-0.6498008371803815,0.004386947056546148,1.2254364490509033,0.9996622203952562,,-0.5834922456617166,-0.14079624672902216,-0.14024473228515516,0.4884659877743627,0.9860417353776693,-0.9958214154646561,-0.9985628304784787,-0.043792744926899475,6,5859,,8
9.061882581410502e-06,jvp,dog-bird,CIFAR10,2048,0.8429018259048462,0.4282015562057495,15.869058609008789,True,2.279188401550008e-13,2.501664951037011e-14,9.110686067713504,15.192354202270508,ConvNetBN,5000,,,,,,2.523739510706946e-07,0.9989662878491866,,-0.7613467196295844,-0.06078813406153675,-0.061398170950065264,0.7918851394124455,0.9294350789527609,-0.2664381396499989,-0.27457184713411087,-0.0006224276411562538,1.3402738571166992,0.9843569515844912,,-0.7402248640533525,-0.08380968888895514,-0.09821368852761891,0.7757383047653853,0.9440836478500041,-0.9965321945971212,-0.9991406042215828,-0.022633184101714002,7,5859,,8
0.00031976045855523506,jvp,dog-bird,CIFAR10,2048,0.7517887353897095,0.3317371606826782,17.822498321533203,True,2.5222879340702775e-13,8.928177812797977e-13,0.28250870300261466,24.10039710998535,ConvNetBN,5000,,,,,,3.41452838226175e-11,0.9990561315553741,,-0.7576067540951246,-0.051649265602881335,-0.0496720806286326,0.6532972784047582,0.9239356642231156,-0.3554532284115764,-0.36184850616586905,0.08742346488424596,1.4142085313796997,0.9877688150108335,,-0.7354169038409262,-0.1214046001966789,-0.12159801434175727,0.6225166124793665,0.9617497459899897,-0.9942446015565121,-0.9990258548410341,0.1019363376092364,8,5859,,8
0.010872387850186821,jvp,dog-bird,CIFAR10,2048,0.7804731726646423,0.2695026099681854,17.255584716796875,True,3.5863326197649315e-13,2.6043085101048563e-11,0.013770767195398582,27.301538467407227,ConvNetBN,5000,,,,,,1.390247834388847e-12,0.9996031633181263,,-0.8201660917050877,-0.02300408740357527,-0.021597015483673238,0.7683784206356976,0.9384429303245946,-0.37346210211687797,-0.3962805340731711,0.09326130477426406,1.414202332496643,0.9919775973137085,,-0.7974353220345205,-0.09864179562957429,-0.10118239782815265,0.7380052869653478,0.9705951496718058,-0.9949095571435662,-0.9990663641546544,0.07177897931844943,9,5859,,8
1.3260293654271477e-05,jvp,dog-bird,CIFAR10,2048,0.8038145303726196,0.24363310635089874,13.52834701538086,True,2.1316282072803006e-13,1.0524979054739396e-14,20.25303989864406,13.498208999633789,ConvNetBN,5000,,,,,,1.373416466776689e-06,0.9994201907122385,,-0.7948793026029038,-0.0239374975397997,-0.02373433978220445,0.6940028955279302,0.9161975885619801,-0.3884539506221517,-0.3976950308928295,0.06767239266814326,1.4141862392425537,0.9945137130213446,,-0.7864317696550194,-0.010982395870358909,-0.014772695342907812,0.6682662055947249,0.9722442373537693,-0.9957721005978692,-0.999100080412003,0.07564400321829304,10,5859,,8
2.8993910005214258e-05,jvp,dog-bird,CIFAR10,2048,0.7569913864135742,0.26524364948272705,17.110654830932617,True,4.050093593832571e-13,1.299437377983394e-13,3.1168055209539527,22.393489837646484,ConvNetBN,5000,,,,,,1.8820488223436627e-10,0.9993401700333853,,-0.7822405484231924,-0.06049225668089606,-0.05925960926909618,0.7312362794266887,0.922861353521191,-0.35231057478015704,-0.36262501115242046,0.008528931385277948,1.4142121076583862,0.9919420321598338,,-0.7657141509195833,-0.11493255822090655,-0.11696875812717207,0.7150476698888738,0.9753461088612526,-0.9946262352767381,-0.9990359976254398,-0.014815731420814788,11,5859,,8
1.8139105173319876e-05,jvp,dog-bird,CIFAR10,2048,3.8294265270233154,3.4222230911254883,14.439156532287598,True,2.842170943040401e-14,1.2156180918026927e-15,23.380459391038038,13.097044944763184,ConvNetBN,5000,,,,,,2.0512825358309783e-06,0.9971226995427148,,-0.7906105716899752,0.014392415027996435,0.01313918061017804,0.6413333673719376,0.7836672420913422,-0.37272499376103224,-0.3802171432809674,0.09866930138547081,1.3490813970565796,0.9511526214894046,,-0.7726109066695214,0.0956466924072961,0.08493960291758411,0.6187674376146974,0.6764675811707032,-0.9970139432084142,-0.9990596029703388,0.1566568492004007,12,5859,,8
0.00015258394997371943,jvp,dog-bird,CIFAR10,2048,0.8165160417556763,0.3596910536289215,16.05847930908203,True,2.6750823778343147e-13,2.4299469026751867e-13,1.1008810006874028,14.495160102844238,ConvNetBN,5000,,,,,,5.067948336545669e-07,0.9996255746180096,,-0.7546551547576139,-0.0745015884168726,-0.07443386316485999,0.6944149874287548,0.9476123376075408,-0.32650876567349224,-0.34211255380836786,0.05739503215939692,1.4141654968261719,0.9925542727267798,,-0.7256894986694958,-0.18190913996876062,-0.18641282882098703,0.6660732229308579,0.9709669037346761,-0.9950938326104581,-0.9991908212475551,0.05047499708049173,13,5859,,8
1.4326827656544003e-05,jvp,dog-bird,CIFAR10,2048,0.8449529409408569,0.2900181710720062,13.795392990112305,True,2.3936408410918375e-13,3.9402299142114615e-14,6.074876068674446,10.635998725891113,ConvNetBN,5000,,,,,,2.4035021851886995e-05,0.999137562027546,,-0.7366202786219389,-0.10555354916096005,-0.10658779249680694,0.6973900259729066,0.8895788128765157,-0.38207517686064185,-0.39811393973716214,0.011804222982227478,1.4112496376037598,0.9945151847061097,,-0.7197732678053036,-0.15841352493570318,-0.15995164245374335,0.6702001788084312,0.9547695615187823,-0.9958037688634458,-0.9989754992870198,-0.01469704821209344,14,5859,,8
1.4194570453250077e-05,jvp,dog-bird,CIFAR10,2048,0.8728728294372559,0.26350879669189453,12.075642585754395,True,1.9306778398231472e-13,3.567575587985521e-15,54.11736324032115,10.499922752380371,ConvNetBN,5000,,,,,,2.7538570066099055e-05,0.9992073349865145,,-0.7461107082773647,-0.08637522665419156,-0.08621004474596443,0.6715003189212325,0.8824829128165171,-0.34430692391319195,-0.38240566926203484,0.05647192050519345,1.4042471647262573,0.9896699604312971,,-0.7212226701073816,-0.10506220379650326,-0.1084651318396211,0.641681862959077,0.9265980000079198,-0.9961356646134265,-0.9989508676060347,0.070691125617365,15,5859,,8
3.312361830556347e-05,jvp,dog-bird,CIFAR10,2048,0.7752319574356079,0.24000269174575806,12.722075462341309,True,6.178391132038996e-13,1.4720542879695384e-13,4.1971217926759286,6.371150016784668,ConvNetBN,5000,,,,,,0.0017101910198107362,0.9993349174464082,,-0.7429753883369646,-0.06744450493648198,-0.06890769133295974,0.6383073102338945,0.9221834681645087,-0.37166771239102764,-0.37525740070690955,0.04133445062678709,1.2774423360824585,0.996474411938719,,-0.7290422168201678,-0.15102354067014634,-0.155145425877264,0.6162874246170787,0.9873082339563293,-0.9971901892316074,-0.9988959601158384,-0.014826683450360478,16,5859,,8
1.928636313245703e-05,jvp,dog-bird,CIFAR10,2048,0.8112745881080627,0.3503885865211487,15.817194938659668,True,4.1655567883935873e-13,4.912115246299356e-14,8.480169091170644,19.8756103515625,ConvNetBN,5000,,,,,,2.3341673038856925e-09,0.9995535040758896,,-0.7860461701227102,-0.06095028674282667,-0.060962158709120695,0.7562968585922872,0.9353281183788206,-0.31447911099378745,-0.3532256164646867,0.02973583616675343,1.4139922857284546,0.986029681873659,,-0.7691276753029433,-0.117033952706865,-0.12234327950466743,0.7299407230741847,0.9374284074811362,-0.9943022983514436,-0.9989952106557843,0.03377808142737128,17,5859,,8
4.06039319056035e-05,jvp,dog-bird,CIFAR10,2048,0.8553875088691711,0.3218112885951996,13.958243370056152,True,2.8687560949360275e-13,2.925700641733694e-13,0.9805364410885448,11.284797668457031,ConvNetBN,5000,,,,,,1.2562461051857099e-05,0.9990490640693087,,-0.7655990764074492,-0.08641314657764765,-0.08580943126560041,0.7040110903788988,0.8895935610836142,-0.38515684693849095,-0.3938113822831923,0.035099134084506246,1.4141738414764404,0.9863620687551531,,-0.7510382091716529,-0.112326837073765,-0.11456866394274652,0.6760467516185454,0.9360206471048257,-0.9947672757099375,-0.9987664972946597,0.04058675291793135,18,5859,,8
0.00018077244637447582,jvp,dog-bird,CIFAR10,2048,0.7614603638648987,0.2946919798851013,16.483583450317383,True,3.05838687708615e-13,1.7077197445219786e-13,1.7909184963732134,14.427512168884277,ConvNetBN,5000,,,,,,5.422646154329414e-07,0.9992924153198124,,-0.7259617764127833,-0.10353141040760276,-0.10437763930048169,0.7878880941843194,0.9167375662739026,-0.3170443852727426,-0.33891857985330787,-0.01611801942156298,1.4117002487182617,0.9907802287781945,,-0.7064336738423014,-0.20975646528088968,-0.21610021815319513,0.7690883746404514,0.9627705429268216,-0.9958330910088238,-0.9991028518840711,-0.07929723441130186,19,5859,,8
,,dog-bird,CIFAR10,,,,,,,,,,ConvNetBN,5000,0.544,0.324,0.636,0.66,0.744,,,0.7022402417762947,,,,,,,,,,,0.7898660389485936,,,,,,,,,ENSEMBLE,5859,250,
0.0007690859414507288,jvp,dog-bird,CIFAR10,2048,0.7326065301895142,0.35741400718688965,16.855968475341797,True,1.0935002903167401e-13,1.6843705779368403e-12,0.06492041030876661,16.594388961791992,ConvNetBN,5000,,,,,,6.210810710172154e-08,0.9990455009644833,,-0.8757532969882221,0.16436886993782998,0.16587636616013623,0.832051182922068,0.9443765502178554,-0.3635449004006914,-0.39138530814588995,0.23845734117461131,1.4119658470153809,0.9885915504717329,,-0.8477026068185184,0.1548441022777372,0.16045377680600198,0.7753680673693316,0.9731897344795892,-0.9936463701508755,-0.9988355744333111,0.2134063308215019,0,8954,,8
7.06457760564965e-05,jvp,dog-bird,CIFAR10,2048,0.7566308379173279,0.3963754177093506,12.91463565826416,True,2.0472512574087887e-13,1.9480716592284226e-13,1.0509116785876595,19.82853126525879,ConvNetBN,5000,,,,,,2.4466846326731684e-09,0.9984284344900525,,-0.8514376383750797,0.07007458476165894,0.07291915549271298,0.8290874033643396,0.9038676009912469,-0.36915249018365515,-0.3822441013127809,0.11787851636877614,1.3850606679916382,0.9785564395091512,,-0.8199586604893835,0.014454431223405909,0.01850437379706316,0.7856043902138845,0.9339806955032277,-0.9950973041926918,-0.9991723175348927,0.07898810480516981,1,8954,,8
3.507816041781437e-05,jvp,dog-bird,CIFAR10,2048,1.436535120010376,1.066571831703186,12.967047691345215,True,1.401663073802295e-13,1.2110140945593747e-13,1.157429199296221,15.374222755432129,ConvNetBN,5000,,,,,,2.1040676756456378e-07,0.9949833762793053,,-0.7394005286625014,-0.0023432189074218384,-0.006410143604389637,0.6950813714365073,0.8920110735599349,-0.33613993971826844,-0.3519900880092317,0.12066141129200247,1.4028722047805786,0.9656059773884408,,-0.7137942683025572,-0.0466052719373995,-0.05122363529817478,0.6802657070356073,0.9187873739354948,-0.9962927325711755,-0.999065597546579,0.03905900804047396,2,8954,,8
5.527625917833977e-05,jvp,dog-bird,CIFAR10,2048,3.59354567527771,3.207422971725464,13.62476921081543,True,9.73537656739909e-14,2.270561987181403e-13,0.42876506443606277,22.46546173095703,ConvNetBN,5000,,,,,,1.7513542005520577e-10,0.9969215650310864,,-0.8387782354282284,0.1165503878411929,0.11603196121170739,0.8375734723327656,0.8603909764881827,-0.3457668777202937,-0.36723618699398647,0.18054630913649283,1.3232842683792114,0.9466331293436471,,-0.789117408017268,0.1490538120579683,0.13595827916959416,0.7732661586797633,0.7622446595137863,-0.9954239069522972,-0.9989277023250565,0.20442760121309958,3,8954,,8
0.00012944043008626094,jvp,dog-bird,CIFAR10,2048,0.848015308380127,0.5108541250228882,14.453581809997559,True,7.260858581048524e-14,4.750542288139831e-13,0.15284273122198974,17.953777313232422,ConvNetBN,5000,,,,,,1.595046583702242e-08,0.9981114108555151,,-0.8682202676983097,0.08971411593155594,0.09257232456738657,0.8026855015756958,0.8774696900903081,-0.3502078597928756,-0.35417098391352153,0.19066085018537288,1.4131108522415161,0.9614847982565092,,-0.8328690242186941,0.0832553425801614,0.08913590008171451,0.7349603564384141,0.9236854867037562,-0.9942702346527013,-0.9990910469555981,0.16047366458990073,4,8954,,8
0.00017212486231133525,jvp,dog-bird,CIFAR10,2048,0.8653174042701721,0.5953633785247803,15.654376983642578,True,7.420021418733086e-14,1.148153219685822e-13,0.6462570754070162,20.998329162597656,ConvNetBN,5000,,,,,,7.595247208946887e-10,0.9974121064876128,,-0.8573518672333902,0.11290019152861161,0.11358203407958799,0.7820222067758709,0.9037294504261845,-0.3469711498572754,-0.3607500990204023,0.19149964578605808,1.387508749961853,0.9584178723071365,,-0.8338394635376514,0.1376570786689241,0.1282793307373306,0.7373949051648887,0.8833439206137567,-0.9945768081180916,-0.9991010189320192,0.21805936201177833,5,8954,,8
0.04184678590560359,jvp,dog-bird,CIFAR10,2048,0.8618367314338684,0.17355087399482727,8.776960372924805,True,1.1190007254135992e-13,3.2935253167262578e-15,33.97577421769687,10.035590171813965,ConvNetBN,5000,,,,,,4.381256439955905e-05,0.9990404121881143,,-0.6137154162154959,0.01895294864380056,0.02006970159960656,0.5663336722100958,0.9318524702631116,-0.6295085153048152,-0.6498008371803815,0.16039687518208418,1.3004671335220337,0.9979463104048002,,-0.6033246530724256,-0.036652288847344935,-0.03478280260898167,0.5809680305424941,0.9821970283430265,-0.9960005258639251,-0.9985628304784787,0.08010829866827171,6,8954,,8
7.999246969752052e-05,jvp,dog-bird,CIFAR10,2048,0.9902064204216003,0.7555192112922668,14.399913787841797,True,6.43632448207647e-14,3.952339344475163e-13,0.1628484783593692,15.617796897888184,ConvNetBN,5000,,,,,,1.649214169674451e-07,0.9952859797396504,,-0.8480008331441323,0.16087250903667324,0.15559297468147185,0.838187873126253,0.9253711847099632,-0.2572067338249711,-0.27457184713411087,0.20719579212324424,1.2248656749725342,0.9413751164463003,,-0.8145077192255981,0.17899906197496163,0.1668218290608769,0.7992067689986327,0.9066599361383973,-0.9964275612647593,-0.9991406042215828,0.20181911132165356,7,8954,,8
0.0016474162445163849,jvp,dog-bird,CIFAR10,2048,0.9394229650497437,0.7420666217803955,18.861082077026367,True,1.0273888944450915e-13,1.1148777587285036e-11,0.009215260474985245,23.840309143066406,ConvNetBN,5000,,,,,,4.428788932808736e-11,0.997116618776773,,-0.8687478823417928,0.16395908055262418,0.16602923658848204,0.8521184721112548,0.933027600854814,-0.35547141226344725,-0.36184850616586905,0.20669963539834255,1.4129185676574707,0.9492175607866538,,-0.8256564513058894,0.14937184884976085,0.14962448729697947,0.8007955235870401,0.9235049851961993,-0.9940310692635113,-0.9990258548410341,0.19124367685367497,8,8954,,8
0.00016565959870264055,jvp,dog-bird,CIFAR10,2048,0.9714812636375427,0.6492207646369934,15.628424644470215,True,6.290801213282293e-14,2.28087386559184e-13,0.2758066243023026,16.93037986755371,ConvNetBN,5000,,,,,,4.43842793629301e-08,0.998142927638335,,-0.8499474472171,0.15223539412703352,0.15094500851015408,0.8050884793526348,0.8967958829816867,-0.37388977459302364,-0.3962805340731711,0.20968583584320855,1.4020541906356812,0.9584806826386397,,-0.8181433037482739,0.12910156758067956,0.11117646804972696,0.7701353391918968,0.8866192955180507,-0.9952791666642012,-0.9990663641546544,0.21084510599519232,9,8954,,8
2.320566484903557e-05,jvp,dog-bird,CIFAR10,2048,0.9340072274208069,0.556537389755249,15.85832691192627,True,7.815970093361102e-14,6.215019131735566e-15,12.575938911355314,11.82493782043457,ConvNetBN,5000,,,,,,7.31972295398009e-06,0.9984397291613498,,-0.8489973205026288,0.10740648039706296,0.10255801854217772,0.8052785707252336,0.937835988351534,-0.3908679427673988,-0.3976950308928295,0.1916807354605668,1.221601128578186,0.988978460366787,,-0.8011542471569024,0.0378970482456869,0.026017925747214753,0.7355503339406262,0.9871476314219051,-0.9969767981190718,-0.999100080412003,0.11427059244438394,10,8954,,8
4.8305203370637665e-05,jvp,dog-bird,CIFAR10,2048,0.7884594798088074,0.43978339433670044,13.398069381713867,True,7.72715225139109e-14,8.125126596963289e-14,0.9510193052596941,22.847288131713867,ConvNetBN,5000,,,,,,1.1954985612572244e-10,0.9980357132803409,,-0.8369647420077264,0.10820930322995219,0.10799773463258262,0.7689907679419407,0.9186668240020188,-0.352310387485417,-0.36262501115242046,0.1590993532268399,1.4141504764556885,0.9751650818398594,,-0.8205960091733949,0.09855537943148016,0.08654809268415517,0.7465114339302062,0.9483964040773791,-0.9949451633126974,-0.9990359976254398,0.11982882307113811,11,8954,,8
0.000414709128414284,jvp,dog-bird,CIFAR10,2048,1.74422025680542,1.4121183156967163,14.47062873840332,True,8.455042221910958e-14,1.1510165809687825e-12,0.07345717135364423,20.707242965698242,ConvNetBN,5000,,,,,,1.0161517183249202e-09,0.9982402046476535,,-0.8412161428354346,0.1273937434281427,0.12545465160911787,0.7602723933661454,0.8888481043231469,-0.37509732363509163,-0.3802171432809674,0.21685456011850615,1.410175085067749,0.9447812057099872,,-0.8052983837712255,0.13644347835631973,0.1151595443051456,0.7094328938523948,0.7997594862943793,-0.9956286672564123,-0.9990596029703388,0.19879421152944649,12,8954,,8
1.1858460778075123e-05,jvp,dog-bird,CIFAR10,2048,0.8646169900894165,0.5364152193069458,12.943856239318848,True,2.383648833870211e-13,1.179451611381824e-13,2.020980607315947,20.899093627929688,ConvNetBN,5000,,,,,,8.387621708294546e-10,0.9988688726010997,,-0.8070401473589763,0.07203128845715821,0.07246500209265146,0.6488368078176109,0.9193481813685768,-0.3265524959494934,-0.34211255380836786,0.18106366293971493,1.4127203226089478,0.9722125796997136,,-0.7849210012727068,0.08864188198184571,0.08528366391348699,0.6009321430405528,0.9196594441143777,-0.9949828705489066,-0.9991908212475551,0.1902416958129697,13,8954,,8
2.3032647540423536e-05,jvp,dog-bird,CIFAR10,2048,0.8261415958404541,0.3609066903591156,13.690658569335938,True,4.8765814520193573e-14,5.350026468094245e-14,0.9115060422787897,18.736412048339844,ConvNetBN,5000,,,,,,7.292559001115251e-09,0.9984803993349773,,-0.8213594080083811,0.044985661570429145,0.04507573805097143,0.7171177557983116,0.9031891097083902,-0.38331633033903467,-0.39811393973716214,0.18454839376151974,1.3609741926193237,0.9897905402815369,,-0.7991802034167491,-0.0001518939868357217,-0.004562649590505983,0.7027755201430207,0.9755207104768283,-0.9961874132234964,-0.9989754992870198,0.14876480161181532,14,8954,,8
7.719792105931226e-06,jvp,dog-bird,CIFAR10,2048,0.8499255776405334,0.43792274594306946,13.079168319702148,True,1.6408792727351518e-13,3.453120296472715e-14,4.751874049714611,15.613311767578125,ConvNetBN,5000,,,,,,1.656627119928089e-07,0.9983872228419862,,-0.7133524330218988,0.017968723338883316,0.017481615031422457,0.6465070717841672,0.9353427868531735,-0.3437301610631885,-0.38240566926203484,0.1033562694796631,1.413413166999817,0.9719579895953891,,-0.6749247609017833,0.038080924793960656,0.036423841601827836,0.5832915456116579,0.9440825864033033,-0.9960135191523494,-0.9989508676060347,0.12378603375107068,15,8954,,8
6.540617723985572e-05,jvp,dog-bird,CIFAR10,2048,1.1924889087677002,0.8033892512321472,14.021663665771484,True,2.5358881661219357e-13,3.9484524599531837e-13,0.6422486257190503,23.211894989013672,ConvNetBN,5000,,,,,,8.302369208790239e-11,0.9961561217625622,,-0.8644242058645273,0.07432584689105183,0.08138688934328149,0.7601781969636052,0.7852026517255309,-0.37045737688601993,-0.37525740070690955,0.14633707241382088,1.4141486883163452,0.9659182370525148,,-0.8468620911964319,0.019285659464319403,0.022032600693005503,0.7347901391548753,0.7669193846888057,-0.9947901705627121,-0.9988959601158384,0.07421872550181763,16,8954,,8
0.0001391031075919079,jvp,dog-bird,CIFAR10,2048,0.7321557402610779,0.2941330671310425,13.77226734161377,True,1.1408929356804265e-13,3.135380103234373e-13,0.36387707331034996,15.389542579650879,ConvNetBN,5000,,,,,,2.0720797522244538e-07,0.9991544171219655,,-0.8327753565439957,0.08128282828749046,0.0831185092739355,0.7978619226347834,0.9517306093670248,-0.33909085066212596,-0.3532256164646867,0.1428278231155914,1.3620617389678955,0.9915731069225964,,-0.8081379893791008,0.08654713317713449,0.09128432779975475,0.788753943113878,0.9894246079929842,-0.995306547665108,-0.9989952106557843,0.14480131428089368,17,8954,,8
3.5558551034115335e-06,jvp,dog-bird,CIFAR10,2048,0.7842862010002136,0.28595101833343506,15.450030326843262,True,1.0393569989600668e-13,3.4907523408368853e-15,29.774584315279373,24.13817596435547,ConvNetBN,5000,,,,,,3.2879369366023425e-11,0.9986977956955979,,-0.8547600965177145,0.05636356247972224,0.06216848844862406,0.8156392194919322,0.9288588294590223,-0.38517013267189393,-0.3938113822831923,0.13697441840425667,1.4133572578430176,0.993656350651117,,-0.8105819504314559,0.041866396332834004,0.04275666262329267,0.7362640720282332,0.982136055285442,-0.9947014355830865,-0.9987664972946597,0.10670584483307384,18,8954,,8
1.4244261660155953e-05,jvp,dog-bird,CIFAR10,2048,0.8187302947044373,0.46933504939079285,14.408753395080566,True,1.0901002323038256e-13,4.41306150169693e-14,2.4701677778219393,15.815603256225586,ConvNetBN,5000,,,,,,1.3532273612781864e-07,0.998879233408894,,-0.7765301372002731,0.057653912495437554,0.05796736456414155,0.7800586677754507,0.9304914212172806,-0.31898432045118513,-0.33891857985330787,0.1756649207554043,1.2836289405822754,0.9729469645433549,,-0.737577748265321,-0.02592767691860773,-0.03287647801905911,0.7443393600135743,0.932571100854844,-0.9967861066872902,-0.9991028518840711,0.11650102711778884,19,8954,,8
,,dog-bird,CIFAR10,,,,,,,,,,ConvNetBN,5000,0.592,0.452,0.756,0.692,0.816,,,0.742623542646914,,,,,,,,,,,0.8358793573296319,,,,,,,,,ENSEMBLE,8954,250,
7.495590866138634e-05,jvp,dog-bird,CIFAR10,2048,0.7225627899169922,0.28715258836746216,16.988889694213867,True,2.3981944902162766e-13,1.4252304433189727e-13,1.682671389358998,23.843433380126953,ConvNetBN,5000,,,,,,4.4149770644930086e-11,0.9993740456837918,,-0.7224449678525927,-0.09256917328946056,-0.0933073243184985,0.688871991931267,0.9365299439259052,-0.3634430933505433,-0.39138530814588995,0.017781588057413252,1.4141569137573242,0.9935811242391114,,-0.7053248651324171,-0.1904920496716562,-0.19512956778723206,0.6670608312584712,0.9869644121505763,-0.9934080865229559,-0.9988355744333111,-0.06804827338989171,0,821,,8
0.00024909678764154804,jvp,dog-bird,CIFAR10,2048,1.032942533493042,0.6144130229949951,14.682060241699219,True,2.4061654768257543e-13,4.520047301419797e-13,0.5323319240641466,18.135448455810547,ConvNetBN,5000,,,,,,1.3300708978647435e-08,0.9992775803824366,,-0.7123409563017037,-0.09245980610517358,-0.0940704423659828,0.7066910632691593,0.9332440726772583,-0.3694648992091558,-0.3822441013127809,-0.007373495320185634,1.4104117155075073,0.98110211916354,,-0.701745896030255,-0.19716685739718975,-0.21290021453066624,0.6862338991957041,0.9464055870789373,-0.995331913671787,-0.9991723175348927,-0.06998245357459353,1,821,,8
0.00012844817213971768,jvp,dog-bird,CIFAR10,2048,0.8174957036972046,0.20236971974372864,12.246928215026855,True,3.596834202007626e-13,1.9612048804986597e-13,1.8339920717987852,19.212154388427734,ConvNetBN,5000,,,,,,4.5317687380475036e-09,0.9995526387746145,,-0.63647192126478,-0.12701149753071242,-0.12884946305898723,0.599763526135744,0.9411029683806347,-0.3362077601260346,-0.3519900880092317,0.010534334713276097,1.4136617183685303,0.9972672715121632,,-0.623399497328711,-0.2625441930506331,-0.26607021158357974,0.5684447069547164,0.9812681196582752,-0.9960252416044737,-0.999065597546579,-0.04049327531154237,2,821,,8
1.6564937464314546e-05,jvp,dog-bird,CIFAR10,2048,0.7808793187141418,0.24018003046512604,16.087013244628906,True,4.609776102504348e-13,9.426324011329253e-14,4.890322141445571,26.12863540649414,ConvNetBN,5000,,,,,,4.492392135374557e-12,0.9995890683517812,,-0.686977069160189,-0.08625916717127403,-0.08778697195832623,0.717733731106439,0.9354949289433288,-0.344623202323231,-0.36723618699398647,0.019292384548875302,1.413745641708374,0.9962031081128417,,-0.6726907954679211,-0.12831299777296296,-0.13334026450481076,0.6867848173608411,0.9832999654759985,-0.9948471136111293,-0.9989277023250565,0.0002384112355430376,3,821,,8
2.576599816115725e-05,jvp,dog-bird,CIFAR10,2048,0.7495622634887695,0.2626628875732422,16.006654739379883,True,4.0678571622265736e-13,8.995577926318275e-14,4.522063168754598,14.697061538696289,ConvNetBN,5000,,,,,,4.1413997564632155e-07,0.9994383645425959,,-0.7751173883811251,-0.12159289102287328,-0.12244707678945092,0.7049101831815391,0.9347546782548041,-0.3507793316449361,-0.35417098391352153,-0.007339964895347439,1.396914005279541,0.9952560835587282,,-0.7663074508338206,-0.2731789373265724,-0.2781918169143791,0.6858880367507507,0.9873809497352378,-0.9949579950454861,-0.9990910469555981,-0.0831292210257118,4,821,,8
3.333563978173987e-05,jvp,dog-bird,CIFAR10,2048,0.7720343470573425,0.3001459836959839,15.595511436462402,True,3.4983127505938683e-13,8.53981566535982e-14,4.09647337563049,10.651627540588379,ConvNetBN,5000,,,,,,2.3662309104111046e-05,0.9996459070708303,,-0.7504418410956887,-0.08599385950117068,-0.085915724224755,0.7157587473315222,0.9458265992607154,-0.3464411652849564,-0.3607500990204023,0.02394699522649844,1.4136548042297363,0.9937946308388709,,-0.748467784576454,-0.2453606833201162,-0.24997240254889544,0.6964781074438398,0.9858045624721824,-0.994264913229054,-0.9991010189320192,-0.057928774434577085,5,821,,8
7.9261804102096e-06,jvp,dog-bird,CIFAR10,2048,0.8938822150230408,0.11684733629226685,10.43928337097168,True,3.2979174946490275e-13,4.254384046436409e-15,77.51809565503274,11.608709335327148,ConvNetBN,5000,,,,,,9.086607860808726e-06,0.9994123233902349,,-0.5350128583777568,-0.10321963208590447,-0.10173471483059687,0.5275228300048765,0.9365825864016712,-0.6331487041435758,-0.6498008371803815,-0.055631041305090695,1.3098642826080322,0.9992401460735879,,-0.5292100001213074,-0.2122350150183511,-0.21203640816581182,0.50575917731892,0.9909512377820495,-0.9948986240677002,-0.9985628304784787,-0.16565082969431005,6,821,,8
3.386680494815759e-06,jvp,dog-bird,CIFAR10,2048,0.7693184614181519,0.30511388182640076,15.177553176879883,True,2.556320654930781e-13,4.2681401568811943e-14,5.989308131808703,13.50826358795166,ConvNetBN,5000,,,,,,1.359677298751194e-06,0.9984293239610988,,-0.6647029961530805,-0.11805930624614004,-0.12086246258875537,0.7151231275361294,0.9166014080703057,-0.2652280870535393,-0.27457184713411087,-0.041283857921514566,1.4114981889724731,0.9939700619888284,,-0.6515851979157885,-0.19932887977712208,-0.20728414109029009,0.6928230679074339,0.9862729852749192,-0.9953237796724131,-0.9991406042215828,-0.10295354461003522,7,821,,8
0.0001014413143840635,jvp,dog-bird,CIFAR10,2048,0.8752933740615845,0.43887636065483093,17.7177734375,True,3.0242475190789264e-13,2.386353590320337e-13,1.2673090573610093,20.983015060424805,ConvNetBN,5000,,,,,,7.71245234343354e-10,0.9991252151808939,,-0.7379573478837285,-0.07980906849476115,-0.08016086898063603,0.7260140924076848,0.9350135469879345,-0.35545408576184406,-0.36184850616586905,0.050369521088123634,1.4141449928283691,0.9925989141817677,,-0.7333706960324333,-0.17725063223600018,-0.18665578798271124,0.7056022435850242,0.9830329454013177,-0.9935939299868727,-0.9990258548410341,0.011320895390296043,8,821,,8
0.0003811438076826837,jvp,dog-bird,CIFAR10,2048,0.7716185450553894,0.331211119890213,17.72572135925293,True,3.8459339879448606e-13,1.2806595332854153e-12,0.3003088555533935,13.591462135314941,ConvNetBN,5000,,,,,,1.2511310387708363e-06,0.9989961992349001,,-0.7865965148914318,-0.03220937682758398,-0.03570069848278274,0.7316930129890036,0.933705378270569,-0.37411733958077575,-0.3962805340731711,0.05075268736406309,1.4023860692977905,0.9883518537573547,,-0.7843096899813282,-0.09047822114832071,-0.1058790752297041,0.7143668713449647,0.9611051333242051,-0.9953981446230903,-0.9990663641546544,0.09094676001409428,9,821,,8
1.2250041254524944e-05,jvp,dog-bird,CIFAR10,2048,0.7914941906929016,0.3797197639942169,13.36909294128418,True,1.4566126083082054e-13,5.896079695215532e-14,2.4704764582646277,23.96834945678711,ConvNetBN,5000,,,,,,3.8965313614580666e-11,0.9973885925706873,,-0.714739589921689,-0.052554629218107496,-0.058759271972731446,0.6044781436367618,0.8873450045415496,-0.3884530257580381,-0.3976950308928295,0.04572663099286152,1.4142097234725952,0.9760011533080187,,-0.7089823733053259,-0.14979062006130936,-0.17051055898042236,0.5895356131278711,0.9435931733917269,-0.9954303692015138,-0.999100080412003,0.0007850647916282849,10,821,,8
1.4269548158197556e-05,jvp,dog-bird,CIFAR10,2048,0.7683452367782593,0.2337682843208313,16.267183303833008,True,4.692164655237675e-13,2.6509883946886155e-13,1.7699680106629871,10.990777015686035,ConvNetBN,5000,,,,,,1.6856452930369414e-05,0.9996701175917803,,-0.7085741243177058,-0.11087457169775308,-0.11237700206060931,0.7168567644325462,0.9409240941857777,-0.35242980272277896,-0.36262501115242046,-0.0014498745413885654,1.4091191291809082,0.9969923366753554,,-0.6974909112473354,-0.2502483912805061,-0.25369683036196194,0.6925748730162387,0.9928305765772228,-0.9952725772364407,-0.9990359976254398,-0.08871306929417874,11,821,,8
1.0974506193219848e-05,jvp,dog-bird,CIFAR10,2048,0.8206760883331299,0.29823267459869385,14.076333999633789,True,1.857403120197887e-13,1.2075034312840437e-14,15.382176746468936,17.3785400390625,ConvNetBN,5000,,,,,,2.835280810131735e-08,0.9994695609752183,,-0.7711781465266925,-0.08002633276044087,-0.08001096382625825,0.6965802097063032,0.9356835732639407,-0.375122474648615,-0.3802171432809674,-0.0005154347635281454,1.4133288860321045,0.9945120061842869,,-0.7728059846958814,-0.146496787646435,-0.15256618792163226,0.6903150960308743,0.9830546641541864,-0.9953439533492857,-0.9990596029703388,-0.02999610309894264,12,821,,8
0.0001890925513159209,jvp,dog-bird,CIFAR10,2048,0.7520407438278198,0.36260920763015747,15.16711711883545,True,1.9269395107324172e-13,8.027894677704532e-13,0.24003049218919242,13.462430000305176,ConvNetBN,5000,,,,,,1.4234451555239502e-06,0.9986672175658591,,-0.6769606242899695,-0.10256885901977583,-0.1078395774620322,0.6447478649367272,0.9156474610126383,-0.34260520148011897,-0.34211255380836786,-0.007537743971312769,1.2503646612167358,0.9864445447621634,,-0.6696047412646834,-0.22128261123070042,-0.23891553399435533,0.625529158684179,0.9708534879861394,-0.995380592870687,-0.9991908212475551,-0.09078787031540235,13,821,,8
0.00020380549197610524,jvp,dog-bird,CIFAR10,2048,0.7940720319747925,0.2253548800945282,15.1111478805542,True,2.847166946651214e-13,4.824407751372113e-13,0.5901588533517818,21.560684204101562,ConvNetBN,5000,,,,,,4.3282610828754287e-10,0.9990682405620149,,-0.7180304608241838,-0.11105272102624147,-0.11096446810808115,0.5645605601591596,0.8908105765285678,-0.38196116146829023,-0.39811393973716214,0.0027767708549347437,1.4142088890075684,0.9957239616607226,,-0.7011624928059509,-0.17116792554872393,-0.17624139614188564,0.5323277524866619,0.980567155638686,-0.9953786658767232,-0.9989754992870198,-0.0566344496449702,14,821,,8
1.85697445455837e-05,jvp,dog-bird,CIFAR10,2048,0.8118985295295715,0.2981812357902527,13.641352653503418,True,2.086265188383507e-13,2.978083070353793e-14,7.0053962199773725,13.368158340454102,ConvNetBN,5000,,,,,,1.5641650179532007e-06,0.9975206707501996,,-0.6915311237377583,-0.08423834246205678,-0.08710880092607452,0.6435020972738884,0.9141123612098782,-0.36379198499465637,-0.38240566926203484,0.02083698255861312,1.2342854738235474,0.9877866152446197,,-0.6858508965874172,-0.12281898565032769,-0.13140327876013114,0.6234141443435277,0.9621645972385838,-0.9964715651450841,-0.9989508676060347,0.006383070753753548,15,821,,8
5.130590659686207e-05,jvp,dog-bird,CIFAR10,2048,0.7501575946807861,0.2664753198623657,14.468350410461426,True,2.963545512777669e-13,1.2280937658759257e-13,2.4131264200856437,26.657161712646484,ConvNetBN,5000,,,,,,2.648147326422823e-12,0.9986371835768011,,-0.7732027503267335,-0.0432249888365933,-0.04299879867078942,0.7165933052927079,0.9062266246485708,-0.37238251412574525,-0.37525740070690955,0.023768528742862602,1.3414920568466187,0.9942879785630899,,-0.7582817289982631,-0.12769700242759682,-0.13229955040233235,0.6852112944813418,0.9850199792804396,-0.9951446892962702,-0.9988959601158384,-0.03920992955911677,16,821,,8
0.00011667565283142933,jvp,dog-bird,CIFAR10,2048,0.8801113367080688,0.4407050907611847,15.704463958740234,True,3.6124228608436226e-13,5.941155917316844e-13,0.6080336741061446,15.227608680725098,ConvNetBN,5000,,,,,,2.4363146167161176e-07,0.9991620151991041,,-0.7348314583046924,-0.08808349165388243,-0.09063016185310528,0.7412018450897816,0.9267152386231062,-0.3205985542778807,-0.3532256164646867,-0.026120511987874462,1.3246687650680542,0.9894121336107046,,-0.72284977761143,-0.18785617755859632,-0.19906084767276627,0.7190632912980769,0.9617526742781068,-0.9950640731604308,-0.9989952106557843,-0.12652396824057088,17,821,,8
6.238505381728187e-06,jvp,dog-bird,CIFAR10,2048,0.7920743227005005,0.2524905204772949,13.735119819641113,True,4.689582056016661e-13,1.9937095386859455e-14,23.521892056089403,19.359397888183594,ConvNetBN,5000,,,,,,3.911293955383144e-09,0.999201574014999,,-0.6720856513291144,-0.12780581053986576,-0.12836685888530577,0.5910052797024542,0.9231743529230039,-0.38515741609165277,-0.3938113822831923,-0.002682530413106722,1.4141826629638672,0.9899865512378537,,-0.6639996756956669,-0.19373670703536333,-0.20173026035089345,0.5648312540899181,0.9745103048684121,-0.9947343343575379,-0.9987664972946597,-0.029217149306571363,18,821,,8
8.825612815621434e-05,jvp,dog-bird,CIFAR10,2048,0.7255516648292542,0.30516040325164795,15.513190269470215,True,1.9684254226604025e-13,1.998206867754888e-13,0.9850959149550182,9.953167915344238,ConvNetBN,5000,,,,,,4.7576671931892633e-05,0.9989154480607435,,-0.6789197905349718,-0.14622836727974767,-0.14968341750815597,0.8033854067370056,0.9194003351390844,-0.31977902335283176,-0.33891857985330787,-0.07738793441485574,1.3392881155014038,0.9899753431143119,,-0.6638434005053973,-0.30842302929407633,-0.3194705121708204,0.7890238053078887,0.9781268439890737,-0.9954238890706492,-0.9991028518840711,-0.1769644092662039,19,821,,8
,,dog-bird,CIFAR10,,,,,,,,,,ConvNetBN,5000,0.528,0.292,0.64,0.64,0.652,,,0.7155863250060338,,,,,,,,,,,0.772032695162376,,,,,,,,,ENSEMBLE,821,250,
0.00013325234224427574,jvp,dog-bird,CIFAR10,2048,1.0211101770401,0.7093709111213684,16.69826316833496,True,2.3120221015471287e-13,5.189406480976197e-13,0.4455272698376494,18.167768478393555,ConvNetBN,5000,,,,,,1.2877705124481054e-08,0.9979092779804732,,-0.8228728493022139,-0.025908366839127665,-0.024532339624435975,0.7728719024436393,0.8795950827982988,-0.376260008169724,-0.39138530814588995,0.055827704897561774,1.224745273590088,0.97061255858296,,-0.8229915960706708,-0.05174863812250973,-0.06174625994481421,0.747223065752656,0.8934348906493955,-0.9946252061430871,-0.9988355744333111,0.05141128920740015,0,1547,,8
1.3999098507226054e-05,jvp,dog-bird,CIFAR10,2048,6.615197658538818,5.990237236022949,12.73251724243164,True,5.329723734127806e-14,4.4168108581684645e-15,12.06690507081823,23.44778823852539,ConvNetBN,5000,,,,,,6.557748788438289e-11,0.9978992204442461,,-0.8091477928817717,0.04814278810511373,0.045084532795167484,0.7273160873484588,0.7210300785420418,-0.3701472995063009,-0.3822441013127809,0.0551077414181346,1.3752151727676392,0.9635575837409953,,-0.8156351632957076,0.03187814722506573,0.027220665359199127,0.7067959462417642,0.5992833247053717,-0.9950712055605794,-0.9991723175348927,0.010982948409392075,1,1547,,8
2.408115061126915e-05,jvp,dog-bird,CIFAR10,2048,0.9787634611129761,0.43594032526016235,12.260087966918945,True,2.375877272697835e-13,6.671541845758819e-14,3.5612116773399376,14.251643180847168,ConvNetBN,5000,,,,,,6.46531873371714e-07,0.9980775720669208,,-0.7949987504959749,-0.02589038171213046,-0.03035992340893917,0.6441003908392515,0.808854588530706,-0.3398929060487888,-0.3519900880092317,0.05404628083163138,1.2431769371032715,0.9849886985813513,,-0.8039230067112736,-0.07566243620469208,-0.09701788488202913,0.6351710589725748,0.9059838977970996,-0.9970446999353735,-0.999065597546579,0.06047454267433286,2,1547,,8
3.488298365265819e-05,jvp,dog-bird,CIFAR10,2048,1.0234075784683228,0.5981362462043762,16.24458885192871,True,1.9088897129648785e-13,1.1942073517974095e-13,1.5984575125013223,17.111522674560547,ConvNetBN,5000,,,,,,3.7030513766467266e-08,0.9989841739593801,,-0.815462230135081,-0.01793724043177589,-0.019589492487144967,0.7179408825426394,0.8896968494040184,-0.34645659718668914,-0.36723618699398647,0.10029695878706024,1.358673334121704,0.9787470106207599,,-0.8216607886081904,-0.06282856905965663,-0.07672193654087746,0.6891922141927698,0.8715349465093977,-0.9950366962289603,-0.9989277023250565,0.14843330362592025,3,1547,,8
3.903831561910482e-05,jvp,dog-bird,CIFAR10,2048,0.8355933427810669,0.3967091143131256,16.202335357666016,True,1.9739765377835283e-13,9.734473600563114e-14,2.0278205260830324,19.322031021118164,ConvNetBN,5000,,,,,,4.060209057854536e-09,0.9985644538527186,,-0.8357691521094537,-0.017292221090710987,-0.01784568623421118,0.7760065403639251,0.8359378694442442,-0.34528046561336145,-0.35417098391352153,0.06360709487321767,1.4081549644470215,0.9804416108571595,,-0.8396552187269674,-0.11094660572338234,-0.11670515958580821,0.7414465775334524,0.8991459269418369,-0.9961173160481459,-0.9990910469555981,0.04149818328930808,4,1547,,8
1.4078926130166592e-05,jvp,dog-bird,CIFAR10,2048,0.7367315888404846,0.316130131483078,18.33832550048828,True,3.1402658251522553e-13,5.580736491331391e-14,5.626973841230559,20.900724411010742,ConvNetBN,5000,,,,,,8.373950977080824e-10,0.9990231052502214,,-0.8731768647284932,0.021445985628357794,0.02214300475168002,0.8036170918513693,0.91298069723498,-0.35961094578846325,-0.3607500990204023,0.07069963643033977,1.3909529447555542,0.9860957039840036,,-0.876195230299924,-0.024726733888439097,-0.031152782110111278,0.7971351167845359,0.9599220365959196,-0.9960646730601749,-0.9991010189320192,0.038899497297962604,5,1547,,8
2.7933199288703626e-06,jvp,dog-bird,CIFAR10,2048,0.8981665968894958,0.22159087657928467,9.452720642089844,True,2.3407951331389995e-13,7.864532398873423e-15,29.76394545051799,14.261331558227539,ConvNetBN,5000,,,,,,6.402981398423435e-07,0.998990885814925,,-0.6274919710884447,-0.09636854854423159,-0.09919443713676931,0.5720755299559693,0.8788706744865651,-0.6356177551256953,-0.6498008371803815,0.12243395941698833,1.2299755811691284,0.9897689156229676,,-0.6197114284389341,-0.2223668915399571,-0.2304119497351872,0.5437178344581564,0.9463346973413878,-0.9958863150911564,-0.9985628304784787,0.0673650166702719,6,1547,,8
2.3685376272608257e-05,jvp,dog-bird,CIFAR10,2048,0.8572854399681091,0.47505560517311096,16.147123336791992,True,1.339061240362982e-13,3.74760394335629e-14,3.573113009278514,16.6416015625,ConvNetBN,5000,,,,,,5.9243951966436725e-08,0.9976483788403882,,-0.8372213703395669,-0.047164542610283564,-0.05086787718213276,0.8046151405397018,0.8255053076213098,-0.2626518137222976,-0.27457184713411087,0.01839077585211746,1.4126167297363281,0.9731530354557698,,-0.8417753906200287,-0.10146313406498128,-0.11532594616287695,0.7949592793183712,0.8910989424868896,-0.9966566893747598,-0.9991406042215828,0.007808078592161739,7,1547,,8
0.00035842210735513607,jvp,dog-bird,CIFAR10,2048,0.9215875267982483,0.6006168127059937,18.279590606689453,True,2.381636554638078e-13,1.1560345623789276e-12,0.20601776384064716,20.142528533935547,ConvNetBN,5000,,,,,,1.7873567070836316e-09,0.9970395921065667,,-0.8548904634833417,0.020033180876632875,0.017784133856113087,0.8431371537231196,0.8786429942535519,-0.35745025334286445,-0.36184850616586905,0.08974233418308832,1.2253515720367432,0.969986462735869,,-0.8651876696985648,-0.029138772380042366,-0.04910716526146518,0.8285288223571527,0.9001788702527591,-0.9945408188241353,-0.9990258548410341,0.08170711885354248,8,1547,,8
2.188338503217695e-05,jvp,dog-bird,CIFAR10,2048,0.8397110104560852,0.3612350523471832,15.612876892089844,True,2.383989384525446e-13,7.020755207595021e-14,3.395630974209807,20.794607162475586,ConvNetBN,5000,,,,,,9.3114410626427e-10,0.9991355710772252,,-0.8712833612778441,0.004795335097010316,0.004615296858525367,0.8110820507449226,0.879246066347461,-0.37354738232637685,-0.3962805340731711,0.07383355671870605,1.4118552207946777,0.9834823760930562,,-0.8683984870835136,-0.03532502185511055,-0.04244167009868541,0.7735279123196812,0.8783329963173196,-0.995049492263524,-0.9990663641546544,0.06860659460583049,9,1547,,8
5.518401104827442e-06,jvp,dog-bird,CIFAR10,2048,0.8536921739578247,0.3314478099346161,12.305978775024414,True,3.298195050405184e-13,2.0420925717416e-14,16.151055520427832,24.431514739990234,ConvNetBN,5000,,,,,,2.452041000799987e-11,0.9984518290049051,,-0.7973039733960483,0.005246646314143589,0.0026855264445146466,0.7184414310595935,0.8377455312302713,-0.39667606424629775,-0.3976950308928295,0.11419223147894793,1.4009884595870972,0.983989394912277,,-0.8030261593345,-0.03605274297318015,-0.04674779121391165,0.7017184433984202,0.9335319008612759,-0.9972122409912277,-0.999100080412003,0.12567004432432377,10,1547,,8
0.00016573774813471252,jvp,dog-bird,CIFAR10,2048,1.1989446878433228,0.7551747560501099,16.16105842590332,True,1.8966073949673952e-13,1.4387408036788976e-13,1.3182411940481016,19.235363006591797,ConvNetBN,5000,,,,,,4.427799460415827e-09,0.9983717710437926,,-0.8347182505350523,-0.02021455362794322,-0.023048337426674597,0.7534641877933728,0.817826619319542,-0.360362374503888,-0.36262501115242046,0.06945062526752639,1.3809678554534912,0.979177251374831,,-0.8321469612176792,-0.0929861147065508,-0.10917994637243848,0.733845153198643,0.9077894179435766,-0.9962723921367145,-0.9990359976254398,0.0562031489877185,11,1547,,8
3.232206085371245e-05,jvp,dog-bird,CIFAR10,2048,0.9056954383850098,0.3669210374355316,15.603100776672363,True,3.637368184428169e-13,1.72749488719812e-13,2.105573921742677,32.017173767089844,ConvNetBN,5000,,,,,,1.2448539988001335e-14,0.9989669344711921,,-0.8274664442342251,-0.006678892021234995,-0.005839828096006183,0.7349139925233279,0.8547510630994019,-0.37474652479824655,-0.3802171432809674,0.04451597000834388,1.4132473468780518,0.9903393459739139,,-0.8234945794423665,-0.031920481491319694,-0.037389617001379376,0.7158280564434819,0.9408364219214567,-0.9969046644181898,-0.9990596029703388,0.020970816285983653,12,1547,,8
0.000141124200877617,jvp,dog-bird,CIFAR10,2048,0.8185269832611084,0.391635537147522,16.790468215942383,True,3.8258285428582894e-13,5.302603996882401e-13,0.7214999545709311,25.65010643005371,ConvNetBN,5000,,,,,,7.24936907378626e-12,0.9991002423380431,,-0.8080870861947005,0.001159750579721415,-0.0008949899316051677,0.8220115611278069,0.8980267909188386,-0.32756441044296203,-0.34211255380836786,0.03797836685194309,1.3700653314590454,0.9849155648486134,,-0.8008407372945101,-0.06006317878214587,-0.06964182720167308,0.7985730831972547,0.9226830778033229,-0.9945975719794822,-0.9991908212475551,-0.00896241610463369,13,1547,,8
8.889388788522204e-05,jvp,dog-bird,CIFAR10,2048,0.8139328360557556,0.2647218406200409,16.00946807861328,True,1.0835776720341528e-13,8.696924126208447e-14,1.245932074730603,31.656497955322266,ConvNetBN,5000,,,,,,1.7854900568573147e-14,0.9987987993395142,,-0.8261054528942033,-0.017688351499715083,-0.014496247503145179,0.7023339318581784,0.879255899406771,-0.39184823658166107,-0.39811393973716214,0.09077659328035487,1.3849883079528809,0.9912346794262158,,-0.8226283596081064,-0.06623347867348663,-0.06789384871901284,0.6688966436199727,0.953804679304187,-0.9968465700806999,-0.9989754992870198,0.07564429486261212,14,1547,,8
8.485950110667475e-05,jvp,dog-bird,CIFAR10,2048,1.1534112691879272,0.684768795967102,11.457490921020508,True,7.30526750203353e-14,1.5522860715891646e-13,0.47061348006264764,12.149101257324219,ConvNetBN,5000,,,,,,5.293126832839334e-06,0.9969182649129462,,-0.7497206793990104,-0.014436322000643287,-0.018377213919026407,0.6138912950086167,0.8452658157286681,-0.3475439746272749,-0.38240566926203484,0.06298415371003689,1.3348333835601807,0.9580127551108,,-0.7509281028312355,-0.001128548701409254,-0.01842901984116079,0.5860123077566208,0.7848864378274574,-0.9962352421526869,-0.9989508676060347,0.0644267946524689,15,1547,,8
3.6450245586157006e-05,jvp,dog-bird,CIFAR10,2048,0.7679228782653809,0.28865429759025574,14.269349098205566,True,1.4799272918253337e-13,5.181875463572044e-14,2.855968465913631,16.716571807861328,ConvNetBN,5000,,,,,,5.4964878870578104e-08,0.9992405551342558,,-0.8425684799766255,-0.01899378678365386,-0.02099817269748096,0.7986824396075748,0.9226727700381762,-0.37139809347419145,-0.37525740070690955,0.06556335752313845,1.3460652828216553,0.9879047393994549,,-0.8367017093165535,-0.10991227184319433,-0.12130369719688176,0.7674726258581631,0.9610345123613804,-0.9953180011143602,-0.9988959601158384,0.015289523399404372,16,1547,,8
2.9192919169672434e-05,jvp,dog-bird,CIFAR10,2048,0.7918109893798828,0.33599889278411865,15.929727554321289,True,4.296563105299356e-13,1.3059424133004962e-13,3.290009621818386,23.895307540893555,ConvNetBN,5000,,,,,,4.191791705410175e-11,0.9987616352390114,,-0.8335943351899496,-0.012814936392842211,-0.014327227851576231,0.8019134873595218,0.8997215044541311,-0.32373708007768415,-0.3532256164646867,0.06380633894498712,1.2612996101379395,0.9907636083747501,,-0.8367023290044164,-0.11992336306387369,-0.12567985117722666,0.7757720376679741,0.9568692838747712,-0.9947831197407494,-0.9989952106557843,-0.004692359841215456,17,1547,,8
5.402666890433742e-06,jvp,dog-bird,CIFAR10,2048,1.1287871599197388,0.7155492901802063,13.541646003723145,True,1.4546697180151114e-13,4.4300760769190536e-15,32.836224316643744,13.613414764404297,ConvNetBN,5000,,,,,,1.2239657962709316e-06,0.9969763066678003,,-0.7913221999915508,0.01624182173038722,0.013933811834333829,0.7006012705947197,0.8150400340703844,-0.3863905851199109,-0.3938113822831923,0.08369948025224307,1.2334492206573486,0.9545882001934167,,-0.7962773639497587,0.0266497392195191,0.023878951771731168,0.6806877667958472,0.7352565699222626,-0.9964529910901194,-0.9987664972946597,0.08250352579008956,18,1547,,8
0.00010357474321090785,jvp,dog-bird,CIFAR10,2048,0.7930029034614563,0.3977320194244385,13.782914161682129,True,1.3889653045339595e-13,2.0338908864850063e-13,0.6829104322967814,18.90528678894043,ConvNetBN,5000,,,,,,6.15939388382003e-09,0.9985003230549513,,-0.7873489060096464,-0.07658973045353576,-0.08083845238004943,0.6965407889663643,0.8440622260553077,-0.3227185743667006,-0.33891857985330787,0.034617091161483884,1.2411726713180542,0.9828662196395587,,-0.796980201059356,-0.18791767786728408,-0.2105050698063071,0.678897461140192,0.915911351986436,-0.9952131693190636,-0.9991028518840711,0.08107806245490219,19,1547,,8
,,dog-bird,CIFAR10,,,,,,,,,,ConvNetBN,5000,0.476,0.348,0.728,0.6,0.732,,,0.7200880248736403,,,,,,,,,,,0.7998524349179739,,,,,,,,,ENSEMBLE,1547,250,
0.0002269423207353357,jvp,dog-bird,CIFAR10,2048,0.9610093832015991,0.6301419734954834,14.791284561157227,True,2.666755705149626e-13,7.01072803900795e-13,0.3803821358226562,31.89930534362793,ConvNetBN,5000,,,,,,1.4005793120869421e-14,0.9985187889771983,,-0.7824907318777129,0.022996840145472236,0.025558113980152713,0.6554242172547455,0.8912067436665014,-0.3634395981227588,-0.39138530814588995,0.10879068731707701,1.4142122268676758,0.9657848333006251,,-0.7703533230740407,0.03142278520101474,0.026931621291082078,0.6326661564738303,0.8570253941781333,-0.9930240641706435,-0.9988355744333111,0.13461519420000434,0,4427,,8
5.706904059483054e-05,jvp,dog-bird,CIFAR10,2048,0.8147141337394714,0.3943343758583069,12.48522663116455,True,1.1702227728505044e-13,2.4172387174185176e-13,0.4841155176019355,19.399002075195312,ConvNetBN,5000,,,,,,3.7594150015252126e-09,0.9986661269570964,,-0.7774301387767596,-0.067808748595843,-0.07183198192179645,0.6297648654415231,0.9172583052087709,-0.36932061340102756,-0.3822441013127809,0.07619022751774873,1.4142132997512817,0.9846932419599862,,-0.7731276430997666,-0.1930785871089353,-0.2079416994345834,0.6312286457720427,0.9457475521673918,-0.9948137845620723,-0.9991723175348927,0.005197992428689769,1,4427,,8
4.253960101841812e-05,jvp,dog-bird,CIFAR10,2048,0.7879675626754761,0.22683200240135193,10.709842681884766,True,1.627847162621876e-13,1.3689257404944607e-13,1.1891420509295794,20.209230422973633,ConvNetBN,5000,,,,,,1.6720246298618235e-09,0.9983630843916494,,-0.7030021248028713,-0.06967322149993478,-0.06982081263856205,0.6469174376555289,0.8858393887679485,-0.33619896005207106,-0.3519900880092317,0.03661388637579916,1.4142134189605713,0.9961794574449505,,-0.6992798513222386,-0.12826593360592498,-0.1299841421944853,0.6287622562215806,0.9807256666210266,-0.9959252599989123,-0.999065597546579,0.008161726916495428,2,4427,,8
1.7668778563390408e-05,jvp,dog-bird,CIFAR10,2048,0.7960295081138611,0.3835408687591553,13.989256858825684,True,1.8918200339612667e-13,7.253054359551241e-14,2.608308086744185,22.95098114013672,ConvNetBN,5000,,,,,,1.0777436582065647e-10,0.9983141373473305,,-0.7476642108503563,-0.04834686408324471,-0.048222259930931495,0.6901973404870588,0.9031155743595762,-0.3446032444387459,-0.36723618699398647,0.020841850631031212,1.4142134189605713,0.9797382518121535,,-0.7185627168497183,-0.06642945082807566,-0.07438815427688213,0.6507402236920802,0.9304510572180422,-0.994570594130683,-0.9989277023250565,0.020922197733185047,3,4427,,8
2.40257755062118e-06,jvp,dog-bird,CIFAR10,2048,0.737811267375946,0.31254827976226807,14.267956733703613,True,1.1388112675092543e-13,9.092536531103088e-15,12.524681793839283,24.883899688720703,ConvNetBN,5000,,,,,,1.559766725500733e-11,0.9989069776201042,,-0.8141890066029077,-0.039634154911699616,-0.03937891013643164,0.6303288300299962,0.8903676212867438,-0.3501797614646907,-0.35417098391352153,0.012824893888518164,1.4142135381698608,0.9901632126584496,,-0.8084739408461847,-0.09655593474564077,-0.09625152346837097,0.6184483202396185,0.9587915969756639,-0.9940769836366983,-0.9990910469555981,-0.025568310305084843,4,4427,,8
3.147091677998601e-05,jvp,dog-bird,CIFAR10,2048,0.8030702471733093,0.44594159722328186,14.249471664428711,True,2.0472512574087887e-13,7.995018085352964e-14,2.5606586946430987,27.685794830322266,ConvNetBN,5000,,,,,,9.4669942458242e-13,0.9987220671261028,,-0.7908423578422056,-0.0422477038680933,-0.043206977052460696,0.6413148754007721,0.9185695027305161,-0.34641690849053386,-0.3607500990204023,0.04414794359543471,1.4142135381698608,0.9783597245094502,,-0.7942436918048095,-0.13532561958623995,-0.1475862803549933,0.6364531154559493,0.9412123829670844,-0.9936152004831751,-0.9991010189320192,0.005650530402258847,5,4427,,8
3.5051556430627538e-06,jvp,dog-bird,CIFAR10,2048,0.9260460138320923,0.19648835062980652,10.035201072692871,True,3.448352714485736e-13,5.41957562694547e-15,63.62772570865044,6.507429599761963,ConvNetBN,5000,,,,,,0.0014923110138624907,0.9993477375938375,,-0.5424160830848165,-0.15284678948374245,-0.15154760763592834,0.426068397259241,0.9252175369352175,-0.6262792660979533,-0.6498008371803815,0.06869368341624445,1.3534727096557617,0.9971566253596978,,-0.5322089183314488,-0.25360418383421207,-0.25362758450319045,0.4291961827244488,0.9808442702097706,-0.9948603980902925,-0.9985628304784787,0.009186367855069549,6,4427,,8
0.00024549146748881233,jvp,dog-bird,CIFAR10,2048,1.3650124073028564,0.9421316385269165,12.887042045593262,True,2.154483189076295e-13,9.103221561269675e-13,0.2366726081064205,14.498869895935059,ConvNetBN,5000,,,,,,5.049180913374585e-07,0.9983168538170858,,-0.7002972661574357,-0.0855896868254267,-0.08778604080250774,0.6465255953894536,0.9156716202000682,-0.26517288587266274,-0.27457184713411087,0.01924274550870449,1.414212703704834,0.9800597265151477,,-0.6891664065464363,-0.12546559278128072,-0.13520173002904856,0.6405523905463352,0.9449918613836744,-0.9948978314196624,-0.9991406042215828,-0.03529394160022966,7,4427,,8
5.4754980263007896e-05,jvp,dog-bird,CIFAR10,2048,0.7205928564071655,0.31454381346702576,15.057574272155762,True,1.8670785403851475e-13,1.5437550395472665e-13,1.209439640717028,23.37621307373047,ConvNetBN,5000,,,,,,7.044329008998318e-11,0.9989167540573625,,-0.7894160808809139,-0.008138661750309644,-0.007194290468935764,0.7151730253844596,0.9297857323386313,-0.3554531168597891,-0.36184850616586905,0.07623360510835062,1.4142134189605713,0.992781967754145,,-0.7846070488685877,-0.08957982093244864,-0.09231448104101035,0.697673187604416,0.9765260718844795,-0.9934972263351022,-0.9990258548410341,0.01278357470417698,8,4427,,8
0.00020380017598871874,jvp,dog-bird,CIFAR10,2048,1.023116111755371,0.6840952038764954,15.434073448181152,True,9.824080568140992e-14,4.821764152936268e-13,0.20374452703495471,24.398056030273438,ConvNetBN,5000,,,,,,2.5354725263770916e-11,0.9979308255299129,,-0.8206268012130021,-0.05731223819287593,-0.057572959785872416,0.7935448661315215,0.8825160468964532,-0.37346171322446436,-0.3962805340731711,0.0009882923976295645,1.4142135381698608,0.9557666935105571,,-0.8216359371154723,-0.14356902751393566,-0.146325025149001,0.7914039550701455,0.8814281559611261,-0.9948914086467515,-0.9990663641546544,-0.056357109832664266,9,4427,,8
1.8497011918747675e-05,jvp,dog-bird,CIFAR10,2048,0.7755438685417175,0.34380441904067993,13.48244571685791,True,1.6509016376176078e-13,3.164663035617827e-14,5.216674315833779,23.980852127075195,ConvNetBN,5000,,,,,,3.848115229243554e-11,0.9986790860931859,,-0.7769872952044908,-0.07154056498776341,-0.07248508065284838,0.6652213477681317,0.9210034320308202,-0.3884530967574223,-0.3976950308928295,0.03073899236063544,1.4142050743103027,0.9855385017733619,,-0.7661867592561898,-0.10324747730977306,-0.1159873851222791,0.6502989317395644,0.9622467510658699,-0.9953998057719995,-0.999100080412003,0.008613520905969556,10,4427,,8
1.9033545482111146e-05,jvp,dog-bird,CIFAR10,2048,0.7768966555595398,0.45304161310195923,14.853602409362793,True,1.0982033899343928e-13,5.85217571298544e-14,1.8765728231597358,19.002376556396484,ConvNetBN,5000,,,,,,5.589501750336012e-09,0.9970643153935241,,-0.790788582137277,-0.023372070417615028,-0.028631623134152295,0.7573316671479404,0.8728158357096611,-0.35164143036645856,-0.36262501115242046,0.05991269866446364,1.3407758474349976,0.9688790478079315,,-0.7890342018291155,-0.13023145403182645,-0.14905193579680917,0.7493920819496395,0.9211216378368654,-0.9956965906910373,-0.9990359976254398,-0.02727214337177928,11,4427,,8
8.072144768004075e-05,jvp,dog-bird,CIFAR10,2048,2.368199586868286,1.9570269584655762,14.797410011291504,True,1.900701818158268e-13,3.364682060324496e-13,0.5648978964672107,16.735021591186523,ConvNetBN,5000,,,,,,5.396010038793975e-08,0.9974321558145911,,-0.7545247238570244,-0.07710121583063087,-0.07981200420808385,0.5310718007389945,0.8451864648942364,-0.37512137678396196,-0.3802171432809674,0.05354011997089733,1.4142125844955444,0.9688249353516587,,-0.7482266293027672,-0.12724820961038508,-0.14004996205672088,0.5231319374623877,0.897893553515742,-0.9950006977903334,-0.9990596029703388,0.01818933366123277,12,4427,,8
0.0005135354361806394,jvp,dog-bird,CIFAR10,2048,0.9969998002052307,0.6583768725395203,12.45925235748291,True,1.8891485598082625e-13,2.802432035378562e-12,0.06741103926729378,22.212493896484375,ConvNetBN,5000,,,,,,2.2554659528939425e-10,0.9968242273528396,,-0.6958808535014679,-0.0822499911312494,-0.08685319038770796,0.5274209444526413,0.8251331353370597,-0.32650868578504644,-0.34211255380836786,0.005039071463772041,1.41416597366333,0.9654353325278999,,-0.697084615233225,-0.11525673910992373,-0.13081442280371647,0.5222552579392786,0.8726669012746759,-0.9950351983998589,-0.9991908212475551,0.00428546430387725,13,4427,,8
3.7982792497721244e-06,jvp,dog-bird,CIFAR10,2048,0.7560620307922363,0.27457675337791443,12.92306137084961,True,2.504153568533285e-13,2.8321211888109224e-14,8.841971799888492,22.28426742553711,ConvNetBN,5000,,,,,,2.0992564631061583e-10,0.9985148448351288,,-0.7448328143707816,-0.07722003240859016,-0.07642275873930306,0.5899340250948423,0.9222965316962609,-0.3819610564075405,-0.39811393973716214,0.0771826991595976,1.4142134189605713,0.9935392452874002,,-0.7410361105623687,-0.13487478310614903,-0.14054894971795798,0.5704235183689407,0.98591375316455,-0.9953639766049436,-0.9989754992870198,0.056778821923530044,14,4427,,8
3.785263522237744e-06,jvp,dog-bird,CIFAR10,2048,0.9402958750724792,0.47254687547683716,12.957820892333984,True,2.4158453015843406e-13,2.2570273045796335e-14,10.703660060657914,13.153977394104004,ConvNetBN,5000,,,,,,1.937760316650383e-06,0.9984299067747784,,-0.7195171473028372,-0.03559558160445592,-0.037306425653144,0.6356830895479484,0.9405845732998022,-0.3455940832501504,-0.38240566926203484,0.06083267762134499,1.3712846040725708,0.9802429571190182,,-0.7071381818903839,-0.04577997291013419,-0.05768936035557441,0.6224572348001673,0.9598648342985932,-0.9961537038299633,-0.9989508676060347,0.024874220038173227,15,4427,,8
9.646641614756346e-06,jvp,dog-bird,CIFAR10,2048,1.038231611251831,0.7077430486679077,13.94790267944336,True,7.105427357601002e-14,7.858645198995108e-15,9.041542374898894,17.886058807373047,ConvNetBN,5000,,,,,,1.706802876810798e-08,0.9956306068059744,,-0.780050583299159,-0.05399329928928577,-0.05707972596396645,0.648118611245279,0.8312870288924594,-0.3704907593845572,-0.37525740070690955,0.02473768207552273,1.4117681980133057,0.9653008504860245,,-0.7803268108907117,-0.0902672984355583,-0.10256753575316305,0.635801593639323,0.8685769554359241,-0.994851181627923,-0.9988959601158384,0.027126903186884856,16,4427,,8
9.012624050158669e-05,jvp,dog-bird,CIFAR10,2048,0.8480290770530701,0.4405509829521179,13.990327835083008,True,2.6519711770421053e-13,5.304961411938711e-13,0.4999039523782202,16.872400283813477,ConvNetBN,5000,,,,,,4.703375111603236e-08,0.9986214954555755,,-0.7786875692654759,-0.0680409475521857,-0.06889112374839174,0.6961272347865439,0.8906457186373429,-0.3145797886708605,-0.3532256164646867,0.02256591000493712,1.4123435020446777,0.983185552791578,,-0.7710628023220287,-0.1594999578086021,-0.1702828081873123,0.6791818304795736,0.9321563826622552,-0.9945444350518134,-0.9989952106557843,-0.009917463670332104,17,4427,,8
2.3355552062928845e-05,jvp,dog-bird,CIFAR10,2048,1.0106760263442993,0.5921453833580017,12.805088996887207,True,1.085954243196241e-13,4.8402370624329534e-14,2.243597223005404,20.180612564086914,ConvNetBN,5000,,,,,,1.7205656899221822e-09,0.9971471438061766,,-0.7513789851250189,-0.02184068659390604,-0.02468239331569744,0.618884988800945,0.8284718539904766,-0.3851563487696649,-0.3938113822831923,0.0722828481928644,1.4142134189605713,0.9647528244612618,,-0.7389377832656528,-0.019276392698216797,-0.03587763993196666,0.6111771712617552,0.8645328639573144,-0.9946802972888269,-0.9987664972946597,0.073738417589913,18,4427,,8
7.643058188479599e-05,jvp,dog-bird,CIFAR10,2048,0.9955008029937744,0.7177147269248962,12.432692527770996,True,9.908740494779522e-14,4.0781766541094787e-13,0.24296986950760768,19.445056915283203,ConvNetBN,5000,,,,,,3.5902030237622284e-09,0.9973805022406813,,-0.7112303453405683,-0.09829713945110731,-0.10079274586816253,0.6551831115054124,0.8802667239590064,-0.31692611396452053,-0.33891857985330787,-0.0262202327748521,1.4142134189605713,0.9559507284826754,,-0.6998592990055585,-0.10497146045739737,-0.1279950827838033,0.6489730449029217,0.8658694657707784,-0.9941887803132564,-0.9991028518840711,-0.014517813055653998,19,4427,,8
,,dog-bird,CIFAR10,,,,,,,,,,ConvNetBN,5000,0.52,0.304,0.664,0.612,0.72,,,0.71241667888246,,,,,,,,,,,0.8018374830605194,,,,,,,,,ENSEMBLE,4427,250,
