train_idx,x_rm,y_a,d_raw,m_raw,a_raw
40,0.8432300686836243,-0.1928136795759201,0.03957293927669525,14.839268684387207,0.0031793236266821623
51,-0.5508050322532654,-0.14639322459697723,0.021113110706210136,14.330981254577637,0.05640603229403496
70,0.6760251522064209,-0.19628171622753143,0.03736978396773338,15.1144437789917,0.024804532527923584
107,1.4084646701812744,-0.07222556322813034,0.03876764699816704,12.361462593078613,0.40959230065345764
128,-0.07619001716375351,-0.16348746418952942,0.022911174222826958,12.786932945251465,0.046376995742321014
173,-0.3050481677055359,-0.18904952704906464,0.02331269346177578,14.038591384887695,0.026753295212984085
195,0.15396611392498016,0.07028710842132568,0.030133476480841637,14.401926040649414,0.30723094940185547
217,-0.8441542983055115,-0.19347648322582245,0.02048817090690136,15.611166954040527,0.002411461202427745
239,-1.6347122192382812,-0.2044307440519333,0.024297142401337624,20.932296752929688,0.0002075195370707661
260,1.452069640159607,0.9423772692680359,0.03831925615668297,12.502358436584473,2.8761518001556396
277,0.32221609354019165,0.1775866597890854,0.03068234957754612,14.302011489868164,0.02942371368408203
285,-0.29297900199890137,-0.14626996219158173,0.021430937573313713,13.210745811462402,0.07260199636220932
297,-1.4092601537704468,-0.20448961853981018,0.026112884283065796,20.1463565826416,0.0006958008161745965
305,0.527934193611145,0.03592434152960777,0.027451006695628166,11.87860107421875,0.2349841594696045
324,-0.9259138107299805,-0.20200109481811523,0.02512546256184578,18.059314727783203,0.0005858898512087762
339,0.9867062568664551,-0.1757531315088272,0.041093986481428146,13.598528861999512,0.03136471286416054
462,-1.051910638809204,-0.2031920999288559,0.020226238295435905,16.381105422973633,0.006318962667137384
491,-0.39914047718048096,-0.09755142778158188,0.02477855421602726,15.284929275512695,0.2311619073152542
515,-0.4954025447368622,-0.1911362260580063,0.026236552745103836,16.744815826416016,0.0016704797744750977
542,2.4210827350616455,-0.11934351176023483,0.0573323629796505,13.491766929626465,0.2802294194698334
573,1.005599856376648,0.7002148032188416,0.03059106506407261,10.898392677307129,1.2418407201766968
607,-0.9014410972595215,-0.20434029400348663,0.028358494862914085,18.099260330200195,0.00013867617235518992
624,0.5638437271118164,-0.14913207292556763,0.03885025158524513,15.979763984680176,0.2525779902935028
670,1.0869618654251099,0.1342684030532837,0.035459455102682114,12.01659870147705,0.16405709087848663
726,-0.6916235089302063,-0.16293494403362274,0.0251352246850729,16.019620895385742,0.11766854673624039
732,0.4139929711818695,0.8720313906669617,0.021363383159041405,9.6848783493042,1.1028022766113281
734,0.15289972722530365,0.6738690733909607,0.020918501541018486,10.912331581115723,1.0991042852401733
750,1.146009922027588,0.017962442710995674,0.034662287682294846,11.420320510864258,0.1325787752866745
762,1.0821408033370972,0.3149825930595398,0.027473902329802513,9.49404239654541,0.27497485280036926
767,1.8934690952301025,-0.04469574987888336,0.045402299612760544,12.529532432556152,0.1181681752204895
814,0.08397746831178665,-0.18985532224178314,0.030079657211899757,15.115470886230469,0.03959564119577408
817,-0.7528063654899597,-0.1905512511730194,0.020870037376880646,15.4676513671875,0.024535372853279114
852,-0.5398240089416504,-0.1294335424900055,0.020588893443346024,14.014129638671875,0.12553717195987701
875,-1.1437487602233887,-0.20388472080230713,0.024611465632915497,17.98859405517578,0.0008520126575604081
908,-0.557579517364502,-0.20318534970283508,0.03184797987341881,19.146291732788086,0.002325439592823386
918,0.8363350033760071,-0.19212055206298828,0.03992444649338722,16.82513999938965,0.018052292987704277
984,0.10114379972219467,0.18178151547908783,0.027196163311600685,12.745696067810059,0.5818665623664856
993,-0.05610009655356407,-0.14804303646087646,0.02388094738125801,12.65543270111084,0.05617077276110649
999,1.31500244140625,-0.1120985671877861,0.041994184255599976,13.528587341308594,0.1009986400604248
1015,-0.7508818507194519,-0.19741849601268768,0.03238930180668831,19.027755737304688,0.0005095378728583455
1081,0.5437909960746765,-0.1870952546596527,0.04233742505311966,15.39575481414795,0.006655121687799692
1088,0.31463542580604553,-0.01801305264234543,0.025224415585398674,11.895874977111816,0.32743391394615173
1091,-2.1956286430358887,-0.14932134747505188,0.023238955065608025,21.678709030151367,0.0031593323219567537
1093,1.1938942670822144,-0.10801886767148972,0.042418237775564194,15.416949272155762,0.15340271592140198
1096,-3.202624559402466,-0.2046293467283249,0.01731124334037304,26.33979606628418,0.0
1111,-2.2514150142669678,-0.20459583401679993,0.01996883749961853,21.465822219848633,4.9209596909349784e-05
1156,-1.9721037149429321,-0.2045750468969345,0.019252220168709755,20.046926498413086,2.6416779292048886e-05
1172,-3.034855365753174,-0.20448926091194153,0.01564079150557518,24.54798698425293,0.00021972657123114914
1193,0.7101125121116638,-0.16126762330532074,0.03450834006071091,13.471878051757812,0.16996891796588898
1198,1.4765633344650269,-0.1053381934762001,0.03761165216565132,11.593708992004395,0.16822923719882965
1206,1.0841385126113892,-0.19928789138793945,0.04347994923591614,14.559569358825684,0.00988318957388401
1244,-0.31310057640075684,-0.17110978066921234,0.022540325298905373,13.681015014648438,0.04403401166200638
1272,0.44165393710136414,-0.09712021052837372,0.03019355796277523,13.350563049316406,0.08271197974681854
1274,-3.4048397541046143,-0.2046293467283249,0.014809372834861279,25.884170532226562,0.0
1331,0.2638857066631317,-0.07278816401958466,0.025300830602645874,12.193422317504883,0.15210945904254913
1344,-0.5774908661842346,-0.16400443017482758,0.022134212777018547,15.09306526184082,0.13070611655712128
1411,0.4555526673793793,0.01612965576350689,0.03395771607756615,14.439752578735352,0.0560670867562294
1423,-0.5911272168159485,-0.1351061761379242,0.02556227147579193,16.596593856811523,0.0006896614795550704
1482,1.226617693901062,-0.12423787266016006,0.044942066073417664,15.509291648864746,0.08110149949789047
1486,-0.37945160269737244,-0.025475526228547096,0.0212062057107687,13.331504821777344,0.049025487154722214
1513,1.6259479522705078,0.22849373519420624,0.041769128292798996,11.314131736755371,0.22380240261554718
1517,-0.4200398027896881,-0.19754551351070404,0.026020778343081474,15.87115478515625,0.010713065043091774
1519,-0.5838984847068787,-0.08568631857633591,0.02397737093269825,15.489542007446289,0.4873952865600586
1521,0.6322309970855713,-0.1485140174627304,0.03464657813310623,13.647496223449707,0.15074275434017181
1580,0.7364522218704224,0.3855002224445343,0.024099400267004967,9.131942749023438,1.2978150844573975
1588,-1.5613549947738647,-0.1336127072572708,0.026461685076355934,21.99542236328125,0.10121345520019531
1591,0.21134741604328156,-0.14418886601924896,0.024655641987919807,12.306167602539062,0.07188188284635544
1600,-1.7601791620254517,-0.204056054353714,0.024325136095285416,21.786657333374023,0.0009399414411745965
1647,0.3060448467731476,-0.1353365033864975,0.03117409162223339,13.718825340270996,0.07760842144489288
1661,-1.7527235746383667,-0.20455880463123322,0.026601118966937065,21.70759391784668,2.708435022213962e-05
1691,-2.671888589859009,-0.2046293467283249,0.019991114735603333,24.67508888244629,0.0
1713,0.01326304953545332,-0.0043839504942297935,0.020214693620800972,11.379765510559082,0.46659278869628906
1719,-1.5112431049346924,-0.20455637574195862,0.02441827394068241,20.68512535095215,0.00018386841111350805
1754,0.4203372895717621,-0.1283993124961853,0.030199585482478142,13.142170906066895,0.20007120072841644
1786,-1.5418652296066284,-0.20150065422058105,0.02558177150785923,19.999237060546875,0.002014351077377796
1805,-1.807970643043518,-0.2045522928237915,0.021047234535217285,20.520891189575195,9.384155418956652e-05
1847,0.9355389475822449,-0.09792859107255936,0.04326799139380455,17.456512451171875,0.12984314560890198
1848,-0.6415964365005493,-0.15383793413639069,0.025418777018785477,16.246376037597656,0.12605302035808563
1849,-1.3033593893051147,-0.20459841191768646,0.02717995084822178,20.476200103759766,2.4449826014460996e-05
1865,0.8223320245742798,0.3933618664741516,0.02687648870050907,10.032999992370605,0.4577364921569824
1873,0.864506185054779,-0.12341566383838654,0.033933740109205246,12.251221656799316,0.11372490972280502
1942,-0.3118569552898407,-0.045731719583272934,0.024465743452310562,14.246789932250977,0.16732321679592133
1943,0.5242831110954285,0.8574945330619812,0.024168342351913452,10.787769317626953,1.4101728200912476
1949,0.6643983721733093,0.010068725794553757,0.0315827913582325,11.66916275024414,0.1283276081085205
1976,0.196859210729599,0.3977740406990051,0.027794623747467995,12.886321067810059,0.7345200777053833
1983,1.1129308938980103,0.07340198755264282,0.033714938908815384,11.91769027709961,0.2637443244457245
1986,0.1789543330669403,-0.188396617770195,0.03466789051890373,14.821234703063965,0.018909549340605736
1991,1.4238451719284058,0.4386776387691498,0.03696129471063614,12.148239135742188,0.34352850914001465
1993,0.8849555850028992,0.2594645023345947,0.03029419295489788,11.179997444152832,0.9116656184196472
1998,1.4033818244934082,0.8625726103782654,0.042098093777894974,12.262598991394043,0.2664906978607178
2028,0.39161768555641174,-0.09031211584806442,0.03354930132627487,13.855714797973633,0.073400117456913
2054,1.0633180141448975,-0.14904741942882538,0.04168441519141197,13.207341194152832,0.15814295411109924
2064,0.4283771216869354,0.9137226939201355,0.02259070798754692,10.299296379089355,0.31717631220817566
2071,0.4902110695838928,-0.18433211743831635,0.03537273406982422,14.5427827835083,0.05812765285372734
2073,1.2049964666366577,0.14357860386371613,0.033378105610609055,11.244016647338867,0.4647463858127594
2081,-2.695519208908081,-0.2046293467283249,0.02016969583928585,24.78414535522461,0.0
2104,-0.3596826493740082,-0.16552609205245972,0.024931682273745537,15.218202590942383,0.06168489530682564
2117,2.3591723442077637,-0.0336475744843483,0.057622816413640976,12.307182312011719,0.6512660384178162
2120,-0.1159365326166153,-0.1282902956008911,0.02810492552816868,13.238490104675293,0.07185990363359451
2147,1.0189608335494995,0.008190191350877285,0.03173619881272316,11.331811904907227,0.18066048622131348
2148,2.045248508453369,0.37165388464927673,0.044688381254673004,11.35738468170166,0.6108747720718384
2167,-0.4502839744091034,-0.19986169040203094,0.02619166113436222,15.788851737976074,0.003759444924071431
2188,-0.7287907004356384,-0.2020099014043808,0.025830959901213646,16.584836959838867,0.0031439780723303556
2236,0.5760013461112976,-0.12390424311161041,0.03530879318714142,15.336082458496094,0.13438847661018372
2240,0.07725648581981659,-0.18814361095428467,0.031995803117752075,15.6462984085083,0.0071961404755711555
2242,1.6708120107650757,0.17705269157886505,0.04740327224135399,12.121603965759277,0.07845430821180344
2260,1.1783827543258667,0.31868281960487366,0.03201484680175781,10.252223014831543,0.7615538835525513
2261,-0.1891145557165146,-0.19642703235149384,0.027623912319540977,15.476038932800293,0.014324498362839222
2271,0.4648624360561371,0.04189541935920715,0.031617019325494766,12.577219009399414,0.29972323775291443
2294,-0.9994085431098938,-0.2023525983095169,0.02006080374121666,16.013879776000977,0.0029644013848155737
2305,-2.1261281967163086,-0.2046293467283249,0.022999146953225136,22.476551055908203,0.0
2314,1.4415082931518555,-0.07220839709043503,0.04349643364548683,12.227094650268555,0.11169698089361191
2334,0.5091758370399475,-0.155687615275383,0.02925180271267891,12.475168228149414,0.01871424913406372
2335,-0.17907153069972992,-0.17275874316692352,0.024978533387184143,13.666801452636719,0.033840276300907135
2361,-0.7248908877372742,-0.18017451465129852,0.022341923788189888,15.773935317993164,0.029409054666757584
2367,-0.9751766324043274,-0.1739874631166458,0.02331378310918808,16.627683639526367,0.05947418138384819
2371,0.6287623047828674,-0.13639584183692932,0.028654873371124268,12.194381713867188,0.09603097289800644
2373,-2.2858693599700928,-0.20435388386249542,0.017182564362883568,21.673715591430664,0.0006103515625
2384,0.7577068209648132,0.2901143729686737,0.024948617443442345,9.455711364746094,0.566667914390564
2457,0.8915311098098755,-0.16997812688350677,0.0351223386824131,12.681708335876465,0.00976030994206667
2482,0.2908773720264435,-0.17236152291297913,0.029567793011665344,13.585136413574219,0.03288958594202995
2500,0.9718267321586609,-0.13239659368991852,0.03606026619672775,12.324854850769043,0.09889455884695053
2509,-1.3441017866134644,-0.20454123616218567,0.030380571261048317,21.769184112548828,9.76800947682932e-05
2516,-1.7270389795303345,-0.20459938049316406,0.022535162046551704,20.825592041015625,2.536773718020413e-05
2522,1.77460515499115,-0.03336363285779953,0.04291089251637459,11.006600379943848,0.1665000170469284
2549,0.031665392220020294,-0.1975114494562149,0.0355733223259449,17.003087997436523,0.003328514052554965
2604,-1.6953741312026978,-0.20449383556842804,0.02120295912027359,20.05010986328125,0.00012240410433150828
2634,1.7711477279663086,0.07402694225311279,0.0425664559006691,11.223464965820312,0.08043622970581055
2685,-0.6069594025611877,-0.19957879185676575,0.031191110610961914,17.841163635253906,0.00821456965059042
2686,-1.580734133720398,-0.20440040528774261,0.02760837785899639,21.77503776550293,0.0002807617129292339
2688,0.4272529184818268,-0.13818834722042084,0.025707930326461792,11.351618766784668,0.08432760089635849
2711,0.29493507742881775,-0.17378485202789307,0.03414753079414368,15.10466480255127,0.03258029371500015
2747,-1.3794792890548706,-0.19222848117351532,0.02186662144958973,18.251922607421875,0.012809276580810547
2748,0.006347510498017073,0.4445831775665283,0.028713906183838844,13.84129524230957,0.08318771421909332
2763,-0.6263936758041382,-0.19924406707286835,0.03013577125966549,18.84867286682129,0.0046142577193677425
2806,0.31403693556785583,0.11911673843860626,0.021007200703024864,10.78515625,0.11749241501092911
2850,1.2903811931610107,0.07827552407979965,0.032150715589523315,10.415824890136719,0.12002261728048325
2877,0.6793824434280396,-0.16515806317329407,0.03055272437632084,12.577169418334961,0.04095199331641197
2901,0.23899929225444794,-0.05284418538212776,0.02573431096971035,12.005850791931152,0.18151257932186127
2906,0.5776044726371765,-0.20072202384471893,0.042000558227300644,16.668210983276367,0.006443500518798828
2940,0.28135523200035095,0.5299550890922546,0.022278325632214546,10.806438446044922,0.29577961564064026
2963,-0.04086330160498619,-0.1706150770187378,0.02898710034787655,14.863298416137695,0.16079847514629364
3005,0.46030640602111816,-0.06123962625861168,0.031592708081007004,13.5744047164917,0.23175525665283203
3028,-0.5104023814201355,-0.14188659191131592,0.023725274950265884,15.058951377868652,0.07446976006031036
3055,0.422039270401001,0.06518416851758957,0.029965145513415337,12.238131523132324,0.26824161410331726
3107,-2.6838736534118652,-0.2046208679676056,0.016720274463295937,23.31081771850586,2.441406286379788e-05
3124,0.5789876580238342,-0.1649024337530136,0.03265775740146637,13.08739185333252,0.023895161226391792
3132,0.44417229294776917,-0.0849822387099266,0.026018857955932617,11.613451957702637,0.09584225714206696
3148,0.21677303314208984,-0.1399698108434677,0.026596814393997192,12.224647521972656,0.04725579172372818
3152,-1.6373547315597534,-0.20446911454200745,0.022930165752768517,20.816984176635742,0.0004028320254292339
3158,-1.1720834970474243,-0.2034008949995041,0.02473258040845394,18.351110458374023,7.705688767600805e-05
3162,-0.7851235866546631,-0.2036491185426712,0.025029515847563744,16.90645408630371,0.0006155133596621454
3163,-1.4435304403305054,-0.091096431016922,0.021838193759322166,18.81585121154785,0.13648568093776703
3173,-1.351796269416809,-0.20332467555999756,0.027665693312883377,20.371936798095703,0.0003120422479696572
3229,0.5971154570579529,-0.08188248425722122,0.031851571053266525,12.877799034118652,0.15494881570339203
3249,1.3892349004745483,0.32567885518074036,0.03972391039133072,13.260530471801758,1.321301817893982
3270,-0.4064645767211914,0.15393750369548798,0.021829161792993546,13.41691780090332,1.553246259689331
3271,2.1069772243499756,0.01793563924729824,0.04626193642616272,13.679522514343262,0.7643424868583679
3278,-0.345753014087677,-0.20363681018352509,0.03252362832427025,17.610355377197266,0.0004299163992982358
3280,0.2717544734477997,0.06999438256025314,0.02277258224785328,10.81096363067627,0.304749071598053
3282,0.9060357213020325,0.020985817536711693,0.030697254464030266,10.749598503112793,0.3511265814304352
3293,0.8489608764648438,-0.02791742794215679,0.030240288004279137,11.419978141784668,0.10427536070346832
3356,2.395859718322754,0.023671681061387062,0.052261557430028915,12.873339653015137,0.2223747819662094
3367,-0.7944954037666321,-0.19765934348106384,0.026449551805853844,17.978038787841797,0.006579303648322821
3370,-2.319768190383911,-0.2046293467283249,0.01862616091966629,22.500696182250977,0.0
3396,1.6593570709228516,2.058415651321411,0.0323781780898571,7.980935573577881,3.524995803833008
3420,0.6885331273078918,-0.19108514487743378,0.038788773119449615,15.673075675964355,0.00899283867329359
3421,-0.6707649827003479,-0.19935773313045502,0.030283669009804726,18.69736671447754,0.008930397219955921
3426,-0.246439129114151,-0.20113420486450195,0.03560081496834755,17.940410614013672,0.0018724441761150956
3448,0.9007730484008789,0.28820016980171204,0.031771302223205566,10.511347770690918,0.3731076419353485
3451,1.4357846975326538,0.02608044445514679,0.03909633681178093,11.983168601989746,0.47711053490638733
3453,-0.3941422402858734,-0.01183419581502676,0.021593637764453888,13.95954418182373,0.24720458686351776
3459,1.3500913381576538,-0.06519726663827896,0.04083762690424919,12.032610893249512,0.12947624921798706
3492,-0.5797576904296875,-0.20184902846813202,0.027122631669044495,16.62697410583496,0.00105448963586241
3495,0.5100330710411072,0.18104861676692963,0.03201696649193764,12.467464447021484,0.44968491792678833
3496,2.0544381141662598,0.08978589624166489,0.05539197847247124,14.38095760345459,0.2590554654598236
3499,-0.7307687401771545,-0.14708171784877777,0.020159965381026268,14.660858154296875,0.07937145233154297
3547,0.27868160605430603,0.17722325026988983,0.023892296478152275,11.673460006713867,0.24282264709472656
3557,-0.020134348422288895,-0.013501782901585102,0.026383116841316223,14.01065731048584,0.26188719272613525
3562,0.963092029094696,-0.0302584171295166,0.041150446981191635,13.308262825012207,0.05004405975341797
3576,1.6223881244659424,0.4494916498661041,0.04290959984064102,12.909860610961914,2.876103162765503
3580,-3.3217570781707764,-0.2046293467283249,0.015506158582866192,26.005033493041992,0.0
3595,-2.007629156112671,-0.20433226227760315,0.024819305166602135,23.582860946655273,7.896423630882055e-05
3604,0.5007655024528503,-0.07351711392402649,0.03265998885035515,12.660370826721191,0.08202378451824188
3616,0.30270615220069885,-0.19920554757118225,0.03297020494937897,14.119987487792969,0.006577558349817991
3632,0.012019562534987926,0.08782441169023514,0.023059431463479996,12.228187561035156,0.10160299390554428
3667,-0.19095568358898163,-0.18273694813251495,0.02760026417672634,14.815704345703125,0.02923966757953167
3714,0.411957710981369,-0.04727540910243988,0.02964908257126808,13.161935806274414,0.18870678544044495
3746,-0.40979525446891785,-0.1455119401216507,0.01980978064239025,13.10051155090332,0.062331248074769974
3751,1.3357272148132324,0.279790997505188,0.036702029407024384,11.045476913452148,2.096895933151245
3752,0.6609337329864502,0.046978630125522614,0.03169335424900055,12.804045677185059,0.02146022394299507
3767,-0.8961681723594666,-0.204448863863945,0.028505926951766014,19.81630516052246,0.00022284984879661351
3790,0.8635992407798767,0.20496976375579834,0.028178948909044266,10.739729881286621,0.5177969932556152
3799,0.9266624450683594,0.7497982382774353,0.027782872319221497,10.534112930297852,0.9714490175247192
3803,1.0569326877593994,0.29798951745033264,0.02778969518840313,9.829609870910645,0.9312551617622375
3810,1.1308059692382812,-0.10125833749771118,0.034483905881643295,11.900893211364746,0.11988365650177002
3853,0.602424681186676,-0.18263883888721466,0.03709343820810318,16.43854522705078,0.09141311794519424
3867,-1.0621793270111084,-0.20275811851024628,0.02155991457402706,17.28915023803711,0.0018907546764239669
3894,1.1139466762542725,1.114244818687439,0.02946442738175392,10.039467811584473,2.1148242950439453
3896,0.11333712190389633,-0.07339145988225937,0.021840151399374008,11.773062705993652,0.06090749427676201
3917,-2.8241031169891357,-0.2046293467283249,0.017900964245200157,24.030120849609375,0.0
3960,-4.322905540466309,-0.2046293467283249,0.013270846568048,29.700790405273438,0.0
3966,-1.5382206439971924,-0.20462022721767426,0.03133935108780861,22.47417640686035,3.814697322468419e-07
3968,1.7330353260040283,0.00431906757876277,0.04416176304221153,13.01832103729248,0.4187583923339844
3993,-1.5192090272903442,-0.20459416508674622,0.026923030614852905,21.160245895385742,0.00019531250291038305
3995,0.4816358685493469,-0.15141551196575165,0.039367806166410446,15.753859519958496,0.026633834466338158
4019,0.7645847201347351,0.11837666481733322,0.029957974329590797,11.345980644226074,0.5321356654167175
4042,-0.5262951254844666,-0.1790604144334793,0.021939733996987343,14.653635025024414,0.02787685953080654
4044,-0.4693222641944885,-0.19804005324840546,0.029292935505509377,16.837404251098633,0.01648235321044922
4067,0.7708061337471008,0.08251390606164932,0.026605680584907532,9.866312980651855,0.16175709664821625
4074,0.24415135383605957,0.3519989252090454,0.024622373282909393,11.31181812286377,0.6869489550590515
4120,-0.5314085483551025,-0.09371864795684814,0.03028091788291931,16.849349975585938,0.010729694738984108
4135,0.7954598665237427,0.07587088644504547,0.03002104163169861,11.233556747436523,0.24042056500911713
4153,-2.7627620697021484,-0.2046293467283249,0.019586049020290375,24.74104881286621,0.0
4160,0.7491212487220764,0.2994360327720642,0.028226036578416824,10.80739974975586,0.6134321689605713
4255,-2.877948045730591,-0.2046213150024414,0.015433892607688904,23.660959243774414,1.9073486612342094e-07
4259,1.0197938680648804,-0.04546041786670685,0.029058491811156273,10.046542167663574,0.17121954262256622
4260,0.41930943727493286,-0.052929896861314774,0.030034353956580162,12.783047676086426,0.21738770604133606
4275,0.5106755495071411,-0.046037457883358,0.029323680326342583,12.282580375671387,0.36944887042045593
4312,1.058256983757019,-0.13340042531490326,0.03810932859778404,12.482565879821777,0.24750757217407227
4316,0.5168240070343018,-0.06097598001360893,0.0406150259077549,16.222929000854492,0.014230883680284023
4355,-1.4335811138153076,-0.18625836074352264,0.016912978142499924,16.793701171875,0.020363187417387962
4406,0.4291696548461914,-0.18494077026844025,0.040364544838666916,16.079635620117188,0.029723359271883965
4424,0.6064573526382446,0.0764513909816742,0.03425627574324608,14.322732925415039,1.5271449089050293
4463,-2.578939914703369,-0.2046293467283249,0.020733997225761414,24.042129516601562,0.0
4467,0.8900062441825867,0.016945863142609596,0.03321821615099907,12.862482070922852,0.19292333722114563
4479,-0.16017533838748932,-0.16334669291973114,0.021838895976543427,12.882344245910645,0.16229891777038574
4487,0.9920889139175415,-0.11896564066410065,0.03339161351323128,11.838969230651855,0.08967471867799759
4495,2.4639317989349365,0.3473574221134186,0.05283154919743538,12.076778411865234,0.5605578422546387
4512,-1.4183337688446045,-0.2045399397611618,0.026148781180381775,21.026386260986328,0.00010070800635730848
4529,-0.4251801669597626,-0.2018233835697174,0.03126908466219902,18.325977325439453,0.00994873046875
4548,0.3475213348865509,-0.15412215888500214,0.03363775089383125,14.180686950683594,0.04127642139792442
4626,-1.7090609073638916,-0.2042398303747177,0.021831894293427467,20.55915641784668,0.0005691528203897178
4627,0.1363939493894577,0.28809696435928345,0.023674270138144493,11.511857032775879,0.5487664341926575
4635,1.2949438095092773,0.06005750223994255,0.04247456416487694,13.707968711853027,0.2901119589805603
4639,1.455471396446228,0.4640185832977295,0.0399496853351593,11.660881042480469,0.5382230877876282
4641,1.4533913135528564,-0.013188064098358154,0.05642563849687576,15.904190063476562,0.23404932022094727
4692,0.23937252163887024,0.38096344470977783,0.025206303223967552,11.637579917907715,1.3095680475234985
4699,0.5757097005844116,-0.17598827183246613,0.0374244749546051,14.839518547058105,0.07371579855680466
4702,-0.6185824275016785,-0.20002101361751556,0.02355850301682949,15.724528312683105,0.0035068511497229338
4716,0.6755643486976624,0.016244767233729362,0.03131508827209473,12.433554649353027,0.12666749954223633
4814,-1.3092927932739258,-0.20459353923797607,0.02770315669476986,20.90180778503418,3.052949978155084e-05
4849,0.4226783215999603,0.1375720500946045,0.023356927558779716,10.624490737915039,0.21394029259681702
4850,-0.8119359016418457,-0.20213738083839417,0.024886857718229294,17.805477142333984,0.001987457275390625
4874,-1.7823079824447632,-0.2046293467283249,0.023257747292518616,21.021514892578125,0.0
4890,0.2889455258846283,-0.10906621068716049,0.02759494259953499,12.934588432312012,0.026839448139071465
4893,-1.2409191131591797,-0.182907834649086,0.02545086108148098,17.94801902770996,0.0011821746593341231
4920,-0.07039593160152435,-0.06737395375967026,0.02716919779777527,13.747248649597168,0.08250027149915695
4922,-0.4890349507331848,-0.17361705005168915,0.025370744988322258,15.669482231140137,0.007908475585281849
4960,1.0540517568588257,0.5917341709136963,0.025632446631789207,8.981451988220215,1.690928339958191
4997,1.0241254568099976,0.1557110697031021,0.031758662313222885,11.612855911254883,0.39056965708732605
5036,-0.5883520245552063,-0.17508211731910706,0.01996210217475891,14.21219539642334,0.04841748625040054
5057,0.9947271347045898,0.11874469369649887,0.028212158009409904,10.159052848815918,0.3010556995868683
5090,0.1639871597290039,-0.1973419487476349,0.03157730773091316,14.693144798278809,0.008812236599624157
5098,0.5473658442497253,0.22702090442180634,0.027570117264986038,11.587156295776367,0.24315257370471954
5136,1.9505674839019775,1.2286856174468994,0.03887872397899628,9.248238563537598,0.9562258124351501
5156,-1.3119257688522339,-0.09833606332540512,0.024072904139757156,18.7476863861084,0.006336212158203125
5175,1.035439133644104,0.09550657868385315,0.036279987543821335,12.383920669555664,0.4012926518917084
5201,1.3568114042282104,-0.18447795510292053,0.04894973710179329,14.856010437011719,0.024660158902406693
5208,0.294474333524704,0.26114532351493835,0.023843811824917793,10.798242568969727,1.0580655336380005
5233,0.3102761209011078,0.5963805913925171,0.02188052050769329,10.155192375183105,0.5394157767295837
5265,0.39161720871925354,0.0869140774011612,0.028175337240099907,11.908272743225098,0.2756288945674896
5305,0.6928550601005554,-0.16996870934963226,0.04392943158745766,16.257362365722656,0.013499832712113857
5367,-1.0723565816879272,-0.17194005846977234,0.02055087685585022,16.72512435913086,0.04744071885943413
5372,1.392236351966858,0.7342754006385803,0.03725599870085716,10.639769554138184,0.8230596780776978
5399,-0.6105172634124756,-0.2030235379934311,0.026346975937485695,16.263731002807617,0.0011581422295421362
5411,0.42631229758262634,0.800868034362793,0.024440495297312737,11.275758743286133,1.9923015832901
5413,-1.7781568765640259,-0.20458514988422394,0.022181089967489243,21.045236587524414,7.324219041038305e-05
5431,1.4079023599624634,-0.17197676002979279,0.0413384735584259,12.907279968261719,0.11787239462137222
5439,-2.270268201828003,-0.2046293467283249,0.02082213945686817,22.477149963378906,0.0
5458,-0.46652650833129883,-0.20369823276996613,0.028468087315559387,16.81586265563965,0.0022545934189110994
5467,-1.851593017578125,-0.2024424523115158,0.02139092981815338,20.652755737304688,0.0012916922569274902
5500,-0.7227643132209778,0.8598443865776062,0.02021918259561062,14.704622268676758,1.2008956670761108
5503,0.6326313614845276,-0.12059154361486435,0.03209465369582176,13.266138076782227,0.05252953991293907
5504,1.250117540359497,-0.0395943783223629,0.03604809567332268,12.14990520477295,0.19386671483516693
5505,-0.6808381676673889,-0.1894463151693344,0.02085605449974537,14.75084114074707,0.020942145958542824
5509,-0.07282651960849762,-0.18554608523845673,0.03020174242556095,15.453341484069824,0.025465775281190872
5510,1.32130765914917,0.24752600491046906,0.03555215522646904,10.861785888671875,0.818956196308136
5517,-0.12247981131076813,-0.10707056522369385,0.03325384482741356,16.538740158081055,0.006156957242637873
5547,0.9143682718276978,-0.06905215233564377,0.03544606640934944,13.046182632446289,0.21150493621826172
5555,0.5603599548339844,0.06974121928215027,0.02561512403190136,11.631693840026855,0.11017858237028122
5593,-1.287879228591919,-0.2031618356704712,0.023793194442987442,19.1975040435791,0.0036231994163244963
5606,-1.0465959310531616,-0.19376832246780396,0.020034654065966606,15.957406997680664,0.011119749397039413
5613,-2.4205687046051025,-0.2046293467283249,0.021511098369956017,23.860759735107422,0.0
5645,2.5089852809906006,1.5285812616348267,0.04919416829943657,10.113702774047852,1.8184751272201538
5646,-0.7796384692192078,-0.20439575612545013,0.03244102746248245,18.839736938476562,0.00012741090904455632
5651,-1.4747965335845947,-0.20453551411628723,0.026008641347289085,20.520198822021484,9.232759475708008e-05
5670,-0.4269779324531555,-0.20338225364685059,0.03467395529150963,18.410144805908203,0.002093541668727994
5681,0.5259894132614136,0.674597442150116,0.025296146050095558,10.230984687805176,1.1267930269241333
5695,1.2323049306869507,-0.0430280938744545,0.032021887600421906,11.025567054748535,0.23656649887561798
5700,0.6955986618995667,-0.18743041157722473,0.03651600703597069,13.721506118774414,0.024923527613282204
5749,0.8643070459365845,0.4779941737651825,0.02714875154197216,10.510913848876953,0.8456821441650391
5751,0.23319211602210999,0.12488441914319992,0.024066485464572906,11.087994575500488,0.45991984009742737
5760,0.3075234591960907,-0.1742636114358902,0.02980641834437847,13.211845397949219,0.009119908325374126
5780,-2.8601999282836914,-0.2046293467283249,0.020943278446793556,25.85965919494629,0.0
5808,-0.027047371491789818,0.5054866075515747,0.01987357810139656,11.038840293884277,0.19315896928310394
5830,-3.9208943843841553,-0.2046293467283249,0.013049296103417873,27.854419708251953,0.0
5832,0.5469732284545898,-0.2000301629304886,0.05010105296969414,18.23381805419922,0.00043487548828125
5840,-2.146764039993286,-0.2046293467283249,0.02285660244524479,22.8394775390625,0.0
5850,-1.1282681226730347,-0.20423279702663422,0.026475990191102028,19.28156852722168,2.6428699129610322e-05
5886,-1.038175344467163,-0.2044520378112793,0.02836260013282299,19.519393920898438,0.00019531250291038305
5899,-0.03860278055071831,-0.19169369339942932,0.029124630615115166,14.968475341796875,0.013891994953155518
5961,-0.061529405415058136,0.10765649378299713,0.026067445054650307,14.323036193847656,0.07811659574508667
5962,0.20102591812610626,-0.18386401236057281,0.02920517325401306,13.748115539550781,0.06391077488660812
5965,0.10127266496419907,-0.06895129382610321,0.026270052418112755,13.611764907836914,0.15414805710315704
5970,-2.3680293560028076,-0.2046293467283249,0.023480406031012535,24.086183547973633,0.0
5993,1.775062918663025,0.05005012825131416,0.0400182269513607,10.825047492980957,0.3207365572452545
6017,-0.6280683875083923,-0.2016923427581787,0.03279237076640129,18.965587615966797,0.0029960633255541325
6024,-0.08391820639371872,-0.10889581590890884,0.023630185052752495,12.85003662109375,0.03657640889286995
6033,0.8126215934753418,-0.04837959632277489,0.042740244418382645,15.346285820007324,0.2612166106700897
6037,0.1568353921175003,-0.1644909530878067,0.03070184402167797,15.019037246704102,0.0314946286380291
6047,0.7730684876441956,-0.15882809460163116,0.03390609472990036,13.086161613464355,0.050309933722019196
6048,1.0998162031173706,0.5619410276412964,0.033605434000492096,11.50757122039795,0.7921506762504578
6058,-0.01828552782535553,-0.06033308431506157,0.026613270863890648,13.622736930847168,0.08357881754636765
6065,0.571567177772522,1.8398700952529907,0.02460313029587269,10.771326065063477,0.9300857782363892
6082,0.4331226944923401,-0.08256779611110687,0.02524445950984955,11.309544563293457,0.13864091038703918
6091,0.5140678286552429,-0.00604286789894104,0.02911173738539219,11.747379302978516,0.8768541216850281
6094,0.9181584715843201,-0.16219620406627655,0.03277195990085602,11.68359661102295,0.03363272175192833
6100,0.27969059348106384,-0.023151716217398643,0.02437342330813408,12.35019588470459,0.0939360186457634
6102,0.017915381118655205,-0.13220182061195374,0.03330564871430397,16.60871696472168,0.002997729927301407
6131,0.18158648908138275,-0.05824514850974083,0.023287717252969742,11.7211275100708,0.06042483076453209
6140,-1.5515679121017456,-0.20455899834632874,0.025035208091139793,21.289846420288086,0.00023345947556663305
6220,-0.29305127263069153,-0.18084730207920074,0.02813166193664074,15.582490921020508,0.01047537848353386
6222,0.3037591576576233,0.33607086539268494,0.024733304977416992,11.623679161071777,0.8840470314025879
6248,-3.1041719913482666,-0.2046293467283249,0.016705898568034172,25.341703414916992,0.0
6279,-1.4662045240402222,-0.20451214909553528,0.02377350814640522,20.401227951049805,2.86102294921875e-05
6333,0.1545943170785904,0.48163294792175293,0.022233737632632256,11.078686714172363,0.6101886630058289
6338,-0.029303444549441338,-0.1462634652853012,0.024382900446653366,13.521452903747559,0.03898043558001518
6345,0.09746604412794113,-0.2013404816389084,0.029969850555062294,14.910861015319824,0.0030723577365279198
6352,-0.20217812061309814,-0.20108067989349365,0.03699970245361328,17.064485549926758,0.014994623139500618
6355,0.4235163629055023,-0.11300613731145859,0.02966383472084999,12.914137840270996,0.07991444319486618
6358,0.3578086793422699,-0.13141734898090363,0.03179330751299858,13.842028617858887,0.10683169215917587
6377,0.664218008518219,-0.10592261701822281,0.029717816039919853,11.828814506530762,0.30638882517814636
6419,0.008990286849439144,-0.17500947415828705,0.02943461574614048,15.026910781860352,0.030501941218972206
6436,0.4408537447452545,-0.1968727856874466,0.03429960086941719,14.656147956848145,0.011540126986801624
6519,-0.9570282101631165,-0.20315007865428925,0.02839176170527935,19.446609497070312,0.0006883383612148464
6530,1.1611191034317017,0.7745298743247986,0.03625543788075447,12.126933097839355,1.9681848287582397
6533,0.5511897802352905,-0.1986943632364273,0.04133101925253868,17.1163387298584,0.00783634278923273
6561,-0.2827478349208832,-0.010740714147686958,0.021284325048327446,12.834574699401855,0.8438639640808105
6575,0.726739227771759,0.04821338877081871,0.03197396546602249,12.250889778137207,0.34278902411460876
6604,0.10362899303436279,-0.10411275923252106,0.023637164384126663,11.92440128326416,0.12385579198598862
6622,1.6720069646835327,0.4217483103275299,0.03530707210302353,9.672472953796387,0.7832155227661133
6675,-1.044160008430481,-0.20448580384254456,0.030501006171107292,20.92458724975586,0.0002490997430868447
6707,-0.6968135833740234,-0.19848564267158508,0.024289408698678017,16.469619750976562,0.00727005023509264
6723,0.7183170914649963,-0.19460852444171906,0.039045751094818115,15.462634086608887,0.015201437287032604
6730,0.8608660101890564,-0.17456486821174622,0.03824104368686676,14.578389167785645,0.019894957542419434
6794,-0.08747890591621399,-0.17811253666877747,0.028740493580698967,14.723179817199707,0.023786330595612526
6797,-0.035028327256441116,-0.09625360369682312,0.023240460082888603,12.703314781188965,0.2599038779735565
6807,1.1034767627716064,0.29339227080345154,0.03853093460202217,12.535487174987793,0.7929630279541016
6815,-3.0358152389526367,-0.2046213150024414,0.01807861588895321,25.50065803527832,1.9073486612342094e-07
6853,0.7638012766838074,-0.005651603918522596,0.030518604442477226,12.475530624389648,0.08418633043766022
6873,0.685651957988739,-0.11063327640295029,0.031902022659778595,12.54542064666748,0.019452594220638275
6874,-4.667984962463379,-0.2046293467283249,0.011632530950009823,31.365873336791992,0.0
6958,-0.30534353852272034,-0.18247023224830627,0.02314232848584652,13.705085754394531,0.02259254641830921
6965,0.2996724843978882,-0.19258026778697968,0.031881075352430344,13.822850227355957,0.02728252485394478
6982,0.5799916386604309,-0.05396934226155281,0.03696314990520477,14.40795612335205,0.5378727912902832
7000,-1.8079127073287964,-0.2046077996492386,0.02600601315498352,21.1822566986084,1.296997106692288e-05
7031,1.4009575843811035,-0.17925845086574554,0.043974895030260086,13.849616050720215,0.038560666143894196
7032,3.037517547607422,0.40345415472984314,0.06387507170438766,9.836113929748535,1.0282377004623413
7057,0.03504139184951782,-0.06752102077007294,0.03421027585864067,16.7888240814209,0.18079888820648193
7072,-0.617095410823822,-0.2030310183763504,0.026871753856539726,17.054967880249023,0.0010754585964605212
7090,1.7187608480453491,-0.04548976942896843,0.04435205087065697,12.032670974731445,0.15343508124351501
7103,0.919239342212677,1.2171249389648438,0.02569170668721199,8.911767959594727,1.2512842416763306
7105,-0.5032671689987183,-0.157766655087471,0.025209976360201836,16.022031784057617,0.003061480587348342
7113,1.2310476303100586,0.3710910677909851,0.03603664040565491,11.947122573852539,0.4282417893409729
7117,0.6254990696907043,-0.1651626080274582,0.028900474309921265,12.76007080078125,0.04522932320833206
7158,0.9818296432495117,-0.15329600870609283,0.04040868952870369,15.736149787902832,0.05425853654742241
7181,0.9760478138923645,0.11406560242176056,0.030871331691741943,11.372217178344727,0.35697880387306213
7195,1.6762224435806274,-0.0036211477126926184,0.04156889021396637,13.408647537231445,0.6014967560768127
7236,1.8839603662490845,-0.04310723394155502,0.04797903820872307,11.871192932128906,0.1458071917295456
7246,-0.5446810722351074,0.1530410349369049,0.021244002506136894,14.335166931152344,1.448909044265747
7266,1.2475346326828003,0.8830099105834961,0.03132353723049164,9.682995796203613,0.6676324009895325
7270,-0.18650300800800323,0.05057187005877495,0.029179787263274193,15.935545921325684,0.418138325214386
7319,-3.9542012214660645,-0.2046293467283249,0.013129249215126038,28.132278442382812,0.0
7345,-0.21210908889770508,-0.2009984701871872,0.02651183307170868,14.289416313171387,0.00464365491643548
7354,0.1280415952205658,-0.12321754544973373,0.025653555989265442,13.067931175231934,0.037521131336688995
7364,1.6919549703598022,0.3745972216129303,0.040299419313669205,11.342162132263184,0.7076799273490906
7406,1.703155755996704,0.4804200828075409,0.03826971352100372,11.493534088134766,0.70079505443573
7417,-1.708288550376892,-0.20447765290737152,0.018710680305957794,19.10548973083496,0.000125885009765625
7425,-0.4097447395324707,-0.12307935953140259,0.02268141694366932,14.061386108398438,0.19635163247585297
7429,-1.748177170753479,-0.20410366356372833,0.023441538214683533,21.15436363220215,0.0013221740955486894
7435,-0.25998786091804504,-0.19280219078063965,0.026718003675341606,14.81694507598877,0.04401160404086113
7446,1.5082017183303833,0.3863024115562439,0.035809505730867386,11.324085235595703,0.28021904826164246
7510,-1.3277848958969116,-0.20456819236278534,0.02458854950964451,20.13895034790039,9.880065772449598e-05
7562,0.35478630661964417,0.24652515351772308,0.025168633088469505,11.528173446655273,0.5327513813972473
7578,0.4059901237487793,-0.18967323005199432,0.03751833736896515,16.249887466430664,0.020188618451356888
7590,0.280617356300354,-0.12406033277511597,0.02579515613615513,12.572783470153809,0.15468131005764008
7620,0.19432179629802704,-0.1696470081806183,0.02967710606753826,14.176466941833496,0.023025143891572952
7677,0.5680505633354187,0.3163869380950928,0.03055485151708126,12.803422927856445,0.6505448222160339
7679,0.4294695556163788,-0.16820590198040009,0.030301842838525772,13.867555618286133,0.02997700683772564
7724,1.500354290008545,-0.0886508896946907,0.04205897077918053,12.6161527633667,0.1044122502207756
7726,1.409368634223938,0.20074844360351562,0.03933308646082878,11.581864356994629,0.661395251750946
7729,-2.3553755283355713,-0.2046293467283249,0.02274310402572155,24.39731216430664,0.0
7773,0.12023299187421799,0.05187026783823967,0.025258410722017288,12.435218811035156,0.13185088336467743
7776,-1.2026878595352173,-0.19681529700756073,0.021639682352542877,17.377349853515625,0.00999298132956028
7870,-1.4468082189559937,-0.18206846714019775,0.023107638582587242,19.903608322143555,0.06475830078125
7901,-0.0931907445192337,0.19862093031406403,0.025330523028969765,13.404623985290527,0.14759857952594757
7921,0.4126725196838379,-0.17365984618663788,0.03399652615189552,14.162280082702637,0.13575279712677002
7926,1.7081562280654907,1.0059407949447632,0.03417320176959038,9.509627342224121,3.8168418407440186
7935,1.429839015007019,0.5985600352287292,0.03619636595249176,10.363231658935547,1.6384979486465454
7981,0.23697781562805176,0.32279616594314575,0.03281654790043831,14.3495454788208,0.44904670119285583
8039,-2.068009614944458,-0.2045663595199585,0.019372418522834778,21.058061599731445,4.901886131847277e-05
8050,0.15491138398647308,0.35969725251197815,0.022867372259497643,11.460179328918457,1.0018651485443115
8140,-0.9851816296577454,-0.19883763790130615,0.02187560871243477,16.781166076660156,0.006050932686775923
8154,0.7965346574783325,-0.0102513013407588,0.03290361911058426,12.532343864440918,0.2466099113225937
8156,0.42121386528015137,0.03214925527572632,0.029178211465477943,12.056227684020996,0.2226327508687973
8167,0.01765325665473938,0.08632629364728928,0.02268785610795021,12.281972885131836,0.3868637681007385
8188,0.6902375221252441,-0.200892373919487,0.038871366530656815,15.743586540222168,0.002791547914966941
8196,1.5013843774795532,0.10414675623178482,0.03888539969921112,11.757769584655762,1.046711802482605
8230,1.1051609516143799,0.20946455001831055,0.03486082702875137,11.393790245056152,0.17589795589447021
8240,-0.5205075144767761,-0.18790410459041595,0.023682666942477226,14.929486274719238,0.015644848346710205
8252,-2.08415150642395,-0.20450244843959808,0.022326232865452766,22.727806091308594,0.00012817383685614914
8261,0.7883092164993286,0.22303925454616547,0.03586798906326294,13.824999809265137,1.9379700422286987
8265,1.5278757810592651,-0.13523076474666595,0.04929541423916817,14.106511116027832,0.1711396425962448
8320,-0.08558132499456406,-0.19064150750637054,0.029581183567643166,15.048138618469238,0.011564875952899456
8328,-2.104918956756592,-0.20432431995868683,0.019159091636538506,20.901611328125,2.5081635612878017e-05
8334,-0.8595529794692993,-0.2029740810394287,0.021729787811636925,15.77629280090332,0.00156574253924191
8373,-2.282771110534668,-0.2046177238225937,0.024328147992491722,23.37568473815918,2.3283064712331658e-11
8398,0.816244900226593,-0.16554641723632812,0.03448968753218651,12.164051055908203,0.0754709243774414
8400,0.7248150706291199,-0.07551652193069458,0.03702974691987038,14.06640911102295,0.23229871690273285
8407,0.48466047644615173,-0.2028246968984604,0.045875515788793564,18.226276397705078,0.002576851984485984
8412,-0.13998819887638092,-0.1531265676021576,0.029638955369591713,15.246991157531738,0.2814598083496094
8457,-0.006811905186623335,-0.19023720920085907,0.03488326445221901,16.727558135986328,0.02142915688455105
8463,0.2649694085121155,-0.1960546225309372,0.03257683664560318,14.681723594665527,0.010168648324906826
8464,-1.64898681640625,-0.20348837971687317,0.018947912380099297,19.49238395690918,0.0010225296718999743
8494,0.18717019259929657,-0.1726100891828537,0.028883570805191994,13.237406730651855,0.05446111038327217
8496,1.062240719795227,0.08652177453041077,0.03362258896231651,11.650233268737793,0.4665563106536865
8497,0.9390069246292114,0.33642494678497314,0.03552926704287529,13.961604118347168,0.04341795668005943
8579,1.5396519899368286,0.6434236168861389,0.03489384800195694,10.268298149108887,1.4033509492874146
8586,-0.7774969339370728,-0.18870115280151367,0.022018078714609146,15.636743545532227,0.0373702347278595
8590,-1.0442155599594116,-0.1892569214105606,0.01885942742228508,15.942532539367676,0.00542902946472168
8671,-0.359529584646225,0.14241455495357513,0.017642764374613762,12.40475845336914,0.4784403443336487
8755,0.37005069851875305,-0.10446073114871979,0.028943633660674095,12.431448936462402,0.10060472786426544
8756,-1.7978044748306274,-0.20455725491046906,0.026638275012373924,22.0693416595459,3.4332508676016005e-06
8768,0.3687196671962738,0.21000516414642334,0.025687536224722862,12.011343955993652,0.07560267299413681
8795,-0.24488361179828644,-0.19408480823040009,0.032930441200733185,16.84333038330078,0.0051548173651099205
8805,0.7678484320640564,-0.19460563361644745,0.0408952496945858,15.10682201385498,0.0307012926787138
8836,-1.6671669483184814,-0.2043052762746811,0.022459885105490685,20.240982055664062,0.0004352569521870464
8851,0.4817073345184326,-0.10904905945062637,0.029423369094729424,12.98697566986084,0.13741691410541534
8894,1.4104418754577637,0.3532865345478058,0.04125816375017166,12.943803787231445,0.7793712615966797
8917,1.3567638397216797,0.5825602412223816,0.04028160125017166,11.902572631835938,1.1040719747543335
8923,-1.543768286705017,-0.20399656891822815,0.023524228483438492,20.233884811401367,0.0007202148553915322
8928,-0.3882948160171509,-0.17731748521327972,0.026752173900604248,14.963988304138184,0.002981852274388075
8948,0.6582021117210388,-0.06140482425689697,0.027503905817866325,11.13554859161377,0.04784126207232475
8954,1.1838710308074951,0.2779516875743866,0.03240882605314255,9.534296989440918,0.4118020534515381
8985,2.9255521297454834,1.3329312801361084,0.057710956782102585,11.504508972167969,2.0182485580444336
9030,0.2438056766986847,0.10114786773920059,0.023203620687127113,11.657771110534668,0.3190692365169525
9134,2.317890167236328,0.37974363565444946,0.046383555978536606,11.156563758850098,0.5013757944107056
9174,0.8573765754699707,0.3221080005168915,0.029577303677797318,11.04473876953125,0.06611108034849167
9190,0.6265900731086731,0.1062525287270546,0.0312948003411293,12.312910079956055,0.4659993350505829
9196,0.6031804084777832,0.6516527533531189,0.027000075206160545,10.948373794555664,0.6972719430923462
9205,0.35475626587867737,-0.11440695822238922,0.029351716861128807,13.154106140136719,0.3279648721218109
9235,-0.23580913245677948,-0.017227813601493835,0.01798860728740692,11.508618354797363,0.11809559166431427
9264,-0.3047022223472595,-0.15677283704280853,0.03292279690504074,16.193784713745117,0.03598377853631973
9280,-1.0192564725875854,-0.2033994197845459,0.024451645091176033,17.41461944580078,0.0039021491538733244
9295,0.20734579861164093,0.0005619623116217554,0.023476069793105125,11.165755271911621,0.2653046250343323
9301,-0.5959281325340271,-0.20058493316173553,0.0231698676943779,15.6343412399292,0.0027936946135014296
9337,0.5416454672813416,-0.1976788491010666,0.042080145329236984,16.946453094482422,0.002898097038269043
9355,1.0847300291061401,-0.0998130589723587,0.03279681131243706,11.473712921142578,0.06045738607645035
9388,-0.7353678345680237,-0.19299137592315674,0.025823427364230156,17.18617820739746,0.009982109069824219
9391,0.045788563787937164,-0.15914686024188995,0.03432597219944,16.430070877075195,0.19628334045410156
9450,0.7896843552589417,0.09027139842510223,0.02933640591800213,11.666036605834961,0.06794440001249313
9460,-0.8140862584114075,-0.19609366357326508,0.02350936457514763,16.658496856689453,0.005390000529587269
9531,-1.1784684658050537,-0.14725887775421143,0.02173922210931778,17.35016632080078,0.06860853731632233
9563,-0.7791321873664856,-0.2039688378572464,0.027002407237887383,17.7861385345459,0.000917458557523787
9586,0.2194061577320099,0.5126904845237732,0.023691261187195778,11.325915336608887,0.6877166628837585
9594,1.1492384672164917,0.2188187837600708,0.03193921223282814,10.218610763549805,0.277398020029068
9605,-0.11646182835102081,0.03392138332128525,0.019689196720719337,12.118888854980469,0.04664407670497894
9622,2.052358388900757,0.19572608172893524,0.04643949493765831,11.603652000427246,0.2890756130218506
9641,2.9773640632629395,0.8364201784133911,0.0563509576022625,12.435721397399902,1.1161097288131714
9642,-0.5805214047431946,-0.17949162423610687,0.024776648730039597,15.4585599899292,0.013073253445327282
9649,-1.1181786060333252,-0.1807718127965927,0.0194737296551466,16.038875579833984,0.11955656111240387
9677,1.0832690000534058,0.20789678394794464,0.034913331270217896,12.436505317687988,0.14830385148525238
9698,-0.41151633858680725,-0.20372889935970306,0.028382137417793274,16.2325496673584,0.0016674995422363281
9703,-0.8577073216438293,-0.1716509908437729,0.021844374015927315,16.035484313964844,0.03838520124554634
9707,0.03366239741444588,-0.1991042047739029,0.033189475536346436,16.200071334838867,0.0027135855052620173
9729,0.3700648546218872,-0.04203350096940994,0.028374487534165382,12.514445304870605,0.1747225522994995
9746,1.9559093713760376,0.3229459822177887,0.051620569080114365,11.948994636535645,0.3474096953868866
9772,0.7868534326553345,0.03304986283183098,0.02720036543905735,10.339795112609863,0.4600209891796112
9811,0.5654646754264832,-0.06311839073896408,0.029253676533699036,12.0247163772583,0.12435722351074219
9815,-0.314917653799057,-0.20334148406982422,0.03570543974637985,18.23675537109375,0.001800668309442699
9835,0.7887385487556458,0.6614403128623962,0.029551807790994644,12.177508354187012,0.7169496417045593
9867,-0.6471169590950012,-0.19405511021614075,0.02214261144399643,15.402632713317871,0.003856527851894498
10014,-1.646419882774353,-0.20116694271564484,0.021329959854483604,19.67104148864746,0.000276458275038749
10072,0.2258223593235016,-0.11849778145551682,0.027651188895106316,13.51948070526123,0.05908644199371338
10082,-0.5870518684387207,0.08503615111112595,0.0184307973831892,13.12989330291748,0.12039271742105484
10181,-0.07238395512104034,0.014841243624687195,0.022837122902274132,13.062344551086426,0.43313780426979065
10201,0.5272356867790222,-0.10055653005838394,0.025922996923327446,11.328679084777832,0.07330765575170517
10242,0.6643905639648438,-0.05913626775145531,0.0270962156355381,11.460741996765137,0.19547000527381897
10258,1.5975240468978882,1.3082972764968872,0.0354912094771862,10.191471099853516,1.6734720468521118
10315,0.5364559888839722,0.3289305567741394,0.023999426513910294,10.610358238220215,0.6956663131713867
10318,0.3365148603916168,0.8522106409072876,0.02757391333580017,12.783692359924316,0.8418799638748169
10319,-2.2901997566223145,-0.20461206138134003,0.020534545183181763,22.57735824584961,2.3841858265427618e-08
10324,0.5816383361816406,1.0934349298477173,0.026297185570001602,11.014226913452148,1.3792405128479004
10382,-2.673985004425049,-0.20390310883522034,0.01883469521999359,24.11061668395996,1.0013581004386651e-06
10413,-0.9669442176818848,-0.20372799038887024,0.026213228702545166,18.523967742919922,0.0011375666363164783
10432,-2.676025629043579,-0.2044663280248642,0.01742159016430378,23.86294174194336,3.2596289556430236e-10
10471,-0.9737189412117004,-0.20451481640338898,0.026771849021315575,18.610151290893555,9.616613533580676e-05
10509,-2.5171096324920654,-0.2045963555574417,0.017337679862976074,22.637052536010742,3.0517578125e-05
10515,0.12683872878551483,-0.13010604679584503,0.030834196135401726,14.972192764282227,0.003111982485279441
10542,1.296620488166809,-0.02227807603776455,0.039147138595581055,12.40011978149414,0.3607650697231293
10549,-2.00458025932312,-0.20459537208080292,0.020946519449353218,21.563156127929688,9.765625145519152e-05
10555,-1.1790196895599365,-0.20210157334804535,0.02114502713084221,17.05420684814453,0.0020824074745178223
10597,1.1995728015899658,0.030460063368082047,0.033515166491270065,11.725115776062012,0.6209118962287903
10632,-0.3281686007976532,-0.19137446582317352,0.027271298691630363,15.639228820800781,0.017761994153261185
10657,0.2995815873146057,0.5976898074150085,0.021640323102474213,10.255210876464844,0.45804116129875183
10668,0.06569667160511017,-0.18417523801326752,0.035032473504543304,16.85494041442871,0.0007429124088957906
10670,0.7897443175315857,0.17805427312850952,0.028677670285105705,11.164167404174805,0.8439049124717712
10709,-0.6563824415206909,-0.18751567602157593,0.02529066614806652,16.351118087768555,0.029263783246278763
10710,-0.6063043475151062,-0.20398826897144318,0.030426299199461937,19.102933883666992,0.001673543476499617
10726,-0.02185719646513462,0.25184568762779236,0.022381503134965897,12.319056510925293,0.018952161073684692
10740,0.2184068262577057,-0.16454178094863892,0.028183886781334877,13.42138957977295,0.02921593189239502
10760,0.7640948295593262,0.135552316904068,0.038820017129182816,13.082208633422852,0.09475450962781906
10768,0.07491525262594223,-0.18414998054504395,0.03838524594902992,18.51582908630371,0.03523063659667969
10780,0.49068012833595276,0.1453167200088501,0.026342405006289482,11.596478462219238,0.5987573266029358
10800,-0.2295779436826706,-0.19517835974693298,0.02547099068760872,14.577203750610352,0.007160759065300226
10820,-1.550526738166809,-0.2044777125120163,0.02556804195046425,21.214366912841797,8.773824811214581e-05
10835,-0.19189997017383575,-0.16994495689868927,0.026577189564704895,15.181632041931152,0.031735748052597046
10862,0.6652489304542542,0.14254692196846008,0.027369558811187744,10.885350227355957,0.3983224928379059
10863,-1.5836615562438965,-0.20451991260051727,0.024323727935552597,20.217714309692383,6.141672201920301e-05
10878,-1.126757264137268,-0.20455043017864227,0.030688747763633728,20.616596221923828,6.258487701416016e-05
10914,0.36346229910850525,-0.010666703805327415,0.02775326371192932,12.298027038574219,0.3029313087463379
10921,0.49828583002090454,0.05710969492793083,0.025834450498223305,10.796984672546387,0.32975026965141296
10945,1.6515467166900635,0.16715584695339203,0.04514787718653679,11.805106163024902,0.561297595500946
10971,-0.26052117347717285,-0.04165268316864967,0.018366599455475807,11.533005714416504,0.13449925184249878
10978,0.7299004793167114,1.618773102760315,0.023257410153746605,9.031515121459961,3.2047924995422363
10995,-2.4120259284973145,-0.2046293467283249,0.021537531167268753,23.750341415405273,0.0
11016,-0.2099410742521286,-0.2028617113828659,0.035596854984760284,19.24302864074707,0.0031005858909338713
11024,1.0574594736099243,-0.12614376842975616,0.03279263526201248,11.864676475524902,0.15197472274303436
11061,1.8991354703903198,0.239450603723526,0.044760312885046005,12.462185859680176,0.6675316691398621
11062,-1.598447322845459,-0.20454828441143036,0.025090208277106285,22.026500701904297,0.00013427734666038305
11071,-0.5570253133773804,0.11897196620702744,0.021820511668920517,14.047917366027832,0.07252515852451324
11077,1.326221227645874,0.44786033034324646,0.03981516510248184,11.684622764587402,1.1173747777938843
11083,-0.6114906668663025,-0.20289091765880585,0.026688942685723305,17.004743576049805,0.0021160126198083162
11097,0.20552606880664825,-0.07505521178245544,0.02742002345621586,12.917189598083496,0.09350394457578659
11143,0.7817911505699158,-0.14203403890132904,0.04024100676178932,15.22571849822998,0.06807070970535278
11160,0.04037841781973839,-0.026884866878390312,0.02689783088862896,12.954638481140137,0.06770612299442291
11165,-0.5038348436355591,0.5614718794822693,0.02329922467470169,14.473040580749512,0.668515682220459
11174,1.8463257551193237,-0.191304013133049,0.05089552327990532,14.271023750305176,0.009185736067593098
11185,1.1387702226638794,-0.17671699821949005,0.038833022117614746,13.233545303344727,0.06397807598114014
11189,2.0522162914276123,0.1051642894744873,0.05543816089630127,14.21653938293457,0.4521389603614807
11201,2.1092848777770996,0.09007605165243149,0.04592954367399216,12.51084041595459,0.4826014041900635
11217,1.037446141242981,-0.09525800496339798,0.0353027805685997,12.255997657775879,0.07129576057195663
11259,0.6963791847229004,-0.09288210421800613,0.03158450499176979,12.523744583129883,0.07422467321157455
11262,-2.5738685131073,-0.2045946568250656,0.01660245656967163,22.081462860107422,3.814720457739895e-06
11267,0.36377355456352234,-0.06233382970094681,0.042889587581157684,16.13739776611328,0.6599821448326111
11269,-0.2835981845855713,-0.20446375012397766,0.034060996025800705,18.28627586364746,0.00015717744827270508
11285,-1.6548757553100586,-0.19560566544532776,0.025390371680259705,22.15692710876465,0.015393066219985485
11314,0.7933505773544312,0.3596428334712982,0.034598592668771744,13.61539363861084,0.34539616107940674
11322,-1.7765105962753296,-0.2046024352312088,0.021517813205718994,20.72162628173828,9.765625145519152e-05
11376,-1.8744601011276245,-0.2046293467283249,0.025107521563768387,22.693857192993164,0.0
11405,-4.024415016174316,-0.2046293467283249,0.014799279160797596,29.019351959228516,0.0
11465,0.36624521017074585,-0.18597905337810516,0.02952585555613041,13.889988899230957,0.022655963897705078
11491,-2.318650007247925,-0.20450790226459503,0.01754443347454071,22.054529190063477,2.822876012942288e-05
11513,1.450210452079773,0.4292537271976471,0.03193606436252594,10.207220077514648,0.678328812122345
11523,0.11325959116220474,-0.13531075417995453,0.03271845728158951,15.528044700622559,0.11579570919275284
11530,0.6440615057945251,-0.12771788239479065,0.03240080177783966,12.90747356414795,0.15040312707424164
11536,0.27175843715667725,-0.19244727492332458,0.03415725752711296,15.030519485473633,0.002835154766216874
11551,0.09212016314268112,-0.14515109360218048,0.02247721329331398,11.583902359008789,0.08175045996904373
11560,-0.695170521736145,-0.1748405545949936,0.02235078252851963,15.452420234680176,0.023878812789916992
11603,0.26729509234428406,-0.16357067227363586,0.0338096059858799,15.052268028259277,0.04973572492599487
11610,-0.027555573731660843,-0.19306990504264832,0.03089277818799019,15.64695930480957,0.0042890687473118305
11622,-2.092038154602051,-0.20454204082489014,0.017277492210268974,20.273101806640625,6.713867333019152e-05
11636,-0.6175491213798523,-0.2029433250427246,0.028122249990701675,17.54786491394043,0.0018701673252508044
11637,-0.36450549960136414,-0.19261318445205688,0.026908159255981445,15.588577270507812,0.023781681433320045
11662,-0.03753038868308067,-0.20127899944782257,0.0349903404712677,17.21244239807129,0.012226426973938942
11701,-0.09127067774534225,0.010057007893919945,0.02848937176167965,13.93308162689209,0.07210946828126907
11712,-3.5907094478607178,-0.2046293467283249,0.01582825556397438,27.44618797302246,0.0
11722,0.4254210591316223,-0.09349706023931503,0.03611334040760994,14.980513572692871,0.02805621363222599
11723,1.9120486974716187,1.9465681314468384,0.036729346960783005,9.229888916015625,0.9311367869377136
11770,0.4171861708164215,-0.15840645134449005,0.03358880802989006,14.096038818359375,0.10258745402097702
11826,-0.4994800090789795,-0.17438450455665588,0.021777858957648277,14.098703384399414,0.016810227185487747
11847,0.30515214800834656,0.04604072496294975,0.026305554434657097,12.244552612304688,0.14279627799987793
11852,1.2586894035339355,-0.19321738183498383,0.04590236395597458,15.487398147583008,0.023587239906191826
11853,0.135013610124588,0.1665092557668686,0.030193565413355827,14.454089164733887,0.4690729081630707
11854,-0.09325053542852402,0.04339701682329178,0.025042815133929253,13.219240188598633,0.02396928146481514
11861,-1.8125486373901367,-0.20452125370502472,0.024366391822695732,21.37433433532715,0.00011596679541980848
11893,-2.8376989364624023,-0.2046293467283249,0.02057628519833088,25.664203643798828,0.0
11905,-0.11212249100208282,-0.19822806119918823,0.029652757570147514,14.95664119720459,0.006847572512924671
11928,-0.6350456476211548,-0.1678129881620407,0.0255237128585577,15.769472122192383,0.03886226564645767
11953,0.5538918972015381,-0.1893925815820694,0.03919645771384239,14.927423477172852,0.009969067759811878
11988,1.1120465993881226,-0.11006321012973785,0.03308424353599548,11.283071517944336,0.17887210845947266
11995,-1.995578408241272,-0.20456328988075256,0.022860419005155563,21.721473693847656,4.673004241340095e-06
12005,-1.231041669845581,-0.20433977246284485,0.022461852058768272,18.447750091552734,0.0005920411786064506
12068,0.17279724776744843,-0.18886137008666992,0.03286568820476532,16.258413314819336,0.06996383517980576
12082,-0.5113405585289001,-0.13455744087696075,0.023191992193460464,14.73046588897705,0.03073793649673462
12089,-0.39014527201652527,-0.045125603675842285,0.028621003031730652,16.431072235107422,0.7693573832511902
12119,-0.36119914054870605,-0.17016808688640594,0.023143870756030083,13.684576988220215,0.03387388214468956
12144,0.008909845724701881,-0.07721178978681564,0.022614840418100357,11.948288917541504,0.05298328399658203
12177,1.5618489980697632,0.03502042964100838,0.04363953694701195,12.317073822021484,0.28108033537864685
12184,-0.21138398349285126,-0.13102947175502777,0.025215983390808105,13.931979179382324,0.19361038506031036
12198,1.1030175685882568,-0.1255699247121811,0.03639855980873108,12.857019424438477,0.0675787553191185
12223,0.9985576868057251,0.02992723323404789,0.037850216031074524,13.621281623840332,0.24265073239803314
12239,-2.564007043838501,-0.2046293467283249,0.020160825923085213,24.228300094604492,0.0
12281,-3.5609264373779297,-0.2046293467283249,0.014773731119930744,27.13490104675293,0.0
12290,-0.003957837820053101,-0.19802522659301758,0.032157864421606064,15.985713005065918,0.011327541433274746
12300,0.19604197144508362,-0.16655664145946503,0.026964424178004265,13.316329956054688,0.060667719691991806
12310,-2.2535674571990967,-0.20445385575294495,0.018880924209952354,21.36674690246582,3.051788007724099e-05
12322,-1.4403276443481445,-0.2033483237028122,0.02685866318643093,21.175735473632812,0.0014404297107830644
12326,1.1541893482208252,0.08969313651323318,0.038833994418382645,12.079595565795898,0.38511207699775696
12330,0.9218158721923828,-0.12164803594350815,0.038316819816827774,14.896463394165039,0.09893514961004257
12341,-1.30364990234375,-0.20423190295696259,0.02278904989361763,18.237279891967773,0.00016251803026534617
12390,-1.0785549879074097,-0.19152949750423431,0.02658902481198311,19.199508666992188,0.03513221815228462
12468,0.11782126873731613,-0.19360394775867462,0.03129655495285988,15.129402160644531,0.014866364188492298
12480,-0.29990074038505554,-0.20087078213691711,0.030087793245911598,15.734431266784668,0.0016800049925222993
12485,2.0324747562408447,0.45169687271118164,0.04327242448925972,11.573704719543457,0.7475830316543579
12488,-0.22752201557159424,-0.13603104650974274,0.02315983735024929,13.242547988891602,0.06417607516050339
12514,-3.6896140575408936,-0.2046293467283249,0.015207088552415371,27.26214599609375,0.0
12515,1.5945532321929932,-0.13307593762874603,0.04748574271798134,14.578842163085938,0.1928962767124176
12532,0.588570773601532,0.22276268899440765,0.022802140563726425,9.31931209564209,0.4426646828651428
12569,0.31633618474006653,-0.18738146126270294,0.033414002507925034,14.749274253845215,0.025827502831816673
12571,-0.3261842429637909,-0.20060168206691742,0.028100553900003433,16.308969497680664,0.0028347063343971968
12573,0.9216370582580566,0.11646147817373276,0.039563603699207306,12.827096939086914,0.4602985382080078
12581,-1.087356686592102,-0.2042301893234253,0.026346346363425255,19.013534545898438,0.0005376040935516357
12593,-3.2179558277130127,-0.2046293467283249,0.016547948122024536,26.280073165893555,0.0
12621,-2.4967141151428223,-0.2046293467283249,0.02300797402858734,24.24452781677246,0.0
12630,0.3777551054954529,-0.20033760368824005,0.04024219140410423,17.349212646484375,0.0046554566361010075
12649,0.331839382648468,0.002841627225279808,0.02338854782283306,11.540875434875488,0.27175745368003845
12652,0.716044545173645,-0.012705194763839245,0.03363027051091194,13.926065444946289,0.08824314922094345
12682,0.1713937520980835,-0.0968635231256485,0.026350853964686394,12.767369270324707,0.32779574394226074
12686,-0.09540986269712448,0.06027369573712349,0.0226765014231205,12.532522201538086,0.20330102741718292
12687,0.7164192199707031,-0.1211066022515297,0.03630925342440605,13.05561351776123,0.12571029365062714
12696,-2.8182642459869385,-0.2046293467283249,0.020835833624005318,24.67500114440918,0.0
12701,0.791078507900238,-0.17300307750701904,0.033011503517627716,12.809996604919434,0.03298633173108101
12728,-0.8473992347717285,-0.18868695199489594,0.023509088903665543,16.065265655517578,0.0035726786591112614
12768,0.9243313074111938,-0.09978090226650238,0.03878131881356239,14.636778831481934,0.03801250457763672
12791,1.1003934144973755,-0.18354511260986328,0.03847987577319145,14.047131538391113,0.01701202429831028
12825,1.6410467624664307,0.7740569710731506,0.03932557255029678,11.713319778442383,1.8511497974395752
12829,-1.9373689889907837,-0.20459139347076416,0.0193491131067276,20.8549861907959,1.3732910701946821e-05
12832,0.48120996356010437,-0.06836196780204773,0.0356491357088089,14.020506858825684,0.2252064198255539
12851,-1.2073137760162354,-0.2045881599187851,0.025281021371483803,18.845298767089844,4.386904402053915e-05
12890,1.0225234031677246,-0.14551173150539398,0.03378946706652641,12.867668151855469,0.0645267516374588
12908,1.0512641668319702,0.3421509265899658,0.03385457769036293,11.786502838134766,0.5723913311958313
12913,0.4977371394634247,0.10883238166570663,0.034393202513456345,14.488520622253418,0.23939482867717743
12931,-3.7748208045959473,-0.2046293467283249,0.014727579429745674,27.5946102142334,0.0
12937,0.4797031879425049,-0.14795242249965668,0.03152067959308624,13.15225887298584,0.04404802247881889
12962,0.041151922196149826,-0.05042010173201561,0.025806033983826637,13.818989753723145,0.06571321934461594
12974,2.5715157985687256,-0.04797697439789772,0.055521607398986816,13.475531578063965,0.2882864475250244
13045,1.0798577070236206,0.43234238028526306,0.03968058153986931,15.21435260772705,1.0510914325714111
13048,-0.7862160801887512,-0.19531913101673126,0.02252698317170143,15.571548461914062,0.010928439907729626
13097,1.3176157474517822,-0.00819647777825594,0.03587351366877556,11.406981468200684,0.23370103538036346
13111,-0.7589612007141113,-0.20242364704608917,0.02963089942932129,19.297332763671875,0.009893870912492275
13112,-2.631586790084839,-0.2046293467283249,0.019802113994956017,24.363189697265625,0.0
13142,-2.8396289348602295,-0.20462508499622345,0.016093453392386436,23.668134689331055,6.10351571594947e-06
13151,1.343297004699707,0.1326550990343094,0.043323203921318054,13.039969444274902,0.2215975970029831
13161,1.930951714515686,-0.09677158296108246,0.05303814634680748,13.183631896972656,0.01780996285378933
13173,0.6835330724716187,0.2548297047615051,0.026517152786254883,10.277257919311523,0.4437788426876068
13187,-2.028817892074585,-0.20461328327655792,0.02385634370148182,22.226505279541016,3.814697322468419e-07
13203,-1.2651504278182983,-0.2043992280960083,0.02316158078610897,18.864160537719727,0.0006098747253417969
13246,-0.2785625457763672,-0.15752165019512177,0.021977197378873825,13.330451011657715,0.04552081227302551
13249,0.8826174736022949,-0.19560974836349487,0.04565452039241791,16.19966697692871,0.002350259805098176
13257,0.658892035484314,-0.05025297403335571,0.028339101001620293,11.455571174621582,0.5000842213630676
13283,1.689713478088379,2.1350762844085693,0.03865508735179901,10.122030258178711,1.706684947013855
13285,0.8403963446617126,-0.04994700476527214,0.03546527773141861,12.552334785461426,0.044775016605854034
13288,0.06831784546375275,0.013044506311416626,0.023856988176703453,12.65498161315918,0.3033481538295746
13345,-1.0799604654312134,-0.20227661728858948,0.021842049434781075,17.312665939331055,0.003194451332092285
13375,0.6760483980178833,0.0942595824599266,0.044334977865219116,16.045146942138672,0.07505054771900177
13387,0.6729832887649536,-0.16564156115055084,0.03305179253220558,13.73865795135498,0.024543000385165215
13411,1.4350430965423584,0.07424625754356384,0.04031158611178398,12.895362854003906,0.2889069616794586
13456,-0.40329858660697937,-0.19050590693950653,0.02738829515874386,15.835288047790527,0.0012766191503033042
13532,0.6307485699653625,0.3659745156764984,0.02417456917464733,9.904550552368164,0.5083139538764954
13548,-0.16115599870681763,-0.09080861508846283,0.02032749354839325,12.116259574890137,0.17323708534240723
13592,0.058867186307907104,0.011332811787724495,0.029895005747675896,14.685518264770508,0.5328628420829773
13598,0.2913762032985687,0.30376940965652466,0.025573719292879105,11.80346965789795,2.292494297027588
13604,-0.17171186208724976,-0.15193745493888855,0.024383440613746643,13.620368003845215,0.033157624304294586
13610,-1.900848388671875,-0.20404325425624847,0.02257218025624752,21.628095626831055,0.0015995979774743319
13676,0.09796449542045593,-0.19636055827140808,0.033680304884910583,15.247515678405762,0.0042039635591208935
13689,0.8145732283592224,-0.03955746069550514,0.031061826273798943,11.933443069458008,0.131740003824234
13721,0.4473693072795868,-0.20412002503871918,0.04272707179188728,17.354291915893555,0.0003871923254337162
13773,0.09352828562259674,-0.005618736147880554,0.027135515585541725,13.475947380065918,0.5345255732536316
13792,-0.48913460969924927,-0.16859667003154755,0.029078612104058266,18.273754119873047,0.0628589615225792
13842,0.9832413792610168,-0.0349530465900898,0.035249657928943634,13.70347785949707,0.12472715228796005
13885,-0.8943046927452087,-0.20390045642852783,0.028607627376914024,18.942493438720703,0.002823925344273448
13911,0.04004640877246857,-0.1171584278345108,0.02671772614121437,13.780916213989258,0.14134575426578522
13926,0.7707889080047607,-0.1276697963476181,0.031946007162332535,12.244110107421875,0.09221035242080688
13930,1.5354764461517334,0.756182849407196,0.03853601962327957,11.230965614318848,0.5855123996734619
13948,2.333941698074341,0.5502572655677795,0.052461978048086166,12.535616874694824,1.2639694213867188
13980,0.16499875485897064,0.018964802846312523,0.026551349088549614,12.636277198791504,0.2953554689884186
13983,-1.3630489110946655,-0.2004995346069336,0.02423328533768654,19.76640510559082,0.0059814453125
13998,-1.5416086912155151,-0.20445235073566437,0.023484516888856888,19.921850204467773,0.00039675235166214406
14015,0.2851617634296417,-0.18736504018306732,0.030960548669099808,13.726386070251465,0.0287333857268095
14033,0.6334399580955505,-0.1334959715604782,0.03954154625535011,15.535028457641602,0.06036517769098282
14034,1.089180827140808,0.1664559245109558,0.029539285227656364,10.290436744689941,0.6236053705215454
14076,0.08552644401788712,-0.19902999699115753,0.0391642265021801,18.609189987182617,0.02694091759622097
14103,-0.33184584975242615,-0.1781207025051117,0.02429930306971073,13.75780963897705,0.005402624607086182
14119,0.9671921133995056,0.6045299768447876,0.02865595929324627,9.487853050231934,0.8466941118240356
14184,-0.4785057604312897,-0.20428891479969025,0.03384922444820404,18.49027442932129,0.00045299530029296875
14185,0.6154873371124268,0.21839265525341034,0.03518030792474747,14.910151481628418,0.5041780471801758
14223,-2.5749945640563965,-0.2046293467283249,0.02065202221274376,24.392004013061523,0.0
14246,-1.2364989519119263,-0.20430171489715576,0.028639433905482292,20.88459587097168,0.0003150939883198589
14259,0.23833897709846497,-0.19933141767978668,0.03615962341427803,15.661026000976562,0.005978013388812542
14273,-0.4777907431125641,-0.13074128329753876,0.021703939884901047,14.214863777160645,0.02198796346783638
14276,0.42893147468566895,-0.13060662150382996,0.02715756557881832,11.93455982208252,0.0748811885714531
14298,-3.345240354537964,-0.20461885631084442,0.01431302260607481,25.515928268432617,1.831054760259576e-05
14320,1.235274076461792,-0.1632893830537796,0.04425468668341637,15.20179271697998,0.03765843063592911
14355,-0.10706382244825363,0.08376717567443848,0.02238437719643116,12.692500114440918,0.9168300032615662
14366,-2.016622304916382,-0.20454192161560059,0.01870056800544262,20.72066307067871,3.0618906748713925e-05
14465,-0.14342103898525238,-0.18102559447288513,0.02712731622159481,14.253340721130371,0.018172109499573708
14530,0.6170184016227722,0.13517852127552032,0.035361334681510925,13.379561424255371,0.43538999557495117
14533,2.031057119369507,-0.08112839609384537,0.05155528336763382,14.721997261047363,0.2125089019536972
14570,-0.16396431624889374,-0.1702534407377243,0.024249518290162086,13.47661304473877,0.03966541215777397
14579,-0.031067518517374992,-0.03501437231898308,0.02825845591723919,13.207551956176758,0.4085908830165863
14632,1.7074412107467651,1.6480525732040405,0.03460164740681648,9.615872383117676,6.2292094230651855
14650,-0.1907457560300827,-0.18479429185390472,0.031781066209077835,16.199602127075195,0.0024181369226425886
14669,-0.654819905757904,-0.1972229927778244,0.027626434341073036,17.054492950439453,0.010262588039040565
14673,0.249900683760643,0.03021673671901226,0.026101568713784218,12.78196907043457,0.20830440521240234
14681,-0.1165102869272232,-0.12001104652881622,0.02304757758975029,12.738990783691406,0.08424512296915054
14707,-0.21005840599536896,-0.19840049743652344,0.034053098410367966,17.42015838623047,0.011164856143295765
14724,0.9347780346870422,0.21635201573371887,0.029819084331393242,11.33217716217041,0.527952253818512
14734,1.0230180025100708,-0.19423717260360718,0.041918326169252396,14.163130760192871,0.022765636444091797
14748,-0.1857127547264099,-0.20415909588336945,0.031809087842702866,17.351102828979492,0.0006464243051595986
14750,-2.4248366355895996,-0.2046065628528595,0.015957167372107506,21.454763412475586,7.629394644936838e-07
14760,0.07402204722166061,0.6527311205863953,0.02659638784825802,13.826205253601074,4.631866455078125
14762,-0.06490107625722885,0.5772111415863037,0.026279989629983902,13.901626586914062,1.0678879022598267
14791,0.6970762610435486,0.23604173958301544,0.0269091185182333,10.798812866210938,1.0157402753829956
14792,-1.1349698305130005,-0.20238736271858215,0.026801783591508865,19.59556007385254,0.0016593218315392733
14797,0.3962627649307251,-0.15856175124645233,0.039523154497146606,16.444120407104492,0.10267519950866699
14841,1.1810263395309448,-0.15360186994075775,0.03946472331881523,14.046809196472168,0.0660429522395134
14875,0.10666441172361374,0.10008203983306885,0.021755676716566086,11.258899688720703,0.26568683981895447
14896,-2.167299270629883,-0.2046293467283249,0.02290300466120243,22.946012496948242,0.0
14908,0.8854714632034302,0.3066260814666748,0.038549937307834625,12.541661262512207,0.88349848985672
14929,1.1858638525009155,-0.040454789996147156,0.03703868389129639,11.991660118103027,0.1208520159125328
14931,0.2921846807003021,-0.20360080897808075,0.038660816848278046,16.623685836791992,0.0023140788543969393
14932,-2.2107348442077637,-0.20460765063762665,0.021244792267680168,22.28564453125,2.441406286379788e-05
14961,0.4006037414073944,-0.19122739136219025,0.03107772208750248,14.077670097351074,0.01998370885848999
14963,0.27806413173675537,-0.057155247777700424,0.02243836782872677,10.76219654083252,0.4609040319919586
14965,0.7517034411430359,0.9353147745132446,0.027487238869071007,10.028145790100098,1.1269053220748901
14975,-0.9530317187309265,-0.20382678508758545,0.02812306396663189,19.780534744262695,0.0002525329764466733
14992,0.7086060643196106,0.044299881905317307,0.02922704629600048,11.751665115356445,0.5163458585739136
15019,-0.743188738822937,-0.20430512726306915,0.031033826991915703,19.35249137878418,0.000270843505859375
15089,0.09789756685495377,-0.13678111135959625,0.02845701389014721,13.919928550720215,0.06410112231969833
15130,0.11859005689620972,-0.20100517570972443,0.03311826288700104,15.9268217086792,0.006060767453163862
15166,0.06351528316736221,-0.1529424637556076,0.03468834608793259,15.60045337677002,0.0039598941802978516
15213,0.6967336535453796,0.22079312801361084,0.027739742770791054,10.293150901794434,0.38767385482788086
15233,1.2658990621566772,0.9991874694824219,0.033984165638685226,11.099455833435059,1.634960412979126
15257,1.981911063194275,0.017859237268567085,0.04904085025191307,11.699271202087402,0.1940324604511261
15293,1.0887516736984253,-0.19182991981506348,0.04565390944480896,15.533337593078613,0.014531540684401989
15340,-0.5539610385894775,0.021641571074724197,0.030937740579247475,17.920522689819336,0.035791195929050446
15362,0.2149418443441391,-0.18640312552452087,0.03177732601761818,15.21027660369873,0.005162715911865234
15370,-0.5991240739822388,-0.2029104083776474,0.02720792591571808,16.390901565551758,0.0013665318256244063
15393,1.4503141641616821,0.418799489736557,0.04198818281292915,12.957112312316895,1.220862627029419
15431,1.8888100385665894,1.5657540559768677,0.04358963295817375,11.323251724243164,0.412401407957077
15475,1.3108720779418945,-0.021399790421128273,0.036686308681964874,12.329150199890137,0.25805434584617615
15485,-0.9242547154426575,-0.2034032642841339,0.021805329248309135,16.355985641479492,0.0009532939875498414
15488,0.44929957389831543,0.015374762006103992,0.029005110263824463,12.194607734680176,0.15821827948093414
15527,0.9609400629997253,0.50405353307724,0.02780630625784397,10.68068790435791,0.7032117247581482
15549,-0.16908016800880432,0.5376228094100952,0.018116652965545654,11.1837797164917,0.19572022557258606
15556,-0.7740811705589294,-0.20443390309810638,0.02875569462776184,18.382713317871094,0.00016736984252929688
15575,-0.012850617058575153,-0.17002896964550018,0.030638596042990685,15.6892671585083,0.013808836229145527
15591,-0.6898910403251648,-0.1976398527622223,0.025120070204138756,17.526138305664062,0.02019510231912136
15606,0.3823878765106201,-0.17427389323711395,0.029665112495422363,13.4100341796875,0.0184787567704916
15672,1.195915937423706,0.1398584097623825,0.03488419950008392,11.723925590515137,0.8410399556159973
15701,1.2255959510803223,0.5211006999015808,0.03528358414769173,10.724367141723633,0.34564611315727234
15709,2.507650136947632,0.6419020891189575,0.050092171877622604,12.599870681762695,4.30303955078125
15713,1.462368130683899,-0.14040246605873108,0.04181371256709099,13.642318725585938,0.044524114578962326
15724,-0.46808668971061707,-0.16318313777446747,0.02094465307891369,13.616290092468262,0.0250871479511261
15728,0.14769072830677032,-0.07307224720716476,0.032732099294662476,15.556300163269043,0.13693763315677643
15736,1.0629997253417969,-0.0751183032989502,0.035277754068374634,11.785273551940918,0.17260561883449554
15774,1.1247440576553345,0.29777461290359497,0.032163817435503006,10.559454917907715,0.5891415476799011
15775,0.7386507987976074,-0.052846696227788925,0.03133773431181908,11.756253242492676,0.1492164582014084
15808,1.8849705457687378,0.16118784248828888,0.04882247373461723,13.144449234008789,1.5043820142745972
15862,1.0127164125442505,0.8732895851135254,0.027742547914385796,9.779868125915527,0.5677253007888794
15898,1.603104829788208,0.6702879071235657,0.03436153009533882,9.771209716796875,1.0934957265853882
15939,-1.4370378255844116,-0.2025109827518463,0.02522098831832409,19.62820816040039,0.0023805617820471525
15952,1.0152891874313354,0.3560228645801544,0.032719846814870834,10.878931999206543,0.2655197083950043
15968,-0.13053888082504272,-0.15656939148902893,0.028251582756638527,14.88658332824707,0.013878578320145607
15973,0.29060372710227966,-0.06038444861769676,0.022507712244987488,11.059710502624512,0.1483006328344345
15980,-2.271744728088379,-0.2046293467283249,0.01775398477911949,21.948381423950195,0.0
15985,2.5976860523223877,0.6411608457565308,0.06539835035800934,11.94206714630127,0.3125714659690857
15987,0.9566755294799805,0.6224894523620605,0.026556644588708878,10.012441635131836,0.2357514202594757
15989,0.5722585320472717,-0.021503321826457977,0.030658720061182976,12.615765571594238,0.18388262391090393
16047,-0.5530484914779663,-0.19564546644687653,0.02523828111588955,16.16766929626465,0.0045592389069497585
16079,1.144171953201294,0.36079147458076477,0.044280387461185455,15.04965877532959,1.1253745555877686
16098,1.0239417552947998,0.19625850021839142,0.03142710030078888,11.25860595703125,0.4496377408504486
16168,0.1248360276222229,-0.18935541808605194,0.03096163086593151,14.67248821258545,0.013820946216583252
16185,-0.26939672231674194,-0.1464506834745407,0.024214409291744232,14.10375690460205,0.056254398077726364
16188,-2.3331472873687744,-0.2046293467283249,0.020370956510305405,22.669858932495117,0.0
16199,-1.9180701971054077,-0.20451031625270844,0.02002154290676117,20.947751998901367,0.0006469726795330644
16236,2.036996603012085,-0.1781855672597885,0.05047203227877617,15.797331809997559,0.03989849239587784
16269,-1.706628680229187,-0.20452725887298584,0.022831430658698082,20.16954231262207,9.851455979514867e-05
16270,-0.328519731760025,-0.16606442630290985,0.020303213968873024,12.991591453552246,0.08439506590366364
16277,-1.1729971170425415,-0.19883543252944946,0.021855827420949936,17.622833251953125,0.0006811143248341978
16291,-1.811780571937561,-0.20460951328277588,0.020884552970528603,21.081459045410156,3.0517578125e-05
16351,1.2134151458740234,0.04974709823727608,0.041684359312057495,13.787559509277344,0.5552816390991211
16377,-1.6728785037994385,-0.20462100207805634,0.027815116569399834,22.19972801208496,7.629394644936838e-07
16403,1.380316138267517,0.19662998616695404,0.035632383078336716,10.781087875366211,0.4792679250240326
16419,-0.8941492438316345,-0.20451872050762177,0.027038732543587685,18.826581954956055,0.0002578735293354839
16436,-0.5914933681488037,-0.2045600414276123,0.03174484893679619,18.47517967224121,0.00011215209815418348
16444,-1.353874921798706,-0.20410476624965668,0.021606311202049255,17.98723602294922,0.0013838052982464433
16453,1.802657127380371,0.025040406733751297,0.04065276309847832,12.214308738708496,0.5340175032615662
16459,2.1196908950805664,0.3959992527961731,0.037928517907857895,10.094594955444336,0.6804777383804321
16494,0.00010476410534465685,-0.12464722245931625,0.02936837635934353,13.713129997253418,0.07452201843261719
16510,-0.22617505490779877,-0.1951848268508911,0.025722002610564232,14.552336692810059,0.007440377026796341
16534,1.7780640125274658,0.24599991738796234,0.04124724492430687,10.483073234558105,1.4394810199737549
16544,-2.9196274280548096,-0.2046249359846115,0.014123980887234211,23.1379451751709,2.441406286379788e-05
16560,0.7660205364227295,-0.032177820801734924,0.030246255919337273,11.297027587890625,0.06702721863985062
16566,0.9633634686470032,0.36684826016426086,0.030583197250962257,11.117594718933105,1.5546746253967285
16580,0.7188627123832703,-0.09546711295843124,0.033650584518909454,13.008213996887207,0.21449418365955353
16610,-2.0701839923858643,-0.20461681485176086,0.01928119733929634,20.909286499023438,6.103515625e-05
16623,0.9700685739517212,-0.021430572494864464,0.036992285400629044,12.718012809753418,0.6994274854660034
16658,-0.12667489051818848,-0.19833381474018097,0.032814718782901764,15.599902153015137,0.007982469163835049
16698,0.6195763945579529,-0.08745352923870087,0.030598411336541176,12.170184135437012,0.08371182531118393
16701,-2.3990275859832764,-0.2046293467283249,0.02443215623497963,24.437604904174805,0.0
16741,0.3095148503780365,0.021634206175804138,0.03188125044107437,13.699048042297363,0.04397774860262871
16748,-1.1620986461639404,-0.2044602483510971,0.029045024886727333,20.791791915893555,0.0002258303138660267
16767,-0.3358956575393677,0.2581586241722107,0.021819470450282097,13.210082054138184,0.7600533962249756
16771,0.18239986896514893,0.6887099146842957,0.02273121289908886,11.555459976196289,0.8984508514404297
16781,-2.7822821140289307,-0.20462100207805634,0.01926877163350582,24.88688087463379,7.629394644936838e-07
16798,1.2503045797348022,-0.006685240659862757,0.040379080921411514,12.436232566833496,0.28251728415489197
16799,-1.8064336776733398,-0.2046181708574295,0.021947873756289482,20.815406799316406,1.258850079466356e-05
16859,-0.3048941195011139,-0.19520536065101624,0.027911433950066566,16.452346801757812,0.012035469524562359
16873,0.41817376017570496,-0.16278527677059174,0.039044082164764404,15.420694351196289,0.06966574490070343
16886,-2.0594913959503174,-0.20458267629146576,0.02483007311820984,22.91511344909668,6.103515625e-05
16899,0.6629495024681091,-0.16835685074329376,0.033395666629076004,13.886804580688477,0.06891679763793945
16931,-2.509660243988037,-0.20461519062519073,0.018378427252173424,22.64141082763672,1.2207055078761186e-05
16933,-1.4021565914154053,-0.20387668907642365,0.022331034764647484,18.66720962524414,0.00027385950670577586
16934,-0.4796832501888275,-0.16222219169139862,0.02422584407031536,15.034392356872559,0.04617052525281906
16949,1.038303256034851,-0.1448296159505844,0.03881145268678665,14.3593168258667,0.12964560091495514
16969,0.28877803683280945,-0.20234425365924835,0.03542280197143555,16.731718063354492,0.0035809159744530916
16979,0.13390903174877167,0.10432366281747818,0.02106287144124508,10.954110145568848,0.2855958938598633
17006,0.8268994688987732,-0.13270485401153564,0.03411385416984558,12.524762153625488,0.19066505134105682
17027,-0.04387085139751434,-0.035690974444150925,0.026938622817397118,14.539520263671875,0.013900378718972206
17055,-0.2810676395893097,-0.20213191211223602,0.030217165127396584,16.632612228393555,0.0058074952103197575
17065,0.2050826996564865,-0.057958055287599564,0.02868347428739071,12.640395164489746,0.17069201171398163
17094,1.0376877784729004,-0.16732779145240784,0.03696778789162636,12.653531074523926,0.07125216722488403
17102,-3.1179094314575195,-0.2046251744031906,0.01758330874145031,24.975988388061523,3.814697322468419e-07
17141,0.7550644278526306,1.1199257373809814,0.02427772246301174,9.281464576721191,0.8922826647758484
17148,-1.636720895767212,-0.1906430572271347,0.021337417885661125,19.669897079467773,0.0002311938296770677
17152,0.8886473774909973,0.027450252324342728,0.037471868097782135,13.277142524719238,0.043129611760377884
17175,0.6964048743247986,0.011928575113415718,0.030314836651086807,11.999894142150879,0.11237430572509766
17189,-0.9297069907188416,-0.1804487556219101,0.029093099758028984,19.390005111694336,0.020679092034697533
17259,0.48506537079811096,0.030125031247735023,0.030157238245010376,11.936595916748047,0.34224849939346313
17306,0.2640193700790405,0.20959095656871796,0.02484755776822567,11.631300926208496,0.21406295895576477
17315,-0.8448472023010254,-0.19700153172016144,0.022504394873976707,16.78817367553711,0.0313541404902935
17358,0.41618847846984863,0.3343724310398102,0.022791804745793343,10.138056755065918,0.48389455676078796
17368,0.5859223008155823,0.005062096752226353,0.033908117562532425,13.863471031188965,0.07437753677368164
17376,1.4771078824996948,-0.12235146760940552,0.04897323623299599,13.863199234008789,0.22832627594470978
17388,0.23628449440002441,-0.07590333372354507,0.02366231195628643,11.553533554077148,0.2305115908384323
17392,0.7462597489356995,1.3029485940933228,0.026258349418640137,9.445623397827148,1.5496301651000977
17399,-1.6054919958114624,-0.20459000766277313,0.021603306755423546,20.876745223999023,4.9209596909349784e-05
17493,0.9944360852241516,-0.17009972035884857,0.03936401382088661,14.246009826660156,0.07718145102262497
17495,0.10600223392248154,-0.0893767923116684,0.021778922528028488,11.035741806030273,0.06043025851249695
17508,-2.1545162200927734,-0.20459222793579102,0.01628558337688446,20.19655418395996,3.280639793956652e-05
17518,1.3195593357086182,0.003696483327075839,0.0376826748251915,12.506671905517578,0.1308322548866272
17527,-1.7615145444869995,-0.18232381343841553,0.02030014991760254,19.446699142456055,0.02849903143942356
17528,0.47150617837905884,0.7619250416755676,0.02643333189189434,10.983366966247559,0.9133197665214539
17591,1.228814959526062,0.3640817403793335,0.03138059377670288,10.632468223571777,0.5963925719261169
17595,-2.593604326248169,-0.20438914000988007,0.01977958343923092,24.077075958251953,0.0004032135184388608
17599,1.1832574605941772,0.3056100308895111,0.0338040292263031,11.023122787475586,0.6573736667633057
17612,0.7268457412719727,0.21466556191444397,0.029998574405908585,11.697402000427246,0.31864407658576965
17619,-2.5487701892852783,-0.20462511479854584,0.01865481398999691,23.266942977905273,1.220703143189894e-05
17659,-2.189033269882202,-0.2046293467283249,0.02631317637860775,23.61787223815918,0.0
17670,-0.8345675468444824,-0.05631735548377037,0.020135754719376564,14.697809219360352,0.13941405713558197
17733,0.07468284666538239,0.1016099825501442,0.026818642392754555,14.008522033691406,0.6255427598953247
17780,0.5189968943595886,0.08983074128627777,0.03248089551925659,13.229898452758789,0.823276162147522
17794,-2.437988042831421,-0.2046084702014923,0.016671588644385338,22.08478355407715,1.9073486328125e-06
17830,-1.10845148563385,-0.20340321958065033,0.0200340673327446,17.074542999267578,0.0027000426780432463
17833,1.0287082195281982,0.5118791460990906,0.03746410086750984,12.15176773071289,0.5656333565711975
17855,0.6331614255905151,-0.20355847477912903,0.044980939477682114,17.283857345581055,0.0010424137581139803
17871,-0.47778788208961487,-0.19820769131183624,0.029127920046448708,18.0288143157959,0.00911178719252348
17889,0.4126913249492645,-0.02768995799124241,0.024747449904680252,10.845560073852539,0.1652165800333023
17921,0.3824622631072998,-0.09062724560499191,0.027649296447634697,12.65074634552002,0.19770203530788422
17934,-2.5910842418670654,-0.20325063169002533,0.017510076984763145,22.994739532470703,0.0015502929454669356
18004,0.7401217222213745,-0.17168428003787994,0.040048833936452866,17.056169509887695,0.02276640012860298
18038,-0.4498290717601776,-0.2030750960111618,0.026665765792131424,16.029401779174805,0.000994027010165155
18059,1.7634642124176025,0.356228232383728,0.03970393165946007,11.340689659118652,0.13518118858337402
18061,-0.33455705642700195,-0.022773299366235733,0.026883108541369438,15.764657974243164,0.08852469176054001
18074,-0.2383195459842682,-0.08591654151678085,0.022862551733851433,13.26171875,0.2464151382446289
18077,3.4774506092071533,0.5065584182739258,0.06603685766458511,12.262072563171387,0.5597963333129883
18121,0.8529874086380005,-0.17590980231761932,0.03542424365878105,13.348030090332031,0.032044827938079834
18128,-0.6097562909126282,-0.07234348356723785,0.019850069656968117,13.614644050598145,0.4149416387081146
18131,0.9056293368339539,-0.13891565799713135,0.034169018268585205,13.25879955291748,0.10020171850919724
18150,-0.9775300025939941,-0.19673724472522736,0.02369513362646103,17.554365158081055,0.008002663031220436
18151,0.9462845921516418,0.3692474961280823,0.029520085081458092,9.75244426727295,0.8216266632080078
18156,-1.126862645149231,-0.2045826017856598,0.03535965085029602,20.378219604492188,0.0001220703125
18170,-3.2733209133148193,-0.2046293467283249,0.01654762774705887,26.14008903503418,0.0
18176,3.6741695404052734,0.25417059659957886,0.06851550936698914,13.75615119934082,0.291185587644577
18199,2.105515480041504,0.14344434440135956,0.0440550297498703,10.837597846984863,0.5904282927513123
18212,0.49134936928749084,0.008545133285224438,0.025546574965119362,11.132309913635254,0.30909809470176697
18229,0.981904149055481,-0.12265045940876007,0.036822013556957245,13.214194297790527,0.057181086391210556
18262,-1.2042394876480103,-0.20426635444164276,0.02534377947449684,19.199359893798828,0.0006592273712158203
18267,0.5247755646705627,0.021650677546858788,0.030846575275063515,12.472996711730957,0.17870275676250458
18280,0.18997947871685028,-0.05766519904136658,0.022777101024985313,11.097837448120117,0.15368430316448212
18288,-0.058447349816560745,-0.12661932408809662,0.02610810101032257,14.279934883117676,0.2957911491394043
18346,0.5802687406539917,1.2237930297851562,0.027318233624100685,11.78281021118164,0.03703286126255989
18347,-1.2187453508377075,-0.19646055996418,0.018089888617396355,16.137531280517578,0.009976863861083984
18416,0.05121730640530586,-0.00977478176355362,0.021909940987825394,11.715282440185547,0.26939335465431213
18440,-0.7226552367210388,-0.20384128391742706,0.02756756916642189,17.85511589050293,0.001700592110864818
18463,0.7781594395637512,-0.12517686188220978,0.03945326432585716,14.840222358703613,0.09031589329242706
18478,1.457640290260315,-0.0058054388500750065,0.04184740036725998,10.910175323486328,0.3138127326965332
18511,-3.1812169551849365,-0.2046293467283249,0.017239775508642197,26.424560546875,0.0
18521,-2.4339466094970703,-0.20455968379974365,0.01726708747446537,22.32037925720215,4.6491624061673065e-07
18552,0.9991341829299927,-0.008224230259656906,0.03026070073246956,10.899092674255371,0.1453271359205246
18568,-1.9773874282836914,-0.20443955063819885,0.02290649712085724,21.387388229370117,0.0004112720489501953
18569,0.7128027677536011,-0.0005842365208081901,0.03436994552612305,13.99382495880127,0.19891510903835297
18574,2.1661782264709473,1.0244024991989136,0.03709558770060539,8.33653450012207,2.8378748893737793
18581,0.9510731101036072,0.3411877453327179,0.030405042693018913,10.6371488571167,0.4666033685207367
18587,0.9018295407295227,0.6942102313041687,0.030798599123954773,11.409396171569824,3.3558366298675537
18600,-1.3640085458755493,-0.20418167114257812,0.02406165562570095,19.740901947021484,0.0004241943533997983
18613,0.8172023892402649,-0.17395071685314178,0.03500247374176979,13.66590404510498,0.081422820687294
18626,-0.17665442824363708,-0.158497616648674,0.021574141457676888,12.831110000610352,0.022672807797789574
18632,0.5015811324119568,0.8777804374694824,0.02254497818648815,9.719987869262695,1.5664794445037842
18634,-1.973700761795044,-0.20462198555469513,0.022490261122584343,22.640846252441406,1.220703143189894e-05
18643,-2.092548131942749,-0.2045660763978958,0.02513226680457592,23.123809814453125,5.4931642807787284e-05
18685,0.9174904823303223,0.5982076525688171,0.02720995806157589,10.120596885681152,0.6026923656463623
18687,0.04339112341403961,0.1591123342514038,0.028957439586520195,14.364706993103027,0.1469837725162506
18708,1.9786920547485352,0.4039578139781952,0.045038770884275436,10.448163986206055,0.42723822593688965
18714,-0.23586928844451904,0.04082968086004257,0.021249260753393173,12.358453750610352,0.601526141166687
18729,0.11211877316236496,-0.012410351075232029,0.028164207935333252,14.21398639678955,0.05059417709708214
18748,0.15518304705619812,-0.1091424971818924,0.029223114252090454,13.27532958984375,0.43704843521118164
18758,0.27616792917251587,-0.18468786776065826,0.030280178412795067,13.75471019744873,0.015772739425301552
18762,0.9924142956733704,0.2022360861301422,0.030318373814225197,10.80666732788086,0.5784747004508972
18773,-0.3397901654243469,-0.14478182792663574,0.026102328673005104,14.382037162780762,0.13270235061645508
18799,-0.5618933439254761,-0.06363682448863983,0.01853937841951847,12.907666206359863,0.6452200412750244
18815,0.5668085813522339,-0.1547423154115677,0.03121662512421608,13.314650535583496,0.11382456123828888
18845,-0.780003547668457,-0.20306599140167236,0.024622073397040367,17.1187686920166,0.0010049836710095406
18852,-0.00023054481425788254,-0.1412530392408371,0.02418854460120201,13.063440322875977,0.056923188269138336
18856,0.2963063418865204,-0.13431333005428314,0.030399689450860023,14.16287899017334,0.08044666051864624
18873,0.797431230545044,-0.0252334363758564,0.03278493136167526,12.214330673217773,0.06572762876749039
18919,-0.6722118854522705,-0.1378413736820221,0.028375718742609024,17.611474990844727,0.11040401458740234
18921,0.9467202425003052,0.2107059508562088,0.02927226759493351,10.438740730285645,0.22859500348567963
18945,-0.11602133512496948,0.5145479440689087,0.02765480987727642,14.784011840820312,0.11524408310651779
18946,0.19590921700000763,0.279195636510849,0.025422656908631325,12.360873222351074,0.6866428852081299
18958,-1.933907151222229,-0.2046293467283249,0.027311330661177635,22.634458541870117,0.0
18962,0.20744720101356506,-0.19269584119319916,0.03266024589538574,15.8674898147583,0.005452383309602737
18966,-3.1728017330169678,-0.2046293467283249,0.017980268225073814,26.38372230529785,0.0
18971,-0.6527142524719238,-0.20251846313476562,0.031055448576807976,19.352161407470703,0.0034759521950036287
19022,-0.48095154762268066,-0.20412929356098175,0.03272886574268341,18.197195053100586,0.0007017135503701866
19096,0.84551602602005,0.3334561288356781,0.02789519540965557,10.157880783081055,0.8379608988761902
19150,0.5240985751152039,-0.11768429726362228,0.029440755024552345,12.592568397521973,0.07159046083688736
19154,0.09419316798448563,-0.12940959632396698,0.029982110485434532,14.130121231079102,0.10652098804712296
19156,0.7612810730934143,0.3581610918045044,0.027279594913125038,10.495509147644043,0.33037030696868896
19176,-0.433258056640625,-0.16244830191135406,0.027587875723838806,16.50222396850586,0.09659023582935333
19177,-2.4093525409698486,-0.2046293467283249,0.0209675170481205,23.45261573791504,0.0
19201,0.7059584259986877,-0.130581796169281,0.030846331268548965,12.323206901550293,0.06527207046747208
19209,0.8415180444717407,0.45243769884109497,0.02544655278325081,9.305586814880371,1.8521305322647095
19240,-0.813503086566925,-0.08391522616147995,0.021594757214188576,15.618125915527344,0.029167180880904198
19252,1.146109938621521,0.33271172642707825,0.028663158416748047,9.611810684204102,0.28813692927360535
19271,1.2421377897262573,0.17146460711956024,0.03545016422867775,11.513714790344238,0.23513852059841156
19316,1.15030038356781,0.6422790884971619,0.030673230066895485,10.465989112854004,1.1309561729431152
19319,1.9992685317993164,0.11914904415607452,0.04137127101421356,11.313241004943848,0.2593429684638977
19334,0.15406350791454315,-0.20410871505737305,0.040185265243053436,17.898427963256836,0.0006958842277526855
19335,0.6067172884941101,-0.14968763291835785,0.03579851984977722,14.5226469039917,0.07054813951253891
19338,1.032785177230835,0.5412533283233643,0.02935156598687172,9.486798286437988,0.5622084736824036
19350,0.2451564371585846,0.24520932137966156,0.021433589980006218,10.374994277954102,0.47200384736061096
19368,0.47164469957351685,-0.08019635081291199,0.03554393723607063,14.568099021911621,0.020457077771425247
19401,-0.3486822843551636,-0.16437272727489471,0.024574900045990944,14.60827350616455,0.14141908288002014
19423,-1.4589674472808838,-0.20457051694393158,0.02507105842232704,20.772979736328125,0.00018310546875
19434,0.14225824177265167,-0.11126261949539185,0.028564143925905228,13.404458999633789,0.03879718855023384
19459,-1.0557729005813599,-0.20374958217144012,0.023290814831852913,18.15382957458496,0.0009035115945152938
19476,0.01746387593448162,-0.09875207394361496,0.028985386714339256,14.350749015808105,0.0804200991988182
19483,0.06773696094751358,-0.007151351775974035,0.022736942395567894,11.756265640258789,0.08093557506799698
19491,0.7974073886871338,0.6592714190483093,0.030781839042901993,11.333423614501953,1.2593191862106323
19524,0.963577389717102,-0.16798852384090424,0.0399794839322567,13.69848346710205,0.0380854606628418
19537,2.1299993991851807,1.5068495273590088,0.04117554426193237,9.891145706176758,3.6755852699279785
19561,1.3286548852920532,0.14890147745609283,0.033960990607738495,10.957830429077148,0.2686904966831207
19583,-0.38600558042526245,-0.20333874225616455,0.034368302673101425,17.54353904724121,0.0037414550315588713
19595,1.408447265625,-0.00843275710940361,0.04006252810359001,13.62064266204834,0.030568433925509453
19610,1.5778331756591797,1.1528652906417847,0.04499225690960884,13.844675064086914,2.1408402919769287
19612,1.2440004348754883,0.3598533868789673,0.034910932183265686,11.04024600982666,0.5160428285598755
19623,1.0756633281707764,-0.050979793071746826,0.03780403360724449,12.97815990447998,0.11095752567052841
19635,0.19248662889003754,0.21710871160030365,0.025720367208123207,12.96087646484375,0.6489042043685913
19652,1.3706635236740112,0.42665743827819824,0.033986251801252365,10.920330047607422,0.8320909738540649
19693,0.5517125725746155,-0.15282195806503296,0.030059248208999634,13.207152366638184,0.031055033206939697
19698,-1.413102388381958,-0.2043585330247879,0.024303283542394638,19.620500564575195,0.000171661376953125
19708,-1.9968775510787964,-0.2045913189649582,0.027352100238204002,22.790281295776367,2.4414086510660127e-05
19756,0.39702725410461426,0.03903864696621895,0.027809595689177513,12.743464469909668,0.29315266013145447
19757,0.03098393976688385,0.004778169095516205,0.021335843950510025,11.627546310424805,0.20197425782680511
19819,0.18584959208965302,-0.08946996182203293,0.024839047342538834,12.353480339050293,0.08724894374608994
19825,-1.3043104410171509,-0.1964864432811737,0.020075900480151176,17.678504943847656,0.004975843708962202
19863,-0.22762064635753632,-0.17147289216518402,0.026417270302772522,15.70175838470459,0.13438989222049713
19889,-0.022680148482322693,-0.14308243989944458,0.02770368568599224,14.085196495056152,0.09368117153644562
19892,-2.694422483444214,-0.2046293467283249,0.019483136013150215,24.278881072998047,0.0
19896,0.842124879360199,-0.11731366068124771,0.03248649835586548,11.504584312438965,0.1920648068189621
19908,-0.4815238118171692,-0.15710660815238953,0.02551041916012764,15.505986213684082,0.03494996950030327
19925,-0.17580769956111908,-0.12285357713699341,0.029813069850206375,15.62095832824707,0.016907144337892532
19933,-2.290731191635132,-0.2046024054288864,0.019215891137719154,21.526865005493164,7.972717139637098e-05
19938,-0.8034828305244446,-0.18966543674468994,0.020831093192100525,15.856488227844238,0.0101699847728014
19965,0.4897921085357666,-0.1747725009918213,0.04016133025288582,14.339131355285645,0.034512173384428024
19993,-0.20185790956020355,-0.20114217698574066,0.0391419343650341,18.010271072387695,0.0001088142380467616
20001,-0.2759820520877838,-0.19558876752853394,0.03075532056391239,16.548370361328125,0.013791847042739391
20053,-0.5228385925292969,-0.20097346603870392,0.025407476350665092,16.554636001586914,0.00436325091868639
20066,0.9395111203193665,-0.08903401345014572,0.0432884581387043,14.018017768859863,0.05145387724041939
20075,0.5096506476402283,0.09545885026454926,0.024662313982844353,10.486517906188965,0.11029086261987686
20076,-0.27879106998443604,-0.03567902371287346,0.021002190187573433,12.99724292755127,0.08471919596195221
20083,-1.007893681526184,-0.20343458652496338,0.027964720502495766,18.744909286499023,0.0016544342506676912
20084,-0.7546133399009705,-0.2035268098115921,0.02532891370356083,16.94995880126953,0.0009220242500305176
20092,0.9361799359321594,-0.15498235821723938,0.03916199132800102,14.3253812789917,0.050350166857242584
20122,0.04280252382159233,-0.1545054167509079,0.025988608598709106,13.835929870605469,0.07262007147073746
20126,1.4216217994689941,0.006475041154772043,0.03633057698607445,10.394489288330078,0.2326027899980545
20156,-0.466653436422348,-0.08768611401319504,0.02117120660841465,13.598396301269531,0.013955843634903431
20164,1.2599190473556519,-0.15902961790561676,0.04005039110779762,12.422967910766602,0.1441590040922165
20171,1.689488410949707,0.2507695257663727,0.037075575441122055,10.41784381866455,0.367694228887558
20201,0.2721153199672699,-0.14477334916591644,0.029338417574763298,13.719828605651855,0.035501766949892044
20207,0.3618732690811157,-0.008141310885548592,0.02634655497968197,12.298670768737793,0.14314457774162292
20277,1.6273173093795776,0.48551294207572937,0.03621877357363701,9.61562442779541,1.3130037784576416
20279,1.4140843152999878,0.5012898445129395,0.030551468953490257,8.987273216247559,0.7948992848396301
20315,1.7718323469161987,0.8526129126548767,0.038508277386426926,9.994112968444824,1.8620798587799072
20322,0.8936403393745422,0.19256757199764252,0.02769237570464611,10.170296669006348,0.2210986167192459
20348,-1.0712635517120361,-0.20425812900066376,0.028023963794112206,19.339658737182617,0.00010194792412221432
20382,-1.4893953800201416,-0.2046293467283249,0.02594522200524807,21.83013153076172,0.0
20394,-0.3138638734817505,-0.11878838390111923,0.023501340299844742,13.965578079223633,0.07585583627223969
20445,0.44200244545936584,-0.19001345336437225,0.030559152364730835,14.651878356933594,0.0383869893848896
20451,0.20024056732654572,-0.1959477663040161,0.03161939978599548,15.27036190032959,0.03325600549578667
20477,0.45926886796951294,-0.06337609887123108,0.02839948609471321,12.646341323852539,0.08157509565353394
20512,-0.14533641934394836,-0.20172365009784698,0.031207794323563576,15.848837852478027,0.0069519998505711555
20644,0.04445445165038109,0.04635461047291756,0.02457152120769024,12.804834365844727,0.04828687757253647
20647,1.4641157388687134,0.7401933670043945,0.03454439714550972,10.674159049987793,2.0880420207977295
20669,0.5743566751480103,-0.09915658831596375,0.02901752106845379,11.988078117370605,0.24027995765209198
20688,-1.9202238321304321,-0.2043047696352005,0.02191063202917576,20.553476333618164,8.277893357444555e-05
20715,-0.5159439444541931,-0.18268145620822906,0.01913168840110302,13.527688980102539,0.0311416145414114
20732,-3.7161662578582764,-0.2046293467283249,0.01429422851651907,27.389541625976562,0.0
20733,1.8119887113571167,-0.08551045507192612,0.050498247146606445,13.951743125915527,0.10395176708698273
20794,0.039594415575265884,-0.056860607117414474,0.022654065862298012,11.948678970336914,0.15211759507656097
20801,2.278752565383911,0.2605019509792328,0.048894938081502914,11.24512004852295,0.8105117678642273
20807,-0.16746236383914948,-0.20116086304187775,0.03142774850130081,16.11992835998535,0.0007991794846020639
20809,0.47174105048179626,0.12364833801984787,0.03390287980437279,13.828930854797363,0.5266425013542175
20837,0.06092875823378563,-0.1764666885137558,0.028415411710739136,14.488247871398926,0.10988721996545792
20860,2.4558444023132324,-0.1697213500738144,0.05823763087391853,13.77649211883545,0.09830628335475922
20905,1.1279314756393433,0.18116538226604462,0.03147658705711365,11.061245918273926,0.4616839587688446
20938,0.7612107992172241,-0.13476315140724182,0.03760357201099396,14.3638277053833,0.18160483241081238
20939,1.9188545942306519,0.3169226348400116,0.04512443393468857,12.06410026550293,0.4362480342388153
20940,-0.1358906775712967,-0.030878663063049316,0.022435544058680534,12.67526626586914,0.24165566265583038
20982,0.22505608201026917,0.03833910450339317,0.023526353761553764,11.154694557189941,0.18623022735118866
20991,-0.5913528800010681,-0.1879449337720871,0.022977499291300774,15.005914688110352,0.01796414889395237
21006,0.7436999678611755,-0.09114747494459152,0.03125997260212898,12.721041679382324,0.1461525410413742
21009,0.36542782187461853,0.05705634504556656,0.027344370260834694,12.685047149658203,0.3212834596633911
21011,1.4311816692352295,-0.01337373536080122,0.04518565535545349,12.770956993103027,0.2824172079563141
21035,2.9324166774749756,0.12830770015716553,0.062307607382535934,11.794787406921387,0.6101019978523254
21059,-4.288917064666748,-0.2046293467283249,0.012228543870151043,29.808679580688477,0.0
21077,0.7643739581108093,0.1025652214884758,0.03310992941260338,12.362571716308594,0.9747005701065063
21089,0.34969162940979004,0.5926244258880615,0.021888360381126404,10.29273509979248,0.8826125264167786
21124,2.486997365951538,0.9252380728721619,0.05187683925032616,11.103433609008789,2.2837140560150146
21127,1.2664917707443237,0.33650141954421997,0.034360095858573914,10.995305061340332,1.0328259468078613
21130,0.26604920625686646,0.6877673864364624,0.02519669011235237,12.288260459899902,1.242772102355957
21179,-3.1002323627471924,-0.2046293467283249,0.01757725700736046,25.349851608276367,0.0
21214,0.19267767667770386,-0.12090974301099777,0.02380959689617157,12.240752220153809,0.021458422765135765
21233,1.5439655780792236,0.4283531606197357,0.03759749233722687,10.428455352783203,0.6563090085983276
21258,-0.9881675839424133,-0.20458567142486572,0.02997690439224243,20.09541893005371,0.00013427734666038305
21261,1.7190001010894775,0.3991240859031677,0.04081745073199272,12.27182388305664,0.6053777933120728
21265,1.0241427421569824,0.9663290977478027,0.03292420506477356,11.390653610229492,1.259385585784912
21266,-0.2730684280395508,-0.08830127120018005,0.02507147192955017,14.297358512878418,0.006570722442120314
21271,-0.45424818992614746,-0.14009565114974976,0.026171907782554626,15.462424278259277,0.12553873658180237
21279,1.9892332553863525,1.1532949209213257,0.03499741479754448,8.50220775604248,2.426396608352661
21286,-0.7909111380577087,-0.20127403736114502,0.025266168639063835,16.815723419189453,0.0029003142844885588
21320,-0.05544319376349449,-0.16087868809700012,0.02956397645175457,14.791215896606445,0.051582157611846924
21356,0.11930125951766968,0.11067730188369751,0.020356271415948868,10.503641128540039,0.5126395225524902
21370,-1.8456859588623047,-0.20416031777858734,0.019407713785767555,20.133747100830078,0.0002678036689758301
21379,0.6812304854393005,0.15386851131916046,0.02854836918413639,11.769328117370605,0.40877610445022583
21428,0.9405043721199036,0.05195336416363716,0.03505360335111618,11.824686050415039,0.17088158428668976
21502,0.6696295142173767,0.9173821806907654,0.02602987363934517,9.776583671569824,2.988830327987671
21543,-2.0075604915618896,-0.20461535453796387,0.021269802004098892,22.068090438842773,2.441406286379788e-05
21569,-1.256756067276001,-0.20427964627742767,0.023993415758013725,19.255537033081055,0.00034885434433817863
21595,0.4997664988040924,-0.09071804583072662,0.028673440217971802,12.493372917175293,0.12034361809492111
21610,0.5869805812835693,-0.11811427026987076,0.028810804709792137,11.98252010345459,0.0933712050318718
21669,0.26016682386398315,0.9267237782478333,0.019658396020531654,9.985808372497559,0.9861446619033813
21678,1.6644376516342163,-0.13422580063343048,0.05151630565524101,14.200589179992676,0.08150289207696915
21682,-3.318406820297241,-0.2046293467283249,0.017478695139288902,26.84064292907715,0.0
21737,-1.2814363241195679,-0.20423118770122528,0.024281585589051247,19.00698471069336,0.0006839752313680947
21740,-1.3185665607452393,-0.1848732978105545,0.02171017788350582,18.18981170654297,0.029988480731844902
21797,-0.768120288848877,-0.2024122029542923,0.028583576902747154,17.82830238342285,0.003824615618214011
21809,-2.5813863277435303,-0.2046293467283249,0.019712373614311218,24.22272300720215,0.0
21810,-0.2991490960121155,-0.20228949189186096,0.028691858053207397,16.20993995666504,0.001752054668031633
21834,-2.954841375350952,-0.2046150267124176,0.017853181809186935,25.02120018005371,2.441406286379788e-05
21910,-1.5224307775497437,-0.204506516456604,0.022193681448698044,20.06726837158203,0.00010375976853538305
21916,0.8341793417930603,0.09558337181806564,0.029791316017508507,11.842757225036621,0.20282457768917084
21920,1.5444730520248413,-0.11037816107273102,0.039853643625974655,11.903972625732422,0.09072121232748032
21928,-0.13104817271232605,-0.04080578312277794,0.025744890794157982,14.45032787322998,0.2488526552915573
21977,-0.24031797051429749,-0.014078524895012379,0.01916578970849514,11.754057884216309,0.24156402051448822
21986,-1.335757851600647,-0.2026214450597763,0.02606736123561859,19.276487350463867,0.007995796389877796
22021,1.0632561445236206,0.7246922850608826,0.026491209864616394,9.061880111694336,0.9161753058433533
22047,0.4649488031864166,0.029131481423974037,0.026596685871481895,11.286055564880371,0.23909211158752441
22059,1.3460923433303833,0.022027114406228065,0.04165642336010933,12.26893138885498,0.20476236939430237
22061,0.11590900272130966,-0.01603171043097973,0.022165019065141678,11.665151596069336,0.18436764180660248
22073,-1.8394060134887695,-0.2046201527118683,0.024945467710494995,21.898778915405273,1.5258789289873675e-06
22083,0.5374440550804138,0.6085918545722961,0.026223719120025635,10.185381889343262,0.9475420117378235
22099,-0.8383822441101074,-0.20429246127605438,0.03052978590130806,19.27653694152832,0.00026977062225341797
22103,0.33281731605529785,0.2453526109457016,0.023421525955200195,10.93854808807373,0.8338616490364075
22174,0.7903406620025635,-0.03451993316411972,0.026748431846499443,10.189837455749512,0.23281167447566986
22184,-0.19651271402835846,-0.2043277472257614,0.03446070849895477,17.98462677001953,0.00040149688720703125
22224,0.700350821018219,0.2932473123073578,0.028808629140257835,11.605681419372559,0.6827396750450134
22232,0.845099151134491,0.034938450902700424,0.0323316715657711,13.421704292297363,0.702434241771698
22289,-2.634032726287842,-0.2046293467283249,0.018582195043563843,23.294912338256836,0.0
22305,0.4052903354167938,0.4949924945831299,0.02580908313393593,11.419681549072266,1.3826274871826172
22336,0.5817691683769226,0.1820698380470276,0.027228588238358498,11.125114440917969,0.5339401960372925
22338,-0.3331712484359741,-0.06886345893144608,0.030332336202263832,15.973200798034668,0.03224487230181694
22342,-0.22999267280101776,0.04301193356513977,0.025131171569228172,14.414717674255371,0.385688453912735
22357,1.0621159076690674,0.7501460909843445,0.030204033479094505,10.172778129577637,0.6233819127082825
22387,1.0398567914962769,0.2023632824420929,0.03632652759552002,12.74267292022705,0.6762736439704895
22390,0.834297776222229,-0.102491594851017,0.031105641275644302,11.603045463562012,0.08474642783403397
22392,0.10742577165365219,-0.1860124170780182,0.030720723792910576,15.285249710083008,0.029975606128573418
22407,0.9865404963493347,0.93011474609375,0.029438143596053123,9.748635292053223,2.267847776412964
22423,0.7283104062080383,-0.03682772070169449,0.03214217349886894,13.22100830078125,0.22697162628173828
22427,-0.892111599445343,-0.040249601006507874,0.02394641749560833,16.897356033325195,0.300563246011734
22430,0.5129062533378601,-0.14605382084846497,0.033097054809331894,14.345602989196777,0.11275692284107208
22445,1.4423022270202637,0.24751301109790802,0.042039066553115845,11.875259399414062,0.20625090599060059
22469,0.924216091632843,0.05555231496691704,0.03387625515460968,13.090153694152832,0.25465279817581177
22470,-3.670994281768799,-0.2046293467283249,0.012571752071380615,26.367431640625,0.0
22478,0.40012407302856445,-0.1962921917438507,0.033682532608509064,14.819340705871582,0.023981858044862747
22483,-0.1974942535161972,-0.14168357849121094,0.023105544969439507,13.0664644241333,0.13532982766628265
22487,1.7803821563720703,0.510792076587677,0.03493292257189751,9.37101936340332,0.8924421668052673
22547,-0.5579665303230286,-0.19302059710025787,0.034005843102931976,18.774978637695312,0.01782836951315403
22630,0.915111243724823,0.07645417749881744,0.031244713813066483,11.904837608337402,0.2834989130496979
22681,0.5208238363265991,-0.04726121947169304,0.024987800046801567,10.452529907226562,0.10885828733444214
22731,0.05913882330060005,0.18606865406036377,0.027468139305710793,13.395411491394043,0.288293719291687
22737,1.280842900276184,-0.00013094395399093628,0.03885906562209129,13.219627380371094,0.23318181931972504
22757,0.36834219098091125,0.24596302211284637,0.03532187640666962,15.790020942687988,2.470179319381714
22766,-0.18636026978492737,0.0660962387919426,0.021794863045215607,13.095877647399902,0.06274042278528214
22771,0.6828533411026001,-0.09405018389225006,0.032311659306287766,12.189604759216309,0.08933516591787338
22834,0.7369719743728638,-0.12665772438049316,0.03449764475226402,13.5949068069458,0.06699109822511673
22853,0.38336381316185,0.2104157954454422,0.02430853061378002,11.08330249786377,0.4597274959087372
22870,-2.504838228225708,-0.2046177238225937,0.018703777343034744,22.311376571655273,2.3283064712331658e-11
22876,0.1918351650238037,-0.03700531646609306,0.022157734259963036,11.456729888916016,0.2737797796726227
22879,1.5835579633712769,0.0780673623085022,0.0401875302195549,11.675106048583984,0.29625675082206726
22895,-0.18223798274993896,-0.18958139419555664,0.028166061267256737,14.99382209777832,0.01833791844546795
22911,-2.4203336238861084,-0.2046293467283249,0.022771170362830162,24.45267105102539,0.0
22961,2.7122418880462646,0.007249091751873493,0.061302658170461655,13.768701553344727,0.28655022382736206
22999,-0.1421942114830017,-0.195929154753685,0.03634634241461754,16.102537155151367,0.00662498502060771
23039,-0.8318466544151306,-0.19321869313716888,0.022105155512690544,16.099668502807617,0.0058650970458984375
23046,1.4393988847732544,0.09889393299818039,0.04003794118762016,12.950485229492188,0.4660061299800873
23090,0.585568368434906,-0.14008194208145142,0.033646851778030396,13.118014335632324,0.21107693016529083
23092,0.32542577385902405,0.20646528899669647,0.023087339475750923,10.978134155273438,0.28242260217666626
23093,-0.039581622928380966,-0.0768585130572319,0.025100747123360634,13.837191581726074,0.09229671955108643
23121,-1.1016857624053955,-0.10683708637952805,0.021431632339954376,17.275592803955078,0.5398473739624023
23146,1.0745609998703003,-0.08626874536275864,0.03945986554026604,14.439875602722168,0.047829438000917435
23162,-2.0140321254730225,-0.20432637631893158,0.02131410501897335,21.611602783203125,1.4496396943286527e-05
23207,1.2556623220443726,0.7880530953407288,0.031563784927129745,9.242908477783203,1.043091893196106
23227,-1.4316877126693726,-0.20458881556987762,0.024318521842360497,20.318288803100586,8.649826486362144e-05
23234,2.2462759017944336,0.3450638949871063,0.04569379985332489,11.587952613830566,0.7097171545028687
23268,2.2050909996032715,-0.1678486317396164,0.056752562522888184,13.097662925720215,0.02737373113632202
23285,-0.22157807648181915,-0.0500451922416687,0.020427672192454338,11.976286888122559,0.6268831491470337
23392,-0.26678845286369324,0.06678662449121475,0.023055335506796837,13.46225643157959,0.07797177881002426
23432,1.2168890237808228,0.44680672883987427,0.03205147758126259,10.570696830749512,0.32439252734184265
23437,0.07735548168420792,-0.18770961463451385,0.028124330565333366,14.058722496032715,0.023281970992684364
23448,0.3473225235939026,-0.15357868373394012,0.027906153351068497,13.171908378601074,0.07933852821588516
23457,0.4301816523075104,-0.024526743218302727,0.024321893230080605,10.865703582763672,0.48843908309936523
23510,2.1173627376556396,-0.07171881943941116,0.05143037438392639,13.438926696777344,0.4806455671787262
23515,1.138107180595398,0.43671417236328125,0.03279190883040428,11.277792930603027,0.6219094395637512
23554,1.0694868564605713,-0.1576850861310959,0.03892182186245918,13.226269721984863,0.09949743747711182
23587,0.1505523920059204,0.066525898873806,0.025952324271202087,12.793917655944824,0.10531904548406601
23614,-0.32475730776786804,-0.20408158004283905,0.031032254919409752,17.346418380737305,0.0008552551153115928
23619,0.591390073299408,-0.07842963933944702,0.03578643128275871,15.265876770019531,0.12390176206827164
23639,0.8804494142532349,-0.026270627975463867,0.0359613299369812,14.068037986755371,0.361371248960495
23661,1.0187703371047974,-0.03826894238591194,0.03496818616986275,12.31412410736084,0.06486284732818604
23665,-0.1304815262556076,-0.15419688820838928,0.026972457766532898,13.846778869628906,0.059118032455444336
23694,-2.0178215503692627,-0.2046293467283249,0.021773388609290123,22.040847778320312,0.0
23721,0.4641644060611725,-0.1537656933069229,0.03627055510878563,15.318618774414062,0.13990473747253418
23733,-1.638140320777893,-0.20461003482341766,0.02398378774523735,20.58820915222168,1.220703143189894e-05
23756,-0.18380600214004517,-0.12411325424909592,0.024010565131902695,13.379149436950684,0.11037973314523697
23774,0.6890763640403748,0.0009866200853139162,0.02981545589864254,11.921906471252441,0.16521041095256805
23777,2.2784292697906494,0.21357326209545135,0.04816878214478493,10.517740249633789,0.324903279542923
23800,1.9158754348754883,0.38112059235572815,0.04316707327961922,10.811007499694824,2.212970495223999
23801,0.8975209593772888,0.37851932644844055,0.03366834297776222,12.47933292388916,0.5358535647392273
23831,0.23428307473659515,-0.18908579647541046,0.034989383071660995,16.28517723083496,0.0022190094459801912
23849,-1.068475604057312,-0.20453178882598877,0.02757956087589264,19.473997116088867,0.0001735687255859375
23874,-0.27114224433898926,-0.14029692113399506,0.023134460672736168,13.569003105163574,0.11391574144363403
23902,0.4031422734260559,0.4588090479373932,0.027248147875070572,11.79770278930664,0.9545303583145142
23914,0.9237236976623535,-0.039685510098934174,0.034008048474788666,11.81374454498291,0.11045994609594345
23916,1.4628340005874634,-0.11298536509275436,0.04237046465277672,11.690657615661621,0.10831872373819351
23947,-0.18731443583965302,-0.16958218812942505,0.029840320348739624,15.628727912902832,0.047965049743652344
23949,0.327297180891037,-0.17555798590183258,0.03464120998978615,14.977826118469238,0.009455394931137562
23967,0.7030495405197144,-0.08867109566926956,0.03563491627573967,13.884488105773926,0.05760301277041435
23981,0.4783932864665985,0.005937026813626289,0.02800332009792328,11.973199844360352,0.17581820487976074
24006,-0.7270099520683289,-0.20396259427070618,0.026283660903573036,17.495624542236328,0.0003549576795194298
24015,-0.18072167038917542,-0.02001071348786354,0.027079854160547256,14.557890892028809,0.045267488807439804
24023,-0.7228227257728577,-0.19644205272197723,0.022779639810323715,16.090044021606445,0.0016314529348164797
24028,0.09902533888816833,-0.15476565062999725,0.028702637180685997,13.895339012145996,0.018662167713046074
24037,1.3493751287460327,0.22425596415996552,0.039628829807043076,13.462847709655762,0.8087413907051086
24056,0.5054572820663452,0.03632407262921333,0.030266737565398216,12.619048118591309,0.685169517993927
24098,-0.9158908724784851,-0.19370023906230927,0.023201771080493927,17.05381965637207,0.009900283999741077
24105,-0.4478538930416107,0.08830448985099792,0.021115606650710106,13.988873481750488,0.4647226333618164
24120,0.45741185545921326,1.6820639371871948,0.022585710510611534,9.987174034118652,1.6811662912368774
24126,0.1277066469192505,-0.1381797045469284,0.030127504840493202,14.269368171691895,0.04856368526816368
24128,-2.008240222930908,-0.2042575627565384,0.021687114611268044,21.136829376220703,7.476876635337248e-05
24130,2.417168617248535,-0.01808357797563076,0.052509140223264694,12.599089622497559,0.5267436504364014
24160,-2.0950734615325928,-0.204270601272583,0.018412375822663307,20.237829208374023,0.0001804352505132556
24190,0.9544069170951843,-0.023450443521142006,0.032708194106817245,11.641565322875977,0.12560990452766418
24226,-0.7683717608451843,-0.2032821625471115,0.027281923219561577,18.14589500427246,0.004255044739693403
24244,1.4491599798202515,-0.026501670479774475,0.03556431829929352,12.084094047546387,0.28705844283103943
24274,-0.41414809226989746,-0.20014598965644836,0.028825556859374046,16.673133850097656,0.006042861845344305
24283,-0.5148023962974548,-0.19196315109729767,0.029703214764595032,17.524070739746094,0.021083831787109375
24302,0.24980655312538147,0.0262259840965271,0.02532280795276165,12.084223747253418,0.31769275665283203
24303,-0.9471591114997864,-0.20454934239387512,0.031220797449350357,19.190824508666992,0.0001125335693359375
24309,-3.031801223754883,-0.2046293467283249,0.0166068933904171,25.62105369567871,0.0
24323,0.8368604779243469,-0.1982576847076416,0.04200341925024986,15.529870986938477,0.007591676898300648
24326,1.0579917430877686,-0.1390208750963211,0.03917667269706726,13.662287712097168,0.08109169453382492
24339,-1.2163487672805786,-0.1906287968158722,0.02415882609784603,18.668596267700195,0.004589869640767574
24340,-1.7931652069091797,-0.20461662113666534,0.026304280385375023,22.131973266601562,3.662109520519152e-05
24344,0.4274514317512512,0.4584443271160126,0.026038656011223793,11.695857048034668,0.7237225770950317
24352,0.9448224306106567,0.04662769287824631,0.03180705010890961,11.653582572937012,0.16851957142353058
24363,0.6562817692756653,0.1636829525232315,0.026465749368071556,10.655402183532715,0.29049134254455566
24378,-0.2811451852321625,-0.09368078410625458,0.022150639444589615,13.00811767578125,0.1825360357761383
24415,0.6888327598571777,0.3697051703929901,0.028922662138938904,11.528349876403809,0.7441940307617188
24433,-1.1342923641204834,-0.19791027903556824,0.01914024166762829,15.95349407196045,0.008611964993178844
24440,1.5573722124099731,0.36718353629112244,0.04441718012094498,11.744363784790039,0.7592481970787048
24452,-0.7971245050430298,-0.20273058116436005,0.02697947435081005,18.623979568481445,0.0005744967493228614
24459,-0.31211885809898376,-0.20292897522449493,0.029849832877516747,16.416894912719727,0.0021026611793786287
24473,-3.070577621459961,-0.2046293467283249,0.016721880063414574,25.922412872314453,0.0
24487,0.6470462083816528,-0.16676698625087738,0.03309553116559982,12.778900146484375,0.01899530366063118
24489,-0.8434568643569946,-0.20274107158184052,0.023155149072408676,17.01801109313965,0.0016358852153643966
24495,-0.49500957131385803,0.2598244249820709,0.01887676864862442,13.190983772277832,0.3918786644935608
24503,-1.1004159450531006,-0.20056569576263428,0.027910331264138222,20.499204635620117,0.01610260084271431
24506,1.6612474918365479,0.11502598971128464,0.041393768042325974,12.0536527633667,0.5416449308395386
24516,0.3003913164138794,0.05167702957987785,0.026479540392756462,12.146586418151855,0.3458157777786255
24546,-3.5072579383850098,-0.2046293467283249,0.016465192660689354,27.592599868774414,0.0
24553,1.4872077703475952,-0.038361113518476486,0.04220842942595482,12.795589447021484,0.17785055935382843
24585,0.30580630898475647,0.2660350501537323,0.030166154727339745,14.159964561462402,0.562837541103363
24628,1.138611912727356,0.4193427264690399,0.03189559653401375,10.209457397460938,0.3015711307525635
24651,-0.9923673868179321,-0.20354251563549042,0.020992981269955635,16.339609146118164,0.0007846836233511567
24662,1.5565847158432007,1.0987682342529297,0.03318721055984497,9.724919319152832,1.086936593055725
24663,0.486848920583725,0.1620633453130722,0.030872752889990807,13.16363525390625,0.0591132827103138
24687,-3.3416736125946045,-0.20461849868297577,0.015197341330349445,25.635242462158203,1.220703143189894e-05
24744,-0.5958455801010132,-0.20056994259357452,0.024342868477106094,15.065756797790527,0.0014560103882104158
24763,-2.483738899230957,-0.2046213150024414,0.01975427195429802,23.058942794799805,1.9073486612342094e-07
24819,1.7382967472076416,0.30686241388320923,0.0402618832886219,11.141833305358887,0.3944825828075409
24838,1.2343391180038452,0.10489609092473984,0.03439050540328026,10.330859184265137,0.23887772858142853
24867,1.985852837562561,0.0034126013051718473,0.04667381942272186,12.907432556152344,0.24363604187965393
24875,1.6678276062011719,0.08452051132917404,0.03960433974862099,11.782526969909668,0.682945191860199
24890,1.4441759586334229,0.2264387607574463,0.037762291729450226,11.2909517288208,0.701265811920166
24914,-1.3274251222610474,-0.20439504086971283,0.023878393694758415,18.768327713012695,0.00017852782912086695
24937,1.151930570602417,-0.00015258733765222132,0.03215087577700615,11.0206937789917,0.2979825735092163
24947,1.4278301000595093,-0.13111281394958496,0.040998026728630066,13.151793479919434,0.10022550821304321
24952,1.4316058158874512,0.40155839920043945,0.03972698375582695,11.985260009765625,0.8637895584106445
24953,-0.0752764642238617,0.13641028106212616,0.0252107884734869,14.801963806152344,0.5065832138061523
25015,0.7541592121124268,-0.12578362226486206,0.030323103070259094,12.095468521118164,0.06530991941690445
25053,-1.255906343460083,-0.20451466739177704,0.02558513917028904,20.343782424926758,0.000152587890625
25056,1.42299222946167,0.27125856280326843,0.0364367850124836,10.74593734741211,0.3445892930030823
25057,-1.2306230068206787,-0.1962902545928955,0.02340775728225708,18.730016708374023,0.009357834234833717
25075,-0.13667616248130798,-0.13823311030864716,0.02757919766008854,14.388705253601074,0.11127754300832748
25087,0.4586842954158783,-0.19934099912643433,0.035248760133981705,14.417811393737793,0.007134360261261463
25141,-1.2530431747436523,-0.20084714889526367,0.026956042274832726,19.72046661376953,0.0012748122680932283
25170,-1.889500617980957,-0.2046293467283249,0.024118715897202492,22.51581382751465,0.0
25202,0.21383944153785706,-0.07710003107786179,0.02409541793167591,12.38762378692627,0.352760374546051
25204,-0.5149855017662048,-0.13576166331768036,0.022588342428207397,14.554689407348633,0.1274060308933258
25260,1.4523648023605347,-0.07276748865842819,0.04365350678563118,13.705009460449219,0.6386277079582214
25262,1.3126806020736694,-0.0010519654024392366,0.03696930408477783,11.493464469909668,0.19087277352809906
25265,0.8284428715705872,0.3784814774990082,0.02560189925134182,10.015464782714844,0.6517547369003296
25272,0.6514589190483093,-0.06788834184408188,0.029649361968040466,12.357185363769531,0.29823851585388184
25333,0.33508235216140747,-0.04072757437825203,0.024624701589345932,11.644105911254883,0.15643222630023956
25353,0.04462024196982384,0.07061909139156342,0.021812183782458305,11.80901050567627,0.23986506462097168
25390,-0.8864041566848755,-0.1697433888912201,0.02246987819671631,16.030174255371094,0.0068107726983726025
25394,-0.5803821086883545,-0.20236007869243622,0.030134374275803566,17.99350929260254,0.0029104233253747225
25408,-0.5808935761451721,-0.19438345730304718,0.024650678038597107,16.686887741088867,0.0102859977632761
25425,0.4468679428100586,0.010497246868908405,0.034089989960193634,13.0601224899292,0.8433292508125305
25432,1.198551058769226,0.5291364192962646,0.0283037181943655,9.786748886108398,1.2848420143127441
25445,0.14854873716831207,-0.047812070697546005,0.022306937724351883,11.655919075012207,0.11382045596837997
25465,-3.7092254161834717,-0.2046293467283249,0.014967329800128937,27.90830421447754,0.0
25505,0.7532030940055847,0.4974527955055237,0.026266587898135185,9.969892501831055,0.38588714599609375
25515,-0.2794918715953827,-0.20108750462532043,0.02371671423316002,14.410832405090332,0.0033455267548561096
25517,-0.22273950278759003,0.18105755746364594,0.02472020871937275,13.868759155273438,0.3657709062099457
25552,1.07745361328125,-0.17677773535251617,0.05076122283935547,16.690288543701172,0.0463271401822567
25583,0.10985930263996124,-0.1972285360097885,0.032487913966178894,16.042449951171875,0.004025411792099476
25589,0.6965990662574768,-0.18308542668819427,0.03764316067099571,14.055262565612793,0.012225056067109108
25607,-0.9279634356498718,-0.1772988885641098,0.025440338999032974,17.62811851501465,0.035194337368011475
25655,-0.2768634855747223,-0.1888447105884552,0.02768988348543644,14.716315269470215,0.016754209995269775
25656,0.0793241411447525,0.029218370094895363,0.025306805968284607,12.49757194519043,0.28333163261413574
25677,0.0925535038113594,-0.1329505294561386,0.03059610165655613,14.78056526184082,0.010755861178040504
25693,-0.17623160779476166,-0.15480923652648926,0.03382115811109543,17.31914710998535,0.0005844950792379677
25702,0.19552433490753174,0.20953677594661713,0.023054448887705803,11.354578971862793,0.32664790749549866
25707,1.123442530632019,0.07035865634679794,0.03397950157523155,12.120465278625488,0.04870043322443962
25727,0.8504499793052673,0.22227874398231506,0.03416840732097626,11.662154197692871,0.22759459912776947
25730,1.238999605178833,0.4047735631465912,0.03460148349404335,11.091160774230957,0.8801845908164978
25735,2.827346086502075,0.017196444794535637,0.05641127750277519,12.346704483032227,0.1984056681394577
25751,-0.8553262948989868,-0.16745416820049286,0.021120712161064148,15.718184471130371,0.04910336807370186
25777,0.09599225968122482,-0.04404261335730553,0.024249348789453506,12.536368370056152,0.2415798008441925
25805,1.6248670816421509,0.19661150872707367,0.03888436406850815,11.428248405456543,0.5376505255699158
25821,0.6129623055458069,0.5206763744354248,0.03217456862330437,12.45203685760498,0.6679830551147461
25824,0.9768568873405457,1.7465190887451172,0.02382952906191349,8.711349487304688,3.3031671047210693
25845,-0.8493510484695435,-0.19797681272029877,0.02455764263868332,17.148086547851562,0.008290600962936878
25849,0.07518887519836426,-0.02716040425002575,0.026072829961776733,13.434393882751465,0.5078502893447876
25854,-0.005359346512705088,-0.20115874707698822,0.032239679247140884,16.077116012573242,0.0020593644585460424
25870,-0.47996625304222107,-0.201389342546463,0.026232212781906128,15.971267700195312,0.004953956697136164
25894,1.5289678573608398,-0.19073589146137238,0.04578758776187897,14.395814895629883,0.017292821779847145
25919,0.9528676867485046,-0.18841686844825745,0.04080035537481308,14.703505516052246,0.043696749955415726
25925,-1.9154659509658813,-0.19935710728168488,0.019876522943377495,20.25182342529297,0.0003250122244935483
25980,0.49076199531555176,-0.09256409853696823,0.03364662081003189,14.124262809753418,0.12313487380743027
25981,0.03878086432814598,0.10923778265714645,0.02826927974820137,13.499112129211426,0.3553886413574219
26010,0.4181032180786133,-0.20154519379138947,0.03829024359583855,16.70347023010254,0.0017608642810955644
26014,0.3235989511013031,-0.18603740632534027,0.03484119102358818,14.975813865661621,0.022847581654787064
26052,0.38509416580200195,-0.054432518780231476,0.026807744055986404,11.775972366333008,0.07630398869514465
26079,0.9770140647888184,0.001540914992801845,0.032674819231033325,12.192898750305176,0.33182936906814575
26102,-2.173645257949829,-0.2046293467283249,0.021311886608600616,22.46183204650879,0.0
26125,0.13441400229930878,0.03453269228339195,0.024037055671215057,12.548887252807617,0.21540068089962006
26138,1.4030593633651733,-0.11228971928358078,0.04147544130682945,12.931218147277832,0.3301882743835449
26153,-1.4324873685836792,-0.20447242259979248,0.027014220133423805,21.031171798706055,0.0002323150692973286
26167,-0.017545584589242935,-0.1935175508260727,0.027489015832543373,14.133734703063965,0.006640338804572821
26173,-2.600339412689209,-0.2046293467283249,0.020399969071149826,24.228561401367188,0.0
26174,-0.23031246662139893,-0.2036331444978714,0.03239408880472183,17.55672264099121,0.0021862031426280737
26185,0.7201357483863831,0.12505953013896942,0.02673988603055477,10.540611267089844,0.645841121673584
26221,1.6642898321151733,-0.07870069891214371,0.04603046551346779,14.172630310058594,0.06836861371994019
26236,0.6318201422691345,0.22299396991729736,0.03015078604221344,12.41199779510498,0.18973922729492188
26237,0.09562321752309799,-0.14593106508255005,0.028232410550117493,13.531494140625,0.07396157830953598
26251,-0.5215481519699097,-0.1628669798374176,0.022282777354121208,14.286643028259277,0.17726854979991913
26255,-0.18964998424053192,-0.20149032771587372,0.029524827376008034,16.739089965820312,0.0010904351947829127
26280,0.9352197647094727,-0.15257906913757324,0.035647131502628326,13.558699607849121,0.10302834957838058
26281,1.3234983682632446,0.09865310788154602,0.04209667071700096,12.772265434265137,0.4679774343967438
26303,-0.7851001620292664,-0.0085337208583951,0.023688090965151787,16.319242477416992,0.5220925211906433
26330,-1.8393381834030151,-0.2045127898454666,0.021684717386960983,21.01926612854004,0.00014715194993186742
26354,-0.43574243783950806,-0.19690154492855072,0.025738349184393883,15.035224914550781,0.010682296939194202
26365,-0.2246164083480835,0.21995039284229279,0.024181172251701355,13.589383125305176,0.25746360421180725
26382,0.475675493478775,0.32783496379852295,0.026854557916522026,11.330913543701172,0.22021527588367462
26388,0.8628258109092712,0.6316372752189636,0.025997160002589226,9.543764114379883,1.1735957860946655
26486,0.09923097491264343,-0.1772870272397995,0.025431085377931595,12.621213912963867,0.03197842836380005
26503,0.18820662796497345,-0.06712327897548676,0.0273843202739954,12.70074462890625,0.2213180512189865
26504,1.2995152473449707,0.07238715142011642,0.03445528447628021,10.272562026977539,0.4532393515110016
26545,-0.11104041337966919,0.029108170419931412,0.020603736862540245,12.24583625793457,0.06050482019782066
26548,0.29615211486816406,-0.04780849441885948,0.023718927055597305,11.239283561706543,0.1321481317281723
26676,0.788913369178772,-0.14602264761924744,0.030509496107697487,12.37519645690918,0.03473648056387901
26680,0.447735458612442,0.0032971531618386507,0.024751504883170128,11.19166088104248,0.28538626432418823
26686,-2.2523345947265625,-0.2046293467283249,0.021670294925570488,23.871702194213867,0.0
26700,-0.2948797941207886,-0.1712648719549179,0.02909930609166622,17.79421043395996,0.13960514962673187
26731,1.3286234140396118,-0.1769685000181198,0.041466277092695236,13.310684204101562,0.026938188821077347
26735,-0.12179819494485855,-0.08402325212955475,0.02366447262465954,13.347012519836426,0.4596623480319977
26738,-1.0576245784759521,-0.16575931012630463,0.0238686241209507,17.580978393554688,0.00676383962854743
26739,-0.45426926016807556,-0.20414404571056366,0.027398917824029922,16.6746826171875,0.000872802862431854
26751,-1.2506754398345947,-0.2040262222290039,0.026799067854881287,19.74666404724121,0.0010722160805016756
26753,0.7238809466362,0.8676328063011169,0.031156281009316444,11.446979522705078,3.0358619689941406
26755,0.7776812314987183,-0.06710856407880783,0.032059431076049805,11.437251091003418,0.14729326963424683
26804,-0.9173480868339539,-0.18647491931915283,0.02727208472788334,18.53101921081543,0.019393159076571465
26808,0.5312966704368591,0.16228169202804565,0.02515682578086853,10.793585777282715,0.7649557590484619
26836,0.5826815962791443,0.09309675544500351,0.029326101765036583,12.348956108093262,0.2870483100414276
26845,-0.7441182136535645,-0.19758790731430054,0.022456904873251915,15.745802879333496,0.017397118732333183
26857,2.0511209964752197,0.6091004610061646,0.03893623128533363,9.924360275268555,0.7263454794883728
26871,1.4625244140625,-0.14237496256828308,0.04375555366277695,12.780226707458496,0.05010267719626427
26884,0.45794349908828735,-0.15859873592853546,0.03521279990673065,14.778010368347168,0.010786748491227627
26889,-0.3489026129245758,-0.1785191148519516,0.02732129953801632,15.671213150024414,0.018843650817871094
26909,1.2312153577804565,-0.17352645099163055,0.04371313005685806,14.094728469848633,0.04519065096974373
26933,1.4578335285186768,0.26183387637138367,0.03666770085692406,10.585861206054688,0.30736589431762695
26949,-0.5222510099411011,-0.19779720902442932,0.025234166532754898,15.662022590637207,0.0038651626091450453
26954,-0.7757388949394226,-0.2011105865240097,0.028819391503930092,18.272321701049805,0.002333451993763447
26958,-0.3989977240562439,0.032113756984472275,0.02541072480380535,15.24708080291748,0.9237746596336365
26962,-2.299423933029175,-0.20397566258907318,0.017579272389411926,21.550325393676758,7.324347097892314e-05
27032,0.4844385087490082,-0.08020353317260742,0.03406462073326111,13.109530448913574,0.18959778547286987
27053,-0.9614102244377136,-0.17475545406341553,0.019647100940346718,15.223733901977539,0.029101623222231865
27065,1.1202938556671143,-0.14488115906715393,0.03763971105217934,12.416826248168945,0.08729559928178787
27066,-0.1027977466583252,-0.20151136815547943,0.030944759026169777,16.346939086914062,0.006013107486069202
27092,-0.5212370753288269,-0.20104308426380157,0.025791162624955177,15.738005638122559,0.008415806107223034
27094,0.6366739869117737,-0.04440263286232948,0.03201344609260559,12.968775749206543,0.40532946586608887
27125,0.4883626401424408,0.064804308116436,0.02680494450032711,11.000895500183105,0.5017110705375671
27141,0.4248336851596832,-0.19651268422603607,0.0323764868080616,14.313745498657227,0.00991123914718628
27207,-1.5966981649398804,-0.20460210740566254,0.02427874132990837,20.664222717285156,4.310607982915826e-05
27219,0.6925207376480103,-0.15068067610263824,0.03411132097244263,13.3121976852417,0.06167606636881828
27223,-0.5379550457000732,-0.1674637794494629,0.02372264303267002,14.84302806854248,0.18358783423900604
27224,-0.5057231783866882,-0.039909329265356064,0.018170733004808426,13.057159423828125,0.08306983858346939
27225,-3.1153714656829834,-0.2046293467283249,0.01645592227578163,25.518123626708984,0.0
27257,0.7170577049255371,-0.1806146204471588,0.03321237117052078,12.992886543273926,0.03496559336781502
27269,0.6449478268623352,-0.11584218591451645,0.032542597502470016,12.72410774230957,0.15307371318340302
27283,0.9002909064292908,0.5768991708755493,0.027941344305872917,9.774077415466309,0.7088060975074768
27289,1.3036564588546753,0.8386561274528503,0.042042896151542664,13.013859748840332,0.07511033862829208
27316,0.005946113262325525,-0.1673804521560669,0.029156047850847244,15.211359977722168,0.019005615264177322
27348,0.45525866746902466,-0.05573340132832527,0.030818281695246696,13.000862121582031,0.24605102837085724
27349,-0.7393080592155457,-0.20278318226337433,0.02729320526123047,17.329038619995117,0.0011974573135375977
27387,0.47462770342826843,-0.06817075610160828,0.034398023039102554,15.768243789672852,0.06467670202255249
27397,1.1988329887390137,0.29090559482574463,0.03801415115594864,12.348146438598633,1.2312591075897217
27408,-0.2985698878765106,0.040355660021305084,0.024712560698390007,14.032546997070312,0.3033605217933655
27422,0.4114975929260254,0.30528709292411804,0.025855986401438713,11.160820007324219,0.10396768152713776
27443,0.07058349996805191,-0.1589363068342209,0.03043176606297493,14.010708808898926,0.03426332399249077
27459,0.9110388159751892,-0.04004659131169319,0.03769487142562866,12.351052284240723,0.18569839000701904
27462,-1.311623454093933,-0.2037297785282135,0.024723170325160027,19.987953186035156,0.0014171600341796875
27463,1.0994484424591064,0.3375842273235321,0.032258305698633194,9.839644432067871,0.5518035888671875
27472,-1.7961593866348267,-0.2036179155111313,0.023847606033086777,21.5360164642334,0.0014404298271983862
27520,0.5885422229766846,-0.0249494519084692,0.029356777667999268,11.9890775680542,0.09459195286035538
27528,1.0941673517227173,-0.10636916011571884,0.034201886504888535,12.120336532592773,0.09129638969898224
27590,1.6626380681991577,0.2958407402038574,0.03943455591797829,10.786588668823242,0.4515940845012665
27598,-0.12474167346954346,-0.19782958924770355,0.03118041530251503,16.199520111083984,0.00366460089571774
27653,-1.0568748712539673,-0.1254982352256775,0.01980658434331417,15.863304138183594,0.09447840601205826
27664,-3.8493218421936035,-0.2046293467283249,0.014014321379363537,28.234594345092773,0.0
27671,-0.6745635867118835,-0.20320408046245575,0.026341481134295464,16.92422103881836,0.0010950092691928148
27679,-0.24842575192451477,-0.15349455177783966,0.024395644664764404,14.061705589294434,0.09289759397506714
27690,-2.6687822341918945,-0.2046293467283249,0.021127352491021156,23.88325309753418,0.0
27691,0.30211591720581055,0.9784610867500305,0.02379859797656536,11.013761520385742,1.3922233581542969
27711,0.8441537022590637,-0.17089669406414032,0.04936174303293228,16.960256576538086,0.04331105947494507
27713,0.18646307289600372,-0.13731049001216888,0.02434835582971573,12.02876091003418,0.11705119907855988
27720,-0.8228633999824524,0.1908448189496994,0.014884069561958313,13.10600471496582,0.44806891679763794
27732,-0.48454228043556213,-0.13051560521125793,0.03034552000463009,18.79194450378418,0.12197265774011612
27770,-0.17467628419399261,-0.18901145458221436,0.026080003008246422,14.554823875427246,0.02369079738855362
27771,-2.6325390338897705,-0.20459198951721191,0.020442111417651176,25.0614070892334,4.882812572759576e-05
27776,-2.0447685718536377,-0.20462532341480255,0.023051319643855095,22.30293846130371,9.536743306171047e-08
27804,0.8558230400085449,0.05433906242251396,0.03099696896970272,11.735504150390625,0.09482575953006744
27805,-2.7175769805908203,-0.20438311994075775,0.01705607771873474,24.013776779174805,0.0007080078357830644
27819,0.39283859729766846,-0.1976013034582138,0.03456883132457733,15.611964225769043,0.0027083519380539656
27828,1.0808619260787964,0.062068428844213486,0.03364747762680054,11.907147407531738,0.5371166467666626
27844,1.8001701831817627,1.498144507408142,0.041111987084150314,10.067437171936035,4.918463230133057
27879,-0.3052407205104828,-0.2011481374502182,0.03272780030965805,17.472707748413086,0.006291580386459827
27890,0.693585991859436,0.019375812262296677,0.03560866042971611,12.292340278625488,0.06090714409947395
27892,0.18770955502986908,-0.12482690811157227,0.029708554968237877,14.308517456054688,0.01114037074148655
27893,0.4000251889228821,-0.1968614012002945,0.039623357355594635,16.881948471069336,0.010007858276367188
27918,-1.2870839834213257,-0.18377363681793213,0.02411317080259323,18.089670181274414,0.02976684644818306
27925,0.31316837668418884,-0.18117459118366241,0.03115822747349739,14.28375244140625,0.01030502375215292
27943,-0.643260657787323,-0.04986342042684555,0.027176177129149437,16.564783096313477,0.4114730954170227
27945,-1.4125597476959229,-0.2007298767566681,0.019801292568445206,18.0770320892334,0.004336492158472538
27947,-0.6275438666343689,-0.17678610980510712,0.02775621972978115,15.990132331848145,0.0063686370849609375
27950,1.049330234527588,0.14509983360767365,0.03188746050000191,11.041309356689453,0.38843250274658203
27974,0.6031551361083984,-0.16775652766227722,0.030932489782571793,13.476702690124512,0.020086457952857018
27991,-4.343824863433838,-0.2046293467283249,0.0135026341304183,30.168500900268555,0.0
28047,-0.19849005341529846,0.014943063259124756,0.024528661742806435,14.266139030456543,0.24195213615894318
28070,-1.8271220922470093,-0.20447032153606415,0.02079247124493122,20.342226028442383,3.6787987482966855e-05
28079,-1.4677438735961914,-0.19666150212287903,0.02178356610238552,19.24464988708496,0.03704681620001793
28094,0.1894952356815338,0.4994521737098694,0.025675689801573753,11.513396263122559,0.7805328369140625
28130,1.1788945198059082,-0.031949084252119064,0.033370938152074814,10.979279518127441,0.38191911578178406
28147,0.7361575961112976,-0.03510787710547447,0.038675691932439804,13.096298217773438,0.15351314842700958
28172,-1.0929514169692993,-0.20411138236522675,0.023119067773222923,17.478126525878906,0.00036145473131909966
28217,-0.13430413603782654,0.16232717037200928,0.02338007278740406,12.757349967956543,0.36562564969062805
28218,0.9163544774055481,0.2978707253932953,0.02962534688413143,11.561881065368652,1.3591722249984741
28221,0.6463267207145691,-0.18999998271465302,0.04339650645852089,16.162099838256836,0.059957683086395264
28241,-4.257894039154053,-0.2046293467283249,0.01329380739480257,29.5521240234375,0.0
28286,1.8261312246322632,0.0011588551569730043,0.049732666462659836,12.893630981445312,0.2875508964061737
28294,-0.4474984109401703,0.41561633348464966,0.019718624651432037,12.839591026306152,1.0176506042480469
28299,-1.027132272720337,-0.18064050376415253,0.02224746160209179,17.21080780029297,0.006268919911235571
28306,0.40954795479774475,-0.09192411601543427,0.028469765558838844,12.458273887634277,0.2803668677806854
28321,0.1776856780052185,0.2846481502056122,0.028908995911478996,13.423422813415527,0.5549630522727966
28336,0.7319769859313965,0.3290894031524658,0.02622772753238678,10.397738456726074,0.5127043128013611
28339,-1.324187994003296,-0.1954691857099533,0.01795129105448723,16.667085647583008,0.0088029270991683
28340,0.8905137181282043,0.0798783078789711,0.029054198414087296,10.587257385253906,0.24147701263427734
28389,-0.009834897704422474,-0.20375099778175354,0.03733089193701744,17.303028106689453,0.0004403114435262978
28404,0.4658927619457245,-0.043100353330373764,0.03013896383345127,11.864607810974121,0.21795609593391418
28409,0.6134573817253113,-0.10310258716344833,0.031998857855796814,12.751648902893066,0.10644334554672241
28411,0.014898604713380337,-0.11806052178144455,0.028756840154528618,14.707934379577637,0.07552110403776169
28430,0.8572450876235962,-0.1789257675409317,0.039439309388399124,15.320533752441406,0.045637428760528564
28442,-0.17789815366268158,-0.13668732345104218,0.02249082736670971,13.071799278259277,0.15328098833560944
28460,-0.10737394541501999,0.09054677933454514,0.02058822475373745,11.910903930664062,0.3199041783809662
28471,0.9720882773399353,0.4059126079082489,0.034401148557662964,11.762733459472656,0.4502128064632416
28475,-0.1714894026517868,0.3322068154811859,0.01959383301436901,11.707959175109863,0.39300090074539185
28505,-1.6425113677978516,-0.20048804581165314,0.01734907738864422,18.060285568237305,0.00029888152494095266
28508,-0.22855646908283234,-0.16805614531040192,0.024951932951807976,14.480371475219727,0.06109658628702164
28531,-3.2506725788116455,-0.2046293467283249,0.014883431605994701,24.634679794311523,0.0
28550,0.5772693157196045,0.028143495321273804,0.02920548990368843,12.168593406677246,0.1191234141588211
28632,-1.364885687828064,-0.20136022567749023,0.01957525871694088,17.87797737121582,0.00029106703004799783
28652,-1.0416134595870972,-0.19988659024238586,0.02726471796631813,19.38066864013672,0.009302521124482155
28677,1.1423354148864746,-0.15090399980545044,0.03879770264029503,12.705313682556152,0.13252487778663635
28693,0.3019323945045471,-0.20253729820251465,0.036382995545864105,16.82839012145996,0.0027130127418786287
28718,-1.7457847595214844,-0.20451132953166962,0.020400701090693474,19.509197235107422,0.000152587890625
28720,0.09546887129545212,-0.19795216619968414,0.03229847177863121,15.4810791015625,0.006311226170510054
28723,-0.15043987333774567,-0.17939876019954681,0.0311213880777359,16.316694259643555,0.04062986373901367
28730,0.9870253801345825,0.08107840269804001,0.02834869921207428,11.035649299621582,0.1533842533826828
28740,1.0094283819198608,0.3290184736251831,0.0343954861164093,11.72865104675293,0.24525921046733856
28746,1.299163579940796,-0.12189143896102905,0.04057801142334938,14.061528205871582,0.17212913930416107
28758,2.0831990242004395,0.24467502534389496,0.046266790479421616,11.209314346313477,0.2743819057941437
28825,0.44491028785705566,0.03796492889523506,0.028866712003946304,12.486907005310059,0.056106388568878174
28831,0.2717708349227905,-0.1464090347290039,0.028307771310210228,13.210728645324707,0.1179996132850647
28843,1.4107294082641602,0.349495530128479,0.045896243304014206,15.118809700012207,0.049365997314453125
28845,0.7489337921142578,0.2690613865852356,0.02973749302327633,10.329753875732422,0.5877057313919067
28851,0.748197615146637,0.02678077295422554,0.031187137588858604,13.125805854797363,0.14472761750221252
28854,-3.5981595516204834,-0.2046293467283249,0.01425312738865614,27.266433715820312,0.0
28870,0.670666515827179,0.7037703394889832,0.025476932525634766,10.145265579223633,0.46977177262306213
28877,1.0399531126022339,1.5406283140182495,0.026273638010025024,8.732036590576172,1.0097014904022217
28900,-1.5257688760757446,-0.20029258728027344,0.02420029602944851,19.992122650146484,0.022910226136446
28902,-1.4789316654205322,-0.20445720851421356,0.02222612500190735,18.958314895629883,0.00013706684694625437
28947,-0.6873817443847656,-0.2036990225315094,0.02556185983121395,16.752328872680664,0.0012435921235010028
28973,1.1801859140396118,0.32421496510505676,0.031193509697914124,9.871088981628418,0.5028551816940308
28982,-0.09873717278242111,-0.10233040899038315,0.025769008323550224,13.503878593444824,0.017161941155791283
28995,-0.5433830618858337,-0.14753244817256927,0.021494319662451744,14.976025581359863,0.11607255786657333
28997,-0.36298781633377075,-0.1898372322320938,0.026306649670004845,15.337424278259277,0.01340484619140625
28999,0.0411662720143795,0.23599283397197723,0.03235527127981186,14.402650833129883,0.7560220956802368
29022,1.1255910396575928,0.25865980982780457,0.036681633442640305,11.737417221069336,0.09524811804294586
29032,-0.6078110933303833,-0.18993960320949554,0.022342044860124588,15.044791221618652,0.004868427757173777
29040,0.48873835802078247,0.5015613436698914,0.026891043409705162,11.011662483215332,0.6904951930046082
29061,0.24347834289073944,0.4775637686252594,0.027069462463259697,12.993834495544434,0.8863449096679688
29077,-0.06356436759233475,-0.19126208126544952,0.034777674823999405,16.435991287231445,0.003968107979744673
29110,0.7759578227996826,-0.17345984280109406,0.03419904783368111,13.609463691711426,0.044048458337783813
29127,0.13522683084011078,0.32056325674057007,0.021518517285585403,11.160138130187988,0.5676692128181458
29145,1.8554826974868774,1.3837212324142456,0.03758903965353966,9.163960456848145,1.2208514213562012
29251,-1.3310707807540894,-0.20152656733989716,0.02312419004738331,18.65917205810547,0.004700398538261652
29256,0.7361335754394531,-0.024473166093230247,0.031479984521865845,12.412492752075195,0.5897065997123718
29268,-0.2919733226299286,-0.16551361978054047,0.02359258010983467,13.66940975189209,0.039244797080755234
29342,-0.9084939360618591,-0.10306401550769806,0.02029499225318432,15.319172859191895,0.14501620829105377
29358,-0.5602630972862244,-0.20404665172100067,0.028547091409564018,16.83303451538086,0.0007733583333902061
29373,0.10017528384923935,0.31624603271484375,0.022229252383112907,11.684883117675781,0.7024019360542297
29386,0.8344867825508118,-0.14883799850940704,0.038617007434368134,14.021807670593262,0.06312823295593262
29390,0.790015697479248,-0.18012180924415588,0.03584959730505943,13.6324462890625,0.03422098234295845
29392,0.3346234858036041,-0.12901638448238373,0.03141812980175018,13.70366096496582,0.04604675993323326
29393,-1.1869648694992065,-0.20404408872127533,0.025931907817721367,18.35940933227539,5.2177907491568476e-05
29432,1.893622636795044,-0.013755989260971546,0.04581547901034355,11.123924255371094,0.2113933116197586
29454,1.326752781867981,0.19792285561561584,0.04143619164824486,12.389552116394043,0.2693744897842407
29463,1.1028984785079956,0.18740606307983398,0.03041476383805275,10.452045440673828,0.23709392547607422
29482,0.7993636727333069,0.44172045588493347,0.025743583217263222,9.911523818969727,0.6974806189537048
29491,1.0944617986679077,0.205705925822258,0.03429410979151726,11.54532527923584,0.6485907435417175
29521,-3.034071445465088,-0.2046293467283249,0.017330048605799675,25.39790153503418,0.0
29549,-0.27596691250801086,0.20409202575683594,0.02087549678981304,12.729198455810547,0.35857075452804565
29566,-1.1410902738571167,-0.20195512473583221,0.021288463845849037,17.5577449798584,0.00039838554221205413
29575,-1.9143260717391968,-0.20373550057411194,0.021087389439344406,21.22541618347168,0.0048461914993822575
29577,0.609653115272522,0.26951274275779724,0.027563368901610374,11.09157943725586,0.6507057547569275
29603,-1.1909035444259644,-0.20174352824687958,0.028320971876382828,18.876361846923828,0.0015511512756347656
29608,1.4558305740356445,0.2917587459087372,0.03844664990901947,10.976287841796875,0.21005332469940186
29624,0.2824208438396454,0.24929450452327728,0.023983141407370567,11.735543251037598,0.98981773853302
29660,-0.45661497116088867,-0.16714924573898315,0.03202075511217117,17.988473892211914,0.18197813630104065
29712,1.3667200803756714,-0.03063957765698433,0.03709515184164047,10.884132385253906,0.3796728551387787
29713,1.1003791093826294,-0.12989376485347748,0.04396335408091545,13.510197639465332,0.09189782291650772
29755,0.7428382039070129,0.3983805477619171,0.03235885128378868,11.879392623901367,0.672471821308136
29757,1.5141346454620361,0.15890862047672272,0.04206516221165657,13.449777603149414,0.7579266428947449
29758,-0.118724025785923,-0.10486926138401031,0.0271837767213583,13.98699951171875,0.14783023297786713
29760,0.28003787994384766,0.3648945987224579,0.022051123902201653,10.987472534179688,0.19520318508148193
29775,1.1942675113677979,0.1981014758348465,0.03815808519721031,13.263691902160645,0.6688446402549744
29785,0.773133397102356,0.03793799504637718,0.030546946451067924,11.721026420593262,0.1929207295179367
29795,1.5260981321334839,0.19431792199611664,0.03595603629946709,10.918986320495605,0.10830090194940567
29817,0.9096660614013672,-0.1930679976940155,0.039792802184820175,14.737771987915039,0.025485266000032425
29832,-1.9280232191085815,-0.2044650763273239,0.025268061086535454,22.305753707885742,2.2649764730431343e-07
29842,0.0021131038665771484,0.08617781847715378,0.022653449326753616,12.258667945861816,0.7003609538078308
29857,-0.9408408999443054,-0.2024967521429062,0.023449961096048355,17.04543113708496,0.0033264518715441227
29883,0.00299648055806756,0.5512329936027527,0.019832774996757507,10.947949409484863,0.5447095036506653
29890,0.531911313533783,-0.01238781213760376,0.035960715264081955,14.79820442199707,0.27412715554237366
29896,-0.3778398036956787,-0.13283182680606842,0.026877909898757935,15.27826976776123,0.012168980203568935
29961,-0.680396556854248,-0.17947226762771606,0.024665528908371925,15.681302070617676,0.040300942957401276
29969,-2.6630074977874756,-0.2046293467283249,0.02122950367629528,24.61958885192871,0.0
29970,0.6042433381080627,-0.12458901852369308,0.029577434062957764,11.218987464904785,0.13392393290996552
30016,-2.5124824047088623,-0.20461003482341766,0.019653109833598137,23.695669174194336,1.220703143189894e-05
30042,-0.24811844527721405,-0.20292317867279053,0.029441146180033684,16.360254287719727,0.003459930419921875
30054,1.213214635848999,-0.15502554178237915,0.03856386989355087,12.162107467651367,0.06321918219327927
30090,-0.9671887755393982,-0.20397956669330597,0.026228532195091248,18.1008243560791,0.00022374391846824437
30098,-0.9573010802268982,-0.20455189049243927,0.02979494445025921,19.48128318786621,0.0002685546933207661
30099,-1.2123957872390747,-0.2007869929075241,0.02359805256128311,18.54873275756836,0.0006538141751661897
30112,0.28976982831954956,-0.016449879854917526,0.025978896766901016,11.989460945129395,0.3907783031463623
30129,0.9606243371963501,0.15434393286705017,0.03435233607888222,12.173979759216309,1.3512547016143799
30137,-0.4699440002441406,-0.17589589953422546,0.022696886211633682,14.59369945526123,0.024740030989050865
30155,1.787914514541626,0.6807367205619812,0.04868033155798912,13.434370994567871,1.0635294914245605
30201,-1.7929338216781616,-0.20429007709026337,0.019463157281279564,19.80683135986328,0.00018458366685081273
30207,-0.411618709564209,-0.20200787484645844,0.025053570047020912,15.286787986755371,0.0019989013671875
30279,0.3344920575618744,-0.15198589861392975,0.030659643933176994,13.286702156066895,0.02290036715567112
30283,0.3752966523170471,-0.19050520658493042,0.03277750313282013,14.170022964477539,0.03468036651611328
30308,0.5475329160690308,-0.054236747324466705,0.03040981851518154,12.361526489257812,0.14637331664562225
30310,0.7733206152915955,0.4860350787639618,0.03278474137187004,12.053515434265137,3.308046340942383
30349,-1.2772880792617798,-0.18112997710704803,0.020360823720693588,17.887548446655273,0.021566106006503105
30359,0.3360218405723572,-0.15414762496948242,0.028910834342241287,13.090571403503418,0.0436088889837265
30370,0.7388404607772827,-0.2003937065601349,0.040326617658138275,15.627978324890137,0.007303846068680286
30375,0.3674314320087433,-0.035427093505859375,0.027232393622398376,11.880034446716309,0.17871308326721191
30381,1.0155400037765503,-0.048704516142606735,0.03382721170783043,11.924260139465332,0.16403381526470184
30387,0.4535853862762451,-0.15140829980373383,0.052225805819034576,17.48213005065918,0.010501946322619915
30393,0.049686070531606674,-0.18151752650737762,0.02811259962618351,14.154009819030762,0.08340904861688614
30395,-0.30869877338409424,-0.2014603614807129,0.03283662721514702,17.673904418945312,0.0007155656930990517
30477,2.054851531982422,0.7919196486473083,0.038321997970342636,10.266322135925293,0.468998521566391
30519,0.5324649214744568,-0.1840898096561432,0.03345758095383644,14.34617805480957,0.028258418664336205
30523,1.6083576679229736,0.18574091792106628,0.03268976882100105,9.221452713012695,0.5076887011528015
30554,-3.4083545207977295,-0.2046293467283249,0.017880097031593323,26.75864601135254,0.0
30579,0.5950078368186951,0.3769741654396057,0.022981172427535057,9.266121864318848,1.2424187660217285
30590,0.05692053586244583,-0.18516579270362854,0.033098358660936356,15.404078483581543,0.014918530359864235
30629,1.7146211862564087,0.4106849730014801,0.045094747096300125,11.172622680664062,0.5674721002578735
30642,1.874634027481079,0.8997681736946106,0.03949665650725365,8.977108001708984,0.8840333819389343
30684,2.3275415897369385,0.31033408641815186,0.044997625052928925,11.164579391479492,0.70163494348526
30698,0.3475354313850403,-0.17244964838027954,0.028856700286269188,13.281109809875488,0.04973486810922623
30701,0.5241205096244812,-0.16883420944213867,0.032586850225925446,13.4182710647583,0.06701090186834335
30703,-2.4535534381866455,-0.20462234318256378,0.02034424990415573,23.942907333374023,1.220703143189894e-05
30723,0.46918636560440063,-0.0039015815127640963,0.03286686912178993,13.81712532043457,0.11192695051431656
30735,0.6231855154037476,1.448591709136963,0.025783086195588112,10.081400871276855,0.8883599638938904
30742,0.8442708849906921,0.062407996505498886,0.03696490451693535,13.941332817077637,0.2526839077472687
30757,1.1027350425720215,0.9734606742858887,0.027306467294692993,9.303023338317871,1.6260861158370972
30819,-0.4186494052410126,-0.13305509090423584,0.028538605198264122,16.736454010009766,0.001294815563596785
30831,-2.5465409755706787,-0.2046159952878952,0.016990967094898224,22.772232055664062,2.441406286379788e-05
30847,-0.4830411970615387,-0.12994635105133057,0.02375847101211548,15.46406078338623,0.1546299010515213
30889,-0.12013018131256104,-0.05445569381117821,0.02362453192472458,13.269282341003418,0.41650089621543884
30927,-0.8125216364860535,-0.2041473388671875,0.02594238519668579,18.029708862304688,0.0017344534862786531
30965,-1.9812170267105103,-0.2046293467283249,0.01924695260822773,21.264957427978516,0.0
30994,1.6595529317855835,0.5384641289710999,0.035850994288921356,10.966792106628418,0.9804421663284302
31021,-0.5673845410346985,-0.19351302087306976,0.02755630388855934,16.06501579284668,0.0033826858270913363
31031,1.222934603691101,-0.09030375629663467,0.03879484906792641,13.185942649841309,0.04890848323702812
31038,-1.6753132343292236,-0.20447729527950287,0.024761760607361794,20.592668533325195,0.00012855538807343692
31043,0.6872716546058655,0.28065162897109985,0.03211706876754761,12.165376663208008,1.2640372514724731
31044,0.1489979475736618,-0.13806156814098358,0.028103923425078392,13.633334159851074,0.13523904979228973
31047,-0.5772644877433777,-0.17679814994335175,0.02351265586912632,14.720636367797852,0.023965919390320778
31111,1.2246427536010742,0.01081015169620514,0.04293351247906685,13.950140953063965,0.18866826593875885
31129,0.9941542744636536,-0.053191568702459335,0.03060225583612919,10.426565170288086,0.18655017018318176
31132,0.603007435798645,-0.04091211035847664,0.03344598785042763,13.559579849243164,0.14643995463848114
31145,-1.3743406534194946,-0.20438814163208008,0.025920435786247253,19.594274520874023,0.00027790068998001516
31149,2.7175605297088623,0.5249266624450684,0.0670885220170021,12.371153831481934,0.9926769137382507
31180,-3.4413936138153076,-0.2046293467283249,0.017397440969944,26.927825927734375,0.0
31190,-0.9730680584907532,-0.20460429787635803,0.029502419754862785,20.709796905517578,2.28881845032447e-06
31200,-0.21994559466838837,-0.20111024379730225,0.03433471545577049,16.719533920288086,0.0003788238682318479
31226,0.3638637363910675,0.2678072154521942,0.027590934187173843,12.800261497497559,0.5435991883277893
31248,-2.975795030593872,-0.2046293467283249,0.01592332310974598,24.803007125854492,0.0
31273,0.941682755947113,-0.18448369204998016,0.036752089858055115,13.3303861618042,0.07561470568180084
31292,1.1968064308166504,-0.03173302859067917,0.035578884184360504,12.17418384552002,0.28787556290626526
31302,-4.665282726287842,-0.2046293467283249,0.010117263533174992,30.74917984008789,0.0
31309,-3.134204626083374,-0.2046293467283249,0.018711213022470474,26.17807388305664,0.0
31347,0.9814672470092773,-0.04019169136881828,0.03583196550607681,12.843040466308594,0.21662524342536926
31355,1.851334571838379,1.3155088424682617,0.03923140838742256,11.302705764770508,1.7288070917129517
31376,-0.529793918132782,-0.19885091483592987,0.025794843211770058,16.057737350463867,0.0037627469282597303
31439,-0.7190858125686646,-0.20129457116127014,0.0237843357026577,16.308752059936523,0.008622932247817516
31543,1.8174165487289429,2.115886926651001,0.03788267821073532,9.775394439697266,1.9982388019561768
31551,-0.1694798618555069,0.07834013551473618,0.020764494314789772,12.989520072937012,0.9434881210327148
31555,0.48407378792762756,-0.016078660264611244,0.029627695679664612,12.052353858947754,0.4182649254798889
31574,-1.4542039632797241,-0.20263054966926575,0.025959331542253494,20.16414451599121,0.0013671893393620849
31578,0.5166156888008118,0.09216119349002838,0.026088718324899673,11.406310081481934,0.39491721987724304
31592,0.47889384627342224,0.23608867824077606,0.0375375933945179,15.522384643554688,0.7008448839187622
31611,0.3016025424003601,-0.16154618561267853,0.027308447286486626,12.521929740905762,0.04190218076109886
31620,1.0962951183319092,-0.05915135145187378,0.03514564037322998,11.6568021774292,0.24440093338489532
31631,1.4895976781845093,-0.1908961683511734,0.044952865689992905,14.13278865814209,0.018549002707004547
31646,1.0923435688018799,0.18804775178432465,0.028485452756285667,9.913321495056152,0.2685196101665497
31647,0.8309925198554993,-0.16337904334068298,0.03855530545115471,13.906939506530762,0.011991322040557861
31650,0.20162002742290497,-0.03208405524492264,0.02838689647614956,13.78122615814209,0.22920070588588715
31708,0.41992560029029846,-0.13722161948680878,0.03425190597772598,14.768202781677246,0.04236488416790962
31793,-0.6510517597198486,-0.18562355637550354,0.02431907318532467,16.282943725585938,0.05759429931640625
31801,-0.9099851846694946,-0.18715408444404602,0.029685882851481438,18.697561264038086,0.02093750238418579
31836,1.120197057723999,-0.04303688555955887,0.032437752932310104,11.354646682739258,0.2824787199497223
31856,-2.546847105026245,-0.2046293467283249,0.01843615435063839,23.167987823486328,0.0
31877,-0.42829617857933044,-0.07420467585325241,0.026177121326327324,15.266383171081543,0.08149134367704391
31883,0.7988376021385193,0.6946237087249756,0.025978634133934975,10.648646354675293,1.1632951498031616
31901,-0.5744467377662659,-0.1923827975988388,0.022713014855980873,15.048812866210938,0.016307711601257324
31922,0.7046703696250916,0.11498134583234787,0.02653643861413002,10.53044605255127,0.2673141658306122
31960,0.19707557559013367,-0.18100622296333313,0.029942704364657402,14.117390632629395,0.057387758046388626
31973,0.381952166557312,0.23251520097255707,0.023959964513778687,10.832714080810547,0.6396916508674622
31977,1.1679810285568237,-0.10725637525320053,0.0384867861866951,12.288164138793945,0.1162557601928711
31994,-0.29478269815444946,-0.16796492040157318,0.025916550308465958,14.839225769042969,0.02995309792459011
31995,-2.030552625656128,-0.20460371673107147,0.022235369309782982,23.24507713317871,3.662109520519152e-05
32001,0.3183014392852783,0.5023115873336792,0.021970754489302635,10.109667778015137,1.2678533792495728
32012,-1.0535000562667847,-0.20447149872779846,0.027575640007853508,19.18617820739746,0.00021457672119140625
32031,0.04491368681192398,-0.04620107263326645,0.023107662796974182,12.495474815368652,0.0995517298579216
32079,0.5575713515281677,-0.1035618782043457,0.026689013466238976,11.236990928649902,0.2857578694820404
32093,-3.687248945236206,-0.2046293467283249,0.015974747017025948,27.8893985748291,0.0
32118,1.1200977563858032,0.16148225963115692,0.035193730145692825,11.959455490112305,0.45471659302711487
32199,-2.0248019695281982,-0.20426730811595917,0.0161118321120739,19.46965217590332,0.00021821260452270508
32227,0.6310744881629944,-0.02903902530670166,0.0259390901774168,11.102492332458496,0.16485098004341125
32238,3.1724045276641846,0.02637205831706524,0.06654398888349533,10.985419273376465,0.11957845836877823
32272,-1.3503954410552979,-0.2014118731021881,0.023942118510603905,19.552644729614258,0.0032962800469249487
32342,0.6907516121864319,0.3377770781517029,0.03147407993674278,12.262252807617188,1.034752368927002
32364,-1.6214113235473633,-0.2045942097902298,0.027059657499194145,22.613557815551758,3.0517578125e-05
32393,1.0698812007904053,-0.09389769285917282,0.036743707954883575,12.897381782531738,0.18946439027786255
32425,-2.762010335922241,-0.2045413702726364,0.018381772562861443,23.844497680664062,0.00048828125
32427,-0.6357465386390686,-0.1275932490825653,0.02190578542649746,14.796043395996094,0.02937154844403267
32452,0.9585530161857605,-0.03162325546145439,0.03394865244626999,11.704273223876953,0.12803663313388824
32481,1.0348137617111206,0.09574264287948608,0.027358686551451683,9.847450256347656,0.3857180178165436
32511,1.8572555780410767,1.6073734760284424,0.043452922254800797,10.33200454711914,1.7620744705200195
32516,0.09582805633544922,0.33848628401756287,0.022264255210757256,11.761274337768555,0.55483478307724
32529,-2.6002132892608643,-0.20176832377910614,0.017656726762652397,22.88530921936035,0.0023458003997802734
32554,0.46850141882896423,0.187522754073143,0.02957918308675289,11.886977195739746,0.3261314928531647
32556,0.7270617485046387,-0.17924916744232178,0.034044522792100906,13.521269798278809,0.04937683418393135
32625,1.9010133743286133,-0.06252028793096542,0.044011425226926804,11.400313377380371,0.39075616002082825
32636,-0.9654062390327454,-0.20394106209278107,0.02283586375415325,17.736242294311523,0.0009126663208007812
32667,-0.12641623616218567,0.15677811205387115,0.021718356758356094,12.841618537902832,0.4946323037147522
32677,-3.3774807453155518,-0.2046293467283249,0.01562737300992012,26.739450454711914,0.0
32719,0.3244706392288208,0.6359546780586243,0.023692039772868156,11.275572776794434,0.5212821960449219
32751,0.4486602246761322,-0.19466647505760193,0.034766655415296555,14.633981704711914,0.003956306725740433
32769,0.054113563150167465,-0.07476377487182617,0.024269407615065575,12.496002197265625,0.16010932624340057
32770,1.0037630796432495,-0.024898504838347435,0.037518639117479324,12.934483528137207,0.287207692861557
32773,0.04433375597000122,-0.19923333823680878,0.03208792954683304,15.394187927246094,0.005103325936943293
32780,-0.5542708039283752,-0.2033088505268097,0.02538946084678173,15.904611587524414,0.0021889687050133944
32782,-0.23997186124324799,-0.18439362943172455,0.025915969163179398,15.197199821472168,0.008775091730058193
32785,-1.9596818685531616,-0.20451489090919495,0.021311534568667412,21.723182678222656,0.00054931640625
32788,-0.09059319645166397,-0.012681776657700539,0.028595134615898132,14.531140327453613,0.19061389565467834
32796,-1.2207926511764526,-0.20345273613929749,0.02526688389480114,19.472864151000977,0.000579833984375
32801,-1.8540089130401611,-0.20462684333324432,0.02044500596821308,20.50921058654785,1.220703143189894e-05
32821,-1.634651780128479,-0.20340366661548615,0.025014350190758705,21.053329467773438,0.0020446779672056437
32845,-0.20740704238414764,-0.13271872699260712,0.024683255702257156,13.64947509765625,0.029407119378447533
32862,1.449575662612915,0.8974099159240723,0.034740667790174484,9.583080291748047,0.9925393462181091
32877,0.7407095432281494,-0.09047537297010422,0.038697272539138794,15.513933181762695,0.406863272190094
32889,0.8760409355163574,0.08216070383787155,0.02838614583015442,10.66931438446045,0.28772589564323425
32895,-1.0989845991134644,-0.20452897250652313,0.028918657451868057,20.53223419189453,0.00014038085646461695
32906,-0.45987674593925476,-0.20341463387012482,0.03028651513159275,17.7229061126709,0.005286026280373335
32910,1.667160987854004,-0.009239153005182743,0.042228929698467255,12.290984153747559,0.285174697637558
32912,-2.480355739593506,-0.2046109288930893,0.022775975987315178,24.333219528198242,3.051757857974735e-06
32919,0.7374449968338013,0.4083983600139618,0.03154590353369713,11.897676467895508,0.18265841901302338
32926,0.4234529137611389,-0.1920900195837021,0.03358510509133339,13.954398155212402,0.01041868980973959
33017,0.6836024522781372,1.0417624711990356,0.02429044060409069,10.092867851257324,0.5685972571372986
33064,1.680106520652771,0.08055747300386429,0.03649686276912689,9.797820091247559,0.45267072319984436
33067,-0.9019773602485657,-0.1859460175037384,0.024206778034567833,17.63401222229004,0.014736175537109375
33079,-0.6407152414321899,-0.11394263803958893,0.021391447633504868,13.995073318481445,0.09059564024209976
33142,-0.712019145488739,-0.2036963701248169,0.02668156661093235,17.24435043334961,0.0008435845375061035
33154,-1.065446138381958,-0.20159804821014404,0.017979471012949944,15.793086051940918,0.002600529231131077
33166,1.2638441324234009,0.5295606255531311,0.03435968980193138,11.655869483947754,1.7367140054702759
33172,2.0903022289276123,0.04403374716639519,0.048893317580223083,12.417647361755371,0.3232737183570862
33193,-0.8240957260131836,-0.20332513749599457,0.024658014997839928,16.528539657592773,0.0002589225769042969
33246,-0.4352421760559082,-0.18761780858039856,0.02784714102745056,16.652803421020508,0.020882820710539818
33259,1.6083869934082031,-0.10929187387228012,0.04462767392396927,13.955222129821777,0.02994096279144287
33289,1.1687970161437988,0.07820846885442734,0.03552352264523506,11.476268768310547,0.4097360074520111
33294,-0.7068833112716675,-0.20103834569454193,0.022350646555423737,15.709765434265137,0.004199029412120581
33295,-3.313953399658203,-0.2046293467283249,0.015628209337592125,26.404251098632812,0.0
33297,0.4746728837490082,-0.004552499856799841,0.03595496341586113,13.43181324005127,0.3471643626689911
33304,-0.2941817343235016,0.09095080941915512,0.02523879148066044,14.602717399597168,0.4232396185398102
33313,1.7497711181640625,0.23731592297554016,0.04279818758368492,11.219278335571289,0.8581350445747375
33320,1.2022584676742554,0.6297410130500793,0.0360407680273056,11.671844482421875,1.4850131273269653
33333,0.8522756695747375,0.2084287703037262,0.02895832434296608,10.147315979003906,0.7733561992645264
33338,-0.23103587329387665,-0.04677771404385567,0.019863922148942947,12.236772537231445,0.04231947287917137
33394,1.712063193321228,0.2381228655576706,0.045365698635578156,12.541356086730957,0.16563187539577484
33429,-2.180716037750244,-0.20462234318256378,0.019202111288905144,20.812170028686523,1.220703143189894e-05
33455,-0.13459311425685883,-0.18822422623634338,0.026044774800539017,14.397892951965332,0.01458816695958376
33464,0.2646302878856659,-0.16596637666225433,0.03313007578253746,15.52800464630127,0.0031099417246878147
33476,0.15911705791950226,0.2344077080488205,0.02564816176891327,11.72753620147705,0.6111223101615906
33477,0.9622003436088562,-0.18198102712631226,0.043592583388090134,14.928038597106934,0.029546165838837624
33504,0.08309105038642883,0.12921033799648285,0.023945502936840057,12.713543891906738,0.17502428591251373
33534,1.0542576313018799,0.2782827615737915,0.031242072582244873,10.29481029510498,0.2918268144130707
33552,0.2052144855260849,0.02575247548520565,0.0238953884691,11.8078031539917,0.3851099908351898
33567,0.8966447114944458,-0.18416526913642883,0.03954688832163811,15.532084465026855,0.022628432139754295
33576,1.6274784803390503,2.2635996341705322,0.032064467668533325,8.410147666931152,1.6071888208389282
33578,-0.7236334085464478,-0.20314331352710724,0.02687881328165531,18.315393447875977,0.005511283874511719
33606,-2.3466644287109375,-0.2046223133802414,0.020242661237716675,22.45698356628418,6.10351571594947e-06
33622,1.0445207357406616,-0.1411839723587036,0.039741210639476776,13.649757385253906,0.051114726811647415
33631,-1.7082213163375854,-0.20442481338977814,0.02074248343706131,19.72430992126465,0.0002456665097270161
33702,0.5039305090904236,-0.16924773156642914,0.03247648850083351,13.765521049499512,0.03688087686896324
33707,0.7181017994880676,0.2554972767829895,0.025637933984398842,9.91701889038086,0.8569149374961853
33710,-0.7669512629508972,-0.19857726991176605,0.027073178440332413,17.871002197265625,0.01686803065240383
33720,0.6338374018669128,0.4725360572338104,0.028828442096710205,12.142829895019531,0.44173574447631836
33723,-0.04370787739753723,0.3624822497367859,0.02629496529698372,14.150397300720215,0.693324089050293
33747,0.5661188364028931,-0.14415934681892395,0.031077608466148376,13.167863845825195,0.17073535919189453
33757,2.057054281234741,0.138650044798851,0.04664752632379532,11.17092514038086,0.366691917181015
33765,-0.023414937779307365,-0.0906994566321373,0.025616634637117386,13.932069778442383,0.4106386601924896
33768,1.003888726234436,0.13530753552913666,0.029595768079161644,10.610135078430176,0.20609000325202942
33820,-3.442723035812378,-0.2046293467283249,0.015844376757740974,27.208860397338867,0.0
33835,-1.8288472890853882,-0.20454762876033783,0.02224271558225155,20.476591110229492,1.52587890625e-05
33912,-0.16253124177455902,0.09355678409337997,0.022740567103028297,12.671625137329102,0.24008189141750336
33927,-1.0723453760147095,-0.20048268139362335,0.0268507432192564,19.783784866333008,0.0038025379180908203
33957,-0.8740898966789246,-0.20427539944648743,0.03259601444005966,20.607839584350586,0.0006015777471475303
33962,0.032391633838415146,-0.17707858979701996,0.031245095655322075,14.29430866241455,0.02453172393143177
33997,0.5982176065444946,-0.19688984751701355,0.03785940632224083,14.74901294708252,0.0056285858154296875
34003,0.6224905848503113,0.39577049016952515,0.022324787452816963,9.507701873779297,0.31726861000061035
34007,0.24391770362854004,-0.050286948680877686,0.025679105892777443,12.589219093322754,0.05164586380124092
34027,-0.5636054277420044,-0.17397798597812653,0.023623568937182426,14.850786209106445,0.09726804494857788
34048,-2.302581787109375,-0.20433245599269867,0.022691108286380768,23.49720001220703,7.324219041038305e-05
34054,0.10859693586826324,-0.057782381772994995,0.02840152382850647,14.589289665222168,0.212809756398201
34057,0.8893909454345703,1.4630273580551147,0.024867624044418335,8.682738304138184,1.336044192314148
34059,0.7290317416191101,0.16109958291053772,0.02478220872581005,9.721868515014648,0.10729765146970749
34074,0.2143789380788803,-0.17235395312309265,0.02622862532734871,12.453570365905762,0.020459001883864403
34112,-0.08125969767570496,-0.2035496085882187,0.033372171223163605,17.06130027770996,0.0038682937156409025
34117,-0.07754246145486832,0.006430614739656448,0.024573780596256256,13.080720901489258,0.33800172805786133
34133,-1.523817539215088,-0.20445752143859863,0.024547042325139046,20.849382400512695,4.88284531456884e-05
34183,-0.4218974709510803,0.135210782289505,0.019349901005625725,12.395793914794922,0.49969062209129333
34186,-0.6634610295295715,-0.024523768573999405,0.022199438884854317,14.724319458007812,0.521457850933075
34188,0.8557594418525696,-0.1839732825756073,0.03767362982034683,14.20585823059082,0.020944764837622643
34216,-0.8325619101524353,-0.16479183733463287,0.021333616226911545,15.682085037231445,0.015201494097709656
34220,-0.7612413763999939,-0.1713331639766693,0.02359677664935589,16.39939308166504,0.0029107392765581608
34221,-4.636162281036377,-0.2046293467283249,0.011156882159411907,30.7906436920166,0.0
34299,1.6482441425323486,0.006023951340466738,0.04503348097205162,11.343310356140137,0.2024216651916504
34302,0.4667922556400299,-0.08797690272331238,0.02819235436618328,12.194658279418945,0.1073189377784729
34303,-0.04038361459970474,0.10701220482587814,0.02512533776462078,13.498209953308105,1.3595689535140991
34323,0.08131968975067139,0.3320331573486328,0.028007740154862404,13.511049270629883,0.3603745996952057
34374,-0.6818246841430664,-0.1793230175971985,0.0229155495762825,15.858952522277832,0.01609901152551174
34382,1.696498155593872,0.4378553330898285,0.03939714655280113,11.430376052856445,0.07641273736953735
34476,0.889816403388977,-0.10021328181028366,0.03570286184549332,13.511337280273438,0.4443082809448242
34494,-0.14861686527729034,0.02820214070379734,0.019979773089289665,11.902687072753906,0.16459505259990692
34516,0.972048282623291,0.07391703873872757,0.029158351942896843,10.342201232910156,0.30417600274086
34541,-0.5367116332054138,-0.1176423653960228,0.019417915493249893,13.452519416809082,0.050057947635650635
34565,0.21540334820747375,-0.19347327947616577,0.033550187945365906,15.216293334960938,0.0030355751514434814
34626,0.8540242314338684,0.07788493484258652,0.02987663261592388,11.67670726776123,0.2852766215801239
34634,0.1671563684940338,0.23941676318645477,0.023077134042978287,11.369490623474121,0.7340794801712036
34635,0.39281925559043884,0.01621842570602894,0.027828985825181007,12.823103904724121,0.08906367421150208
34687,0.3762628138065338,-0.036840956658124924,0.029638925567269325,13.715716361999512,0.017187856137752533
34702,0.27648892998695374,1.0007309913635254,0.0209797415882349,10.101248741149902,1.3111764192581177
34728,1.0918797254562378,-0.022897521033883095,0.03159214183688164,10.943178176879883,0.17707398533821106
34736,0.10846393555402756,0.5868114829063416,0.019980721175670624,10.895499229431152,2.053408145904541
34755,-0.9479919672012329,-0.20426492393016815,0.025740360841155052,18.779245376586914,0.00025329613708890975
34797,0.4767284095287323,-0.11980724334716797,0.03041672706604004,12.909956932067871,0.043959178030490875
34803,1.1070271730422974,0.022707581520080566,0.03400881215929985,11.74957275390625,0.2525278627872467
34812,-0.3135451674461365,-0.14133906364440918,0.022959543392062187,13.520805358886719,0.11289189010858536
34818,0.04952080175280571,-0.07467467337846756,0.025978291407227516,12.584989547729492,0.10355360805988312
34833,-1.8117951154708862,-0.20455025136470795,0.022122066468000412,21.096729278564453,0.00015869141498114914
34837,-1.800982117652893,-0.19968874752521515,0.022300858050584793,21.97369956970215,0.003843689104542136
34839,0.3234875202178955,-0.17534621059894562,0.03663654252886772,15.732731819152832,0.021909141913056374
34854,0.564330518245697,0.29743674397468567,0.025527525693178177,10.749373435974121,0.32625049352645874
34879,0.05503644421696663,-0.1977805346250534,0.028670990839600563,14.27288818359375,0.010273946449160576
34884,0.9290165305137634,-0.16989074647426605,0.03776063397526741,13.562457084655762,0.02591264247894287
34888,-0.18063850700855255,-0.12084825336933136,0.021017497405409813,12.202472686767578,0.05040890723466873
34891,-3.221238851547241,-0.2046293467283249,0.017080243676900864,26.559391021728516,0.0
34931,0.4200983941555023,-0.1479974091053009,0.035581450909376144,15.460637092590332,0.09887733310461044
34935,2.203468084335327,0.0823073536157608,0.05219985172152519,13.067522048950195,0.5689141154289246
34941,-2.2462680339813232,-0.2046293467283249,0.018948810175061226,22.314298629760742,0.0
34945,0.4747336506843567,-0.06761984527111053,0.028390174731612206,12.280637741088867,0.2057783156633377
34954,1.3611700534820557,-0.12112504243850708,0.044730719178915024,12.070086479187012,0.10951405018568039
35000,0.6683437824249268,-0.025097191333770752,0.027352113276720047,11.1417875289917,0.1384115219116211
35055,-0.8480165600776672,-0.2031654417514801,0.028323432430624962,18.214359283447266,8.909716416383162e-05
35125,0.03940243646502495,-0.15073266625404358,0.030951732769608498,14.883566856384277,0.032898664474487305
35155,1.521414875984192,0.6109169125556946,0.032068993896245956,9.371011734008789,1.449243426322937
35166,-4.165711879730225,-0.2046293467283249,0.012087472714483738,28.488157272338867,0.0
35189,-0.9065635800361633,-0.19766949117183685,0.022274231538176537,16.63315200805664,0.005505371373146772
35227,0.9830275774002075,-0.08199071884155273,0.039326902478933334,12.264427185058594,0.08490412682294846
35237,-1.6541041135787964,-0.20424087345600128,0.022007599472999573,20.65476417541504,0.0005069017643108964
35247,-1.0124980211257935,-0.20148704946041107,0.02469676360487938,18.389652252197266,0.005261230748146772
35265,0.18400540947914124,-0.11266167461872101,0.024165581911802292,11.832467079162598,0.20013967156410217
35273,1.4223440885543823,-0.03486010432243347,0.03585181012749672,11.105854988098145,0.11712038516998291
35289,1.9522062540054321,0.2132272720336914,0.0448087677359581,11.90131950378418,0.4466467797756195
35386,0.9024959802627563,0.9083545804023743,0.02514273300766945,9.102789878845215,1.0575016736984253
35409,1.00527822971344,-0.020283237099647522,0.03738071769475937,13.443562507629395,0.009249613620340824
35438,0.9928603172302246,-0.016728539019823074,0.03354640305042267,12.250919342041016,0.09707730263471603
35445,-2.2866017818450928,-0.20457689464092255,0.02103106677532196,22.545839309692383,4.9591064453125e-05
35471,-1.2964483499526978,-0.14259909093379974,0.027802327647805214,19.603195190429688,0.17897950112819672
35487,-0.21667788922786713,-0.1872446984052658,0.02548370324075222,14.070570945739746,0.034482862800359726
35497,-0.0671887993812561,-0.18496476113796234,0.02751000039279461,14.228395462036133,0.010511505417525768
35513,-0.5893352627754211,-0.20336110889911652,0.029173195362091064,17.153141021728516,0.0036840438842773438
35547,-2.8067359924316406,-0.2046293467283249,0.020532844588160515,25.56037139892578,0.0
35552,-1.5256041288375854,-0.2045438587665558,0.024668028578162193,20.662612915039062,7.362374890362844e-05
35580,-0.5573713779449463,-0.20414511859416962,0.03528496250510216,19.426328659057617,6.942749314475805e-05
35609,-0.45585885643959045,-0.1623704880475998,0.023802656680345535,14.482400894165039,0.0180524829775095
35652,-2.227926254272461,-0.2045925110578537,0.021342052146792412,23.24834442138672,6.103515625e-05
35660,0.9614079594612122,-0.02470153011381626,0.02963746152818203,11.227323532104492,0.3970172107219696
35680,0.1610642373561859,-0.19223611056804657,0.03235654905438423,15.450510025024414,0.009309792891144753
35748,1.3573991060256958,0.22492121160030365,0.0393352285027504,11.805984497070312,0.41744527220726013
35751,-1.3071439266204834,-0.20043165981769562,0.023776007816195488,18.74071502685547,0.0038178444374352694
35775,0.11818685382604599,-0.05874889716506004,0.02502971701323986,12.417798042297363,0.10389026254415512
35801,-1.56630539894104,-0.20416739583015442,0.018429845571517944,17.863672256469727,0.0005554199451580644
35819,-0.056852471083402634,-0.1999083012342453,0.033750277012586594,16.099018096923828,0.0028739094268530607
35867,0.25225791335105896,-0.13809238374233246,0.028066402301192284,12.58045482635498,0.07849004119634628
35879,1.817257285118103,-0.016983622685074806,0.04201441630721092,10.896937370300293,0.3204843997955322
35892,0.5646152496337891,-0.09561113268136978,0.03026185929775238,13.03125,0.07093825191259384
35898,-0.3357114791870117,-0.2035350799560547,0.031268052756786346,16.47034454345703,0.0014198313001543283
35918,1.1182842254638672,0.038916777819395065,0.03407357260584831,12.828070640563965,0.2568676471710205
35989,-1.8637665510177612,-0.20460084080696106,0.01893908716738224,20.2468318939209,7.324219041038305e-05
36002,0.9794151186943054,0.10158105194568634,0.030130660161376,11.390096664428711,0.1473741978406906
36016,0.6766902804374695,-0.19628870487213135,0.042558565735816956,17.9403076171875,0.010841178707778454
36030,-0.5297650098800659,-0.12060960382223129,0.025643963366746902,15.282106399536133,0.09898122400045395
36035,-1.0150282382965088,-0.1972520798444748,0.02188849076628685,16.689632415771484,0.004613018129020929
36041,0.843151867389679,-0.1832144856452942,0.040883589535951614,14.888162612915039,0.07180043309926987
36048,-0.8654749989509583,-0.20373860001564026,0.02417491376399994,17.37557601928711,-0.0019688010215759277
36056,0.46642443537712097,-0.1982448697090149,0.04442903399467468,17.412513732910156,0.013751638121902943
36073,2.37774920463562,0.43747806549072266,0.04921260476112366,10.999261856079102,0.7142984867095947
36082,2.1033904552459717,0.741086483001709,0.0443589948117733,11.116769790649414,1.1840298175811768
36121,1.031125545501709,0.04187936708331108,0.03744848072528839,12.969008445739746,0.20335693657398224
36139,-1.1004074811935425,-0.20459476113319397,0.032560791820287704,20.99030876159668,4.7683716530855236e-08
36150,-0.15140435099601746,0.017942113801836967,0.023914897814393044,13.98753833770752,0.19137494266033173
36191,2.0510058403015137,0.026230324059724808,0.04458218812942505,11.85461711883545,0.1335725486278534
36196,-2.3329131603240967,-0.20424394309520721,0.01782064139842987,21.44432830810547,5.844398742738122e-07
36217,-0.3898211419582367,-0.16486571729183197,0.022633826360106468,13.775790214538574,0.19615988433361053
36233,1.7627124786376953,-0.00842572096735239,0.04343065619468689,11.890551567077637,0.17009520530700684
36246,-2.721264600753784,-0.2046293467283249,0.019099360331892967,24.709142684936523,0.0
36301,-2.0709025859832764,-0.19277356564998627,0.015723900869488716,19.405445098876953,0.0009351730695925653
36362,-1.4952683448791504,-0.18718555569648743,0.020017817616462708,18.161773681640625,0.09399719536304474
36378,-0.13274314999580383,-0.14011524617671967,0.025074539706110954,13.838772773742676,0.020934851840138435
36411,0.4230926036834717,-0.029834210872650146,0.02955496869981289,12.4139404296875,0.2950831353664398
36421,-0.40429121255874634,-0.19584015011787415,0.026373574510216713,16.0644588470459,0.015374565497040749
36439,-1.061187744140625,-0.20424918830394745,0.02403232455253601,17.54634666442871,0.0004420638142619282
36528,-0.6833490133285522,-0.20104049146175385,0.02247888222336769,15.761087417602539,0.0062049864791333675
36532,1.1585521697998047,-0.0822296217083931,0.04072253033518791,13.275626182556152,0.16994677484035492
36540,-1.6397556066513062,-0.20454652607440948,0.02246135100722313,20.65555191040039,0.00016479492478538305
36556,0.3106715977191925,-0.07171608507633209,0.030050277709960938,13.687420845031738,0.04399607330560684
36587,-0.4525373578071594,-0.19552914798259735,0.022607211023569107,14.882400512695312,0.0073755281046032906
36603,-0.786749005317688,-0.09714123606681824,0.02454916387796402,16.315580368041992,0.006295967381447554
36617,0.5695151686668396,-0.12780869007110596,0.03482912853360176,15.007800102233887,0.32281962037086487
36653,-0.36496368050575256,0.014567759819328785,0.022616472095251083,13.606776237487793,0.08615904301404953
36660,-0.2847830355167389,-0.19223663210868835,0.026643497869372368,15.032020568847656,0.006962788291275501
36669,-2.434680223464966,-0.20384493470191956,0.019210008904337883,24.704418182373047,0.001025390694849193
36757,-0.5948392152786255,-0.04279318079352379,0.01676088571548462,12.475600242614746,0.3074686527252197
36810,1.2904307842254639,0.1506572663784027,0.03369153290987015,11.201070785522461,0.7646467089653015
36830,1.5747259855270386,0.7229877710342407,0.031170979142189026,9.106682777404785,1.2937980890274048
36851,-1.8847124576568604,-0.2046293467283249,0.027046291157603264,23.121585845947266,0.0
36854,0.5940700769424438,0.148474782705307,0.031001970171928406,11.933303833007812,0.23766687512397766
36869,-1.680643081665039,-0.19533023238182068,0.019325492903590202,19.109394073486328,0.013166713528335094
36871,-0.7858746647834778,-0.062107205390930176,0.017831338569521904,14.031912803649902,0.6651949286460876
36899,-1.4672034978866577,-0.2042117863893509,0.023492170497775078,19.41209602355957,0.0007431030389852822
36952,1.5375607013702393,0.9963749051094055,0.038854535669088364,11.208489418029785,0.7899124622344971
36956,1.576863169670105,-0.013763356022536755,0.04729597643017769,14.267473220825195,0.235683873295784
36958,0.6845039129257202,-0.12271507829427719,0.03059689700603485,11.457709312438965,0.03962884098291397
36962,-0.5278022885322571,-0.19768528640270233,0.03235768899321556,19.585933685302734,0.0077796936966478825
36964,0.9582053422927856,-0.134736567735672,0.03698202967643738,12.528197288513184,0.1302930861711502
36988,0.2719537019729614,-0.19303491711616516,0.041732292622327805,16.81683921813965,0.0032913293689489365
36997,0.659808337688446,-0.13904111087322235,0.030165094882249832,11.26692008972168,0.08323754370212555
37003,0.3334476053714752,-0.15592944622039795,0.028947873041033745,13.692789077758789,0.07875167578458786
37006,0.3018220365047455,-0.1274069994688034,0.030210131779313087,13.883722305297852,0.055856239050626755
37056,-1.253001093864441,-0.1994500458240509,0.022133952006697655,18.024160385131836,0.005984592717140913
37059,0.7709946632385254,-0.12162178009748459,0.030655696988105774,11.968729019165039,0.053618695586919785
37086,-1.1069774627685547,-0.20460450649261475,0.031040513888001442,21.037588119506836,1.2207065992697608e-05
37099,-0.6953031420707703,-0.20016197860240936,0.03164002671837807,19.355392456054688,0.0009920730954036117
37101,1.9842958450317383,-0.1642913967370987,0.05085458233952522,14.044644355773926,0.04694483429193497
37114,0.1153436228632927,0.389291912317276,0.021940046921372414,11.36077880859375,1.2845580577850342
37125,-0.9077752232551575,-0.1736641824245453,0.0192024614661932,15.36170482635498,0.08375420421361923
37152,1.0947240591049194,0.33040717244148254,0.03443962335586548,11.705628395080566,0.20372433960437775
37184,-0.9544734954833984,-0.20188196003437042,0.027549102902412415,18.07427978515625,0.0030471922364085913
37196,-0.20336242020130157,-0.20313213765621185,0.03375548869371414,17.84770393371582,0.002749538514763117
37210,1.9009287357330322,0.5764514207839966,0.04499838873744011,11.559854507446289,0.3904883563518524
37272,-0.5507238507270813,-0.033924736082553864,0.018608123064041138,13.527918815612793,0.13361375033855438
37291,-2.9733126163482666,-0.2046293467283249,0.019607489928603172,25.001895904541016,0.0
37312,0.09671436995267868,-0.05260342359542847,0.023988215252757072,12.193035125732422,0.20478618144989014
37317,-0.9656688570976257,-0.20410044491291046,0.024268213659524918,17.704275131225586,0.00029754638671875
37366,0.5499076247215271,-0.027040446177124977,0.030036771669983864,12.539339065551758,0.08087846636772156
37369,-0.2510375380516052,0.04312380403280258,0.019613932818174362,12.177651405334473,0.49320727586746216
37381,-0.010181849822402,-0.18685851991176605,0.025517255067825317,13.34397029876709,0.008637155406177044
37396,1.3954086303710938,-0.028834987431764603,0.036577459424734116,11.475957870483398,0.1420423686504364
37419,-1.8812297582626343,-0.20386818051338196,0.018895210698246956,19.865934371948242,0.0008337974431924522
37451,-0.8084244132041931,-0.20348773896694183,0.026243314146995544,17.493257522583008,0.0009171486017294228
37470,2.0561025142669678,0.1647711843252182,0.04527506232261658,11.411969184875488,0.584458589553833
37471,0.08807648718357086,0.13255681097507477,0.02595047652721405,13.149645805358887,1.1497846841812134
37501,1.1907179355621338,0.37574055790901184,0.03627677261829376,11.49893569946289,1.2411575317382812
37508,-0.13017050921916962,-0.19083276391029358,0.031241053715348244,15.745704650878906,0.01212093885987997
37531,-3.7402350902557373,-0.2046293467283249,0.014576965942978859,27.638975143432617,0.0
37541,0.23233459889888763,-0.1725578010082245,0.030371660366654396,14.075764656066895,0.047489847987890244
37622,0.8257173895835876,-0.04355475306510925,0.03625725954771042,12.846285820007324,0.104581318795681
37623,-0.46204033493995667,-0.20261119306087494,0.028042858466506004,16.554309844970703,0.0071156504563987255
37685,1.1166236400604248,0.2677009105682373,0.034454863518476486,12.350482940673828,0.8391816020011902
37708,0.1471325010061264,-0.17963936924934387,0.035419341176748276,16.663671493530273,0.0228872187435627
37736,0.8476477861404419,0.1411205381155014,0.0314156636595726,11.458102226257324,0.3600132465362549
37740,0.9756604433059692,0.2766043543815613,0.04050632193684578,15.247177124023438,0.15381231904029846
37746,-0.5990114808082581,-0.061459142714738846,0.02283274196088314,14.9017972946167,0.08014660328626633
37749,1.064420461654663,-0.06121530756354332,0.03721131011843681,13.277442932128906,0.24549885094165802
37750,1.1043962240219116,-0.0781109482049942,0.03872194513678551,12.746663093566895,0.14684420824050903
37784,0.8546857833862305,0.6800628304481506,0.02986983396112919,11.12967300415039,0.6363226771354675
37813,-4.362844944000244,-0.2046293467283249,0.013380276039242744,30.008066177368164,0.0
37815,-0.023833120241761208,0.02605491690337658,0.01986638270318508,11.377641677856445,0.36199483275413513
37834,-1.6014407873153687,-0.20459644496440887,0.02076738514006138,19.277145385742188,5.07473960169591e-05
37860,0.3764946460723877,-0.10203230381011963,0.0325147844851017,14.279764175415039,0.006554125342518091
37868,-3.1035938262939453,-0.2046293467283249,0.017155135050415993,26.15631103515625,0.0
37874,1.5528711080551147,0.25520920753479004,0.033719975501298904,9.878302574157715,0.8013837933540344
37880,0.2949148118495941,-0.009178186766803265,0.024998484179377556,11.572365760803223,0.09883332997560501
37899,0.10104534775018692,-0.0854780450463295,0.02512097917497158,12.6405668258667,0.1202629953622818
37911,-0.3159935772418976,0.11003497987985611,0.020313212648034096,12.130117416381836,0.2628818154335022
37921,0.8850164413452148,0.20190513134002686,0.033476218581199646,13.066469192504883,0.6070649027824402
37946,-0.620063841342926,-0.20128391683101654,0.026504993438720703,16.270559310913086,0.011733532883226871
38004,-0.09603976458311081,-0.08319029957056046,0.020900610834360123,11.957746505737305,0.10369205474853516
38013,-0.10796618461608887,0.11475298553705215,0.022077443078160286,12.637404441833496,0.5572966933250427
38059,1.6291614770889282,0.10344728082418442,0.038754601031541824,11.669734001159668,0.5607743859291077
38074,0.7338927984237671,0.04449251666665077,0.029555005952715874,11.692131996154785,0.880241334438324
38079,-0.37039944529533386,-0.10760054737329483,0.023286858573555946,14.147750854492188,0.11462249606847763
38099,1.633797287940979,-0.10782893002033234,0.0412917397916317,11.5259370803833,0.16580089926719666
38106,0.9091782569885254,0.05359005928039551,0.030493799597024918,11.631644248962402,0.220394566655159
38114,0.5898253321647644,0.6953527927398682,0.030986566096544266,12.615294456481934,0.5061150789260864
38118,1.441283106803894,-0.08278791606426239,0.043491628021001816,12.924765586853027,0.15195296704769135
38140,0.5775328278541565,-0.1872839778661728,0.03582724928855896,14.0789213180542,0.01031804084777832
38160,0.8846209645271301,0.4473477900028229,0.029817337170243263,11.005058288574219,0.8296980261802673
38210,1.0554171800613403,-0.05176921561360359,0.030739113688468933,11.054190635681152,0.17967575788497925
38295,1.0598090887069702,0.9404723048210144,0.03366236016154289,11.620455741882324,0.11233752220869064
38302,0.8088725209236145,-0.19357316195964813,0.04715149477124214,16.519826889038086,0.003893280168995261
38303,-0.1913078874349594,0.030754858627915382,0.01988823525607586,12.003251075744629,0.2710866630077362
38313,-0.0597359798848629,0.17549718916416168,0.01952957548201084,11.070154190063477,0.6067391633987427
38343,1.9585847854614258,-0.04663945361971855,0.0454871691763401,12.626358985900879,0.22096024453639984
38346,0.7359787821769714,-0.20252342522144318,0.044637300074100494,17.128068923950195,0.002127075335010886
38359,-0.3020675778388977,-0.14621461927890778,0.02056325413286686,12.855391502380371,0.08135534822940826
38361,-0.5043086409568787,-0.08566474169492722,0.025843506678938866,15.561502456665039,0.11322569102048874
38373,0.8268001675605774,-0.09640983492136002,0.03310417756438255,12.755488395690918,0.01801641657948494
38392,0.02092541567981243,-0.19354400038719177,0.029650552198290825,15.032635688781738,0.025556225329637527
38417,-3.895634889602661,-0.2046293467283249,0.012752405367791653,27.693998336791992,0.0
38427,-1.5083187818527222,-0.20434097945690155,0.02403700165450573,19.254125595092773,0.0002534508821554482
38437,1.4546127319335938,0.2931087911128998,0.03459809347987175,10.101027488708496,0.8277212977409363
38447,-2.132627248764038,-0.20461614429950714,0.02568643167614937,23.849536895751953,7.324219041038305e-05
38471,0.49359938502311707,-0.11674996465444565,0.036581844091415405,14.800699234008789,0.171953022480011
38489,-2.6571781635284424,-0.2046293467283249,0.020118309184908867,25.07776641845703,0.0
38498,0.4380033612251282,-0.019462063908576965,0.02241557277739048,9.89438533782959,0.17933540046215057
38503,-0.2616475522518158,-0.15548951923847198,0.02233175002038479,13.420626640319824,0.07060442119836807
38507,1.0620092153549194,-0.1825481802225113,0.043052490800619125,14.586448669433594,0.02848159149289131
38529,1.4893490076065063,0.014077538624405861,0.045641202479600906,14.559239387512207,0.34185224771499634
38555,0.46199536323547363,-0.1665906012058258,0.03913627192378044,15.507369995117188,0.033320557326078415
38564,0.16431711614131927,-0.19522292912006378,0.040810875594615936,17.515737533569336,0.0027507902123034
38582,0.29538634419441223,-0.11736699193716049,0.02883884869515896,13.790109634399414,0.050132978707551956
38600,0.41546931862831116,-0.1781545728445053,0.03505731374025345,14.585168838500977,0.03676539659500122
38672,1.6996526718139648,0.36687642335891724,0.03881208226084709,11.297709465026855,1.4991263151168823
38680,2.041461944580078,0.1539265215396881,0.04365384951233864,11.584413528442383,0.21155905723571777
38695,-0.15333792567253113,-0.12041139602661133,0.02544456534087658,13.901613235473633,0.07583500444889069
38696,1.0983867645263672,-0.12322165817022324,0.038821298629045486,13.483087539672852,0.14657825231552124
38717,0.21429407596588135,-0.20017503201961517,0.03377753496170044,16.005414962768555,0.010463333688676357
38739,-4.169340133666992,-0.2046293467283249,0.015036790631711483,29.382740020751953,0.0
38775,-0.758910596370697,-0.0920727476477623,0.018218262121081352,13.755658149719238,0.25622448325157166
38792,-1.0775939226150513,-0.20179858803749084,0.025362471118569374,18.591930389404297,0.0017391204601153731
38807,0.3754856288433075,-0.08181857317686081,0.02827080525457859,12.624833106994629,0.14391948282718658
38819,-1.1517174243927002,-0.20366275310516357,0.023274483159184456,18.12632179260254,0.00047785043716430664
38839,-0.6507207155227661,0.0025030658580362797,0.020701048895716667,14.476941108703613,0.0986255630850792
38851,0.19041560590267181,-0.19502930343151093,0.030353203415870667,14.273030281066895,0.011522389948368073
38882,0.8688446283340454,0.3493879735469818,0.03331415727734566,12.13053035736084,0.7384597659111023
38888,-0.8393517732620239,-0.1663970649242401,0.024838542565703392,17.11983871459961,0.06729908287525177
38924,0.2921757996082306,-0.15228591859340668,0.027549320831894875,12.336811065673828,0.11433012783527374
38966,-0.07958125323057175,0.013307069428265095,0.021105481311678886,11.81391429901123,0.038529809564352036
38990,2.0948691368103027,0.6226333975791931,0.05577000975608826,14.59276294708252,1.0687209367752075
39029,-2.9005229473114014,-0.2046293467283249,0.01722806505858898,24.512001037597656,0.0
39042,-1.181206464767456,-0.20359063148498535,0.024715956300497055,18.361942291259766,0.0002135276881745085
39090,1.4458738565444946,-0.11919569969177246,0.045588117092847824,13.651640892028809,0.12401657551527023
39116,-0.2332080900669098,-0.19084227085113525,0.02511296048760414,15.077539443969727,0.007118287030607462
39131,-1.1790574789047241,-0.19485145807266235,0.02517186664044857,19.54527473449707,0.0007814526907168329
39157,-0.1484144926071167,-0.19833731651306152,0.040483009070158005,18.4810848236084,0.00015507936768699437
39176,0.3086850345134735,-0.12177616357803345,0.025486087426543236,11.262885093688965,0.14897802472114563
39214,-0.0213607344776392,-0.2011551707983017,0.030661899596452713,15.904647827148438,0.0040283240377902985
39225,1.0995649099349976,0.288541316986084,0.030272191390395164,10.473612785339355,0.43198084831237793
39282,-0.14826928079128265,-0.004169583320617676,0.021648311987519264,13.210186958312988,0.10975978523492813
39285,0.15075503289699554,-0.19998885691165924,0.03506169840693474,15.759060859680176,0.0027992494869977236
39318,1.0886014699935913,-0.008145499974489212,0.03291189670562744,10.834689140319824,0.21661463379859924
39332,1.41358482837677,-0.018075214698910713,0.03601546213030815,10.8524808883667,0.22684283554553986
39414,-0.9059446454048157,-0.15042713284492493,0.023423682898283005,16.645009994506836,0.0048431395553052425
39445,-2.7239418029785156,-0.2046293467283249,0.02095215953886509,24.481611251831055,0.0
39446,-0.058207906782627106,0.0264367014169693,0.026297708973288536,12.582894325256348,0.3565855920314789
39458,-1.7581665515899658,-0.20458777248859406,0.021044088527560234,19.835134506225586,4.9209596909349784e-05
39475,0.6966529488563538,0.8499807715415955,0.029868384823203087,12.349953651428223,0.4766850471496582
39479,-0.8786370158195496,-0.12396048754453659,0.0230428334325552,17.153087615966797,0.07227843254804611
39539,0.05009058862924576,0.34647032618522644,0.02124270610511303,11.307682037353516,0.7578075528144836
39551,0.067074254155159,0.1347358524799347,0.02353757992386818,12.169848442077637,0.4624006748199463
39569,0.800832211971283,0.20783810317516327,0.031669698655605316,11.6757173538208,0.6920032501220703
39591,-0.09770173579454422,0.0039731161668896675,0.023527635261416435,13.407005310058594,0.2406724989414215
39624,1.6168562173843384,0.45518580079078674,0.04348213970661163,10.951594352722168,0.4571269154548645
39645,0.7849078178405762,0.1035798117518425,0.03204728662967682,12.317282676696777,0.3592413067817688
39647,-0.7412568926811218,-0.1983657330274582,0.02527550235390663,16.807371139526367,0.01679535023868084
39649,0.7516388893127441,0.2736515700817108,0.03291529044508934,12.726771354675293,0.5007373690605164
39660,-0.5117186307907104,-0.2019576132297516,0.031927041709423065,17.413122177124023,0.00151319510769099
39669,-1.276007056236267,-0.20424821972846985,0.0225692018866539,18.498567581176758,0.00011882781836902723
39677,-0.04754207283258438,0.327472984790802,0.03123963437974453,15.616772651672363,0.05884819105267525
39695,0.43254390358924866,-0.08111114054918289,0.028902385383844376,12.709792137145996,0.30520954728126526
39706,0.6230357885360718,-0.1812848299741745,0.03260352462530136,13.30339241027832,0.01907219924032688
39714,-1.9657334089279175,-0.20431938767433167,0.01752473972737789,19.746849060058594,0.00020806789689231664
39742,-0.07851338386535645,-0.18926861882209778,0.03276454284787178,16.375778198242188,0.055992789566516876
39757,1.289125919342041,0.864932656288147,0.03766607120633125,10.816267967224121,0.7246999740600586
39790,0.9410839080810547,-0.0895385891199112,0.035522427409887314,11.906943321228027,0.09928148984909058
39817,-0.18943803012371063,-0.06735193729400635,0.021622782573103905,12.34186840057373,0.041799187660217285
39846,0.9226915240287781,0.18486151099205017,0.03413188084959984,12.910361289978027,0.42994651198387146
39869,-0.7644113898277283,-0.20443911850452423,0.027852118015289307,18.287445068359375,0.00028076174203306437
39893,0.8630473017692566,-0.19625835120677948,0.04241867735981941,15.982687950134277,0.015352475456893444
39920,-0.021650198847055435,-0.19425790011882782,0.028817875310778618,14.492629051208496,0.007824326865375042
39923,-1.187713861465454,-0.20428796112537384,0.024852249771356583,19.37798500061035,0.00048065185546875
39929,-1.09228515625,-0.2011677324771881,0.022647399455308914,17.045289993286133,0.00514453649520874
40002,2.6000308990478516,-0.1210237368941307,0.07660048454999924,14.13022518157959,0.11642636358737946
40014,0.9880639314651489,-0.19504806399345398,0.03922194242477417,14.568717002868652,0.015916908159852028
40051,1.0712058544158936,0.20339392125606537,0.03626956790685654,11.667716026306152,0.5333852171897888
40053,-0.25078338384628296,0.08246810734272003,0.026498952880501747,14.949983596801758,0.14339065551757812
40069,-1.2529934644699097,-0.19657745957374573,0.022321023046970367,18.529645919799805,0.013845110312104225
40151,-1.4113126993179321,-0.20129013061523438,0.022019600495696068,19.418964385986328,2.4420698537142016e-05
40154,0.1687910109758377,0.8865358233451843,0.024604395031929016,12.12549114227295,0.6502603888511658
40161,0.4862174987792969,0.05886675789952278,0.02781529165804386,11.82453727722168,0.19742417335510254
40180,0.16726292669773102,-0.14710688591003418,0.02684660255908966,12.911195755004883,0.08587345480918884
40214,0.8803221583366394,-0.16925619542598724,0.034295760095119476,13.492865562438965,0.11367177218198776
40247,0.10027580708265305,-0.09862061589956284,0.036439199000597,16.652849197387695,0.07987614721059799
40269,0.08190464228391647,-0.19286051392555237,0.02828351967036724,14.612312316894531,0.009262489154934883
40331,0.0638766884803772,-0.03635653853416443,0.024179140105843544,12.554841995239258,0.05333796888589859
40405,-2.1157662868499756,-0.2046293467283249,0.022230705246329308,22.657155990600586,0.0
40417,0.21274295449256897,0.3092583119869232,0.02950158528983593,13.835806846618652,1.0016260147094727
40419,-0.12342792749404907,-0.02464238367974758,0.02784249186515808,14.628715515136719,0.17809371650218964
40421,0.6710106134414673,-0.1634455919265747,0.03600496053695679,14.727850914001465,0.06172124296426773
40456,-0.75626140832901,-0.19336283206939697,0.02637057937681675,17.098352432250977,0.011056673713028431
40467,1.0070509910583496,0.9018581509590149,0.023884696885943413,8.401570320129395,1.8799949884414673
40477,0.2311217337846756,0.050199635326862335,0.026847446337342262,13.102560997009277,0.4266906678676605
40481,2.050675392150879,-0.04590591415762901,0.05035821348428726,12.972819328308105,0.17704787850379944
40489,-1.2844501733779907,-0.2008751630783081,0.026810020208358765,18.78023910522461,0.0027622224297374487
40528,0.04988529160618782,-0.20394361019134521,0.03724823147058487,18.008913040161133,0.0006343960994854569
40536,-0.15549416840076447,0.47630611062049866,0.02041497267782688,12.111356735229492,0.15058502554893494
40538,0.6221967339515686,0.748385488986969,0.027230653911828995,11.06594181060791,0.2083331197500229
40616,-0.0998673215508461,-0.12189807742834091,0.02202051691710949,12.712019920349121,0.07546859234571457
40632,1.5177878141403198,0.08566273748874664,0.03981388732790947,12.206015586853027,0.41159191727638245
40681,-0.43981486558914185,-0.02046932466328144,0.01974673569202423,13.169302940368652,0.2978983223438263
40686,0.3273366093635559,0.944409191608429,0.021789144724607468,9.994723320007324,1.5831782817840576
40771,-1.0528806447982788,-0.16103287041187286,0.017656797543168068,15.560925483703613,0.16280576586723328
40772,0.9878405928611755,0.2136925905942917,0.028882840648293495,10.45567512512207,0.42071181535720825
40773,-1.1837910413742065,-0.20216695964336395,0.02706623636186123,19.459836959838867,0.00349178328178823
40776,-0.7708978652954102,-0.20426034927368164,0.03029184602200985,17.997426986694336,0.0006408693152479827
40783,-0.2897677421569824,-0.12686878442764282,0.02318671904504299,13.580967903137207,0.07469892501831055
40831,-0.27856364846229553,-0.1728714555501938,0.02588200569152832,14.18513011932373,0.009975445456802845
40857,-0.994775116443634,-0.20306597650051117,0.02282150462269783,17.37476921081543,0.001249551773071289
40871,-0.39044389128685,-0.1921694129705429,0.02851569652557373,16.133039474487305,0.03328399732708931
40878,0.6309027075767517,0.19594146311283112,0.03055468574166298,11.849961280822754,0.9102670550346375
40887,0.15794110298156738,-0.1733943521976471,0.03656305745244026,17.10744857788086,0.02996215783059597
40932,0.04736825451254845,-0.19624470174312592,0.039117854088544846,17.438474655151367,0.009521829895675182
40934,0.9540802836418152,0.08232254534959793,0.03799647092819214,13.091168403625488,1.416439414024353
40938,0.5967583656311035,0.2837127149105072,0.026785021647810936,10.178763389587402,0.9109082221984863
40940,0.8082470893859863,0.4122040271759033,0.028526192530989647,10.239686965942383,0.46973028779029846
40944,-0.08283286541700363,-0.15773659944534302,0.029562730342149734,16.227272033691406,0.013103854842483997
40969,-1.0968180894851685,-0.12201280891895294,0.017434630542993546,15.205401420593262,0.10264407843351364
40989,1.92172372341156,0.04466946795582771,0.04320589452981949,11.799439430236816,0.36982885003089905
40997,-2.665475368499756,-0.2046293467283249,0.01973101496696472,24.260658264160156,0.0
41025,-1.3915019035339355,-0.20409034192562103,0.02501891925930977,20.487552642822266,0.000732421875
41062,0.6861578822135925,-0.19989775121212006,0.0393914133310318,14.645729064941406,0.011390513740479946
41069,-2.2483022212982178,-0.20410709083080292,0.014243251644074917,20.354127883911133,7.93466460891068e-05
41081,0.3119056224822998,-0.04683089256286621,0.027301931753754616,12.35131549835205,0.04883028566837311
41082,-1.2926298379898071,-0.2045522928237915,0.025545446202158928,19.494083404541016,3.509521411615424e-05
41113,-1.4090383052825928,-0.20444071292877197,0.024675654247403145,19.97797966003418,0.0001426696835551411
41190,-0.915298581123352,-0.20397377014160156,0.026394683867692947,17.45733642578125,0.0004074096796102822
41232,-0.02108246460556984,-0.07073024660348892,0.02462386153638363,13.5402250289917,0.16138172149658203
41339,1.3610376119613647,-0.12011485546827316,0.04029162973165512,13.045198440551758,0.23930692672729492
41358,-1.1885813474655151,-0.20395345985889435,0.024133266881108284,18.263761520385742,0.0006118775345385075
41360,-0.17646537721157074,-0.0001676559477346018,0.025323448702692986,13.90048885345459,0.04162701591849327
41400,2.1255970001220703,-0.06375949829816818,0.05617833882570267,12.627394676208496,0.08966042101383209
41406,-0.9177802205085754,-0.20394976437091827,0.021919872611761093,17.33216667175293,0.0005770687712356448
41420,-0.25177961587905884,0.08260010927915573,0.021850427612662315,13.239587783813477,0.7654263377189636
41425,-1.587764024734497,-0.20148436725139618,0.019413623958826065,18.234752655029297,0.003939509857445955
41442,0.21266596019268036,-0.18185357749462128,0.028934845700860023,13.911017417907715,0.01766989193856716
41501,-1.8505632877349854,-0.20460765063762665,0.02231661044061184,21.704917907714844,2.441406286379788e-05
41531,0.6266875267028809,0.12194807827472687,0.02582557499408722,10.369357109069824,0.1904558688402176
41565,-1.8986843824386597,-0.2044689655303955,0.02243579551577568,20.75867462158203,5.34083255843143e-06
41587,0.04492887854576111,-0.16299186646938324,0.024567175656557083,12.856048583984375,0.012999261729419231
41638,0.712395966053009,0.29270148277282715,0.030719518661499023,10.552311897277832,0.6565648913383484
41646,-0.6947810649871826,-0.17674024403095245,0.021819764748215675,15.286616325378418,0.024125009775161743
41687,-0.048771932721138,-0.1924576610326767,0.025462493300437927,13.952201843261719,0.011738552711904049
41697,0.5168594717979431,0.2415951043367386,0.025291478261351585,11.195558547973633,0.4450654983520508
41708,-0.11840512603521347,-0.12160821259021759,0.03113245964050293,16.749502182006836,0.23179388046264648
41720,-3.668562650680542,-0.2046293467283249,0.015558249317109585,27.562091827392578,0.0
41728,-2.2836544513702393,-0.2046293467283249,0.019590701907873154,22.530122756958008,0.0
41743,-1.4488024711608887,-0.20423994958400726,0.028147906064987183,22.243209838867188,0.0004276275576557964
41759,-0.3758072257041931,-0.15678320825099945,0.029727114364504814,16.61745262145996,0.019895637407898903
41793,1.1353610754013062,-0.06400100141763687,0.03387339413166046,11.22816276550293,0.115097276866436
41875,-1.2150437831878662,-0.2037983238697052,0.021216003224253654,17.519506454467773,0.00026894808979704976
41886,-1.563593864440918,-0.20446692407131195,0.0213103536516428,19.67339324951172,5.761399006587453e-05
41928,-0.29286739230155945,-0.05857864022254944,0.02079623192548752,12.952254295349121,0.17353157699108124
42001,0.7799400687217712,-0.11502812057733536,0.03273099660873413,12.914076805114746,0.05283794552087784
42005,-0.29393622279167175,-0.19741658866405487,0.02816101908683777,16.303560256958008,0.016255950555205345
42016,0.6176326274871826,0.1784409135580063,0.0269757192581892,11.403151512145996,0.5408169627189636
42033,0.49956080317497253,-0.19202929735183716,0.03299115225672722,13.641267776489258,0.020169204100966454
42054,1.6186869144439697,0.45386645197868347,0.033839937299489975,8.67576789855957,0.4522446095943451
42064,-1.2205017805099487,-0.20457401871681213,0.02496090903878212,19.374326705932617,0.0001160621686722152
42088,-0.5092718601226807,0.9518003463745117,0.018214700743556023,12.785892486572266,1.1738723516464233
42089,0.6754686832427979,-0.08032017201185226,0.027120737358927727,11.167747497558594,0.08276735991239548
42100,1.7089157104492188,-0.11061566323041916,0.045736487954854965,13.342836380004883,0.16568489372730255
42111,1.7420415878295898,0.6743820905685425,0.03283781558275223,9.4676513671875,1.0622509717941284
42115,-1.100224494934082,-0.2007782757282257,0.024643991142511368,17.905210494995117,0.0051628113724291325
42170,-0.7539034485816956,-0.20456324517726898,0.030453508719801903,18.88763999938965,0.0001771926908986643
42178,1.0071829557418823,0.21265971660614014,0.03582656756043434,12.448775291442871,0.299396812915802
42194,0.49799442291259766,-0.03182930871844292,0.03302786871790886,15.294508934020996,0.8165990114212036
42222,2.454026460647583,0.40393373370170593,0.04476522281765938,11.269824028015137,0.6926207542419434
42242,-0.6263653635978699,-0.20203061401844025,0.02346820756793022,15.749056816101074,0.002957308432087302
42256,-1.1555336713790894,-0.1948227882385254,0.019248327240347862,16.704763412475586,0.006579590030014515
42273,-0.0902099460363388,-0.06033452972769737,0.026003634557127953,14.230860710144043,0.10273995250463486
42274,0.2483510971069336,-0.19182319939136505,0.031395237892866135,14.716005325317383,0.007409706246107817
42286,0.3261708915233612,-0.1904003769159317,0.037272922694683075,15.741789817810059,0.03278639540076256
42293,-0.4243256151676178,-0.20453210175037384,0.03624173626303673,19.35889434814453,0.00042724609375
42377,0.22671400010585785,-0.20036327838897705,0.032717350870370865,15.50182819366455,0.005002451129257679
42384,-0.2996354103088379,-0.037234675139188766,0.019880130887031555,12.402871131896973,0.15723685920238495
42393,1.4864486455917358,0.5593071579933167,0.03249518200755119,9.742316246032715,0.530498206615448
42396,-0.026148533448576927,-0.13626235723495483,0.023801209405064583,12.416544914245605,0.056385695934295654
42397,-1.8955023288726807,-0.2044030874967575,0.02092268317937851,20.272174835205078,4.9877377023221925e-05
42405,-4.380113124847412,-0.2046293467283249,0.012275858782231808,30.08820915222168,0.0
42451,0.492534875869751,0.640579342842102,0.025836214423179626,11.186068534851074,0.5030640363693237
42461,0.030433161184191704,-0.1403798907995224,0.024963079020380974,12.875452995300293,0.05153778940439224
42491,1.7773879766464233,0.4881919324398041,0.036711107939481735,10.781847953796387,0.3815867602825165
42503,-1.592450737953186,-0.204255148768425,0.0236394964158535,20.292234420776367,0.0006958008161745965
42505,1.403230905532837,0.1434604972600937,0.0321466326713562,10.018714904785156,0.44945254921913147
42511,0.3267150819301605,0.4398575723171234,0.024268468841910362,10.97191333770752,0.7971896529197693
42513,-0.19195003807544708,-0.11472960561513901,0.022793706506490707,12.8685884475708,0.07818718254566193
42518,0.5297066569328308,1.1718189716339111,0.023922309279441833,9.673808097839355,1.042819857597351
42524,-0.12120334059000015,0.1284155398607254,0.02243703603744507,12.74299144744873,0.8556534051895142
42537,0.24135060608386993,-0.15454921126365662,0.02758331038057804,13.026249885559082,0.08344858884811401
42538,-0.21806874871253967,-0.15293912589550018,0.02519664540886879,14.798991203308105,0.07530301064252853
42578,-0.6422483325004578,-0.180512934923172,0.025963008403778076,16.079364776611328,0.004218482878059149
42582,3.0809314250946045,0.2028261423110962,0.060938239097595215,11.831995964050293,0.5413898825645447
42623,1.3096355199813843,-0.15410253405570984,0.04918142035603523,14.340980529785156,0.05576648935675621
42642,0.17203035950660706,0.08736548572778702,0.023666756227612495,11.619646072387695,0.34049102663993835
42686,-0.3702642023563385,-0.1388731449842453,0.026748282834887505,15.573344230651855,0.07551024109125137
42698,0.6092281341552734,0.35676300525665283,0.02611769177019596,11.313426971435547,0.3151712119579315
42731,0.868205189704895,-0.06070380285382271,0.031970057636499405,11.598506927490234,0.1100112795829773
42745,0.04607158899307251,-0.10203655809164047,0.02305443212389946,11.951207160949707,0.10737476497888565
42782,-0.6235641241073608,-0.19042998552322388,0.024165138602256775,15.85876178741455,0.03801899030804634
42813,-0.9720894694328308,-0.19454076886177063,0.02886083535850048,18.67165184020996,0.00014410019502975047
42817,1.7924339771270752,0.6663357615470886,0.045788876712322235,12.797245025634766,1.4790562391281128
42818,-0.1346081644296646,-0.18323633074760437,0.027456602081656456,14.558880805969238,0.021262837573885918
42862,0.41956600546836853,0.35353827476501465,0.023731306195259094,10.534140586853027,0.42313775420188904
42866,-0.14639869332313538,0.003272526664659381,0.026457929983735085,14.299349784851074,0.24032850563526154
42919,0.713092029094696,0.028515735641121864,0.02779679000377655,11.035334587097168,0.29724180698394775
42932,0.40004539489746094,-0.1066296324133873,0.031451087445020676,13.314730644226074,0.12191192060709
42940,1.0488613843917847,0.033705491572618484,0.030666524544358253,9.720198631286621,0.3697752058506012
42943,-0.732583224773407,-0.19893592596054077,0.025489090010523796,17.015079498291016,0.006648445036262274
42987,2.224382162094116,0.30175766348838806,0.051561202853918076,11.607309341430664,0.7042360305786133
42989,-1.5329809188842773,-0.20430533587932587,0.0223118606954813,19.69013786315918,0.0003418326668906957
43038,0.20530319213867188,-0.1986386626958847,0.04185279458761215,18.094261169433594,0.0016393661499023438
43053,0.08965086936950684,-0.14561697840690613,0.02602192759513855,13.204385757446289,0.21671216189861298
43056,0.06722258776426315,0.04777529090642929,0.026049746200442314,13.294215202331543,0.43612733483314514
43058,1.504949927330017,-0.0774172767996788,0.03992355987429619,11.246289253234863,0.17256572842597961
43071,0.9657202959060669,1.2405977249145508,0.02344125136733055,8.064212799072266,1.5452890396118164
43075,1.2042537927627563,1.0791804790496826,0.0360066220164299,11.446761131286621,0.5058290362358093
43088,2.610593557357788,-0.14466331899166107,0.05829080566763878,14.140214920043945,0.07713359594345093
43093,1.2500637769699097,0.06989670544862747,0.04299058020114899,13.974879264831543,0.03541168197989464
43103,-0.5408422946929932,-0.20206318795681,0.026434173807501793,16.432600021362305,0.0019147515995427966
43140,1.6523345708847046,0.5057114958763123,0.03604569286108017,10.2162504196167,1.3066917657852173
43142,0.9611886143684387,0.801069438457489,0.0291748046875,9.877473831176758,0.884765625
43153,-0.740050733089447,-0.1838221549987793,0.02673601172864437,17.294647216796875,0.0209197998046875
43181,0.485574334859848,0.21382366120815277,0.02898879162967205,12.956375122070312,0.6100829839706421
43189,-1.2201967239379883,-0.20452900230884552,0.02523890696465969,20.456758499145508,0.0001235961972270161
43209,1.118123173713684,0.6556729078292847,0.031302597373723984,10.091841697692871,0.6229731440544128
43213,-0.8817048072814941,-0.2041385918855667,0.035183969885110855,20.927255630493164,9.765718277776614e-05
43221,0.6666867136955261,0.5562129020690918,0.023428987711668015,9.411453247070312,1.0687443017959595
43248,-0.47372865676879883,-0.18640422821044922,0.02643653191626072,15.662256240844727,0.034981634467840195
43259,-0.4985487163066864,-0.18655173480510712,0.020576827228069305,13.753732681274414,0.03398091718554497
43275,-0.3741835951805115,0.15140576660633087,0.025468800216913223,14.288958549499512,0.07119264453649521
43307,1.498293399810791,0.1252996325492859,0.03714648261666298,11.44839096069336,0.1585751324892044
43315,-0.05812805891036987,0.2379094809293747,0.024222277104854584,13.156105041503906,0.3987617790699005
43321,-1.866670846939087,-0.19860832393169403,0.01996069960296154,20.81131935119629,0.0004539496439974755
43340,-0.3204825818538666,-0.1890549659729004,0.026757774874567986,15.307101249694824,0.02151660993695259
43345,0.5317410826683044,0.4048045575618744,0.032126255333423615,12.896530151367188,0.9802960753440857
43387,0.3758803904056549,-0.10999192297458649,0.03715834766626358,15.794694900512695,0.10024680942296982
43395,0.7812607288360596,1.1634396314620972,0.02538764849305153,9.645291328430176,2.0578765869140625
43397,1.5143446922302246,-0.06383444368839264,0.04271835461258888,12.823504447937012,0.4348466098308563
43399,-0.4447668194770813,-0.20153550803661346,0.026214107871055603,16.138914108276367,0.008925831876695156
43404,0.07498800754547119,-0.1263749599456787,0.022059455513954163,11.914108276367188,0.06358257681131363
43425,-0.6972671151161194,-0.20052595436573029,0.021931912750005722,15.381579399108887,0.00483627337962389
43433,-1.4026864767074585,-0.20282824337482452,0.025253841653466225,20.10858726501465,0.0008346557733602822
43535,0.5494634509086609,0.29932650923728943,0.028666872531175613,11.987772941589355,0.10701503604650497
43543,-0.031197840347886086,-0.1508714258670807,0.0279602762311697,14.871870994567871,0.014406666159629822
43599,-0.5054378509521484,-0.2013389617204666,0.02643178403377533,16.43086814880371,0.0026776313316076994
43613,0.5577191710472107,-0.02241622470319271,0.02610919252038002,11.220440864562988,0.24967971444129944
43651,0.14464949071407318,-0.19345997273921967,0.029926320537924767,14.850552558898926,0.01215439010411501
43653,-1.057092547416687,-0.20437844097614288,0.026825835928320885,19.18662452697754,0.00037250525201670825
43654,0.7295370101928711,-0.18800687789916992,0.033369600772857666,13.8978910446167,0.019066154956817627
43686,0.3783526122570038,-0.18968485295772552,0.031328607350587845,14.581341743469238,0.012260331772267818
43693,1.829344630241394,0.04373433440923691,0.05113635212182999,14.06712818145752,0.6654191017150879
43703,-2.3634676933288574,-0.2046293467283249,0.022249212488532066,24.110631942749023,0.0
43753,-0.7837850451469421,-0.20396284759044647,0.031007518991827965,19.972803115844727,0.0013553620083257556
43759,-0.1083756685256958,-0.2021208554506302,0.029568586498498917,15.172390937805176,0.002958619734272361
43796,1.3589262962341309,-0.04687705263495445,0.042577389627695084,13.86302661895752,0.038213979452848434
43798,-0.05392700433731079,-0.159292533993721,0.02648097835481167,13.744211196899414,0.07039912790060043
43809,1.1765642166137695,-0.1562148481607437,0.0433758907020092,13.739847183227539,0.050779975950717926
43819,-0.6439151763916016,-0.18821465969085693,0.022760337218642235,15.132227897644043,0.009886408224701881
43840,0.9810436367988586,-0.14970533549785614,0.04359462112188339,14.416579246520996,0.02133948914706707
43851,0.10572029650211334,0.12070494145154953,0.02884833514690399,14.319869995117188,0.04772911220788956
43868,-0.6297916769981384,-0.1980949193239212,0.025102952495217323,16.18543815612793,0.023728562518954277
43878,-1.4638251066207886,-0.20436488091945648,0.02174432761967182,19.174470901489258,0.0001284122554352507
43920,-0.10491859912872314,-0.03309163078665733,0.02395082823932171,13.77142333984375,0.22398905456066132
43979,0.2618206739425659,0.33870092034339905,0.02380569651722908,10.862902641296387,0.32638487219810486
43991,1.6204532384872437,1.6141045093536377,0.02984010986983776,8.543387413024902,2.407158851623535
43994,-1.0862935781478882,-0.19811885058879852,0.018426857888698578,15.668536186218262,0.019311362877488136
43999,-0.5467070937156677,-0.19818109273910522,0.02328607253730297,15.057814598083496,0.008512020111083984
44033,0.35886532068252563,-0.1309785693883896,0.026930419728159904,13.458659172058105,0.01483631320297718
44046,0.1612326055765152,-0.038341473788022995,0.02423504926264286,11.571280479431152,0.24578247964382172
44089,0.4614763855934143,0.9250441789627075,0.024848690256476402,10.92570686340332,0.5615272521972656
44106,-0.5162461996078491,-0.17706553637981415,0.02627865970134735,16.282472610473633,0.028913116082549095
44119,0.6644655466079712,-0.12221802771091461,0.03268052265048027,12.985742568969727,0.030910540372133255
44150,-0.007585740182548761,0.23279884457588196,0.029104748740792274,15.54876708984375,0.2874618470668793
44160,-3.0588810443878174,-0.2046293467283249,0.02017977461218834,25.897531509399414,0.0
44179,2.254793405532837,-0.12512406706809998,0.05008901283144951,13.030313491821289,0.017004849389195442
44196,-1.3833616971969604,-0.20457132160663605,0.028686804696917534,21.538455963134766,3.9672853745287284e-05
44211,-0.9688987731933594,-0.20303933322429657,0.028226150199770927,18.22699546813965,0.0008254409185610712
44214,-0.19351474940776825,-0.13628964126110077,0.028326664119958878,15.1358003616333,0.038891445845365524
44227,1.2008389234542847,0.332489013671875,0.0352310910820961,11.458296775817871,1.0358507633209229
44237,0.7973894476890564,-0.031740620732307434,0.037539463490247726,13.8095064163208,0.22329412400722504
44260,0.3391133248806,-0.05576978251338005,0.03008086420595646,12.968649864196777,0.17342717945575714
44284,0.7896324396133423,0.2268398255109787,0.03048842027783394,12.138139724731445,0.6884204745292664
44290,0.7418880462646484,-0.11857271194458008,0.030946878716349602,11.903871536254883,0.20585833489894867
44293,-0.26019492745399475,-0.19890211522579193,0.04023149609565735,19.07794761657715,0.0008316278690472245
44306,-0.9462969899177551,-0.16705451905727386,0.020213298499584198,15.822710990905762,0.025353610515594482
44325,1.4775676727294922,0.06599115580320358,0.03431865572929382,10.93502426147461,0.270103394985199
44330,-0.08941246569156647,-0.17742744088172913,0.022877370938658714,12.928881645202637,0.03925943374633789
44345,-1.2876828908920288,-0.20459504425525665,0.029701843857765198,21.17145347595215,1.3351464076549746e-05
44349,-0.7837645411491394,-0.20409564673900604,0.023106297478079796,16.287656784057617,0.0007405282813124359
44361,0.593005359172821,-0.05310823395848274,0.02745845355093479,11.6593656539917,0.21942023932933807
44371,0.2613464891910553,-0.07581441849470139,0.03838352859020233,15.402663230895996,0.022369517013430595
44407,-0.7836949229240417,-0.2033522129058838,0.022262590005993843,16.30634117126465,0.001411187811754644
44421,0.3328995406627655,-0.15347419679164886,0.030488580465316772,13.395378112792969,0.07332982867956161
44434,0.6334431171417236,0.1668703258037567,0.02572719193994999,10.613225936889648,0.5560464262962341
44437,0.31252527236938477,-0.027596009895205498,0.02902955375611782,13.088813781738281,0.15886235237121582
44439,0.5013101696968079,-0.18129271268844604,0.03277210146188736,13.734064102172852,0.028788043186068535
44445,0.34357210993766785,-0.11743930727243423,0.033031921833753586,14.788485527038574,0.0026775714941322803
44459,-3.5925774574279785,-0.2046092003583908,0.015233926475048065,27.114171981811523,1.144409225162235e-06
44485,1.327770471572876,0.16514693200588226,0.03652717545628548,11.465445518493652,0.5612835884094238
44497,1.755488634109497,-0.10256929695606232,0.05530474707484245,14.211743354797363,0.2562547028064728
44551,-0.10931558907032013,-0.15719152987003326,0.028750097379088402,14.911625862121582,0.019752943888306618
44583,0.00745382159948349,-0.18313521146774292,0.027887050062417984,14.32801342010498,0.008173025213181973
44665,1.4967025518417358,0.12754468619823456,0.04418281093239784,12.71918773651123,1.0615336894989014
44687,-2.399791955947876,-0.2046293467283249,0.022711848840117455,23.51720428466797,0.0
44734,0.2374371737241745,-0.1642940193414688,0.03771153837442398,16.430917739868164,0.03578741475939751
44738,1.2190297842025757,-0.16397002339363098,0.04029396176338196,12.51207447052002,0.03291449695825577
44740,0.06690067052841187,-0.2037414163351059,0.03777267038822174,17.278194427490234,0.0024803520645946264
44748,1.3392775058746338,0.4902009963989258,0.0329720564186573,9.419270515441895,0.8561244010925293
44788,1.4903703927993774,-0.027542216703295708,0.042355068027973175,11.587848663330078,0.07606983929872513
44791,0.8312491774559021,0.05349278450012207,0.03011823631823063,10.736910820007324,0.4250539243221283
44792,0.3351033627986908,-0.022553347051143646,0.021799299865961075,10.366601943969727,0.20404891669750214
44813,1.6009491682052612,-0.16211268305778503,0.0504821240901947,14.144037246704102,0.033466365188360214
44821,0.5383679866790771,0.22696609795093536,0.026730423793196678,10.968109130859375,0.5353369116783142
44823,1.5447344779968262,0.2654899060726166,0.03759521618485451,11.263815879821777,1.264230728149414
44832,-0.5901700854301453,-0.12386281788349152,0.020869992673397064,14.544392585754395,0.07465802133083344
44838,1.4878641366958618,0.2525689899921417,0.03896722570061684,11.554969787597656,0.12266506999731064
44853,-2.467892646789551,-0.2046293467283249,0.021237006410956383,23.596317291259766,0.0
44903,1.3911911249160767,-0.15527625381946564,0.04432099685072899,14.823694229125977,0.11962300539016724
44904,1.345008134841919,-0.04253437742590904,0.044619396328926086,13.82960033416748,0.15615910291671753
44929,-0.6515412330627441,-0.19648844003677368,0.02714907005429268,16.207380294799805,0.010298490524291992
44955,-1.3829270601272583,-0.20352552831172943,0.023503614589571953,19.656068801879883,0.0001274168462259695
44988,2.3083343505859375,-0.15611520409584045,0.05793547257781029,14.732597351074219,0.17659105360507965
45125,-2.4547011852264404,-0.2046293467283249,0.02160032093524933,24.042173385620117,0.0
45129,-1.0586789846420288,-0.20413389801979065,0.02777385711669922,20.69175148010254,0.0004711151123046875
45134,-0.98670893907547,-0.2002192586660385,0.023254061117768288,17.262197494506836,0.004127086605876684
45142,0.3692825734615326,0.05881313607096672,0.028232205659151077,12.654093742370605,0.148382768034935
45153,1.6275243759155273,-0.17314128577709198,0.05073900148272514,13.576759338378906,0.05655740574002266
45179,0.23946301639080048,-0.11855518817901611,0.02773222140967846,13.26104736328125,0.18388520181179047
45206,1.462052345275879,0.17518414556980133,0.040562935173511505,12.712348937988281,0.09231602400541306
45219,-3.2957401275634766,-0.2046293467283249,0.019138026982545853,26.857498168945312,0.0
45257,-0.500173032283783,-0.2004205733537674,0.026252662762999535,16.005155563354492,0.00444755656644702
45269,0.9499873518943787,-0.1272626519203186,0.03611772507429123,13.076552391052246,0.22790320217609406
45271,-2.5953927040100098,-0.2014799416065216,0.01942376047372818,22.7713623046875,6.818927795393392e-05
45273,-0.29829999804496765,0.11630292981863022,0.02271897718310356,13.193572044372559,0.4779875874519348
45421,-1.453413486480713,-0.20399628579616547,0.02249896340072155,19.90890121459961,0.00047407150850631297
45422,0.9747649431228638,-0.17683473229408264,0.03974185138940811,14.727686882019043,0.027087438851594925
45436,-2.5524063110351562,-0.20444612205028534,0.01605122908949852,22.51152992248535,1.2207380677864421e-05
45469,1.2192448377609253,0.2911469340324402,0.03534318134188652,11.400242805480957,0.9373556971549988
45501,-3.9426486492156982,-0.2046293467283249,0.01273260172456503,28.286514282226562,0.0
45519,1.2342385053634644,1.0749272108078003,0.03431469947099686,10.774017333984375,1.0303349494934082
45531,-0.08813738822937012,-0.19494302570819855,0.0275736004114151,15.956608772277832,0.015865135937929153
45554,-0.2931155264377594,1.0465582609176636,0.019956836476922035,12.292718887329102,2.8820302486419678
45557,0.11520992964506149,0.045398321002721786,0.02764005959033966,13.71049690246582,0.03915120288729668
45587,0.25156787037849426,-0.050415534526109695,0.03245147690176964,13.502955436706543,0.08674442768096924
45664,2.017895460128784,0.2785303592681885,0.04927912726998329,11.868590354919434,0.5254209637641907
45678,-0.7609714865684509,-0.20304572582244873,0.02755041979253292,18.104719161987305,0.0012947082286700606
45742,0.926567554473877,-0.1913670003414154,0.03573058173060417,13.935194969177246,0.01824026182293892
45746,0.018088430166244507,-0.010438887402415276,0.022431084886193275,12.01070785522461,0.6153680086135864
45772,-1.3347076177597046,-0.2008446753025055,0.020622728392481804,17.96198081970215,0.004040908999741077
45819,0.8214465975761414,0.6346539855003357,0.02605549432337284,9.55720043182373,2.591036319732666
45831,0.40859895944595337,-0.1981273740530014,0.04086510092020035,16.381860733032227,0.020634984597563744
45884,0.6291569471359253,1.207495093345642,0.030588582158088684,12.456318855285645,0.8076359629631042
45887,0.9951013922691345,-0.01672426424920559,0.045257847756147385,15.056111335754395,0.006512463092803955
45903,0.05633818730711937,-0.14962942898273468,0.025157615542411804,13.253783226013184,0.03835461288690567
45915,-0.6446831822395325,0.23894615471363068,0.016164740547537804,12.311395645141602,0.28357771039009094
45952,0.19831721484661102,0.21206477284431458,0.026554811745882034,12.50439453125,0.6824967265129089
45973,0.5820863842964172,0.3003682494163513,0.028126826509833336,12.294727325439453,0.11922337859869003
45983,-0.024254268035292625,-0.2028370201587677,0.03527439013123512,17.40976333618164,0.003465938614681363
45986,-1.1378365755081177,-0.20457427203655243,0.026349997147917747,19.12253189086914,4.8828147555468604e-05
45991,0.3148660361766815,0.14097130298614502,0.025291457772254944,11.989725112915039,0.5425550937652588
46006,0.26431676745414734,-0.19504328072071075,0.030364954844117165,14.57858943939209,0.00928276963531971
46010,-0.8365015983581543,-0.20278196036815643,0.022849425673484802,16.9953556060791,0.0012206316459923983
46035,0.8654886484146118,0.2651882469654083,0.031018054112792015,11.7299222946167,0.14757266640663147
46063,2.093444585800171,0.6401251554489136,0.04829958453774452,10.640884399414062,0.7213625311851501
46065,-0.7166862487792969,-0.19815386831760406,0.02265002764761448,15.47782039642334,0.002013128949329257
46071,0.9290544390678406,-0.1860520988702774,0.047075774520635605,15.69530200958252,0.024899961426854134
46095,-0.7987920641899109,0.0004993066540919244,0.024787334725260735,17.233734130859375,0.0002097639226121828
46096,-1.2202848196029663,-0.2028817981481552,0.027567556127905846,18.959524154663086,0.0026738226879388094
46143,-1.1194891929626465,-0.19610603153705597,0.023138483986258507,18.882173538208008,0.02192993275821209
46146,0.7023960947990417,0.05272888019680977,0.02813253179192543,12.126862525939941,0.6452714800834656
46169,0.9225469827651978,-0.10339158773422241,0.03432858735322952,12.422029495239258,0.18525154888629913
46201,-0.8793959617614746,-0.20447242259979248,0.032564982771873474,19.280101776123047,9.765638242242858e-05
46239,-1.5094168186187744,-0.20396588742733002,0.02436218224465847,20.209571838378906,0.00013431422121357173
46247,0.07326425611972809,0.46065184473991394,0.021411413326859474,11.251219749450684,1.2939128875732422
46264,0.2444278746843338,0.2550189197063446,0.019024481996893883,9.540356636047363,0.7986992597579956
46267,2.2791595458984375,0.9034951329231262,0.04894467443227768,11.855002403259277,1.4991496801376343
46275,-3.199547290802002,-0.2046293467283249,0.01652160845696926,25.989835739135742,0.0
46288,0.6700815558433533,-0.1322687715291977,0.03710562735795975,14.098362922668457,0.07434053719043732
46310,0.5031628608703613,-0.08397454023361206,0.02870957925915718,12.535064697265625,0.08434391021728516
46316,-0.49325528740882874,-0.14901749789714813,0.021523242816329002,14.204257011413574,0.1576627939939499
46318,0.2219555675983429,-0.06761598587036133,0.024824947118759155,11.940047264099121,0.03153153136372566
46329,-1.102733850479126,-0.19545631110668182,0.01940094493329525,16.12657928466797,0.01236355397850275
46350,0.5009376406669617,-0.1919017881155014,0.03485407307744026,14.039288520812988,0.008542465977370739
46360,0.552492082118988,0.10699343681335449,0.027281297370791435,11.758087158203125,0.4626406133174896
46361,-4.427842140197754,-0.2046293467283249,0.012445791624486446,30.10525894165039,0.0
46381,-0.441608190536499,-0.20345298945903778,0.032503340393304825,18.146642684936523,0.0002469658793415874
46393,-1.8018217086791992,-0.2040601521730423,0.026840990409255028,22.607236862182617,0.0001306536578340456
46471,1.7522859573364258,0.39360663294792175,0.042518265545368195,12.188056945800781,0.2587181329727173
46482,0.15039609372615814,-0.18627768754959106,0.027004843577742577,13.594975471496582,0.0185075793415308
46483,0.5432085990905762,-0.0910496711730957,0.032335925847291946,13.817179679870605,0.16041147708892822
46487,1.2741557359695435,0.04112037643790245,0.0384058952331543,13.538736343383789,0.2427796870470047
46489,0.5959449410438538,0.45455822348594666,0.028381992131471634,11.473881721496582,0.5303629040718079
46532,-0.12390344589948654,-0.17951007187366486,0.031018918380141258,16.783157348632812,0.026409978047013283
46546,0.5293126106262207,-0.01243640761822462,0.029725680127739906,12.465170860290527,0.34801894426345825
46597,1.0926669836044312,0.026979420334100723,0.032707225531339645,11.743590354919434,0.28987428545951843
46628,0.7626065611839294,-0.1665760725736618,0.03921300172805786,13.763544082641602,0.02455141581594944
46669,0.2360581010580063,-0.0037734948564320803,0.029693329706788063,13.565302848815918,0.2042848914861679
46684,-1.0335673093795776,-0.19704027473926544,0.02710150182247162,19.132905960083008,3.1295607186621055e-05
46700,-1.1053062677383423,-0.20447218418121338,0.025295963510870934,18.650760650634766,0.00046539306640625
46708,2.5050456523895264,0.251158207654953,0.04873143509030342,11.540801048278809,0.31814146041870117
46715,-0.0689798891544342,0.13710856437683105,0.020937053486704826,11.543381690979004,0.43948355317115784
46762,0.7000001072883606,-0.13058607280254364,0.0329241007566452,13.287375450134277,0.1000564694404602
46767,-0.6292092204093933,-0.20290537178516388,0.03042152337729931,18.21514892578125,0.002204513642936945
46793,-0.24762621521949768,0.30172309279441833,0.020323850214481354,12.28690242767334,0.7100872993469238
46809,1.1313103437423706,0.15791524946689606,0.03958916291594505,13.174368858337402,0.25317034125328064
46811,0.43967553973197937,0.03064751625061035,0.02528229169547558,11.248042106628418,0.08439307659864426
46820,-0.2673813998699188,-0.17306649684906006,0.025893662124872208,14.933305740356445,0.026118850335478783
46842,0.17741084098815918,0.12999190390110016,0.03146456554532051,14.824925422668457,0.9364314079284668
46853,0.6468897461891174,0.0797700583934784,0.025448650121688843,10.791730880737305,0.13085722923278809
46867,1.9561491012573242,0.60942542552948,0.043175578117370605,11.489588737487793,0.30602166056632996
46890,0.3374384343624115,-0.12569670379161835,0.02867968939244747,13.30181884765625,0.10793594270944595
46899,0.30602797865867615,-0.03784007951617241,0.027744442224502563,12.98448657989502,0.356645792722702
46903,-0.009714389219880104,-0.17926912009716034,0.03470144420862198,16.85624122619629,0.005619621369987726
46911,-1.855371117591858,-0.20462217926979065,0.023772727698087692,22.206497192382812,1.220703143189894e-05
46918,-1.1428509950637817,-0.1931723803281784,0.017665976658463478,15.676846504211426,0.00836472399532795
46924,-0.06574547290802002,-0.1450871080160141,0.022747201845049858,12.618559837341309,0.07892274856567383
46925,1.1579540967941284,-0.13195699453353882,0.03426794335246086,11.572352409362793,0.13386580348014832
46929,1.2957528829574585,0.7055702805519104,0.033179447054862976,10.327977180480957,1.8867456912994385
46980,0.5036962628364563,-0.17700545489788055,0.032099220901727676,13.7186279296875,0.05279809236526489
46984,-0.6726900935173035,-0.18359693884849548,0.022678200155496597,15.502705574035645,0.0319628044962883
46997,-1.0935953855514526,-0.20204825699329376,0.02179024927318096,17.584138870239258,0.007875919342041016
47011,-0.015107578597962856,0.21427083015441895,0.02287953905761242,12.196715354919434,0.05084717273712158
47024,0.8800318837165833,0.07022663205862045,0.0393570251762867,15.19836711883545,0.6633418202400208
47037,0.3711813986301422,-0.20146074891090393,0.03606583923101425,15.14306354522705,0.0025918723549693823
47038,1.4615504741668701,0.3107963502407074,0.03193260356783867,9.557082176208496,0.5733388662338257
47043,0.4721624553203583,0.7788519859313965,0.023894427344202995,10.347674369812012,1.663286566734314
47057,1.1902127265930176,-0.1926664561033249,0.05533182621002197,15.783561706542969,0.0035136111546307802
47080,-1.4932440519332886,-0.20205847918987274,0.025919361039996147,21.563901901245117,0.0033573152031749487
47090,-0.016995320096611977,0.10481715202331543,0.02338889241218567,11.994668960571289,0.22409634292125702
47095,-1.3631348609924316,-0.20149698853492737,0.02823963202536106,19.742984771728516,0.008044436573982239
47111,2.424009323120117,0.58992999792099,0.048530369997024536,11.18750286102295,2.4948153495788574
47160,1.3669710159301758,0.42267170548439026,0.035433653742074966,10.735408782958984,2.275792121887207
47192,0.4164677560329437,-0.0497807152569294,0.045124173164367676,15.987051963806152,0.004558778367936611
47203,1.5935862064361572,-0.05681538209319115,0.03956666588783264,11.93549633026123,0.40561628341674805
47218,1.6986474990844727,-0.05908844992518425,0.04130523279309273,11.621478080749512,0.4565397799015045
47223,0.8543198704719543,-0.13141751289367676,0.042085032910108566,15.994684219360352,0.04516354948282242
47258,-1.1352099180221558,-0.18038250505924225,0.02036355622112751,16.57474136352539,0.016322243958711624
47268,0.03930104523897171,-0.14392897486686707,0.024720877408981323,13.145140647888184,0.07051268219947815
47333,1.086044430732727,0.6692985892295837,0.03172390162944794,11.460311889648438,2.31666898727417
47351,0.0922396332025528,0.2587665021419525,0.02141883596777916,11.417563438415527,0.2737867534160614
47357,-2.2755115032196045,-0.20461849868297577,0.01978069357573986,22.734712600708008,1.220703143189894e-05
47386,0.33711254596710205,-0.18169426918029785,0.031739939004182816,13.297622680664062,0.014505601488053799
47416,0.9116933941841125,-0.18850187957286835,0.0372290201485157,13.486960411071777,0.0074589732103049755
47424,-1.3528944253921509,-0.12768495082855225,0.020461179316043854,17.754758834838867,0.049707818776369095
47463,0.6786357164382935,0.16692203283309937,0.024239661172032356,9.943102836608887,0.8425009846687317
47477,-0.44512173533439636,-0.1621764898300171,0.021849319338798523,14.419992446899414,0.016279950737953186
47480,-0.7934368252754211,-0.204099640250206,0.031246650964021683,19.390336990356445,0.0006504058837890625
47485,-0.29909974336624146,-0.1376517117023468,0.024561364203691483,13.972808837890625,0.011329079046845436
47489,0.42953720688819885,0.0667089968919754,0.03128311410546303,12.500311851501465,1.2172878980636597
47493,1.3631457090377808,0.1097196489572525,0.03966465964913368,12.952998161315918,0.3853726089000702
47496,1.302323341369629,0.6358136534690857,0.03566218167543411,10.2809476852417,0.36972200870513916
47505,-1.1419764757156372,-0.20331303775310516,0.024827247485518456,18.68655014038086,0.0015452385414391756
47509,1.8148504495620728,0.5022111535072327,0.04123729094862938,10.659180641174316,0.8857643008232117
47524,-1.1544744968414307,-0.20450690388679504,0.03152194246649742,21.325292587280273,9.117126319324598e-05
47528,1.0058093070983887,-0.16414280235767365,0.045474689453840256,14.406359672546387,0.015143024735152721
47620,-0.6353026628494263,-0.13399353623390198,0.025753078982234,16.55616569519043,0.12617266178131104
47621,-2.1533708572387695,-0.20462584495544434,0.022140521556138992,22.003559112548828,3.051757857974735e-06
47647,-0.6016215682029724,-0.20362000167369843,0.030558649450540543,19.575403213500977,0.0004222879360895604
47659,2.042665958404541,0.5766876935958862,0.03795784339308739,9.24052619934082,0.9185301065444946
47662,0.39968663454055786,-0.20032842457294464,0.04085562005639076,17.45606803894043,0.005859184544533491
47688,-0.06002381071448326,-0.12916617095470428,0.025625715032219887,13.584921836853027,0.028310848399996758
47732,-0.5729984641075134,-0.1828346699476242,0.03101939521729946,18.296010971069336,0.0039761546067893505
47739,0.10379383713006973,-0.18429039418697357,0.04339151829481125,17.82496452331543,0.010777507908642292
47757,-0.34585532546043396,-0.1969841569662094,0.023126667365431786,14.778656005859375,0.015622235834598541
47768,-0.42753300070762634,-0.19493623077869415,0.02369033731520176,14.140214920043945,0.0037531021516770124
47773,-2.9857282638549805,-0.2046293467283249,0.014151318930089474,24.024259567260742,0.0
47781,-0.38672760128974915,0.6688689589500427,0.020205963402986526,12.920402526855469,0.7799764275550842
47810,0.2837749421596527,0.05807757377624512,0.025766292586922646,11.658885955810547,0.2012607902288437
47815,-0.8279232978820801,-0.20431900024414062,0.02805774286389351,17.902952194213867,0.0003448486386332661
47847,-0.5997042655944824,-0.12422718852758408,0.023453615605831146,14.840323448181152,0.0735495463013649
47899,1.5922034978866577,-0.08099093288183212,0.04079096019268036,12.078068733215332,0.08753158152103424
47919,-2.015352487564087,-0.20456142723560333,0.021586546674370766,21.668617248535156,0.00012283325486350805
47920,-0.42554551362991333,-0.2042652815580368,0.03749664127826691,19.2459774017334,9.133815910900012e-05
47949,-0.8409706354141235,-0.16712236404418945,0.02616887167096138,17.187007904052734,0.002147626830264926
47952,-1.2965139150619507,-0.19560964405536652,0.02311037667095661,19.346162796020508,0.025373458862304688
47954,-0.8205140233039856,-0.203078031539917,0.02773939073085785,17.878751754760742,0.003919410984963179
47964,-0.8029170036315918,-0.20223556458950043,0.025374894961714745,17.056339263916016,0.0015024194726720452
47988,0.11725187301635742,-0.13088929653167725,0.02683991752564907,13.302703857421875,0.03550238534808159
48004,-2.9773011207580566,-0.2046293467283249,0.01682421751320362,24.529632568359375,0.0
48006,0.9036263823509216,0.39527854323387146,0.02977190725505352,10.817471504211426,0.4592064321041107
48011,-2.7010252475738525,-0.2046293467283249,0.019546059891581535,24.607107162475586,0.0
48056,-0.24541358649730682,-0.19880282878875732,0.02853570319712162,16.079044342041016,0.007291986141353846
48110,-0.02770458720624447,0.14138317108154297,0.022365013137459755,12.389779090881348,0.9230789542198181
48139,1.138903021812439,1.999554991722107,0.02621619403362274,8.343017578125,2.0455875396728516
48181,-1.6311848163604736,-0.20454159379005432,0.023680323734879494,21.457313537597656,0.00010375976853538305
48189,-1.8094433546066284,-0.20429162681102753,0.017001431435346603,18.944293975830078,4.138946678722277e-05
48199,-0.9716071486473083,-0.20161040127277374,0.020957088097929955,16.30434226989746,0.004645728971809149
48208,-0.834851086139679,0.049558814615011215,0.01903572492301464,14.787610054016113,0.04434661939740181
48240,-0.07656323164701462,-0.203047975897789,0.03303562477231026,16.5383358001709,0.001943267765454948
48302,-0.2839958965778351,-0.008878066204488277,0.02000146172940731,12.453685760498047,0.5339525938034058
48303,0.7560070157051086,-0.07124747335910797,0.033081382513046265,13.399073600769043,0.12251132726669312
48328,0.15925279259681702,-0.141246497631073,0.02825174666941166,13.773241996765137,0.02545938454568386
48356,0.3406314551830292,-0.11208390444517136,0.030425233766436577,13.398172378540039,0.12913112342357635
48381,0.5187388062477112,-0.11995827406644821,0.03290368244051933,13.613214492797852,0.0789283737540245
48383,-1.1096513271331787,-0.20217274129390717,0.022693177685141563,17.224384307861328,0.005813026335090399
48395,-0.5414108633995056,-0.17871657013893127,0.027072543278336525,16.747159957885742,0.04601020738482475
48398,-1.6794074773788452,-0.20412497222423553,0.022207370027899742,20.564476013183594,0.001416027545928955
48403,0.8067589998245239,0.27624329924583435,0.02842428721487522,11.222043991088867,0.5833447575569153
48411,2.156846761703491,0.14324675500392914,0.041440464556217194,10.672249794006348,0.26981082558631897
48418,-0.04638764262199402,-0.15526704490184784,0.03210623189806938,16.977880477905273,0.0030144215561449528
48454,-0.22188685834407806,-0.07239560782909393,0.028156757354736328,15.123578071594238,0.08492555469274521
48474,-0.4286423623561859,-0.17198680341243744,0.030459260568022728,17.47235107421875,0.029710769653320312
48477,0.469092458486557,-0.17599645256996155,0.03188589960336685,13.762747764587402,0.04444906860589981
48510,-2.1397900581359863,-0.20462433993816376,0.02108209766447544,23.102243423461914,2.441406286379788e-05
48535,-0.18415136635303497,-0.167470782995224,0.026312178000807762,14.385258674621582,0.18708135187625885
48555,0.3775521218776703,-0.16797508299350739,0.03723317012190819,15.165190696716309,0.031982410699129105
48566,-2.4887073040008545,-0.2046293467283249,0.0178260188549757,22.694141387939453,0.0
48571,2.198399305343628,0.23335638642311096,0.0466153621673584,11.305693626403809,0.6975301504135132
48573,0.14048467576503754,-0.0737215206027031,0.02970273606479168,13.629717826843262,0.18987224996089935
48624,-0.42031198740005493,-0.2033163160085678,0.029002074152231216,16.746923446655273,0.0016859055031090975
48630,1.2533245086669922,0.20373840630054474,0.03048490546643734,10.271125793457031,0.338902086019516
48660,2.0821874141693115,0.04312589764595032,0.055035438388586044,14.873100280761719,1.1556686162948608
48666,-1.1970313787460327,-0.2046007215976715,0.029268288984894753,21.085294723510742,4.8828147555468604e-05
48673,1.2650419473648071,0.20202754437923431,0.03482167050242424,11.017110824584961,0.3258582055568695
48693,0.18345563113689423,-0.11759831011295319,0.026632612571120262,12.873095512390137,0.058534491807222366
48701,0.10180290043354034,0.27000513672828674,0.0240635983645916,12.370243072509766,0.6543294191360474
48708,1.4299873113632202,0.6141045689582825,0.03961727395653725,11.82392692565918,0.987316906452179
48715,0.8149256706237793,-0.13442322611808777,0.028776658698916435,11.489195823669434,0.14515863358974457
48724,-0.940157413482666,-0.2037889063358307,0.031831514090299606,20.170873641967773,0.00360107421875
48775,-1.0999388694763184,-0.20433099567890167,0.027505427598953247,18.593931198120117,0.0003860473807435483
48797,0.34992048144340515,0.14278773963451385,0.031135937198996544,12.851607322692871,0.46013233065605164
48817,-0.3706547021865845,0.41672906279563904,0.017613857984542847,11.895808219909668,0.7988753914833069
48832,-2.182607412338257,-0.20448918640613556,0.01786586083471775,20.80280876159668,2.976060022774618e-05
48843,-0.4653773009777069,-0.18708954751491547,0.022167516872286797,14.273780822753906,0.02102036587893963
48900,-0.6386748552322388,-0.2031363546848297,0.029128173366189003,17.492053985595703,0.00044498444185592234
48910,2.101546049118042,0.6020535826683044,0.04313875362277031,10.758293151855469,1.2550618648529053
48935,0.32061657309532166,-0.11323006451129913,0.030739573761820793,14.367195129394531,0.15450096130371094
48967,1.0566365718841553,-0.08333786576986313,0.036337416619062424,13.331377029418945,0.023003965616226196
48991,1.0349962711334229,-0.04196854308247566,0.0352199450135231,11.761512756347656,0.43812528252601624
49005,0.7110437750816345,0.3343299925327301,0.037251945585012436,14.7223539352417,0.9363073706626892
49033,-0.6153454184532166,-0.20187745988368988,0.028910985216498375,17.061023712158203,0.0021978747099637985
49070,-0.34203383326530457,-0.20184782147407532,0.030105575919151306,17.240785598754883,0.0006753086927346885
49105,-1.1949985027313232,-0.20431795716285706,0.026634735986590385,19.356826782226562,0.0002808868885040283
49113,1.4662470817565918,0.10196316242218018,0.04228327423334122,12.968276977539062,0.18090792000293732
49118,-0.6751164793968201,-0.17698711156845093,0.023684941232204437,15.644038200378418,0.007144260685890913
49120,-0.172316312789917,-0.18657860159873962,0.024401037022471428,13.676695823669434,0.002759862458333373
49155,0.036591943353414536,-0.1979091763496399,0.028625458478927612,14.843894004821777,0.028329182416200638
49185,0.6885727643966675,-0.14920739829540253,0.03299940750002861,13.28946590423584,0.11289655417203903
49188,1.567313551902771,-0.1855149120092392,0.042839303612709045,13.776228904724121,0.03414116054773331
49215,0.9101886749267578,-0.0659111812710762,0.043033916503190994,14.397908210754395,0.014576149173080921
49242,-0.04288701340556145,-0.1620345562696457,0.024252502247691154,13.036704063415527,0.08976098150014877
49254,2.0527589321136475,0.3061072528362274,0.049437690526247025,13.60326862335205,0.6975600123405457
49271,-0.00746329128742218,-0.18145035207271576,0.030010683462023735,15.581941604614258,0.038157761096954346
49288,0.5348008871078491,0.005776457022875547,0.02733716182410717,11.3770112991333,0.47549352049827576
49294,0.15260668098926544,-0.05042285844683647,0.023371603339910507,11.68529224395752,0.4146077334880829
49301,-0.05999310687184334,-0.16961292922496796,0.025858893990516663,14.07049560546875,0.0649808794260025
49304,-2.5930182933807373,-0.2046293467283249,0.021523913368582726,24.483150482177734,0.0
49315,1.2708876132965088,-0.13911651074886322,0.03768550232052803,12.4618558883667,0.06334136426448822
49316,-0.3228001296520233,-0.1084834486246109,0.01834741048514843,12.178356170654297,0.08852364122867584
49333,-3.2686047554016113,-0.2046293467283249,0.016464166343212128,26.240314483642578,0.0
49399,1.1623538732528687,0.8105916380882263,0.03757002577185631,12.707744598388672,2.0801424980163574
49431,0.06760406494140625,0.4905017912387848,0.01959959603846073,10.60509967803955,1.2925677299499512
49437,-0.5817313194274902,-0.20405356585979462,0.035086918622255325,19.411996841430664,0.0005093932268209755
49452,1.5704257488250732,0.17940036952495575,0.04145047068595886,12.100536346435547,0.07649759203195572
49455,1.5885841846466064,-0.04508591443300247,0.05958135053515434,15.76873779296875,0.08448582142591476
49472,1.3814679384231567,0.6064910292625427,0.03768862411379814,10.869998931884766,0.8134685754776001
49474,0.14116059243679047,-0.18841905891895294,0.03296078369021416,16.247343063354492,0.07569866627454758
49482,-0.32921919226646423,-0.20312440395355225,0.025107083842158318,15.106398582458496,0.0020641395822167397
49522,0.8707062005996704,-0.01522313803434372,0.035703133791685104,14.055551528930664,0.3097796142101288
49541,0.2354157716035843,-0.1371222585439682,0.02600579895079136,12.795127868652344,0.014779731631278992
49548,0.16953931748867035,0.36415591835975647,0.02247796021401882,11.538851737976074,0.3982270359992981
49565,1.1561033725738525,0.08219970762729645,0.03278123214840889,11.547757148742676,0.10813069343566895
49577,0.49417367577552795,0.0803910344839096,0.032330237329006195,13.414946556091309,0.3900032043457031
49612,1.105950951576233,1.6554714441299438,0.032427627593278885,10.689116477966309,3.145228147506714
49638,1.0711320638656616,-0.15437623858451843,0.03525339812040329,11.752071380615234,0.04658859595656395
49647,-0.2279808521270752,-0.006304246839135885,0.024167561903595924,13.877287864685059,0.05651775747537613
49661,0.7189695239067078,0.1071074977517128,0.03034629300236702,11.221817016601562,0.3364027440547943
49680,0.6502224206924438,-0.19333535432815552,0.031702931970357895,13.323562622070312,0.014004361815750599
49682,-0.6433379054069519,-0.20412929356098175,0.030524974688887596,18.80367660522461,0.0007003784412518144
49703,1.2828882932662964,-0.06313899904489517,0.04327048733830452,13.535861015319824,0.03626314550638199
49709,0.2559000849723816,-0.16794148087501526,0.029076987877488136,13.821525573730469,0.01003599725663662
49714,-0.2213854342699051,-0.18991445004940033,0.02972285822033882,15.71832275390625,0.022718144580721855
49720,-0.024570047855377197,-0.1748088151216507,0.02722994051873684,14.137991905212402,0.041496407240629196
49722,-0.77826327085495,-0.2003658264875412,0.028525028377771378,18.08823585510254,0.01236724853515625
49729,1.0170358419418335,0.3865910768508911,0.029205938801169395,9.50528621673584,0.6901902556419373
49753,-1.7991249561309814,-0.20415405929088593,0.021934472024440765,20.465341567993164,1.0895729246840347e-05
49797,1.351783037185669,-0.020764147862792015,0.042734552174806595,14.187148094177246,0.38625437021255493
49810,-1.394879937171936,-0.20452630519866943,0.021925875917077065,19.267314910888672,7.803440530551597e-05
49848,2.210685968399048,0.1091599240899086,0.04672638699412346,10.711443901062012,0.522874116897583
49866,-0.17810797691345215,-0.17061947286128998,0.03058106079697609,15.453930854797363,0.020807266235351562
49884,0.46242499351501465,-0.1964806169271469,0.038012128323316574,15.260127067565918,0.00792551040649414
49920,0.8380534052848816,-0.10825059562921524,0.035189297050237656,14.25621509552002,0.166719451546669
49938,0.5348820686340332,-0.14912593364715576,0.026578327640891075,12.059286117553711,0.04808419942855835
49964,1.03655207157135,-0.19556216895580292,0.04623463377356529,16.0294132232666,0.028998780995607376
49980,-0.19352947175502777,-0.16363100707530975,0.02809503674507141,15.120973587036133,0.03918867185711861
49988,0.2977457642555237,0.08044131100177765,0.03179582580924034,14.031285285949707,0.23489437997341156
