train_idx,x_rm,y_a,d_raw,m_raw,a_raw
40,-0.011421242728829384,-0.18898983299732208,0.023317789658904076,14.839268684387207,0.02385864220559597
51,-0.08778529614210129,-0.15133550763130188,0.02091926708817482,14.330981254577637,0.05399780347943306
70,0.3214629292488098,-0.19512727856636047,0.02848968468606472,15.1144437789917,0.01325836218893528
107,1.1606699228286743,-0.0927971675992012,0.029739901423454285,12.361462593078613,0.22192993760108948
128,0.2666548192501068,-0.1594599187374115,0.022054633125662804,12.786932945251465,0.07171326130628586
173,0.22857120633125305,-0.1818714737892151,0.023850740864872932,14.038591384887695,0.04118652269244194
195,0.3511683940887451,0.04785781353712082,0.025982318446040154,14.401926040649414,0.6189209222793579
217,-0.6907198429107666,-0.19063346087932587,0.017802666872739792,15.611166954040527,0.021697998046875
239,-2.027359962463379,-0.20149600505828857,0.015126359649002552,20.932296752929688,0.0003906250058207661
260,1.5663145780563354,0.7703408598899841,0.037124983966350555,12.502358436584473,2.4015884399414062
277,0.36520615220069885,0.10474856197834015,0.02381622977554798,14.302011489868164,0.3154296875
285,0.2058876007795334,-0.14307181537151337,0.021328819915652275,13.210745811462402,0.09637451171875
297,-1.755233645439148,-0.20169658958911896,0.015589192509651184,20.1463565826416,0.0005249023670330644
305,0.7511493563652039,-0.016666410490870476,0.023858755826950073,11.87860107421875,0.19125595688819885
324,-1.608702301979065,-0.19980528950691223,0.013739749789237976,18.059314727783203,0.003134155413135886
339,-0.06021478772163391,-0.1816352754831314,0.019404416903853416,13.598528861999512,0.03423309326171875
462,-0.9638558626174927,-0.19968079030513763,0.016256026923656464,16.381105422973633,0.007922363467514515
491,-0.34316930174827576,-0.05782873183488846,0.020867440849542618,15.284929275512695,0.29214173555374146
515,-1.2286227941513062,-0.19363825023174286,0.01485362183302641,16.744815826416016,0.0100860595703125
542,0.245157390832901,-0.13470964133739471,0.023782847449183464,13.491766929626465,0.16258469223976135
573,1.8181275129318237,0.30722999572753906,0.03285948932170868,10.898392677307129,0.6296371817588806
607,-1.2653510570526123,-0.20155194401741028,0.016681572422385216,18.099260330200195,0.0004028320254292339
624,-0.27033716440200806,-0.15062199532985687,0.024769267067313194,15.979763984680176,0.1354493945837021
670,1.1855355501174927,0.23879866302013397,0.03019234538078308,12.01659870147705,0.9230987429618835
726,-0.6502188444137573,-0.17353542149066925,0.019428590312600136,16.019620895385742,0.08817443996667862
732,1.55941641330719,1.6235630512237549,0.028191257268190384,9.6848783493042,2.2944703102111816
734,0.946480393409729,1.0030499696731567,0.02426733821630478,10.912331581115723,0.9938873648643494
750,1.6226886510849,0.01779833622276783,0.030442524701356888,11.420320510864258,0.2525802552700043
762,2.5912511348724365,0.42898210883140564,0.03893159329891205,9.49404239654541,0.8561599850654602
767,1.2239903211593628,-0.05466003343462944,0.031025538221001625,12.529532432556152,0.17751769721508026
814,-0.1029345765709877,-0.18990199267864227,0.02332567423582077,15.115470886230469,0.02231445349752903
817,-0.503096878528595,-0.18399646878242493,0.019383881241083145,15.4676513671875,0.01764221303164959
852,-0.5383987426757812,-0.14723916351795197,0.016934597864747047,14.014129638671875,0.09803619235754013
875,-1.1486117839813232,-0.20076408982276917,0.017947150394320488,17.98859405517578,0.0012634277809411287
908,-1.4339559078216553,-0.20033638179302216,0.016129201278090477,19.146291732788086,0.0016296387184411287
918,-0.71611487865448,-0.19621782004833221,0.019752835854887962,16.82513999938965,0.0071258544921875
984,0.6290660500526428,0.410614937543869,0.025546059012413025,12.745696067810059,0.9400359988212585
993,0.49823689460754395,-0.1531454175710678,0.023421332240104675,12.65543270111084,0.1093597412109375
999,0.7376020550727844,-0.11326911300420761,0.02855960838496685,13.528587341308594,0.10543213039636612
1015,-1.3497453927993774,-0.19697745144367218,0.01741771399974823,19.027755737304688,0.0031677247025072575
1081,-0.4330751597881317,-0.1835484504699707,0.0200290959328413,15.39575481414795,0.02038726769387722
1088,0.8095752596855164,0.036542173475027084,0.026399308815598488,11.895874977111816,0.36946412920951843
1091,-2.4379971027374268,-0.1146281287074089,0.011934141628444195,21.678709030151367,0.08765258640050888
1093,-0.06962709873914719,-0.17618241906166077,0.02426973357796669,15.416949272155762,0.03663330152630806
1096,-3.7339611053466797,-0.20184235274791718,0.008822607807815075,26.33979606628418,0.0
1111,-2.332967758178711,-0.20180471241474152,0.012839706614613533,21.465822219848633,6.713867333019152e-05
1156,-2.0172579288482666,-0.20172782242298126,0.013283513486385345,20.046926498413086,0.00012817383685614914
1172,-3.2170307636260986,-0.20178568363189697,0.010142507962882519,24.54798698425293,9.460449655307457e-05
1193,0.7654357552528381,-0.15461210906505585,0.028393788263201714,13.471878051757812,0.13953857123851776
1198,1.8582433462142944,-0.10768606513738632,0.03627520799636841,11.593708992004395,0.15081481635570526
1206,0.5230159163475037,-0.1961093693971634,0.028247270733118057,14.559569358825684,0.00988616980612278
1244,0.0067098261788487434,-0.17991507053375244,0.020437847822904587,13.681015014648438,0.02781066857278347
1272,0.5362549424171448,-0.0741783156991005,0.02460569143295288,13.350563049316406,0.15788574516773224
1274,-3.5687427520751953,-0.20184235274791718,0.009660388343036175,25.884170532226562,0.0
1331,0.8803839683532715,-0.0650385394692421,0.027475325390696526,12.193422317504883,0.24649658799171448
1344,-0.4289728105068207,-0.17286987602710724,0.020015327259898186,15.09306526184082,0.082733154296875
1411,0.5692020654678345,0.1867162436246872,0.028088092803955078,14.439752578735352,0.403952032327652
1423,-0.8182787895202637,-0.12377617508172989,0.0176828783005476,16.596593856811523,0.08692627400159836
1482,-0.06127595901489258,-0.15430663526058197,0.024590304121375084,15.509291648864746,0.053108979016542435
1486,0.10089891403913498,-0.015529892407357693,0.021242408081889153,13.331504821777344,0.3125671446323395
1513,1.297399878501892,0.18066607415676117,0.02838507667183876,11.314131736755371,0.5058013796806335
1517,-0.4205469787120819,-0.19469593465328217,0.021430309861898422,15.87115478515625,0.01025390625
1519,-0.37357789278030396,-0.09093867987394333,0.022084394469857216,15.489542007446289,0.265524297952652
1521,-0.03655579313635826,-0.161573126912117,0.02030615136027336,13.647496223449707,0.12700043618679047
1580,1.7934569120407104,0.30922141671180725,0.029109252616763115,9.131942749023438,1.0566940307617188
1588,-2.5536019802093506,-0.18201139569282532,0.011540002189576626,21.99542236328125,0.05428466945886612
1591,0.4962979853153229,-0.15437957644462585,0.02262531779706478,12.306167602539062,0.08034973591566086
1600,-2.339172601699829,-0.2014145404100418,0.014037787914276123,21.786657333374023,0.0007263183942995965
1647,0.4862562119960785,-0.1393943578004837,0.02615046314895153,13.718825340270996,0.07849579304456711
1661,-2.292181968688965,-0.2017344981431961,0.013638283126056194,21.70759391784668,0.00010986328561557457
1691,-3.332418203353882,-0.20184235274791718,0.00928487628698349,24.67508888244629,0.0
1713,0.7846696376800537,0.028037408366799355,0.024054277688264847,11.379765510559082,0.37976837158203125
1719,-2.1286163330078125,-0.20175349712371826,0.013498857617378235,20.68512535095215,0.0002075195370707661
1754,0.6081951260566711,-0.12350273132324219,0.02443365752696991,13.142170906066895,0.16012267768383026
1786,-1.8473209142684937,-0.19871284067630768,0.015022622421383858,19.999237060546875,0.0027343749534338713
1805,-2.126023530960083,-0.20177245140075684,0.013343851082026958,20.520891189575195,0.00017089843458961695
1847,-1.2415364980697632,-0.1894916594028473,0.01625429093837738,17.456512451171875,0.0111083984375
1848,-0.6853516697883606,-0.155425027012825,0.019679391756653786,16.246376037597656,0.1134033203125
1849,-1.86044180393219,-0.2018212080001831,0.01573336124420166,20.476200103759766,3.662109520519152e-05
1865,2.114506959915161,0.4715118110179901,0.03430376574397087,10.032999992370605,0.8909271359443665
1873,1.018635630607605,-0.09748315811157227,0.02800120785832405,12.251221656799316,0.12601013481616974
1942,0.1348010152578354,-0.06850199401378632,0.02339082956314087,14.246789932250977,0.14866943657398224
1943,1.1521142721176147,0.8632518649101257,0.026705661788582802,10.787769317626953,1.5739471912384033
1949,1.388134241104126,0.026990681886672974,0.031914182007312775,11.66916275024414,0.3693710267543793
1976,0.6306003928184509,0.3465408682823181,0.025647560134530067,12.886321067810059,0.62493896484375
1983,1.342190146446228,0.1370764523744583,0.032230254262685776,11.91769027709961,0.73681640625
1986,0.17954759299755096,-0.16673092544078827,0.024532688781619072,14.821234703063965,0.04882202297449112
1991,1.6195253133773804,0.20295754075050354,0.0337318554520607,12.148239135742188,0.5602752566337585
1993,1.4287296533584595,0.30395039916038513,0.03133630007505417,11.179997444152832,1.218501329421997
1998,1.1719019412994385,0.2237791121006012,0.02841191366314888,12.262598991394043,0.3584037721157074
2028,0.6205680966377258,-0.04888121411204338,0.02810003235936165,13.855714797973633,0.295144647359848
2054,0.8272876143455505,-0.12324898689985275,0.028409454971551895,13.207341194152832,0.1852569580078125
2064,1.5432400703430176,0.6710858345031738,0.028676116839051247,10.299296379089355,1.040187120437622
2071,-0.3644849359989166,-0.17990002036094666,0.01930898055434227,14.5427827835083,0.07017212361097336
2073,1.9896602630615234,0.2056865692138672,0.03713926300406456,11.244016647338867,0.9845978021621704
2081,-3.265897035598755,-0.20184235274791718,0.010022706352174282,24.78414535522461,0.0
2104,-0.17537905275821686,-0.16206873953342438,0.021945877000689507,15.218202590942383,0.06599731743335724
2117,1.4626891613006592,-0.024516945704817772,0.0347040556371212,12.307182312011719,0.41495972871780396
2120,-0.08307291567325592,-0.12093422561883926,0.018888583406805992,13.238490104675293,0.13635559380054474
2147,1.1196811199188232,-0.11856865137815475,0.02652469277381897,11.331811904907227,0.10508747398853302
2148,2.0513126850128174,0.44568952918052673,0.036711569875478745,11.35738468170166,0.7176544070243835
2167,-0.31062304973602295,-0.19683308899402618,0.021477965638041496,15.788851737976074,0.006594848819077015
2188,-0.6688648462295532,-0.19843965768814087,0.020693378522992134,16.584836959838867,0.0059570311568677425
2236,-0.028249699622392654,-0.11792124807834625,0.025197213515639305,15.336082458496094,0.1110166534781456
2240,-0.22810399532318115,-0.18030361831188202,0.023148884996771812,15.6462984085083,0.02343139611184597
2242,1.1531012058258057,0.10896492004394531,0.028724003583192825,12.121603965759277,0.37515565752983093
2260,1.562687873840332,0.3222784399986267,0.028643161058425903,10.252223014831543,0.8485748171806335
2261,-0.18720696866512299,-0.19349168241024017,0.02269042283296585,15.476038932800293,0.01984252966940403
2271,1.0254250764846802,0.06737174838781357,0.02827795408666134,12.577219009399414,0.31953737139701843
2294,-1.3351305723190308,-0.20059321820735931,0.012729722075164318,16.013879776000977,0.0029769898392260075
2305,-2.5141398906707764,-0.20184235274791718,0.013023427687585354,22.476551055908203,0.0
2314,1.188727617263794,-0.10706982761621475,0.029360953718423843,12.227094650268555,0.1755828857421875
2334,1.083469033241272,-0.1344924420118332,0.02867228351533413,12.475168228149414,0.10980033874511719
2335,-0.2211361676454544,-0.1669386625289917,0.018536750227212906,13.666801452636719,0.07255249470472336
2361,-0.8228849768638611,-0.18051491677761078,0.017121344804763794,15.773935317993164,0.024627685546875
2367,-1.0831469297409058,-0.18406574428081512,0.015211465768516064,16.627683639526367,0.02823486365377903
2371,1.048937201499939,-0.11175242811441422,0.028313899412751198,12.194381713867188,0.15442200005054474
2373,-2.4916322231292725,-0.20163805782794952,0.011864962987601757,21.673715591430664,0.0005584717146120965
2384,1.978706955909729,0.2868403196334839,0.03305814787745476,9.455711364746094,0.5885635614395142
2457,1.206918716430664,-0.17028380930423737,0.03031839430332184,12.681708335876465,0.04091367870569229
2482,0.43938198685646057,-0.14944906532764435,0.025658586993813515,13.585136413574219,0.07089080661535263
2500,1.0790029764175415,-0.14291472733020782,0.029079517349600792,12.324854850769043,0.12291564792394638
2509,-2.2205708026885986,-0.20175445079803467,0.014731335453689098,21.769184112548828,8.544921729480848e-05
2516,-2.0286967754364014,-0.2018052339553833,0.015083725564181805,20.825592041015625,6.713867333019152e-05
2522,1.9955106973648071,-0.03780701011419296,0.035834845155477524,11.006600379943848,0.18813934922218323
2549,-0.6495857238769531,-0.192752406001091,0.021852077916264534,17.003087997436523,0.011071777902543545
2604,-1.8714975118637085,-0.2016797810792923,0.014976498670876026,20.05010986328125,0.00014038085646461695
2634,2.0983269214630127,0.06452792137861252,0.038761746138334274,11.223464965820312,0.3790085017681122
2685,-1.0639699697494507,-0.18917520344257355,0.01874399371445179,17.841163635253906,0.011956787668168545
2686,-2.5876801013946533,-0.20172236859798431,0.011107588186860085,21.77503776550293,0.00017089843458961695
2688,1.172904372215271,-0.09567452222108841,0.02753930352628231,11.351618766784668,0.12247009575366974
2711,0.05064874514937401,-0.15781491994857788,0.024552535265684128,15.10466480255127,0.04824218899011612
2747,-1.3589136600494385,-0.18496248126029968,0.01615210995078087,18.251922607421875,0.01808471791446209
2748,0.3031286299228668,0.2914576530456543,0.02395813912153244,13.84129524230957,1.06903076171875
2763,-1.2038058042526245,-0.1970670074224472,0.018964244052767754,18.84867286682129,0.0047149658203125
2806,1.0793771743774414,0.15677110850811005,0.025731874629855156,10.78515625,0.5078186392784119
2850,2.0557401180267334,0.013351382687687874,0.03613818436861038,10.415824890136719,0.3515029847621918
2877,0.9224464297294617,-0.15981025993824005,0.028878619894385338,12.577169418334961,0.05870971828699112
2901,0.9673256278038025,-0.05613613873720169,0.026259956881403923,12.005850791931152,0.13557739555835724
2906,-0.4258098602294922,-0.19822117686271667,0.022571971639990807,16.668210983276367,0.006695556920021772
2940,1.2031738758087158,0.729475200176239,0.0274967011064291,10.806438446044922,1.3229888677597046
2963,-0.09898387640714645,-0.17542533576488495,0.0228783767670393,14.863298416137695,0.09668578952550888
3005,0.5141523480415344,-0.06285078078508377,0.02775794081389904,13.5744047164917,0.19622193276882172
3028,-0.6796780824661255,-0.11443736404180527,0.017395658418536186,15.058951377868652,0.12368469685316086
3055,1.0052900314331055,0.33377471566200256,0.027225542813539505,12.238131523132324,0.7617706656455994
3107,-2.9627437591552734,-0.20183368027210236,0.010638803243637085,23.31081771850586,2.441406286379788e-05
3124,0.9683005213737488,-0.14930585026741028,0.029814977198839188,13.08739185333252,0.0760345458984375
3132,1.0031455755233765,-0.058846987783908844,0.026970578357577324,11.613451957702637,0.22571106255054474
3148,0.812239944934845,-0.11575207859277725,0.025529423728585243,12.224647521972656,0.0987396240234375
3152,-2.205002546310425,-0.20172758400440216,0.013814887963235378,20.816984176635742,0.00030517578125
3158,-1.2503618001937866,-0.2009086161851883,0.016740132123231888,18.351110458374023,0.0010055542225018144
3162,-0.7786924242973328,-0.20108214020729065,0.019362561404705048,16.90645408630371,0.0007827758672647178
3163,-1.3254375457763672,0.006343642715364695,0.017769191414117813,18.81585121154785,0.30317994952201843
3173,-1.856644868850708,-0.2001963108778,0.01616477780044079,20.371936798095703,0.001788330147974193
3229,0.928997814655304,-0.11338470131158829,0.028301555663347244,12.877799034118652,0.18597106635570526
3249,1.2094465494155884,0.14833296835422516,0.03331427276134491,13.260530471801758,0.7837371826171875
3270,-0.06337340921163559,0.1639319509267807,0.019257817417383194,13.41691780090332,1.4037933349609375
3271,0.7075942158699036,-0.08247216790914536,0.02852647937834263,13.679522514343262,0.4547866880893707
3278,-0.8586370348930359,-0.20101220905780792,0.019907686859369278,17.610355377197266,0.0011039733653888106
3280,1.216338038444519,0.16880697011947632,0.027753515169024467,10.81096363067627,0.4178527891635895
3282,1.5124502182006836,0.057922523468732834,0.03083842433989048,10.749598503112793,0.4685607850551605
3293,1.8086122274398804,-0.01755807362496853,0.032366637140512466,11.419978141784668,0.21897582709789276
3356,0.23306040465831757,-0.045970719307661057,0.02241901122033596,12.873339653015137,0.30372142791748047
3367,-1.1687315702438354,-0.19294373691082,0.017891203984618187,17.978038787841797,0.010089111514389515
3370,-2.602327346801758,-0.20184235274791718,0.012527632527053356,22.500696182250977,0.0
3396,3.1779696941375732,1.7122348546981812,0.04150284826755524,7.980935573577881,3.666363477706909
3420,-0.15410791337490082,-0.18945613503456116,0.02368956059217453,15.673075675964355,0.012638854794204235
3421,-1.1295875310897827,-0.1970556378364563,0.01910826563835144,18.69736671447754,0.004330444615334272
3426,-0.8779168128967285,-0.19945703446865082,0.020020373165607452,17.940410614013672,0.0051666260696947575
3448,1.5604631900787354,0.0808572992682457,0.030815621837973595,10.511347770690918,0.5773056149482727
3451,1.2895430326461792,-0.01271395105868578,0.030557289719581604,11.983168601989746,0.42127725481987
3453,0.10755711048841476,0.025602752342820168,0.023146646097302437,13.95954418182373,0.6054962277412415
3459,1.15915048122406,-0.050029363483190536,0.029209155589342117,12.032610893249512,0.2815445065498352
3492,-0.713331937789917,-0.20068664848804474,0.019580740481615067,16.62697410583496,0.0012664794921875
3495,0.7601824402809143,0.27881476283073425,0.025916120037436485,12.467464447021484,0.37929534912109375
3496,-0.38372284173965454,-0.07648724317550659,0.017725646495819092,14.38095760345459,0.15217208862304688
3499,-0.36191630363464355,-0.1437518447637558,0.01877587102353573,14.660858154296875,0.09665603935718536
3547,1.1033148765563965,0.36329683661460876,0.02780987322330475,11.673460006713867,0.704968273639679
3557,0.2103356420993805,0.0035765268839895725,0.023052353411912918,14.01065731048584,0.17716065049171448
3562,0.7114487886428833,-0.03373178467154503,0.027065858244895935,13.308262825012207,0.25894472002983093
3576,-0.020490044727921486,0.2764049470424652,0.0184775423258543,12.909860610961914,1.2600215673446655
3580,-3.7951130867004395,-0.20184235274791718,0.007547224406152964,26.005033493041992,0.0
3595,-2.9230334758758545,-0.20157909393310547,0.01141276489943266,23.582860946655273,0.0002807617129292339
3604,1.0215362310409546,-0.10505028814077377,0.027702776715159416,12.660370826721191,0.1854095458984375
3616,0.4463180601596832,-0.19677898287773132,0.025469264015555382,14.119987487792969,0.0070053101517260075
3632,0.6592106223106384,0.03702984377741814,0.0250408798456192,12.228187561035156,0.49781036376953125
3667,-0.2761046588420868,-0.17273935675621033,0.020965738222002983,14.815704345703125,0.0534515380859375
3714,0.5640532970428467,-0.07302616536617279,0.025135353207588196,13.161935806274414,0.15135498344898224
3746,0.08542197942733765,-0.13429686427116394,0.01983107440173626,13.10051155090332,0.07836151123046875
3751,1.9169749021530151,0.33361122012138367,0.03363975137472153,11.045476913452148,1.8161407709121704
3752,0.9768838882446289,0.08273543417453766,0.028881510719656944,12.804045677185059,0.31623536348342896
3767,-2.022080898284912,-0.201655313372612,0.013043070212006569,19.81630516052246,0.000274658203125
3790,1.6292564868927002,0.1474132388830185,0.031158536672592163,10.739729881286621,0.513458251953125
3799,0.939473569393158,0.33921653032302856,0.024246426299214363,10.534112930297852,0.6752372980117798
3803,1.8356860876083374,0.5244045853614807,0.03244071453809738,9.829609870910645,1.2909774780273438
3810,1.4955278635025024,-0.09519626200199127,0.03240864723920822,11.900893211364746,0.15539436042308807
3853,-0.5834537744522095,-0.18187764286994934,0.02044272981584072,16.43854522705078,0.05203857645392418
3867,-1.0623446702957153,-0.19944176077842712,0.018107697367668152,17.28915023803711,0.002655029296875
3894,2.0693485736846924,1.2517422437667847,0.032901961356401443,10.039467811584473,1.9820785522460938
3896,0.8880530595779419,-0.038384031504392624,0.025343632325530052,11.773062705993652,0.17673949897289276
3917,-3.007871389389038,-0.20184235274791718,0.011049450375139713,24.030120849609375,0.0
3960,-4.54652738571167,-0.20184235274791718,0.0068743424490094185,29.700790405273438,0.0
3966,-2.459289312362671,-0.20184235274791718,0.013854535296559334,22.47417640686035,0.0
3968,0.672580897808075,0.0254985298961401,0.02539924718439579,13.01832103729248,0.38122254610061646
3993,-2.1233127117156982,-0.20180265605449677,0.015012775547802448,21.160245895385742,0.00017089843458961695
3995,-0.12467944622039795,-0.12877683341503143,0.023454243317246437,15.753859519958496,0.149383544921875
4019,1.4986181259155273,0.22001902759075165,0.03132873401045799,11.345980644226074,0.6862091422080994
4042,-0.593051552772522,-0.1789267361164093,0.017620587721467018,14.653635025024414,0.02509765699505806
4044,-0.6766707301139832,-0.19706183671951294,0.020158927887678146,16.837404251098633,0.01318969763815403
4067,1.9030689001083374,0.17500925064086914,0.032495468854904175,9.866312980651855,0.6077057123184204
4074,0.9392552375793457,0.17951928079128265,0.024262739345431328,11.31181812286377,0.5187774896621704
4120,-0.6061267852783203,-0.0964394211769104,0.01981799118220806,16.849349975585938,0.22109375894069672
4135,1.2719168663024902,0.07338297367095947,0.02881316840648651,11.233556747436523,0.4216156005859375
4153,-3.265911817550659,-0.20184235274791718,0.00998667161911726,24.74104881286621,0.0
4160,1.3940656185150146,0.3091070353984833,0.028070122003555298,10.80739974975586,0.6350036859512329
4255,-3.0518877506256104,-0.20183375477790833,0.010335576720535755,23.660959243774414,9.15527380129788e-06
4259,2.1034810543060303,0.02361941523849964,0.03521662950515747,10.046542167663574,0.354217529296875
4260,0.7687193155288696,-0.03713664039969444,0.025762727484107018,12.783047676086426,0.2754882872104645
4275,0.8247848749160767,-0.012623372487723827,0.025751490145921707,12.282580375671387,0.48592835664749146
4312,0.8201544880867004,-0.12605048716068268,0.027695445343852043,12.482565879821777,0.17709961533546448
4316,-0.014933529309928417,-0.038171518594026566,0.025315821170806885,16.222929000854492,0.34788209199905396
4355,-1.1952037811279297,-0.1718117594718933,0.01563623547554016,16.793701171875,0.05103454738855362
4406,-0.22507081925868988,-0.17795303463935852,0.023914460092782974,16.079635620117188,0.05276947095990181
4424,0.417484849691391,0.12876257300376892,0.02699747122824192,14.322732925415039,1.390130639076233
4463,-3.0115134716033936,-0.20184235274791718,0.011208157055079937,24.042129516601562,0.0
4467,1.1793946027755737,0.002268710872158408,0.029536498710513115,12.862482070922852,0.21649475395679474
4479,0.4242914319038391,-0.15516971051692963,0.0231659896671772,12.882344245910645,0.1628372222185135
4487,1.404428482055664,-0.09922708570957184,0.03185059875249863,11.838969230651855,0.1837615966796875
4495,0.9515266418457031,0.1019248515367508,0.027514060959219933,12.076778411865234,0.43847963213920593
4512,-2.1824145317077637,-0.20176194608211517,0.01341809518635273,21.026386260986328,0.00011596679541980848
4529,-1.5410538911819458,-0.20010419189929962,0.015041522681713104,18.325977325439453,0.005657959263771772
4548,0.15020905435085297,-0.15382656455039978,0.023678353056311607,14.180686950683594,0.112030029296875
4626,-2.147223711013794,-0.20157693326473236,0.013618660159409046,20.55915641784668,0.00042724609375
4627,0.5900716185569763,0.20911811292171478,0.022204997017979622,11.511857032775879,0.5569465756416321
4635,0.9315134882926941,0.04289955645799637,0.028970826417207718,13.707968711853027,0.26220932602882385
4639,1.5969895124435425,0.5885371565818787,0.03227370232343674,11.660881042480469,0.9578109979629517
4641,-0.6596885919570923,-0.025469262152910233,0.019015280529856682,15.904190063476562,0.28168946504592896
4692,0.8076981902122498,0.5088406801223755,0.024933110922574997,11.637579917907715,1.4315613508224487
4699,0.28477686643600464,-0.17407815158367157,0.025955963879823685,14.839518547058105,0.07829590141773224
4702,-0.3027002811431885,-0.19347313046455383,0.02266312949359417,15.724528312683105,0.011172485537827015
4716,1.2537415027618408,-0.06184172257781029,0.03001461736857891,12.433554649353027,0.19263915717601776
4814,-1.984381914138794,-0.20180971920490265,0.015309557318687439,20.90180778503418,4.882812572759576e-05
4849,1.3850029706954956,0.31761226058006287,0.02926248125731945,10.624490737915039,0.6186553835868835
4850,-0.9028040170669556,-0.1974768191576004,0.019863996654748917,17.805477142333984,0.0046325684525072575
4874,-2.5131661891937256,-0.20184235274791718,0.01054244302213192,21.021514892578125,0.0
4890,0.5516639351844788,-0.11203541606664658,0.024712108075618744,12.934588432312012,0.11904297024011612
4893,-1.216455340385437,-0.1796337217092514,0.01655299961566925,17.94801902770996,0.02328643761575222
4920,0.23066389560699463,-0.07915282994508743,0.022804362699389458,13.747248649597168,0.13449707627296448
4922,-0.47443944215774536,-0.17915086448192596,0.019869616255164146,15.669482231140137,0.02685852162539959
4960,2.555551290512085,0.6799478530883789,0.03957540541887283,8.981451988220215,1.5858734846115112
4997,1.7524559497833252,0.09861213713884354,0.03337889909744263,11.612855911254883,0.4426116943359375
5036,-0.3762134313583374,-0.16585396230220795,0.018479958176612854,14.21219539642334,0.04106445237994194
5057,1.9273138046264648,0.2871077358722687,0.03269737586379051,10.159052848815918,0.693316638469696
5090,0.2124181091785431,-0.19509391486644745,0.02481078915297985,14.693144798278809,0.010327148251235485
5098,1.0069690942764282,0.12558940052986145,0.026188073679804802,11.587156295776367,0.4071701169013977
5136,2.661520004272461,1.1184033155441284,0.03827666863799095,9.248238563537598,1.8775787353515625
5156,-1.361114501953125,0.02817726694047451,0.017202401533722878,18.7476863861084,0.23155517876148224
5175,1.509059190750122,0.10546892136335373,0.03619256243109703,12.383920669555664,0.45720216631889343
5201,0.44312530755996704,-0.19076871871948242,0.02679719403386116,14.856010437011719,0.010955810546875
5208,1.088736891746521,0.5507521033287048,0.026905974373221397,10.798242568969727,1.2623291015625
5233,1.3714195489883423,0.6421944499015808,0.027213184162974358,10.155192375183105,1.0676498413085938
5265,0.787937581539154,0.1741948425769806,0.025479232892394066,11.908272743225098,0.7395057678222656
5305,-0.13584013283252716,-0.17689388990402222,0.024090271443128586,16.257362365722656,0.05255126953125
5367,-0.9264866709709167,-0.17885713279247284,0.01716315560042858,16.72512435913086,0.02281951904296875
5372,1.9465690851211548,1.0869587659835815,0.03367256000638008,10.639769554138184,2.3828675746917725
5399,-0.6157894134521484,-0.1977434605360031,0.019333254545927048,16.263731002807617,0.0035339356400072575
5411,1.071090579032898,0.598237931728363,0.026476725935935974,11.275758743286133,1.0894683599472046
5413,-2.0621325969696045,-0.20179219543933868,0.015362218022346497,21.045236587524414,8.544921729480848e-05
5431,0.8073551058769226,-0.16693070530891418,0.027981406077742577,12.907279968261719,0.1000213623046875
5439,-2.7398459911346436,-0.20184235274791718,0.010982069186866283,22.477149963378906,0.0
5458,-0.6980688571929932,-0.20101694762706757,0.02059040032327175,16.81586265563965,0.001922607421875
5467,-2.0361928939819336,-0.19930385053157806,0.01488379668444395,20.652755737304688,0.003210449358448386
5500,-0.41241446137428284,0.5784334540367126,0.01879456639289856,14.704622268676758,0.8007308840751648
5503,0.650111973285675,-0.09761747717857361,0.02571939304471016,13.266138076782227,0.15140381455421448
5504,0.6954354643821716,0.01541895605623722,0.02377229370176792,12.14990520477295,0.2526794373989105
5505,-0.47145459055900574,-0.18147076666355133,0.01876680925488472,14.75084114074707,0.03970947489142418
5509,-0.21437063813209534,-0.1529061198234558,0.022991130128502846,15.453341484069824,0.11643066257238388
5510,2.075160503387451,0.1659737080335617,0.03538487106561661,10.861785888671875,0.7466339468955994
5517,-0.5849136114120483,-0.1663343608379364,0.02124694362282753,16.538740158081055,0.03800659254193306
5547,0.7537245750427246,-0.14353466033935547,0.027911636978387833,13.046182632446289,0.1335494965314865
5555,1.1747605800628662,0.057898927479982376,0.02894696407020092,11.631693840026855,0.32258912920951843
5593,-1.4839935302734375,-0.19993534684181213,0.016911672428250313,19.1975040435791,0.004626465030014515
5606,-0.8540417551994324,-0.1879170536994934,0.016470154747366905,15.957406997680664,0.0217132568359375
5613,-2.9036290645599365,-0.20184235274791718,0.011999759823083878,23.860759735107422,0.0
5645,2.3789327144622803,0.5999543070793152,0.0399697870016098,10.113702774047852,0.9849563837051392
5646,-1.2317895889282227,-0.20163659751415253,0.018517034128308296,18.839736938476562,0.0003326416190247983
5651,-1.9745279550552368,-0.20173843204975128,0.014753642491996288,20.520198822021484,0.00012817383685614914
5670,-1.2025940418243408,-0.20110121369361877,0.017952457070350647,18.410144805908203,0.001284790108911693
5681,1.7828010320663452,0.7150174975395203,0.031432949006557465,10.230984687805176,1.1144927740097046
5695,1.6978330612182617,0.06381942331790924,0.03362450748682022,11.025567054748535,0.43312379717826843
5700,0.6324595808982849,-0.174536794424057,0.027876153588294983,13.721506118774414,0.0323028564453125
5749,1.7202141284942627,0.28400903940200806,0.03118334710597992,10.510913848876953,1.0120331048965454
5751,0.7311887145042419,0.22397005558013916,0.023290207609534264,11.087994575500488,0.5290069580078125
5760,0.5886006355285645,-0.17957241833209991,0.025395993143320084,13.211845397949219,0.02243652381002903
5780,-3.439643144607544,-0.20184235274791718,0.010595458559691906,25.85965919494629,0.0
5808,0.6453341841697693,0.34434980154037476,0.0225368645042181,11.038840293884277,1.0531647205352783
5830,-4.134442329406738,-0.20184235274791718,0.007769321091473103,27.854419708251953,0.0
5832,-1.274155855178833,-0.19724826514720917,0.01701958104968071,18.23381805419922,0.005383301060646772
5840,-2.620656728744507,-0.20184235274791718,0.01222124695777893,22.8394775390625,0.0
5850,-1.6288130283355713,-0.20155183970928192,0.016493191942572594,19.28156852722168,0.0004638671816792339
5886,-1.5952237844467163,-0.20167163014411926,0.01698518544435501,19.519393920898438,0.0003952026308979839
5899,0.09532013535499573,-0.1888067126274109,0.025951920077204704,14.968475341796875,0.02007446251809597
5961,0.3029472529888153,0.06683234125375748,0.024439997971057892,14.323036193847656,0.24351806938648224
5962,0.5401210188865662,-0.169680655002594,0.02731253206729889,13.748115539550781,0.066650390625
5965,0.4041768014431,-0.02959562838077545,0.02490469254553318,13.611764907836914,0.17014160752296448
5970,-2.9997105598449707,-0.20184235274791718,0.01094802189618349,24.086183547973633,0.0
5993,2.0805842876434326,0.0600760281085968,0.036007024347782135,10.825047492980957,0.3342224061489105
6017,-1.249290108680725,-0.20002512633800507,0.0188641007989645,18.965587615966797,0.0020263672340661287
6024,0.5073885321617126,-0.09707377105951309,0.023036817088723183,12.85003662109375,0.08102722465991974
6033,0.0844692513346672,-0.07405594736337662,0.024884600192308426,15.346285820007324,0.1190338134765625
6037,-0.14584636688232422,-0.16648425161838531,0.021870918571949005,15.019037246704102,0.06847228854894638
6047,0.7520351409912109,-0.16293981671333313,0.027297034859657288,13.086161613464355,0.06600341945886612
6048,2.014846086502075,0.7636710405349731,0.03542096167802811,11.50757122039795,1.599829077720642
6058,0.33026620745658875,0.005164972972124815,0.02451879344880581,13.622736930847168,0.20087280869483948
6065,1.3684608936309814,2.150909900665283,0.029144102707505226,10.771326065063477,2.402872085571289
6082,1.2740973234176636,-0.03904621675610542,0.028693128377199173,11.309544563293457,0.32064515352249146
6091,0.9833806157112122,-0.10025744885206223,0.026926105841994286,11.747379302978516,0.31758347153663635
6094,1.5462895631790161,-0.13977642357349396,0.03244919329881668,11.68359661102295,0.08048706501722336
6100,0.7143811583518982,-0.050121139734983444,0.0245254747569561,12.35019588470459,0.14930878579616547
6102,-0.8720311522483826,-0.1194862350821495,0.01698833517730236,16.60871696472168,0.04521522670984268
6131,1.0112556219100952,-0.05785057693719864,0.02748054265975952,11.7211275100708,0.20801697671413422
6140,-2.082470417022705,-0.20176973938941956,0.015406330116093159,21.289846420288086,0.0001464843808207661
6220,-0.5574402213096619,-0.18274818360805511,0.01867729239165783,15.582490921020508,0.02878723107278347
6222,1.0907790660858154,0.17206931114196777,0.02715660072863102,11.623679161071777,0.5763763785362244
6248,-3.3792285919189453,-0.20184235274791718,0.010109598748385906,25.341703414916992,0.0
6279,-1.8614826202392578,-0.20177219808101654,0.015822382643818855,20.401227951049805,9.765625145519152e-05
6333,1.0108003616333008,0.6887159943580627,0.02603825367987156,11.078686714172363,1.207489013671875
6338,0.3310467302799225,-0.15301047265529633,0.023105034604668617,13.521452903747559,0.06255187839269638
6345,-0.23861515522003174,-0.19823519885540009,0.020068474113941193,14.910861015319824,0.0057617188431322575
6352,-0.7592583894729614,-0.19992958009243011,0.019260777160525322,17.064485549926758,0.0065017701126635075
6355,0.8948489427566528,-0.12421504408121109,0.028845740482211113,12.914137840270996,0.16011352837085724
6358,0.5066024661064148,-0.08755546063184738,0.026776937767863274,13.842028617858887,0.18193359673023224
6377,0.9354814887046814,-0.07890655845403671,0.027321040630340576,11.828814506530762,0.3337036073207855
6419,-0.0014248102670535445,-0.1641518920660019,0.023020422086119652,15.026910781860352,0.03951416164636612
6436,0.2843935489654541,-0.19506634771823883,0.025508591905236244,14.656147956848145,0.01482238806784153
6519,-1.7597334384918213,-0.20078741014003754,0.014231706038117409,19.446609497070312,0.0015193939907476306
6530,1.3185092210769653,0.8627849817276001,0.031124845147132874,12.126933097839355,2.5754730701446533
6533,-1.0934537649154663,-0.19765625894069672,0.01609635353088379,17.1163387298584,0.0045227049849927425
6561,0.2278367131948471,0.1479102224111557,0.021682698279619217,12.834574699401855,1.2492355108261108
6575,1.281178593635559,-0.03590959310531616,0.031821150332689285,12.250889778137207,0.1892692595720291
6604,0.7419930696487427,-0.14454692602157593,0.023783104494214058,11.92440128326416,0.07549591362476349
6622,2.5537922382354736,0.36186483502388,0.039321593940258026,9.672472953796387,1.1012802124023438
6675,-1.9238544702529907,-0.2017480581998825,0.016495665535330772,20.92458724975586,0.00018310546875
6707,-1.1656030416488647,-0.19567783176898956,0.015108677558600903,16.469619750976562,0.006192016880959272
6723,-0.003573852824047208,-0.19835679233074188,0.02360137365758419,15.462634086608887,0.005070495884865522
6730,0.440525621175766,-0.1780906617641449,0.027632592245936394,14.578389167785645,0.05436096340417862
6794,-0.2296743392944336,-0.1656164973974228,0.02169785648584366,14.723179817199707,0.039154052734375
6797,0.5678176879882812,-0.04294157028198242,0.026082102209329605,12.703314781188965,0.23352356255054474
6807,1.043020486831665,0.38043469190597534,0.0297809187322855,12.535487174987793,0.8328644037246704
6815,-3.3659839630126953,-0.20183661580085754,0.01063407864421606,25.50065803527832,6.10351571594947e-06
6853,1.223656177520752,-0.02408970706164837,0.03269949555397034,12.475530624389648,0.240631103515625
6873,0.5099875926971436,-0.1116170808672905,0.02323581837117672,12.54542064666748,0.09508819878101349
6874,-4.927468776702881,-0.20184235274791718,0.006750728469341993,31.365873336791992,0.0
6958,0.10703162103891373,-0.15955893695354462,0.02143772877752781,13.705085754394531,0.03981628641486168
6965,0.04472459480166435,-0.1917600780725479,0.022550396621227264,13.822850227355957,0.02107868157327175
6982,0.4092507064342499,-0.03027275763452053,0.02752065472304821,14.40795612335205,0.4650940001010895
7000,-2.3708083629608154,-0.20183448493480682,0.011643935926258564,21.1822566986084,1.220703143189894e-05
7031,0.5027523040771484,-0.16622579097747803,0.026641085743904114,13.849616050720215,0.04193725809454918
7032,2.8758630752563477,0.37103191018104553,0.04326583445072174,9.836113929748535,0.737548828125
7057,-0.5133442282676697,-0.10582144558429718,0.021245909854769707,16.7888240814209,0.10891113430261612
7072,-0.8779253959655762,-0.2000550776720047,0.01871427521109581,17.054967880249023,0.0035430907737463713
7090,1.764857530593872,-0.033077139407396317,0.03435996547341347,12.032670974731445,0.27447509765625
7103,2.0714375972747803,0.9523391127586365,0.032355111092329025,8.911767959594727,2.220633029937744
7105,-0.35539597272872925,-0.1942402571439743,0.020741723477840424,16.022031784057617,0.005755615420639515
7113,1.8370546102523804,0.33510470390319824,0.03690148517489433,11.947122573852539,0.7427002191543579
7117,1.0031359195709229,-0.12233256548643112,0.030004043132066727,12.76007080078125,0.11870727688074112
7158,-0.6541041731834412,-0.1908600628376007,0.018480287864804268,15.736149787902832,0.015179443173110485
7181,1.7696704864501953,0.10023029148578644,0.03514949604868889,11.372217178344727,0.355682373046875
7195,1.0946295261383057,-0.013973908498883247,0.032386548817157745,13.408647537231445,0.46380615234375
7236,0.8465070724487305,-0.06978436559438705,0.024753233417868614,11.871192932128906,0.1899574249982834
7246,-0.5137758851051331,0.2890150845050812,0.017478469759225845,14.335166931152344,1.6105774641036987
7266,2.5167839527130127,1.0104633569717407,0.03660814091563225,9.682995796203613,2.0717575550079346
7270,-0.6463077664375305,-0.11782560497522354,0.019150419160723686,15.935545921325684,0.15073852241039276
7319,-4.173404216766357,-0.20184235274791718,0.007809212896972895,28.132278442382812,0.0
7345,-0.05671786144375801,-0.19674481451511383,0.021167268976569176,14.289416313171387,0.0075164795853197575
7354,0.7687999606132507,-0.05641832575201988,0.026727620512247086,13.067931175231934,0.19310913980007172
7364,2.14680552482605,0.2605976164340973,0.03811827301979065,11.342162132263184,1.0150848627090454
7406,1.7698901891708374,0.31706270575523376,0.03357336297631264,11.493534088134766,0.833325207233429
7417,-1.7445143461227417,-0.20170800387859344,0.014298619702458382,19.10548973083496,0.0002563476737122983
7425,-0.37035080790519714,-0.11850881576538086,0.01810726523399353,14.061386108398438,0.1988571137189865
7429,-2.0614817142486572,-0.2012864202260971,0.014242701232433319,21.15436363220215,0.001437377999536693
7435,-0.13920924067497253,-0.190491184592247,0.021520474925637245,14.81694507598877,0.0312347412109375
7446,2.418161392211914,0.31986090540885925,0.04095999896526337,11.324085235595703,0.6617057919502258
7510,-2.022752523422241,-0.20180372893810272,0.014094567857682705,20.13895034790039,8.544921729480848e-05
7562,0.9917678236961365,0.14235195517539978,0.02676093950867653,11.528173446655273,0.8687072992324829
7578,-0.25871196389198303,-0.1822492927312851,0.023644469678401947,16.249887466430664,0.02237548865377903
7590,0.5173864364624023,-0.13495564460754395,0.024715445935726166,12.572783470153809,0.1298675537109375
7620,0.46184173226356506,-0.16168899834156036,0.02666236273944378,14.176466941833496,0.05850524827837944
7677,1.0344736576080322,0.4239724576473236,0.030675698071718216,12.803422927856445,0.6603546142578125
7679,0.744782567024231,-0.16727185249328613,0.028871390968561172,13.867555618286133,0.04010009765625
7724,1.5470060110092163,-0.10626260191202164,0.035831715911626816,12.6161527633667,0.14937745034694672
7726,1.3810539245605469,0.05749891325831413,0.029378611594438553,11.581864356994629,0.3868391215801239
7729,-3.021439790725708,-0.20184235274791718,0.01206295844167471,24.39731216430664,0.0
7773,0.7594166398048401,0.12812009453773499,0.02741868793964386,12.435218811035156,0.368856817483902
7776,-1.0868384838104248,-0.1942707598209381,0.016805430874228477,17.377349853515625,0.008526611141860485
7870,-1.7696651220321655,-0.18444861471652985,0.015446680597960949,19.903608322143555,0.048828125
7901,0.4548500180244446,0.03294725343585014,0.02251589111983776,13.404623985290527,0.196278378367424
7921,0.4065397381782532,-0.17704349756240845,0.025762958452105522,14.162280082702637,0.07568664848804474
7926,2.599611759185791,0.8991838693618774,0.038584329187870026,9.509627342224121,3.1871018409729004
7935,1.8810920715332031,0.28972098231315613,0.033311180770397186,10.363231658935547,1.3257172107696533
7981,0.41222110390663147,0.20971129834651947,0.024378899484872818,14.3495454788208,0.9697311520576477
8039,-2.1890270709991455,-0.2017686367034912,0.0133372712880373,21.058061599731445,0.0001373291015625
8050,1.0124272108078003,0.385191947221756,0.026333564892411232,11.460179328918457,1.5027374029159546
8140,-1.161750078201294,-0.19579172134399414,0.01624554954469204,16.781166076660156,0.011666870675981045
8154,0.7535935044288635,-0.03484717011451721,0.025786131620407104,12.532343864440918,0.32661744952201843
8156,0.6415500640869141,0.005026567727327347,0.024611352011561394,12.056227684020996,0.22113190591335297
8167,0.508640468120575,0.3065958619117737,0.02341363951563835,12.281972885131836,0.5015289187431335
8188,-0.4210444390773773,-0.19764147698879242,0.02152423933148384,15.743586540222168,0.005883026402443647
8196,1.111460566520691,0.14853492379188538,0.028586795553565025,11.757769584655762,1.1244109869003296
8230,1.6962578296661377,0.2533133029937744,0.033244092017412186,11.393790245056152,0.555743396282196
8240,-0.6687794327735901,-0.18061421811580658,0.017067566514015198,14.929486274719238,0.02752227894961834
8252,-2.469170570373535,-0.20163916051387787,0.013936643488705158,22.727806091308594,0.0002624511835165322
8261,0.6255519986152649,0.23837514221668243,0.02831447497010231,13.824999809265137,1.132299780845642
8265,0.14461755752563477,-0.16875265538692474,0.02270343340933323,14.106511116027832,0.10068931430578232
8320,-0.003687447402626276,-0.1844530552625656,0.022279808297753334,15.048138618469238,0.02567138709127903
8328,-2.2368385791778564,-0.20144791901111603,0.012354908511042595,20.901611328125,0.0004211425839457661
8334,-0.6679162383079529,-0.19932186603546143,0.01864771358668804,15.77629280090332,0.0027282715309411287
8373,-2.797959566116333,-0.20183120667934418,0.011465444229543209,23.37568473815918,6.10351571594947e-06
8398,1.0898776054382324,-0.1616014987230301,0.029246091842651367,12.164051055908203,0.08441772311925888
8400,0.4423085153102875,-0.1603669822216034,0.02582257054746151,14.06640911102295,0.10156555473804474
8407,-1.1085970401763916,-0.20109188556671143,0.019223691895604134,18.226276397705078,0.001708984375
8412,-0.22584564983844757,-0.16154980659484863,0.0216435045003891,15.246991157531738,0.1708526611328125
8457,-0.6282510757446289,-0.19307498633861542,0.02000550366938114,16.727558135986328,0.017730712890625
8463,-0.05816227197647095,-0.19191057980060577,0.022368332371115685,14.681723594665527,0.011035156436264515
8464,-1.940510630607605,-0.20126187801361084,0.01410104800015688,19.49238395690918,0.0009887695778161287
8494,0.6579214930534363,-0.1651429980993271,0.025981826707720757,13.237406730651855,0.08035583794116974
8496,1.6905726194381714,0.3379721939563751,0.03500281274318695,11.650233268737793,0.8342437744140625
8497,0.8640791773796082,0.27292338013648987,0.027320949360728264,13.961604118347168,0.48581239581108093
8579,2.365817070007324,0.7465409636497498,0.03916704282164574,10.268298149108887,1.6587189435958862
8586,-0.6397753357887268,-0.19187889993190765,0.018017468973994255,15.636743545532227,0.0260009765625
8590,-0.7423551678657532,-0.18928824365139008,0.017075398936867714,15.942532539367676,0.02024536207318306
8671,0.17432840168476105,0.19247303903102875,0.020462993532419205,12.40475845336914,0.7781631350517273
8755,0.7260164618492126,-0.08302226662635803,0.025206184014678,12.431448936462402,0.19305916130542755
8756,-2.26157808303833,-0.201717808842659,0.01360748615115881,22.0693416595459,0.00010986328561557457
8768,0.860529899597168,0.36097022891044617,0.02542887069284916,12.011343955993652,0.6286285519599915
8795,-0.540886640548706,-0.19380326569080353,0.02050706185400486,16.84333038330078,0.007843017578125
8805,0.10352229326963425,-0.19224750995635986,0.024759115651249886,15.10682201385498,0.02682800404727459
8836,-1.8869421482086182,-0.20130398869514465,0.014934119768440723,20.240982055664062,0.00146484375
8851,0.506324052810669,-0.12876702845096588,0.023649219423532486,12.98697566986084,0.1328582763671875
8894,1.061896800994873,0.2714463174343109,0.03142108395695686,12.943803787231445,0.575823962688446
8917,1.54523503780365,0.1917438954114914,0.03391527757048607,11.902572631835938,0.6184143424034119
8923,-1.854783058166504,-0.20089511573314667,0.015739595517516136,20.233884811401367,0.0009704590192995965
8928,-0.17719745635986328,-0.1819649189710617,0.020271843299269676,14.963988304138184,0.01416626013815403
8948,1.4760380983352661,-0.026511216536164284,0.030695084482431412,11.13554859161377,0.2180526703596115
8954,2.3807849884033203,0.530600368976593,0.03666839376091957,9.534296989440918,1.0324219465255737
8985,1.5598585605621338,1.0151056051254272,0.03222840279340744,11.504508972167969,1.3079956769943237
9030,1.0457639694213867,0.1510714888572693,0.026178255677223206,11.657771110534668,0.5124359130859375
9134,1.7168960571289062,0.14565406739711761,0.03275732323527336,11.156563758850098,0.67281574010849
9174,1.3689641952514648,0.29519641399383545,0.02941463328897953,11.04473876953125,0.549090564250946
9190,1.1158332824707031,0.01065096165984869,0.031019015237689018,12.312910079956055,0.36878663301467896
9196,0.5515109896659851,0.49928292632102966,0.02055544964969158,10.948373794555664,1.216894507408142
9205,0.4484425187110901,-0.10482046753168106,0.024669410660862923,13.154106140136719,0.22557984292507172
9235,-0.23975525796413422,0.009988767094910145,0.014032788574695587,11.508618354797363,0.3178360164165497
9264,-0.7297510504722595,-0.08749046921730042,0.017931101843714714,16.193784713745117,0.09815674275159836
9280,-0.996570885181427,-0.20040619373321533,0.01782963238656521,17.41461944580078,0.0044616698287427425
9295,0.9508866667747498,-0.003337399335578084,0.02511744201183319,11.165755271911621,0.3063308894634247
9301,-0.4155801236629486,-0.19603748619556427,0.02027057483792305,15.6343412399292,0.005404663272202015
9337,-1.2534565925598145,-0.19475983083248138,0.014971691183745861,16.946453094482422,0.013104247860610485
9355,1.6936609745025635,-0.07984305918216705,0.03413591906428337,11.473712921142578,0.20772705972194672
9388,-0.7941836714744568,-0.19145430624485016,0.01962020806968212,17.18617820739746,0.02445678785443306
9391,-0.638462483882904,-0.16121970117092133,0.02132490836083889,16.430070877075195,0.10883178561925888
9450,1.3051092624664307,0.01239515095949173,0.029366349801421165,11.666036605834961,0.34549257159233093
9460,-0.7925915122032166,-0.1926066130399704,0.019026117399334908,16.658496856689453,0.008294678293168545
9531,-1.1661180257797241,-0.13393020629882812,0.01630641520023346,17.35016632080078,0.07594604790210724
9563,-1.0482732057571411,-0.2004619687795639,0.019579611718654633,17.7861385345459,0.0017486572032794356
9586,0.9405946731567383,0.559711754322052,0.024271225556731224,11.325915336608887,1.3800140619277954
9594,1.7783857583999634,0.1546165496110916,0.031682055443525314,10.218610763549805,0.4979991912841797
9605,0.5913472175598145,0.04126225784420967,0.022855684161186218,12.118888854980469,0.24508361518383026
9622,1.5345255136489868,0.3780047297477722,0.031135080382227898,11.603652000427246,0.7418243288993835
9641,1.270612120628357,0.5006218552589417,0.032401684671640396,12.435721397399902,0.8007400631904602
9642,-0.6349074840545654,-0.17886251211166382,0.018122000619769096,15.4585599899292,0.043114472180604935
9649,-0.9692396521568298,-0.17073749005794525,0.016321072354912758,16.038875579833984,0.11725463718175888
9677,1.4531315565109253,0.3420310914516449,0.03491932526230812,12.436505317687988,0.4848922789096832
9698,-0.4837339520454407,-0.20033049583435059,0.0222853384912014,16.2325496673584,0.0032073974143713713
9703,-0.6073271632194519,-0.16286848485469818,0.020098766312003136,16.035484313964844,0.04227600246667862
9707,-0.34735122323036194,-0.1973603516817093,0.021708348765969276,16.200071334838867,0.007977294735610485
9729,0.6806512475013733,-0.011205612681806087,0.026100054383277893,12.514445304870605,0.3645172119140625
9746,1.7188996076583862,0.3136811852455139,0.03442024812102318,11.948994636535645,0.76348876953125
9772,1.904775619506836,0.025616733357310295,0.0336967408657074,10.339795112609863,0.424966424703598
9811,1.2178573608398438,-0.0699872300028801,0.030904000625014305,12.0247163772583,0.26098939776420593
9815,-1.1374629735946655,-0.20096127688884735,0.019931696355342865,18.23675537109375,0.0014404297107830644
9835,0.7616613507270813,0.6871216297149658,0.0252769086509943,12.177508354187012,1.91070556640625
9867,-0.49876999855041504,-0.18704251945018768,0.01984409987926483,15.402632713317871,0.02537841908633709
10014,-1.7240746021270752,-0.19933617115020752,0.015443243086338043,19.67104148864746,0.0046142577193677425
10072,0.2665764391422272,-0.14259353280067444,0.022979456931352615,13.51948070526123,0.1076274886727333
10082,-0.1790233701467514,0.04261467978358269,0.017304090782999992,13.12989330291748,0.39697572588920593
10181,0.48446837067604065,-0.05693143233656883,0.024685148149728775,13.062344551086426,0.2424056977033615
10201,1.434421420097351,-0.10902418941259384,0.030511558055877686,11.328679084777832,0.13686981797218323
10242,1.1922938823699951,-0.014595597982406616,0.02852729521691799,11.460741996765137,0.3468566834926605
10258,2.673039674758911,1.1144840717315674,0.039109278470277786,10.191471099853516,1.2479873895645142
10315,1.2971552610397339,0.3955542743206024,0.02808341197669506,10.610358238220215,1.2111495733261108
10318,0.9713335037231445,0.7128618359565735,0.029097378253936768,12.783692359924316,1.0525665283203125
10319,-2.8157973289489746,-0.201834037899971,0.010236558504402637,22.57735824584961,1.220703143189894e-05
10324,1.1065987348556519,1.0176854133605957,0.026454661041498184,11.014226913452148,1.9740501642227173
10382,-3.030421495437622,-0.20116840302944183,0.011190466582775116,24.11061668395996,0.0009887695778161287
10413,-1.341001272201538,-0.20110927522182465,0.017438536509871483,18.523967742919922,0.0011413574684411287
10432,-3.055457353591919,-0.20164167881011963,0.010123995132744312,23.86294174194336,0.00010986328561557457
10471,-1.2880340814590454,-0.20172233879566193,0.01809636503458023,18.610151290893555,0.00022125244140625
10509,-2.6782166957855225,-0.20178250968456268,0.011773084290325642,22.637052536010742,7.324219041038305e-05
10515,0.03151923418045044,-0.17090393602848053,0.023728663101792336,14.972192764282227,0.0341796875
10542,1.415018081665039,-0.036502670496702194,0.03414883464574814,12.40011978149414,0.256582647562027
10549,-2.2800729274749756,-0.2018119841814041,0.013451970182359219,21.563156127929688,8.544921729480848e-05
10555,-1.1000375747680664,-0.19888101518154144,0.01685388945043087,17.05420684814453,0.0068725585006177425
10597,0.4118053913116455,0.04439739137887955,0.021165767684578896,11.725115776062012,0.5020790100097656
10632,-0.5780479907989502,-0.1917640119791031,0.019298294559121132,15.639228820800781,0.0167236328125
10657,0.857814610004425,0.2804912030696869,0.021367834880948067,10.255210876464844,0.7119232416152954
10668,-0.743122935295105,-0.18651002645492554,0.018862789496779442,16.85494041442871,0.01647338829934597
10670,1.3966675996780396,0.0501825213432312,0.030569611117243767,11.164167404174805,0.5432831048965454
10709,-0.9180960059165955,-0.19185276329517365,0.017047928646206856,16.351118087768555,0.012265014462172985
10710,-1.6917644739151,-0.20136988162994385,0.016113754361867905,19.102933883666992,0.0008537292596884072
10726,0.5334743857383728,0.4289627969264984,0.022975772619247437,12.319056510925293,0.8574028015136719
10740,0.6922817230224609,-0.16409426927566528,0.02901134453713894,13.42138957977295,0.05013427883386612
10760,0.8247351050376892,0.18395647406578064,0.028109082952141762,13.082208633422852,0.563037097454071
10768,-1.1143444776535034,-0.20077304542064667,0.02000918984413147,18.51582908630371,0.0016387939685955644
10780,1.4926908016204834,0.17035125195980072,0.030957642942667007,11.596478462219238,0.6746109127998352
10800,-0.005109293852001429,-0.19252757728099823,0.023079726845026016,14.577203750610352,0.02238769643008709
10820,-2.2939205169677734,-0.20169775187969208,0.012420165352523327,21.214366912841797,0.0001678466796875
10835,-0.3990482985973358,-0.159184068441391,0.020561572164297104,15.181632041931152,0.07344207912683487
10862,1.607423186302185,0.19009828567504883,0.03144879266619682,10.885350227355957,0.8424820303916931
10863,-1.8877981901168823,-0.20167556405067444,0.014788913540542126,20.217714309692383,0.000152587890625
10878,-1.8698228597640991,-0.20178203284740448,0.01593935862183571,20.616596221923828,7.324219041038305e-05
10914,1.0913310050964355,0.00798664428293705,0.028315279632806778,12.298027038574219,0.3254547119140625
10921,1.6092767715454102,0.15062455832958221,0.03189970925450325,10.796984672546387,0.500134289264679
10945,0.699429452419281,0.044810306280851364,0.02530285157263279,11.805106163024902,0.581646740436554
10971,0.4721561372280121,-0.0385546050965786,0.020863903686404228,11.533005714416504,0.2799240052700043
10978,2.0381786823272705,1.8357454538345337,0.032305169850587845,9.031515121459961,3.999715566635132
10995,-2.831458806991577,-0.20184235274791718,0.012500564567744732,23.750341415405273,0.0
11016,-1.4384543895721436,-0.19993165135383606,0.0182504802942276,19.24302864074707,0.0023071288596838713
11024,1.324270248413086,-0.13762353360652924,0.030557185411453247,11.864676475524902,0.10480041801929474
11061,1.5974019765853882,0.028726885095238686,0.03492073714733124,12.462185859680176,0.27433472871780396
11062,-2.479416847229004,-0.20183518528938293,0.012541587464511395,22.026500701904297,1.220703143189894e-05
11071,-0.21897517144680023,0.21703484654426575,0.019886286929249763,14.047917366027832,0.4721832275390625
11077,1.7234724760055542,0.15777671337127686,0.034053511917591095,11.684622764587402,0.5427643060684204
11083,-1.0172289609909058,-0.1993287056684494,0.017189687117934227,17.004743576049805,0.0029174804221838713
11097,0.7289713621139526,-0.12256350368261337,0.02605378068983555,12.917189598083496,0.18352051079273224
11143,0.11806636303663254,-0.14642474055290222,0.025106048211455345,15.22571849822998,0.11651916801929474
11160,0.31157705187797546,-0.0855979174375534,0.022579891607165337,12.954638481140137,0.121795654296875
11165,-0.21910600364208221,0.7987083196640015,0.019742155447602272,14.473040580749512,2.393542528152466
11174,0.33111536502838135,-0.19030268490314484,0.025053123012185097,14.271023750305176,0.014865112490952015
11185,1.0066765546798706,-0.17789487540721893,0.029625430703163147,13.233545303344727,0.06662750244140625
11189,0.6263112425804138,-0.1071106344461441,0.028300439938902855,14.21653938293457,0.24989548325538635
11201,1.3339918851852417,0.06607808917760849,0.03104674629867077,12.51084041595459,0.6490478515625
11217,1.4320632219314575,-0.12183528393507004,0.03219557926058769,12.255997657775879,0.11201019585132599
11259,1.1871975660324097,-0.1287062019109726,0.031971536576747894,12.523744583129883,0.09418945759534836
11262,-2.584043025970459,-0.20180414617061615,0.011190434917807579,22.081462860107422,5.4931642807787284e-05
11267,-0.11412310600280762,-0.08127793669700623,0.024852894246578217,16.13739776611328,0.3206329345703125
11269,-1.1290472745895386,-0.20166385173797607,0.01905904710292816,18.28627586364746,0.0002380371151957661
11285,-2.557668924331665,-0.20270776748657227,0.012063452042639256,22.15692710876465,-0.0007797241560183465
11314,0.6345621347427368,0.38065600395202637,0.027518315240740776,13.61539363861084,0.808380126953125
11322,-2.0140390396118164,-0.20180855691432953,0.015137902460992336,20.72162628173828,7.324219041038305e-05
11376,-2.5411171913146973,-0.20184235274791718,0.01350250095129013,22.693857192993164,0.0
11405,-4.292271137237549,-0.20184235274791718,0.007711736019700766,29.019351959228516,0.0
11465,0.14772455394268036,-0.1862141340970993,0.02262362278997898,13.889988899230957,0.02916870079934597
11491,-2.457625150680542,-0.20173834264278412,0.013007650151848793,22.054529190063477,0.00022583008103538305
11513,2.4761133193969727,0.6094899773597717,0.03980884328484535,10.207220077514648,0.9487388730049133
11523,-0.09211184829473495,-0.06569191068410873,0.02306791953742504,15.528044700622559,0.14693604409694672
11530,0.7580766081809998,-0.0682544931769371,0.027006620541214943,12.90747356414795,0.2905731201171875
11536,0.14313392341136932,-0.1878475397825241,0.024709552526474,15.030519485473633,0.02593994140625
11551,0.8668146133422852,-0.14723841845989227,0.025411788374185562,11.583902359008789,0.0946502685546875
11560,-0.47787150740623474,-0.1829501837491989,0.019261455163359642,15.452420234680176,0.02481689490377903
11603,0.2222491055727005,-0.15369075536727905,0.024508988484740257,15.052268028259277,0.06427917629480362
11610,-0.17896848917007446,-0.19420430064201355,0.02311810478568077,15.64695930480957,0.009408569894731045
11622,-2.3275489807128906,-0.20174257457256317,0.01096685416996479,20.273101806640625,0.00013427734666038305
11636,-0.8335366249084473,-0.20038627088069916,0.02009795419871807,17.54786491394043,0.0017669678200036287
11637,-0.1917191445827484,-0.19110572338104248,0.02316444180905819,15.588577270507812,0.02453002892434597
11662,-0.6131407618522644,-0.1979285627603531,0.022776277735829353,17.21244239807129,0.009857177734375
11701,0.29239776730537415,-0.021180009469389915,0.02277241088449955,13.93308162689209,0.16459961235523224
11712,-3.9720070362091064,-0.20184235274791718,0.008643016219139099,27.44618797302246,0.0
11722,0.18690575659275055,-0.11636974662542343,0.02353629283607006,14.980513572692871,0.0663909912109375
11723,2.9662680625915527,1.7837871313095093,0.04027136415243149,9.229888916015625,3.025103807449341
11770,0.29935112595558167,-0.12516027688980103,0.02425207756459713,14.096038818359375,0.14646302163600922
11826,-0.09978731721639633,-0.14816927909851074,0.020511901006102562,14.098703384399414,0.062530517578125
11847,1.0410836935043335,0.04675101861357689,0.026911664754152298,12.244552612304688,0.267852783203125
11852,-0.2755719721317291,-0.19151076674461365,0.021754151210188866,15.487398147583008,0.025054931640625
11853,0.6143550276756287,0.48661962151527405,0.028111664578318596,14.454089164733887,1.0815460681915283
11854,0.24147598445415497,0.01837836019694805,0.021881038323044777,13.219240188598633,0.299826055765152
11861,-2.1671688556671143,-0.20170347392559052,0.01476880069822073,21.37433433532715,0.00012817383685614914
11893,-3.4803528785705566,-0.20184235274791718,0.009631764143705368,25.664203643798828,0.0
11905,-0.048063308000564575,-0.19217057526111603,0.0223813708871603,14.95664119720459,0.00994186382740736
11928,-0.4423711895942688,-0.16470879316329956,0.020464882254600525,15.769472122192383,0.07195434719324112
11953,0.273619681596756,-0.18779581785202026,0.026570627465844154,14.927423477172852,0.015255737118422985
11988,1.6078637838363647,-0.12673257291316986,0.03349995240569115,11.283071517944336,0.156056210398674
11995,-2.2791545391082764,-0.2017965167760849,0.01384455431252718,21.721473693847656,8.544921729480848e-05
12005,-1.4909285306930542,-0.2014591246843338,0.015377471223473549,18.447750091552734,0.0009429931524209678
12068,-0.306234210729599,-0.18764550983905792,0.02328738570213318,16.258413314819336,0.037356186658144
12082,-0.24515585601329803,-0.10723473131656647,0.020097533240914345,14.73046588897705,0.16719666123390198
12089,-0.7208759784698486,0.019587015733122826,0.018943455070257187,16.431072235107422,0.5979690551757812
12119,-0.13230101764202118,-0.15931345522403717,0.020431075245141983,13.684576988220215,0.04537658765912056
12144,0.74997478723526,0.00877603329718113,0.024787595495581627,11.948288917541504,0.23759765923023224
12177,0.7697111368179321,-0.019023321568965912,0.02650555968284607,12.317073822021484,0.30131226778030396
12184,0.1260051131248474,-0.12864354252815247,0.022296050563454628,13.931979179382324,0.1421356201171875
12198,0.864482045173645,-0.13187693059444427,0.02854459546506405,12.857019424438477,0.09067535400390625
12223,1.2995752096176147,-0.011985226534307003,0.03582707419991493,13.621281623840332,0.24597778916358948
12239,-2.9890007972717285,-0.20184235274791718,0.012026652693748474,24.228300094604492,0.0
12281,-3.9203782081604004,-0.20184235274791718,0.008562229573726654,27.13490104675293,0.0
12290,-0.5213465094566345,-0.19728481769561768,0.020515670999884605,15.985713005065918,0.008197021670639515
12300,0.5726060271263123,-0.16537751257419586,0.025282157585024834,13.316329956054688,0.05847778543829918
12310,-2.3256592750549316,-0.20170770585536957,0.012541696429252625,21.36674690246582,8.544921729480848e-05
12322,-2.2657575607299805,-0.20051951706409454,0.013800844550132751,21.175735473632812,0.0013549805153161287
12326,1.2466022968292236,0.0353824757039547,0.030341792851686478,12.079595565795898,0.273306280374527
12330,-0.4190594255924225,-0.16599629819393158,0.01994992233812809,14.896463394165039,0.05614354833960533
12341,-1.4127405881881714,-0.20141355693340302,0.015483163297176361,18.237279891967773,0.0005340576171875
12390,-1.7491343021392822,-0.18959760665893555,0.014425860717892647,19.199508666992188,0.03373413160443306
12468,0.07703141868114471,-0.1815996766090393,0.02454984001815319,15.129402160644531,0.02794494666159153
12480,-0.2611616551876068,-0.19947488605976105,0.021782362833619118,15.734431266784668,0.004040527623146772
12485,1.7358444929122925,0.1395961493253708,0.033009547740221024,11.573704719543457,0.39839479327201843
12488,0.31859090924263,-0.14015719294548035,0.022633474320173264,13.242547988891602,0.11391448974609375
12514,-3.8798909187316895,-0.20184235274791718,0.009138297289609909,27.26214599609375,0.0
12515,-0.1156240925192833,-0.13653303682804108,0.02177233062684536,14.578842163085938,0.13145028054714203
12532,1.3085312843322754,0.17896917462348938,0.025381986051797867,9.31931209564209,0.5226852297782898
12569,0.2063586562871933,-0.18048588931560516,0.025394225493073463,14.749274253845215,0.031359102576971054
12571,-0.7400534152984619,-0.19905073940753937,0.01779244653880596,16.308969497680664,0.0030517578125
12573,1.0822035074234009,0.16738261282444,0.030019938945770264,12.827096939086914,0.9903503656387329
12581,-1.5599138736724854,-0.2000569850206375,0.01577284000813961,19.013534545898438,0.0019470214610919356
12593,-3.5299229621887207,-0.20184235274791718,0.0106819411739707,26.280073165893555,0.0
12621,-3.0989465713500977,-0.20184235274791718,0.01055521983653307,24.24452781677246,0.0
12630,-0.9937689900398254,-0.2006710022687912,0.017943134531378746,17.349212646484375,0.0015319824451580644
12649,1.085638403892517,0.06697919964790344,0.027665937319397926,11.540875434875488,0.34640809893608093
12652,0.7058414220809937,-0.06280463188886642,0.028578588739037514,13.926065444946289,0.11543884128332138
12682,0.5707744359970093,-0.05064895749092102,0.024930445477366447,12.767369270324707,0.3724121153354645
12686,0.5967456698417664,0.13958537578582764,0.02459435723721981,12.532522201538086,0.324349969625473
12687,0.9336139559745789,-0.06884642690420151,0.02805843949317932,13.05561351776123,0.22581176459789276
12696,-3.2297329902648926,-0.20184235274791718,0.010393708944320679,24.67500114440918,0.0
12701,1.021855354309082,-0.1846105456352234,0.029079759493470192,12.809996604919434,0.02557067945599556
12728,-0.6300153136253357,-0.18109209835529327,0.0192304328083992,16.065265655517578,0.02180786244571209
12768,0.1234184131026268,-0.15712253749370575,0.022735847160220146,14.636778831481934,0.04992065578699112
12791,0.7798097133636475,-0.18700392544269562,0.030621573328971863,14.047131538391113,0.01810760609805584
12825,0.9588901400566101,0.5155146718025208,0.027150535956025124,11.713319778442383,1.5667724609375
12829,-2.103328227996826,-0.20179425179958344,0.013999998569488525,20.8549861907959,8.544921729480848e-05
12832,0.5687145590782166,0.17008215188980103,0.027806852012872696,14.020506858825684,0.33810120820999146
12851,-1.513494849205017,-0.20179437100887299,0.015681488439440727,18.845298767089844,9.765625145519152e-05
12890,0.9070831537246704,-0.16025768220424652,0.028080610558390617,12.867668151855469,0.07607269287109375
12908,1.1534396409988403,0.2098396122455597,0.02949448488652706,11.786502838134766,0.8787063956260681
12913,0.12087657302618027,0.11574269831180573,0.02400277741253376,14.488520622253418,0.680773913860321
12931,-3.972907304763794,-0.20184235274791718,0.008459426462650299,27.5946102142334,0.0
12937,0.7212359309196472,-0.13057957589626312,0.02711537480354309,13.15225887298584,0.13981018960475922
12962,0.32238346338272095,-0.08331870287656784,0.024176588281989098,13.818989753723145,0.166900634765625
12974,1.0074065923690796,-0.04122798144817352,0.03295781463384628,13.475531578063965,0.21809081733226776
13045,-0.3362686038017273,-0.31453952193260193,0.019890371710062027,15.21435260772705,-0.09419822692871094
13048,-0.639035165309906,-0.18764972686767578,0.018123585730791092,15.571548461914062,0.01564941368997097
13097,1.4956778287887573,-0.008563629351556301,0.032028064131736755,11.406981468200684,0.3012283444404602
13111,-1.842606782913208,-0.20002590119838715,0.013720457442104816,19.297332763671875,0.005627441685646772
13112,-3.2839252948760986,-0.20184235274791718,0.009197387844324112,24.363189697265625,0.0
13142,-3.0929508209228516,-0.2018379271030426,0.009671119973063469,23.668134689331055,1.220703143189894e-05
13151,1.4178303480148315,0.2529541850090027,0.035374417901039124,13.039969444274902,0.45064088702201843
13161,0.7225964665412903,-0.116907499730587,0.025595372542738914,13.183631896972656,0.14563293755054474
13173,1.887377381324768,0.18865250051021576,0.03219275921583176,10.277257919311523,0.5747162103652954
13187,-2.515298843383789,-0.20182514190673828,0.012639082968235016,22.226505279541016,1.831054760259576e-05
13203,-1.4708093404769897,-0.20162716507911682,0.01642022281885147,18.864160537719727,0.0004760742303915322
13246,-0.002510181162506342,-0.1436433345079422,0.019918356090784073,13.330451011657715,0.10468139499425888
13249,-0.7312948107719421,-0.19664430618286133,0.017960181459784508,16.19966697692871,0.0076049803756177425
13257,1.3561737537384033,0.006089857313781977,0.032067399471998215,11.455571174621582,0.4294265806674957
13283,2.250105619430542,1.5392146110534668,0.03720032423734665,10.122030258178711,1.967315673828125
13285,1.1280708312988281,-0.03033483400940895,0.030486280098557472,12.552334785461426,0.25579833984375
13288,0.5951558351516724,0.031449925154447556,0.024851523339748383,12.65498161315918,0.3281509578227997
13345,-0.9376525282859802,-0.1996297687292099,0.01856728456914425,17.312665939331055,0.003820800920948386
13375,-0.625109851360321,-0.13056664168834686,0.019745057448744774,16.045146942138672,0.11014404147863388
13387,0.5254414081573486,-0.16551810503005981,0.02566094696521759,13.73865795135498,0.0529937744140625
13411,0.8925197720527649,0.0869641825556755,0.028734693303704262,12.895362854003906,0.33485719561576843
13456,-0.5152561068534851,-0.19462713599205017,0.01981046423316002,15.835288047790527,0.0067657469771802425
13532,1.593575358390808,0.2750725746154785,0.029072845354676247,9.904550552368164,0.679595947265625
13548,0.4600495398044586,-0.07626183331012726,0.022847674787044525,12.116259574890137,0.2411651611328125
13592,0.02670779824256897,-0.011692865751683712,0.023489980027079582,14.685518264770508,0.4968208372592926
13598,0.7638647556304932,0.3151448667049408,0.025436988100409508,11.80346965789795,1.9464889764785767
13604,0.02982170693576336,-0.1095290333032608,0.02003122679889202,13.620368003845215,0.10362549126148224
13610,-2.2193613052368164,-0.20132975280284882,0.014242412522435188,21.628095626831055,0.0014129638439044356
13676,-0.09410730749368668,-0.19147354364395142,0.0235426127910614,15.247515678405762,0.01859435997903347
13689,1.366159439086914,-0.03989623859524727,0.03112952969968319,11.933443069458008,0.17897720634937286
13721,-0.7015625238418579,-0.20124326646327972,0.02048278972506523,17.354291915893555,0.0007812500116415322
13773,0.4951460063457489,0.015880413353443146,0.02491937205195427,13.475947380065918,0.59014892578125
13792,-0.9785149693489075,-0.173238605260849,0.020640021190047264,18.273754119873047,0.02991638146340847
13842,0.8670880198478699,-0.11534718424081802,0.02904529683291912,13.70347785949707,0.10856933891773224
13885,-1.4171642065048218,-0.20094089210033417,0.01610516756772995,18.942493438720703,0.002685546875
13911,-0.08261307328939438,-0.11013372242450714,0.0198032446205616,13.780916213989258,0.15462951362133026
13926,1.3258633613586426,-0.12602654099464417,0.031821172684431076,12.244110107421875,0.1310577392578125
13930,1.9676140546798706,1.194013237953186,0.03568123281002045,11.230965614318848,1.541803002357483
13948,1.5675958395004272,0.7120591402053833,0.03477557748556137,12.535616874694824,1.0241256952285767
13980,0.6063191294670105,0.1517203450202942,0.025782112032175064,12.636277198791504,0.41578370332717896
13983,-1.5742729902267456,-0.19749633967876434,0.016385339200496674,19.76640510559082,0.004077148623764515
13998,-1.8998774290084839,-0.2016628086566925,0.014527395367622375,19.921850204467773,0.0003173828299622983
14015,0.34528085589408875,-0.1854398101568222,0.025227973237633705,13.726386070251465,0.03070068359375
14033,-0.314153790473938,-0.14110778272151947,0.021786311641335487,15.535028457641602,0.14149780571460724
14034,1.6510660648345947,0.25547727942466736,0.03069177269935608,10.290436744689941,0.776074230670929
14076,-1.4169204235076904,-0.19700759649276733,0.01637306436896324,18.609189987182617,0.013037062250077724
14103,-0.021584076806902885,-0.16927440464496613,0.020948806777596474,13.75780963897705,0.05820312723517418
14119,1.8471202850341797,0.6933724284172058,0.031343016773462296,9.487853050231934,1.4984711408615112
14184,-1.0602049827575684,-0.201546773314476,0.01974606327712536,18.49027442932129,0.0004302978632040322
14185,-0.4067027270793915,0.1050056740641594,0.01884043961763382,14.910151481628418,0.3320159912109375
14223,-3.046069383621216,-0.20184235274791718,0.011556609533727169,24.392004013061523,0.0
14246,-2.096237897872925,-0.20179243385791779,0.01419871486723423,20.88459587097168,0.000148773193359375
14259,-0.04250367358326912,-0.1954171061515808,0.02303433045744896,15.661026000976562,0.009368896484375
14273,-0.11265267431735992,-0.1266310065984726,0.02035543881356716,14.214863777160645,0.08390197902917862
14276,0.9313594698905945,-0.13825584948062897,0.026553666219115257,11.93455982208252,0.09337768703699112
14298,-3.515528917312622,-0.20184235274791718,0.009126076474785805,25.515928268432617,0.0
14320,0.05081753805279732,-0.17102839052677155,0.025319604203104973,15.20179271697998,0.05710449442267418
14355,0.31589075922966003,0.207541823387146,0.02237197570502758,12.692500114440918,1.443379282951355
14366,-2.1578612327575684,-0.20168231427669525,0.013609275221824646,20.72066307067871,0.000244140625
14465,0.13037434220314026,-0.17462222278118134,0.023290397599339485,14.253340721130371,0.04989318922162056
14530,0.8746410608291626,0.17251841723918915,0.028825003653764725,13.379561424255371,0.42014771699905396
14533,-0.08461009711027145,-0.14421363174915314,0.023154189810156822,14.721997261047363,0.10228119045495987
14570,0.27582064270973206,-0.1517460197210312,0.02315003052353859,13.47661304473877,0.07441406697034836
14579,0.17818665504455566,0.027859270572662354,0.021158698946237564,13.207551956176758,0.391122430562973
14632,2.138308048248291,1.2650474309921265,0.035395313054323196,9.615872383117676,3.3012101650238037
14650,-0.46323680877685547,-0.17457355558872223,0.020762044936418533,16.199602127075195,0.028289794921875
14669,-0.8587304353713989,-0.1949215978384018,0.01798149384558201,17.054492950439453,0.0070953369140625
14673,0.8155364394187927,-0.003542322665452957,0.02692466415464878,12.78196907043457,0.18932190537452698
14681,0.3356693685054779,-0.0744170993566513,0.022130263969302177,12.738990783691406,0.19840088486671448
14707,-0.6490864157676697,-0.1987110823392868,0.022853191941976547,17.42015838623047,0.00848999060690403
14724,1.8005952835083008,0.1680537909269333,0.03489721566438675,11.33217716217041,0.6491333246231079
14734,0.3805631995201111,-0.1907074898481369,0.025298545137047768,14.163130760192871,0.022003937512636185
14748,-0.9264155626296997,-0.20152585208415985,0.01844276860356331,17.351102828979492,0.0005432129255495965
14750,-2.4688565731048584,-0.20180995762348175,0.011735900305211544,21.454763412475586,3.356933666509576e-05
14760,0.25647854804992676,0.7000356912612915,0.02367759868502617,13.826205253601074,3.799163818359375
14762,0.20383238792419434,0.37020036578178406,0.02372947335243225,13.901626586914062,0.9684204459190369
14791,1.651733636856079,0.13031096756458282,0.030543183907866478,10.798812866210938,0.8899750113487244
14792,-1.54889976978302,-0.2000156193971634,0.016983039677143097,19.59556007385254,0.003210449358448386
14797,-0.9157881736755371,-0.1597159206867218,0.017901575192809105,16.444120407104492,0.10675659030675888
14841,0.3498641550540924,-0.17794160544872284,0.024785134941339493,14.046809196472168,0.0361328125
14875,0.8257052302360535,0.07898341119289398,0.025040432810783386,11.258899688720703,0.37575989961624146
14896,-2.5911030769348145,-0.20184235274791718,0.012884845025837421,22.946012496948242,0.0
14908,0.9125286936759949,0.5209956169128418,0.027137158438563347,12.541661262512207,1.4396179914474487
14929,1.7648957967758179,-0.00991014949977398,0.03605689853429794,11.991660118103027,0.24703370034694672
14931,-0.9206752777099609,-0.2010311335325241,0.01763421669602394,16.623685836791992,0.0020641328301280737
14932,-2.5442073345184326,-0.20181851089000702,0.012183407321572304,22.28564453125,2.441406286379788e-05
14961,0.173747718334198,-0.1909325271844864,0.023186495527625084,14.077670097351074,0.01853637769818306
14963,1.2377219200134277,-0.010615606792271137,0.026865769177675247,10.76219654083252,0.47349855303764343
14965,1.4904650449752808,1.2304421663284302,0.028577907010912895,10.028145790100098,2.3543808460235596
14975,-1.6920002698898315,-0.20119614899158478,0.015533655881881714,19.780534744262695,0.0014282226329669356
14992,1.2769864797592163,0.008224028162658215,0.02940342389047146,11.751665115356445,0.5216705203056335
15019,-1.4439674615859985,-0.20144934952259064,0.018180616199970245,19.35249137878418,0.0009399414411745965
15089,0.3157244026660919,-0.11350983381271362,0.02426230162382126,13.919928550720215,0.20070114731788635
15130,-0.31506094336509705,-0.1991492658853531,0.022322263568639755,15.9268217086792,0.0048126219771802425
15166,-0.2717701494693756,-0.18181537091732025,0.02089647948741913,15.60045337677002,0.02080078236758709
15213,1.6319602727890015,0.22614994645118713,0.029929492622613907,10.293150901794434,0.64910888671875
15233,1.5252408981323242,0.44968900084495544,0.03146270290017128,11.099455833435059,1.1449158191680908
15257,1.53959321975708,-0.01886294223368168,0.03268545866012573,11.699271202087402,0.29700013995170593
15293,-0.008294039405882359,-0.19232182204723358,0.023990614339709282,15.533337593078613,0.00989379920065403
15340,-0.8439624905586243,0.060683734714984894,0.020953616127371788,17.920522689819336,0.3719543516635895
15362,-0.023051191121339798,-0.18428510427474976,0.02355014719069004,15.21027660369873,0.02103881910443306
15370,-0.604486882686615,-0.1992449015378952,0.01995369791984558,16.390901565551758,0.0032440186478197575
15393,0.8693933486938477,0.40842205286026,0.028647366911172867,12.957112312316895,1.1910446882247925
15431,1.5806330442428589,1.5291613340377808,0.03171258792281151,11.323251724243164,3.1121811866760254
15475,1.5878736972808838,-0.03498154506087303,0.03262726590037346,12.329150199890137,0.19265441596508026
15485,-0.7736780047416687,-0.20055146515369415,0.017830435186624527,16.355985641479492,0.001220703125
15488,0.8513475656509399,0.047870900481939316,0.026148146018385887,12.194607734680176,0.2751007080078125
15527,1.6475566625595093,0.2498386651277542,0.030232593417167664,10.68068790435791,0.5605316162109375
15549,0.569664478302002,0.7897582054138184,0.02167769894003868,11.1837797164917,0.965045154094696
15556,-1.380074381828308,-0.20167219638824463,0.01607350818812847,18.382713317871094,0.0002532959042582661
15575,-0.3833078444004059,-0.18530571460723877,0.02116975001990795,15.6892671585083,0.02261962927877903
15591,-1.384904384613037,-0.19575530290603638,0.014784030616283417,17.526138305664062,0.01564331166446209
15606,0.7269702553749084,-0.18163006007671356,0.027352333068847656,13.4100341796875,0.02506561391055584
15672,1.5090115070343018,0.1593504101037979,0.03246486559510231,11.723925590515137,0.6507949829101562
15701,1.9300594329833984,0.5918833017349243,0.03421198949217796,10.724367141723633,0.9971923828125
15709,1.0325709581375122,0.4820809066295624,0.02790229581296444,12.599870681762695,2.768035888671875
15713,0.9285115599632263,-0.14619962871074677,0.03120696358382702,13.642318725585938,0.1066436767578125
15724,0.07240970432758331,-0.14169439673423767,0.021230824291706085,13.616290092468262,0.06968078762292862
15728,-0.1323908418416977,-0.060960281640291214,0.02402411215007305,15.556300163269043,0.1424407958984375
15736,1.4907701015472412,0.01779032126069069,0.03214900940656662,11.785273551940918,0.3077636659145355
15774,1.9984077215194702,0.29722562432289124,0.03365076333284378,10.559454917907715,0.808026134967804
15775,1.2878793478012085,-0.018817340955138206,0.029541973024606705,11.756253242492676,0.344839483499527
15808,1.2496534585952759,0.1846824288368225,0.033389557152986526,13.144449234008789,1.034429907798767
15862,2.0640389919281006,0.6382307410240173,0.03262597322463989,9.779868125915527,1.1798676252365112
15898,2.3918302059173584,0.5579186081886292,0.03744126483798027,9.771209716796875,0.9558197259902954
15939,-1.7020673751831055,-0.19863839447498322,0.015915198251605034,19.62820816040039,0.0032897950150072575
15952,2.0235211849212646,0.20882128179073334,0.03357967361807823,10.878931999206543,0.40523988008499146
15968,0.07708337157964706,-0.1516612321138382,0.023938782513141632,14.88658332824707,0.09694518893957138
15973,1.0008753538131714,-0.03243293985724449,0.024864524602890015,11.059710502624512,0.23630371689796448
15980,-2.556995153427124,-0.20184235274791718,0.012127632275223732,21.948381423950195,0.0
15985,1.7531870603561401,0.518937349319458,0.03513224422931671,11.94206714630127,1.0967117547988892
15987,2.306957483291626,0.49362078309059143,0.036307837814092636,10.012441635131836,0.8891441226005554
15989,0.9756869673728943,-0.04060939699411392,0.028118545189499855,12.615765571594238,0.24825440347194672
16047,-0.446321576833725,-0.1968379020690918,0.021277448162436485,16.16766929626465,0.007588196080178022
16079,0.2946420907974243,0.5017245411872864,0.026678279042243958,15.04965877532959,0.9908661246299744
16098,1.6673229932785034,0.08267100155353546,0.032500721514225006,11.25860595703125,0.4815917909145355
16168,0.20192551612854004,-0.17524553835391998,0.024721328169107437,14.67248821258545,0.03310241922736168
16185,-0.09825287759304047,-0.16054190695285797,0.02078894153237343,14.10375690460205,0.06354675441980362
16188,-2.8560409545898438,-0.20184235274791718,0.010476377792656422,22.669858932495117,0.0
16199,-2.1493279933929443,-0.2016967386007309,0.01433832198381424,20.947751998901367,0.0005981445428915322
16236,-0.6398652195930481,-0.17125895619392395,0.01883612386882305,15.797331809997559,0.03469238430261612
16269,-1.9151604175567627,-0.20172441005706787,0.014301843009889126,20.16954231262207,0.0001464843808207661
16270,0.0898861289024353,-0.10209359973669052,0.020102499052882195,12.991591453552246,0.25339967012405396
16277,-1.0263537168502808,-0.198068305850029,0.01789797842502594,17.622833251953125,0.00787963904440403
16291,-2.1213502883911133,-0.2018253356218338,0.014629095792770386,21.081459045410156,1.831054760259576e-05
16351,0.648365318775177,0.040806856006383896,0.026056131348013878,13.787559509277344,0.3230346739292145
16377,-2.341686487197876,-0.20183663070201874,0.013835571706295013,22.19972801208496,1.220703143189894e-05
16403,2.0264201164245605,0.16091059148311615,0.036472778767347336,10.781087875366211,0.605822741985321
16419,-1.4300206899642944,-0.20174074172973633,0.01680019684135914,18.826581954956055,0.00017547607421875
16436,-1.109686255455017,-0.20178024470806122,0.019231388345360756,18.47517967224121,0.00010375976853538305
16444,-1.4099844694137573,-0.20124851167201996,0.014633814804255962,17.98723602294922,0.001254272530786693
16453,1.221240758895874,0.003426676383242011,0.031755298376083374,12.214308738708496,0.5336410403251648
16459,2.5671920776367188,0.23236384987831116,0.03980277106165886,10.094594955444336,0.568737804889679
16494,0.3835926353931427,-0.10207642614841461,0.02452556975185871,13.713129997253418,0.13676147162914276
16510,0.03552877530455589,-0.191018745303154,0.02295592986047268,14.552336692810059,0.01800994947552681
16534,2.2281317710876465,0.4788408875465393,0.03793496638536453,10.483073234558105,1.35308837890625
16544,-3.193711042404175,-0.2018366903066635,0.008242624811828136,23.1379451751709,2.441406286379788e-05
16560,1.523678183555603,-0.03516542911529541,0.031816352158784866,11.297027587890625,0.303671270608902
16566,1.949480414390564,0.42299142479896545,0.035916972905397415,11.117594718933105,1.0509796142578125
16580,0.6418926119804382,-0.1011795923113823,0.02572052739560604,13.008213996887207,0.20761719346046448
16610,-2.273857831954956,-0.2018265724182129,0.012394340708851814,20.909286499023438,4.272460864740424e-05
16623,1.1878231763839722,0.05244443565607071,0.03198667988181114,12.718012809753418,0.6010467410087585
16658,-0.4306122958660126,-0.19440321624279022,0.019079728052020073,15.599902153015137,0.01035156287252903
16698,0.8713221549987793,-0.04998142272233963,0.025965655222535133,12.170184135437012,0.3476196229457855
16701,-3.1926450729370117,-0.20184235274791718,0.00961284153163433,24.437604904174805,0.0
16741,0.47973737120628357,0.3881540596485138,0.025245074182748795,13.699048042297363,0.589123547077179
16748,-2.122886896133423,-0.20167003571987152,0.013892336748540401,20.791791915893555,0.0002624511835165322
16767,0.048368003219366074,0.3584148585796356,0.020273497328162193,13.210082054138184,1.15234375
16771,0.6113216280937195,0.9024969935417175,0.023247413337230682,11.555459976196289,2.6098053455352783
16781,-3.206041097640991,-0.20183663070201874,0.01074916310608387,24.88688087463379,1.220703143189894e-05
16798,1.0973786115646362,0.1511106789112091,0.030200649052858353,12.436232566833496,0.5086120963096619
16799,-2.312633991241455,-0.2018251270055771,0.012232876382768154,20.815406799316406,2.441406286379788e-05
16859,-0.4322522282600403,-0.1917928159236908,0.02170153148472309,16.452346801757812,0.01638183556497097
16873,-0.1573459953069687,-0.14531566202640533,0.02344006486237049,15.420694351196289,0.09743042290210724
16886,-2.615020990371704,-0.20179736614227295,0.013066320680081844,22.91511344909668,4.882812572759576e-05
16899,0.6267555356025696,-0.15995100140571594,0.028553912416100502,13.886804580688477,0.07710571587085724
16931,-2.6967458724975586,-0.20183227956295013,0.011871199123561382,22.64141082763672,1.52587890625e-05
16933,-1.5384680032730103,-0.20127403736114502,0.015522372908890247,18.66720962524414,0.0010803223121911287
16934,-0.11497025936841965,-0.15159659087657928,0.021893789991736412,15.034392356872559,0.05071411281824112
16949,0.31421971321105957,-0.14277103543281555,0.02555142715573311,14.3593168258667,0.13364867866039276
16969,-0.5288929343223572,-0.1998182088136673,0.021615205332636833,16.731718063354492,0.0029174804221838713
16979,1.0447765588760376,-0.0266155656427145,0.025793511420488358,10.954110145568848,0.2677001953125
17006,0.8292834162712097,-0.13567066192626953,0.02707315981388092,12.524762153625488,0.1452663391828537
17027,0.028424693271517754,-0.08862721174955368,0.021862829104065895,14.539520263671875,0.127299502491951
17055,-0.38522905111312866,-0.1986677050590515,0.02421296387910843,16.632612228393555,0.006976318545639515
17065,0.5733199119567871,0.5670961737632751,0.024380793794989586,12.640395164489746,0.6124359369277954
17094,0.8724994659423828,-0.16224311292171478,0.02698977291584015,12.653531074523926,0.07372436672449112
17102,-3.404257297515869,-0.20183663070201874,0.009212855249643326,24.975988388061523,1.220703143189894e-05
17141,1.6613095998764038,1.08781898021698,0.028995363041758537,9.281464576721191,2.0575051307678223
17148,-1.667189598083496,-0.18791118264198303,0.014876829460263252,19.669897079467773,0.011810302734375
17152,1.1357563734054565,0.011546147987246513,0.031263235956430435,13.277142524719238,0.4435379207134247
17175,1.2079949378967285,-0.02410968206822872,0.029313981533050537,11.999894142150879,0.2521530091762543
17189,-1.5444220304489136,-0.1675710380077362,0.017133323475718498,19.390005111694336,0.083099365234375
17259,1.189085841178894,0.12769320607185364,0.028157785534858704,11.936595916748047,0.358285516500473
17306,0.2766980826854706,0.20793907344341278,0.01998758688569069,11.631300926208496,0.5237106680870056
17315,-0.8140501379966736,-0.19164133071899414,0.019204700365662575,16.78817367553711,0.02579956129193306
17358,1.2067269086837769,0.22745151817798615,0.026204755529761314,10.138056755065918,0.7098053097724915
17368,0.2689421772956848,-0.063620924949646,0.023317737504839897,13.863471031188965,0.22939758002758026
17376,0.936286449432373,-0.13582859933376312,0.030597880482673645,13.863199234008789,0.1516067534685135
17388,0.8243175745010376,-0.06756290793418884,0.0253278911113739,11.553533554077148,0.2286941558122635
17392,1.7107800245285034,1.1055656671524048,0.029539192095398903,9.445623397827148,1.865808129310608
17399,-2.3422064781188965,-0.2018260806798935,0.011856266297399998,20.876745223999023,2.441406286379788e-05
17493,0.0686454102396965,-0.17416450381278992,0.022429751232266426,14.246009826660156,0.08423157036304474
17495,0.8886098861694336,-0.08845299482345581,0.025167018175125122,11.035741806030273,0.14661407470703125
17508,-2.2345619201660156,-0.2018084079027176,0.011785022914409637,20.19655418395996,7.934570749057457e-05
17518,0.7743034362792969,-0.10534494370222092,0.0273424182087183,12.506671905517578,0.1721450835466385
17527,-2.008838176727295,-0.17770135402679443,0.012226280756294727,19.446699142456055,0.02650146558880806
17528,1.2628883123397827,0.90742027759552,0.02760012447834015,10.983366966247559,1.4000656604766846
17591,2.0029990673065186,0.3352958858013153,0.036015111953020096,10.632468223571777,1.1623505353927612
17595,-2.9011166095733643,-0.20137420296669006,0.013100135140120983,24.077075958251953,0.00079345703125
17599,1.9137203693389893,0.22835293412208557,0.034956175833940506,11.023122787475586,0.6162506341934204
17612,0.7559370398521423,0.10570354759693146,0.02520306408405304,11.697402000427246,0.4613586366176605
17619,-2.7976255416870117,-0.20183801651000977,0.011358359828591347,23.266942977905273,1.220703143189894e-05
17659,-2.8602302074432373,-0.20184235274791718,0.011928590945899487,23.61787223815918,0.0
17670,-0.6322013735771179,-0.04313633590936661,0.01669546216726303,14.697809219360352,0.383352667093277
17733,0.24908609688282013,0.13405609130859375,0.023951565846800804,14.008522033691406,0.6418487429618835
17780,0.5905023217201233,0.23477189242839813,0.02554205060005188,13.229898452758789,1.0128997564315796
17794,-2.604041814804077,-0.20182517170906067,0.011970195919275284,22.08478355407715,3.662109520519152e-05
17830,-1.4441032409667969,-0.2004370242357254,0.013756695203483105,17.074542999267578,0.003173828125
17833,1.111830234527588,0.4226815402507782,0.02763167954981327,12.15176773071289,1.0141922235488892
17855,-0.7924957275390625,-0.2008177787065506,0.019988058134913445,17.283857345581055,0.0013427734375
17871,-1.1740840673446655,-0.19462908804416656,0.01673012785613537,18.0288143157959,0.01156463660299778
17889,1.213086485862732,-0.0067016310058534145,0.02740432880818844,10.845560073852539,0.3032684326171875
17921,0.8663625717163086,-0.09961210936307907,0.027790382504463196,12.65074634552002,0.24340210855007172
17934,-2.7544326782226562,-0.20032882690429688,0.0121709443628788,22.994739532470703,0.0015502929454669356
18004,-0.7139517068862915,-0.18868176639080048,0.020357996225357056,17.056169509887695,0.011868285946547985
18038,-0.43430134654045105,-0.19973978400230408,0.019699720665812492,16.029401779174805,0.0022857666481286287
18059,1.578223466873169,0.10807359218597412,0.03210766240954399,11.340689659118652,0.24623718857765198
18061,-0.3498479127883911,-0.04741540178656578,0.02130221389234066,15.764657974243164,0.26883697509765625
18074,0.3401619791984558,-0.040837548673152924,0.02312750741839409,13.26171875,0.36407777667045593
18077,0.9570086598396301,0.29849523305892944,0.027711501345038414,12.262072563171387,0.9103385806083679
18121,0.7968403697013855,-0.17806226015090942,0.02777475118637085,13.348030090332031,0.03979797288775444
18128,-0.285574346780777,-0.04353808984160423,0.01803712546825409,13.614644050598145,0.4805847108364105
18131,1.0288900136947632,-0.13275514543056488,0.030908813700079918,13.25879955291748,0.11763305962085724
18150,-1.309117317199707,-0.1949663609266281,0.01613883674144745,17.554365158081055,0.009127807803452015
18151,1.7107629776000977,0.3313019871711731,0.030658090487122536,9.75244426727295,0.6978668570518494
18156,-1.8747142553329468,-0.20179009437561035,0.014953029341995716,20.378219604492188,0.0001464843808207661
18170,-3.5659148693084717,-0.20184235274791718,0.010106796398758888,26.14008903503418,0.0
18176,0.005485361907631159,0.074124775826931,0.021862542256712914,13.75615119934082,0.5190021395683289
18199,1.9979559183120728,0.052059050649404526,0.03624136373400688,10.837597846984863,0.4504501521587372
18212,1.6074917316436768,0.016792630776762962,0.03331037238240242,11.132309913635254,0.3679351806640625
18229,0.9381889700889587,-0.11208019405603409,0.029323643073439598,13.214194297790527,0.10227661579847336
18262,-1.5378659963607788,-0.20147350430488586,0.01694892905652523,19.199359893798828,0.0009582519414834678
18267,0.6934260725975037,-0.034466199576854706,0.025563612580299377,12.472996711730957,0.20875854790210724
18280,0.7967007160186768,0.034280020743608475,0.024543805047869682,11.097837448120117,0.268789678812027
18288,-0.05488938093185425,-0.12166394293308258,0.021638071164488792,14.279934883117676,0.23972168564796448
18346,1.6817883253097534,1.7402580976486206,0.032301727682352066,11.78281021118164,1.4884856939315796
18347,-1.3948463201522827,-0.19965873658657074,0.012248205952346325,16.137531280517578,0.0030395507346838713
18416,0.7321478724479675,0.011972501873970032,0.02415415644645691,11.715282440185547,0.44159242510795593
18440,-1.196192741394043,-0.200487419962883,0.017234325408935547,17.85511589050293,0.0024566650390625
18463,0.35233059525489807,-0.09363656491041183,0.026811454445123672,14.840222358703613,0.15130005776882172
18478,1.7858537435531616,-0.055305030196905136,0.03309648483991623,10.910175323486328,0.20338745415210724
18511,-3.668888807296753,-0.20184235274791718,0.009543105028569698,26.424560546875,0.0
18521,-2.600642442703247,-0.2017689198255539,0.012228860519826412,22.32037925720215,9.765625145519152e-05
18552,1.584858775138855,-0.0027251550927758217,0.03133022412657738,10.899092674255371,0.37370607256889343
18568,-2.291360378265381,-0.2016160488128662,0.014265443198382854,21.387388229370117,0.0003845214960165322
18569,0.6343197226524353,-0.09703041613101959,0.027910608798265457,13.99382495880127,0.153656005859375
18574,3.241457462310791,0.9850112199783325,0.0424087755382061,8.33653450012207,3.147322177886963
18581,1.925029993057251,0.23688076436519623,0.032993629574775696,10.6371488571167,0.6769165396690369
18587,1.101765513420105,0.6915740966796875,0.02680765651166439,11.409396171569824,3.120043992996216
18600,-1.8794790506362915,-0.20123961567878723,0.014871545135974884,19.740901947021484,0.0014770508278161287
18613,0.6867340803146362,-0.17469902336597443,0.028195012360811234,13.66590404510498,0.056884765625
18626,0.40688273310661316,-0.1457163542509079,0.023721640929579735,12.831110000610352,0.08057250827550888
18632,1.458107352256775,0.5735467076301575,0.026867492124438286,9.719987869262695,1.3326386213302612
18634,-2.5513854026794434,-0.2018280327320099,0.013121329247951508,22.640846252441406,2.441406286379788e-05
18643,-2.6803996562957764,-0.2017023116350174,0.012355336919426918,23.123809814453125,0.0003417968691792339
18685,2.097956895828247,0.649576723575592,0.035990070551633835,10.120596885681152,1.1860382556915283
18687,-0.11879894882440567,0.0031516968738287687,0.0201254952698946,14.364706993103027,0.36390992999076843
18708,2.339386463165283,0.5919044017791748,0.03785700350999832,10.448163986206055,0.7548202872276306
18714,0.4503777027130127,0.09043674170970917,0.022215165197849274,12.358453750610352,0.4068344235420227
18729,0.21260316669940948,0.04757929965853691,0.024721791967749596,14.21398639678955,0.36819154024124146
18748,0.6323555707931519,-0.13955198228359222,0.026898322626948357,13.27532958984375,0.20879821479320526
18758,0.47495004534721375,-0.1812974065542221,0.0249186921864748,13.75471019744873,0.02315979078412056
18762,1.5652793645858765,0.2231595814228058,0.03182392939925194,10.80666732788086,0.9325775504112244
18773,-0.2473929226398468,-0.1706322878599167,0.019962798804044724,14.382037162780762,0.0685630813241005
18799,-0.24301186203956604,-0.07905805855989456,0.01747073233127594,12.907666206359863,0.39800721406936646
18815,0.39024579524993896,-0.16012431681156158,0.023884091526269913,13.314650535583496,0.1064605712890625
18845,-0.8040447235107422,-0.20055623352527618,0.019405296072363853,17.1187686920166,0.0017181396251544356
18852,0.5679365396499634,-0.13060955703258514,0.025324026122689247,13.063440322875977,0.09220581501722336
18856,0.3382249176502228,-0.10737047344446182,0.025576690211892128,14.16287899017334,0.0872802734375
18873,1.1372054815292358,0.06689578294754028,0.028881767764687538,12.214330673217773,0.289276123046875
18919,-0.8016749620437622,-0.11243251711130142,0.020511215552687645,17.611474990844727,0.15224304795265198
18921,2.140476942062378,0.28307899832725525,0.03615580126643181,10.438740730285645,0.7220672965049744
18945,-0.9202979207038879,0.36202719807624817,0.014343693852424622,14.784011840820312,1.1386016607284546
18946,0.8704716563224792,0.3215157687664032,0.02646537497639656,12.360873222351074,0.8180587887763977
18958,-2.613271474838257,-0.20184235274791718,0.012090290896594524,22.634458541870117,0.0
18962,-0.661535918712616,-0.19627781212329865,0.019013524055480957,15.8674898147583,0.008349609561264515
18966,-3.67606782913208,-0.20184235274791718,0.00925650354474783,26.38372230529785,0.0
18971,-1.466779351234436,-0.19969171285629272,0.017502116039395332,19.352161407470703,0.0023742676712572575
19022,-0.8558812141418457,-0.20132355391979218,0.021850446239113808,18.197195053100586,0.0009094238630495965
19096,2.110121250152588,0.1989910900592804,0.03381950780749321,10.157880783081055,0.7582847476005554
19150,0.7929295897483826,-0.09640835225582123,0.02575240470468998,12.592568397521973,0.10193176567554474
19154,0.2712700068950653,-0.10850334167480469,0.026203665882349014,14.130121231079102,0.15391846001148224
19156,1.8913601636886597,0.9945573806762695,0.03380151093006134,10.495509147644043,1.557763695716858
19176,-0.47982057929039,-0.16359274089336395,0.020756274461746216,16.50222396850586,0.09783935546875
19177,-2.942164182662964,-0.20184235274791718,0.010800101794302464,23.45261573791504,0.0
19201,1.0492113828659058,-0.08657234907150269,0.029583020135760307,12.323206901550293,0.25712281465530396
19209,2.0438239574432373,0.4812084138393402,0.032406605780124664,9.305586814880371,1.8707488775253296
19240,-0.635989785194397,-0.0295905452221632,0.018831860274076462,15.618125915527344,0.3013854920864105
19252,2.154447555541992,0.6522024869918823,0.0341913104057312,9.611810684204102,1.0380890369415283
19271,2.1437251567840576,0.24892906844615936,0.037072353065013885,11.513714790344238,0.8194977045059204
19316,2.104856252670288,0.9365639090538025,0.03643764555454254,10.465989112854004,1.5567200183868408
19319,2.1858112812042236,0.19062821567058563,0.03934527561068535,11.313241004943848,0.5938505530357361
19334,-0.985294759273529,-0.20143385231494904,0.0200718492269516,17.898427963256836,0.0005737305036745965
19335,0.31500211358070374,-0.17280738055706024,0.02509727142751217,14.5226469039917,0.04246215894818306
19338,1.883721947669983,0.9044187664985657,0.02995719574391842,9.486798286437988,1.6565399169921875
19350,1.1320033073425293,0.40416136384010315,0.025283703580498695,10.374994277954102,0.6273468136787415
19368,0.1904303878545761,-0.14463244378566742,0.024252280592918396,14.568099021911621,0.06320574134588242
19401,-0.3361522853374481,-0.170514777302742,0.019709503278136253,14.60827350616455,0.0958709716796875
19423,-2.1194655895233154,-0.20177379250526428,0.013638178817927837,20.772979736328125,0.00011596679541980848
19434,0.35218194127082825,-0.10188760608434677,0.0235357154160738,13.404458999633789,0.1407623291015625
19459,-1.6133307218551636,-0.20114676654338837,0.013552680611610413,18.15382957458496,0.0010009765392169356
19476,0.1814727783203125,-0.11669491976499557,0.024402260780334473,14.350749015808105,0.18377839028835297
19483,0.7798897624015808,0.10503336042165756,0.024449776858091354,11.756265640258789,0.37926483154296875
19491,1.4771665334701538,0.7143180966377258,0.030470935627818108,11.333423614501953,2.0881011486053467
19524,0.7184275984764099,-0.1593000590801239,0.028540918603539467,13.69848346710205,0.04110107570886612
19537,2.763397216796875,1.892965316772461,0.04199832305312157,9.891145706176758,4.788430690765381
19561,1.658807396888733,0.15912236273288727,0.031245267018675804,10.957830429077148,0.36169740557670593
19583,-0.8822473883628845,-0.20040977001190186,0.020150505006313324,17.54353904724121,0.0034301758278161287
19595,0.6193020939826965,-0.007438626140356064,0.028539856895804405,13.62064266204834,0.283590704202652
19610,0.33596301078796387,0.10091818869113922,0.02423122525215149,13.844675064086914,0.4363521635532379
19612,1.788084864616394,0.5001057982444763,0.033635951578617096,11.04024600982666,0.9111374020576477
19623,1.1183862686157227,-0.06527001410722733,0.031207386404275894,12.97815990447998,0.15582275390625
19635,0.7452309727668762,0.4363977611064911,0.026948247104883194,12.96087646484375,0.7631500363349915
19652,2.1386666297912598,0.18693791329860687,0.036730214953422546,10.920330047607422,0.5214958190917969
19693,0.6648521423339844,-0.1501106470823288,0.026816476136446,13.207152366638184,0.082611083984375
19698,-1.6156975030899048,-0.20154114067554474,0.01722114533185959,19.620500564575195,0.0004150390741415322
19708,-2.58652400970459,-0.20180128514766693,0.012525695376098156,22.790281295776367,4.272460864740424e-05
19756,0.408034086227417,-0.03941240534186363,0.022627731785178185,12.743464469909668,0.18751831352710724
19757,0.8050678372383118,-0.02542610839009285,0.025233110412955284,11.627546310424805,0.21797791123390198
19819,0.7217426300048828,-0.08243495970964432,0.02568247728049755,12.353480339050293,0.2342987060546875
19825,-1.2262991666793823,-0.19258807599544525,0.017263298854231834,17.678504943847656,0.008151245303452015
19863,-0.0628947839140892,-0.16268207132816315,0.025255117565393448,15.70175838470459,0.09707031399011612
19889,0.22568829357624054,-0.1380975991487503,0.023951366543769836,14.085196495056152,0.1459808349609375
19892,-3.034393548965454,-0.20184235274791718,0.011551703326404095,24.278881072998047,0.0
19896,1.4463919401168823,-0.11450320482254028,0.03115987218916416,11.504584312438965,0.16094055771827698
19908,-0.40479737520217896,-0.15844206511974335,0.02018352411687374,15.505986213684082,0.06317748874425888
19925,-0.21771250665187836,-0.10526418685913086,0.02197645604610443,15.62095832824707,0.1750030517578125
19933,-2.401693105697632,-0.20180284976959229,0.012512057088315487,21.526865005493164,9.1552734375e-05
19938,-0.56965571641922,-0.18893936276435852,0.019687283784151077,15.856488227844238,0.02507629431784153
19965,-0.5857693552970886,-0.17746469378471375,0.016510140150785446,14.339131355285645,0.05321655422449112
19993,-1.0030364990234375,-0.1988457590341568,0.019117627292871475,18.010271072387695,0.004271316807717085
20001,-0.468024343252182,-0.19103826582431793,0.022083697840571404,16.548370361328125,0.01864013634622097
20053,-0.598802924156189,-0.19814260303974152,0.020797351375222206,16.554636001586914,0.006413269322365522
20066,0.704544186592102,-0.0363197922706604,0.027117598801851273,14.018017768859863,0.20823974907398224
20075,1.4792771339416504,0.1823701709508896,0.029153699055314064,10.486517906188965,0.6680817008018494
20076,0.06375422328710556,-0.0159133430570364,0.020443221554160118,12.99724292755127,0.17234496772289276
20083,-1.3479357957839966,-0.20053909718990326,0.017718860879540443,18.744909286499023,0.0015121459728106856
20084,-0.7226777672767639,-0.20070882141590118,0.02063252218067646,16.94995880126953,0.0014251709217205644
20092,-0.010228193365037441,-0.15145355463027954,0.021898744627833366,14.3253812789917,0.12224426120519638
20122,0.3834923803806305,-0.15700174868106842,0.024756358936429024,13.835929870605469,0.06995239108800888
20126,2.0769283771514893,0.018236838281154633,0.03517994284629822,10.394489288330078,0.40786439180374146
20156,-0.034744132310152054,-0.09180041402578354,0.02009068988263607,13.598396301269531,0.214569091796875
20164,0.8305191397666931,-0.16439852118492126,0.027237892150878906,12.422967910766602,0.10681762546300888
20171,2.3470966815948486,0.25446584820747375,0.03963330760598183,10.41784381866455,0.6272186636924744
20201,0.5744409561157227,-0.1449272334575653,0.026489024981856346,13.719828605651855,0.05531616136431694
20207,0.7053866982460022,-0.003201054874807596,0.02506215311586857,12.298670768737793,0.2612503170967102
20277,2.153438091278076,0.5854573845863342,0.03509488329291344,9.61562442779541,1.6339997053146362
20279,2.697136640548706,0.3894650638103485,0.03933615982532501,8.987273216247559,0.9525794982910156
20315,2.2728443145751953,0.8246283531188965,0.03365552797913551,9.994112968444824,1.3406342267990112
20322,2.02032470703125,0.183163583278656,0.03406911343336105,10.170296669006348,0.6482757925987244
20348,-1.5647395849227905,-0.20147132873535156,0.016098663210868835,19.339658737182617,0.0005828857538290322
20382,-2.3587143421173096,-0.20184235274791718,0.013520176522433758,21.83013153076172,0.0
20394,0.13826146721839905,-0.10406269878149033,0.021456947550177574,13.965578079223633,0.10235290974378586
20445,0.10781481117010117,-0.19082622230052948,0.02452198974788189,14.651878356933594,0.02758483961224556
20451,-0.0012537569273263216,-0.19153688848018646,0.02440938539803028,15.27036190032959,0.0235137939453125
20477,0.8683595061302185,-0.0592883937060833,0.027418315410614014,12.646341323852539,0.1833343505859375
20512,-0.27436408400535583,-0.1987564116716385,0.02282414399087429,15.848837852478027,0.00710296630859375
20644,0.5995892882347107,0.006557382643222809,0.024936767295002937,12.804834365844727,0.4297027587890625
20647,2.393893241882324,0.5582237243652344,0.04060739278793335,10.674159049987793,1.7308624982833862
20669,1.2101691961288452,-0.10494699329137802,0.031184738501906395,11.988078117370605,0.20856323838233948
20688,-2.119987964630127,-0.2013668268918991,0.013132142834365368,20.553476333618164,0.000701904296875
20715,-0.27478113770484924,-0.1670960634946823,0.018299497663974762,13.527688980102539,0.09612426906824112
20732,-3.933056354522705,-0.20184235274791718,0.008615677244961262,27.389541625976562,0.0
20733,0.7448899149894714,-0.13271886110305786,0.02810312807559967,13.951743125915527,0.06964111328125
20794,0.7096765637397766,-0.04220956191420555,0.023743776604533195,11.948678970336914,0.26489564776420593
20801,1.2767003774642944,0.11945686489343643,0.029084235429763794,11.24512004852295,0.712756335735321
20807,-0.6673210859298706,-0.19790813326835632,0.018714362755417824,16.11992835998535,0.004458618350327015
20809,0.5353538393974304,-0.10825305432081223,0.02709481678903103,13.828930854797363,0.14736175537109375
20837,0.25331684947013855,-0.16819067299365997,0.02591165341436863,14.488247871398926,0.07287444919347763
20860,0.501518964767456,-0.1688614785671234,0.02592512033879757,13.77649211883545,0.06841888278722763
20905,1.795357584953308,0.34246766567230225,0.03322137892246246,11.061245918273926,0.6603973507881165
20938,-0.056028854101896286,-0.1485937088727951,0.021122513338923454,14.3638277053833,0.1411842405796051
20939,1.4427993297576904,-0.02406821772456169,0.03136578947305679,12.06410026550293,0.21429137885570526
20940,0.638591468334198,0.1223469153046608,0.025860419496893883,12.67526626586914,0.5197173953056335
20982,1.1936436891555786,0.1905839890241623,0.027256418019533157,11.154694557189941,0.5243240594863892
20991,-0.4001677632331848,-0.1920708864927292,0.019764265045523643,15.005914688110352,0.01197052001953125
21006,0.9858774542808533,-0.12215423583984375,0.029299361631274223,12.721041679382324,0.10251770168542862
21009,0.9236998558044434,0.02479311265051365,0.028458932414650917,12.685047149658203,0.42681580781936646
21011,1.167651653289795,0.08195685595273972,0.031462546437978745,12.770956993103027,0.48918458819389343
21035,1.2508008480072021,0.09721000492572784,0.029620995745062828,11.794787406921387,0.549094021320343
21059,-4.533026218414307,-0.20184235274791718,0.007391513790935278,29.808679580688477,0.0
21077,0.5621981024742126,0.14494101703166962,0.023953566327691078,12.362571716308594,0.912701427936554
21089,1.234134316444397,0.5309571623802185,0.026495886966586113,10.29273509979248,1.056488037109375
21124,1.966558814048767,0.9611495137214661,0.0373188816010952,11.103433609008789,1.9690430164337158
21127,1.253921627998352,0.019740238785743713,0.028781861066818237,10.995305061340332,0.4832008481025696
21130,0.9873258471488953,0.6582286953926086,0.029103025794029236,12.288260459899902,2.293531894683838
21179,-3.565735340118408,-0.20184235274791718,0.008497143164277077,25.349851608276367,0.0
21214,0.6948986649513245,-0.11134661734104156,0.024637458845973015,12.240752220153809,0.15441742539405823
21233,2.213984727859497,0.26153284311294556,0.03684641420841217,10.428455352783203,0.6915077567100525
21258,-1.6518070697784424,-0.20179782807826996,0.016715770587325096,20.09541893005371,0.00013427734666038305
21261,0.6840342283248901,0.057954300194978714,0.024582987651228905,12.27182388305664,0.375253289937973
21265,1.6537879705429077,1.4380568265914917,0.031670670956373215,11.390653610229492,4.009024143218994
21266,-0.15417218208312988,-0.1324571967124939,0.01963365636765957,14.297358512878418,0.05053405836224556
21271,-0.5475599765777588,-0.08240633457899094,0.019768083468079567,15.462424278259277,0.21816407144069672
21279,3.7683281898498535,0.8426317572593689,0.05193276330828667,8.50220775604248,1.517797827720642
21286,-0.7723274827003479,-0.19743190705776215,0.019512459635734558,16.815723419189453,0.005480957217514515
21320,0.09229055792093277,-0.12402083724737167,0.02301502414047718,14.791215896606445,0.06528015434741974
21356,1.1117162704467773,0.19524745643138885,0.02520180307328701,10.503641128540039,0.6991485953330994
21370,-1.9951505661010742,-0.20151638984680176,0.01334394421428442,20.133747100830078,0.0004516601620707661
21379,1.2434080839157104,0.3014732599258423,0.03017914667725563,11.769328117370605,0.6372138857841492
21428,1.3697737455368042,-0.02009635977447033,0.03035201132297516,11.824686050415039,0.17890320718288422
21502,1.6936454772949219,1.0169576406478882,0.029813116416335106,9.776583671569824,2.723297119140625
21543,-2.4092893600463867,-0.20181357860565186,0.013030423782765865,22.068090438842773,3.0517578125e-05
21569,-1.497821569442749,-0.20152680575847626,0.016599329188466072,19.255537033081055,0.0004486083926167339
21595,1.1920931339263916,-0.07171137630939484,0.03138381987810135,12.493372917175293,0.16492405533790588
21610,1.2344332933425903,-0.12424659729003906,0.030303452163934708,11.98252010345459,0.14154969155788422
21669,0.9910246133804321,0.9364938735961914,0.022649303078651428,9.985808372497559,1.057409644126892
21678,0.46074461936950684,-0.06675102561712265,0.02660377137362957,14.200589179992676,0.10393066704273224
21682,-3.7165584564208984,-0.20184235274791718,0.010011047124862671,26.84064292907715,0.0
21737,-1.4269964694976807,-0.20157504081726074,0.017075879499316216,19.00698471069336,0.0002502441348042339
21740,-1.3638252019882202,-0.17391766607761383,0.016328349709510803,18.18981170654297,0.04816284403204918
21797,-1.025433897972107,-0.20051534473896027,0.01842259243130684,17.82830238342285,0.0017333984142169356
21809,-3.019500970840454,-0.20184235274791718,0.011574267409741879,24.22272300720215,0.0
21810,-0.6972063183784485,-0.19940029084682465,0.01819263957440853,16.20993995666504,0.003509521484375
21834,-3.571253538131714,-0.20184235274791718,0.007764656096696854,25.02120018005371,0.0
21910,-2.0423171520233154,-0.20163576304912567,0.013572076335549355,20.06726837158203,0.0003479004080872983
21916,1.1795421838760376,0.01807285286486149,0.028718849644064903,11.842757225036621,0.40322113037109375
21920,1.855141282081604,-0.13236290216445923,0.03672357276082039,11.903972625732422,0.11780090630054474
21928,-0.028711790218949318,0.10587891191244125,0.021098097786307335,14.45032787322998,0.2816406190395355
21977,0.41050025820732117,0.12129681557416916,0.02092025987803936,11.754057884216309,0.7842499017715454
21986,-1.6506837606430054,-0.19975697994232178,0.015151751227676868,19.276487350463867,0.00537109375
22021,2.336622476577759,0.5265229344367981,0.0352492593228817,9.061880111694336,1.0835236310958862
22047,1.0990859270095825,0.022140150889754295,0.026516247540712357,11.286055564880371,0.459146112203598
22059,1.2568960189819336,0.11646103858947754,0.030768772587180138,12.26893138885498,0.4877868592739105
22061,0.801676869392395,-0.050205834209918976,0.0244612917304039,11.665151596069336,0.25501251220703125
22073,-2.3316915035247803,-0.20182882249355316,0.013971701264381409,21.898778915405273,2.441406286379788e-05
22083,1.2354339361190796,0.8106879591941833,0.025793543085455894,10.185381889343262,1.143341064453125
22099,-1.9703292846679688,-0.20175926387310028,0.01290710736066103,19.27653694152832,0.00013427734666038305
22103,1.2262204885482788,0.3596585988998413,0.027979198843240738,10.93854808807373,0.9123581051826477
22174,1.837363600730896,-0.001148831914179027,0.0328596830368042,10.189837455749512,0.23409652709960938
22184,-1.1558518409729004,-0.20164509117603302,0.01829131506383419,17.98462677001953,0.0002929687616415322
22224,1.5628348588943481,0.393797367811203,0.03240131586790085,11.605681419372559,0.8030853271484375
22232,0.7018420100212097,0.01364520937204361,0.029024630784988403,13.421704292297363,0.3566436767578125
22289,-2.9858052730560303,-0.20184235274791718,0.010208169929683208,23.294912338256836,0.0
22305,1.2519840002059937,0.6345193386077881,0.029111241921782494,11.419681549072266,2.0438568592071533
22336,1.443108081817627,0.12989303469657898,0.03032023273408413,11.125114440917969,0.4600902497768402
22338,-0.3610602915287018,-0.05072903633117676,0.021325258538126945,15.973200798034668,0.27327272295951843
22342,0.047888923436403275,-0.004981124307960272,0.023647870868444443,14.414717674255371,0.414694219827652
22357,2.011578321456909,0.9221555590629578,0.03356452286243439,10.172778129577637,1.6185150146484375
22387,0.5638254284858704,-0.053270529955625534,0.024645719677209854,12.74267292022705,0.2674545347690582
22390,1.4233075380325317,-0.10935311764478683,0.031031591817736626,11.603045463562012,0.15111389756202698
22392,-0.2588360011577606,-0.16852276027202606,0.02227676659822464,15.285249710083008,0.05591735988855362
22407,2.0002357959747314,1.2231323719024658,0.03334781527519226,9.748635292053223,1.801690697669983
22423,0.9047462344169617,-0.02187657169997692,0.029887264594435692,13.22100830078125,0.27497559785842896
22427,-0.8061171770095825,0.003606922924518585,0.018116801977157593,16.897356033325195,0.21337281167507172
22430,0.23142896592617035,-0.15147559344768524,0.025078225880861282,14.345602989196777,0.09632568806409836
22445,1.835353136062622,0.22975389659404755,0.03691495209932327,11.875259399414062,0.4719497859477997
22469,1.2286452054977417,-0.025559425354003906,0.032402534037828445,13.090153694152832,0.2287193387746811
22470,-3.8304905891418457,-0.20184235274791718,0.007741570472717285,26.367431640625,0.0
22478,0.18424591422080994,-0.1940193474292755,0.026029640808701515,14.819340705871582,0.01740722730755806
22483,0.3775089681148529,-0.08302511274814606,0.024197103455662727,13.0664644241333,0.24188385903835297
22487,2.480959892272949,0.045789819210767746,0.038193438202142715,9.37101936340332,0.40781861543655396
22547,-1.172797679901123,-0.19398927688598633,0.01895732246339321,18.774978637695312,0.011477661319077015
22630,1.5940937995910645,0.043580591678619385,0.034396614879369736,11.904837608337402,0.2728065550327301
22681,1.5087798833847046,0.042713530361652374,0.02962871827185154,10.452529907226562,0.3002884089946747
22731,0.5839843153953552,0.3307969868183136,0.02740674652159214,13.395411491394043,0.5143188834190369
22737,0.7040263414382935,-0.15357591211795807,0.02620931901037693,13.219627380371094,0.0652008056640625
22757,-0.035517383366823196,0.3225269913673401,0.025344431400299072,15.790020942687988,2.240976095199585
22766,0.26563897728919983,0.004032832570374012,0.02183360420167446,13.095877647399902,0.21513672173023224
22771,1.1958668231964111,-0.04631796106696129,0.02967475727200508,12.189604759216309,0.3386993408203125
22834,0.6660725474357605,-0.1015123650431633,0.0271743293851614,13.5949068069458,0.11924896389245987
22853,1.0749449729919434,0.29686734080314636,0.026337821036577225,11.08330249786377,0.710308849811554
22870,-2.6981072425842285,-0.20183120667934418,0.010814552195370197,22.311376571655273,6.10351571594947e-06
22876,0.7843553423881531,-0.03535425662994385,0.024464765563607216,11.456729888916016,0.255096435546875
22879,1.9281435012817383,-0.12900003790855408,0.03573006018996239,11.675106048583984,0.10701751708984375
22895,-0.42310529947280884,-0.18849579989910126,0.019029784947633743,14.99382209777832,0.029052734375
22911,-3.0435783863067627,-0.20184235274791718,0.011599591001868248,24.45267105102539,0.0
22961,0.5902332663536072,-0.15160833299160004,0.027019882574677467,13.768701553344727,0.06938248127698898
22999,-0.4487316310405731,-0.19295206665992737,0.020686205476522446,16.102537155151367,0.02023010328412056
23039,-0.6967354416847229,-0.1780451387166977,0.019586052745580673,16.099668502807617,0.0250244140625
23046,0.7602635025978088,-0.015980210155248642,0.02707161381840706,12.950485229492188,0.452972412109375
23090,0.8452836871147156,-0.12936235964298248,0.029779762029647827,13.118014335632324,0.16255798935890198
23092,1.592366099357605,0.38607415556907654,0.029627589508891106,10.978134155273438,0.536297619342804
23093,0.19941464066505432,-0.10348256677389145,0.023320844396948814,13.837191581726074,0.15768738090991974
23121,-1.1456669569015503,-0.1275942325592041,0.016286833211779594,17.275592803955078,0.3183837831020355
23146,0.6485878825187683,-0.09313186258077621,0.028260236606001854,14.439875602722168,0.16557922959327698
23162,-2.2290408611297607,-0.20171478390693665,0.013544276356697083,21.611602783203125,0.00011596679541980848
23207,2.362292766571045,0.9736119508743286,0.037329357117414474,9.242908477783203,1.6447433233261108
23227,-1.9527513980865479,-0.20179784297943115,0.014656770043075085,20.318288803100586,7.934570749057457e-05
23234,2.397294044494629,0.25379183888435364,0.04085855558514595,11.587952613830566,0.5394958853721619
23268,1.1301960945129395,-0.17065173387527466,0.030412305146455765,13.097662925720215,0.05542602762579918
23285,0.399381548166275,-0.04130317643284798,0.021538851782679558,11.976286888122559,0.36517030000686646
23392,0.140636146068573,0.039391957223415375,0.021131176501512527,13.46225643157959,0.23302002251148224
23432,1.762605905532837,0.34703564643859863,0.033093422651290894,10.570696830749512,0.5925995111465454
23437,0.003802904626354575,-0.18641048669815063,0.02142869494855404,14.058722496032715,0.0204925537109375
23448,0.6392910480499268,-0.1342470496892929,0.026308760046958923,13.171908378601074,0.12551270425319672
23457,1.234703779220581,0.007743148598819971,0.027658361941576004,10.865703582763672,0.5149078369140625
23510,0.7744621634483337,-0.08811785280704498,0.028196578845381737,13.438926696777344,0.3003999888896942
23515,1.8325226306915283,0.5106996893882751,0.03454316034913063,11.277792930603027,0.8751800656318665
23554,0.8972786068916321,-0.14952467381954193,0.028513340279459953,13.226269721984863,0.1223297119140625
23587,0.7620716094970703,0.030499590560793877,0.02730513922870159,12.793917655944824,0.2930053770542145
23614,-0.8454764485359192,-0.2014491856098175,0.020098939538002014,17.346418380737305,0.0005249023670330644
23619,-0.26671144366264343,-0.14048509299755096,0.0232247207313776,15.265876770019531,0.07362671196460724
23639,0.5609526038169861,-0.038482632488012314,0.029159683734178543,14.068037986755371,0.35674285888671875
23661,1.2593367099761963,-0.04847834259271622,0.03081035427749157,12.31412410736084,0.2494049072265625
23665,-0.03311488777399063,-0.04449747875332832,0.02030285820364952,13.846778869628906,0.18038025498390198
23694,-2.4638195037841797,-0.20184235274791718,0.013092570006847382,22.040847778320312,0.0
23721,0.05762976035475731,-0.1658310890197754,0.023929454386234283,15.318618774414062,0.09729309380054474
23733,-2.1149392127990723,-0.20181410014629364,0.0132267652079463,20.58820915222168,2.441406286379788e-05
23756,0.2477811872959137,-0.10796737670898438,0.022423213347792625,13.379149436950684,0.11754760891199112
23774,1.426861047744751,0.22498488426208496,0.03156550973653793,11.921906471252441,0.9402435421943665
23777,2.0396323204040527,0.13777634501457214,0.033406954258680344,10.517740249633789,0.5794525146484375
23800,2.147075653076172,0.3465913236141205,0.038255587220191956,10.811007499694824,1.2710541486740112
23801,0.9941250085830688,0.49514785408973694,0.02782178856432438,12.47933292388916,0.8640220761299133
23831,-0.5529683828353882,-0.19106309115886688,0.02049153484404087,16.28517723083496,0.011517333798110485
23849,-1.531045913696289,-0.20175381004810333,0.016581669449806213,19.473997116088867,0.00012512206740211695
23874,0.2462046593427658,-0.10426735132932663,0.022545313462615013,13.569003105163574,0.16933594644069672
23902,1.215077519416809,0.8549917340278625,0.029589414596557617,11.79770278930664,2.6969330310821533
23914,0.8345491290092468,-0.08470473438501358,0.0254848450422287,11.81374454498291,0.1732582151889801
23916,1.3450098037719727,-0.08429961651563644,0.0294114351272583,11.690657615661621,0.15340881049633026
23947,-0.6600812673568726,-0.18192796409130096,0.017617475241422653,15.628727912902832,0.03489990159869194
23949,-0.26612192392349243,-0.18123601377010345,0.020666074007749557,14.977826118469238,0.04202881082892418
23967,0.6388410925865173,0.016888651996850967,0.026518572121858597,13.884488105773926,0.42396852374076843
23981,1.3866612911224365,0.10476678609848022,0.03147077187895775,11.973199844360352,0.45606690645217896
24006,-0.9216325879096985,-0.20135127007961273,0.01914854347705841,17.495624542236328,0.000732421875
24015,-0.0683470219373703,-0.09640342742204666,0.022319205105304718,14.557890892028809,0.18614502251148224
24023,-0.5427893996238708,-0.19453351199626923,0.019674329087138176,16.090044021606445,0.011813354678452015
24028,0.3900810480117798,-0.16446010768413544,0.025199702009558678,13.895339012145996,0.08140259236097336
24037,0.48893705010414124,0.2507953941822052,0.024732893332839012,13.462847709655762,0.651629626750946
24056,0.7831942439079285,0.033281903713941574,0.025680838152766228,12.619048118591309,0.5067169070243835
24098,-0.9091488122940063,-0.18723051249980927,0.019198475405573845,17.05381965637207,0.01955871656537056
24105,0.031141681596636772,0.12663261592388153,0.021191857755184174,13.988873481750488,0.4551635682582855
24120,1.5039514303207397,2.359724521636963,0.029436776414513588,9.987174034118652,4.156604290008545
24126,0.16199623048305511,-0.09913096576929092,0.023866374045610428,14.269368171691895,0.10931091755628586
24128,-2.261216402053833,-0.20180313289165497,0.012957224622368813,21.136829376220703,6.408691842807457e-05
24130,0.7680187225341797,-0.05218908190727234,0.026746634393930435,12.599089622497559,0.4249679744243622
24160,-2.1313745975494385,-0.20146623253822327,0.012412117794156075,20.237829208374023,0.000457763671875
24190,1.5543500185012817,0.007485412061214447,0.03165267035365105,11.641565322875977,0.2273712158203125
24226,-1.7614322900772095,-0.2008734494447708,0.012240596115589142,18.14589500427246,0.0023555755615234375
24244,0.9667913317680359,-0.04016115516424179,0.027614658698439598,12.084094047546387,0.30958253145217896
24274,-0.585527241230011,-0.19386784732341766,0.021654963493347168,16.673133850097656,0.00937500037252903
24283,-0.945302426815033,-0.18062861263751984,0.018162822350859642,17.524070739746094,0.01921386830508709
24302,1.0188844203948975,0.0949983075261116,0.028773119673132896,12.084223747253418,0.41966554522514343
24303,-1.501969575881958,-0.20177920162677765,0.01624358631670475,19.190824508666992,9.460449655307457e-05
24309,-3.5370049476623535,-0.20184235274791718,0.009835237637162209,25.62105369567871,0.0
24323,-0.48140034079551697,-0.19824568927288055,0.0196396391838789,15.529870986938477,0.00736923236399889
24326,0.7133645415306091,-0.16156697273254395,0.027682388201355934,13.662287712097168,0.05079955980181694
24339,-1.3985494375228882,-0.1959541290998459,0.015990925952792168,18.668596267700195,0.005496216006577015
24340,-2.4866039752960205,-0.20183368027210236,0.012743236497044563,22.131973266601562,2.441406286379788e-05
24344,1.337555170059204,1.2236140966415405,0.031877804547548294,11.695857048034668,1.8898804187774658
24352,1.5616708993911743,0.0815817192196846,0.03328922390937805,11.653582572937012,0.45554810762405396
24363,1.4014537334442139,0.1817760467529297,0.028806639835238457,10.655402183532715,0.34468841552734375
24378,0.2499598264694214,-0.08855646848678589,0.022102246060967445,13.00811767578125,0.1399383544921875
24415,1.2001816034317017,0.3775484561920166,0.028185829520225525,11.528349876403809,0.824257493019104
24433,-1.0482306480407715,-0.19218133389949799,0.014843462966382504,15.95349407196045,0.010894775390625
24440,1.4747318029403687,0.681952178478241,0.03163580968976021,11.744363784790039,1.3253967761993408
24452,-1.2894824743270874,-0.20000961422920227,0.018513688817620277,18.623979568481445,0.0013519286876544356
24459,-0.4399213492870331,-0.1996595859527588,0.021775895729660988,16.416894912719727,0.003637695452198386
24473,-3.5457141399383545,-0.20184235274791718,0.009937923401594162,25.922412872314453,0.0
24487,1.033130168914795,-0.15084989368915558,0.028833627700805664,12.778900146484375,0.06377563625574112
24489,-0.9882292747497559,-0.2000098079442978,0.018330862745642662,17.01801109313965,0.0041961669921875
24495,0.08264084160327911,0.33421435952186584,0.021430829539895058,13.190983772277832,0.8577408194541931
24503,-2.043513774871826,-0.19815221428871155,0.014113548211753368,20.499204635620117,0.00799560546875
24506,1.6983436346054077,0.08213020861148834,0.03444113954901695,12.0536527633667,0.6645447015762329
24516,0.9749948382377625,0.13674817979335785,0.026621965691447258,12.146586418151855,0.5836578607559204
24546,-3.8573482036590576,-0.20184235274791718,0.009527631103992462,27.592599868774414,0.0
24553,1.1772412061691284,-0.10322614014148712,0.031313031911849976,12.795589447021484,0.14363403618335724
24585,0.5927796959877014,0.22809474170207977,0.028282571583986282,14.159964561462402,0.7093536257743835
24628,1.9520256519317627,0.4407106041908264,0.033144090324640274,10.209457397460938,0.9751572012901306
24651,-0.9153892397880554,-0.198292538523674,0.016942106187343597,16.339609146118164,0.006744384765625
24662,2.86470103263855,1.0943387746810913,0.04445250704884529,9.724919319152832,1.770410180091858
24663,0.7820146083831787,0.09969954937696457,0.026555180549621582,13.16363525390625,0.4261474609375
24687,-3.5207486152648926,-0.20181851089000702,0.00939053576439619,25.635242462158203,2.441406286379788e-05
24744,-0.3586612641811371,-0.19589032232761383,0.020038841292262077,15.065756797790527,0.007586670108139515
24763,-2.7835023403167725,-0.20183949172496796,0.01122316624969244,23.058942794799805,3.051757857974735e-06
24819,2.059877872467041,0.3168102204799652,0.03685307502746582,11.141833305358887,0.5817016959190369
24838,1.4177285432815552,0.1488461047410965,0.027895933017134666,10.330859184265137,0.5502479672431946
24867,1.2297642230987549,0.003164667636156082,0.03282177448272705,12.907432556152344,0.3919998109340668
24875,1.593406081199646,0.15560051798820496,0.03419039398431778,11.782526969909668,0.9015136957168579
24890,1.567029356956482,0.12345775216817856,0.03305194899439812,11.2909517288208,0.5745849609375
24914,-1.4435473680496216,-0.2016150802373886,0.016964860260486603,18.768327713012695,0.0003540039178915322
24937,1.921913504600525,0.03288531303405762,0.03343578055500984,11.0206937789917,0.34234315156936646
24947,1.0043096542358398,-0.13379797339439392,0.02963513508439064,13.151793479919434,0.17425155639648438
24952,1.5014011859893799,0.18840861320495605,0.03182428330183029,11.985260009765625,0.513348400592804
24953,-0.22536320984363556,0.017543235793709755,0.021308770403265953,14.801963806152344,0.5999175906181335
25015,1.2918851375579834,-0.14040862023830414,0.03072761371731758,12.095468521118164,0.07243042439222336
25053,-1.8992502689361572,-0.20178306102752686,0.015103268437087536,20.343782424926758,0.00011596679541980848
25056,1.9263595342636108,0.2520333528518677,0.0335678867995739,10.74593734741211,0.7600772976875305
25057,-1.4117653369903564,-0.1913539320230484,0.016154304146766663,18.730016708374023,0.01083984412252903
25075,0.2555241286754608,-0.12985199689865112,0.02445880137383938,14.388705253601074,0.0738525390625
25087,0.384915292263031,-0.19479693472385406,0.026289677247405052,14.417811393737793,0.011911011300981045
25141,-1.9425104856491089,-0.19931237399578094,0.013180926442146301,19.72046661376953,0.003509521484375
25170,-2.39288330078125,-0.20183627307415009,0.014657613821327686,22.51581382751465,6.10351571594947e-06
25202,0.7208932042121887,-0.08225717395544052,0.025406965985894203,12.38762378692627,0.30090638995170593
25204,-0.29185792803764343,-0.11586835235357285,0.020419444888830185,14.554689407348633,0.17490844428539276
25260,0.7289740443229675,-0.07269089668989182,0.028191030025482178,13.705009460449219,0.5157760977745056
25262,1.7427841424942017,0.09914524853229523,0.03461450710892677,11.493464469909668,0.3250289857387543
25265,1.6324741840362549,0.2566524147987366,0.03042479231953621,10.015464782714844,0.9702560305595398
25272,1.196639060974121,-0.05789058282971382,0.031201278790831566,12.357185363769531,0.341287225484848
25333,1.1938979625701904,-0.047644563019275665,0.02860713005065918,11.644105911254883,0.256744384765625
25353,0.8295063376426697,0.10053732246160507,0.025435296818614006,11.80901050567627,0.493051141500473
25390,-0.792648196220398,-0.15623556077480316,0.017153574153780937,16.030174255371094,0.08119507133960724
25394,-0.9275218844413757,-0.19954319298267365,0.02019014209508896,17.99350929260254,0.005731153767555952
25408,-0.8999110460281372,-0.19566653668880463,0.018580710515379906,16.686887741088867,0.01401367224752903
25425,0.6316288113594055,0.1322014331817627,0.027162794023752213,13.0601224899292,0.7863556146621704
25432,2.2733774185180664,0.5115128755569458,0.03745458647608757,9.786748886108398,1.77019202709198
25445,0.9287983775138855,-0.05663188919425011,0.027038423344492912,11.655919075012207,0.19130249321460724
25465,-4.0065531730651855,-0.20184235274791718,0.009270673617720604,27.90830421447754,0.0
25505,1.9100172519683838,0.27709946036338806,0.032004501670598984,9.969892501831055,0.8290497064590454
25515,0.08269331604242325,-0.19677576422691345,0.023182963952422142,14.410832405090332,0.008267211727797985
25517,0.17587226629257202,0.5214213132858276,0.022870246320962906,13.868759155273438,1.0243103504180908
25552,-0.36298468708992004,-0.1760021597146988,0.02239077351987362,16.690288543701172,0.02726440504193306
25583,-0.45580026507377625,-0.195526584982872,0.01998196542263031,16.042449951171875,0.009068298153579235
25589,0.534322202205658,-0.18384335935115814,0.026900608092546463,14.055262565612793,0.02471923828125
25607,-1.098096251487732,-0.15917791426181793,0.0182183925062418,17.62811851501465,0.04684143140912056
25655,-0.19975702464580536,-0.187156543135643,0.021115442737936974,14.716315269470215,0.023468017578125
25656,0.7521222829818726,0.05548340827226639,0.025287343189120293,12.49757194519043,0.256756991147995
25677,0.0017815650207921863,-0.18546639382839203,0.02294892817735672,14.78056526184082,0.01842041127383709
25693,-0.6331467628479004,-0.14334146678447723,0.021875426173210144,17.31914710998535,0.0827789306640625
25702,0.7201652526855469,0.22908304631710052,0.022807527333498,11.354578971862793,0.6042938232421875
25707,1.684688925743103,-0.0104473065584898,0.03410534933209419,12.120465278625488,0.2733596861362457
25727,0.5760475993156433,0.3384014070034027,0.021648170426487923,11.662154197692871,0.44791871309280396
25730,1.8526118993759155,0.3014150559902191,0.03438785672187805,11.091160774230957,0.5788788199424744
25735,1.2771397829055786,-0.01834622398018837,0.0305597186088562,12.346704483032227,0.22160950303077698
25751,-0.6362326741218567,-0.13638979196548462,0.018612612038850784,15.718184471130371,0.0705413818359375
25777,0.8039760589599609,-0.04974915459752083,0.0259598046541214,12.536368370056152,0.152445986866951
25805,1.7420927286148071,0.19759969413280487,0.03474951162934303,11.428248405456543,0.5815094113349915
25821,0.4416128098964691,0.15929655730724335,0.02350546233355999,12.45203685760498,0.529888927936554
25824,2.089808225631714,1.2345775365829468,0.03084367886185646,8.711349487304688,3.1244781017303467
25845,-0.7876867651939392,-0.1948631852865219,0.01990380696952343,17.148086547851562,0.0076751708984375
25849,0.35289931297302246,-0.01717054471373558,0.024357538670301437,13.434393882751465,0.38643190264701843
25854,-0.28814253211021423,-0.19979403913021088,0.02254478447139263,16.077116012573242,0.0031082152854651213
25870,-0.424077570438385,-0.19817595183849335,0.020896604284644127,15.971267700195312,0.0075012207962572575
25894,0.557698667049408,-0.1913183629512787,0.02857113443315029,14.395814895629883,0.01807251013815403
25919,0.5218567252159119,-0.18596474826335907,0.02782820723950863,14.703505516052246,0.03522796556353569
25925,-2.0032308101654053,-0.19284018874168396,0.013820354826748371,20.25182342529297,0.00933837890625
25980,0.38415202498435974,-0.13665056228637695,0.024944709613919258,14.124262809753418,0.14398880302906036
25981,0.39928361773490906,0.25617942214012146,0.025226548314094543,13.499112129211426,0.8219391107559204
26010,-0.45649805665016174,-0.19914692640304565,0.021618390455842018,16.70347023010254,0.0045166015625
26014,0.21730999648571014,-0.16527141630649567,0.02502005361020565,14.975813865661621,0.03768310695886612
26052,1.08826744556427,-0.03103320114314556,0.02865133248269558,11.775972366333008,0.2536758482456207
26079,1.0338945388793945,-0.05794782191514969,0.02719898521900177,12.192898750305176,0.30778810381889343
26102,-2.577080249786377,-0.20184235274791718,0.012307045981287956,22.46183204650879,0.0
26125,0.3120138943195343,0.05615076422691345,0.022016368806362152,12.548887252807617,0.4916725158691406
26138,0.8432748913764954,-0.12253709137439728,0.02945294976234436,12.931218147277832,0.19523315131664276
26153,-2.058887481689453,-0.20174148678779602,0.014809546060860157,21.031171798706055,0.0002563476737122983
26167,0.13313932716846466,-0.1884002685546875,0.023341942578554153,14.133734703063965,0.02844543568789959
26173,-2.982724666595459,-0.20184235274791718,0.011177809908986092,24.228561401367188,0.0
26174,-0.9468664526939392,-0.20090937614440918,0.019332557916641235,17.55672264099121,0.0019805908668786287
26185,1.5679596662521362,0.18718911707401276,0.03209204599261284,10.540611267089844,0.6370483636856079
26221,0.24235224723815918,-0.13762407004833221,0.02425076626241207,14.172630310058594,0.06335677951574326
26236,0.7874509692192078,0.044390011578798294,0.026706261560320854,12.41199779510498,0.3007354736328125
26237,0.3315652012825012,-0.11939151585102081,0.023730644956231117,13.531494140625,0.09222412109375
26251,-0.3760702908039093,-0.1656668484210968,0.018055807799100876,14.286643028259277,0.11118774861097336
26255,-0.48245763778686523,-0.20005498826503754,0.021157803013920784,16.739089965820312,0.0015045165782794356
26280,0.7982128262519836,-0.12428219616413116,0.029334593564271927,13.558699607849121,0.19710998237133026
26281,1.1124913692474365,0.09207307547330856,0.03189218416810036,12.772265434265137,0.511181652545929
26303,-0.6623255014419556,0.06136177107691765,0.019254829734563828,16.319242477416992,0.7135376334190369
26330,-2.16191029548645,-0.20167462527751923,0.014363798312842846,21.01926612854004,0.000274658203125
26354,-0.1943538933992386,-0.1961473971605301,0.020828932523727417,15.035224914550781,0.0107421875
26365,0.1634088009595871,0.23012566566467285,0.022761022672057152,13.589383125305176,0.5678192377090454
26382,1.1862365007400513,0.4101918637752533,0.027914984151721,11.330913543701172,0.8923401236534119
26388,1.984293818473816,0.4823244512081146,0.03297612443566322,9.543764114379883,1.0090163946151733
26486,0.5608963370323181,-0.15340320765972137,0.024593723937869072,12.621213912963867,0.0631561279296875
26503,0.5205222964286804,-0.06978226453065872,0.024438401684165,12.70074462890625,0.343637079000473
26504,2.4241116046905518,0.22063449025154114,0.03967669978737831,10.272562026977539,0.599536120891571
26545,0.588202178478241,0.09867439419031143,0.023823628202080727,12.24583625793457,0.281350702047348
26548,1.1258454322814941,-0.04726281762123108,0.028099743649363518,11.239283561706543,0.2326202392578125
26676,1.1181262731552124,-0.13700620830059052,0.028700223192572594,12.37519645690918,0.09673767536878586
26680,1.385651707649231,0.007477712817490101,0.02967110089957714,11.19166088104248,0.34685975313186646
26686,-2.9283697605133057,-0.20184235274791718,0.01158044021576643,23.871702194213867,0.0
26700,-1.0053925514221191,-0.17344413697719574,0.018951520323753357,17.79421043395996,0.11319046467542648
26731,0.8202347755432129,-0.1778659075498581,0.028919115662574768,13.310684204101562,0.029923630878329277
26735,0.23819108307361603,-0.10648620128631592,0.02249489165842533,13.347012519836426,0.22676391899585724
26738,-1.2174519300460815,-0.12327004969120026,0.016938967630267143,17.580978393554688,0.14200134575366974
26739,-0.6756553053855896,-0.20139651000499725,0.0197362769395113,16.6746826171875,0.0008911133045330644
26751,-1.6286745071411133,-0.20088045299053192,0.015433176420629025,19.74666404724121,0.0017852783203125
26753,1.4887526035308838,1.092039942741394,0.030842194333672523,11.446979522705078,2.816357374191284
26755,0.9380913972854614,-0.06006419286131859,0.025832748040556908,11.437251091003418,0.18158569931983948
26804,-1.184775948524475,-0.1734694391489029,0.01944631151854992,18.53101921081543,0.02386474609375
26808,0.7522304058074951,0.15187565982341766,0.021710973232984543,10.793585777282715,0.5381256341934204
26836,0.992339551448822,0.08889945596456528,0.028136705979704857,12.348956108093262,0.672564685344696
26845,-1.0463093519210815,-0.19418714940547943,0.01515372283756733,15.745802879333496,0.01886596716940403
26857,2.7222068309783936,0.6984925866127014,0.040771909058094025,9.924360275268555,1.4426666498184204
26871,1.2402734756469727,-0.1319706290960312,0.031822677701711655,12.780226707458496,0.139892578125
26884,0.16517196595668793,-0.14884398877620697,0.023975873365998268,14.778010368347168,0.06731720268726349
26889,-0.147910937666893,-0.17783823609352112,0.023055991157889366,15.671213150024414,0.05170288309454918
26909,0.8686591982841492,-0.17823921144008636,0.02929801307618618,14.094728469848633,0.04628295823931694
26933,0.7367992401123047,0.3716392517089844,0.02228342741727829,10.585861206054688,1.0628098249435425
26949,-0.3933873176574707,-0.1971205472946167,0.020645562559366226,15.662022590637207,0.0046020508743822575
26954,-1.22848379611969,-0.19715653359889984,0.01760166324675083,18.272321701049805,0.00836792029440403
26958,-0.6166107654571533,-0.030438357964158058,0.018312864005565643,15.24708080291748,0.413238525390625
26962,-2.36368989944458,-0.20125679671764374,0.011916190385818481,21.550325393676758,0.0003845214960165322
27032,0.5502067804336548,-0.14510205388069153,0.02444300800561905,13.109530448913574,0.10237427055835724
27053,-0.8072745203971863,-0.15287798643112183,0.015878653153777122,15.223733901977539,0.08367615193128586
27065,1.1959009170532227,-0.1617312878370285,0.031632013618946075,12.416826248168945,0.054634857922792435
27066,-0.7099824547767639,-0.19910269975662231,0.01844809763133526,16.346939086914062,0.006314087193459272
27092,-0.3708259165287018,-0.1973346322774887,0.021831735968589783,15.738005638122559,0.008737183175981045
27094,0.8850941061973572,-0.034601517021656036,0.028363069519400597,12.968775749206543,0.4167076051235199
27125,0.8968960642814636,0.03948859125375748,0.024502677842974663,11.000895500183105,0.5977112054824829
27141,0.3940739333629608,-0.19520129263401031,0.02651946060359478,14.313745498657227,0.012754201889038086
27207,-1.905321478843689,-0.20180700719356537,0.015485321171581745,20.664222717285156,6.713867333019152e-05
27219,0.9152117967605591,-0.07572516798973083,0.028696252033114433,13.3121976852417,0.18672333657741547
27223,-0.2810377776622772,-0.17001399397850037,0.02089039608836174,14.84302806854248,0.09836425632238388
27224,0.19468022882938385,0.001029766397550702,0.021041151136159897,13.057159423828125,0.375070184469223
27225,-3.4332103729248047,-0.20184235274791718,0.010319742374122143,25.518123626708984,0.0
27257,1.098602294921875,-0.17170965671539307,0.03079567663371563,12.992886543273926,0.04698791727423668
27269,1.0322545766830444,-0.13066472113132477,0.029866501688957214,12.72410774230957,0.09556122124195099
27283,1.9982250928878784,0.9113573431968689,0.034230757504701614,9.774077415466309,1.4618942737579346
27289,1.3675097227096558,1.0035151243209839,0.034022074192762375,13.013859748840332,1.3520050048828125
27316,-0.048698168247938156,-0.16080623865127563,0.02245808206498623,15.211359977722168,0.07482299953699112
27348,0.6307167410850525,-0.1483800858259201,0.025408877059817314,13.000862121582031,0.0587310791015625
27349,-1.0782219171524048,-0.2000056356191635,0.017680281773209572,17.329038619995117,0.0024688721168786287
27387,-0.34618300199508667,-0.059183117002248764,0.021226022392511368,15.768243789672852,0.24115906655788422
27397,1.2610670328140259,0.210424542427063,0.03060019575059414,12.348146438598633,1.0446685552597046
27408,-0.26189878582954407,0.014846691861748695,0.019034838303923607,14.032546997070312,0.290496826171875
27422,1.1702399253845215,0.15839727222919464,0.0272800475358963,11.160820007324219,0.4223785400390625
27443,0.39992275834083557,-0.14479133486747742,0.02590663731098175,14.010708808898926,0.08356934040784836
27459,0.8916719555854797,0.062092822045087814,0.027530375868082047,12.351052284240723,0.4574951231479645
27462,-1.641060709953308,-0.20002613961696625,0.01704348251223564,19.987953186035156,0.0030609131790697575
27463,2.005453109741211,0.3838963210582733,0.03358542546629906,9.839644432067871,0.7034660577774048
27472,-2.216707944869995,-0.2010718137025833,0.01365347858518362,21.5360164642334,0.001940918038599193
27520,1.1712028980255127,-0.029436124488711357,0.029164312407374382,11.9890775680542,0.18984375894069672
27528,1.1543909311294556,-0.11203034222126007,0.030609598383307457,12.120336532592773,0.14308471977710724
27590,1.633853554725647,0.28640973567962646,0.03340652585029602,10.786588668823242,1.04180908203125
27598,-0.45266252756118774,-0.19786904752254486,0.02160057984292507,16.199520111083984,0.0064331055618822575
27653,-1.2223725318908691,-0.04505784064531326,0.013619263656437397,15.863304138183594,0.16279907524585724
27664,-4.128396034240723,-0.20184235274791718,0.008383490145206451,28.234594345092773,0.0
27671,-0.6280285120010376,-0.20020954310894012,0.021148256957530975,16.92422103881836,0.0024841309059411287
27679,0.15362469851970673,-0.14159861207008362,0.023339783772826195,14.061705589294434,0.14925232529640198
27690,-3.0065317153930664,-0.20184235274791718,0.010976032353937626,23.88325309753418,0.0
27691,1.2049404382705688,1.2735354900360107,0.026836011558771133,11.013761520385742,2.2638823986053467
27711,-0.7296428084373474,-0.1773289442062378,0.019434941932559013,16.960256576538086,0.02842407301068306
27713,0.759747326374054,-0.1195068359375,0.025872236117720604,12.02876091003418,0.15318603813648224
27720,-0.3267509937286377,0.34788408875465393,0.015973199158906937,13.10600471496582,0.44903564453125
27732,-1.3864837884902954,-0.18328030407428741,0.017753075808286667,18.79194450378418,0.03056640736758709
27770,-0.5349149107933044,-0.17043854296207428,0.01672697812318802,14.554823875427246,0.04220123216509819
27771,-3.40783953666687,-0.20181985199451447,0.009650422260165215,25.0614070892334,2.441406286379788e-05
27776,-2.37630033493042,-0.20183949172496796,0.014153915457427502,22.30293846130371,3.051757857974735e-06
27804,1.476772665977478,0.10117119550704956,0.03149682283401489,11.735504150390625,0.6377197504043579
27805,-3.2276456356048584,-0.2015949785709381,0.009401845745742321,24.013776779174805,0.0006958008161745965
27819,0.08775318413972855,-0.1963774561882019,0.025076216086745262,15.611964225769043,0.009561157785356045
27828,1.3090910911560059,0.06264962255954742,0.031999338418245316,11.907147407531738,0.553051769733429
27844,2.3378024101257324,0.9051675200462341,0.036377158015966415,10.067437171936035,3.221099853515625
27879,-0.7061076164245605,-0.19968469440937042,0.021752847358584404,17.472707748413086,0.00498199462890625
27890,0.6694959998130798,0.02265673130750656,0.024800701066851616,12.292340278625488,0.27983400225639343
27892,0.12059672176837921,-0.15310336649417877,0.022763507440686226,14.308517456054688,0.04683838039636612
27893,-0.5630537271499634,-0.1961718499660492,0.021907558664679527,16.881948471069336,0.0064788819290697575
27918,-1.426644206047058,-0.175456702709198,0.0158007200807333,18.089670181274414,0.07242431491613388
27925,0.08004435896873474,-0.17601613700389862,0.023993870243430138,14.28375244140625,0.04305725172162056
27943,-0.7477401494979858,-0.017760006710886955,0.01939130388200283,16.564783096313477,0.4982559382915497
27945,-1.3458046913146973,-0.19827298820018768,0.015922442078590393,18.0770320892334,0.005322265904396772
27947,-0.718357503414154,-0.17787277698516846,0.018330736085772514,15.990132331848145,0.04989929124712944
27950,2.0629119873046875,0.2218758910894394,0.03603630140423775,11.041309356689453,0.4936050474643707
27974,0.7099887728691101,-0.16052325069904327,0.028031814843416214,13.476702690124512,0.08161621540784836
27991,-4.624798774719238,-0.20184235274791718,0.0071786753833293915,30.168500900268555,0.0
28047,0.06561851501464844,0.18866828083992004,0.022509107366204262,14.266139030456543,0.3995071351528168
28070,-2.012708902359009,-0.20168636739253998,0.014399826526641846,20.342226028442383,0.0002075195370707661
28079,-1.6377524137496948,-0.19419077038764954,0.015965787693858147,19.24464988708496,0.02064819447696209
28094,0.6548913717269897,0.978866696357727,0.022903595119714737,11.513396263122559,1.4402588605880737
28130,1.9208412170410156,-0.029876232147216797,0.034669555723667145,10.979279518127441,0.458587646484375
28147,0.41521501541137695,-0.04902671277523041,0.023862017318606377,13.096298217773438,0.35343629121780396
28172,-1.2991842031478882,-0.20141132175922394,0.015139727853238583,17.478126525878906,0.000759124755859375
28217,0.5267008543014526,0.05234726145863533,0.02315734326839447,12.757349967956543,0.2658019959926605
28218,1.6571420431137085,0.18458154797554016,0.0339474231004715,11.561881065368652,0.8263641595840454
28221,-0.8085197806358337,-0.1832244098186493,0.018217025324702263,16.162099838256836,0.07075805962085724
28241,-4.465911388397217,-0.20184235274791718,0.007500478066504002,29.5521240234375,0.0
28286,1.0182114839553833,-0.04760204255580902,0.03228073939681053,12.893630981445312,0.22137451171875
28294,0.07273466885089874,0.7104043364524841,0.0195967685431242,12.839591026306152,0.9944519400596619
28299,-0.9232186675071716,-0.15961895883083344,0.018167486414313316,17.21080780029297,0.05925598368048668
28306,1.117712378501892,-0.06577979028224945,0.03026716411113739,12.458273887634277,0.3211120665073395
28321,0.1532122939825058,0.3453390896320343,0.021465063095092773,13.423422813415527,0.5718170404434204
28336,1.6966068744659424,0.24920158088207245,0.03057681955397129,10.397738456726074,0.6171905398368835
28339,-1.0596442222595215,-0.19152209162712097,0.015950437635183334,16.667085647583008,0.010287475772202015
28340,1.318238615989685,0.016611982136964798,0.028657803311944008,10.587257385253906,0.41058436036109924
28389,-0.6917160749435425,-0.20113740861415863,0.02075779438018799,17.303028106689453,0.0010314941173419356
28404,0.8230242133140564,-0.00010381788160884753,0.024788914248347282,11.864607810974121,0.32906991243362427
28409,0.9759745597839355,-0.06483588367700577,0.02887854352593422,12.751648902893066,0.21764297783374786
28411,0.07414000481367111,0.04440654069185257,0.023120494559407234,14.707934379577637,0.29742127656936646
28430,0.08629710972309113,-0.18538819253444672,0.02566242776811123,15.320533752441406,0.02874450758099556
28442,0.2263716459274292,-0.14092086255550385,0.02211567386984825,13.071799278259277,0.13409729301929474
28460,0.5848971605300903,0.13417822122573853,0.023404119536280632,11.910903930664062,0.379354864358902
28471,1.511791706085205,0.49755120277404785,0.030758319422602654,11.762733459472656,0.9750091433525085
28475,0.5022799968719482,0.5108806490898132,0.021134739741683006,11.707959175109863,0.8524383902549744
28505,-1.8433455228805542,-0.1979331225156784,0.011158155277371407,18.060285568237305,0.0042816163040697575
28508,0.037245817482471466,-0.15340597927570343,0.022691592574119568,14.480371475219727,0.04701538011431694
28531,-3.3641459941864014,-0.20184235274791718,0.008609927259385586,24.634679794311523,0.0
28550,1.139492392539978,0.029052728787064552,0.028678853064775467,12.168593406677246,0.3547225892543793
28632,-1.250009536743164,-0.19867879152297974,0.016209624707698822,17.87797737121582,0.002410888671875
28652,-1.358393907546997,-0.19574448466300964,0.018750024959445,19.38066864013672,0.00810852088034153
28677,1.3601034879684448,-0.15338627994060516,0.03427354618906975,12.705313682556152,0.1113739013671875
28693,-0.7308142781257629,-0.2008800059556961,0.020096944645047188,16.82839012145996,0.001856088638305664
28718,-1.8000484704971313,-0.20171847939491272,0.014131011441349983,19.509197235107422,0.00018005371384788305
28720,-0.3792249858379364,-0.1955743432044983,0.02103021927177906,15.4810791015625,0.010589599609375
28723,-0.5041390061378479,-0.15609139204025269,0.020959261804819107,16.316694259643555,0.12122192233800888
28730,1.8893908262252808,0.04338754341006279,0.036059968173503876,11.035649299621582,0.32223817706108093
28740,1.560640573501587,0.363158255815506,0.03151017054915428,11.72865104675293,0.760388195514679
28746,0.6489383578300476,-0.1631980538368225,0.028647229075431824,14.061528205871582,0.08454513549804688
28758,1.8572202920913696,0.4145348072052002,0.03446955606341362,11.209314346313477,0.8016023635864258
28825,1.240986704826355,-0.004432687070220709,0.029990484938025475,12.486907005310059,0.36172792315483093
28831,0.5858100056648254,-0.15993323922157288,0.025357572361826897,13.210728645324707,0.090667724609375
28843,-0.2206025868654251,-0.08129704743623734,0.021470079198479652,15.118809700012207,0.13115234673023224
28845,1.488068699836731,0.6577935218811035,0.028816981241106987,10.329753875732422,0.9765594601631165
28851,0.7767042517662048,0.0038437843322753906,0.02732774429023266,13.125805854797363,0.284750372171402
28854,-3.91265869140625,-0.20184235274791718,0.00864499993622303,27.266433715820312,0.0
28870,1.7157089710235596,0.7444576621055603,0.03071807138621807,10.145265579223633,1.0485382080078125
28877,2.114183187484741,1.6674469709396362,0.031696464866399765,8.732036590576172,2.1831910610198975
28900,-1.7215677499771118,-0.1976805180311203,0.016239576041698456,19.992122650146484,0.01750488393008709
28902,-1.7127145528793335,-0.2017505168914795,0.014147027395665646,18.958314895629883,0.00015563964552711695
28947,-0.8069006204605103,-0.2009745091199875,0.018133291974663734,16.752328872680664,0.001437377999536693
28973,1.3704851865768433,0.0911295935511589,0.02472311444580555,9.871088981628418,0.43617555499076843
28982,0.5352305769920349,-0.017700672149658203,0.02571822702884674,13.503878593444824,0.2715393006801605
28995,-0.5638670325279236,-0.14309237897396088,0.01774238422513008,14.976025581359863,0.10535889118909836
28997,-0.16518907248973846,-0.18695825338363647,0.023185135796666145,15.337424278259277,0.03406524658203125
28999,0.08646431565284729,0.30162179470062256,0.022066710516810417,14.402650833129883,0.535815417766571
29022,1.456304907798767,0.24712756276130676,0.03126249834895134,11.737417221069336,0.9134491086006165
29032,-0.4506409764289856,-0.19126389920711517,0.018552696332335472,15.044791221618652,0.0108642578125
29040,1.4876067638397217,0.3732627332210541,0.03017144463956356,11.011662483215332,0.717529296875
29061,0.49024924635887146,0.21750889718532562,0.02468608319759369,12.993834495544434,0.4832443296909332
29077,-0.4328310191631317,-0.19096265733242035,0.02262588031589985,16.435991287231445,0.02152710035443306
29110,0.4496975839138031,-0.17373345792293549,0.024222007021307945,13.609463691711426,0.0489959716796875
29127,0.8325711488723755,0.31849023699760437,0.023208096623420715,11.160138130187988,1.0895248651504517
29145,2.556856870651245,0.7155560851097107,0.03781509771943092,9.163960456848145,1.214209794998169
29251,-1.4383533000946045,-0.19812524318695068,0.016472555696964264,18.65917205810547,0.0063323974609375
29256,1.2776907682418823,0.02629539929330349,0.03537682071328163,12.412492752075195,0.6149017214775085
29268,0.05390269681811333,-0.1404220163822174,0.021731974557042122,13.66940975189209,0.08155518025159836
29342,-0.6037814617156982,0.023910418152809143,0.01759592816233635,15.319172859191895,0.608752429485321
29358,-0.916327953338623,-0.20128846168518066,0.017785444855690002,16.83303451538086,0.00079345703125
29373,0.8735432028770447,0.2743496298789978,0.024794211611151695,11.684883117675781,0.4589553773403168
29386,0.31275320053100586,-0.1620691418647766,0.02493496611714363,14.021807670593262,0.08624877780675888
29390,0.7347947359085083,-0.17023973166942596,0.028003105893731117,13.6324462890625,0.04367370530962944
29392,0.4620075225830078,-0.10635828971862793,0.02599605917930603,13.70366096496582,0.13727246224880219
29393,-1.365256428718567,-0.20132704079151154,0.016103507950901985,18.35940933227539,0.0007843017810955644
29432,1.2210191488265991,-0.050095099955797195,0.026459813117980957,11.123924255371094,0.3194068968296051
29454,0.7678509950637817,0.06307949870824814,0.026079196482896805,12.389552116394043,0.26488038897514343
29463,1.8981459140777588,0.1303398311138153,0.03399807587265968,10.452045440673828,0.5001754760742188
29482,1.8755468130111694,0.3985210359096527,0.03185884281992912,9.911523818969727,0.6462127566337585
29491,1.5388587713241577,0.20071172714233398,0.03322823345661163,11.54532527923584,0.5678543448448181
29521,-3.3653504848480225,-0.20184235274791718,0.011019359342753887,25.39790153503418,0.0
29549,0.29501035809516907,0.22200290858745575,0.02216034010052681,12.729198455810547,0.8087738156318665
29566,-1.1830434799194336,-0.19876661896705627,0.017520509660243988,17.5577449798584,0.0039611817337572575
29575,-2.258784294128418,-0.20102456212043762,0.01363526750355959,21.22541618347168,0.00347900390625
29577,1.2566733360290527,0.33101651072502136,0.028764789924025536,11.09157943725586,0.5162017941474915
29603,-1.4407700300216675,-0.19894137978553772,0.01625501550734043,18.876361846923828,0.0025375366676598787
29608,1.8508268594741821,0.4683291018009186,0.03349125757813454,10.976287841796875,1.1666046380996704
29624,0.723832905292511,0.24219465255737305,0.02386237308382988,11.735543251037598,0.6425308585166931
29660,-1.0480374097824097,-0.16108457744121552,0.01872655563056469,17.988473892211914,0.11031647026538849
29712,1.968711256980896,0.010726887732744217,0.03716413304209709,10.884132385253906,0.3287902772426605
29713,0.6046255826950073,-0.10153885185718536,0.02586124837398529,13.510197639465332,0.11577301472425461
29755,1.3369312286376953,0.33548682928085327,0.030077744275331497,11.879392623901367,0.8273529410362244
29757,0.8037199974060059,-0.04858941584825516,0.029836585745215416,13.449777603149414,0.31622314453125
29758,-0.026050060987472534,-0.07047408819198608,0.021883463487029076,13.98699951171875,0.14121094346046448
29760,0.698708176612854,0.21555982530117035,0.023779287934303284,10.987472534179688,0.6789230704307556
29775,0.9689422845840454,-0.2290056049823761,0.02872205153107643,13.263691902160645,-0.013986587524414062
29785,1.5511455535888672,0.05152541399002075,0.032564155757427216,11.721026420593262,0.3204101622104645
29795,1.7985117435455322,0.12431404739618301,0.034235887229442596,10.918986320495605,0.4571426510810852
29817,0.11188554018735886,-0.18694579601287842,0.024577314034104347,14.737771987915039,0.02918090857565403
29832,-2.5833871364593506,-0.20167593657970428,0.01198414247483015,22.305753707885742,0.000244140625
29842,0.7291938662528992,0.1223842054605484,0.025874683633446693,12.258667945861816,0.8227600455284119
29857,-0.9652846455574036,-0.19917821884155273,0.018314871937036514,17.04543113708496,0.0041961669921875
29883,0.7437617182731628,0.6137614250183105,0.02235344611108303,10.947949409484863,1.144873023033142
29890,0.32157930731773376,0.050807155668735504,0.027351295575499535,14.79820442199707,0.307830810546875
29896,-0.4179028570652008,-0.10548941045999527,0.020070144906640053,15.27826976776123,0.20324401557445526
29961,-0.4858151376247406,-0.17273466289043427,0.01950964890420437,15.681302070617676,0.03122558631002903
29969,-3.1248552799224854,-0.20184235274791718,0.011249982751905918,24.61958885192871,0.0
29970,0.7131826877593994,-0.13108521699905396,0.023266807198524475,11.218987464904785,0.15036164224147797
30016,-2.807577133178711,-0.20179998874664307,0.013389252126216888,23.695669174194336,3.662109520519152e-05
30042,-0.44830965995788574,-0.20015902817249298,0.022114044055342674,16.360254287719727,0.0038330077659338713
30054,1.2341036796569824,-0.13678668439388275,0.030172452330589294,12.162107467651367,0.12444877624511719
30090,-1.384102702140808,-0.2014799416065216,0.015995174646377563,18.1008243560791,0.0004852295096497983
30098,-1.6411837339401245,-0.20175214111804962,0.015990635380148888,19.48128318786621,0.000244140625
30099,-1.4198791980743408,-0.19577841460704803,0.015538327395915985,18.54873275756836,0.0049499510787427425
30112,0.8092202544212341,0.03351385146379471,0.02608129382133484,11.989460945129395,0.329092413187027
30129,1.1816580295562744,0.18414205312728882,0.029880573973059654,12.173979759216309,0.9206482172012329
30137,-0.09468528628349304,-0.17200370132923126,0.02103869430720806,14.59369945526123,0.03835449367761612
30155,1.0668706893920898,0.6991398334503174,0.031385838985443115,13.434370994567871,2.373727560043335
30201,-2.095822334289551,-0.20153069496154785,0.012582140974700451,19.80683135986328,0.0005462646367959678
30207,-0.26892444491386414,-0.1992647498846054,0.02154277078807354,15.286787986755371,0.0037109374534338713
30279,0.48116928339004517,-0.1713913530111313,0.02475051023066044,13.286702156066895,0.03675537183880806
30283,0.49092039465904236,-0.1848718374967575,0.028038272634148598,14.170022964477539,0.032928466796875
30308,1.0852471590042114,0.014228112064301968,0.029186353087425232,12.361526489257812,0.379150390625
30310,0.9979016184806824,0.28534799814224243,0.028287826105952263,12.053515434265137,1.9669967889785767
30349,-1.3776946067810059,-0.17103950679302216,0.01574067212641239,17.887548446655273,0.04093628004193306
30359,0.7469064593315125,-0.10565300285816193,0.025602057576179504,13.090571403503418,0.09697570651769638
30370,0.06421411037445068,-0.1981983780860901,0.02669498696923256,15.627978324890137,0.0064849853515625
30375,0.9367882609367371,0.08051075041294098,0.027076855301856995,11.880034446716309,0.43618470430374146
30381,1.6671046018600464,-2.608671820780728e-05,0.03323400020599365,11.924260139465332,0.2917740046977997
30387,-0.9137075543403625,-0.16439774632453918,0.01894827000796795,17.48213005065918,0.05962829664349556
30393,-0.11116375774145126,-0.1798826903104782,0.021175289526581764,14.154009819030762,0.07349395751953125
30395,-0.8688888549804688,-0.19838176667690277,0.0203718114644289,17.673904418945312,0.004589844029396772
30477,2.461189031600952,0.49821096658706665,0.03742867335677147,10.266322135925293,0.923144519329071
30519,0.40747615694999695,-0.1889909952878952,0.026216283440589905,14.34617805480957,0.0190887451171875
30523,2.059338331222534,0.09000656008720398,0.03215174004435539,9.221452713012695,0.6083076596260071
30554,-3.6992027759552,-0.20184235274791718,0.009692846797406673,26.75864601135254,0.0
30579,1.5667458772659302,0.43509426712989807,0.02750818431377411,9.266121864318848,1.0039199590682983
30590,-0.16127806901931763,-0.18255478143692017,0.023297343403100967,15.404078483581543,0.03253784403204918
30629,1.4330437183380127,0.3035614490509033,0.029944628477096558,11.172622680664062,0.8083267211914062
30642,2.776519536972046,0.5663971304893494,0.03807384520769119,8.977108001708984,1.062975287437439
30684,2.100717067718506,0.2441590577363968,0.03876360133290291,11.164579391479492,0.546862781047821
30698,0.6942684054374695,-0.17025348544120789,0.027053168043494225,13.281109809875488,0.05208129808306694
30701,0.6434937715530396,-0.17323601245880127,0.026205340400338173,13.4182710647583,0.04879150539636612
30703,-2.8742516040802,-0.20183658599853516,0.012211200781166553,23.942907333374023,6.10351571594947e-06
30723,0.5360787510871887,-0.010961443185806274,0.0266550425440073,13.81712532043457,0.17168579995632172
30735,1.7913626432418823,1.8562694787979126,0.029981909319758415,10.081400871276855,2.7727935314178467
30742,0.17216472327709198,-0.039224736392498016,0.0245700404047966,13.941332817077637,0.29603004455566406
30757,2.7767674922943115,1.4532690048217773,0.03997908905148506,9.303023338317871,3.3454835414886475
30819,-0.6100166440010071,-0.14407415688037872,0.02148638851940632,16.736454010009766,0.08490600436925888
30831,-2.685309410095215,-0.20182593166828156,0.012531098909676075,22.772232055664062,2.441406286379788e-05
30847,-0.51002037525177,-0.14209143817424774,0.019781017675995827,15.46406078338623,0.08965148776769638
30889,0.35518768429756165,-0.05271483585238457,0.024149833247065544,13.269282341003418,0.41476136445999146
30927,-0.9966239929199219,-0.2013176530599594,0.019857186824083328,18.029708862304688,0.001223754952661693
30965,-2.341276168823242,-0.20184235274791718,0.012501547113060951,21.264957427978516,0.0
30994,1.8135589361190796,0.10440760105848312,0.033235352486371994,10.966792106628418,0.45596009492874146
31021,-0.6545391082763672,-0.192930206656456,0.018357565626502037,16.06501579284668,0.01589355431497097
31031,0.7678154110908508,-0.1177273616194725,0.027104554697871208,13.185942649841309,0.10382995754480362
31038,-2.0482404232025146,-0.20170894265174866,0.01373913325369358,20.592668533325195,0.00014038085646461695
31043,0.8814608454704285,0.14570119976997375,0.027603277936577797,12.165376663208008,0.7625457644462585
31044,0.30895835161209106,-0.11667784303426743,0.0234859436750412,13.633334159851074,0.22327271103858948
31047,-0.1592738926410675,-0.1670694798231125,0.02153327874839306,14.720636367797852,0.04182739183306694
31111,0.8181375861167908,0.0042747072875499725,0.030029267072677612,13.950140953063965,0.4985504150390625
31129,1.1778799295425415,-0.048115722835063934,0.02524229884147644,10.426565170288086,0.20768432319164276
31132,0.181416317820549,-0.08562108129262924,0.022401658818125725,13.559579849243164,0.17020569741725922
31145,-1.6207987070083618,-0.20149953663349152,0.016625380143523216,19.594274520874023,0.0006347656599245965
31149,1.1534448862075806,0.47417980432510376,0.029203196987509727,12.371153831481934,0.987103283405304
31180,-3.935208559036255,-0.20184235274791718,0.007730406709015369,26.927825927734375,0.0
31190,-2.1024627685546875,-0.201816588640213,0.013623354025185108,20.709796905517578,5.187988426769152e-05
31200,-0.8189908266067505,-0.19839586317539215,0.018135836347937584,16.719533920288086,0.004779052920639515
31226,0.7221505045890808,0.9540541768074036,0.027188841253519058,12.800261497497559,1.1300019025802612
31248,-3.409550428390503,-0.20184235274791718,0.00895217340439558,24.803007125854492,0.0
31273,0.35039228200912476,-0.185926616191864,0.023218413814902306,13.3303861618042,0.05246124416589737
31292,1.1335421800613403,-0.06561415642499924,0.02854423224925995,12.17418384552002,0.1737220734357834
31302,-4.8194403648376465,-0.20184235274791718,0.006457112729549408,30.74917984008789,0.0
31309,-3.5190014839172363,-0.20184235274791718,0.01018744520843029,26.17807388305664,0.0
31347,0.4186228811740875,-0.06089438125491142,0.022460756823420525,12.843040466308594,0.1493682861328125
31355,1.552895426750183,0.48909449577331543,0.03141744062304497,11.302705764770508,1.399932861328125
31376,-0.638478696346283,-0.1986176073551178,0.019084369763731956,16.057737350463867,0.0037872313987463713
31439,-0.6311622858047485,-0.19825032353401184,0.019465060904622078,16.308752059936523,0.008798218332231045
31543,2.7232847213745117,2.5084145069122314,0.042215343564748764,9.775394439697266,3.4623444080352783
31551,-0.2378932237625122,0.06902804225683212,0.01678420417010784,12.989520072937012,0.4496704041957855
31555,1.1506906747817993,0.07282070815563202,0.028344888240098953,12.052353858947754,0.392221063375473
31574,-1.8193647861480713,-0.20004570484161377,0.014847193844616413,20.16414451599121,0.0016845703357830644
31578,1.301353931427002,0.06063215807080269,0.028657034039497375,11.406310081481934,0.3026580810546875
31592,-0.0005981624126434326,-0.15643328428268433,0.02445167861878872,15.522384643554688,0.07110442966222763
31611,0.6542503833770752,-0.0724165067076683,0.024055711925029755,12.521929740905762,0.11023864895105362
31620,1.5771573781967163,-0.07199373841285706,0.0326310358941555,11.6568021774292,0.24600525200366974
31631,0.24019663035869598,-0.19021400809288025,0.024536585435271263,14.13278865814209,0.01930999755859375
31646,2.1021087169647217,0.13844917714595795,0.034725576639175415,9.913321495056152,0.47873154282569885
31647,0.7415893077850342,-0.16350439190864563,0.02946535311639309,13.906939506530762,0.068511962890625
31650,0.570663571357727,-0.006562111433595419,0.026315001770853996,13.78122615814209,0.47979736328125
31708,0.35256606340408325,-0.16944578289985657,0.02562740258872509,14.768202781677246,0.03078765980899334
31793,-0.6022214293479919,-0.16826415061950684,0.01992282271385193,16.282943725585938,0.05967407301068306
31801,-1.2512810230255127,-0.1765652298927307,0.018207192420959473,18.697561264038086,0.01921691931784153
31836,1.1154292821884155,-0.05346117168664932,0.028239479288458824,11.354646682739258,0.225616455078125
31856,-2.7658040523529053,-0.20184235274791718,0.011907651089131832,23.167987823486328,0.0
31877,-0.5289530754089355,-0.0851018950343132,0.019152021035552025,15.266383171081543,0.1046142578125
31883,1.8338955640792847,0.7262958288192749,0.03287416324019432,10.648646354675293,1.1843093633651733
31901,-0.4021623730659485,-0.18698248267173767,0.019638320431113243,15.048812866210938,0.01749267615377903
31922,1.4126033782958984,0.14381523430347443,0.02880103886127472,10.53044605255127,0.506915271282196
31960,0.5254724025726318,-0.17337580025196075,0.027139944955706596,14.117390632629395,0.06194458156824112
31973,1.2530357837677002,0.15572701394557953,0.027703149244189262,10.832714080810547,0.452810674905777
31977,0.962573230266571,-0.06066615507006645,0.02750881016254425,12.288164138793945,0.18373413383960724
31994,-0.20105336606502533,-0.16437576711177826,0.020886557176709175,14.839225769042969,0.08279114216566086
31995,-2.9617867469787598,-0.2018379271030426,0.01042950339615345,23.24507713317871,1.220703143189894e-05
32001,1.1877506971359253,0.5248152613639832,0.025186339393258095,10.109667778015137,1.3743469715118408
32012,-1.42642080783844,-0.20168428122997284,0.017390480265021324,19.18617820739746,0.0002471923944540322
32031,0.7299750447273254,0.006521227303892374,0.02496834099292755,12.495474815368652,0.2082672119140625
32079,1.3115142583847046,-0.09323674440383911,0.02906477265059948,11.236990928649902,0.23087158799171448
32093,-4.0077056884765625,-0.20184235274791718,0.008991426788270473,27.8893985748291,0.0
32118,1.7353403568267822,-0.01806940697133541,0.03488393872976303,11.959455490112305,0.37926027178764343
32199,-1.9287300109863281,-0.20132020115852356,0.013109372928738594,19.46965217590332,0.0006622314685955644
32227,1.2863200902938843,0.03183388710021973,0.030808646231889725,11.102492332458496,0.24926452338695526
32238,2.018440008163452,0.08157508820295334,0.03529929742217064,10.985419273376465,0.4293762147426605
32272,-1.5731288194656372,-0.19686920940876007,0.016795232892036438,19.552644729614258,0.007852173410356045
32342,0.8997354507446289,0.318709135055542,0.027065282687544823,12.262252807617188,0.922375500202179
32364,-2.5526983737945557,-0.2018173485994339,0.013076392002403736,22.613557815551758,6.103515625e-05
32393,0.7976586222648621,-0.14609429240226746,0.026830866932868958,12.897381782531738,0.09683074802160263
32425,-3.0264875888824463,-0.20177999138832092,0.010544045828282833,23.844497680664062,0.0002685546933207661
32427,-0.7884068489074707,-0.1394219845533371,0.015437214635312557,14.796043395996094,0.07523498684167862
32452,1.0227787494659424,0.21292994916439056,0.026829222217202187,11.704273223876953,0.478829950094223
32481,2.373976469039917,0.14497415721416473,0.038144584745168686,9.847450256347656,0.5892059206962585
32511,2.244049310684204,1.0034575462341309,0.035613566637039185,10.33200454711914,2.5757110118865967
32516,0.8266386389732361,0.5416131019592285,0.025706246495246887,11.761274337768555,1.245996117591858
32529,-3.179879903793335,-0.20134513080120087,0.007391590159386396,22.88530921936035,0.0009567260858602822
32554,1.0426594018936157,0.22508744895458221,0.02926083281636238,11.886977195739746,0.7313019037246704
32556,0.9650680422782898,-0.17806051671504974,0.030153846368193626,13.521269798278809,0.04455871507525444
32625,1.5861605405807495,-0.10818435251712799,0.03270355984568596,11.400313377380371,0.19563789665699005
32636,-1.3328847885131836,-0.20064957439899445,0.015549656935036182,17.736242294311523,0.001373291015625
32667,0.3727743327617645,0.24256525933742523,0.023906655609607697,12.841618537902832,1.0479034185409546
32677,-3.796309232711792,-0.20184235274791718,0.009208782576024532,26.739450454711914,0.0
32719,1.2861218452453613,0.9598718881607056,0.028831128031015396,11.275572776794434,1.0081207752227783
32751,0.18080727756023407,-0.19593951106071472,0.02414964698255062,14.633981704711914,0.006808471865952015
32769,0.5622512102127075,-0.011316868476569653,0.02390643209218979,12.496002197265625,0.25667116045951843
32770,1.3179867267608643,0.022507857531309128,0.030586233362555504,12.934483528137207,0.20859681069850922
32773,-0.5136445760726929,-0.19692747294902802,0.01931907795369625,15.394187927246094,0.008410644717514515
32780,-0.8850621581077576,-0.20024017989635468,0.017089908942580223,15.904611587524414,0.0021606446243822575
32782,-0.07940462976694107,-0.1767844408750534,0.02302335761487484,15.197199821472168,0.03274231031537056
32785,-2.571155309677124,-0.2017359733581543,0.011283762753009796,21.723182678222656,0.0004394531424622983
32788,-0.01674622856080532,0.03825668618083,0.022696053609251976,14.531140327453613,0.24568787217140198
32796,-1.7125828266143799,-0.20001009106636047,0.014967011287808418,19.472864151000977,0.0020874023903161287
32801,-2.121534824371338,-0.20183785259723663,0.013301888480782509,20.50921058654785,1.220703143189894e-05
32821,-1.995342493057251,-0.20111583173274994,0.014821377582848072,21.053329467773438,0.0008026123396120965
32845,0.26386770606040955,-0.14749418199062347,0.023000624030828476,13.64947509765625,0.09094543755054474
32862,2.176028251647949,0.7421013712882996,0.03402991592884064,9.583080291748047,1.7715576887130737
32877,0.14339880645275116,-0.11275839060544968,0.02587098442018032,15.513933181762695,0.306884765625
32889,1.588378667831421,0.10343118757009506,0.030571917071938515,10.66931438446045,0.5006797909736633
32895,-1.888779878616333,-0.2017674446105957,0.016100015491247177,20.53223419189453,0.00014953613572288305
32906,-1.2363771200180054,-0.20074057579040527,0.016706010326743126,17.7229061126709,0.00424957275390625
32910,1.0255087614059448,-0.08657883107662201,0.030118564143776894,12.290984153747559,0.18075256049633026
32912,-3.1789557933807373,-0.20182204246520996,0.010253782384097576,24.333219528198242,3.662109520519152e-05
32919,1.294930338859558,0.1642565131187439,0.028792673721909523,11.897676467895508,0.315481573343277
32926,0.6228174567222595,-0.18975123763084412,0.026807716116309166,13.954398155212402,0.01573486439883709
33017,1.8287769556045532,0.8128401637077332,0.032904252409935,10.092867851257324,1.5592468976974487
33064,2.33351993560791,0.09846717864274979,0.036770958453416824,9.797820091247559,0.3900146484375
33067,-0.927092969417572,-0.18270254135131836,0.020636267960071564,17.63401222229004,0.01854858361184597
33079,-0.8087455034255981,-0.11533627659082413,0.01394733227789402,13.995073318481445,0.10932006686925888
33142,-0.6932026147842407,-0.20075276494026184,0.021369507536292076,17.24435043334961,0.0019439697498455644
33154,-0.748717725276947,-0.1992790848016739,0.017238298431038857,15.793086051940918,0.002645874163135886
33166,1.5026029348373413,0.43209710717201233,0.03105166368186474,11.655869483947754,1.6845673322677612
33172,1.133528709411621,-0.115080825984478,0.030470848083496094,12.417647361755371,0.2228599637746811
33193,-0.7291607856750488,-0.20046274363994598,0.019063321873545647,16.528539657592773,0.0017761230701580644
33246,-0.6454434394836426,-0.17587845027446747,0.020643720403313637,16.652803421020508,0.02069702185690403
33259,0.6907972097396851,-0.08996372669935226,0.02857179008424282,13.955222129821777,0.240336611866951
33289,1.6976232528686523,-0.004577753599733114,0.03341260179877281,11.476268768310547,0.43693238496780396
33294,-0.4285812973976135,-0.1976408213376999,0.020378513261675835,15.709765434265137,0.0051025389693677425
33295,-3.7230758666992188,-0.20184235274791718,0.009160631336271763,26.404251098632812,0.0
33297,0.5563487410545349,0.025478411465883255,0.02604156732559204,13.43181324005127,0.5976623892784119
33304,-0.420661985874176,-0.06960286945104599,0.018775327131152153,14.602717399597168,0.36238405108451843
33313,2.301802396774292,0.011947900988161564,0.038906075060367584,11.219278335571289,0.402069091796875
33320,1.3624931573867798,0.550170361995697,0.03179182857275009,11.671844482421875,1.266668677330017
33333,1.932318925857544,0.31916603446006775,0.032048169523477554,10.147315979003906,0.806805431842804
33338,0.5082360506057739,-0.10998322814702988,0.02230853959918022,12.236772537231445,0.08836212009191513
33394,0.9683610200881958,0.06736253947019577,0.028023958206176758,12.541356086730957,0.33597907423973083
33429,-2.236285448074341,-0.20183084905147552,0.012208963744342327,20.812170028686523,1.220703143189894e-05
33455,-0.08245132863521576,-0.18724139034748077,0.020861411467194557,14.397892951965332,0.02036743238568306
33464,-0.08023372292518616,-0.10980186611413956,0.02266683056950569,15.52800464630127,0.0930023193359375
33476,0.8549591302871704,0.36749348044395447,0.024921400472521782,11.72753620147705,0.9081817865371704
33477,0.3843339681625366,-0.17912942171096802,0.027480820193886757,14.928038597106934,0.02918395958840847
33504,0.5725037455558777,0.20130620896816254,0.02480175904929638,12.713543891906738,0.5251526236534119
33534,1.7079929113388062,0.41122007369995117,0.031211337074637413,10.29481029510498,0.5416366457939148
33552,0.8264223337173462,-0.005663316231220961,0.02546278014779091,11.8078031539917,0.2268524169921875
33567,-0.11079926788806915,-0.19364754855632782,0.022280646488070488,15.532084465026855,0.006404113955795765
33576,3.235908269882202,2.4264333248138428,0.04366330802440643,8.410147666931152,4.817080974578857
33578,-1.3034690618515015,-0.20030473172664642,0.017071137204766273,18.315393447875977,0.00347900390625
33606,-2.6427485942840576,-0.2018323391675949,0.0118403946980834,22.45698356628418,2.441406286379788e-05
33622,0.5531747937202454,-0.14709122478961945,0.026635197922587395,13.649757385253906,0.0851287841796875
33631,-1.7747793197631836,-0.20167379081249237,0.014687749557197094,19.72430992126465,0.00014190674119163305
33702,0.01977229118347168,-0.16076961159706116,0.0210729967802763,13.765521049499512,0.056243896484375
33707,1.7983877658843994,0.2804265320301056,0.03109109401702881,9.91701889038086,0.873583972454071
33710,-1.071051836013794,-0.19662407040596008,0.019003374502062798,17.871002197265625,0.014508056454360485
33720,1.1925474405288696,0.40062281489372253,0.030869537964463234,12.142829895019531,0.861340343952179
33723,0.23959822952747345,0.15632884204387665,0.023851554840803146,14.150397300720215,0.45048218965530396
33747,0.7312873005867004,-0.1241898313164711,0.02654355764389038,13.167863845825195,0.17539368569850922
33757,1.5709179639816284,0.23698437213897705,0.03231826424598694,11.17092514038086,0.8584839105606079
33765,-0.2052702009677887,-0.05589088797569275,0.020314287394285202,13.932069778442383,0.365548700094223
33768,1.8983573913574219,0.3172711431980133,0.03329719230532646,10.610135078430176,0.7539337277412415
33820,-4.027498245239258,-0.20184235274791718,0.0075756460428237915,27.208860397338867,0.0
33835,-2.0161478519439697,-0.20175564289093018,0.01394620444625616,20.476591110229492,9.765625145519152e-05
33912,0.5103273391723633,0.17910802364349365,0.02374146692454815,12.671625137329102,0.7754196524620056
33927,-2.0186479091644287,-0.20049570500850677,0.01293964870274067,19.783784866333008,0.0016159057850018144
33957,-1.8310412168502808,-0.20144610106945038,0.01620389334857464,20.607839584350586,0.0009490966913290322
33962,0.0720646008849144,-0.16259510815143585,0.023205546662211418,14.29430866241455,0.07273560017347336
33997,0.3956508934497833,-0.19193898141384125,0.026363572105765343,14.74901294708252,0.013531493954360485
34003,1.682295799255371,0.4560733437538147,0.02964150346815586,9.507701873779297,0.7740533947944641
34007,0.8015561103820801,-0.0690399557352066,0.026421179994940758,12.589219093322754,0.143890380859375
34027,-0.41255027055740356,-0.17058336734771729,0.01949416473507881,14.850786209106445,0.07900390774011612
34048,-2.904163360595703,-0.20160607993602753,0.010823897086083889,23.49720001220703,0.0005004882696084678
34054,0.12762266397476196,-0.032768528908491135,0.02245357073843479,14.589289665222168,0.18526916205883026
34057,2.329843521118164,1.4536246061325073,0.03425822779536247,8.682738304138184,2.503279209136963
34059,1.730031967163086,0.1417752504348755,0.029878666624426842,9.721868515014648,0.4961170256137848
34074,0.8399211764335632,-0.15731745958328247,0.026180578395724297,12.453570365905762,0.07515869289636612
34112,-0.7066255211830139,-0.20085839927196503,0.020801054313778877,17.06130027770996,0.00311279296875
34117,0.48107001185417175,0.03859076648950577,0.023885099217295647,13.080720901489258,0.5455337762832642
34133,-2.0107667446136475,-0.20170007646083832,0.014847462065517902,20.849382400512695,0.00010986328561557457
34183,0.07827281951904297,0.2530534267425537,0.019291121512651443,12.395793914794922,1.2318451404571533
34186,-0.4169386029243469,-0.022301627323031425,0.019032372161746025,14.724319458007812,0.3179870545864105
34188,0.6105930209159851,-0.1831834316253662,0.028199946507811546,14.20585823059082,0.02767333947122097
34216,-0.5208856463432312,-0.14517125487327576,0.0187668576836586,15.682085037231445,0.060546875
34220,-0.8452265858650208,-0.16541293263435364,0.01773294433951378,16.39939308166504,0.05360717698931694
34221,-4.8458147048950195,-0.20184235274791718,0.006304129492491484,30.7906436920166,0.0
34299,1.4987200498580933,-0.09731846302747726,0.029611939564347267,11.343310356140137,0.15018463134765625
34302,0.772123396396637,-0.07544844597578049,0.025525975972414017,12.194658279418945,0.24453888833522797
34303,0.03829660266637802,0.09145666658878326,0.021809494122862816,13.498209953308105,0.702960193157196
34323,0.13927416503429413,0.3334960639476776,0.02137574926018715,13.511049270629883,1.1472504138946533
34374,-0.47052183747291565,-0.1732596904039383,0.02105085738003254,15.858952522277832,0.02587890625
34382,1.60323166847229,0.22234678268432617,0.0327947698533535,11.430376052856445,0.5783950686454773
34476,0.3315871059894562,-0.0919766053557396,0.0241082776337862,13.511337280273438,0.28070068359375
34494,0.48533400893211365,0.0425930917263031,0.022303011268377304,11.902687072753906,0.3387405574321747
34516,1.9768513441085815,0.004773616325110197,0.0333079919219017,10.342201232910156,0.2661476135253906
34541,-0.03161439299583435,-0.08189591020345688,0.020168200135231018,13.452519416809082,0.13883666694164276
34565,0.04190663993358612,-0.1927853673696518,0.02496698871254921,15.216293334960938,0.01064300537109375
34626,1.4509329795837402,0.07683512568473816,0.03198765590786934,11.67670726776123,0.6336517333984375
34634,0.8116726875305176,0.3961334526538849,0.025471528992056847,11.369490623474121,1.0488709211349487
34635,0.7465369701385498,0.3418372571468353,0.025806475430727005,12.823103904724121,0.5573944449424744
34687,0.4932316839694977,0.036896999925374985,0.0247067641466856,13.715716361999512,0.143585205078125
34702,0.9963582158088684,0.641004204750061,0.023536033928394318,10.101248741149902,0.9857940673828125
34728,1.439913272857666,-0.047283899039030075,0.030160268768668175,10.943178176879883,0.2838897705078125
34736,0.9311980605125427,0.9232039451599121,0.024242760613560677,10.895499229431152,2.376220703125
34755,-1.3906962871551514,-0.20151162147521973,0.017362628132104874,18.779245376586914,0.0004867553652729839
34797,0.8725587129592896,-0.10187134891748428,0.026822242885828018,12.909956932067871,0.15830078721046448
34803,1.5350453853607178,0.034781474620103836,0.03250710666179657,11.74957275390625,0.3901870846748352
34812,0.17873845994472504,-0.1398531049489975,0.021939583122730255,13.520805358886719,0.15799255669116974
34818,0.4549061357975006,-0.041688285768032074,0.024584714323282242,12.584989547729492,0.3038268983364105
34833,-2.0653417110443115,-0.20173397660255432,0.01486965548247099,21.096729278564453,0.00010986328561557457
34837,-2.4042348861694336,-0.1954585611820221,0.013780581764876842,21.97369956970215,0.01434936560690403
34839,-0.3000400960445404,-0.18554167449474335,0.02197829820215702,15.732731819152832,0.02156982384622097
34854,1.6954330205917358,0.592229425907135,0.030905505642294884,10.749373435974121,0.7241119742393494
34879,0.29908472299575806,-0.19502177834510803,0.024569109082221985,14.27288818359375,0.01021423377096653
34884,0.7894774675369263,-0.16467833518981934,0.02972397208213806,13.562457084655762,0.0566558837890625
34888,0.5711163282394409,-0.1313801109790802,0.022282935678958893,12.202472686767578,0.09093933552503586
34891,-3.6815407276153564,-0.20184235274791718,0.009374693967401981,26.559391021728516,0.0
34931,0.09753765910863876,-0.13870571553707123,0.026778345927596092,15.460637092590332,0.110931396484375
34935,0.25094541907310486,0.0004970230511389673,0.023372771218419075,13.067522048950195,0.3911197781562805
34941,-2.710958957672119,-0.20184235274791718,0.011345514096319675,22.314298629760742,0.0
34945,1.0099514722824097,-0.04066413640975952,0.027685029432177544,12.280637741088867,0.33594971895217896
34954,0.6688118577003479,-0.1408153921365738,0.023266492411494255,12.070086479187012,0.09595947712659836
35000,1.7173967361450195,-0.07343447953462601,0.033634673804044724,11.1417875289917,0.23586730659008026
35055,-1.1902084350585938,-0.19963602721691132,0.01735636591911316,18.214359283447266,0.003652954241260886
35125,0.008949944749474525,-0.12196910381317139,0.02315329574048519,14.883566856384277,0.11307678371667862
35155,2.2406792640686035,0.6824752688407898,0.034031495451927185,9.371011734008789,1.704199194908142
35166,-4.400407791137695,-0.20184235274791718,0.006233167368918657,28.488157272338867,0.0
35189,-0.8047283291816711,-0.18901364505290985,0.018424509093165398,16.63315200805664,0.013316345401108265
35227,1.5176985263824463,-0.06955522298812866,0.033488769084215164,12.264427185058594,0.1402740478515625
35237,-2.428494691848755,-0.20155487954616547,0.010841785930097103,20.65476417541504,0.0005432129255495965
35247,-1.1576002836227417,-0.19662830233573914,0.01898905076086521,18.389652252197266,0.009088135324418545
35265,0.7840895652770996,-0.09465939551591873,0.02548130787909031,11.832467079162598,0.28866884112358093
35273,1.9903812408447266,0.02225830778479576,0.035696424543857574,11.105854988098145,0.25088807940483093
35289,1.4615306854248047,0.11949978023767471,0.02960815839469433,11.90131950378418,0.5308929681777954
35386,2.161177635192871,0.9114803671836853,0.03257071599364281,9.102789878845215,2.129934787750244
35409,0.8539323210716248,-0.016025489196181297,0.028048306703567505,13.443562507629395,0.12166137993335724
35438,1.3339389562606812,0.004097640514373779,0.030848486348986626,12.250919342041016,0.4121139645576477
35445,-2.53483247756958,-0.20178483426570892,0.013392572291195393,22.545839309692383,0.00012817383685614914
35471,-1.712209939956665,-0.1352139413356781,0.01489106472581625,19.603195190429688,0.18736572563648224
35487,-0.00636060256510973,-0.18630282580852509,0.02094028703868389,14.070570945739746,0.03771667554974556
35497,0.21765795350074768,-0.17796234786510468,0.023716462776064873,14.228395462036133,0.03961792215704918
35513,-0.756260097026825,-0.20075397193431854,0.02045491896569729,17.153141021728516,0.0028549195267260075
35547,-3.355415105819702,-0.20184235274791718,0.01065770909190178,25.56037139892578,0.0
35552,-1.8158725500106812,-0.2017655223608017,0.016041873022913933,20.662612915039062,7.324219041038305e-05
35580,-1.5966919660568237,-0.20135903358459473,0.01592320390045643,19.426328659057617,0.0007690429920330644
35609,-0.05429694801568985,-0.16421356797218323,0.02109099179506302,14.482400894165039,0.07000427693128586
35652,-2.8012073040008545,-0.2017957717180252,0.012090321630239487,23.24834442138672,7.934570749057457e-05
35660,1.7181662321090698,-0.07188528031110764,0.03445398807525635,11.227323532104492,0.34560853242874146
35680,-0.05232226476073265,-0.19121615588665009,0.02464166469871998,15.450510025024414,0.02205810509622097
35748,1.4915059804916382,0.10377764701843262,0.03286011144518852,11.805984497070312,0.319265753030777
35751,-1.538642406463623,-0.19718007743358612,0.0160220917314291,18.74071502685547,0.010401916690170765
35775,0.6145168542861938,-0.03275715187191963,0.025403199717402458,12.417798042297363,0.17036132514476776
35801,-1.8759469985961914,-0.2015005350112915,0.010809983126819134,17.863672256469727,0.0005126953474245965
35819,-0.4219198226928711,-0.1973988264799118,0.021672362461686134,16.099018096923828,0.0070648193359375
35867,0.6434838175773621,-0.15443971753120422,0.024897878989577293,12.58045482635498,0.0533294677734375
35879,2.088799476623535,0.0959412083029747,0.03581972047686577,10.896937370300293,0.3531555235385895
35892,0.6546093225479126,-0.12138108164072037,0.02472664602100849,13.03125,0.10534515231847763
35898,-0.6936532855033875,-0.20084404945373535,0.018972434103488922,16.47034454345703,0.0015808105235919356
35918,1.0954612493515015,-0.07092785090208054,0.030391672626137733,12.828070640563965,0.18193359673023224
35989,-2.0062711238861084,-0.20182326436042786,0.014141184277832508,20.2468318939209,3.509521411615424e-05
36002,1.2392017841339111,0.2654508054256439,0.028167610988020897,11.390096664428711,0.4508216977119446
36016,-1.341130018234253,-0.1973569393157959,0.016238626092672348,17.9403076171875,0.0050910948775708675
36030,-0.3600524663925171,-0.03614209219813347,0.01970699056982994,15.282106399536133,0.12764282524585724
36035,-0.9587015509605408,-0.19550210237503052,0.016767168417572975,16.689632415771484,0.0064605711959302425
36041,0.17891819775104523,-0.17710191011428833,0.02441365085542202,14.888162612915039,0.06697387993335724
36048,-1.4992645978927612,-0.19208376109600067,0.013461320661008358,17.37557601928711,0.01175689697265625
36056,-0.6589003801345825,-0.19758236408233643,0.02149919793009758,17.412513732910156,0.00876774825155735
36073,2.3228886127471924,0.4171236455440521,0.03955359384417534,10.999261856079102,1.2600220441818237
36082,1.9390453100204468,0.008354853838682175,0.0362800769507885,11.116769790649414,0.45164796710014343
36121,0.920674741268158,0.09351670742034912,0.028557827696204185,12.969008445739746,0.6604156494140625
36139,-1.9960373640060425,-0.20180074870586395,0.015409494750201702,20.99030876159668,6.103515625e-05
36150,-0.24632084369659424,0.10635571926832199,0.01989932730793953,13.98753833770752,0.7451065182685852
36191,1.5718146562576294,-0.02838224731385708,0.03401259332895279,11.85461711883545,0.306396484375
36196,-2.3951852321624756,-0.20157840847969055,0.01182699203491211,21.44432830810547,0.0003479004080872983
36217,0.009078070521354675,-0.15027295053005219,0.0212559774518013,13.775790214538574,0.19418029487133026
36233,1.4481877088546753,-0.031589921563863754,0.03125305101275444,11.890551567077637,0.21146240830421448
36246,-3.152211904525757,-0.20184235274791718,0.0112055828794837,24.709142684936523,0.0
36301,-2.401742696762085,-0.18971280753612518,0.008839312009513378,19.405445098876953,0.012493896298110485
36362,-1.5069478750228882,-0.18954508006572723,0.01468378771096468,18.161773681640625,0.04996643215417862
36378,0.29875513911247253,-0.14975596964359283,0.023624872788786888,13.838772773742676,0.07008667290210724
36411,0.6367070078849792,-0.002180669456720352,0.02427850291132927,12.4139404296875,0.24146424233913422
36421,-0.7864007949829102,-0.20040979981422424,0.018242420628666878,16.0644588470459,0.003363037249073386
36439,-1.156825065612793,-0.20157532393932343,0.01702602580189705,17.54634666442871,0.0004333496035542339
36528,-0.5705417990684509,-0.19746021926403046,0.019770871847867966,15.761087417602539,0.010881043039262295
36532,1.0252649784088135,-0.08595016598701477,0.029581094160676003,13.275626182556152,0.22445069253444672
36540,-1.8897764682769775,-0.20173810422420502,0.01627674326300621,20.65555191040039,0.0002502441348042339
36556,0.405768483877182,-0.10215967148542404,0.024399880319833755,13.687420845031738,0.11307068169116974
36587,-0.1231759563088417,-0.19113348424434662,0.02216947078704834,14.882400512695312,0.02456054650247097
36603,-0.7443880438804626,-0.13263936340808868,0.018342452123761177,16.315580368041992,0.07528991997241974
36617,0.1557474434375763,-0.09007125347852707,0.025543009862303734,15.007800102233887,0.30016785860061646
36653,-0.01727449893951416,0.2129296511411667,0.020296888425946236,13.606776237487793,0.4399352967739105
36660,-0.16643303632736206,-0.1799304038286209,0.021235698834061623,15.032020568847656,0.02578124962747097
36669,-3.427884817123413,-0.201471209526062,0.009055335074663162,24.704418182373047,0.0004028320254292339
36757,-0.31669360399246216,-0.13650111854076385,0.015100373886525631,12.475600242614746,0.1315280944108963
36810,1.732487678527832,0.10231588035821915,0.034082211554050446,11.201070785522461,0.584320068359375
36830,2.897876024246216,1.0458091497421265,0.040654879063367844,9.106682777404785,2.975203275680542
36851,-2.615684747695923,-0.20184235274791718,0.012966418638825417,23.121585845947266,0.0
36854,1.1852717399597168,0.2122962921857834,0.02960490994155407,11.933303833007812,0.8434417843818665
36869,-1.681578516960144,-0.18810290098190308,0.014732553623616695,19.109394073486328,0.03760986402630806
36871,-0.4471112787723541,-0.07685919106006622,0.017595592886209488,14.031912803649902,0.3318023681640625
36899,-1.9204975366592407,-0.20138712227344513,0.012829720042645931,19.41209602355957,0.001025390694849193
36952,1.6902912855148315,0.7906271815299988,0.03372257575392723,11.208489418029785,2.2199935913085938
36956,0.5294981002807617,-0.03785878047347069,0.026162782683968544,14.267473220825195,0.1801704466342926
36958,1.2163439989089966,-0.10225987434387207,0.029308298602700233,11.457709312438965,0.15403442084789276
36962,-1.9910820722579956,-0.19601063430309296,0.012915626168251038,19.585933685302734,0.0059486390091478825
36964,1.058026909828186,-0.11964776366949081,0.029212897643446922,12.528197288513184,0.18076781928539276
36988,-0.45797333121299744,-0.19466643035411835,0.022409280762076378,16.81683921813965,0.008441162295639515
36997,1.5211201906204224,-0.11035092175006866,0.03234906867146492,11.26692008972168,0.140614315867424
37003,0.6951599717140198,-0.1373187154531479,0.028016244992613792,13.692789077758789,0.10647888481616974
37006,0.72365403175354,-0.11717498302459717,0.02837326191365719,13.883722305297852,0.09717712551355362
37056,-1.2127617597579956,-0.1970454752445221,0.017142273485660553,18.024160385131836,0.0038619996048510075
37059,1.3257757425308228,0.05920584872364998,0.030674466863274574,11.968729019165039,0.239654541015625
37086,-2.0942375659942627,-0.20181289315223694,0.014372370205819607,21.037588119506836,2.441406286379788e-05
37099,-1.743524432182312,-0.1977851241827011,0.014520232565701008,19.355392456054688,0.0066375732421875
37101,-0.23068325221538544,-0.1820346564054489,0.019779294729232788,14.044644355773926,0.030161285772919655
37114,0.670350193977356,0.33108797669410706,0.022559454664587975,11.36077880859375,1.2922600507736206
37125,-0.5576362013816833,-0.16634409129619598,0.019167253747582436,15.36170482635498,0.10498046875
37152,0.9480594992637634,0.3828331530094147,0.025746280327439308,11.705628395080566,0.7716461420059204
37184,-1.1697275638580322,-0.1995675414800644,0.018313482403755188,18.07427978515625,0.0026428222190588713
37196,-0.9031521081924438,-0.1997247189283371,0.02020956203341484,17.84770393371582,0.00360107421875
37210,1.8028768301010132,0.42741695046424866,0.03558947518467903,11.559854507446289,0.7308040857315063
37272,-0.31594833731651306,-0.07680612802505493,0.017058225348591805,13.527918815612793,0.15889587998390198
37291,-3.2571046352386475,-0.20184235274791718,0.010361691005527973,25.001895904541016,0.0
37312,0.9108167886734009,-0.023600205779075623,0.027685755863785744,12.193035125732422,0.4296813905239105
37317,-1.1522536277770996,-0.20114301145076752,0.01745624467730522,17.704275131225586,0.0010467529064044356
37366,0.6373313069343567,0.12212639302015305,0.025052562355995178,12.539339065551758,0.634808361530304
37369,0.3534711003303528,0.016070861369371414,0.02116316184401512,12.177651405334473,0.509075939655304
37381,0.3686397969722748,-0.18779794871807098,0.023680150508880615,13.34397029876709,0.02380981482565403
37396,1.543681025505066,-0.005577251315116882,0.03332079201936722,11.475957870483398,0.2974350154399872
37419,-1.9799175262451172,-0.2007104456424713,0.013494747690856457,19.865934371948242,0.001818847726099193
37451,-0.9906420111656189,-0.19958603382110596,0.017998995259404182,17.493257522583008,0.0021209716796875
37470,1.8528673648834229,0.13531501591205597,0.03519868850708008,11.411969184875488,0.48303529620170593
37471,0.44435831904411316,0.101444773375988,0.025794843211770058,13.149645805358887,0.6534027457237244
37501,1.7567495107650757,0.3603951632976532,0.03540095314383507,11.49893569946289,1.2158600091934204
37508,-0.25435325503349304,-0.18271076679229736,0.0218459852039814,15.745704650878906,0.02389831654727459
37531,-4.09052038192749,-0.20184235274791718,0.007632017135620117,27.638975143432617,0.0
37541,0.21931929886341095,-0.16563686728477478,0.023593368008732796,14.075764656066895,0.06802978366613388
37622,0.5112718939781189,-0.012198156677186489,0.024060457944869995,12.846285820007324,0.37346649169921875
37623,-0.4908386766910553,-0.19984272122383118,0.022305836901068687,16.554309844970703,0.0052642822265625
37685,1.0937243700027466,0.19591139256954193,0.02692599408328533,12.350482940673828,0.9224487543106079
37708,-0.2897809147834778,-0.17658601701259613,0.02396179363131523,16.663671493530273,0.06092529371380806
37736,1.278265357017517,0.2781798541545868,0.029549753293395042,11.458102226257324,0.619537353515625
37740,0.38445207476615906,0.21720898151397705,0.029791777953505516,15.247177124023438,0.898632824420929
37746,-0.618904173374176,-0.07636981457471848,0.017438169568777084,14.9017972946167,0.11255493015050888
37749,0.06501747667789459,-0.06429706513881683,0.02111845277249813,13.277442932128906,0.2002377063035965
37750,1.2193230390548706,-0.0872202143073082,0.030437534675002098,12.746663093566895,0.23681640625
37784,2.061673641204834,0.5979343056678772,0.033578839153051376,11.12967300415039,1.2726287841796875
37813,-4.576642036437988,-0.20184235274791718,0.00733552873134613,30.008066177368164,0.0
37815,0.7574943900108337,0.15176306664943695,0.02387767843902111,11.377641677856445,0.6070556640625
37834,-1.7650200128555298,-0.20180194079875946,0.014861452393233776,19.277145385742188,9.765625145519152e-05
37860,0.5395459532737732,-0.12429925054311752,0.025835206732153893,14.279764175415039,0.12358398735523224
37868,-3.5661778450012207,-0.20184235274791718,0.010127161629498005,26.15631103515625,0.0
37874,2.210484504699707,0.317947119474411,0.0361250601708889,9.878302574157715,0.8972076773643494
37880,1.034583330154419,-0.05532403662800789,0.02630452811717987,11.572365760803223,0.14319153130054474
37899,0.72271728515625,-0.05926283821463585,0.026873672381043434,12.6405668258667,0.20715180039405823
37911,0.13998910784721375,0.09703712910413742,0.019275397062301636,12.130117416381836,0.42121583223342896
37921,1.0858349800109863,0.11634209007024765,0.02917015552520752,13.066469192504883,0.29951784014701843
37946,-0.654850423336029,-0.19841280579566956,0.019113121554255486,16.270559310913086,0.008166504092514515
38004,0.49763986468315125,-0.13194243609905243,0.022290624678134918,11.957746505737305,0.08752136677503586
38013,0.4745452404022217,-0.0074744499288499355,0.02387366071343422,12.637404441833496,0.23402099311351776
38059,1.8212655782699585,0.09115385264158249,0.03446827456355095,11.669734001159668,0.6623901724815369
38074,1.02392578125,0.05846607685089111,0.027007808908820152,11.692131996154785,0.6678070425987244
38079,0.03701158985495567,-0.0857858881354332,0.02142854779958725,14.147750854492188,0.2714294493198395
38099,1.7682100534439087,-0.09776630997657776,0.0342828743159771,11.5259370803833,0.19106446206569672
38106,1.310843586921692,0.10823988914489746,0.02908935584127903,11.631644248962402,0.425070196390152
38114,1.044847846031189,0.9250158667564392,0.027858952060341835,12.615294456481934,1.5385010242462158
38118,0.8129755258560181,-0.13450859487056732,0.026917878538370132,12.924765586853027,0.08187828212976456
38140,0.6924648284912109,-0.18209777772426605,0.02729134075343609,14.0789213180542,0.02850341796875
38160,1.5976006984710693,0.3302842080593109,0.03147270902991295,11.005058288574219,0.8270477652549744
38210,2.083256483078003,-0.05426904186606407,0.036007292568683624,11.054190635681152,0.22916164994239807
38295,1.1339603662490845,0.4589126706123352,0.02655780129134655,11.620455741882324,0.5380493402481079
38302,-0.42727407813072205,-0.18933163583278656,0.02203499898314476,16.519826889038086,0.026128387078642845
38303,0.5901409983634949,0.09373285621404648,0.02271929383277893,12.003251075744629,0.3981994688510895
38313,0.7519850134849548,0.32897597551345825,0.023746434599161148,11.070154190063477,0.8670806884765625
38343,1.3480501174926758,-0.09086775034666061,0.03231421485543251,12.626358985900879,0.16369934380054474
38346,-0.7157166004180908,-0.20054903626441956,0.020468685775995255,17.128068923950195,0.0017761230701580644
38359,0.24959568679332733,-0.14590290188789368,0.02175113558769226,12.855391502380371,0.08051147311925888
38361,-0.4122473895549774,-0.05689283832907677,0.02038479782640934,15.561502456665039,0.17488403618335724
38373,1.0669214725494385,-0.08059326559305191,0.027520352974534035,12.755488395690918,0.11605224758386612
38392,0.07541123777627945,-0.18357209861278534,0.024302206933498383,15.032635688781738,0.03327331691980362
38417,-4.2455735206604,-0.20184235274791718,0.006434720009565353,27.693998336791992,0.0
38427,-1.7730308771133423,-0.20153872668743134,0.01438288576900959,19.254125595092773,0.0005126953474245965
38437,2.3220632076263428,0.49196720123291016,0.038150619715452194,10.101027488708496,0.821301281452179
38447,-2.8604793548583984,-0.20183101296424866,0.012423397973179817,23.849536895751953,4.882812572759576e-05
38471,0.28790250420570374,-0.09921512752771378,0.028264576569199562,14.800699234008789,0.18273620307445526
38489,-3.3607518672943115,-0.20184235274791718,0.00965779647231102,25.07776641845703,0.0
38498,1.2965091466903687,-0.012974127195775509,0.026597557589411736,9.89438533782959,0.4070022702217102
38503,0.3317253291606903,-0.11200544983148575,0.023823915049433708,13.420626640319824,0.11670532077550888
38507,-0.15813760459423065,-0.18131542205810547,0.021419566124677658,14.586448669433594,0.03680114820599556
38529,0.3781258761882782,-0.1261269599199295,0.02735447883605957,14.559239387512207,0.21124267578125
38555,-0.20970140397548676,-0.17687419056892395,0.02314492128789425,15.507369995117188,0.05350342020392418
38564,-0.8976374864578247,-0.19406644999980927,0.019477898254990578,17.515737533569336,0.013916015625
38582,0.08569686859846115,-0.1406569927930832,0.021078912541270256,13.790109634399414,0.06630249321460724
38600,-0.013875454664230347,-0.17744764685630798,0.022224275395274162,14.585168838500977,0.03285789489746094
38672,1.702345848083496,0.19878993928432465,0.03407897800207138,11.297709465026855,0.866711437702179
38680,1.9302395582199097,0.045271243900060654,0.03488275036215782,11.584413528442383,0.3159851133823395
38695,0.07975821942090988,-0.12667125463485718,0.022309480234980583,13.901613235473633,0.10827942192554474
38696,0.9313406348228455,-0.12832455337047577,0.029840266332030296,13.483087539672852,0.16885986924171448
38717,-0.7109300494194031,-0.19820357859134674,0.01781686209142208,16.005414962768555,0.008370972238481045
38739,-4.38820219039917,-0.20184235274791718,0.007745545357465744,29.382740020751953,0.0
38775,-0.4955783486366272,-0.015417425893247128,0.01569809392094612,13.755658149719238,0.2684783935546875
38792,-1.4261056184768677,-0.19901759922504425,0.016631843522191048,18.591930389404297,0.0042724609375
38807,0.8732404708862305,0.03474551439285278,0.02725803293287754,12.624833106994629,0.2113037109375
38819,-1.261553406715393,-0.20062625408172607,0.01726905256509781,18.12632179260254,0.0018371582264080644
38839,-0.8190513849258423,0.005713071674108505,0.014532908797264099,14.476941108703613,0.24674072861671448
38851,0.32720598578453064,-0.19302557408809662,0.02442186139523983,14.273030281066895,0.009295654483139515
38882,1.4109947681427002,0.27369424700737,0.03285510092973709,12.13053035736084,0.7088180780410767
38888,-0.97255939245224,-0.15980729460716248,0.01782890222966671,17.11983871459961,0.0454559326171875
38924,0.8813899159431458,-0.13582299649715424,0.026041409000754356,12.336811065673828,0.17235565185546875
38966,0.5461838245391846,-0.029738610610365868,0.022661332041025162,11.81391429901123,0.20033875107765198
38990,-0.023034436628222466,0.17533041536808014,0.021162359043955803,14.59276294708252,0.4096694886684418
39029,-3.119274377822876,-0.20184235274791718,0.010766974650323391,24.512001037597656,0.0
39042,-1.4357340335845947,-0.2009216547012329,0.016203513368964195,18.361942291259766,0.0013977050548419356
39090,0.9534603357315063,-0.15686021745204926,0.03161930665373802,13.651640892028809,0.09846802055835724
39116,-0.3188547194004059,-0.18876688182353973,0.01966380886733532,15.077539443969727,0.016239166259765625
39131,-1.7980331182479858,-0.20040760934352875,0.014066985808312893,19.54527473449707,0.0015686035621911287
39157,-1.1500567197799683,-0.19673573970794678,0.01846909523010254,18.4810848236084,0.007464599795639515
39176,1.11733877658844,-0.11278505623340607,0.026413796469569206,11.262885093688965,0.13796387612819672
39214,-0.3091607391834259,-0.19764983654022217,0.022657301276922226,15.904647827148438,0.0058074952103197575
39225,1.6419175863265991,0.2755853831768036,0.030963433906435966,10.473612785339355,0.738537609577179
39282,0.23364150524139404,-0.0630323514342308,0.022415660321712494,13.210186958312988,0.25610047578811646
39285,-0.3202994763851166,-0.1970861703157425,0.02040053717792034,15.759060859680176,0.009378052316606045
39318,1.8977165222167969,0.019024794921278954,0.03389660641551018,10.834689140319824,0.326242059469223
39332,1.920641303062439,0.0581219308078289,0.03570804372429848,10.8524808883667,0.36451417207717896
39414,-0.9886721968650818,-0.08761394023895264,0.01753968559205532,16.645009994506836,0.11528930813074112
39445,-3.192863702774048,-0.20184235274791718,0.010284963995218277,24.481611251831055,0.0
39446,0.26993995904922485,0.10700508207082748,0.021511957049369812,12.582894325256348,0.3809570372104645
39458,-1.8679624795913696,-0.20179665088653564,0.013711914420127869,19.835134506225586,0.00010070800635730848
39475,1.4524987936019897,1.1300921440124512,0.032383859157562256,12.349953651428223,1.8407554626464844
39479,-0.8201214075088501,-0.13795147836208344,0.018839923664927483,17.153087615966797,0.07681884616613388
39539,0.7828957438468933,0.35993969440460205,0.02311406470835209,11.307682037353516,0.987719714641571
39551,0.5341964364051819,0.004290582146495581,0.023954147472977638,12.169848442077637,0.450042724609375
39569,1.1684938669204712,0.15718980133533478,0.028235793113708496,11.6757173538208,0.70513916015625
39591,-0.013631855137646198,0.015809006989002228,0.01996571198105812,13.407005310058594,0.23525695502758026
39624,2.006345272064209,0.6162258982658386,0.03532833606004715,10.951594352722168,0.8518829345703125
39645,0.7182080149650574,0.09367586672306061,0.02653210423886776,12.317282676696777,0.447640985250473
39647,-0.7429597973823547,-0.19323083758354187,0.019134489819407463,16.807371139526367,0.02269897423684597
39649,1.1030787229537964,0.6728590130805969,0.03044537641108036,12.726771354675293,0.8095031976699829
39660,-0.8193914294242859,-0.19988329708576202,0.019477346912026405,17.413122177124023,0.003179931780323386
39669,-1.572255253791809,-0.20162871479988098,0.014596546068787575,18.498567581176758,0.0003295898495707661
39677,-0.4143895208835602,-0.07962103933095932,0.020698348060250282,15.616772651672363,0.12478027492761612
39695,0.7989817261695862,-0.018151922151446342,0.027330636978149414,12.709792137145996,0.42140504717826843
39706,0.8450302481651306,-0.17960971593856812,0.028625715523958206,13.30339241027832,0.0303192138671875
39714,-1.9770179986953735,-0.20151519775390625,0.013305184431374073,19.746849060058594,0.0006439209100790322
39742,-0.5668473243713379,-0.18981659412384033,0.019975794479250908,16.375778198242188,0.04006347805261612
39757,2.367323398590088,0.9017966389656067,0.03806963190436363,10.816267967224121,1.3502609729766846
39790,1.1895838975906372,-0.04073677211999893,0.029262959957122803,11.906943321228027,0.20133057236671448
39817,0.3900285065174103,-0.09005389362573624,0.022176256403326988,12.34186840057373,0.12691955268383026
39846,1.1957581043243408,0.04661932960152626,0.03218234330415726,12.910361289978027,0.2969207763671875
39869,-1.2120904922485352,-0.20170651376247406,0.017626110464334488,18.287445068359375,0.0002868652518372983
39893,-0.6412040591239929,-0.19734884798526764,0.01902509666979313,15.982687950134277,0.010545349679887295
39920,-0.004029983188956976,-0.18642564117908478,0.0227836761623621,14.492629051208496,0.02509460411965847
39923,-1.940137505531311,-0.2016860991716385,0.01308269053697586,19.37798500061035,0.0002868652518372983
39929,-1.0591448545455933,-0.1976262778043747,0.016859060153365135,17.045289993286133,0.006762695498764515
40002,0.27850615978240967,-0.16282318532466888,0.023695675656199455,14.13022518157959,0.04467621073126793
40014,0.014920735731720924,-0.1959918886423111,0.022536296397447586,14.568717002868652,0.012391663156449795
40051,1.2704719305038452,0.14640729129314423,0.029374361038208008,11.667716026306152,0.6651336550712585
40053,-0.1385367214679718,0.041028283536434174,0.021060725674033165,14.949983596801758,0.2940216064453125
40069,-1.4841359853744507,-0.19114185869693756,0.015801651403307915,18.529645919799805,0.012261963449418545
40151,-1.5287576913833618,-0.19951312243938446,0.01625954546034336,19.418964385986328,0.00128173828125
40154,0.7145950794219971,0.6449365019798279,0.024670859798789024,12.12549114227295,1.3193405866622925
40161,1.1177247762680054,0.0894220694899559,0.02864944376051426,11.82453727722168,0.296304315328598
40180,0.7224712371826172,-0.14452588558197021,0.026043349876999855,12.911195755004883,0.11194153130054474
40214,0.9093068242073059,-0.15613490343093872,0.030180085450410843,13.492865562438965,0.1213226318359375
40247,-0.5207152366638184,-0.09885232150554657,0.020843548700213432,16.652849197387695,0.2394157499074936
40269,0.38090014457702637,-0.18914900720119476,0.026957986876368523,14.612312316894531,0.014505005441606045
40331,0.6253654956817627,0.017445996403694153,0.02466741017997265,12.554841995239258,0.23787231743335724
40405,-2.701453685760498,-0.20184235274791718,0.011536635458469391,22.657155990600586,0.0
40417,0.27212679386138916,0.49164721369743347,0.02488366700708866,13.835806846618652,1.27093505859375
40419,-0.05922374129295349,0.17445078492164612,0.022468555718660355,14.628715515136719,0.4486755430698395
40421,0.1266944706439972,-0.18293428421020508,0.023925412446260452,14.727850914001465,0.02959594689309597
40456,-0.9202419519424438,-0.19699668884277344,0.018362803384661674,17.098352432250977,0.006549072451889515
40467,2.339766025543213,0.5719113945960999,0.03331761807203293,8.401570320129395,1.2146743535995483
40477,0.5767497420310974,0.18643520772457123,0.02540990151464939,13.102560997009277,0.42811280488967896
40481,0.023855313658714294,-0.11859960854053497,0.020464254543185234,12.972819328308105,0.15757742524147034
40489,-1.4146960973739624,-0.1961132138967514,0.015786834061145782,18.78023910522461,0.005688476841896772
40528,-1.3492058515548706,-0.20159828662872314,0.015928931534290314,18.008913040161133,0.0003295898495707661
40536,0.6741610169410706,0.7143346071243286,0.024042626842856407,12.111356735229492,0.9777069091796875
40538,1.489294171333313,0.8764813542366028,0.030208295211195946,11.06594181060791,1.9349883794784546
40616,0.44458600878715515,-0.09400542825460434,0.0230913907289505,12.712019920349121,0.15675659477710724
40632,1.6224956512451172,0.07257860898971558,0.03512973338365555,12.206015586853027,0.3282425105571747
40681,-0.0391264446079731,0.004662799183279276,0.019643085077404976,13.169302940368652,0.24783019721508026
40686,1.0512691736221313,0.9857040643692017,0.024470379576086998,9.994723320007324,1.8374481201171875
40771,-1.1288061141967773,-0.15810322761535645,0.013094945810735226,15.560925483703613,0.08889465779066086
40772,2.1805965900421143,0.3170768618583679,0.03646746650338173,10.45567512512207,0.7389587759971619
40773,-1.7445290088653564,-0.20057085156440735,0.014827683568000793,19.459836959838867,0.0034729004837572575
40776,-1.2066397666931152,-0.2013588398694992,0.017818888649344444,17.997426986694336,0.0008758545154705644
40783,0.07202762365341187,-0.09818733483552933,0.020894384011626244,13.580967903137207,0.10438232868909836
40831,-0.02430037222802639,-0.17124810814857483,0.021764300763607025,14.18513011932373,0.03813781961798668
40857,-1.0271426439285278,-0.20010817050933838,0.018715880811214447,17.37476921081543,0.0023132325150072575
40871,-0.6587967872619629,-0.18845181167125702,0.01879570446908474,16.133039474487305,0.03776855394244194
40878,0.9269416928291321,0.14478181302547455,0.02700883150100708,11.849961280822754,0.600268542766571
40887,-0.6857236623764038,-0.18820953369140625,0.022593004629015923,17.10744857788086,0.016855431720614433
40932,-0.8398093581199646,-0.19884420931339264,0.020226916298270226,17.438474655151367,0.003856658935546875
40934,1.0266209840774536,0.04596675559878349,0.030077779665589333,13.091168403625488,0.9332427978515625
40938,1.6852298974990845,0.6590503454208374,0.03213977813720703,10.178763389587402,1.3739197254180908
40940,1.8847439289093018,0.513856053352356,0.03241146728396416,10.239686965942383,0.9129120111465454
40944,-0.1469937264919281,-0.14097069203853607,0.024635519832372665,16.227272033691406,0.10999145358800888
40969,-0.8207592368125916,-0.02262597531080246,0.015861084684729576,15.205401420593262,0.46510621905326843
40989,1.5336097478866577,0.062267303466796875,0.03282438591122627,11.799439430236816,0.27139589190483093
40997,-3.127223491668701,-0.20184235274791718,0.010694902390241623,24.260658264160156,0.0
41025,-1.863373041152954,-0.20148177444934845,0.015642452985048294,20.487552642822266,0.0004089355643372983
41062,0.10456132888793945,-0.196544349193573,0.023925619199872017,14.645729064941406,0.012847900390625
41069,-2.514862537384033,-0.20150525867938995,0.009653333574533463,20.354127883911133,0.000213623046875
41081,0.7821071147918701,0.014635264873504639,0.0269740279763937,12.35131549835205,0.20122528076171875
41082,-1.5430370569229126,-0.20171117782592773,0.017346521839499474,19.494083404541016,0.0002502441348042339
41113,-1.8222287893295288,-0.2016681283712387,0.015594713389873505,19.97797966003418,0.0003448486386332661
41190,-1.2398875951766968,-0.20103178918361664,0.016186250373721123,17.45733642578125,0.0013244629371911287
41232,0.45862504839897156,-0.0336727574467659,0.02468017488718033,13.5402250289917,0.13874511420726776
41339,1.2485809326171875,-0.09292187541723251,0.0341273695230484,13.045198440551758,0.21294403076171875
41358,-1.2240294218063354,-0.20108352601528168,0.01740965247154236,18.263761520385742,0.0007690429920330644
41360,0.3041008412837982,-0.030403686687350273,0.023288575932383537,13.90048885345459,0.2026214599609375
41400,0.9036709666252136,-0.04795697331428528,0.02666839398443699,12.627394676208496,0.26498720049858093
41406,-1.160340666770935,-0.20120596885681152,0.016089363023638725,17.33216667175293,0.001071167062036693
41420,0.16291843354701996,0.05158596113324165,0.021942254155874252,13.239587783813477,0.6036743521690369
41425,-1.5373235940933228,-0.19825251400470734,0.014223105274140835,18.234752655029297,0.006161499302834272
41442,0.061712443828582764,-0.18263138830661774,0.02192738838493824,13.911017417907715,0.01866302452981472
41501,-2.2945754528045654,-0.2018304318189621,0.014303942210972309,21.704917907714844,1.220703143189894e-05
41531,1.3972541093826294,0.2377118170261383,0.028238991275429726,10.369357109069824,0.6485534906387329
41565,-2.083794116973877,-0.20171813666820526,0.013568847440183163,20.75867462158203,0.00011901855759788305
41587,0.5778297781944275,-0.16199471056461334,0.024479851126670837,12.856048583984375,0.06033935770392418
41638,1.45498788356781,0.047528643161058426,0.028372351080179214,10.552311897277832,0.5204071402549744
41646,-0.5454506874084473,-0.17579421401023865,0.018568815663456917,15.286616325378418,0.06198730692267418
41687,0.2912612855434418,-0.1877858191728592,0.02447221241891384,13.952201843261719,0.02044372633099556
41697,1.3039820194244385,0.6762754321098328,0.03025594912469387,11.195558547973633,1.154449462890625
41708,-0.6030858159065247,-0.1200183555483818,0.020684262737631798,16.749502182006836,0.2291259765625
41720,-3.9471042156219482,-0.20184235274791718,0.008810671977698803,27.562091827392578,0.0
41728,-2.8401944637298584,-0.20184235274791718,0.010033649392426014,22.530122756958008,0.0
41743,-2.417961835861206,-0.20143623650074005,0.013678756542503834,22.243209838867188,0.0008026123396120965
41759,-0.42712050676345825,-0.11035207659006119,0.022320851683616638,16.61745262145996,0.09715576469898224
41793,1.8203552961349487,-0.02660050056874752,0.03473500907421112,11.22816276550293,0.265127569437027
41875,-1.1685221195220947,-0.20132935047149658,0.0166011955589056,17.519506454467773,0.0007690429920330644
41886,-1.778542399406433,-0.2017032355070114,0.015016629360616207,19.67339324951172,0.00017395020404364914
41928,0.3295237720012665,-0.006220535840839148,0.02310043014585972,12.952254295349121,0.25350648164749146
42001,1.0451020002365112,-0.0825282484292984,0.02937810681760311,12.914076805114746,0.14008407294750214
42005,-0.6188159584999084,-0.19668973982334137,0.019397662952542305,16.303560256958008,0.011859131045639515
42016,1.1473603248596191,0.2707928717136383,0.029530731961131096,11.403151512145996,0.804919421672821
42033,0.6994395852088928,-0.18689224123954773,0.029012206941843033,13.641267776489258,0.020111083984375
42054,2.6464309692382812,0.5897983312606812,0.039153918623924255,8.67576789855957,1.3578522205352783
42064,-1.7475420236587524,-0.20178799331188202,0.014613653533160686,19.374326705932617,0.0001068115234375
42088,-0.020546386018395424,0.7618755102157593,0.01827637478709221,12.785892486572266,1.3685821294784546
42089,1.3440076112747192,-0.10522057116031647,0.029033420607447624,11.167747497558594,0.15799866616725922
42100,1.2767375707626343,-0.1192450076341629,0.03397093340754509,13.342836380004883,0.155445858836174
42111,2.92954421043396,1.045259714126587,0.04285924881696701,9.4676513671875,2.1265106201171875
42115,-1.1714156866073608,-0.19588468968868256,0.017205022275447845,17.905210494995117,0.014862060546875
42170,-1.5270040035247803,-0.20175448060035706,0.016117103397846222,18.88763999938965,0.00018920899310614914
42178,1.1871808767318726,0.2672073543071747,0.03075149469077587,12.448775291442871,0.6267456412315369
42194,0.24863655865192413,-0.010115842334926128,0.02861868217587471,15.294508934020996,0.5152344107627869
42222,1.854809045791626,0.20307758450508118,0.03438117727637291,11.269824028015137,0.6128242015838623
42242,-0.5238316655158997,-0.1994294673204422,0.02017504721879959,15.749056816101074,0.0033050538040697575
42256,-0.9979208111763,-0.18811564147472382,0.01662580296397209,16.704763412475586,0.02129516564309597
42273,-0.06311606615781784,-0.06910114735364914,0.021467020735144615,14.230860710144043,0.18798065185546875
42274,0.3042794167995453,-0.1920776218175888,0.025800636038184166,14.716005325317383,0.013650513254106045
42286,-0.2873223125934601,-0.18826305866241455,0.022389771416783333,15.741789817810059,0.03411865234375
42293,-1.4170596599578857,-0.20173077285289764,0.018495578318834305,19.35889434814453,0.0002990722714457661
42377,0.017177773639559746,-0.19578801095485687,0.024725185707211494,15.50182819366455,0.013256835751235485
42384,-0.2191934436559677,0.03211921080946922,0.015954559668898582,12.402871131896973,0.25588685274124146
42393,2.7464609146118164,0.3067547082901001,0.039506129920482635,9.742316246032715,0.7610015869140625
42396,0.048624761402606964,-0.11486923694610596,0.018870586529374123,12.416544914245605,0.10578002780675888
42397,-1.953830361366272,-0.20166794955730438,0.01383021380752325,20.272174835205078,0.0001312255917582661
42405,-4.6746439933776855,-0.20184235274791718,0.006636125035583973,30.08820915222168,0.0
42451,1.1895883083343506,0.3046387732028961,0.027721768245100975,11.186068534851074,0.552508533000946
42461,0.5572149157524109,-0.12007271498441696,0.024906659498810768,12.875452995300293,0.137095645070076
42491,1.805010437965393,0.6376708745956421,0.031976185739040375,10.781847953796387,0.9298920035362244
42503,-1.9733095169067383,-0.20145642757415771,0.014222757890820503,20.292234420776367,0.0003845214960165322
42505,2.3420751094818115,0.16099891066551208,0.03874082490801811,10.018714904785156,0.6492843627929688
42511,1.0599424839019775,0.4532126486301422,0.026756538078188896,10.97191333770752,0.8209244012832642
42513,0.30005380511283875,-0.10184114426374435,0.022341927513480186,12.8685884475708,0.15967102348804474
42518,1.43034827709198,1.5809348821640015,0.027614468708634377,9.673808097839355,1.9459847211837769
42524,0.5402729511260986,0.30842289328575134,0.02502712607383728,12.74299144744873,1.01025390625
42537,0.60616534948349,-0.14017866551876068,0.02588677778840065,13.026249885559082,0.07636108249425888
42538,0.13109581172466278,-0.1388588845729828,0.025190098211169243,14.798991203308105,0.09591370075941086
42578,-0.5714308619499207,-0.1527043730020523,0.02002241276204586,16.079364776611328,0.05169067531824112
42582,1.9044522047042847,0.145797461271286,0.036941077560186386,11.831995964050293,0.537487804889679
42623,0.5092258453369141,-0.15351349115371704,0.02715975046157837,14.340980529785156,0.1151275634765625
42642,0.9732961058616638,0.08254476636648178,0.025387093424797058,11.619646072387695,0.2860099971294403
42686,-0.29404470324516296,-0.13326959311962128,0.022553574293851852,15.573344230651855,0.07635345309972763
42698,1.2216479778289795,0.1987261027097702,0.02807530201971531,11.313426971435547,0.44336435198783875
42731,1.3956741094589233,-0.06074697896838188,0.03037862293422222,11.598506927490234,0.19796600937843323
42745,0.6938688158988953,-0.052696343511343,0.024030955508351326,11.951207160949707,0.17145691812038422
42782,-0.6779638528823853,-0.18349286913871765,0.01768173836171627,15.85876178741455,0.0485992431640625
42813,-1.6739774942398071,-0.195326030254364,0.013740933500230312,18.67165184020996,0.009539795108139515
42817,1.3559640645980835,0.6497310400009155,0.033183373510837555,12.797245025634766,0.9074692130088806
42818,0.05285937339067459,-0.1587640345096588,0.02337702549993992,14.558880805969238,0.0672454833984375
42862,1.3107308149337769,0.399580180644989,0.027875257655978203,10.534140586853027,0.96636962890625
42866,-0.08128899335861206,-0.13812491297721863,0.020754575729370117,14.299349784851074,0.05827942118048668
42919,1.702475905418396,0.11543715000152588,0.03317581117153168,11.035334587097168,0.403646856546402
42932,0.3090418577194214,-0.09955815225839615,0.0239317175000906,13.314730644226074,0.13120727241039276
42940,2.163175344467163,0.3202318847179413,0.033643078058958054,9.720198631286621,0.8850189447402954
42943,-0.8203816413879395,-0.19551879167556763,0.01910586655139923,17.015079498291016,0.007110595703125
42987,1.530513048171997,0.5101670026779175,0.030461205169558525,11.607309341430664,1.7509548664093018
42989,-1.7764915227890015,-0.20146091282367706,0.014915895648300648,19.69013786315918,0.0005950927734375
43038,-1.067403793334961,-0.19616301357746124,0.01844171993434429,18.094261169433594,0.01065673865377903
43053,0.6023796200752258,-0.11856158077716827,0.026582136750221252,13.204385757446289,0.2905517518520355
43056,0.4490409791469574,0.006019401829689741,0.02492058277130127,13.294215202331543,0.23481141030788422
43058,1.496546745300293,-0.14169588685035706,0.03163240849971771,11.246289253234863,0.08839263767004013
43071,2.6158931255340576,1.7046245336532593,0.034288059920072556,8.064212799072266,2.903271436691284
43075,1.7366821765899658,0.4416438043117523,0.033985983580350876,11.446761131286621,1.2624787092208862
43088,0.35507458448410034,-0.1796082705259323,0.02671045996248722,14.140214920043945,0.03146972879767418
43093,0.6135438084602356,0.0961562991142273,0.026989448815584183,13.974879264831543,0.613739013671875
43103,-0.6129431128501892,-0.20005205273628235,0.02036653831601143,16.432600021362305,0.0022155761253088713
43140,2.3643085956573486,0.6097185015678406,0.0388466976583004,10.2162504196167,1.4059723615646362
43142,1.8925096988677979,0.5882090926170349,0.03258299455046654,9.877473831176758,1.0702484846115112
43153,-1.1359877586364746,-0.17321674525737762,0.01707819662988186,17.294647216796875,0.03233032301068306
43181,0.5075362920761108,0.14780621230602264,0.02507053129374981,12.956375122070312,0.9231842160224915
43189,-2.1975514888763428,-0.20180606842041016,0.01249446626752615,20.456758499145508,6.561279587913305e-05
43209,1.9418487548828125,0.6063799858093262,0.031916916370391846,10.091841697692871,1.7150360345840454
43213,-1.9741528034210205,-0.201043963432312,0.01507357507944107,20.927255630493164,0.0004760742303915322
43221,1.8923273086547852,0.6405488848686218,0.029870478436350822,9.411453247070312,1.4945557117462158
43248,-0.4595705568790436,-0.17711113393306732,0.02003128081560135,15.662256240844727,0.0413818359375
43259,-0.06363203376531601,-0.17998641729354858,0.01998131535947323,13.753732681274414,0.03431396558880806
43275,-0.04703028127551079,0.07358922809362411,0.020426977425813675,14.288958549499512,0.262747198343277
43307,2.147979497909546,0.17022521793842316,0.03708384558558464,11.44839096069336,0.639495849609375
43315,0.4063843786716461,0.3621024489402771,0.023882320150732994,13.156105041503906,0.78057861328125
43321,-2.2606470584869385,-0.19928275048732758,0.011840179562568665,20.81131935119629,0.0024353028275072575
43340,-0.4927711486816406,-0.18868106603622437,0.01918088085949421,15.307101249694824,0.02605590783059597
43345,1.0840893983840942,0.6079488396644592,0.031469836831092834,12.896530151367188,1.1018295288085938
43387,-0.3622232973575592,-0.1263328194618225,0.020573312416672707,15.794694900512695,0.075408935546875
43395,1.8863176107406616,0.9027665257453918,0.03167220577597618,9.645291328430176,1.7939255237579346
43397,0.5288575291633606,-0.0915713906288147,0.024216655641794205,12.823504447937012,0.23994751274585724
43399,-0.48875316977500916,-0.1977529227733612,0.02066611684858799,16.138914108276367,0.010980225168168545
43404,0.7281128764152527,-0.10154036432504654,0.02475060150027275,11.914108276367188,0.1661376953125
43425,-0.5729117393493652,-0.19770406186580658,0.018849212676286697,15.381579399108887,0.005787658970803022
43433,-1.808432936668396,-0.19959716498851776,0.015556231141090393,20.10858726501465,0.004345703404396772
43535,1.2809628248214722,0.6182803511619568,0.0319003090262413,11.987772941589355,1.0015228986740112
43543,0.04514237865805626,-0.16753451526165009,0.023617377504706383,14.871870994567871,0.0448150634765625
43599,-0.5533691644668579,-0.1960291713476181,0.021077709272503853,16.43086814880371,0.005252075381577015
43613,1.7030527591705322,0.1857874095439911,0.03505466878414154,11.220440864562988,0.6375167965888977
43651,0.1707102209329605,-0.18561594188213348,0.024833401665091515,14.850552558898926,0.02256164513528347
43653,-1.3995637893676758,-0.20100520551204681,0.017790867015719414,19.18662452697754,0.00140380859375
43654,0.6980578303337097,-0.1913800686597824,0.029016906395554543,13.8978910446167,0.01537933386862278
43686,0.0021822236012667418,-0.18963046371936798,0.022700082510709763,14.581341743469238,0.01708679273724556
43693,0.0002774626191239804,0.04531409218907356,0.02240471914410591,14.06712818145752,0.677319347858429
43703,-2.9605376720428467,-0.20184235274791718,0.01205726433545351,24.110631942749023,0.0
43753,-1.9344638586044312,-0.2015978842973709,0.013696908950805664,19.972803115844727,0.0006158828618936241
43759,-0.1653885394334793,-0.19934134185314178,0.022142233327031136,15.172390937805176,0.0047973631881177425
43796,0.9870562553405762,-0.09723344445228577,0.032186608761548996,13.86302661895752,0.21300049126148224
43798,0.06140706688165665,-0.15270952880382538,0.021606571972370148,13.744211196899414,0.10569152981042862
43809,0.05797283723950386,-0.1767416149377823,0.020411210134625435,13.739847183227539,0.03513231500983238
43819,-0.417820543050766,-0.1892595738172531,0.01999673992395401,15.132227897644043,0.02476806752383709
43840,0.5235781073570251,-0.14489443600177765,0.02809319458901882,14.416579246520996,0.10818558186292648
43851,0.20177249610424042,0.015508425422012806,0.024243474006652832,14.319869995117188,0.24075928330421448
43868,-0.8920440673828125,-0.1945577710866928,0.017106888815760612,16.18543815612793,0.02626495435833931
43878,-1.5400562286376953,-0.20162716507911682,0.016636423766613007,19.174470901489258,0.0003448486386332661
43920,0.17474280297756195,0.03989792987704277,0.023172365501523018,13.77142333984375,0.27617189288139343
43979,1.332663893699646,0.4356362521648407,0.027717960998415947,10.862902641296387,0.7780060172080994
43991,2.877037525177002,1.1454416513442993,0.040540438145399094,8.543387413024902,2.3122565746307373
43994,-0.7667333483695984,-0.19235239923000336,0.016926852986216545,15.668536186218262,0.02099609375
43999,-0.2738484740257263,-0.19376860558986664,0.02075001411139965,15.057814598083496,0.008203125558793545
44033,0.1433529257774353,-0.1483059972524643,0.02192126214504242,13.458659172058105,0.08056030422449112
44046,0.9078817367553711,0.03510860726237297,0.02588018774986267,11.571280479431152,0.26552125811576843
44089,1.2865082025527954,1.1552009582519531,0.027893176302313805,10.92570686340332,2.2077224254608154
44106,-0.759167492389679,-0.17975012958049774,0.018329674378037453,16.282472610473633,0.038482666015625
44119,0.777185320854187,-0.02864774875342846,0.026875466108322144,12.985742568969727,0.195220947265625
44150,-0.2898181974887848,0.017308656126260757,0.022485682740807533,15.54876708984375,0.19380493462085724
44160,-3.5147807598114014,-0.20184235274791718,0.00999619159847498,25.897531509399414,0.0
44179,1.1583662033081055,-0.1340133100748062,0.030836349353194237,13.030313491821289,0.1070709228515625
44196,-2.1343460083007812,-0.20180387794971466,0.014845356345176697,21.538455963134766,5.4931642807787284e-05
44211,-1.318363070487976,-0.20078955590724945,0.017068281769752502,18.22699546813965,0.0014556884998455644
44214,-0.3242153823375702,-0.027482448145747185,0.02014569751918316,15.1358003616333,0.24686889350414276
44227,1.4184588193893433,0.3204295337200165,0.03082983009517193,11.458296775817871,1.179205298423767
44237,0.5883446335792542,-0.07008401304483414,0.02657405473291874,13.8095064163208,0.2644195556640625
44260,0.32106491923332214,-0.10068576782941818,0.0251934714615345,12.968649864196777,0.213542178273201
44284,1.004963755607605,0.22238242626190186,0.028047842904925346,12.138139724731445,0.4479736387729645
44290,1.4266538619995117,-0.1298763006925583,0.032466258853673935,11.903871536254883,0.18303528428077698
44293,-1.6744989156723022,-0.19773034751415253,0.015339699573814869,19.07794761657715,0.0071166991256177425
44306,-0.7510190010070801,-0.15236255526542664,0.018007701262831688,15.822710990905762,0.04402465745806694
44325,2.2209413051605225,0.020014749839901924,0.03864327818155289,10.93502426147461,0.28173142671585083
44330,0.17181941866874695,-0.17475786805152893,0.021264690905809402,12.928881645202637,0.03512268140912056
44345,-1.989773154258728,-0.2018110305070877,0.015520668588578701,21.17145347595215,3.662109520519152e-05
44349,-0.8082176446914673,-0.20104239881038666,0.017748763784766197,16.287656784057617,0.0012023926246911287
44361,1.094608187675476,0.1379903107881546,0.027403345331549644,11.6593656539917,0.3914688229560852
44371,-0.3080908954143524,-0.07852747291326523,0.020756376907229424,15.402663230895996,0.22059325873851776
44407,-0.6101831793785095,-0.2005145102739334,0.02037241868674755,16.30634117126465,0.002142334124073386
44421,0.4616517722606659,-0.14849631488323212,0.024313172325491905,13.395378112792969,0.08677063137292862
44434,1.4798825979232788,0.03856482729315758,0.0304727703332901,10.613225936889648,0.331289678812027
44437,0.7184364199638367,-0.009739318862557411,0.02706730365753174,13.088813781738281,0.3166565001010895
44439,0.5538761615753174,-0.17459715902805328,0.026479726657271385,13.734064102172852,0.03436279296875
44445,0.18839217722415924,-0.07362313568592072,0.024568574503064156,14.788485527038574,0.07398958504199982
44459,-3.8383164405822754,-0.20179377496242523,0.009075924754142761,27.114171981811523,4.882812572759576e-05
44485,1.8193975687026978,0.06918265670537949,0.033833716064691544,11.465445518493652,0.580187976360321
44497,0.4725886285305023,-0.12088745832443237,0.027616774663329124,14.211743354797363,0.20422057807445526
44551,-0.09825285524129868,-0.14186404645442963,0.022468730807304382,14.911625862121582,0.0889739990234375
44583,0.2530704736709595,-0.16589950025081635,0.02495039440691471,14.32801342010498,0.040313720703125
44665,0.7932400107383728,0.04945192486047745,0.02611580304801464,12.71918773651123,0.5511993765830994
44687,-2.7855958938598633,-0.20184235274791718,0.012027486227452755,23.51720428466797,0.0
44734,-0.3370611071586609,-0.15187190473079681,0.02341189794242382,16.430917739868164,0.12188110500574112
44738,1.144819974899292,-0.17170920968055725,0.03068213164806366,12.51207447052002,0.03587494045495987
44740,-0.7707517147064209,-0.20103299617767334,0.020012548193335533,17.278194427490234,0.0020263672340661287
44748,2.443209171295166,0.6179589629173279,0.038479533046483994,9.419270515441895,1.273077368736267
44788,1.8220537900924683,-0.033252667635679245,0.03495373576879501,11.587848663330078,0.28618165850639343
44791,1.3062940835952759,0.12575851380825043,0.028543952852487564,10.736910820007324,0.42625123262405396
44792,1.318547248840332,-0.036492761224508286,0.026829466223716736,10.366601943969727,0.23993682861328125
44813,0.6703978776931763,-0.17450787127017975,0.028995448723435402,14.144037246704102,0.05727844312787056
44821,1.3232461214065552,0.22155113518238068,0.027704788371920586,10.968109130859375,0.566271960735321
44823,1.958704948425293,0.46131011843681335,0.03816419839859009,11.263815879821777,1.1992629766464233
44832,-0.3241310715675354,-0.101496122777462,0.020828580483794212,14.544392585754395,0.14974670112133026
44838,1.5073212385177612,0.27818554639816284,0.030639788135886192,11.554969787597656,0.7914232611656189
44853,-2.92676043510437,-0.20184235274791718,0.011403924785554409,23.596317291259766,0.0
44903,0.3679291605949402,-0.17861774563789368,0.0264703668653965,14.823694229125977,0.06816406548023224
44904,0.9008367657661438,-0.09491249173879623,0.03218213841319084,13.82960033416748,0.14442138373851776
44929,-0.5203701257705688,-0.19195017218589783,0.02067740634083748,16.207380294799805,0.011639404110610485
44955,-1.700257658958435,-0.2003343403339386,0.016244227066636086,19.656068801879883,0.001544189522974193
44988,-0.102141372859478,-0.16076819598674774,0.021673375740647316,14.732597351074219,0.0999980941414833
45125,-2.9529922008514404,-0.20184235274791718,0.012262910604476929,24.042173385620117,0.0
45129,-1.9297274351119995,-0.20166218280792236,0.01616913639008999,20.69175148010254,0.0002380371151957661
45134,-0.9481377601623535,-0.19731484353542328,0.01862690970301628,17.262197494506836,0.0044097900390625
45142,0.7698045969009399,0.0989675223827362,0.02572592906653881,12.654093742370605,0.36743471026420593
45153,1.0437994003295898,-0.18116171658039093,0.03173474594950676,13.576759338378906,0.04679565504193306
45179,0.4641357362270355,-0.08854731917381287,0.023524029180407524,13.26104736328125,0.2893737852573395
45206,0.9785298705101013,0.18742898106575012,0.029312679544091225,12.712348937988281,0.7891845703125
45219,-3.715480089187622,-0.20184235274791718,0.009392417967319489,26.857498168945312,0.0
45257,-0.7936703562736511,-0.19828949868679047,0.0177815742790699,16.005155563354492,0.0057434081099927425
45269,0.6171874403953552,-0.13493220508098602,0.0255434550344944,13.076552391052246,0.18750916421413422
45271,-2.6866445541381836,-0.19961118698120117,0.011093287728726864,22.7713623046875,0.0020385743118822575
45273,0.10313613712787628,0.23015351593494415,0.020582666620612144,13.193572044372559,0.500836193561554
45421,-1.8934358358383179,-0.20119516551494598,0.014125323854386806,19.90890121459961,0.0008880615350790322
45422,0.46036192774772644,-0.16233794391155243,0.02695365808904171,14.727686882019043,0.082672119140625
45436,-2.8128859996795654,-0.20164839923381805,0.010264960117638111,22.51152992248535,0.00011596679541980848
45469,1.7862818241119385,0.2792232930660248,0.035161715000867844,11.400242805480957,0.5941497683525085
45501,-4.207049369812012,-0.20184235274791718,0.00795350968837738,28.286514282226562,0.0
45519,1.778483271598816,1.2452729940414429,0.032056476920843124,10.774017333984375,3.050799608230591
45531,-0.6246178150177002,-0.19158579409122467,0.01881391555070877,15.956608772277832,0.01268615759909153
45554,0.11598531156778336,1.1231886148452759,0.019268814474344254,12.292718887329102,2.5091216564178467
45557,-0.10561185330152512,-0.010334460996091366,0.019507234916090965,13.71049690246582,0.2864746153354645
45587,0.4218156039714813,-0.00905579049140215,0.023989977315068245,13.502955436706543,0.24566040933132172
45664,1.7549822330474854,0.10233034938573837,0.03539106249809265,11.868590354919434,0.3413902223110199
45678,-1.1317501068115234,-0.20021508634090424,0.0189051516354084,18.104719161987305,0.0034667968284338713
45742,0.5192111134529114,-0.18860939145088196,0.026324084028601646,13.935194969177246,0.03032226674258709
45746,0.6450637578964233,0.04755398631095886,0.023582106456160545,12.01070785522461,0.8343872427940369
45772,-1.4411298036575317,-0.1962301880121231,0.01557178981602192,17.96198081970215,0.011453247629106045
45819,1.8123279809951782,0.775396466255188,0.03063078224658966,9.55720043182373,2.5097687244415283
45831,-0.24836459755897522,-0.19571633636951447,0.02413352020084858,16.381860733032227,0.020964814350008965
45884,0.8657869696617126,0.7194213271141052,0.02852211892604828,12.456318855285645,1.466400146484375
45887,-0.011152731254696846,-0.125616654753685,0.023273518308997154,15.056111335754395,0.10434355586767197
45903,0.6036955118179321,-0.13971106708049774,0.02579996921122074,13.253783226013184,0.06911926716566086
45915,-0.14071638882160187,0.32290372252464294,0.017404921352863312,12.311395645141602,0.866992175579071
45952,0.6187623143196106,0.44718286395072937,0.024098653346300125,12.50439453125,0.8612060546875
45973,1.1653999090194702,0.1084330603480339,0.02946036122739315,12.294727325439453,0.2233734130859375
45983,-0.6710996031761169,-0.19955666363239288,0.02162170596420765,17.40976333618164,0.0046234130859375
45986,-1.4790300130844116,-0.2017596960067749,0.016593456268310547,19.12253189086914,7.934570749057457e-05
45991,1.2402396202087402,0.2734003961086273,0.02891746163368225,11.989725112915039,1.0123748779296875
46006,-0.25840428471565247,-0.19389118254184723,0.019815310835838318,14.57858943939209,0.015466309152543545
46010,-0.8370987176895142,-0.20015071332454681,0.01966429129242897,16.9953556060791,0.0023529052268713713
46035,1.570346713066101,0.4126714766025543,0.03226570412516594,11.7299222946167,0.7235442996025085
46063,2.2785143852233887,0.4750822186470032,0.0373464934527874,10.640884399414062,1.2620162963867188
46065,-0.8459388017654419,-0.19299845397472382,0.016318676993250847,15.47782039642334,0.0121002197265625
46071,-0.1484970599412918,-0.19090069830417633,0.023255465552210808,15.69530200958252,0.01946105994284153
46095,-0.7746564745903015,-0.18226087093353271,0.018784014508128166,17.233734130859375,0.011279297061264515
46096,-1.546046257019043,-0.1993236094713211,0.015938755124807358,18.959524154663086,0.004519653506577015
46143,-1.3496875762939453,-0.19059062004089355,0.01802670769393444,18.882173538208008,0.02739868126809597
46146,0.5958760380744934,-0.009184684604406357,0.02368110790848732,12.126862525939941,0.42725831270217896
46169,0.9900190234184265,-0.1301937848329544,0.029090026393532753,12.422029495239258,0.13750000298023224
46201,-1.6242855787277222,-0.20172011852264404,0.014957087114453316,19.280101776123047,0.0002471923944540322
46239,-2.2601301670074463,-0.20119595527648926,0.01095284428447485,20.209571838378906,0.0003555298026185483
46247,0.7891799211502075,0.43574902415275574,0.02365034818649292,11.251219749450684,1.658166527748108
46264,1.1612755060195923,0.2527475953102112,0.02381465956568718,9.540356636047363,0.8530319333076477
46267,1.7787055969238281,0.1818651556968689,0.033300142735242844,11.855002403259277,0.5645171999931335
46275,-3.5227906703948975,-0.20184235274791718,0.010265474207699299,25.989835739135742,0.0
46288,0.40135517716407776,-0.12378229200839996,0.026037150993943214,14.098362922668457,0.08251648396253586
46310,0.9107392430305481,-0.09547104686498642,0.026365527883172035,12.535064697265625,0.112274169921875
46316,-0.2200435847043991,-0.13830232620239258,0.020259710028767586,14.204257011413574,0.13785400986671448
46318,0.8845858573913574,-0.08894487470388412,0.024804169312119484,11.940047264099121,0.15812377631664276
46329,-0.9223001599311829,-0.19069381058216095,0.016393844038248062,16.12657928466797,0.01842193678021431
46350,0.5756064653396606,-0.18958908319473267,0.027160117402672768,14.039288520812988,0.017333984375
46360,1.2578331232070923,0.2128843516111374,0.03055564872920513,11.758087158203125,1.104638695716858
46361,-4.695666313171387,-0.20184235274791718,0.0064358897507190704,30.10525894165039,0.0
46381,-1.0514183044433594,-0.2010456621646881,0.020161790773272514,18.146642684936523,0.001251220703125
46393,-2.3864715099334717,-0.2016194611787796,0.013953267596662045,22.607236862182617,0.00021057129197288305
46471,1.5358299016952515,0.2869734466075897,0.03168452903628349,12.188056945800781,0.4380859434604645
46482,0.5480677485466003,-0.17966924607753754,0.025973264127969742,13.594975471496582,0.03130493313074112
46483,0.6948683857917786,-0.0887746810913086,0.02917148731648922,13.817179679870605,0.16685180366039276
46487,-0.38251689076423645,-0.13458244502544403,0.016772311180830002,13.538736343383789,0.096466064453125
46489,1.250700831413269,0.7837749719619751,0.029397979378700256,11.473881721496582,1.302270531654358
46532,-0.6994888186454773,-0.18356172740459442,0.018982768058776855,16.783157348632812,0.017346953973174095
46546,0.7739316821098328,0.22759537398815155,0.02662472240626812,12.465170860290527,0.5320663452148438
46597,1.437576413154602,0.06847681850194931,0.032889701426029205,11.743590354919434,0.45927736163139343
46628,0.5460620522499084,-0.17505304515361786,0.02649637870490551,13.763544082641602,0.02909088134765625
46669,0.6980255842208862,0.2095152884721756,0.02620643936097622,13.565302848815918,0.33400270342826843
46684,-1.4347673654556274,-0.19771699607372284,0.016283812001347542,19.132905960083008,0.002288818359375
46700,-1.3952029943466187,-0.2016492635011673,0.016236474737524986,18.650760650634766,0.0004119873046875
46708,1.9409946203231812,0.039248425513505936,0.036580927670001984,11.540801048278809,0.3221282958984375
46715,0.05823202058672905,0.05062160640954971,0.016927039250731468,11.543381690979004,0.5633880496025085
46762,0.89677494764328,-0.1423294097185135,0.0282116811722517,13.287375450134277,0.10856475681066513
46767,-1.1694797277450562,-0.20018844306468964,0.018142741173505783,18.21514892578125,0.00177001953125
46793,0.4061502516269684,0.3659735918045044,0.021532107144594193,12.28690242767334,1.3010681867599487
46809,1.153741717338562,0.14424698054790497,0.032322630286216736,13.174368858337402,0.347564697265625
46811,1.269110918045044,0.018357034772634506,0.02827923558652401,11.248042106628418,0.4814956784248352
46820,0.00333404541015625,-0.1702268123626709,0.0232990812510252,14.933305740356445,0.04811706766486168
46842,-0.14858432114124298,0.09145648777484894,0.0211722981184721,14.824925422668457,0.8149704337120056
46853,1.6429985761642456,0.20422744750976562,0.03150973841547966,10.791730880737305,0.520281970500946
46867,1.342221975326538,0.4945351779460907,0.031093064695596695,11.489588737487793,1.033044457435608
46890,0.6950823664665222,-0.11272948980331421,0.027144813910126686,13.30181884765625,0.21600341796875
46899,0.8387399911880493,0.005157642997801304,0.02755161002278328,12.98448657989502,0.4677368104457855
46903,-0.6537971496582031,-0.14414562284946442,0.019594447687268257,16.85624122619629,0.05913085862994194
46911,-2.4068620204925537,-0.20183220505714417,0.013406852260231972,22.206497192382812,9.15527380129788e-06
46918,-1.2472018003463745,-0.1886194944381714,0.01199799682945013,15.676846504211426,0.015206909738481045
46924,0.5449604392051697,-0.14453841745853424,0.023403408005833626,12.618559837341309,0.09860839694738388
46925,1.0612167119979858,-0.08266808837652206,0.026759594678878784,11.572352409362793,0.2630767822265625
46929,1.6684391498565674,0.5319268107414246,0.03126667067408562,10.327977180480957,1.7872291803359985
46980,0.4971769452095032,-0.17449605464935303,0.028571147471666336,13.7186279296875,0.04402771219611168
46984,-0.4364752769470215,-0.18345004320144653,0.020180070772767067,15.502705574035645,0.03053588978946209
46997,-1.0765784978866577,-0.19905321300029755,0.018320640549063683,17.584138870239258,0.00616455078125
47011,0.6912187933921814,0.22137248516082764,0.024697959423065186,12.196715354919434,0.583972156047821
47024,0.10646062344312668,-0.058099210262298584,0.027425706386566162,15.19836711883545,0.3465835750102997
47037,-0.1165628582239151,-0.19942156970500946,0.022394904866814613,15.14306354522705,0.0041900635696947575
47038,2.4177663326263428,0.2848256528377533,0.03767070174217224,9.557082176208496,0.6467742919921875
47043,1.2296289205551147,0.7945417761802673,0.026639578863978386,10.347674369812012,2.4551758766174316
47057,0.08142365515232086,-0.19122321903705597,0.025057047605514526,15.783561706542969,0.012759399600327015
47080,-2.350227117538452,-0.2005348652601242,0.012960652820765972,21.563901901245117,0.001422119210474193
47090,0.522531270980835,0.22322633862495422,0.022297127172350883,11.994668960571289,0.4671173095703125
47095,-1.745864748954773,-0.20030318200588226,0.014876368455588818,19.742984771728516,0.0034362792503088713
47111,2.314359188079834,0.5860989689826965,0.03825448080897331,11.18750286102295,2.1120071411132812
47160,2.306807279586792,0.5086326003074646,0.038452573120594025,10.735408782958984,2.135366916656494
47192,-0.1910516321659088,-0.03992847353219986,0.02215811237692833,15.987051963806152,0.17176513373851776
47203,1.7026771306991577,-0.050350990146398544,0.03761803358793259,11.93549633026123,0.36127930879592896
47218,1.96951162815094,-0.1505083292722702,0.03767774626612663,11.621478080749512,0.12207641452550888
47223,-0.5287079215049744,-0.11899735033512115,0.020145904272794724,15.994684219360352,0.14262008666992188
47258,-0.9450845718383789,-0.17891095578670502,0.01656625233590603,16.57474136352539,0.04462585598230362
47268,0.6601644158363342,-0.10543223470449448,0.025839153677225113,13.145140647888184,0.10765685886144638
47333,1.3742786645889282,0.6953883171081543,0.03193073347210884,11.460311889648438,2.0567047595977783
47351,1.0322145223617554,0.32292717695236206,0.02804277278482914,11.417563438415527,0.5797027945518494
47357,-2.6122543811798096,-0.20181851089000702,0.013270705007016659,22.734712600708008,2.441406286379788e-05
47386,0.5900169014930725,-0.1673315316438675,0.02567383088171482,13.297622680664062,0.05300293117761612
47416,0.6843241453170776,-0.18852832913398743,0.026868820190429688,13.486960411071777,0.01784973219037056
47424,-1.4488028287887573,-0.0988670140504837,0.015038499608635902,17.754758834838867,0.08895263820886612
47463,1.749153971672058,0.234582781791687,0.030660515651106834,9.943102836608887,1.0363037586212158
47477,-0.08397939801216125,-0.15953384339809418,0.02084742672741413,14.419992446899414,0.05536499246954918
47480,-1.8806803226470947,-0.20159494876861572,0.013508121483027935,19.390336990356445,0.0003231048758607358
47485,0.10362210124731064,-0.12003304064273834,0.02184867300093174,13.972808837890625,0.12056274712085724
47489,1.0493943691253662,0.14673452079296112,0.02875647507607937,12.500311851501465,1.2742279767990112
47493,0.9126457571983337,-0.05037308484315872,0.030957818031311035,12.952998161315918,0.23510132730007172
47496,2.203303813934326,0.6087729334831238,0.03585426136851311,10.2809476852417,1.4312736988067627
47505,-1.2508454322814941,-0.2002028226852417,0.01791914366185665,18.68655014038086,0.001910400460474193
47509,2.31490421295166,0.4085357189178467,0.03837727755308151,10.659180641174316,1.0889252424240112
47524,-2.3375725746154785,-0.20175591111183167,0.012452931143343449,21.325292587280273,0.00019531250291038305
47528,0.41232457756996155,-0.1869344562292099,0.025501718744635582,14.406359672546387,0.018955230712890625
47620,-0.5919560194015503,-0.13095007836818695,0.02078981325030327,16.55616569519043,0.17398682236671448
47621,-2.3929994106292725,-0.20182931423187256,0.012920068576931953,22.003559112548828,2.7465821403893642e-05
47647,-1.793697714805603,-0.20091353356838226,0.01424217689782381,19.575403213500977,0.0007080078357830644
47659,2.5772016048431396,0.4769604802131653,0.03894110023975372,9.24052619934082,0.8749603629112244
47662,-0.9712147116661072,-0.20036962628364563,0.018879828974604607,17.45606803894043,0.0035827637184411287
47688,0.2931286692619324,-0.09415072202682495,0.02310994453728199,13.584921836853027,0.14478912949562073
47732,-1.0355571508407593,-0.1702791303396225,0.019996685907244682,18.296010971069336,0.05698242411017418
47739,-1.1886849403381348,-0.1757342517375946,0.016985176131129265,17.82496452331543,0.02207336388528347
47757,-0.09835320711135864,-0.1896529495716095,0.022081734612584114,14.778656005859375,0.01646118238568306
47768,-0.04043292999267578,-0.19094644486904144,0.02054600976407528,14.140214920043945,0.01154174841940403
47773,-3.318028211593628,-0.20184235274791718,0.008635282516479492,24.024259567260742,0.0
47781,0.14157630503177643,0.3632962107658386,0.02126269042491913,12.920402526855469,0.7627930045127869
47810,0.9650220274925232,0.15608499944210052,0.02601964771747589,11.658885955810547,0.6938232779502869
47815,-1.3715925216674805,-0.2015574723482132,0.015802182257175446,17.902952194213867,0.0006858825800009072
47847,-0.33198806643486023,-0.13878923654556274,0.019674358889460564,14.840323448181152,0.15273742377758026
47899,1.3592029809951782,-0.1355224996805191,0.03174232691526413,12.078068733215332,0.0826568603515625
47919,-2.287156105041504,-0.20179565250873566,0.013868287205696106,21.668617248535156,8.544921729480848e-05
47920,-1.6751781702041626,-0.20158962905406952,0.01499860268086195,19.2459774017334,0.00030517578125
47949,-0.9093635678291321,-0.16395452618598938,0.01844201050698757,17.187007904052734,0.06116027757525444
47952,-1.7413005828857422,-0.19492267072200775,0.014731019735336304,19.346162796020508,0.0188751220703125
47954,-1.1157644987106323,-0.20011435449123383,0.01769915781915188,17.878751754760742,0.00370025634765625
47964,-0.9515765309333801,-0.1986561119556427,0.017491381615400314,17.056339263916016,0.003515625139698386
47988,0.606639564037323,-0.1374949812889099,0.027188872918486595,13.302703857421875,0.10080566257238388
48004,-3.238281011581421,-0.20184235274791718,0.010166711173951626,24.529632568359375,0.0
48006,1.3427761793136597,0.3051277995109558,0.02848966233432293,10.817471504211426,1.0294830799102783
48011,-3.1317200660705566,-0.20184235274791718,0.011363808996975422,24.607107162475586,0.0
48056,-0.39092153310775757,-0.19890259206295013,0.021576963365077972,16.079044342041016,0.002920532366260886
48110,0.32046541571617126,0.2092696726322174,0.02115568332374096,12.389779090881348,1.098852515220642
48139,2.70120906829834,2.383641481399536,0.037735335528850555,8.343017578125,3.14727783203125
48181,-2.15572452545166,-0.20172522962093353,0.015040162019431591,21.457313537597656,0.0001220703125
48189,-1.7566072940826416,-0.20127606391906738,0.014288944192230701,18.944293975830078,0.0007080078357830644
48199,-0.9753631949424744,-0.19963328540325165,0.01667856238782406,16.30434226989746,0.003225708147510886
48208,-0.4759957492351532,0.09849712997674942,0.01809820719063282,14.787610054016113,0.5435150265693665
48240,-0.7169065475463867,-0.20038926601409912,0.01893816702067852,16.5383358001709,0.0021148682571947575
48302,0.23480041325092316,0.03867015615105629,0.021450458094477654,12.453685760498047,0.5380706787109375
48303,0.5373689532279968,-0.172337144613266,0.025558894500136375,13.399073600769043,0.04216308519244194
48328,0.6396021842956543,-0.1365956962108612,0.027763281017541885,13.773241996765137,0.07661133259534836
48356,0.6203146576881409,0.005710823927074671,0.02654886245727539,13.398172378540039,0.42545777559280396
48381,0.6709131598472595,-0.13286970555782318,0.028209397569298744,13.613214492797852,0.1508636474609375
48383,-1.2256648540496826,-0.19648322463035583,0.01592007651925087,17.224384307861328,0.009396362118422985
48395,-0.5978402495384216,-0.15933996438980103,0.020743299275636673,16.747159957885742,0.07565002888441086
48398,-1.9702345132827759,-0.20131807029247284,0.015960726886987686,20.564476013183594,0.0014160156715661287
48403,1.2656598091125488,0.1965300291776657,0.027284741401672363,11.222043991088867,0.7347793579101562
48411,1.9076128005981445,0.0377366803586483,0.03522210940718651,10.672249794006348,0.360433965921402
48418,-0.8198174834251404,-0.17763224244117737,0.01938721537590027,16.977880477905273,0.02451477013528347
48454,-0.265497088432312,-0.10839775949716568,0.02112549915909767,15.123578071594238,0.08264770358800888
48474,-1.046177625656128,-0.18244430422782898,0.018133768811821938,17.47235107421875,0.02492065541446209
48477,0.474520742893219,-0.18574731051921844,0.02562587335705757,13.762747764587402,0.0243377685546875
48510,-2.660820960998535,-0.20183785259723663,0.013046885840594769,23.102243423461914,1.220703143189894e-05
48535,-0.024391604587435722,-0.15922662615776062,0.02125813625752926,14.385258674621582,0.16405029594898224
48555,0.0021229088306427,-0.16647499799728394,0.023417094722390175,15.165190696716309,0.084716796875
48566,-2.680830717086792,-0.20183627307415009,0.011830604635179043,22.694141387939453,6.10351571594947e-06
48571,1.8840574026107788,0.3325493037700653,0.03459058701992035,11.305693626403809,0.6881942749023438
48573,0.3220668435096741,-0.11390788853168488,0.02447482943534851,13.629717826843262,0.11955871433019638
48624,-0.8887812495231628,-0.19995656609535217,0.018115369603037834,16.746923446655273,0.0043121338821947575
48630,1.9121284484863281,0.0735238716006279,0.03339459374547005,10.271125793457031,0.46495285630226135
48660,-0.25802895426750183,0.043536197394132614,0.021501580253243446,14.873100280761719,0.6571044921875
48666,-2.0223212242126465,-0.20181384682655334,0.015098636038601398,21.085294723510742,5.4931642807787284e-05
48673,1.7353404760360718,0.09461561590433121,0.03353996202349663,11.017110824584961,0.3720657527446747
48693,0.6061719655990601,-0.08937203139066696,0.025821013376116753,12.873095512390137,0.193084716796875
48701,0.8104692697525024,0.3161890506744385,0.025449151173233986,12.370243072509766,0.8196167349815369
48708,1.2565996646881104,0.36342787742614746,0.029652466997504234,11.82392692565918,1.0442993640899658
48715,1.224255919456482,-0.11883816868066788,0.03012307547032833,11.489195823669434,0.138214111328125
48724,-1.902022361755371,-0.20126143097877502,0.014815283007919788,20.170873641967773,0.0015808105235919356
48775,-1.5348566770553589,-0.2015034258365631,0.01492809783667326,18.593931198120117,0.0004333496035542339
48797,0.3746052086353302,0.12424106895923615,0.022816210985183716,12.851607322692871,0.32667237520217896
48817,0.22047452628612518,0.45501676201820374,0.020187778398394585,11.895808219909668,0.7122589349746704
48832,-2.281712770462036,-0.20172806084156036,0.012153103947639465,20.80280876159668,0.00023498536029364914
48843,-0.15145756304264069,-0.17662644386291504,0.019840186461806297,14.273780822753906,0.03303832933306694
48900,-0.9152337312698364,-0.20047080516815186,0.01877051219344139,17.492053985595703,0.0020599365234375
48910,2.349414587020874,0.8220521807670593,0.04020746052265167,10.758293151855469,1.5711883306503296
48935,0.3066076338291168,-0.11128412932157516,0.02560197189450264,14.367195129394531,0.10196228325366974
48967,1.0635344982147217,-0.11389479786157608,0.030743137001991272,13.331377029418945,0.07148132473230362
48991,1.1297751665115356,-0.02613036148250103,0.029296401888132095,11.761512756347656,0.4209350645542145
49005,0.3577216565608978,-0.15368612110614777,0.026154128834605217,14.7223539352417,0.05484466627240181
49033,-0.7856252789497375,-0.19810433685779572,0.018831852823495865,17.061023712158203,0.004321289248764515
49070,-0.8777852058410645,-0.20045922696590424,0.019202997907996178,17.240785598754883,0.0017150879139080644
49105,-1.6962388753890991,-0.2014365941286087,0.015436864458024502,19.356826782226562,0.00051116943359375
49113,1.037211298942566,-0.02949097752571106,0.02902226150035858,12.968276977539062,0.22126160562038422
49118,-0.4191434383392334,-0.16954873502254486,0.020056147128343582,15.644038200378418,0.05504455789923668
49120,0.27728816866874695,-0.18370090425014496,0.023545976728200912,13.676695823669434,0.01576843298971653
49155,0.2133292257785797,-0.1908588856458664,0.025588197633624077,14.843894004821777,0.04002075269818306
49185,0.6965829730033875,-0.14642798900604248,0.02864978276193142,13.28946590423584,0.10814209282398224
49188,-0.05810932070016861,-0.18873189389705658,0.02115907147526741,13.776228904724121,0.02749023400247097
49215,-0.0758218988776207,-0.08755849301815033,0.02096339873969555,14.397908210754395,0.14542542397975922
49242,0.33506128191947937,-0.16525813937187195,0.02294977195560932,13.036704063415527,0.07445373386144638
49254,0.7197690010070801,0.08791901916265488,0.02855130098760128,13.60326862335205,0.32643699645996094
49271,-0.06812474876642227,-0.1859668791294098,0.023773200809955597,15.581941604614258,0.01821289025247097
49288,1.11214017868042,0.06461204588413239,0.027589187026023865,11.3770112991333,0.7216216921806335
49294,0.6797592043876648,-0.0568615086376667,0.024511344730854034,11.68529224395752,0.31193849444389343
49301,0.2943602502346039,-0.15622690320014954,0.024755893275141716,14.07049560546875,0.08051147311925888
49304,-3.101431131362915,-0.20184235274791718,0.010964480228722095,24.483150482177734,0.0
49315,0.9767331480979919,-0.0913083478808403,0.02811126410961151,12.4618558883667,0.11141663044691086
49316,-0.09511370956897736,-0.09975177049636841,0.016592836007475853,12.178356170654297,0.1596633940935135
49333,-3.615070104598999,-0.20184235274791718,0.009571450762450695,26.240314483642578,0.0
49399,0.951673150062561,0.574735701084137,0.028429299592971802,12.707744598388672,1.8088279962539673
49431,0.7720779776573181,0.7250193953514099,0.02262137457728386,10.60509967803955,1.834040880203247
49437,-1.3167895078659058,-0.2012951672077179,0.019275015220046043,19.411996841430664,0.0010742187732830644
49452,1.5913432836532593,0.14516578614711761,0.0333123616874218,12.100536346435547,0.6152984499931335
49455,-1.0984519720077515,-0.09134703874588013,0.013574440963566303,15.76873779296875,0.12762604653835297
49472,1.551438331604004,0.43869590759277344,0.030198676511645317,10.869998931884766,1.042292833328247
49474,-0.3795488476753235,-0.18461845815181732,0.02328318916261196,16.247343063354492,0.04564514383673668
49482,-0.23435412347316742,-0.20062680542469025,0.021064164116978645,15.106398582458496,0.0021606446243822575
49522,0.4553469717502594,0.02563604526221752,0.025887256488204002,14.055551528930664,0.36273500323295593
49541,0.7359744906425476,-0.09916432946920395,0.025647109374403954,12.795127868652344,0.10777588188648224
49548,0.8269811868667603,0.44165322184562683,0.025072438642382622,11.538851737976074,0.8111511468887329
49565,1.3560870885849,0.12892156839370728,0.028146086260676384,11.547757148742676,0.35945436358451843
49577,0.6148365139961243,0.05353320389986038,0.027189938351511955,13.414946556091309,0.279794305562973
49612,1.6716152429580688,1.7849994897842407,0.03238435462117195,10.689116477966309,3.120281219482422
49638,1.4224947690963745,-0.16242265701293945,0.03173723444342613,11.752071380615234,0.053955078125
49647,0.16415643692016602,0.05956099554896355,0.022472064942121506,13.877287864685059,0.2640030086040497
49661,1.4856452941894531,0.13710375130176544,0.03227759897708893,11.221817016601562,0.46008607745170593
49680,0.9731864333152771,-0.18854452669620514,0.029823219403624535,13.323562622070312,0.01939086988568306
49682,-1.3366272449493408,-0.20154452323913574,0.017313014715909958,18.80367660522461,0.0005401611560955644
49703,1.1422468423843384,-0.06947904825210571,0.03191610053181648,13.535861015319824,0.272775262594223
49709,0.6075549125671387,-0.16407077014446259,0.02728240005671978,13.821525573730469,0.04289093241095543
49714,-0.23695991933345795,-0.1905893236398697,0.02274239994585514,15.71832275390625,0.01842651329934597
49720,-0.024509361013770103,-0.15343402326107025,0.02175639383494854,14.137991905212402,0.061710357666015625
49722,-1.0828678607940674,-0.19784872233867645,0.018933728337287903,18.08823585510254,0.010876464657485485
49729,2.0207927227020264,0.37571024894714355,0.03361673280596733,9.50528621673584,1.1443618535995483
49753,-2.0632736682891846,-0.20142090320587158,0.013664066791534424,20.465341567993164,0.0004516601620707661
49797,0.5557329654693604,-0.07048510760068893,0.02692599408328533,14.187148094177246,0.27660295367240906
49810,-1.7385672330856323,-0.20174573361873627,0.014859422110021114,19.267314910888672,0.00015869141498114914
49848,2.403179883956909,0.1351451575756073,0.03849982097744942,10.711443901062012,0.5782455801963806
49866,0.008492219261825085,-0.15975205600261688,0.023720478639006615,15.453930854797363,0.07293701171875
49884,0.11290442198514938,-0.18273736536502838,0.025615090504288673,15.260127067565918,0.0211029052734375
49920,-0.15033076703548431,-0.1367659717798233,0.020745044574141502,14.25621509552002,0.09932327270507812
49938,1.0591074228286743,-0.13034160435199738,0.02867775224149227,12.059286117553711,0.08867492526769638
49964,-0.35890573263168335,-0.19466820359230042,0.022098427638411522,16.0294132232666,0.01756591908633709
49980,-0.16165435314178467,-0.16020090878009796,0.023372003808617592,15.120973587036133,0.04439392313361168
49988,0.6714494824409485,0.1143566146492958,0.02942085638642311,14.031285285949707,0.328988641500473
